DATA_Y,CITY,COUNTY,variable,category,n,share
2021,中部地區,中部地區,AGE_GROUP,20-29歲,35,0.046052631578947366
2021,中部地區,中部地區,AGE_GROUP,30-39歲,154,0.2026315789473684
2021,中部地區,中部地區,AGE_GROUP,40-49歲,179,0.2355263157894737
2021,中部地區,中部地區,AGE_GROUP,50-59歲,192,0.25263157894736843
2021,中部地區,中部地區,AGE_GROUP,60歲以上,200,0.2631578947368421
2021,中部地區,中部地區,AGE_MEASURE_TYPE,age_group,760,1
2021,中部地區,中部地區,EDU,不識字/自修,6,0.007894736842105263
2021,中部地區,中部地區,EDU,國(初)中,184,0.24210526315789474
2021,中部地區,中部地區,EDU,國小,132,0.1736842105263158
2021,中部地區,中部地區,EDU,專科以上,145,0.19078947368421054
2021,中部地區,中部地區,EDU,高中職,293,0.38552631578947366
2021,中部地區,中部地區,EXP_ALCOHOL_EXPENDITURE,"1,000-1,999 元",94,0.12368421052631579
2021,中部地區,中部地區,EXP_ALCOHOL_EXPENDITURE,"10,000-14,999 元",8,0.010526315789473684
2021,中部地區,中部地區,EXP_ALCOHOL_EXPENDITURE,"15,000-19,999 元",4,0.005263157894736842
2021,中部地區,中部地區,EXP_ALCOHOL_EXPENDITURE,"2,000-2,999 元",83,0.10921052631578948
2021,中部地區,中部地區,EXP_ALCOHOL_EXPENDITURE,"20,000-29,999 元",1,0.0013157894736842105
2021,中部地區,中部地區,EXP_ALCOHOL_EXPENDITURE,"3,000-3,999 元",101,0.13289473684210526
2021,中部地區,中部地區,EXP_ALCOHOL_EXPENDITURE,"4,000-4,999 元",41,0.05394736842105263
2021,中部地區,中部地區,EXP_ALCOHOL_EXPENDITURE,499 元及以下,62,0.08157894736842106
2021,中部地區,中部地區,EXP_ALCOHOL_EXPENDITURE,"5,000-6,999 元",29,0.038157894736842106
2021,中部地區,中部地區,EXP_ALCOHOL_EXPENDITURE,500-999 元,80,0.10526315789473684
2021,中部地區,中部地區,EXP_ALCOHOL_EXPENDITURE,"7,000-9,999 元",32,0.042105263157894736
2021,中部地區,中部地區,EXP_ALCOHOL_EXPENDITURE,沒有這項支出,225,0.29605263157894735
2021,中部地區,中部地區,EXP_BOOKS_EXPENDITURE,"1,000-1,999 元",39,0.05131578947368421
2021,中部地區,中部地區,EXP_BOOKS_EXPENDITURE,"2,000-2,999 元",8,0.010526315789473684
2021,中部地區,中部地區,EXP_BOOKS_EXPENDITURE,"3,000-3,999 元",3,0.003947368421052632
2021,中部地區,中部地區,EXP_BOOKS_EXPENDITURE,"4,000-4,999 元",2,0.002631578947368421
2021,中部地區,中部地區,EXP_BOOKS_EXPENDITURE,"7,000-9,999 元",2,0.002631578947368421
2021,中部地區,中部地區,EXP_BOOKS_EXPENDITURE,999 元及以下,206,0.2710526315789474
2021,中部地區,中部地區,EXP_BOOKS_EXPENDITURE,沒有這項支出,500,0.6578947368421053
2021,中部地區,中部地區,EXP_CARE_EXPENDITURE,"1,000-1,999 元",1,0.0013157894736842105
2021,中部地區,中部地區,EXP_CARE_EXPENDITURE,"10,000-14,999 元",7,0.009210526315789473
2021,中部地區,中部地區,EXP_CARE_EXPENDITURE,"15,000-19,999 元",2,0.002631578947368421
2021,中部地區,中部地區,EXP_CARE_EXPENDITURE,"2,000-2,999 元",1,0.0013157894736842105
2021,中部地區,中部地區,EXP_CARE_EXPENDITURE,"20,000-29,999 元",7,0.009210526315789473
2021,中部地區,中部地區,EXP_CARE_EXPENDITURE,"3,000-3,999 元",1,0.0013157894736842105
2021,中部地區,中部地區,EXP_CARE_EXPENDITURE,"30,000 元及以上，請記錄________元",3,0.003947368421052632
2021,中部地區,中部地區,EXP_CARE_EXPENDITURE,"4,000-4,999 元",2,0.002631578947368421
2021,中部地區,中部地區,EXP_CARE_EXPENDITURE,"5,000-6,999 元",1,0.0013157894736842105
2021,中部地區,中部地區,EXP_CARE_EXPENDITURE,"7,000-9,999 元",1,0.0013157894736842105
2021,中部地區,中部地區,EXP_CARE_EXPENDITURE,999 元及以下,5,0.006578947368421052
2021,中部地區,中部地區,EXP_CARE_EXPENDITURE,沒有這項支出,729,0.9592105263157895
2021,中部地區,中部地區,EXP_CLEANING_EXPENDITURE,"1,000-1,999 元",3,0.003947368421052632
2021,中部地區,中部地區,EXP_CLEANING_EXPENDITURE,"20,000-29,999 元",4,0.005263157894736842
2021,中部地區,中部地區,EXP_CLEANING_EXPENDITURE,沒有這項支出,753,0.9907894736842106
2021,中部地區,中部地區,EXP_CLOTHING_EXPENDITURE,"1,000-1,999 元",193,0.25394736842105264
2021,中部地區,中部地區,EXP_CLOTHING_EXPENDITURE,"10,000-14,999 元",12,0.015789473684210527
2021,中部地區,中部地區,EXP_CLOTHING_EXPENDITURE,"15,000-19,999 元",3,0.003947368421052632
2021,中部地區,中部地區,EXP_CLOTHING_EXPENDITURE,"2,000-2,999 元",93,0.12236842105263158
2021,中部地區,中部地區,EXP_CLOTHING_EXPENDITURE,"20,000-29,999 元",2,0.002631578947368421
2021,中部地區,中部地區,EXP_CLOTHING_EXPENDITURE,"3,000-3,999 元",51,0.06710526315789474
2021,中部地區,中部地區,EXP_CLOTHING_EXPENDITURE,"30,000 元及以上，請記錄________元",4,0.005263157894736842
2021,中部地區,中部地區,EXP_CLOTHING_EXPENDITURE,"4,000-4,999 元",28,0.03684210526315789
2021,中部地區,中部地區,EXP_CLOTHING_EXPENDITURE,"5,000-6,999 元",16,0.021052631578947368
2021,中部地區,中部地區,EXP_CLOTHING_EXPENDITURE,"7,000-9,999 元",12,0.015789473684210527
2021,中部地區,中部地區,EXP_CLOTHING_EXPENDITURE,999 元及以下,284,0.3736842105263158
2021,中部地區,中部地區,EXP_CLOTHING_EXPENDITURE,沒有這項支出,62,0.08157894736842106
2021,中部地區,中部地區,EXP_DINING_LODGING_EXPENDITURE,"1,000-1,999 元",67,0.0881578947368421
2021,中部地區,中部地區,EXP_DINING_LODGING_EXPENDITURE,"10,000-14,999 元",44,0.05789473684210526
2021,中部地區,中部地區,EXP_DINING_LODGING_EXPENDITURE,"15,000-19,999 元",15,0.019736842105263157
2021,中部地區,中部地區,EXP_DINING_LODGING_EXPENDITURE,"2,000-2,999 元",83,0.10921052631578948
2021,中部地區,中部地區,EXP_DINING_LODGING_EXPENDITURE,"20,000-29,999 元",15,0.019736842105263157
2021,中部地區,中部地區,EXP_DINING_LODGING_EXPENDITURE,"3,000-3,999 元",32,0.042105263157894736
2021,中部地區,中部地區,EXP_DINING_LODGING_EXPENDITURE,"30,000 元及以上，請記錄________元",7,0.009210526315789473
2021,中部地區,中部地區,EXP_DINING_LODGING_EXPENDITURE,"4,000-4,999 元",40,0.05263157894736842
2021,中部地區,中部地區,EXP_DINING_LODGING_EXPENDITURE,"5,000-6,999 元",63,0.08289473684210526
2021,中部地區,中部地區,EXP_DINING_LODGING_EXPENDITURE,"7,000-9,999 元",41,0.05394736842105263
2021,中部地區,中部地區,EXP_DINING_LODGING_EXPENDITURE,999 元及以下,67,0.0881578947368421
2021,中部地區,中部地區,EXP_DINING_LODGING_EXPENDITURE,沒有這項支出,286,0.3763157894736842
2021,中部地區,中部地區,EXP_EDU_TUITION_EXPENDITURE,"1,000-1,999 元",59,0.07763157894736843
2021,中部地區,中部地區,EXP_EDU_TUITION_EXPENDITURE,"10,000-14,999 元",26,0.034210526315789476
2021,中部地區,中部地區,EXP_EDU_TUITION_EXPENDITURE,"15,000-19,999 元",5,0.006578947368421052
2021,中部地區,中部地區,EXP_EDU_TUITION_EXPENDITURE,"2,000-2,999 元",43,0.056578947368421055
2021,中部地區,中部地區,EXP_EDU_TUITION_EXPENDITURE,"20,000-29,999 元",7,0.009210526315789473
2021,中部地區,中部地區,EXP_EDU_TUITION_EXPENDITURE,"3,000-3,999 元",27,0.035526315789473684
2021,中部地區,中部地區,EXP_EDU_TUITION_EXPENDITURE,"30,000 元及以上，請記錄________元",4,0.005263157894736842
2021,中部地區,中部地區,EXP_EDU_TUITION_EXPENDITURE,"4,000-4,999 元",23,0.030263157894736843
2021,中部地區,中部地區,EXP_EDU_TUITION_EXPENDITURE,"5,000-6,999 元",27,0.035526315789473684
2021,中部地區,中部地區,EXP_EDU_TUITION_EXPENDITURE,"7,000-9,999 元",23,0.030263157894736843
2021,中部地區,中部地區,EXP_EDU_TUITION_EXPENDITURE,999 元及以下,82,0.10789473684210527
2021,中部地區,中部地區,EXP_EDU_TUITION_EXPENDITURE,沒有這項支出,434,0.5710526315789474
2021,中部地區,中部地區,EXP_FOOD_EXPENDITURE,"10,000-11,999 元",137,0.18026315789473685
2021,中部地區,中部地區,EXP_FOOD_EXPENDITURE,"12,000-14,999 元",87,0.11447368421052631
2021,中部地區,中部地區,EXP_FOOD_EXPENDITURE,"15,000-19,999 元",79,0.10394736842105264
2021,中部地區,中部地區,EXP_FOOD_EXPENDITURE,"2,999 元及以下",58,0.07631578947368421
2021,中部地區,中部地區,EXP_FOOD_EXPENDITURE,"20,000-29,999 元",87,0.11447368421052631
2021,中部地區,中部地區,EXP_FOOD_EXPENDITURE,"3,000-4,999 元",84,0.11052631578947368
2021,中部地區,中部地區,EXP_FOOD_EXPENDITURE,"30,000-39,999 元",28,0.03684210526315789
2021,中部地區,中部地區,EXP_FOOD_EXPENDITURE,"40,000-49,999 元",3,0.003947368421052632
2021,中部地區,中部地區,EXP_FOOD_EXPENDITURE,"5,000-6,999 元",84,0.11052631578947368
2021,中部地區,中部地區,EXP_FOOD_EXPENDITURE,"50,000-59,999 元",2,0.002631578947368421
2021,中部地區,中部地區,EXP_FOOD_EXPENDITURE,"7,000-9,999 元",111,0.14605263157894738
2021,中部地區,中部地區,EXP_FURNITURE_EXPENDITURE,"1,000-1,999 元",117,0.15394736842105264
2021,中部地區,中部地區,EXP_FURNITURE_EXPENDITURE,"10,000-14,999 元",4,0.005263157894736842
2021,中部地區,中部地區,EXP_FURNITURE_EXPENDITURE,"15,000-19,999 元",6,0.007894736842105263
2021,中部地區,中部地區,EXP_FURNITURE_EXPENDITURE,"2,000-2,999 元",66,0.0868421052631579
2021,中部地區,中部地區,EXP_FURNITURE_EXPENDITURE,"20,000-29,999 元",14,0.018421052631578946
2021,中部地區,中部地區,EXP_FURNITURE_EXPENDITURE,"3,000-3,999 元",23,0.030263157894736843
2021,中部地區,中部地區,EXP_FURNITURE_EXPENDITURE,"30,000 元及以上，請記錄________元",9,0.011842105263157895
2021,中部地區,中部地區,EXP_FURNITURE_EXPENDITURE,"4,000-4,999 元",11,0.014473684210526316
2021,中部地區,中部地區,EXP_FURNITURE_EXPENDITURE,"5,000-6,999 元",11,0.014473684210526316
2021,中部地區,中部地區,EXP_FURNITURE_EXPENDITURE,"7,000-9,999 元",9,0.011842105263157895
2021,中部地區,中部地區,EXP_FURNITURE_EXPENDITURE,999 元及以下,200,0.2631578947368421
2021,中部地區,中部地區,EXP_FURNITURE_EXPENDITURE,沒有這項支出,290,0.3815789473684211
2021,中部地區,中部地區,EXP_HOUSING_UTIL_EXPENDITURE,"1,000-1,499 元",100,0.13157894736842105
2021,中部地區,中部地區,EXP_HOUSING_UTIL_EXPENDITURE,"1,500-1,999 元",108,0.14210526315789473
2021,中部地區,中部地區,EXP_HOUSING_UTIL_EXPENDITURE,"10,000-14,999 元",68,0.08947368421052632
2021,中部地區,中部地區,EXP_HOUSING_UTIL_EXPENDITURE,"15,000-19,999 元",33,0.04342105263157895
2021,中部地區,中部地區,EXP_HOUSING_UTIL_EXPENDITURE,"2,000-2,499 元",91,0.11973684210526316
2021,中部地區,中部地區,EXP_HOUSING_UTIL_EXPENDITURE,"2,500-2,999 元",97,0.12763157894736843
2021,中部地區,中部地區,EXP_HOUSING_UTIL_EXPENDITURE,"20,000-29,999 元",16,0.021052631578947368
2021,中部地區,中部地區,EXP_HOUSING_UTIL_EXPENDITURE,"3,000-4,999 元",106,0.1394736842105263
2021,中部地區,中部地區,EXP_HOUSING_UTIL_EXPENDITURE,"30,000-39,999 元",2,0.002631578947368421
2021,中部地區,中部地區,EXP_HOUSING_UTIL_EXPENDITURE,"5,000-9,999 元",88,0.11578947368421053
2021,中部地區,中部地區,EXP_HOUSING_UTIL_EXPENDITURE,"60,000-69,999 元",2,0.002631578947368421
2021,中部地區,中部地區,EXP_HOUSING_UTIL_EXPENDITURE,999 元及以下,49,0.06447368421052632
2021,中部地區,中部地區,EXP_LOAN_INTEREST_EXPENDITURE,"1,000-1,999 元",28,0.03684210526315789
2021,中部地區,中部地區,EXP_LOAN_INTEREST_EXPENDITURE,"10,000-14,999 元",26,0.034210526315789476
2021,中部地區,中部地區,EXP_LOAN_INTEREST_EXPENDITURE,"15,000-19,999 元",13,0.017105263157894738
2021,中部地區,中部地區,EXP_LOAN_INTEREST_EXPENDITURE,"2,000-2,999 元",19,0.025
2021,中部地區,中部地區,EXP_LOAN_INTEREST_EXPENDITURE,"20,000-29,999 元",15,0.019736842105263157
2021,中部地區,中部地區,EXP_LOAN_INTEREST_EXPENDITURE,"3,000-3,999 元",20,0.02631578947368421
2021,中部地區,中部地區,EXP_LOAN_INTEREST_EXPENDITURE,"30,000 元及以上，請記錄________元",10,0.013157894736842105
2021,中部地區,中部地區,EXP_LOAN_INTEREST_EXPENDITURE,"4,000-4,999 元",10,0.013157894736842105
2021,中部地區,中部地區,EXP_LOAN_INTEREST_EXPENDITURE,"5,000-6,999 元",14,0.018421052631578946
2021,中部地區,中部地區,EXP_LOAN_INTEREST_EXPENDITURE,"7,000-9,999 元",11,0.014473684210526316
2021,中部地區,中部地區,EXP_LOAN_INTEREST_EXPENDITURE,999 元及以下,23,0.030263157894736843
2021,中部地區,中部地區,EXP_LOAN_INTEREST_EXPENDITURE,沒有這項支出,571,0.7513157894736842
2021,中部地區,中部地區,EXP_MEDICAL_EXPENDITURE,"1,000-1,999 元",120,0.15789473684210525
2021,中部地區,中部地區,EXP_MEDICAL_EXPENDITURE,"10,000-14,999 元",19,0.025
2021,中部地區,中部地區,EXP_MEDICAL_EXPENDITURE,"15,000-19,999 元",10,0.013157894736842105
2021,中部地區,中部地區,EXP_MEDICAL_EXPENDITURE,"2,000-2,999 元",67,0.0881578947368421
2021,中部地區,中部地區,EXP_MEDICAL_EXPENDITURE,"20,000-29,999 元",9,0.011842105263157895
2021,中部地區,中部地區,EXP_MEDICAL_EXPENDITURE,"3,000-3,999 元",48,0.06315789473684211
2021,中部地區,中部地區,EXP_MEDICAL_EXPENDITURE,"30,000 元及以上，請記錄________元",6,0.007894736842105263
2021,中部地區,中部地區,EXP_MEDICAL_EXPENDITURE,"4,000-4,999 元",23,0.030263157894736843
2021,中部地區,中部地區,EXP_MEDICAL_EXPENDITURE,499 元及以下,192,0.25263157894736843
2021,中部地區,中部地區,EXP_MEDICAL_EXPENDITURE,"5,000-6,999 元",28,0.03684210526315789
2021,中部地區,中部地區,EXP_MEDICAL_EXPENDITURE,500-999 元,202,0.2657894736842105
2021,中部地區,中部地區,EXP_MEDICAL_EXPENDITURE,"7,000-9,999 元",22,0.02894736842105263
2021,中部地區,中部地區,EXP_MEDICAL_EXPENDITURE,沒有這項支出,14,0.018421052631578946
2021,中部地區,中部地區,EXP_OTHER_EXPENDITURE,"1,000-1,999 元",84,0.11052631578947368
2021,中部地區,中部地區,EXP_OTHER_EXPENDITURE,"10,000-14,999 元",2,0.002631578947368421
2021,中部地區,中部地區,EXP_OTHER_EXPENDITURE,"2,000-2,999 元",55,0.07236842105263158
2021,中部地區,中部地區,EXP_OTHER_EXPENDITURE,"20,000-29,999 元",1,0.0013157894736842105
2021,中部地區,中部地區,EXP_OTHER_EXPENDITURE,"3,000-3,999 元",27,0.035526315789473684
2021,中部地區,中部地區,EXP_OTHER_EXPENDITURE,"4,000-4,999 元",31,0.04078947368421053
2021,中部地區,中部地區,EXP_OTHER_EXPENDITURE,"5,000-6,999 元",12,0.015789473684210527
2021,中部地區,中部地區,EXP_OTHER_EXPENDITURE,"7,000-9,999 元",4,0.005263157894736842
2021,中部地區,中部地區,EXP_OTHER_EXPENDITURE,999 元及以下,56,0.07368421052631578
2021,中部地區,中部地區,EXP_OTHER_EXPENDITURE,沒有這項支出,488,0.6421052631578947
2021,中部地區,中部地區,EXP_TAX_INS_GIFT_EXPENDITURE,"1,000-1,499 元",89,0.11710526315789474
2021,中部地區,中部地區,EXP_TAX_INS_GIFT_EXPENDITURE,"1,500-1,999 元",81,0.10657894736842105
2021,中部地區,中部地區,EXP_TAX_INS_GIFT_EXPENDITURE,"10,000-14,999 元",26,0.034210526315789476
2021,中部地區,中部地區,EXP_TAX_INS_GIFT_EXPENDITURE,"15,000-19,999 元",15,0.019736842105263157
2021,中部地區,中部地區,EXP_TAX_INS_GIFT_EXPENDITURE,"2,000-2,499 元",60,0.07894736842105263
2021,中部地區,中部地區,EXP_TAX_INS_GIFT_EXPENDITURE,"2,500-2,999 元",108,0.14210526315789473
2021,中部地區,中部地區,EXP_TAX_INS_GIFT_EXPENDITURE,"20,000-29,999 元",7,0.009210526315789473
2021,中部地區,中部地區,EXP_TAX_INS_GIFT_EXPENDITURE,"3,000-3,999 元",100,0.13157894736842105
2021,中部地區,中部地區,EXP_TAX_INS_GIFT_EXPENDITURE,"30,000 元及以上，請記錄________元",5,0.006578947368421052
2021,中部地區,中部地區,EXP_TAX_INS_GIFT_EXPENDITURE,"4,000-4,999 元",75,0.09868421052631579
2021,中部地區,中部地區,EXP_TAX_INS_GIFT_EXPENDITURE,"5,000-6,999 元",69,0.09078947368421053
2021,中部地區,中部地區,EXP_TAX_INS_GIFT_EXPENDITURE,"7,000-9,999 元",46,0.060526315789473685
2021,中部地區,中部地區,EXP_TAX_INS_GIFT_EXPENDITURE,999 元及以下,56,0.07368421052631578
2021,中部地區,中部地區,EXP_TAX_INS_GIFT_EXPENDITURE,沒有這項支出,23,0.030263157894736843
2021,中部地區,中部地區,EXP_TRANSPORT_COMM_EXPENDITURE,"1,000-1,999 元",86,0.11315789473684211
2021,中部地區,中部地區,EXP_TRANSPORT_COMM_EXPENDITURE,"10,000-14,999 元",63,0.08289473684210526
2021,中部地區,中部地區,EXP_TRANSPORT_COMM_EXPENDITURE,"15,000-19,999 元",21,0.02763157894736842
2021,中部地區,中部地區,EXP_TRANSPORT_COMM_EXPENDITURE,"2,000-2,999 元",98,0.12894736842105264
2021,中部地區,中部地區,EXP_TRANSPORT_COMM_EXPENDITURE,"20,000-29,999 元",15,0.019736842105263157
2021,中部地區,中部地區,EXP_TRANSPORT_COMM_EXPENDITURE,"3,000-3,999 元",89,0.11710526315789474
2021,中部地區,中部地區,EXP_TRANSPORT_COMM_EXPENDITURE,"30,000 元及以上，請記錄________元",6,0.007894736842105263
2021,中部地區,中部地區,EXP_TRANSPORT_COMM_EXPENDITURE,"4,000-4,999 元",121,0.15921052631578947
2021,中部地區,中部地區,EXP_TRANSPORT_COMM_EXPENDITURE,"5,000-6,999 元",108,0.14210526315789473
2021,中部地區,中部地區,EXP_TRANSPORT_COMM_EXPENDITURE,"7,000-9,999 元",104,0.1368421052631579
2021,中部地區,中部地區,EXP_TRANSPORT_COMM_EXPENDITURE,999 元及以下,47,0.06184210526315789
2021,中部地區,中部地區,EXP_TRANSPORT_COMM_EXPENDITURE,沒有這項支出,2,0.002631578947368421
2021,中部地區,中部地區,EXP_TRAVEL_EXPENDITURE,"1,000-1,999 元",66,0.0868421052631579
2021,中部地區,中部地區,EXP_TRAVEL_EXPENDITURE,"10,000-14,999 元",4,0.005263157894736842
2021,中部地區,中部地區,EXP_TRAVEL_EXPENDITURE,"2,000-2,999 元",23,0.030263157894736843
2021,中部地區,中部地區,EXP_TRAVEL_EXPENDITURE,"20,000-29,999 元",1,0.0013157894736842105
2021,中部地區,中部地區,EXP_TRAVEL_EXPENDITURE,"3,000-3,999 元",15,0.019736842105263157
2021,中部地區,中部地區,EXP_TRAVEL_EXPENDITURE,"30,000 元及以上，請記錄________元",1,0.0013157894736842105
2021,中部地區,中部地區,EXP_TRAVEL_EXPENDITURE,"4,000-4,999 元",12,0.015789473684210527
2021,中部地區,中部地區,EXP_TRAVEL_EXPENDITURE,"5,000-6,999 元",2,0.002631578947368421
2021,中部地區,中部地區,EXP_TRAVEL_EXPENDITURE,"7,000-9,999 元",1,0.0013157894736842105
2021,中部地區,中部地區,EXP_TRAVEL_EXPENDITURE,999 元及以下,62,0.08157894736842106
2021,中部地區,中部地區,EXP_TRAVEL_EXPENDITURE,沒有這項支出,573,0.7539473684210526
2021,中部地區,中部地區,HOUSE_BELONG,借用,11,0.014473684210526316
2021,中部地區,中部地區,HOUSE_BELONG,租賃,186,0.24473684210526317
2021,中部地區,中部地區,HOUSE_BELONG,自有/家人所有/自建,558,0.7342105263157894
2021,中部地區,中部地區,HOUSE_BELONG,配住,5,0.006578947368421052
2021,中部地區,中部地區,INC_FAM_GOV_INCOME,"1,000-1,999 元",19,0.025
2021,中部地區,中部地區,INC_FAM_GOV_INCOME,"10,000-14,999 元",49,0.06447368421052632
2021,中部地區,中部地區,INC_FAM_GOV_INCOME,"15,000-19,999 元",12,0.015789473684210527
2021,中部地區,中部地區,INC_FAM_GOV_INCOME,"2,000-2,999 元",17,0.02236842105263158
2021,中部地區,中部地區,INC_FAM_GOV_INCOME,"20,000-29,999 元",5,0.006578947368421052
2021,中部地區,中部地區,INC_FAM_GOV_INCOME,"3,000-3,999 元",78,0.10263157894736842
2021,中部地區,中部地區,INC_FAM_GOV_INCOME,"30,000 元及以上，請記錄________元",1,0.0013157894736842105
2021,中部地區,中部地區,INC_FAM_GOV_INCOME,"4,000-4,999 元",35,0.046052631578947366
2021,中部地區,中部地區,INC_FAM_GOV_INCOME,"5,000-5,999 元",35,0.046052631578947366
2021,中部地區,中部地區,INC_FAM_GOV_INCOME,"6,000-7,999 元",78,0.10263157894736842
2021,中部地區,中部地區,INC_FAM_GOV_INCOME,"8,000-9,999 元",20,0.02631578947368421
2021,中部地區,中部地區,INC_FAM_GOV_INCOME,999 元及以下,11,0.014473684210526316
2021,中部地區,中部地區,INC_FAM_GOV_INCOME,沒有這項收入,400,0.5263157894736842
2021,中部地區,中部地區,INC_FAM_INTEREST_INCOME,"1,000-1,999 元",24,0.031578947368421054
2021,中部地區,中部地區,INC_FAM_INTEREST_INCOME,"10,000-14,999 元",11,0.014473684210526316
2021,中部地區,中部地區,INC_FAM_INTEREST_INCOME,"15,000-19,999 元",1,0.0013157894736842105
2021,中部地區,中部地區,INC_FAM_INTEREST_INCOME,"2,000-2,999 元",8,0.010526315789473684
2021,中部地區,中部地區,INC_FAM_INTEREST_INCOME,"20,000-29,999 元",1,0.0013157894736842105
2021,中部地區,中部地區,INC_FAM_INTEREST_INCOME,"3,000-3,999 元",3,0.003947368421052632
2021,中部地區,中部地區,INC_FAM_INTEREST_INCOME,"30,000 元及以上，請記錄________元",2,0.002631578947368421
2021,中部地區,中部地區,INC_FAM_INTEREST_INCOME,"4,000-4,999 元",12,0.015789473684210527
2021,中部地區,中部地區,INC_FAM_INTEREST_INCOME,"5,000-5,999 元",8,0.010526315789473684
2021,中部地區,中部地區,INC_FAM_INTEREST_INCOME,"8,000-9,999 元",3,0.003947368421052632
2021,中部地區,中部地區,INC_FAM_INTEREST_INCOME,999 元及以下,214,0.28157894736842104
2021,中部地區,中部地區,INC_FAM_INTEREST_INCOME,沒有這項收入,473,0.6223684210526316
2021,中部地區,中部地區,INC_FAM_OTHER_INCOME,"10,000-14,999 元",5,0.006578947368421052
2021,中部地區,中部地區,INC_FAM_OTHER_INCOME,"15,000-19,999 元",1,0.0013157894736842105
2021,中部地區,中部地區,INC_FAM_OTHER_INCOME,"4,999 元及以下",17,0.02236842105263158
2021,中部地區,中部地區,INC_FAM_OTHER_INCOME,"5,000-9,999 元",4,0.005263157894736842
2021,中部地區,中部地區,INC_FAM_OTHER_INCOME,"50,000-59,999 元",7,0.009210526315789473
2021,中部地區,中部地區,INC_FAM_OTHER_INCOME,"70,000-79,999 元",1,0.0013157894736842105
2021,中部地區,中部地區,INC_FAM_OTHER_INCOME,沒有這項收入,725,0.9539473684210527
2021,中部地區,中部地區,INC_FAM_RENT_INCOME,"10,000-14,999 元",4,0.005263157894736842
2021,中部地區,中部地區,INC_FAM_RENT_INCOME,"15,000-19,999 元",1,0.0013157894736842105
2021,中部地區,中部地區,INC_FAM_RENT_INCOME,"30,000-39,999 元",2,0.002631578947368421
2021,中部地區,中部地區,INC_FAM_RENT_INCOME,"4,999 元及以下",7,0.009210526315789473
2021,中部地區,中部地區,INC_FAM_RENT_INCOME,"5,000-9,999 元",2,0.002631578947368421
2021,中部地區,中部地區,INC_FAM_RENT_INCOME,"50,000-59,999 元",4,0.005263157894736842
2021,中部地區,中部地區,INC_FAM_RENT_INCOME,"80,000 元及以上，請記錄_________________元",1,0.0013157894736842105
2021,中部地區,中部地區,INC_FAM_RENT_INCOME,沒有這項收入,739,0.9723684210526315
2021,中部地區,中部地區,INC_FAM_TRANSFER_INCOME,"1,000-1,999 元",21,0.02763157894736842
2021,中部地區,中部地區,INC_FAM_TRANSFER_INCOME,"10,000-14,999 元",2,0.002631578947368421
2021,中部地區,中部地區,INC_FAM_TRANSFER_INCOME,"15,000-19,999 元",1,0.0013157894736842105
2021,中部地區,中部地區,INC_FAM_TRANSFER_INCOME,"2,000-2,999 元",12,0.015789473684210527
2021,中部地區,中部地區,INC_FAM_TRANSFER_INCOME,"20,000-29,999 元",1,0.0013157894736842105
2021,中部地區,中部地區,INC_FAM_TRANSFER_INCOME,"3,000-3,999 元",2,0.002631578947368421
2021,中部地區,中部地區,INC_FAM_TRANSFER_INCOME,"4,000-4,999 元",1,0.0013157894736842105
2021,中部地區,中部地區,INC_FAM_TRANSFER_INCOME,"5,000-5,999 元",1,0.0013157894736842105
2021,中部地區,中部地區,INC_FAM_TRANSFER_INCOME,"6,000-7,999 元",2,0.002631578947368421
2021,中部地區,中部地區,INC_FAM_TRANSFER_INCOME,"8,000-9,999 元",2,0.002631578947368421
2021,中部地區,中部地區,INC_FAM_TRANSFER_INCOME,999 元及以下,47,0.06184210526315789
2021,中部地區,中部地區,INC_FAM_TRANSFER_INCOME,沒有這項收入,668,0.8789473684210526
2021,中部地區,中部地區,INC_FAM_WORK_INCOME,"10,000-19,999 元",44,0.05789473684210526
2021,中部地區,中部地區,INC_FAM_WORK_INCOME,"100,000-129,999元",35,0.046052631578947366
2021,中部地區,中部地區,INC_FAM_WORK_INCOME,"130,000-159,999元",40,0.05263157894736842
2021,中部地區,中部地區,INC_FAM_WORK_INCOME,"160,000 元及以上，請記錄____________元",19,0.025
2021,中部地區,中部地區,INC_FAM_WORK_INCOME,"20,000-29,999 元",75,0.09868421052631579
2021,中部地區,中部地區,INC_FAM_WORK_INCOME,"30,000-39,999 元",81,0.10657894736842105
2021,中部地區,中部地區,INC_FAM_WORK_INCOME,"40,000-49,999 元",93,0.12236842105263158
2021,中部地區,中部地區,INC_FAM_WORK_INCOME,"50,000-59,999 元",101,0.13289473684210526
2021,中部地區,中部地區,INC_FAM_WORK_INCOME,"60,000-69,999 元",60,0.07894736842105263
2021,中部地區,中部地區,INC_FAM_WORK_INCOME,"70,000-79,999 元",71,0.09342105263157895
2021,中部地區,中部地區,INC_FAM_WORK_INCOME,"80,000-89,999 元",51,0.06710526315789474
2021,中部地區,中部地區,INC_FAM_WORK_INCOME,"9,999 元及以下",15,0.019736842105263157
2021,中部地區,中部地區,INC_FAM_WORK_INCOME,"90,000-99,999 元",48,0.06315789473684211
2021,中部地區,中部地區,INC_FAM_WORK_INCOME,沒有這項收入,27,0.035526315789473684
2021,中部地區,中部地區,INC_PERS_GOV_INCOME,"1,000-1,999 元",9,0.011842105263157895
2021,中部地區,中部地區,INC_PERS_GOV_INCOME,"10,000-14,999 元",15,0.019736842105263157
2021,中部地區,中部地區,INC_PERS_GOV_INCOME,"15,000-19,999 元",2,0.002631578947368421
2021,中部地區,中部地區,INC_PERS_GOV_INCOME,"2,000-2,999 元",3,0.003947368421052632
2021,中部地區,中部地區,INC_PERS_GOV_INCOME,"20,000-29,999 元",1,0.0013157894736842105
2021,中部地區,中部地區,INC_PERS_GOV_INCOME,"3,000-3,999 元",56,0.07368421052631578
2021,中部地區,中部地區,INC_PERS_GOV_INCOME,"30,000 元及以上，請記錄________元",1,0.0013157894736842105
2021,中部地區,中部地區,INC_PERS_GOV_INCOME,"4,000-4,999 元",23,0.030263157894736843
2021,中部地區,中部地區,INC_PERS_GOV_INCOME,"5,000-5,999 元",13,0.017105263157894738
2021,中部地區,中部地區,INC_PERS_GOV_INCOME,"6,000-7,999 元",45,0.05921052631578947
2021,中部地區,中部地區,INC_PERS_GOV_INCOME,"8,000-9,999 元",7,0.009210526315789473
2021,中部地區,中部地區,INC_PERS_GOV_INCOME,999 元及以下,6,0.007894736842105263
2021,中部地區,中部地區,INC_PERS_GOV_INCOME,沒有這項收入,579,0.7618421052631579
2021,中部地區,中部地區,INC_PERS_INTEREST_INCOME,"1,000-1,999 元",12,0.015789473684210527
2021,中部地區,中部地區,INC_PERS_INTEREST_INCOME,"10,000-14,999 元",5,0.006578947368421052
2021,中部地區,中部地區,INC_PERS_INTEREST_INCOME,"15,000-19,999 元",1,0.0013157894736842105
2021,中部地區,中部地區,INC_PERS_INTEREST_INCOME,"2,000-2,999 元",7,0.009210526315789473
2021,中部地區,中部地區,INC_PERS_INTEREST_INCOME,"20,000-29,999 元",1,0.0013157894736842105
2021,中部地區,中部地區,INC_PERS_INTEREST_INCOME,"3,000-3,999 元",4,0.005263157894736842
2021,中部地區,中部地區,INC_PERS_INTEREST_INCOME,"30,000 元及以上，請記錄________元",1,0.0013157894736842105
2021,中部地區,中部地區,INC_PERS_INTEREST_INCOME,"4,000-4,999 元",6,0.007894736842105263
2021,中部地區,中部地區,INC_PERS_INTEREST_INCOME,"5,000-5,999 元",1,0.0013157894736842105
2021,中部地區,中部地區,INC_PERS_INTEREST_INCOME,"8,000-9,999 元",2,0.002631578947368421
2021,中部地區,中部地區,INC_PERS_INTEREST_INCOME,999 元及以下,183,0.24078947368421053
2021,中部地區,中部地區,INC_PERS_INTEREST_INCOME,沒有這項收入,537,0.7065789473684211
2021,中部地區,中部地區,INC_PERS_OTHER_INCOME,"10,000-14,999 元",3,0.003947368421052632
2021,中部地區,中部地區,INC_PERS_OTHER_INCOME,"4,999 元及以下",11,0.014473684210526316
2021,中部地區,中部地區,INC_PERS_OTHER_INCOME,"5,000-9,999 元",3,0.003947368421052632
2021,中部地區,中部地區,INC_PERS_OTHER_INCOME,"50,000-59,999 元",2,0.002631578947368421
2021,中部地區,中部地區,INC_PERS_OTHER_INCOME,沒有這項收入,741,0.975
2021,中部地區,中部地區,INC_PERS_RENT_INCOME,"10,000-14,999 元",3,0.003947368421052632
2021,中部地區,中部地區,INC_PERS_RENT_INCOME,"30,000-39,999 元",2,0.002631578947368421
2021,中部地區,中部地區,INC_PERS_RENT_INCOME,"4,999 元及以下",4,0.005263157894736842
2021,中部地區,中部地區,INC_PERS_RENT_INCOME,"5,000-9,999 元",2,0.002631578947368421
2021,中部地區,中部地區,INC_PERS_RENT_INCOME,"50,000-59,999 元",3,0.003947368421052632
2021,中部地區,中部地區,INC_PERS_RENT_INCOME,"80,000 元及以上，請記錄_________________元",1,0.0013157894736842105
2021,中部地區,中部地區,INC_PERS_RENT_INCOME,沒有這項收入,745,0.9802631578947368
2021,中部地區,中部地區,INC_PERS_TRANSFER_INCOME,"1,000-1,999 元",6,0.007894736842105263
2021,中部地區,中部地區,INC_PERS_TRANSFER_INCOME,"10,000-14,999 元",2,0.002631578947368421
2021,中部地區,中部地區,INC_PERS_TRANSFER_INCOME,"15,000-19,999 元",1,0.0013157894736842105
2021,中部地區,中部地區,INC_PERS_TRANSFER_INCOME,"2,000-2,999 元",5,0.006578947368421052
2021,中部地區,中部地區,INC_PERS_TRANSFER_INCOME,"20,000-29,999 元",1,0.0013157894736842105
2021,中部地區,中部地區,INC_PERS_TRANSFER_INCOME,"3,000-3,999 元",2,0.002631578947368421
2021,中部地區,中部地區,INC_PERS_TRANSFER_INCOME,"6,000-7,999 元",1,0.0013157894736842105
2021,中部地區,中部地區,INC_PERS_TRANSFER_INCOME,"8,000-9,999 元",1,0.0013157894736842105
2021,中部地區,中部地區,INC_PERS_TRANSFER_INCOME,999 元及以下,34,0.04473684210526316
2021,中部地區,中部地區,INC_PERS_TRANSFER_INCOME,沒有這項收入,707,0.9302631578947368
2021,中部地區,中部地區,INC_PERS_WORK_INCOME,"10,000-14,999 元",39,0.05131578947368421
2021,中部地區,中部地區,INC_PERS_WORK_INCOME,"100,000-129,999元",9,0.011842105263157895
2021,中部地區,中部地區,INC_PERS_WORK_INCOME,"130,000-159,999元",3,0.003947368421052632
2021,中部地區,中部地區,INC_PERS_WORK_INCOME,"15,000-19,999 元",49,0.06447368421052632
2021,中部地區,中部地區,INC_PERS_WORK_INCOME,"160,000 元及以上，請記錄____________元",5,0.006578947368421052
2021,中部地區,中部地區,INC_PERS_WORK_INCOME,"20,000-24,999 元",72,0.09473684210526316
2021,中部地區,中部地區,INC_PERS_WORK_INCOME,"25,000-29,999 元",124,0.1631578947368421
2021,中部地區,中部地區,INC_PERS_WORK_INCOME,"30,000-39,999 元",169,0.22236842105263158
2021,中部地區,中部地區,INC_PERS_WORK_INCOME,"40,000-49,999 元",103,0.1355263157894737
2021,中部地區,中部地區,INC_PERS_WORK_INCOME,"50,000-59,999 元",52,0.06842105263157895
2021,中部地區,中部地區,INC_PERS_WORK_INCOME,"60,000-69,999 元",18,0.02368421052631579
2021,中部地區,中部地區,INC_PERS_WORK_INCOME,"70,000-79,999 元",18,0.02368421052631579
2021,中部地區,中部地區,INC_PERS_WORK_INCOME,"80,000-89,999 元",6,0.007894736842105263
2021,中部地區,中部地區,INC_PERS_WORK_INCOME,"9,999 元及以下",27,0.035526315789473684
2021,中部地區,中部地區,INC_PERS_WORK_INCOME,"90,000-99,999 元",6,0.007894736842105263
2021,中部地區,中部地區,INC_PERS_WORK_INCOME,沒有這項收入,60,0.07894736842105263
2021,中部地區,中部地區,MALE,男性,478,0.6289473684210526
2021,中部地區,中部地區,MALE,非男性,282,0.37105263157894736
2021,中部地區,中部地區,RACE,卑南族,6,0.008
2021,中部地區,中部地區,RACE,太魯閣族,7,0.009333333333333334
2021,中部地區,中部地區,RACE,布農族,155,0.20666666666666667
2021,中部地區,中部地區,RACE,排灣族,67,0.08933333333333333
2021,中部地區,中部地區,RACE,泰雅族,121,0.16133333333333333
2021,中部地區,中部地區,RACE,賽夏族,49,0.06533333333333333
2021,中部地區,中部地區,RACE,賽德克族,68,0.09066666666666667
2021,中部地區,中部地區,RACE,鄒族,1,0.0013333333333333333
2021,中部地區,中部地區,RACE,阿美族,90,0.12
2021,中部地區,中部地區,RACE,雅美族/達悟族,4,0.005333333333333333
2021,中部地區,中部地區,RACE,非原住民族,180,0.24
2021,中部地區,中部地區,RACE,魯凱族,2,0.0026666666666666666
2021,中部地區,中部地區,RENT,"1,000-2,999元",5,0.02617801047120419
2021,中部地區,中部地區,RENT,"10,000-19,999元",64,0.33507853403141363
2021,中部地區,中部地區,RENT,"20,000元以上",7,0.03664921465968586
2021,中部地區,中部地區,RENT,"3,000-4,999元",21,0.1099476439790576
2021,中部地區,中部地區,RENT,"5,000-6,999元",42,0.2198952879581152
2021,中部地區,中部地區,RENT,"7,000-9,999元",51,0.2670157068062827
2021,中部地區,中部地區,RENT,"未滿1,000元",1,0.005235602094240838
2021,北部地區,北部地區,AGE_GROUP,20-29歲,107,0.053180914512922464
2021,北部地區,北部地區,AGE_GROUP,30-39歲,352,0.1749502982107356
2021,北部地區,北部地區,AGE_GROUP,40-49歲,514,0.2554671968190855
2021,北部地區,北部地區,AGE_GROUP,50-59歲,496,0.24652087475149106
2021,北部地區,北部地區,AGE_GROUP,60歲以上,543,0.2698807157057654
2021,北部地區,北部地區,AGE_MEASURE_TYPE,age_group,2012,1
2021,北部地區,北部地區,EDU,不識字/自修,29,0.01441351888667992
2021,北部地區,北部地區,EDU,國(初)中,467,0.23210735586481113
2021,北部地區,北部地區,EDU,國小,310,0.1540755467196819
2021,北部地區,北部地區,EDU,專科以上,450,0.22365805168986083
2021,北部地區,北部地區,EDU,高中職,756,0.3757455268389662
2021,北部地區,北部地區,EXP_ALCOHOL_EXPENDITURE,"1,000-1,999 元",203,0.10089463220675944
2021,北部地區,北部地區,EXP_ALCOHOL_EXPENDITURE,"10,000-14,999 元",49,0.024353876739562623
2021,北部地區,北部地區,EXP_ALCOHOL_EXPENDITURE,"15,000-19,999 元",13,0.0064612326043737576
2021,北部地區,北部地區,EXP_ALCOHOL_EXPENDITURE,"2,000-2,999 元",202,0.10039761431411531
2021,北部地區,北部地區,EXP_ALCOHOL_EXPENDITURE,"20,000-29,999 元",7,0.0034791252485089465
2021,北部地區,北部地區,EXP_ALCOHOL_EXPENDITURE,"3,000-3,999 元",202,0.10039761431411531
2021,北部地區,北部地區,EXP_ALCOHOL_EXPENDITURE,"4,000-4,999 元",120,0.05964214711729622
2021,北部地區,北部地區,EXP_ALCOHOL_EXPENDITURE,499 元及以下,104,0.05168986083499006
2021,北部地區,北部地區,EXP_ALCOHOL_EXPENDITURE,"5,000-6,999 元",90,0.04473161033797217
2021,北部地區,北部地區,EXP_ALCOHOL_EXPENDITURE,500-999 元,147,0.07306163021868788
2021,北部地區,北部地區,EXP_ALCOHOL_EXPENDITURE,"7,000-9,999 元",67,0.03330019880715706
2021,北部地區,北部地區,EXP_ALCOHOL_EXPENDITURE,沒有這項支出,808,0.40159045725646125
2021,北部地區,北部地區,EXP_BOOKS_EXPENDITURE,"1,000-1,999 元",143,0.07107355864811134
2021,北部地區,北部地區,EXP_BOOKS_EXPENDITURE,"10,000-14,999 元",5,0.002485089463220676
2021,北部地區,北部地區,EXP_BOOKS_EXPENDITURE,"2,000-2,999 元",33,0.016401590457256462
2021,北部地區,北部地區,EXP_BOOKS_EXPENDITURE,"3,000-3,999 元",10,0.004970178926441352
2021,北部地區,北部地區,EXP_BOOKS_EXPENDITURE,"4,000-4,999 元",5,0.002485089463220676
2021,北部地區,北部地區,EXP_BOOKS_EXPENDITURE,"5,000-6,999 元",5,0.002485089463220676
2021,北部地區,北部地區,EXP_BOOKS_EXPENDITURE,"7,000-9,999 元",1,4.970178926441351e-4
2021,北部地區,北部地區,EXP_BOOKS_EXPENDITURE,999 元及以下,555,0.275844930417495
2021,北部地區,北部地區,EXP_BOOKS_EXPENDITURE,沒有這項支出,1255,0.6237574552683897
2021,北部地區,北部地區,EXP_CARE_EXPENDITURE,"1,000-1,999 元",6,0.002982107355864811
2021,北部地區,北部地區,EXP_CARE_EXPENDITURE,"10,000-14,999 元",6,0.002982107355864811
2021,北部地區,北部地區,EXP_CARE_EXPENDITURE,"15,000-19,999 元",5,0.002485089463220676
2021,北部地區,北部地區,EXP_CARE_EXPENDITURE,"2,000-2,999 元",8,0.003976143141153081
2021,北部地區,北部地區,EXP_CARE_EXPENDITURE,"20,000-29,999 元",18,0.008946322067594433
2021,北部地區,北部地區,EXP_CARE_EXPENDITURE,"3,000-3,999 元",4,0.0019880715705765406
2021,北部地區,北部地區,EXP_CARE_EXPENDITURE,"30,000 元及以上，請記錄________元",3,0.0014910536779324055
2021,北部地區,北部地區,EXP_CARE_EXPENDITURE,"4,000-4,999 元",6,0.002982107355864811
2021,北部地區,北部地區,EXP_CARE_EXPENDITURE,"5,000-6,999 元",9,0.0044731610337972166
2021,北部地區,北部地區,EXP_CARE_EXPENDITURE,"7,000-9,999 元",8,0.003976143141153081
2021,北部地區,北部地區,EXP_CARE_EXPENDITURE,999 元及以下,6,0.002982107355864811
2021,北部地區,北部地區,EXP_CARE_EXPENDITURE,沒有這項支出,1933,0.9607355864811133
2021,北部地區,北部地區,EXP_CLEANING_EXPENDITURE,"1,000-1,999 元",2,9.940357852882703e-4
2021,北部地區,北部地區,EXP_CLEANING_EXPENDITURE,"15,000-19,999 元",1,4.970178926441351e-4
2021,北部地區,北部地區,EXP_CLEANING_EXPENDITURE,"2,000-2,999 元",1,4.970178926441351e-4
2021,北部地區,北部地區,EXP_CLEANING_EXPENDITURE,"20,000-29,999 元",2,9.940357852882703e-4
2021,北部地區,北部地區,EXP_CLEANING_EXPENDITURE,"5,000-6,999 元",1,4.970178926441351e-4
2021,北部地區,北部地區,EXP_CLEANING_EXPENDITURE,999 元及以下,4,0.0019880715705765406
2021,北部地區,北部地區,EXP_CLEANING_EXPENDITURE,沒有這項支出,2001,0.9945328031809145
2021,北部地區,北部地區,EXP_CLOTHING_EXPENDITURE,"1,000-1,999 元",514,0.2554671968190855
2021,北部地區,北部地區,EXP_CLOTHING_EXPENDITURE,"10,000-14,999 元",15,0.007455268389662028
2021,北部地區,北部地區,EXP_CLOTHING_EXPENDITURE,"15,000-19,999 元",8,0.003976143141153081
2021,北部地區,北部地區,EXP_CLOTHING_EXPENDITURE,"2,000-2,999 元",249,0.12375745526838966
2021,北部地區,北部地區,EXP_CLOTHING_EXPENDITURE,"20,000-29,999 元",4,0.0019880715705765406
2021,北部地區,北部地區,EXP_CLOTHING_EXPENDITURE,"3,000-3,999 元",93,0.04622266401590457
2021,北部地區,北部地區,EXP_CLOTHING_EXPENDITURE,"30,000 元及以上，請記錄________元",3,0.0014910536779324055
2021,北部地區,北部地區,EXP_CLOTHING_EXPENDITURE,"4,000-4,999 元",53,0.026341948310139165
2021,北部地區,北部地區,EXP_CLOTHING_EXPENDITURE,"5,000-6,999 元",53,0.026341948310139165
2021,北部地區,北部地區,EXP_CLOTHING_EXPENDITURE,"7,000-9,999 元",31,0.015407554671968192
2021,北部地區,北部地區,EXP_CLOTHING_EXPENDITURE,999 元及以下,761,0.3782306163021869
2021,北部地區,北部地區,EXP_CLOTHING_EXPENDITURE,沒有這項支出,228,0.11332007952286283
2021,北部地區,北部地區,EXP_DINING_LODGING_EXPENDITURE,"1,000-1,999 元",184,0.09145129224652088
2021,北部地區,北部地區,EXP_DINING_LODGING_EXPENDITURE,"10,000-14,999 元",163,0.08101391650099403
2021,北部地區,北部地區,EXP_DINING_LODGING_EXPENDITURE,"15,000-19,999 元",85,0.04224652087475149
2021,北部地區,北部地區,EXP_DINING_LODGING_EXPENDITURE,"2,000-2,999 元",192,0.09542743538767395
2021,北部地區,北部地區,EXP_DINING_LODGING_EXPENDITURE,"20,000-29,999 元",54,0.0268389662027833
2021,北部地區,北部地區,EXP_DINING_LODGING_EXPENDITURE,"3,000-3,999 元",124,0.061630218687872766
2021,北部地區,北部地區,EXP_DINING_LODGING_EXPENDITURE,"30,000 元及以上，請記錄________元",34,0.016898608349900597
2021,北部地區,北部地區,EXP_DINING_LODGING_EXPENDITURE,"4,000-4,999 元",145,0.0720675944333996
2021,北部地區,北部地區,EXP_DINING_LODGING_EXPENDITURE,"5,000-6,999 元",166,0.08250497017892644
2021,北部地區,北部地區,EXP_DINING_LODGING_EXPENDITURE,"7,000-9,999 元",168,0.08349900596421471
2021,北部地區,北部地區,EXP_DINING_LODGING_EXPENDITURE,999 元及以下,133,0.06610337972166998
2021,北部地區,北部地區,EXP_DINING_LODGING_EXPENDITURE,沒有這項支出,564,0.2803180914512923
2021,北部地區,北部地區,EXP_EDU_TUITION_EXPENDITURE,"1,000-1,999 元",127,0.06312127236580517
2021,北部地區,北部地區,EXP_EDU_TUITION_EXPENDITURE,"10,000-14,999 元",63,0.031312127236580514
2021,北部地區,北部地區,EXP_EDU_TUITION_EXPENDITURE,"15,000-19,999 元",19,0.009443339960238568
2021,北部地區,北部地區,EXP_EDU_TUITION_EXPENDITURE,"2,000-2,999 元",135,0.06709741550695825
2021,北部地區,北部地區,EXP_EDU_TUITION_EXPENDITURE,"20,000-29,999 元",20,0.009940357852882704
2021,北部地區,北部地區,EXP_EDU_TUITION_EXPENDITURE,"3,000-3,999 元",82,0.040755467196819085
2021,北部地區,北部地區,EXP_EDU_TUITION_EXPENDITURE,"30,000 元及以上，請記錄________元",18,0.008946322067594433
2021,北部地區,北部地區,EXP_EDU_TUITION_EXPENDITURE,"4,000-4,999 元",77,0.03827037773359841
2021,北部地區,北部地區,EXP_EDU_TUITION_EXPENDITURE,"5,000-6,999 元",83,0.04125248508946322
2021,北部地區,北部地區,EXP_EDU_TUITION_EXPENDITURE,"7,000-9,999 元",93,0.04622266401590457
2021,北部地區,北部地區,EXP_EDU_TUITION_EXPENDITURE,999 元及以下,148,0.073558648111332
2021,北部地區,北部地區,EXP_EDU_TUITION_EXPENDITURE,沒有這項支出,1147,0.570079522862823
2021,北部地區,北部地區,EXP_FOOD_EXPENDITURE,"10,000-11,999 元",285,0.14165009940357853
2021,北部地區,北部地區,EXP_FOOD_EXPENDITURE,"12,000-14,999 元",245,0.12176938369781312
2021,北部地區,北部地區,EXP_FOOD_EXPENDITURE,"15,000-19,999 元",249,0.12375745526838966
2021,北部地區,北部地區,EXP_FOOD_EXPENDITURE,"2,999 元及以下",96,0.04771371769383698
2021,北部地區,北部地區,EXP_FOOD_EXPENDITURE,"20,000-29,999 元",300,0.14910536779324055
2021,北部地區,北部地區,EXP_FOOD_EXPENDITURE,"3,000-4,999 元",156,0.0775347912524851
2021,北部地區,北部地區,EXP_FOOD_EXPENDITURE,"30,000-39,999 元",116,0.05765407554671968
2021,北部地區,北部地區,EXP_FOOD_EXPENDITURE,"40,000-49,999 元",25,0.01242544731610338
2021,北部地區,北部地區,EXP_FOOD_EXPENDITURE,"5,000-6,999 元",249,0.12375745526838966
2021,北部地區,北部地區,EXP_FOOD_EXPENDITURE,"50,000-59,999 元",11,0.0054671968190854875
2021,北部地區,北部地區,EXP_FOOD_EXPENDITURE,"60,000-69,999 元",8,0.003976143141153081
2021,北部地區,北部地區,EXP_FOOD_EXPENDITURE,"7,000-9,999 元",272,0.13518886679920478
2021,北部地區,北部地區,EXP_FURNITURE_EXPENDITURE,"1,000-1,999 元",220,0.10934393638170974
2021,北部地區,北部地區,EXP_FURNITURE_EXPENDITURE,"10,000-14,999 元",15,0.007455268389662028
2021,北部地區,北部地區,EXP_FURNITURE_EXPENDITURE,"15,000-19,999 元",11,0.0054671968190854875
2021,北部地區,北部地區,EXP_FURNITURE_EXPENDITURE,"2,000-2,999 元",109,0.05417495029821073
2021,北部地區,北部地區,EXP_FURNITURE_EXPENDITURE,"20,000-29,999 元",13,0.0064612326043737576
2021,北部地區,北部地區,EXP_FURNITURE_EXPENDITURE,"3,000-3,999 元",65,0.03230616302186879
2021,北部地區,北部地區,EXP_FURNITURE_EXPENDITURE,"30,000 元及以上，請記錄________元",16,0.007952286282306162
2021,北部地區,北部地區,EXP_FURNITURE_EXPENDITURE,"4,000-4,999 元",37,0.018389662027833
2021,北部地區,北部地區,EXP_FURNITURE_EXPENDITURE,"5,000-6,999 元",26,0.012922465208747515
2021,北部地區,北部地區,EXP_FURNITURE_EXPENDITURE,"7,000-9,999 元",15,0.007455268389662028
2021,北部地區,北部地區,EXP_FURNITURE_EXPENDITURE,999 元及以下,545,0.27087475149105367
2021,北部地區,北部地區,EXP_FURNITURE_EXPENDITURE,沒有這項支出,940,0.4671968190854871
2021,北部地區,北部地區,EXP_HOUSING_UTIL_EXPENDITURE,"1,000-1,499 元",167,0.08300198807157058
2021,北部地區,北部地區,EXP_HOUSING_UTIL_EXPENDITURE,"1,500-1,999 元",186,0.09244532803180915
2021,北部地區,北部地區,EXP_HOUSING_UTIL_EXPENDITURE,"10,000-14,999 元",230,0.1143141153081511
2021,北部地區,北部地區,EXP_HOUSING_UTIL_EXPENDITURE,"15,000-19,999 元",128,0.0636182902584493
2021,北部地區,北部地區,EXP_HOUSING_UTIL_EXPENDITURE,"2,000-2,499 元",209,0.10387673956262425
2021,北部地區,北部地區,EXP_HOUSING_UTIL_EXPENDITURE,"2,500-2,999 元",243,0.12077534791252485
2021,北部地區,北部地區,EXP_HOUSING_UTIL_EXPENDITURE,"20,000-29,999 元",102,0.05069582504970179
2021,北部地區,北部地區,EXP_HOUSING_UTIL_EXPENDITURE,"3,000-4,999 元",392,0.19483101391650098
2021,北部地區,北部地區,EXP_HOUSING_UTIL_EXPENDITURE,"30,000-39,999 元",13,0.0064612326043737576
2021,北部地區,北部地區,EXP_HOUSING_UTIL_EXPENDITURE,"40,000-49,999 元",5,0.002485089463220676
2021,北部地區,北部地區,EXP_HOUSING_UTIL_EXPENDITURE,"5,000-9,999 元",248,0.12326043737574553
2021,北部地區,北部地區,EXP_HOUSING_UTIL_EXPENDITURE,"50,000-59,999 元",2,9.940357852882703e-4
2021,北部地區,北部地區,EXP_HOUSING_UTIL_EXPENDITURE,"70,000 元及以上，請記錄____________元",7,0.0034791252485089465
2021,北部地區,北部地區,EXP_HOUSING_UTIL_EXPENDITURE,999 元及以下,71,0.0352882703777336
2021,北部地區,北部地區,EXP_HOUSING_UTIL_EXPENDITURE,沒有這項支出,9,0.0044731610337972166
2021,北部地區,北部地區,EXP_LOAN_INTEREST_EXPENDITURE,"1,000-1,999 元",125,0.0621272365805169
2021,北部地區,北部地區,EXP_LOAN_INTEREST_EXPENDITURE,"10,000-14,999 元",63,0.031312127236580514
2021,北部地區,北部地區,EXP_LOAN_INTEREST_EXPENDITURE,"15,000-19,999 元",34,0.016898608349900597
2021,北部地區,北部地區,EXP_LOAN_INTEREST_EXPENDITURE,"2,000-2,999 元",82,0.040755467196819085
2021,北部地區,北部地區,EXP_LOAN_INTEREST_EXPENDITURE,"20,000-29,999 元",52,0.02584493041749503
2021,北部地區,北部地區,EXP_LOAN_INTEREST_EXPENDITURE,"3,000-3,999 元",55,0.027335984095427434
2021,北部地區,北部地區,EXP_LOAN_INTEREST_EXPENDITURE,"30,000 元及以上，請記錄________元",22,0.010934393638170975
2021,北部地區,北部地區,EXP_LOAN_INTEREST_EXPENDITURE,"4,000-4,999 元",24,0.011928429423459244
2021,北部地區,北部地區,EXP_LOAN_INTEREST_EXPENDITURE,"5,000-6,999 元",41,0.020377733598409543
2021,北部地區,北部地區,EXP_LOAN_INTEREST_EXPENDITURE,"7,000-9,999 元",41,0.020377733598409543
2021,北部地區,北部地區,EXP_LOAN_INTEREST_EXPENDITURE,999 元及以下,64,0.03180914512922465
2021,北部地區,北部地區,EXP_LOAN_INTEREST_EXPENDITURE,沒有這項支出,1409,0.7002982107355865
2021,北部地區,北部地區,EXP_MEDICAL_EXPENDITURE,"1,000-1,999 元",276,0.13717693836978131
2021,北部地區,北部地區,EXP_MEDICAL_EXPENDITURE,"10,000-14,999 元",76,0.03777335984095427
2021,北部地區,北部地區,EXP_MEDICAL_EXPENDITURE,"15,000-19,999 元",26,0.012922465208747515
2021,北部地區,北部地區,EXP_MEDICAL_EXPENDITURE,"2,000-2,999 元",147,0.07306163021868788
2021,北部地區,北部地區,EXP_MEDICAL_EXPENDITURE,"20,000-29,999 元",10,0.004970178926441352
2021,北部地區,北部地區,EXP_MEDICAL_EXPENDITURE,"3,000-3,999 元",117,0.05815109343936382
2021,北部地區,北部地區,EXP_MEDICAL_EXPENDITURE,"30,000 元及以上，請記錄________元",6,0.002982107355864811
2021,北部地區,北部地區,EXP_MEDICAL_EXPENDITURE,"4,000-4,999 元",95,0.04721669980119284
2021,北部地區,北部地區,EXP_MEDICAL_EXPENDITURE,499 元及以下,612,0.30417495029821073
2021,北部地區,北部地區,EXP_MEDICAL_EXPENDITURE,"5,000-6,999 元",77,0.03827037773359841
2021,北部地區,北部地區,EXP_MEDICAL_EXPENDITURE,500-999 元,447,0.22216699801192843
2021,北部地區,北部地區,EXP_MEDICAL_EXPENDITURE,"7,000-9,999 元",92,0.04572564612326044
2021,北部地區,北部地區,EXP_MEDICAL_EXPENDITURE,沒有這項支出,31,0.015407554671968192
2021,北部地區,北部地區,EXP_OTHER_EXPENDITURE,"1,000-1,999 元",232,0.11530815109343936
2021,北部地區,北部地區,EXP_OTHER_EXPENDITURE,"10,000-14,999 元",9,0.0044731610337972166
2021,北部地區,北部地區,EXP_OTHER_EXPENDITURE,"15,000-19,999 元",5,0.002485089463220676
2021,北部地區,北部地區,EXP_OTHER_EXPENDITURE,"2,000-2,999 元",131,0.06510934393638171
2021,北部地區,北部地區,EXP_OTHER_EXPENDITURE,"20,000-29,999 元",3,0.0014910536779324055
2021,北部地區,北部地區,EXP_OTHER_EXPENDITURE,"3,000-3,999 元",62,0.030815109343936383
2021,北部地區,北部地區,EXP_OTHER_EXPENDITURE,"4,000-4,999 元",26,0.012922465208747515
2021,北部地區,北部地區,EXP_OTHER_EXPENDITURE,"5,000-6,999 元",11,0.0054671968190854875
2021,北部地區,北部地區,EXP_OTHER_EXPENDITURE,"7,000-9,999 元",11,0.0054671968190854875
2021,北部地區,北部地區,EXP_OTHER_EXPENDITURE,999 元及以下,587,0.29174950298210733
2021,北部地區,北部地區,EXP_OTHER_EXPENDITURE,沒有這項支出,935,0.4647117296222664
2021,北部地區,北部地區,EXP_TAX_INS_GIFT_EXPENDITURE,"1,000-1,499 元",148,0.073558648111332
2021,北部地區,北部地區,EXP_TAX_INS_GIFT_EXPENDITURE,"1,500-1,999 元",192,0.09542743538767395
2021,北部地區,北部地區,EXP_TAX_INS_GIFT_EXPENDITURE,"10,000-14,999 元",74,0.036779324055666
2021,北部地區,北部地區,EXP_TAX_INS_GIFT_EXPENDITURE,"15,000-19,999 元",35,0.01739562624254473
2021,北部地區,北部地區,EXP_TAX_INS_GIFT_EXPENDITURE,"2,000-2,499 元",167,0.08300198807157058
2021,北部地區,北部地區,EXP_TAX_INS_GIFT_EXPENDITURE,"2,500-2,999 元",253,0.1257455268389662
2021,北部地區,北部地區,EXP_TAX_INS_GIFT_EXPENDITURE,"20,000-29,999 元",17,0.008449304174950299
2021,北部地區,北部地區,EXP_TAX_INS_GIFT_EXPENDITURE,"3,000-3,999 元",267,0.1327037773359841
2021,北部地區,北部地區,EXP_TAX_INS_GIFT_EXPENDITURE,"30,000 元及以上，請記錄________元",3,0.0014910536779324055
2021,北部地區,北部地區,EXP_TAX_INS_GIFT_EXPENDITURE,"4,000-4,999 元",209,0.10387673956262425
2021,北部地區,北部地區,EXP_TAX_INS_GIFT_EXPENDITURE,"5,000-6,999 元",281,0.139662027833002
2021,北部地區,北部地區,EXP_TAX_INS_GIFT_EXPENDITURE,"7,000-9,999 元",185,0.091948310139165
2021,北部地區,北部地區,EXP_TAX_INS_GIFT_EXPENDITURE,999 元及以下,114,0.05666003976143141
2021,北部地區,北部地區,EXP_TAX_INS_GIFT_EXPENDITURE,沒有這項支出,67,0.03330019880715706
2021,北部地區,北部地區,EXP_TRANSPORT_COMM_EXPENDITURE,"1,000-1,999 元",195,0.09691848906560636
2021,北部地區,北部地區,EXP_TRANSPORT_COMM_EXPENDITURE,"10,000-14,999 元",218,0.10834990059642147
2021,北部地區,北部地區,EXP_TRANSPORT_COMM_EXPENDITURE,"15,000-19,999 元",61,0.030318091451292245
2021,北部地區,北部地區,EXP_TRANSPORT_COMM_EXPENDITURE,"2,000-2,999 元",224,0.11133200795228629
2021,北部地區,北部地區,EXP_TRANSPORT_COMM_EXPENDITURE,"20,000-29,999 元",39,0.019383697813121274
2021,北部地區,北部地區,EXP_TRANSPORT_COMM_EXPENDITURE,"3,000-3,999 元",243,0.12077534791252485
2021,北部地區,北部地區,EXP_TRANSPORT_COMM_EXPENDITURE,"30,000 元及以上，請記錄________元",9,0.0044731610337972166
2021,北部地區,北部地區,EXP_TRANSPORT_COMM_EXPENDITURE,"4,000-4,999 元",272,0.13518886679920478
2021,北部地區,北部地區,EXP_TRANSPORT_COMM_EXPENDITURE,"5,000-6,999 元",342,0.16998011928429424
2021,北部地區,北部地區,EXP_TRANSPORT_COMM_EXPENDITURE,"7,000-9,999 元",293,0.1456262425447316
2021,北部地區,北部地區,EXP_TRANSPORT_COMM_EXPENDITURE,999 元及以下,104,0.05168986083499006
2021,北部地區,北部地區,EXP_TRANSPORT_COMM_EXPENDITURE,沒有這項支出,12,0.005964214711729622
2021,北部地區,北部地區,EXP_TRAVEL_EXPENDITURE,"1,000-1,999 元",216,0.1073558648111332
2021,北部地區,北部地區,EXP_TRAVEL_EXPENDITURE,"10,000-14,999 元",9,0.0044731610337972166
2021,北部地區,北部地區,EXP_TRAVEL_EXPENDITURE,"15,000-19,999 元",4,0.0019880715705765406
2021,北部地區,北部地區,EXP_TRAVEL_EXPENDITURE,"2,000-2,999 元",101,0.05019880715705766
2021,北部地區,北部地區,EXP_TRAVEL_EXPENDITURE,"20,000-29,999 元",1,4.970178926441351e-4
2021,北部地區,北部地區,EXP_TRAVEL_EXPENDITURE,"3,000-3,999 元",41,0.020377733598409543
2021,北部地區,北部地區,EXP_TRAVEL_EXPENDITURE,"30,000 元及以上，請記錄________元",4,0.0019880715705765406
2021,北部地區,北部地區,EXP_TRAVEL_EXPENDITURE,"4,000-4,999 元",46,0.02286282306163022
2021,北部地區,北部地區,EXP_TRAVEL_EXPENDITURE,"5,000-6,999 元",25,0.01242544731610338
2021,北部地區,北部地區,EXP_TRAVEL_EXPENDITURE,"7,000-9,999 元",8,0.003976143141153081
2021,北部地區,北部地區,EXP_TRAVEL_EXPENDITURE,999 元及以下,372,0.1848906560636183
2021,北部地區,北部地區,EXP_TRAVEL_EXPENDITURE,沒有這項支出,1185,0.5889662027833003
2021,北部地區,北部地區,HOUSE_BELONG,借用,35,0.01739562624254473
2021,北部地區,北部地區,HOUSE_BELONG,租賃,591,0.2937375745526839
2021,北部地區,北部地區,HOUSE_BELONG,自有/家人所有/自建,1373,0.6824055666003976
2021,北部地區,北部地區,HOUSE_BELONG,配住,13,0.0064612326043737576
2021,北部地區,北部地區,INC_FAM_GOV_INCOME,"1,000-1,999 元",18,0.008946322067594433
2021,北部地區,北部地區,INC_FAM_GOV_INCOME,"10,000-14,999 元",74,0.036779324055666
2021,北部地區,北部地區,INC_FAM_GOV_INCOME,"15,000-19,999 元",30,0.014910536779324055
2021,北部地區,北部地區,INC_FAM_GOV_INCOME,"2,000-2,999 元",41,0.020377733598409543
2021,北部地區,北部地區,INC_FAM_GOV_INCOME,"20,000-29,999 元",32,0.015904572564612324
2021,北部地區,北部地區,INC_FAM_GOV_INCOME,"3,000-3,999 元",246,0.12226640159045726
2021,北部地區,北部地區,INC_FAM_GOV_INCOME,"30,000 元及以上，請記錄________元",4,0.0019880715705765406
2021,北部地區,北部地區,INC_FAM_GOV_INCOME,"4,000-4,999 元",99,0.04920477137176938
2021,北部地區,北部地區,INC_FAM_GOV_INCOME,"5,000-5,999 元",95,0.04721669980119284
2021,北部地區,北部地區,INC_FAM_GOV_INCOME,"6,000-7,999 元",134,0.06660039761431412
2021,北部地區,北部地區,INC_FAM_GOV_INCOME,"8,000-9,999 元",78,0.03876739562624255
2021,北部地區,北部地區,INC_FAM_GOV_INCOME,999 元及以下,33,0.016401590457256462
2021,北部地區,北部地區,INC_FAM_GOV_INCOME,沒有這項收入,1128,0.5606361829025845
2021,北部地區,北部地區,INC_FAM_INTEREST_INCOME,"1,000-1,999 元",74,0.036779324055666
2021,北部地區,北部地區,INC_FAM_INTEREST_INCOME,"10,000-14,999 元",24,0.011928429423459244
2021,北部地區,北部地區,INC_FAM_INTEREST_INCOME,"15,000-19,999 元",2,9.940357852882703e-4
2021,北部地區,北部地區,INC_FAM_INTEREST_INCOME,"2,000-2,999 元",37,0.018389662027833
2021,北部地區,北部地區,INC_FAM_INTEREST_INCOME,"20,000-29,999 元",2,9.940357852882703e-4
2021,北部地區,北部地區,INC_FAM_INTEREST_INCOME,"3,000-3,999 元",18,0.008946322067594433
2021,北部地區,北部地區,INC_FAM_INTEREST_INCOME,"4,000-4,999 元",11,0.0054671968190854875
2021,北部地區,北部地區,INC_FAM_INTEREST_INCOME,"5,000-5,999 元",9,0.0044731610337972166
2021,北部地區,北部地區,INC_FAM_INTEREST_INCOME,"6,000-7,999 元",8,0.003976143141153081
2021,北部地區,北部地區,INC_FAM_INTEREST_INCOME,"8,000-9,999 元",8,0.003976143141153081
2021,北部地區,北部地區,INC_FAM_INTEREST_INCOME,999 元及以下,371,0.18439363817097415
2021,北部地區,北部地區,INC_FAM_INTEREST_INCOME,沒有這項收入,1448,0.7196819085487077
2021,北部地區,北部地區,INC_FAM_OTHER_INCOME,"10,000-14,999 元",9,0.0044731610337972166
2021,北部地區,北部地區,INC_FAM_OTHER_INCOME,"15,000-19,999 元",2,9.940357852882703e-4
2021,北部地區,北部地區,INC_FAM_OTHER_INCOME,"20,000-24,999 元",7,0.0034791252485089465
2021,北部地區,北部地區,INC_FAM_OTHER_INCOME,"25,000-29,999 元",1,4.970178926441351e-4
2021,北部地區,北部地區,INC_FAM_OTHER_INCOME,"4,999 元及以下",53,0.026341948310139165
2021,北部地區,北部地區,INC_FAM_OTHER_INCOME,"40,000-49,999 元",1,4.970178926441351e-4
2021,北部地區,北部地區,INC_FAM_OTHER_INCOME,"5,000-9,999 元",15,0.007455268389662028
2021,北部地區,北部地區,INC_FAM_OTHER_INCOME,"50,000-59,999 元",21,0.010437375745526839
2021,北部地區,北部地區,INC_FAM_OTHER_INCOME,"70,000-79,999 元",1,4.970178926441351e-4
2021,北部地區,北部地區,INC_FAM_OTHER_INCOME,沒有這項收入,1902,0.9453280318091452
2021,北部地區,北部地區,INC_FAM_RENT_INCOME,"10,000-14,999 元",6,0.002982107355864811
2021,北部地區,北部地區,INC_FAM_RENT_INCOME,"15,000-19,999 元",8,0.003976143141153081
2021,北部地區,北部地區,INC_FAM_RENT_INCOME,"20,000-24,999 元",5,0.002485089463220676
2021,北部地區,北部地區,INC_FAM_RENT_INCOME,"25,000-29,999 元",3,0.0014910536779324055
2021,北部地區,北部地區,INC_FAM_RENT_INCOME,"30,000-39,999 元",2,9.940357852882703e-4
2021,北部地區,北部地區,INC_FAM_RENT_INCOME,"4,999 元及以下",11,0.0054671968190854875
2021,北部地區,北部地區,INC_FAM_RENT_INCOME,"40,000-49,999 元",2,9.940357852882703e-4
2021,北部地區,北部地區,INC_FAM_RENT_INCOME,"5,000-9,999 元",9,0.0044731610337972166
2021,北部地區,北部地區,INC_FAM_RENT_INCOME,"50,000-59,999 元",9,0.0044731610337972166
2021,北部地區,北部地區,INC_FAM_RENT_INCOME,"70,000-79,999 元",1,4.970178926441351e-4
2021,北部地區,北部地區,INC_FAM_RENT_INCOME,沒有這項收入,1956,0.9721669980119284
2021,北部地區,北部地區,INC_FAM_TRANSFER_INCOME,"1,000-1,999 元",45,0.022365805168986085
2021,北部地區,北部地區,INC_FAM_TRANSFER_INCOME,"10,000-14,999 元",4,0.0019880715705765406
2021,北部地區,北部地區,INC_FAM_TRANSFER_INCOME,"15,000-19,999 元",3,0.0014910536779324055
2021,北部地區,北部地區,INC_FAM_TRANSFER_INCOME,"2,000-2,999 元",14,0.006958250497017893
2021,北部地區,北部地區,INC_FAM_TRANSFER_INCOME,"20,000-29,999 元",2,9.940357852882703e-4
2021,北部地區,北部地區,INC_FAM_TRANSFER_INCOME,"3,000-3,999 元",5,0.002485089463220676
2021,北部地區,北部地區,INC_FAM_TRANSFER_INCOME,"4,000-4,999 元",7,0.0034791252485089465
2021,北部地區,北部地區,INC_FAM_TRANSFER_INCOME,"5,000-5,999 元",4,0.0019880715705765406
2021,北部地區,北部地區,INC_FAM_TRANSFER_INCOME,"6,000-7,999 元",3,0.0014910536779324055
2021,北部地區,北部地區,INC_FAM_TRANSFER_INCOME,"8,000-9,999 元",5,0.002485089463220676
2021,北部地區,北部地區,INC_FAM_TRANSFER_INCOME,999 元及以下,60,0.02982107355864811
2021,北部地區,北部地區,INC_FAM_TRANSFER_INCOME,沒有這項收入,1860,0.9244532803180915
2021,北部地區,北部地區,INC_FAM_WORK_INCOME,"10,000-19,999 元",59,0.029324055666003976
2021,北部地區,北部地區,INC_FAM_WORK_INCOME,"100,000-129,999元",152,0.07554671968190854
2021,北部地區,北部地區,INC_FAM_WORK_INCOME,"130,000-159,999元",95,0.04721669980119284
2021,北部地區,北部地區,INC_FAM_WORK_INCOME,"160,000 元及以上，請記錄____________元",36,0.017892644135188866
2021,北部地區,北部地區,INC_FAM_WORK_INCOME,"20,000-29,999 元",180,0.08946322067594434
2021,北部地區,北部地區,INC_FAM_WORK_INCOME,"30,000-39,999 元",228,0.11332007952286283
2021,北部地區,北部地區,INC_FAM_WORK_INCOME,"40,000-49,999 元",215,0.10685884691848907
2021,北部地區,北部地區,INC_FAM_WORK_INCOME,"50,000-59,999 元",243,0.12077534791252485
2021,北部地區,北部地區,INC_FAM_WORK_INCOME,"60,000-69,999 元",202,0.10039761431411531
2021,北部地區,北部地區,INC_FAM_WORK_INCOME,"70,000-79,999 元",199,0.0989065606361829
2021,北部地區,北部地區,INC_FAM_WORK_INCOME,"80,000-89,999 元",151,0.07504970178926441
2021,北部地區,北部地區,INC_FAM_WORK_INCOME,"9,999 元及以下",44,0.02186878727634195
2021,北部地區,北部地區,INC_FAM_WORK_INCOME,"90,000-99,999 元",110,0.05467196819085487
2021,北部地區,北部地區,INC_FAM_WORK_INCOME,沒有這項收入,98,0.048707753479125246
2021,北部地區,北部地區,INC_PERS_GOV_INCOME,"1,000-1,999 元",13,0.0064612326043737576
2021,北部地區,北部地區,INC_PERS_GOV_INCOME,"10,000-14,999 元",27,0.01341948310139165
2021,北部地區,北部地區,INC_PERS_GOV_INCOME,"15,000-19,999 元",16,0.007952286282306162
2021,北部地區,北部地區,INC_PERS_GOV_INCOME,"2,000-2,999 元",25,0.01242544731610338
2021,北部地區,北部地區,INC_PERS_GOV_INCOME,"20,000-29,999 元",19,0.009443339960238568
2021,北部地區,北部地區,INC_PERS_GOV_INCOME,"3,000-3,999 元",200,0.09940357852882704
2021,北部地區,北部地區,INC_PERS_GOV_INCOME,"30,000 元及以上，請記錄________元",1,4.970178926441351e-4
2021,北部地區,北部地區,INC_PERS_GOV_INCOME,"4,000-4,999 元",56,0.027833001988071572
2021,北部地區,北部地區,INC_PERS_GOV_INCOME,"5,000-5,999 元",31,0.015407554671968192
2021,北部地區,北部地區,INC_PERS_GOV_INCOME,"6,000-7,999 元",48,0.02385685884691849
2021,北部地區,北部地區,INC_PERS_GOV_INCOME,"8,000-9,999 元",25,0.01242544731610338
2021,北部地區,北部地區,INC_PERS_GOV_INCOME,999 元及以下,32,0.015904572564612324
2021,北部地區,北部地區,INC_PERS_GOV_INCOME,沒有這項收入,1519,0.7549701789264414
2021,北部地區,北部地區,INC_PERS_INTEREST_INCOME,"1,000-1,999 元",50,0.02485089463220676
2021,北部地區,北部地區,INC_PERS_INTEREST_INCOME,"10,000-14,999 元",11,0.0054671968190854875
2021,北部地區,北部地區,INC_PERS_INTEREST_INCOME,"15,000-19,999 元",3,0.0014910536779324055
2021,北部地區,北部地區,INC_PERS_INTEREST_INCOME,"2,000-2,999 元",20,0.009940357852882704
2021,北部地區,北部地區,INC_PERS_INTEREST_INCOME,"20,000-29,999 元",1,4.970178926441351e-4
2021,北部地區,北部地區,INC_PERS_INTEREST_INCOME,"3,000-3,999 元",10,0.004970178926441352
2021,北部地區,北部地區,INC_PERS_INTEREST_INCOME,"4,000-4,999 元",8,0.003976143141153081
2021,北部地區,北部地區,INC_PERS_INTEREST_INCOME,"5,000-5,999 元",10,0.004970178926441352
2021,北部地區,北部地區,INC_PERS_INTEREST_INCOME,"6,000-7,999 元",2,9.940357852882703e-4
2021,北部地區,北部地區,INC_PERS_INTEREST_INCOME,"8,000-9,999 元",5,0.002485089463220676
2021,北部地區,北部地區,INC_PERS_INTEREST_INCOME,999 元及以下,346,0.17196819085487078
2021,北部地區,北部地區,INC_PERS_INTEREST_INCOME,沒有這項收入,1546,0.768389662027833
2021,北部地區,北部地區,INC_PERS_OTHER_INCOME,"10,000-14,999 元",6,0.002982107355864811
2021,北部地區,北部地區,INC_PERS_OTHER_INCOME,"15,000-19,999 元",2,9.940357852882703e-4
2021,北部地區,北部地區,INC_PERS_OTHER_INCOME,"20,000-24,999 元",7,0.0034791252485089465
2021,北部地區,北部地區,INC_PERS_OTHER_INCOME,"25,000-29,999 元",1,4.970178926441351e-4
2021,北部地區,北部地區,INC_PERS_OTHER_INCOME,"4,999 元及以下",42,0.020874751491053677
2021,北部地區,北部地區,INC_PERS_OTHER_INCOME,"40,000-49,999 元",1,4.970178926441351e-4
2021,北部地區,北部地區,INC_PERS_OTHER_INCOME,"5,000-9,999 元",11,0.0054671968190854875
2021,北部地區,北部地區,INC_PERS_OTHER_INCOME,"50,000-59,999 元",5,0.002485089463220676
2021,北部地區,北部地區,INC_PERS_OTHER_INCOME,"70,000-79,999 元",1,4.970178926441351e-4
2021,北部地區,北部地區,INC_PERS_OTHER_INCOME,沒有這項收入,1936,0.9622266401590457
2021,北部地區,北部地區,INC_PERS_RENT_INCOME,"10,000-14,999 元",4,0.0019880715705765406
2021,北部地區,北部地區,INC_PERS_RENT_INCOME,"15,000-19,999 元",4,0.0019880715705765406
2021,北部地區,北部地區,INC_PERS_RENT_INCOME,"20,000-24,999 元",4,0.0019880715705765406
2021,北部地區,北部地區,INC_PERS_RENT_INCOME,"25,000-29,999 元",2,9.940357852882703e-4
2021,北部地區,北部地區,INC_PERS_RENT_INCOME,"30,000-39,999 元",1,4.970178926441351e-4
2021,北部地區,北部地區,INC_PERS_RENT_INCOME,"4,999 元及以下",9,0.0044731610337972166
2021,北部地區,北部地區,INC_PERS_RENT_INCOME,"40,000-49,999 元",1,4.970178926441351e-4
2021,北部地區,北部地區,INC_PERS_RENT_INCOME,"5,000-9,999 元",7,0.0034791252485089465
2021,北部地區,北部地區,INC_PERS_RENT_INCOME,"50,000-59,999 元",5,0.002485089463220676
2021,北部地區,北部地區,INC_PERS_RENT_INCOME,"70,000-79,999 元",1,4.970178926441351e-4
2021,北部地區,北部地區,INC_PERS_RENT_INCOME,沒有這項收入,1974,0.9811133200795229
2021,北部地區,北部地區,INC_PERS_TRANSFER_INCOME,"1,000-1,999 元",34,0.016898608349900597
2021,北部地區,北部地區,INC_PERS_TRANSFER_INCOME,"10,000-14,999 元",2,9.940357852882703e-4
2021,北部地區,北部地區,INC_PERS_TRANSFER_INCOME,"15,000-19,999 元",1,4.970178926441351e-4
2021,北部地區,北部地區,INC_PERS_TRANSFER_INCOME,"2,000-2,999 元",8,0.003976143141153081
2021,北部地區,北部地區,INC_PERS_TRANSFER_INCOME,"3,000-3,999 元",1,4.970178926441351e-4
2021,北部地區,北部地區,INC_PERS_TRANSFER_INCOME,"4,000-4,999 元",5,0.002485089463220676
2021,北部地區,北部地區,INC_PERS_TRANSFER_INCOME,"5,000-5,999 元",4,0.0019880715705765406
2021,北部地區,北部地區,INC_PERS_TRANSFER_INCOME,"8,000-9,999 元",2,9.940357852882703e-4
2021,北部地區,北部地區,INC_PERS_TRANSFER_INCOME,999 元及以下,37,0.018389662027833
2021,北部地區,北部地區,INC_PERS_TRANSFER_INCOME,沒有這項收入,1918,0.9532803180914513
2021,北部地區,北部地區,INC_PERS_WORK_INCOME,"10,000-14,999 元",61,0.030318091451292245
2021,北部地區,北部地區,INC_PERS_WORK_INCOME,"100,000-129,999元",24,0.011928429423459244
2021,北部地區,北部地區,INC_PERS_WORK_INCOME,"130,000-159,999元",3,0.0014910536779324055
2021,北部地區,北部地區,INC_PERS_WORK_INCOME,"15,000-19,999 元",71,0.0352882703777336
2021,北部地區,北部地區,INC_PERS_WORK_INCOME,"160,000 元及以上，請記錄____________元",4,0.0019880715705765406
2021,北部地區,北部地區,INC_PERS_WORK_INCOME,"20,000-24,999 元",135,0.06709741550695825
2021,北部地區,北部地區,INC_PERS_WORK_INCOME,"25,000-29,999 元",324,0.1610337972166998
2021,北部地區,北部地區,INC_PERS_WORK_INCOME,"30,000-39,999 元",488,0.24254473161033796
2021,北部地區,北部地區,INC_PERS_WORK_INCOME,"40,000-49,999 元",311,0.15457256461232605
2021,北部地區,北部地區,INC_PERS_WORK_INCOME,"50,000-59,999 元",187,0.09294234592445327
2021,北部地區,北部地區,INC_PERS_WORK_INCOME,"60,000-69,999 元",57,0.028330019880715707
2021,北部地區,北部地區,INC_PERS_WORK_INCOME,"70,000-79,999 元",32,0.015904572564612324
2021,北部地區,北部地區,INC_PERS_WORK_INCOME,"80,000-89,999 元",18,0.008946322067594433
2021,北部地區,北部地區,INC_PERS_WORK_INCOME,"9,999 元及以下",81,0.04025844930417495
2021,北部地區,北部地區,INC_PERS_WORK_INCOME,"90,000-99,999 元",26,0.012922465208747515
2021,北部地區,北部地區,INC_PERS_WORK_INCOME,沒有這項收入,190,0.09443339960238568
2021,北部地區,北部地區,MALE,男性,1213,0.602882703777336
2021,北部地區,北部地區,MALE,非男性,799,0.397117296222664
2021,北部地區,北部地區,RACE,卑南族,29,0.014463840399002495
2021,北部地區,北部地區,RACE,太魯閣族,43,0.02144638403990025
2021,北部地區,北部地區,RACE,布農族,90,0.04488778054862843
2021,北部地區,北部地區,RACE,排灣族,117,0.058354114713216956
2021,北部地區,北部地區,RACE,泰雅族,506,0.2523690773067332
2021,北部地區,北部地區,RACE,賽夏族,21,0.010473815461346634
2021,北部地區,北部地區,RACE,賽德克族,15,0.007481296758104738
2021,北部地區,北部地區,RACE,鄒族,2,9.97506234413965e-4
2021,北部地區,北部地區,RACE,阿美族,673,0.33566084788029926
2021,北部地區,北部地區,RACE,雅美族/達悟族,2,9.97506234413965e-4
2021,北部地區,北部地區,RACE,非原住民族,495,0.24688279301745636
2021,北部地區,北部地區,RACE,魯凱族,12,0.0059850374064837905
2021,北部地區,北部地區,RENT,"1,000-2,999元",9,0.01487603305785124
2021,北部地區,北部地區,RENT,"10,000-19,999元",310,0.512396694214876
2021,北部地區,北部地區,RENT,"20,000元以上",45,0.0743801652892562
2021,北部地區,北部地區,RENT,"3,000-4,999元",28,0.04628099173553719
2021,北部地區,北部地區,RENT,"5,000-6,999元",69,0.1140495867768595
2021,北部地區,北部地區,RENT,"7,000-9,999元",131,0.21652892561983472
2021,北部地區,北部地區,RENT,不需要支付租金,8,0.013223140495867768
2021,北部地區,北部地區,RENT,"未滿1,000元",5,0.008264462809917356
2021,南部地區,南部地區,AGE_GROUP,20-29歲,45,0.040983606557377046
2021,南部地區,南部地區,AGE_GROUP,30-39歲,146,0.13296903460837886
2021,南部地區,南部地區,AGE_GROUP,40-49歲,276,0.25136612021857924
2021,南部地區,南部地區,AGE_GROUP,50-59歲,278,0.25318761384335153
2021,南部地區,南部地區,AGE_GROUP,60歲以上,353,0.3214936247723133
2021,南部地區,南部地區,AGE_MEASURE_TYPE,age_group,1098,1
2021,南部地區,南部地區,EDU,不識字/自修,29,0.026411657559198543
2021,南部地區,南部地區,EDU,國(初)中,185,0.16848816029143898
2021,南部地區,南部地區,EDU,國小,221,0.20127504553734063
2021,南部地區,南部地區,EDU,專科以上,267,0.24316939890710382
2021,南部地區,南部地區,EDU,高中職,396,0.36065573770491804
2021,南部地區,南部地區,EXP_ALCOHOL_EXPENDITURE,"1,000-1,999 元",110,0.10018214936247723
2021,南部地區,南部地區,EXP_ALCOHOL_EXPENDITURE,"10,000-14,999 元",22,0.020036429872495445
2021,南部地區,南部地區,EXP_ALCOHOL_EXPENDITURE,"15,000-19,999 元",4,0.0036429872495446266
2021,南部地區,南部地區,EXP_ALCOHOL_EXPENDITURE,"2,000-2,999 元",88,0.08014571948998178
2021,南部地區,南部地區,EXP_ALCOHOL_EXPENDITURE,"20,000-29,999 元",6,0.00546448087431694
2021,南部地區,南部地區,EXP_ALCOHOL_EXPENDITURE,"3,000-3,999 元",90,0.08196721311475409
2021,南部地區,南部地區,EXP_ALCOHOL_EXPENDITURE,"4,000-4,999 元",52,0.04735883424408015
2021,南部地區,南部地區,EXP_ALCOHOL_EXPENDITURE,499 元及以下,85,0.07741347905282331
2021,南部地區,南部地區,EXP_ALCOHOL_EXPENDITURE,"5,000-6,999 元",48,0.04371584699453552
2021,南部地區,南部地區,EXP_ALCOHOL_EXPENDITURE,500-999 元,110,0.10018214936247723
2021,南部地區,南部地區,EXP_ALCOHOL_EXPENDITURE,"7,000-9,999 元",25,0.022768670309653915
2021,南部地區,南部地區,EXP_ALCOHOL_EXPENDITURE,沒有這項支出,458,0.41712204007285975
2021,南部地區,南部地區,EXP_BOOKS_EXPENDITURE,"1,000-1,999 元",54,0.04918032786885246
2021,南部地區,南部地區,EXP_BOOKS_EXPENDITURE,"2,000-2,999 元",23,0.020947176684881604
2021,南部地區,南部地區,EXP_BOOKS_EXPENDITURE,"3,000-3,999 元",5,0.004553734061930784
2021,南部地區,南部地區,EXP_BOOKS_EXPENDITURE,"4,000-4,999 元",3,0.00273224043715847
2021,南部地區,南部地區,EXP_BOOKS_EXPENDITURE,"5,000-6,999 元",1,9.107468123861566e-4
2021,南部地區,南部地區,EXP_BOOKS_EXPENDITURE,999 元及以下,316,0.2877959927140255
2021,南部地區,南部地區,EXP_BOOKS_EXPENDITURE,沒有這項支出,696,0.6338797814207651
2021,南部地區,南部地區,EXP_CARE_EXPENDITURE,"1,000-1,999 元",17,0.015482695810564663
2021,南部地區,南部地區,EXP_CARE_EXPENDITURE,"10,000-14,999 元",7,0.006375227686703097
2021,南部地區,南部地區,EXP_CARE_EXPENDITURE,"15,000-19,999 元",6,0.00546448087431694
2021,南部地區,南部地區,EXP_CARE_EXPENDITURE,"2,000-2,999 元",5,0.004553734061930784
2021,南部地區,南部地區,EXP_CARE_EXPENDITURE,"20,000-29,999 元",5,0.004553734061930784
2021,南部地區,南部地區,EXP_CARE_EXPENDITURE,"3,000-3,999 元",8,0.007285974499089253
2021,南部地區,南部地區,EXP_CARE_EXPENDITURE,"30,000 元及以上，請記錄________元",7,0.006375227686703097
2021,南部地區,南部地區,EXP_CARE_EXPENDITURE,"4,000-4,999 元",7,0.006375227686703097
2021,南部地區,南部地區,EXP_CARE_EXPENDITURE,"5,000-6,999 元",4,0.0036429872495446266
2021,南部地區,南部地區,EXP_CARE_EXPENDITURE,"7,000-9,999 元",6,0.00546448087431694
2021,南部地區,南部地區,EXP_CARE_EXPENDITURE,999 元及以下,8,0.007285974499089253
2021,南部地區,南部地區,EXP_CARE_EXPENDITURE,沒有這項支出,1018,0.9271402550091075
2021,南部地區,南部地區,EXP_CLEANING_EXPENDITURE,"1,000-1,999 元",5,0.004553734061930784
2021,南部地區,南部地區,EXP_CLEANING_EXPENDITURE,"2,000-2,999 元",3,0.00273224043715847
2021,南部地區,南部地區,EXP_CLEANING_EXPENDITURE,"20,000-29,999 元",2,0.0018214936247723133
2021,南部地區,南部地區,EXP_CLEANING_EXPENDITURE,"3,000-3,999 元",1,9.107468123861566e-4
2021,南部地區,南部地區,EXP_CLEANING_EXPENDITURE,"4,000-4,999 元",1,9.107468123861566e-4
2021,南部地區,南部地區,EXP_CLEANING_EXPENDITURE,"7,000-9,999 元",1,9.107468123861566e-4
2021,南部地區,南部地區,EXP_CLEANING_EXPENDITURE,999 元及以下,8,0.007285974499089253
2021,南部地區,南部地區,EXP_CLEANING_EXPENDITURE,沒有這項支出,1077,0.9808743169398907
2021,南部地區,南部地區,EXP_CLOTHING_EXPENDITURE,"1,000-1,999 元",262,0.23861566484517305
2021,南部地區,南部地區,EXP_CLOTHING_EXPENDITURE,"10,000-14,999 元",6,0.00546448087431694
2021,南部地區,南部地區,EXP_CLOTHING_EXPENDITURE,"15,000-19,999 元",4,0.0036429872495446266
2021,南部地區,南部地區,EXP_CLOTHING_EXPENDITURE,"2,000-2,999 元",162,0.14754098360655737
2021,南部地區,南部地區,EXP_CLOTHING_EXPENDITURE,"20,000-29,999 元",1,9.107468123861566e-4
2021,南部地區,南部地區,EXP_CLOTHING_EXPENDITURE,"3,000-3,999 元",60,0.0546448087431694
2021,南部地區,南部地區,EXP_CLOTHING_EXPENDITURE,"4,000-4,999 元",52,0.04735883424408015
2021,南部地區,南部地區,EXP_CLOTHING_EXPENDITURE,"5,000-6,999 元",22,0.020036429872495445
2021,南部地區,南部地區,EXP_CLOTHING_EXPENDITURE,"7,000-9,999 元",12,0.01092896174863388
2021,南部地區,南部地區,EXP_CLOTHING_EXPENDITURE,999 元及以下,375,0.34153005464480873
2021,南部地區,南部地區,EXP_CLOTHING_EXPENDITURE,沒有這項支出,142,0.12932604735883424
2021,南部地區,南部地區,EXP_DINING_LODGING_EXPENDITURE,"1,000-1,999 元",103,0.09380692167577413
2021,南部地區,南部地區,EXP_DINING_LODGING_EXPENDITURE,"10,000-14,999 元",69,0.06284153005464481
2021,南部地區,南部地區,EXP_DINING_LODGING_EXPENDITURE,"15,000-19,999 元",31,0.028233151183970857
2021,南部地區,南部地區,EXP_DINING_LODGING_EXPENDITURE,"2,000-2,999 元",95,0.08652094717668488
2021,南部地區,南部地區,EXP_DINING_LODGING_EXPENDITURE,"20,000-29,999 元",39,0.03551912568306011
2021,南部地區,南部地區,EXP_DINING_LODGING_EXPENDITURE,"3,000-3,999 元",84,0.07650273224043716
2021,南部地區,南部地區,EXP_DINING_LODGING_EXPENDITURE,"30,000 元及以上，請記錄________元",7,0.006375227686703097
2021,南部地區,南部地區,EXP_DINING_LODGING_EXPENDITURE,"4,000-4,999 元",85,0.07741347905282331
2021,南部地區,南部地區,EXP_DINING_LODGING_EXPENDITURE,"5,000-6,999 元",75,0.06830601092896176
2021,南部地區,南部地區,EXP_DINING_LODGING_EXPENDITURE,"7,000-9,999 元",62,0.056466302367941715
2021,南部地區,南部地區,EXP_DINING_LODGING_EXPENDITURE,999 元及以下,75,0.06830601092896176
2021,南部地區,南部地區,EXP_DINING_LODGING_EXPENDITURE,沒有這項支出,373,0.33970856102003644
2021,南部地區,南部地區,EXP_EDU_TUITION_EXPENDITURE,"1,000-1,999 元",60,0.0546448087431694
2021,南部地區,南部地區,EXP_EDU_TUITION_EXPENDITURE,"10,000-14,999 元",31,0.028233151183970857
2021,南部地區,南部地區,EXP_EDU_TUITION_EXPENDITURE,"15,000-19,999 元",7,0.006375227686703097
2021,南部地區,南部地區,EXP_EDU_TUITION_EXPENDITURE,"2,000-2,999 元",66,0.060109289617486336
2021,南部地區,南部地區,EXP_EDU_TUITION_EXPENDITURE,"20,000-29,999 元",9,0.00819672131147541
2021,南部地區,南部地區,EXP_EDU_TUITION_EXPENDITURE,"3,000-3,999 元",34,0.030965391621129327
2021,南部地區,南部地區,EXP_EDU_TUITION_EXPENDITURE,"30,000 元及以上，請記錄________元",2,0.0018214936247723133
2021,南部地區,南部地區,EXP_EDU_TUITION_EXPENDITURE,"4,000-4,999 元",41,0.037340619307832425
2021,南部地區,南部地區,EXP_EDU_TUITION_EXPENDITURE,"5,000-6,999 元",35,0.031876138433515486
2021,南部地區,南部地區,EXP_EDU_TUITION_EXPENDITURE,"7,000-9,999 元",39,0.03551912568306011
2021,南部地區,南部地區,EXP_EDU_TUITION_EXPENDITURE,999 元及以下,78,0.07103825136612021
2021,南部地區,南部地區,EXP_EDU_TUITION_EXPENDITURE,沒有這項支出,696,0.6338797814207651
2021,南部地區,南部地區,EXP_FOOD_EXPENDITURE,"10,000-11,999 元",142,0.12932604735883424
2021,南部地區,南部地區,EXP_FOOD_EXPENDITURE,"12,000-14,999 元",167,0.15209471766848817
2021,南部地區,南部地區,EXP_FOOD_EXPENDITURE,"15,000-19,999 元",153,0.13934426229508196
2021,南部地區,南部地區,EXP_FOOD_EXPENDITURE,"2,999 元及以下",92,0.08378870673952642
2021,南部地區,南部地區,EXP_FOOD_EXPENDITURE,"20,000-29,999 元",104,0.0947176684881603
2021,南部地區,南部地區,EXP_FOOD_EXPENDITURE,"3,000-4,999 元",136,0.12386156648451731
2021,南部地區,南部地區,EXP_FOOD_EXPENDITURE,"30,000-39,999 元",30,0.0273224043715847
2021,南部地區,南部地區,EXP_FOOD_EXPENDITURE,"40,000-49,999 元",4,0.0036429872495446266
2021,南部地區,南部地區,EXP_FOOD_EXPENDITURE,"5,000-6,999 元",120,0.1092896174863388
2021,南部地區,南部地區,EXP_FOOD_EXPENDITURE,"7,000-9,999 元",150,0.1366120218579235
2021,南部地區,南部地區,EXP_FURNITURE_EXPENDITURE,"1,000-1,999 元",177,0.16120218579234974
2021,南部地區,南部地區,EXP_FURNITURE_EXPENDITURE,"10,000-14,999 元",10,0.009107468123861567
2021,南部地區,南部地區,EXP_FURNITURE_EXPENDITURE,"15,000-19,999 元",4,0.0036429872495446266
2021,南部地區,南部地區,EXP_FURNITURE_EXPENDITURE,"2,000-2,999 元",98,0.08925318761384335
2021,南部地區,南部地區,EXP_FURNITURE_EXPENDITURE,"20,000-29,999 元",4,0.0036429872495446266
2021,南部地區,南部地區,EXP_FURNITURE_EXPENDITURE,"3,000-3,999 元",45,0.040983606557377046
2021,南部地區,南部地區,EXP_FURNITURE_EXPENDITURE,"30,000 元及以上，請記錄________元",4,0.0036429872495446266
2021,南部地區,南部地區,EXP_FURNITURE_EXPENDITURE,"4,000-4,999 元",28,0.025500910746812388
2021,南部地區,南部地區,EXP_FURNITURE_EXPENDITURE,"5,000-6,999 元",25,0.022768670309653915
2021,南部地區,南部地區,EXP_FURNITURE_EXPENDITURE,"7,000-9,999 元",13,0.011839708561020037
2021,南部地區,南部地區,EXP_FURNITURE_EXPENDITURE,999 元及以下,201,0.1830601092896175
2021,南部地區,南部地區,EXP_FURNITURE_EXPENDITURE,沒有這項支出,489,0.4453551912568306
2021,南部地區,南部地區,EXP_HOUSING_UTIL_EXPENDITURE,"1,000-1,499 元",149,0.13570127504553733
2021,南部地區,南部地區,EXP_HOUSING_UTIL_EXPENDITURE,"1,500-1,999 元",139,0.12659380692167577
2021,南部地區,南部地區,EXP_HOUSING_UTIL_EXPENDITURE,"10,000-14,999 元",50,0.04553734061930783
2021,南部地區,南部地區,EXP_HOUSING_UTIL_EXPENDITURE,"15,000-19,999 元",32,0.029143897996357013
2021,南部地區,南部地區,EXP_HOUSING_UTIL_EXPENDITURE,"2,000-2,499 元",120,0.1092896174863388
2021,南部地區,南部地區,EXP_HOUSING_UTIL_EXPENDITURE,"2,500-2,999 元",149,0.13570127504553733
2021,南部地區,南部地區,EXP_HOUSING_UTIL_EXPENDITURE,"20,000-29,999 元",8,0.007285974499089253
2021,南部地區,南部地區,EXP_HOUSING_UTIL_EXPENDITURE,"3,000-4,999 元",217,0.19763205828779598
2021,南部地區,南部地區,EXP_HOUSING_UTIL_EXPENDITURE,"30,000-39,999 元",5,0.004553734061930784
2021,南部地區,南部地區,EXP_HOUSING_UTIL_EXPENDITURE,"40,000-49,999 元",4,0.0036429872495446266
2021,南部地區,南部地區,EXP_HOUSING_UTIL_EXPENDITURE,"5,000-9,999 元",132,0.12021857923497267
2021,南部地區,南部地區,EXP_HOUSING_UTIL_EXPENDITURE,"50,000-59,999 元",3,0.00273224043715847
2021,南部地區,南部地區,EXP_HOUSING_UTIL_EXPENDITURE,999 元及以下,86,0.07832422586520947
2021,南部地區,南部地區,EXP_HOUSING_UTIL_EXPENDITURE,沒有這項支出,4,0.0036429872495446266
2021,南部地區,南部地區,EXP_LOAN_INTEREST_EXPENDITURE,"1,000-1,999 元",35,0.031876138433515486
2021,南部地區,南部地區,EXP_LOAN_INTEREST_EXPENDITURE,"10,000-14,999 元",25,0.022768670309653915
2021,南部地區,南部地區,EXP_LOAN_INTEREST_EXPENDITURE,"15,000-19,999 元",12,0.01092896174863388
2021,南部地區,南部地區,EXP_LOAN_INTEREST_EXPENDITURE,"2,000-2,999 元",38,0.03460837887067395
2021,南部地區,南部地區,EXP_LOAN_INTEREST_EXPENDITURE,"20,000-29,999 元",18,0.01639344262295082
2021,南部地區,南部地區,EXP_LOAN_INTEREST_EXPENDITURE,"3,000-3,999 元",15,0.01366120218579235
2021,南部地區,南部地區,EXP_LOAN_INTEREST_EXPENDITURE,"30,000 元及以上，請記錄________元",3,0.00273224043715847
2021,南部地區,南部地區,EXP_LOAN_INTEREST_EXPENDITURE,"4,000-4,999 元",12,0.01092896174863388
2021,南部地區,南部地區,EXP_LOAN_INTEREST_EXPENDITURE,"5,000-6,999 元",13,0.011839708561020037
2021,南部地區,南部地區,EXP_LOAN_INTEREST_EXPENDITURE,"7,000-9,999 元",10,0.009107468123861567
2021,南部地區,南部地區,EXP_LOAN_INTEREST_EXPENDITURE,999 元及以下,32,0.029143897996357013
2021,南部地區,南部地區,EXP_LOAN_INTEREST_EXPENDITURE,沒有這項支出,885,0.8060109289617486
2021,南部地區,南部地區,EXP_MEDICAL_EXPENDITURE,"1,000-1,999 元",171,0.1557377049180328
2021,南部地區,南部地區,EXP_MEDICAL_EXPENDITURE,"10,000-14,999 元",41,0.037340619307832425
2021,南部地區,南部地區,EXP_MEDICAL_EXPENDITURE,"15,000-19,999 元",18,0.01639344262295082
2021,南部地區,南部地區,EXP_MEDICAL_EXPENDITURE,"2,000-2,999 元",100,0.09107468123861566
2021,南部地區,南部地區,EXP_MEDICAL_EXPENDITURE,"20,000-29,999 元",15,0.01366120218579235
2021,南部地區,南部地區,EXP_MEDICAL_EXPENDITURE,"3,000-3,999 元",90,0.08196721311475409
2021,南部地區,南部地區,EXP_MEDICAL_EXPENDITURE,"30,000 元及以上，請記錄________元",4,0.0036429872495446266
2021,南部地區,南部地區,EXP_MEDICAL_EXPENDITURE,"4,000-4,999 元",59,0.05373406193078324
2021,南部地區,南部地區,EXP_MEDICAL_EXPENDITURE,499 元及以下,283,0.25774134790528236
2021,南部地區,南部地區,EXP_MEDICAL_EXPENDITURE,"5,000-6,999 元",52,0.04735883424408015
2021,南部地區,南部地區,EXP_MEDICAL_EXPENDITURE,500-999 元,169,0.15391621129326047
2021,南部地區,南部地區,EXP_MEDICAL_EXPENDITURE,"7,000-9,999 元",48,0.04371584699453552
2021,南部地區,南部地區,EXP_MEDICAL_EXPENDITURE,沒有這項支出,48,0.04371584699453552
2021,南部地區,南部地區,EXP_OTHER_EXPENDITURE,"1,000-1,999 元",180,0.16393442622950818
2021,南部地區,南部地區,EXP_OTHER_EXPENDITURE,"10,000-14,999 元",9,0.00819672131147541
2021,南部地區,南部地區,EXP_OTHER_EXPENDITURE,"15,000-19,999 元",3,0.00273224043715847
2021,南部地區,南部地區,EXP_OTHER_EXPENDITURE,"2,000-2,999 元",121,0.11020036429872496
2021,南部地區,南部地區,EXP_OTHER_EXPENDITURE,"20,000-29,999 元",3,0.00273224043715847
2021,南部地區,南部地區,EXP_OTHER_EXPENDITURE,"3,000-3,999 元",52,0.04735883424408015
2021,南部地區,南部地區,EXP_OTHER_EXPENDITURE,"30,000 元及以上，請記錄________元",1,9.107468123861566e-4
2021,南部地區,南部地區,EXP_OTHER_EXPENDITURE,"4,000-4,999 元",30,0.0273224043715847
2021,南部地區,南部地區,EXP_OTHER_EXPENDITURE,"5,000-6,999 元",13,0.011839708561020037
2021,南部地區,南部地區,EXP_OTHER_EXPENDITURE,"7,000-9,999 元",10,0.009107468123861567
2021,南部地區,南部地區,EXP_OTHER_EXPENDITURE,999 元及以下,155,0.14116575591985428
2021,南部地區,南部地區,EXP_OTHER_EXPENDITURE,沒有這項支出,521,0.4744990892531876
2021,南部地區,南部地區,EXP_TAX_INS_GIFT_EXPENDITURE,"1,000-1,499 元",118,0.10746812386156648
2021,南部地區,南部地區,EXP_TAX_INS_GIFT_EXPENDITURE,"1,500-1,999 元",103,0.09380692167577413
2021,南部地區,南部地區,EXP_TAX_INS_GIFT_EXPENDITURE,"10,000-14,999 元",54,0.04918032786885246
2021,南部地區,南部地區,EXP_TAX_INS_GIFT_EXPENDITURE,"15,000-19,999 元",27,0.02459016393442623
2021,南部地區,南部地區,EXP_TAX_INS_GIFT_EXPENDITURE,"2,000-2,499 元",71,0.06466302367941712
2021,南部地區,南部地區,EXP_TAX_INS_GIFT_EXPENDITURE,"2,500-2,999 元",90,0.08196721311475409
2021,南部地區,南部地區,EXP_TAX_INS_GIFT_EXPENDITURE,"20,000-29,999 元",18,0.01639344262295082
2021,南部地區,南部地區,EXP_TAX_INS_GIFT_EXPENDITURE,"3,000-3,999 元",98,0.08925318761384335
2021,南部地區,南部地區,EXP_TAX_INS_GIFT_EXPENDITURE,"30,000 元及以上，請記錄________元",1,9.107468123861566e-4
2021,南部地區,南部地區,EXP_TAX_INS_GIFT_EXPENDITURE,"4,000-4,999 元",96,0.08743169398907104
2021,南部地區,南部地區,EXP_TAX_INS_GIFT_EXPENDITURE,"5,000-6,999 元",131,0.11930783242258652
2021,南部地區,南部地區,EXP_TAX_INS_GIFT_EXPENDITURE,"7,000-9,999 元",86,0.07832422586520947
2021,南部地區,南部地區,EXP_TAX_INS_GIFT_EXPENDITURE,999 元及以下,149,0.13570127504553733
2021,南部地區,南部地區,EXP_TAX_INS_GIFT_EXPENDITURE,沒有這項支出,56,0.051001821493624776
2021,南部地區,南部地區,EXP_TRANSPORT_COMM_EXPENDITURE,"1,000-1,999 元",120,0.1092896174863388
2021,南部地區,南部地區,EXP_TRANSPORT_COMM_EXPENDITURE,"10,000-14,999 元",147,0.13387978142076504
2021,南部地區,南部地區,EXP_TRANSPORT_COMM_EXPENDITURE,"15,000-19,999 元",50,0.04553734061930783
2021,南部地區,南部地區,EXP_TRANSPORT_COMM_EXPENDITURE,"2,000-2,999 元",118,0.10746812386156648
2021,南部地區,南部地區,EXP_TRANSPORT_COMM_EXPENDITURE,"20,000-29,999 元",37,0.033697632058287796
2021,南部地區,南部地區,EXP_TRANSPORT_COMM_EXPENDITURE,"3,000-3,999 元",90,0.08196721311475409
2021,南部地區,南部地區,EXP_TRANSPORT_COMM_EXPENDITURE,"30,000 元及以上，請記錄________元",9,0.00819672131147541
2021,南部地區,南部地區,EXP_TRANSPORT_COMM_EXPENDITURE,"4,000-4,999 元",136,0.12386156648451731
2021,南部地區,南部地區,EXP_TRANSPORT_COMM_EXPENDITURE,"5,000-6,999 元",163,0.14845173041894352
2021,南部地區,南部地區,EXP_TRANSPORT_COMM_EXPENDITURE,"7,000-9,999 元",144,0.13114754098360656
2021,南部地區,南部地區,EXP_TRANSPORT_COMM_EXPENDITURE,999 元及以下,78,0.07103825136612021
2021,南部地區,南部地區,EXP_TRANSPORT_COMM_EXPENDITURE,沒有這項支出,6,0.00546448087431694
2021,南部地區,南部地區,EXP_TRAVEL_EXPENDITURE,"1,000-1,999 元",41,0.037340619307832425
2021,南部地區,南部地區,EXP_TRAVEL_EXPENDITURE,"10,000-14,999 元",6,0.00546448087431694
2021,南部地區,南部地區,EXP_TRAVEL_EXPENDITURE,"15,000-19,999 元",1,9.107468123861566e-4
2021,南部地區,南部地區,EXP_TRAVEL_EXPENDITURE,"2,000-2,999 元",33,0.030054644808743168
2021,南部地區,南部地區,EXP_TRAVEL_EXPENDITURE,"20,000-29,999 元",1,9.107468123861566e-4
2021,南部地區,南部地區,EXP_TRAVEL_EXPENDITURE,"3,000-3,999 元",9,0.00819672131147541
2021,南部地區,南部地區,EXP_TRAVEL_EXPENDITURE,"30,000 元及以上，請記錄________元",1,9.107468123861566e-4
2021,南部地區,南部地區,EXP_TRAVEL_EXPENDITURE,"4,000-4,999 元",7,0.006375227686703097
2021,南部地區,南部地區,EXP_TRAVEL_EXPENDITURE,"5,000-6,999 元",5,0.004553734061930784
2021,南部地區,南部地區,EXP_TRAVEL_EXPENDITURE,"7,000-9,999 元",3,0.00273224043715847
2021,南部地區,南部地區,EXP_TRAVEL_EXPENDITURE,999 元及以下,59,0.05373406193078324
2021,南部地區,南部地區,EXP_TRAVEL_EXPENDITURE,沒有這項支出,932,0.848816029143898
2021,南部地區,南部地區,HOUSE_BELONG,借用,51,0.04644808743169399
2021,南部地區,南部地區,HOUSE_BELONG,租賃,170,0.15482695810564662
2021,南部地區,南部地區,HOUSE_BELONG,自有/家人所有/自建,873,0.7950819672131147
2021,南部地區,南部地區,HOUSE_BELONG,配住,4,0.0036429872495446266
2021,南部地區,南部地區,INC_FAM_GOV_INCOME,"1,000-1,999 元",5,0.004553734061930784
2021,南部地區,南部地區,INC_FAM_GOV_INCOME,"10,000-14,999 元",77,0.07012750455373407
2021,南部地區,南部地區,INC_FAM_GOV_INCOME,"15,000-19,999 元",29,0.026411657559198543
2021,南部地區,南部地區,INC_FAM_GOV_INCOME,"2,000-2,999 元",20,0.018214936247723135
2021,南部地區,南部地區,INC_FAM_GOV_INCOME,"20,000-29,999 元",21,0.01912568306010929
2021,南部地區,南部地區,INC_FAM_GOV_INCOME,"3,000-3,999 元",164,0.1493624772313297
2021,南部地區,南部地區,INC_FAM_GOV_INCOME,"30,000 元及以上，請記錄________元",6,0.00546448087431694
2021,南部地區,南部地區,INC_FAM_GOV_INCOME,"4,000-4,999 元",46,0.04189435336976321
2021,南部地區,南部地區,INC_FAM_GOV_INCOME,"5,000-5,999 元",41,0.037340619307832425
2021,南部地區,南部地區,INC_FAM_GOV_INCOME,"6,000-7,999 元",137,0.12477231329690346
2021,南部地區,南部地區,INC_FAM_GOV_INCOME,"8,000-9,999 元",38,0.03460837887067395
2021,南部地區,南部地區,INC_FAM_GOV_INCOME,999 元及以下,15,0.01366120218579235
2021,南部地區,南部地區,INC_FAM_GOV_INCOME,沒有這項收入,499,0.4544626593806922
2021,南部地區,南部地區,INC_FAM_INTEREST_INCOME,"1,000-1,999 元",30,0.0273224043715847
2021,南部地區,南部地區,INC_FAM_INTEREST_INCOME,"10,000-14,999 元",5,0.004553734061930784
2021,南部地區,南部地區,INC_FAM_INTEREST_INCOME,"15,000-19,999 元",1,9.107468123861566e-4
2021,南部地區,南部地區,INC_FAM_INTEREST_INCOME,"2,000-2,999 元",16,0.014571948998178506
2021,南部地區,南部地區,INC_FAM_INTEREST_INCOME,"3,000-3,999 元",6,0.00546448087431694
2021,南部地區,南部地區,INC_FAM_INTEREST_INCOME,"30,000 元及以上，請記錄________元",2,0.0018214936247723133
2021,南部地區,南部地區,INC_FAM_INTEREST_INCOME,"4,000-4,999 元",10,0.009107468123861567
2021,南部地區,南部地區,INC_FAM_INTEREST_INCOME,"5,000-5,999 元",4,0.0036429872495446266
2021,南部地區,南部地區,INC_FAM_INTEREST_INCOME,"6,000-7,999 元",1,9.107468123861566e-4
2021,南部地區,南部地區,INC_FAM_INTEREST_INCOME,"8,000-9,999 元",6,0.00546448087431694
2021,南部地區,南部地區,INC_FAM_INTEREST_INCOME,999 元及以下,160,0.14571948998178508
2021,南部地區,南部地區,INC_FAM_INTEREST_INCOME,沒有這項收入,857,0.7805100182149363
2021,南部地區,南部地區,INC_FAM_OTHER_INCOME,"10,000-14,999 元",4,0.0036429872495446266
2021,南部地區,南部地區,INC_FAM_OTHER_INCOME,"20,000-24,999 元",2,0.0018214936247723133
2021,南部地區,南部地區,INC_FAM_OTHER_INCOME,"25,000-29,999 元",2,0.0018214936247723133
2021,南部地區,南部地區,INC_FAM_OTHER_INCOME,"4,999 元及以下",28,0.025500910746812388
2021,南部地區,南部地區,INC_FAM_OTHER_INCOME,"5,000-9,999 元",6,0.00546448087431694
2021,南部地區,南部地區,INC_FAM_OTHER_INCOME,"50,000-59,999 元",8,0.007285974499089253
2021,南部地區,南部地區,INC_FAM_OTHER_INCOME,沒有這項收入,1048,0.9544626593806922
2021,南部地區,南部地區,INC_FAM_RENT_INCOME,"10,000-14,999 元",5,0.004553734061930784
2021,南部地區,南部地區,INC_FAM_RENT_INCOME,"15,000-19,999 元",2,0.0018214936247723133
2021,南部地區,南部地區,INC_FAM_RENT_INCOME,"20,000-24,999 元",2,0.0018214936247723133
2021,南部地區,南部地區,INC_FAM_RENT_INCOME,"4,999 元及以下",8,0.007285974499089253
2021,南部地區,南部地區,INC_FAM_RENT_INCOME,"40,000-49,999 元",1,9.107468123861566e-4
2021,南部地區,南部地區,INC_FAM_RENT_INCOME,"5,000-9,999 元",11,0.010018214936247723
2021,南部地區,南部地區,INC_FAM_RENT_INCOME,"50,000-59,999 元",4,0.0036429872495446266
2021,南部地區,南部地區,INC_FAM_RENT_INCOME,沒有這項收入,1065,0.9699453551912568
2021,南部地區,南部地區,INC_FAM_TRANSFER_INCOME,"1,000-1,999 元",30,0.0273224043715847
2021,南部地區,南部地區,INC_FAM_TRANSFER_INCOME,"10,000-14,999 元",4,0.0036429872495446266
2021,南部地區,南部地區,INC_FAM_TRANSFER_INCOME,"15,000-19,999 元",2,0.0018214936247723133
2021,南部地區,南部地區,INC_FAM_TRANSFER_INCOME,"2,000-2,999 元",13,0.011839708561020037
2021,南部地區,南部地區,INC_FAM_TRANSFER_INCOME,"20,000-29,999 元",2,0.0018214936247723133
2021,南部地區,南部地區,INC_FAM_TRANSFER_INCOME,"3,000-3,999 元",5,0.004553734061930784
2021,南部地區,南部地區,INC_FAM_TRANSFER_INCOME,"30,000 元及以上，請記錄________元",1,9.107468123861566e-4
2021,南部地區,南部地區,INC_FAM_TRANSFER_INCOME,"4,000-4,999 元",6,0.00546448087431694
2021,南部地區,南部地區,INC_FAM_TRANSFER_INCOME,"5,000-5,999 元",2,0.0018214936247723133
2021,南部地區,南部地區,INC_FAM_TRANSFER_INCOME,"6,000-7,999 元",4,0.0036429872495446266
2021,南部地區,南部地區,INC_FAM_TRANSFER_INCOME,"8,000-9,999 元",1,9.107468123861566e-4
2021,南部地區,南部地區,INC_FAM_TRANSFER_INCOME,999 元及以下,78,0.07103825136612021
2021,南部地區,南部地區,INC_FAM_TRANSFER_INCOME,沒有這項收入,950,0.8652094717668488
2021,南部地區,南部地區,INC_FAM_WORK_INCOME,"10,000-19,999 元",92,0.08378870673952642
2021,南部地區,南部地區,INC_FAM_WORK_INCOME,"100,000-129,999元",74,0.06739526411657559
2021,南部地區,南部地區,INC_FAM_WORK_INCOME,"130,000-159,999元",49,0.044626593806921674
2021,南部地區,南部地區,INC_FAM_WORK_INCOME,"160,000 元及以上，請記錄____________元",14,0.012750455373406194
2021,南部地區,南部地區,INC_FAM_WORK_INCOME,"20,000-29,999 元",100,0.09107468123861566
2021,南部地區,南部地區,INC_FAM_WORK_INCOME,"30,000-39,999 元",132,0.12021857923497267
2021,南部地區,南部地區,INC_FAM_WORK_INCOME,"40,000-49,999 元",124,0.11293260473588343
2021,南部地區,南部地區,INC_FAM_WORK_INCOME,"50,000-59,999 元",113,0.1029143897996357
2021,南部地區,南部地區,INC_FAM_WORK_INCOME,"60,000-69,999 元",109,0.09927140255009108
2021,南部地區,南部地區,INC_FAM_WORK_INCOME,"70,000-79,999 元",77,0.07012750455373407
2021,南部地區,南部地區,INC_FAM_WORK_INCOME,"80,000-89,999 元",73,0.06648451730418943
2021,南部地區,南部地區,INC_FAM_WORK_INCOME,"9,999 元及以下",32,0.029143897996357013
2021,南部地區,南部地區,INC_FAM_WORK_INCOME,"90,000-99,999 元",43,0.039162112932604735
2021,南部地區,南部地區,INC_FAM_WORK_INCOME,沒有這項收入,66,0.060109289617486336
2021,南部地區,南部地區,INC_PERS_GOV_INCOME,"1,000-1,999 元",4,0.0036429872495446266
2021,南部地區,南部地區,INC_PERS_GOV_INCOME,"10,000-14,999 元",22,0.020036429872495445
2021,南部地區,南部地區,INC_PERS_GOV_INCOME,"15,000-19,999 元",9,0.00819672131147541
2021,南部地區,南部地區,INC_PERS_GOV_INCOME,"2,000-2,999 元",11,0.010018214936247723
2021,南部地區,南部地區,INC_PERS_GOV_INCOME,"20,000-29,999 元",8,0.007285974499089253
2021,南部地區,南部地區,INC_PERS_GOV_INCOME,"3,000-3,999 元",126,0.11475409836065574
2021,南部地區,南部地區,INC_PERS_GOV_INCOME,"30,000 元及以上，請記錄________元",1,9.107468123861566e-4
2021,南部地區,南部地區,INC_PERS_GOV_INCOME,"4,000-4,999 元",24,0.02185792349726776
2021,南部地區,南部地區,INC_PERS_GOV_INCOME,"5,000-5,999 元",14,0.012750455373406194
2021,南部地區,南部地區,INC_PERS_GOV_INCOME,"6,000-7,999 元",78,0.07103825136612021
2021,南部地區,南部地區,INC_PERS_GOV_INCOME,"8,000-9,999 元",17,0.015482695810564663
2021,南部地區,南部地區,INC_PERS_GOV_INCOME,999 元及以下,13,0.011839708561020037
2021,南部地區,南部地區,INC_PERS_GOV_INCOME,沒有這項收入,771,0.7021857923497268
2021,南部地區,南部地區,INC_PERS_INTEREST_INCOME,"1,000-1,999 元",17,0.015482695810564663
2021,南部地區,南部地區,INC_PERS_INTEREST_INCOME,"10,000-14,999 元",3,0.00273224043715847
2021,南部地區,南部地區,INC_PERS_INTEREST_INCOME,"15,000-19,999 元",1,9.107468123861566e-4
2021,南部地區,南部地區,INC_PERS_INTEREST_INCOME,"2,000-2,999 元",15,0.01366120218579235
2021,南部地區,南部地區,INC_PERS_INTEREST_INCOME,"3,000-3,999 元",4,0.0036429872495446266
2021,南部地區,南部地區,INC_PERS_INTEREST_INCOME,"30,000 元及以上，請記錄________元",1,9.107468123861566e-4
2021,南部地區,南部地區,INC_PERS_INTEREST_INCOME,"4,000-4,999 元",8,0.007285974499089253
2021,南部地區,南部地區,INC_PERS_INTEREST_INCOME,"5,000-5,999 元",2,0.0018214936247723133
2021,南部地區,南部地區,INC_PERS_INTEREST_INCOME,"8,000-9,999 元",2,0.0018214936247723133
2021,南部地區,南部地區,INC_PERS_INTEREST_INCOME,999 元及以下,140,0.12750455373406194
2021,南部地區,南部地區,INC_PERS_INTEREST_INCOME,沒有這項收入,905,0.8242258652094717
2021,南部地區,南部地區,INC_PERS_OTHER_INCOME,"10,000-14,999 元",3,0.00273224043715847
2021,南部地區,南部地區,INC_PERS_OTHER_INCOME,"20,000-24,999 元",1,9.107468123861566e-4
2021,南部地區,南部地區,INC_PERS_OTHER_INCOME,"25,000-29,999 元",1,9.107468123861566e-4
2021,南部地區,南部地區,INC_PERS_OTHER_INCOME,"4,999 元及以下",14,0.012750455373406194
2021,南部地區,南部地區,INC_PERS_OTHER_INCOME,"5,000-9,999 元",6,0.00546448087431694
2021,南部地區,南部地區,INC_PERS_OTHER_INCOME,沒有這項收入,1073,0.9772313296903461
2021,南部地區,南部地區,INC_PERS_RENT_INCOME,"10,000-14,999 元",5,0.004553734061930784
2021,南部地區,南部地區,INC_PERS_RENT_INCOME,"4,999 元及以下",6,0.00546448087431694
2021,南部地區,南部地區,INC_PERS_RENT_INCOME,"40,000-49,999 元",1,9.107468123861566e-4
2021,南部地區,南部地區,INC_PERS_RENT_INCOME,"5,000-9,999 元",7,0.006375227686703097
2021,南部地區,南部地區,INC_PERS_RENT_INCOME,"50,000-59,999 元",2,0.0018214936247723133
2021,南部地區,南部地區,INC_PERS_RENT_INCOME,沒有這項收入,1077,0.9808743169398907
2021,南部地區,南部地區,INC_PERS_TRANSFER_INCOME,"1,000-1,999 元",16,0.014571948998178506
2021,南部地區,南部地區,INC_PERS_TRANSFER_INCOME,"10,000-14,999 元",3,0.00273224043715847
2021,南部地區,南部地區,INC_PERS_TRANSFER_INCOME,"2,000-2,999 元",7,0.006375227686703097
2021,南部地區,南部地區,INC_PERS_TRANSFER_INCOME,"20,000-29,999 元",2,0.0018214936247723133
2021,南部地區,南部地區,INC_PERS_TRANSFER_INCOME,"3,000-3,999 元",3,0.00273224043715847
2021,南部地區,南部地區,INC_PERS_TRANSFER_INCOME,"30,000 元及以上，請記錄________元",1,9.107468123861566e-4
2021,南部地區,南部地區,INC_PERS_TRANSFER_INCOME,"4,000-4,999 元",5,0.004553734061930784
2021,南部地區,南部地區,INC_PERS_TRANSFER_INCOME,"5,000-5,999 元",2,0.0018214936247723133
2021,南部地區,南部地區,INC_PERS_TRANSFER_INCOME,999 元及以下,52,0.04735883424408015
2021,南部地區,南部地區,INC_PERS_TRANSFER_INCOME,沒有這項收入,1007,0.9171220400728597
2021,南部地區,南部地區,INC_PERS_WORK_INCOME,"10,000-14,999 元",85,0.07741347905282331
2021,南部地區,南部地區,INC_PERS_WORK_INCOME,"100,000-129,999元",6,0.00546448087431694
2021,南部地區,南部地區,INC_PERS_WORK_INCOME,"130,000-159,999元",5,0.004553734061930784
2021,南部地區,南部地區,INC_PERS_WORK_INCOME,"15,000-19,999 元",56,0.051001821493624776
2021,南部地區,南部地區,INC_PERS_WORK_INCOME,"160,000 元及以上，請記錄____________元",3,0.00273224043715847
2021,南部地區,南部地區,INC_PERS_WORK_INCOME,"20,000-24,999 元",77,0.07012750455373407
2021,南部地區,南部地區,INC_PERS_WORK_INCOME,"25,000-29,999 元",154,0.14025500910746813
2021,南部地區,南部地區,INC_PERS_WORK_INCOME,"30,000-39,999 元",230,0.20947176684881602
2021,南部地區,南部地區,INC_PERS_WORK_INCOME,"40,000-49,999 元",125,0.11384335154826958
2021,南部地區,南部地區,INC_PERS_WORK_INCOME,"50,000-59,999 元",90,0.08196721311475409
2021,南部地區,南部地區,INC_PERS_WORK_INCOME,"60,000-69,999 元",43,0.039162112932604735
2021,南部地區,南部地區,INC_PERS_WORK_INCOME,"70,000-79,999 元",22,0.020036429872495445
2021,南部地區,南部地區,INC_PERS_WORK_INCOME,"80,000-89,999 元",10,0.009107468123861567
2021,南部地區,南部地區,INC_PERS_WORK_INCOME,"9,999 元及以下",43,0.039162112932604735
2021,南部地區,南部地區,INC_PERS_WORK_INCOME,"90,000-99,999 元",12,0.01092896174863388
2021,南部地區,南部地區,INC_PERS_WORK_INCOME,沒有這項收入,137,0.12477231329690346
2021,南部地區,南部地區,MALE,男性,666,0.6065573770491803
2021,南部地區,南部地區,MALE,非男性,432,0.39344262295081966
2021,南部地區,南部地區,RACE,卑南族,14,0.012855831037649219
2021,南部地區,南部地區,RACE,太魯閣族,9,0.008264462809917356
2021,南部地區,南部地區,RACE,布農族,99,0.09090909090909091
2021,南部地區,南部地區,RACE,排灣族,467,0.42883379247015613
2021,南部地區,南部地區,RACE,泰雅族,15,0.013774104683195593
2021,南部地區,南部地區,RACE,賽夏族,1,9.182736455463728e-4
2021,南部地區,南部地區,RACE,賽德克族,4,0.0036730945821854912
2021,南部地區,南部地區,RACE,鄒族,33,0.030303030303030304
2021,南部地區,南部地區,RACE,阿美族,107,0.09825528007346189
2021,南部地區,南部地區,RACE,雅美族/達悟族,2,0.0018365472910927456
2021,南部地區,南部地區,RACE,非原住民族,241,0.22130394857667585
2021,南部地區,南部地區,RACE,魯凱族,97,0.08907254361799816
2021,南部地區,南部地區,RENT,"1,000-2,999元",12,0.06896551724137931
2021,南部地區,南部地區,RENT,"10,000-19,999元",54,0.3103448275862069
2021,南部地區,南部地區,RENT,"20,000元以上",5,0.028735632183908046
2021,南部地區,南部地區,RENT,"3,000-4,999元",18,0.10344827586206896
2021,南部地區,南部地區,RENT,"5,000-6,999元",30,0.1724137931034483
2021,南部地區,南部地區,RENT,"7,000-9,999元",47,0.27011494252873564
2021,南部地區,南部地區,RENT,不需要支付租金,5,0.028735632183908046
2021,南部地區,南部地區,RENT,"未滿1,000元",3,0.017241379310344827
2021,東部及離島地區,東部及離島地區,AGE_GROUP,20-29歲,60,0.03898635477582846
2021,東部及離島地區,東部及離島地區,AGE_GROUP,30-39歲,182,0.11825860948667966
2021,東部及離島地區,東部及離島地區,AGE_GROUP,40-49歲,230,0.14944769330734242
2021,東部及離島地區,東部及離島地區,AGE_GROUP,50-59歲,372,0.24171539961013644
2021,東部及離島地區,東部及離島地區,AGE_GROUP,60歲以上,695,0.45159194282001297
2021,東部及離島地區,東部及離島地區,AGE_MEASURE_TYPE,age_group,1539,1
2021,東部及離島地區,東部及離島地區,EDU,不識字/自修,71,0.04613385315139701
2021,東部及離島地區,東部及離島地區,EDU,國(初)中,294,0.19103313840155944
2021,東部及離島地區,東部及離島地區,EDU,國小,429,0.2787524366471735
2021,東部及離島地區,東部及離島地區,EDU,專科以上,232,0.1507472384665367
2021,東部及離島地區,東部及離島地區,EDU,高中職,513,0.3333333333333333
2021,東部及離島地區,東部及離島地區,EXP_ALCOHOL_EXPENDITURE,"1,000-1,999 元",185,0.12020792722547108
2021,東部及離島地區,東部及離島地區,EXP_ALCOHOL_EXPENDITURE,"10,000-14,999 元",30,0.01949317738791423
2021,東部及離島地區,東部及離島地區,EXP_ALCOHOL_EXPENDITURE,"15,000-19,999 元",10,0.00649772579597141
2021,東部及離島地區,東部及離島地區,EXP_ALCOHOL_EXPENDITURE,"2,000-2,999 元",136,0.08836907082521117
2021,東部及離島地區,東部及離島地區,EXP_ALCOHOL_EXPENDITURE,"20,000-29,999 元",7,0.004548408057179987
2021,東部及離島地區,東部及離島地區,EXP_ALCOHOL_EXPENDITURE,"3,000-3,999 元",121,0.07862248213125406
2021,東部及離島地區,東部及離島地區,EXP_ALCOHOL_EXPENDITURE,"30,000 元及以上，請記錄________元",1,6.49772579597141e-4
2021,東部及離島地區,東部及離島地區,EXP_ALCOHOL_EXPENDITURE,"4,000-4,999 元",80,0.05198180636777128
2021,東部及離島地區,東部及離島地區,EXP_ALCOHOL_EXPENDITURE,499 元及以下,196,0.12735542560103963
2021,東部及離島地區,東部及離島地區,EXP_ALCOHOL_EXPENDITURE,"5,000-6,999 元",93,0.06042884990253411
2021,東部及離島地區,東部及離島地區,EXP_ALCOHOL_EXPENDITURE,500-999 元,208,0.13515269655620532
2021,東部及離島地區,東部及離島地區,EXP_ALCOHOL_EXPENDITURE,"7,000-9,999 元",67,0.043534762833008445
2021,東部及離島地區,東部及離島地區,EXP_ALCOHOL_EXPENDITURE,沒有這項支出,405,0.2631578947368421
2021,東部及離島地區,東部及離島地區,EXP_BOOKS_EXPENDITURE,"1,000-1,999 元",44,0.028589993502274202
2021,東部及離島地區,東部及離島地區,EXP_BOOKS_EXPENDITURE,"2,000-2,999 元",11,0.007147498375568551
2021,東部及離島地區,東部及離島地區,EXP_BOOKS_EXPENDITURE,"3,000-3,999 元",2,0.001299545159194282
2021,東部及離島地區,東部及離島地區,EXP_BOOKS_EXPENDITURE,"4,000-4,999 元",4,0.002599090318388564
2021,東部及離島地區,東部及離島地區,EXP_BOOKS_EXPENDITURE,"7,000-9,999 元",1,6.49772579597141e-4
2021,東部及離島地區,東部及離島地區,EXP_BOOKS_EXPENDITURE,999 元及以下,206,0.13385315139701104
2021,東部及離島地區,東部及離島地區,EXP_BOOKS_EXPENDITURE,沒有這項支出,1271,0.8258609486679662
2021,東部及離島地區,東部及離島地區,EXP_CARE_EXPENDITURE,"1,000-1,999 元",28,0.018193632228719947
2021,東部及離島地區,東部及離島地區,EXP_CARE_EXPENDITURE,"10,000-14,999 元",8,0.005198180636777128
2021,東部及離島地區,東部及離島地區,EXP_CARE_EXPENDITURE,"15,000-19,999 元",2,0.001299545159194282
2021,東部及離島地區,東部及離島地區,EXP_CARE_EXPENDITURE,"2,000-2,999 元",12,0.007797270955165692
2021,東部及離島地區,東部及離島地區,EXP_CARE_EXPENDITURE,"20,000-29,999 元",9,0.005847953216374269
2021,東部及離島地區,東部及離島地區,EXP_CARE_EXPENDITURE,"3,000-3,999 元",16,0.010396361273554255
2021,東部及離島地區,東部及離島地區,EXP_CARE_EXPENDITURE,"30,000 元及以上，請記錄________元",3,0.001949317738791423
2021,東部及離島地區,東部及離島地區,EXP_CARE_EXPENDITURE,"4,000-4,999 元",4,0.002599090318388564
2021,東部及離島地區,東部及離島地區,EXP_CARE_EXPENDITURE,"5,000-6,999 元",4,0.002599090318388564
2021,東部及離島地區,東部及離島地區,EXP_CARE_EXPENDITURE,"7,000-9,999 元",10,0.00649772579597141
2021,東部及離島地區,東部及離島地區,EXP_CARE_EXPENDITURE,999 元及以下,19,0.012345679012345678
2021,東部及離島地區,東部及離島地區,EXP_CARE_EXPENDITURE,沒有這項支出,1424,0.9252761533463287
2021,東部及離島地區,東部及離島地區,EXP_CLEANING_EXPENDITURE,"1,000-1,999 元",6,0.003898635477582846
2021,東部及離島地區,東部及離島地區,EXP_CLEANING_EXPENDITURE,"15,000-19,999 元",1,6.49772579597141e-4
2021,東部及離島地區,東部及離島地區,EXP_CLEANING_EXPENDITURE,"2,000-2,999 元",3,0.001949317738791423
2021,東部及離島地區,東部及離島地區,EXP_CLEANING_EXPENDITURE,"20,000-29,999 元",3,0.001949317738791423
2021,東部及離島地區,東部及離島地區,EXP_CLEANING_EXPENDITURE,"3,000-3,999 元",3,0.001949317738791423
2021,東部及離島地區,東部及離島地區,EXP_CLEANING_EXPENDITURE,999 元及以下,35,0.022742040285899934
2021,東部及離島地區,東部及離島地區,EXP_CLEANING_EXPENDITURE,沒有這項支出,1488,0.9668615984405458
2021,東部及離島地區,東部及離島地區,EXP_CLOTHING_EXPENDITURE,"1,000-1,999 元",306,0.19883040935672514
2021,東部及離島地區,東部及離島地區,EXP_CLOTHING_EXPENDITURE,"10,000-14,999 元",9,0.005847953216374269
2021,東部及離島地區,東部及離島地區,EXP_CLOTHING_EXPENDITURE,"15,000-19,999 元",5,0.003248862897985705
2021,東部及離島地區,東部及離島地區,EXP_CLOTHING_EXPENDITURE,"2,000-2,999 元",132,0.08576998050682261
2021,東部及離島地區,東部及離島地區,EXP_CLOTHING_EXPENDITURE,"20,000-29,999 元",2,0.001299545159194282
2021,東部及離島地區,東部及離島地區,EXP_CLOTHING_EXPENDITURE,"3,000-3,999 元",59,0.03833658219623132
2021,東部及離島地區,東部及離島地區,EXP_CLOTHING_EXPENDITURE,"30,000 元及以上，請記錄________元",1,6.49772579597141e-4
2021,東部及離島地區,東部及離島地區,EXP_CLOTHING_EXPENDITURE,"4,000-4,999 元",44,0.028589993502274202
2021,東部及離島地區,東部及離島地區,EXP_CLOTHING_EXPENDITURE,"5,000-6,999 元",23,0.014944769330734242
2021,東部及離島地區,東部及離島地區,EXP_CLOTHING_EXPENDITURE,"7,000-9,999 元",5,0.003248862897985705
2021,東部及離島地區,東部及離島地區,EXP_CLOTHING_EXPENDITURE,999 元及以下,626,0.40675763482781024
2021,東部及離島地區,東部及離島地區,EXP_CLOTHING_EXPENDITURE,沒有這項支出,327,0.2124756335282651
2021,東部及離島地區,東部及離島地區,EXP_DINING_LODGING_EXPENDITURE,"1,000-1,999 元",212,0.13775178687459388
2021,東部及離島地區,東部及離島地區,EXP_DINING_LODGING_EXPENDITURE,"10,000-14,999 元",43,0.02794022092267706
2021,東部及離島地區,東部及離島地區,EXP_DINING_LODGING_EXPENDITURE,"15,000-19,999 元",24,0.015594541910331383
2021,東部及離島地區,東部及離島地區,EXP_DINING_LODGING_EXPENDITURE,"2,000-2,999 元",180,0.11695906432748537
2021,東部及離島地區,東部及離島地區,EXP_DINING_LODGING_EXPENDITURE,"20,000-29,999 元",22,0.014294996751137101
2021,東部及離島地區,東部及離島地區,EXP_DINING_LODGING_EXPENDITURE,"3,000-3,999 元",95,0.06172839506172839
2021,東部及離島地區,東部及離島地區,EXP_DINING_LODGING_EXPENDITURE,"30,000 元及以上，請記錄________元",9,0.005847953216374269
2021,東部及離島地區,東部及離島地區,EXP_DINING_LODGING_EXPENDITURE,"4,000-4,999 元",74,0.04808317089018843
2021,東部及離島地區,東部及離島地區,EXP_DINING_LODGING_EXPENDITURE,"5,000-6,999 元",83,0.0539311241065627
2021,東部及離島地區,東部及離島地區,EXP_DINING_LODGING_EXPENDITURE,"7,000-9,999 元",48,0.031189083820662766
2021,東部及離島地區,東部及離島地區,EXP_DINING_LODGING_EXPENDITURE,999 元及以下,220,0.142949967511371
2021,東部及離島地區,東部及離島地區,EXP_DINING_LODGING_EXPENDITURE,沒有這項支出,529,0.34372969460688757
2021,東部及離島地區,東部及離島地區,EXP_EDU_TUITION_EXPENDITURE,"1,000-1,999 元",96,0.06237816764132553
2021,東部及離島地區,東部及離島地區,EXP_EDU_TUITION_EXPENDITURE,"10,000-14,999 元",12,0.007797270955165692
2021,東部及離島地區,東部及離島地區,EXP_EDU_TUITION_EXPENDITURE,"15,000-19,999 元",4,0.002599090318388564
2021,東部及離島地區,東部及離島地區,EXP_EDU_TUITION_EXPENDITURE,"2,000-2,999 元",43,0.02794022092267706
2021,東部及離島地區,東部及離島地區,EXP_EDU_TUITION_EXPENDITURE,"20,000-29,999 元",7,0.004548408057179987
2021,東部及離島地區,東部及離島地區,EXP_EDU_TUITION_EXPENDITURE,"3,000-3,999 元",40,0.02599090318388564
2021,東部及離島地區,東部及離島地區,EXP_EDU_TUITION_EXPENDITURE,"30,000 元及以上，請記錄________元",5,0.003248862897985705
2021,東部及離島地區,東部及離島地區,EXP_EDU_TUITION_EXPENDITURE,"4,000-4,999 元",16,0.010396361273554255
2021,東部及離島地區,東部及離島地區,EXP_EDU_TUITION_EXPENDITURE,"5,000-6,999 元",19,0.012345679012345678
2021,東部及離島地區,東部及離島地區,EXP_EDU_TUITION_EXPENDITURE,"7,000-9,999 元",15,0.009746588693957114
2021,東部及離島地區,東部及離島地區,EXP_EDU_TUITION_EXPENDITURE,999 元及以下,72,0.04678362573099415
2021,東部及離島地區,東部及離島地區,EXP_EDU_TUITION_EXPENDITURE,沒有這項支出,1210,0.7862248213125406
2021,東部及離島地區,東部及離島地區,EXP_FOOD_EXPENDITURE,"10,000-11,999 元",167,0.10851202079272254
2021,東部及離島地區,東部及離島地區,EXP_FOOD_EXPENDITURE,"12,000-14,999 元",137,0.08901884340480831
2021,東部及離島地區,東部及離島地區,EXP_FOOD_EXPENDITURE,"15,000-19,999 元",140,0.09096816114359974
2021,東部及離島地區,東部及離島地區,EXP_FOOD_EXPENDITURE,"2,999 元及以下",206,0.13385315139701104
2021,東部及離島地區,東部及離島地區,EXP_FOOD_EXPENDITURE,"20,000-29,999 元",102,0.06627680311890838
2021,東部及離島地區,東部及離島地區,EXP_FOOD_EXPENDITURE,"3,000-4,999 元",270,0.17543859649122806
2021,東部及離島地區,東部及離島地區,EXP_FOOD_EXPENDITURE,"30,000-39,999 元",16,0.010396361273554255
2021,東部及離島地區,東部及離島地區,EXP_FOOD_EXPENDITURE,"40,000-49,999 元",4,0.002599090318388564
2021,東部及離島地區,東部及離島地區,EXP_FOOD_EXPENDITURE,"5,000-6,999 元",296,0.19233268356075373
2021,東部及離島地區,東部及離島地區,EXP_FOOD_EXPENDITURE,"60,000-69,999 元",1,6.49772579597141e-4
2021,東部及離島地區,東部及離島地區,EXP_FOOD_EXPENDITURE,"7,000-9,999 元",199,0.12930474333983105
2021,東部及離島地區,東部及離島地區,EXP_FOOD_EXPENDITURE,"70,000 元及以上，請記錄______________元",1,6.49772579597141e-4
2021,東部及離島地區,東部及離島地區,EXP_FURNITURE_EXPENDITURE,"1,000-1,999 元",135,0.08771929824561403
2021,東部及離島地區,東部及離島地區,EXP_FURNITURE_EXPENDITURE,"10,000-14,999 元",11,0.007147498375568551
2021,東部及離島地區,東部及離島地區,EXP_FURNITURE_EXPENDITURE,"15,000-19,999 元",2,0.001299545159194282
2021,東部及離島地區,東部及離島地區,EXP_FURNITURE_EXPENDITURE,"2,000-2,999 元",91,0.05912930474333983
2021,東部及離島地區,東部及離島地區,EXP_FURNITURE_EXPENDITURE,"20,000-29,999 元",5,0.003248862897985705
2021,東部及離島地區,東部及離島地區,EXP_FURNITURE_EXPENDITURE,"3,000-3,999 元",43,0.02794022092267706
2021,東部及離島地區,東部及離島地區,EXP_FURNITURE_EXPENDITURE,"30,000 元及以上，請記錄________元",4,0.002599090318388564
2021,東部及離島地區,東部及離島地區,EXP_FURNITURE_EXPENDITURE,"4,000-4,999 元",48,0.031189083820662766
2021,東部及離島地區,東部及離島地區,EXP_FURNITURE_EXPENDITURE,"5,000-6,999 元",23,0.014944769330734242
2021,東部及離島地區,東部及離島地區,EXP_FURNITURE_EXPENDITURE,"7,000-9,999 元",10,0.00649772579597141
2021,東部及離島地區,東部及離島地區,EXP_FURNITURE_EXPENDITURE,999 元及以下,204,0.13255360623781676
2021,東部及離島地區,東部及離島地區,EXP_FURNITURE_EXPENDITURE,沒有這項支出,963,0.6257309941520468
2021,東部及離島地區,東部及離島地區,EXP_HOUSING_UTIL_EXPENDITURE,"1,000-1,499 元",292,0.18973359324236516
2021,東部及離島地區,東部及離島地區,EXP_HOUSING_UTIL_EXPENDITURE,"1,500-1,999 元",205,0.1332033788174139
2021,東部及離島地區,東部及離島地區,EXP_HOUSING_UTIL_EXPENDITURE,"10,000-14,999 元",55,0.03573749187784275
2021,東部及離島地區,東部及離島地區,EXP_HOUSING_UTIL_EXPENDITURE,"15,000-19,999 元",26,0.016894087069525665
2021,東部及離島地區,東部及離島地區,EXP_HOUSING_UTIL_EXPENDITURE,"2,000-2,499 元",138,0.08966861598440545
2021,東部及離島地區,東部及離島地區,EXP_HOUSING_UTIL_EXPENDITURE,"2,500-2,999 元",217,0.1410006497725796
2021,東部及離島地區,東部及離島地區,EXP_HOUSING_UTIL_EXPENDITURE,"20,000-29,999 元",19,0.012345679012345678
2021,東部及離島地區,東部及離島地區,EXP_HOUSING_UTIL_EXPENDITURE,"3,000-4,999 元",222,0.1442495126705653
2021,東部及離島地區,東部及離島地區,EXP_HOUSING_UTIL_EXPENDITURE,"30,000-39,999 元",1,6.49772579597141e-4
2021,東部及離島地區,東部及離島地區,EXP_HOUSING_UTIL_EXPENDITURE,"40,000-49,999 元",2,0.001299545159194282
2021,東部及離島地區,東部及離島地區,EXP_HOUSING_UTIL_EXPENDITURE,"5,000-9,999 元",149,0.096816114359974
2021,東部及離島地區,東部及離島地區,EXP_HOUSING_UTIL_EXPENDITURE,"50,000-59,999 元",1,6.49772579597141e-4
2021,東部及離島地區,東部及離島地區,EXP_HOUSING_UTIL_EXPENDITURE,"70,000 元及以上，請記錄____________元",1,6.49772579597141e-4
2021,東部及離島地區,東部及離島地區,EXP_HOUSING_UTIL_EXPENDITURE,999 元及以下,194,0.12605588044184535
2021,東部及離島地區,東部及離島地區,EXP_HOUSING_UTIL_EXPENDITURE,沒有這項支出,17,0.011046133853151396
2021,東部及離島地區,東部及離島地區,EXP_LOAN_INTEREST_EXPENDITURE,"1,000-1,999 元",44,0.028589993502274202
2021,東部及離島地區,東部及離島地區,EXP_LOAN_INTEREST_EXPENDITURE,"10,000-14,999 元",41,0.02664067576348278
2021,東部及離島地區,東部及離島地區,EXP_LOAN_INTEREST_EXPENDITURE,"15,000-19,999 元",18,0.011695906432748537
2021,東部及離島地區,東部及離島地區,EXP_LOAN_INTEREST_EXPENDITURE,"2,000-2,999 元",23,0.014944769330734242
2021,東部及離島地區,東部及離島地區,EXP_LOAN_INTEREST_EXPENDITURE,"20,000-29,999 元",25,0.016244314489928524
2021,東部及離島地區,東部及離島地區,EXP_LOAN_INTEREST_EXPENDITURE,"3,000-3,999 元",13,0.008447043534762833
2021,東部及離島地區,東部及離島地區,EXP_LOAN_INTEREST_EXPENDITURE,"30,000 元及以上，請記錄________元",18,0.011695906432748537
2021,東部及離島地區,東部及離島地區,EXP_LOAN_INTEREST_EXPENDITURE,"4,000-4,999 元",21,0.01364522417153996
2021,東部及離島地區,東部及離島地區,EXP_LOAN_INTEREST_EXPENDITURE,"5,000-6,999 元",10,0.00649772579597141
2021,東部及離島地區,東部及離島地區,EXP_LOAN_INTEREST_EXPENDITURE,"7,000-9,999 元",15,0.009746588693957114
2021,東部及離島地區,東部及離島地區,EXP_LOAN_INTEREST_EXPENDITURE,999 元及以下,73,0.04743339831059129
2021,東部及離島地區,東部及離島地區,EXP_LOAN_INTEREST_EXPENDITURE,沒有這項支出,1238,0.8044184535412605
2021,東部及離島地區,東部及離島地區,EXP_MEDICAL_EXPENDITURE,"1,000-1,999 元",198,0.1286549707602339
2021,東部及離島地區,東部及離島地區,EXP_MEDICAL_EXPENDITURE,"10,000-14,999 元",47,0.030539311241065625
2021,東部及離島地區,東部及離島地區,EXP_MEDICAL_EXPENDITURE,"15,000-19,999 元",15,0.009746588693957114
2021,東部及離島地區,東部及離島地區,EXP_MEDICAL_EXPENDITURE,"2,000-2,999 元",112,0.07277452891487979
2021,東部及離島地區,東部及離島地區,EXP_MEDICAL_EXPENDITURE,"20,000-29,999 元",6,0.003898635477582846
2021,東部及離島地區,東部及離島地區,EXP_MEDICAL_EXPENDITURE,"3,000-3,999 元",95,0.06172839506172839
2021,東部及離島地區,東部及離島地區,EXP_MEDICAL_EXPENDITURE,"30,000 元及以上，請記錄________元",9,0.005847953216374269
2021,東部及離島地區,東部及離島地區,EXP_MEDICAL_EXPENDITURE,"4,000-4,999 元",53,0.03443794671864847
2021,東部及離島地區,東部及離島地區,EXP_MEDICAL_EXPENDITURE,499 元及以下,463,0.30084470435347627
2021,東部及離島地區,東部及離島地區,EXP_MEDICAL_EXPENDITURE,"5,000-6,999 元",61,0.0396361273554256
2021,東部及離島地區,東部及離島地區,EXP_MEDICAL_EXPENDITURE,500-999 元,385,0.25016244314489927
2021,東部及離島地區,東部及離島地區,EXP_MEDICAL_EXPENDITURE,"7,000-9,999 元",61,0.0396361273554256
2021,東部及離島地區,東部及離島地區,EXP_MEDICAL_EXPENDITURE,沒有這項支出,34,0.022092267706302793
2021,東部及離島地區,東部及離島地區,EXP_OTHER_EXPENDITURE,"1,000-1,999 元",101,0.06562703053931124
2021,東部及離島地區,東部及離島地區,EXP_OTHER_EXPENDITURE,"10,000-14,999 元",6,0.003898635477582846
2021,東部及離島地區,東部及離島地區,EXP_OTHER_EXPENDITURE,"15,000-19,999 元",1,6.49772579597141e-4
2021,東部及離島地區,東部及離島地區,EXP_OTHER_EXPENDITURE,"2,000-2,999 元",101,0.06562703053931124
2021,東部及離島地區,東部及離島地區,EXP_OTHER_EXPENDITURE,"20,000-29,999 元",2,0.001299545159194282
2021,東部及離島地區,東部及離島地區,EXP_OTHER_EXPENDITURE,"3,000-3,999 元",29,0.018843404808317088
2021,東部及離島地區,東部及離島地區,EXP_OTHER_EXPENDITURE,"4,000-4,999 元",16,0.010396361273554255
2021,東部及離島地區,東部及離島地區,EXP_OTHER_EXPENDITURE,"5,000-6,999 元",5,0.003248862897985705
2021,東部及離島地區,東部及離島地區,EXP_OTHER_EXPENDITURE,"7,000-9,999 元",7,0.004548408057179987
2021,東部及離島地區,東部及離島地區,EXP_OTHER_EXPENDITURE,999 元及以下,227,0.147498375568551
2021,東部及離島地區,東部及離島地區,EXP_OTHER_EXPENDITURE,沒有這項支出,1044,0.6783625730994152
2021,東部及離島地區,東部及離島地區,EXP_TAX_INS_GIFT_EXPENDITURE,"1,000-1,499 元",215,0.1397011046133853
2021,東部及離島地區,東部及離島地區,EXP_TAX_INS_GIFT_EXPENDITURE,"1,500-1,999 元",142,0.09226770630279402
2021,東部及離島地區,東部及離島地區,EXP_TAX_INS_GIFT_EXPENDITURE,"10,000-14,999 元",51,0.03313840155945419
2021,東部及離島地區,東部及離島地區,EXP_TAX_INS_GIFT_EXPENDITURE,"15,000-19,999 元",29,0.018843404808317088
2021,東部及離島地區,東部及離島地區,EXP_TAX_INS_GIFT_EXPENDITURE,"2,000-2,499 元",116,0.07537361923326835
2021,東部及離島地區,東部及離島地區,EXP_TAX_INS_GIFT_EXPENDITURE,"2,500-2,999 元",150,0.09746588693957114
2021,東部及離島地區,東部及離島地區,EXP_TAX_INS_GIFT_EXPENDITURE,"20,000-29,999 元",19,0.012345679012345678
2021,東部及離島地區,東部及離島地區,EXP_TAX_INS_GIFT_EXPENDITURE,"3,000-3,999 元",151,0.09811565951916829
2021,東部及離島地區,東部及離島地區,EXP_TAX_INS_GIFT_EXPENDITURE,"30,000 元及以上，請記錄________元",6,0.003898635477582846
2021,東部及離島地區,東部及離島地區,EXP_TAX_INS_GIFT_EXPENDITURE,"4,000-4,999 元",121,0.07862248213125406
2021,東部及離島地區,東部及離島地區,EXP_TAX_INS_GIFT_EXPENDITURE,"5,000-6,999 元",134,0.08706952566601689
2021,東部及離島地區,東部及離島地區,EXP_TAX_INS_GIFT_EXPENDITURE,"7,000-9,999 元",87,0.056530214424951264
2021,東部及離島地區,東部及離島地區,EXP_TAX_INS_GIFT_EXPENDITURE,999 元及以下,212,0.13775178687459388
2021,東部及離島地區,東部及離島地區,EXP_TAX_INS_GIFT_EXPENDITURE,沒有這項支出,106,0.06887589343729694
2021,東部及離島地區,東部及離島地區,EXP_TRANSPORT_COMM_EXPENDITURE,"1,000-1,999 元",268,0.17413905133203378
2021,東部及離島地區,東部及離島地區,EXP_TRANSPORT_COMM_EXPENDITURE,"10,000-14,999 元",106,0.06887589343729694
2021,東部及離島地區,東部及離島地區,EXP_TRANSPORT_COMM_EXPENDITURE,"15,000-19,999 元",41,0.02664067576348278
2021,東部及離島地區,東部及離島地區,EXP_TRANSPORT_COMM_EXPENDITURE,"2,000-2,999 元",186,0.12085769980506822
2021,東部及離島地區,東部及離島地區,EXP_TRANSPORT_COMM_EXPENDITURE,"20,000-29,999 元",25,0.016244314489928524
2021,東部及離島地區,東部及離島地區,EXP_TRANSPORT_COMM_EXPENDITURE,"3,000-3,999 元",172,0.11176088369070825
2021,東部及離島地區,東部及離島地區,EXP_TRANSPORT_COMM_EXPENDITURE,"30,000 元及以上，請記錄________元",10,0.00649772579597141
2021,東部及離島地區,東部及離島地區,EXP_TRANSPORT_COMM_EXPENDITURE,"4,000-4,999 元",229,0.14879792072774528
2021,東部及離島地區,東部及離島地區,EXP_TRANSPORT_COMM_EXPENDITURE,"5,000-6,999 元",183,0.1189083820662768
2021,東部及離島地區,東部及離島地區,EXP_TRANSPORT_COMM_EXPENDITURE,"7,000-9,999 元",138,0.08966861598440545
2021,東部及離島地區,東部及離島地區,EXP_TRANSPORT_COMM_EXPENDITURE,999 元及以下,156,0.10136452241715399
2021,東部及離島地區,東部及離島地區,EXP_TRANSPORT_COMM_EXPENDITURE,沒有這項支出,25,0.016244314489928524
2021,東部及離島地區,東部及離島地區,EXP_TRAVEL_EXPENDITURE,"1,000-1,999 元",55,0.03573749187784275
2021,東部及離島地區,東部及離島地區,EXP_TRAVEL_EXPENDITURE,"10,000-14,999 元",4,0.002599090318388564
2021,東部及離島地區,東部及離島地區,EXP_TRAVEL_EXPENDITURE,"15,000-19,999 元",2,0.001299545159194282
2021,東部及離島地區,東部及離島地區,EXP_TRAVEL_EXPENDITURE,"2,000-2,999 元",25,0.016244314489928524
2021,東部及離島地區,東部及離島地區,EXP_TRAVEL_EXPENDITURE,"20,000-29,999 元",2,0.001299545159194282
2021,東部及離島地區,東部及離島地區,EXP_TRAVEL_EXPENDITURE,"3,000-3,999 元",6,0.003898635477582846
2021,東部及離島地區,東部及離島地區,EXP_TRAVEL_EXPENDITURE,"4,000-4,999 元",15,0.009746588693957114
2021,東部及離島地區,東部及離島地區,EXP_TRAVEL_EXPENDITURE,"5,000-6,999 元",8,0.005198180636777128
2021,東部及離島地區,東部及離島地區,EXP_TRAVEL_EXPENDITURE,"7,000-9,999 元",9,0.005847953216374269
2021,東部及離島地區,東部及離島地區,EXP_TRAVEL_EXPENDITURE,999 元及以下,98,0.06367771280051981
2021,東部及離島地區,東部及離島地區,EXP_TRAVEL_EXPENDITURE,沒有這項支出,1315,0.8544509421702404
2021,東部及離島地區,東部及離島地區,HOUSE_BELONG,借用,72,0.04678362573099415
2021,東部及離島地區,東部及離島地區,HOUSE_BELONG,租賃,159,0.10331384015594541
2021,東部及離島地區,東部及離島地區,HOUSE_BELONG,自有/家人所有/自建,1299,0.8440545808966862
2021,東部及離島地區,東部及離島地區,HOUSE_BELONG,配住,9,0.005847953216374269
2021,東部及離島地區,東部及離島地區,INC_FAM_GOV_INCOME,"1,000-1,999 元",29,0.018843404808317088
2021,東部及離島地區,東部及離島地區,INC_FAM_GOV_INCOME,"10,000-14,999 元",88,0.057179987004548405
2021,東部及離島地區,東部及離島地區,INC_FAM_GOV_INCOME,"15,000-19,999 元",29,0.018843404808317088
2021,東部及離島地區,東部及離島地區,INC_FAM_GOV_INCOME,"2,000-2,999 元",28,0.018193632228719947
2021,東部及離島地區,東部及離島地區,INC_FAM_GOV_INCOME,"20,000-29,999 元",20,0.01299545159194282
2021,東部及離島地區,東部及離島地區,INC_FAM_GOV_INCOME,"3,000-3,999 元",226,0.14684860298895386
2021,東部及離島地區,東部及離島地區,INC_FAM_GOV_INCOME,"30,000 元及以上，請記錄________元",4,0.002599090318388564
2021,東部及離島地區,東部及離島地區,INC_FAM_GOV_INCOME,"4,000-4,999 元",104,0.06757634827810266
2021,東部及離島地區,東部及離島地區,INC_FAM_GOV_INCOME,"5,000-5,999 元",52,0.03378817413905133
2021,東部及離島地區,東部及離島地區,INC_FAM_GOV_INCOME,"6,000-7,999 元",201,0.13060428849902533
2021,東部及離島地區,東部及離島地區,INC_FAM_GOV_INCOME,"8,000-9,999 元",60,0.03898635477582846
2021,東部及離島地區,東部及離島地區,INC_FAM_GOV_INCOME,999 元及以下,23,0.014944769330734242
2021,東部及離島地區,東部及離島地區,INC_FAM_GOV_INCOME,沒有這項收入,675,0.43859649122807015
2021,東部及離島地區,東部及離島地區,INC_FAM_INTEREST_INCOME,"1,000-1,999 元",50,0.03248862897985705
2021,東部及離島地區,東部及離島地區,INC_FAM_INTEREST_INCOME,"10,000-14,999 元",9,0.005847953216374269
2021,東部及離島地區,東部及離島地區,INC_FAM_INTEREST_INCOME,"15,000-19,999 元",3,0.001949317738791423
2021,東部及離島地區,東部及離島地區,INC_FAM_INTEREST_INCOME,"2,000-2,999 元",24,0.015594541910331383
2021,東部及離島地區,東部及離島地區,INC_FAM_INTEREST_INCOME,"20,000-29,999 元",1,6.49772579597141e-4
2021,東部及離島地區,東部及離島地區,INC_FAM_INTEREST_INCOME,"3,000-3,999 元",8,0.005198180636777128
2021,東部及離島地區,東部及離島地區,INC_FAM_INTEREST_INCOME,"30,000 元及以上，請記錄________元",2,0.001299545159194282
2021,東部及離島地區,東部及離島地區,INC_FAM_INTEREST_INCOME,"4,000-4,999 元",3,0.001949317738791423
2021,東部及離島地區,東部及離島地區,INC_FAM_INTEREST_INCOME,"5,000-5,999 元",2,0.001299545159194282
2021,東部及離島地區,東部及離島地區,INC_FAM_INTEREST_INCOME,"6,000-7,999 元",3,0.001949317738791423
2021,東部及離島地區,東部及離島地區,INC_FAM_INTEREST_INCOME,"8,000-9,999 元",5,0.003248862897985705
2021,東部及離島地區,東部及離島地區,INC_FAM_INTEREST_INCOME,999 元及以下,328,0.21312540610786224
2021,東部及離島地區,東部及離島地區,INC_FAM_INTEREST_INCOME,沒有這項收入,1101,0.7153996101364523
2021,東部及離島地區,東部及離島地區,INC_FAM_OTHER_INCOME,"10,000-14,999 元",4,0.002599090318388564
2021,東部及離島地區,東部及離島地區,INC_FAM_OTHER_INCOME,"15,000-19,999 元",2,0.001299545159194282
2021,東部及離島地區,東部及離島地區,INC_FAM_OTHER_INCOME,"20,000-24,999 元",4,0.002599090318388564
2021,東部及離島地區,東部及離島地區,INC_FAM_OTHER_INCOME,"25,000-29,999 元",3,0.001949317738791423
2021,東部及離島地區,東部及離島地區,INC_FAM_OTHER_INCOME,"30,000-39,999 元",2,0.001299545159194282
2021,東部及離島地區,東部及離島地區,INC_FAM_OTHER_INCOME,"4,999 元及以下",131,0.08512020792722547
2021,東部及離島地區,東部及離島地區,INC_FAM_OTHER_INCOME,"5,000-9,999 元",17,0.011046133853151396
2021,東部及離島地區,東部及離島地區,INC_FAM_OTHER_INCOME,"50,000-59,999 元",6,0.003898635477582846
2021,東部及離島地區,東部及離島地區,INC_FAM_OTHER_INCOME,"70,000-79,999 元",1,6.49772579597141e-4
2021,東部及離島地區,東部及離島地區,INC_FAM_OTHER_INCOME,沒有這項收入,1369,0.889538661468486
2021,東部及離島地區,東部及離島地區,INC_FAM_RENT_INCOME,"10,000-14,999 元",7,0.004548408057179987
2021,東部及離島地區,東部及離島地區,INC_FAM_RENT_INCOME,"20,000-24,999 元",2,0.001299545159194282
2021,東部及離島地區,東部及離島地區,INC_FAM_RENT_INCOME,"25,000-29,999 元",1,6.49772579597141e-4
2021,東部及離島地區,東部及離島地區,INC_FAM_RENT_INCOME,"4,999 元及以下",39,0.025341130604288498
2021,東部及離島地區,東部及離島地區,INC_FAM_RENT_INCOME,"40,000-49,999 元",1,6.49772579597141e-4
2021,東部及離島地區,東部及離島地區,INC_FAM_RENT_INCOME,"5,000-9,999 元",18,0.011695906432748537
2021,東部及離島地區,東部及離島地區,INC_FAM_RENT_INCOME,"50,000-59,999 元",4,0.002599090318388564
2021,東部及離島地區,東部及離島地區,INC_FAM_RENT_INCOME,沒有這項收入,1467,0.9532163742690059
2021,東部及離島地區,東部及離島地區,INC_FAM_TRANSFER_INCOME,"1,000-1,999 元",67,0.043534762833008445
2021,東部及離島地區,東部及離島地區,INC_FAM_TRANSFER_INCOME,"10,000-14,999 元",4,0.002599090318388564
2021,東部及離島地區,東部及離島地區,INC_FAM_TRANSFER_INCOME,"15,000-19,999 元",2,0.001299545159194282
2021,東部及離島地區,東部及離島地區,INC_FAM_TRANSFER_INCOME,"2,000-2,999 元",29,0.018843404808317088
2021,東部及離島地區,東部及離島地區,INC_FAM_TRANSFER_INCOME,"20,000-29,999 元",3,0.001949317738791423
2021,東部及離島地區,東部及離島地區,INC_FAM_TRANSFER_INCOME,"3,000-3,999 元",18,0.011695906432748537
2021,東部及離島地區,東部及離島地區,INC_FAM_TRANSFER_INCOME,"30,000 元及以上，請記錄________元",1,6.49772579597141e-4
2021,東部及離島地區,東部及離島地區,INC_FAM_TRANSFER_INCOME,"4,000-4,999 元",13,0.008447043534762833
2021,東部及離島地區,東部及離島地區,INC_FAM_TRANSFER_INCOME,"5,000-5,999 元",7,0.004548408057179987
2021,東部及離島地區,東部及離島地區,INC_FAM_TRANSFER_INCOME,"6,000-7,999 元",4,0.002599090318388564
2021,東部及離島地區,東部及離島地區,INC_FAM_TRANSFER_INCOME,"8,000-9,999 元",4,0.002599090318388564
2021,東部及離島地區,東部及離島地區,INC_FAM_TRANSFER_INCOME,999 元及以下,82,0.05328135152696556
2021,東部及離島地區,東部及離島地區,INC_FAM_TRANSFER_INCOME,沒有這項收入,1305,0.847953216374269
2021,東部及離島地區,東部及離島地區,INC_FAM_WORK_INCOME,"10,000-19,999 元",161,0.1046133853151397
2021,東部及離島地區,東部及離島地區,INC_FAM_WORK_INCOME,"100,000-129,999元",95,0.06172839506172839
2021,東部及離島地區,東部及離島地區,INC_FAM_WORK_INCOME,"130,000-159,999元",44,0.028589993502274202
2021,東部及離島地區,東部及離島地區,INC_FAM_WORK_INCOME,"160,000 元及以上，請記錄____________元",15,0.009746588693957114
2021,東部及離島地區,東部及離島地區,INC_FAM_WORK_INCOME,"20,000-29,999 元",174,0.11306042884990253
2021,東部及離島地區,東部及離島地區,INC_FAM_WORK_INCOME,"30,000-39,999 元",190,0.12345679012345678
2021,東部及離島地區,東部及離島地區,INC_FAM_WORK_INCOME,"40,000-49,999 元",166,0.1078622482131254
2021,東部及離島地區,東部及離島地區,INC_FAM_WORK_INCOME,"50,000-59,999 元",150,0.09746588693957114
2021,東部及離島地區,東部及離島地區,INC_FAM_WORK_INCOME,"60,000-69,999 元",114,0.07407407407407407
2021,東部及離島地區,東部及離島地區,INC_FAM_WORK_INCOME,"70,000-79,999 元",83,0.0539311241065627
2021,東部及離島地區,東部及離島地區,INC_FAM_WORK_INCOME,"80,000-89,999 元",63,0.04093567251461988
2021,東部及離島地區,東部及離島地區,INC_FAM_WORK_INCOME,"9,999 元及以下",89,0.057829759584145546
2021,東部及離島地區,東部及離島地區,INC_FAM_WORK_INCOME,"90,000-99,999 元",69,0.04483430799220273
2021,東部及離島地區,東部及離島地區,INC_FAM_WORK_INCOME,沒有這項收入,126,0.08187134502923976
2021,東部及離島地區,東部及離島地區,INC_PERS_GOV_INCOME,"1,000-1,999 元",29,0.018843404808317088
2021,東部及離島地區,東部及離島地區,INC_PERS_GOV_INCOME,"10,000-14,999 元",23,0.014944769330734242
2021,東部及離島地區,東部及離島地區,INC_PERS_GOV_INCOME,"15,000-19,999 元",12,0.007797270955165692
2021,東部及離島地區,東部及離島地區,INC_PERS_GOV_INCOME,"2,000-2,999 元",17,0.011046133853151396
2021,東部及離島地區,東部及離島地區,INC_PERS_GOV_INCOME,"20,000-29,999 元",8,0.005198180636777128
2021,東部及離島地區,東部及離島地區,INC_PERS_GOV_INCOME,"3,000-3,999 元",221,0.14359974009096815
2021,東部及離島地區,東部及離島地區,INC_PERS_GOV_INCOME,"4,000-4,999 元",75,0.04873294346978557
2021,東部及離島地區,東部及離島地區,INC_PERS_GOV_INCOME,"5,000-5,999 元",27,0.017543859649122806
2021,東部及離島地區,東部及離島地區,INC_PERS_GOV_INCOME,"6,000-7,999 元",126,0.08187134502923976
2021,東部及離島地區,東部及離島地區,INC_PERS_GOV_INCOME,"8,000-9,999 元",29,0.018843404808317088
2021,東部及離島地區,東部及離島地區,INC_PERS_GOV_INCOME,999 元及以下,50,0.03248862897985705
2021,東部及離島地區,東部及離島地區,INC_PERS_GOV_INCOME,沒有這項收入,922,0.599090318388564
2021,東部及離島地區,東部及離島地區,INC_PERS_INTEREST_INCOME,"1,000-1,999 元",34,0.022092267706302793
2021,東部及離島地區,東部及離島地區,INC_PERS_INTEREST_INCOME,"10,000-14,999 元",7,0.004548408057179987
2021,東部及離島地區,東部及離島地區,INC_PERS_INTEREST_INCOME,"15,000-19,999 元",1,6.49772579597141e-4
2021,東部及離島地區,東部及離島地區,INC_PERS_INTEREST_INCOME,"2,000-2,999 元",10,0.00649772579597141
2021,東部及離島地區,東部及離島地區,INC_PERS_INTEREST_INCOME,"20,000-29,999 元",1,6.49772579597141e-4
2021,東部及離島地區,東部及離島地區,INC_PERS_INTEREST_INCOME,"3,000-3,999 元",3,0.001949317738791423
2021,東部及離島地區,東部及離島地區,INC_PERS_INTEREST_INCOME,"30,000 元及以上，請記錄________元",1,6.49772579597141e-4
2021,東部及離島地區,東部及離島地區,INC_PERS_INTEREST_INCOME,"4,000-4,999 元",1,6.49772579597141e-4
2021,東部及離島地區,東部及離島地區,INC_PERS_INTEREST_INCOME,"5,000-5,999 元",2,0.001299545159194282
2021,東部及離島地區,東部及離島地區,INC_PERS_INTEREST_INCOME,"6,000-7,999 元",2,0.001299545159194282
2021,東部及離島地區,東部及離島地區,INC_PERS_INTEREST_INCOME,"8,000-9,999 元",3,0.001949317738791423
2021,東部及離島地區,東部及離島地區,INC_PERS_INTEREST_INCOME,999 元及以下,277,0.17998700454840805
2021,東部及離島地區,東部及離島地區,INC_PERS_INTEREST_INCOME,沒有這項收入,1197,0.7777777777777778
2021,東部及離島地區,東部及離島地區,INC_PERS_OTHER_INCOME,"10,000-14,999 元",2,0.001299545159194282
2021,東部及離島地區,東部及離島地區,INC_PERS_OTHER_INCOME,"15,000-19,999 元",1,6.49772579597141e-4
2021,東部及離島地區,東部及離島地區,INC_PERS_OTHER_INCOME,"20,000-24,999 元",3,0.001949317738791423
2021,東部及離島地區,東部及離島地區,INC_PERS_OTHER_INCOME,"25,000-29,999 元",1,6.49772579597141e-4
2021,東部及離島地區,東部及離島地區,INC_PERS_OTHER_INCOME,"30,000-39,999 元",1,6.49772579597141e-4
2021,東部及離島地區,東部及離島地區,INC_PERS_OTHER_INCOME,"4,999 元及以下",112,0.07277452891487979
2021,東部及離島地區,東部及離島地區,INC_PERS_OTHER_INCOME,"5,000-9,999 元",14,0.009096816114359974
2021,東部及離島地區,東部及離島地區,INC_PERS_OTHER_INCOME,"50,000-59,999 元",1,6.49772579597141e-4
2021,東部及離島地區,東部及離島地區,INC_PERS_OTHER_INCOME,沒有這項收入,1404,0.9122807017543859
2021,東部及離島地區,東部及離島地區,INC_PERS_RENT_INCOME,"10,000-14,999 元",5,0.003248862897985705
2021,東部及離島地區,東部及離島地區,INC_PERS_RENT_INCOME,"20,000-24,999 元",2,0.001299545159194282
2021,東部及離島地區,東部及離島地區,INC_PERS_RENT_INCOME,"25,000-29,999 元",1,6.49772579597141e-4
2021,東部及離島地區,東部及離島地區,INC_PERS_RENT_INCOME,"30,000-39,999 元",1,6.49772579597141e-4
2021,東部及離島地區,東部及離島地區,INC_PERS_RENT_INCOME,"4,999 元及以下",34,0.022092267706302793
2021,東部及離島地區,東部及離島地區,INC_PERS_RENT_INCOME,"5,000-9,999 元",9,0.005847953216374269
2021,東部及離島地區,東部及離島地區,INC_PERS_RENT_INCOME,"50,000-59,999 元",1,6.49772579597141e-4
2021,東部及離島地區,東部及離島地區,INC_PERS_RENT_INCOME,沒有這項收入,1486,0.9655620532813515
2021,東部及離島地區,東部及離島地區,INC_PERS_TRANSFER_INCOME,"1,000-1,999 元",58,0.037686809616634176
2021,東部及離島地區,東部及離島地區,INC_PERS_TRANSFER_INCOME,"10,000-14,999 元",5,0.003248862897985705
2021,東部及離島地區,東部及離島地區,INC_PERS_TRANSFER_INCOME,"15,000-19,999 元",2,0.001299545159194282
2021,東部及離島地區,東部及離島地區,INC_PERS_TRANSFER_INCOME,"2,000-2,999 元",21,0.01364522417153996
2021,東部及離島地區,東部及離島地區,INC_PERS_TRANSFER_INCOME,"20,000-29,999 元",1,6.49772579597141e-4
2021,東部及離島地區,東部及離島地區,INC_PERS_TRANSFER_INCOME,"3,000-3,999 元",6,0.003898635477582846
2021,東部及離島地區,東部及離島地區,INC_PERS_TRANSFER_INCOME,"30,000 元及以上，請記錄________元",1,6.49772579597141e-4
2021,東部及離島地區,東部及離島地區,INC_PERS_TRANSFER_INCOME,"4,000-4,999 元",8,0.005198180636777128
2021,東部及離島地區,東部及離島地區,INC_PERS_TRANSFER_INCOME,"5,000-5,999 元",5,0.003248862897985705
2021,東部及離島地區,東部及離島地區,INC_PERS_TRANSFER_INCOME,"6,000-7,999 元",4,0.002599090318388564
2021,東部及離島地區,東部及離島地區,INC_PERS_TRANSFER_INCOME,"8,000-9,999 元",3,0.001949317738791423
2021,東部及離島地區,東部及離島地區,INC_PERS_TRANSFER_INCOME,999 元及以下,73,0.04743339831059129
2021,東部及離島地區,東部及離島地區,INC_PERS_TRANSFER_INCOME,沒有這項收入,1352,0.8784925276153346
2021,東部及離島地區,東部及離島地區,INC_PERS_WORK_INCOME,"10,000-14,999 元",138,0.08966861598440545
2021,東部及離島地區,東部及離島地區,INC_PERS_WORK_INCOME,"100,000-129,999元",8,0.005198180636777128
2021,東部及離島地區,東部及離島地區,INC_PERS_WORK_INCOME,"130,000-159,999元",2,0.001299545159194282
2021,東部及離島地區,東部及離島地區,INC_PERS_WORK_INCOME,"15,000-19,999 元",100,0.0649772579597141
2021,東部及離島地區,東部及離島地區,INC_PERS_WORK_INCOME,"160,000 元及以上，請記錄____________元",6,0.003898635477582846
2021,東部及離島地區,東部及離島地區,INC_PERS_WORK_INCOME,"20,000-24,999 元",122,0.0792722547108512
2021,東部及離島地區,東部及離島地區,INC_PERS_WORK_INCOME,"25,000-29,999 元",217,0.1410006497725796
2021,東部及離島地區,東部及離島地區,INC_PERS_WORK_INCOME,"30,000-39,999 元",276,0.1793372319688109
2021,東部及離島地區,東部及離島地區,INC_PERS_WORK_INCOME,"40,000-49,999 元",154,0.10006497725795971
2021,東部及離島地區,東部及離島地區,INC_PERS_WORK_INCOME,"50,000-59,999 元",72,0.04678362573099415
2021,東部及離島地區,東部及離島地區,INC_PERS_WORK_INCOME,"60,000-69,999 元",30,0.01949317738791423
2021,東部及離島地區,東部及離島地區,INC_PERS_WORK_INCOME,"70,000-79,999 元",21,0.01364522417153996
2021,東部及離島地區,東部及離島地區,INC_PERS_WORK_INCOME,"80,000-89,999 元",9,0.005847953216374269
2021,東部及離島地區,東部及離島地區,INC_PERS_WORK_INCOME,"9,999 元及以下",128,0.08317089018843404
2021,東部及離島地區,東部及離島地區,INC_PERS_WORK_INCOME,"90,000-99,999 元",7,0.004548408057179987
2021,東部及離島地區,東部及離島地區,INC_PERS_WORK_INCOME,沒有這項收入,249,0.1617933723196881
2021,東部及離島地區,東部及離島地區,MALE,男性,886,0.5756985055230669
2021,東部及離島地區,東部及離島地區,MALE,非男性,653,0.42430149447693305
2021,東部及離島地區,東部及離島地區,RACE,卑南族,92,0.060407091267235716
2021,東部及離島地區,東部及離島地區,RACE,太魯閣族,174,0.11424819435325016
2021,東部及離島地區,東部及離島地區,RACE,布農族,132,0.08667104399212082
2021,東部及離島地區,東部及離島地區,RACE,排灣族,158,0.10374261326329613
2021,東部及離島地區,東部及離島地區,RACE,泰雅族,29,0.019041365725541694
2021,東部及離島地區,東部及離島地區,RACE,賽夏族,2,0.0013131976362442547
2021,東部及離島地區,東部及離島地區,RACE,賽德克族,6,0.003939592908732764
2021,東部及離島地區,東部及離島地區,RACE,鄒族,2,0.0013131976362442547
2021,東部及離島地區,東部及離島地區,RACE,阿美族,782,0.5134602757715037
2021,東部及離島地區,東部及離島地區,RACE,雅美族/達悟族,29,0.019041365725541694
2021,東部及離島地區,東部及離島地區,RACE,非原住民族,101,0.06631648063033486
2021,東部及離島地區,東部及離島地區,RACE,魯凱族,16,0.010505581089954037
2021,東部及離島地區,東部及離島地區,RENT,"1,000-2,999元",11,0.06547619047619048
2021,東部及離島地區,東部及離島地區,RENT,"10,000-19,999元",42,0.25
2021,東部及離島地區,東部及離島地區,RENT,"20,000元以上",4,0.023809523809523808
2021,東部及離島地區,東部及離島地區,RENT,"3,000-4,999元",29,0.17261904761904762
2021,東部及離島地區,東部及離島地區,RENT,"5,000-6,999元",34,0.20238095238095238
2021,東部及離島地區,東部及離島地區,RENT,"7,000-9,999元",31,0.18452380952380953
2021,東部及離島地區,東部及離島地區,RENT,不需要支付租金,11,0.06547619047619048
2021,東部及離島地區,東部及離島地區,RENT,"未滿1,000元",6,0.03571428571428571
