ID,DATA_Y,N_FAMILY,N_INDI,HOUSE_BELONG,RENT
1329203,2021,2,1,自有/家人所有/自建,NA
1329349,2021,2,1,自有/家人所有/自建,NA
1329558,2021,4,3,租賃,"10,000-19,999元"
1329674,2021,2,1,自有/家人所有/自建,NA
1330056,2021,2,2,自有/家人所有/自建,NA
1330277,2021,4,3,自有/家人所有/自建,NA
1330404,2021,4,1,自有/家人所有/自建,NA
1330422,2021,3,3,自有/家人所有/自建,NA
1330430,2021,3,2,自有/家人所有/自建,NA
1331330,2021,3,2,自有/家人所有/自建,NA
1331666,2021,3,1,自有/家人所有/自建,NA
1331918,2021,7,1,自有/家人所有/自建,NA
1332986,2021,4,2,租賃,"10,000-19,999元"
1333152,2021,5,1,自有/家人所有/自建,NA
1333618,2021,4,3,租賃,"10,000-19,999元"
1334313,2021,4,1,自有/家人所有/自建,NA
1334386,2021,2,1,自有/家人所有/自建,NA
1334454,2021,6,1,自有/家人所有/自建,NA
1334470,2021,4,3,自有/家人所有/自建,NA
1334678,2021,4,1,自有/家人所有/自建,NA
1335720,2021,5,4,租賃,"10,000-19,999元"
1335949,2021,3,1,租賃,"10,000-19,999元"
1336082,2021,6,1,租賃,"10,000-19,999元"
1336115,2021,3,2,自有/家人所有/自建,NA
1336125,2021,1,1,租賃,"7,000-9,999元"
1336138,2021,5,1,自有/家人所有/自建,NA
1336278,2021,3,2,自有/家人所有/自建,NA
1336444,2021,4,1,自有/家人所有/自建,NA
1336861,2021,3,3,自有/家人所有/自建,NA
1336894,2021,4,3,租賃,"10,000-19,999元"
1336982,2021,5,4,自有/家人所有/自建,NA
1337074,2021,2,2,租賃,"10,000-19,999元"
1337463,2021,3,2,自有/家人所有/自建,NA
1337876,2021,3,2,自有/家人所有/自建,NA
1337985,2021,3,2,租賃,"10,000-19,999元"
1338096,2021,7,4,自有/家人所有/自建,NA
1338909,2021,3,2,租賃,"10,000-19,999元"
1340346,2021,7,3,自有/家人所有/自建,NA
1340397,2021,4,3,自有/家人所有/自建,NA
1340724,2021,3,3,租賃,"10,000-19,999元"
1340742,2021,2,2,自有/家人所有/自建,NA
1340836,2021,3,2,租賃,"10,000-19,999元"
1341190,2021,3,3,租賃,"7,000-9,999元"
1341596,2021,6,3,租賃,"10,000-19,999元"
1342093,2021,3,1,租賃,"10,000-19,999元"
1342633,2021,2,2,租賃,"10,000-19,999元"
1342932,2021,4,3,自有/家人所有/自建,NA
1343425,2021,5,5,租賃,"3,000-4,999元"
1343787,2021,6,2,自有/家人所有/自建,NA
1344570,2021,2,2,自有/家人所有/自建,NA
1344943,2021,5,3,自有/家人所有/自建,NA
1345735,2021,13,13,租賃,"10,000-19,999元"
1345979,2021,4,3,租賃,"3,000-4,999元"
1346209,2021,8,2,租賃,"10,000-19,999元"
1346301,2021,2,2,租賃,"7,000-9,999元"
1346338,2021,3,1,自有/家人所有/自建,NA
1347827,2021,4,4,租賃,"10,000-19,999元"
1348132,2021,3,3,自有/家人所有/自建,NA
1349375,2021,2,2,租賃,"10,000-19,999元"
1349584,2021,3,2,租賃,"10,000-19,999元"
1350025,2021,4,4,自有/家人所有/自建,NA
1350232,2021,7,2,租賃,"7,000-9,999元"
1350300,2021,5,3,自有/家人所有/自建,NA
1350538,2021,4,2,自有/家人所有/自建,NA
1350707,2021,6,5,自有/家人所有/自建,NA
1350836,2021,1,1,自有/家人所有/自建,NA
1350855,2021,3,2,自有/家人所有/自建,NA
1351204,2021,2,2,自有/家人所有/自建,NA
1351294,2021,6,1,自有/家人所有/自建,NA
1351524,2021,4,4,自有/家人所有/自建,NA
1351944,2021,5,1,自有/家人所有/自建,NA
1352152,2021,4,2,租賃,"10,000-19,999元"
1352283,2021,3,3,租賃,"7,000-9,999元"
1352536,2021,6,5,配住,"1,000-2,999元"
1353601,2021,3,1,自有/家人所有/自建,NA
1354054,2021,5,4,租賃,"5,000-6,999元"
1354137,2021,5,5,租賃,"7,000-9,999元"
1354442,2021,4,2,自有/家人所有/自建,NA
1354521,2021,4,3,租賃,"10,000-19,999元"
1354672,2021,4,4,自有/家人所有/自建,NA
1354769,2021,4,3,自有/家人所有/自建,NA
1355148,2021,3,2,自有/家人所有/自建,NA
1355179,2021,1,1,自有/家人所有/自建,NA
1355320,2021,3,3,自有/家人所有/自建,NA
1355351,2021,1,1,租賃,"7,000-9,999元"
1355541,2021,6,5,自有/家人所有/自建,NA
1355580,2021,2,1,租賃,"10,000-19,999元"
1355724,2021,3,1,自有/家人所有/自建,NA
1356194,2021,3,2,自有/家人所有/自建,NA
1356243,2021,3,3,自有/家人所有/自建,NA
1357151,2021,4,1,租賃,"10,000-19,999元"
1357720,2021,4,4,自有/家人所有/自建,NA
1357804,2021,3,3,自有/家人所有/自建,NA
1358221,2021,3,3,自有/家人所有/自建,NA
1358319,2021,4,3,租賃,"10,000-19,999元"
1358402,2021,5,5,租賃,"3,000-4,999元"
1358604,2021,3,2,自有/家人所有/自建,NA
1358812,2021,6,6,自有/家人所有/自建,NA
1359694,2021,5,5,借用,NA
1361158,2021,5,4,自有/家人所有/自建,NA
1362184,2021,2,2,租賃,"20,000元以上"
1362185,2021,4,3,租賃,"7,000-9,999元"
1362358,2021,3,1,自有/家人所有/自建,NA
1362479,2021,5,5,租賃,"20,000元以上"
1362528,2021,4,3,自有/家人所有/自建,NA
1362766,2021,3,2,租賃,"10,000-19,999元"
1363135,2021,3,1,自有/家人所有/自建,NA
1363403,2021,3,3,自有/家人所有/自建,NA
1363808,2021,3,3,租賃,"10,000-19,999元"
1364010,2021,4,1,租賃,"10,000-19,999元"
1364199,2021,3,1,租賃,"20,000元以上"
1364318,2021,3,1,租賃,"10,000-19,999元"
1365682,2021,4,3,租賃,"10,000-19,999元"
1365763,2021,4,1,租賃,"10,000-19,999元"
1366182,2021,5,3,租賃,"10,000-19,999元"
1366211,2021,1,1,自有/家人所有/自建,NA
1366654,2021,3,1,自有/家人所有/自建,NA
1366859,2021,2,2,自有/家人所有/自建,NA
1366883,2021,7,7,租賃,"10,000-19,999元"
1367057,2021,7,7,租賃,"10,000-19,999元"
1367185,2021,3,2,自有/家人所有/自建,NA
1367389,2021,2,2,租賃,"7,000-9,999元"
1367644,2021,4,1,自有/家人所有/自建,NA
1367687,2021,4,3,自有/家人所有/自建,NA
1367904,2021,3,1,自有/家人所有/自建,NA
1367979,2021,2,1,租賃,"20,000元以上"
1368010,2021,5,5,租賃,"10,000-19,999元"
1368126,2021,7,1,自有/家人所有/自建,NA
1368312,2021,4,1,租賃,"10,000-19,999元"
1368357,2021,9,9,自有/家人所有/自建,NA
1368538,2021,4,4,自有/家人所有/自建,NA
1368732,2021,4,4,租賃,"10,000-19,999元"
1369671,2021,1,1,租賃,"5,000-6,999元"
1369786,2021,3,2,租賃,"7,000-9,999元"
1369956,2021,4,1,自有/家人所有/自建,NA
1370264,2021,4,3,租賃,"10,000-19,999元"
1370317,2021,3,3,自有/家人所有/自建,NA
1370338,2021,3,1,租賃,"7,000-9,999元"
1370380,2021,3,2,租賃,"7,000-9,999元"
1372529,2021,5,5,自有/家人所有/自建,NA
1372637,2021,9,9,自有/家人所有/自建,NA
1372706,2021,5,5,自有/家人所有/自建,NA
1373405,2021,7,7,自有/家人所有/自建,NA
1373678,2021,2,2,自有/家人所有/自建,NA
1374146,2021,9,9,自有/家人所有/自建,NA
1374528,2021,1,1,自有/家人所有/自建,NA
2329196,2021,3,3,租賃,"10,000-19,999元"
2329432,2021,4,4,租賃,"10,000-19,999元"
2329596,2021,2,1,自有/家人所有/自建,NA
2329715,2021,4,1,自有/家人所有/自建,NA
2330047,2021,4,1,自有/家人所有/自建,NA
2330140,2021,5,1,租賃,"10,000-19,999元"
2330279,2021,3,2,自有/家人所有/自建,NA
2330325,2021,2,1,租賃,"7,000-9,999元"
2330472,2021,4,2,自有/家人所有/自建,NA
2330486,2021,4,3,租賃,"10,000-19,999元"
2330517,2021,2,1,自有/家人所有/自建,NA
2330669,2021,2,2,自有/家人所有/自建,NA
2330898,2021,2,2,自有/家人所有/自建,NA
2330991,2021,2,1,自有/家人所有/自建,NA
2331406,2021,2,2,租賃,"10,000-19,999元"
2331854,2021,2,2,租賃,"7,000-9,999元"
2331872,2021,4,3,自有/家人所有/自建,NA
2332213,2021,2,1,自有/家人所有/自建,NA
2333725,2021,5,1,自有/家人所有/自建,NA
2333922,2021,4,3,租賃,"10,000-19,999元"
2334464,2021,4,1,自有/家人所有/自建,NA
2334629,2021,4,1,租賃,"7,000-9,999元"
2334707,2021,4,3,自有/家人所有/自建,NA
2335235,2021,5,3,租賃,"10,000-19,999元"
2335302,2021,6,1,租賃,"7,000-9,999元"
2335468,2021,4,2,自有/家人所有/自建,NA
2335681,2021,4,3,自有/家人所有/自建,NA
2336688,2021,6,2,自有/家人所有/自建,NA
2337059,2021,4,1,自有/家人所有/自建,NA
2337147,2021,4,1,租賃,"10,000-19,999元"
2337513,2021,7,4,自有/家人所有/自建,NA
2337561,2021,3,1,自有/家人所有/自建,NA
2337866,2021,2,2,自有/家人所有/自建,NA
2338044,2021,5,4,自有/家人所有/自建,NA
2339525,2021,4,4,租賃,"10,000-19,999元"
2340109,2021,1,1,自有/家人所有/自建,NA
2340277,2021,5,1,自有/家人所有/自建,NA
2340483,2021,9,1,自有/家人所有/自建,NA
2341112,2021,4,3,自有/家人所有/自建,NA
2341258,2021,11,5,自有/家人所有/自建,NA
2342014,2021,2,1,自有/家人所有/自建,NA
2342214,2021,4,3,自有/家人所有/自建,NA
2343299,2021,7,3,自有/家人所有/自建,NA
2343347,2021,3,2,自有/家人所有/自建,NA
2343378,2021,4,4,自有/家人所有/自建,NA
2343764,2021,4,1,自有/家人所有/自建,NA
2344375,2021,3,2,自有/家人所有/自建,NA
2344565,2021,2,1,自有/家人所有/自建,NA
2344806,2021,4,4,自有/家人所有/自建,NA
2345727,2021,5,2,自有/家人所有/自建,NA
2345829,2021,4,4,租賃,"10,000-19,999元"
2346161,2021,6,3,自有/家人所有/自建,NA
2346485,2021,4,4,自有/家人所有/自建,NA
2347721,2021,6,5,自有/家人所有/自建,NA
2347995,2021,8,8,租賃,"10,000-19,999元"
2348613,2021,2,2,自有/家人所有/自建,NA
2348966,2021,4,4,自有/家人所有/自建,NA
2349142,2021,2,2,租賃,"10,000-19,999元"
2349147,2021,8,7,租賃,"7,000-9,999元"
2349866,2021,3,3,租賃,"10,000-19,999元"
2350463,2021,3,3,自有/家人所有/自建,NA
2350954,2021,6,6,租賃,"7,000-9,999元"
2351210,2021,2,2,自有/家人所有/自建,NA
2351432,2021,4,4,自有/家人所有/自建,NA
2351483,2021,2,1,租賃,"10,000-19,999元"
2351557,2021,3,3,自有/家人所有/自建,NA
2351695,2021,7,2,自有/家人所有/自建,NA
2351747,2021,3,3,自有/家人所有/自建,NA
2351898,2021,3,3,自有/家人所有/自建,NA
2351901,2021,4,4,租賃,"10,000-19,999元"
2352150,2021,8,2,自有/家人所有/自建,NA
2352160,2021,3,2,租賃,"7,000-9,999元"
2352205,2021,5,1,自有/家人所有/自建,NA
2352222,2021,2,2,自有/家人所有/自建,NA
2352241,2021,5,1,租賃,"10,000-19,999元"
2352355,2021,6,5,租賃,"3,000-4,999元"
2352667,2021,5,5,租賃,"1,000-2,999元"
2352942,2021,2,1,自有/家人所有/自建,NA
2353140,2021,7,1,自有/家人所有/自建,NA
2353162,2021,2,1,配住,"未滿1,000元"
2353205,2021,3,2,租賃,"3,000-4,999元"
2353731,2021,4,4,租賃,"10,000-19,999元"
2353820,2021,2,2,租賃,"1,000-2,999元"
2353826,2021,3,3,自有/家人所有/自建,NA
2354095,2021,2,2,自有/家人所有/自建,NA
2354140,2021,5,5,租賃,"3,000-4,999元"
2354183,2021,3,3,租賃,"3,000-4,999元"
2354717,2021,4,1,自有/家人所有/自建,NA
2354884,2021,3,3,租賃,"10,000-19,999元"
2355021,2021,2,1,自有/家人所有/自建,NA
2355108,2021,4,1,自有/家人所有/自建,NA
2355630,2021,3,3,自有/家人所有/自建,NA
2355676,2021,4,3,自有/家人所有/自建,NA
2355732,2021,5,3,自有/家人所有/自建,NA
2355825,2021,4,4,租賃,"7,000-9,999元"
2355995,2021,2,1,自有/家人所有/自建,NA
2356753,2021,4,1,自有/家人所有/自建,NA
2357115,2021,6,6,租賃,"3,000-4,999元"
2357137,2021,3,1,自有/家人所有/自建,NA
2357270,2021,4,1,租賃,"7,000-9,999元"
2357743,2021,5,2,自有/家人所有/自建,NA
2357904,2021,7,7,租賃,"10,000-19,999元"
2358330,2021,4,4,租賃,"3,000-4,999元"
2358469,2021,8,7,自有/家人所有/自建,NA
2359217,2021,4,3,自有/家人所有/自建,NA
2359944,2021,4,4,租賃,"10,000-19,999元"
2362170,2021,2,1,自有/家人所有/自建,NA
2362250,2021,6,5,租賃,"10,000-19,999元"
2362275,2021,6,5,自有/家人所有/自建,NA
2362335,2021,4,2,租賃,"10,000-19,999元"
2362399,2021,3,3,自有/家人所有/自建,NA
2362428,2021,5,5,自有/家人所有/自建,NA
2362440,2021,7,7,自有/家人所有/自建,NA
2362896,2021,5,1,自有/家人所有/自建,NA
2362941,2021,3,1,自有/家人所有/自建,NA
2363184,2021,4,4,租賃,"20,000元以上"
2363416,2021,5,5,自有/家人所有/自建,NA
2363720,2021,2,1,自有/家人所有/自建,NA
2363722,2021,4,4,自有/家人所有/自建,NA
2363807,2021,2,1,自有/家人所有/自建,NA
2363932,2021,2,2,租賃,"10,000-19,999元"
2364004,2021,3,1,自有/家人所有/自建,NA
2364103,2021,6,2,自有/家人所有/自建,NA
2364216,2021,3,2,租賃,"10,000-19,999元"
2364301,2021,4,4,自有/家人所有/自建,NA
2364743,2021,1,1,借用,NA
2365149,2021,7,6,自有/家人所有/自建,NA
2365996,2021,5,3,自有/家人所有/自建,NA
2366183,2021,3,3,自有/家人所有/自建,NA
2366387,2021,7,1,租賃,"10,000-19,999元"
2366645,2021,2,1,自有/家人所有/自建,NA
2366666,2021,2,1,自有/家人所有/自建,NA
2366944,2021,2,2,租賃,"10,000-19,999元"
2367009,2021,5,1,租賃,"20,000元以上"
2367059,2021,4,2,租賃,"10,000-19,999元"
2367306,2021,5,4,自有/家人所有/自建,NA
2367393,2021,1,1,租賃,"10,000-19,999元"
2367721,2021,2,1,租賃,"10,000-19,999元"
2367865,2021,3,2,自有/家人所有/自建,NA
2368016,2021,3,2,自有/家人所有/自建,NA
2368037,2021,3,2,自有/家人所有/自建,NA
2368133,2021,3,3,租賃,"5,000-6,999元"
2368158,2021,2,2,租賃,"10,000-19,999元"
2368159,2021,4,4,租賃,"10,000-19,999元"
2368307,2021,4,1,自有/家人所有/自建,NA
2368403,2021,5,5,租賃,"10,000-19,999元"
2372473,2021,6,4,自有/家人所有/自建,NA
2372594,2021,2,2,自有/家人所有/自建,NA
2372640,2021,7,7,自有/家人所有/自建,NA
2372661,2021,3,3,自有/家人所有/自建,NA
2373340,2021,7,1,自有/家人所有/自建,NA
2373804,2021,3,3,自有/家人所有/自建,NA
2374527,2021,6,6,自有/家人所有/自建,NA
2374617,2021,6,6,自有/家人所有/自建,NA
3329082,2021,2,1,租賃,"10,000-19,999元"
3329222,2021,2,2,租賃,"10,000-19,999元"
3329332,2021,1,1,自有/家人所有/自建,NA
3330072,2021,6,3,自有/家人所有/自建,NA
3330268,2021,8,3,自有/家人所有/自建,NA
3330873,2021,5,2,自有/家人所有/自建,NA
3332142,2021,3,2,自有/家人所有/自建,NA
3332612,2021,6,1,自有/家人所有/自建,NA
3334680,2021,6,1,自有/家人所有/自建,NA
3334835,2021,1,1,自有/家人所有/自建,NA
3334910,2021,7,1,自有/家人所有/自建,NA
3334913,2021,3,3,自有/家人所有/自建,NA
3334930,2021,2,1,自有/家人所有/自建,NA
3335910,2021,2,2,自有/家人所有/自建,NA
3336321,2021,1,1,租賃,"7,000-9,999元"
3336402,2021,2,1,自有/家人所有/自建,NA
3336431,2021,4,2,自有/家人所有/自建,NA
3336493,2021,3,1,自有/家人所有/自建,NA
3336701,2021,6,5,自有/家人所有/自建,NA
3336735,2021,3,1,自有/家人所有/自建,NA
3336869,2021,4,2,自有/家人所有/自建,NA
3336929,2021,4,2,自有/家人所有/自建,NA
3337039,2021,2,1,自有/家人所有/自建,NA
3337321,2021,3,2,自有/家人所有/自建,NA
3337351,2021,4,2,自有/家人所有/自建,NA
3337357,2021,5,1,自有/家人所有/自建,NA
3337498,2021,4,2,自有/家人所有/自建,NA
3338039,2021,2,2,租賃,"10,000-19,999元"
3338294,2021,2,1,自有/家人所有/自建,NA
3339272,2021,2,2,自有/家人所有/自建,NA
3340181,2021,4,4,租賃,"7,000-9,999元"
3341689,2021,4,2,租賃,"7,000-9,999元"
3341879,2021,3,1,自有/家人所有/自建,NA
3341923,2021,4,2,自有/家人所有/自建,NA
3342931,2021,5,3,自有/家人所有/自建,NA
3343025,2021,5,2,自有/家人所有/自建,NA
3343074,2021,4,4,自有/家人所有/自建,NA
3343165,2021,2,1,租賃,"7,000-9,999元"
3343578,2021,3,3,自有/家人所有/自建,NA
3343994,2021,3,2,自有/家人所有/自建,NA
3344097,2021,6,6,自有/家人所有/自建,NA
3344488,2021,6,1,自有/家人所有/自建,NA
3344766,2021,4,3,自有/家人所有/自建,NA
3346618,2021,4,4,租賃,"10,000-19,999元"
3346826,2021,3,3,自有/家人所有/自建,NA
3346999,2021,4,3,自有/家人所有/自建,NA
3347327,2021,6,6,自有/家人所有/自建,NA
3347972,2021,7,7,租賃,"10,000-19,999元"
3348002,2021,4,4,租賃,"10,000-19,999元"
3348794,2021,3,3,租賃,"7,000-9,999元"
3349008,2021,7,6,自有/家人所有/自建,NA
3349998,2021,4,2,自有/家人所有/自建,NA
3350526,2021,4,1,租賃,"10,000-19,999元"
3351744,2021,2,2,自有/家人所有/自建,NA
3352676,2021,8,8,租賃,"3,000-4,999元"
3353062,2021,3,2,自有/家人所有/自建,NA
3353256,2021,4,3,租賃,"3,000-4,999元"
3353811,2021,3,3,自有/家人所有/自建,NA
3353932,2021,5,4,自有/家人所有/自建,NA
3354096,2021,3,1,借用,NA
3355146,2021,2,1,租賃,"10,000-19,999元"
3355237,2021,6,1,自有/家人所有/自建,NA
3355542,2021,4,4,租賃,"7,000-9,999元"
3355573,2021,5,4,租賃,"10,000-19,999元"
3355795,2021,3,1,自有/家人所有/自建,NA
3355817,2021,3,1,自有/家人所有/自建,NA
3356058,2021,4,4,租賃,"10,000-19,999元"
3356460,2021,6,3,自有/家人所有/自建,NA
3356595,2021,2,2,自有/家人所有/自建,NA
3356739,2021,5,5,租賃,"10,000-19,999元"
3356872,2021,3,3,自有/家人所有/自建,NA
3356932,2021,4,4,自有/家人所有/自建,NA
3357510,2021,4,4,自有/家人所有/自建,NA
3357563,2021,3,3,租賃,"10,000-19,999元"
3357861,2021,3,2,租賃,"10,000-19,999元"
3358133,2021,4,4,租賃,"10,000-19,999元"
3358645,2021,3,3,自有/家人所有/自建,NA
3359017,2021,4,4,租賃,"5,000-6,999元"
3359370,2021,4,1,自有/家人所有/自建,NA
3359482,2021,3,3,自有/家人所有/自建,NA
3359508,2021,4,4,租賃,"10,000-19,999元"
3359785,2021,3,2,自有/家人所有/自建,NA
3359903,2021,2,1,自有/家人所有/自建,NA
3365103,2021,5,5,租賃,"10,000-19,999元"
3365870,2021,7,1,自有/家人所有/自建,NA
3365888,2021,5,1,租賃,"10,000-19,999元"
3366062,2021,5,3,自有/家人所有/自建,NA
3366514,2021,7,5,租賃,"20,000元以上"
3366747,2021,8,1,自有/家人所有/自建,NA
3366909,2021,2,1,租賃,"10,000-19,999元"
3366920,2021,3,3,租賃,"10,000-19,999元"
3366969,2021,5,3,租賃,"10,000-19,999元"
3367088,2021,3,2,租賃,"10,000-19,999元"
3367101,2021,1,1,自有/家人所有/自建,NA
3367426,2021,3,3,租賃,"10,000-19,999元"
3367990,2021,2,1,自有/家人所有/自建,NA
3368058,2021,4,1,自有/家人所有/自建,NA
3368092,2021,1,1,租賃,"10,000-19,999元"
3368098,2021,3,1,自有/家人所有/自建,NA
3368113,2021,5,3,自有/家人所有/自建,NA
3368256,2021,1,1,自有/家人所有/自建,NA
3368319,2021,1,1,租賃,"10,000-19,999元"
3368625,2021,3,3,租賃,"10,000-19,999元"
3372508,2021,4,4,自有/家人所有/自建,NA
3372683,2021,5,5,自有/家人所有/自建,NA
3372875,2021,2,2,自有/家人所有/自建,NA
3373394,2021,2,2,自有/家人所有/自建,NA
3373559,2021,4,4,自有/家人所有/自建,NA
3373787,2021,9,9,自有/家人所有/自建,NA
4330043,2021,3,1,自有/家人所有/自建,NA
4330460,2021,2,1,自有/家人所有/自建,NA
4330930,2021,3,1,自有/家人所有/自建,NA
4331655,2021,6,1,自有/家人所有/自建,NA
4331683,2021,5,4,自有/家人所有/自建,NA
4332654,2021,4,4,自有/家人所有/自建,NA
4332969,2021,6,1,租賃,"10,000-19,999元"
4333216,2021,4,3,自有/家人所有/自建,NA
4334066,2021,3,1,自有/家人所有/自建,NA
4334508,2021,7,1,自有/家人所有/自建,NA
4334631,2021,2,1,自有/家人所有/自建,NA
4334643,2021,2,2,租賃,"7,000-9,999元"
4334766,2021,3,2,自有/家人所有/自建,NA
4335583,2021,1,1,自有/家人所有/自建,NA
4336050,2021,3,2,自有/家人所有/自建,NA
4336219,2021,3,2,租賃,"10,000-19,999元"
4336512,2021,3,2,租賃,"10,000-19,999元"
4336537,2021,5,1,自有/家人所有/自建,NA
4337298,2021,3,1,租賃,"10,000-19,999元"
4337507,2021,5,3,自有/家人所有/自建,NA
4337726,2021,4,3,租賃,"10,000-19,999元"
4338671,2021,4,2,自有/家人所有/自建,NA
4339198,2021,4,3,自有/家人所有/自建,NA
4339596,2021,1,1,自有/家人所有/自建,NA
4339989,2021,3,2,自有/家人所有/自建,NA
4340257,2021,3,1,自有/家人所有/自建,NA
4340801,2021,2,2,自有/家人所有/自建,NA
4341269,2021,4,4,自有/家人所有/自建,NA
4341273,2021,2,1,自有/家人所有/自建,NA
4342958,2021,5,5,自有/家人所有/自建,NA
4342989,2021,3,2,租賃,"10,000-19,999元"
4343189,2021,3,2,自有/家人所有/自建,NA
4343402,2021,2,2,租賃,"10,000-19,999元"
4343530,2021,3,1,自有/家人所有/自建,NA
4344182,2021,5,5,自有/家人所有/自建,NA
4344356,2021,4,2,自有/家人所有/自建,NA
4348090,2021,6,6,自有/家人所有/自建,NA
4348881,2021,3,3,自有/家人所有/自建,NA
4348949,2021,3,3,租賃,"10,000-19,999元"
4348985,2021,4,4,租賃,"7,000-9,999元"
4350041,2021,5,1,自有/家人所有/自建,NA
4350270,2021,10,1,自有/家人所有/自建,NA
4352672,2021,1,1,租賃,"1,000-2,999元"
4352922,2021,3,3,租賃,"1,000-2,999元"
4353245,2021,2,2,自有/家人所有/自建,NA
4353708,2021,6,6,租賃,"10,000-19,999元"
4353933,2021,6,6,自有/家人所有/自建,NA
4354284,2021,5,5,配住,不需要支付租金
4354326,2021,3,3,自有/家人所有/自建,NA
4355027,2021,2,2,租賃,"10,000-19,999元"
4355078,2021,6,2,自有/家人所有/自建,NA
4355604,2021,5,3,自有/家人所有/自建,NA
4355979,2021,2,2,自有/家人所有/自建,NA
4356063,2021,2,1,自有/家人所有/自建,NA
4357044,2021,4,2,自有/家人所有/自建,NA
4357934,2021,8,8,租賃,"3,000-4,999元"
4358566,2021,4,4,租賃,"5,000-6,999元"
4358639,2021,3,1,自有/家人所有/自建,NA
4358718,2021,2,2,租賃,"3,000-4,999元"
4358845,2021,3,1,租賃,"10,000-19,999元"
4365057,2021,3,2,自有/家人所有/自建,NA
4365098,2021,4,3,租賃,"10,000-19,999元"
4365954,2021,5,2,自有/家人所有/自建,NA
4367190,2021,5,5,自有/家人所有/自建,NA
4367648,2021,4,2,租賃,"10,000-19,999元"
4367658,2021,4,2,自有/家人所有/自建,NA
4367868,2021,4,3,租賃,"10,000-19,999元"
4368131,2021,3,2,自有/家人所有/自建,NA
4368231,2021,3,3,租賃,"7,000-9,999元"
4368247,2021,3,3,租賃,"20,000元以上"
4368285,2021,7,6,自有/家人所有/自建,NA
4368528,2021,3,3,租賃,"20,000元以上"
4368566,2021,3,3,租賃,"10,000-19,999元"
4368593,2021,6,1,自有/家人所有/自建,NA
4372433,2021,3,2,自有/家人所有/自建,NA
4372577,2021,3,2,自有/家人所有/自建,NA
4372668,2021,1,1,自有/家人所有/自建,NA
4372712,2021,4,4,自有/家人所有/自建,NA
4372879,2021,2,2,自有/家人所有/自建,NA
4373450,2021,3,3,自有/家人所有/自建,NA
4373594,2021,1,1,自有/家人所有/自建,NA
4373816,2021,8,8,自有/家人所有/自建,NA
4373842,2021,4,4,自有/家人所有/自建,NA
5333608,2021,4,3,自有/家人所有/自建,NA
5333689,2021,3,3,租賃,"7,000-9,999元"
5334087,2021,4,3,自有/家人所有/自建,NA
5337524,2021,4,4,租賃,"10,000-19,999元"
5364996,2021,3,1,自有/家人所有/自建,NA
5365020,2021,3,2,租賃,"10,000-19,999元"
5365323,2021,3,3,租賃,"10,000-19,999元"
5365508,2021,5,5,租賃,"10,000-19,999元"
5365516,2021,4,3,租賃,"20,000元以上"
5365522,2021,4,4,租賃,"10,000-19,999元"
5365759,2021,4,4,租賃,"10,000-19,999元"
5366074,2021,5,2,自有/家人所有/自建,NA
6333773,2021,4,2,租賃,"3,000-4,999元"
6334156,2021,7,3,自有/家人所有/自建,NA
6337261,2021,4,3,自有/家人所有/自建,NA
6337269,2021,5,1,自有/家人所有/自建,NA
6337346,2021,2,1,自有/家人所有/自建,NA
6337597,2021,2,1,租賃,"7,000-9,999元"
6337789,2021,3,1,自有/家人所有/自建,NA
6364566,2021,4,2,自有/家人所有/自建,NA
6365150,2021,4,3,租賃,"20,000元以上"
6365584,2021,5,5,租賃,"10,000-19,999元"
6365751,2021,5,2,租賃,"10,000-19,999元"
7333159,2021,5,1,自有/家人所有/自建,NA
7333276,2021,4,1,自有/家人所有/自建,NA
7334107,2021,3,3,租賃,"10,000-19,999元"
7337028,2021,2,1,租賃,"20,000元以上"
7337449,2021,4,3,自有/家人所有/自建,NA
7337750,2021,5,4,自有/家人所有/自建,NA
7365825,2021,2,2,自有/家人所有/自建,NA
8333078,2021,4,2,租賃,"20,000元以上"
8333932,2021,4,1,自有/家人所有/自建,NA
8334025,2021,4,3,租賃,"10,000-19,999元"
8334165,2021,3,2,自有/家人所有/自建,NA
8337076,2021,6,1,自有/家人所有/自建,NA
8337817,2021,2,1,自有/家人所有/自建,NA
8364564,2021,4,3,租賃,"10,000-19,999元"
8364694,2021,3,2,自有/家人所有/自建,NA
8365160,2021,4,4,租賃,"10,000-19,999元"
8365466,2021,6,1,自有/家人所有/自建,NA
8365835,2021,4,3,自有/家人所有/自建,NA
9332674,2021,3,1,自有/家人所有/自建,NA
9332675,2021,1,1,租賃,"7,000-9,999元"
9333167,2021,1,1,租賃,"3,000-4,999元"
9333439,2021,3,2,自有/家人所有/自建,NA
9334189,2021,1,1,自有/家人所有/自建,NA
9337358,2021,3,2,租賃,"10,000-19,999元"
9337547,2021,5,2,租賃,"10,000-19,999元"
9337618,2021,1,1,租賃,"7,000-9,999元"
9337732,2021,5,1,自有/家人所有/自建,NA
9365307,2021,4,1,自有/家人所有/自建,NA
9365420,2021,4,4,租賃,"10,000-19,999元"
9365494,2021,8,6,自有/家人所有/自建,NA
9365810,2021,3,2,自有/家人所有/自建,NA
1287776,2021,6,2,租賃,"7,000-9,999元"
1291115,2021,1,1,租賃,"未滿1,000元"
1291120,2021,3,1,配住,"10,000-19,999元"
1291173,2021,1,1,自有/家人所有/自建,NA
1291257,2021,4,4,租賃,"20,000元以上"
1291289,2021,3,1,自有/家人所有/自建,NA
1291346,2021,5,1,自有/家人所有/自建,NA
1291444,2021,7,1,自有/家人所有/自建,NA
1291472,2021,7,3,租賃,"5,000-6,999元"
1291517,2021,1,1,自有/家人所有/自建,NA
1291519,2021,4,1,自有/家人所有/自建,NA
1291521,2021,1,1,租賃,"20,000元以上"
1291623,2021,4,1,自有/家人所有/自建,NA
1292081,2021,4,2,租賃,"10,000-19,999元"
1292082,2021,4,3,租賃,"7,000-9,999元"
1292284,2021,4,2,自有/家人所有/自建,NA
1292550,2021,6,1,自有/家人所有/自建,NA
1292569,2021,5,1,自有/家人所有/自建,NA
1292595,2021,3,1,自有/家人所有/自建,NA
1292621,2021,7,3,自有/家人所有/自建,NA
1296583,2021,4,4,租賃,"10,000-19,999元"
1298202,2021,2,1,自有/家人所有/自建,NA
1298234,2021,2,2,自有/家人所有/自建,NA
1298321,2021,5,5,租賃,"7,000-9,999元"
1299464,2021,3,1,配住,不需要支付租金
2287815,2021,1,1,租賃,"10,000-19,999元"
2288043,2021,5,5,租賃,"10,000-19,999元"
2288115,2021,4,2,自有/家人所有/自建,NA
2288155,2021,3,1,自有/家人所有/自建,NA
2291080,2021,6,5,自有/家人所有/自建,NA
2291102,2021,4,3,自有/家人所有/自建,NA
2291141,2021,2,1,租賃,"20,000元以上"
2291156,2021,3,1,租賃,"10,000-19,999元"
2291200,2021,2,1,借用,NA
2291241,2021,6,1,自有/家人所有/自建,NA
2291243,2021,7,1,自有/家人所有/自建,NA
2291269,2021,6,1,自有/家人所有/自建,NA
2291278,2021,1,1,租賃,"7,000-9,999元"
2291336,2021,4,1,租賃,"20,000元以上"
2291345,2021,7,1,自有/家人所有/自建,NA
2291370,2021,6,3,自有/家人所有/自建,NA
2291374,2021,3,2,租賃,"7,000-9,999元"
2291407,2021,2,1,租賃,"10,000-19,999元"
2291428,2021,1,1,租賃,"10,000-19,999元"
2291511,2021,1,1,租賃,"20,000元以上"
2291531,2021,3,1,自有/家人所有/自建,NA
2291654,2021,2,1,借用,NA
2291937,2021,3,1,自有/家人所有/自建,NA
2291960,2021,3,3,配住,不需要支付租金
2292045,2021,3,1,自有/家人所有/自建,NA
2292195,2021,3,3,租賃,"10,000-19,999元"
2292295,2021,3,2,租賃,"10,000-19,999元"
2292324,2021,3,1,自有/家人所有/自建,NA
2297651,2021,3,2,借用,NA
2298189,2021,1,1,租賃,"20,000元以上"
2298614,2021,3,1,自有/家人所有/自建,NA
2298993,2021,3,2,自有/家人所有/自建,NA
3287903,2021,5,2,自有/家人所有/自建,NA
3287922,2021,4,2,自有/家人所有/自建,NA
3287967,2021,4,3,租賃,"20,000元以上"
3288068,2021,2,1,自有/家人所有/自建,NA
3288180,2021,2,1,自有/家人所有/自建,NA
3288264,2021,5,3,自有/家人所有/自建,NA
3291468,2021,3,2,自有/家人所有/自建,NA
3291722,2021,5,2,自有/家人所有/自建,NA
3291925,2021,3,1,自有/家人所有/自建,NA
3292150,2021,1,1,租賃,"5,000-6,999元"
3292246,2021,4,4,租賃,"1,000-2,999元"
3292326,2021,5,1,自有/家人所有/自建,NA
3292402,2021,4,2,自有/家人所有/自建,NA
3292482,2021,5,3,自有/家人所有/自建,NA
3292526,2021,6,2,自有/家人所有/自建,NA
3292529,2021,2,1,自有/家人所有/自建,NA
3292782,2021,2,1,自有/家人所有/自建,NA
3295881,2021,3,3,租賃,"10,000-19,999元"
3296097,2021,2,2,租賃,"10,000-19,999元"
3296650,2021,4,4,租賃,"10,000-19,999元"
3297742,2021,3,1,租賃,"20,000元以上"
3297901,2021,8,4,租賃,"20,000元以上"
3297918,2021,3,2,自有/家人所有/自建,NA
3298182,2021,3,2,自有/家人所有/自建,NA
3298524,2021,3,1,租賃,"10,000-19,999元"
3298971,2021,4,3,自有/家人所有/自建,NA
4288441,2021,3,3,租賃,"20,000元以上"
4291101,2021,4,1,自有/家人所有/自建,NA
4292548,2021,4,3,自有/家人所有/自建,NA
4292608,2021,8,3,自有/家人所有/自建,NA
4295839,2021,8,8,租賃,"10,000-19,999元"
4296578,2021,4,3,自有/家人所有/自建,NA
4296591,2021,3,3,租賃,"10,000-19,999元"
4298239,2021,2,2,租賃,"10,000-19,999元"
4298408,2021,7,3,自有/家人所有/自建,NA
4298421,2021,4,4,租賃,"20,000元以上"
4298755,2021,3,1,自有/家人所有/自建,"20,000元以上"
5287873,2021,3,1,自有/家人所有/自建,NA
5287954,2021,3,2,租賃,"10,000-19,999元"
5288166,2021,4,1,自有/家人所有/自建,NA
5288216,2021,6,2,自有/家人所有/自建,NA
5288244,2021,6,2,租賃,"20,000元以上"
5288255,2021,2,1,自有/家人所有/自建,NA
5288260,2021,5,5,租賃,"20,000元以上"
5288464,2021,4,1,租賃,"20,000元以上"
5291852,2021,5,4,自有/家人所有/自建,NA
5292202,2021,3,3,租賃,"10,000-19,999元"
5292315,2021,4,3,自有/家人所有/自建,NA
5292424,2021,4,4,租賃,"10,000-19,999元"
5296321,2021,3,3,租賃,"10,000-19,999元"
5296744,2021,3,2,租賃,"10,000-19,999元"
5296865,2021,4,3,租賃,"10,000-19,999元"
5297302,2021,3,3,租賃,"10,000-19,999元"
6288177,2021,4,2,自有/家人所有/自建,NA
6288299,2021,1,1,租賃,"5,000-6,999元"
6288346,2021,3,2,自有/家人所有/自建,NA
6288390,2021,4,3,自有/家人所有/自建,NA
6288429,2021,4,1,自有/家人所有/自建,NA
6288468,2021,5,3,自有/家人所有/自建,NA
6288549,2021,1,1,租賃,"10,000-19,999元"
6292209,2021,8,3,自有/家人所有/自建,NA
6292514,2021,5,3,自有/家人所有/自建,NA
6292683,2021,1,1,租賃,"7,000-9,999元"
6295850,2021,5,5,租賃,"10,000-19,999元"
6297138,2021,2,2,租賃,"10,000-19,999元"
7287835,2021,2,1,自有/家人所有/自建,NA
7287876,2021,4,1,自有/家人所有/自建,NA
7287983,2021,4,2,租賃,"10,000-19,999元"
7287998,2021,4,2,租賃,"10,000-19,999元"
7288086,2021,5,5,租賃,"10,000-19,999元"
7288460,2021,8,4,自有/家人所有/自建,NA
7291761,2021,1,1,租賃,"10,000-19,999元"
7292276,2021,3,1,自有/家人所有/自建,NA
7292609,2021,3,1,自有/家人所有/自建,NA
7292612,2021,3,3,自有/家人所有/自建,NA
7296203,2021,5,3,租賃,"10,000-19,999元"
7296279,2021,4,4,租賃,"10,000-19,999元"
7296370,2021,4,4,租賃,"10,000-19,999元"
7296483,2021,4,3,租賃,"10,000-19,999元"
7297122,2021,6,5,租賃,"10,000-19,999元"
7297363,2021,5,5,租賃,"10,000-19,999元"
7297863,2021,5,4,租賃,"20,000元以上"
7297912,2021,5,4,自有/家人所有/自建,NA
7297949,2021,5,3,租賃,"10,000-19,999元"
7298010,2021,6,1,租賃,"20,000元以上"
7298099,2021,3,2,自有/家人所有/自建,NA
7298141,2021,6,1,自有/家人所有/自建,NA
7298166,2021,3,2,自有/家人所有/自建,NA
7298252,2021,5,2,自有/家人所有/自建,NA
7298488,2021,6,1,自有/家人所有/自建,NA
7298553,2021,7,7,配住,"未滿1,000元"
7298625,2021,5,1,自有/家人所有/自建,NA
7298877,2021,3,1,租賃,"10,000-19,999元"
7298913,2021,5,1,自有/家人所有/自建,NA
7299024,2021,4,1,自有/家人所有/自建,NA
8287722,2021,1,1,自有/家人所有/自建,NA
8287866,2021,5,2,自有/家人所有/自建,NA
8287960,2021,6,1,自有/家人所有/自建,NA
8288253,2021,7,6,自有/家人所有/自建,NA
8288327,2021,4,1,自有/家人所有/自建,NA
8288352,2021,5,4,自有/家人所有/自建,NA
8288504,2021,5,1,自有/家人所有/自建,NA
8291989,2021,3,2,租賃,"7,000-9,999元"
8292126,2021,2,2,自有/家人所有/自建,NA
8292272,2021,1,1,自有/家人所有/自建,NA
8296565,2021,4,4,租賃,"10,000-19,999元"
8296918,2021,5,4,租賃,"10,000-19,999元"
8296967,2021,3,3,租賃,"10,000-19,999元"
8297427,2021,4,4,租賃,"10,000-19,999元"
8297812,2021,1,1,借用,NA
8298060,2021,2,2,自有/家人所有/自建,NA
8298162,2021,2,1,自有/家人所有/自建,NA
8298349,2021,6,1,自有/家人所有/自建,NA
8298383,2021,2,1,自有/家人所有/自建,NA
8298414,2021,3,1,自有/家人所有/自建,NA
8298592,2021,7,2,自有/家人所有/自建,NA
8298844,2021,3,1,自有/家人所有/自建,NA
9287690,2021,3,1,自有/家人所有/自建,NA
9287725,2021,5,3,自有/家人所有/自建,NA
9287814,2021,3,2,租賃,"20,000元以上"
9287916,2021,1,1,自有/家人所有/自建,NA
9288054,2021,3,2,自有/家人所有/自建,NA
9288478,2021,7,4,自有/家人所有/自建,NA
9288550,2021,3,1,自有/家人所有/自建,NA
9292266,2021,1,1,租賃,"1,000-2,999元"
9292691,2021,5,2,自有/家人所有/自建,NA
9295816,2021,3,3,租賃,"10,000-19,999元"
9295956,2021,5,5,租賃,"10,000-19,999元"
9296205,2021,3,3,租賃,"10,000-19,999元"
9296621,2021,5,4,租賃,"10,000-19,999元"
9296633,2021,5,4,租賃,"10,000-19,999元"
9296988,2021,9,9,租賃,"10,000-19,999元"
9297428,2021,3,2,租賃,"10,000-19,999元"
9297821,2021,5,3,租賃,"20,000元以上"
9298316,2021,4,3,自有/家人所有/自建,NA
9298442,2021,5,1,自有/家人所有/自建,NA
9298480,2021,7,1,自有/家人所有/自建,NA
9298567,2021,6,5,自有/家人所有/自建,NA
9298593,2021,3,2,自有/家人所有/自建,NA
9298661,2021,5,5,租賃,"10,000-19,999元"
9298712,2021,6,1,自有/家人所有/自建,NA
9298992,2021,4,3,自有/家人所有/自建,NA
1410194,2021,4,3,自有/家人所有/自建,NA
1410404,2021,4,4,自有/家人所有/自建,NA
1410971,2021,3,3,租賃,"10,000-19,999元"
1411017,2021,3,3,自有/家人所有/自建,NA
1411421,2021,4,1,租賃,"10,000-19,999元"
1411571,2021,2,2,自有/家人所有/自建,NA
1411633,2021,4,3,租賃,"10,000-19,999元"
1411644,2021,2,2,租賃,"10,000-19,999元"
1411991,2021,3,1,自有/家人所有/自建,NA
1412003,2021,7,7,自有/家人所有/自建,NA
1412165,2021,2,1,自有/家人所有/自建,NA
1412387,2021,4,2,自有/家人所有/自建,NA
1412475,2021,2,2,自有/家人所有/自建,NA
1412587,2021,2,2,自有/家人所有/自建,NA
1412860,2021,4,3,租賃,"10,000-19,999元"
1412879,2021,2,1,自有/家人所有/自建,NA
1413554,2021,5,1,自有/家人所有/自建,NA
1413650,2021,2,2,租賃,"10,000-19,999元"
1414123,2021,3,3,自有/家人所有/自建,NA
1414223,2021,4,4,租賃,"10,000-19,999元"
1416261,2021,2,1,自有/家人所有/自建,NA
1416755,2021,7,2,自有/家人所有/自建,NA
1416859,2021,5,1,自有/家人所有/自建,NA
1417200,2021,13,13,自有/家人所有/自建,NA
1417449,2021,5,1,自有/家人所有/自建,NA
1417715,2021,1,1,自有/家人所有/自建,NA
1418816,2021,6,3,自有/家人所有/自建,NA
1420775,2021,3,1,租賃,"5,000-6,999元"
1421205,2021,2,2,租賃,"7,000-9,999元"
1421359,2021,4,4,借用,NA
1422340,2021,9,8,自有/家人所有/自建,NA
1422532,2021,2,1,自有/家人所有/自建,NA
1422889,2021,5,1,自有/家人所有/自建,NA
1423006,2021,2,1,自有/家人所有/自建,NA
1423722,2021,6,2,租賃,"20,000元以上"
1423833,2021,8,6,自有/家人所有/自建,NA
1423970,2021,2,1,租賃,"10,000-19,999元"
1424228,2021,1,1,自有/家人所有/自建,NA
1424557,2021,4,4,自有/家人所有/自建,NA
1424925,2021,1,1,自有/家人所有/自建,NA
1425251,2021,9,9,自有/家人所有/自建,NA
1425725,2021,4,4,租賃,"5,000-6,999元"
1426839,2021,2,1,自有/家人所有/自建,NA
1427276,2021,1,1,自有/家人所有/自建,NA
1427812,2021,1,1,自有/家人所有/自建,NA
1428223,2021,4,4,自有/家人所有/自建,NA
1428605,2021,1,1,自有/家人所有/自建,NA
1428785,2021,2,2,租賃,"5,000-6,999元"
1430567,2021,8,1,自有/家人所有/自建,NA
1433001,2021,6,4,自有/家人所有/自建,NA
1440417,2021,3,2,自有/家人所有/自建,NA
1446229,2021,4,2,配住,"3,000-4,999元"
1447080,2021,2,1,租賃,"10,000-19,999元"
1447445,2021,5,4,自有/家人所有/自建,NA
1447950,2021,1,1,自有/家人所有/自建,NA
1448041,2021,3,1,自有/家人所有/自建,NA
1448141,2021,4,3,租賃,"10,000-19,999元"
1448796,2021,4,3,自有/家人所有/自建,NA
1449299,2021,1,1,自有/家人所有/自建,NA
1449372,2021,3,3,租賃,"7,000-9,999元"
1449518,2021,5,3,自有/家人所有/自建,NA
1449528,2021,2,2,租賃,"10,000-19,999元"
1449617,2021,2,2,租賃,"7,000-9,999元"
1449711,2021,8,2,租賃,"10,000-19,999元"
1449731,2021,4,3,租賃,"10,000-19,999元"
1450254,2021,3,2,租賃,"5,000-6,999元"
1450274,2021,3,3,租賃,"7,000-9,999元"
1450729,2021,3,3,自有/家人所有/自建,NA
1451234,2021,8,7,自有/家人所有/自建,NA
1451726,2021,4,4,租賃,"5,000-6,999元"
1451845,2021,3,3,自有/家人所有/自建,NA
1451907,2021,2,1,租賃,"5,000-6,999元"
1452020,2021,7,3,租賃,"10,000-19,999元"
1455685,2021,2,2,自有/家人所有/自建,NA
1456155,2021,5,5,自有/家人所有/自建,NA
1456194,2021,6,6,自有/家人所有/自建,NA
1456421,2021,2,2,自有/家人所有/自建,NA
1456817,2021,4,4,自有/家人所有/自建,NA
1456837,2021,2,2,自有/家人所有/自建,NA
1457634,2021,3,3,自有/家人所有/自建,NA
1458412,2021,4,4,自有/家人所有/自建,NA
1459152,2021,4,2,自有/家人所有/自建,NA
1459281,2021,6,6,租賃,"7,000-9,999元"
1459595,2021,3,3,自有/家人所有/自建,NA
1461108,2021,4,2,自有/家人所有/自建,NA
1461625,2021,2,2,自有/家人所有/自建,NA
1461638,2021,7,7,自有/家人所有/自建,NA
1462230,2021,2,2,自有/家人所有/自建,NA
1462231,2021,9,8,租賃,"10,000-19,999元"
1462239,2021,5,5,配住,不需要支付租金
1462551,2021,3,1,自有/家人所有/自建,NA
1462586,2021,2,2,租賃,"5,000-6,999元"
1462680,2021,4,4,租賃,"10,000-19,999元"
1462872,2021,1,1,租賃,"10,000-19,999元"
1462905,2021,2,2,自有/家人所有/自建,NA
1462948,2021,2,1,自有/家人所有/自建,NA
1463092,2021,2,2,租賃,"10,000-19,999元"
1463109,2021,2,1,自有/家人所有/自建,NA
1463220,2021,6,6,自有/家人所有/自建,NA
1463228,2021,3,2,自有/家人所有/自建,NA
1463344,2021,3,1,自有/家人所有/自建,NA
1463370,2021,4,4,租賃,"10,000-19,999元"
1463375,2021,2,2,自有/家人所有/自建,NA
1463404,2021,5,5,租賃,"10,000-19,999元"
1463484,2021,3,2,租賃,"10,000-19,999元"
1463505,2021,2,2,租賃,"3,000-4,999元"
1463535,2021,5,1,自有/家人所有/自建,NA
1463664,2021,3,2,自有/家人所有/自建,NA
1463667,2021,2,2,自有/家人所有/自建,NA
1464025,2021,3,3,自有/家人所有/自建,NA
1464577,2021,2,2,自有/家人所有/自建,NA
1464890,2021,1,1,自有/家人所有/自建,NA
1464916,2021,2,2,自有/家人所有/自建,NA
1464941,2021,4,4,自有/家人所有/自建,NA
1464980,2021,4,4,自有/家人所有/自建,NA
1465521,2021,3,3,租賃,"7,000-9,999元"
1465526,2021,7,7,自有/家人所有/自建,NA
1467075,2021,6,6,自有/家人所有/自建,NA
1467604,2021,4,4,自有/家人所有/自建,NA
1467742,2021,2,2,自有/家人所有/自建,NA
1467794,2021,7,6,自有/家人所有/自建,NA
1468557,2021,3,3,自有/家人所有/自建,NA
2409545,2021,3,1,自有/家人所有/自建,NA
2409969,2021,4,1,租賃,"20,000元以上"
2410147,2021,4,1,自有/家人所有/自建,NA
2410163,2021,3,2,自有/家人所有/自建,NA
2410218,2021,4,1,自有/家人所有/自建,NA
2411102,2021,6,6,租賃,"7,000-9,999元"
2411613,2021,5,1,自有/家人所有/自建,NA
2413192,2021,4,4,租賃,"10,000-19,999元"
2413219,2021,2,2,租賃,"7,000-9,999元"
2413924,2021,6,4,自有/家人所有/自建,NA
2414131,2021,2,2,租賃,"5,000-6,999元"
2414319,2021,5,4,配住,"3,000-4,999元"
2414619,2021,9,8,租賃,"10,000-19,999元"
2414862,2021,3,3,自有/家人所有/自建,NA
2416035,2021,3,3,租賃,"10,000-19,999元"
2416247,2021,4,2,自有/家人所有/自建,NA
2416471,2021,5,4,租賃,"10,000-19,999元"
2416792,2021,4,3,租賃,"10,000-19,999元"
2417003,2021,6,3,自有/家人所有/自建,NA
2417790,2021,5,5,自有/家人所有/自建,NA
2417974,2021,6,1,自有/家人所有/自建,NA
2418404,2021,3,1,自有/家人所有/自建,NA
2420273,2021,4,2,自有/家人所有/自建,NA
2420374,2021,4,3,租賃,"7,000-9,999元"
2420485,2021,6,6,租賃,"10,000-19,999元"
2420561,2021,3,3,自有/家人所有/自建,NA
2421603,2021,3,2,自有/家人所有/自建,NA
2421975,2021,3,1,租賃,"10,000-19,999元"
2422177,2021,1,1,租賃,"7,000-9,999元"
2422301,2021,5,1,自有/家人所有/自建,NA
2422906,2021,6,5,自有/家人所有/自建,NA
2422936,2021,3,3,自有/家人所有/自建,NA
2422984,2021,1,1,租賃,"7,000-9,999元"
2423318,2021,4,1,自有/家人所有/自建,NA
2424435,2021,5,3,租賃,"3,000-4,999元"
2424889,2021,5,3,租賃,"7,000-9,999元"
2425953,2021,5,3,自有/家人所有/自建,NA
2426692,2021,4,4,配住,不需要支付租金
2426896,2021,5,1,租賃,"7,000-9,999元"
2426915,2021,4,4,自有/家人所有/自建,NA
2427427,2021,5,4,租賃,"5,000-6,999元"
2429496,2021,4,3,租賃,"10,000-19,999元"
2446022,2021,4,4,租賃,"7,000-9,999元"
2446047,2021,3,3,租賃,"10,000-19,999元"
2447849,2021,5,3,自有/家人所有/自建,NA
2447872,2021,4,4,配住,"1,000-2,999元"
2448411,2021,1,1,自有/家人所有/自建,NA
2448706,2021,3,3,自有/家人所有/自建,NA
2448872,2021,6,6,租賃,"10,000-19,999元"
2448905,2021,4,3,自有/家人所有/自建,NA
2448962,2021,5,5,租賃,"10,000-19,999元"
2449378,2021,5,5,自有/家人所有/自建,NA
2449458,2021,3,3,自有/家人所有/自建,NA
2450387,2021,4,3,自有/家人所有/自建,NA
2450718,2021,1,1,自有/家人所有/自建,NA
2450783,2021,2,2,租賃,"20,000元以上"
2450847,2021,4,4,自有/家人所有/自建,NA
2450880,2021,7,4,租賃,"10,000-19,999元"
2450983,2021,9,8,自有/家人所有/自建,NA
2451249,2021,4,1,租賃,"7,000-9,999元"
2451305,2021,4,3,租賃,"7,000-9,999元"
2451306,2021,4,3,自有/家人所有/自建,NA
2451526,2021,2,2,自有/家人所有/自建,NA
2451529,2021,3,2,自有/家人所有/自建,NA
2451801,2021,4,1,自有/家人所有/自建,NA
2456847,2021,2,2,自有/家人所有/自建,NA
2456893,2021,4,3,自有/家人所有/自建,NA
2457104,2021,8,4,自有/家人所有/自建,NA
2457685,2021,6,5,自有/家人所有/自建,NA
2457920,2021,4,1,自有/家人所有/自建,NA
2458161,2021,5,5,自有/家人所有/自建,NA
2458240,2021,1,1,自有/家人所有/自建,NA
2460684,2021,6,3,自有/家人所有/自建,NA
2461218,2021,2,2,租賃,"10,000-19,999元"
2461427,2021,1,1,租賃,"3,000-4,999元"
2461578,2021,2,2,自有/家人所有/自建,NA
2461722,2021,1,1,自有/家人所有/自建,NA
2461886,2021,4,3,自有/家人所有/自建,NA
2462077,2021,6,6,租賃,"10,000-19,999元"
2462247,2021,6,1,自有/家人所有/自建,NA
2462251,2021,3,2,自有/家人所有/自建,NA
2462379,2021,1,1,自有/家人所有/自建,NA
2462422,2021,4,2,自有/家人所有/自建,NA
2462583,2021,6,5,自有/家人所有/自建,NA
2462606,2021,4,1,自有/家人所有/自建,NA
2462615,2021,3,2,自有/家人所有/自建,NA
2462951,2021,1,1,自有/家人所有/自建,NA
2463032,2021,3,1,租賃,"10,000-19,999元"
2463204,2021,4,3,自有/家人所有/自建,NA
2463437,2021,4,4,配住,不需要支付租金
2463499,2021,4,4,租賃,"10,000-19,999元"
2463541,2021,4,3,自有/家人所有/自建,NA
2463542,2021,2,2,自有/家人所有/自建,NA
2463550,2021,3,2,自有/家人所有/自建,NA
2463601,2021,5,3,自有/家人所有/自建,NA
2463676,2021,3,2,自有/家人所有/自建,NA
2463677,2021,2,2,自有/家人所有/自建,NA
2463711,2021,2,1,自有/家人所有/自建,NA
2463754,2021,5,5,自有/家人所有/自建,NA
2463857,2021,4,4,自有/家人所有/自建,NA
2463999,2021,2,2,自有/家人所有/自建,NA
2464072,2021,2,2,自有/家人所有/自建,NA
2464157,2021,3,3,自有/家人所有/自建,NA
2464920,2021,6,5,自有/家人所有/自建,NA
2465885,2021,4,4,自有/家人所有/自建,NA
2467880,2021,5,5,自有/家人所有/自建,NA
2469364,2021,5,4,租賃,"7,000-9,999元"
3412383,2021,3,3,自有/家人所有/自建,NA
3413942,2021,5,4,自有/家人所有/自建,NA
3414216,2021,2,2,自有/家人所有/自建,NA
3416119,2021,4,1,租賃,"10,000-19,999元"
3416827,2021,5,5,自有/家人所有/自建,NA
3416910,2021,2,1,自有/家人所有/自建,NA
3417005,2021,6,3,自有/家人所有/自建,NA
3418129,2021,3,3,自有/家人所有/自建,NA
3420342,2021,4,1,自有/家人所有/自建,NA
3420380,2021,2,1,自有/家人所有/自建,NA
3421377,2021,4,3,自有/家人所有/自建,NA
3421906,2021,3,3,租賃,"7,000-9,999元"
3421980,2021,1,1,自有/家人所有/自建,NA
3423484,2021,3,2,租賃,"10,000-19,999元"
3423902,2021,3,1,自有/家人所有/自建,NA
3425174,2021,2,2,自有/家人所有/自建,NA
3426737,2021,1,1,自有/家人所有/自建,NA
3427404,2021,3,1,租賃,"5,000-6,999元"
3428136,2021,1,1,自有/家人所有/自建,NA
3428147,2021,4,4,租賃,"7,000-9,999元"
3428998,2021,6,6,租賃,"5,000-6,999元"
3430980,2021,3,1,租賃,"7,000-9,999元"
3431093,2021,6,6,租賃,"7,000-9,999元"
3431133,2021,10,9,租賃,"3,000-4,999元"
3445877,2021,1,1,租賃,"10,000-19,999元"
3448466,2021,2,2,租賃,"7,000-9,999元"
3448758,2021,3,3,租賃,"5,000-6,999元"
3450041,2021,6,2,自有/家人所有/自建,NA
3450357,2021,3,2,租賃,"7,000-9,999元"
3450820,2021,6,5,自有/家人所有/自建,NA
3450859,2021,4,2,自有/家人所有/自建,NA
3451056,2021,3,2,自有/家人所有/自建,NA
3451297,2021,6,6,租賃,"5,000-6,999元"
3451519,2021,2,2,自有/家人所有/自建,NA
3451910,2021,6,4,租賃,"7,000-9,999元"
3456042,2021,3,1,自有/家人所有/自建,NA
3456479,2021,3,3,自有/家人所有/自建,NA
3456953,2021,5,5,自有/家人所有/自建,NA
3457919,2021,2,2,自有/家人所有/自建,NA
3458113,2021,2,2,自有/家人所有/自建,NA
3458171,2021,4,1,自有/家人所有/自建,NA
3458379,2021,7,5,自有/家人所有/自建,NA
3459594,2021,3,3,自有/家人所有/自建,NA
3460040,2021,3,1,自有/家人所有/自建,NA
3460085,2021,2,2,自有/家人所有/自建,NA
3460105,2021,5,5,自有/家人所有/自建,NA
3460176,2021,4,1,租賃,"10,000-19,999元"
3460216,2021,3,3,自有/家人所有/自建,NA
3460542,2021,11,1,自有/家人所有/自建,NA
3460954,2021,3,3,自有/家人所有/自建,NA
3461375,2021,6,3,租賃,"5,000-6,999元"
3461517,2021,2,2,自有/家人所有/自建,NA
3461588,2021,3,3,自有/家人所有/自建,NA
3461715,2021,4,4,自有/家人所有/自建,NA
3461746,2021,2,2,租賃,"20,000元以上"
3461848,2021,7,1,自有/家人所有/自建,NA
3461897,2021,2,2,自有/家人所有/自建,NA
3462096,2021,1,1,租賃,"10,000-19,999元"
3462272,2021,2,2,租賃,"10,000-19,999元"
3462517,2021,3,3,自有/家人所有/自建,NA
3462654,2021,4,3,租賃,"5,000-6,999元"
3462672,2021,3,2,自有/家人所有/自建,NA
3463206,2021,5,5,自有/家人所有/自建,NA
3463217,2021,1,1,租賃,"10,000-19,999元"
3463403,2021,2,1,租賃,"5,000-6,999元"
3464504,2021,7,7,自有/家人所有/自建,NA
3465048,2021,4,4,自有/家人所有/自建,NA
3465408,2021,6,6,自有/家人所有/自建,NA
3467000,2021,4,4,自有/家人所有/自建,NA
3467938,2021,1,1,自有/家人所有/自建,NA
3468397,2021,9,9,自有/家人所有/自建,NA
3468771,2021,5,5,自有/家人所有/自建,NA
3469788,2021,1,1,自有/家人所有/自建,NA
3470933,2021,2,2,自有/家人所有/自建,NA
3471138,2021,4,3,自有/家人所有/自建,NA
4415796,2021,2,2,租賃,"5,000-6,999元"
4417011,2021,2,1,自有/家人所有/自建,NA
4418011,2021,7,1,自有/家人所有/自建,NA
4419143,2021,8,8,自有/家人所有/自建,NA
4419421,2021,7,7,自有/家人所有/自建,NA
4419426,2021,3,2,自有/家人所有/自建,NA
4419607,2021,5,4,自有/家人所有/自建,NA
4420828,2021,3,1,自有/家人所有/自建,NA
4420975,2021,3,2,借用,NA
4421074,2021,7,2,租賃,"5,000-6,999元"
4421297,2021,3,3,自有/家人所有/自建,NA
4421520,2021,4,4,自有/家人所有/自建,NA
4421955,2021,1,1,自有/家人所有/自建,NA
4422076,2021,7,3,自有/家人所有/自建,NA
4422107,2021,2,2,租賃,"7,000-9,999元"
4423913,2021,3,1,自有/家人所有/自建,NA
4425575,2021,3,3,自有/家人所有/自建,NA
4426003,2021,2,2,自有/家人所有/自建,NA
4426991,2021,2,2,租賃,"7,000-9,999元"
4427188,2021,2,2,自有/家人所有/自建,NA
4431331,2021,4,3,租賃,"5,000-6,999元"
4432001,2021,4,4,自有/家人所有/自建,NA
4445866,2021,8,8,自有/家人所有/自建,NA
4448037,2021,6,2,自有/家人所有/自建,NA
4448368,2021,1,1,租賃,"5,000-6,999元"
4449306,2021,2,1,租賃,"10,000-19,999元"
4450160,2021,6,4,自有/家人所有/自建,NA
4450169,2021,5,4,自有/家人所有/自建,NA
4450655,2021,5,4,自有/家人所有/自建,NA
4450700,2021,2,2,自有/家人所有/自建,NA
4455688,2021,6,4,租賃,"10,000-19,999元"
4456070,2021,4,3,租賃,"7,000-9,999元"
4456988,2021,3,3,自有/家人所有/自建,NA
4457113,2021,3,3,自有/家人所有/自建,NA
4457261,2021,7,2,自有/家人所有/自建,NA
4457278,2021,5,1,自有/家人所有/自建,NA
4457933,2021,4,4,自有/家人所有/自建,NA
4458250,2021,6,1,自有/家人所有/自建,NA
4458328,2021,4,3,自有/家人所有/自建,NA
4458642,2021,5,5,租賃,"5,000-6,999元"
4459062,2021,2,1,自有/家人所有/自建,NA
4459508,2021,3,3,自有/家人所有/自建,NA
4460357,2021,2,2,自有/家人所有/自建,NA
4460405,2021,2,1,租賃,"10,000-19,999元"
4461170,2021,1,1,自有/家人所有/自建,NA
4461496,2021,3,3,自有/家人所有/自建,NA
4461554,2021,4,4,自有/家人所有/自建,NA
4461570,2021,6,6,租賃,"10,000-19,999元"
4461619,2021,4,4,自有/家人所有/自建,NA
4461710,2021,3,3,自有/家人所有/自建,NA
4461902,2021,1,1,租賃,"10,000-19,999元"
4462052,2021,4,3,自有/家人所有/自建,NA
4462241,2021,6,2,自有/家人所有/自建,NA
4462299,2021,7,3,自有/家人所有/自建,NA
4462417,2021,1,1,租賃,"20,000元以上"
4462584,2021,4,3,租賃,"10,000-19,999元"
4462665,2021,5,5,自有/家人所有/自建,NA
4462723,2021,2,2,自有/家人所有/自建,NA
4462736,2021,4,4,自有/家人所有/自建,NA
4463135,2021,1,1,租賃,"10,000-19,999元"
4463144,2021,3,3,自有/家人所有/自建,NA
4463308,2021,5,1,自有/家人所有/自建,NA
4463364,2021,8,8,租賃,"1,000-2,999元"
4463775,2021,3,3,自有/家人所有/自建,NA
4464002,2021,3,3,自有/家人所有/自建,NA
4464156,2021,4,4,自有/家人所有/自建,NA
4464853,2021,3,3,自有/家人所有/自建,NA
4465400,2021,8,8,自有/家人所有/自建,NA
4465458,2021,3,3,自有/家人所有/自建,NA
4465715,2021,8,8,自有/家人所有/自建,NA
4465941,2021,11,11,自有/家人所有/自建,NA
4466388,2021,11,11,自有/家人所有/自建,NA
4467625,2021,4,4,自有/家人所有/自建,NA
4467652,2021,1,1,自有/家人所有/自建,NA
4468348,2021,2,2,自有/家人所有/自建,NA
4468659,2021,4,4,自有/家人所有/自建,NA
4469666,2021,2,2,自有/家人所有/自建,NA
5418611,2021,2,2,自有/家人所有/自建,NA
5418808,2021,5,1,自有/家人所有/自建,NA
5422347,2021,2,1,自有/家人所有/自建,NA
5423915,2021,1,1,租賃,"10,000-19,999元"
5427114,2021,9,9,自有/家人所有/自建,NA
5427269,2021,3,2,自有/家人所有/自建,NA
5427585,2021,4,3,自有/家人所有/自建,NA
5428750,2021,7,7,租賃,"7,000-9,999元"
5430106,2021,7,1,自有/家人所有/自建,NA
5430953,2021,3,1,自有/家人所有/自建,NA
5432746,2021,8,8,自有/家人所有/自建,NA
5432932,2021,5,5,自有/家人所有/自建,NA
5433061,2021,3,1,借用,NA
5440158,2021,7,2,自有/家人所有/自建,NA
5442662,2021,5,4,租賃,"7,000-9,999元"
5443357,2021,3,3,自有/家人所有/自建,NA
5443633,2021,6,5,租賃,"20,000元以上"
5444422,2021,3,2,租賃,"10,000-19,999元"
5444702,2021,6,6,自有/家人所有/自建,NA
5445777,2021,3,2,租賃,"10,000-19,999元"
5445880,2021,3,2,自有/家人所有/自建,NA
5446017,2021,4,2,租賃,"7,000-9,999元"
5446285,2021,4,3,租賃,"5,000-6,999元"
5446305,2021,3,3,自有/家人所有/自建,NA
5446373,2021,4,4,租賃,"10,000-19,999元"
5446400,2021,4,3,租賃,"10,000-19,999元"
5447021,2021,2,1,租賃,"10,000-19,999元"
5447207,2021,2,2,自有/家人所有/自建,NA
5447231,2021,4,4,自有/家人所有/自建,NA
5447313,2021,3,2,租賃,"10,000-19,999元"
5448033,2021,2,1,自有/家人所有/自建,NA
5448161,2021,6,5,自有/家人所有/自建,NA
5448264,2021,3,2,租賃,"10,000-19,999元"
5448668,2021,7,6,自有/家人所有/自建,NA
5448681,2021,5,2,自有/家人所有/自建,NA
5448731,2021,2,2,自有/家人所有/自建,NA
5449061,2021,5,5,租賃,"10,000-19,999元"
5449332,2021,4,2,租賃,"10,000-19,999元"
5449478,2021,2,2,租賃,"7,000-9,999元"
5449592,2021,5,4,租賃,"10,000-19,999元"
5449848,2021,2,2,租賃,"7,000-9,999元"
5450456,2021,4,4,租賃,"7,000-9,999元"
5450659,2021,3,3,租賃,"7,000-9,999元"
5450831,2021,4,4,自有/家人所有/自建,NA
5451004,2021,7,3,租賃,"7,000-9,999元"
5451013,2021,4,3,租賃,"10,000-19,999元"
5451027,2021,2,2,自有/家人所有/自建,NA
5451452,2021,1,1,自有/家人所有/自建,NA
5451505,2021,3,2,自有/家人所有/自建,NA
5451854,2021,1,1,租賃,"5,000-6,999元"
5451938,2021,5,2,自有/家人所有/自建,NA
5451956,2021,1,1,自有/家人所有/自建,NA
5452119,2021,1,1,自有/家人所有/自建,NA
5452144,2021,4,4,自有/家人所有/自建,NA
5453803,2021,2,2,自有/家人所有/自建,NA
5453955,2021,4,4,自有/家人所有/自建,NA
5453983,2021,1,1,借用,NA
5454090,2021,2,2,自有/家人所有/自建,NA
5454453,2021,4,4,自有/家人所有/自建,NA
5456787,2021,6,5,自有/家人所有/自建,NA
5456796,2021,1,1,自有/家人所有/自建,NA
5457586,2021,4,1,自有/家人所有/自建,NA
5458899,2021,5,4,自有/家人所有/自建,NA
5459302,2021,6,1,自有/家人所有/自建,NA
5459315,2021,3,2,租賃,"10,000-19,999元"
5459563,2021,6,4,自有/家人所有/自建,NA
5460005,2021,2,1,自有/家人所有/自建,NA
5464309,2021,4,4,自有/家人所有/自建,NA
5465909,2021,2,2,自有/家人所有/自建,NA
5466625,2021,2,2,自有/家人所有/自建,NA
5467587,2021,2,2,自有/家人所有/自建,NA
5467624,2021,6,6,自有/家人所有/自建,NA
5467634,2021,1,1,自有/家人所有/自建,NA
5471118,2021,3,2,自有/家人所有/自建,NA
6416908,2021,4,4,自有/家人所有/自建,NA
6417920,2021,4,4,租賃,"10,000-19,999元"
6418699,2021,2,1,自有/家人所有/自建,NA
6423255,2021,4,3,自有/家人所有/自建,NA
6423707,2021,4,1,自有/家人所有/自建,NA
6424250,2021,3,3,租賃,"5,000-6,999元"
6425472,2021,2,2,自有/家人所有/自建,NA
6427604,2021,1,1,自有/家人所有/自建,NA
6428506,2021,4,4,自有/家人所有/自建,NA
6429514,2021,4,2,自有/家人所有/自建,NA
6431750,2021,8,1,自有/家人所有/自建,NA
6439885,2021,4,4,租賃,"10,000-19,999元"
6441821,2021,4,3,自有/家人所有/自建,NA
6443351,2021,1,1,租賃,"5,000-6,999元"
6443704,2021,6,6,自有/家人所有/自建,NA
6443880,2021,6,6,自有/家人所有/自建,NA
6444335,2021,2,2,自有/家人所有/自建,NA
6445768,2021,2,1,租賃,"7,000-9,999元"
6445781,2021,4,3,自有/家人所有/自建,NA
6445793,2021,4,4,租賃,"10,000-19,999元"
6445940,2021,6,2,自有/家人所有/自建,NA
6446016,2021,3,1,自有/家人所有/自建,NA
6446237,2021,4,3,自有/家人所有/自建,NA
6446309,2021,9,9,自有/家人所有/自建,NA
6446610,2021,5,2,自有/家人所有/自建,NA
6446813,2021,8,8,自有/家人所有/自建,NA
6447076,2021,6,6,租賃,"7,000-9,999元"
6447273,2021,4,1,租賃,"10,000-19,999元"
6447358,2021,7,2,自有/家人所有/自建,NA
6447780,2021,5,1,自有/家人所有/自建,NA
6448237,2021,4,3,自有/家人所有/自建,NA
6448265,2021,6,2,自有/家人所有/自建,NA
6448533,2021,3,2,自有/家人所有/自建,NA
6448565,2021,3,3,租賃,"10,000-19,999元"
6448689,2021,2,2,租賃,"7,000-9,999元"
6449436,2021,3,2,自有/家人所有/自建,NA
6449643,2021,5,4,租賃,"7,000-9,999元"
6449738,2021,5,1,自有/家人所有/自建,NA
6449858,2021,3,2,租賃,"10,000-19,999元"
6449995,2021,3,3,自有/家人所有/自建,NA
6450180,2021,3,3,租賃,"10,000-19,999元"
6450263,2021,3,2,租賃,"10,000-19,999元"
6450293,2021,5,5,租賃,"5,000-6,999元"
6450741,2021,2,2,租賃,"10,000-19,999元"
6450763,2021,4,1,自有/家人所有/自建,NA
6450811,2021,10,9,租賃,"7,000-9,999元"
6451105,2021,5,5,租賃,"7,000-9,999元"
6451153,2021,3,1,租賃,"7,000-9,999元"
6451768,2021,5,1,自有/家人所有/自建,NA
6451831,2021,1,1,租賃,"5,000-6,999元"
6451976,2021,7,7,自有/家人所有/自建,NA
6452326,2021,4,1,租賃,"10,000-19,999元"
6452407,2021,2,1,租賃,"7,000-9,999元"
6452414,2021,6,6,租賃,"7,000-9,999元"
6453384,2021,6,6,自有/家人所有/自建,NA
6453562,2021,5,1,自有/家人所有/自建,NA
6454785,2021,5,2,自有/家人所有/自建,NA
6454837,2021,5,3,自有/家人所有/自建,NA
6455058,2021,4,3,自有/家人所有/自建,NA
6456673,2021,3,1,自有/家人所有/自建,NA
6457430,2021,3,1,租賃,"5,000-6,999元"
6458512,2021,6,5,自有/家人所有/自建,NA
6458517,2021,4,3,自有/家人所有/自建,NA
6458977,2021,6,1,自有/家人所有/自建,NA
6459023,2021,7,1,自有/家人所有/自建,NA
6459030,2021,4,1,自有/家人所有/自建,NA
6459491,2021,6,6,自有/家人所有/自建,NA
6460240,2021,5,3,自有/家人所有/自建,NA
6460459,2021,6,1,自有/家人所有/自建,NA
6464463,2021,1,1,自有/家人所有/自建,NA
6465502,2021,5,5,自有/家人所有/自建,NA
6466285,2021,2,2,自有/家人所有/自建,NA
6468689,2021,3,2,自有/家人所有/自建,NA
6470982,2021,3,3,自有/家人所有/自建,NA
7409813,2021,2,2,租賃,"10,000-19,999元"
7411007,2021,4,3,自有/家人所有/自建,NA
7411171,2021,2,1,自有/家人所有/自建,NA
7411174,2021,3,1,租賃,"10,000-19,999元"
7413461,2021,3,3,租賃,"7,000-9,999元"
7414731,2021,1,1,自有/家人所有/自建,NA
7415105,2021,5,1,自有/家人所有/自建,NA
7417222,2021,4,1,租賃,"3,000-4,999元"
7417792,2021,5,4,自有/家人所有/自建,NA
7419835,2021,5,3,自有/家人所有/自建,NA
7419952,2021,5,4,租賃,"10,000-19,999元"
7420375,2021,4,1,自有/家人所有/自建,NA
7421390,2021,5,5,自有/家人所有/自建,NA
7421891,2021,2,1,自有/家人所有/自建,NA
7422518,2021,2,1,自有/家人所有/自建,NA
7423528,2021,3,3,自有/家人所有/自建,NA
7430635,2021,5,4,自有/家人所有/自建,NA
7440140,2021,1,1,租賃,"10,000-19,999元"
7441528,2021,2,2,自有/家人所有/自建,NA
7442619,2021,3,3,自有/家人所有/自建,NA
7444779,2021,4,4,租賃,"10,000-19,999元"
7444926,2021,4,4,租賃,"10,000-19,999元"
7445513,2021,2,2,自有/家人所有/自建,NA
7445778,2021,3,3,自有/家人所有/自建,NA
7446141,2021,4,3,自有/家人所有/自建,NA
7446282,2021,4,3,自有/家人所有/自建,NA
7446435,2021,3,3,租賃,"10,000-19,999元"
7446497,2021,6,5,自有/家人所有/自建,NA
7447418,2021,5,4,自有/家人所有/自建,NA
7447851,2021,2,1,自有/家人所有/自建,NA
7448020,2021,6,2,自有/家人所有/自建,NA
7448038,2021,1,1,借用,NA
7448333,2021,5,2,自有/家人所有/自建,NA
7448413,2021,5,1,自有/家人所有/自建,NA
7448554,2021,1,1,租賃,"7,000-9,999元"
7449272,2021,2,2,自有/家人所有/自建,NA
7449301,2021,2,1,自有/家人所有/自建,NA
7449326,2021,2,1,自有/家人所有/自建,NA
7449331,2021,5,5,自有/家人所有/自建,NA
7449545,2021,5,5,租賃,"5,000-6,999元"
7449582,2021,3,3,租賃,"7,000-9,999元"
7449610,2021,2,2,自有/家人所有/自建,NA
7449818,2021,4,2,租賃,"7,000-9,999元"
7450289,2021,2,2,租賃,"5,000-6,999元"
7450339,2021,4,4,自有/家人所有/自建,NA
7450388,2021,4,3,自有/家人所有/自建,NA
7450473,2021,3,2,自有/家人所有/自建,NA
7450488,2021,6,3,自有/家人所有/自建,NA
7451030,2021,3,3,租賃,"10,000-19,999元"
7451151,2021,7,7,租賃,"10,000-19,999元"
7451552,2021,2,1,借用,NA
7451577,2021,5,4,租賃,"10,000-19,999元"
7451662,2021,2,2,自有/家人所有/自建,NA
7451737,2021,3,1,自有/家人所有/自建,NA
7452259,2021,3,2,自有/家人所有/自建,NA
7452910,2021,8,7,自有/家人所有/自建,NA
7453393,2021,5,5,租賃,"7,000-9,999元"
7453472,2021,2,1,租賃,"7,000-9,999元"
7453759,2021,2,2,自有/家人所有/自建,NA
7453873,2021,3,2,自有/家人所有/自建,NA
7453913,2021,2,1,自有/家人所有/自建,NA
7453964,2021,6,6,自有/家人所有/自建,NA
7454422,2021,8,2,自有/家人所有/自建,NA
7454803,2021,6,6,自有/家人所有/自建,NA
7455032,2021,3,3,租賃,"5,000-6,999元"
7455114,2021,3,3,自有/家人所有/自建,NA
7455629,2021,5,3,自有/家人所有/自建,NA
7455748,2021,4,4,租賃,"7,000-9,999元"
7457587,2021,3,3,自有/家人所有/自建,NA
7457643,2021,1,1,租賃,"3,000-4,999元"
7458180,2021,3,1,自有/家人所有/自建,NA
7459099,2021,4,4,租賃,"5,000-6,999元"
7461149,2021,13,10,自有/家人所有/自建,NA
7463942,2021,3,3,自有/家人所有/自建,NA
7464324,2021,2,2,自有/家人所有/自建,NA
7464343,2021,3,3,自有/家人所有/自建,NA
7465366,2021,1,1,自有/家人所有/自建,NA
7466620,2021,3,3,自有/家人所有/自建,NA
7467856,2021,1,1,自有/家人所有/自建,NA
7471250,2021,6,3,自有/家人所有/自建,NA
8411672,2021,3,2,租賃,"10,000-19,999元"
8412578,2021,6,4,自有/家人所有/自建,NA
8414052,2021,3,2,自有/家人所有/自建,NA
8415333,2021,9,3,自有/家人所有/自建,NA
8416103,2021,3,3,自有/家人所有/自建,NA
8416207,2021,2,2,租賃,"10,000-19,999元"
8417753,2021,5,3,租賃,"10,000-19,999元"
8420026,2021,14,1,租賃,"10,000-19,999元"
8421292,2021,4,4,租賃,"7,000-9,999元"
8422247,2021,5,5,租賃,"10,000-19,999元"
8424069,2021,3,3,自有/家人所有/自建,NA
8424085,2021,5,5,自有/家人所有/自建,NA
8426848,2021,1,1,借用,NA
8427817,2021,3,3,自有/家人所有/自建,NA
8428106,2021,1,1,自有/家人所有/自建,NA
8430934,2021,3,3,自有/家人所有/自建,NA
8430969,2021,11,11,租賃,"10,000-19,999元"
8432210,2021,2,2,自有/家人所有/自建,NA
8434482,2021,8,8,自有/家人所有/自建,NA
8434507,2021,2,2,租賃,"10,000-19,999元"
8435179,2021,4,3,自有/家人所有/自建,NA
8435482,2021,3,3,自有/家人所有/自建,NA
8435607,2021,6,6,租賃,"10,000-19,999元"
8435761,2021,4,3,租賃,"10,000-19,999元"
8435928,2021,2,2,自有/家人所有/自建,NA
8436524,2021,5,2,租賃,"10,000-19,999元"
8436630,2021,3,3,自有/家人所有/自建,NA
8443347,2021,2,2,租賃,"7,000-9,999元"
8443447,2021,5,5,租賃,"10,000-19,999元"
8443548,2021,9,9,租賃,"10,000-19,999元"
8443805,2021,5,4,租賃,"7,000-9,999元"
8444511,2021,2,1,自有/家人所有/自建,NA
8444709,2021,5,5,租賃,"7,000-9,999元"
8445643,2021,3,2,自有/家人所有/自建,NA
8446180,2021,6,6,自有/家人所有/自建,NA
8446225,2021,6,2,自有/家人所有/自建,NA
8446281,2021,5,5,租賃,"10,000-19,999元"
8446291,2021,4,2,自有/家人所有/自建,NA
8446341,2021,2,1,租賃,"10,000-19,999元"
8446462,2021,3,2,自有/家人所有/自建,NA
8446609,2021,1,1,自有/家人所有/自建,NA
8446963,2021,4,4,自有/家人所有/自建,NA
8447481,2021,2,2,自有/家人所有/自建,NA
8447612,2021,2,1,自有/家人所有/自建,NA
8447874,2021,4,3,自有/家人所有/自建,NA
8448185,2021,5,3,租賃,"10,000-19,999元"
8448215,2021,5,1,自有/家人所有/自建,NA
8448340,2021,2,1,租賃,"7,000-9,999元"
8448404,2021,6,2,自有/家人所有/自建,NA
8448495,2021,1,1,租賃,"5,000-6,999元"
8448638,2021,4,3,租賃,"7,000-9,999元"
8448767,2021,3,3,自有/家人所有/自建,NA
8448930,2021,6,5,租賃,"7,000-9,999元"
8449397,2021,5,2,自有/家人所有/自建,NA
8449732,2021,5,5,租賃,"7,000-9,999元"
8450127,2021,2,2,自有/家人所有/自建,NA
8450288,2021,4,3,自有/家人所有/自建,NA
8450728,2021,3,2,自有/家人所有/自建,NA
8450914,2021,4,4,自有/家人所有/自建,NA
8451743,2021,3,2,自有/家人所有/自建,NA
8451822,2021,4,2,自有/家人所有/自建,NA
8452035,2021,4,1,自有/家人所有/自建,NA
8452195,2021,5,1,自有/家人所有/自建,NA
8452444,2021,3,2,租賃,"5,000-6,999元"
8452928,2021,5,5,自有/家人所有/自建,NA
8452985,2021,9,9,租賃,"10,000-19,999元"
8454432,2021,5,4,自有/家人所有/自建,NA
8454751,2021,7,6,自有/家人所有/自建,NA
8454965,2021,4,4,租賃,"10,000-19,999元"
8456498,2021,3,3,租賃,"7,000-9,999元"
8456809,2021,4,4,自有/家人所有/自建,NA
8457463,2021,6,2,租賃,"7,000-9,999元"
8457791,2021,2,2,自有/家人所有/自建,NA
8457930,2021,4,2,自有/家人所有/自建,NA
8458302,2021,2,1,自有/家人所有/自建,NA
8458959,2021,15,14,自有/家人所有/自建,NA
8459027,2021,2,1,自有/家人所有/自建,NA
8459293,2021,5,3,租賃,"3,000-4,999元"
8459421,2021,5,2,自有/家人所有/自建,NA
8459791,2021,4,4,自有/家人所有/自建,NA
8459980,2021,6,2,自有/家人所有/自建,NA
8459993,2021,6,5,自有/家人所有/自建,NA
8460137,2021,5,3,租賃,"7,000-9,999元"
8460234,2021,5,1,自有/家人所有/自建,NA
8464292,2021,2,2,自有/家人所有/自建,NA
8464333,2021,3,3,自有/家人所有/自建,NA
8465965,2021,2,2,自有/家人所有/自建,NA
8466371,2021,2,2,自有/家人所有/自建,NA
8467747,2021,4,3,自有/家人所有/自建,NA
8468542,2021,3,3,自有/家人所有/自建,NA
8469479,2021,2,2,自有/家人所有/自建,NA
8470789,2021,6,2,自有/家人所有/自建,NA
9410978,2021,5,2,租賃,"10,000-19,999元"
9411620,2021,2,2,自有/家人所有/自建,NA
9412549,2021,2,1,自有/家人所有/自建,NA
9416904,2021,4,3,自有/家人所有/自建,NA
9416920,2021,1,1,租賃,"5,000-6,999元"
9417861,2021,5,1,自有/家人所有/自建,NA
9417982,2021,8,3,自有/家人所有/自建,NA
9419498,2021,3,3,自有/家人所有/自建,NA
9420568,2021,4,3,自有/家人所有/自建,NA
9420644,2021,2,1,自有/家人所有/自建,NA
9420801,2021,5,5,租賃,"5,000-6,999元"
9421565,2021,4,2,自有/家人所有/自建,NA
9422322,2021,5,2,自有/家人所有/自建,NA
9423371,2021,2,1,自有/家人所有/自建,NA
9423536,2021,2,2,自有/家人所有/自建,NA
9423711,2021,5,3,自有/家人所有/自建,NA
9423805,2021,4,3,租賃,"10,000-19,999元"
9424253,2021,6,3,自有/家人所有/自建,NA
9426761,2021,1,1,自有/家人所有/自建,NA
9426974,2021,5,2,租賃,"10,000-19,999元"
9427151,2021,2,2,自有/家人所有/自建,NA
9427225,2021,4,4,租賃,"7,000-9,999元"
9427634,2021,1,1,自有/家人所有/自建,NA
9427849,2021,6,6,自有/家人所有/自建,NA
9428735,2021,6,4,自有/家人所有/自建,NA
9429169,2021,4,3,自有/家人所有/自建,NA
9430860,2021,2,1,自有/家人所有/自建,NA
9433352,2021,5,1,自有/家人所有/自建,NA
9435055,2021,8,5,自有/家人所有/自建,NA
9435172,2021,2,1,租賃,"10,000-19,999元"
9436150,2021,3,3,自有/家人所有/自建,NA
9436327,2021,5,5,自有/家人所有/自建,NA
9436381,2021,11,1,自有/家人所有/自建,NA
9442418,2021,4,3,自有/家人所有/自建,NA
9442459,2021,3,2,租賃,"10,000-19,999元"
9443067,2021,4,4,租賃,"7,000-9,999元"
9443073,2021,3,3,自有/家人所有/自建,NA
9444817,2021,1,1,租賃,"10,000-19,999元"
9445544,2021,1,1,租賃,"7,000-9,999元"
9445730,2021,3,3,自有/家人所有/自建,NA
9445742,2021,2,1,自有/家人所有/自建,NA
9445944,2021,2,1,自有/家人所有/自建,NA
9446025,2021,5,5,租賃,"5,000-6,999元"
9446239,2021,2,1,自有/家人所有/自建,NA
9446563,2021,10,5,自有/家人所有/自建,NA
9446586,2021,4,3,自有/家人所有/自建,NA
9446712,2021,5,1,自有/家人所有/自建,NA
9446748,2021,5,4,租賃,"10,000-19,999元"
9446858,2021,3,2,租賃,"5,000-6,999元"
9447224,2021,3,2,自有/家人所有/自建,NA
9448473,2021,4,4,自有/家人所有/自建,NA
9448510,2021,4,1,自有/家人所有/自建,NA
9448751,2021,5,5,租賃,"7,000-9,999元"
9449262,2021,2,2,自有/家人所有/自建,NA
9449292,2021,10,2,自有/家人所有/自建,NA
9449294,2021,2,2,租賃,"5,000-6,999元"
9449380,2021,3,2,自有/家人所有/自建,NA
9449414,2021,2,2,租賃,"10,000-19,999元"
9449482,2021,2,1,自有/家人所有/自建,NA
9449597,2021,4,4,自有/家人所有/自建,NA
9449648,2021,3,3,租賃,"5,000-6,999元"
9449850,2021,5,1,自有/家人所有/自建,NA
9450145,2021,5,5,租賃,"10,000-19,999元"
9450429,2021,1,1,租賃,"5,000-6,999元"
9450945,2021,7,7,自有/家人所有/自建,NA
9451241,2021,7,1,自有/家人所有/自建,NA
9451507,2021,3,2,租賃,"10,000-19,999元"
9451725,2021,5,1,自有/家人所有/自建,NA
9451761,2021,5,2,自有/家人所有/自建,NA
9451906,2021,3,2,租賃,"5,000-6,999元"
9453612,2021,3,3,自有/家人所有/自建,NA
9453754,2021,1,1,自有/家人所有/自建,NA
9453777,2021,3,1,自有/家人所有/自建,NA
9454486,2021,2,2,租賃,"10,000-19,999元"
9454579,2021,2,2,自有/家人所有/自建,NA
9455778,2021,3,2,自有/家人所有/自建,NA
9456176,2021,5,4,自有/家人所有/自建,NA
9456177,2021,3,2,自有/家人所有/自建,NA
9456830,2021,4,4,自有/家人所有/自建,NA
9457306,2021,4,3,自有/家人所有/自建,NA
9457636,2021,5,5,自有/家人所有/自建,NA
9457697,2021,2,2,自有/家人所有/自建,NA
9458288,2021,4,4,自有/家人所有/自建,NA
9458382,2021,3,3,自有/家人所有/自建,NA
9458903,2021,5,3,租賃,"20,000元以上"
9459016,2021,4,4,自有/家人所有/自建,NA
9460316,2021,1,1,租賃,"5,000-6,999元"
9460419,2021,4,1,自有/家人所有/自建,NA
9460538,2021,6,2,自有/家人所有/自建,NA
9460808,2021,3,2,自有/家人所有/自建,NA
9460893,2021,3,1,自有/家人所有/自建,NA
9463971,2021,5,5,自有/家人所有/自建,NA
9464342,2021,3,3,自有/家人所有/自建,NA
9465196,2021,13,13,自有/家人所有/自建,NA
9466018,2021,1,1,自有/家人所有/自建,NA
9466175,2021,5,5,自有/家人所有/自建,NA
9466230,2021,2,2,自有/家人所有/自建,NA
9466251,2021,4,1,自有/家人所有/自建,NA
9468601,2021,8,7,自有/家人所有/自建,NA
9470881,2021,7,7,自有/家人所有/自建,NA
9471067,2021,1,1,租賃,"5,000-6,999元"
1376239,2021,3,1,自有/家人所有/自建,NA
1376250,2021,6,1,租賃,"20,000元以上"
1376256,2021,2,1,租賃,"10,000-19,999元"
1376317,2021,1,1,自有/家人所有/自建,NA
1376332,2021,2,1,租賃,"10,000-19,999元"
1376351,2021,5,3,自有/家人所有/自建,NA
1376374,2021,4,3,租賃,"7,000-9,999元"
1376449,2021,4,4,租賃,"20,000元以上"
1376472,2021,5,4,租賃,"10,000-19,999元"
1376475,2021,5,1,自有/家人所有/自建,NA
1376636,2021,7,6,自有/家人所有/自建,NA
1376695,2021,3,1,自有/家人所有/自建,NA
1376808,2021,3,2,借用,NA
1376984,2021,2,2,租賃,"20,000元以上"
1376995,2021,1,1,租賃,"3,000-4,999元"
1377019,2021,3,3,租賃,"7,000-9,999元"
1377062,2021,3,1,自有/家人所有/自建,NA
1377085,2021,3,2,租賃,"10,000-19,999元"
1377147,2021,7,6,租賃,"7,000-9,999元"
1377156,2021,4,3,租賃,"10,000-19,999元"
1377170,2021,3,3,租賃,"7,000-9,999元"
1377189,2021,3,3,租賃,"7,000-9,999元"
1377215,2021,6,6,租賃,"10,000-19,999元"
1377221,2021,3,1,租賃,"10,000-19,999元"
1377270,2021,4,3,租賃,"10,000-19,999元"
1377285,2021,3,3,租賃,"7,000-9,999元"
1377354,2021,1,1,租賃,"7,000-9,999元"
1377500,2021,3,1,自有/家人所有/自建,NA
1377536,2021,1,1,自有/家人所有/自建,NA
1377538,2021,2,1,自有/家人所有/自建,NA
1377546,2021,2,1,自有/家人所有/自建,NA
1377618,2021,2,2,自有/家人所有/自建,NA
1377863,2021,6,3,自有/家人所有/自建,NA
1377912,2021,3,2,租賃,"20,000元以上"
1377943,2021,2,1,自有/家人所有/自建,NA
1377948,2021,7,4,租賃,"1,000-2,999元"
1378050,2021,2,1,自有/家人所有/自建,NA
1378064,2021,1,1,借用,NA
1378077,2021,4,1,自有/家人所有/自建,NA
1378305,2021,6,4,租賃,"10,000-19,999元"
1378361,2021,3,1,自有/家人所有/自建,NA
1378411,2021,1,1,借用,NA
1378414,2021,6,4,租賃,"10,000-19,999元"
1378575,2021,5,3,自有/家人所有/自建,NA
1378658,2021,4,3,自有/家人所有/自建,NA
1378778,2021,4,4,租賃,"20,000元以上"
1378926,2021,2,1,租賃,"7,000-9,999元"
1380150,2021,3,1,自有/家人所有/自建,NA
1380720,2021,3,1,自有/家人所有/自建,NA
1380945,2021,1,1,自有/家人所有/自建,NA
1381018,2021,1,1,自有/家人所有/自建,NA
1381065,2021,1,1,租賃,"3,000-4,999元"
1381139,2021,4,3,自有/家人所有/自建,NA
1381158,2021,1,1,租賃,"7,000-9,999元"
1381170,2021,2,2,自有/家人所有/自建,NA
1381615,2021,4,3,租賃,"7,000-9,999元"
1381702,2021,6,6,自有/家人所有/自建,NA
1381841,2021,3,3,自有/家人所有/自建,NA
1382068,2021,1,1,租賃,"5,000-6,999元"
1382103,2021,4,3,自有/家人所有/自建,NA
1385160,2021,3,1,自有/家人所有/自建,NA
1385167,2021,4,3,租賃,"10,000-19,999元"
1385197,2021,5,5,租賃,"10,000-19,999元"
1385217,2021,5,2,借用,NA
1385325,2021,4,4,租賃,"5,000-6,999元"
1385327,2021,6,5,自有/家人所有/自建,NA
1385387,2021,5,5,自有/家人所有/自建,NA
1385390,2021,4,3,自有/家人所有/自建,NA
1385580,2021,3,3,自有/家人所有/自建,NA
1385614,2021,1,1,自有/家人所有/自建,NA
1385615,2021,4,1,自有/家人所有/自建,NA
1385710,2021,6,6,租賃,"7,000-9,999元"
1385721,2021,7,6,租賃,"10,000-19,999元"
1385772,2021,7,3,租賃,"7,000-9,999元"
1385788,2021,3,3,租賃,"10,000-19,999元"
1385810,2021,6,2,租賃,"20,000元以上"
1385832,2021,5,5,租賃,"10,000-19,999元"
1385909,2021,2,1,自有/家人所有/自建,NA
1386076,2021,6,6,自有/家人所有/自建,NA
1386140,2021,4,1,自有/家人所有/自建,NA
1386264,2021,8,8,自有/家人所有/自建,NA
1386295,2021,4,4,租賃,"3,000-4,999元"
1386298,2021,5,1,自有/家人所有/自建,NA
1386301,2021,8,8,自有/家人所有/自建,NA
1386393,2021,2,2,租賃,"10,000-19,999元"
1386453,2021,5,5,自有/家人所有/自建,NA
1386576,2021,3,1,租賃,"5,000-6,999元"
1386640,2021,5,1,自有/家人所有/自建,NA
1388104,2021,2,2,自有/家人所有/自建,NA
1388107,2021,3,3,租賃,"5,000-6,999元"
1388176,2021,2,2,自有/家人所有/自建,NA
1388291,2021,3,2,自有/家人所有/自建,NA
1388394,2021,2,1,租賃,"7,000-9,999元"
1388548,2021,2,2,自有/家人所有/自建,NA
1389184,2021,2,2,自有/家人所有/自建,NA
1392349,2021,1,1,租賃,"5,000-6,999元"
1392409,2021,4,4,租賃,"7,000-9,999元"
1392470,2021,3,3,自有/家人所有/自建,NA
1392689,2021,3,3,自有/家人所有/自建,NA
1392700,2021,3,2,自有/家人所有/自建,NA
1392808,2021,5,5,租賃,"5,000-6,999元"
1392818,2021,5,5,租賃,"5,000-6,999元"
1392876,2021,1,1,租賃,"10,000-19,999元"
1392947,2021,5,4,租賃,"5,000-6,999元"
1393004,2021,8,8,租賃,"5,000-6,999元"
1393017,2021,5,5,租賃,"5,000-6,999元"
1393103,2021,1,1,自有/家人所有/自建,NA
1393133,2021,3,3,租賃,"5,000-6,999元"
1393305,2021,3,3,租賃,"5,000-6,999元"
1393506,2021,2,2,租賃,"7,000-9,999元"
1395677,2021,4,3,自有/家人所有/自建,NA
1395870,2021,2,2,租賃,"7,000-9,999元"
1396062,2021,2,1,租賃,"5,000-6,999元"
1396149,2021,3,2,租賃,"3,000-4,999元"
1396201,2021,1,1,租賃,"7,000-9,999元"
1396342,2021,4,3,自有/家人所有/自建,NA
1396551,2021,4,4,租賃,"7,000-9,999元"
1396674,2021,6,6,自有/家人所有/自建,NA
1396936,2021,3,3,租賃,"10,000-19,999元"
1397267,2021,2,1,租賃,"5,000-6,999元"
1397443,2021,6,4,自有/家人所有/自建,NA
1397464,2021,4,4,租賃,"7,000-9,999元"
1397540,2021,2,1,借用,NA
1397546,2021,5,3,自有/家人所有/自建,NA
1397563,2021,6,4,自有/家人所有/自建,NA
1397711,2021,2,1,自有/家人所有/自建,NA
1397729,2021,2,1,自有/家人所有/自建,NA
1397825,2021,6,1,自有/家人所有/自建,NA
1397942,2021,6,5,租賃,"10,000-19,999元"
1398033,2021,4,4,自有/家人所有/自建,NA
1398054,2021,3,1,租賃,"10,000-19,999元"
1398089,2021,3,3,租賃,"10,000-19,999元"
1398213,2021,2,1,自有/家人所有/自建,NA
1398463,2021,4,2,自有/家人所有/自建,NA
1398789,2021,2,2,租賃,"10,000-19,999元"
1398998,2021,4,2,自有/家人所有/自建,NA
1399112,2021,2,1,租賃,"10,000-19,999元"
1399149,2021,1,1,自有/家人所有/自建,NA
1399204,2021,2,2,自有/家人所有/自建,NA
1399242,2021,3,2,自有/家人所有/自建,NA
1399370,2021,4,4,自有/家人所有/自建,NA
1399589,2021,3,3,自有/家人所有/自建,NA
1400209,2021,5,5,自有/家人所有/自建,NA
1401057,2021,2,2,自有/家人所有/自建,NA
1401276,2021,1,1,自有/家人所有/自建,NA
1402254,2021,2,1,自有/家人所有/自建,NA
1402514,2021,4,4,自有/家人所有/自建,NA
2376170,2021,4,3,自有/家人所有/自建,NA
2376214,2021,5,3,自有/家人所有/自建,NA
2376245,2021,2,1,自有/家人所有/自建,NA
2376333,2021,9,1,自有/家人所有/自建,NA
2376334,2021,1,1,自有/家人所有/自建,NA
2376337,2021,4,3,租賃,"7,000-9,999元"
2376397,2021,5,5,租賃,"10,000-19,999元"
2376553,2021,1,1,租賃,"10,000-19,999元"
2376575,2021,3,2,自有/家人所有/自建,NA
2376967,2021,4,3,自有/家人所有/自建,NA
2377086,2021,3,3,租賃,"10,000-19,999元"
2377118,2021,2,2,自有/家人所有/自建,NA
2377127,2021,1,1,租賃,"10,000-19,999元"
2377240,2021,1,1,租賃,"7,000-9,999元"
2377259,2021,3,2,租賃,"10,000-19,999元"
2377303,2021,1,1,租賃,"7,000-9,999元"
2377396,2021,4,1,自有/家人所有/自建,NA
2377835,2021,4,3,自有/家人所有/自建,NA
2378288,2021,2,1,自有/家人所有/自建,NA
2378311,2021,7,2,租賃,"10,000-19,999元"
2378356,2021,2,1,自有/家人所有/自建,NA
2378730,2021,3,2,自有/家人所有/自建,NA
2378742,2021,2,1,自有/家人所有/自建,NA
2378760,2021,3,3,租賃,"10,000-19,999元"
2378783,2021,2,1,自有/家人所有/自建,NA
2378909,2021,3,1,租賃,"7,000-9,999元"
2379077,2021,3,1,自有/家人所有/自建,NA
2380405,2021,2,1,租賃,"10,000-19,999元"
2380588,2021,4,2,自有/家人所有/自建,NA
2380984,2021,4,3,自有/家人所有/自建,NA
2381144,2021,2,2,自有/家人所有/自建,NA
2381164,2021,4,3,自有/家人所有/自建,NA
2381236,2021,4,4,自有/家人所有/自建,NA
2381527,2021,1,1,自有/家人所有/自建,NA
2381617,2021,3,2,租賃,"10,000-19,999元"
2381755,2021,6,4,自有/家人所有/自建,NA
2381777,2021,4,3,租賃,"20,000元以上"
2382010,2021,5,5,自有/家人所有/自建,NA
2382052,2021,2,1,自有/家人所有/自建,NA
2382346,2021,3,2,自有/家人所有/自建,NA
2385398,2021,3,3,配住,"1,000-2,999元"
2385401,2021,6,6,自有/家人所有/自建,NA
2385421,2021,3,3,自有/家人所有/自建,NA
2385487,2021,6,6,自有/家人所有/自建,NA
2385689,2021,4,3,自有/家人所有/自建,NA
2385799,2021,3,1,自有/家人所有/自建,NA
2385839,2021,4,3,租賃,"7,000-9,999元"
2385883,2021,4,4,租賃,"7,000-9,999元"
2385970,2021,3,1,自有/家人所有/自建,NA
2385984,2021,4,4,租賃,"10,000-19,999元"
2386165,2021,5,5,租賃,"10,000-19,999元"
2386273,2021,2,1,租賃,"7,000-9,999元"
2386302,2021,3,1,自有/家人所有/自建,NA
2386392,2021,3,3,自有/家人所有/自建,NA
2386464,2021,4,1,自有/家人所有/自建,NA
2386476,2021,2,1,租賃,"5,000-6,999元"
2386589,2021,3,2,自有/家人所有/自建,NA
2386618,2021,4,4,租賃,"7,000-9,999元"
2388338,2021,10,4,自有/家人所有/自建,NA
2388491,2021,3,3,租賃,"5,000-6,999元"
2388535,2021,6,6,自有/家人所有/自建,NA
2388598,2021,6,1,自有/家人所有/自建,NA
2388667,2021,4,3,自有/家人所有/自建,NA
2388848,2021,4,3,自有/家人所有/自建,NA
2388863,2021,4,3,租賃,"10,000-19,999元"
2389170,2021,4,2,自有/家人所有/自建,NA
2389267,2021,2,2,自有/家人所有/自建,NA
2392577,2021,3,1,自有/家人所有/自建,NA
2392682,2021,3,1,自有/家人所有/自建,NA
2392683,2021,3,3,自有/家人所有/自建,NA
2392889,2021,3,3,租賃,"10,000-19,999元"
2392928,2021,5,5,租賃,"7,000-9,999元"
2392990,2021,4,4,自有/家人所有/自建,NA
2392997,2021,3,3,自有/家人所有/自建,NA
2393027,2021,2,2,自有/家人所有/自建,NA
2393042,2021,4,3,自有/家人所有/自建,NA
2393064,2021,5,5,自有/家人所有/自建,NA
2393069,2021,4,3,自有/家人所有/自建,NA
2393093,2021,6,5,租賃,"10,000-19,999元"
2393267,2021,3,3,租賃,"5,000-6,999元"
2393301,2021,3,3,租賃,"5,000-6,999元"
2393337,2021,6,6,租賃,"7,000-9,999元"
2395494,2021,5,4,租賃,"7,000-9,999元"
2395626,2021,7,6,租賃,"10,000-19,999元"
2396123,2021,9,4,租賃,"10,000-19,999元"
2396565,2021,4,4,租賃,"10,000-19,999元"
2397435,2021,3,2,自有/家人所有/自建,NA
2397653,2021,3,3,自有/家人所有/自建,NA
2397706,2021,4,2,自有/家人所有/自建,NA
2397794,2021,2,1,自有/家人所有/自建,NA
2397802,2021,2,1,自有/家人所有/自建,NA
2397873,2021,5,5,租賃,"7,000-9,999元"
2398459,2021,3,3,租賃,"7,000-9,999元"
2398661,2021,3,2,自有/家人所有/自建,NA
2398891,2021,4,3,自有/家人所有/自建,NA
2399144,2021,3,3,租賃,"7,000-9,999元"
2399441,2021,1,1,自有/家人所有/自建,NA
2399583,2021,2,2,自有/家人所有/自建,NA
2399634,2021,5,4,自有/家人所有/自建,NA
2400177,2021,5,5,自有/家人所有/自建,NA
2400189,2021,2,2,自有/家人所有/自建,NA
2401692,2021,3,3,租賃,"5,000-6,999元"
2401965,2021,1,1,自有/家人所有/自建,NA
3376168,2021,7,1,自有/家人所有/自建,NA
3376174,2021,1,1,自有/家人所有/自建,NA
3376246,2021,3,2,租賃,"7,000-9,999元"
3376259,2021,2,1,自有/家人所有/自建,NA
3376428,2021,4,1,自有/家人所有/自建,NA
3376453,2021,4,1,自有/家人所有/自建,NA
3376503,2021,6,2,自有/家人所有/自建,NA
3376511,2021,5,4,自有/家人所有/自建,NA
3376557,2021,2,1,自有/家人所有/自建,NA
3378078,2021,2,1,自有/家人所有/自建,NA
3381159,2021,1,1,租賃,"5,000-6,999元"
3381965,2021,7,3,自有/家人所有/自建,NA
3385199,2021,2,1,自有/家人所有/自建,NA
3385733,2021,7,7,租賃,"10,000-19,999元"
3386039,2021,4,4,租賃,"7,000-9,999元"
3386299,2021,2,1,自有/家人所有/自建,NA
3386314,2021,3,2,租賃,"5,000-6,999元"
3386604,2021,6,6,自有/家人所有/自建,NA
3388028,2021,3,1,自有/家人所有/自建,NA
3388334,2021,3,2,租賃,"7,000-9,999元"
3388512,2021,1,1,自有/家人所有/自建,NA
3388540,2021,1,1,自有/家人所有/自建,NA
3388576,2021,4,4,租賃,"10,000-19,999元"
3388743,2021,7,4,自有/家人所有/自建,NA
3389067,2021,6,1,自有/家人所有/自建,NA
3395186,2021,5,4,自有/家人所有/自建,NA
3395300,2021,4,4,自有/家人所有/自建,NA
3395409,2021,8,5,自有/家人所有/自建,NA
3395567,2021,2,1,自有/家人所有/自建,NA
3395839,2021,3,3,租賃,"5,000-6,999元"
3395975,2021,8,7,租賃,"10,000-19,999元"
3396278,2021,12,6,租賃,"10,000-19,999元"
3396997,2021,6,6,租賃,"7,000-9,999元"
3397656,2021,5,3,自有/家人所有/自建,NA
3398098,2021,6,2,自有/家人所有/自建,NA
3398388,2021,4,4,租賃,"7,000-9,999元"
3398603,2021,4,3,自有/家人所有/自建,NA
3398773,2021,1,1,租賃,"10,000-19,999元"
3399346,2021,2,2,租賃,"3,000-4,999元"
3399385,2021,1,1,自有/家人所有/自建,NA
3399476,2021,2,1,自有/家人所有/自建,NA
3399653,2021,4,4,自有/家人所有/自建,NA
3400061,2021,2,2,自有/家人所有/自建,NA
3400394,2021,5,5,自有/家人所有/自建,NA
3401586,2021,1,1,自有/家人所有/自建,NA
3402309,2021,3,3,自有/家人所有/自建,NA
3402648,2021,4,4,自有/家人所有/自建,NA
3402719,2021,3,2,自有/家人所有/自建,NA
4376220,2021,7,1,自有/家人所有/自建,NA
4376255,2021,9,1,自有/家人所有/自建,NA
4376502,2021,6,3,自有/家人所有/自建,NA
4378299,2021,3,2,租賃,"10,000-19,999元"
4378444,2021,3,2,自有/家人所有/自建,NA
4378838,2021,2,2,租賃,"10,000-19,999元"
4380365,2021,3,3,租賃,"10,000-19,999元"
4381229,2021,5,1,自有/家人所有/自建,NA
4386142,2021,2,2,自有/家人所有/自建,NA
4386236,2021,8,1,自有/家人所有/自建,NA
4386307,2021,7,3,自有/家人所有/自建,NA
4386369,2021,2,1,自有/家人所有/自建,NA
4386437,2021,7,7,自有/家人所有/自建,NA
4386465,2021,4,4,租賃,"5,000-6,999元"
4386635,2021,8,4,自有/家人所有/自建,NA
4386735,2021,2,1,自有/家人所有/自建,NA
4388586,2021,4,4,自有/家人所有/自建,NA
4388751,2021,3,1,自有/家人所有/自建,NA
4388754,2021,5,5,租賃,"3,000-4,999元"
4388909,2021,4,4,租賃,"10,000-19,999元"
4389117,2021,1,1,自有/家人所有/自建,NA
4389133,2021,4,4,租賃,"10,000-19,999元"
4389142,2021,1,1,自有/家人所有/自建,NA
4396060,2021,5,4,租賃,"7,000-9,999元"
4396449,2021,1,1,自有/家人所有/自建,NA
4397015,2021,3,3,租賃,"10,000-19,999元"
4397070,2021,4,3,自有/家人所有/自建,NA
4397319,2021,6,3,租賃,"10,000-19,999元"
4397350,2021,4,3,自有/家人所有/自建,NA
4398453,2021,6,2,租賃,"10,000-19,999元"
4399332,2021,2,2,自有/家人所有/自建,NA
4399374,2021,2,2,自有/家人所有/自建,NA
4400059,2021,2,2,自有/家人所有/自建,NA
4401380,2021,2,2,租賃,"5,000-6,999元"
4401509,2021,3,3,自有/家人所有/自建,NA
4401757,2021,3,3,自有/家人所有/自建,NA
4402310,2021,2,2,自有/家人所有/自建,NA
4402356,2021,4,4,自有/家人所有/自建,NA
1403695,2021,2,1,自有/家人所有/自建,NA
1403700,2021,6,2,租賃,"5,000-6,999元"
1403701,2021,5,3,自有/家人所有/自建,NA
1403715,2021,8,7,自有/家人所有/自建,NA
1403719,2021,3,1,租賃,"10,000-19,999元"
1403725,2021,5,3,自有/家人所有/自建,NA
1403734,2021,3,2,租賃,"10,000-19,999元"
1403739,2021,1,1,自有/家人所有/自建,NA
1403761,2021,4,4,租賃,"7,000-9,999元"
1403764,2021,5,1,自有/家人所有/自建,NA
1403768,2021,4,3,自有/家人所有/自建,NA
1403777,2021,6,1,自有/家人所有/自建,NA
1403778,2021,1,1,自有/家人所有/自建,NA
1403783,2021,7,1,自有/家人所有/自建,NA
1403788,2021,5,1,自有/家人所有/自建,NA
1403791,2021,2,2,自有/家人所有/自建,NA
1403794,2021,3,2,自有/家人所有/自建,NA
1403796,2021,5,2,自有/家人所有/自建,NA
1403813,2021,3,1,自有/家人所有/自建,NA
1405173,2021,5,1,自有/家人所有/自建,NA
1405192,2021,4,4,借用,NA
1405232,2021,4,2,自有/家人所有/自建,NA
1405243,2021,6,6,租賃,"7,000-9,999元"
1405273,2021,2,2,租賃,"10,000-19,999元"
1405275,2021,2,1,自有/家人所有/自建,NA
1405320,2021,4,3,自有/家人所有/自建,NA
1405356,2021,1,1,租賃,"3,000-4,999元"
1405360,2021,2,1,自有/家人所有/自建,NA
1405382,2021,5,2,自有/家人所有/自建,NA
1405385,2021,5,3,自有/家人所有/自建,NA
1405521,2021,6,1,自有/家人所有/自建,NA
1405566,2021,4,2,自有/家人所有/自建,NA
1405644,2021,2,2,租賃,"5,000-6,999元"
1405761,2021,3,3,自有/家人所有/自建,NA
1405821,2021,3,3,自有/家人所有/自建,NA
1406120,2021,5,5,租賃,"7,000-9,999元"
1406188,2021,2,2,自有/家人所有/自建,NA
1406644,2021,1,1,租賃,"未滿1,000元"
1406653,2021,2,1,租賃,"5,000-6,999元"
1406866,2021,3,3,租賃,"10,000-19,999元"
1406901,2021,3,1,自有/家人所有/自建,NA
1407046,2021,1,1,租賃,"10,000-19,999元"
1407065,2021,5,1,自有/家人所有/自建,NA
1408641,2021,2,1,租賃,"10,000-19,999元"
1408653,2021,6,1,自有/家人所有/自建,NA
1408757,2021,3,1,自有/家人所有/自建,NA
1408773,2021,2,1,租賃,"7,000-9,999元"
1408826,2021,2,1,自有/家人所有/自建,NA
1408836,2021,3,2,租賃,"7,000-9,999元"
1408913,2021,6,1,租賃,"10,000-19,999元"
1409023,2021,2,2,租賃,"5,000-6,999元"
1409060,2021,1,1,租賃,"3,000-4,999元"
2403686,2021,2,1,自有/家人所有/自建,NA
2403687,2021,2,2,自有/家人所有/自建,NA
2403689,2021,3,1,自有/家人所有/自建,NA
2403693,2021,1,1,自有/家人所有/自建,NA
2403694,2021,5,3,自有/家人所有/自建,NA
2403699,2021,1,1,自有/家人所有/自建,NA
2403702,2021,5,1,自有/家人所有/自建,NA
2403738,2021,2,1,自有/家人所有/自建,NA
2403756,2021,5,1,自有/家人所有/自建,NA
2403757,2021,3,2,自有/家人所有/自建,NA
2403770,2021,7,5,自有/家人所有/自建,NA
2403787,2021,3,2,自有/家人所有/自建,NA
2403801,2021,1,1,自有/家人所有/自建,NA
2403806,2021,3,2,自有/家人所有/自建,NA
2403811,2021,3,2,自有/家人所有/自建,NA
2405158,2021,3,2,自有/家人所有/自建,NA
2405201,2021,4,3,自有/家人所有/自建,NA
2405207,2021,5,5,租賃,"5,000-6,999元"
2405239,2021,4,4,租賃,"10,000-19,999元"
2405242,2021,4,3,租賃,"3,000-4,999元"
2405250,2021,4,4,租賃,"10,000-19,999元"
2405252,2021,4,4,自有/家人所有/自建,NA
2405292,2021,4,3,自有/家人所有/自建,NA
2405308,2021,3,2,租賃,"10,000-19,999元"
2405322,2021,4,3,自有/家人所有/自建,NA
2405334,2021,2,2,租賃,"5,000-6,999元"
2405343,2021,3,1,自有/家人所有/自建,NA
2405346,2021,5,5,租賃,"7,000-9,999元"
2405369,2021,2,1,自有/家人所有/自建,NA
2405555,2021,2,1,自有/家人所有/自建,NA
2405817,2021,3,1,自有/家人所有/自建,NA
2406173,2021,2,1,租賃,"7,000-9,999元"
2406222,2021,1,1,租賃,"5,000-6,999元"
2406256,2021,1,1,租賃,"3,000-4,999元"
2406331,2021,4,4,租賃,"10,000-19,999元"
2406523,2021,6,4,租賃,"10,000-19,999元"
2406630,2021,3,1,自有/家人所有/自建,NA
2406985,2021,6,1,租賃,"10,000-19,999元"
2408784,2021,4,3,自有/家人所有/自建,NA
2408798,2021,3,1,自有/家人所有/自建,NA
2408858,2021,7,1,自有/家人所有/自建,NA
2408891,2021,7,5,自有/家人所有/自建,NA
2408912,2021,5,4,自有/家人所有/自建,NA
2409061,2021,5,4,自有/家人所有/自建,NA
3405277,2021,2,1,自有/家人所有/自建,NA
3405290,2021,3,2,自有/家人所有/自建,NA
3405301,2021,1,1,自有/家人所有/自建,NA
3405312,2021,7,2,自有/家人所有/自建,NA
3405339,2021,3,3,租賃,"7,000-9,999元"
3405712,2021,7,5,自有/家人所有/自建,NA
3405850,2021,3,1,自有/家人所有/自建,NA
3406067,2021,5,5,自有/家人所有/自建,NA
3406192,2021,2,1,自有/家人所有/自建,NA
3406629,2021,6,1,租賃,"10,000-19,999元"
3406652,2021,1,1,自有/家人所有/自建,NA
3406780,2021,6,1,自有/家人所有/自建,NA
3407000,2021,5,4,租賃,"10,000-19,999元"
3408663,2021,3,1,租賃,"7,000-9,999元"
3408696,2021,5,1,自有/家人所有/自建,NA
3408860,2021,4,2,自有/家人所有/自建,NA
3408875,2021,4,1,租賃,"10,000-19,999元"
3408888,2021,12,10,自有/家人所有/自建,NA
3409063,2021,4,3,自有/家人所有/自建,NA
4405128,2021,1,1,租賃,"10,000-19,999元"
4405143,2021,2,2,租賃,"3,000-4,999元"
4405198,2021,3,3,自有/家人所有/自建,NA
4405203,2021,7,7,租賃,"10,000-19,999元"
4405209,2021,4,4,自有/家人所有/自建,NA
4405237,2021,4,4,自有/家人所有/自建,NA
4405244,2021,6,6,自有/家人所有/自建,NA
4405268,2021,5,4,自有/家人所有/自建,NA
4405276,2021,3,3,租賃,"10,000-19,999元"
4405341,2021,1,1,自有/家人所有/自建,NA
4405377,2021,7,5,自有/家人所有/自建,NA
4405579,2021,5,3,自有/家人所有/自建,NA
4405705,2021,3,2,自有/家人所有/自建,NA
4406007,2021,2,1,自有/家人所有/自建,NA
4406694,2021,1,1,自有/家人所有/自建,NA
4407013,2021,3,2,自有/家人所有/自建,NA
4408676,2021,4,2,自有/家人所有/自建,NA
4408900,2021,5,4,自有/家人所有/自建,NA
4408917,2021,11,9,自有/家人所有/自建,NA
4408935,2021,2,1,自有/家人所有/自建,NA
4409028,2021,5,1,租賃,"7,000-9,999元"
5408893,2021,2,2,租賃,"5,000-6,999元"
6408620,2021,12,1,租賃,"7,000-9,999元"
6408905,2021,1,1,租賃,"1,000-2,999元"
7408868,2021,5,4,租賃,"7,000-9,999元"
8408657,2021,3,1,自有/家人所有/自建,NA
8408932,2021,6,2,自有/家人所有/自建,NA
9408533,2021,4,3,自有/家人所有/自建,NA
9408753,2021,2,1,自有/家人所有/自建,NA
9408788,2021,4,2,自有/家人所有/自建,NA
1303545,2021,1,1,自有/家人所有/自建,NA
1303793,2021,3,2,自有/家人所有/自建,NA
1303930,2021,4,3,自有/家人所有/自建,NA
1304264,2021,2,1,自有/家人所有/自建,NA
1304313,2021,8,4,自有/家人所有/自建,NA
1304606,2021,2,2,自有/家人所有/自建,NA
1304607,2021,3,3,自有/家人所有/自建,NA
1304785,2021,5,2,租賃,"3,000-4,999元"
1307116,2021,2,2,自有/家人所有/自建,NA
1307148,2021,2,1,自有/家人所有/自建,NA
1307180,2021,9,3,自有/家人所有/自建,NA
1307362,2021,2,2,自有/家人所有/自建,NA
1307424,2021,4,3,租賃,"7,000-9,999元"
1307600,2021,2,2,借用,NA
1307692,2021,3,2,租賃,"10,000-19,999元"
1307845,2021,8,1,租賃,"10,000-19,999元"
1307952,2021,6,2,自有/家人所有/自建,NA
1308040,2021,2,1,自有/家人所有/自建,NA
1308137,2021,5,3,借用,NA
1308158,2021,3,3,自有/家人所有/自建,NA
1308575,2021,4,1,租賃,"7,000-9,999元"
1309580,2021,3,1,自有/家人所有/自建,NA
1309777,2021,3,3,自有/家人所有/自建,NA
1310006,2021,1,1,自有/家人所有/自建,NA
1310208,2021,5,5,租賃,"7,000-9,999元"
1310276,2021,3,2,租賃,"7,000-9,999元"
1310277,2021,5,2,自有/家人所有/自建,NA
1310418,2021,2,2,租賃,"7,000-9,999元"
1310687,2021,2,2,租賃,"7,000-9,999元"
1310860,2021,1,1,租賃,"10,000-19,999元"
1310972,2021,2,2,租賃,"10,000-19,999元"
1310999,2021,4,4,租賃,"10,000-19,999元"
1311057,2021,6,4,自有/家人所有/自建,NA
1311120,2021,4,4,自有/家人所有/自建,NA
1311221,2021,5,5,租賃,"10,000-19,999元"
1311364,2021,5,4,自有/家人所有/自建,NA
1311446,2021,5,1,自有/家人所有/自建,NA
1312274,2021,4,3,配住,不需要支付租金
1312365,2021,3,2,自有/家人所有/自建,NA
1312366,2021,2,1,自有/家人所有/自建,NA
1312720,2021,2,1,自有/家人所有/自建,NA
1313006,2021,4,2,自有/家人所有/自建,NA
1313152,2021,1,1,租賃,"7,000-9,999元"
1313163,2021,4,4,自有/家人所有/自建,NA
1313202,2021,5,1,自有/家人所有/自建,NA
1313600,2021,3,2,自有/家人所有/自建,NA
1313635,2021,4,1,自有/家人所有/自建,NA
1313941,2021,4,2,自有/家人所有/自建,NA
1314228,2021,1,1,自有/家人所有/自建,NA
1314264,2021,2,1,自有/家人所有/自建,NA
1315385,2021,3,3,借用,NA
1315496,2021,3,2,借用,NA
1315673,2021,5,2,租賃,"10,000-19,999元"
1315759,2021,3,2,借用,NA
1315830,2021,3,1,自有/家人所有/自建,NA
1316064,2021,5,3,自有/家人所有/自建,NA
1316378,2021,3,3,自有/家人所有/自建,NA
1316396,2021,4,4,租賃,"10,000-19,999元"
1316606,2021,4,4,租賃,"10,000-19,999元"
1316712,2021,3,3,自有/家人所有/自建,NA
1316722,2021,3,1,租賃,"3,000-4,999元"
1316762,2021,4,2,自有/家人所有/自建,NA
1316852,2021,3,1,自有/家人所有/自建,NA
1316855,2021,4,3,自有/家人所有/自建,NA
1316867,2021,3,3,租賃,"5,000-6,999元"
1316885,2021,4,3,自有/家人所有/自建,NA
1316929,2021,5,4,自有/家人所有/自建,NA
1318420,2021,3,1,自有/家人所有/自建,NA
1318482,2021,6,4,自有/家人所有/自建,NA
1318555,2021,2,2,自有/家人所有/自建,NA
1318581,2021,6,6,自有/家人所有/自建,NA
1318728,2021,13,13,自有/家人所有/自建,NA
1318734,2021,4,4,自有/家人所有/自建,NA
1318842,2021,5,3,自有/家人所有/自建,NA
1318985,2021,4,3,自有/家人所有/自建,NA
1319554,2021,4,2,自有/家人所有/自建,NA
1319557,2021,3,2,自有/家人所有/自建,NA
1319573,2021,4,2,租賃,"5,000-6,999元"
1319583,2021,8,6,自有/家人所有/自建,NA
1319621,2021,6,1,自有/家人所有/自建,NA
1319636,2021,8,1,自有/家人所有/自建,NA
1319638,2021,3,2,自有/家人所有/自建,NA
1319640,2021,7,3,自有/家人所有/自建,NA
1319663,2021,1,1,租賃,"7,000-9,999元"
1319666,2021,2,1,自有/家人所有/自建,NA
1319685,2021,3,2,租賃,"20,000元以上"
1319689,2021,2,1,自有/家人所有/自建,NA
1322325,2021,3,3,自有/家人所有/自建,NA
1322332,2021,5,5,自有/家人所有/自建,NA
1322366,2021,3,3,自有/家人所有/自建,NA
1322386,2021,5,5,自有/家人所有/自建,NA
1323922,2021,2,2,自有/家人所有/自建,NA
1323927,2021,1,1,自有/家人所有/自建,NA
1325677,2021,3,3,自有/家人所有/自建,NA
1326828,2021,1,1,租賃,"1,000-2,999元"
1326895,2021,3,3,自有/家人所有/自建,NA
1327031,2021,5,5,自有/家人所有/自建,NA
1327036,2021,1,1,自有/家人所有/自建,NA
1327111,2021,1,1,自有/家人所有/自建,NA
1327156,2021,2,2,借用,NA
1327178,2021,2,2,自有/家人所有/自建,NA
1327218,2021,1,1,自有/家人所有/自建,NA
1328033,2021,8,8,自有/家人所有/自建,NA
1328055,2021,9,9,自有/家人所有/自建,NA
1328180,2021,2,2,自有/家人所有/自建,NA
1328386,2021,1,1,借用,NA
2303016,2021,1,1,自有/家人所有/自建,NA
2303324,2021,11,9,借用,NA
2303345,2021,3,2,自有/家人所有/自建,NA
2303520,2021,2,1,自有/家人所有/自建,NA
2303525,2021,2,1,自有/家人所有/自建,NA
2304629,2021,4,2,自有/家人所有/自建,NA
2307122,2021,2,2,自有/家人所有/自建,NA
2307602,2021,3,3,租賃,"10,000-19,999元"
2307639,2021,5,2,自有/家人所有/自建,NA
2307665,2021,2,2,自有/家人所有/自建,NA
2307836,2021,5,1,自有/家人所有/自建,NA
2307967,2021,3,3,租賃,"5,000-6,999元"
2308366,2021,2,1,自有/家人所有/自建,NA
2308569,2021,7,3,自有/家人所有/自建,NA
2308724,2021,7,2,租賃,"7,000-9,999元"
2308746,2021,5,4,自有/家人所有/自建,NA
2308790,2021,5,4,自有/家人所有/自建,NA
2309385,2021,3,3,自有/家人所有/自建,NA
2309756,2021,2,1,租賃,"1,000-2,999元"
2310417,2021,2,2,自有/家人所有/自建,NA
2310423,2021,2,1,自有/家人所有/自建,NA
2310458,2021,1,1,自有/家人所有/自建,NA
2310865,2021,5,5,自有/家人所有/自建,NA
2311410,2021,9,9,租賃,"10,000-19,999元"
2311414,2021,5,4,租賃,"5,000-6,999元"
2311735,2021,3,1,自有/家人所有/自建,NA
2311740,2021,1,1,自有/家人所有/自建,NA
2312023,2021,4,1,自有/家人所有/自建,NA
2312075,2021,6,1,借用,NA
2312220,2021,3,1,自有/家人所有/自建,NA
2312377,2021,5,4,租賃,"7,000-9,999元"
2312416,2021,3,1,自有/家人所有/自建,NA
2312654,2021,5,1,租賃,"7,000-9,999元"
2312821,2021,4,3,租賃,"7,000-9,999元"
2313059,2021,4,1,自有/家人所有/自建,NA
2313102,2021,1,1,自有/家人所有/自建,NA
2313293,2021,5,5,自有/家人所有/自建,NA
2313338,2021,4,3,租賃,"7,000-9,999元"
2313638,2021,5,2,自有/家人所有/自建,NA
2313825,2021,2,1,自有/家人所有/自建,NA
2314124,2021,2,1,自有/家人所有/自建,NA
2314177,2021,3,2,自有/家人所有/自建,NA
2314402,2021,4,3,自有/家人所有/自建,NA
2315387,2021,4,4,租賃,"10,000-19,999元"
2315754,2021,4,3,租賃,"10,000-19,999元"
2315809,2021,6,5,自有/家人所有/自建,NA
2316009,2021,5,3,自有/家人所有/自建,NA
2316235,2021,3,1,自有/家人所有/自建,NA
2316431,2021,2,2,租賃,"7,000-9,999元"
2316561,2021,6,4,自有/家人所有/自建,NA
2316570,2021,5,3,自有/家人所有/自建,NA
2316655,2021,3,3,租賃,"7,000-9,999元"
2316711,2021,2,1,自有/家人所有/自建,NA
2316750,2021,6,6,自有/家人所有/自建,NA
2316786,2021,2,2,自有/家人所有/自建,NA
2316794,2021,6,6,自有/家人所有/自建,NA
2316804,2021,5,5,租賃,"3,000-4,999元"
2316839,2021,1,1,自有/家人所有/自建,NA
2316848,2021,2,1,自有/家人所有/自建,NA
2316884,2021,3,2,自有/家人所有/自建,NA
2316940,2021,2,2,自有/家人所有/自建,NA
2317013,2021,6,2,租賃,"3,000-4,999元"
2317016,2021,1,1,自有/家人所有/自建,NA
2317021,2021,2,1,自有/家人所有/自建,NA
2317044,2021,3,1,自有/家人所有/自建,NA
2317049,2021,6,1,自有/家人所有/自建,NA
2319564,2021,3,2,租賃,"1,000-2,999元"
2319565,2021,3,2,租賃,"5,000-6,999元"
2319568,2021,4,3,自有/家人所有/自建,NA
2319613,2021,4,4,自有/家人所有/自建,NA
2319614,2021,2,1,自有/家人所有/自建,NA
2319639,2021,4,3,自有/家人所有/自建,NA
2319646,2021,5,5,租賃,"7,000-9,999元"
2319648,2021,3,2,自有/家人所有/自建,NA
2319654,2021,3,1,自有/家人所有/自建,NA
2319660,2021,4,3,自有/家人所有/自建,NA
2319662,2021,3,1,自有/家人所有/自建,NA
2319665,2021,6,5,租賃,"10,000-19,999元"
2319674,2021,4,1,租賃,"10,000-19,999元"
2319687,2021,7,4,自有/家人所有/自建,NA
2321914,2021,2,2,自有/家人所有/自建,NA
2323002,2021,4,4,自有/家人所有/自建,NA
2323009,2021,4,4,租賃,"5,000-6,999元"
2323687,2021,6,4,自有/家人所有/自建,NA
2323821,2021,1,1,自有/家人所有/自建,NA
2324012,2021,1,1,自有/家人所有/自建,NA
2324496,2021,8,8,租賃,"5,000-6,999元"
2325212,2021,6,5,自有/家人所有/自建,NA
2325302,2021,2,2,自有/家人所有/自建,NA
2325375,2021,4,4,自有/家人所有/自建,NA
2326680,2021,5,5,自有/家人所有/自建,NA
2326962,2021,2,2,自有/家人所有/自建,NA
2327067,2021,1,1,自有/家人所有/自建,NA
2327165,2021,1,1,自有/家人所有/自建,NA
2327760,2021,2,2,自有/家人所有/自建,NA
2328275,2021,5,5,自有/家人所有/自建,NA
2328952,2021,3,3,自有/家人所有/自建,NA
3302979,2021,5,4,自有/家人所有/自建,NA
3303014,2021,2,1,自有/家人所有/自建,NA
3303045,2021,6,5,自有/家人所有/自建,NA
3303397,2021,4,3,自有/家人所有/自建,NA
3303417,2021,2,1,自有/家人所有/自建,NA
3303550,2021,4,3,自有/家人所有/自建,NA
3303766,2021,4,2,借用,NA
3304057,2021,4,4,自有/家人所有/自建,NA
3304071,2021,7,2,自有/家人所有/自建,NA
3304326,2021,5,4,自有/家人所有/自建,NA
3307984,2021,4,1,租賃,"10,000-19,999元"
3308574,2021,2,1,自有/家人所有/自建,NA
3308666,2021,5,1,自有/家人所有/自建,NA
3311166,2021,2,2,自有/家人所有/自建,NA
3313417,2021,2,2,自有/家人所有/自建,NA
3313724,2021,3,1,自有/家人所有/自建,NA
3315547,2021,4,4,借用,NA
3315556,2021,2,1,借用,NA
3315717,2021,5,5,自有/家人所有/自建,NA
3315820,2021,2,2,自有/家人所有/自建,NA
3315924,2021,5,4,自有/家人所有/自建,NA
3315929,2021,7,1,自有/家人所有/自建,NA
3316308,2021,4,4,租賃,"10,000-19,999元"
3316381,2021,2,1,自有/家人所有/自建,NA
3316457,2021,2,2,租賃,"10,000-19,999元"
3316467,2021,1,1,自有/家人所有/自建,NA
3316665,2021,7,6,自有/家人所有/自建,NA
3316723,2021,5,5,租賃,"3,000-4,999元"
3316791,2021,4,4,租賃,"5,000-6,999元"
3316985,2021,8,2,自有/家人所有/自建,NA
3319561,2021,6,3,自有/家人所有/自建,NA
3319577,2021,4,2,自有/家人所有/自建,NA
3319612,2021,4,3,自有/家人所有/自建,NA
3319625,2021,6,1,自有/家人所有/自建,NA
3319631,2021,2,1,自有/家人所有/自建,NA
3322473,2021,4,4,自有/家人所有/自建,NA
3322943,2021,4,4,自有/家人所有/自建,NA
3322946,2021,2,2,自有/家人所有/自建,NA
3322997,2021,2,2,自有/家人所有/自建,NA
3323035,2021,3,3,自有/家人所有/自建,NA
3323049,2021,1,1,自有/家人所有/自建,NA
3323061,2021,2,2,自有/家人所有/自建,NA
3323090,2021,1,1,自有/家人所有/自建,NA
3323339,2021,4,4,自有/家人所有/自建,NA
3327144,2021,4,4,自有/家人所有/自建,NA
3327242,2021,5,5,自有/家人所有/自建,NA
3327507,2021,2,2,自有/家人所有/自建,NA
3327851,2021,7,6,自有/家人所有/自建,NA
3328050,2021,2,2,自有/家人所有/自建,NA
3328137,2021,5,5,自有/家人所有/自建,NA
4302771,2021,5,5,租賃,"10,000-19,999元"
4303672,2021,5,4,自有/家人所有/自建,NA
4303774,2021,1,1,自有/家人所有/自建,NA
4303909,2021,3,2,自有/家人所有/自建,NA
4303947,2021,2,2,自有/家人所有/自建,NA
4304081,2021,2,2,自有/家人所有/自建,NA
4304094,2021,2,1,租賃,"7,000-9,999元"
4307539,2021,3,2,借用,NA
4307702,2021,5,1,自有/家人所有/自建,NA
4307835,2021,1,1,自有/家人所有/自建,NA
4308576,2021,6,2,自有/家人所有/自建,NA
4309012,2021,4,4,自有/家人所有/自建,NA
4309844,2021,3,3,自有/家人所有/自建,NA
4310179,2021,6,5,租賃,"7,000-9,999元"
4310600,2021,2,2,自有/家人所有/自建,NA
4311345,2021,2,2,租賃,"7,000-9,999元"
4313793,2021,4,1,自有/家人所有/自建,NA
4315259,2021,4,4,借用,NA
4315531,2021,3,2,自有/家人所有/自建,NA
4315845,2021,1,1,自有/家人所有/自建,NA
4316082,2021,5,5,自有/家人所有/自建,NA
4316600,2021,7,1,自有/家人所有/自建,NA
4316646,2021,2,2,自有/家人所有/自建,NA
4316847,2021,2,1,租賃,"3,000-4,999元"
4316934,2021,3,2,自有/家人所有/自建,NA
4322417,2021,2,2,自有/家人所有/自建,NA
4322975,2021,2,2,自有/家人所有/自建,NA
4323170,2021,2,2,自有/家人所有/自建,NA
4326857,2021,2,2,自有/家人所有/自建,NA
4326878,2021,1,1,租賃,"1,000-2,999元"
4327463,2021,7,7,自有/家人所有/自建,NA
4328125,2021,5,5,自有/家人所有/自建,NA
4328224,2021,3,3,自有/家人所有/自建,NA
4328295,2021,4,4,自有/家人所有/自建,NA
5318540,2021,1,1,自有/家人所有/自建,NA
5318568,2021,1,1,自有/家人所有/自建,NA
5318582,2021,5,5,租賃,"5,000-6,999元"
5318709,2021,1,1,自有/家人所有/自建,NA
5318712,2021,1,1,自有/家人所有/自建,NA
5318855,2021,4,1,租賃,"7,000-9,999元"
5318952,2021,2,2,自有/家人所有/自建,NA
5319088,2021,2,1,租賃,"7,000-9,999元"
5322035,2021,1,1,自有/家人所有/自建,NA
5322253,2021,3,3,自有/家人所有/自建,NA
5322886,2021,2,2,借用,NA
5323213,2021,2,1,自有/家人所有/自建,NA
5323446,2021,1,1,自有/家人所有/自建,NA
5323602,2021,3,3,自有/家人所有/自建,NA
5323697,2021,8,8,租賃,"1,000-2,999元"
5323902,2021,10,10,自有/家人所有/自建,NA
5323941,2021,3,3,自有/家人所有/自建,NA
5325272,2021,1,1,借用,NA
6318549,2021,4,4,租賃,"10,000-19,999元"
6318701,2021,1,1,自有/家人所有/自建,NA
6318788,2021,4,1,自有/家人所有/自建,NA
6319028,2021,2,2,租賃,"3,000-4,999元"
6321911,2021,7,7,自有/家人所有/自建,NA
6322225,2021,12,12,自有/家人所有/自建,NA
6322625,2021,3,3,自有/家人所有/自建,NA
6322673,2021,1,1,借用,NA
6324128,2021,1,1,租賃,"1,000-2,999元"
6324669,2021,3,1,租賃,"10,000-19,999元"
6325251,2021,5,5,借用,NA
6325323,2021,2,2,自有/家人所有/自建,NA
7318390,2021,4,1,自有/家人所有/自建,NA
7318556,2021,3,3,自有/家人所有/自建,NA
7318751,2021,3,3,租賃,"5,000-6,999元"
7318967,2021,4,1,自有/家人所有/自建,NA
7319024,2021,4,3,租賃,"7,000-9,999元"
7321918,2021,3,2,自有/家人所有/自建,NA
7322378,2021,4,3,自有/家人所有/自建,NA
7322611,2021,2,2,自有/家人所有/自建,NA
7322931,2021,4,4,自有/家人所有/自建,NA
7323709,2021,3,3,自有/家人所有/自建,NA
7323925,2021,1,1,自有/家人所有/自建,NA
7324756,2021,4,4,借用,NA
8318346,2021,4,1,自有/家人所有/自建,NA
8318703,2021,3,3,自有/家人所有/自建,NA
8318797,2021,5,3,自有/家人所有/自建,NA
8318906,2021,5,4,自有/家人所有/自建,NA
8318916,2021,3,2,自有/家人所有/自建,NA
8318931,2021,3,2,自有/家人所有/自建,NA
8322228,2021,3,3,借用,NA
8322608,2021,4,4,自有/家人所有/自建,NA
8323931,2021,2,2,自有/家人所有/自建,NA
8324384,2021,3,3,自有/家人所有/自建,NA
8325224,2021,2,2,租賃,"5,000-6,999元"
8325951,2021,3,3,自有/家人所有/自建,NA
9318404,2021,3,2,自有/家人所有/自建,NA
9318559,2021,3,3,租賃,"5,000-6,999元"
9318678,2021,2,2,自有/家人所有/自建,NA
9318813,2021,3,1,自有/家人所有/自建,NA
9318877,2021,5,4,自有/家人所有/自建,NA
9318921,2021,2,1,自有/家人所有/自建,NA
9318928,2021,1,1,自有/家人所有/自建,NA
9318950,2021,2,1,自有/家人所有/自建,NA
9322209,2021,5,4,借用,NA
9322341,2021,6,6,自有/家人所有/自建,NA
9322623,2021,2,2,自有/家人所有/自建,NA
9322922,2021,2,2,租賃,"1,000-2,999元"
9323390,2021,12,12,自有/家人所有/自建,NA
9323974,2021,2,2,自有/家人所有/自建,NA
9324244,2021,6,6,借用,NA
9324485,2021,9,9,自有/家人所有/自建,NA
1001449,2021,1,1,自有/家人所有/自建,NA
1001532,2021,2,2,自有/家人所有/自建,NA
1001573,2021,2,2,自有/家人所有/自建,NA
1001587,2021,2,1,自有/家人所有/自建,NA
1001606,2021,4,4,租賃,"5,000-6,999元"
1001661,2021,4,3,自有/家人所有/自建,NA
1001721,2021,2,2,自有/家人所有/自建,NA
1001925,2021,5,1,借用,NA
1002134,2021,2,1,自有/家人所有/自建,NA
1002139,2021,3,3,租賃,"7,000-9,999元"
1006205,2021,2,2,租賃,"10,000-19,999元"
1006268,2021,4,4,自有/家人所有/自建,NA
1006323,2021,3,2,自有/家人所有/自建,NA
1006563,2021,3,3,租賃,"5,000-6,999元"
1006572,2021,4,1,自有/家人所有/自建,NA
1006595,2021,1,1,借用,NA
1006759,2021,2,2,自有/家人所有/自建,NA
1007160,2021,8,7,自有/家人所有/自建,NA
1007409,2021,4,4,自有/家人所有/自建,NA
1007507,2021,5,5,自有/家人所有/自建,NA
1007989,2021,2,2,自有/家人所有/自建,NA
1008513,2021,1,1,租賃,"10,000-19,999元"
1009336,2021,5,4,自有/家人所有/自建,NA
1009357,2021,2,2,自有/家人所有/自建,NA
1009489,2021,6,6,自有/家人所有/自建,NA
1009592,2021,2,2,自有/家人所有/自建,NA
1010401,2021,5,5,自有/家人所有/自建,NA
1010705,2021,2,2,自有/家人所有/自建,NA
1011325,2021,4,4,自有/家人所有/自建,NA
1011360,2021,13,13,自有/家人所有/自建,NA
1011783,2021,4,4,自有/家人所有/自建,NA
2001586,2021,3,2,自有/家人所有/自建,NA
2001679,2021,1,1,自有/家人所有/自建,NA
2001703,2021,5,5,租賃,"10,000-19,999元"
2001722,2021,5,5,自有/家人所有/自建,NA
2001739,2021,4,1,租賃,"10,000-19,999元"
2001841,2021,5,1,自有/家人所有/自建,NA
2002085,2021,2,1,自有/家人所有/自建,NA
2002111,2021,6,6,自有/家人所有/自建,NA
2002143,2021,5,2,自有/家人所有/自建,NA
2002147,2021,7,1,自有/家人所有/自建,NA
2002217,2021,2,2,自有/家人所有/自建,NA
2002227,2021,3,3,租賃,"10,000-19,999元"
2006239,2021,3,2,自有/家人所有/自建,NA
2006240,2021,3,2,自有/家人所有/自建,NA
2006350,2021,2,2,自有/家人所有/自建,NA
2006385,2021,4,4,自有/家人所有/自建,NA
2006393,2021,5,1,自有/家人所有/自建,NA
2006494,2021,2,1,自有/家人所有/自建,NA
2006526,2021,3,3,租賃,"7,000-9,999元"
2006533,2021,4,4,借用,NA
2006566,2021,5,4,自有/家人所有/自建,NA
2006584,2021,3,1,自有/家人所有/自建,NA
2007577,2021,4,4,自有/家人所有/自建,NA
2008027,2021,1,1,自有/家人所有/自建,NA
2009187,2021,1,1,自有/家人所有/自建,NA
2009207,2021,6,6,自有/家人所有/自建,NA
2011241,2021,4,4,自有/家人所有/自建,NA
3001391,2021,4,3,租賃,"10,000-19,999元"
3001650,2021,2,2,自有/家人所有/自建,NA
3001793,2021,2,2,自有/家人所有/自建,NA
3001960,2021,2,1,自有/家人所有/自建,NA
3001986,2021,1,1,自有/家人所有/自建,NA
3006219,2021,3,3,自有/家人所有/自建,NA
3006228,2021,1,1,自有/家人所有/自建,NA
3006253,2021,1,1,自有/家人所有/自建,NA
3006301,2021,7,6,自有/家人所有/自建,NA
3006347,2021,4,4,租賃,"5,000-6,999元"
3006367,2021,7,7,租賃,"10,000-19,999元"
3008873,2021,2,2,自有/家人所有/自建,NA
3009275,2021,1,1,自有/家人所有/自建,NA
3011198,2021,7,7,自有/家人所有/自建,NA
3011697,2021,5,5,自有/家人所有/自建,NA
3011777,2021,6,6,自有/家人所有/自建,NA
4001353,2021,1,1,自有/家人所有/自建,NA
4001387,2021,2,1,自有/家人所有/自建,NA
4001639,2021,4,4,自有/家人所有/自建,NA
4001910,2021,4,3,租賃,"7,000-9,999元"
4001963,2021,3,2,自有/家人所有/自建,NA
4002009,2021,2,2,自有/家人所有/自建,NA
4002022,2021,3,2,自有/家人所有/自建,NA
4002123,2021,3,3,自有/家人所有/自建,NA
4006218,2021,1,1,租賃,"5,000-6,999元"
4006227,2021,3,3,自有/家人所有/自建,NA
4006251,2021,1,1,自有/家人所有/自建,NA
4006342,2021,6,6,自有/家人所有/自建,NA
4006360,2021,3,3,租賃,"10,000-19,999元"
4006362,2021,2,2,自有/家人所有/自建,NA
4006377,2021,6,6,自有/家人所有/自建,NA
4006380,2021,4,4,自有/家人所有/自建,NA
4006388,2021,4,3,自有/家人所有/自建,NA
4006467,2021,6,4,自有/家人所有/自建,NA
4006489,2021,3,1,自有/家人所有/自建,NA
4006497,2021,5,2,自有/家人所有/自建,NA
4006508,2021,5,2,自有/家人所有/自建,NA
4006802,2021,2,2,自有/家人所有/自建,NA
4007325,2021,2,2,自有/家人所有/自建,NA
4008906,2021,2,2,自有/家人所有/自建,NA
4009928,2021,7,7,自有/家人所有/自建,NA
4010404,2021,2,2,自有/家人所有/自建,NA
4010437,2021,3,3,自有/家人所有/自建,NA
4010967,2021,7,7,自有/家人所有/自建,NA
4011112,2021,1,1,自有/家人所有/自建,NA
4011351,2021,4,4,自有/家人所有/自建,NA
4011371,2021,4,4,自有/家人所有/自建,NA
4011762,2021,5,5,自有/家人所有/自建,NA
4012057,2021,5,5,自有/家人所有/自建,NA
5007251,2021,21,20,自有/家人所有/自建,NA
5007553,2021,2,2,自有/家人所有/自建,NA
5011006,2021,4,4,自有/家人所有/自建,NA
5011327,2021,10,10,自有/家人所有/自建,NA
5011344,2021,8,8,自有/家人所有/自建,NA
5011693,2021,1,1,自有/家人所有/自建,NA
5011836,2021,6,6,自有/家人所有/自建,NA
5013232,2021,4,4,自有/家人所有/自建,NA
6007222,2021,6,6,租賃,"5,000-6,999元"
6008924,2021,3,3,自有/家人所有/自建,NA
6010391,2021,2,2,自有/家人所有/自建,NA
6011716,2021,6,6,自有/家人所有/自建,NA
6012157,2021,4,4,自有/家人所有/自建,NA
6012975,2021,3,3,自有/家人所有/自建,NA
6013076,2021,5,5,自有/家人所有/自建,NA
6013363,2021,6,6,自有/家人所有/自建,NA
6014870,2021,3,3,自有/家人所有/自建,NA
6015042,2021,7,7,自有/家人所有/自建,NA
7006785,2021,3,3,自有/家人所有/自建,NA
7007197,2021,1,1,自有/家人所有/自建,NA
7007234,2021,2,2,自有/家人所有/自建,NA
7007722,2021,3,3,自有/家人所有/自建,NA
7008872,2021,3,3,自有/家人所有/自建,NA
7010963,2021,3,3,自有/家人所有/自建,NA
7012116,2021,5,5,自有/家人所有/自建,NA
7013208,2021,3,3,自有/家人所有/自建,NA
8011181,2021,6,6,自有/家人所有/自建,NA
8011348,2021,9,9,自有/家人所有/自建,NA
8011707,2021,4,4,自有/家人所有/自建,NA
8011944,2021,3,3,自有/家人所有/自建,NA
8013177,2021,3,3,自有/家人所有/自建,NA
9011005,2021,6,6,自有/家人所有/自建,NA
9011105,2021,6,6,自有/家人所有/自建,NA
9012274,2021,9,9,自有/家人所有/自建,NA
9013393,2021,2,2,自有/家人所有/自建,NA
1016346,2021,1,1,自有/家人所有/自建,NA
1016417,2021,4,3,自有/家人所有/自建,NA
1016514,2021,3,3,自有/家人所有/自建,NA
1016629,2021,6,6,自有/家人所有/自建,NA
1016757,2021,3,2,自有/家人所有/自建,NA
1016820,2021,4,2,自有/家人所有/自建,NA
1017481,2021,2,2,自有/家人所有/自建,NA
1017516,2021,1,1,租賃,"10,000-19,999元"
1017698,2021,5,5,自有/家人所有/自建,NA
1017761,2021,2,2,自有/家人所有/自建,NA
1017793,2021,4,3,自有/家人所有/自建,NA
1017879,2021,3,2,自有/家人所有/自建,NA
1018044,2021,4,4,自有/家人所有/自建,NA
1018093,2021,8,8,自有/家人所有/自建,NA
1018188,2021,3,3,自有/家人所有/自建,NA
1018796,2021,4,1,自有/家人所有/自建,NA
1019312,2021,7,1,自有/家人所有/自建,NA
1019344,2021,5,1,自有/家人所有/自建,NA
1019618,2021,6,5,自有/家人所有/自建,NA
1019748,2021,3,1,自有/家人所有/自建,NA
1019814,2021,4,4,租賃,"7,000-9,999元"
1019919,2021,5,5,自有/家人所有/自建,NA
1019959,2021,2,2,自有/家人所有/自建,NA
1020006,2021,2,2,自有/家人所有/自建,NA
1020701,2021,3,1,自有/家人所有/自建,NA
1023048,2021,4,4,自有/家人所有/自建,NA
1023049,2021,6,6,自有/家人所有/自建,NA
1023238,2021,2,1,自有/家人所有/自建,NA
1023245,2021,2,2,自有/家人所有/自建,NA
1023262,2021,5,5,自有/家人所有/自建,NA
1023335,2021,1,1,自有/家人所有/自建,NA
1023784,2021,1,1,自有/家人所有/自建,NA
1024324,2021,9,9,自有/家人所有/自建,NA
1025208,2021,5,5,自有/家人所有/自建,NA
1026743,2021,1,1,自有/家人所有/自建,NA
1026846,2021,1,1,自有/家人所有/自建,NA
1027151,2021,7,6,自有/家人所有/自建,NA
1027168,2021,1,1,自有/家人所有/自建,NA
1029161,2021,2,2,自有/家人所有/自建,NA
1029708,2021,4,4,自有/家人所有/自建,NA
1029815,2021,1,1,自有/家人所有/自建,NA
1029918,2021,4,4,自有/家人所有/自建,NA
1031041,2021,12,12,自有/家人所有/自建,NA
2016604,2021,2,2,自有/家人所有/自建,NA
2016618,2021,4,4,自有/家人所有/自建,NA
2016744,2021,4,4,自有/家人所有/自建,NA
2016859,2021,4,4,租賃,"10,000-19,999元"
2016933,2021,1,1,借用,NA
2017181,2021,4,4,自有/家人所有/自建,NA
2017450,2021,2,2,自有/家人所有/自建,NA
2017529,2021,5,3,自有/家人所有/自建,NA
2017589,2021,3,3,租賃,"7,000-9,999元"
2017734,2021,4,4,租賃,"10,000-19,999元"
2018218,2021,4,4,自有/家人所有/自建,NA
2018657,2021,4,4,自有/家人所有/自建,NA
2018736,2021,4,3,自有/家人所有/自建,NA
2018826,2021,4,4,自有/家人所有/自建,NA
2018973,2021,4,3,自有/家人所有/自建,NA
2019008,2021,4,2,租賃,"5,000-6,999元"
2019190,2021,1,1,自有/家人所有/自建,NA
2019213,2021,1,1,自有/家人所有/自建,NA
2019328,2021,5,1,自有/家人所有/自建,NA
2019694,2021,1,1,自有/家人所有/自建,NA
2019708,2021,4,4,借用,NA
2019816,2021,3,2,自有/家人所有/自建,NA
2019831,2021,1,1,自有/家人所有/自建,NA
2019839,2021,2,1,自有/家人所有/自建,NA
2019921,2021,2,1,自有/家人所有/自建,NA
2019955,2021,1,1,租賃,"3,000-4,999元"
2019971,2021,8,8,自有/家人所有/自建,NA
2019984,2021,1,1,自有/家人所有/自建,NA
2019988,2021,5,3,自有/家人所有/自建,NA
2020895,2021,8,2,租賃,"10,000-19,999元"
2022800,2021,3,3,自有/家人所有/自建,NA
2024216,2021,3,3,自有/家人所有/自建,NA
2024254,2021,3,3,自有/家人所有/自建,NA
2024368,2021,15,15,自有/家人所有/自建,NA
2026397,2021,1,1,自有/家人所有/自建,NA
2026468,2021,1,1,自有/家人所有/自建,NA
2026814,2021,2,2,自有/家人所有/自建,NA
2026986,2021,8,7,自有/家人所有/自建,NA
2028702,2021,2,2,自有/家人所有/自建,NA
2029721,2021,3,3,借用,NA
2031363,2021,11,11,自有/家人所有/自建,NA
2032451,2021,7,7,借用,NA
2032497,2021,1,1,自有/家人所有/自建,NA
3019616,2021,4,4,自有/家人所有/自建,NA
3019646,2021,6,6,租賃,"3,000-4,999元"
3019670,2021,4,4,自有/家人所有/自建,NA
3019690,2021,5,4,自有/家人所有/自建,NA
3019711,2021,3,2,自有/家人所有/自建,NA
3019737,2021,2,1,自有/家人所有/自建,NA
3019841,2021,2,2,自有/家人所有/自建,NA
3019878,2021,9,8,自有/家人所有/自建,NA
3019997,2021,2,2,自有/家人所有/自建,NA
3020011,2021,4,2,自有/家人所有/自建,NA
3020896,2021,6,3,自有/家人所有/自建,NA
3021075,2021,2,2,自有/家人所有/自建,NA
3023653,2021,2,2,自有/家人所有/自建,NA
3023970,2021,6,6,自有/家人所有/自建,NA
3029877,2021,5,5,自有/家人所有/自建,NA
3029886,2021,2,2,自有/家人所有/自建,NA
3030437,2021,2,2,自有/家人所有/自建,NA
3031017,2021,1,1,自有/家人所有/自建,NA
3031478,2021,4,3,自有/家人所有/自建,NA
3031615,2021,3,3,自有/家人所有/自建,NA
4019644,2021,7,7,自有/家人所有/自建,NA
4019674,2021,3,3,自有/家人所有/自建,NA
4019677,2021,5,5,自有/家人所有/自建,NA
4019800,2021,2,2,自有/家人所有/自建,NA
4020128,2021,2,2,借用,NA
4020222,2021,3,2,自有/家人所有/自建,NA
4020366,2021,2,2,借用,NA
4020626,2021,7,2,自有/家人所有/自建,NA
4022364,2021,1,1,租賃,"10,000-19,999元"
4022999,2021,2,2,自有/家人所有/自建,NA
4023007,2021,7,7,自有/家人所有/自建,NA
4024137,2021,5,5,自有/家人所有/自建,NA
4024321,2021,5,5,自有/家人所有/自建,NA
4024511,2021,5,5,自有/家人所有/自建,NA
4026881,2021,1,1,自有/家人所有/自建,NA
4029436,2021,1,1,自有/家人所有/自建,NA
4029705,2021,3,3,借用,NA
5016515,2021,5,5,自有/家人所有/自建,NA
5016758,2021,6,6,自有/家人所有/自建,NA
5017383,2021,2,2,自有/家人所有/自建,NA
5017446,2021,6,6,自有/家人所有/自建,NA
5017501,2021,4,4,自有/家人所有/自建,NA
5019388,2021,3,1,自有/家人所有/自建,NA
5020711,2021,5,1,自有/家人所有/自建,NA
5020880,2021,12,1,自有/家人所有/自建,NA
5020890,2021,7,1,自有/家人所有/自建,NA
5022766,2021,6,6,自有/家人所有/自建,NA
5029020,2021,3,3,自有/家人所有/自建,NA
5029202,2021,1,1,自有/家人所有/自建,NA
5029351,2021,2,2,借用,NA
5029759,2021,2,2,自有/家人所有/自建,NA
5030096,2021,2,2,自有/家人所有/自建,NA
5030352,2021,5,5,借用,NA
5032485,2021,1,1,自有/家人所有/自建,NA
5032560,2021,3,2,自有/家人所有/自建,NA
6016883,2021,2,2,自有/家人所有/自建,NA
6016970,2021,5,5,自有/家人所有/自建,NA
6018332,2021,5,5,自有/家人所有/自建,NA
6018989,2021,8,3,租賃,"10,000-19,999元"
6020034,2021,6,1,自有/家人所有/自建,NA
6020060,2021,3,1,自有/家人所有/自建,NA
6020300,2021,2,1,自有/家人所有/自建,NA
6020489,2021,13,5,自有/家人所有/自建,NA
6020541,2021,4,1,自有/家人所有/自建,NA
6022865,2021,3,3,自有/家人所有/自建,NA
6023631,2021,3,3,自有/家人所有/自建,NA
6024188,2021,7,7,自有/家人所有/自建,NA
6029289,2021,2,2,自有/家人所有/自建,NA
7018015,2021,3,3,自有/家人所有/自建,NA
7020118,2021,5,4,自有/家人所有/自建,NA
7020566,2021,2,1,自有/家人所有/自建,NA
7023186,2021,9,9,自有/家人所有/自建,NA
7028010,2021,3,3,自有/家人所有/自建,NA
7029603,2021,2,2,自有/家人所有/自建,NA
7031781,2021,1,1,租賃,"3,000-4,999元"
7032487,2021,2,2,自有/家人所有/自建,NA
8016561,2021,6,5,自有/家人所有/自建,NA
8016674,2021,4,4,自有/家人所有/自建,NA
8017471,2021,5,3,自有/家人所有/自建,NA
8017515,2021,2,2,自有/家人所有/自建,NA
8018196,2021,4,1,自有/家人所有/自建,NA
8018255,2021,6,1,租賃,"20,000元以上"
8018832,2021,4,3,租賃,"10,000-19,999元"
8020177,2021,3,3,自有/家人所有/自建,NA
8020580,2021,2,2,自有/家人所有/自建,NA
8021057,2021,4,3,自有/家人所有/自建,NA
8022739,2021,1,1,自有/家人所有/自建,NA
8022967,2021,2,2,自有/家人所有/自建,NA
8025086,2021,1,1,自有/家人所有/自建,NA
8031676,2021,3,3,自有/家人所有/自建,NA
9016969,2021,6,6,自有/家人所有/自建,NA
9016977,2021,6,5,自有/家人所有/自建,NA
9017461,2021,3,3,自有/家人所有/自建,NA
9018861,2021,2,2,租賃,"7,000-9,999元"
9019257,2021,5,1,自有/家人所有/自建,NA
9020298,2021,13,13,自有/家人所有/自建,NA
9020712,2021,3,2,租賃,"10,000-19,999元"
9020813,2021,6,2,自有/家人所有/自建,NA
9022328,2021,2,1,自有/家人所有/自建,NA
9023927,2021,2,2,自有/家人所有/自建,NA
9024881,2021,3,3,自有/家人所有/自建,NA
9028883,2021,2,2,借用,NA
9029853,2021,1,1,自有/家人所有/自建,NA
9029902,2021,1,1,自有/家人所有/自建,NA
1034187,2021,5,3,自有/家人所有/自建,NA
1034205,2021,5,4,配住,"未滿1,000元"
1034424,2021,6,5,自有/家人所有/自建,NA
1034700,2021,7,6,自有/家人所有/自建,NA
1034724,2021,4,1,借用,NA
1034946,2021,7,6,自有/家人所有/自建,NA
1034985,2021,1,1,租賃,"7,000-9,999元"
1035115,2021,8,3,自有/家人所有/自建,NA
1035293,2021,10,3,自有/家人所有/自建,NA
1038028,2021,5,3,自有/家人所有/自建,NA
1038029,2021,7,7,自有/家人所有/自建,NA
1038038,2021,2,2,自有/家人所有/自建,NA
1038054,2021,6,4,自有/家人所有/自建,NA
1038060,2021,1,1,自有/家人所有/自建,NA
1038063,2021,4,4,自有/家人所有/自建,NA
1038088,2021,7,4,自有/家人所有/自建,NA
1038105,2021,3,3,自有/家人所有/自建,NA
1038106,2021,1,1,自有/家人所有/自建,NA
1038107,2021,3,3,自有/家人所有/自建,NA
1038117,2021,2,2,自有/家人所有/自建,NA
1038118,2021,5,3,自有/家人所有/自建,NA
1038141,2021,2,1,自有/家人所有/自建,NA
1038143,2021,5,3,自有/家人所有/自建,NA
1038144,2021,3,1,租賃,"10,000-19,999元"
1038150,2021,5,3,自有/家人所有/自建,NA
1038381,2021,1,1,自有/家人所有/自建,NA
1038907,2021,2,2,自有/家人所有/自建,NA
1038994,2021,5,5,自有/家人所有/自建,NA
1039592,2021,7,7,自有/家人所有/自建,NA
1039615,2021,5,5,自有/家人所有/自建,NA
1040217,2021,8,8,自有/家人所有/自建,NA
1040550,2021,1,1,自有/家人所有/自建,NA
1040732,2021,3,3,自有/家人所有/自建,NA
1041057,2021,4,4,自有/家人所有/自建,NA
2034222,2021,5,5,租賃,"1,000-2,999元"
2034610,2021,5,5,自有/家人所有/自建,NA
2034644,2021,2,1,自有/家人所有/自建,NA
2034974,2021,10,9,自有/家人所有/自建,NA
2035024,2021,1,1,自有/家人所有/自建,NA
2035039,2021,6,1,自有/家人所有/自建,NA
2035180,2021,6,3,自有/家人所有/自建,NA
2038035,2021,3,3,自有/家人所有/自建,NA
2038046,2021,1,1,租賃,"7,000-9,999元"
2038057,2021,3,3,自有/家人所有/自建,NA
2038163,2021,5,5,自有/家人所有/自建,NA
2038881,2021,9,9,自有/家人所有/自建,NA
2038938,2021,3,3,自有/家人所有/自建,NA
2039032,2021,3,3,自有/家人所有/自建,NA
2040043,2021,2,2,自有/家人所有/自建,NA
2040594,2021,2,2,自有/家人所有/自建,NA
2040891,2021,4,4,自有/家人所有/自建,NA
2041774,2021,4,4,自有/家人所有/自建,NA
2041776,2021,8,8,自有/家人所有/自建,NA
3034314,2021,15,3,自有/家人所有/自建,NA
3034530,2021,4,2,自有/家人所有/自建,NA
3034612,2021,1,1,自有/家人所有/自建,NA
3034643,2021,6,3,自有/家人所有/自建,NA
3034687,2021,2,1,自有/家人所有/自建,NA
3035276,2021,4,1,自有/家人所有/自建,NA
3038034,2021,6,5,自有/家人所有/自建,NA
3038036,2021,3,3,自有/家人所有/自建,NA
3038040,2021,7,7,自有/家人所有/自建,NA
3038104,2021,9,9,自有/家人所有/自建,NA
3038108,2021,3,3,自有/家人所有/自建,NA
3038877,2021,3,3,自有/家人所有/自建,NA
3038878,2021,2,2,自有/家人所有/自建,NA
3040577,2021,1,1,自有/家人所有/自建,NA
3041019,2021,5,5,自有/家人所有/自建,NA
4034566,2021,4,1,自有/家人所有/自建,NA
4034657,2021,4,4,自有/家人所有/自建,NA
4034744,2021,2,1,自有/家人所有/自建,NA
4034874,2021,4,3,自有/家人所有/自建,NA
4034922,2021,4,3,自有/家人所有/自建,NA
4035043,2021,3,3,租賃,"5,000-6,999元"
4035172,2021,2,1,自有/家人所有/自建,NA
4035339,2021,2,1,自有/家人所有/自建,NA
4038026,2021,3,1,自有/家人所有/自建,NA
4038042,2021,3,2,自有/家人所有/自建,NA
4038045,2021,3,3,自有/家人所有/自建,NA
4038048,2021,2,1,自有/家人所有/自建,NA
4038145,2021,7,7,自有/家人所有/自建,NA
4038194,2021,1,1,自有/家人所有/自建,NA
4038260,2021,5,5,自有/家人所有/自建,NA
4038893,2021,5,5,自有/家人所有/自建,NA
4038897,2021,3,3,自有/家人所有/自建,NA
4039709,2021,3,3,自有/家人所有/自建,NA
4040844,2021,4,4,租賃,"5,000-6,999元"
4040933,2021,7,7,自有/家人所有/自建,NA
4041529,2021,5,5,自有/家人所有/自建,NA
5036187,2021,7,7,自有/家人所有/自建,NA
5036361,2021,4,4,自有/家人所有/自建,NA
5036604,2021,5,5,自有/家人所有/自建,NA
5036700,2021,2,2,自有/家人所有/自建,NA
5036996,2021,2,2,自有/家人所有/自建,NA
5037010,2021,3,1,自有/家人所有/自建,NA
5037029,2021,1,1,借用,NA
5038047,2021,1,1,自有/家人所有/自建,NA
6036162,2021,2,2,自有/家人所有/自建,NA
6036180,2021,1,1,自有/家人所有/自建,NA
6036375,2021,1,1,自有/家人所有/自建,NA
6036575,2021,3,3,自有/家人所有/自建,NA
6036716,2021,6,5,自有/家人所有/自建,NA
6037048,2021,3,3,自有/家人所有/自建,NA
6037134,2021,4,4,自有/家人所有/自建,NA
6037200,2021,6,4,自有/家人所有/自建,NA
6037698,2021,7,6,自有/家人所有/自建,NA
7036208,2021,6,5,自有/家人所有/自建,NA
7036224,2021,4,4,自有/家人所有/自建,NA
7036990,2021,12,11,自有/家人所有/自建,NA
8036344,2021,5,5,自有/家人所有/自建,NA
8037064,2021,1,1,租賃,"1,000-2,999元"
8037103,2021,3,3,自有/家人所有/自建,NA
8037182,2021,3,2,借用,NA
8037223,2021,1,1,借用,NA
8037645,2021,3,2,自有/家人所有/自建,NA
9036223,2021,6,6,自有/家人所有/自建,NA
9036342,2021,1,1,自有/家人所有/自建,NA
9036653,2021,1,1,借用,NA
9036898,2021,4,3,自有/家人所有/自建,NA
9037144,2021,2,1,自有/家人所有/自建,NA
1041859,2021,6,2,自有/家人所有/自建,NA
1041875,2021,2,1,自有/家人所有/自建,NA
1041936,2021,6,6,自有/家人所有/自建,NA
1042248,2021,4,2,自有/家人所有/自建,NA
1042422,2021,1,1,租賃,"3,000-4,999元"
1042455,2021,5,1,租賃,"5,000-6,999元"
1042658,2021,2,1,租賃,"5,000-6,999元"
1042680,2021,2,1,自有/家人所有/自建,NA
1044038,2021,7,2,自有/家人所有/自建,NA
1044082,2021,8,1,自有/家人所有/自建,NA
1044089,2021,4,4,租賃,"3,000-4,999元"
1044095,2021,6,5,租賃,"7,000-9,999元"
1044104,2021,4,2,自有/家人所有/自建,NA
1044109,2021,5,4,自有/家人所有/自建,NA
1044120,2021,4,4,自有/家人所有/自建,NA
1044129,2021,5,2,自有/家人所有/自建,NA
1044130,2021,4,1,自有/家人所有/自建,NA
1044145,2021,4,3,租賃,"7,000-9,999元"
1044146,2021,3,3,自有/家人所有/自建,NA
1044150,2021,1,1,租賃,"5,000-6,999元"
1044152,2021,2,1,租賃,"3,000-4,999元"
1044162,2021,4,3,自有/家人所有/自建,NA
1044163,2021,4,1,自有/家人所有/自建,NA
2041862,2021,7,6,租賃,"10,000-19,999元"
2042013,2021,7,7,自有/家人所有/自建,NA
2042067,2021,1,1,自有/家人所有/自建,NA
2042125,2021,4,4,自有/家人所有/自建,NA
2042334,2021,3,3,租賃,"5,000-6,999元"
2042496,2021,4,2,自有/家人所有/自建,NA
2042508,2021,6,2,自有/家人所有/自建,NA
2042773,2021,5,5,租賃,"5,000-6,999元"
2042819,2021,8,4,自有/家人所有/自建,NA
2044041,2021,2,2,自有/家人所有/自建,NA
2044042,2021,3,2,自有/家人所有/自建,NA
2044045,2021,8,4,自有/家人所有/自建,NA
2044047,2021,5,1,自有/家人所有/自建,NA
2044055,2021,6,5,自有/家人所有/自建,NA
2044092,2021,3,3,租賃,"7,000-9,999元"
2044105,2021,1,1,租賃,"3,000-4,999元"
2044107,2021,5,4,自有/家人所有/自建,NA
2044110,2021,6,1,租賃,"1,000-2,999元"
2044112,2021,2,1,租賃,"3,000-4,999元"
2044136,2021,2,1,自有/家人所有/自建,NA
2044157,2021,5,2,租賃,"7,000-9,999元"
2044171,2021,4,2,租賃,"3,000-4,999元"
3041828,2021,10,1,自有/家人所有/自建,NA
3042017,2021,4,2,自有/家人所有/自建,NA
3042020,2021,6,3,自有/家人所有/自建,NA
3042051,2021,2,1,自有/家人所有/自建,NA
3042279,2021,2,2,租賃,"7,000-9,999元"
3042351,2021,1,1,租賃,"7,000-9,999元"
3042689,2021,4,3,自有/家人所有/自建,NA
3042700,2021,3,3,租賃,"5,000-6,999元"
3044094,2021,1,1,租賃,"5,000-6,999元"
3044108,2021,4,4,租賃,"3,000-4,999元"
3044148,2021,5,4,租賃,"5,000-6,999元"
3044174,2021,4,1,自有/家人所有/自建,NA
4041882,2021,6,1,自有/家人所有/自建,NA
4042285,2021,6,6,租賃,"7,000-9,999元"
4042320,2021,2,1,自有/家人所有/自建,NA
4042366,2021,8,8,租賃,"7,000-9,999元"
4042503,2021,3,2,租賃,"10,000-19,999元"
4042662,2021,2,2,租賃,"10,000-19,999元"
1047639,2021,2,1,自有/家人所有/自建,NA
1047828,2021,4,3,自有/家人所有/自建,NA
1047886,2021,2,2,自有/家人所有/自建,NA
1048120,2021,7,7,自有/家人所有/自建,NA
1048136,2021,2,2,自有/家人所有/自建,NA
1048439,2021,7,7,借用,NA
1048476,2021,2,2,租賃,"5,000-6,999元"
1048498,2021,2,2,自有/家人所有/自建,NA
1048555,2021,3,3,自有/家人所有/自建,NA
1048635,2021,1,1,自有/家人所有/自建,NA
1048645,2021,7,7,自有/家人所有/自建,NA
1048765,2021,2,2,自有/家人所有/自建,NA
1048770,2021,9,8,自有/家人所有/自建,NA
1048949,2021,2,2,自有/家人所有/自建,NA
1048980,2021,4,2,自有/家人所有/自建,NA
1048998,2021,3,1,自有/家人所有/自建,NA
1049001,2021,3,3,租賃,"5,000-6,999元"
1049028,2021,6,1,自有/家人所有/自建,NA
1049057,2021,2,2,自有/家人所有/自建,NA
1049112,2021,1,1,自有/家人所有/自建,NA
1049139,2021,4,1,自有/家人所有/自建,NA
1049167,2021,2,2,自有/家人所有/自建,NA
1049278,2021,1,1,自有/家人所有/自建,NA
1049646,2021,3,2,租賃,"7,000-9,999元"
1051119,2021,5,2,自有/家人所有/自建,NA
1051149,2021,7,3,自有/家人所有/自建,NA
1051165,2021,5,4,自有/家人所有/自建,NA
1051271,2021,1,1,自有/家人所有/自建,NA
1051306,2021,4,3,自有/家人所有/自建,NA
1051332,2021,4,2,自有/家人所有/自建,NA
1051337,2021,2,1,自有/家人所有/自建,NA
1051381,2021,6,6,租賃,"5,000-6,999元"
1051382,2021,2,2,配住,"3,000-4,999元"
1051386,2021,3,3,自有/家人所有/自建,NA
1051400,2021,7,3,自有/家人所有/自建,NA
1051405,2021,4,3,自有/家人所有/自建,NA
1051406,2021,2,1,自有/家人所有/自建,NA
1051411,2021,1,1,租賃,"3,000-4,999元"
1051423,2021,4,3,自有/家人所有/自建,NA
1052180,2021,1,1,自有/家人所有/自建,NA
1052186,2021,8,8,自有/家人所有/自建,NA
1052242,2021,6,6,自有/家人所有/自建,NA
1052478,2021,4,4,自有/家人所有/自建,NA
1052487,2021,2,2,自有/家人所有/自建,NA
1052768,2021,5,5,自有/家人所有/自建,NA
1052769,2021,4,4,自有/家人所有/自建,NA
1052964,2021,7,7,自有/家人所有/自建,NA
1053308,2021,4,4,自有/家人所有/自建,NA
1053385,2021,6,6,自有/家人所有/自建,NA
1053980,2021,2,2,自有/家人所有/自建,NA
1054113,2021,1,1,自有/家人所有/自建,NA
1054690,2021,5,5,自有/家人所有/自建,NA
1055987,2021,3,3,自有/家人所有/自建,NA
1056606,2021,9,9,自有/家人所有/自建,NA
1056707,2021,2,2,自有/家人所有/自建,NA
1056838,2021,7,7,自有/家人所有/自建,NA
1057179,2021,4,4,自有/家人所有/自建,NA
1057437,2021,6,6,自有/家人所有/自建,NA
1060224,2021,7,7,自有/家人所有/自建,NA
1060948,2021,5,5,自有/家人所有/自建,NA
1066334,2021,1,1,自有/家人所有/自建,NA
1066525,2021,1,1,自有/家人所有/自建,NA
1067984,2021,5,4,自有/家人所有/自建,NA
1069677,2021,6,6,自有/家人所有/自建,NA
2047362,2021,1,1,自有/家人所有/自建,NA
2047407,2021,2,2,自有/家人所有/自建,NA
2047409,2021,2,1,租賃,"5,000-6,999元"
2047523,2021,1,1,自有/家人所有/自建,NA
2047539,2021,3,2,租賃,"7,000-9,999元"
2047706,2021,2,1,自有/家人所有/自建,NA
2047752,2021,5,3,自有/家人所有/自建,NA
2047879,2021,1,1,自有/家人所有/自建,NA
2048872,2021,2,1,自有/家人所有/自建,NA
2048941,2021,5,5,租賃,"10,000-19,999元"
2048968,2021,1,1,自有/家人所有/自建,NA
2049251,2021,1,1,自有/家人所有/自建,NA
2049368,2021,3,1,自有/家人所有/自建,NA
2049685,2021,2,2,租賃,"5,000-6,999元"
2049690,2021,6,1,自有/家人所有/自建,NA
2049759,2021,5,1,自有/家人所有/自建,NA
2049856,2021,2,1,自有/家人所有/自建,NA
2051056,2021,3,2,自有/家人所有/自建,NA
2051059,2021,2,1,自有/家人所有/自建,NA
2051111,2021,3,2,自有/家人所有/自建,NA
2051231,2021,7,1,自有/家人所有/自建,NA
2051324,2021,3,2,自有/家人所有/自建,NA
2051325,2021,6,4,自有/家人所有/自建,NA
2051326,2021,7,1,自有/家人所有/自建,NA
2051379,2021,4,3,配住,"3,000-4,999元"
2051396,2021,3,3,自有/家人所有/自建,NA
2051398,2021,2,2,租賃,"3,000-4,999元"
2051462,2021,3,2,自有/家人所有/自建,NA
2051972,2021,3,3,自有/家人所有/自建,NA
2052146,2021,8,8,自有/家人所有/自建,NA
2052193,2021,7,7,自有/家人所有/自建,NA
2052250,2021,6,6,自有/家人所有/自建,NA
2052960,2021,2,2,自有/家人所有/自建,NA
2053068,2021,1,1,自有/家人所有/自建,NA
2054132,2021,6,6,自有/家人所有/自建,NA
2055844,2021,3,3,自有/家人所有/自建,NA
2055863,2021,1,1,自有/家人所有/自建,NA
2056000,2021,8,8,自有/家人所有/自建,NA
2056021,2021,1,1,自有/家人所有/自建,NA
2056024,2021,3,3,自有/家人所有/自建,NA
2056050,2021,2,2,自有/家人所有/自建,NA
2056134,2021,3,3,自有/家人所有/自建,NA
2056335,2021,13,13,自有/家人所有/自建,NA
2056459,2021,7,7,自有/家人所有/自建,NA
2057944,2021,2,2,自有/家人所有/自建,NA
2060710,2021,8,8,自有/家人所有/自建,NA
2062913,2021,4,4,租賃,"3,000-4,999元"
2064978,2021,2,2,自有/家人所有/自建,NA
2065959,2021,6,6,自有/家人所有/自建,NA
3047570,2021,2,2,租賃,"10,000-19,999元"
3047582,2021,2,2,自有/家人所有/自建,NA
3047774,2021,4,4,自有/家人所有/自建,NA
3047841,2021,1,1,自有/家人所有/自建,NA
3048306,2021,5,1,自有/家人所有/自建,NA
3048444,2021,2,1,自有/家人所有/自建,NA
3048662,2021,3,3,自有/家人所有/自建,NA
3048863,2021,5,2,自有/家人所有/自建,NA
3049083,2021,2,2,自有/家人所有/自建,NA
3049241,2021,1,1,自有/家人所有/自建,NA
3049978,2021,4,1,租賃,"10,000-19,999元"
3050004,2021,5,4,租賃,"10,000-19,999元"
3051048,2021,2,2,配住,"3,000-4,999元"
3051084,2021,3,3,自有/家人所有/自建,NA
3051464,2021,9,4,自有/家人所有/自建,NA
3052027,2021,6,6,自有/家人所有/自建,NA
3052029,2021,2,2,自有/家人所有/自建,NA
3052137,2021,1,1,自有/家人所有/自建,NA
3052142,2021,7,7,自有/家人所有/自建,NA
3052491,2021,1,1,自有/家人所有/自建,NA
3052750,2021,5,5,自有/家人所有/自建,NA
3052859,2021,1,1,自有/家人所有/自建,NA
3052874,2021,1,1,自有/家人所有/自建,NA
3052897,2021,2,2,自有/家人所有/自建,NA
3052922,2021,4,4,自有/家人所有/自建,NA
3053369,2021,7,7,自有/家人所有/自建,NA
3056018,2021,2,2,自有/家人所有/自建,NA
3057315,2021,3,3,自有/家人所有/自建,NA
3057373,2021,5,5,自有/家人所有/自建,NA
3060180,2021,2,2,自有/家人所有/自建,NA
3060545,2021,2,2,自有/家人所有/自建,NA
3060882,2021,8,8,自有/家人所有/自建,NA
3060956,2021,8,8,自有/家人所有/自建,NA
3062144,2021,8,8,自有/家人所有/自建,NA
3064963,2021,3,3,自有/家人所有/自建,NA
3065257,2021,3,3,自有/家人所有/自建,NA
3065887,2021,2,2,自有/家人所有/自建,NA
3066524,2021,3,3,自有/家人所有/自建,NA
3066983,2021,3,2,自有/家人所有/自建,NA
3067335,2021,7,7,自有/家人所有/自建,NA
4048705,2021,3,3,自有/家人所有/自建,NA
4048716,2021,4,4,租賃,"10,000-19,999元"
4050012,2021,3,3,自有/家人所有/自建,NA
4051251,2021,5,4,自有/家人所有/自建,NA
4059612,2021,12,12,自有/家人所有/自建,NA
4060063,2021,4,4,自有/家人所有/自建,NA
4060716,2021,3,3,自有/家人所有/自建,NA
4061495,2021,9,9,自有/家人所有/自建,NA
4062020,2021,5,5,自有/家人所有/自建,NA
4062231,2021,7,7,自有/家人所有/自建,NA
4064974,2021,1,1,自有/家人所有/自建,NA
4065127,2021,3,3,自有/家人所有/自建,NA
4065259,2021,1,1,自有/家人所有/自建,NA
4065265,2021,2,2,自有/家人所有/自建,NA
4065271,2021,1,1,自有/家人所有/自建,NA
4065938,2021,5,5,自有/家人所有/自建,NA
4066468,2021,1,1,自有/家人所有/自建,NA
4067581,2021,9,9,自有/家人所有/自建,NA
4067629,2021,2,2,租賃,"10,000-19,999元"
5060472,2021,7,7,自有/家人所有/自建,NA
5061437,2021,4,4,自有/家人所有/自建,NA
5065254,2021,3,3,自有/家人所有/自建,NA
5065548,2021,3,3,自有/家人所有/自建,NA
5065652,2021,8,8,自有/家人所有/自建,NA
5066110,2021,1,1,自有/家人所有/自建,NA
5066508,2021,8,8,自有/家人所有/自建,NA
6060179,2021,3,3,自有/家人所有/自建,NA
6060945,2021,3,3,自有/家人所有/自建,NA
6061446,2021,2,2,自有/家人所有/自建,NA
6066529,2021,3,3,自有/家人所有/自建,NA
6067619,2021,3,2,自有/家人所有/自建,NA
7060178,2021,5,5,自有/家人所有/自建,NA
7060420,2021,3,3,自有/家人所有/自建,NA
7060953,2021,3,3,自有/家人所有/自建,NA
7061421,2021,3,3,自有/家人所有/自建,NA
7062243,2021,5,5,自有/家人所有/自建,NA
7065316,2021,2,2,自有/家人所有/自建,NA
7065558,2021,6,6,自有/家人所有/自建,NA
7065614,2021,4,4,自有/家人所有/自建,NA
7066901,2021,3,3,自有/家人所有/自建,NA
8060146,2021,2,2,自有/家人所有/自建,NA
8060369,2021,2,2,自有/家人所有/自建,NA
8060553,2021,4,4,自有/家人所有/自建,NA
8060576,2021,3,3,自有/家人所有/自建,NA
8061017,2021,4,4,自有/家人所有/自建,NA
8063822,2021,4,3,自有/家人所有/自建,NA
8066433,2021,6,6,自有/家人所有/自建,NA
8067292,2021,4,4,自有/家人所有/自建,NA
9060156,2021,7,7,自有/家人所有/自建,NA
9060798,2021,3,3,自有/家人所有/自建,NA
9061032,2021,1,1,自有/家人所有/自建,NA
9061583,2021,5,5,自有/家人所有/自建,NA
9063292,2021,4,4,租賃,"3,000-4,999元"
9065139,2021,7,7,自有/家人所有/自建,NA
9065279,2021,1,1,自有/家人所有/自建,NA
9066784,2021,5,5,租賃,"5,000-6,999元"
9067468,2021,6,5,自有/家人所有/自建,NA
1070100,2021,3,2,自有/家人所有/自建,NA
1070149,2021,6,1,租賃,"10,000-19,999元"
1070239,2021,5,3,自有/家人所有/自建,NA
1070249,2021,4,1,自有/家人所有/自建,NA
1070264,2021,5,1,自有/家人所有/自建,NA
1070305,2021,5,4,自有/家人所有/自建,NA
1070314,2021,5,1,自有/家人所有/自建,NA
1070319,2021,4,3,自有/家人所有/自建,NA
1070337,2021,3,3,自有/家人所有/自建,NA
2070062,2021,2,1,自有/家人所有/自建,NA
2070209,2021,4,4,自有/家人所有/自建,NA
2070243,2021,2,1,自有/家人所有/自建,NA
2070287,2021,4,2,自有/家人所有/自建,NA
2070366,2021,5,4,自有/家人所有/自建,NA
2070371,2021,5,3,自有/家人所有/自建,NA
3070061,2021,2,1,自有/家人所有/自建,NA
3070143,2021,3,1,自有/家人所有/自建,NA
3070172,2021,2,1,租賃,"3,000-4,999元"
3070207,2021,3,1,自有/家人所有/自建,NA
3070250,2021,3,1,自有/家人所有/自建,NA
3070251,2021,1,1,自有/家人所有/自建,NA
3070362,2021,2,1,自有/家人所有/自建,NA
4070006,2021,5,3,租賃,"5,000-6,999元"
4070018,2021,2,1,自有/家人所有/自建,NA
4070083,2021,2,2,自有/家人所有/自建,NA
4070122,2021,2,1,自有/家人所有/自建,NA
4070175,2021,3,2,自有/家人所有/自建,NA
4070242,2021,4,2,自有/家人所有/自建,NA
4070272,2021,2,1,租賃,"5,000-6,999元"
4070278,2021,3,3,自有/家人所有/自建,NA
4070352,2021,2,1,自有/家人所有/自建,NA
1072080,2021,2,1,自有/家人所有/自建,NA
1072081,2021,3,1,自有/家人所有/自建,NA
1072088,2021,4,1,自有/家人所有/自建,NA
1072101,2021,5,2,租賃,"10,000-19,999元"
1072126,2021,3,1,自有/家人所有/自建,NA
1072135,2021,4,4,自有/家人所有/自建,NA
1072138,2021,3,1,借用,NA
1072155,2021,5,2,自有/家人所有/自建,NA
1072173,2021,5,1,自有/家人所有/自建,NA
1072182,2021,3,2,自有/家人所有/自建,NA
1072184,2021,2,2,租賃,"10,000-19,999元"
1072199,2021,2,1,租賃,"7,000-9,999元"
1072211,2021,1,1,自有/家人所有/自建,NA
1074307,2021,6,6,自有/家人所有/自建,NA
1074330,2021,2,2,自有/家人所有/自建,NA
1074388,2021,2,2,自有/家人所有/自建,NA
1074407,2021,4,4,自有/家人所有/自建,NA
1074473,2021,2,2,自有/家人所有/自建,NA
1075708,2021,3,3,自有/家人所有/自建,NA
1076062,2021,7,6,自有/家人所有/自建,NA
2072082,2021,3,1,自有/家人所有/自建,NA
2072089,2021,7,2,自有/家人所有/自建,NA
2072094,2021,6,3,租賃,"20,000元以上"
2072103,2021,2,1,自有/家人所有/自建,NA
2072120,2021,7,1,自有/家人所有/自建,NA
2072140,2021,4,4,租賃,"7,000-9,999元"
2072143,2021,3,1,借用,NA
2072153,2021,4,3,租賃,"5,000-6,999元"
2072168,2021,4,1,自有/家人所有/自建,NA
2072185,2021,4,1,租賃,"10,000-19,999元"
2072191,2021,4,4,自有/家人所有/自建,NA
2072198,2021,5,1,自有/家人所有/自建,NA
2074409,2021,2,2,自有/家人所有/自建,NA
2074427,2021,2,2,自有/家人所有/自建,NA
2074591,2021,1,1,自有/家人所有/自建,NA
2074630,2021,6,6,自有/家人所有/自建,NA
2075043,2021,3,2,自有/家人所有/自建,NA
2075709,2021,1,1,自有/家人所有/自建,NA
2076029,2021,2,2,自有/家人所有/自建,NA
2077009,2021,5,1,租賃,"20,000元以上"
3072079,2021,8,6,租賃,"7,000-9,999元"
3072099,2021,4,4,租賃,"5,000-6,999元"
3072124,2021,7,1,自有/家人所有/自建,NA
3072164,2021,4,1,自有/家人所有/自建,NA
3072188,2021,4,3,租賃,"5,000-6,999元"
3076269,2021,2,2,自有/家人所有/自建,NA
4074435,2021,1,1,自有/家人所有/自建,NA
4074631,2021,2,2,自有/家人所有/自建,NA
4075935,2021,5,5,自有/家人所有/自建,NA
4076204,2021,2,2,自有/家人所有/自建,NA
4076508,2021,2,2,自有/家人所有/自建,NA
5074452,2021,3,3,自有/家人所有/自建,NA
5075981,2021,7,7,自有/家人所有/自建,NA
6074256,2021,1,1,自有/家人所有/自建,NA
6074674,2021,2,2,自有/家人所有/自建,NA
7074765,2021,1,1,自有/家人所有/自建,NA
8074615,2021,3,3,自有/家人所有/自建,NA
9074588,2021,2,2,自有/家人所有/自建,NA
9074608,2021,1,1,自有/家人所有/自建,NA
9074623,2021,3,3,自有/家人所有/自建,NA
9075821,2021,4,4,自有/家人所有/自建,NA
1077556,2021,2,2,自有/家人所有/自建,NA
1077663,2021,3,2,自有/家人所有/自建,NA
1078398,2021,5,5,自有/家人所有/自建,NA
1078525,2021,1,1,租賃,"5,000-6,999元"
1078564,2021,2,2,自有/家人所有/自建,NA
1078636,2021,2,2,自有/家人所有/自建,NA
1078892,2021,2,1,自有/家人所有/自建,NA
1079011,2021,1,1,自有/家人所有/自建,NA
1079237,2021,2,1,自有/家人所有/自建,NA
1079622,2021,2,2,租賃,"10,000-19,999元"
1079902,2021,2,2,租賃,"7,000-9,999元"
1079992,2021,1,1,租賃,"5,000-6,999元"
1080031,2021,6,2,自有/家人所有/自建,NA
1080552,2021,4,4,租賃,"10,000-19,999元"
1080836,2021,2,1,自有/家人所有/自建,NA
1080956,2021,1,1,自有/家人所有/自建,NA
1080963,2021,5,5,自有/家人所有/自建,NA
1080970,2021,3,3,自有/家人所有/自建,NA
1081191,2021,4,4,自有/家人所有/自建,NA
1081433,2021,4,3,自有/家人所有/自建,NA
1081516,2021,1,1,自有/家人所有/自建,NA
1081598,2021,3,3,自有/家人所有/自建,NA
1081702,2021,3,3,自有/家人所有/自建,NA
1081727,2021,2,2,自有/家人所有/自建,NA
1081818,2021,3,3,租賃,"10,000-19,999元"
1081865,2021,1,1,自有/家人所有/自建,NA
1081867,2021,3,2,自有/家人所有/自建,NA
1082224,2021,3,2,自有/家人所有/自建,NA
1082233,2021,5,3,自有/家人所有/自建,NA
1082277,2021,2,1,自有/家人所有/自建,NA
1082315,2021,5,1,自有/家人所有/自建,NA
1082438,2021,2,1,自有/家人所有/自建,NA
1084776,2021,7,7,自有/家人所有/自建,NA
1084863,2021,1,1,借用,NA
1084883,2021,2,2,自有/家人所有/自建,NA
1084918,2021,4,4,租賃,"3,000-4,999元"
1084971,2021,2,1,自有/家人所有/自建,NA
1084994,2021,4,2,自有/家人所有/自建,NA
1085045,2021,3,3,自有/家人所有/自建,NA
1085066,2021,3,2,自有/家人所有/自建,NA
1085077,2021,3,1,自有/家人所有/自建,NA
1085093,2021,3,1,自有/家人所有/自建,NA
1085102,2021,7,7,自有/家人所有/自建,NA
1085117,2021,4,4,自有/家人所有/自建,NA
1085130,2021,2,2,自有/家人所有/自建,NA
1085144,2021,1,1,自有/家人所有/自建,NA
1085161,2021,1,1,自有/家人所有/自建,NA
1085183,2021,1,1,自有/家人所有/自建,NA
1085218,2021,4,4,自有/家人所有/自建,NA
1085225,2021,3,1,自有/家人所有/自建,NA
1085234,2021,10,3,自有/家人所有/自建,NA
1085279,2021,1,1,自有/家人所有/自建,NA
1085380,2021,6,3,自有/家人所有/自建,NA
1085382,2021,3,3,自有/家人所有/自建,NA
1085386,2021,3,2,自有/家人所有/自建,NA
1085434,2021,4,1,自有/家人所有/自建,NA
1087638,2021,1,1,配住,不需要支付租金
1087644,2021,3,1,自有/家人所有/自建,NA
1087646,2021,3,2,租賃,不需要支付租金
1087672,2021,6,1,自有/家人所有/自建,NA
1087675,2021,2,1,自有/家人所有/自建,NA
1087676,2021,2,1,自有/家人所有/自建,NA
1087678,2021,2,1,自有/家人所有/自建,NA
1087681,2021,3,1,自有/家人所有/自建,NA
1087682,2021,1,1,自有/家人所有/自建,NA
1087685,2021,5,1,自有/家人所有/自建,NA
1087687,2021,3,1,自有/家人所有/自建,NA
1087688,2021,4,3,自有/家人所有/自建,NA
1087699,2021,7,2,自有/家人所有/自建,NA
1087704,2021,7,1,自有/家人所有/自建,NA
1087711,2021,1,1,借用,NA
1087712,2021,2,1,自有/家人所有/自建,NA
1087721,2021,5,3,自有/家人所有/自建,NA
1087723,2021,1,1,自有/家人所有/自建,NA
1087724,2021,3,1,自有/家人所有/自建,NA
1087729,2021,4,1,自有/家人所有/自建,NA
1087735,2021,6,2,自有/家人所有/自建,NA
1087740,2021,4,2,自有/家人所有/自建,NA
1087752,2021,1,1,借用,NA
1087754,2021,4,2,自有/家人所有/自建,NA
1087757,2021,4,2,自有/家人所有/自建,NA
1087758,2021,4,2,自有/家人所有/自建,NA
1088481,2021,1,1,自有/家人所有/自建,NA
1088511,2021,1,1,租賃,"1,000-2,999元"
1088556,2021,5,3,自有/家人所有/自建,NA
1088682,2021,3,2,自有/家人所有/自建,NA
1088848,2021,7,6,自有/家人所有/自建,NA
1089253,2021,3,2,自有/家人所有/自建,NA
1089370,2021,3,2,自有/家人所有/自建,NA
1089455,2021,4,4,自有/家人所有/自建,NA
1089480,2021,2,2,自有/家人所有/自建,NA
1090272,2021,2,2,自有/家人所有/自建,NA
1090906,2021,1,1,借用,NA
1091115,2021,8,8,自有/家人所有/自建,NA
1093849,2021,7,7,自有/家人所有/自建,NA
1094302,2021,2,2,自有/家人所有/自建,NA
1095180,2021,4,4,自有/家人所有/自建,NA
1095522,2021,3,3,自有/家人所有/自建,NA
1097125,2021,3,3,自有/家人所有/自建,NA
1097133,2021,4,4,自有/家人所有/自建,NA
1097172,2021,5,5,自有/家人所有/自建,NA
1097265,2021,9,9,自有/家人所有/自建,NA
1097266,2021,2,2,自有/家人所有/自建,NA
1097312,2021,2,2,自有/家人所有/自建,NA
1098618,2021,1,1,借用,NA
1098619,2021,2,2,自有/家人所有/自建,NA
1098879,2021,3,3,自有/家人所有/自建,NA
1099149,2021,3,3,自有/家人所有/自建,NA
1100197,2021,3,3,自有/家人所有/自建,NA
1100257,2021,2,2,自有/家人所有/自建,NA
1100347,2021,5,5,自有/家人所有/自建,NA
1100698,2021,1,1,自有/家人所有/自建,NA
1100966,2021,1,1,自有/家人所有/自建,NA
1101469,2021,3,3,借用,NA
1101522,2021,2,2,自有/家人所有/自建,NA
1101675,2021,1,1,自有/家人所有/自建,NA
1101816,2021,2,1,自有/家人所有/自建,NA
1101891,2021,1,1,自有/家人所有/自建,NA
1101917,2021,2,2,自有/家人所有/自建,NA
1102402,2021,1,1,自有/家人所有/自建,NA
1102878,2021,2,2,自有/家人所有/自建,NA
1102890,2021,2,1,自有/家人所有/自建,NA
1102931,2021,3,3,自有/家人所有/自建,NA
1103172,2021,1,1,自有/家人所有/自建,NA
1103403,2021,3,3,自有/家人所有/自建,NA
1103614,2021,5,5,租賃,"1,000-2,999元"
1103743,2021,2,2,借用,NA
1104395,2021,3,3,自有/家人所有/自建,NA
1105170,2021,2,2,自有/家人所有/自建,NA
1105365,2021,5,5,自有/家人所有/自建,NA
1105876,2021,7,7,自有/家人所有/自建,NA
1105960,2021,5,5,自有/家人所有/自建,NA
1106039,2021,6,6,自有/家人所有/自建,NA
1106082,2021,2,2,自有/家人所有/自建,NA
1106525,2021,2,2,自有/家人所有/自建,NA
1106615,2021,4,4,自有/家人所有/自建,NA
1106769,2021,1,1,自有/家人所有/自建,NA
1106770,2021,2,2,自有/家人所有/自建,NA
1107193,2021,5,5,自有/家人所有/自建,NA
1108036,2021,2,2,自有/家人所有/自建,NA
1108103,2021,3,3,自有/家人所有/自建,NA
1108134,2021,7,7,自有/家人所有/自建,NA
1108331,2021,1,1,借用,NA
1108493,2021,3,3,自有/家人所有/自建,NA
1108852,2021,2,2,自有/家人所有/自建,NA
1109187,2021,2,2,自有/家人所有/自建,NA
1109218,2021,2,2,自有/家人所有/自建,NA
1110182,2021,3,3,自有/家人所有/自建,NA
1110279,2021,3,3,自有/家人所有/自建,NA
1110410,2021,2,2,自有/家人所有/自建,NA
1110450,2021,6,6,自有/家人所有/自建,NA
1110481,2021,7,7,自有/家人所有/自建,NA
1110484,2021,2,2,自有/家人所有/自建,NA
1110576,2021,1,1,自有/家人所有/自建,NA
1110727,2021,4,4,租賃,"10,000-19,999元"
1110806,2021,6,6,自有/家人所有/自建,NA
1110808,2021,1,1,自有/家人所有/自建,NA
1111024,2021,2,2,自有/家人所有/自建,NA
1111198,2021,3,3,自有/家人所有/自建,NA
1111260,2021,3,3,自有/家人所有/自建,NA
1111397,2021,5,5,自有/家人所有/自建,NA
1111401,2021,2,2,自有/家人所有/自建,NA
1111793,2021,2,2,自有/家人所有/自建,NA
1111943,2021,4,4,自有/家人所有/自建,NA
1111962,2021,1,1,自有/家人所有/自建,NA
1113254,2021,4,4,自有/家人所有/自建,NA
1113671,2021,2,2,自有/家人所有/自建,NA
1113859,2021,5,5,自有/家人所有/自建,NA
1114020,2021,1,1,自有/家人所有/自建,NA
1114050,2021,4,3,自有/家人所有/自建,NA
1114159,2021,2,2,借用,NA
1114237,2021,5,5,自有/家人所有/自建,NA
1114694,2021,4,4,自有/家人所有/自建,NA
1114788,2021,1,1,自有/家人所有/自建,NA
1115086,2021,2,2,自有/家人所有/自建,NA
1116058,2021,3,3,自有/家人所有/自建,NA
1116451,2021,3,3,自有/家人所有/自建,NA
1116468,2021,3,3,自有/家人所有/自建,NA
1116474,2021,6,6,自有/家人所有/自建,NA
1116689,2021,2,2,自有/家人所有/自建,NA
1117003,2021,4,4,自有/家人所有/自建,NA
1117013,2021,2,2,借用,NA
1117220,2021,4,3,自有/家人所有/自建,NA
1117608,2021,1,1,自有/家人所有/自建,NA
1118283,2021,1,1,自有/家人所有/自建,NA
1118371,2021,3,3,自有/家人所有/自建,NA
1118423,2021,1,1,自有/家人所有/自建,NA
1118514,2021,1,1,自有/家人所有/自建,NA
1118686,2021,8,8,租賃,"5,000-6,999元"
1118897,2021,1,1,自有/家人所有/自建,NA
1118918,2021,2,2,自有/家人所有/自建,NA
1119275,2021,2,1,自有/家人所有/自建,NA
1120078,2021,2,2,自有/家人所有/自建,NA
1120508,2021,5,5,自有/家人所有/自建,NA
1120701,2021,4,4,自有/家人所有/自建,NA
1120789,2021,5,5,借用,NA
1120841,2021,3,3,自有/家人所有/自建,NA
1121186,2021,2,1,自有/家人所有/自建,NA
1121551,2021,3,3,自有/家人所有/自建,NA
1122506,2021,3,3,自有/家人所有/自建,NA
1122587,2021,3,3,自有/家人所有/自建,NA
1122893,2021,1,1,自有/家人所有/自建,NA
1123424,2021,2,2,自有/家人所有/自建,NA
1124574,2021,2,2,自有/家人所有/自建,NA
1124759,2021,3,3,自有/家人所有/自建,NA
1124874,2021,2,2,自有/家人所有/自建,NA
1124940,2021,4,4,自有/家人所有/自建,NA
1125112,2021,3,3,自有/家人所有/自建,NA
1125120,2021,2,1,自有/家人所有/自建,NA
1125168,2021,2,2,自有/家人所有/自建,NA
1126168,2021,3,3,自有/家人所有/自建,NA
1126544,2021,1,1,自有/家人所有/自建,NA
1126673,2021,1,1,自有/家人所有/自建,NA
1127344,2021,1,1,借用,NA
1127436,2021,1,1,自有/家人所有/自建,NA
2077425,2021,2,2,租賃,"7,000-9,999元"
2077594,2021,4,4,自有/家人所有/自建,NA
2077747,2021,3,1,自有/家人所有/自建,NA
2077803,2021,4,4,自有/家人所有/自建,NA
2077837,2021,5,5,自有/家人所有/自建,NA
2078562,2021,3,2,租賃,"5,000-6,999元"
2078610,2021,2,2,自有/家人所有/自建,NA
2078999,2021,2,1,自有/家人所有/自建,NA
2079098,2021,2,2,自有/家人所有/自建,NA
2079212,2021,3,3,自有/家人所有/自建,NA
2079970,2021,2,2,自有/家人所有/自建,NA
2080081,2021,3,1,租賃,"3,000-4,999元"
2080085,2021,3,1,配住,不需要支付租金
2080495,2021,5,4,自有/家人所有/自建,NA
2080799,2021,3,3,租賃,"10,000-19,999元"
2080871,2021,2,2,自有/家人所有/自建,NA
2080931,2021,2,2,自有/家人所有/自建,NA
2080940,2021,4,3,自有/家人所有/自建,NA
2081031,2021,4,4,自有/家人所有/自建,NA
2081032,2021,5,3,自有/家人所有/自建,NA
2081089,2021,4,4,自有/家人所有/自建,NA
2081111,2021,2,2,自有/家人所有/自建,NA
2081238,2021,4,4,租賃,"7,000-9,999元"
2081350,2021,6,1,自有/家人所有/自建,NA
2081617,2021,2,2,自有/家人所有/自建,NA
2081866,2021,5,4,自有/家人所有/自建,NA
2082273,2021,7,1,自有/家人所有/自建,NA
2082297,2021,4,4,自有/家人所有/自建,NA
2082333,2021,1,1,自有/家人所有/自建,NA
2082429,2021,1,1,自有/家人所有/自建,NA
2082449,2021,3,1,自有/家人所有/自建,NA
2082494,2021,3,2,租賃,"未滿1,000元"
2084741,2021,2,1,自有/家人所有/自建,NA
2084794,2021,7,6,自有/家人所有/自建,NA
2084851,2021,4,4,自有/家人所有/自建,NA
2084898,2021,1,1,自有/家人所有/自建,NA
2084916,2021,3,3,自有/家人所有/自建,NA
2085040,2021,1,1,自有/家人所有/自建,NA
2085259,2021,4,4,租賃,"7,000-9,999元"
2085274,2021,2,2,自有/家人所有/自建,NA
2085341,2021,6,4,自有/家人所有/自建,NA
2085346,2021,4,3,自有/家人所有/自建,NA
2085365,2021,1,1,自有/家人所有/自建,NA
2085432,2021,2,1,自有/家人所有/自建,NA
2087643,2021,3,2,自有/家人所有/自建,NA
2087645,2021,7,1,自有/家人所有/自建,NA
2087684,2021,2,1,自有/家人所有/自建,NA
2087695,2021,5,4,自有/家人所有/自建,NA
2087696,2021,2,1,自有/家人所有/自建,NA
2087709,2021,3,2,自有/家人所有/自建,NA
2087715,2021,4,1,自有/家人所有/自建,NA
2087737,2021,3,1,自有/家人所有/自建,NA
2087750,2021,5,4,自有/家人所有/自建,NA
2088821,2021,2,1,租賃,"3,000-4,999元"
2089362,2021,3,2,自有/家人所有/自建,NA
2089624,2021,1,1,租賃,"5,000-6,999元"
2089970,2021,11,10,自有/家人所有/自建,NA
2090057,2021,3,2,租賃,"未滿1,000元"
2090284,2021,2,2,自有/家人所有/自建,NA
2090807,2021,3,3,自有/家人所有/自建,NA
2090958,2021,9,9,自有/家人所有/自建,NA
2091034,2021,3,3,自有/家人所有/自建,NA
2091114,2021,3,3,自有/家人所有/自建,NA
2091500,2021,5,5,自有/家人所有/自建,NA
2091910,2021,7,6,自有/家人所有/自建,NA
2092037,2021,7,7,自有/家人所有/自建,NA
2092386,2021,4,4,自有/家人所有/自建,NA
2093384,2021,5,5,自有/家人所有/自建,NA
2094543,2021,3,3,自有/家人所有/自建,NA
2095162,2021,2,2,自有/家人所有/自建,NA
2095650,2021,1,1,自有/家人所有/自建,NA
2097492,2021,1,1,自有/家人所有/自建,NA
2097580,2021,2,2,自有/家人所有/自建,NA
2097584,2021,2,2,自有/家人所有/自建,NA
2097792,2021,1,1,自有/家人所有/自建,NA
2097879,2021,2,2,自有/家人所有/自建,NA
2097947,2021,5,5,自有/家人所有/自建,NA
2099080,2021,1,1,自有/家人所有/自建,NA
2100124,2021,3,3,自有/家人所有/自建,NA
2100496,2021,5,5,自有/家人所有/自建,NA
2100718,2021,4,4,自有/家人所有/自建,NA
2100736,2021,2,2,自有/家人所有/自建,NA
2101145,2021,4,4,自有/家人所有/自建,NA
2101513,2021,5,5,自有/家人所有/自建,NA
2101658,2021,3,3,自有/家人所有/自建,NA
2101782,2021,4,4,自有/家人所有/自建,NA
2101850,2021,1,1,自有/家人所有/自建,NA
2101936,2021,2,2,自有/家人所有/自建,NA
2102943,2021,1,1,自有/家人所有/自建,NA
2103092,2021,4,4,自有/家人所有/自建,NA
2103472,2021,2,2,自有/家人所有/自建,NA
2103629,2021,1,1,自有/家人所有/自建,NA
2103745,2021,6,6,自有/家人所有/自建,NA
2104443,2021,2,2,自有/家人所有/自建,NA
2104957,2021,4,4,自有/家人所有/自建,NA
2106051,2021,4,4,自有/家人所有/自建,NA
2106061,2021,2,1,自有/家人所有/自建,NA
2107016,2021,1,1,自有/家人所有/自建,NA
2107432,2021,4,3,自有/家人所有/自建,NA
2107999,2021,3,3,自有/家人所有/自建,NA
2108024,2021,3,3,自有/家人所有/自建,NA
2108235,2021,8,8,自有/家人所有/自建,NA
2108623,2021,3,3,自有/家人所有/自建,NA
2108841,2021,3,3,自有/家人所有/自建,NA
2109427,2021,5,5,自有/家人所有/自建,NA
2110355,2021,2,2,自有/家人所有/自建,NA
2110394,2021,3,3,自有/家人所有/自建,NA
2110644,2021,3,3,自有/家人所有/自建,NA
2110834,2021,2,2,自有/家人所有/自建,NA
2111142,2021,2,2,自有/家人所有/自建,NA
2111768,2021,3,3,自有/家人所有/自建,NA
2112233,2021,5,4,自有/家人所有/自建,NA
2113159,2021,1,1,借用,NA
2113232,2021,2,2,自有/家人所有/自建,NA
2113359,2021,3,3,自有/家人所有/自建,NA
2113566,2021,6,6,自有/家人所有/自建,NA
2114279,2021,1,1,自有/家人所有/自建,NA
2116400,2021,1,1,自有/家人所有/自建,NA
2116787,2021,3,3,自有/家人所有/自建,NA
2118332,2021,3,3,自有/家人所有/自建,NA
2118370,2021,3,2,自有/家人所有/自建,NA
2118543,2021,1,1,自有/家人所有/自建,NA
2118634,2021,2,2,自有/家人所有/自建,NA
2118773,2021,6,6,自有/家人所有/自建,NA
2118823,2021,5,5,自有/家人所有/自建,NA
2118959,2021,4,4,自有/家人所有/自建,NA
2119040,2021,7,7,自有/家人所有/自建,NA
2119183,2021,4,4,自有/家人所有/自建,NA
2119285,2021,1,1,自有/家人所有/自建,NA
2120128,2021,2,2,自有/家人所有/自建,NA
2120431,2021,1,1,自有/家人所有/自建,NA
2120512,2021,8,8,自有/家人所有/自建,NA
2120696,2021,3,3,自有/家人所有/自建,NA
2120808,2021,3,3,自有/家人所有/自建,NA
2120935,2021,8,8,自有/家人所有/自建,NA
2120944,2021,2,2,借用,NA
2120965,2021,1,1,借用,NA
2121629,2021,4,4,自有/家人所有/自建,NA
2121957,2021,1,1,自有/家人所有/自建,NA
2121971,2021,1,1,自有/家人所有/自建,NA
2122486,2021,1,1,自有/家人所有/自建,NA
2122907,2021,2,2,自有/家人所有/自建,NA
2122923,2021,4,4,自有/家人所有/自建,NA
2122937,2021,1,1,借用,NA
2122950,2021,7,7,自有/家人所有/自建,NA
2123133,2021,3,3,自有/家人所有/自建,NA
2123237,2021,3,3,自有/家人所有/自建,NA
2123303,2021,4,4,自有/家人所有/自建,NA
2124528,2021,1,1,自有/家人所有/自建,NA
2124847,2021,7,7,自有/家人所有/自建,NA
2124862,2021,1,1,自有/家人所有/自建,NA
2125171,2021,5,5,自有/家人所有/自建,NA
2125180,2021,1,1,自有/家人所有/自建,NA
2125441,2021,1,1,自有/家人所有/自建,NA
2125955,2021,5,5,自有/家人所有/自建,NA
2126496,2021,2,2,自有/家人所有/自建,NA
2126841,2021,1,1,自有/家人所有/自建,NA
2126996,2021,1,1,租賃,"1,000-2,999元"
2127099,2021,1,1,借用,NA
2127310,2021,1,1,自有/家人所有/自建,NA
2127720,2021,3,3,自有/家人所有/自建,NA
3078652,2021,1,1,自有/家人所有/自建,NA
3078690,2021,2,1,自有/家人所有/自建,NA
3078847,2021,3,3,自有/家人所有/自建,NA
3080249,2021,3,2,自有/家人所有/自建,NA
3088502,2021,3,2,自有/家人所有/自建,NA
3088970,2021,3,3,自有/家人所有/自建,NA
3088975,2021,3,2,自有/家人所有/自建,NA
3089531,2021,2,2,自有/家人所有/自建,NA
3089547,2021,2,1,自有/家人所有/自建,NA
3089694,2021,3,3,自有/家人所有/自建,NA
3089864,2021,3,3,自有/家人所有/自建,NA
3090855,2021,3,3,自有/家人所有/自建,NA
3091019,2021,7,7,自有/家人所有/自建,NA
3091226,2021,2,2,借用,NA
3091385,2021,2,2,自有/家人所有/自建,NA
3091432,2021,6,6,自有/家人所有/自建,NA
3091749,2021,4,4,自有/家人所有/自建,NA
3091901,2021,1,1,自有/家人所有/自建,NA
3092164,2021,2,2,自有/家人所有/自建,NA
3093776,2021,2,2,自有/家人所有/自建,NA
3093840,2021,4,4,自有/家人所有/自建,NA
3094078,2021,5,5,自有/家人所有/自建,NA
3094091,2021,2,2,自有/家人所有/自建,NA
3094133,2021,2,2,借用,NA
3094452,2021,8,8,自有/家人所有/自建,NA
3097596,2021,5,5,自有/家人所有/自建,NA
3098284,2021,1,1,自有/家人所有/自建,NA
3098685,2021,5,5,自有/家人所有/自建,NA
3098946,2021,6,6,自有/家人所有/自建,NA
3099235,2021,3,3,自有/家人所有/自建,NA
3103504,2021,1,1,自有/家人所有/自建,NA
3106157,2021,6,6,自有/家人所有/自建,NA
3107897,2021,2,2,自有/家人所有/自建,NA
3107908,2021,3,3,自有/家人所有/自建,NA
3110530,2021,2,2,自有/家人所有/自建,NA
3110900,2021,2,2,自有/家人所有/自建,NA
3120578,2021,3,3,自有/家人所有/自建,NA
3120799,2021,2,2,自有/家人所有/自建,NA
3126499,2021,3,3,自有/家人所有/自建,NA
3126549,2021,2,2,自有/家人所有/自建,NA
3126854,2021,1,1,自有/家人所有/自建,NA
3126914,2021,5,5,自有/家人所有/自建,NA
3127384,2021,2,2,自有/家人所有/自建,NA
4077734,2021,4,3,租賃,"10,000-19,999元"
4079376,2021,2,1,自有/家人所有/自建,NA
4080544,2021,3,1,自有/家人所有/自建,NA
4088697,2021,6,5,自有/家人所有/自建,NA
4088723,2021,5,4,自有/家人所有/自建,NA
4088725,2021,4,3,借用,NA
4088736,2021,2,1,自有/家人所有/自建,NA
4089363,2021,1,1,自有/家人所有/自建,NA
4089382,2021,1,1,自有/家人所有/自建,NA
4089393,2021,1,1,自有/家人所有/自建,NA
4090212,2021,7,5,自有/家人所有/自建,NA
4090870,2021,5,5,自有/家人所有/自建,NA
4091024,2021,2,2,自有/家人所有/自建,NA
4091099,2021,4,4,借用,NA
4091198,2021,4,4,自有/家人所有/自建,NA
4091381,2021,1,1,自有/家人所有/自建,NA
4091390,2021,1,1,自有/家人所有/自建,NA
4091618,2021,1,1,借用,NA
4092084,2021,4,4,自有/家人所有/自建,NA
4094028,2021,5,5,自有/家人所有/自建,NA
4094447,2021,1,1,自有/家人所有/自建,NA
4094523,2021,2,2,自有/家人所有/自建,NA
4095491,2021,4,4,借用,NA
4095537,2021,3,3,借用,NA
4096860,2021,4,4,自有/家人所有/自建,NA
4097215,2021,2,2,自有/家人所有/自建,NA
4097226,2021,2,2,自有/家人所有/自建,NA
4097268,2021,3,3,租賃,"3,000-4,999元"
4097432,2021,3,3,自有/家人所有/自建,NA
4097558,2021,2,2,自有/家人所有/自建,NA
4097581,2021,1,1,租賃,"10,000-19,999元"
4098687,2021,2,2,租賃,"5,000-6,999元"
4099092,2021,3,3,自有/家人所有/自建,NA
4123113,2021,1,1,自有/家人所有/自建,NA
4124795,2021,3,3,自有/家人所有/自建,NA
4124981,2021,7,7,自有/家人所有/自建,NA
4125092,2021,1,1,自有/家人所有/自建,NA
4125538,2021,4,4,自有/家人所有/自建,NA
4125596,2021,4,4,自有/家人所有/自建,NA
4125980,2021,1,1,自有/家人所有/自建,NA
4126961,2021,5,5,自有/家人所有/自建,NA
4128025,2021,5,5,自有/家人所有/自建,NA
5125130,2021,3,3,自有/家人所有/自建,NA
5126361,2021,2,2,自有/家人所有/自建,NA
5126573,2021,1,1,自有/家人所有/自建,NA
5126705,2021,1,1,自有/家人所有/自建,NA
5127024,2021,2,2,自有/家人所有/自建,NA
6124813,2021,1,1,自有/家人所有/自建,NA
6126842,2021,1,1,自有/家人所有/自建,NA
6127180,2021,2,2,自有/家人所有/自建,NA
6127263,2021,5,5,自有/家人所有/自建,NA
6127351,2021,4,4,自有/家人所有/自建,NA
6127601,2021,6,6,借用,NA
6127944,2021,4,4,自有/家人所有/自建,NA
7090262,2021,3,3,自有/家人所有/自建,NA
8089777,2021,5,5,自有/家人所有/自建,NA
1128533,2021,3,3,租賃,"5,000-6,999元"
1129678,2021,5,5,自有/家人所有/自建,NA
1130324,2021,3,3,自有/家人所有/自建,NA
1130789,2021,2,2,自有/家人所有/自建,NA
1130877,2021,2,2,自有/家人所有/自建,NA
1131348,2021,3,3,自有/家人所有/自建,NA
1131439,2021,7,7,租賃,"5,000-6,999元"
1131455,2021,5,4,自有/家人所有/自建,NA
1131483,2021,3,3,自有/家人所有/自建,NA
1131792,2021,3,3,自有/家人所有/自建,NA
1131800,2021,2,2,自有/家人所有/自建,NA
1132527,2021,1,1,自有/家人所有/自建,NA
1132670,2021,4,4,自有/家人所有/自建,NA
1132723,2021,10,10,自有/家人所有/自建,NA
1132778,2021,6,6,自有/家人所有/自建,NA
1132837,2021,2,2,自有/家人所有/自建,NA
1133055,2021,5,5,租賃,"20,000元以上"
1133140,2021,4,4,租賃,"10,000-19,999元"
1133147,2021,2,2,自有/家人所有/自建,NA
1133580,2021,3,3,自有/家人所有/自建,NA
1133872,2021,4,3,自有/家人所有/自建,NA
1134386,2021,2,2,自有/家人所有/自建,NA
1134552,2021,4,4,自有/家人所有/自建,NA
1135042,2021,2,2,自有/家人所有/自建,NA
1135523,2021,4,4,自有/家人所有/自建,NA
1135666,2021,3,3,自有/家人所有/自建,NA
1135923,2021,3,3,自有/家人所有/自建,NA
1137714,2021,6,6,自有/家人所有/自建,NA
1137762,2021,4,4,自有/家人所有/自建,NA
1138173,2021,3,3,自有/家人所有/自建,NA
1138247,2021,8,8,自有/家人所有/自建,NA
1138406,2021,1,1,自有/家人所有/自建,NA
1138466,2021,1,1,自有/家人所有/自建,NA
1138688,2021,3,1,自有/家人所有/自建,NA
1138705,2021,4,4,自有/家人所有/自建,NA
1138708,2021,6,6,自有/家人所有/自建,NA
1139086,2021,2,2,租賃,"7,000-9,999元"
1139338,2021,4,4,自有/家人所有/自建,NA
1140134,2021,4,4,自有/家人所有/自建,NA
1140697,2021,4,4,自有/家人所有/自建,NA
1141015,2021,3,3,自有/家人所有/自建,NA
1141082,2021,2,2,自有/家人所有/自建,NA
1141184,2021,3,3,自有/家人所有/自建,NA
1141394,2021,6,6,自有/家人所有/自建,NA
1141658,2021,2,2,自有/家人所有/自建,NA
1141775,2021,3,3,自有/家人所有/自建,NA
1142090,2021,5,3,租賃,"5,000-6,999元"
1143876,2021,5,2,自有/家人所有/自建,NA
1145776,2021,1,1,自有/家人所有/自建,NA
1146047,2021,4,4,借用,NA
1146062,2021,3,1,自有/家人所有/自建,NA
1146248,2021,6,2,自有/家人所有/自建,NA
1146261,2021,5,4,自有/家人所有/自建,NA
1146390,2021,5,4,自有/家人所有/自建,NA
1146542,2021,4,4,自有/家人所有/自建,NA
1146585,2021,2,2,自有/家人所有/自建,NA
1146821,2021,2,2,租賃,"10,000-19,999元"
1146892,2021,2,1,自有/家人所有/自建,NA
1147274,2021,2,2,自有/家人所有/自建,NA
1147289,2021,2,2,自有/家人所有/自建,NA
1147312,2021,2,2,自有/家人所有/自建,NA
1147356,2021,3,3,自有/家人所有/自建,NA
1147616,2021,2,2,自有/家人所有/自建,NA
1147630,2021,2,2,自有/家人所有/自建,NA
1147806,2021,2,1,自有/家人所有/自建,NA
1147866,2021,4,4,自有/家人所有/自建,NA
1148025,2021,3,3,自有/家人所有/自建,NA
1148204,2021,1,1,自有/家人所有/自建,NA
1148673,2021,3,1,自有/家人所有/自建,NA
1149480,2021,3,3,自有/家人所有/自建,NA
1150189,2021,7,7,自有/家人所有/自建,NA
1150437,2021,2,2,自有/家人所有/自建,NA
1150601,2021,2,2,自有/家人所有/自建,NA
1150752,2021,4,4,自有/家人所有/自建,NA
1150824,2021,3,3,自有/家人所有/自建,NA
1150913,2021,2,2,自有/家人所有/自建,NA
1151285,2021,5,5,自有/家人所有/自建,NA
1151558,2021,5,5,自有/家人所有/自建,NA
1151744,2021,4,4,借用,NA
1151920,2021,3,2,自有/家人所有/自建,NA
1152325,2021,3,3,自有/家人所有/自建,NA
1152828,2021,3,2,自有/家人所有/自建,NA
1153005,2021,2,2,自有/家人所有/自建,NA
1153019,2021,2,2,自有/家人所有/自建,NA
1153115,2021,1,1,自有/家人所有/自建,NA
1153301,2021,1,1,自有/家人所有/自建,NA
1153325,2021,1,1,自有/家人所有/自建,NA
1153446,2021,5,5,自有/家人所有/自建,NA
1153556,2021,7,7,自有/家人所有/自建,NA
1153982,2021,3,3,自有/家人所有/自建,NA
1154001,2021,3,3,自有/家人所有/自建,NA
1154083,2021,1,1,自有/家人所有/自建,NA
1154092,2021,1,1,自有/家人所有/自建,NA
1154363,2021,6,6,自有/家人所有/自建,NA
1154468,2021,3,3,自有/家人所有/自建,NA
1154805,2021,3,2,自有/家人所有/自建,NA
1154829,2021,4,3,自有/家人所有/自建,NA
1155321,2021,3,3,自有/家人所有/自建,NA
1155516,2021,5,4,自有/家人所有/自建,NA
1155731,2021,3,3,租賃,"5,000-6,999元"
1155819,2021,3,1,自有/家人所有/自建,NA
1155877,2021,2,2,租賃,"7,000-9,999元"
1156012,2021,5,5,自有/家人所有/自建,NA
1156409,2021,4,4,租賃,"5,000-6,999元"
1156431,2021,2,2,租賃,"5,000-6,999元"
1157737,2021,3,3,自有/家人所有/自建,NA
1158324,2021,2,2,自有/家人所有/自建,NA
1158331,2021,4,4,自有/家人所有/自建,NA
1160076,2021,3,3,自有/家人所有/自建,NA
1160741,2021,1,1,自有/家人所有/自建,NA
1160748,2021,9,9,自有/家人所有/自建,NA
1160751,2021,5,5,自有/家人所有/自建,NA
1161071,2021,2,2,自有/家人所有/自建,NA
1161517,2021,1,1,自有/家人所有/自建,NA
1161534,2021,1,1,自有/家人所有/自建,NA
1161585,2021,2,2,自有/家人所有/自建,NA
1161897,2021,3,3,自有/家人所有/自建,NA
1161908,2021,4,4,自有/家人所有/自建,NA
1161920,2021,1,1,自有/家人所有/自建,NA
1162487,2021,1,1,自有/家人所有/自建,NA
1162517,2021,2,1,租賃,"5,000-6,999元"
1162679,2021,4,1,自有/家人所有/自建,NA
1162883,2021,2,2,租賃,"5,000-6,999元"
1163083,2021,4,3,自有/家人所有/自建,NA
1163529,2021,2,1,借用,NA
1163688,2021,1,1,租賃,"3,000-4,999元"
1163844,2021,4,4,自有/家人所有/自建,NA
1163960,2021,3,3,自有/家人所有/自建,NA
1164883,2021,3,3,自有/家人所有/自建,NA
1165121,2021,3,3,自有/家人所有/自建,NA
1165170,2021,1,1,自有/家人所有/自建,NA
1166587,2021,2,2,自有/家人所有/自建,NA
1167696,2021,3,2,自有/家人所有/自建,NA
1167769,2021,1,1,自有/家人所有/自建,NA
1167980,2021,4,4,自有/家人所有/自建,NA
1168652,2021,1,1,自有/家人所有/自建,NA
1168757,2021,2,2,自有/家人所有/自建,NA
1168846,2021,3,3,自有/家人所有/自建,NA
1168982,2021,2,2,借用,NA
1169245,2021,1,1,自有/家人所有/自建,NA
1169602,2021,4,4,自有/家人所有/自建,NA
1170593,2021,1,1,自有/家人所有/自建,NA
1170609,2021,2,2,自有/家人所有/自建,NA
1170612,2021,2,2,自有/家人所有/自建,NA
1170716,2021,1,1,自有/家人所有/自建,NA
1170869,2021,1,1,自有/家人所有/自建,NA
1170886,2021,1,1,自有/家人所有/自建,NA
1171315,2021,3,3,自有/家人所有/自建,NA
1172454,2021,5,5,自有/家人所有/自建,NA
1172475,2021,2,1,自有/家人所有/自建,NA
1173130,2021,2,2,自有/家人所有/自建,NA
1173600,2021,2,2,自有/家人所有/自建,NA
1173855,2021,6,6,自有/家人所有/自建,NA
1174598,2021,1,1,自有/家人所有/自建,NA
1174761,2021,5,5,自有/家人所有/自建,NA
1175052,2021,5,5,自有/家人所有/自建,NA
1175305,2021,2,2,自有/家人所有/自建,NA
1176443,2021,3,3,自有/家人所有/自建,NA
1176535,2021,3,3,自有/家人所有/自建,NA
1176559,2021,4,4,自有/家人所有/自建,NA
1176899,2021,3,3,自有/家人所有/自建,NA
1177260,2021,1,1,自有/家人所有/自建,NA
1177442,2021,5,5,租賃,不需要支付租金
1177666,2021,2,2,自有/家人所有/自建,NA
1178988,2021,1,1,自有/家人所有/自建,NA
1179244,2021,2,2,自有/家人所有/自建,NA
1179854,2021,5,1,自有/家人所有/自建,NA
1180350,2021,5,4,自有/家人所有/自建,NA
1180390,2021,1,1,自有/家人所有/自建,NA
1181343,2021,8,7,自有/家人所有/自建,NA
1181848,2021,2,2,自有/家人所有/自建,NA
1181870,2021,2,2,自有/家人所有/自建,NA
1182068,2021,1,1,自有/家人所有/自建,NA
1182329,2021,6,6,自有/家人所有/自建,NA
1182729,2021,5,5,自有/家人所有/自建,NA
1184464,2021,6,6,自有/家人所有/自建,NA
1185126,2021,5,5,自有/家人所有/自建,NA
1185429,2021,2,2,自有/家人所有/自建,NA
1185616,2021,3,3,自有/家人所有/自建,NA
1186323,2021,3,3,自有/家人所有/自建,NA
1186524,2021,5,5,自有/家人所有/自建,NA
1186735,2021,3,3,自有/家人所有/自建,NA
1186834,2021,1,1,自有/家人所有/自建,NA
1186844,2021,1,1,自有/家人所有/自建,NA
1186905,2021,1,1,自有/家人所有/自建,NA
1187112,2021,4,4,自有/家人所有/自建,NA
1187768,2021,5,5,自有/家人所有/自建,NA
1187978,2021,1,1,自有/家人所有/自建,NA
1188454,2021,1,1,自有/家人所有/自建,NA
1189025,2021,2,2,自有/家人所有/自建,NA
1189641,2021,1,1,租賃,"3,000-4,999元"
1189746,2021,4,4,自有/家人所有/自建,NA
1189760,2021,1,1,自有/家人所有/自建,NA
1189784,2021,5,5,自有/家人所有/自建,NA
1189970,2021,6,6,自有/家人所有/自建,NA
1190410,2021,3,3,自有/家人所有/自建,NA
1191778,2021,7,7,租賃,"3,000-4,999元"
1192286,2021,5,4,自有/家人所有/自建,NA
1192729,2021,5,5,自有/家人所有/自建,NA
1192809,2021,3,3,自有/家人所有/自建,NA
1193107,2021,5,5,自有/家人所有/自建,NA
1194114,2021,5,5,自有/家人所有/自建,NA
1194337,2021,1,1,自有/家人所有/自建,NA
1194928,2021,3,3,自有/家人所有/自建,NA
2129655,2021,1,1,自有/家人所有/自建,NA
2130007,2021,4,4,租賃,"10,000-19,999元"
2130299,2021,4,4,租賃,"10,000-19,999元"
2130390,2021,6,5,自有/家人所有/自建,NA
2130600,2021,5,5,自有/家人所有/自建,NA
2130790,2021,4,4,自有/家人所有/自建,NA
2130815,2021,3,3,自有/家人所有/自建,NA
2131050,2021,2,2,自有/家人所有/自建,NA
2131290,2021,7,7,自有/家人所有/自建,NA
2131501,2021,5,5,自有/家人所有/自建,NA
2131598,2021,2,2,自有/家人所有/自建,NA
2132255,2021,4,3,自有/家人所有/自建,NA
2132611,2021,1,1,租賃,"5,000-6,999元"
2132788,2021,1,1,租賃,"7,000-9,999元"
2132998,2021,2,2,自有/家人所有/自建,NA
2133484,2021,4,4,自有/家人所有/自建,NA
2134246,2021,6,6,自有/家人所有/自建,NA
2134699,2021,2,2,租賃,"1,000-2,999元"
2136019,2021,5,5,自有/家人所有/自建,NA
2136669,2021,6,3,自有/家人所有/自建,NA
2137673,2021,2,2,自有/家人所有/自建,NA
2138216,2021,3,3,自有/家人所有/自建,NA
2138305,2021,15,15,自有/家人所有/自建,NA
2138352,2021,2,2,自有/家人所有/自建,NA
2138686,2021,1,1,租賃,"3,000-4,999元"
2138715,2021,2,2,租賃,"7,000-9,999元"
2138936,2021,3,3,自有/家人所有/自建,NA
2139082,2021,3,3,自有/家人所有/自建,NA
2139401,2021,3,3,自有/家人所有/自建,NA
2139839,2021,1,1,自有/家人所有/自建,NA
2140107,2021,12,12,自有/家人所有/自建,NA
2140262,2021,1,1,自有/家人所有/自建,NA
2141114,2021,3,3,自有/家人所有/自建,NA
2141868,2021,3,3,自有/家人所有/自建,NA
2142306,2021,1,1,租賃,"5,000-6,999元"
2142506,2021,3,2,自有/家人所有/自建,NA
2142690,2021,4,3,自有/家人所有/自建,NA
2142976,2021,4,1,自有/家人所有/自建,NA
2143078,2021,1,1,自有/家人所有/自建,NA
2145656,2021,1,1,自有/家人所有/自建,NA
2146274,2021,4,1,自有/家人所有/自建,NA
2146578,2021,1,1,自有/家人所有/自建,NA
2146625,2021,4,4,借用,NA
2147158,2021,1,1,租賃,"3,000-4,999元"
2147172,2021,1,1,自有/家人所有/自建,NA
2147212,2021,2,2,自有/家人所有/自建,NA
2147227,2021,1,1,自有/家人所有/自建,NA
2147316,2021,2,2,自有/家人所有/自建,NA
2147451,2021,6,6,租賃,"3,000-4,999元"
2147693,2021,2,2,自有/家人所有/自建,NA
2148039,2021,1,1,自有/家人所有/自建,NA
2148126,2021,3,3,自有/家人所有/自建,NA
2150414,2021,1,1,自有/家人所有/自建,NA
2151188,2021,3,3,租賃,"7,000-9,999元"
2151209,2021,2,2,自有/家人所有/自建,NA
2151238,2021,3,3,借用,NA
2151684,2021,2,2,自有/家人所有/自建,NA
2152001,2021,1,1,自有/家人所有/自建,NA
2152753,2021,1,1,自有/家人所有/自建,NA
2153118,2021,1,1,自有/家人所有/自建,NA
2153309,2021,1,1,自有/家人所有/自建,NA
2153398,2021,4,4,自有/家人所有/自建,NA
2153427,2021,3,3,自有/家人所有/自建,NA
2153457,2021,5,5,自有/家人所有/自建,NA
2153469,2021,2,2,自有/家人所有/自建,NA
2153529,2021,4,4,自有/家人所有/自建,NA
2153775,2021,3,3,自有/家人所有/自建,NA
2154347,2021,5,5,自有/家人所有/自建,NA
2155113,2021,3,3,自有/家人所有/自建,NA
2155523,2021,4,4,自有/家人所有/自建,NA
2155706,2021,4,4,自有/家人所有/自建,NA
2155794,2021,1,1,自有/家人所有/自建,NA
2156129,2021,1,1,自有/家人所有/自建,NA
2156375,2021,1,1,自有/家人所有/自建,NA
2156449,2021,4,4,自有/家人所有/自建,NA
2157792,2021,1,1,自有/家人所有/自建,NA
2158023,2021,1,1,自有/家人所有/自建,NA
2158320,2021,2,1,自有/家人所有/自建,NA
2158323,2021,4,4,自有/家人所有/自建,NA
2158503,2021,3,3,自有/家人所有/自建,NA
2158865,2021,3,2,自有/家人所有/自建,NA
2158915,2021,2,2,自有/家人所有/自建,NA
2159746,2021,5,5,自有/家人所有/自建,NA
2160281,2021,4,4,自有/家人所有/自建,NA
2160393,2021,2,2,自有/家人所有/自建,NA
2160665,2021,2,2,自有/家人所有/自建,NA
2160718,2021,5,5,自有/家人所有/自建,NA
2160728,2021,7,7,自有/家人所有/自建,NA
2161904,2021,3,3,自有/家人所有/自建,NA
2162022,2021,4,4,自有/家人所有/自建,NA
2162191,2021,6,1,自有/家人所有/自建,NA
2162292,2021,7,7,自有/家人所有/自建,NA
2162556,2021,3,3,租賃,"5,000-6,999元"
2163650,2021,1,1,自有/家人所有/自建,NA
2163741,2021,1,1,自有/家人所有/自建,NA
2164249,2021,1,1,自有/家人所有/自建,NA
2164278,2021,3,2,自有/家人所有/自建,NA
2164989,2021,3,3,自有/家人所有/自建,NA
2165202,2021,3,3,自有/家人所有/自建,NA
2165767,2021,1,1,自有/家人所有/自建,NA
2166322,2021,1,1,自有/家人所有/自建,NA
2166586,2021,2,2,自有/家人所有/自建,NA
2166624,2021,3,3,自有/家人所有/自建,NA
2167006,2021,2,2,自有/家人所有/自建,NA
2167602,2021,3,3,自有/家人所有/自建,NA
2167840,2021,2,2,自有/家人所有/自建,NA
2168235,2021,2,2,自有/家人所有/自建,NA
2169032,2021,2,2,自有/家人所有/自建,NA
2169456,2021,1,1,自有/家人所有/自建,NA
2169464,2021,1,1,借用,NA
2169886,2021,1,1,借用,NA
2169920,2021,4,1,自有/家人所有/自建,NA
2170710,2021,2,2,自有/家人所有/自建,NA
2170839,2021,2,2,自有/家人所有/自建,NA
2170855,2021,1,1,自有/家人所有/自建,NA
2171412,2021,1,1,自有/家人所有/自建,NA
2171448,2021,1,1,自有/家人所有/自建,NA
2172302,2021,5,5,自有/家人所有/自建,NA
2172342,2021,1,1,自有/家人所有/自建,NA
2172430,2021,4,4,自有/家人所有/自建,NA
2172944,2021,1,1,自有/家人所有/自建,NA
2172994,2021,1,1,自有/家人所有/自建,NA
2175209,2021,2,2,自有/家人所有/自建,NA
2176439,2021,2,2,自有/家人所有/自建,NA
2176865,2021,4,4,自有/家人所有/自建,NA
2176988,2021,1,1,自有/家人所有/自建,NA
2177284,2021,2,2,自有/家人所有/自建,NA
2178438,2021,2,2,自有/家人所有/自建,NA
2178799,2021,1,1,自有/家人所有/自建,NA
2180209,2021,4,4,自有/家人所有/自建,NA
2180258,2021,4,4,自有/家人所有/自建,NA
2180331,2021,2,2,自有/家人所有/自建,NA
2180425,2021,2,2,自有/家人所有/自建,NA
2180504,2021,8,8,自有/家人所有/自建,NA
2180508,2021,1,1,自有/家人所有/自建,NA
2180907,2021,3,3,自有/家人所有/自建,NA
2181929,2021,4,4,自有/家人所有/自建,NA
2182046,2021,10,10,自有/家人所有/自建,NA
2182784,2021,7,6,自有/家人所有/自建,NA
2183538,2021,2,2,自有/家人所有/自建,NA
2183809,2021,4,4,自有/家人所有/自建,NA
2183904,2021,4,4,自有/家人所有/自建,NA
2184136,2021,2,2,自有/家人所有/自建,NA
2184409,2021,2,2,自有/家人所有/自建,NA
2184441,2021,5,5,自有/家人所有/自建,NA
2184570,2021,8,8,自有/家人所有/自建,NA
2185468,2021,7,7,自有/家人所有/自建,NA
2186112,2021,4,4,自有/家人所有/自建,NA
2186353,2021,2,2,自有/家人所有/自建,NA
2186428,2021,3,3,自有/家人所有/自建,NA
2186472,2021,3,3,自有/家人所有/自建,NA
2186655,2021,5,5,自有/家人所有/自建,NA
2186865,2021,4,4,自有/家人所有/自建,NA
2187243,2021,3,3,自有/家人所有/自建,NA
2187372,2021,3,3,自有/家人所有/自建,NA
2187806,2021,1,1,自有/家人所有/自建,NA
2188727,2021,1,1,自有/家人所有/自建,NA
2189065,2021,5,5,自有/家人所有/自建,NA
2189385,2021,5,5,自有/家人所有/自建,NA
2189424,2021,3,3,自有/家人所有/自建,NA
2189429,2021,1,1,自有/家人所有/自建,NA
2189712,2021,2,2,自有/家人所有/自建,NA
2190941,2021,5,5,自有/家人所有/自建,NA
2190990,2021,1,1,自有/家人所有/自建,NA
2191444,2021,2,2,自有/家人所有/自建,NA
2191493,2021,2,2,租賃,不需要支付租金
2192528,2021,6,6,自有/家人所有/自建,NA
2192722,2021,4,4,自有/家人所有/自建,NA
2192879,2021,3,3,自有/家人所有/自建,NA
2193008,2021,4,4,自有/家人所有/自建,NA
2193044,2021,5,5,自有/家人所有/自建,NA
2193057,2021,2,2,自有/家人所有/自建,NA
2193538,2021,5,5,自有/家人所有/自建,NA
2193735,2021,1,1,自有/家人所有/自建,NA
2194195,2021,5,4,租賃,"10,000-19,999元"
2194764,2021,4,4,自有/家人所有/自建,NA
3128735,2021,7,7,租賃,"10,000-19,999元"
3129796,2021,4,4,自有/家人所有/自建,NA
3130631,2021,2,2,自有/家人所有/自建,NA
3130634,2021,1,1,自有/家人所有/自建,NA
3131067,2021,5,5,自有/家人所有/自建,NA
3131077,2021,2,2,自有/家人所有/自建,NA
3131689,2021,7,7,自有/家人所有/自建,NA
3131954,2021,5,4,租賃,"5,000-6,999元"
3132250,2021,6,5,自有/家人所有/自建,NA
3132379,2021,1,1,自有/家人所有/自建,NA
3132446,2021,4,4,自有/家人所有/自建,NA
3134507,2021,4,4,自有/家人所有/自建,NA
3136123,2021,2,2,自有/家人所有/自建,NA
3136327,2021,3,3,自有/家人所有/自建,NA
3138430,2021,2,2,自有/家人所有/自建,NA
3138884,2021,2,2,自有/家人所有/自建,NA
3139036,2021,2,2,自有/家人所有/自建,NA
3139354,2021,2,2,自有/家人所有/自建,NA
3140254,2021,2,1,自有/家人所有/自建,NA
3140415,2021,3,3,租賃,"3,000-4,999元"
3140440,2021,5,5,自有/家人所有/自建,NA
3140635,2021,2,2,租賃,"10,000-19,999元"
3140714,2021,5,2,租賃,"5,000-6,999元"
3140982,2021,4,3,自有/家人所有/自建,NA
3142787,2021,3,3,自有/家人所有/自建,NA
3143148,2021,4,4,自有/家人所有/自建,NA
3146745,2021,1,1,借用,NA
3150160,2021,4,4,自有/家人所有/自建,NA
3150924,2021,4,4,自有/家人所有/自建,NA
3151054,2021,3,3,自有/家人所有/自建,NA
3151644,2021,4,4,自有/家人所有/自建,NA
3152240,2021,6,6,租賃,"5,000-6,999元"
3153119,2021,4,4,自有/家人所有/自建,NA
3153245,2021,3,3,自有/家人所有/自建,NA
3153333,2021,4,4,自有/家人所有/自建,NA
3153334,2021,6,6,自有/家人所有/自建,NA
3153410,2021,7,7,自有/家人所有/自建,NA
3154703,2021,6,6,自有/家人所有/自建,NA
3156148,2021,5,5,自有/家人所有/自建,NA
3156681,2021,5,5,自有/家人所有/自建,NA
3157774,2021,3,2,自有/家人所有/自建,NA
3157998,2021,2,2,自有/家人所有/自建,NA
3158260,2021,6,6,自有/家人所有/自建,NA
3158311,2021,3,2,租賃,"3,000-4,999元"
3158575,2021,4,4,自有/家人所有/自建,NA
3158586,2021,5,5,自有/家人所有/自建,NA
3160249,2021,2,2,自有/家人所有/自建,NA
3160346,2021,2,2,自有/家人所有/自建,NA
3160891,2021,7,6,自有/家人所有/自建,NA
3161030,2021,1,1,自有/家人所有/自建,NA
3161674,2021,4,4,自有/家人所有/自建,NA
3161708,2021,2,2,自有/家人所有/自建,NA
3161743,2021,2,2,自有/家人所有/自建,NA
3161881,2021,1,1,自有/家人所有/自建,NA
3162327,2021,4,4,租賃,"未滿1,000元"
3162394,2021,5,5,自有/家人所有/自建,NA
3162701,2021,2,1,自有/家人所有/自建,NA
3163115,2021,2,2,借用,NA
3163145,2021,2,2,自有/家人所有/自建,NA
3163208,2021,2,2,借用,NA
3163675,2021,2,2,自有/家人所有/自建,NA
3164116,2021,2,1,租賃,"3,000-4,999元"
3164686,2021,3,3,自有/家人所有/自建,NA
3164887,2021,3,3,自有/家人所有/自建,NA
3164933,2021,12,6,自有/家人所有/自建,NA
3164949,2021,4,4,自有/家人所有/自建,NA
3166093,2021,4,4,自有/家人所有/自建,NA
3166644,2021,2,2,自有/家人所有/自建,NA
3167086,2021,3,3,自有/家人所有/自建,NA
3167105,2021,2,2,自有/家人所有/自建,NA
3167148,2021,6,6,自有/家人所有/自建,NA
3167632,2021,3,2,自有/家人所有/自建,NA
3167764,2021,1,1,自有/家人所有/自建,NA
3168299,2021,2,2,自有/家人所有/自建,NA
3168978,2021,2,2,自有/家人所有/自建,NA
3169974,2021,1,1,自有/家人所有/自建,NA
3169999,2021,3,3,自有/家人所有/自建,NA
3171868,2021,2,2,自有/家人所有/自建,NA
3172750,2021,4,4,自有/家人所有/自建,NA
3172952,2021,2,2,自有/家人所有/自建,NA
3172974,2021,3,3,自有/家人所有/自建,NA
3173343,2021,5,5,自有/家人所有/自建,NA
3173405,2021,4,4,自有/家人所有/自建,NA
3173495,2021,5,5,自有/家人所有/自建,NA
3175772,2021,2,2,自有/家人所有/自建,NA
3176476,2021,1,1,自有/家人所有/自建,NA
3176854,2021,2,2,自有/家人所有/自建,NA
3176862,2021,3,3,自有/家人所有/自建,NA
3177578,2021,6,6,自有/家人所有/自建,NA
3178393,2021,2,2,自有/家人所有/自建,NA
3179712,2021,1,1,配住,不需要支付租金
3179899,2021,4,4,租賃,"5,000-6,999元"
3180205,2021,4,4,自有/家人所有/自建,NA
3180960,2021,2,2,自有/家人所有/自建,NA
3180967,2021,1,1,自有/家人所有/自建,NA
3181879,2021,6,6,自有/家人所有/自建,NA
3182334,2021,1,1,自有/家人所有/自建,NA
3182579,2021,5,5,自有/家人所有/自建,NA
3183344,2021,4,4,自有/家人所有/自建,NA
3183413,2021,1,1,自有/家人所有/自建,NA
3183488,2021,8,8,自有/家人所有/自建,NA
3183773,2021,5,5,自有/家人所有/自建,NA
3183775,2021,3,3,自有/家人所有/自建,NA
3183800,2021,2,2,自有/家人所有/自建,NA
3183842,2021,3,3,自有/家人所有/自建,NA
3183982,2021,6,6,自有/家人所有/自建,NA
3184871,2021,2,2,自有/家人所有/自建,NA
3184928,2021,3,3,自有/家人所有/自建,NA
3185414,2021,3,3,自有/家人所有/自建,NA
3186327,2021,5,5,自有/家人所有/自建,NA
3186406,2021,1,1,自有/家人所有/自建,NA
3187734,2021,2,2,自有/家人所有/自建,NA
3187752,2021,2,2,自有/家人所有/自建,NA
3187793,2021,3,3,自有/家人所有/自建,NA
3187987,2021,2,2,自有/家人所有/自建,NA
3187999,2021,4,4,自有/家人所有/自建,NA
3188083,2021,2,2,自有/家人所有/自建,NA
3188245,2021,2,2,自有/家人所有/自建,NA
3189376,2021,1,1,自有/家人所有/自建,NA
3189394,2021,1,1,自有/家人所有/自建,NA
3189478,2021,2,2,自有/家人所有/自建,NA
3190871,2021,1,1,自有/家人所有/自建,NA
3191065,2021,2,2,自有/家人所有/自建,NA
3191201,2021,1,1,自有/家人所有/自建,NA
3191246,2021,5,5,自有/家人所有/自建,NA
3191421,2021,1,1,自有/家人所有/自建,NA
3192287,2021,7,7,自有/家人所有/自建,NA
3192543,2021,3,3,自有/家人所有/自建,NA
3192587,2021,3,3,自有/家人所有/自建,NA
3192698,2021,3,3,自有/家人所有/自建,NA
3192817,2021,5,5,自有/家人所有/自建,NA
3194277,2021,1,1,租賃,"10,000-19,999元"
3194454,2021,6,6,租賃,"7,000-9,999元"
3194737,2021,1,1,借用,NA
3195684,2021,5,1,自有/家人所有/自建,NA
4128935,2021,7,6,自有/家人所有/自建,NA
4129313,2021,3,3,租賃,"3,000-4,999元"
4129652,2021,2,2,自有/家人所有/自建,NA
4129656,2021,6,6,自有/家人所有/自建,NA
4129734,2021,3,3,租賃,"3,000-4,999元"
4129795,2021,2,2,自有/家人所有/自建,NA
4130749,2021,7,6,自有/家人所有/自建,NA
4131184,2021,2,2,自有/家人所有/自建,NA
4131691,2021,3,3,自有/家人所有/自建,NA
4132651,2021,1,1,自有/家人所有/自建,NA
4132988,2021,2,2,自有/家人所有/自建,NA
4137167,2021,1,1,自有/家人所有/自建,NA
4137357,2021,4,4,自有/家人所有/自建,NA
4137908,2021,2,2,自有/家人所有/自建,NA
4138155,2021,2,2,自有/家人所有/自建,NA
4138255,2021,5,5,自有/家人所有/自建,NA
4138432,2021,1,1,自有/家人所有/自建,NA
4138584,2021,1,1,自有/家人所有/自建,NA
4139450,2021,2,2,自有/家人所有/自建,NA
4139506,2021,5,1,自有/家人所有/自建,NA
4139841,2021,5,5,租賃,"20,000元以上"
4140160,2021,2,2,租賃,"1,000-2,999元"
4140179,2021,2,2,自有/家人所有/自建,NA
4140789,2021,4,1,自有/家人所有/自建,NA
4141162,2021,2,2,自有/家人所有/自建,NA
4141841,2021,5,4,自有/家人所有/自建,NA
4141917,2021,3,3,自有/家人所有/自建,NA
4142941,2021,5,5,租賃,"10,000-19,999元"
4145193,2021,3,1,自有/家人所有/自建,NA
4145213,2021,2,2,自有/家人所有/自建,NA
4147661,2021,3,3,自有/家人所有/自建,NA
4147905,2021,11,9,自有/家人所有/自建,NA
4149432,2021,3,3,自有/家人所有/自建,NA
4150999,2021,1,1,自有/家人所有/自建,NA
4151036,2021,4,4,自有/家人所有/自建,NA
4151122,2021,2,2,自有/家人所有/自建,NA
4151131,2021,3,3,自有/家人所有/自建,NA
4151228,2021,3,3,自有/家人所有/自建,NA
4153683,2021,7,7,自有/家人所有/自建,NA
4153985,2021,3,3,自有/家人所有/自建,NA
4155448,2021,1,1,自有/家人所有/自建,NA
4155520,2021,11,10,自有/家人所有/自建,NA
4155528,2021,2,1,自有/家人所有/自建,NA
4155600,2021,2,2,自有/家人所有/自建,NA
4155672,2021,4,4,自有/家人所有/自建,NA
4155865,2021,6,6,自有/家人所有/自建,NA
4156952,2021,1,1,自有/家人所有/自建,NA
4158053,2021,10,10,自有/家人所有/自建,NA
4158579,2021,4,4,自有/家人所有/自建,NA
4159565,2021,1,1,自有/家人所有/自建,NA
4161595,2021,1,1,自有/家人所有/自建,NA
4161913,2021,2,2,自有/家人所有/自建,NA
4162549,2021,1,1,自有/家人所有/自建,NA
4162559,2021,2,2,借用,NA
4162650,2021,3,3,借用,NA
4162798,2021,2,2,自有/家人所有/自建,NA
4162882,2021,3,3,自有/家人所有/自建,NA
4163627,2021,1,1,自有/家人所有/自建,NA
4163632,2021,1,1,自有/家人所有/自建,NA
4163713,2021,5,5,租賃,"3,000-4,999元"
4163715,2021,1,1,自有/家人所有/自建,NA
4163923,2021,3,3,借用,NA
4165021,2021,2,2,借用,NA
4165125,2021,4,4,自有/家人所有/自建,NA
4165135,2021,2,2,自有/家人所有/自建,NA
4166578,2021,5,5,自有/家人所有/自建,NA
4166599,2021,2,1,自有/家人所有/自建,NA
4166636,2021,4,4,自有/家人所有/自建,NA
4166682,2021,3,3,自有/家人所有/自建,NA
4167653,2021,4,4,自有/家人所有/自建,NA
4168898,2021,2,2,自有/家人所有/自建,NA
4169394,2021,6,6,自有/家人所有/自建,NA
4169590,2021,2,1,自有/家人所有/自建,NA
4170950,2021,2,2,自有/家人所有/自建,NA
4171325,2021,3,3,自有/家人所有/自建,NA
4171778,2021,2,2,自有/家人所有/自建,NA
4172872,2021,3,3,自有/家人所有/自建,NA
4172954,2021,1,1,自有/家人所有/自建,NA
4173565,2021,3,3,自有/家人所有/自建,NA
4173896,2021,7,7,自有/家人所有/自建,NA
4174573,2021,1,1,自有/家人所有/自建,NA
4174753,2021,2,2,自有/家人所有/自建,NA
4175102,2021,2,2,自有/家人所有/自建,NA
4175158,2021,2,2,自有/家人所有/自建,NA
4175184,2021,2,2,自有/家人所有/自建,NA
4175553,2021,5,5,自有/家人所有/自建,NA
4176942,2021,3,3,自有/家人所有/自建,NA
4177417,2021,2,2,自有/家人所有/自建,NA
4177561,2021,1,1,自有/家人所有/自建,NA
4178450,2021,4,4,自有/家人所有/自建,NA
4178508,2021,1,1,租賃,不需要支付租金
4180269,2021,3,3,自有/家人所有/自建,NA
4181386,2021,14,14,自有/家人所有/自建,NA
4182408,2021,7,7,自有/家人所有/自建,NA
4182447,2021,4,4,自有/家人所有/自建,NA
4182564,2021,4,4,自有/家人所有/自建,NA
4183168,2021,3,3,自有/家人所有/自建,NA
4183748,2021,1,1,自有/家人所有/自建,NA
4184008,2021,7,7,自有/家人所有/自建,NA
4184072,2021,7,7,自有/家人所有/自建,NA
4184264,2021,3,3,自有/家人所有/自建,NA
4184312,2021,2,2,自有/家人所有/自建,NA
4185121,2021,3,3,自有/家人所有/自建,NA
4189475,2021,2,2,自有/家人所有/自建,NA
4190828,2021,2,2,自有/家人所有/自建,NA
4190833,2021,1,1,自有/家人所有/自建,NA
4191098,2021,2,2,自有/家人所有/自建,NA
4191234,2021,1,1,自有/家人所有/自建,NA
4191260,2021,4,4,自有/家人所有/自建,NA
4192741,2021,1,1,自有/家人所有/自建,NA
4192894,2021,4,4,自有/家人所有/自建,NA
4193099,2021,2,1,自有/家人所有/自建,NA
4193114,2021,1,1,自有/家人所有/自建,NA
4194272,2021,2,2,自有/家人所有/自建,NA
4194982,2021,5,5,自有/家人所有/自建,NA
5128466,2021,4,4,自有/家人所有/自建,NA
5128597,2021,1,1,借用,NA
5131309,2021,3,3,自有/家人所有/自建,NA
5131807,2021,3,3,自有/家人所有/自建,NA
5134274,2021,1,1,自有/家人所有/自建,NA
5136055,2021,5,1,自有/家人所有/自建,NA
5138095,2021,6,6,自有/家人所有/自建,NA
5138820,2021,2,2,自有/家人所有/自建,NA
5143233,2021,6,3,自有/家人所有/自建,NA
5145868,2021,2,2,自有/家人所有/自建,NA
5177109,2021,3,3,自有/家人所有/自建,NA
5178536,2021,1,1,租賃,"5,000-6,999元"
6130777,2021,4,4,自有/家人所有/自建,NA
6131462,2021,4,4,自有/家人所有/自建,NA
6134931,2021,2,1,自有/家人所有/自建,NA
6137879,2021,3,3,自有/家人所有/自建,NA
6138052,2021,5,5,自有/家人所有/自建,NA
6138918,2021,3,3,自有/家人所有/自建,NA
6139129,2021,1,1,自有/家人所有/自建,NA
6139901,2021,5,5,自有/家人所有/自建,NA
6142493,2021,5,4,自有/家人所有/自建,NA
6145786,2021,5,5,自有/家人所有/自建,NA
6160785,2021,7,7,自有/家人所有/自建,NA
7160674,2021,9,9,租賃,"未滿1,000元"
7160703,2021,1,1,自有/家人所有/自建,NA
7174794,2021,3,3,自有/家人所有/自建,NA
7175064,2021,2,2,自有/家人所有/自建,NA
7176982,2021,3,3,自有/家人所有/自建,NA
7178290,2021,3,3,自有/家人所有/自建,NA
7178552,2021,2,2,自有/家人所有/自建,NA
7179598,2021,2,2,自有/家人所有/自建,NA
8172955,2021,2,2,自有/家人所有/自建,NA
8173754,2021,4,4,自有/家人所有/自建,NA
8178433,2021,3,3,自有/家人所有/自建,NA
8179043,2021,3,3,自有/家人所有/自建,NA
9172715,2021,2,2,自有/家人所有/自建,NA
9175514,2021,4,4,自有/家人所有/自建,NA
9175529,2021,3,3,自有/家人所有/自建,NA
9179301,2021,2,2,自有/家人所有/自建,NA
9179364,2021,2,2,自有/家人所有/自建,NA
10179718,2021,1,1,借用,NA
10179752,2021,4,1,借用,NA
12179802,2021,2,2,借用,NA
1196550,2021,2,2,租賃,"10,000-19,999元"
1196669,2021,6,6,自有/家人所有/自建,NA
1196746,2021,1,1,自有/家人所有/自建,NA
1196915,2021,3,3,自有/家人所有/自建,NA
1197356,2021,4,4,租賃,"7,000-9,999元"
1197815,2021,3,2,自有/家人所有/自建,NA
1197832,2021,5,4,自有/家人所有/自建,NA
1199773,2021,3,3,自有/家人所有/自建,NA
1199820,2021,3,3,自有/家人所有/自建,NA
1200193,2021,2,2,自有/家人所有/自建,NA
1200223,2021,2,2,自有/家人所有/自建,NA
1200718,2021,5,5,自有/家人所有/自建,NA
1200789,2021,2,2,租賃,"7,000-9,999元"
1200827,2021,2,2,自有/家人所有/自建,NA
1200897,2021,4,2,自有/家人所有/自建,NA
1201038,2021,3,3,租賃,"10,000-19,999元"
1201056,2021,3,3,自有/家人所有/自建,NA
1201115,2021,5,1,自有/家人所有/自建,NA
1201275,2021,1,1,自有/家人所有/自建,NA
1201359,2021,1,1,自有/家人所有/自建,NA
1201456,2021,5,1,自有/家人所有/自建,NA
1201471,2021,4,4,自有/家人所有/自建,NA
1201752,2021,2,2,租賃,"7,000-9,999元"
1201817,2021,5,3,租賃,"7,000-9,999元"
1201869,2021,3,3,自有/家人所有/自建,NA
1202495,2021,5,3,自有/家人所有/自建,NA
1202771,2021,4,3,自有/家人所有/自建,NA
1203672,2021,4,3,自有/家人所有/自建,NA
1203894,2021,4,4,自有/家人所有/自建,NA
1204060,2021,5,3,配住,不需要支付租金
1204331,2021,4,3,自有/家人所有/自建,NA
1204817,2021,4,3,自有/家人所有/自建,NA
1205089,2021,6,3,自有/家人所有/自建,NA
1205124,2021,3,2,自有/家人所有/自建,NA
1205370,2021,3,2,自有/家人所有/自建,NA
1205513,2021,1,1,自有/家人所有/自建,NA
1206659,2021,3,3,自有/家人所有/自建,NA
1207910,2021,2,2,自有/家人所有/自建,NA
1207976,2021,3,3,自有/家人所有/自建,NA
1208896,2021,2,2,自有/家人所有/自建,NA
1210224,2021,2,2,自有/家人所有/自建,NA
1211340,2021,1,1,自有/家人所有/自建,NA
1211583,2021,1,1,自有/家人所有/自建,NA
1211794,2021,3,3,自有/家人所有/自建,NA
1212100,2021,4,4,租賃,"5,000-6,999元"
1212159,2021,2,2,自有/家人所有/自建,NA
1212307,2021,2,2,自有/家人所有/自建,NA
1213251,2021,7,1,租賃,"3,000-4,999元"
1213418,2021,1,1,租賃,"3,000-4,999元"
1213423,2021,2,2,自有/家人所有/自建,NA
1214140,2021,3,3,自有/家人所有/自建,NA
1214169,2021,2,2,自有/家人所有/自建,NA
1214304,2021,1,1,自有/家人所有/自建,NA
1214422,2021,3,3,自有/家人所有/自建,NA
1215027,2021,6,6,借用,NA
1215087,2021,5,5,自有/家人所有/自建,NA
1215094,2021,1,1,自有/家人所有/自建,NA
1215258,2021,8,8,借用,NA
1215297,2021,1,1,自有/家人所有/自建,NA
1215630,2021,7,7,自有/家人所有/自建,NA
1215835,2021,5,5,自有/家人所有/自建,NA
1216142,2021,4,1,借用,NA
1216371,2021,1,1,自有/家人所有/自建,NA
1216496,2021,2,2,自有/家人所有/自建,NA
1217117,2021,3,3,借用,NA
1217745,2021,4,4,自有/家人所有/自建,NA
1218389,2021,2,2,自有/家人所有/自建,NA
1218637,2021,1,1,自有/家人所有/自建,NA
1219077,2021,2,1,自有/家人所有/自建,NA
1219269,2021,1,1,借用,NA
1219357,2021,4,3,自有/家人所有/自建,NA
1220021,2021,1,1,自有/家人所有/自建,NA
1220325,2021,5,4,自有/家人所有/自建,NA
1220660,2021,4,3,自有/家人所有/自建,NA
1220744,2021,7,7,自有/家人所有/自建,NA
1220761,2021,4,4,自有/家人所有/自建,NA
1221038,2021,2,2,自有/家人所有/自建,NA
1221142,2021,1,1,自有/家人所有/自建,NA
1221394,2021,7,7,自有/家人所有/自建,NA
1222258,2021,1,1,自有/家人所有/自建,NA
1222407,2021,2,2,自有/家人所有/自建,NA
1222567,2021,4,4,自有/家人所有/自建,NA
1225454,2021,3,3,自有/家人所有/自建,NA
1225627,2021,2,2,自有/家人所有/自建,NA
1225634,2021,3,3,自有/家人所有/自建,NA
1225639,2021,2,2,自有/家人所有/自建,NA
1225794,2021,2,2,自有/家人所有/自建,NA
1226020,2021,4,4,自有/家人所有/自建,NA
1226038,2021,1,1,自有/家人所有/自建,NA
1226198,2021,11,5,自有/家人所有/自建,NA
1226782,2021,2,2,自有/家人所有/自建,NA
1226791,2021,1,1,自有/家人所有/自建,NA
1226793,2021,1,1,自有/家人所有/自建,NA
1226820,2021,6,6,自有/家人所有/自建,NA
1226826,2021,2,2,借用,NA
1227012,2021,7,6,自有/家人所有/自建,NA
1227166,2021,2,2,自有/家人所有/自建,NA
1227275,2021,4,1,自有/家人所有/自建,NA
1227351,2021,2,2,自有/家人所有/自建,NA
1228508,2021,6,5,自有/家人所有/自建,NA
1230180,2021,4,1,自有/家人所有/自建,NA
1232184,2021,3,1,自有/家人所有/自建,NA
1233272,2021,2,1,自有/家人所有/自建,NA
1233356,2021,2,2,自有/家人所有/自建,NA
1234119,2021,3,3,自有/家人所有/自建,NA
1234817,2021,2,1,自有/家人所有/自建,NA
1235109,2021,4,4,自有/家人所有/自建,NA
1235176,2021,2,2,自有/家人所有/自建,NA
1235291,2021,1,1,租賃,"7,000-9,999元"
1235299,2021,2,1,自有/家人所有/自建,NA
1236049,2021,3,3,自有/家人所有/自建,NA
1236436,2021,5,2,租賃,"1,000-2,999元"
1236797,2021,3,2,自有/家人所有/自建,NA
1237718,2021,1,1,自有/家人所有/自建,NA
1237749,2021,2,2,自有/家人所有/自建,NA
1237750,2021,3,3,自有/家人所有/自建,NA
1238181,2021,2,2,自有/家人所有/自建,NA
1238351,2021,3,3,自有/家人所有/自建,NA
1238378,2021,1,1,自有/家人所有/自建,NA
1238383,2021,2,2,自有/家人所有/自建,NA
1238450,2021,3,3,自有/家人所有/自建,NA
1238728,2021,1,1,自有/家人所有/自建,NA
1238845,2021,2,2,自有/家人所有/自建,NA
1239334,2021,1,1,自有/家人所有/自建,NA
1239644,2021,5,5,自有/家人所有/自建,NA
1239732,2021,2,2,自有/家人所有/自建,NA
1240339,2021,9,9,自有/家人所有/自建,NA
1240885,2021,1,1,自有/家人所有/自建,NA
1240958,2021,2,2,自有/家人所有/自建,NA
1241237,2021,3,3,自有/家人所有/自建,NA
1241688,2021,3,1,自有/家人所有/自建,NA
1241888,2021,2,2,自有/家人所有/自建,NA
1242216,2021,1,1,租賃,"3,000-4,999元"
1243052,2021,9,9,自有/家人所有/自建,NA
1243715,2021,4,4,自有/家人所有/自建,NA
1244037,2021,1,1,自有/家人所有/自建,NA
1245156,2021,3,3,自有/家人所有/自建,NA
1245348,2021,2,2,自有/家人所有/自建,NA
1245521,2021,3,3,自有/家人所有/自建,NA
1245596,2021,3,3,自有/家人所有/自建,NA
1245907,2021,1,1,自有/家人所有/自建,NA
1245933,2021,7,7,自有/家人所有/自建,NA
1247173,2021,7,7,自有/家人所有/自建,NA
1247299,2021,2,2,自有/家人所有/自建,NA
1247849,2021,4,4,自有/家人所有/自建,NA
1248050,2021,3,3,自有/家人所有/自建,NA
1248184,2021,3,3,自有/家人所有/自建,NA
1249216,2021,2,2,自有/家人所有/自建,NA
1249292,2021,3,3,自有/家人所有/自建,NA
1249747,2021,2,2,自有/家人所有/自建,NA
1250760,2021,2,1,租賃,"未滿1,000元"
1250891,2021,3,3,自有/家人所有/自建,NA
1250927,2021,5,5,自有/家人所有/自建,NA
1250968,2021,2,2,自有/家人所有/自建,NA
1250996,2021,3,3,自有/家人所有/自建,NA
1251024,2021,1,1,自有/家人所有/自建,NA
1251066,2021,3,3,自有/家人所有/自建,NA
1251344,2021,10,10,自有/家人所有/自建,NA
1251353,2021,1,1,自有/家人所有/自建,NA
1251435,2021,7,7,自有/家人所有/自建,NA
1251648,2021,1,1,自有/家人所有/自建,NA
1251670,2021,3,3,自有/家人所有/自建,NA
1251759,2021,3,3,自有/家人所有/自建,NA
1252188,2021,3,3,租賃,"7,000-9,999元"
1252194,2021,1,1,自有/家人所有/自建,NA
1252278,2021,3,2,自有/家人所有/自建,NA
1252934,2021,3,3,租賃,"5,000-6,999元"
1253085,2021,2,2,自有/家人所有/自建,NA
1253312,2021,3,3,自有/家人所有/自建,NA
1253343,2021,7,7,自有/家人所有/自建,NA
1253603,2021,2,2,租賃,"3,000-4,999元"
1253690,2021,3,3,自有/家人所有/自建,NA
1253700,2021,2,2,自有/家人所有/自建,NA
1253830,2021,4,4,自有/家人所有/自建,NA
1253985,2021,1,1,自有/家人所有/自建,NA
1254200,2021,2,2,自有/家人所有/自建,NA
1254263,2021,2,2,自有/家人所有/自建,NA
1254544,2021,3,3,自有/家人所有/自建,NA
1254562,2021,3,3,自有/家人所有/自建,NA
1254618,2021,3,3,自有/家人所有/自建,NA
1254648,2021,5,5,自有/家人所有/自建,NA
1254752,2021,5,5,自有/家人所有/自建,NA
1255071,2021,1,1,自有/家人所有/自建,NA
1255117,2021,3,3,自有/家人所有/自建,NA
1255233,2021,1,1,自有/家人所有/自建,NA
1256004,2021,1,1,借用,NA
1256023,2021,3,3,借用,NA
1256242,2021,1,1,自有/家人所有/自建,NA
1256954,2021,3,3,借用,NA
1258685,2021,1,1,自有/家人所有/自建,NA
1258882,2021,1,1,自有/家人所有/自建,NA
1258967,2021,1,1,自有/家人所有/自建,NA
1259494,2021,3,3,借用,NA
1259869,2021,7,4,自有/家人所有/自建,NA
1260127,2021,1,1,自有/家人所有/自建,NA
1260143,2021,2,2,借用,NA
1260176,2021,3,3,借用,NA
1260553,2021,3,3,自有/家人所有/自建,NA
1260854,2021,7,7,自有/家人所有/自建,NA
1261406,2021,2,2,借用,NA
1261615,2021,2,2,自有/家人所有/自建,NA
1262116,2021,2,2,自有/家人所有/自建,NA
1262922,2021,7,7,自有/家人所有/自建,NA
1264131,2021,2,2,自有/家人所有/自建,NA
1264270,2021,2,2,自有/家人所有/自建,NA
1264460,2021,1,1,自有/家人所有/自建,NA
1264463,2021,4,4,自有/家人所有/自建,NA
1264846,2021,3,3,自有/家人所有/自建,NA
1264947,2021,2,2,自有/家人所有/自建,NA
1265009,2021,2,2,自有/家人所有/自建,NA
1265640,2021,3,3,自有/家人所有/自建,NA
1266058,2021,3,3,自有/家人所有/自建,NA
1266286,2021,4,4,租賃,"1,000-2,999元"
1267646,2021,1,1,自有/家人所有/自建,NA
1268290,2021,4,4,自有/家人所有/自建,NA
1268397,2021,5,5,自有/家人所有/自建,NA
1268948,2021,3,3,自有/家人所有/自建,NA
1269138,2021,4,4,自有/家人所有/自建,NA
1269998,2021,3,3,自有/家人所有/自建,NA
1270058,2021,7,7,自有/家人所有/自建,NA
1270464,2021,5,5,自有/家人所有/自建,NA
1270518,2021,3,3,自有/家人所有/自建,NA
1270556,2021,2,2,自有/家人所有/自建,NA
1270561,2021,3,3,自有/家人所有/自建,NA
1270603,2021,6,6,自有/家人所有/自建,NA
1270611,2021,1,1,自有/家人所有/自建,NA
1270622,2021,1,1,自有/家人所有/自建,NA
1271797,2021,7,7,自有/家人所有/自建,NA
1272692,2021,9,9,自有/家人所有/自建,NA
1272760,2021,4,4,自有/家人所有/自建,NA
2196685,2021,1,1,借用,NA
2196795,2021,7,7,自有/家人所有/自建,NA
2196857,2021,5,5,自有/家人所有/自建,NA
2197020,2021,6,6,自有/家人所有/自建,NA
2197258,2021,15,2,自有/家人所有/自建,NA
2197357,2021,4,3,自有/家人所有/自建,NA
2197907,2021,3,3,自有/家人所有/自建,NA
2198355,2021,2,2,自有/家人所有/自建,NA
2198424,2021,2,1,租賃,"10,000-19,999元"
2198854,2021,7,1,借用,NA
2199924,2021,2,1,自有/家人所有/自建,NA
2199999,2021,1,1,租賃,"5,000-6,999元"
2200002,2021,2,2,自有/家人所有/自建,NA
2200003,2021,2,2,自有/家人所有/自建,NA
2200228,2021,2,1,自有/家人所有/自建,NA
2200522,2021,6,6,自有/家人所有/自建,NA
2200587,2021,3,3,租賃,"10,000-19,999元"
2200638,2021,5,5,自有/家人所有/自建,NA
2200814,2021,4,3,自有/家人所有/自建,NA
2200842,2021,1,1,自有/家人所有/自建,NA
2201080,2021,3,1,自有/家人所有/自建,NA
2201398,2021,6,2,自有/家人所有/自建,NA
2201568,2021,7,7,自有/家人所有/自建,NA
2201934,2021,6,3,自有/家人所有/自建,NA
2202097,2021,5,5,租賃,"10,000-19,999元"
2203013,2021,2,1,自有/家人所有/自建,NA
2204028,2021,3,3,租賃,"5,000-6,999元"
2204481,2021,4,4,自有/家人所有/自建,NA
2205046,2021,1,1,自有/家人所有/自建,NA
2205206,2021,2,1,自有/家人所有/自建,NA
2205248,2021,2,1,自有/家人所有/自建,NA
2205721,2021,2,2,自有/家人所有/自建,NA
2205815,2021,2,2,自有/家人所有/自建,NA
2205933,2021,4,4,自有/家人所有/自建,NA
2206567,2021,3,3,自有/家人所有/自建,NA
2207864,2021,1,1,自有/家人所有/自建,NA
2207872,2021,1,1,自有/家人所有/自建,NA
2207873,2021,1,1,自有/家人所有/自建,NA
2207909,2021,2,1,自有/家人所有/自建,NA
2208285,2021,4,4,自有/家人所有/自建,NA
2208314,2021,2,2,自有/家人所有/自建,NA
2208486,2021,3,3,自有/家人所有/自建,NA
2208591,2021,1,1,自有/家人所有/自建,NA
2208817,2021,3,3,自有/家人所有/自建,NA
2209272,2021,1,1,自有/家人所有/自建,NA
2209408,2021,2,2,自有/家人所有/自建,NA
2210139,2021,3,2,自有/家人所有/自建,NA
2210826,2021,3,3,自有/家人所有/自建,NA
2210846,2021,4,4,自有/家人所有/自建,NA
2211097,2021,2,2,自有/家人所有/自建,NA
2211669,2021,1,1,自有/家人所有/自建,NA
2212419,2021,4,4,自有/家人所有/自建,NA
2213432,2021,3,2,自有/家人所有/自建,NA
2214045,2021,4,4,自有/家人所有/自建,NA
2214455,2021,2,2,借用,NA
2214549,2021,2,1,租賃,"7,000-9,999元"
2215435,2021,3,1,自有/家人所有/自建,NA
2216405,2021,2,2,自有/家人所有/自建,NA
2216535,2021,4,4,借用,NA
2216612,2021,3,3,租賃,"7,000-9,999元"
2217278,2021,2,2,自有/家人所有/自建,NA
2218443,2021,1,1,自有/家人所有/自建,NA
2218687,2021,1,1,自有/家人所有/自建,NA
2219095,2021,5,4,借用,NA
2219384,2021,7,7,自有/家人所有/自建,NA
2219462,2021,8,3,自有/家人所有/自建,NA
2219654,2021,2,2,自有/家人所有/自建,NA
2220022,2021,2,2,自有/家人所有/自建,NA
2220037,2021,2,2,租賃,"5,000-6,999元"
2220502,2021,2,2,自有/家人所有/自建,NA
2220649,2021,3,3,自有/家人所有/自建,NA
2220650,2021,3,3,自有/家人所有/自建,NA
2220697,2021,2,2,自有/家人所有/自建,NA
2220864,2021,3,2,自有/家人所有/自建,NA
2221592,2021,4,4,自有/家人所有/自建,NA
2221674,2021,1,1,自有/家人所有/自建,NA
2221851,2021,3,3,自有/家人所有/自建,NA
2222079,2021,6,6,租賃,"20,000元以上"
2222913,2021,2,2,自有/家人所有/自建,NA
2224278,2021,4,4,自有/家人所有/自建,NA
2225628,2021,1,1,自有/家人所有/自建,NA
2225775,2021,1,1,借用,NA
2226187,2021,3,3,自有/家人所有/自建,NA
2226209,2021,3,3,自有/家人所有/自建,NA
2226316,2021,3,3,自有/家人所有/自建,NA
2226367,2021,4,3,自有/家人所有/自建,NA
2226750,2021,2,2,借用,NA
2227067,2021,6,5,自有/家人所有/自建,NA
2227122,2021,2,1,自有/家人所有/自建,NA
2227349,2021,7,5,自有/家人所有/自建,NA
2227412,2021,3,2,自有/家人所有/自建,NA
2227481,2021,6,1,自有/家人所有/自建,NA
2227671,2021,4,4,自有/家人所有/自建,NA
2227803,2021,1,1,自有/家人所有/自建,NA
2228592,2021,1,1,自有/家人所有/自建,NA
2228599,2021,2,2,自有/家人所有/自建,NA
2228726,2021,4,3,自有/家人所有/自建,NA
2229201,2021,6,4,自有/家人所有/自建,NA
2229283,2021,5,2,自有/家人所有/自建,NA
2229345,2021,4,3,租賃,"10,000-19,999元"
2229733,2021,4,3,自有/家人所有/自建,NA
2232125,2021,5,4,自有/家人所有/自建,NA
2232503,2021,2,1,租賃,"7,000-9,999元"
2232924,2021,3,3,自有/家人所有/自建,NA
2232938,2021,1,1,自有/家人所有/自建,NA
2233153,2021,8,8,自有/家人所有/自建,NA
2233626,2021,2,2,自有/家人所有/自建,NA
2235100,2021,6,6,自有/家人所有/自建,NA
2235361,2021,3,3,自有/家人所有/自建,NA
2235492,2021,4,4,租賃,"5,000-6,999元"
2235604,2021,3,3,自有/家人所有/自建,NA
2237561,2021,2,2,自有/家人所有/自建,NA
2237697,2021,2,2,自有/家人所有/自建,NA
2238328,2021,5,5,自有/家人所有/自建,NA
2238510,2021,2,2,自有/家人所有/自建,NA
2238859,2021,2,2,自有/家人所有/自建,NA
2239291,2021,1,1,自有/家人所有/自建,NA
2239358,2021,2,2,自有/家人所有/自建,NA
2239983,2021,9,9,自有/家人所有/自建,NA
2240872,2021,2,2,自有/家人所有/自建,NA
2241008,2021,3,3,自有/家人所有/自建,NA
2241051,2021,1,1,自有/家人所有/自建,NA
2241076,2021,1,1,自有/家人所有/自建,NA
2241106,2021,2,2,自有/家人所有/自建,NA
2241189,2021,3,2,自有/家人所有/自建,NA
2241325,2021,3,3,自有/家人所有/自建,NA
2243043,2021,8,6,自有/家人所有/自建,NA
2243681,2021,1,1,自有/家人所有/自建,NA
2243781,2021,3,3,自有/家人所有/自建,NA
2245450,2021,2,2,自有/家人所有/自建,NA
2245728,2021,3,3,自有/家人所有/自建,NA
2246016,2021,1,1,自有/家人所有/自建,NA
2247823,2021,2,2,自有/家人所有/自建,NA
2247870,2021,2,2,自有/家人所有/自建,NA
2248023,2021,2,2,自有/家人所有/自建,NA
2248193,2021,6,6,自有/家人所有/自建,NA
2248417,2021,2,1,自有/家人所有/自建,NA
2248472,2021,1,1,自有/家人所有/自建,NA
2248989,2021,2,2,自有/家人所有/自建,NA
2249184,2021,2,2,自有/家人所有/自建,NA
2249206,2021,2,2,自有/家人所有/自建,NA
2249693,2021,4,3,自有/家人所有/自建,NA
2249852,2021,2,2,自有/家人所有/自建,NA
2249863,2021,7,6,自有/家人所有/自建,NA
2250335,2021,5,1,自有/家人所有/自建,NA
2250963,2021,1,1,自有/家人所有/自建,NA
2250971,2021,3,3,自有/家人所有/自建,NA
2251091,2021,4,4,自有/家人所有/自建,NA
2251120,2021,1,1,自有/家人所有/自建,NA
2251131,2021,4,4,自有/家人所有/自建,NA
2251278,2021,1,1,自有/家人所有/自建,NA
2251323,2021,2,2,自有/家人所有/自建,NA
2251621,2021,6,5,自有/家人所有/自建,NA
2251622,2021,2,2,自有/家人所有/自建,NA
2251717,2021,2,2,借用,NA
2251727,2021,3,3,自有/家人所有/自建,NA
2252191,2021,2,2,自有/家人所有/自建,NA
2252550,2021,6,6,借用,NA
2252845,2021,4,4,自有/家人所有/自建,NA
2252865,2021,2,2,自有/家人所有/自建,NA
2253296,2021,3,3,自有/家人所有/自建,NA
2253485,2021,1,1,借用,NA
2253582,2021,2,2,自有/家人所有/自建,NA
2254709,2021,2,2,自有/家人所有/自建,NA
2256159,2021,3,3,借用,NA
2256896,2021,1,1,自有/家人所有/自建,NA
2258657,2021,9,9,自有/家人所有/自建,NA
2259009,2021,3,3,自有/家人所有/自建,NA
2259204,2021,1,1,自有/家人所有/自建,NA
2259800,2021,1,1,自有/家人所有/自建,NA
2259831,2021,2,2,自有/家人所有/自建,NA
2259949,2021,2,2,借用,NA
2260323,2021,7,7,自有/家人所有/自建,NA
2260325,2021,1,1,自有/家人所有/自建,NA
2260722,2021,2,2,自有/家人所有/自建,NA
2261359,2021,3,3,自有/家人所有/自建,NA
2261391,2021,2,2,自有/家人所有/自建,NA
2264961,2021,3,3,自有/家人所有/自建,NA
2265599,2021,3,3,自有/家人所有/自建,NA
2266188,2021,6,5,自有/家人所有/自建,NA
2266567,2021,1,1,自有/家人所有/自建,NA
2267107,2021,3,3,自有/家人所有/自建,NA
2267968,2021,4,4,自有/家人所有/自建,NA
2270074,2021,6,6,自有/家人所有/自建,NA
2270114,2021,5,5,自有/家人所有/自建,NA
2270526,2021,1,1,自有/家人所有/自建,NA
2270624,2021,9,9,自有/家人所有/自建,NA
2270694,2021,2,2,自有/家人所有/自建,NA
2270850,2021,4,4,自有/家人所有/自建,NA
2271175,2021,4,4,自有/家人所有/自建,NA
2271349,2021,1,1,自有/家人所有/自建,NA
2272455,2021,1,1,自有/家人所有/自建,NA
2272457,2021,2,2,自有/家人所有/自建,NA
2272614,2021,1,1,自有/家人所有/自建,NA
2272661,2021,2,2,自有/家人所有/自建,NA
2272820,2021,2,2,自有/家人所有/自建,NA
2272849,2021,3,3,自有/家人所有/自建,NA
2273224,2021,4,4,自有/家人所有/自建,NA
2273785,2021,2,2,自有/家人所有/自建,NA
2274490,2021,5,5,自有/家人所有/自建,NA
3196140,2021,3,2,借用,NA
3196859,2021,1,1,借用,NA
3197164,2021,3,3,借用,NA
3197188,2021,4,4,自有/家人所有/自建,NA
3197336,2021,4,4,自有/家人所有/自建,NA
3197367,2021,3,2,自有/家人所有/自建,NA
3197490,2021,4,3,自有/家人所有/自建,NA
3197670,2021,3,3,借用,NA
3198191,2021,2,2,借用,NA
3198208,2021,1,1,自有/家人所有/自建,NA
3198243,2021,11,4,自有/家人所有/自建,NA
3198570,2021,2,2,自有/家人所有/自建,NA
3199631,2021,5,4,自有/家人所有/自建,NA
3199854,2021,1,1,自有/家人所有/自建,NA
3199902,2021,2,2,租賃,"1,000-2,999元"
3200306,2021,3,3,租賃,"1,000-2,999元"
3200451,2021,3,3,自有/家人所有/自建,NA
3201232,2021,4,3,自有/家人所有/自建,NA
3201497,2021,3,2,自有/家人所有/自建,NA
3201993,2021,6,1,租賃,"7,000-9,999元"
3202900,2021,2,2,租賃,"10,000-19,999元"
3203895,2021,6,4,租賃,"10,000-19,999元"
3203900,2021,2,2,自有/家人所有/自建,NA
3204530,2021,4,3,自有/家人所有/自建,NA
3205569,2021,3,3,自有/家人所有/自建,NA
3205957,2021,1,1,自有/家人所有/自建,NA
3206198,2021,2,2,自有/家人所有/自建,NA
3206732,2021,1,1,自有/家人所有/自建,NA
3208015,2021,2,2,自有/家人所有/自建,NA
3208077,2021,1,1,自有/家人所有/自建,NA
3208115,2021,2,2,自有/家人所有/自建,NA
3208193,2021,2,2,自有/家人所有/自建,NA
3208265,2021,1,1,自有/家人所有/自建,NA
3208361,2021,1,1,自有/家人所有/自建,NA
3208404,2021,3,3,自有/家人所有/自建,NA
3208468,2021,5,5,自有/家人所有/自建,NA
3208476,2021,1,1,自有/家人所有/自建,NA
3208717,2021,1,1,自有/家人所有/自建,NA
3208890,2021,3,2,自有/家人所有/自建,NA
3208983,2021,3,3,自有/家人所有/自建,NA
3209159,2021,2,2,自有/家人所有/自建,NA
3210652,2021,1,1,自有/家人所有/自建,NA
3210842,2021,1,1,自有/家人所有/自建,NA
3211812,2021,4,4,自有/家人所有/自建,NA
3211856,2021,1,1,自有/家人所有/自建,NA
3213468,2021,1,1,自有/家人所有/自建,NA
3214504,2021,5,5,自有/家人所有/自建,NA
3214543,2021,2,2,租賃,"7,000-9,999元"
3214987,2021,1,1,自有/家人所有/自建,NA
3215160,2021,4,4,自有/家人所有/自建,NA
3216812,2021,2,2,自有/家人所有/自建,NA
3217272,2021,4,3,借用,NA
3217288,2021,3,3,借用,NA
3217320,2021,1,1,自有/家人所有/自建,NA
3218681,2021,7,7,租賃,"5,000-6,999元"
3219337,2021,1,1,自有/家人所有/自建,NA
3220030,2021,4,4,自有/家人所有/自建,NA
3220442,2021,3,3,自有/家人所有/自建,NA
3220850,2021,7,7,自有/家人所有/自建,NA
3220892,2021,1,1,自有/家人所有/自建,NA
3221159,2021,4,3,自有/家人所有/自建,NA
3221214,2021,1,1,自有/家人所有/自建,NA
3222298,2021,3,2,租賃,"7,000-9,999元"
3222448,2021,3,3,自有/家人所有/自建,NA
3222816,2021,2,2,借用,NA
3223004,2021,1,1,自有/家人所有/自建,NA
3223282,2021,5,5,租賃,"20,000元以上"
3224610,2021,3,1,自有/家人所有/自建,NA
3224613,2021,3,3,借用,NA
3225603,2021,9,9,自有/家人所有/自建,NA
3225611,2021,3,3,自有/家人所有/自建,NA
3225647,2021,3,2,自有/家人所有/自建,NA
3225847,2021,1,1,自有/家人所有/自建,NA
3226005,2021,1,1,自有/家人所有/自建,NA
3226312,2021,2,2,自有/家人所有/自建,NA
3226395,2021,8,5,自有/家人所有/自建,NA
3226404,2021,1,1,自有/家人所有/自建,NA
3226578,2021,9,9,自有/家人所有/自建,NA
3226598,2021,5,5,借用,NA
3227115,2021,6,4,自有/家人所有/自建,NA
3227298,2021,4,4,借用,NA
3228183,2021,3,3,自有/家人所有/自建,NA
3228268,2021,4,2,自有/家人所有/自建,NA
3229045,2021,11,11,自有/家人所有/自建,NA
3229808,2021,1,1,自有/家人所有/自建,NA
3230006,2021,7,7,自有/家人所有/自建,NA
3230813,2021,4,3,自有/家人所有/自建,NA
3231125,2021,3,3,自有/家人所有/自建,NA
3231423,2021,4,3,自有/家人所有/自建,NA
3232309,2021,4,1,租賃,"5,000-6,999元"
3232329,2021,6,1,自有/家人所有/自建,NA
3233379,2021,1,1,自有/家人所有/自建,NA
3233382,2021,7,7,自有/家人所有/自建,NA
3233648,2021,2,2,自有/家人所有/自建,NA
3233727,2021,5,5,自有/家人所有/自建,NA
3233734,2021,1,1,自有/家人所有/自建,NA
3235078,2021,3,2,自有/家人所有/自建,NA
3235234,2021,1,1,自有/家人所有/自建,NA
3236052,2021,4,4,自有/家人所有/自建,NA
3238164,2021,1,1,自有/家人所有/自建,NA
3238279,2021,6,6,自有/家人所有/自建,NA
3238357,2021,2,2,自有/家人所有/自建,NA
3238417,2021,2,2,自有/家人所有/自建,NA
3238502,2021,3,3,自有/家人所有/自建,NA
3238634,2021,5,5,自有/家人所有/自建,NA
3238904,2021,1,1,自有/家人所有/自建,NA
3239416,2021,9,9,自有/家人所有/自建,NA
3239477,2021,4,4,租賃,"7,000-9,999元"
3240327,2021,2,2,自有/家人所有/自建,NA
3240763,2021,3,3,自有/家人所有/自建,NA
3241083,2021,1,1,自有/家人所有/自建,NA
3241166,2021,5,5,自有/家人所有/自建,NA
3241315,2021,1,1,租賃,"1,000-2,999元"
3241383,2021,2,2,自有/家人所有/自建,NA
3241589,2021,2,2,自有/家人所有/自建,NA
3241940,2021,2,2,自有/家人所有/自建,NA
3243347,2021,4,4,自有/家人所有/自建,NA
3243784,2021,1,1,自有/家人所有/自建,NA
3244237,2021,5,3,自有/家人所有/自建,NA
3244248,2021,1,1,自有/家人所有/自建,NA
3245468,2021,4,3,自有/家人所有/自建,NA
3245544,2021,2,2,自有/家人所有/自建,NA
3245562,2021,1,1,自有/家人所有/自建,NA
3245570,2021,2,2,自有/家人所有/自建,NA
3245571,2021,2,2,自有/家人所有/自建,NA
3245626,2021,2,2,自有/家人所有/自建,NA
3245827,2021,2,2,自有/家人所有/自建,NA
3245856,2021,1,1,自有/家人所有/自建,NA
3247065,2021,3,3,自有/家人所有/自建,NA
3247172,2021,2,2,自有/家人所有/自建,NA
3247247,2021,2,2,自有/家人所有/自建,NA
3248596,2021,3,3,自有/家人所有/自建,NA
3249257,2021,2,2,自有/家人所有/自建,NA
3249265,2021,6,6,自有/家人所有/自建,NA
3249338,2021,7,7,自有/家人所有/自建,NA
3249743,2021,5,5,自有/家人所有/自建,NA
3249789,2021,9,9,自有/家人所有/自建,NA
3250051,2021,5,3,租賃,"10,000-19,999元"
3250969,2021,1,1,借用,NA
3251080,2021,4,4,自有/家人所有/自建,NA
3252532,2021,2,1,自有/家人所有/自建,NA
3252853,2021,8,8,借用,NA
3253041,2021,5,5,自有/家人所有/自建,NA
3253400,2021,2,2,自有/家人所有/自建,NA
3253479,2021,1,1,自有/家人所有/自建,NA
3254123,2021,4,4,自有/家人所有/自建,NA
3254615,2021,1,1,借用,NA
3254893,2021,3,3,自有/家人所有/自建,NA
3254897,2021,1,1,自有/家人所有/自建,NA
3254900,2021,4,4,自有/家人所有/自建,NA
3254901,2021,5,5,自有/家人所有/自建,NA
3255380,2021,2,2,租賃,"3,000-4,999元"
3255863,2021,4,3,借用,NA
3260009,2021,2,2,自有/家人所有/自建,NA
3260292,2021,2,2,自有/家人所有/自建,NA
3260449,2021,1,1,借用,NA
3263378,2021,3,3,租賃,"3,000-4,999元"
3264571,2021,5,4,自有/家人所有/自建,NA
3264850,2021,3,3,自有/家人所有/自建,NA
3264893,2021,7,7,自有/家人所有/自建,NA
3264900,2021,2,2,自有/家人所有/自建,NA
3265304,2021,2,2,自有/家人所有/自建,NA
3265363,2021,2,2,自有/家人所有/自建,NA
3265530,2021,2,2,自有/家人所有/自建,NA
3265584,2021,8,8,自有/家人所有/自建,NA
3265654,2021,2,2,自有/家人所有/自建,NA
3267657,2021,2,2,自有/家人所有/自建,NA
3267691,2021,3,3,自有/家人所有/自建,NA
3269581,2021,3,3,自有/家人所有/自建,NA
3270277,2021,7,7,自有/家人所有/自建,NA
3272555,2021,8,8,自有/家人所有/自建,NA
3272886,2021,4,4,自有/家人所有/自建,NA
4196026,2021,2,2,自有/家人所有/自建,NA
4196882,2021,3,3,自有/家人所有/自建,NA
4197053,2021,2,2,自有/家人所有/自建,NA
4197446,2021,3,3,自有/家人所有/自建,NA
4199824,2021,3,1,自有/家人所有/自建,NA
4199850,2021,1,1,自有/家人所有/自建,NA
4200114,2021,3,3,自有/家人所有/自建,NA
4200147,2021,6,6,自有/家人所有/自建,NA
4200305,2021,6,5,自有/家人所有/自建,NA
4200395,2021,2,1,自有/家人所有/自建,NA
4200459,2021,1,1,自有/家人所有/自建,NA
4200552,2021,2,1,借用,NA
4200969,2021,1,1,自有/家人所有/自建,NA
4201081,2021,4,3,租賃,"3,000-4,999元"
4201222,2021,3,1,租賃,"5,000-6,999元"
4201617,2021,5,4,自有/家人所有/自建,NA
4202005,2021,1,1,自有/家人所有/自建,NA
4203144,2021,4,3,自有/家人所有/自建,NA
4203762,2021,4,4,自有/家人所有/自建,NA
4204095,2021,7,3,自有/家人所有/自建,NA
4205278,2021,3,2,自有/家人所有/自建,NA
4205747,2021,3,3,自有/家人所有/自建,NA
4206808,2021,1,1,借用,NA
4208127,2021,2,2,自有/家人所有/自建,NA
4208358,2021,1,1,自有/家人所有/自建,NA
4208385,2021,6,5,租賃,"3,000-4,999元"
4208608,2021,2,2,自有/家人所有/自建,NA
4208718,2021,4,4,自有/家人所有/自建,NA
4209007,2021,1,1,自有/家人所有/自建,NA
4210427,2021,2,2,租賃,"5,000-6,999元"
4210788,2021,2,2,自有/家人所有/自建,NA
4210836,2021,2,2,自有/家人所有/自建,NA
4210979,2021,2,1,自有/家人所有/自建,NA
4211135,2021,3,3,自有/家人所有/自建,NA
4211520,2021,2,2,借用,NA
4211589,2021,2,2,借用,NA
4211849,2021,3,3,自有/家人所有/自建,NA
4212656,2021,7,1,自有/家人所有/自建,NA
4213655,2021,5,1,自有/家人所有/自建,NA
4214431,2021,3,3,自有/家人所有/自建,NA
4215313,2021,4,3,自有/家人所有/自建,NA
4215335,2021,2,2,自有/家人所有/自建,NA
4215381,2021,1,1,借用,NA
4215493,2021,2,2,自有/家人所有/自建,NA
4216253,2021,3,3,自有/家人所有/自建,NA
4216785,2021,2,2,自有/家人所有/自建,NA
4217065,2021,4,4,自有/家人所有/自建,NA
4217454,2021,4,4,自有/家人所有/自建,NA
4217575,2021,4,3,自有/家人所有/自建,NA
4217611,2021,4,3,租賃,"未滿1,000元"
4217677,2021,4,4,借用,NA
4218659,2021,2,2,自有/家人所有/自建,NA
4218756,2021,1,1,自有/家人所有/自建,NA
4219299,2021,7,2,自有/家人所有/自建,NA
4219397,2021,3,3,自有/家人所有/自建,NA
4219537,2021,3,3,自有/家人所有/自建,NA
4220805,2021,2,1,自有/家人所有/自建,NA
4220841,2021,1,1,租賃,"3,000-4,999元"
4220942,2021,4,4,自有/家人所有/自建,NA
4221373,2021,1,1,自有/家人所有/自建,NA
4221627,2021,9,9,自有/家人所有/自建,NA
4222017,2021,2,2,自有/家人所有/自建,NA
4222542,2021,4,4,自有/家人所有/自建,NA
4223413,2021,1,1,自有/家人所有/自建,NA
4223624,2021,2,2,自有/家人所有/自建,NA
4223647,2021,2,1,租賃,"10,000-19,999元"
4226339,2021,2,2,自有/家人所有/自建,NA
4226640,2021,5,5,自有/家人所有/自建,NA
4226711,2021,5,5,自有/家人所有/自建,NA
4227216,2021,5,5,自有/家人所有/自建,NA
4227824,2021,2,1,自有/家人所有/自建,NA
4227830,2021,3,2,自有/家人所有/自建,NA
4227890,2021,4,4,自有/家人所有/自建,NA
4227990,2021,4,4,自有/家人所有/自建,NA
4228575,2021,3,3,租賃,"3,000-4,999元"
4229271,2021,4,1,自有/家人所有/自建,NA
4230002,2021,4,1,自有/家人所有/自建,NA
4230620,2021,1,1,租賃,"7,000-9,999元"
4231175,2021,5,5,租賃,"10,000-19,999元"
4231277,2021,6,5,租賃,"10,000-19,999元"
4231630,2021,4,3,自有/家人所有/自建,NA
4231638,2021,4,3,自有/家人所有/自建,NA
4232196,2021,3,2,自有/家人所有/自建,NA
4232236,2021,1,1,自有/家人所有/自建,NA
4232500,2021,6,1,自有/家人所有/自建,NA
4233058,2021,7,7,自有/家人所有/自建,NA
4233134,2021,4,4,自有/家人所有/自建,NA
4233981,2021,2,2,自有/家人所有/自建,NA
4234481,2021,6,3,自有/家人所有/自建,NA
4235108,2021,4,4,自有/家人所有/自建,NA
4236216,2021,3,3,自有/家人所有/自建,NA
4237130,2021,4,4,自有/家人所有/自建,NA
4238626,2021,2,2,自有/家人所有/自建,NA
4238746,2021,2,2,自有/家人所有/自建,NA
4238808,2021,2,2,自有/家人所有/自建,NA
4238860,2021,3,3,自有/家人所有/自建,NA
4239341,2021,2,2,自有/家人所有/自建,NA
4240279,2021,5,4,租賃,"5,000-6,999元"
4240842,2021,2,2,自有/家人所有/自建,NA
4241465,2021,2,2,自有/家人所有/自建,NA
4241475,2021,3,3,自有/家人所有/自建,NA
4241583,2021,8,7,自有/家人所有/自建,NA
4242423,2021,3,3,自有/家人所有/自建,NA
4243839,2021,1,1,自有/家人所有/自建,NA
4244149,2021,1,1,自有/家人所有/自建,NA
4244560,2021,2,2,自有/家人所有/自建,NA
4245508,2021,2,2,自有/家人所有/自建,NA
4245695,2021,1,1,自有/家人所有/自建,NA
4247912,2021,1,1,自有/家人所有/自建,NA
4248030,2021,4,4,租賃,"1,000-2,999元"
4248985,2021,2,2,自有/家人所有/自建,NA
4249174,2021,3,3,自有/家人所有/自建,NA
4249469,2021,5,4,自有/家人所有/自建,NA
4249513,2021,4,3,自有/家人所有/自建,NA
4249751,2021,2,2,自有/家人所有/自建,NA
4250998,2021,5,5,自有/家人所有/自建,NA
4253148,2021,3,3,自有/家人所有/自建,NA
4253434,2021,3,3,自有/家人所有/自建,NA
4253609,2021,1,1,自有/家人所有/自建,NA
4253693,2021,1,1,自有/家人所有/自建,NA
4253843,2021,3,3,自有/家人所有/自建,NA
4254589,2021,1,1,借用,NA
4254728,2021,1,1,自有/家人所有/自建,NA
4254917,2021,4,4,自有/家人所有/自建,NA
4256696,2021,6,6,自有/家人所有/自建,NA
4257069,2021,2,2,租賃,"3,000-4,999元"
4258638,2021,2,2,自有/家人所有/自建,NA
4258851,2021,2,2,自有/家人所有/自建,NA
4259078,2021,1,1,自有/家人所有/自建,NA
4259580,2021,2,2,自有/家人所有/自建,NA
4259813,2021,4,4,自有/家人所有/自建,NA
4261670,2021,2,2,自有/家人所有/自建,NA
4264765,2021,2,2,自有/家人所有/自建,NA
4265352,2021,3,3,自有/家人所有/自建,NA
4268014,2021,4,4,租賃,"1,000-2,999元"
4268081,2021,3,2,自有/家人所有/自建,NA
4268277,2021,3,3,自有/家人所有/自建,NA
4269087,2021,2,2,自有/家人所有/自建,NA
4270010,2021,2,2,自有/家人所有/自建,NA
4270400,2021,4,4,自有/家人所有/自建,NA
5205619,2021,3,3,自有/家人所有/自建,NA
5206057,2021,1,1,自有/家人所有/自建,NA
5206475,2021,2,2,自有/家人所有/自建,NA
5206728,2021,2,1,自有/家人所有/自建,NA
5206751,2021,5,5,自有/家人所有/自建,NA
5232731,2021,1,1,自有/家人所有/自建,NA
5233190,2021,3,3,自有/家人所有/自建,NA
5235430,2021,2,2,租賃,"3,000-4,999元"
5238426,2021,3,3,自有/家人所有/自建,NA
5268655,2021,3,3,自有/家人所有/自建,NA
6206544,2021,1,1,自有/家人所有/自建,NA
6206644,2021,2,2,租賃,"7,000-9,999元"
6206765,2021,3,3,自有/家人所有/自建,NA
6206783,2021,1,1,自有/家人所有/自建,NA
6207315,2021,2,2,自有/家人所有/自建,NA
6233577,2021,6,6,自有/家人所有/自建,NA
6233590,2021,4,4,自有/家人所有/自建,NA
6235483,2021,4,4,自有/家人所有/自建,NA
6265508,2021,2,2,自有/家人所有/自建,NA
6265624,2021,2,2,自有/家人所有/自建,NA
6266254,2021,3,3,自有/家人所有/自建,NA
6266714,2021,2,2,自有/家人所有/自建,NA
7205698,2021,1,1,自有/家人所有/自建,NA
7205954,2021,1,1,自有/家人所有/自建,NA
7234968,2021,2,2,自有/家人所有/自建,NA
7264762,2021,3,3,自有/家人所有/自建,NA
8199937,2021,2,2,自有/家人所有/自建,NA
8202884,2021,5,2,自有/家人所有/自建,NA
8205801,2021,2,2,自有/家人所有/自建,NA
8206587,2021,5,4,借用,NA
8206740,2021,3,3,自有/家人所有/自建,NA
8206881,2021,1,1,自有/家人所有/自建,NA
8234237,2021,1,1,自有/家人所有/自建,NA
8234298,2021,11,11,自有/家人所有/自建,NA
8235302,2021,1,1,自有/家人所有/自建,NA
8235345,2021,10,9,自有/家人所有/自建,NA
8236876,2021,2,2,自有/家人所有/自建,NA
8266007,2021,1,1,自有/家人所有/自建,NA
9196933,2021,1,1,租賃,"3,000-4,999元"
9206171,2021,2,2,自有/家人所有/自建,NA
9206429,2021,1,1,租賃,"未滿1,000元"
9206501,2021,2,2,自有/家人所有/自建,NA
9232729,2021,1,1,自有/家人所有/自建,NA
9233488,2021,5,5,自有/家人所有/自建,NA
9234421,2021,2,1,自有/家人所有/自建,NA
9235091,2021,2,2,自有/家人所有/自建,NA
9266194,2021,4,4,自有/家人所有/自建,NA
19244442,2021,1,1,自有/家人所有/自建,NA
1274713,2021,4,3,自有/家人所有/自建,NA
1274816,2021,1,1,自有/家人所有/自建,NA
2274520,2021,6,3,租賃,"10,000-19,999元"
2274589,2021,4,3,自有/家人所有/自建,NA
2274708,2021,6,5,自有/家人所有/自建,NA
3274662,2021,4,4,租賃,"5,000-6,999元"
3274688,2021,4,3,自有/家人所有/自建,NA
3274746,2021,6,3,租賃,"7,000-9,999元"
4274532,2021,2,1,自有/家人所有/自建,NA
4274753,2021,7,1,自有/家人所有/自建,NA
4274756,2021,6,1,自有/家人所有/自建,NA
4274771,2021,3,2,自有/家人所有/自建,NA
4274790,2021,1,1,自有/家人所有/自建,NA
5274553,2021,5,3,自有/家人所有/自建,NA
5274678,2021,6,1,自有/家人所有/自建,NA
5274754,2021,1,1,自有/家人所有/自建,NA
5274793,2021,4,1,自有/家人所有/自建,NA
6274607,2021,3,2,租賃,"20,000元以上"
6274747,2021,2,2,自有/家人所有/自建,NA
7274528,2021,1,1,租賃,"1,000-2,999元"
7274533,2021,3,2,自有/家人所有/自建,NA
7274721,2021,2,2,租賃,"10,000-19,999元"
7274744,2021,6,2,自有/家人所有/自建,NA
7274772,2021,3,2,自有/家人所有/自建,NA
7274789,2021,4,1,自有/家人所有/自建,NA
8274691,2021,4,2,自有/家人所有/自建,NA
8274788,2021,2,2,自有/家人所有/自建,NA
8274825,2021,1,1,租賃,"7,000-9,999元"
9274651,2021,4,3,自有/家人所有/自建,NA
9274683,2021,1,1,自有/家人所有/自建,NA
1275754,2021,4,4,自有/家人所有/自建,NA
1275975,2021,2,2,自有/家人所有/自建,NA
1276516,2021,1,1,借用,NA
1277199,2021,1,1,租賃,"3,000-4,999元"
1277482,2021,8,8,自有/家人所有/自建,NA
1277666,2021,2,2,自有/家人所有/自建,NA
1278106,2021,1,1,租賃,"未滿1,000元"
1278309,2021,2,2,租賃,不需要支付租金
1278492,2021,5,5,自有/家人所有/自建,NA
1278597,2021,5,5,借用,NA
1278617,2021,4,4,自有/家人所有/自建,NA
1278685,2021,3,1,租賃,"5,000-6,999元"
1278787,2021,1,1,租賃,不需要支付租金
1279485,2021,2,2,租賃,"10,000-19,999元"
1279501,2021,1,1,自有/家人所有/自建,NA
1279506,2021,4,4,租賃,"7,000-9,999元"
1279640,2021,2,2,租賃,"5,000-6,999元"
1279655,2021,2,2,自有/家人所有/自建,NA
1279731,2021,1,1,借用,NA
1279754,2021,6,2,自有/家人所有/自建,NA
2275188,2021,5,4,自有/家人所有/自建,NA
2275202,2021,2,1,自有/家人所有/自建,NA
2275449,2021,3,2,租賃,"7,000-9,999元"
2275864,2021,1,1,自有/家人所有/自建,NA
2276314,2021,3,3,自有/家人所有/自建,NA
2276323,2021,3,3,自有/家人所有/自建,NA
2276572,2021,2,2,租賃,"未滿1,000元"
2276703,2021,2,1,租賃,"10,000-19,999元"
2276754,2021,7,6,租賃,"7,000-9,999元"
2277134,2021,1,1,租賃,"7,000-9,999元"
2277341,2021,14,14,自有/家人所有/自建,NA
2277611,2021,3,3,自有/家人所有/自建,NA
2277736,2021,3,3,自有/家人所有/自建,NA
2277745,2021,2,2,租賃,"5,000-6,999元"
2278499,2021,2,2,借用,NA
2278783,2021,2,1,租賃,"7,000-9,999元"
2278909,2021,4,4,租賃,"7,000-9,999元"
2278943,2021,6,5,自有/家人所有/自建,NA
2279094,2021,3,3,自有/家人所有/自建,NA
2279130,2021,2,2,自有/家人所有/自建,NA
2279237,2021,6,6,自有/家人所有/自建,NA
2279267,2021,6,6,自有/家人所有/自建,NA
2279268,2021,6,1,自有/家人所有/自建,NA
2279444,2021,2,2,自有/家人所有/自建,NA
2279520,2021,4,4,租賃,"7,000-9,999元"
2279744,2021,4,4,租賃,"10,000-19,999元"
3275868,2021,4,4,自有/家人所有/自建,NA
3276287,2021,2,2,自有/家人所有/自建,NA
3276853,2021,3,3,自有/家人所有/自建,NA
3277092,2021,3,3,自有/家人所有/自建,NA
3277147,2021,5,4,自有/家人所有/自建,NA
3277165,2021,6,6,自有/家人所有/自建,NA
3277282,2021,1,1,自有/家人所有/自建,NA
3277663,2021,2,2,租賃,"7,000-9,999元"
3277771,2021,8,8,借用,NA
3277843,2021,2,2,自有/家人所有/自建,NA
3277888,2021,6,4,自有/家人所有/自建,NA
3278219,2021,2,2,自有/家人所有/自建,NA
3278286,2021,2,2,自有/家人所有/自建,NA
3278889,2021,4,4,租賃,"5,000-6,999元"
3278890,2021,6,6,租賃,"7,000-9,999元"
3279137,2021,5,5,自有/家人所有/自建,NA
3279304,2021,5,5,租賃,"7,000-9,999元"
3279466,2021,6,6,自有/家人所有/自建,NA
3279499,2021,5,5,租賃,"7,000-9,999元"
3279604,2021,1,1,租賃,"7,000-9,999元"
3279643,2021,6,6,租賃,"7,000-9,999元"
3279645,2021,2,2,自有/家人所有/自建,NA
4275291,2021,3,3,自有/家人所有/自建,NA
4275639,2021,3,1,自有/家人所有/自建,NA
4275750,2021,1,1,自有/家人所有/自建,NA
4275783,2021,2,2,自有/家人所有/自建,NA
4276657,2021,2,2,自有/家人所有/自建,NA
4276708,2021,5,4,自有/家人所有/自建,NA
4276724,2021,2,2,自有/家人所有/自建,NA
4276959,2021,5,1,租賃,"7,000-9,999元"
4277287,2021,2,2,租賃,"7,000-9,999元"
4278703,2021,2,2,租賃,"10,000-19,999元"
4278755,2021,3,1,自有/家人所有/自建,NA
4278806,2021,5,4,自有/家人所有/自建,NA
4279116,2021,3,3,自有/家人所有/自建,NA
4279127,2021,3,3,自有/家人所有/自建,NA
4279685,2021,5,5,自有/家人所有/自建,NA
4279766,2021,2,2,自有/家人所有/自建,NA
1283966,2021,2,2,租賃,"5,000-6,999元"
1284040,2021,5,5,租賃,"5,000-6,999元"
1284054,2021,6,6,租賃,"20,000元以上"
1284276,2021,6,5,租賃,"20,000元以上"
1284296,2021,6,1,借用,NA
1284385,2021,5,2,自有/家人所有/自建,NA
1284747,2021,1,1,租賃,"5,000-6,999元"
1284751,2021,7,7,租賃,"10,000-19,999元"
1284878,2021,5,4,租賃,"7,000-9,999元"
1285011,2021,6,1,自有/家人所有/自建,NA
1285088,2021,5,2,租賃,"20,000元以上"
2283996,2021,12,5,自有/家人所有/自建,NA
2284017,2021,5,4,自有/家人所有/自建,NA
2284124,2021,3,3,自有/家人所有/自建,NA
2284185,2021,7,1,自有/家人所有/自建,NA
2284229,2021,4,3,借用,NA
2284429,2021,5,1,自有/家人所有/自建,NA
2284527,2021,4,4,租賃,"7,000-9,999元"
2284564,2021,11,10,自有/家人所有/自建,NA
2284619,2021,5,2,自有/家人所有/自建,NA
2284648,2021,5,3,自有/家人所有/自建,NA
2284800,2021,5,5,自有/家人所有/自建,NA
2284832,2021,3,3,自有/家人所有/自建,NA
2285077,2021,6,1,自有/家人所有/自建,NA
3284085,2021,1,1,自有/家人所有/自建,NA
3284176,2021,6,2,自有/家人所有/自建,NA
3284238,2021,4,2,自有/家人所有/自建,NA
3284689,2021,4,4,租賃,"20,000元以上"
3284719,2021,6,6,自有/家人所有/自建,NA
3285057,2021,4,3,自有/家人所有/自建,NA
3285067,2021,3,3,租賃,"20,000元以上"
4283905,2021,5,5,借用,NA
4283971,2021,6,3,自有/家人所有/自建,NA
4284100,2021,6,3,自有/家人所有/自建,NA
4284237,2021,7,7,自有/家人所有/自建,NA
4284716,2021,6,5,租賃,"10,000-19,999元"
5284542,2021,3,2,租賃,"5,000-6,999元"
6284887,2021,6,6,租賃,"5,000-6,999元"
6285033,2021,6,1,自有/家人所有/自建,NA
7283893,2021,2,2,租賃,"5,000-6,999元"
7284245,2021,5,3,自有/家人所有/自建,NA
7284998,2021,7,6,自有/家人所有/自建,NA
8284021,2021,3,2,自有/家人所有/自建,NA
8284286,2021,3,1,自有/家人所有/自建,NA
9284083,2021,1,1,自有/家人所有/自建,NA
9284104,2021,6,1,自有/家人所有/自建,NA
9284134,2021,5,5,自有/家人所有/自建,NA
9284613,2021,4,3,租賃,"7,000-9,999元"
9284849,2021,7,5,租賃,"5,000-6,999元"
1286571,2021,2,1,自有/家人所有/自建,NA
1286578,2021,6,3,租賃,"7,000-9,999元"
1286639,2021,6,4,租賃,"10,000-19,999元"
1286665,2021,1,1,租賃,"7,000-9,999元"
1286673,2021,2,1,租賃,"3,000-4,999元"
1286735,2021,5,2,自有/家人所有/自建,NA
1286749,2021,5,3,自有/家人所有/自建,NA
1286765,2021,5,1,自有/家人所有/自建,NA
1286778,2021,2,1,自有/家人所有/自建,NA
1286789,2021,2,1,自有/家人所有/自建,NA
1286800,2021,2,1,自有/家人所有/自建,NA
1286807,2021,3,1,自有/家人所有/自建,NA
1286844,2021,3,2,自有/家人所有/自建,NA
1286856,2021,4,1,自有/家人所有/自建,NA
1286857,2021,1,1,自有/家人所有/自建,NA
1286864,2021,4,1,租賃,"7,000-9,999元"
1286914,2021,4,1,租賃,"20,000元以上"
1286965,2021,2,2,自有/家人所有/自建,NA
2286567,2021,4,2,租賃,"10,000-19,999元"
2286615,2021,3,1,自有/家人所有/自建,NA
2286648,2021,9,1,自有/家人所有/自建,NA
2286656,2021,5,4,配住,不需要支付租金
2286693,2021,4,3,自有/家人所有/自建,NA
2286711,2021,5,3,租賃,"7,000-9,999元"
2286716,2021,2,1,自有/家人所有/自建,NA
2286754,2021,2,1,借用,NA
2286787,2021,3,1,租賃,"3,000-4,999元"
2286810,2021,3,1,自有/家人所有/自建,NA
2286820,2021,7,3,自有/家人所有/自建,NA
2286904,2021,1,1,自有/家人所有/自建,NA
92230625,2021,7,7,自有/家人所有/自建,NA
92230626,2021,6,1,自有/家人所有/自建,NA
92230653,2021,3,3,租賃,"7,000-9,999元"
92230666,2021,6,6,租賃,"10,000-19,999元"
92230668,2021,4,4,租賃,"10,000-19,999元"
92230671,2021,5,5,租賃,"10,000-19,999元"
92230693,2021,3,3,租賃,"10,000-19,999元"
92230699,2021,5,5,配住,"未滿1,000元"
92230702,2021,1,1,借用,NA
92230706,2021,4,4,自有/家人所有/自建,NA
92230725,2021,4,4,自有/家人所有/自建,NA
92230743,2021,9,9,租賃,"10,000-19,999元"
92230765,2021,2,2,租賃,"10,000-19,999元"
92230769,2021,6,6,租賃,"10,000-19,999元"
92230770,2021,2,1,租賃,"7,000-9,999元"
92230785,2021,3,3,租賃,"10,000-19,999元"
92230854,2021,2,2,租賃,"7,000-9,999元"
92230860,2021,1,1,租賃,"7,000-9,999元"
92230862,2021,3,2,租賃,"10,000-19,999元"
92230866,2021,3,3,租賃,"3,000-4,999元"
92230894,2021,4,4,租賃,"10,000-19,999元"
92230907,2021,2,2,自有/家人所有/自建,NA
92230909,2021,4,1,自有/家人所有/自建,NA
92230912,2021,1,1,借用,NA
92230942,2021,2,1,自有/家人所有/自建,NA
92230948,2021,1,1,租賃,"3,000-4,999元"
92230960,2021,3,3,租賃,"10,000-19,999元"
92240970,2021,1,1,租賃,"10,000-19,999元"
92240973,2021,5,4,租賃,"10,000-19,999元"
92240976,2021,1,1,自有/家人所有/自建,NA
92240978,2021,3,3,自有/家人所有/自建,NA
92240982,2021,1,1,自有/家人所有/自建,NA
92240996,2021,3,2,租賃,"5,000-6,999元"
92240997,2021,5,5,租賃,"10,000-19,999元"
92241023,2021,3,2,配住,不需要支付租金
92241029,2021,1,1,自有/家人所有/自建,NA
92241034,2021,1,1,自有/家人所有/自建,NA
92241037,2021,7,3,自有/家人所有/自建,NA
92241038,2021,1,1,租賃,"10,000-19,999元"
92241048,2021,1,1,租賃,"1,000-2,999元"
92241070,2021,1,1,租賃,"3,000-4,999元"
92241075,2021,5,4,自有/家人所有/自建,NA
92241079,2021,4,2,自有/家人所有/自建,NA
92241113,2021,4,4,租賃,"10,000-19,999元"
92241158,2021,2,1,自有/家人所有/自建,NA
92241181,2021,1,1,自有/家人所有/自建,NA
92110007,2021,1,1,自有/家人所有/自建,NA
92110011,2021,5,5,租賃,"5,000-6,999元"
92110016,2021,1,1,配住,不需要支付租金
92110023,2021,1,1,配住,不需要支付租金
92110030,2021,1,1,租賃,"5,000-6,999元"
92110034,2021,2,2,租賃,"10,000-19,999元"
92110041,2021,4,3,自有/家人所有/自建,NA
92110042,2021,4,4,配住,不需要支付租金
92110045,2021,3,2,租賃,"5,000-6,999元"
92110050,2021,1,1,借用,NA
92110055,2021,1,1,租賃,"5,000-6,999元"
92110057,2021,2,1,租賃,"7,000-9,999元"
92110058,2021,1,1,租賃,"5,000-6,999元"
92110063,2021,2,2,租賃,"7,000-9,999元"
92110075,2021,3,1,自有/家人所有/自建,NA
92110076,2021,4,4,租賃,"7,000-9,999元"
92110082,2021,4,3,租賃,"3,000-4,999元"
92110085,2021,4,1,租賃,"10,000-19,999元"
92110092,2021,2,1,租賃,"1,000-2,999元"
92110098,2021,1,1,配住,不需要支付租金
92110632,2021,7,2,自有/家人所有/自建,NA
92120106,2021,1,1,租賃,"7,000-9,999元"
92120113,2021,2,2,租賃,"5,000-6,999元"
92120115,2021,1,1,配住,不需要支付租金
92120116,2021,3,3,租賃,"10,000-19,999元"
92120140,2021,2,2,租賃,"10,000-19,999元"
92120149,2021,1,1,租賃,"7,000-9,999元"
92120172,2021,2,1,自有/家人所有/自建,NA
92130193,2021,4,3,租賃,"7,000-9,999元"
92140235,2021,6,4,租賃,"10,000-19,999元"
