Survey Year,sample_definition,Variable,Category,Count,Percentage,Missing N,Missing %
2002,full_sample,EDU,不識字/自修,1098,0.08373369938229239,0,0
2002,full_sample,EDU,國(初)中,2644,0.20163196827575688,0,0
2002,full_sample,EDU,國小,4619,0.35224586288416077,0,0
2002,full_sample,EDU,專科以上,1234,0.09410508655532678,0,0
2002,full_sample,EDU,高中職,3518,0.26828338290246323,0,0
2002,full_sample,EXP_EDU_BOOKS_COMBINED_EXPENDITURE,1千~未滿3千元,1279,0.19854082583048743,6671,0.5087317928772973
2002,full_sample,EXP_EDU_BOOKS_COMBINED_EXPENDITURE,1萬元以上,233,0.03616889164855635,6671,0.5087317928772973
2002,full_sample,EXP_EDU_BOOKS_COMBINED_EXPENDITURE,3千~未滿5千元,641,0.0995032598571872,6671,0.5087317928772973
2002,full_sample,EXP_EDU_BOOKS_COMBINED_EXPENDITURE,5千~未滿7千元,351,0.05448618441477802,6671,0.5087317928772973
2002,full_sample,EXP_EDU_BOOKS_COMBINED_EXPENDITURE,7千~未滿1萬元,278,0.043154299906861225,6671,0.5087317928772973
2002,full_sample,EXP_EDU_BOOKS_COMBINED_EXPENDITURE,未滿1千元,1119,0.17370381868984788,6671,0.5087317928772973
2002,full_sample,EXP_EDU_BOOKS_COMBINED_EXPENDITURE,無此消費,2541,0.3944427196522819,6671,0.5087317928772973
2002,full_sample,EXP_TRAVEL_EXPENDITURE,1千~未滿3千元,829,0.1280902348578492,6641,0.5064439868832457
2002,full_sample,EXP_TRAVEL_EXPENDITURE,1萬元以上,44,0.006798516687268232,6641,0.5064439868832457
2002,full_sample,EXP_TRAVEL_EXPENDITURE,3千~未滿5千元,365,0.056396786155747836,6641,0.5064439868832457
2002,full_sample,EXP_TRAVEL_EXPENDITURE,5千~未滿7千元,119,0.01838689740420272,6641,0.5064439868832457
2002,full_sample,EXP_TRAVEL_EXPENDITURE,7千~未滿1萬元,62,0.009579728059332509,6641,0.5064439868832457
2002,full_sample,EXP_TRAVEL_EXPENDITURE,未滿1千元,837,0.12932632880098888,6641,0.5064439868832457
2002,full_sample,EXP_TRAVEL_EXPENDITURE,無此消費,4216,0.6514215080346106,6641,0.5064439868832457
2002,full_sample,HOUSE_BELONG,借用,354,0.027016713729680227,10,7.626019980172348e-4
2002,full_sample,HOUSE_BELONG,租賃,2072,0.1581317255590323,10,7.626019980172348e-4
2002,full_sample,HOUSE_BELONG,自有/家人所有/自建,10456,0.797985194230329,10,7.626019980172348e-4
2002,full_sample,HOUSE_BELONG,配住,221,0.01686636648095856,10,7.626019980172348e-4
2002,full_sample,INC_FAM_OTHER_INCOME,1萬~未滿2萬元,798,0.060855639441775335,0,0
2002,full_sample,INC_FAM_OTHER_INCOME,5千~未滿1萬元,838,0.06390604743384427,0,0
2002,full_sample,INC_FAM_OTHER_INCOME,5萬~未滿6萬元,357,0.02722489132921528,0,0
2002,full_sample,INC_FAM_OTHER_INCOME,6萬元以上,261,0.01990391214824983,0,0
2002,full_sample,INC_FAM_OTHER_INCOME,未滿5千元,915,0.06977808281857699,0,0
2002,full_sample,INC_FAM_OTHER_INCOME,無此收入,9944,0.7583314268283383,0,0
2002,full_sample,MALE,男性,7901,0.6025318386334172,0,0
2002,full_sample,MALE,非男性,5212,0.3974681613665828,0,0
2002,full_sample,RACE,卑南族,401,0.030580340120491115,0,0
2002,full_sample,RACE,噶瑪蘭族,5,3.813009990086174e-4,0,0
2002,full_sample,RACE,布農族,1336,0.10188362693510257,0,0
2002,full_sample,RACE,排灣族,2511,0.19148936170212766,0,0
2002,full_sample,RACE,泰雅族,3069,0.23404255319148937,0,0
2002,full_sample,RACE,賽夏族,185,0.014108136963318843,0,0
2002,full_sample,RACE,邵族,28,0.0021352855944482573,0,0
2002,full_sample,RACE,鄒族,187,0.01426065736292229,0,0
2002,full_sample,RACE,阿美族,4931,0.3760390452222985,0,0
2002,full_sample,RACE,雅美族/達悟族,124,0.009456264775413711,0,0
2002,full_sample,RACE,魯凱族,336,0.02562342713337909,0,0
2002,full_sample,RENT,"20,000元以上",43,0.2866666666666667,12963,0.9885609700297415
2002,full_sample,RENT,"未滿1,000元",107,0.7133333333333334,12963,0.9885609700297415
2006,full_sample,EDU,不知道/拒答,11,0.0018293696989855313,0,0
2006,full_sample,EDU,不識字/自修,491,0.08165641110926326,0,0
2006,full_sample,EDU,國(初)中,1120,0.18626309662398138,0,0
2006,full_sample,EDU,國小,1767,0.2938632961915849,0,0
2006,full_sample,EDU,專科以上,752,0.12506236487610178,0,0
2006,full_sample,EDU,高中職,1872,0.31132546150008317,0,0
2006,full_sample,EXP_ALCOHOL_EXPENDITURE,"1,000-1,999 元",961,0.16972801130342635,351,0.05837352403126559
2006,full_sample,EXP_ALCOHOL_EXPENDITURE,"10,000-14,999 元",2,3.5323207347227127e-4,351,0.05837352403126559
2006,full_sample,EXP_ALCOHOL_EXPENDITURE,"15,000-19,999 元",3,5.298481102084069e-4,351,0.05837352403126559
2006,full_sample,EXP_ALCOHOL_EXPENDITURE,"2,000-2,999 元",1140,0.20134228187919462,351,0.05837352403126559
2006,full_sample,EXP_ALCOHOL_EXPENDITURE,"20,000-29,999 元",4,7.064641469445425e-4,351,0.05837352403126559
2006,full_sample,EXP_ALCOHOL_EXPENDITURE,"3,000-3,999 元",36,0.006358177322500883,351,0.05837352403126559
2006,full_sample,EXP_ALCOHOL_EXPENDITURE,"4,000-4,999 元",217,0.03832567997174143,351,0.05837352403126559
2006,full_sample,EXP_ALCOHOL_EXPENDITURE,"5,000-6,999 元",132,0.023313316849169905,351,0.05837352403126559
2006,full_sample,EXP_ALCOHOL_EXPENDITURE,"7,000-9,999 元",29,0.005121865065347933,351,0.05837352403126559
2006,full_sample,EXP_ALCOHOL_EXPENDITURE,999元及以下,972,0.17167078770752384,351,0.05837352403126559
2006,full_sample,EXP_ALCOHOL_EXPENDITURE,沒有這項支出,2166,0.3825503355704698,351,0.05837352403126559
2006,full_sample,EXP_CARE_EXPENDITURE,"1,000-1,999元",108,0.01796108431731249,0,0
2006,full_sample,EXP_CARE_EXPENDITURE,"10,000-14,999元",29,0.004822883751870947,0,0
2006,full_sample,EXP_CARE_EXPENDITURE,"15,000-19,999元",7,0.0011641443538998836,0,0
2006,full_sample,EXP_CARE_EXPENDITURE,"2,000-2,999元",84,0.013969732246798603,0,0
2006,full_sample,EXP_CARE_EXPENDITURE,"20,000-29,999元",4,6.652253450856477e-4,0,0
2006,full_sample,EXP_CARE_EXPENDITURE,"3,000-3,999元",178,0.029602527856311324,0,0
2006,full_sample,EXP_CARE_EXPENDITURE,"30,000元及以上，請記錄____元",1,1.6630633627141194e-4,0,0
2006,full_sample,EXP_CARE_EXPENDITURE,"4,000-4,999元",63,0.010477299185098952,0,0
2006,full_sample,EXP_CARE_EXPENDITURE,"5,000-6,999元",34,0.005654415433228006,0,0
2006,full_sample,EXP_CARE_EXPENDITURE,"7,000-9,999元",33,0.005488109096956594,0,0
2006,full_sample,EXP_CARE_EXPENDITURE,999元及以下,115,0.01912522867121237,0,0
2006,full_sample,EXP_CARE_EXPENDITURE,不知道/拒答,71,0.011807749875270248,0,0
2006,full_sample,EXP_CARE_EXPENDITURE,沒有這項支出,5286,0.8790952935306835,0,0
2006,full_sample,EXP_CLEANING_EXPENDITURE,"1,000-1,999元",69,0.011571356699647829,50,0.008315316813570598
2006,full_sample,EXP_CLEANING_EXPENDITURE,"10,000-14,999元",9,0.0015093073956062384,50,0.008315316813570598
2006,full_sample,EXP_CLEANING_EXPENDITURE,"15,000-19,999 元",4,6.70803286936106e-4,50,0.008315316813570598
2006,full_sample,EXP_CLEANING_EXPENDITURE,"2,000-2,999 元",18,0.003018614791212477,50,0.008315316813570598
2006,full_sample,EXP_CLEANING_EXPENDITURE,"20,000-29,999元",2,3.35401643468053e-4,50,0.008315316813570598
2006,full_sample,EXP_CLEANING_EXPENDITURE,"3,000-3,999元",10,0.001677008217340265,50,0.008315316813570598
2006,full_sample,EXP_CLEANING_EXPENDITURE,"30,000元及以上，請記錄 元",1,1.677008217340265e-4,50,0.008315316813570598
2006,full_sample,EXP_CLEANING_EXPENDITURE,"4,000-4,999 元",10,0.001677008217340265,50,0.008315316813570598
2006,full_sample,EXP_CLEANING_EXPENDITURE,"5,000-6,999元",1,1.677008217340265e-4,50,0.008315316813570598
2006,full_sample,EXP_CLEANING_EXPENDITURE,"7,000-9,999 元",11,0.0018447090390742915,50,0.008315316813570598
2006,full_sample,EXP_CLEANING_EXPENDITURE,999元及以下,166,0.0278383364078484,50,0.008315316813570598
2006,full_sample,EXP_CLEANING_EXPENDITURE,沒有這項支出,5662,0.949522052658058,50,0.008315316813570598
2006,full_sample,EXP_CLOTHING_EXPENDITURE,"1,000-1,999元",874,0.14535173790121403,0,0
2006,full_sample,EXP_CLOTHING_EXPENDITURE,"10,000-14,999元",1,1.6630633627141194e-4,0,0
2006,full_sample,EXP_CLOTHING_EXPENDITURE,"15,000-19,999元",3,4.989190088142358e-4,0,0
2006,full_sample,EXP_CLOTHING_EXPENDITURE,"2,000-2,999元",472,0.07849659072010644,0,0
2006,full_sample,EXP_CLOTHING_EXPENDITURE,"3,000-3,999元",406,0.06752037252619325,0,0
2006,full_sample,EXP_CLOTHING_EXPENDITURE,"4,000-4,999元",113,0.01879261599866955,0,0
2006,full_sample,EXP_CLOTHING_EXPENDITURE,"5,000-6,999元",18,0.002993514052885415,0,0
2006,full_sample,EXP_CLOTHING_EXPENDITURE,"7,000-9,999元",38,0.006319640778313654,0,0
2006,full_sample,EXP_CLOTHING_EXPENDITURE,999元及以下,2056,0.34192582737402294,0,0
2006,full_sample,EXP_CLOTHING_EXPENDITURE,不知道/拒答,404,0.06718775985365043,0,0
2006,full_sample,EXP_CLOTHING_EXPENDITURE,沒有這項支出,1628,0.2707467154498586,0,0
2006,full_sample,EXP_EDU_BOOKS_COMBINED_EXPENDITURE,"1,000-1,999元",506,0.08415100615333444,0,0
2006,full_sample,EXP_EDU_BOOKS_COMBINED_EXPENDITURE,"10,000-14,999元",59,0.009812073840013305,0,0
2006,full_sample,EXP_EDU_BOOKS_COMBINED_EXPENDITURE,"15,000-19,999元",27,0.004490271079328123,0,0
2006,full_sample,EXP_EDU_BOOKS_COMBINED_EXPENDITURE,1e+05,1,1.6630633627141194e-4,0,0
2006,full_sample,EXP_EDU_BOOKS_COMBINED_EXPENDITURE,"2,000-2,999元",389,0.06469316480957925,0,0
2006,full_sample,EXP_EDU_BOOKS_COMBINED_EXPENDITURE,"20,000-29,999元",9,0.0014967570264427074,0,0
2006,full_sample,EXP_EDU_BOOKS_COMBINED_EXPENDITURE,"3,000-3,999元",286,0.047563612173623815,0,0
2006,full_sample,EXP_EDU_BOOKS_COMBINED_EXPENDITURE,"30,000元及以上，請記錄____元",3,4.989190088142358e-4,0,0
2006,full_sample,EXP_EDU_BOOKS_COMBINED_EXPENDITURE,34166,1,1.6630633627141194e-4,0,0
2006,full_sample,EXP_EDU_BOOKS_COMBINED_EXPENDITURE,35000,1,1.6630633627141194e-4,0,0
2006,full_sample,EXP_EDU_BOOKS_COMBINED_EXPENDITURE,"4,000-4,999元",198,0.03292865458173956,0,0
2006,full_sample,EXP_EDU_BOOKS_COMBINED_EXPENDITURE,"5,000-6,999元",361,0.06003658739397971,0,0
2006,full_sample,EXP_EDU_BOOKS_COMBINED_EXPENDITURE,"7,000-9,999元",426,0.07084649925162148,0,0
2006,full_sample,EXP_EDU_BOOKS_COMBINED_EXPENDITURE,999元及以下,614,0.10211209047064693,0,0
2006,full_sample,EXP_EDU_BOOKS_COMBINED_EXPENDITURE,不知道/拒答,268,0.0445700981207384,0,0
2006,full_sample,EXP_EDU_BOOKS_COMBINED_EXPENDITURE,沒有這項支出,2864,0.4763013470813238,0,0
2006,full_sample,EXP_FOOD_EXPENDITURE,"10,000-14,999元",1012,0.1894776259127504,672,0.11175785797438882
2006,full_sample,EXP_FOOD_EXPENDITURE,"15,000-19,999 元",501,0.09380265867815016,672,0.11175785797438882
2006,full_sample,EXP_FOOD_EXPENDITURE,"2,999 元及以下",709,0.1327466766523123,672,0.11175785797438882
2006,full_sample,EXP_FOOD_EXPENDITURE,"20,000-29,999 元",340,0.0636584909193035,672,0.11175785797438882
2006,full_sample,EXP_FOOD_EXPENDITURE,"3,000-4,999 元",956,0.17899269799662984,672,0.11175785797438882
2006,full_sample,EXP_FOOD_EXPENDITURE,"30,000-39,999 元",76,0.014229545029020782,672,0.11175785797438882
2006,full_sample,EXP_FOOD_EXPENDITURE,"40,000-49,999 元",7,0.001310615989515072,672,0.11175785797438882
2006,full_sample,EXP_FOOD_EXPENDITURE,"5,000-9,999 元",1659,0.3106159895150721,672,0.11175785797438882
2006,full_sample,EXP_FOOD_EXPENDITURE,"50,000-59,999 元",5,9.361542782250515e-4,672,0.11175785797438882
2006,full_sample,EXP_FOOD_EXPENDITURE,"60,000-69,999 元",1,1.872308556450103e-4,672,0.11175785797438882
2006,full_sample,EXP_FOOD_EXPENDITURE,沒有這項支出,75,0.014042314173375772,672,0.11175785797438882
2006,full_sample,EXP_FURNITURE_EXPENDITURE,"1,000-1,999元",442,0.07350740063196408,0,0
2006,full_sample,EXP_FURNITURE_EXPENDITURE,"10,000-14,999元",4,6.652253450856477e-4,0,0
2006,full_sample,EXP_FURNITURE_EXPENDITURE,"15,000-19,999元",1,1.6630633627141194e-4,0,0
2006,full_sample,EXP_FURNITURE_EXPENDITURE,"2,000-2,999元",181,0.030101446865125562,0,0
2006,full_sample,EXP_FURNITURE_EXPENDITURE,"20,000-29,999元",5,8.315316813570597e-4,0,0
2006,full_sample,EXP_FURNITURE_EXPENDITURE,"3,000-3,999元",104,0.01729585897222684,0,0
2006,full_sample,EXP_FURNITURE_EXPENDITURE,33000,1,1.6630633627141194e-4,0,0
2006,full_sample,EXP_FURNITURE_EXPENDITURE,"4,000-4,999元",92,0.015300182936969898,0,0
2006,full_sample,EXP_FURNITURE_EXPENDITURE,"5,000-6,999元",19,0.003159820389156827,0,0
2006,full_sample,EXP_FURNITURE_EXPENDITURE,"7,000-9,999元",26,0.00432396474305671,0,0
2006,full_sample,EXP_FURNITURE_EXPENDITURE,999元及以下,943,0.15682687510394147,0,0
2006,full_sample,EXP_FURNITURE_EXPENDITURE,不知道/拒答,323,0.053716946615666054,0,0
2006,full_sample,EXP_FURNITURE_EXPENDITURE,沒有這項支出,3872,0.643938134042907,0,0
2006,full_sample,EXP_HOUSING_UTIL_EXPENDITURE,"10,000-14,999 元",379,0.06766648812712016,412,0.06851821054382172
2006,full_sample,EXP_HOUSING_UTIL_EXPENDITURE,"15,000-19,999 元",101,0.01803249419746474,412,0.06851821054382172
2006,full_sample,EXP_HOUSING_UTIL_EXPENDITURE,"20,000-29,999 元",73,0.013033386895197287,412,0.06851821054382172
2006,full_sample,EXP_HOUSING_UTIL_EXPENDITURE,"3,000-4,999 元",1293,0.23085163363685057,412,0.06851821054382172
2006,full_sample,EXP_HOUSING_UTIL_EXPENDITURE,"30,000-39,999 元",9,0.0016068559185859668,412,0.06851821054382172
2006,full_sample,EXP_HOUSING_UTIL_EXPENDITURE,"40,000-49,999 元",4,7.141581860382074e-4,412,0.06851821054382172
2006,full_sample,EXP_HOUSING_UTIL_EXPENDITURE,"5,000-9,999 元",893,0.1594358150330298,412,0.06851821054382172
2006,full_sample,EXP_HOUSING_UTIL_EXPENDITURE,"50,000-59,999 元",2,3.570790930191037e-4,412,0.06851821054382172
2006,full_sample,EXP_HOUSING_UTIL_EXPENDITURE,999 元及以下,2796,0.499196572040707,412,0.06851821054382172
2006,full_sample,EXP_HOUSING_UTIL_EXPENDITURE,沒有這項支出,51,0.009105516871987145,412,0.06851821054382172
2006,full_sample,EXP_LOAN_INTEREST_EXPENDITURE,"1,000-1,999元",37,0.006153334442042242,0,0
2006,full_sample,EXP_LOAN_INTEREST_EXPENDITURE,"10,000-14,999元",341,0.05671046066855147,0,0
2006,full_sample,EXP_LOAN_INTEREST_EXPENDITURE,"15,000-19,999元",158,0.026276401130883087,0,0
2006,full_sample,EXP_LOAN_INTEREST_EXPENDITURE,"2,000-2,999元",134,0.0222850490603692,0,0
2006,full_sample,EXP_LOAN_INTEREST_EXPENDITURE,"20,000-29,999元",127,0.021120904706469316,0,0
2006,full_sample,EXP_LOAN_INTEREST_EXPENDITURE,"3,000-3,999元",225,0.037418925661067685,0,0
2006,full_sample,EXP_LOAN_INTEREST_EXPENDITURE,"30,000元及以上，請記錄____元",8,0.0013304506901712955,0,0
2006,full_sample,EXP_LOAN_INTEREST_EXPENDITURE,30000,4,6.652253450856477e-4,0,0
2006,full_sample,EXP_LOAN_INTEREST_EXPENDITURE,"4,000-4,999元",105,0.017462165308498253,0,0
2006,full_sample,EXP_LOAN_INTEREST_EXPENDITURE,"5,000-6,999元",186,0.03093297854648262,0,0
2006,full_sample,EXP_LOAN_INTEREST_EXPENDITURE,"7,000-9,999元",854,0.1420256111757858,0,0
2006,full_sample,EXP_LOAN_INTEREST_EXPENDITURE,999元及以下,39,0.006485947114585066,0,0
2006,full_sample,EXP_LOAN_INTEREST_EXPENDITURE,不知道/拒答,206,0.03425910527191086,0,0
2006,full_sample,EXP_LOAN_INTEREST_EXPENDITURE,沒有這項支出,3589,0.5968734408780975,0,0
2006,full_sample,EXP_MEDICAL_EXPENDITURE,"1,000-1,999 元",911,0.17247254827716774,731,0.12156993181440214
2006,full_sample,EXP_MEDICAL_EXPENDITURE,"10,000-14,999 元",174,0.03294206739871261,731,0.12156993181440214
2006,full_sample,EXP_MEDICAL_EXPENDITURE,"15,000-19,999 元",41,0.007762211283604695,731,0.12156993181440214
2006,full_sample,EXP_MEDICAL_EXPENDITURE,"2,000-2,999 元",601,0.11378265808405907,731,0.12156993181440214
2006,full_sample,EXP_MEDICAL_EXPENDITURE,"20,000-29,999 元",23,0.004354411207875805,731,0.12156993181440214
2006,full_sample,EXP_MEDICAL_EXPENDITURE,"3,000-3,999 元",366,0.0692919348731541,731,0.12156993181440214
2006,full_sample,EXP_MEDICAL_EXPENDITURE,"30,000 元及以上，請記錄________元",7,0.0013252555850056798,731,0.12156993181440214
2006,full_sample,EXP_MEDICAL_EXPENDITURE,"4,000-4,999 元",210,0.03975766755017039,731,0.12156993181440214
2006,full_sample,EXP_MEDICAL_EXPENDITURE,"5,000-6,999 元",341,0.06455887921241954,731,0.12156993181440214
2006,full_sample,EXP_MEDICAL_EXPENDITURE,"7,000-9,999 元",335,0.06342294585384324,731,0.12156993181440214
2006,full_sample,EXP_MEDICAL_EXPENDITURE,999元及以下,1829,0.34627035213934115,731,0.12156993181440214
2006,full_sample,EXP_MEDICAL_EXPENDITURE,沒有這項支出,444,0.08405906853464597,731,0.12156993181440214
2006,full_sample,EXP_OTHER_EXPENDITURE,"1,000-1,999元",556,0.09246632296690505,0,0
2006,full_sample,EXP_OTHER_EXPENDITURE,"10,000-14,999元",8,0.0013304506901712955,0,0
2006,full_sample,EXP_OTHER_EXPENDITURE,"15,000-19,999元",1,1.6630633627141194e-4,0,0
2006,full_sample,EXP_OTHER_EXPENDITURE,"2,000-2,999元",285,0.0473973058373524,0,0
2006,full_sample,EXP_OTHER_EXPENDITURE,"20,000-29,999元",1,1.6630633627141194e-4,0,0
2006,full_sample,EXP_OTHER_EXPENDITURE,"3,000-3,999元",83,0.013803425910527191,0,0
2006,full_sample,EXP_OTHER_EXPENDITURE,"4,000-4,999元",47,0.007816397804756361,0,0
2006,full_sample,EXP_OTHER_EXPENDITURE,"5,000-6,999元",30,0.004989190088142358,0,0
2006,full_sample,EXP_OTHER_EXPENDITURE,"7,000-9,999元",12,0.0019956760352569432,0,0
2006,full_sample,EXP_OTHER_EXPENDITURE,999元及以下,1067,0.17744886080159655,0,0
2006,full_sample,EXP_OTHER_EXPENDITURE,不知道/拒答,168,0.027939464493597205,0,0
2006,full_sample,EXP_OTHER_EXPENDITURE,沒有這項支出,3755,0.6244802926991518,0,0
2006,full_sample,EXP_TAX_INS_GIFT_EXPENDITURE,"1,000-1,999元",730,0.1524008350730689,1223,0.2033926492599368
2006,full_sample,EXP_TAX_INS_GIFT_EXPENDITURE,"10,000-14,999 元",19,0.003966597077244259,1223,0.2033926492599368
2006,full_sample,EXP_TAX_INS_GIFT_EXPENDITURE,"15,000-19,999 元",3,6.263048016701461e-4,1223,0.2033926492599368
2006,full_sample,EXP_TAX_INS_GIFT_EXPENDITURE,"2,000-2,999 元",866,0.18079331941544885,1223,0.2033926492599368
2006,full_sample,EXP_TAX_INS_GIFT_EXPENDITURE,"20,000-29,999 元",1,2.0876826722338206e-4,1223,0.2033926492599368
2006,full_sample,EXP_TAX_INS_GIFT_EXPENDITURE,"3,000-3,999 元",731,0.15260960334029228,1223,0.2033926492599368
2006,full_sample,EXP_TAX_INS_GIFT_EXPENDITURE,"4,000-4,999 元",532,0.11106471816283925,1223,0.2033926492599368
2006,full_sample,EXP_TAX_INS_GIFT_EXPENDITURE,"5,000-6,999 元",804,0.16784968684759916,1223,0.2033926492599368
2006,full_sample,EXP_TAX_INS_GIFT_EXPENDITURE,"7,000-9,999 元",403,0.08413361169102296,1223,0.2033926492599368
2006,full_sample,EXP_TAX_INS_GIFT_EXPENDITURE,999 元及以下,537,0.11210855949895616,1223,0.2033926492599368
2006,full_sample,EXP_TAX_INS_GIFT_EXPENDITURE,沒有這項支出,164,0.03423799582463465,1223,0.2033926492599368
2006,full_sample,EXP_TRANSPORT_COMM_EXPENDITURE,"1,000-1,999 元",775,0.14322676030308631,602,0.10011641443538999
2006,full_sample,EXP_TRANSPORT_COMM_EXPENDITURE,"10,000-14,999 元",415,0.07669562003326558,602,0.10011641443538999
2006,full_sample,EXP_TRANSPORT_COMM_EXPENDITURE,"15,000-19,999 元",130,0.024025133986324155,602,0.10011641443538999
2006,full_sample,EXP_TRANSPORT_COMM_EXPENDITURE,"2,000-2,999 元",764,0.14119386435039735,602,0.10011641443538999
2006,full_sample,EXP_TRANSPORT_COMM_EXPENDITURE,"20,000-29,999 元",11,0.002032895952688967,602,0.10011641443538999
2006,full_sample,EXP_TRANSPORT_COMM_EXPENDITURE,"3,000-3,999 元",618,0.11421179079652559,602,0.10011641443538999
2006,full_sample,EXP_TRANSPORT_COMM_EXPENDITURE,"30,000 元及以上，請記錄________元",2,3.6961744594344855e-4,602,0.10011641443538999
2006,full_sample,EXP_TRANSPORT_COMM_EXPENDITURE,"4,000-4,999 元",470,0.0868600997967104,602,0.10011641443538999
2006,full_sample,EXP_TRANSPORT_COMM_EXPENDITURE,"5,000-6,999 元",899,0.1661430419515801,602,0.10011641443538999
2006,full_sample,EXP_TRANSPORT_COMM_EXPENDITURE,"7,000-9,999 元",516,0.09536130105340972,602,0.10011641443538999
2006,full_sample,EXP_TRANSPORT_COMM_EXPENDITURE,999 元及以下,769,0.14211790796525595,602,0.10011641443538999
2006,full_sample,EXP_TRANSPORT_COMM_EXPENDITURE,沒有這項支出,42,0.007761966364812419,602,0.10011641443538999
2006,full_sample,EXP_TRAVEL_EXPENDITURE,"1,000-1,999元",243,0.0404124397139531,0,0
2006,full_sample,EXP_TRAVEL_EXPENDITURE,"10,000-14,999元",14,0.002328288707799767,0,0
2006,full_sample,EXP_TRAVEL_EXPENDITURE,"15,000-19,999元",7,0.0011641443538998836,0,0
2006,full_sample,EXP_TRAVEL_EXPENDITURE,"2,000-2,999元",168,0.027939464493597205,0,0
2006,full_sample,EXP_TRAVEL_EXPENDITURE,"20,000-29,999元",7,0.0011641443538998836,0,0
2006,full_sample,EXP_TRAVEL_EXPENDITURE,"3,000-3,999元",72,0.01197405621154166,0,0
2006,full_sample,EXP_TRAVEL_EXPENDITURE,"4,000-4,999元",99,0.01646432729086978,0,0
2006,full_sample,EXP_TRAVEL_EXPENDITURE,"5,000-6,999元",115,0.01912522867121237,0,0
2006,full_sample,EXP_TRAVEL_EXPENDITURE,50000,2,3.326126725428239e-4,0,0
2006,full_sample,EXP_TRAVEL_EXPENDITURE,60000,1,1.6630633627141194e-4,0,0
2006,full_sample,EXP_TRAVEL_EXPENDITURE,"7,000-9,999元",11,0.0018293696989855313,0,0
2006,full_sample,EXP_TRAVEL_EXPENDITURE,999元及以下,361,0.06003658739397971,0,0
2006,full_sample,EXP_TRAVEL_EXPENDITURE,不知道/拒答,82,0.01363711957425578,0,0
2006,full_sample,EXP_TRAVEL_EXPENDITURE,沒有這項支出,4831,0.803425910527191,0,0
2006,full_sample,HOUSE_BELONG,借用,265,0.044151949350216595,11,0.0018293696989855313
2006,full_sample,HOUSE_BELONG,租賃,852,0.14195268243918693,11,0.0018293696989855313
2006,full_sample,HOUSE_BELONG,自有/家人所有/自建,4797,0.7992335888037321,11,0.0018293696989855313
2006,full_sample,HOUSE_BELONG,配住,88,0.014661779406864379,11,0.0018293696989855313
2006,full_sample,INC_FAM_GOV_INCOME,"1,000-1,999 元",52,0.008956252152945229,207,0.03442541160818227
2006,full_sample,INC_FAM_GOV_INCOME,"10,000-14,999 元",166,0.028591112642094386,207,0.03442541160818227
2006,full_sample,INC_FAM_GOV_INCOME,"15,000-19,999 元",34,0.0058560110230795725,207,0.03442541160818227
2006,full_sample,INC_FAM_GOV_INCOME,"2,000-3,999 元",1022,0.17602480192903894,207,0.03442541160818227
2006,full_sample,INC_FAM_GOV_INCOME,"20,000-29,999 元",22,0.0037891836031691355,207,0.03442541160818227
2006,full_sample,INC_FAM_GOV_INCOME,"30,000 元及以上，請記錄________元",8,0.0013778849466069584,207,0.03442541160818227
2006,full_sample,INC_FAM_GOV_INCOME,"4,000-5,999元",425,0.07320013778849466,207,0.03442541160818227
2006,full_sample,INC_FAM_GOV_INCOME,"6,000-7,999 元",359,0.061832586978987254,207,0.03442541160818227
2006,full_sample,INC_FAM_GOV_INCOME,"8,000-9,999 元",112,0.019290389252497417,207,0.03442541160818227
2006,full_sample,INC_FAM_GOV_INCOME,999 元及以下,51,0.00878401653461936,207,0.03442541160818227
2006,full_sample,INC_FAM_GOV_INCOME,沒有這項收入,3555,0.6122976231484671,207,0.03442541160818227
2006,full_sample,INC_FAM_INTEREST_INCOME,"10,000-14,999 元",30,0.005126452494873548,161,0.02677532013969732
2006,full_sample,INC_FAM_INTEREST_INCOME,"15,000-19,999 元",19,0.003246753246753247,161,0.02677532013969732
2006,full_sample,INC_FAM_INTEREST_INCOME,"20,000-29,999 元",16,0.002734107997265892,161,0.02677532013969732
2006,full_sample,INC_FAM_INTEREST_INCOME,"30,000 元及以上，請記錄________元",14,0.0023923444976076554,161,0.02677532013969732
2006,full_sample,INC_FAM_INTEREST_INCOME,"4,999元及以下",105,0.017942583732057416,161,0.02677532013969732
2006,full_sample,INC_FAM_INTEREST_INCOME,"5,000-9,999元",80,0.01367053998632946,161,0.02677532013969732
2006,full_sample,INC_FAM_INTEREST_INCOME,沒有這項收入,5588,0.9548872180451128,161,0.02677532013969732
2006,full_sample,INC_FAM_OTHER_INCOME,"10,000-14,999元",96,0.015965408282055546,0,0
2006,full_sample,INC_FAM_OTHER_INCOME,"15,000-19,999元",84,0.013969732246798603,0,0
2006,full_sample,INC_FAM_OTHER_INCOME,"20,000-24,999元",34,0.005654415433228006,0,0
2006,full_sample,INC_FAM_OTHER_INCOME,"25,000-29,999元",15,0.002494595044071179,0,0
2006,full_sample,INC_FAM_OTHER_INCOME,"30,000-39,999元",6,9.978380176284716e-4,0,0
2006,full_sample,INC_FAM_OTHER_INCOME,"4,999元及以下",353,0.05870613670380841,0,0
2006,full_sample,INC_FAM_OTHER_INCOME,"40,000-49,999元",2,3.326126725428239e-4,0,0
2006,full_sample,INC_FAM_OTHER_INCOME,"5,000-9,999元",173,0.028770996174954266,0,0
2006,full_sample,INC_FAM_OTHER_INCOME,"50,000-59,999元",2,3.326126725428239e-4,0,0
2006,full_sample,INC_FAM_OTHER_INCOME,不知道/拒答,105,0.017462165308498253,0,0
2006,full_sample,INC_FAM_OTHER_INCOME,沒有這項收入,5143,0.8553134874438716,0,0
2006,full_sample,INC_FAM_RENT_INCOME,"10,000-14,999 元",21,0.0035419126328217238,84,0.013969732246798603
2006,full_sample,INC_FAM_RENT_INCOME,"15,000-19,999 元",17,0.0028672626075223477,84,0.013969732246798603
2006,full_sample,INC_FAM_RENT_INCOME,"20,000-24,999 元",7,0.0011806375442739079,84,0.013969732246798603
2006,full_sample,INC_FAM_RENT_INCOME,"25,000-29,999 元",9,0.0015179625569235959,84,0.013969732246798603
2006,full_sample,INC_FAM_RENT_INCOME,"4,999 元及以下",62,0.010457075392140327,84,0.013969732246798603
2006,full_sample,INC_FAM_RENT_INCOME,"5,000-9,999 元",41,0.0069151627593186035,84,0.013969732246798603
2006,full_sample,INC_FAM_RENT_INCOME,"80,000 元及以上，請記錄_________________元",1,1.6866250632484398e-4,84,0.013969732246798603
2006,full_sample,INC_FAM_RENT_INCOME,沒有這項收入,5771,0.9733513240006747,84,0.013969732246798603
2006,full_sample,INC_FAM_WORK_INCOME,"10,000-19,999 元",763,0.1469568567026194,821,0.1365375020788292
2006,full_sample,INC_FAM_WORK_INCOME,"100,000-129,999元",132,0.025423728813559324,821,0.1365375020788292
2006,full_sample,INC_FAM_WORK_INCOME,"130,000-159,999元",52,0.010015408320493066,821,0.1365375020788292
2006,full_sample,INC_FAM_WORK_INCOME,"140,000元及以上，請記錄 元",69,0.013289676425269646,821,0.1365375020788292
2006,full_sample,INC_FAM_WORK_INCOME,"20,000-29,999 元",761,0.14657164869029277,821,0.1365375020788292
2006,full_sample,INC_FAM_WORK_INCOME,"30,000-39,999 元",685,0.1319337442218798,821,0.1365375020788292
2006,full_sample,INC_FAM_WORK_INCOME,"40,000-49,999 元",345,0.06644838212634822,821,0.1365375020788292
2006,full_sample,INC_FAM_WORK_INCOME,"50,000-59,999 元",445,0.08570878274268105,821,0.1365375020788292
2006,full_sample,INC_FAM_WORK_INCOME,"60,000-69,999 元",286,0.05508474576271186,821,0.1365375020788292
2006,full_sample,INC_FAM_WORK_INCOME,"70,000-79,999 元",197,0.03794298921417565,821,0.1365375020788292
2006,full_sample,INC_FAM_WORK_INCOME,"80,000-89,999 元",124,0.023882896764252697,821,0.1365375020788292
2006,full_sample,INC_FAM_WORK_INCOME,"9,999 元及以下",620,0.11941448382126348,821,0.1365375020788292
2006,full_sample,INC_FAM_WORK_INCOME,"90,000-99,999 元",100,0.01926040061633282,821,0.1365375020788292
2006,full_sample,INC_FAM_WORK_INCOME,沒有這項收入,613,0.11806625577812019,821,0.1365375020788292
2006,full_sample,INC_PERS_GOV_INCOME,"1,000-1,999 元",36,0.006060606060606061,73,0.012140362547813071
2006,full_sample,INC_PERS_GOV_INCOME,"10,000-14,999 元",46,0.007744107744107744,73,0.012140362547813071
2006,full_sample,INC_PERS_GOV_INCOME,"15,000-19,999 元",14,0.0023569023569023568,73,0.012140362547813071
2006,full_sample,INC_PERS_GOV_INCOME,"2,000-3,999 元",960,0.16161616161616163,73,0.012140362547813071
2006,full_sample,INC_PERS_GOV_INCOME,"20,000-29,999 元",11,0.001851851851851852,73,0.012140362547813071
2006,full_sample,INC_PERS_GOV_INCOME,"30,000 元及以上，請記錄 元",1,1.6835016835016836e-4,73,0.012140362547813071
2006,full_sample,INC_PERS_GOV_INCOME,"4,000-5,999元",352,0.05925925925925926,73,0.012140362547813071
2006,full_sample,INC_PERS_GOV_INCOME,"6,000-7,999 元",85,0.01430976430976431,73,0.012140362547813071
2006,full_sample,INC_PERS_GOV_INCOME,"8,000-9,999 元",26,0.004377104377104377,73,0.012140362547813071
2006,full_sample,INC_PERS_GOV_INCOME,999 元及以下,26,0.004377104377104377,73,0.012140362547813071
2006,full_sample,INC_PERS_GOV_INCOME,沒有這項收入,4383,0.7378787878787879,73,0.012140362547813071
2006,full_sample,INC_PERS_INTEREST_INCOME,"10,000-14,999 元",55,0.009232835319791842,56,0.009313154831199068
2006,full_sample,INC_PERS_INTEREST_INCOME,"15,000-19,999 元",6,0.0010072183985227463,56,0.009313154831199068
2006,full_sample,INC_PERS_INTEREST_INCOME,"20,000-29,999 元",13,0.0021823065301326172,56,0.009313154831199068
2006,full_sample,INC_PERS_INTEREST_INCOME,"30,000 元及以上，請記錄________元",13,0.0021823065301326172,56,0.009313154831199068
2006,full_sample,INC_PERS_INTEREST_INCOME,"4,999元及以下",94,0.015779754910189694,56,0.009313154831199068
2006,full_sample,INC_PERS_INTEREST_INCOME,"5,000-9,999元",42,0.007050528789659225,56,0.009313154831199068
2006,full_sample,INC_PERS_INTEREST_INCOME,沒有這項收入,5734,0.9625650495215713,56,0.009313154831199068
2006,full_sample,INC_PERS_OTHER_INCOME,"10,000-14,999 元",86,0.014422270669126278,50,0.008315316813570598
2006,full_sample,INC_PERS_OTHER_INCOME,"15,000-19,999 元",33,0.0055341271172228744,50,0.008315316813570598
2006,full_sample,INC_PERS_OTHER_INCOME,"20,000-24,999 元",29,0.004863323830286768,50,0.008315316813570598
2006,full_sample,INC_PERS_OTHER_INCOME,"25,000-29,999 元",12,0.002012409860808318,50,0.008315316813570598
2006,full_sample,INC_PERS_OTHER_INCOME,"30,000-39,999 元",12,0.002012409860808318,50,0.008315316813570598
2006,full_sample,INC_PERS_OTHER_INCOME,"4,999 元及以下",326,0.05467046788529264,50,0.008315316813570598
2006,full_sample,INC_PERS_OTHER_INCOME,"40,000-49,999 元",10,0.001677008217340265,50,0.008315316813570598
2006,full_sample,INC_PERS_OTHER_INCOME,"5,000-9,999 元",159,0.026664430655710215,50,0.008315316813570598
2006,full_sample,INC_PERS_OTHER_INCOME,"50,000-59,999 元",5,8.385041086701325e-4,50,0.008315316813570598
2006,full_sample,INC_PERS_OTHER_INCOME,"60,000-69,999 元",1,1.677008217340265e-4,50,0.008315316813570598
2006,full_sample,INC_PERS_OTHER_INCOME,"70,000-79,999 元",1,1.677008217340265e-4,50,0.008315316813570598
2006,full_sample,INC_PERS_OTHER_INCOME,"80,000 元及以上，請記錄_________________元",5,8.385041086701325e-4,50,0.008315316813570598
2006,full_sample,INC_PERS_OTHER_INCOME,沒有這項收入,5284,0.886131142042596,50,0.008315316813570598
2006,full_sample,INC_PERS_RENT_INCOME,"10,000-14,999 元",13,0.0021768251841929004,41,0.00681855978712789
2006,full_sample,INC_PERS_RENT_INCOME,"15,000-19,999 元",8,0.0013395847287340924,41,0.00681855978712789
2006,full_sample,INC_PERS_RENT_INCOME,"20,000-24,999 元",6,0.0010046885465505692,41,0.00681855978712789
2006,full_sample,INC_PERS_RENT_INCOME,"25,000-29,999 元",3,5.023442732752846e-4,41,0.00681855978712789
2006,full_sample,INC_PERS_RENT_INCOME,"30,000-39,999 元",2,3.348961821835231e-4,41,0.00681855978712789
2006,full_sample,INC_PERS_RENT_INCOME,"4,999 元及以下",48,0.008037508372404554,41,0.00681855978712789
2006,full_sample,INC_PERS_RENT_INCOME,"40,000-49,999 元",3,5.023442732752846e-4,41,0.00681855978712789
2006,full_sample,INC_PERS_RENT_INCOME,"5,000-9,999 元",32,0.0053583389149363695,41,0.00681855978712789
2006,full_sample,INC_PERS_RENT_INCOME,"50,000-59,999 元",1,1.6744809109176155e-4,41,0.00681855978712789
2006,full_sample,INC_PERS_RENT_INCOME,"60,000-69,999 元",1,1.6744809109176155e-4,41,0.00681855978712789
2006,full_sample,INC_PERS_RENT_INCOME,沒有這項收入,5855,0.980408573342264,41,0.00681855978712789
2006,full_sample,INC_PERS_WORK_INCOME,"10,000-19,999元",1048,0.18200764154220214,255,0.042408115749210044
2006,full_sample,INC_PERS_WORK_INCOME,"100,000-129,999元",16,0.0027787426189649182,255,0.042408115749210044
2006,full_sample,INC_PERS_WORK_INCOME,"130,000-159,999元",3,5.210142410559222e-4,255,0.042408115749210044
2006,full_sample,INC_PERS_WORK_INCOME,"140,000元及以上，請記錄 元",6,0.0010420284821118443,255,0.042408115749210044
2006,full_sample,INC_PERS_WORK_INCOME,"20,000-29,999 元",881,0.1530045154567558,255,0.042408115749210044
2006,full_sample,INC_PERS_WORK_INCOME,"30,000-39,999 元",575,0.09986106286905175,255,0.042408115749210044
2006,full_sample,INC_PERS_WORK_INCOME,"40,000-49,999 元",210,0.03647099687391455,255,0.042408115749210044
2006,full_sample,INC_PERS_WORK_INCOME,"50,000-59,999 元",196,0.03403959708232025,255,0.042408115749210044
2006,full_sample,INC_PERS_WORK_INCOME,"60,000-69,999 元",110,0.019103855505383814,255,0.042408115749210044
2006,full_sample,INC_PERS_WORK_INCOME,"70,000-79,999 元",44,0.007641542202153525,255,0.042408115749210044
2006,full_sample,INC_PERS_WORK_INCOME,"80,000-89,999 元",22,0.0038207711010767626,255,0.042408115749210044
2006,full_sample,INC_PERS_WORK_INCOME,"9,999 元及以下",830,0.14414727335880514,255,0.042408115749210044
2006,full_sample,INC_PERS_WORK_INCOME,"90,000-99,999 元",9,0.0015630427231677665,255,0.042408115749210044
2006,full_sample,INC_PERS_WORK_INCOME,沒有這項收入,1808,0.3139979159430358,255,0.042408115749210044
2006,full_sample,MALE,男性,2468,0.4104440379178447,0,0
2006,full_sample,MALE,非男性,3545,0.5895559620821553,0,0
2006,full_sample,RACE,卑南族,183,0.03055601936884288,24,0.0039913520705138865
2006,full_sample,RACE,噶瑪蘭族,14,0.0023376189681081983,24,0.0039913520705138865
2006,full_sample,RACE,太魯閣族,248,0.04140925029220237,24,0.0039913520705138865
2006,full_sample,RACE,布農族,834,0.1392553013858741,24,0.0039913520705138865
2006,full_sample,RACE,拒答,27,0.004508265152780097,24,0.0039913520705138865
2006,full_sample,RACE,排灣族,1322,0.22073801970278845,24,0.0039913520705138865
2006,full_sample,RACE,泰雅族,1096,0.18300217064618468,24,0.0039913520705138865
2006,full_sample,RACE,賽夏族,82,0.01369176824177659,24,0.0039913520705138865
2006,full_sample,RACE,邵族,20,0.0033394556687259976,24,0.0039913520705138865
2006,full_sample,RACE,鄒族,70,0.011688094840540992,24,0.0039913520705138865
2006,full_sample,RACE,阿美族,1841,0.3073968943062281,24,0.0039913520705138865
2006,full_sample,RACE,雅美族/達悟族,64,0.010686258139923193,24,0.0039913520705138865
2006,full_sample,RACE,魯凱族,188,0.03139088328602438,24,0.0039913520705138865
2006,full_sample,RENT,"1,000-2,999元",60,0.0851063829787234,5308,0.8827540329286546
2006,full_sample,RENT,"3,000-4,999元",162,0.2297872340425532,5308,0.8827540329286546
2006,full_sample,RENT,"5,000-6,999元",237,0.33617021276595743,5308,0.8827540329286546
2006,full_sample,RENT,"7,000-9,999元",215,0.3049645390070922,5308,0.8827540329286546
2006,full_sample,RENT,"未滿1,000元",31,0.04397163120567376,5308,0.8827540329286546
2010,full_sample,EDU,不識字/自修,242,0.0481592039800995,2,3.9785160135269546e-4
2010,full_sample,EDU,國(初)中,1107,0.22029850746268656,2,3.9785160135269546e-4
2010,full_sample,EDU,國小,1359,0.27044776119402986,2,3.9785160135269546e-4
2010,full_sample,EDU,專科以上,657,0.13074626865671643,2,3.9785160135269546e-4
2010,full_sample,EDU,高中職,1660,0.33034825870646767,2,3.9785160135269546e-4
2010,full_sample,EXP_ALCOHOL_EXPENDITURE,"1,000-1,999 元",917,0.18266932270916333,7,0.0013924806047344342
2010,full_sample,EXP_ALCOHOL_EXPENDITURE,"10,000-14,999 元",34,0.006772908366533864,7,0.0013924806047344342
2010,full_sample,EXP_ALCOHOL_EXPENDITURE,"15,000-19,999 元",8,0.0015936254980079682,7,0.0013924806047344342
2010,full_sample,EXP_ALCOHOL_EXPENDITURE,"2,000-2,999 元",548,0.10916334661354582,7,0.0013924806047344342
2010,full_sample,EXP_ALCOHOL_EXPENDITURE,"20,000-29,999 元",2,3.9840637450199205e-4,7,0.0013924806047344342
2010,full_sample,EXP_ALCOHOL_EXPENDITURE,"3,000-3,999 元",351,0.0699203187250996,7,0.0013924806047344342
2010,full_sample,EXP_ALCOHOL_EXPENDITURE,"30,000 元及以上，請記錄________元",6,0.001195219123505976,7,0.0013924806047344342
2010,full_sample,EXP_ALCOHOL_EXPENDITURE,"4,000-4,999 元",107,0.021314741035856573,7,0.0013924806047344342
2010,full_sample,EXP_ALCOHOL_EXPENDITURE,"5,000-6,999 元",173,0.03446215139442231,7,0.0013924806047344342
2010,full_sample,EXP_ALCOHOL_EXPENDITURE,"7,000-9,999 元",62,0.012350597609561753,7,0.0013924806047344342
2010,full_sample,EXP_ALCOHOL_EXPENDITURE,999 元及以下,1050,0.20916334661354583,7,0.0013924806047344342
2010,full_sample,EXP_ALCOHOL_EXPENDITURE,沒有這項支出,1762,0.35099601593625496,7,0.0013924806047344342
2010,full_sample,EXP_CARE_EXPENDITURE,1000 - 1999元,219,0.04356475034812015,0,0
2010,full_sample,EXP_CARE_EXPENDITURE,10000 - 14999元,52,0.010344141635170081,0,0
2010,full_sample,EXP_CARE_EXPENDITURE,15000 - 19999元,12,0.0023871096081161725,0,0
2010,full_sample,EXP_CARE_EXPENDITURE,2000 - 2999元,170,0.033817386114979114,0,0
2010,full_sample,EXP_CARE_EXPENDITURE,20000 - 29999元,17,0.0033817386114979114,0,0
2010,full_sample,EXP_CARE_EXPENDITURE,3000 - 3999元,102,0.020290431668987467,0,0
2010,full_sample,EXP_CARE_EXPENDITURE,30000 元及以上,8,0.0015914064054107818,0,0
2010,full_sample,EXP_CARE_EXPENDITURE,4000 - 4999元,47,0.009349512631788343,0,0
2010,full_sample,EXP_CARE_EXPENDITURE,5000 - 6999元,82,0.016311915655460512,0,0
2010,full_sample,EXP_CARE_EXPENDITURE,7000 - 9999元,23,0.004575293415555998,0,0
2010,full_sample,EXP_CARE_EXPENDITURE,999 元及以下,156,0.031032424905510246,0,0
2010,full_sample,EXP_CARE_EXPENDITURE,未回答,5,9.946290033817386e-4,0,0
2010,full_sample,EXP_CARE_EXPENDITURE,沒有這項支出,4134,0.8223592599960214,0,0
2010,full_sample,EXP_CLOTHING_EXPENDITURE,1000 - 1999元,882,0.17545255619653868,0,0
2010,full_sample,EXP_CLOTHING_EXPENDITURE,10000 - 14999元,33,0.006564551422319475,0,0
2010,full_sample,EXP_CLOTHING_EXPENDITURE,15000 - 19999元,10,0.001989258006763477,0,0
2010,full_sample,EXP_CLOTHING_EXPENDITURE,2000 - 2999元,559,0.11119952257807837,0,0
2010,full_sample,EXP_CLOTHING_EXPENDITURE,20000 - 29999元,1,1.9892580067634773e-4,0,0
2010,full_sample,EXP_CLOTHING_EXPENDITURE,3000 - 3999元,211,0.04197334394270937,0,0
2010,full_sample,EXP_CLOTHING_EXPENDITURE,30000 元及以上,11,0.002188183807439825,0,0
2010,full_sample,EXP_CLOTHING_EXPENDITURE,4000 - 4999元,97,0.019295802665605728,0,0
2010,full_sample,EXP_CLOTHING_EXPENDITURE,5000 - 6999元,93,0.01850009946290034,0,0
2010,full_sample,EXP_CLOTHING_EXPENDITURE,7000 - 9999元,22,0.00437636761487965,0,0
2010,full_sample,EXP_CLOTHING_EXPENDITURE,999 元及以下,1440,0.2864531529739407,0,0
2010,full_sample,EXP_CLOTHING_EXPENDITURE,未回答,5,9.946290033817386e-4,0,0
2010,full_sample,EXP_CLOTHING_EXPENDITURE,沒有這項支出,1663,0.33081360652476627,0,0
2010,full_sample,EXP_EDU_BOOKS_COMBINED_EXPENDITURE,1000 - 1999元,495,0.09846827133479212,0,0
2010,full_sample,EXP_EDU_BOOKS_COMBINED_EXPENDITURE,10000 - 14999元,119,0.023672170280485377,0,0
2010,full_sample,EXP_EDU_BOOKS_COMBINED_EXPENDITURE,15000 - 19999元,35,0.00696240302367217,0,0
2010,full_sample,EXP_EDU_BOOKS_COMBINED_EXPENDITURE,2000 - 2999元,334,0.06644121742590015,0,0
2010,full_sample,EXP_EDU_BOOKS_COMBINED_EXPENDITURE,20000 - 29999元,26,0.0051720708175850404,0,0
2010,full_sample,EXP_EDU_BOOKS_COMBINED_EXPENDITURE,3000 - 3999元,206,0.04097871493932763,0,0
2010,full_sample,EXP_EDU_BOOKS_COMBINED_EXPENDITURE,30000 元及以上,38,0.007559180425701213,0,0
2010,full_sample,EXP_EDU_BOOKS_COMBINED_EXPENDITURE,4000 - 4999元,116,0.023075392878456336,0,0
2010,full_sample,EXP_EDU_BOOKS_COMBINED_EXPENDITURE,5000 - 6999元,166,0.03302168291227372,0,0
2010,full_sample,EXP_EDU_BOOKS_COMBINED_EXPENDITURE,7000 - 9999元,115,0.02287646707777999,0,0
2010,full_sample,EXP_EDU_BOOKS_COMBINED_EXPENDITURE,999 元及以下,528,0.1050328227571116,0,0
2010,full_sample,EXP_EDU_BOOKS_COMBINED_EXPENDITURE,未回答,3,5.967774020290431e-4,0,0
2010,full_sample,EXP_EDU_BOOKS_COMBINED_EXPENDITURE,沒有這項支出,2846,0.5661428287248856,0,0
2010,full_sample,EXP_FOOD_EXPENDITURE,"10,000-14,999 元",1003,0.1996814652598049,4,7.957032027053909e-4
2010,full_sample,EXP_FOOD_EXPENDITURE,"15,000-19,999 元",425,0.0846107903643241,4,7.957032027053909e-4
2010,full_sample,EXP_FOOD_EXPENDITURE,"2,999 元及以下",874,0.17399960183157476,4,7.957032027053909e-4
2010,full_sample,EXP_FOOD_EXPENDITURE,"20,000-29,999 元",241,0.04797929524188732,4,7.957032027053909e-4
2010,full_sample,EXP_FOOD_EXPENDITURE,"3,000-4,999 元",900,0.17917579135974518,4,7.957032027053909e-4
2010,full_sample,EXP_FOOD_EXPENDITURE,"30,000-39,999 元",70,0.013935894883535735,4,7.957032027053909e-4
2010,full_sample,EXP_FOOD_EXPENDITURE,"40,000-49,999 元",9,0.0017917579135974518,4,7.957032027053909e-4
2010,full_sample,EXP_FOOD_EXPENDITURE,"5,000-9,999 元",1475,0.2936492136173601,4,7.957032027053909e-4
2010,full_sample,EXP_FOOD_EXPENDITURE,"50,000-59,999 元",9,0.0017917579135974518,4,7.957032027053909e-4
2010,full_sample,EXP_FOOD_EXPENDITURE,"60,000-69,999 元",4,7.963368504877563e-4,4,7.957032027053909e-4
2010,full_sample,EXP_FOOD_EXPENDITURE,"70,000 元及以上，請記錄______________元",13,0.002588094764085208,4,7.957032027053909e-4
2010,full_sample,EXP_FURNITURE_EXPENDITURE,1000 - 1999元,432,0.08593594589218222,0,0
2010,full_sample,EXP_FURNITURE_EXPENDITURE,10000 - 14999元,23,0.004575293415555998,0,0
2010,full_sample,EXP_FURNITURE_EXPENDITURE,15000 - 19999元,7,0.0013924806047344342,0,0
2010,full_sample,EXP_FURNITURE_EXPENDITURE,2000 - 2999元,213,0.04237119554406207,0,0
2010,full_sample,EXP_FURNITURE_EXPENDITURE,20000 - 29999元,16,0.0031828128108215637,0,0
2010,full_sample,EXP_FURNITURE_EXPENDITURE,3000 - 3999元,69,0.013725880246667993,0,0
2010,full_sample,EXP_FURNITURE_EXPENDITURE,30000 元及以上,7,0.0013924806047344342,0,0
2010,full_sample,EXP_FURNITURE_EXPENDITURE,4000 - 4999元,30,0.005967774020290432,0,0
2010,full_sample,EXP_FURNITURE_EXPENDITURE,5000 - 6999元,38,0.007559180425701213,0,0
2010,full_sample,EXP_FURNITURE_EXPENDITURE,7000 - 9999元,12,0.0023871096081161725,0,0
2010,full_sample,EXP_FURNITURE_EXPENDITURE,999 元及以下,714,0.14203302168291226,0,0
2010,full_sample,EXP_FURNITURE_EXPENDITURE,未回答,8,0.0015914064054107818,0,0
2010,full_sample,EXP_FURNITURE_EXPENDITURE,沒有這項支出,3458,0.6878854187388104,0,0
2010,full_sample,EXP_HOUSING_UTIL_EXPENDITURE,"1,000-1,999 元",1234,0.2455721393034826,2,3.9785160135269546e-4
2010,full_sample,EXP_HOUSING_UTIL_EXPENDITURE,"10,000-14,999 元",366,0.07283582089552239,2,3.9785160135269546e-4
2010,full_sample,EXP_HOUSING_UTIL_EXPENDITURE,"15,000-19,999 元",157,0.031243781094527363,2,3.9785160135269546e-4
2010,full_sample,EXP_HOUSING_UTIL_EXPENDITURE,"2,000-2,999 元",1026,0.20417910447761195,2,3.9785160135269546e-4
2010,full_sample,EXP_HOUSING_UTIL_EXPENDITURE,"20,000-29,999 元",64,0.012736318407960199,2,3.9785160135269546e-4
2010,full_sample,EXP_HOUSING_UTIL_EXPENDITURE,"3,000-4,999 元",663,0.1319402985074627,2,3.9785160135269546e-4
2010,full_sample,EXP_HOUSING_UTIL_EXPENDITURE,"30,000-39,999 元",16,0.0031840796019900496,2,3.9785160135269546e-4
2010,full_sample,EXP_HOUSING_UTIL_EXPENDITURE,"40,000-49,999 元",6,0.0011940298507462687,2,3.9785160135269546e-4
2010,full_sample,EXP_HOUSING_UTIL_EXPENDITURE,"5,000-9,999 元",616,0.12258706467661691,2,3.9785160135269546e-4
2010,full_sample,EXP_HOUSING_UTIL_EXPENDITURE,"50,000-59,999 元",9,0.001791044776119403,2,3.9785160135269546e-4
2010,full_sample,EXP_HOUSING_UTIL_EXPENDITURE,"60,000-69,999 元",3,5.970149253731343e-4,2,3.9785160135269546e-4
2010,full_sample,EXP_HOUSING_UTIL_EXPENDITURE,"70,000 元及以上，請記錄____________元",8,0.0015920398009950248,2,3.9785160135269546e-4
2010,full_sample,EXP_HOUSING_UTIL_EXPENDITURE,999 元及以下,756,0.15044776119402986,2,3.9785160135269546e-4
2010,full_sample,EXP_HOUSING_UTIL_EXPENDITURE,沒有這項支出,101,0.02009950248756219,2,3.9785160135269546e-4
2010,full_sample,EXP_LOAN_INTEREST_EXPENDITURE,1000 - 1999元,32,0.006365625621643127,0,0
2010,full_sample,EXP_LOAN_INTEREST_EXPENDITURE,10000 - 14999元,121,0.024070021881838075,0,0
2010,full_sample,EXP_LOAN_INTEREST_EXPENDITURE,15000 - 19999元,75,0.01491943505072608,0,0
2010,full_sample,EXP_LOAN_INTEREST_EXPENDITURE,2000 - 2999元,38,0.007559180425701213,0,0
2010,full_sample,EXP_LOAN_INTEREST_EXPENDITURE,20000 - 29999元,80,0.015914064054107818,0,0
2010,full_sample,EXP_LOAN_INTEREST_EXPENDITURE,3000 - 3999元,34,0.006763477222995823,0,0
2010,full_sample,EXP_LOAN_INTEREST_EXPENDITURE,30000 元及以上,35,0.00696240302367217,0,0
2010,full_sample,EXP_LOAN_INTEREST_EXPENDITURE,4000 - 4999元,20,0.003978516013526954,0,0
2010,full_sample,EXP_LOAN_INTEREST_EXPENDITURE,5000 - 6999元,71,0.014123731848020689,0,0
2010,full_sample,EXP_LOAN_INTEREST_EXPENDITURE,7000 - 9999元,54,0.010741993236522777,0,0
2010,full_sample,EXP_LOAN_INTEREST_EXPENDITURE,999 元及以下,43,0.008553809429082952,0,0
2010,full_sample,EXP_LOAN_INTEREST_EXPENDITURE,未回答,8,0.0015914064054107818,0,0
2010,full_sample,EXP_LOAN_INTEREST_EXPENDITURE,沒有這項支出,4416,0.8784563357867515,0,0
2010,full_sample,EXP_MEDICAL_EXPENDITURE,"1,000-1,999 元",1162,0.2315202231520223,8,0.0015914064054107818
2010,full_sample,EXP_MEDICAL_EXPENDITURE,"10,000-14,999 元",166,0.033074317593146045,8,0.0015914064054107818
2010,full_sample,EXP_MEDICAL_EXPENDITURE,"15,000-19,999 元",47,0.009364415222155809,8,0.0015914064054107818
2010,full_sample,EXP_MEDICAL_EXPENDITURE,"2,000-2,999 元",663,0.13209802749551702,8,0.0015914064054107818
2010,full_sample,EXP_MEDICAL_EXPENDITURE,"20,000-29,999 元",57,0.011356843992827256,8,0.0015914064054107818
2010,full_sample,EXP_MEDICAL_EXPENDITURE,"3,000-3,999 元",290,0.057780434349472005,8,0.0015914064054107818
2010,full_sample,EXP_MEDICAL_EXPENDITURE,"30,000 元及以上，請記錄________元",28,0.005578800557880056,8,0.0015914064054107818
2010,full_sample,EXP_MEDICAL_EXPENDITURE,"4,000-4,999 元",151,0.030085674437138873,8,0.0015914064054107818
2010,full_sample,EXP_MEDICAL_EXPENDITURE,"5,000-6,999 元",234,0.04662283323371189,8,0.0015914064054107818
2010,full_sample,EXP_MEDICAL_EXPENDITURE,"7,000-9,999 元",137,0.027296274158198845,8,0.0015914064054107818
2010,full_sample,EXP_MEDICAL_EXPENDITURE,999 元及以下,1619,0.3225742179717075,8,0.0015914064054107818
2010,full_sample,EXP_MEDICAL_EXPENDITURE,沒有這項支出,465,0.09264793783622235,8,0.0015914064054107818
2010,full_sample,EXP_OTHER_EXPENDITURE,1000 - 1999元,131,0.02605927988860155,0,0
2010,full_sample,EXP_OTHER_EXPENDITURE,10000 - 14999元,41,0.008155957827730256,0,0
2010,full_sample,EXP_OTHER_EXPENDITURE,15000 - 19999元,17,0.0033817386114979114,0,0
2010,full_sample,EXP_OTHER_EXPENDITURE,2000 - 2999元,84,0.01670976725681321,0,0
2010,full_sample,EXP_OTHER_EXPENDITURE,20000 - 29999元,5,9.946290033817386e-4,0,0
2010,full_sample,EXP_OTHER_EXPENDITURE,3000 - 3999元,39,0.0077581062263775615,0,0
2010,full_sample,EXP_OTHER_EXPENDITURE,30000 元及以上,8,0.0015914064054107818,0,0
2010,full_sample,EXP_OTHER_EXPENDITURE,4000 - 4999元,22,0.00437636761487965,0,0
2010,full_sample,EXP_OTHER_EXPENDITURE,5000 - 6999元,35,0.00696240302367217,0,0
2010,full_sample,EXP_OTHER_EXPENDITURE,7000 - 9999元,8,0.0015914064054107818,0,0
2010,full_sample,EXP_OTHER_EXPENDITURE,999 元及以下,123,0.02446787348319077,0,0
2010,full_sample,EXP_OTHER_EXPENDITURE,未回答,7,0.0013924806047344342,0,0
2010,full_sample,EXP_OTHER_EXPENDITURE,沒有這項支出,4507,0.8965585836482992,0,0
2010,full_sample,EXP_TAX_INS_GIFT_EXPENDITURE,"1,000-1,999 元",1300,0.2590157401872883,8,0.0015914064054107818
2010,full_sample,EXP_TAX_INS_GIFT_EXPENDITURE,"10,000-14,999 元",111,0.02211595935445308,8,0.0015914064054107818
2010,full_sample,EXP_TAX_INS_GIFT_EXPENDITURE,"15,000-19,999 元",23,0.004582586172544332,8,0.0015914064054107818
2010,full_sample,EXP_TAX_INS_GIFT_EXPENDITURE,"2,000-2,999 元",1113,0.2217573221757322,8,0.0015914064054107818
2010,full_sample,EXP_TAX_INS_GIFT_EXPENDITURE,"20,000-29,999 元",34,0.006774257820282925,8,0.0015914064054107818
2010,full_sample,EXP_TAX_INS_GIFT_EXPENDITURE,"3,000-3,999 元",649,0.12930862721657702,8,0.0015914064054107818
2010,full_sample,EXP_TAX_INS_GIFT_EXPENDITURE,"30,000 元及以上，請記錄________元",17,0.0033871289101414623,8,0.0015914064054107818
2010,full_sample,EXP_TAX_INS_GIFT_EXPENDITURE,"4,000-4,999 元",281,0.0559872484558677,8,0.0015914064054107818
2010,full_sample,EXP_TAX_INS_GIFT_EXPENDITURE,"5,000-6,999 元",376,0.07491532177724647,8,0.0015914064054107818
2010,full_sample,EXP_TAX_INS_GIFT_EXPENDITURE,"7,000-9,999 元",142,0.02829248854353457,8,0.0015914064054107818
2010,full_sample,EXP_TAX_INS_GIFT_EXPENDITURE,999 元及以下,646,0.12871089858537557,8,0.0015914064054107818
2010,full_sample,EXP_TAX_INS_GIFT_EXPENDITURE,沒有這項支出,327,0.06515242080095636,8,0.0015914064054107818
2010,full_sample,EXP_TRANSPORT_COMM_EXPENDITURE,"1,000-1,999 元",1007,0.20039800995024876,2,3.9785160135269546e-4
2010,full_sample,EXP_TRANSPORT_COMM_EXPENDITURE,"10,000-14,999 元",202,0.04019900497512438,2,3.9785160135269546e-4
2010,full_sample,EXP_TRANSPORT_COMM_EXPENDITURE,"15,000-19,999 元",39,0.007761194029850746,2,3.9785160135269546e-4
2010,full_sample,EXP_TRANSPORT_COMM_EXPENDITURE,"2,000-2,999 元",878,0.17472636815920398,2,3.9785160135269546e-4
2010,full_sample,EXP_TRANSPORT_COMM_EXPENDITURE,"20,000-29,999 元",30,0.005970149253731343,2,3.9785160135269546e-4
2010,full_sample,EXP_TRANSPORT_COMM_EXPENDITURE,"3,000-3,999 元",693,0.13791044776119402,2,3.9785160135269546e-4
2010,full_sample,EXP_TRANSPORT_COMM_EXPENDITURE,"30,000 元及以上，請記錄________元",10,0.001990049751243781,2,3.9785160135269546e-4
2010,full_sample,EXP_TRANSPORT_COMM_EXPENDITURE,"4,000-4,999 元",370,0.0736318407960199,2,3.9785160135269546e-4
2010,full_sample,EXP_TRANSPORT_COMM_EXPENDITURE,"5,000-6,999 元",558,0.11104477611940299,2,3.9785160135269546e-4
2010,full_sample,EXP_TRANSPORT_COMM_EXPENDITURE,"7,000-9,999 元",322,0.06407960199004975,2,3.9785160135269546e-4
2010,full_sample,EXP_TRANSPORT_COMM_EXPENDITURE,999 元及以下,772,0.1536318407960199,2,3.9785160135269546e-4
2010,full_sample,EXP_TRANSPORT_COMM_EXPENDITURE,沒有這項支出,144,0.028656716417910448,2,3.9785160135269546e-4
2010,full_sample,EXP_TRAVEL_EXPENDITURE,1000 - 1999元,222,0.04416152775014919,0,0
2010,full_sample,EXP_TRAVEL_EXPENDITURE,10000 - 14999元,24,0.004774219216232345,0,0
2010,full_sample,EXP_TRAVEL_EXPENDITURE,15000 - 19999元,13,0.0025860354087925202,0,0
2010,full_sample,EXP_TRAVEL_EXPENDITURE,2000 - 2999元,154,0.030634573304157548,0,0
2010,full_sample,EXP_TRAVEL_EXPENDITURE,20000 - 29999元,12,0.0023871096081161725,0,0
2010,full_sample,EXP_TRAVEL_EXPENDITURE,3000 - 3999元,70,0.01392480604734434,0,0
2010,full_sample,EXP_TRAVEL_EXPENDITURE,30000 元及以上,12,0.0023871096081161725,0,0
2010,full_sample,EXP_TRAVEL_EXPENDITURE,4000 - 4999元,24,0.004774219216232345,0,0
2010,full_sample,EXP_TRAVEL_EXPENDITURE,5000 - 6999元,46,0.009150586831111996,0,0
2010,full_sample,EXP_TRAVEL_EXPENDITURE,7000 - 9999元,17,0.0033817386114979114,0,0
2010,full_sample,EXP_TRAVEL_EXPENDITURE,999 元及以下,222,0.04416152775014919,0,0
2010,full_sample,EXP_TRAVEL_EXPENDITURE,未回答,3,5.967774020290431e-4,0,0
2010,full_sample,EXP_TRAVEL_EXPENDITURE,沒有這項支出,4208,0.8370797692460712,0,0
2010,full_sample,HOUSE_BELONG,借用,103,0.020649558941459503,39,0.0077581062263775615
2010,full_sample,HOUSE_BELONG,租賃,1078,0.2161186848436247,39,0.0077581062263775615
2010,full_sample,HOUSE_BELONG,自有/家人所有/自建,3739,0.7495990376904571,39,0.0077581062263775615
2010,full_sample,HOUSE_BELONG,配住,68,0.0136327185244587,39,0.0077581062263775615
2010,full_sample,INC_FAM_GOV_INCOME,"1,000-1,999 元",57,0.01133877063855182,0,0
2010,full_sample,INC_FAM_GOV_INCOME,"10,000-14,999 元",99,0.019693654266958426,0,0
2010,full_sample,INC_FAM_GOV_INCOME,"15,000-19,999 元",36,0.007161328824348518,0,0
2010,full_sample,INC_FAM_GOV_INCOME,"2,000-2,999 元",51,0.010145215834493734,0,0
2010,full_sample,INC_FAM_GOV_INCOME,"20,000-29,999 元",22,0.00437636761487965,0,0
2010,full_sample,INC_FAM_GOV_INCOME,"3,000-3,999 元",718,0.14282872488561765,0,0
2010,full_sample,INC_FAM_GOV_INCOME,"30,000 元及以上，請記錄________元",6,0.0011935548040580863,0,0
2010,full_sample,INC_FAM_GOV_INCOME,"4,000-4,999 元",105,0.020887209071016512,0,0
2010,full_sample,INC_FAM_GOV_INCOME,"5,000-5,999 元",41,0.008155957827730256,0,0
2010,full_sample,INC_FAM_GOV_INCOME,"6,000-7,999 元",351,0.06982295603739805,0,0
2010,full_sample,INC_FAM_GOV_INCOME,"8,000-9,999 元",52,0.010344141635170081,0,0
2010,full_sample,INC_FAM_GOV_INCOME,999 元及以下,35,0.00696240302367217,0,0
2010,full_sample,INC_FAM_GOV_INCOME,沒有這項收入,3454,0.687089715536105,0,0
2010,full_sample,INC_FAM_INTEREST_INCOME,"1,000-1,999 元",9,0.0017939007374925253,10,0.001989258006763477
2010,full_sample,INC_FAM_INTEREST_INCOME,"10,000-14,999 元",29,0.005780346820809248,10,0.001989258006763477
2010,full_sample,INC_FAM_INTEREST_INCOME,"15,000-19,999 元",3,5.979669124975084e-4,10,0.001989258006763477
2010,full_sample,INC_FAM_INTEREST_INCOME,"2,000-2,999 元",9,0.0017939007374925253,10,0.001989258006763477
2010,full_sample,INC_FAM_INTEREST_INCOME,"20,000-29,999 元",3,5.979669124975084e-4,10,0.001989258006763477
2010,full_sample,INC_FAM_INTEREST_INCOME,"3,000-3,999 元",22,0.004385090691648395,10,0.001989258006763477
2010,full_sample,INC_FAM_INTEREST_INCOME,"30,000 元及以上，請記錄________元",6,0.001195933824995017,10,0.001989258006763477
2010,full_sample,INC_FAM_INTEREST_INCOME,"4,000-4,999 元",1,1.9932230416583617e-4,10,0.001989258006763477
2010,full_sample,INC_FAM_INTEREST_INCOME,"5,000-5,999 元",33,0.006577636037472593,10,0.001989258006763477
2010,full_sample,INC_FAM_INTEREST_INCOME,"6,000-7,999 元",2,3.9864460833167234e-4,10,0.001989258006763477
2010,full_sample,INC_FAM_INTEREST_INCOME,"8,000-9,999 元",5,9.96611520829181e-4,10,0.001989258006763477
2010,full_sample,INC_FAM_INTEREST_INCOME,999 元及以下,22,0.004385090691648395,10,0.001989258006763477
2010,full_sample,INC_FAM_INTEREST_INCOME,沒有這項收入,4873,0.9712975882001196,10,0.001989258006763477
2010,full_sample,INC_FAM_RENT_INCOME,"10,000-14,999 元",4,7.974481658692185e-4,11,0.002188183807439825
2010,full_sample,INC_FAM_RENT_INCOME,"15,000-19,999 元",3,5.980861244019139e-4,11,0.002188183807439825
2010,full_sample,INC_FAM_RENT_INCOME,"20,000-24,999 元",5,9.96810207336523e-4,11,0.002188183807439825
2010,full_sample,INC_FAM_RENT_INCOME,"25,000-29,999 元",2,3.9872408293460925e-4,11,0.002188183807439825
2010,full_sample,INC_FAM_RENT_INCOME,"4,999 元及以下",17,0.0033891547049441787,11,0.002188183807439825
2010,full_sample,INC_FAM_RENT_INCOME,"5,000-9,999 元",15,0.0029904306220095694,11,0.002188183807439825
2010,full_sample,INC_FAM_RENT_INCOME,沒有這項收入,4970,0.990829346092504,11,0.002188183807439825
2010,full_sample,INC_FAM_WORK_INCOME,"10,000-19,999 元",866,0.17226974338571713,0,0
2010,full_sample,INC_FAM_WORK_INCOME,"100,000-129,999元",98,0.01949472846628208,0,0
2010,full_sample,INC_FAM_WORK_INCOME,"130,000-159,999元",29,0.005768848219614084,0,0
2010,full_sample,INC_FAM_WORK_INCOME,"160,000 元及以上，請記錄____________元",12,0.0023871096081161725,0,0
2010,full_sample,INC_FAM_WORK_INCOME,"20,000-29,999 元",970,0.1929580266560573,0,0
2010,full_sample,INC_FAM_WORK_INCOME,"30,000-39,999 元",675,0.13427491545653472,0,0
2010,full_sample,INC_FAM_WORK_INCOME,"40,000-49,999 元",464,0.09230157151382534,0,0
2010,full_sample,INC_FAM_WORK_INCOME,"50,000-59,999 元",377,0.07499502685498309,0,0
2010,full_sample,INC_FAM_WORK_INCOME,"60,000-69,999 元",278,0.055301372588024665,0,0
2010,full_sample,INC_FAM_WORK_INCOME,"70,000-79,999 元",182,0.03620449572309529,0,0
2010,full_sample,INC_FAM_WORK_INCOME,"80,000-89,999 元",105,0.020887209071016512,0,0
2010,full_sample,INC_FAM_WORK_INCOME,"9,999 元及以下",279,0.05550029838870101,0,0
2010,full_sample,INC_FAM_WORK_INCOME,"90,000-99,999 元",76,0.015118360851402427,0,0
2010,full_sample,INC_FAM_WORK_INCOME,沒有這項收入,616,0.12253829321663019,0,0
2010,full_sample,INC_PERS_GOV_INCOME,"1,000-1,999 元",46,0.009156050955414012,3,5.967774020290431e-4
2010,full_sample,INC_PERS_GOV_INCOME,"10,000-14,999 元",68,0.013535031847133758,3,5.967774020290431e-4
2010,full_sample,INC_PERS_GOV_INCOME,"15,000-19,999 元",24,0.004777070063694267,3,5.967774020290431e-4
2010,full_sample,INC_PERS_GOV_INCOME,"2,000-2,999 元",39,0.007762738853503185,3,5.967774020290431e-4
2010,full_sample,INC_PERS_GOV_INCOME,"20,000-29,999 元",12,0.0023885350318471337,3,5.967774020290431e-4
2010,full_sample,INC_PERS_GOV_INCOME,"3,000-3,999 元",670,0.13335987261146498,3,5.967774020290431e-4
2010,full_sample,INC_PERS_GOV_INCOME,"30,000 元及以上，請記錄 元",5,9.952229299363057e-4,3,5.967774020290431e-4
2010,full_sample,INC_PERS_GOV_INCOME,"4,000-4,999 元",84,0.016719745222929936,3,5.967774020290431e-4
2010,full_sample,INC_PERS_GOV_INCOME,"5,000-5,999 元",29,0.005772292993630573,3,5.967774020290431e-4
2010,full_sample,INC_PERS_GOV_INCOME,"6,000-7,999 元",263,0.052348726114649684,3,5.967774020290431e-4
2010,full_sample,INC_PERS_GOV_INCOME,"8,000-9,999 元",22,0.004378980891719745,3,5.967774020290431e-4
2010,full_sample,INC_PERS_GOV_INCOME,999 元及以下,39,0.007762738853503185,3,5.967774020290431e-4
2010,full_sample,INC_PERS_GOV_INCOME,沒有這項收入,3723,0.7410429936305732,3,5.967774020290431e-4
2010,full_sample,INC_PERS_INTEREST_INCOME,"1,000-1,999 元",7,0.0013949780789159027,9,0.0017903322060871295
2010,full_sample,INC_PERS_INTEREST_INCOME,"10,000-14,999 元",26,0.0051813471502590676,9,0.0017903322060871295
2010,full_sample,INC_PERS_INTEREST_INCOME,"15,000-19,999 元",1,1.9928258270227183e-4,9,0.0017903322060871295
2010,full_sample,INC_PERS_INTEREST_INCOME,"2,000-2,999 元",8,0.0015942606616181746,9,0.0017903322060871295
2010,full_sample,INC_PERS_INTEREST_INCOME,"20,000-29,999 元",2,3.9856516540454366e-4,9,0.0017903322060871295
2010,full_sample,INC_PERS_INTEREST_INCOME,"3,000-3,999 元",20,0.0039856516540454365,9,0.0017903322060871295
2010,full_sample,INC_PERS_INTEREST_INCOME,"30,000 元及以上，請記錄________元",9,0.0017935432443204463,9,0.0017903322060871295
2010,full_sample,INC_PERS_INTEREST_INCOME,"4,000-4,999 元",4,7.971303308090873e-4,9,0.0017903322060871295
2010,full_sample,INC_PERS_INTEREST_INCOME,"5,000-5,999 元",27,0.005380629732961339,9,0.0017903322060871295
2010,full_sample,INC_PERS_INTEREST_INCOME,"6,000-7,999 元",2,3.9856516540454366e-4,9,0.0017903322060871295
2010,full_sample,INC_PERS_INTEREST_INCOME,"8,000-9,999 元",4,7.971303308090873e-4,9,0.0017903322060871295
2010,full_sample,INC_PERS_INTEREST_INCOME,999 元及以下,26,0.0051813471502590676,9,0.0017903322060871295
2010,full_sample,INC_PERS_INTEREST_INCOME,沒有這項收入,4882,0.972897568752491,9,0.0017903322060871295
2010,full_sample,INC_PERS_OTHER_INCOME,"10,000-14,999 元",21,0.004188272836059034,13,0.0025860354087925202
2010,full_sample,INC_PERS_OTHER_INCOME,"15,000-19,999 元",8,0.0015955325089748703,13,0.0025860354087925202
2010,full_sample,INC_PERS_OTHER_INCOME,"20,000-24,999 元",17,0.0033905065815715996,13,0.0025860354087925202
2010,full_sample,INC_PERS_OTHER_INCOME,"25,000-29,999 元",7,0.0013960909453530116,13,0.0025860354087925202
2010,full_sample,INC_PERS_OTHER_INCOME,"30,000-39,999 元",3,5.983246908655763e-4,13,0.0025860354087925202
2010,full_sample,INC_PERS_OTHER_INCOME,"4,999 元及以下",82,0.016354208216992423,13,0.0025860354087925202
2010,full_sample,INC_PERS_OTHER_INCOME,"40,000-49,999 元",4,7.977662544874351e-4,13,0.0025860354087925202
2010,full_sample,INC_PERS_OTHER_INCOME,"5,000-9,999 元",52,0.010370961308336658,13,0.0025860354087925202
2010,full_sample,INC_PERS_OTHER_INCOME,"60,000-69,999 元",1,1.9944156362185878e-4,13,0.0025860354087925202
2010,full_sample,INC_PERS_OTHER_INCOME,"70,000-79,999 元",1,1.9944156362185878e-4,13,0.0025860354087925202
2010,full_sample,INC_PERS_OTHER_INCOME,"80,000 元及以上，請記錄_________________元",4,7.977662544874351e-4,13,0.0025860354087925202
2010,full_sample,INC_PERS_OTHER_INCOME,沒有這項收入,4814,0.9601116872756282,13,0.0025860354087925202
2010,full_sample,INC_PERS_RENT_INCOME,"10,000-14,999 元",6,0.0011968880909634949,14,0.0027849612094688683
2010,full_sample,INC_PERS_RENT_INCOME,"15,000-19,999 元",3,5.984440454817474e-4,14,0.0027849612094688683
2010,full_sample,INC_PERS_RENT_INCOME,"20,000-24,999 元",1,1.9948134849391582e-4,14,0.0027849612094688683
2010,full_sample,INC_PERS_RENT_INCOME,"4,999 元及以下",16,0.003191701575902653,14,0.0027849612094688683
2010,full_sample,INC_PERS_RENT_INCOME,"5,000-9,999 元",13,0.002593257530420906,14,0.0027849612094688683
2010,full_sample,INC_PERS_RENT_INCOME,沒有這項收入,4974,0.9922202274087373,14,0.0027849612094688683
2010,full_sample,INC_PERS_WORK_INCOME,"10,000-19,999 元",1105,0.21981300974736423,0,0
2010,full_sample,INC_PERS_WORK_INCOME,"100,000-129,999元",8,0.0015914064054107818,0,0
2010,full_sample,INC_PERS_WORK_INCOME,"130,000-159,999元",1,1.9892580067634773e-4,0,0
2010,full_sample,INC_PERS_WORK_INCOME,"160,000 元及以上，請記錄____________元",2,3.9785160135269546e-4,0,0
2010,full_sample,INC_PERS_WORK_INCOME,"20,000-29,999 元",1128,0.22438830316292024,0,0
2010,full_sample,INC_PERS_WORK_INCOME,"30,000-39,999 元",642,0.12771036403421523,0,0
2010,full_sample,INC_PERS_WORK_INCOME,"40,000-49,999 元",261,0.051919633976526755,0,0
2010,full_sample,INC_PERS_WORK_INCOME,"50,000-59,999 元",155,0.030833499104833895,0,0
2010,full_sample,INC_PERS_WORK_INCOME,"60,000-69,999 元",90,0.017903322060871293,0,0
2010,full_sample,INC_PERS_WORK_INCOME,"70,000-79,999 元",40,0.007957032027053909,0,0
2010,full_sample,INC_PERS_WORK_INCOME,"80,000-89,999 元",24,0.004774219216232345,0,0
2010,full_sample,INC_PERS_WORK_INCOME,"9,999 元及以下",348,0.069226178635369,0,0
2010,full_sample,INC_PERS_WORK_INCOME,"90,000-99,999 元",6,0.0011935548040580863,0,0
2010,full_sample,INC_PERS_WORK_INCOME,沒有這項收入,1217,0.24209269942311518,0,0
2010,full_sample,MALE,男性,2143,0.42629799084941317,0,0
2010,full_sample,MALE,非男性,2884,0.5737020091505868,0,0
2010,full_sample,RACE,其他,28,0.0056112224448897794,37,0.007360254625024865
2010,full_sample,RACE,卑南族,125,0.025050100200400802,37,0.007360254625024865
2010,full_sample,RACE,噶瑪蘭族,17,0.003406813627254509,37,0.007360254625024865
2010,full_sample,RACE,太魯閣族,290,0.05811623246492986,37,0.007360254625024865
2010,full_sample,RACE,布農族,457,0.09158316633266533,37,0.007360254625024865
2010,full_sample,RACE,排灣族,883,0.17695390781563125,37,0.007360254625024865
2010,full_sample,RACE,撒奇萊雅族,10,0.002004008016032064,37,0.007360254625024865
2010,full_sample,RACE,泰雅族,804,0.16112224448897797,37,0.007360254625024865
2010,full_sample,RACE,賽夏族,76,0.015230460921843688,37,0.007360254625024865
2010,full_sample,RACE,賽德克族,86,0.017234468937875752,37,0.007360254625024865
2010,full_sample,RACE,邵族,21,0.004208416833667334,37,0.007360254625024865
2010,full_sample,RACE,鄒族,84,0.016833667334669337,37,0.007360254625024865
2010,full_sample,RACE,阿美族,1965,0.3937875751503006,37,0.007360254625024865
2010,full_sample,RACE,魯凱族,144,0.028857715430861724,37,0.007360254625024865
2010,full_sample,RENT,不需要支付租金,29,0.453125,4963,0.9872687487567138
2010,full_sample,RENT,"未滿1,000元",35,0.546875,4963,0.9872687487567138
2014,full_sample,EDU,不識字/自修,196,0.04332449160035367,690,0.1323360184119678
2014,full_sample,EDU,國(初)中,1293,0.28580901856763924,690,0.1323360184119678
2014,full_sample,EDU,國小,1199,0.2650309460654288,690,0.1323360184119678
2014,full_sample,EDU,專科以上,44,0.009725906277630416,690,0.1323360184119678
2014,full_sample,EDU,高中職,1792,0.39610963748894784,690,0.1323360184119678
2014,full_sample,EXP_ALCOHOL_EXPENDITURE,"1,000-1,999 元",833,0.15976217874952053,0,0
2014,full_sample,EXP_ALCOHOL_EXPENDITURE,"10,000-14,999 元",63,0.012082853855005753,0,0
2014,full_sample,EXP_ALCOHOL_EXPENDITURE,"15,000-19,999 元",14,0.002685078634445723,0,0
2014,full_sample,EXP_ALCOHOL_EXPENDITURE,"2,000-2,999 元",631,0.12102032988108938,0,0
2014,full_sample,EXP_ALCOHOL_EXPENDITURE,"20,000-29,999 元",6,0.0011507479861910242,0,0
2014,full_sample,EXP_ALCOHOL_EXPENDITURE,"3,000-3,999 元",501,0.09608745684695051,0,0
2014,full_sample,EXP_ALCOHOL_EXPENDITURE,"30,000 元及以上，請記錄________元",2,3.835826620636747e-4,0,0
2014,full_sample,EXP_ALCOHOL_EXPENDITURE,"4,000-4,999 元",184,0.03528960490985807,0,0
2014,full_sample,EXP_ALCOHOL_EXPENDITURE,499 元及以下,373,0.07153816647487533,0,0
2014,full_sample,EXP_ALCOHOL_EXPENDITURE,"5,000-6,999 元",221,0.042385884158036055,0,0
2014,full_sample,EXP_ALCOHOL_EXPENDITURE,500-999 元,558,0.10701956271576525,0,0
2014,full_sample,EXP_ALCOHOL_EXPENDITURE,"7,000-9,999 元",73,0.014000767165324127,0,0
2014,full_sample,EXP_ALCOHOL_EXPENDITURE,沒有這項支出,1755,0.3365937859608746,0,0
2014,full_sample,EXP_BOOKS_EXPENDITURE,"1,000-1,999元",485,0.09301879555044112,0,0
2014,full_sample,EXP_BOOKS_EXPENDITURE,"10,000-14,999元",7,0.0013425393172228615,0,0
2014,full_sample,EXP_BOOKS_EXPENDITURE,"15,000-19,999元",1,1.9179133103183735e-4,0,0
2014,full_sample,EXP_BOOKS_EXPENDITURE,"2,000-2,999元",175,0.033563482930571535,0,0
2014,full_sample,EXP_BOOKS_EXPENDITURE,"20,000-29,999元",1,1.9179133103183735e-4,0,0
2014,full_sample,EXP_BOOKS_EXPENDITURE,"3,000-3,999元",62,0.011891062523973917,0,0
2014,full_sample,EXP_BOOKS_EXPENDITURE,"4,000-4,999元",15,0.0028768699654775605,0,0
2014,full_sample,EXP_BOOKS_EXPENDITURE,"5,000-6,999元",19,0.00364403528960491,0,0
2014,full_sample,EXP_BOOKS_EXPENDITURE,"7,000-9,999元",7,0.0013425393172228615,0,0
2014,full_sample,EXP_BOOKS_EXPENDITURE,999元及以下,1154,0.2213271960107403,0,0
2014,full_sample,EXP_BOOKS_EXPENDITURE,沒有這項支出,3288,0.6306098964326813,0,0
2014,full_sample,EXP_CARE_EXPENDITURE,"1,000-1,999元",181,0.03471423091676256,0,0
2014,full_sample,EXP_CARE_EXPENDITURE,"10,000-14,999元",29,0.0055619485999232835,0,0
2014,full_sample,EXP_CARE_EXPENDITURE,"15,000-19,999元",18,0.0034522439585730723,0,0
2014,full_sample,EXP_CARE_EXPENDITURE,"2,000-2,999元",176,0.03375527426160337,0,0
2014,full_sample,EXP_CARE_EXPENDITURE,"20,000-29,999元",35,0.006712696586114308,0,0
2014,full_sample,EXP_CARE_EXPENDITURE,"3,000-3,999元",118,0.02263137706175681,0,0
2014,full_sample,EXP_CARE_EXPENDITURE,"30,000元及以上，請記錄__元",5,9.589566551591868e-4,0,0
2014,full_sample,EXP_CARE_EXPENDITURE,"4,000-4,999元",67,0.012850019179133103,0,0
2014,full_sample,EXP_CARE_EXPENDITURE,"5,000-6,999元",67,0.012850019179133103,0,0
2014,full_sample,EXP_CARE_EXPENDITURE,"7,000-9,999元",25,0.004794783275795934,0,0
2014,full_sample,EXP_CARE_EXPENDITURE,999元及以下,98,0.018795550441120062,0,0
2014,full_sample,EXP_CARE_EXPENDITURE,沒有這項支出,4395,0.8429228998849252,0,0
2014,full_sample,EXP_CLEANING_EXPENDITURE,有,4977,0.9799173065564087,135,0.025891829689298044
2014,full_sample,EXP_CLEANING_EXPENDITURE,沒有           ○11,102,0.02008269344359126,135,0.025891829689298044
2014,full_sample,EXP_CLOTHING_EXPENDITURE,"1,000-1,999元",1282,0.2458764863828155,0,0
2014,full_sample,EXP_CLOTHING_EXPENDITURE,"10,000-14,999元",43,0.008247027234369007,0,0
2014,full_sample,EXP_CLOTHING_EXPENDITURE,"15,000-19,999元",8,0.0015343306482546988,0,0
2014,full_sample,EXP_CLOTHING_EXPENDITURE,"2,000-2,999元",734,0.14077483697736862,0,0
2014,full_sample,EXP_CLOTHING_EXPENDITURE,"20,000-29,999元",9,0.0017261219792865361,0,0
2014,full_sample,EXP_CLOTHING_EXPENDITURE,"3,000-3,999元",322,0.06175680859225163,0,0
2014,full_sample,EXP_CLOTHING_EXPENDITURE,"30,000元及以上，請記錄__元",6,0.0011507479861910242,0,0
2014,full_sample,EXP_CLOTHING_EXPENDITURE,"4,000-4,999元",132,0.02531645569620253,0,0
2014,full_sample,EXP_CLOTHING_EXPENDITURE,"5,000-6,999元",100,0.019179133103183737,0,0
2014,full_sample,EXP_CLOTHING_EXPENDITURE,"7,000-9,999元",53,0.01016494054468738,0,0
2014,full_sample,EXP_CLOTHING_EXPENDITURE,999元及以下,1702,0.32642884541618716,0,0
2014,full_sample,EXP_CLOTHING_EXPENDITURE,沒有這項支出,823,0.15784426543920216,0,0
2014,full_sample,EXP_DINING_LODGING_EXPENDITURE,有,2549,0.8332788492971559,2155,0.4133103183736095
2014,full_sample,EXP_DINING_LODGING_EXPENDITURE,沒有           ○11 行住宿服務費,510,0.16672115070284407,2155,0.4133103183736095
2014,full_sample,EXP_EDU_TUITION_EXPENDITURE,"1,000-1,999元",343,0.06578442654392022,0,0
2014,full_sample,EXP_EDU_TUITION_EXPENDITURE,"10,000-14,999元",144,0.02761795166858458,0,0
2014,full_sample,EXP_EDU_TUITION_EXPENDITURE,"15,000-19,999元",54,0.010356731875719217,0,0
2014,full_sample,EXP_EDU_TUITION_EXPENDITURE,"2,000-2,999元",390,0.07479861910241657,0,0
2014,full_sample,EXP_EDU_TUITION_EXPENDITURE,"20,000-29,999元",47,0.009014192558496356,0,0
2014,full_sample,EXP_EDU_TUITION_EXPENDITURE,"3,000-3,999元",290,0.05561948599923283,0,0
2014,full_sample,EXP_EDU_TUITION_EXPENDITURE,"30,000元及以上，請記錄__元",13,0.002493287303413886,0,0
2014,full_sample,EXP_EDU_TUITION_EXPENDITURE,"4,000-4,999元",193,0.03701572688914461,0,0
2014,full_sample,EXP_EDU_TUITION_EXPENDITURE,"5,000-6,999元",257,0.0492903720751822,0,0
2014,full_sample,EXP_EDU_TUITION_EXPENDITURE,"7,000-9,999元",174,0.0333716915995397,0,0
2014,full_sample,EXP_EDU_TUITION_EXPENDITURE,999元及以下,256,0.04909858074415036,0,0
2014,full_sample,EXP_EDU_TUITION_EXPENDITURE,沒有這項支出,3053,0.5855389336401995,0,0
2014,full_sample,EXP_FOOD_EXPENDITURE,"10,000-11,999 元",863,0.16567479362641582,5,9.589566551591868e-4
2014,full_sample,EXP_FOOD_EXPENDITURE,"12,000-14,999 元",461,0.08850067191399501,5,9.589566551591868e-4
2014,full_sample,EXP_FOOD_EXPENDITURE,"15,000-19,999 元",460,0.08830869648684968,5,9.589566551591868e-4
2014,full_sample,EXP_FOOD_EXPENDITURE,"2,999 元及以下",663,0.12727970819735074,5,9.589566551591868e-4
2014,full_sample,EXP_FOOD_EXPENDITURE,"20,000-29,999 元",277,0.053177193319255134,5,9.589566551591868e-4
2014,full_sample,EXP_FOOD_EXPENDITURE,"3,000-4,999 元",774,0.14858898061048187,5,9.589566551591868e-4
2014,full_sample,EXP_FOOD_EXPENDITURE,"30,000-39,999 元",59,0.011326550201574198,5,9.589566551591868e-4
2014,full_sample,EXP_FOOD_EXPENDITURE,"40,000-49,999 元",8,0.0015358034171626032,5,9.589566551591868e-4
2014,full_sample,EXP_FOOD_EXPENDITURE,"5,000-6,999 元",944,0.18122480322518716,5,9.589566551591868e-4
2014,full_sample,EXP_FOOD_EXPENDITURE,"50,000-59,999 元",1,1.919754271453254e-4,5,9.589566551591868e-4
2014,full_sample,EXP_FOOD_EXPENDITURE,"7,000-9,999 元",697,0.1338068727202918,5,9.589566551591868e-4
2014,full_sample,EXP_FOOD_EXPENDITURE,"70,000 元及以上，請記錄______________元",2,3.839508542906508e-4,5,9.589566551591868e-4
2014,full_sample,EXP_FURNITURE_EXPENDITURE,"1,000-1,999元",552,0.10586881472957423,0,0
2014,full_sample,EXP_FURNITURE_EXPENDITURE,"10,000-14,999元",32,0.006137322593018795,0,0
2014,full_sample,EXP_FURNITURE_EXPENDITURE,"15,000-19,999元",12,0.0023014959723820483,0,0
2014,full_sample,EXP_FURNITURE_EXPENDITURE,"2,000-2,999元",332,0.06367472190257001,0,0
2014,full_sample,EXP_FURNITURE_EXPENDITURE,"20,000-29,999元",13,0.002493287303413886,0,0
2014,full_sample,EXP_FURNITURE_EXPENDITURE,"3,000-3,999元",115,0.022056003068661297,0,0
2014,full_sample,EXP_FURNITURE_EXPENDITURE,"30,000元及以上，請記錄__元",11,0.002109704641350211,0,0
2014,full_sample,EXP_FURNITURE_EXPENDITURE,"4,000-4,999元",105,0.020138089758342925,0,0
2014,full_sample,EXP_FURNITURE_EXPENDITURE,"5,000-6,999元",46,0.008822401227464518,0,0
2014,full_sample,EXP_FURNITURE_EXPENDITURE,"7,000-9,999元",24,0.004602991944764097,0,0
2014,full_sample,EXP_FURNITURE_EXPENDITURE,999元及以下,801,0.15362485615650173,0,0
2014,full_sample,EXP_FURNITURE_EXPENDITURE,沒有這項支出,3171,0.6081703107019563,0,0
2014,full_sample,EXP_HOUSING_UTIL_EXPENDITURE,"1,000-1,499 元",717,0.13751438434982738,0,0
2014,full_sample,EXP_HOUSING_UTIL_EXPENDITURE,"1,500-1,999 元",715,0.1371308016877637,0,0
2014,full_sample,EXP_HOUSING_UTIL_EXPENDITURE,"10,000-14,999 元",409,0.07844265439202149,0,0
2014,full_sample,EXP_HOUSING_UTIL_EXPENDITURE,"15,000-19,999 元",200,0.038358266206367474,0,0
2014,full_sample,EXP_HOUSING_UTIL_EXPENDITURE,"2,000-2,499 元",628,0.12044495588799387,0,0
2014,full_sample,EXP_HOUSING_UTIL_EXPENDITURE,"2,500-2,999 元",621,0.119102416570771,0,0
2014,full_sample,EXP_HOUSING_UTIL_EXPENDITURE,"20,000-29,999 元",92,0.017644802454929037,0,0
2014,full_sample,EXP_HOUSING_UTIL_EXPENDITURE,"3,000-4,999 元",776,0.1488300728807058,0,0
2014,full_sample,EXP_HOUSING_UTIL_EXPENDITURE,"30,000-39,999 元",18,0.0034522439585730723,0,0
2014,full_sample,EXP_HOUSING_UTIL_EXPENDITURE,"40,000-49,999 元",8,0.0015343306482546988,0,0
2014,full_sample,EXP_HOUSING_UTIL_EXPENDITURE,"5,000-9,999 元",610,0.11699271192942079,0,0
2014,full_sample,EXP_HOUSING_UTIL_EXPENDITURE,"50,000-59,999 元",2,3.835826620636747e-4,0,0
2014,full_sample,EXP_HOUSING_UTIL_EXPENDITURE,"60,000-69,999 元",3,5.753739930955121e-4,0,0
2014,full_sample,EXP_HOUSING_UTIL_EXPENDITURE,"70,000 元及以上，請記錄____________元",3,5.753739930955121e-4,0,0
2014,full_sample,EXP_HOUSING_UTIL_EXPENDITURE,999 元及以下,375,0.07192174913693901,0,0
2014,full_sample,EXP_HOUSING_UTIL_EXPENDITURE,沒有這項支出,37,0.007096279248177982,0,0
2014,full_sample,EXP_LOAN_INTEREST_EXPENDITURE,"1,000-1,999元",77,0.014767932489451477,0,0
2014,full_sample,EXP_LOAN_INTEREST_EXPENDITURE,"10,000-14,999元",245,0.046988876102800156,0,0
2014,full_sample,EXP_LOAN_INTEREST_EXPENDITURE,"15,000-19,999元",131,0.025124664365170694,0,0
2014,full_sample,EXP_LOAN_INTEREST_EXPENDITURE,"2,000-2,999元",81,0.015535097813578827,0,0
2014,full_sample,EXP_LOAN_INTEREST_EXPENDITURE,"20,000-29,999元",130,0.024932873034138856,0,0
2014,full_sample,EXP_LOAN_INTEREST_EXPENDITURE,"3,000-3,999元",109,0.02090525508247027,0,0
2014,full_sample,EXP_LOAN_INTEREST_EXPENDITURE,"30,000元及以上，請記錄__元",55,0.010548523206751054,0,0
2014,full_sample,EXP_LOAN_INTEREST_EXPENDITURE,"4,000-4,999元",73,0.014000767165324127,0,0
2014,full_sample,EXP_LOAN_INTEREST_EXPENDITURE,"5,000-6,999元",173,0.03317990026850786,0,0
2014,full_sample,EXP_LOAN_INTEREST_EXPENDITURE,"7,000-9,999元",165,0.03164556962025317,0,0
2014,full_sample,EXP_LOAN_INTEREST_EXPENDITURE,999元及以下,50,0.009589566551591868,0,0
2014,full_sample,EXP_LOAN_INTEREST_EXPENDITURE,沒有這項支出,3925,0.7527809742999616,0,0
2014,full_sample,EXP_MEDICAL_EXPENDITURE,"1,000-1,999 元",832,0.1595703874184887,0,0
2014,full_sample,EXP_MEDICAL_EXPENDITURE,"10,000-14,999 元",103,0.01975450709627925,0,0
2014,full_sample,EXP_MEDICAL_EXPENDITURE,"15,000-19,999 元",23,0.004411200613732259,0,0
2014,full_sample,EXP_MEDICAL_EXPENDITURE,"2,000-2,999 元",538,0.1031837360951285,0,0
2014,full_sample,EXP_MEDICAL_EXPENDITURE,"20,000-29,999 元",32,0.006137322593018795,0,0
2014,full_sample,EXP_MEDICAL_EXPENDITURE,"3,000-3,999 元",295,0.05657844265439202,0,0
2014,full_sample,EXP_MEDICAL_EXPENDITURE,"30,000 元及以上，請記錄________元",6,0.0011507479861910242,0,0
2014,full_sample,EXP_MEDICAL_EXPENDITURE,"4,000-4,999 元",143,0.027426160337552744,0,0
2014,full_sample,EXP_MEDICAL_EXPENDITURE,499 元及以下,1275,0.24453394706559264,0,0
2014,full_sample,EXP_MEDICAL_EXPENDITURE,"5,000-6,999 元",166,0.031837360951285004,0,0
2014,full_sample,EXP_MEDICAL_EXPENDITURE,500-999 元,1124,0.2155734560797852,0,0
2014,full_sample,EXP_MEDICAL_EXPENDITURE,"7,000-9,999 元",109,0.02090525508247027,0,0
2014,full_sample,EXP_MEDICAL_EXPENDITURE,沒有這項支出,568,0.10893747602608363,0,0
2014,full_sample,EXP_OTHER_EXPENDITURE,"1,000-1,999元",1285,0.24645186037591102,0,0
2014,full_sample,EXP_OTHER_EXPENDITURE,"10,000-14,999元",35,0.006712696586114308,0,0
2014,full_sample,EXP_OTHER_EXPENDITURE,"15,000-19,999元",9,0.0017261219792865361,0,0
2014,full_sample,EXP_OTHER_EXPENDITURE,"2,000-2,999元",929,0.1781741465285769,0,0
2014,full_sample,EXP_OTHER_EXPENDITURE,"20,000-29,999元",12,0.0023014959723820483,0,0
2014,full_sample,EXP_OTHER_EXPENDITURE,"3,000-3,999元",458,0.08784042961258151,0,0
2014,full_sample,EXP_OTHER_EXPENDITURE,"30,000元及以上，請記錄__元",5,9.589566551591868e-4,0,0
2014,full_sample,EXP_OTHER_EXPENDITURE,"4,000-4,999元",182,0.0349060222477944,0,0
2014,full_sample,EXP_OTHER_EXPENDITURE,"5,000-6,999元",108,0.020713463751438434,0,0
2014,full_sample,EXP_OTHER_EXPENDITURE,"7,000-9,999元",44,0.008438818565400843,0,0
2014,full_sample,EXP_OTHER_EXPENDITURE,999元及以下,1277,0.24491752972765632,0,0
2014,full_sample,EXP_OTHER_EXPENDITURE,沒有這項支出,870,0.1668584579976985,0,0
2014,full_sample,EXP_TAX_INS_GIFT_EXPENDITURE,"1,000-1,499 元",771,0.1478711162255466,0,0
2014,full_sample,EXP_TAX_INS_GIFT_EXPENDITURE,"1,500-1,999 元",550,0.10548523206751055,0,0
2014,full_sample,EXP_TAX_INS_GIFT_EXPENDITURE,"10,000-14,999 元",149,0.028576908323743766,0,0
2014,full_sample,EXP_TAX_INS_GIFT_EXPENDITURE,"15,000-19,999 元",26,0.004986574606827772,0,0
2014,full_sample,EXP_TAX_INS_GIFT_EXPENDITURE,"2,000-2,499 元",658,0.126198695818949,0,0
2014,full_sample,EXP_TAX_INS_GIFT_EXPENDITURE,"2,500-2,999 元",530,0.1016494054468738,0,0
2014,full_sample,EXP_TAX_INS_GIFT_EXPENDITURE,"20,000-29,999 元",37,0.007096279248177982,0,0
2014,full_sample,EXP_TAX_INS_GIFT_EXPENDITURE,"3,000-3,999 元",568,0.10893747602608363,0,0
2014,full_sample,EXP_TAX_INS_GIFT_EXPENDITURE,"30,000 元及以上，請記錄________元",40,0.007671653241273495,0,0
2014,full_sample,EXP_TAX_INS_GIFT_EXPENDITURE,"4,000-4,999 元",387,0.07422324510932106,0,0
2014,full_sample,EXP_TAX_INS_GIFT_EXPENDITURE,"5,000-6,999 元",461,0.08841580360567702,0,0
2014,full_sample,EXP_TAX_INS_GIFT_EXPENDITURE,"7,000-9,999 元",198,0.0379746835443038,0,0
2014,full_sample,EXP_TAX_INS_GIFT_EXPENDITURE,999 元及以下,521,0.09992328346758726,0,0
2014,full_sample,EXP_TAX_INS_GIFT_EXPENDITURE,沒有這項支出,318,0.06098964326812428,0,0
2014,full_sample,EXP_TRANSPORT_COMM_EXPENDITURE,"1,000-1,999 元",818,0.15688530878404297,0,0
2014,full_sample,EXP_TRANSPORT_COMM_EXPENDITURE,"10,000-14,999 元",358,0.06866129650939777,0,0
2014,full_sample,EXP_TRANSPORT_COMM_EXPENDITURE,"15,000-19,999 元",97,0.018603759110088224,0,0
2014,full_sample,EXP_TRANSPORT_COMM_EXPENDITURE,"2,000-2,999 元",799,0.15324127349443806,0,0
2014,full_sample,EXP_TRANSPORT_COMM_EXPENDITURE,"20,000-29,999 元",54,0.010356731875719217,0,0
2014,full_sample,EXP_TRANSPORT_COMM_EXPENDITURE,"3,000-3,999 元",888,0.17031070195627157,0,0
2014,full_sample,EXP_TRANSPORT_COMM_EXPENDITURE,"30,000 元及以上，請記錄________元",15,0.0028768699654775605,0,0
2014,full_sample,EXP_TRANSPORT_COMM_EXPENDITURE,"4,000-4,999 元",663,0.12715765247410818,0,0
2014,full_sample,EXP_TRANSPORT_COMM_EXPENDITURE,"5,000-6,999 元",654,0.12543153049482164,0,0
2014,full_sample,EXP_TRANSPORT_COMM_EXPENDITURE,"7,000-9,999 元",387,0.07422324510932106,0,0
2014,full_sample,EXP_TRANSPORT_COMM_EXPENDITURE,999 元及以下,443,0.08496355964710395,0,0
2014,full_sample,EXP_TRANSPORT_COMM_EXPENDITURE,沒有這項支出,38,0.00728807057920982,0,0
2014,full_sample,EXP_TRAVEL_EXPENDITURE,"1,000-1,999元",345,0.0661680092059839,0,0
2014,full_sample,EXP_TRAVEL_EXPENDITURE,"10,000-14,999元",40,0.007671653241273495,0,0
2014,full_sample,EXP_TRAVEL_EXPENDITURE,"15,000-19,999元",11,0.002109704641350211,0,0
2014,full_sample,EXP_TRAVEL_EXPENDITURE,"2,000-2,999元",308,0.05907172995780591,0,0
2014,full_sample,EXP_TRAVEL_EXPENDITURE,"20,000-29,999元",15,0.0028768699654775605,0,0
2014,full_sample,EXP_TRAVEL_EXPENDITURE,"3,000-3,999元",170,0.032604526275412354,0,0
2014,full_sample,EXP_TRAVEL_EXPENDITURE,"30,000元及以上，請記錄__元",12,0.0023014959723820483,0,0
2014,full_sample,EXP_TRAVEL_EXPENDITURE,"4,000-4,999元",105,0.020138089758342925,0,0
2014,full_sample,EXP_TRAVEL_EXPENDITURE,"5,000-6,999元",92,0.017644802454929037,0,0
2014,full_sample,EXP_TRAVEL_EXPENDITURE,"7,000-9,999元",34,0.00652090525508247,0,0
2014,full_sample,EXP_TRAVEL_EXPENDITURE,999元及以下,231,0.04430379746835443,0,0
2014,full_sample,EXP_TRAVEL_EXPENDITURE,沒有這項支出,3851,0.7385884158036057,0,0
2014,full_sample,HOUSE_BELONG,借用,159,0.03049482163406214,0,0
2014,full_sample,HOUSE_BELONG,其他,2,3.835826620636747e-4,0,0
2014,full_sample,HOUSE_BELONG,租賃,1240,0.23782125047947833,0,0
2014,full_sample,HOUSE_BELONG,自有/家人所有/自建,3789,0.7266973532796318,0,0
2014,full_sample,HOUSE_BELONG,配住,24,0.004602991944764097,0,0
2014,full_sample,INC_FAM_GOV_INCOME,"1,000-1,999 元",32,0.009566517189835576,1869,0.358457997698504
2014,full_sample,INC_FAM_GOV_INCOME,"10,000-14,999 元",230,0.0687593423019432,1869,0.358457997698504
2014,full_sample,INC_FAM_GOV_INCOME,"15,000-19,999 元",55,0.016442451420029897,1869,0.358457997698504
2014,full_sample,INC_FAM_GOV_INCOME,"2,000-2,999 元",35,0.01046337817638266,1869,0.358457997698504
2014,full_sample,INC_FAM_GOV_INCOME,"20,000-29,999 元",24,0.007174887892376682,1869,0.358457997698504
2014,full_sample,INC_FAM_GOV_INCOME,"3,000-3,999 元",468,0.13991031390134528,1869,0.358457997698504
2014,full_sample,INC_FAM_GOV_INCOME,"30,000 元及以上，請記錄________元",6,0.0017937219730941704,1869,0.358457997698504
2014,full_sample,INC_FAM_GOV_INCOME,"4,000-4,999 元",89,0.026606875934230195,1869,0.358457997698504
2014,full_sample,INC_FAM_GOV_INCOME,"5,000-5,999 元",45,0.013452914798206279,1869,0.358457997698504
2014,full_sample,INC_FAM_GOV_INCOME,"6,000-7,999 元",347,0.10373692077727951,1869,0.358457997698504
2014,full_sample,INC_FAM_GOV_INCOME,"8,000-9,999 元",46,0.013751868460388639,1869,0.358457997698504
2014,full_sample,INC_FAM_GOV_INCOME,999 元及以下,13,0.0038863976083707025,1869,0.358457997698504
2014,full_sample,INC_FAM_GOV_INCOME,沒有這項收入,1955,0.5844544095665172,1869,0.358457997698504
2014,full_sample,INC_FAM_INTEREST_INCOME,"1,000-1,999 元",87,0.02600896860986547,1869,0.358457997698504
2014,full_sample,INC_FAM_INTEREST_INCOME,"10,000-14,999 元",23,0.0068759342301943195,1869,0.358457997698504
2014,full_sample,INC_FAM_INTEREST_INCOME,"2,000-2,999 元",41,0.012257100149476832,1869,0.358457997698504
2014,full_sample,INC_FAM_INTEREST_INCOME,"20,000-29,999 元",5,0.0014947683109118087,1869,0.358457997698504
2014,full_sample,INC_FAM_INTEREST_INCOME,"3,000-3,999 元",12,0.003587443946188341,1869,0.358457997698504
2014,full_sample,INC_FAM_INTEREST_INCOME,"30,000 元及以上，請記錄________元",3,8.968609865470852e-4,1869,0.358457997698504
2014,full_sample,INC_FAM_INTEREST_INCOME,"4,000-4,999 元",16,0.004783258594917788,1869,0.358457997698504
2014,full_sample,INC_FAM_INTEREST_INCOME,"5,000-5,999 元",10,0.0029895366218236174,1869,0.358457997698504
2014,full_sample,INC_FAM_INTEREST_INCOME,"6,000-7,999 元",6,0.0017937219730941704,1869,0.358457997698504
2014,full_sample,INC_FAM_INTEREST_INCOME,"8,000-9,999 元",8,0.002391629297458894,1869,0.358457997698504
2014,full_sample,INC_FAM_INTEREST_INCOME,999 元及以下,199,0.05949177877428999,1869,0.358457997698504
2014,full_sample,INC_FAM_INTEREST_INCOME,沒有這項收入,2935,0.8774289985052317,1869,0.358457997698504
2014,full_sample,INC_FAM_OTHER_INCOME,"10,000-14,999元",5,0.0014947683109118087,1869,0.358457997698504
2014,full_sample,INC_FAM_OTHER_INCOME,"15,000-19,999元",4,0.001195814648729447,1869,0.358457997698504
2014,full_sample,INC_FAM_OTHER_INCOME,"20,000-24,999元",1,2.9895366218236175e-4,1869,0.358457997698504
2014,full_sample,INC_FAM_OTHER_INCOME,"25,000-29,999元",2,5.979073243647235e-4,1869,0.358457997698504
2014,full_sample,INC_FAM_OTHER_INCOME,"30,000-39,999元",1,2.9895366218236175e-4,1869,0.358457997698504
2014,full_sample,INC_FAM_OTHER_INCOME,"4,999元及以下",73,0.021823617339312408,1869,0.358457997698504
2014,full_sample,INC_FAM_OTHER_INCOME,"5,000-9,999元",16,0.004783258594917788,1869,0.358457997698504
2014,full_sample,INC_FAM_OTHER_INCOME,"50,000-59,999元",13,0.0038863976083707025,1869,0.358457997698504
2014,full_sample,INC_FAM_OTHER_INCOME,沒有這項收入,3230,0.9656203288490284,1869,0.358457997698504
2014,full_sample,INC_FAM_RENT_INCOME,"10,000-14,999 元",4,0.001195814648729447,1869,0.358457997698504
2014,full_sample,INC_FAM_RENT_INCOME,"15,000-19,999 元",3,8.968609865470852e-4,1869,0.358457997698504
2014,full_sample,INC_FAM_RENT_INCOME,"30,000-39,999 元",1,2.9895366218236175e-4,1869,0.358457997698504
2014,full_sample,INC_FAM_RENT_INCOME,"4,999 元及以下",13,0.0038863976083707025,1869,0.358457997698504
2014,full_sample,INC_FAM_RENT_INCOME,"5,000-9,999 元",12,0.003587443946188341,1869,0.358457997698504
2014,full_sample,INC_FAM_RENT_INCOME,"50,000-59,999 元",23,0.0068759342301943195,1869,0.358457997698504
2014,full_sample,INC_FAM_RENT_INCOME,"80,000 元及以上，請記錄_________________元",2,5.979073243647235e-4,1869,0.358457997698504
2014,full_sample,INC_FAM_RENT_INCOME,沒有這項收入,3287,0.9826606875934231,1869,0.358457997698504
2014,full_sample,INC_FAM_TRANSFER_INCOME,"1,000-1,999 元",38,0.011360239162929745,1869,0.358457997698504
2014,full_sample,INC_FAM_TRANSFER_INCOME,"10,000-14,999 元",7,0.0020926756352765323,1869,0.358457997698504
2014,full_sample,INC_FAM_TRANSFER_INCOME,"2,000-2,999 元",11,0.003288490284005979,1869,0.358457997698504
2014,full_sample,INC_FAM_TRANSFER_INCOME,"20,000-29,999 元",2,5.979073243647235e-4,1869,0.358457997698504
2014,full_sample,INC_FAM_TRANSFER_INCOME,"3,000-3,999 元",9,0.0026905829596412557,1869,0.358457997698504
2014,full_sample,INC_FAM_TRANSFER_INCOME,"4,000-4,999 元",5,0.0014947683109118087,1869,0.358457997698504
2014,full_sample,INC_FAM_TRANSFER_INCOME,"5,000-5,999 元",4,0.001195814648729447,1869,0.358457997698504
2014,full_sample,INC_FAM_TRANSFER_INCOME,"6,000-7,999 元",2,5.979073243647235e-4,1869,0.358457997698504
2014,full_sample,INC_FAM_TRANSFER_INCOME,"8,000-9,999 元",3,8.968609865470852e-4,1869,0.358457997698504
2014,full_sample,INC_FAM_TRANSFER_INCOME,999 元及以下,70,0.02092675635276532,1869,0.358457997698504
2014,full_sample,INC_FAM_TRANSFER_INCOME,沒有這項收入,3194,0.9548579970104634,1869,0.358457997698504
2014,full_sample,INC_FAM_WORK_INCOME,"10,000-19,999 元",112,0.03348281016442452,1869,0.358457997698504
2014,full_sample,INC_FAM_WORK_INCOME,"100,000-129,999元",281,0.08400597907324364,1869,0.358457997698504
2014,full_sample,INC_FAM_WORK_INCOME,"130,000-159,999元",84,0.025112107623318385,1869,0.358457997698504
2014,full_sample,INC_FAM_WORK_INCOME,"160,000 元及以上，請記錄____________元",39,0.011659192825112108,1869,0.358457997698504
2014,full_sample,INC_FAM_WORK_INCOME,"20,000-29,999 元",225,0.06726457399103139,1869,0.358457997698504
2014,full_sample,INC_FAM_WORK_INCOME,"30,000-39,999 元",316,0.09446935724962631,1869,0.358457997698504
2014,full_sample,INC_FAM_WORK_INCOME,"40,000-49,999 元",419,0.12526158445440957,1869,0.358457997698504
2014,full_sample,INC_FAM_WORK_INCOME,"50,000-59,999 元",516,0.15426008968609867,1869,0.358457997698504
2014,full_sample,INC_FAM_WORK_INCOME,"60,000-69,999 元",416,0.12436472346786248,1869,0.358457997698504
2014,full_sample,INC_FAM_WORK_INCOME,"70,000-79,999 元",364,0.10881913303437966,1869,0.358457997698504
2014,full_sample,INC_FAM_WORK_INCOME,"80,000-89,999 元",279,0.08340807174887892,1869,0.358457997698504
2014,full_sample,INC_FAM_WORK_INCOME,"9,999 元及以下",42,0.012556053811659192,1869,0.358457997698504
2014,full_sample,INC_FAM_WORK_INCOME,"90,000-99,999 元",161,0.04813153961136024,1869,0.358457997698504
2014,full_sample,INC_FAM_WORK_INCOME,沒有這項收入,91,0.027204783258594916,1869,0.358457997698504
2014,full_sample,INC_PERS_GOV_INCOME,"1,000-1,999 元",28,0.005376344086021506,6,0.0011507479861910242
2014,full_sample,INC_PERS_GOV_INCOME,"10,000-14,999 元",87,0.016705069124423964,6,0.0011507479861910242
2014,full_sample,INC_PERS_GOV_INCOME,"15,000-19,999 元",31,0.005952380952380952,6,0.0011507479861910242
2014,full_sample,INC_PERS_GOV_INCOME,"2,000-2,999 元",38,0.007296466973886329,6,0.0011507479861910242
2014,full_sample,INC_PERS_GOV_INCOME,"3,000-3,999 元",628,0.1205837173579109,6,0.0011507479861910242
2014,full_sample,INC_PERS_GOV_INCOME,"4,000-4,999 元",97,0.018625192012288787,6,0.0011507479861910242
2014,full_sample,INC_PERS_GOV_INCOME,"5,000-5,999 元",31,0.005952380952380952,6,0.0011507479861910242
2014,full_sample,INC_PERS_GOV_INCOME,"6,000-7,999 元",282,0.05414746543778802,6,0.0011507479861910242
2014,full_sample,INC_PERS_GOV_INCOME,"8,000-9,999 元",44,0.008448540706605223,6,0.0011507479861910242
2014,full_sample,INC_PERS_GOV_INCOME,999 元及以下,25,0.004800307219662059,6,0.0011507479861910242
2014,full_sample,INC_PERS_GOV_INCOME,沒有這項收入,3917,0.7521121351766513,6,0.0011507479861910242
2014,full_sample,INC_PERS_INTEREST_INCOME,"1,000-1,999 元",79,0.015151515151515152,0,0
2014,full_sample,INC_PERS_INTEREST_INCOME,"10,000-14,999 元",8,0.0015343306482546988,0,0
2014,full_sample,INC_PERS_INTEREST_INCOME,"15,000-19,999 元",1,1.9179133103183735e-4,0,0
2014,full_sample,INC_PERS_INTEREST_INCOME,"2,000-2,999 元",23,0.004411200613732259,0,0
2014,full_sample,INC_PERS_INTEREST_INCOME,"20,000-29,999 元",4,7.671653241273494e-4,0,0
2014,full_sample,INC_PERS_INTEREST_INCOME,"3,000-3,999 元",23,0.004411200613732259,0,0
2014,full_sample,INC_PERS_INTEREST_INCOME,"30,000 元及以上，請記錄________元",4,7.671653241273494e-4,0,0
2014,full_sample,INC_PERS_INTEREST_INCOME,"4,000-4,999 元",8,0.0015343306482546988,0,0
2014,full_sample,INC_PERS_INTEREST_INCOME,"5,000-5,999 元",12,0.0023014959723820483,0,0
2014,full_sample,INC_PERS_INTEREST_INCOME,"6,000-7,999 元",8,0.0015343306482546988,0,0
2014,full_sample,INC_PERS_INTEREST_INCOME,"8,000-9,999 元",3,5.753739930955121e-4,0,0
2014,full_sample,INC_PERS_INTEREST_INCOME,999 元及以下,276,0.05293440736478711,0,0
2014,full_sample,INC_PERS_INTEREST_INCOME,沒有這項收入,4765,0.913885692366705,0,0
2014,full_sample,INC_PERS_OTHER_INCOME,"10,000-14,999 元",15,0.0028768699654775605,0,0
2014,full_sample,INC_PERS_OTHER_INCOME,"15,000-19,999 元",5,9.589566551591868e-4,0,0
2014,full_sample,INC_PERS_OTHER_INCOME,"20,000-24,999 元",3,5.753739930955121e-4,0,0
2014,full_sample,INC_PERS_OTHER_INCOME,"4,999 元及以下",126,0.024165707710011506,0,0
2014,full_sample,INC_PERS_OTHER_INCOME,"5,000-9,999 元",25,0.004794783275795934,0,0
2014,full_sample,INC_PERS_OTHER_INCOME,"50,000-59,999 元",4,7.671653241273494e-4,0,0
2014,full_sample,INC_PERS_OTHER_INCOME,"80,000 元及以上，請記錄_________________元",1,1.9179133103183735e-4,0,0
2014,full_sample,INC_PERS_OTHER_INCOME,沒有這項收入,5035,0.9656693517453011,0,0
2014,full_sample,INC_PERS_RENT_INCOME,"10,000-14,999 元",8,0.0015343306482546988,0,0
2014,full_sample,INC_PERS_RENT_INCOME,"15,000-19,999 元",2,3.835826620636747e-4,0,0
2014,full_sample,INC_PERS_RENT_INCOME,"20,000-24,999 元",1,1.9179133103183735e-4,0,0
2014,full_sample,INC_PERS_RENT_INCOME,"25,000-29,999 元",2,3.835826620636747e-4,0,0
2014,full_sample,INC_PERS_RENT_INCOME,"4,999 元及以下",13,0.002493287303413886,0,0
2014,full_sample,INC_PERS_RENT_INCOME,"5,000-9,999 元",14,0.002685078634445723,0,0
2014,full_sample,INC_PERS_RENT_INCOME,"50,000-59,999 元",5,9.589566551591868e-4,0,0
2014,full_sample,INC_PERS_RENT_INCOME,"60,000-69,999 元",1,1.9179133103183735e-4,0,0
2014,full_sample,INC_PERS_RENT_INCOME,"80,000 元及以上，請記錄_________________元",3,5.753739930955121e-4,0,0
2014,full_sample,INC_PERS_RENT_INCOME,沒有這項收入,5165,0.9906022247794399,0,0
2014,full_sample,INC_PERS_TRANSFER_INCOME,"1,000-1,999 元",38,0.0072908672294704525,2,3.835826620636747e-4
2014,full_sample,INC_PERS_TRANSFER_INCOME,"10,000-14,999 元",21,0.004029163468917882,2,3.835826620636747e-4
2014,full_sample,INC_PERS_TRANSFER_INCOME,"15,000-19,999 元",1,1.918649270913277e-4,2,3.835826620636747e-4
2014,full_sample,INC_PERS_TRANSFER_INCOME,"2,000-2,999 元",22,0.00422102839600921,2,3.835826620636747e-4
2014,full_sample,INC_PERS_TRANSFER_INCOME,"3,000-3,999 元",17,0.003261703760552571,2,3.835826620636747e-4
2014,full_sample,INC_PERS_TRANSFER_INCOME,"4,000-4,999 元",5,9.593246354566385e-4,2,3.835826620636747e-4
2014,full_sample,INC_PERS_TRANSFER_INCOME,"5,000-5,999 元",16,0.0030698388334612432,2,3.835826620636747e-4
2014,full_sample,INC_PERS_TRANSFER_INCOME,"6,000-7,999 元",8,0.0015349194167306216,2,3.835826620636747e-4
2014,full_sample,INC_PERS_TRANSFER_INCOME,"8,000-9,999 元",5,9.593246354566385e-4,2,3.835826620636747e-4
2014,full_sample,INC_PERS_TRANSFER_INCOME,999 元及以下,100,0.01918649270913277,2,3.835826620636747e-4
2014,full_sample,INC_PERS_TRANSFER_INCOME,沒有這項收入,4979,0.9552954719877207,2,3.835826620636747e-4
2014,full_sample,INC_PERS_WORK_INCOME,"10,000-14,999 元",281,0.0538933640199463,0,0
2014,full_sample,INC_PERS_WORK_INCOME,"100,000-129,999元",28,0.005370157268891446,0,0
2014,full_sample,INC_PERS_WORK_INCOME,"130,000-159,999元",4,7.671653241273494e-4,0,0
2014,full_sample,INC_PERS_WORK_INCOME,"15,000-19,999 元",394,0.07556578442654392,0,0
2014,full_sample,INC_PERS_WORK_INCOME,"160,000 元及以上，請記錄____________元",5,9.589566551591868e-4,0,0
2014,full_sample,INC_PERS_WORK_INCOME,"20,000-24,999 元",692,0.13271960107403144,0,0
2014,full_sample,INC_PERS_WORK_INCOME,"25,000-29,999 元",571,0.10951285001917914,0,0
2014,full_sample,INC_PERS_WORK_INCOME,"30,000-39,999 元",1071,0.2054085155350978,0,0
2014,full_sample,INC_PERS_WORK_INCOME,"40,000-49,999 元",520,0.09973149213655542,0,0
2014,full_sample,INC_PERS_WORK_INCOME,"50,000-59,999 元",311,0.05964710395090142,0,0
2014,full_sample,INC_PERS_WORK_INCOME,"60,000-69,999 元",144,0.02761795166858458,0,0
2014,full_sample,INC_PERS_WORK_INCOME,"70,000-79,999 元",60,0.011507479861910242,0,0
2014,full_sample,INC_PERS_WORK_INCOME,"80,000-89,999 元",30,0.005753739930955121,0,0
2014,full_sample,INC_PERS_WORK_INCOME,"9,999 元及以下",254,0.04871499808208669,0,0
2014,full_sample,INC_PERS_WORK_INCOME,"90,000-99,999 元",7,0.0013425393172228615,0,0
2014,full_sample,INC_PERS_WORK_INCOME,沒有這項收入,842,0.16148830072880707,0,0
2014,full_sample,MALE,男性,3360,0.6444188722669736,0,0
2014,full_sample,MALE,非男性,1854,0.35558112773302647,0,0
2014,full_sample,RACE,卑南族,136,0.02608362102032988,0,0
2014,full_sample,RACE,卡那卡那富族,3,5.753739930955121e-4,0,0
2014,full_sample,RACE,噶瑪蘭族,4,7.671653241273494e-4,0,0
2014,full_sample,RACE,太魯閣族,238,0.04564633678557729,0,0
2014,full_sample,RACE,布農族,458,0.08784042961258151,0,0
2014,full_sample,RACE,拉阿魯哇族,3,5.753739930955121e-4,0,0
2014,full_sample,RACE,排灣族,910,0.174530111238972,0,0
2014,full_sample,RACE,撒奇萊雅族,16,0.0030686612965093976,0,0
2014,full_sample,RACE,泰雅族,545,0.10452627541235136,0,0
2014,full_sample,RACE,賽夏族,46,0.008822401227464518,0,0
2014,full_sample,RACE,賽德克族,87,0.01668584579976985,0,0
2014,full_sample,RACE,邵族,28,0.005370157268891446,0,0
2014,full_sample,RACE,鄒族,74,0.014192558496355964,0,0
2014,full_sample,RACE,阿美族,1902,0.36478711162255467,0,0
2014,full_sample,RACE,雅美族/達悟族,17,0.003260452627541235,0,0
2014,full_sample,RACE,非原住民族,643,0.12332182585347143,0,0
2014,full_sample,RACE,魯凱族,104,0.019946298427311087,0,0
2014,full_sample,RENT,"1,000-2,999元",42,0.034229828850855744,3987,0.7646720368239356
2014,full_sample,RENT,"10,000-19,999元",343,0.2795436022819886,3987,0.7646720368239356
2014,full_sample,RENT,"3,000-4,999元",120,0.097799511002445,3987,0.7646720368239356
2014,full_sample,RENT,"5,000-6,999元",243,0.1980440097799511,3987,0.7646720368239356
2014,full_sample,RENT,"7,000-9,999元",396,0.32273838630806845,3987,0.7646720368239356
2014,full_sample,RENT,不需要支付租金,60,0.0488997555012225,3987,0.7646720368239356
2014,full_sample,RENT,"未滿1,000元",23,0.018744906275468622,3987,0.7646720368239356
2017,full_sample,EDU,不識字/自修,146,0.027536778574122973,0,0
2017,full_sample,EDU,國(初)中,1195,0.22538664654847226,0,0
2017,full_sample,EDU,國小,1084,0.20445115050924179,0,0
2017,full_sample,EDU,專科以上,984,0.18559034326669183,0,0
2017,full_sample,EDU,高中職,1893,0.35703508110147114,0,0
2017,full_sample,EXP_ALCOHOL_EXPENDITURE,"1,000-1,999 元",640,0.12070916635231987,0,0
2017,full_sample,EXP_ALCOHOL_EXPENDITURE,"10,000-14,999 元",94,0.017729158807996984,0,0
2017,full_sample,EXP_ALCOHOL_EXPENDITURE,"15,000-19,999 元",22,0.004149377593360996,0,0
2017,full_sample,EXP_ALCOHOL_EXPENDITURE,"2,000-2,999 元",519,0.09788758958883441,0,0
2017,full_sample,EXP_ALCOHOL_EXPENDITURE,"20,000-29,999 元",8,0.0015088645794039985,0,0
2017,full_sample,EXP_ALCOHOL_EXPENDITURE,"3,000-3,999 元",498,0.0939268200678989,0,0
2017,full_sample,EXP_ALCOHOL_EXPENDITURE,"4,000-4,999 元",219,0.04130516786118446,0,0
2017,full_sample,EXP_ALCOHOL_EXPENDITURE,499 元及以下,561,0.10580912863070539,0,0
2017,full_sample,EXP_ALCOHOL_EXPENDITURE,"5,000-6,999 元",271,0.051112787627310446,0,0
2017,full_sample,EXP_ALCOHOL_EXPENDITURE,500-999 元,944,0.17804602036967182,0,0
2017,full_sample,EXP_ALCOHOL_EXPENDITURE,"7,000-9,999 元",137,0.025839305922293474,0,0
2017,full_sample,EXP_ALCOHOL_EXPENDITURE,沒有這項支出,1389,0.2619766125990192,0,0
2017,full_sample,EXP_BOOKS_EXPENDITURE,"1,000元~未滿2,000元",255,0.1650485436893204,3757,0.7086005281026028
2017,full_sample,EXP_BOOKS_EXPENDITURE,"10,000元~未滿15,000元",4,0.0025889967637540453,3757,0.7086005281026028
2017,full_sample,EXP_BOOKS_EXPENDITURE,"2,000元~未滿3,000元",53,0.0343042071197411,3757,0.7086005281026028
2017,full_sample,EXP_BOOKS_EXPENDITURE,"20,000元~未滿30,000元",1,6.472491909385113e-4,3757,0.7086005281026028
2017,full_sample,EXP_BOOKS_EXPENDITURE,"3,000元~未滿4,000元",25,0.016181229773462782,3757,0.7086005281026028
2017,full_sample,EXP_BOOKS_EXPENDITURE,"30,000元以上",1,6.472491909385113e-4,3757,0.7086005281026028
2017,full_sample,EXP_BOOKS_EXPENDITURE,"4,000元~未滿5,000元",9,0.005825242718446602,3757,0.7086005281026028
2017,full_sample,EXP_BOOKS_EXPENDITURE,"5,000元~未滿7,000元",8,0.005177993527508091,3757,0.7086005281026028
2017,full_sample,EXP_BOOKS_EXPENDITURE,"7,000元~未滿10,000元",2,0.0012944983818770227,3757,0.7086005281026028
2017,full_sample,EXP_BOOKS_EXPENDITURE,"未滿1,000元",1187,0.7682847896440129,3757,0.7086005281026028
2017,full_sample,EXP_CARE_EXPENDITURE,"1,000元~未滿2,000元",27,0.10344827586206896,5041,0.9507732930969446
2017,full_sample,EXP_CARE_EXPENDITURE,"10,000元~未滿15,000元",22,0.0842911877394636,5041,0.9507732930969446
2017,full_sample,EXP_CARE_EXPENDITURE,"15,000元~未滿20,000元",27,0.10344827586206896,5041,0.9507732930969446
2017,full_sample,EXP_CARE_EXPENDITURE,"2,000元~未滿3,000元",25,0.09578544061302682,5041,0.9507732930969446
2017,full_sample,EXP_CARE_EXPENDITURE,"20,000元~未滿30,000元",49,0.18773946360153257,5041,0.9507732930969446
2017,full_sample,EXP_CARE_EXPENDITURE,"3,000元~未滿4,000元",22,0.0842911877394636,5041,0.9507732930969446
2017,full_sample,EXP_CARE_EXPENDITURE,"30,000元以上",11,0.0421455938697318,5041,0.9507732930969446
2017,full_sample,EXP_CARE_EXPENDITURE,"4,000元~未滿5,000元",24,0.09195402298850575,5041,0.9507732930969446
2017,full_sample,EXP_CARE_EXPENDITURE,"5,000元~未滿7,000元",14,0.05363984674329502,5041,0.9507732930969446
2017,full_sample,EXP_CARE_EXPENDITURE,"7,000元~未滿10,000元",21,0.08045977011494253,5041,0.9507732930969446
2017,full_sample,EXP_CARE_EXPENDITURE,"未滿1,000元",19,0.07279693486590039,5041,0.9507732930969446
2017,full_sample,EXP_CLEANING_EXPENDITURE,有,13,0.6842105263157895,5283,0.9964164466239155
2017,full_sample,EXP_CLEANING_EXPENDITURE,沒有           ○11,6,0.3157894736842105,5283,0.9964164466239155
2017,full_sample,EXP_CLOTHING_EXPENDITURE,"1,000元~未滿2,000元",1444,0.27235005658242173,0,0
2017,full_sample,EXP_CLOTHING_EXPENDITURE,"10,000元~未滿15,000元",33,0.006224066390041493,0,0
2017,full_sample,EXP_CLOTHING_EXPENDITURE,"15,000元~未滿20,000元",12,0.002263296869105998,0,0
2017,full_sample,EXP_CLOTHING_EXPENDITURE,"2,000元~未滿3,000元",886,0.16710675216899284,0,0
2017,full_sample,EXP_CLOTHING_EXPENDITURE,"20,000元~未滿30,000元",5,9.43040362127499e-4,0,0
2017,full_sample,EXP_CLOTHING_EXPENDITURE,"3,000元~未滿4,000元",204,0.03847604677480196,0,0
2017,full_sample,EXP_CLOTHING_EXPENDITURE,"4,000元~未滿5,000元",139,0.026216522067144473,0,0
2017,full_sample,EXP_CLOTHING_EXPENDITURE,"5,000元~未滿7,000元",96,0.018106374952847983,0,0
2017,full_sample,EXP_CLOTHING_EXPENDITURE,"7,000元~未滿10,000元",34,0.006412674462466994,0,0
2017,full_sample,EXP_CLOTHING_EXPENDITURE,"未滿1,000元",2449,0.46190116937004905,0,0
2017,full_sample,EXP_DINING_LODGING_EXPENDITURE,有,596,0.49174917491749176,4090,0.7714070162202943
2017,full_sample,EXP_DINING_LODGING_EXPENDITURE,沒有           ○11 行住宿服務費,616,0.5082508250825083,4090,0.7714070162202943
2017,full_sample,EXP_EDU_TUITION_EXPENDITURE,"1,000元~未滿2,000元",430,0.19247985675917637,3068,0.5786495662014334
2017,full_sample,EXP_EDU_TUITION_EXPENDITURE,"10,000元~未滿15,000元",172,0.07699194270367055,3068,0.5786495662014334
2017,full_sample,EXP_EDU_TUITION_EXPENDITURE,"15,000元~未滿20,000元",52,0.023276633840644583,3068,0.5786495662014334
2017,full_sample,EXP_EDU_TUITION_EXPENDITURE,"2,000元~未滿3,000元",290,0.12981199641897942,3068,0.5786495662014334
2017,full_sample,EXP_EDU_TUITION_EXPENDITURE,"20,000元~未滿30,000元",32,0.01432408236347359,3068,0.5786495662014334
2017,full_sample,EXP_EDU_TUITION_EXPENDITURE,"3,000元~未滿4,000元",234,0.10474485228290063,3068,0.5786495662014334
2017,full_sample,EXP_EDU_TUITION_EXPENDITURE,"30,000元以上",14,0.006266786034019696,3068,0.5786495662014334
2017,full_sample,EXP_EDU_TUITION_EXPENDITURE,"4,000元~未滿5,000元",211,0.09444941808415398,3068,0.5786495662014334
2017,full_sample,EXP_EDU_TUITION_EXPENDITURE,"5,000元~未滿7,000元",254,0.11369740376007162,3068,0.5786495662014334
2017,full_sample,EXP_EDU_TUITION_EXPENDITURE,"7,000元~未滿10,000元",184,0.08236347358997315,3068,0.5786495662014334
2017,full_sample,EXP_EDU_TUITION_EXPENDITURE,"未滿1,000元",361,0.16159355416293644,3068,0.5786495662014334
2017,full_sample,EXP_FOOD_EXPENDITURE,"10,000-11,999 元",844,0.15918521312712183,0,0
2017,full_sample,EXP_FOOD_EXPENDITURE,"12,000-14,999 元",448,0.08449641644662391,0,0
2017,full_sample,EXP_FOOD_EXPENDITURE,"15,000-19,999 元",462,0.08713692946058091,0,0
2017,full_sample,EXP_FOOD_EXPENDITURE,"20,000-29,999 元",428,0.08072425499811392,0,0
2017,full_sample,EXP_FOOD_EXPENDITURE,"3,000-4,999 元",836,0.15767634854771784,0,0
2017,full_sample,EXP_FOOD_EXPENDITURE,"30,000-39,999 元",96,0.018106374952847983,0,0
2017,full_sample,EXP_FOOD_EXPENDITURE,"40,000-49,999 元",17,0.003206337231233497,0,0
2017,full_sample,EXP_FOOD_EXPENDITURE,"5,000-6,999 元",807,0.15220671444737835,0,0
2017,full_sample,EXP_FOOD_EXPENDITURE,"50,000-59,999 元",4,7.544322897019992e-4,0,0
2017,full_sample,EXP_FOOD_EXPENDITURE,"60,000-69,999 元",4,7.544322897019992e-4,0,0
2017,full_sample,EXP_FOOD_EXPENDITURE,"7,000-9,999 元",712,0.13428894756695586,0,0
2017,full_sample,EXP_FOOD_EXPENDITURE,"未滿3,000元",644,0.12146359864202187,0,0
2017,full_sample,EXP_FURNITURE_EXPENDITURE,"1,000元~未滿2,000元",1088,0.2052055827989438,0,0
2017,full_sample,EXP_FURNITURE_EXPENDITURE,"10,000元~未滿15,000元",32,0.006035458317615994,0,0
2017,full_sample,EXP_FURNITURE_EXPENDITURE,"15,000元~未滿20,000元",13,0.0024519049415314977,0,0
2017,full_sample,EXP_FURNITURE_EXPENDITURE,"2,000元~未滿3,000元",793,0.14956620143342136,0,0
2017,full_sample,EXP_FURNITURE_EXPENDITURE,"20,000元~未滿30,000元",18,0.0033949453036589967,0,0
2017,full_sample,EXP_FURNITURE_EXPENDITURE,"3,000元~未滿4,000元",652,0.12297246322142588,0,0
2017,full_sample,EXP_FURNITURE_EXPENDITURE,"4,000元~未滿5,000元",625,0.11788004526593739,0,0
2017,full_sample,EXP_FURNITURE_EXPENDITURE,"5,000元~未滿7,000元",610,0.11505092417955488,0,0
2017,full_sample,EXP_FURNITURE_EXPENDITURE,"7,000元~未滿10,000元",567,0.1069407770652584,0,0
2017,full_sample,EXP_FURNITURE_EXPENDITURE,"未滿1,000元",904,0.17050169747265184,0,0
2017,full_sample,EXP_HOUSING_UTIL_EXPENDITURE,"1,000-1,499 元",735,0.13862693323274236,0,0
2017,full_sample,EXP_HOUSING_UTIL_EXPENDITURE,"1,500-1,999 元",635,0.11976612599019237,0,0
2017,full_sample,EXP_HOUSING_UTIL_EXPENDITURE,"10,000-14,999 元",439,0.08279894379479441,0,0
2017,full_sample,EXP_HOUSING_UTIL_EXPENDITURE,"15,000-19,999 元",220,0.04149377593360996,0,0
2017,full_sample,EXP_HOUSING_UTIL_EXPENDITURE,"2,000-2,499 元",520,0.0980761976612599,0,0
2017,full_sample,EXP_HOUSING_UTIL_EXPENDITURE,"2,500-2,999 元",605,0.11410788381742738,0,0
2017,full_sample,EXP_HOUSING_UTIL_EXPENDITURE,"20,000-29,999 元",115,0.02168992832893248,0,0
2017,full_sample,EXP_HOUSING_UTIL_EXPENDITURE,"3,000-4,999 元",874,0.16484345529988684,0,0
2017,full_sample,EXP_HOUSING_UTIL_EXPENDITURE,"30,000-39,999 元",31,0.0058468502451904944,0,0
2017,full_sample,EXP_HOUSING_UTIL_EXPENDITURE,"5,000-9,999 元",693,0.13070539419087138,0,0
2017,full_sample,EXP_HOUSING_UTIL_EXPENDITURE,"50,000-59,999 元",3,5.658242172764995e-4,0,0
2017,full_sample,EXP_HOUSING_UTIL_EXPENDITURE,"60,000-69,999 元",2,3.772161448509996e-4,0,0
2017,full_sample,EXP_HOUSING_UTIL_EXPENDITURE,"70,000 元及以上，請記錄____________元",2,3.772161448509996e-4,0,0
2017,full_sample,EXP_HOUSING_UTIL_EXPENDITURE,999 元及以下,384,0.07242549981139193,0,0
2017,full_sample,EXP_HOUSING_UTIL_EXPENDITURE,沒有這項支出,44,0.008298755186721992,0,0
2017,full_sample,EXP_LOAN_INTEREST_EXPENDITURE,"1,000元~未滿2,000元",136,0.09121395036887994,3811,0.7187853640135797
2017,full_sample,EXP_LOAN_INTEREST_EXPENDITURE,"10,000元~未滿15,000元",246,0.16498993963782696,3811,0.7187853640135797
2017,full_sample,EXP_LOAN_INTEREST_EXPENDITURE,"15,000元~未滿20,000元",132,0.08853118712273642,3811,0.7187853640135797
2017,full_sample,EXP_LOAN_INTEREST_EXPENDITURE,"2,000元~未滿3,000元",138,0.0925553319919517,3811,0.7187853640135797
2017,full_sample,EXP_LOAN_INTEREST_EXPENDITURE,"20,000元~未滿30,000元",152,0.10194500335345406,3811,0.7187853640135797
2017,full_sample,EXP_LOAN_INTEREST_EXPENDITURE,"3,000元~未滿4,000元",126,0.08450704225352113,3811,0.7187853640135797
2017,full_sample,EXP_LOAN_INTEREST_EXPENDITURE,"30,000元以上",51,0.03420523138832998,3811,0.7187853640135797
2017,full_sample,EXP_LOAN_INTEREST_EXPENDITURE,"4,000元~未滿5,000元",94,0.06304493628437291,3811,0.7187853640135797
2017,full_sample,EXP_LOAN_INTEREST_EXPENDITURE,"5,000元~未滿7,000元",163,0.10932260228034876,3811,0.7187853640135797
2017,full_sample,EXP_LOAN_INTEREST_EXPENDITURE,"7,000元~未滿10,000元",125,0.08383635144198524,3811,0.7187853640135797
2017,full_sample,EXP_LOAN_INTEREST_EXPENDITURE,"未滿1,000元",128,0.08584842387659289,3811,0.7187853640135797
2017,full_sample,EXP_MEDICAL_EXPENDITURE,"1,000-1,999 元",1006,0.1897397208600528,0,0
2017,full_sample,EXP_MEDICAL_EXPENDITURE,"10,000-14,999 元",105,0.01980384760467748,0,0
2017,full_sample,EXP_MEDICAL_EXPENDITURE,"15,000-19,999 元",46,0.00867597133157299,0,0
2017,full_sample,EXP_MEDICAL_EXPENDITURE,"2,000-2,999 元",309,0.05827989437947944,0,0
2017,full_sample,EXP_MEDICAL_EXPENDITURE,"20,000-29,999 元",19,0.0035835533760844966,0,0
2017,full_sample,EXP_MEDICAL_EXPENDITURE,"3,000-3,999 元",242,0.04564315352697095,0,0
2017,full_sample,EXP_MEDICAL_EXPENDITURE,"30,000 元及以上，請記錄________元",17,0.003206337231233497,0,0
2017,full_sample,EXP_MEDICAL_EXPENDITURE,"4,000-4,999 元",216,0.04073934364390796,0,0
2017,full_sample,EXP_MEDICAL_EXPENDITURE,499 元及以下,1437,0.27102980007544325,0,0
2017,full_sample,EXP_MEDICAL_EXPENDITURE,"5,000-6,999 元",164,0.03093172387778197,0,0
2017,full_sample,EXP_MEDICAL_EXPENDITURE,500-999 元,1388,0.26178800452659373,0,0
2017,full_sample,EXP_MEDICAL_EXPENDITURE,"7,000-9,999 元",165,0.03112033195020747,0,0
2017,full_sample,EXP_MEDICAL_EXPENDITURE,沒有這項支出,188,0.03545831761599397,0,0
2017,full_sample,EXP_OTHER_EXPENDITURE,"1,000元~未滿2,000元",1319,0.24877404752923424,0,0
2017,full_sample,EXP_OTHER_EXPENDITURE,"10,000元~未滿15,000元",29,0.005469634100339495,0,0
2017,full_sample,EXP_OTHER_EXPENDITURE,"15,000元~未滿20,000元",8,0.0015088645794039985,0,0
2017,full_sample,EXP_OTHER_EXPENDITURE,"2,000元~未滿3,000元",867,0.16352319879290833,0,0
2017,full_sample,EXP_OTHER_EXPENDITURE,"20,000元~未滿30,000元",14,0.002640513013956997,0,0
2017,full_sample,EXP_OTHER_EXPENDITURE,"3,000元~未滿4,000元",502,0.0946812523576009,0,0
2017,full_sample,EXP_OTHER_EXPENDITURE,"30,000元以上",4,7.544322897019992e-4,0,0
2017,full_sample,EXP_OTHER_EXPENDITURE,"4,000元~未滿5,000元",463,0.08732553753300641,0,0
2017,full_sample,EXP_OTHER_EXPENDITURE,"5,000元~未滿7,000元",115,0.02168992832893248,0,0
2017,full_sample,EXP_OTHER_EXPENDITURE,"7,000元~未滿10,000元",60,0.011316484345529988,0,0
2017,full_sample,EXP_OTHER_EXPENDITURE,"未滿1,000元",1921,0.3623161071293851,0,0
2017,full_sample,EXP_TAX_INS_GIFT_EXPENDITURE,"1,000-1,499 元",891,0.16804979253112035,0,0
2017,full_sample,EXP_TAX_INS_GIFT_EXPENDITURE,"1,500-1,999 元",494,0.0931723877781969,0,0
2017,full_sample,EXP_TAX_INS_GIFT_EXPENDITURE,"10,000-14,999 元",164,0.03093172387778197,0,0
2017,full_sample,EXP_TAX_INS_GIFT_EXPENDITURE,"15,000-19,999 元",62,0.011693700490380989,0,0
2017,full_sample,EXP_TAX_INS_GIFT_EXPENDITURE,"2,000-2,499 元",487,0.09185213127121841,0,0
2017,full_sample,EXP_TAX_INS_GIFT_EXPENDITURE,"2,500-2,999 元",549,0.1035458317615994,0,0
2017,full_sample,EXP_TAX_INS_GIFT_EXPENDITURE,"20,000-29,999 元",46,0.00867597133157299,0,0
2017,full_sample,EXP_TAX_INS_GIFT_EXPENDITURE,"3,000-3,999 元",603,0.11373066767257639,0,0
2017,full_sample,EXP_TAX_INS_GIFT_EXPENDITURE,"30,000 元及以上，請記錄________元",22,0.004149377593360996,0,0
2017,full_sample,EXP_TAX_INS_GIFT_EXPENDITURE,"4,000-4,999 元",408,0.07695209354960392,0,0
2017,full_sample,EXP_TAX_INS_GIFT_EXPENDITURE,"5,000-6,999 元",520,0.0980761976612599,0,0
2017,full_sample,EXP_TAX_INS_GIFT_EXPENDITURE,"7,000-9,999 元",242,0.04564315352697095,0,0
2017,full_sample,EXP_TAX_INS_GIFT_EXPENDITURE,999 元及以下,614,0.11580535646925688,0,0
2017,full_sample,EXP_TAX_INS_GIFT_EXPENDITURE,沒有這項支出,200,0.03772161448509996,0,0
2017,full_sample,EXP_TRANSPORT_COMM_EXPENDITURE,"1,000-1,999 元",768,0.14485099962278386,0,0
2017,full_sample,EXP_TRANSPORT_COMM_EXPENDITURE,"10,000-14,999 元",369,0.06959637872500943,0,0
2017,full_sample,EXP_TRANSPORT_COMM_EXPENDITURE,"15,000-19,999 元",114,0.02150132025650698,0,0
2017,full_sample,EXP_TRANSPORT_COMM_EXPENDITURE,"2,000-2,999 元",767,0.14466239155035834,0,0
2017,full_sample,EXP_TRANSPORT_COMM_EXPENDITURE,"20,000-29,999 元",75,0.014145605431912485,0,0
2017,full_sample,EXP_TRANSPORT_COMM_EXPENDITURE,"3,000-3,999 元",742,0.13994718973972087,0,0
2017,full_sample,EXP_TRANSPORT_COMM_EXPENDITURE,"30,000 元及以上，請記錄________元",21,0.003960769520935496,0,0
2017,full_sample,EXP_TRANSPORT_COMM_EXPENDITURE,"4,000-4,999 元",540,0.1018483591097699,0,0
2017,full_sample,EXP_TRANSPORT_COMM_EXPENDITURE,"5,000-6,999 元",751,0.14164466239155035,0,0
2017,full_sample,EXP_TRANSPORT_COMM_EXPENDITURE,"7,000-9,999 元",473,0.08921161825726141,0,0
2017,full_sample,EXP_TRANSPORT_COMM_EXPENDITURE,999 元及以下,632,0.11920030177291588,0,0
2017,full_sample,EXP_TRANSPORT_COMM_EXPENDITURE,沒有這項支出,50,0.00943040362127499,0,0
2017,full_sample,EXP_TRAVEL_EXPENDITURE,"1,000元~未滿2,000元",404,0.25997425997426,3748,0.7069030554507733
2017,full_sample,EXP_TRAVEL_EXPENDITURE,"10,000元~未滿15,000元",45,0.02895752895752896,3748,0.7069030554507733
2017,full_sample,EXP_TRAVEL_EXPENDITURE,"15,000元~未滿20,000元",17,0.010939510939510939,3748,0.7069030554507733
2017,full_sample,EXP_TRAVEL_EXPENDITURE,"2,000元~未滿3,000元",207,0.13320463320463322,3748,0.7069030554507733
2017,full_sample,EXP_TRAVEL_EXPENDITURE,"20,000元~未滿30,000元",25,0.016087516087516088,3748,0.7069030554507733
2017,full_sample,EXP_TRAVEL_EXPENDITURE,"3,000元~未滿4,000元",93,0.059845559845559844,3748,0.7069030554507733
2017,full_sample,EXP_TRAVEL_EXPENDITURE,"30,000元以上",17,0.010939510939510939,3748,0.7069030554507733
2017,full_sample,EXP_TRAVEL_EXPENDITURE,"4,000元~未滿5,000元",97,0.06241956241956242,3748,0.7069030554507733
2017,full_sample,EXP_TRAVEL_EXPENDITURE,"5,000元~未滿7,000元",85,0.0546975546975547,3748,0.7069030554507733
2017,full_sample,EXP_TRAVEL_EXPENDITURE,"7,000元~未滿10,000元",42,0.02702702702702703,3748,0.7069030554507733
2017,full_sample,EXP_TRAVEL_EXPENDITURE,"未滿1,000元",522,0.3359073359073359,3748,0.7069030554507733
2017,full_sample,HOUSE_BELONG,借用,121,0.022821576763485476,0,0
2017,full_sample,HOUSE_BELONG,其他,1,1.886080724254998e-4,0,0
2017,full_sample,HOUSE_BELONG,租賃,1221,0.23029045643153526,0,0
2017,full_sample,HOUSE_BELONG,自有/家人所有/自建,3935,0.7421727649943417,0,0
2017,full_sample,HOUSE_BELONG,配住,24,0.004526593738211996,0,0
2017,full_sample,INC_FAM_GOV_INCOME,"1,000-1,999 元",32,0.006035458317615994,0,0
2017,full_sample,INC_FAM_GOV_INCOME,"10,000-14,999 元",179,0.03376084496416447,0,0
2017,full_sample,INC_FAM_GOV_INCOME,"15,000-19,999 元",51,0.00961901169370049,0,0
2017,full_sample,INC_FAM_GOV_INCOME,"2,000-2,999 元",93,0.017540550735571484,0,0
2017,full_sample,INC_FAM_GOV_INCOME,"20,000-29,999 元",40,0.007544322897019992,0,0
2017,full_sample,INC_FAM_GOV_INCOME,"3,000-3,999 元",731,0.13787250094304035,0,0
2017,full_sample,INC_FAM_GOV_INCOME,"30,000 元及以上，請記錄________元",16,0.003017729158807997,0,0
2017,full_sample,INC_FAM_GOV_INCOME,"4,000-4,999 元",154,0.029045643153526972,0,0
2017,full_sample,INC_FAM_GOV_INCOME,"5,000-5,999 元",65,0.012259524707657487,0,0
2017,full_sample,INC_FAM_GOV_INCOME,"6,000-7,999 元",394,0.07431158053564693,0,0
2017,full_sample,INC_FAM_GOV_INCOME,"8,000-9,999 元",86,0.016220294228592985,0,0
2017,full_sample,INC_FAM_GOV_INCOME,999 元及以下,32,0.006035458317615994,0,0
2017,full_sample,INC_FAM_GOV_INCOME,沒有這項收入,3429,0.6467370803470388,0,0
2017,full_sample,INC_FAM_INTEREST_INCOME,"1,000-1,999 元",122,0.023010184835910975,0,0
2017,full_sample,INC_FAM_INTEREST_INCOME,"10,000-14,999 元",13,0.0024519049415314977,0,0
2017,full_sample,INC_FAM_INTEREST_INCOME,"15,000-19,999 元",7,0.0013202565069784986,0,0
2017,full_sample,INC_FAM_INTEREST_INCOME,"2,000-2,999 元",67,0.012636740852508488,0,0
2017,full_sample,INC_FAM_INTEREST_INCOME,"20,000-29,999 元",8,0.0015088645794039985,0,0
2017,full_sample,INC_FAM_INTEREST_INCOME,"3,000-3,999 元",22,0.004149377593360996,0,0
2017,full_sample,INC_FAM_INTEREST_INCOME,"30,000 元及以上，請記錄________元",5,9.43040362127499e-4,0,0
2017,full_sample,INC_FAM_INTEREST_INCOME,"4,000-4,999 元",37,0.006978498679743493,0,0
2017,full_sample,INC_FAM_INTEREST_INCOME,"5,000-5,999 元",28,0.005281026027913994,0,0
2017,full_sample,INC_FAM_INTEREST_INCOME,"6,000-7,999 元",8,0.0015088645794039985,0,0
2017,full_sample,INC_FAM_INTEREST_INCOME,"8,000-9,999 元",14,0.002640513013956997,0,0
2017,full_sample,INC_FAM_INTEREST_INCOME,999 元及以下,564,0.10637495284798189,0,0
2017,full_sample,INC_FAM_INTEREST_INCOME,沒有這項收入,4407,0.8311957751791776,0,0
2017,full_sample,INC_FAM_OTHER_INCOME,"10,000元~未滿15,000元",17,0.003206337231233497,0,0
2017,full_sample,INC_FAM_OTHER_INCOME,"15,000元~未滿20,000元",8,0.0015088645794039985,0,0
2017,full_sample,INC_FAM_OTHER_INCOME,"20,000元~未滿25,000元",6,0.001131648434552999,0,0
2017,full_sample,INC_FAM_OTHER_INCOME,"25,000元~未滿30,000元",1,1.886080724254998e-4,0,0
2017,full_sample,INC_FAM_OTHER_INCOME,"30,000元~未滿40,000元",2,3.772161448509996e-4,0,0
2017,full_sample,INC_FAM_OTHER_INCOME,"40,000元~未滿50,000元",2,3.772161448509996e-4,0,0
2017,full_sample,INC_FAM_OTHER_INCOME,"5,000元~未滿10,000元",35,0.006601282534892493,0,0
2017,full_sample,INC_FAM_OTHER_INCOME,"50,000元~未滿60,000元",2,3.772161448509996e-4,0,0
2017,full_sample,INC_FAM_OTHER_INCOME,"60,000元~未滿70,000元",1,1.886080724254998e-4,0,0
2017,full_sample,INC_FAM_OTHER_INCOME,"70,000元~未滿80,000元",1,1.886080724254998e-4,0,0
2017,full_sample,INC_FAM_OTHER_INCOME,"未滿5,000元",222,0.041870992078460956,0,0
2017,full_sample,INC_FAM_OTHER_INCOME,沒有這項收入,5005,0.9439834024896265,0,0
2017,full_sample,INC_FAM_RENT_INCOME,"10,000-14,999 元",12,0.002263296869105998,0,0
2017,full_sample,INC_FAM_RENT_INCOME,"15,000-19,999 元",7,0.0013202565069784986,0,0
2017,full_sample,INC_FAM_RENT_INCOME,"20,000-24,999 元",9,0.0016974726518294984,0,0
2017,full_sample,INC_FAM_RENT_INCOME,"25,000-29,999 元",4,7.544322897019992e-4,0,0
2017,full_sample,INC_FAM_RENT_INCOME,"30,000-39,999 元",4,7.544322897019992e-4,0,0
2017,full_sample,INC_FAM_RENT_INCOME,"4,999 元及以下",23,0.004337985665786495,0,0
2017,full_sample,INC_FAM_RENT_INCOME,"40,000-49,999 元",1,1.886080724254998e-4,0,0
2017,full_sample,INC_FAM_RENT_INCOME,"5,000-9,999 元",24,0.004526593738211996,0,0
2017,full_sample,INC_FAM_RENT_INCOME,"50,000-59,999 元",1,1.886080724254998e-4,0,0
2017,full_sample,INC_FAM_RENT_INCOME,"60,000-69,999 元",1,1.886080724254998e-4,0,0
2017,full_sample,INC_FAM_RENT_INCOME,"70,000-79,999 元",4,7.544322897019992e-4,0,0
2017,full_sample,INC_FAM_RENT_INCOME,"80,000 元及以上，請記錄_________________元",1,1.886080724254998e-4,0,0
2017,full_sample,INC_FAM_RENT_INCOME,沒有這項收入,5211,0.9828366654092795,0,0
2017,full_sample,INC_FAM_TRANSFER_INCOME,"1,000-1,999 元",72,0.013579781214635987,0,0
2017,full_sample,INC_FAM_TRANSFER_INCOME,"10,000-14,999 元",18,0.0033949453036589967,0,0
2017,full_sample,INC_FAM_TRANSFER_INCOME,"15,000-19,999 元",5,9.43040362127499e-4,0,0
2017,full_sample,INC_FAM_TRANSFER_INCOME,"2,000-2,999 元",43,0.008110147114296492,0,0
2017,full_sample,INC_FAM_TRANSFER_INCOME,"20,000-29,999 元",4,7.544322897019992e-4,0,0
2017,full_sample,INC_FAM_TRANSFER_INCOME,"3,000-3,999 元",17,0.003206337231233497,0,0
2017,full_sample,INC_FAM_TRANSFER_INCOME,"30,000 元及以上，請記錄________元",4,7.544322897019992e-4,0,0
2017,full_sample,INC_FAM_TRANSFER_INCOME,"4,000-4,999 元",27,0.005092417955488495,0,0
2017,full_sample,INC_FAM_TRANSFER_INCOME,"5,000-5,999 元",10,0.001886080724254998,0,0
2017,full_sample,INC_FAM_TRANSFER_INCOME,"6,000-7,999 元",7,0.0013202565069784986,0,0
2017,full_sample,INC_FAM_TRANSFER_INCOME,"8,000-9,999 元",9,0.0016974726518294984,0,0
2017,full_sample,INC_FAM_TRANSFER_INCOME,999 元及以下,248,0.046774801961523955,0,0
2017,full_sample,INC_FAM_TRANSFER_INCOME,沒有這項收入,4838,0.9124858543945681,0,0
2017,full_sample,INC_FAM_WORK_INCOME,"10,000-19,999 元",337,0.06356092040739343,0,0
2017,full_sample,INC_FAM_WORK_INCOME,"100,000-129,999元",403,0.07600905318747643,0,0
2017,full_sample,INC_FAM_WORK_INCOME,"130,000-159,999元",161,0.030365899660505468,0,0
2017,full_sample,INC_FAM_WORK_INCOME,"160,000 元及以上，請記錄____________元",63,0.011882308562806488,0,0
2017,full_sample,INC_FAM_WORK_INCOME,"20,000-29,999 元",672,0.12674462466993588,0,0
2017,full_sample,INC_FAM_WORK_INCOME,"30,000-39,999 元",556,0.10486608826857789,0,0
2017,full_sample,INC_FAM_WORK_INCOME,"40,000-49,999 元",582,0.10976989815164089,0,0
2017,full_sample,INC_FAM_WORK_INCOME,"50,000-59,999 元",579,0.10920407393436439,0,0
2017,full_sample,INC_FAM_WORK_INCOME,"60,000-69,999 元",484,0.0912863070539419,0,0
2017,full_sample,INC_FAM_WORK_INCOME,"70,000-79,999 元",412,0.07770652583930593,0,0
2017,full_sample,INC_FAM_WORK_INCOME,"80,000-89,999 元",291,0.05488494907582044,0,0
2017,full_sample,INC_FAM_WORK_INCOME,"9,999 元及以下",160,0.03017729158807997,0,0
2017,full_sample,INC_FAM_WORK_INCOME,"90,000-99,999 元",231,0.043568464730290454,0,0
2017,full_sample,INC_FAM_WORK_INCOME,沒有這項收入,371,0.06997359486986043,0,0
2017,full_sample,INC_PERS_GOV_INCOME,"1,000-1,999 元",27,0.005092417955488495,0,0
2017,full_sample,INC_PERS_GOV_INCOME,"10,000-14,999 元",90,0.016974726518294982,0,0
2017,full_sample,INC_PERS_GOV_INCOME,"15,000-19,999 元",32,0.006035458317615994,0,0
2017,full_sample,INC_PERS_GOV_INCOME,"2,000-2,999 元",60,0.011316484345529988,0,0
2017,full_sample,INC_PERS_GOV_INCOME,"20,000元-未滿30,000元",22,0.004149377593360996,0,0
2017,full_sample,INC_PERS_GOV_INCOME,"3,000-3,999 元",612,0.11542814032440589,0,0
2017,full_sample,INC_PERS_GOV_INCOME,"30,000元以上，請記錄________元",11,0.002074688796680498,0,0
2017,full_sample,INC_PERS_GOV_INCOME,"4,000-4,999 元",116,0.02187853640135798,0,0
2017,full_sample,INC_PERS_GOV_INCOME,"5,000-5,999 元",32,0.006035458317615994,0,0
2017,full_sample,INC_PERS_GOV_INCOME,"6,000-7,999 元",260,0.04903809883062995,0,0
2017,full_sample,INC_PERS_GOV_INCOME,"8,000-9,999 元",36,0.0067898906073179935,0,0
2017,full_sample,INC_PERS_GOV_INCOME,999 元及以下,30,0.005658242172764994,0,0
2017,full_sample,INC_PERS_GOV_INCOME,沒有這項收入,3974,0.7495284798189362,0,0
2017,full_sample,INC_PERS_INTEREST_INCOME,"1,000-1,999 元",83,0.015654470011316483,0,0
2017,full_sample,INC_PERS_INTEREST_INCOME,"10,000-14,999 元",8,0.0015088645794039985,0,0
2017,full_sample,INC_PERS_INTEREST_INCOME,"15,000-19,999 元",9,0.0016974726518294984,0,0
2017,full_sample,INC_PERS_INTEREST_INCOME,"2,000-2,999 元",33,0.006224066390041493,0,0
2017,full_sample,INC_PERS_INTEREST_INCOME,"20,000-29,999 元",8,0.0015088645794039985,0,0
2017,full_sample,INC_PERS_INTEREST_INCOME,"3,000-3,999 元",11,0.002074688796680498,0,0
2017,full_sample,INC_PERS_INTEREST_INCOME,"30,000 元及以上，請記錄________元",5,9.43040362127499e-4,0,0
2017,full_sample,INC_PERS_INTEREST_INCOME,"4,000-4,999 元",20,0.003772161448509996,0,0
2017,full_sample,INC_PERS_INTEREST_INCOME,"5,000-5,999 元",15,0.002829121086382497,0,0
2017,full_sample,INC_PERS_INTEREST_INCOME,"6,000-7,999 元",9,0.0016974726518294984,0,0
2017,full_sample,INC_PERS_INTEREST_INCOME,"8,000-9,999 元",8,0.0015088645794039985,0,0
2017,full_sample,INC_PERS_INTEREST_INCOME,999 元及以下,533,0.1005281026027914,0,0
2017,full_sample,INC_PERS_INTEREST_INCOME,沒有這項收入,4560,0.8600528102602791,0,0
2017,full_sample,INC_PERS_OTHER_INCOME,"10,000-14,999 元",16,0.003017729158807997,0,0
2017,full_sample,INC_PERS_OTHER_INCOME,"15,000-19,999 元",13,0.0024519049415314977,0,0
2017,full_sample,INC_PERS_OTHER_INCOME,"20,000-24,999 元",5,9.43040362127499e-4,0,0
2017,full_sample,INC_PERS_OTHER_INCOME,"25,000-29,999 元",1,1.886080724254998e-4,0,0
2017,full_sample,INC_PERS_OTHER_INCOME,"30,000-39,999 元",3,5.658242172764995e-4,0,0
2017,full_sample,INC_PERS_OTHER_INCOME,"4,999 元及以下",186,0.03508110147114297,0,0
2017,full_sample,INC_PERS_OTHER_INCOME,"40,000-49,999 元",2,3.772161448509996e-4,0,0
2017,full_sample,INC_PERS_OTHER_INCOME,"5,000-9,999 元",32,0.006035458317615994,0,0
2017,full_sample,INC_PERS_OTHER_INCOME,"50,000-59,999 元",1,1.886080724254998e-4,0,0
2017,full_sample,INC_PERS_OTHER_INCOME,"60,000-69,999 元",1,1.886080724254998e-4,0,0
2017,full_sample,INC_PERS_OTHER_INCOME,"70,000-79,999 元",1,1.886080724254998e-4,0,0
2017,full_sample,INC_PERS_OTHER_INCOME,沒有這項收入,5041,0.9507732930969446,0,0
2017,full_sample,INC_PERS_RENT_INCOME,"10,000-14,999 元",7,0.0013202565069784986,0,0
2017,full_sample,INC_PERS_RENT_INCOME,"15,000-19,999 元",8,0.0015088645794039985,0,0
2017,full_sample,INC_PERS_RENT_INCOME,"20,000-24,999 元",4,7.544322897019992e-4,0,0
2017,full_sample,INC_PERS_RENT_INCOME,"25,000-29,999 元",3,5.658242172764995e-4,0,0
2017,full_sample,INC_PERS_RENT_INCOME,"30,000-39,999 元",4,7.544322897019992e-4,0,0
2017,full_sample,INC_PERS_RENT_INCOME,"4,999 元及以下",24,0.004526593738211996,0,0
2017,full_sample,INC_PERS_RENT_INCOME,"40,000-49,999 元",1,1.886080724254998e-4,0,0
2017,full_sample,INC_PERS_RENT_INCOME,"5,000-9,999 元",22,0.004149377593360996,0,0
2017,full_sample,INC_PERS_RENT_INCOME,"50,000-59,999 元",1,1.886080724254998e-4,0,0
2017,full_sample,INC_PERS_RENT_INCOME,"70,000-79,999 元",3,5.658242172764995e-4,0,0
2017,full_sample,INC_PERS_RENT_INCOME,"80,000 元及以上，請記錄_________________元",1,1.886080724254998e-4,0,0
2017,full_sample,INC_PERS_RENT_INCOME,沒有這項收入,5224,0.985288570350811,0,0
2017,full_sample,INC_PERS_TRANSFER_INCOME,"1,000-1,999 元",68,0.012825348924933987,0,0
2017,full_sample,INC_PERS_TRANSFER_INCOME,"10,000-14,999 元",9,0.0016974726518294984,0,0
2017,full_sample,INC_PERS_TRANSFER_INCOME,"15,000-19,999 元",6,0.001131648434552999,0,0
2017,full_sample,INC_PERS_TRANSFER_INCOME,"2,000-2,999 元",38,0.007167106752168993,0,0
2017,full_sample,INC_PERS_TRANSFER_INCOME,"20,000元-未滿30,000元",3,5.658242172764995e-4,0,0
2017,full_sample,INC_PERS_TRANSFER_INCOME,"3,000-3,999 元",23,0.004337985665786495,0,0
2017,full_sample,INC_PERS_TRANSFER_INCOME,"30,000元以上，請記錄________元",1,1.886080724254998e-4,0,0
2017,full_sample,INC_PERS_TRANSFER_INCOME,"4,000-4,999 元",21,0.003960769520935496,0,0
2017,full_sample,INC_PERS_TRANSFER_INCOME,"5,000-5,999 元",14,0.002640513013956997,0,0
2017,full_sample,INC_PERS_TRANSFER_INCOME,"6,000-7,999 元",9,0.0016974726518294984,0,0
2017,full_sample,INC_PERS_TRANSFER_INCOME,"8,000-9,999 元",10,0.001886080724254998,0,0
2017,full_sample,INC_PERS_TRANSFER_INCOME,999 元及以下,250,0.047152018106374954,0,0
2017,full_sample,INC_PERS_TRANSFER_INCOME,沒有這項收入,4850,0.9147491512636741,0,0
2017,full_sample,INC_PERS_WORK_INCOME,"10,000-14,999 元",261,0.04922670690305545,0,0
2017,full_sample,INC_PERS_WORK_INCOME,"100,000-129,999元",33,0.006224066390041493,0,0
2017,full_sample,INC_PERS_WORK_INCOME,"130,000-159,999元",15,0.002829121086382497,0,0
2017,full_sample,INC_PERS_WORK_INCOME,"15,000-19,999 元",347,0.06544700113164843,0,0
2017,full_sample,INC_PERS_WORK_INCOME,"160,000 元及以上，請記錄____________元",9,0.0016974726518294984,0,0
2017,full_sample,INC_PERS_WORK_INCOME,"20,000-24,999 元",646,0.12184081478687288,0,0
2017,full_sample,INC_PERS_WORK_INCOME,"25,000-29,999 元",656,0.12372689551112788,0,0
2017,full_sample,INC_PERS_WORK_INCOME,"30,000-39,999 元",1118,0.2108638249717088,0,0
2017,full_sample,INC_PERS_WORK_INCOME,"40,000-49,999 元",645,0.12165220671444738,0,0
2017,full_sample,INC_PERS_WORK_INCOME,"50,000-59,999 元",349,0.06582421727649944,0,0
2017,full_sample,INC_PERS_WORK_INCOME,"60,000-69,999 元",165,0.03112033195020747,0,0
2017,full_sample,INC_PERS_WORK_INCOME,"70,000-79,999 元",77,0.014522821576763486,0,0
2017,full_sample,INC_PERS_WORK_INCOME,"80,000-89,999 元",47,0.008864579403998492,0,0
2017,full_sample,INC_PERS_WORK_INCOME,"9,999 元及以下",261,0.04922670690305545,0,0
2017,full_sample,INC_PERS_WORK_INCOME,"90,000-99,999 元",19,0.0035835533760844966,0,0
2017,full_sample,INC_PERS_WORK_INCOME,沒有這項收入,654,0.12334967936627687,0,0
2017,full_sample,MALE,男性,3463,0.6531497548095059,0,0
2017,full_sample,MALE,非男性,1839,0.3468502451904942,0,0
2017,full_sample,RACE,卑南族,131,0.024707657487740474,0,0
2017,full_sample,RACE,卡那卡那富族,1,1.886080724254998e-4,0,0
2017,full_sample,RACE,噶瑪蘭族,17,0.003206337231233497,0,0
2017,full_sample,RACE,太魯閣族,224,0.042248208223311955,0,0
2017,full_sample,RACE,布農族,485,0.0914749151263674,0,0
2017,full_sample,RACE,拉阿魯哇族,3,5.658242172764995e-4,0,0
2017,full_sample,RACE,排灣族,832,0.15692191625801585,0,0
2017,full_sample,RACE,撒奇萊雅族,11,0.002074688796680498,0,0
2017,full_sample,RACE,泰雅族,661,0.12466993587325538,0,0
2017,full_sample,RACE,賽夏族,64,0.012070916635231988,0,0
2017,full_sample,RACE,賽德克族,81,0.015277253866465485,0,0
2017,full_sample,RACE,邵族,5,9.43040362127499e-4,0,0
2017,full_sample,RACE,鄒族,56,0.010562052055827989,0,0
2017,full_sample,RACE,阿美族,1789,0.33741984156921917,0,0
2017,full_sample,RACE,雅美族/達悟族,34,0.006412674462466994,0,0
2017,full_sample,RACE,非原住民族,808,0.15239532251980384,0,0
2017,full_sample,RACE,魯凱族,100,0.01886080724254998,0,0
2017,full_sample,RENT,"20,000元以上",41,0.45054945054945056,5211,0.9828366654092795
2017,full_sample,RENT,不需要支付租金,27,0.2967032967032967,5211,0.9828366654092795
2017,full_sample,RENT,"未滿1,000元",23,0.25274725274725274,5211,0.9828366654092795
2021,full_sample,EDU,不識字/自修,135,0.024958402662229616,0,0
2021,full_sample,EDU,國(初)中,1130,0.20891107413569976,0,0
2021,full_sample,EDU,國小,1092,0.201885745978924,0,0
2021,full_sample,EDU,專科以上,1094,0.20225550009243853,0,0
2021,full_sample,EDU,高中職,1958,0.36198927713070805,0,0
2021,full_sample,EXP_ALCOHOL_EXPENDITURE,"1,000-1,999 元",592,0.1094472176002958,0,0
2021,full_sample,EXP_ALCOHOL_EXPENDITURE,"10,000-14,999 元",109,0.02015159918654095,0,0
2021,full_sample,EXP_ALCOHOL_EXPENDITURE,"15,000-19,999 元",31,0.005731188759474949,0,0
2021,full_sample,EXP_ALCOHOL_EXPENDITURE,"2,000-2,999 元",509,0.09410242188944352,0,0
2021,full_sample,EXP_ALCOHOL_EXPENDITURE,"20,000-29,999 元",21,0.003882418191902385,0,0
2021,full_sample,EXP_ALCOHOL_EXPENDITURE,"3,000-3,999 元",514,0.0950268071732298,0,0
2021,full_sample,EXP_ALCOHOL_EXPENDITURE,"30,000 元及以上，請記錄________元",1,1.8487705675725643e-4,0,0
2021,full_sample,EXP_ALCOHOL_EXPENDITURE,"4,000-4,999 元",293,0.05416897762987613,0,0
2021,full_sample,EXP_ALCOHOL_EXPENDITURE,499 元及以下,447,0.08264004437049362,0,0
2021,full_sample,EXP_ALCOHOL_EXPENDITURE,"5,000-6,999 元",260,0.04806803475688667,0,0
2021,full_sample,EXP_ALCOHOL_EXPENDITURE,500-999 元,545,0.10075799593270475,0,0
2021,full_sample,EXP_ALCOHOL_EXPENDITURE,"7,000-9,999 元",191,0.03531151784063598,0,0
2021,full_sample,EXP_ALCOHOL_EXPENDITURE,沒有這項支出,1896,0.3505268996117582,0,0
2021,full_sample,EXP_BOOKS_EXPENDITURE,"1,000元-未滿2,000元",280,0.0517655758920318,0,0
2021,full_sample,EXP_BOOKS_EXPENDITURE,"10,000元-未滿15,000元",5,9.243852837862821e-4,0,0
2021,full_sample,EXP_BOOKS_EXPENDITURE,"2,000元-未滿3,000元",75,0.013865779256794232,0,0
2021,full_sample,EXP_BOOKS_EXPENDITURE,"3,000元-未滿4,000元",20,0.0036975411351451285,0,0
2021,full_sample,EXP_BOOKS_EXPENDITURE,"4,000元-未滿5,000元",14,0.00258827879460159,0,0
2021,full_sample,EXP_BOOKS_EXPENDITURE,"5,000元-未滿7,000元",6,0.0011092623405435386,0,0
2021,full_sample,EXP_BOOKS_EXPENDITURE,"7,000元-未滿10,000元",4,7.395082270290257e-4,0,0
2021,full_sample,EXP_BOOKS_EXPENDITURE,"未滿1,000元",1283,0.23719726381956,0,0
2021,full_sample,EXP_BOOKS_EXPENDITURE,沒有這項支出,3722,0.6881124052505084,0,0
2021,full_sample,EXP_CARE_EXPENDITURE,"1,000元-未滿2,000元",52,0.009613606951377335,0,0
2021,full_sample,EXP_CARE_EXPENDITURE,"10,000元-未滿15,000元",28,0.00517655758920318,0,0
2021,full_sample,EXP_CARE_EXPENDITURE,"15,000元-未滿20,000元",15,0.0027731558513588465,0,0
2021,full_sample,EXP_CARE_EXPENDITURE,"2,000元-未滿3,000元",26,0.004806803475688667,0,0
2021,full_sample,EXP_CARE_EXPENDITURE,"20,000元-未滿30,000元",39,0.007210205213533,0,0
2021,full_sample,EXP_CARE_EXPENDITURE,"3,000元-未滿4,000元",29,0.005361434645960436,0,0
2021,full_sample,EXP_CARE_EXPENDITURE,"30,000元以上",16,0.002958032908116103,0,0
2021,full_sample,EXP_CARE_EXPENDITURE,"4,000元-未滿5,000元",19,0.003512664078387872,0,0
2021,full_sample,EXP_CARE_EXPENDITURE,"5,000元-未滿7,000元",18,0.0033277870216306157,0,0
2021,full_sample,EXP_CARE_EXPENDITURE,"7,000元-未滿10,000元",25,0.0046219264189314106,0,0
2021,full_sample,EXP_CARE_EXPENDITURE,"未滿1,000元",38,0.007025328156775744,0,0
2021,full_sample,EXP_CARE_EXPENDITURE,沒有這項支出,5104,0.9436124976890368,0,0
2021,full_sample,EXP_CLEANING_EXPENDITURE,有,5366,0.99702712746191,27,0.004991680532445923
2021,full_sample,EXP_CLEANING_EXPENDITURE,沒有           ○11,16,0.0029728725380899295,27,0.004991680532445923
2021,full_sample,EXP_CLOTHING_EXPENDITURE,"1,000元-未滿2,000元",1275,0.23571824736550195,0,0
2021,full_sample,EXP_CLOTHING_EXPENDITURE,"10,000元-未滿15,000元",42,0.00776483638380477,0,0
2021,full_sample,EXP_CLOTHING_EXPENDITURE,"15,000元-未滿20,000元",20,0.0036975411351451285,0,0
2021,full_sample,EXP_CLOTHING_EXPENDITURE,"2,000元-未滿3,000元",636,0.11758180809761509,0,0
2021,full_sample,EXP_CLOTHING_EXPENDITURE,"20,000元-未滿30,000元",9,0.0016638935108153079,0,0
2021,full_sample,EXP_CLOTHING_EXPENDITURE,"3,000元-未滿4,000元",263,0.04862266592715844,0,0
2021,full_sample,EXP_CLOTHING_EXPENDITURE,"30,000元以上",8,0.0014790164540580515,0,0
2021,full_sample,EXP_CLOTHING_EXPENDITURE,"4,000元-未滿5,000元",177,0.032723239046034386,0,0
2021,full_sample,EXP_CLOTHING_EXPENDITURE,"5,000元-未滿7,000元",114,0.02107598447032723,0,0
2021,full_sample,EXP_CLOTHING_EXPENDITURE,"7,000元-未滿10,000元",60,0.011092623405435386,0,0
2021,full_sample,EXP_CLOTHING_EXPENDITURE,"未滿1,000元",2046,0.37825845812534664,0,0
2021,full_sample,EXP_CLOTHING_EXPENDITURE,沒有這項支出,759,0.1403216860787576,0,0
2021,full_sample,EXP_DINING_LODGING_EXPENDITURE,有,2247,0.7987913259864913,2596,0.4799408393418377
2021,full_sample,EXP_DINING_LODGING_EXPENDITURE,沒有           ○11 行住宿服務費,566,0.2012086740135087,2596,0.4799408393418377
2021,full_sample,EXP_EDU_TUITION_EXPENDITURE,"1,000元-未滿2,000元",342,0.0632279534109817,0,0
2021,full_sample,EXP_EDU_TUITION_EXPENDITURE,"10,000元-未滿15,000元",132,0.024403771491957847,0,0
2021,full_sample,EXP_EDU_TUITION_EXPENDITURE,"15,000元-未滿20,000元",35,0.006470696986503975,0,0
2021,full_sample,EXP_EDU_TUITION_EXPENDITURE,"2,000元-未滿3,000元",287,0.05305971528933259,0,0
2021,full_sample,EXP_EDU_TUITION_EXPENDITURE,"20,000元-未滿30,000元",43,0.007949713440562027,0,0
2021,full_sample,EXP_EDU_TUITION_EXPENDITURE,"3,000元-未滿4,000元",183,0.03383250138657792,0,0
2021,full_sample,EXP_EDU_TUITION_EXPENDITURE,"30,000元以上",29,0.005361434645960436,0,0
2021,full_sample,EXP_EDU_TUITION_EXPENDITURE,"4,000元-未滿5,000元",157,0.02902569791088926,0,0
2021,full_sample,EXP_EDU_TUITION_EXPENDITURE,"5,000元-未滿7,000元",164,0.030319837308190052,0,0
2021,full_sample,EXP_EDU_TUITION_EXPENDITURE,"7,000元-未滿10,000元",170,0.03142909964873359,0,0
2021,full_sample,EXP_EDU_TUITION_EXPENDITURE,"未滿1,000元",380,0.07025328156775744,0,0
2021,full_sample,EXP_EDU_TUITION_EXPENDITURE,沒有這項支出,3487,0.6446662969125532,0,0
2021,full_sample,EXP_FOOD_EXPENDITURE,"10,000-11,999 元",731,0.13514512848955446,0,0
2021,full_sample,EXP_FOOD_EXPENDITURE,"12,000-14,999 元",636,0.11758180809761509,0,0
2021,full_sample,EXP_FOOD_EXPENDITURE,"15,000-19,999 元",621,0.11480865224625623,0,0
2021,full_sample,EXP_FOOD_EXPENDITURE,"20,000-29,999 元",593,0.10963209465705306,0,0
2021,full_sample,EXP_FOOD_EXPENDITURE,"3,000-4,999 元",646,0.11943057866518765,0,0
2021,full_sample,EXP_FOOD_EXPENDITURE,"30,000-39,999 元",190,0.03512664078387872,0,0
2021,full_sample,EXP_FOOD_EXPENDITURE,"40,000-49,999 元",36,0.0066555740432612314,0,0
2021,full_sample,EXP_FOOD_EXPENDITURE,"5,000-6,999 元",749,0.13847291551118507,0,0
2021,full_sample,EXP_FOOD_EXPENDITURE,"50,000-59,999 元",13,0.0024034017378443337,0,0
2021,full_sample,EXP_FOOD_EXPENDITURE,"60,000-69,999 元",9,0.0016638935108153079,0,0
2021,full_sample,EXP_FOOD_EXPENDITURE,"7,000-9,999 元",732,0.1353300055463117,0,0
2021,full_sample,EXP_FOOD_EXPENDITURE,"70,000 元及以上，請記錄______________元",1,1.8487705675725643e-4,0,0
2021,full_sample,EXP_FOOD_EXPENDITURE,"未滿3,000元",452,0.0835644296542799,0,0
2021,full_sample,EXP_FURNITURE_EXPENDITURE,"1,000元-未滿2,000元",649,0.11998520983545942,0,0
2021,full_sample,EXP_FURNITURE_EXPENDITURE,"10,000元-未滿15,000元",40,0.007395082270290257,0,0
2021,full_sample,EXP_FURNITURE_EXPENDITURE,"15,000元-未滿20,000元",23,0.004252172305416898,0,0
2021,full_sample,EXP_FURNITURE_EXPENDITURE,"2,000元-未滿3,000元",364,0.06729524865964134,0,0
2021,full_sample,EXP_FURNITURE_EXPENDITURE,"20,000元-未滿30,000元",36,0.0066555740432612314,0,0
2021,full_sample,EXP_FURNITURE_EXPENDITURE,"3,000元-未滿4,000元",176,0.03253836198927713,0,0
2021,full_sample,EXP_FURNITURE_EXPENDITURE,"30,000元以上",33,0.006100942872989462,0,0
2021,full_sample,EXP_FURNITURE_EXPENDITURE,"4,000元-未滿5,000元",124,0.022924755037899796,0,0
2021,full_sample,EXP_FURNITURE_EXPENDITURE,"5,000元-未滿7,000元",85,0.015714549824366795,0,0
2021,full_sample,EXP_FURNITURE_EXPENDITURE,"7,000元-未滿10,000元",47,0.008689221667591052,0,0
2021,full_sample,EXP_FURNITURE_EXPENDITURE,"未滿1,000元",1150,0.21260861527084488,0,0
2021,full_sample,EXP_FURNITURE_EXPENDITURE,沒有這項支出,2682,0.49584026622296173,0,0
2021,full_sample,EXP_HOUSING_UTIL_EXPENDITURE,"1,000-1,499 元",708,0.13089295618413754,0,0
2021,full_sample,EXP_HOUSING_UTIL_EXPENDITURE,"1,500-1,999 元",638,0.1179515622111296,0,0
2021,full_sample,EXP_HOUSING_UTIL_EXPENDITURE,"10,000-14,999 元",403,0.07450545387317434,0,0
2021,full_sample,EXP_HOUSING_UTIL_EXPENDITURE,"15,000-19,999 元",219,0.040488075429839156,0,0
2021,full_sample,EXP_HOUSING_UTIL_EXPENDITURE,"2,000-2,499 元",558,0.10316139767054909,0,0
2021,full_sample,EXP_HOUSING_UTIL_EXPENDITURE,"2,500-2,999 元",706,0.13052320207062304,0,0
2021,full_sample,EXP_HOUSING_UTIL_EXPENDITURE,"20,000-29,999 元",145,0.02680717322980218,0,0
2021,full_sample,EXP_HOUSING_UTIL_EXPENDITURE,"3,000-4,999 元",937,0.17322980218154926,0,0
2021,full_sample,EXP_HOUSING_UTIL_EXPENDITURE,"30,000-39,999 元",21,0.003882418191902385,0,0
2021,full_sample,EXP_HOUSING_UTIL_EXPENDITURE,"40,000-49,999 元",11,0.0020336476243298205,0,0
2021,full_sample,EXP_HOUSING_UTIL_EXPENDITURE,"5,000-9,999 元",617,0.11406914401922721,0,0
2021,full_sample,EXP_HOUSING_UTIL_EXPENDITURE,"50,000-59,999 元",6,0.0011092623405435386,0,0
2021,full_sample,EXP_HOUSING_UTIL_EXPENDITURE,"60,000-69,999 元",2,3.6975411351451286e-4,0,0
2021,full_sample,EXP_HOUSING_UTIL_EXPENDITURE,"70,000 元及以上，請記錄____________元",8,0.0014790164540580515,0,0
2021,full_sample,EXP_HOUSING_UTIL_EXPENDITURE,999 元及以下,400,0.07395082270290257,0,0
2021,full_sample,EXP_HOUSING_UTIL_EXPENDITURE,沒有這項支出,30,0.005546311702717693,0,0
2021,full_sample,EXP_LOAN_INTEREST_EXPENDITURE,"1,000元-未滿2,000元",232,0.04289147716768349,0,0
2021,full_sample,EXP_LOAN_INTEREST_EXPENDITURE,"10,000元-未滿15,000元",155,0.028655943797374746,0,0
2021,full_sample,EXP_LOAN_INTEREST_EXPENDITURE,"15,000元-未滿20,000元",77,0.014235533370308745,0,0
2021,full_sample,EXP_LOAN_INTEREST_EXPENDITURE,"2,000元-未滿3,000元",162,0.029950083194675542,0,0
2021,full_sample,EXP_LOAN_INTEREST_EXPENDITURE,"20,000元-未滿30,000元",110,0.020336476243298207,0,0
2021,full_sample,EXP_LOAN_INTEREST_EXPENDITURE,"3,000元-未滿4,000元",103,0.01904233684599741,0,0
2021,full_sample,EXP_LOAN_INTEREST_EXPENDITURE,"30,000元以上",53,0.00979848400813459,0,0
2021,full_sample,EXP_LOAN_INTEREST_EXPENDITURE,"4,000元-未滿5,000元",67,0.01238676280273618,0,0
2021,full_sample,EXP_LOAN_INTEREST_EXPENDITURE,"5,000元-未滿7,000元",78,0.014420410427066,0,0
2021,full_sample,EXP_LOAN_INTEREST_EXPENDITURE,"7,000元-未滿10,000元",77,0.014235533370308745,0,0
2021,full_sample,EXP_LOAN_INTEREST_EXPENDITURE,"未滿1,000元",192,0.03549639489739324,0,0
2021,full_sample,EXP_LOAN_INTEREST_EXPENDITURE,沒有這項支出,4103,0.7585505638750231,0,0
2021,full_sample,EXP_MEDICAL_EXPENDITURE,"1,000-1,999 元",765,0.14143094841930118,0,0
2021,full_sample,EXP_MEDICAL_EXPENDITURE,"10,000-14,999 元",183,0.03383250138657792,0,0
2021,full_sample,EXP_MEDICAL_EXPENDITURE,"15,000-19,999 元",69,0.012756516916250694,0,0
2021,full_sample,EXP_MEDICAL_EXPENDITURE,"2,000-2,999 元",426,0.07875762617859124,0,0
2021,full_sample,EXP_MEDICAL_EXPENDITURE,"20,000-29,999 元",40,0.007395082270290257,0,0
2021,full_sample,EXP_MEDICAL_EXPENDITURE,"3,000-3,999 元",350,0.06470696986503975,0,0
2021,full_sample,EXP_MEDICAL_EXPENDITURE,"30,000 元及以上，請記錄________元",25,0.0046219264189314106,0,0
2021,full_sample,EXP_MEDICAL_EXPENDITURE,"4,000-4,999 元",230,0.04252172305416898,0,0
2021,full_sample,EXP_MEDICAL_EXPENDITURE,499 元及以下,1550,0.28655943797374744,0,0
2021,full_sample,EXP_MEDICAL_EXPENDITURE,"5,000-6,999 元",218,0.0403031983730819,0,0
2021,full_sample,EXP_MEDICAL_EXPENDITURE,500-999 元,1203,0.22240709927897948,0,0
2021,full_sample,EXP_MEDICAL_EXPENDITURE,"7,000-9,999 元",223,0.04122758365686818,0,0
2021,full_sample,EXP_MEDICAL_EXPENDITURE,沒有這項支出,127,0.023479386208171565,0,0
2021,full_sample,EXP_OTHER_EXPENDITURE,"1,000元-未滿2,000元",597,0.11037160288408208,0,0
2021,full_sample,EXP_OTHER_EXPENDITURE,"10,000元-未滿15,000元",26,0.004806803475688667,0,0
2021,full_sample,EXP_OTHER_EXPENDITURE,"15,000元-未滿20,000元",9,0.0016638935108153079,0,0
2021,full_sample,EXP_OTHER_EXPENDITURE,"2,000元-未滿3,000元",408,0.07542983915696062,0,0
2021,full_sample,EXP_OTHER_EXPENDITURE,"20,000元-未滿30,000元",9,0.0016638935108153079,0,0
2021,full_sample,EXP_OTHER_EXPENDITURE,"3,000元-未滿4,000元",170,0.03142909964873359,0,0
2021,full_sample,EXP_OTHER_EXPENDITURE,"30,000元以上",1,1.8487705675725643e-4,0,0
2021,full_sample,EXP_OTHER_EXPENDITURE,"4,000元-未滿5,000元",103,0.01904233684599741,0,0
2021,full_sample,EXP_OTHER_EXPENDITURE,"5,000元-未滿7,000元",41,0.007579959327047513,0,0
2021,full_sample,EXP_OTHER_EXPENDITURE,"7,000元-未滿10,000元",32,0.005916065816232206,0,0
2021,full_sample,EXP_OTHER_EXPENDITURE,"未滿1,000元",1025,0.18949898317618782,0,0
2021,full_sample,EXP_OTHER_EXPENDITURE,沒有這項支出,2988,0.5524126455906821,0,0
2021,full_sample,EXP_TAX_INS_GIFT_EXPENDITURE,"1,000-1,499 元",570,0.10537992235163617,0,0
2021,full_sample,EXP_TAX_INS_GIFT_EXPENDITURE,"1,500-1,999 元",518,0.09576631540025883,0,0
2021,full_sample,EXP_TAX_INS_GIFT_EXPENDITURE,"10,000-14,999 元",205,0.03789979663523757,0,0
2021,full_sample,EXP_TAX_INS_GIFT_EXPENDITURE,"15,000-19,999 元",106,0.01959696801626918,0,0
2021,full_sample,EXP_TAX_INS_GIFT_EXPENDITURE,"2,000-2,499 元",414,0.07653910149750416,0,0
2021,full_sample,EXP_TAX_INS_GIFT_EXPENDITURE,"2,500-2,999 元",601,0.1111111111111111,0,0
2021,full_sample,EXP_TAX_INS_GIFT_EXPENDITURE,"20,000-29,999 元",61,0.011277500462192641,0,0
2021,full_sample,EXP_TAX_INS_GIFT_EXPENDITURE,"3,000-3,999 元",616,0.11388426696246996,0,0
2021,full_sample,EXP_TAX_INS_GIFT_EXPENDITURE,"30,000 元及以上，請記錄________元",15,0.0027731558513588465,0,0
2021,full_sample,EXP_TAX_INS_GIFT_EXPENDITURE,"4,000-4,999 元",501,0.09262340543538547,0,0
2021,full_sample,EXP_TAX_INS_GIFT_EXPENDITURE,"5,000-6,999 元",615,0.1136993899057127,0,0
2021,full_sample,EXP_TAX_INS_GIFT_EXPENDITURE,"7,000-9,999 元",404,0.07469033092993159,0,0
2021,full_sample,EXP_TAX_INS_GIFT_EXPENDITURE,999 元及以下,531,0.09816971713810316,0,0
2021,full_sample,EXP_TAX_INS_GIFT_EXPENDITURE,沒有這項支出,252,0.04658901830282862,0,0
2021,full_sample,EXP_TRANSPORT_COMM_EXPENDITURE,"1,000-1,999 元",669,0.12368275097060455,0,0
2021,full_sample,EXP_TRANSPORT_COMM_EXPENDITURE,"10,000-14,999 元",534,0.09872434830837493,0,0
2021,full_sample,EXP_TRANSPORT_COMM_EXPENDITURE,"15,000-19,999 元",173,0.03198373081900536,0,0
2021,full_sample,EXP_TRANSPORT_COMM_EXPENDITURE,"2,000-2,999 元",626,0.11573303753004252,0,0
2021,full_sample,EXP_TRANSPORT_COMM_EXPENDITURE,"20,000-29,999 元",116,0.021445738583841745,0,0
2021,full_sample,EXP_TRANSPORT_COMM_EXPENDITURE,"3,000-3,999 元",594,0.10981697171381032,0,0
2021,full_sample,EXP_TRANSPORT_COMM_EXPENDITURE,"30,000 元及以上，請記錄________元",34,0.006285819929746719,0,0
2021,full_sample,EXP_TRANSPORT_COMM_EXPENDITURE,"4,000-4,999 元",758,0.14013680902200037,0,0
2021,full_sample,EXP_TRANSPORT_COMM_EXPENDITURE,"5,000-6,999 元",796,0.1471621371787761,0,0
2021,full_sample,EXP_TRANSPORT_COMM_EXPENDITURE,"7,000-9,999 元",679,0.12553152153817712,0,0
2021,full_sample,EXP_TRANSPORT_COMM_EXPENDITURE,999 元及以下,385,0.07117766685154372,0,0
2021,full_sample,EXP_TRANSPORT_COMM_EXPENDITURE,沒有這項支出,45,0.008319467554076539,0,0
2021,full_sample,EXP_TRAVEL_EXPENDITURE,"1,000元-未滿2,000元",378,0.06988352745424292,0,0
2021,full_sample,EXP_TRAVEL_EXPENDITURE,"10,000元-未滿15,000元",23,0.004252172305416898,0,0
2021,full_sample,EXP_TRAVEL_EXPENDITURE,"15,000元-未滿20,000元",7,0.001294139397300795,0,0
2021,full_sample,EXP_TRAVEL_EXPENDITURE,"2,000元-未滿3,000元",182,0.03364762432982067,0,0
2021,full_sample,EXP_TRAVEL_EXPENDITURE,"20,000元-未滿30,000元",5,9.243852837862821e-4,0,0
2021,full_sample,EXP_TRAVEL_EXPENDITURE,"3,000元-未滿4,000元",71,0.013126271029765206,0,0
2021,full_sample,EXP_TRAVEL_EXPENDITURE,"30,000元以上",6,0.0011092623405435386,0,0
2021,full_sample,EXP_TRAVEL_EXPENDITURE,"4,000元-未滿5,000元",80,0.014790164540580514,0,0
2021,full_sample,EXP_TRAVEL_EXPENDITURE,"5,000元-未滿7,000元",40,0.007395082270290257,0,0
2021,full_sample,EXP_TRAVEL_EXPENDITURE,"7,000元-未滿10,000元",21,0.003882418191902385,0,0
2021,full_sample,EXP_TRAVEL_EXPENDITURE,"未滿1,000元",591,0.10926234054353855,0,0
2021,full_sample,EXP_TRAVEL_EXPENDITURE,沒有這項支出,4005,0.740432612312812,0,0
2021,full_sample,HOUSE_BELONG,借用,169,0.031244222591976335,0,0
2021,full_sample,HOUSE_BELONG,租賃,1106,0.2044740247735256,0,0
2021,full_sample,HOUSE_BELONG,自有/家人所有/自建,4103,0.7585505638750231,0,0
2021,full_sample,HOUSE_BELONG,配住,31,0.005731188759474949,0,0
2021,full_sample,INC_FAM_GOV_INCOME,"1,000-1,999 元",71,0.013126271029765206,0,0
2021,full_sample,INC_FAM_GOV_INCOME,"10,000-14,999 元",288,0.05324459234608985,0,0
2021,full_sample,INC_FAM_GOV_INCOME,"15,000-19,999 元",100,0.018487705675725642,0,0
2021,full_sample,INC_FAM_GOV_INCOME,"2,000-2,999 元",106,0.01959696801626918,0,0
2021,full_sample,INC_FAM_GOV_INCOME,"20,000-29,999 元",78,0.014420410427066,0,0
2021,full_sample,INC_FAM_GOV_INCOME,"3,000-3,999 元",714,0.13200221852468108,0,0
2021,full_sample,INC_FAM_GOV_INCOME,"30,000 元及以上，請記錄________元",15,0.0027731558513588465,0,0
2021,full_sample,INC_FAM_GOV_INCOME,"4,000-4,999 元",284,0.052505084119060824,0,0
2021,full_sample,INC_FAM_GOV_INCOME,"5,000-5,999 元",223,0.04122758365686818,0,0
2021,full_sample,INC_FAM_GOV_INCOME,"6,000-7,999 元",550,0.10168238121649104,0,0
2021,full_sample,INC_FAM_GOV_INCOME,"8,000-9,999 元",196,0.03623590312442226,0,0
2021,full_sample,INC_FAM_GOV_INCOME,999 元及以下,82,0.015159918654095026,0,0
2021,full_sample,INC_FAM_GOV_INCOME,沒有這項收入,2702,0.4995378073581069,0,0
2021,full_sample,INC_FAM_INTEREST_INCOME,"1,000-1,999 元",178,0.032908116102791644,0,0
2021,full_sample,INC_FAM_INTEREST_INCOME,"10,000-14,999 元",49,0.009058975781105564,0,0
2021,full_sample,INC_FAM_INTEREST_INCOME,"15,000-19,999 元",7,0.001294139397300795,0,0
2021,full_sample,INC_FAM_INTEREST_INCOME,"2,000-2,999 元",85,0.015714549824366795,0,0
2021,full_sample,INC_FAM_INTEREST_INCOME,"20,000-29,999 元",4,7.395082270290257e-4,0,0
2021,full_sample,INC_FAM_INTEREST_INCOME,"3,000-3,999 元",35,0.006470696986503975,0,0
2021,full_sample,INC_FAM_INTEREST_INCOME,"30,000 元及以上，請記錄________元",6,0.0011092623405435386,0,0
2021,full_sample,INC_FAM_INTEREST_INCOME,"4,000-4,999 元",36,0.0066555740432612314,0,0
2021,full_sample,INC_FAM_INTEREST_INCOME,"5,000-5,999 元",23,0.004252172305416898,0,0
2021,full_sample,INC_FAM_INTEREST_INCOME,"6,000-7,999 元",12,0.0022185246810870773,0,0
2021,full_sample,INC_FAM_INTEREST_INCOME,"8,000-9,999 元",22,0.004067295248659641,0,0
2021,full_sample,INC_FAM_INTEREST_INCOME,999 元及以下,1073,0.19837308190053615,0,0
2021,full_sample,INC_FAM_INTEREST_INCOME,沒有這項收入,3879,0.7171381031613977,0,0
2021,full_sample,INC_FAM_OTHER_INCOME,"10,000元-未滿15,000元",22,0.004067295248659641,0,0
2021,full_sample,INC_FAM_OTHER_INCOME,"15,000元-未滿20,000元",5,9.243852837862821e-4,0,0
2021,full_sample,INC_FAM_OTHER_INCOME,"20,000元-未滿25,000元",13,0.0024034017378443337,0,0
2021,full_sample,INC_FAM_OTHER_INCOME,"25,000元-未滿30,000元",6,0.0011092623405435386,0,0
2021,full_sample,INC_FAM_OTHER_INCOME,"30,000元-未滿40,000元",2,3.6975411351451286e-4,0,0
2021,full_sample,INC_FAM_OTHER_INCOME,"40,000元-未滿50,000元",1,1.8487705675725643e-4,0,0
2021,full_sample,INC_FAM_OTHER_INCOME,"5,000元-未滿10,000元",42,0.00776483638380477,0,0
2021,full_sample,INC_FAM_OTHER_INCOME,"50,000元-未滿60,000元",42,0.00776483638380477,0,0
2021,full_sample,INC_FAM_OTHER_INCOME,"70,000元-未滿80,000元",3,5.546311702717693e-4,0,0
2021,full_sample,INC_FAM_OTHER_INCOME,"未滿5,000元",229,0.04233684599741172,0,0
2021,full_sample,INC_FAM_OTHER_INCOME,沒有這項收入,5044,0.9325198742836014,0,0
2021,full_sample,INC_FAM_RENT_INCOME,"10,000-14,999 元",22,0.004067295248659641,0,0
2021,full_sample,INC_FAM_RENT_INCOME,"15,000-19,999 元",11,0.0020336476243298205,0,0
2021,full_sample,INC_FAM_RENT_INCOME,"20,000-24,999 元",9,0.0016638935108153079,0,0
2021,full_sample,INC_FAM_RENT_INCOME,"25,000-29,999 元",4,7.395082270290257e-4,0,0
2021,full_sample,INC_FAM_RENT_INCOME,"30,000-39,999 元",4,7.395082270290257e-4,0,0
2021,full_sample,INC_FAM_RENT_INCOME,"4,999 元及以下",65,0.012017008689221667,0,0
2021,full_sample,INC_FAM_RENT_INCOME,"40,000-49,999 元",4,7.395082270290257e-4,0,0
2021,full_sample,INC_FAM_RENT_INCOME,"5,000-9,999 元",40,0.007395082270290257,0,0
2021,full_sample,INC_FAM_RENT_INCOME,"50,000-59,999 元",21,0.003882418191902385,0,0
2021,full_sample,INC_FAM_RENT_INCOME,"70,000-79,999 元",1,1.8487705675725643e-4,0,0
2021,full_sample,INC_FAM_RENT_INCOME,"80,000 元及以上，請記錄_________________元",1,1.8487705675725643e-4,0,0
2021,full_sample,INC_FAM_RENT_INCOME,沒有這項收入,5227,0.9663523756701793,0,0
2021,full_sample,INC_FAM_TRANSFER_INCOME,"1,000-1,999 元",163,0.030134960251432797,0,0
2021,full_sample,INC_FAM_TRANSFER_INCOME,"10,000-14,999 元",14,0.00258827879460159,0,0
2021,full_sample,INC_FAM_TRANSFER_INCOME,"15,000-19,999 元",8,0.0014790164540580515,0,0
2021,full_sample,INC_FAM_TRANSFER_INCOME,"2,000-2,999 元",68,0.012571639859493437,0,0
2021,full_sample,INC_FAM_TRANSFER_INCOME,"20,000-29,999 元",8,0.0014790164540580515,0,0
2021,full_sample,INC_FAM_TRANSFER_INCOME,"3,000-3,999 元",30,0.005546311702717693,0,0
2021,full_sample,INC_FAM_TRANSFER_INCOME,"30,000 元及以上，請記錄________元",2,3.6975411351451286e-4,0,0
2021,full_sample,INC_FAM_TRANSFER_INCOME,"4,000-4,999 元",27,0.004991680532445923,0,0
2021,full_sample,INC_FAM_TRANSFER_INCOME,"5,000-5,999 元",14,0.00258827879460159,0,0
2021,full_sample,INC_FAM_TRANSFER_INCOME,"6,000-7,999 元",13,0.0024034017378443337,0,0
2021,full_sample,INC_FAM_TRANSFER_INCOME,"8,000-9,999 元",12,0.0022185246810870773,0,0
2021,full_sample,INC_FAM_TRANSFER_INCOME,999 元及以下,267,0.04936217415418746,0,0
2021,full_sample,INC_FAM_TRANSFER_INCOME,沒有這項收入,4783,0.8842669624699575,0,0
2021,full_sample,INC_FAM_WORK_INCOME,"10,000-19,999 元",356,0.06581623220558329,0,0
2021,full_sample,INC_FAM_WORK_INCOME,"100,000-129,999元",356,0.06581623220558329,0,0
2021,full_sample,INC_FAM_WORK_INCOME,"130,000-159,999元",228,0.04215196894065446,0,0
2021,full_sample,INC_FAM_WORK_INCOME,"160,000 元及以上，請記錄____________元",84,0.01552967276760954,0,0
2021,full_sample,INC_FAM_WORK_INCOME,"20,000-29,999 元",529,0.09779996302458865,0,0
2021,full_sample,INC_FAM_WORK_INCOME,"30,000-39,999 元",631,0.1166574228138288,0,0
2021,full_sample,INC_FAM_WORK_INCOME,"40,000-49,999 元",598,0.11055647994083934,0,0
2021,full_sample,INC_FAM_WORK_INCOME,"50,000-59,999 元",607,0.11222037345165466,0,0
2021,full_sample,INC_FAM_WORK_INCOME,"60,000-69,999 元",485,0.08966537252726936,0,0
2021,full_sample,INC_FAM_WORK_INCOME,"70,000-79,999 元",430,0.07949713440562026,0,0
2021,full_sample,INC_FAM_WORK_INCOME,"80,000-89,999 元",338,0.06248844518395267,0,0
2021,full_sample,INC_FAM_WORK_INCOME,"9,999 元及以下",180,0.033277870216306155,0,0
2021,full_sample,INC_FAM_WORK_INCOME,"90,000-99,999 元",270,0.04991680532445923,0,0
2021,full_sample,INC_FAM_WORK_INCOME,沒有這項收入,317,0.05860602699205029,0,0
2021,full_sample,INC_PERS_GOV_INCOME,"1,000-1,999 元",55,0.010168238121649104,0,0
2021,full_sample,INC_PERS_GOV_INCOME,"10,000-14,999 元",87,0.01608430393788131,0,0
2021,full_sample,INC_PERS_GOV_INCOME,"15,000-19,999 元",39,0.007210205213533,0,0
2021,full_sample,INC_PERS_GOV_INCOME,"2,000-2,999 元",56,0.01035311517840636,0,0
2021,full_sample,INC_PERS_GOV_INCOME,"20,000元-未滿30,000元",36,0.0066555740432612314,0,0
2021,full_sample,INC_PERS_GOV_INCOME,"3,000-3,999 元",603,0.11148086522462562,0,0
2021,full_sample,INC_PERS_GOV_INCOME,"30,000元以上，請記錄________元",3,5.546311702717693e-4,0,0
2021,full_sample,INC_PERS_GOV_INCOME,"4,000-4,999 元",178,0.032908116102791644,0,0
2021,full_sample,INC_PERS_GOV_INCOME,"5,000-5,999 元",85,0.015714549824366795,0,0
2021,full_sample,INC_PERS_GOV_INCOME,"6,000-7,999 元",297,0.05490848585690516,0,0
2021,full_sample,INC_PERS_GOV_INCOME,"8,000-9,999 元",78,0.014420410427066,0,0
2021,full_sample,INC_PERS_GOV_INCOME,999 元及以下,101,0.018672582732482897,0,0
2021,full_sample,INC_PERS_GOV_INCOME,沒有這項收入,3791,0.7008689221667591,0,0
2021,full_sample,INC_PERS_INTEREST_INCOME,"1,000-1,999 元",113,0.020891107413569976,0,0
2021,full_sample,INC_PERS_INTEREST_INCOME,"10,000-14,999 元",26,0.004806803475688667,0,0
2021,full_sample,INC_PERS_INTEREST_INCOME,"15,000-19,999 元",6,0.0011092623405435386,0,0
2021,full_sample,INC_PERS_INTEREST_INCOME,"2,000-2,999 元",52,0.009613606951377335,0,0
2021,full_sample,INC_PERS_INTEREST_INCOME,"20,000-29,999 元",3,5.546311702717693e-4,0,0
2021,full_sample,INC_PERS_INTEREST_INCOME,"3,000-3,999 元",21,0.003882418191902385,0,0
2021,full_sample,INC_PERS_INTEREST_INCOME,"30,000 元及以上，請記錄________元",3,5.546311702717693e-4,0,0
2021,full_sample,INC_PERS_INTEREST_INCOME,"4,000-4,999 元",23,0.004252172305416898,0,0
2021,full_sample,INC_PERS_INTEREST_INCOME,"5,000-5,999 元",15,0.0027731558513588465,0,0
2021,full_sample,INC_PERS_INTEREST_INCOME,"6,000-7,999 元",4,7.395082270290257e-4,0,0
2021,full_sample,INC_PERS_INTEREST_INCOME,"8,000-9,999 元",12,0.0022185246810870773,0,0
2021,full_sample,INC_PERS_INTEREST_INCOME,999 元及以下,946,0.17489369569236457,0,0
2021,full_sample,INC_PERS_INTEREST_INCOME,沒有這項收入,4185,0.7737104825291181,0,0
2021,full_sample,INC_PERS_OTHER_INCOME,"10,000-14,999 元",14,0.00258827879460159,0,0
2021,full_sample,INC_PERS_OTHER_INCOME,"15,000-19,999 元",3,5.546311702717693e-4,0,0
2021,full_sample,INC_PERS_OTHER_INCOME,"20,000-24,999 元",11,0.0020336476243298205,0,0
2021,full_sample,INC_PERS_OTHER_INCOME,"25,000-29,999 元",3,5.546311702717693e-4,0,0
2021,full_sample,INC_PERS_OTHER_INCOME,"30,000-39,999 元",1,1.8487705675725643e-4,0,0
2021,full_sample,INC_PERS_OTHER_INCOME,"4,999 元及以下",179,0.0330929931595489,0,0
2021,full_sample,INC_PERS_OTHER_INCOME,"40,000-49,999 元",1,1.8487705675725643e-4,0,0
2021,full_sample,INC_PERS_OTHER_INCOME,"5,000-9,999 元",34,0.006285819929746719,0,0
2021,full_sample,INC_PERS_OTHER_INCOME,"50,000-59,999 元",8,0.0014790164540580515,0,0
2021,full_sample,INC_PERS_OTHER_INCOME,"70,000-79,999 元",1,1.8487705675725643e-4,0,0
2021,full_sample,INC_PERS_OTHER_INCOME,沒有這項收入,5154,0.9528563505268997,0,0
2021,full_sample,INC_PERS_RENT_INCOME,"10,000-14,999 元",17,0.0031429099648733593,0,0
2021,full_sample,INC_PERS_RENT_INCOME,"15,000-19,999 元",4,7.395082270290257e-4,0,0
2021,full_sample,INC_PERS_RENT_INCOME,"20,000-24,999 元",6,0.0011092623405435386,0,0
2021,full_sample,INC_PERS_RENT_INCOME,"25,000-29,999 元",3,5.546311702717693e-4,0,0
2021,full_sample,INC_PERS_RENT_INCOME,"30,000-39,999 元",4,7.395082270290257e-4,0,0
2021,full_sample,INC_PERS_RENT_INCOME,"4,999 元及以下",53,0.00979848400813459,0,0
2021,full_sample,INC_PERS_RENT_INCOME,"40,000-49,999 元",2,3.6975411351451286e-4,0,0
2021,full_sample,INC_PERS_RENT_INCOME,"5,000-9,999 元",25,0.0046219264189314106,0,0
2021,full_sample,INC_PERS_RENT_INCOME,"50,000-59,999 元",11,0.0020336476243298205,0,0
2021,full_sample,INC_PERS_RENT_INCOME,"70,000-79,999 元",1,1.8487705675725643e-4,0,0
2021,full_sample,INC_PERS_RENT_INCOME,"80,000 元及以上，請記錄_________________元",1,1.8487705675725643e-4,0,0
2021,full_sample,INC_PERS_RENT_INCOME,沒有這項收入,5282,0.9765206137918284,0,0
2021,full_sample,INC_PERS_TRANSFER_INCOME,"1,000-1,999 元",114,0.02107598447032723,0,0
2021,full_sample,INC_PERS_TRANSFER_INCOME,"10,000-14,999 元",12,0.0022185246810870773,0,0
2021,full_sample,INC_PERS_TRANSFER_INCOME,"15,000-19,999 元",4,7.395082270290257e-4,0,0
2021,full_sample,INC_PERS_TRANSFER_INCOME,"2,000-2,999 元",41,0.007579959327047513,0,0
2021,full_sample,INC_PERS_TRANSFER_INCOME,"20,000元-未滿30,000元",4,7.395082270290257e-4,0,0
2021,full_sample,INC_PERS_TRANSFER_INCOME,"3,000-3,999 元",12,0.0022185246810870773,0,0
2021,full_sample,INC_PERS_TRANSFER_INCOME,"30,000元以上，請記錄________元",2,3.6975411351451286e-4,0,0
2021,full_sample,INC_PERS_TRANSFER_INCOME,"4,000-4,999 元",18,0.0033277870216306157,0,0
2021,full_sample,INC_PERS_TRANSFER_INCOME,"5,000-5,999 元",11,0.0020336476243298205,0,0
2021,full_sample,INC_PERS_TRANSFER_INCOME,"6,000-7,999 元",5,9.243852837862821e-4,0,0
2021,full_sample,INC_PERS_TRANSFER_INCOME,"8,000-9,999 元",6,0.0011092623405435386,0,0
2021,full_sample,INC_PERS_TRANSFER_INCOME,999 元及以下,196,0.03623590312442226,0,0
2021,full_sample,INC_PERS_TRANSFER_INCOME,沒有這項收入,4984,0.921427250878166,0,0
2021,full_sample,INC_PERS_WORK_INCOME,"10,000-14,999 元",323,0.059715289332593825,0,0
2021,full_sample,INC_PERS_WORK_INCOME,"100,000-129,999元",47,0.008689221667591052,0,0
2021,full_sample,INC_PERS_WORK_INCOME,"130,000-159,999元",13,0.0024034017378443337,0,0
2021,full_sample,INC_PERS_WORK_INCOME,"15,000-19,999 元",276,0.051026067665002776,0,0
2021,full_sample,INC_PERS_WORK_INCOME,"160,000 元及以上，請記錄____________元",18,0.0033277870216306157,0,0
2021,full_sample,INC_PERS_WORK_INCOME,"20,000-24,999 元",406,0.0750600850434461,0,0
2021,full_sample,INC_PERS_WORK_INCOME,"25,000-29,999 元",819,0.15141430948419302,0,0
2021,full_sample,INC_PERS_WORK_INCOME,"30,000-39,999 元",1163,0.21501201700868922,0,0
2021,full_sample,INC_PERS_WORK_INCOME,"40,000-49,999 元",693,0.1281198003327787,0,0
2021,full_sample,INC_PERS_WORK_INCOME,"50,000-59,999 元",401,0.07413569975965982,0,0
2021,full_sample,INC_PERS_WORK_INCOME,"60,000-69,999 元",148,0.02736180440007395,0,0
2021,full_sample,INC_PERS_WORK_INCOME,"70,000-79,999 元",93,0.017193566278424846,0,0
2021,full_sample,INC_PERS_WORK_INCOME,"80,000-89,999 元",43,0.007949713440562027,0,0
2021,full_sample,INC_PERS_WORK_INCOME,"9,999 元及以下",279,0.051580698835274545,0,0
2021,full_sample,INC_PERS_WORK_INCOME,"90,000-99,999 元",51,0.009428729894620078,0,0
2021,full_sample,INC_PERS_WORK_INCOME,沒有這項收入,636,0.11758180809761509,0,0
2021,full_sample,MALE,男性,3243,0.5995562950637826,0,0
2021,full_sample,MALE,非男性,2166,0.4004437049362174,0,0
2021,full_sample,RACE,卑南族,141,0.026067665002773157,0,0
2021,full_sample,RACE,噶瑪蘭族,42,0.00776483638380477,0,0
2021,full_sample,RACE,太魯閣族,233,0.04307635422444075,0,0
2021,full_sample,RACE,布農族,476,0.08800147901645405,0,0
2021,full_sample,RACE,排灣族,809,0.14956553891662044,0,0
2021,full_sample,RACE,泰雅族,671,0.12405250508411907,0,0
2021,full_sample,RACE,賽夏族,73,0.01349602514327972,0,0
2021,full_sample,RACE,賽德克族,93,0.017193566278424846,0,0
2021,full_sample,RACE,鄒族,38,0.007025328156775744,0,0
2021,full_sample,RACE,阿美族,1652,0.30541689776298764,0,0
2021,full_sample,RACE,雅美族/達悟族,37,0.006840451100018487,0,0
2021,full_sample,RACE,非原住民族,1017,0.18801996672212978,0,0
2021,full_sample,RACE,魯凱族,127,0.023479386208171565,0,0
2021,full_sample,RENT,"1,000-2,999元",37,0.03251318101933216,4271,0.7896099094102422
2021,full_sample,RENT,"10,000-19,999元",470,0.4130052724077329,4271,0.7896099094102422
2021,full_sample,RENT,"20,000元以上",61,0.05360281195079086,4271,0.7896099094102422
2021,full_sample,RENT,"3,000-4,999元",96,0.0843585237258348,4271,0.7896099094102422
2021,full_sample,RENT,"5,000-6,999元",175,0.15377855887521968,4271,0.7896099094102422
2021,full_sample,RENT,"7,000-9,999元",260,0.22847100175746923,4271,0.7896099094102422
2021,full_sample,RENT,不需要支付租金,24,0.0210896309314587,4271,0.7896099094102422
2021,full_sample,RENT,"未滿1,000元",15,0.013181019332161687,4271,0.7896099094102422
2002,indigenous_analysis_sample,EDU,不識字/自修,1098,0.08373369938229239,0,0
2002,indigenous_analysis_sample,EDU,國(初)中,2644,0.20163196827575688,0,0
2002,indigenous_analysis_sample,EDU,國小,4619,0.35224586288416077,0,0
2002,indigenous_analysis_sample,EDU,專科以上,1234,0.09410508655532678,0,0
2002,indigenous_analysis_sample,EDU,高中職,3518,0.26828338290246323,0,0
2002,indigenous_analysis_sample,EXP_EDU_BOOKS_COMBINED_EXPENDITURE,1千~未滿3千元,1279,0.19854082583048743,6671,0.5087317928772973
2002,indigenous_analysis_sample,EXP_EDU_BOOKS_COMBINED_EXPENDITURE,1萬元以上,233,0.03616889164855635,6671,0.5087317928772973
2002,indigenous_analysis_sample,EXP_EDU_BOOKS_COMBINED_EXPENDITURE,3千~未滿5千元,641,0.0995032598571872,6671,0.5087317928772973
2002,indigenous_analysis_sample,EXP_EDU_BOOKS_COMBINED_EXPENDITURE,5千~未滿7千元,351,0.05448618441477802,6671,0.5087317928772973
2002,indigenous_analysis_sample,EXP_EDU_BOOKS_COMBINED_EXPENDITURE,7千~未滿1萬元,278,0.043154299906861225,6671,0.5087317928772973
2002,indigenous_analysis_sample,EXP_EDU_BOOKS_COMBINED_EXPENDITURE,未滿1千元,1119,0.17370381868984788,6671,0.5087317928772973
2002,indigenous_analysis_sample,EXP_EDU_BOOKS_COMBINED_EXPENDITURE,無此消費,2541,0.3944427196522819,6671,0.5087317928772973
2002,indigenous_analysis_sample,EXP_TRAVEL_EXPENDITURE,1千~未滿3千元,829,0.1280902348578492,6641,0.5064439868832457
2002,indigenous_analysis_sample,EXP_TRAVEL_EXPENDITURE,1萬元以上,44,0.006798516687268232,6641,0.5064439868832457
2002,indigenous_analysis_sample,EXP_TRAVEL_EXPENDITURE,3千~未滿5千元,365,0.056396786155747836,6641,0.5064439868832457
2002,indigenous_analysis_sample,EXP_TRAVEL_EXPENDITURE,5千~未滿7千元,119,0.01838689740420272,6641,0.5064439868832457
2002,indigenous_analysis_sample,EXP_TRAVEL_EXPENDITURE,7千~未滿1萬元,62,0.009579728059332509,6641,0.5064439868832457
2002,indigenous_analysis_sample,EXP_TRAVEL_EXPENDITURE,未滿1千元,837,0.12932632880098888,6641,0.5064439868832457
2002,indigenous_analysis_sample,EXP_TRAVEL_EXPENDITURE,無此消費,4216,0.6514215080346106,6641,0.5064439868832457
2002,indigenous_analysis_sample,HOUSE_BELONG,借用,354,0.027016713729680227,10,7.626019980172348e-4
2002,indigenous_analysis_sample,HOUSE_BELONG,租賃,2072,0.1581317255590323,10,7.626019980172348e-4
2002,indigenous_analysis_sample,HOUSE_BELONG,自有/家人所有/自建,10456,0.797985194230329,10,7.626019980172348e-4
2002,indigenous_analysis_sample,HOUSE_BELONG,配住,221,0.01686636648095856,10,7.626019980172348e-4
2002,indigenous_analysis_sample,INC_FAM_OTHER_INCOME,1萬~未滿2萬元,798,0.060855639441775335,0,0
2002,indigenous_analysis_sample,INC_FAM_OTHER_INCOME,5千~未滿1萬元,838,0.06390604743384427,0,0
2002,indigenous_analysis_sample,INC_FAM_OTHER_INCOME,5萬~未滿6萬元,357,0.02722489132921528,0,0
2002,indigenous_analysis_sample,INC_FAM_OTHER_INCOME,6萬元以上,261,0.01990391214824983,0,0
2002,indigenous_analysis_sample,INC_FAM_OTHER_INCOME,未滿5千元,915,0.06977808281857699,0,0
2002,indigenous_analysis_sample,INC_FAM_OTHER_INCOME,無此收入,9944,0.7583314268283383,0,0
2002,indigenous_analysis_sample,MALE,男性,7901,0.6025318386334172,0,0
2002,indigenous_analysis_sample,MALE,非男性,5212,0.3974681613665828,0,0
2002,indigenous_analysis_sample,RACE,卑南族,401,0.030580340120491115,0,0
2002,indigenous_analysis_sample,RACE,噶瑪蘭族,5,3.813009990086174e-4,0,0
2002,indigenous_analysis_sample,RACE,布農族,1336,0.10188362693510257,0,0
2002,indigenous_analysis_sample,RACE,排灣族,2511,0.19148936170212766,0,0
2002,indigenous_analysis_sample,RACE,泰雅族,3069,0.23404255319148937,0,0
2002,indigenous_analysis_sample,RACE,賽夏族,185,0.014108136963318843,0,0
2002,indigenous_analysis_sample,RACE,邵族,28,0.0021352855944482573,0,0
2002,indigenous_analysis_sample,RACE,鄒族,187,0.01426065736292229,0,0
2002,indigenous_analysis_sample,RACE,阿美族,4931,0.3760390452222985,0,0
2002,indigenous_analysis_sample,RACE,雅美族/達悟族,124,0.009456264775413711,0,0
2002,indigenous_analysis_sample,RACE,魯凱族,336,0.02562342713337909,0,0
2002,indigenous_analysis_sample,RENT,"20,000元以上",43,0.2866666666666667,12963,0.9885609700297415
2002,indigenous_analysis_sample,RENT,"未滿1,000元",107,0.7133333333333334,12963,0.9885609700297415
2006,indigenous_analysis_sample,EDU,不知道/拒答,11,0.0018293696989855313,0,0
2006,indigenous_analysis_sample,EDU,不識字/自修,491,0.08165641110926326,0,0
2006,indigenous_analysis_sample,EDU,國(初)中,1120,0.18626309662398138,0,0
2006,indigenous_analysis_sample,EDU,國小,1767,0.2938632961915849,0,0
2006,indigenous_analysis_sample,EDU,專科以上,752,0.12506236487610178,0,0
2006,indigenous_analysis_sample,EDU,高中職,1872,0.31132546150008317,0,0
2006,indigenous_analysis_sample,EXP_ALCOHOL_EXPENDITURE,"1,000-1,999 元",961,0.16972801130342635,351,0.05837352403126559
2006,indigenous_analysis_sample,EXP_ALCOHOL_EXPENDITURE,"10,000-14,999 元",2,3.5323207347227127e-4,351,0.05837352403126559
2006,indigenous_analysis_sample,EXP_ALCOHOL_EXPENDITURE,"15,000-19,999 元",3,5.298481102084069e-4,351,0.05837352403126559
2006,indigenous_analysis_sample,EXP_ALCOHOL_EXPENDITURE,"2,000-2,999 元",1140,0.20134228187919462,351,0.05837352403126559
2006,indigenous_analysis_sample,EXP_ALCOHOL_EXPENDITURE,"20,000-29,999 元",4,7.064641469445425e-4,351,0.05837352403126559
2006,indigenous_analysis_sample,EXP_ALCOHOL_EXPENDITURE,"3,000-3,999 元",36,0.006358177322500883,351,0.05837352403126559
2006,indigenous_analysis_sample,EXP_ALCOHOL_EXPENDITURE,"4,000-4,999 元",217,0.03832567997174143,351,0.05837352403126559
2006,indigenous_analysis_sample,EXP_ALCOHOL_EXPENDITURE,"5,000-6,999 元",132,0.023313316849169905,351,0.05837352403126559
2006,indigenous_analysis_sample,EXP_ALCOHOL_EXPENDITURE,"7,000-9,999 元",29,0.005121865065347933,351,0.05837352403126559
2006,indigenous_analysis_sample,EXP_ALCOHOL_EXPENDITURE,999元及以下,972,0.17167078770752384,351,0.05837352403126559
2006,indigenous_analysis_sample,EXP_ALCOHOL_EXPENDITURE,沒有這項支出,2166,0.3825503355704698,351,0.05837352403126559
2006,indigenous_analysis_sample,EXP_CARE_EXPENDITURE,"1,000-1,999元",108,0.01796108431731249,0,0
2006,indigenous_analysis_sample,EXP_CARE_EXPENDITURE,"10,000-14,999元",29,0.004822883751870947,0,0
2006,indigenous_analysis_sample,EXP_CARE_EXPENDITURE,"15,000-19,999元",7,0.0011641443538998836,0,0
2006,indigenous_analysis_sample,EXP_CARE_EXPENDITURE,"2,000-2,999元",84,0.013969732246798603,0,0
2006,indigenous_analysis_sample,EXP_CARE_EXPENDITURE,"20,000-29,999元",4,6.652253450856477e-4,0,0
2006,indigenous_analysis_sample,EXP_CARE_EXPENDITURE,"3,000-3,999元",178,0.029602527856311324,0,0
2006,indigenous_analysis_sample,EXP_CARE_EXPENDITURE,"30,000元及以上，請記錄____元",1,1.6630633627141194e-4,0,0
2006,indigenous_analysis_sample,EXP_CARE_EXPENDITURE,"4,000-4,999元",63,0.010477299185098952,0,0
2006,indigenous_analysis_sample,EXP_CARE_EXPENDITURE,"5,000-6,999元",34,0.005654415433228006,0,0
2006,indigenous_analysis_sample,EXP_CARE_EXPENDITURE,"7,000-9,999元",33,0.005488109096956594,0,0
2006,indigenous_analysis_sample,EXP_CARE_EXPENDITURE,999元及以下,115,0.01912522867121237,0,0
2006,indigenous_analysis_sample,EXP_CARE_EXPENDITURE,不知道/拒答,71,0.011807749875270248,0,0
2006,indigenous_analysis_sample,EXP_CARE_EXPENDITURE,沒有這項支出,5286,0.8790952935306835,0,0
2006,indigenous_analysis_sample,EXP_CLEANING_EXPENDITURE,"1,000-1,999元",69,0.011571356699647829,50,0.008315316813570598
2006,indigenous_analysis_sample,EXP_CLEANING_EXPENDITURE,"10,000-14,999元",9,0.0015093073956062384,50,0.008315316813570598
2006,indigenous_analysis_sample,EXP_CLEANING_EXPENDITURE,"15,000-19,999 元",4,6.70803286936106e-4,50,0.008315316813570598
2006,indigenous_analysis_sample,EXP_CLEANING_EXPENDITURE,"2,000-2,999 元",18,0.003018614791212477,50,0.008315316813570598
2006,indigenous_analysis_sample,EXP_CLEANING_EXPENDITURE,"20,000-29,999元",2,3.35401643468053e-4,50,0.008315316813570598
2006,indigenous_analysis_sample,EXP_CLEANING_EXPENDITURE,"3,000-3,999元",10,0.001677008217340265,50,0.008315316813570598
2006,indigenous_analysis_sample,EXP_CLEANING_EXPENDITURE,"30,000元及以上，請記錄 元",1,1.677008217340265e-4,50,0.008315316813570598
2006,indigenous_analysis_sample,EXP_CLEANING_EXPENDITURE,"4,000-4,999 元",10,0.001677008217340265,50,0.008315316813570598
2006,indigenous_analysis_sample,EXP_CLEANING_EXPENDITURE,"5,000-6,999元",1,1.677008217340265e-4,50,0.008315316813570598
2006,indigenous_analysis_sample,EXP_CLEANING_EXPENDITURE,"7,000-9,999 元",11,0.0018447090390742915,50,0.008315316813570598
2006,indigenous_analysis_sample,EXP_CLEANING_EXPENDITURE,999元及以下,166,0.0278383364078484,50,0.008315316813570598
2006,indigenous_analysis_sample,EXP_CLEANING_EXPENDITURE,沒有這項支出,5662,0.949522052658058,50,0.008315316813570598
2006,indigenous_analysis_sample,EXP_CLOTHING_EXPENDITURE,"1,000-1,999元",874,0.14535173790121403,0,0
2006,indigenous_analysis_sample,EXP_CLOTHING_EXPENDITURE,"10,000-14,999元",1,1.6630633627141194e-4,0,0
2006,indigenous_analysis_sample,EXP_CLOTHING_EXPENDITURE,"15,000-19,999元",3,4.989190088142358e-4,0,0
2006,indigenous_analysis_sample,EXP_CLOTHING_EXPENDITURE,"2,000-2,999元",472,0.07849659072010644,0,0
2006,indigenous_analysis_sample,EXP_CLOTHING_EXPENDITURE,"3,000-3,999元",406,0.06752037252619325,0,0
2006,indigenous_analysis_sample,EXP_CLOTHING_EXPENDITURE,"4,000-4,999元",113,0.01879261599866955,0,0
2006,indigenous_analysis_sample,EXP_CLOTHING_EXPENDITURE,"5,000-6,999元",18,0.002993514052885415,0,0
2006,indigenous_analysis_sample,EXP_CLOTHING_EXPENDITURE,"7,000-9,999元",38,0.006319640778313654,0,0
2006,indigenous_analysis_sample,EXP_CLOTHING_EXPENDITURE,999元及以下,2056,0.34192582737402294,0,0
2006,indigenous_analysis_sample,EXP_CLOTHING_EXPENDITURE,不知道/拒答,404,0.06718775985365043,0,0
2006,indigenous_analysis_sample,EXP_CLOTHING_EXPENDITURE,沒有這項支出,1628,0.2707467154498586,0,0
2006,indigenous_analysis_sample,EXP_EDU_BOOKS_COMBINED_EXPENDITURE,"1,000-1,999元",506,0.08415100615333444,0,0
2006,indigenous_analysis_sample,EXP_EDU_BOOKS_COMBINED_EXPENDITURE,"10,000-14,999元",59,0.009812073840013305,0,0
2006,indigenous_analysis_sample,EXP_EDU_BOOKS_COMBINED_EXPENDITURE,"15,000-19,999元",27,0.004490271079328123,0,0
2006,indigenous_analysis_sample,EXP_EDU_BOOKS_COMBINED_EXPENDITURE,1e+05,1,1.6630633627141194e-4,0,0
2006,indigenous_analysis_sample,EXP_EDU_BOOKS_COMBINED_EXPENDITURE,"2,000-2,999元",389,0.06469316480957925,0,0
2006,indigenous_analysis_sample,EXP_EDU_BOOKS_COMBINED_EXPENDITURE,"20,000-29,999元",9,0.0014967570264427074,0,0
2006,indigenous_analysis_sample,EXP_EDU_BOOKS_COMBINED_EXPENDITURE,"3,000-3,999元",286,0.047563612173623815,0,0
2006,indigenous_analysis_sample,EXP_EDU_BOOKS_COMBINED_EXPENDITURE,"30,000元及以上，請記錄____元",3,4.989190088142358e-4,0,0
2006,indigenous_analysis_sample,EXP_EDU_BOOKS_COMBINED_EXPENDITURE,34166,1,1.6630633627141194e-4,0,0
2006,indigenous_analysis_sample,EXP_EDU_BOOKS_COMBINED_EXPENDITURE,35000,1,1.6630633627141194e-4,0,0
2006,indigenous_analysis_sample,EXP_EDU_BOOKS_COMBINED_EXPENDITURE,"4,000-4,999元",198,0.03292865458173956,0,0
2006,indigenous_analysis_sample,EXP_EDU_BOOKS_COMBINED_EXPENDITURE,"5,000-6,999元",361,0.06003658739397971,0,0
2006,indigenous_analysis_sample,EXP_EDU_BOOKS_COMBINED_EXPENDITURE,"7,000-9,999元",426,0.07084649925162148,0,0
2006,indigenous_analysis_sample,EXP_EDU_BOOKS_COMBINED_EXPENDITURE,999元及以下,614,0.10211209047064693,0,0
2006,indigenous_analysis_sample,EXP_EDU_BOOKS_COMBINED_EXPENDITURE,不知道/拒答,268,0.0445700981207384,0,0
2006,indigenous_analysis_sample,EXP_EDU_BOOKS_COMBINED_EXPENDITURE,沒有這項支出,2864,0.4763013470813238,0,0
2006,indigenous_analysis_sample,EXP_FOOD_EXPENDITURE,"10,000-14,999元",1012,0.1894776259127504,672,0.11175785797438882
2006,indigenous_analysis_sample,EXP_FOOD_EXPENDITURE,"15,000-19,999 元",501,0.09380265867815016,672,0.11175785797438882
2006,indigenous_analysis_sample,EXP_FOOD_EXPENDITURE,"2,999 元及以下",709,0.1327466766523123,672,0.11175785797438882
2006,indigenous_analysis_sample,EXP_FOOD_EXPENDITURE,"20,000-29,999 元",340,0.0636584909193035,672,0.11175785797438882
2006,indigenous_analysis_sample,EXP_FOOD_EXPENDITURE,"3,000-4,999 元",956,0.17899269799662984,672,0.11175785797438882
2006,indigenous_analysis_sample,EXP_FOOD_EXPENDITURE,"30,000-39,999 元",76,0.014229545029020782,672,0.11175785797438882
2006,indigenous_analysis_sample,EXP_FOOD_EXPENDITURE,"40,000-49,999 元",7,0.001310615989515072,672,0.11175785797438882
2006,indigenous_analysis_sample,EXP_FOOD_EXPENDITURE,"5,000-9,999 元",1659,0.3106159895150721,672,0.11175785797438882
2006,indigenous_analysis_sample,EXP_FOOD_EXPENDITURE,"50,000-59,999 元",5,9.361542782250515e-4,672,0.11175785797438882
2006,indigenous_analysis_sample,EXP_FOOD_EXPENDITURE,"60,000-69,999 元",1,1.872308556450103e-4,672,0.11175785797438882
2006,indigenous_analysis_sample,EXP_FOOD_EXPENDITURE,沒有這項支出,75,0.014042314173375772,672,0.11175785797438882
2006,indigenous_analysis_sample,EXP_FURNITURE_EXPENDITURE,"1,000-1,999元",442,0.07350740063196408,0,0
2006,indigenous_analysis_sample,EXP_FURNITURE_EXPENDITURE,"10,000-14,999元",4,6.652253450856477e-4,0,0
2006,indigenous_analysis_sample,EXP_FURNITURE_EXPENDITURE,"15,000-19,999元",1,1.6630633627141194e-4,0,0
2006,indigenous_analysis_sample,EXP_FURNITURE_EXPENDITURE,"2,000-2,999元",181,0.030101446865125562,0,0
2006,indigenous_analysis_sample,EXP_FURNITURE_EXPENDITURE,"20,000-29,999元",5,8.315316813570597e-4,0,0
2006,indigenous_analysis_sample,EXP_FURNITURE_EXPENDITURE,"3,000-3,999元",104,0.01729585897222684,0,0
2006,indigenous_analysis_sample,EXP_FURNITURE_EXPENDITURE,33000,1,1.6630633627141194e-4,0,0
2006,indigenous_analysis_sample,EXP_FURNITURE_EXPENDITURE,"4,000-4,999元",92,0.015300182936969898,0,0
2006,indigenous_analysis_sample,EXP_FURNITURE_EXPENDITURE,"5,000-6,999元",19,0.003159820389156827,0,0
2006,indigenous_analysis_sample,EXP_FURNITURE_EXPENDITURE,"7,000-9,999元",26,0.00432396474305671,0,0
2006,indigenous_analysis_sample,EXP_FURNITURE_EXPENDITURE,999元及以下,943,0.15682687510394147,0,0
2006,indigenous_analysis_sample,EXP_FURNITURE_EXPENDITURE,不知道/拒答,323,0.053716946615666054,0,0
2006,indigenous_analysis_sample,EXP_FURNITURE_EXPENDITURE,沒有這項支出,3872,0.643938134042907,0,0
2006,indigenous_analysis_sample,EXP_HOUSING_UTIL_EXPENDITURE,"10,000-14,999 元",379,0.06766648812712016,412,0.06851821054382172
2006,indigenous_analysis_sample,EXP_HOUSING_UTIL_EXPENDITURE,"15,000-19,999 元",101,0.01803249419746474,412,0.06851821054382172
2006,indigenous_analysis_sample,EXP_HOUSING_UTIL_EXPENDITURE,"20,000-29,999 元",73,0.013033386895197287,412,0.06851821054382172
2006,indigenous_analysis_sample,EXP_HOUSING_UTIL_EXPENDITURE,"3,000-4,999 元",1293,0.23085163363685057,412,0.06851821054382172
2006,indigenous_analysis_sample,EXP_HOUSING_UTIL_EXPENDITURE,"30,000-39,999 元",9,0.0016068559185859668,412,0.06851821054382172
2006,indigenous_analysis_sample,EXP_HOUSING_UTIL_EXPENDITURE,"40,000-49,999 元",4,7.141581860382074e-4,412,0.06851821054382172
2006,indigenous_analysis_sample,EXP_HOUSING_UTIL_EXPENDITURE,"5,000-9,999 元",893,0.1594358150330298,412,0.06851821054382172
2006,indigenous_analysis_sample,EXP_HOUSING_UTIL_EXPENDITURE,"50,000-59,999 元",2,3.570790930191037e-4,412,0.06851821054382172
2006,indigenous_analysis_sample,EXP_HOUSING_UTIL_EXPENDITURE,999 元及以下,2796,0.499196572040707,412,0.06851821054382172
2006,indigenous_analysis_sample,EXP_HOUSING_UTIL_EXPENDITURE,沒有這項支出,51,0.009105516871987145,412,0.06851821054382172
2006,indigenous_analysis_sample,EXP_LOAN_INTEREST_EXPENDITURE,"1,000-1,999元",37,0.006153334442042242,0,0
2006,indigenous_analysis_sample,EXP_LOAN_INTEREST_EXPENDITURE,"10,000-14,999元",341,0.05671046066855147,0,0
2006,indigenous_analysis_sample,EXP_LOAN_INTEREST_EXPENDITURE,"15,000-19,999元",158,0.026276401130883087,0,0
2006,indigenous_analysis_sample,EXP_LOAN_INTEREST_EXPENDITURE,"2,000-2,999元",134,0.0222850490603692,0,0
2006,indigenous_analysis_sample,EXP_LOAN_INTEREST_EXPENDITURE,"20,000-29,999元",127,0.021120904706469316,0,0
2006,indigenous_analysis_sample,EXP_LOAN_INTEREST_EXPENDITURE,"3,000-3,999元",225,0.037418925661067685,0,0
2006,indigenous_analysis_sample,EXP_LOAN_INTEREST_EXPENDITURE,"30,000元及以上，請記錄____元",8,0.0013304506901712955,0,0
2006,indigenous_analysis_sample,EXP_LOAN_INTEREST_EXPENDITURE,30000,4,6.652253450856477e-4,0,0
2006,indigenous_analysis_sample,EXP_LOAN_INTEREST_EXPENDITURE,"4,000-4,999元",105,0.017462165308498253,0,0
2006,indigenous_analysis_sample,EXP_LOAN_INTEREST_EXPENDITURE,"5,000-6,999元",186,0.03093297854648262,0,0
2006,indigenous_analysis_sample,EXP_LOAN_INTEREST_EXPENDITURE,"7,000-9,999元",854,0.1420256111757858,0,0
2006,indigenous_analysis_sample,EXP_LOAN_INTEREST_EXPENDITURE,999元及以下,39,0.006485947114585066,0,0
2006,indigenous_analysis_sample,EXP_LOAN_INTEREST_EXPENDITURE,不知道/拒答,206,0.03425910527191086,0,0
2006,indigenous_analysis_sample,EXP_LOAN_INTEREST_EXPENDITURE,沒有這項支出,3589,0.5968734408780975,0,0
2006,indigenous_analysis_sample,EXP_MEDICAL_EXPENDITURE,"1,000-1,999 元",911,0.17247254827716774,731,0.12156993181440214
2006,indigenous_analysis_sample,EXP_MEDICAL_EXPENDITURE,"10,000-14,999 元",174,0.03294206739871261,731,0.12156993181440214
2006,indigenous_analysis_sample,EXP_MEDICAL_EXPENDITURE,"15,000-19,999 元",41,0.007762211283604695,731,0.12156993181440214
2006,indigenous_analysis_sample,EXP_MEDICAL_EXPENDITURE,"2,000-2,999 元",601,0.11378265808405907,731,0.12156993181440214
2006,indigenous_analysis_sample,EXP_MEDICAL_EXPENDITURE,"20,000-29,999 元",23,0.004354411207875805,731,0.12156993181440214
2006,indigenous_analysis_sample,EXP_MEDICAL_EXPENDITURE,"3,000-3,999 元",366,0.0692919348731541,731,0.12156993181440214
2006,indigenous_analysis_sample,EXP_MEDICAL_EXPENDITURE,"30,000 元及以上，請記錄________元",7,0.0013252555850056798,731,0.12156993181440214
2006,indigenous_analysis_sample,EXP_MEDICAL_EXPENDITURE,"4,000-4,999 元",210,0.03975766755017039,731,0.12156993181440214
2006,indigenous_analysis_sample,EXP_MEDICAL_EXPENDITURE,"5,000-6,999 元",341,0.06455887921241954,731,0.12156993181440214
2006,indigenous_analysis_sample,EXP_MEDICAL_EXPENDITURE,"7,000-9,999 元",335,0.06342294585384324,731,0.12156993181440214
2006,indigenous_analysis_sample,EXP_MEDICAL_EXPENDITURE,999元及以下,1829,0.34627035213934115,731,0.12156993181440214
2006,indigenous_analysis_sample,EXP_MEDICAL_EXPENDITURE,沒有這項支出,444,0.08405906853464597,731,0.12156993181440214
2006,indigenous_analysis_sample,EXP_OTHER_EXPENDITURE,"1,000-1,999元",556,0.09246632296690505,0,0
2006,indigenous_analysis_sample,EXP_OTHER_EXPENDITURE,"10,000-14,999元",8,0.0013304506901712955,0,0
2006,indigenous_analysis_sample,EXP_OTHER_EXPENDITURE,"15,000-19,999元",1,1.6630633627141194e-4,0,0
2006,indigenous_analysis_sample,EXP_OTHER_EXPENDITURE,"2,000-2,999元",285,0.0473973058373524,0,0
2006,indigenous_analysis_sample,EXP_OTHER_EXPENDITURE,"20,000-29,999元",1,1.6630633627141194e-4,0,0
2006,indigenous_analysis_sample,EXP_OTHER_EXPENDITURE,"3,000-3,999元",83,0.013803425910527191,0,0
2006,indigenous_analysis_sample,EXP_OTHER_EXPENDITURE,"4,000-4,999元",47,0.007816397804756361,0,0
2006,indigenous_analysis_sample,EXP_OTHER_EXPENDITURE,"5,000-6,999元",30,0.004989190088142358,0,0
2006,indigenous_analysis_sample,EXP_OTHER_EXPENDITURE,"7,000-9,999元",12,0.0019956760352569432,0,0
2006,indigenous_analysis_sample,EXP_OTHER_EXPENDITURE,999元及以下,1067,0.17744886080159655,0,0
2006,indigenous_analysis_sample,EXP_OTHER_EXPENDITURE,不知道/拒答,168,0.027939464493597205,0,0
2006,indigenous_analysis_sample,EXP_OTHER_EXPENDITURE,沒有這項支出,3755,0.6244802926991518,0,0
2006,indigenous_analysis_sample,EXP_TAX_INS_GIFT_EXPENDITURE,"1,000-1,999元",730,0.1524008350730689,1223,0.2033926492599368
2006,indigenous_analysis_sample,EXP_TAX_INS_GIFT_EXPENDITURE,"10,000-14,999 元",19,0.003966597077244259,1223,0.2033926492599368
2006,indigenous_analysis_sample,EXP_TAX_INS_GIFT_EXPENDITURE,"15,000-19,999 元",3,6.263048016701461e-4,1223,0.2033926492599368
2006,indigenous_analysis_sample,EXP_TAX_INS_GIFT_EXPENDITURE,"2,000-2,999 元",866,0.18079331941544885,1223,0.2033926492599368
2006,indigenous_analysis_sample,EXP_TAX_INS_GIFT_EXPENDITURE,"20,000-29,999 元",1,2.0876826722338206e-4,1223,0.2033926492599368
2006,indigenous_analysis_sample,EXP_TAX_INS_GIFT_EXPENDITURE,"3,000-3,999 元",731,0.15260960334029228,1223,0.2033926492599368
2006,indigenous_analysis_sample,EXP_TAX_INS_GIFT_EXPENDITURE,"4,000-4,999 元",532,0.11106471816283925,1223,0.2033926492599368
2006,indigenous_analysis_sample,EXP_TAX_INS_GIFT_EXPENDITURE,"5,000-6,999 元",804,0.16784968684759916,1223,0.2033926492599368
2006,indigenous_analysis_sample,EXP_TAX_INS_GIFT_EXPENDITURE,"7,000-9,999 元",403,0.08413361169102296,1223,0.2033926492599368
2006,indigenous_analysis_sample,EXP_TAX_INS_GIFT_EXPENDITURE,999 元及以下,537,0.11210855949895616,1223,0.2033926492599368
2006,indigenous_analysis_sample,EXP_TAX_INS_GIFT_EXPENDITURE,沒有這項支出,164,0.03423799582463465,1223,0.2033926492599368
2006,indigenous_analysis_sample,EXP_TRANSPORT_COMM_EXPENDITURE,"1,000-1,999 元",775,0.14322676030308631,602,0.10011641443538999
2006,indigenous_analysis_sample,EXP_TRANSPORT_COMM_EXPENDITURE,"10,000-14,999 元",415,0.07669562003326558,602,0.10011641443538999
2006,indigenous_analysis_sample,EXP_TRANSPORT_COMM_EXPENDITURE,"15,000-19,999 元",130,0.024025133986324155,602,0.10011641443538999
2006,indigenous_analysis_sample,EXP_TRANSPORT_COMM_EXPENDITURE,"2,000-2,999 元",764,0.14119386435039735,602,0.10011641443538999
2006,indigenous_analysis_sample,EXP_TRANSPORT_COMM_EXPENDITURE,"20,000-29,999 元",11,0.002032895952688967,602,0.10011641443538999
2006,indigenous_analysis_sample,EXP_TRANSPORT_COMM_EXPENDITURE,"3,000-3,999 元",618,0.11421179079652559,602,0.10011641443538999
2006,indigenous_analysis_sample,EXP_TRANSPORT_COMM_EXPENDITURE,"30,000 元及以上，請記錄________元",2,3.6961744594344855e-4,602,0.10011641443538999
2006,indigenous_analysis_sample,EXP_TRANSPORT_COMM_EXPENDITURE,"4,000-4,999 元",470,0.0868600997967104,602,0.10011641443538999
2006,indigenous_analysis_sample,EXP_TRANSPORT_COMM_EXPENDITURE,"5,000-6,999 元",899,0.1661430419515801,602,0.10011641443538999
2006,indigenous_analysis_sample,EXP_TRANSPORT_COMM_EXPENDITURE,"7,000-9,999 元",516,0.09536130105340972,602,0.10011641443538999
2006,indigenous_analysis_sample,EXP_TRANSPORT_COMM_EXPENDITURE,999 元及以下,769,0.14211790796525595,602,0.10011641443538999
2006,indigenous_analysis_sample,EXP_TRANSPORT_COMM_EXPENDITURE,沒有這項支出,42,0.007761966364812419,602,0.10011641443538999
2006,indigenous_analysis_sample,EXP_TRAVEL_EXPENDITURE,"1,000-1,999元",243,0.0404124397139531,0,0
2006,indigenous_analysis_sample,EXP_TRAVEL_EXPENDITURE,"10,000-14,999元",14,0.002328288707799767,0,0
2006,indigenous_analysis_sample,EXP_TRAVEL_EXPENDITURE,"15,000-19,999元",7,0.0011641443538998836,0,0
2006,indigenous_analysis_sample,EXP_TRAVEL_EXPENDITURE,"2,000-2,999元",168,0.027939464493597205,0,0
2006,indigenous_analysis_sample,EXP_TRAVEL_EXPENDITURE,"20,000-29,999元",7,0.0011641443538998836,0,0
2006,indigenous_analysis_sample,EXP_TRAVEL_EXPENDITURE,"3,000-3,999元",72,0.01197405621154166,0,0
2006,indigenous_analysis_sample,EXP_TRAVEL_EXPENDITURE,"4,000-4,999元",99,0.01646432729086978,0,0
2006,indigenous_analysis_sample,EXP_TRAVEL_EXPENDITURE,"5,000-6,999元",115,0.01912522867121237,0,0
2006,indigenous_analysis_sample,EXP_TRAVEL_EXPENDITURE,50000,2,3.326126725428239e-4,0,0
2006,indigenous_analysis_sample,EXP_TRAVEL_EXPENDITURE,60000,1,1.6630633627141194e-4,0,0
2006,indigenous_analysis_sample,EXP_TRAVEL_EXPENDITURE,"7,000-9,999元",11,0.0018293696989855313,0,0
2006,indigenous_analysis_sample,EXP_TRAVEL_EXPENDITURE,999元及以下,361,0.06003658739397971,0,0
2006,indigenous_analysis_sample,EXP_TRAVEL_EXPENDITURE,不知道/拒答,82,0.01363711957425578,0,0
2006,indigenous_analysis_sample,EXP_TRAVEL_EXPENDITURE,沒有這項支出,4831,0.803425910527191,0,0
2006,indigenous_analysis_sample,HOUSE_BELONG,借用,265,0.044151949350216595,11,0.0018293696989855313
2006,indigenous_analysis_sample,HOUSE_BELONG,租賃,852,0.14195268243918693,11,0.0018293696989855313
2006,indigenous_analysis_sample,HOUSE_BELONG,自有/家人所有/自建,4797,0.7992335888037321,11,0.0018293696989855313
2006,indigenous_analysis_sample,HOUSE_BELONG,配住,88,0.014661779406864379,11,0.0018293696989855313
2006,indigenous_analysis_sample,INC_FAM_GOV_INCOME,"1,000-1,999 元",52,0.008956252152945229,207,0.03442541160818227
2006,indigenous_analysis_sample,INC_FAM_GOV_INCOME,"10,000-14,999 元",166,0.028591112642094386,207,0.03442541160818227
2006,indigenous_analysis_sample,INC_FAM_GOV_INCOME,"15,000-19,999 元",34,0.0058560110230795725,207,0.03442541160818227
2006,indigenous_analysis_sample,INC_FAM_GOV_INCOME,"2,000-3,999 元",1022,0.17602480192903894,207,0.03442541160818227
2006,indigenous_analysis_sample,INC_FAM_GOV_INCOME,"20,000-29,999 元",22,0.0037891836031691355,207,0.03442541160818227
2006,indigenous_analysis_sample,INC_FAM_GOV_INCOME,"30,000 元及以上，請記錄________元",8,0.0013778849466069584,207,0.03442541160818227
2006,indigenous_analysis_sample,INC_FAM_GOV_INCOME,"4,000-5,999元",425,0.07320013778849466,207,0.03442541160818227
2006,indigenous_analysis_sample,INC_FAM_GOV_INCOME,"6,000-7,999 元",359,0.061832586978987254,207,0.03442541160818227
2006,indigenous_analysis_sample,INC_FAM_GOV_INCOME,"8,000-9,999 元",112,0.019290389252497417,207,0.03442541160818227
2006,indigenous_analysis_sample,INC_FAM_GOV_INCOME,999 元及以下,51,0.00878401653461936,207,0.03442541160818227
2006,indigenous_analysis_sample,INC_FAM_GOV_INCOME,沒有這項收入,3555,0.6122976231484671,207,0.03442541160818227
2006,indigenous_analysis_sample,INC_FAM_INTEREST_INCOME,"10,000-14,999 元",30,0.005126452494873548,161,0.02677532013969732
2006,indigenous_analysis_sample,INC_FAM_INTEREST_INCOME,"15,000-19,999 元",19,0.003246753246753247,161,0.02677532013969732
2006,indigenous_analysis_sample,INC_FAM_INTEREST_INCOME,"20,000-29,999 元",16,0.002734107997265892,161,0.02677532013969732
2006,indigenous_analysis_sample,INC_FAM_INTEREST_INCOME,"30,000 元及以上，請記錄________元",14,0.0023923444976076554,161,0.02677532013969732
2006,indigenous_analysis_sample,INC_FAM_INTEREST_INCOME,"4,999元及以下",105,0.017942583732057416,161,0.02677532013969732
2006,indigenous_analysis_sample,INC_FAM_INTEREST_INCOME,"5,000-9,999元",80,0.01367053998632946,161,0.02677532013969732
2006,indigenous_analysis_sample,INC_FAM_INTEREST_INCOME,沒有這項收入,5588,0.9548872180451128,161,0.02677532013969732
2006,indigenous_analysis_sample,INC_FAM_OTHER_INCOME,"10,000-14,999元",96,0.015965408282055546,0,0
2006,indigenous_analysis_sample,INC_FAM_OTHER_INCOME,"15,000-19,999元",84,0.013969732246798603,0,0
2006,indigenous_analysis_sample,INC_FAM_OTHER_INCOME,"20,000-24,999元",34,0.005654415433228006,0,0
2006,indigenous_analysis_sample,INC_FAM_OTHER_INCOME,"25,000-29,999元",15,0.002494595044071179,0,0
2006,indigenous_analysis_sample,INC_FAM_OTHER_INCOME,"30,000-39,999元",6,9.978380176284716e-4,0,0
2006,indigenous_analysis_sample,INC_FAM_OTHER_INCOME,"4,999元及以下",353,0.05870613670380841,0,0
2006,indigenous_analysis_sample,INC_FAM_OTHER_INCOME,"40,000-49,999元",2,3.326126725428239e-4,0,0
2006,indigenous_analysis_sample,INC_FAM_OTHER_INCOME,"5,000-9,999元",173,0.028770996174954266,0,0
2006,indigenous_analysis_sample,INC_FAM_OTHER_INCOME,"50,000-59,999元",2,3.326126725428239e-4,0,0
2006,indigenous_analysis_sample,INC_FAM_OTHER_INCOME,不知道/拒答,105,0.017462165308498253,0,0
2006,indigenous_analysis_sample,INC_FAM_OTHER_INCOME,沒有這項收入,5143,0.8553134874438716,0,0
2006,indigenous_analysis_sample,INC_FAM_RENT_INCOME,"10,000-14,999 元",21,0.0035419126328217238,84,0.013969732246798603
2006,indigenous_analysis_sample,INC_FAM_RENT_INCOME,"15,000-19,999 元",17,0.0028672626075223477,84,0.013969732246798603
2006,indigenous_analysis_sample,INC_FAM_RENT_INCOME,"20,000-24,999 元",7,0.0011806375442739079,84,0.013969732246798603
2006,indigenous_analysis_sample,INC_FAM_RENT_INCOME,"25,000-29,999 元",9,0.0015179625569235959,84,0.013969732246798603
2006,indigenous_analysis_sample,INC_FAM_RENT_INCOME,"4,999 元及以下",62,0.010457075392140327,84,0.013969732246798603
2006,indigenous_analysis_sample,INC_FAM_RENT_INCOME,"5,000-9,999 元",41,0.0069151627593186035,84,0.013969732246798603
2006,indigenous_analysis_sample,INC_FAM_RENT_INCOME,"80,000 元及以上，請記錄_________________元",1,1.6866250632484398e-4,84,0.013969732246798603
2006,indigenous_analysis_sample,INC_FAM_RENT_INCOME,沒有這項收入,5771,0.9733513240006747,84,0.013969732246798603
2006,indigenous_analysis_sample,INC_FAM_WORK_INCOME,"10,000-19,999 元",763,0.1469568567026194,821,0.1365375020788292
2006,indigenous_analysis_sample,INC_FAM_WORK_INCOME,"100,000-129,999元",132,0.025423728813559324,821,0.1365375020788292
2006,indigenous_analysis_sample,INC_FAM_WORK_INCOME,"130,000-159,999元",52,0.010015408320493066,821,0.1365375020788292
2006,indigenous_analysis_sample,INC_FAM_WORK_INCOME,"140,000元及以上，請記錄 元",69,0.013289676425269646,821,0.1365375020788292
2006,indigenous_analysis_sample,INC_FAM_WORK_INCOME,"20,000-29,999 元",761,0.14657164869029277,821,0.1365375020788292
2006,indigenous_analysis_sample,INC_FAM_WORK_INCOME,"30,000-39,999 元",685,0.1319337442218798,821,0.1365375020788292
2006,indigenous_analysis_sample,INC_FAM_WORK_INCOME,"40,000-49,999 元",345,0.06644838212634822,821,0.1365375020788292
2006,indigenous_analysis_sample,INC_FAM_WORK_INCOME,"50,000-59,999 元",445,0.08570878274268105,821,0.1365375020788292
2006,indigenous_analysis_sample,INC_FAM_WORK_INCOME,"60,000-69,999 元",286,0.05508474576271186,821,0.1365375020788292
2006,indigenous_analysis_sample,INC_FAM_WORK_INCOME,"70,000-79,999 元",197,0.03794298921417565,821,0.1365375020788292
2006,indigenous_analysis_sample,INC_FAM_WORK_INCOME,"80,000-89,999 元",124,0.023882896764252697,821,0.1365375020788292
2006,indigenous_analysis_sample,INC_FAM_WORK_INCOME,"9,999 元及以下",620,0.11941448382126348,821,0.1365375020788292
2006,indigenous_analysis_sample,INC_FAM_WORK_INCOME,"90,000-99,999 元",100,0.01926040061633282,821,0.1365375020788292
2006,indigenous_analysis_sample,INC_FAM_WORK_INCOME,沒有這項收入,613,0.11806625577812019,821,0.1365375020788292
2006,indigenous_analysis_sample,INC_PERS_GOV_INCOME,"1,000-1,999 元",36,0.006060606060606061,73,0.012140362547813071
2006,indigenous_analysis_sample,INC_PERS_GOV_INCOME,"10,000-14,999 元",46,0.007744107744107744,73,0.012140362547813071
2006,indigenous_analysis_sample,INC_PERS_GOV_INCOME,"15,000-19,999 元",14,0.0023569023569023568,73,0.012140362547813071
2006,indigenous_analysis_sample,INC_PERS_GOV_INCOME,"2,000-3,999 元",960,0.16161616161616163,73,0.012140362547813071
2006,indigenous_analysis_sample,INC_PERS_GOV_INCOME,"20,000-29,999 元",11,0.001851851851851852,73,0.012140362547813071
2006,indigenous_analysis_sample,INC_PERS_GOV_INCOME,"30,000 元及以上，請記錄 元",1,1.6835016835016836e-4,73,0.012140362547813071
2006,indigenous_analysis_sample,INC_PERS_GOV_INCOME,"4,000-5,999元",352,0.05925925925925926,73,0.012140362547813071
2006,indigenous_analysis_sample,INC_PERS_GOV_INCOME,"6,000-7,999 元",85,0.01430976430976431,73,0.012140362547813071
2006,indigenous_analysis_sample,INC_PERS_GOV_INCOME,"8,000-9,999 元",26,0.004377104377104377,73,0.012140362547813071
2006,indigenous_analysis_sample,INC_PERS_GOV_INCOME,999 元及以下,26,0.004377104377104377,73,0.012140362547813071
2006,indigenous_analysis_sample,INC_PERS_GOV_INCOME,沒有這項收入,4383,0.7378787878787879,73,0.012140362547813071
2006,indigenous_analysis_sample,INC_PERS_INTEREST_INCOME,"10,000-14,999 元",55,0.009232835319791842,56,0.009313154831199068
2006,indigenous_analysis_sample,INC_PERS_INTEREST_INCOME,"15,000-19,999 元",6,0.0010072183985227463,56,0.009313154831199068
2006,indigenous_analysis_sample,INC_PERS_INTEREST_INCOME,"20,000-29,999 元",13,0.0021823065301326172,56,0.009313154831199068
2006,indigenous_analysis_sample,INC_PERS_INTEREST_INCOME,"30,000 元及以上，請記錄________元",13,0.0021823065301326172,56,0.009313154831199068
2006,indigenous_analysis_sample,INC_PERS_INTEREST_INCOME,"4,999元及以下",94,0.015779754910189694,56,0.009313154831199068
2006,indigenous_analysis_sample,INC_PERS_INTEREST_INCOME,"5,000-9,999元",42,0.007050528789659225,56,0.009313154831199068
2006,indigenous_analysis_sample,INC_PERS_INTEREST_INCOME,沒有這項收入,5734,0.9625650495215713,56,0.009313154831199068
2006,indigenous_analysis_sample,INC_PERS_OTHER_INCOME,"10,000-14,999 元",86,0.014422270669126278,50,0.008315316813570598
2006,indigenous_analysis_sample,INC_PERS_OTHER_INCOME,"15,000-19,999 元",33,0.0055341271172228744,50,0.008315316813570598
2006,indigenous_analysis_sample,INC_PERS_OTHER_INCOME,"20,000-24,999 元",29,0.004863323830286768,50,0.008315316813570598
2006,indigenous_analysis_sample,INC_PERS_OTHER_INCOME,"25,000-29,999 元",12,0.002012409860808318,50,0.008315316813570598
2006,indigenous_analysis_sample,INC_PERS_OTHER_INCOME,"30,000-39,999 元",12,0.002012409860808318,50,0.008315316813570598
2006,indigenous_analysis_sample,INC_PERS_OTHER_INCOME,"4,999 元及以下",326,0.05467046788529264,50,0.008315316813570598
2006,indigenous_analysis_sample,INC_PERS_OTHER_INCOME,"40,000-49,999 元",10,0.001677008217340265,50,0.008315316813570598
2006,indigenous_analysis_sample,INC_PERS_OTHER_INCOME,"5,000-9,999 元",159,0.026664430655710215,50,0.008315316813570598
2006,indigenous_analysis_sample,INC_PERS_OTHER_INCOME,"50,000-59,999 元",5,8.385041086701325e-4,50,0.008315316813570598
2006,indigenous_analysis_sample,INC_PERS_OTHER_INCOME,"60,000-69,999 元",1,1.677008217340265e-4,50,0.008315316813570598
2006,indigenous_analysis_sample,INC_PERS_OTHER_INCOME,"70,000-79,999 元",1,1.677008217340265e-4,50,0.008315316813570598
2006,indigenous_analysis_sample,INC_PERS_OTHER_INCOME,"80,000 元及以上，請記錄_________________元",5,8.385041086701325e-4,50,0.008315316813570598
2006,indigenous_analysis_sample,INC_PERS_OTHER_INCOME,沒有這項收入,5284,0.886131142042596,50,0.008315316813570598
2006,indigenous_analysis_sample,INC_PERS_RENT_INCOME,"10,000-14,999 元",13,0.0021768251841929004,41,0.00681855978712789
2006,indigenous_analysis_sample,INC_PERS_RENT_INCOME,"15,000-19,999 元",8,0.0013395847287340924,41,0.00681855978712789
2006,indigenous_analysis_sample,INC_PERS_RENT_INCOME,"20,000-24,999 元",6,0.0010046885465505692,41,0.00681855978712789
2006,indigenous_analysis_sample,INC_PERS_RENT_INCOME,"25,000-29,999 元",3,5.023442732752846e-4,41,0.00681855978712789
2006,indigenous_analysis_sample,INC_PERS_RENT_INCOME,"30,000-39,999 元",2,3.348961821835231e-4,41,0.00681855978712789
2006,indigenous_analysis_sample,INC_PERS_RENT_INCOME,"4,999 元及以下",48,0.008037508372404554,41,0.00681855978712789
2006,indigenous_analysis_sample,INC_PERS_RENT_INCOME,"40,000-49,999 元",3,5.023442732752846e-4,41,0.00681855978712789
2006,indigenous_analysis_sample,INC_PERS_RENT_INCOME,"5,000-9,999 元",32,0.0053583389149363695,41,0.00681855978712789
2006,indigenous_analysis_sample,INC_PERS_RENT_INCOME,"50,000-59,999 元",1,1.6744809109176155e-4,41,0.00681855978712789
2006,indigenous_analysis_sample,INC_PERS_RENT_INCOME,"60,000-69,999 元",1,1.6744809109176155e-4,41,0.00681855978712789
2006,indigenous_analysis_sample,INC_PERS_RENT_INCOME,沒有這項收入,5855,0.980408573342264,41,0.00681855978712789
2006,indigenous_analysis_sample,INC_PERS_WORK_INCOME,"10,000-19,999元",1048,0.18200764154220214,255,0.042408115749210044
2006,indigenous_analysis_sample,INC_PERS_WORK_INCOME,"100,000-129,999元",16,0.0027787426189649182,255,0.042408115749210044
2006,indigenous_analysis_sample,INC_PERS_WORK_INCOME,"130,000-159,999元",3,5.210142410559222e-4,255,0.042408115749210044
2006,indigenous_analysis_sample,INC_PERS_WORK_INCOME,"140,000元及以上，請記錄 元",6,0.0010420284821118443,255,0.042408115749210044
2006,indigenous_analysis_sample,INC_PERS_WORK_INCOME,"20,000-29,999 元",881,0.1530045154567558,255,0.042408115749210044
2006,indigenous_analysis_sample,INC_PERS_WORK_INCOME,"30,000-39,999 元",575,0.09986106286905175,255,0.042408115749210044
2006,indigenous_analysis_sample,INC_PERS_WORK_INCOME,"40,000-49,999 元",210,0.03647099687391455,255,0.042408115749210044
2006,indigenous_analysis_sample,INC_PERS_WORK_INCOME,"50,000-59,999 元",196,0.03403959708232025,255,0.042408115749210044
2006,indigenous_analysis_sample,INC_PERS_WORK_INCOME,"60,000-69,999 元",110,0.019103855505383814,255,0.042408115749210044
2006,indigenous_analysis_sample,INC_PERS_WORK_INCOME,"70,000-79,999 元",44,0.007641542202153525,255,0.042408115749210044
2006,indigenous_analysis_sample,INC_PERS_WORK_INCOME,"80,000-89,999 元",22,0.0038207711010767626,255,0.042408115749210044
2006,indigenous_analysis_sample,INC_PERS_WORK_INCOME,"9,999 元及以下",830,0.14414727335880514,255,0.042408115749210044
2006,indigenous_analysis_sample,INC_PERS_WORK_INCOME,"90,000-99,999 元",9,0.0015630427231677665,255,0.042408115749210044
2006,indigenous_analysis_sample,INC_PERS_WORK_INCOME,沒有這項收入,1808,0.3139979159430358,255,0.042408115749210044
2006,indigenous_analysis_sample,MALE,男性,2468,0.4104440379178447,0,0
2006,indigenous_analysis_sample,MALE,非男性,3545,0.5895559620821553,0,0
2006,indigenous_analysis_sample,RACE,卑南族,183,0.03055601936884288,24,0.0039913520705138865
2006,indigenous_analysis_sample,RACE,噶瑪蘭族,14,0.0023376189681081983,24,0.0039913520705138865
2006,indigenous_analysis_sample,RACE,太魯閣族,248,0.04140925029220237,24,0.0039913520705138865
2006,indigenous_analysis_sample,RACE,布農族,834,0.1392553013858741,24,0.0039913520705138865
2006,indigenous_analysis_sample,RACE,拒答,27,0.004508265152780097,24,0.0039913520705138865
2006,indigenous_analysis_sample,RACE,排灣族,1322,0.22073801970278845,24,0.0039913520705138865
2006,indigenous_analysis_sample,RACE,泰雅族,1096,0.18300217064618468,24,0.0039913520705138865
2006,indigenous_analysis_sample,RACE,賽夏族,82,0.01369176824177659,24,0.0039913520705138865
2006,indigenous_analysis_sample,RACE,邵族,20,0.0033394556687259976,24,0.0039913520705138865
2006,indigenous_analysis_sample,RACE,鄒族,70,0.011688094840540992,24,0.0039913520705138865
2006,indigenous_analysis_sample,RACE,阿美族,1841,0.3073968943062281,24,0.0039913520705138865
2006,indigenous_analysis_sample,RACE,雅美族/達悟族,64,0.010686258139923193,24,0.0039913520705138865
2006,indigenous_analysis_sample,RACE,魯凱族,188,0.03139088328602438,24,0.0039913520705138865
2006,indigenous_analysis_sample,RENT,"1,000-2,999元",60,0.0851063829787234,5308,0.8827540329286546
2006,indigenous_analysis_sample,RENT,"3,000-4,999元",162,0.2297872340425532,5308,0.8827540329286546
2006,indigenous_analysis_sample,RENT,"5,000-6,999元",237,0.33617021276595743,5308,0.8827540329286546
2006,indigenous_analysis_sample,RENT,"7,000-9,999元",215,0.3049645390070922,5308,0.8827540329286546
2006,indigenous_analysis_sample,RENT,"未滿1,000元",31,0.04397163120567376,5308,0.8827540329286546
2010,indigenous_analysis_sample,EDU,不識字/自修,242,0.0481592039800995,2,3.9785160135269546e-4
2010,indigenous_analysis_sample,EDU,國(初)中,1107,0.22029850746268656,2,3.9785160135269546e-4
2010,indigenous_analysis_sample,EDU,國小,1359,0.27044776119402986,2,3.9785160135269546e-4
2010,indigenous_analysis_sample,EDU,專科以上,657,0.13074626865671643,2,3.9785160135269546e-4
2010,indigenous_analysis_sample,EDU,高中職,1660,0.33034825870646767,2,3.9785160135269546e-4
2010,indigenous_analysis_sample,EXP_ALCOHOL_EXPENDITURE,"1,000-1,999 元",917,0.18266932270916333,7,0.0013924806047344342
2010,indigenous_analysis_sample,EXP_ALCOHOL_EXPENDITURE,"10,000-14,999 元",34,0.006772908366533864,7,0.0013924806047344342
2010,indigenous_analysis_sample,EXP_ALCOHOL_EXPENDITURE,"15,000-19,999 元",8,0.0015936254980079682,7,0.0013924806047344342
2010,indigenous_analysis_sample,EXP_ALCOHOL_EXPENDITURE,"2,000-2,999 元",548,0.10916334661354582,7,0.0013924806047344342
2010,indigenous_analysis_sample,EXP_ALCOHOL_EXPENDITURE,"20,000-29,999 元",2,3.9840637450199205e-4,7,0.0013924806047344342
2010,indigenous_analysis_sample,EXP_ALCOHOL_EXPENDITURE,"3,000-3,999 元",351,0.0699203187250996,7,0.0013924806047344342
2010,indigenous_analysis_sample,EXP_ALCOHOL_EXPENDITURE,"30,000 元及以上，請記錄________元",6,0.001195219123505976,7,0.0013924806047344342
2010,indigenous_analysis_sample,EXP_ALCOHOL_EXPENDITURE,"4,000-4,999 元",107,0.021314741035856573,7,0.0013924806047344342
2010,indigenous_analysis_sample,EXP_ALCOHOL_EXPENDITURE,"5,000-6,999 元",173,0.03446215139442231,7,0.0013924806047344342
2010,indigenous_analysis_sample,EXP_ALCOHOL_EXPENDITURE,"7,000-9,999 元",62,0.012350597609561753,7,0.0013924806047344342
2010,indigenous_analysis_sample,EXP_ALCOHOL_EXPENDITURE,999 元及以下,1050,0.20916334661354583,7,0.0013924806047344342
2010,indigenous_analysis_sample,EXP_ALCOHOL_EXPENDITURE,沒有這項支出,1762,0.35099601593625496,7,0.0013924806047344342
2010,indigenous_analysis_sample,EXP_CARE_EXPENDITURE,1000 - 1999元,219,0.04356475034812015,0,0
2010,indigenous_analysis_sample,EXP_CARE_EXPENDITURE,10000 - 14999元,52,0.010344141635170081,0,0
2010,indigenous_analysis_sample,EXP_CARE_EXPENDITURE,15000 - 19999元,12,0.0023871096081161725,0,0
2010,indigenous_analysis_sample,EXP_CARE_EXPENDITURE,2000 - 2999元,170,0.033817386114979114,0,0
2010,indigenous_analysis_sample,EXP_CARE_EXPENDITURE,20000 - 29999元,17,0.0033817386114979114,0,0
2010,indigenous_analysis_sample,EXP_CARE_EXPENDITURE,3000 - 3999元,102,0.020290431668987467,0,0
2010,indigenous_analysis_sample,EXP_CARE_EXPENDITURE,30000 元及以上,8,0.0015914064054107818,0,0
2010,indigenous_analysis_sample,EXP_CARE_EXPENDITURE,4000 - 4999元,47,0.009349512631788343,0,0
2010,indigenous_analysis_sample,EXP_CARE_EXPENDITURE,5000 - 6999元,82,0.016311915655460512,0,0
2010,indigenous_analysis_sample,EXP_CARE_EXPENDITURE,7000 - 9999元,23,0.004575293415555998,0,0
2010,indigenous_analysis_sample,EXP_CARE_EXPENDITURE,999 元及以下,156,0.031032424905510246,0,0
2010,indigenous_analysis_sample,EXP_CARE_EXPENDITURE,未回答,5,9.946290033817386e-4,0,0
2010,indigenous_analysis_sample,EXP_CARE_EXPENDITURE,沒有這項支出,4134,0.8223592599960214,0,0
2010,indigenous_analysis_sample,EXP_CLOTHING_EXPENDITURE,1000 - 1999元,882,0.17545255619653868,0,0
2010,indigenous_analysis_sample,EXP_CLOTHING_EXPENDITURE,10000 - 14999元,33,0.006564551422319475,0,0
2010,indigenous_analysis_sample,EXP_CLOTHING_EXPENDITURE,15000 - 19999元,10,0.001989258006763477,0,0
2010,indigenous_analysis_sample,EXP_CLOTHING_EXPENDITURE,2000 - 2999元,559,0.11119952257807837,0,0
2010,indigenous_analysis_sample,EXP_CLOTHING_EXPENDITURE,20000 - 29999元,1,1.9892580067634773e-4,0,0
2010,indigenous_analysis_sample,EXP_CLOTHING_EXPENDITURE,3000 - 3999元,211,0.04197334394270937,0,0
2010,indigenous_analysis_sample,EXP_CLOTHING_EXPENDITURE,30000 元及以上,11,0.002188183807439825,0,0
2010,indigenous_analysis_sample,EXP_CLOTHING_EXPENDITURE,4000 - 4999元,97,0.019295802665605728,0,0
2010,indigenous_analysis_sample,EXP_CLOTHING_EXPENDITURE,5000 - 6999元,93,0.01850009946290034,0,0
2010,indigenous_analysis_sample,EXP_CLOTHING_EXPENDITURE,7000 - 9999元,22,0.00437636761487965,0,0
2010,indigenous_analysis_sample,EXP_CLOTHING_EXPENDITURE,999 元及以下,1440,0.2864531529739407,0,0
2010,indigenous_analysis_sample,EXP_CLOTHING_EXPENDITURE,未回答,5,9.946290033817386e-4,0,0
2010,indigenous_analysis_sample,EXP_CLOTHING_EXPENDITURE,沒有這項支出,1663,0.33081360652476627,0,0
2010,indigenous_analysis_sample,EXP_EDU_BOOKS_COMBINED_EXPENDITURE,1000 - 1999元,495,0.09846827133479212,0,0
2010,indigenous_analysis_sample,EXP_EDU_BOOKS_COMBINED_EXPENDITURE,10000 - 14999元,119,0.023672170280485377,0,0
2010,indigenous_analysis_sample,EXP_EDU_BOOKS_COMBINED_EXPENDITURE,15000 - 19999元,35,0.00696240302367217,0,0
2010,indigenous_analysis_sample,EXP_EDU_BOOKS_COMBINED_EXPENDITURE,2000 - 2999元,334,0.06644121742590015,0,0
2010,indigenous_analysis_sample,EXP_EDU_BOOKS_COMBINED_EXPENDITURE,20000 - 29999元,26,0.0051720708175850404,0,0
2010,indigenous_analysis_sample,EXP_EDU_BOOKS_COMBINED_EXPENDITURE,3000 - 3999元,206,0.04097871493932763,0,0
2010,indigenous_analysis_sample,EXP_EDU_BOOKS_COMBINED_EXPENDITURE,30000 元及以上,38,0.007559180425701213,0,0
2010,indigenous_analysis_sample,EXP_EDU_BOOKS_COMBINED_EXPENDITURE,4000 - 4999元,116,0.023075392878456336,0,0
2010,indigenous_analysis_sample,EXP_EDU_BOOKS_COMBINED_EXPENDITURE,5000 - 6999元,166,0.03302168291227372,0,0
2010,indigenous_analysis_sample,EXP_EDU_BOOKS_COMBINED_EXPENDITURE,7000 - 9999元,115,0.02287646707777999,0,0
2010,indigenous_analysis_sample,EXP_EDU_BOOKS_COMBINED_EXPENDITURE,999 元及以下,528,0.1050328227571116,0,0
2010,indigenous_analysis_sample,EXP_EDU_BOOKS_COMBINED_EXPENDITURE,未回答,3,5.967774020290431e-4,0,0
2010,indigenous_analysis_sample,EXP_EDU_BOOKS_COMBINED_EXPENDITURE,沒有這項支出,2846,0.5661428287248856,0,0
2010,indigenous_analysis_sample,EXP_FOOD_EXPENDITURE,"10,000-14,999 元",1003,0.1996814652598049,4,7.957032027053909e-4
2010,indigenous_analysis_sample,EXP_FOOD_EXPENDITURE,"15,000-19,999 元",425,0.0846107903643241,4,7.957032027053909e-4
2010,indigenous_analysis_sample,EXP_FOOD_EXPENDITURE,"2,999 元及以下",874,0.17399960183157476,4,7.957032027053909e-4
2010,indigenous_analysis_sample,EXP_FOOD_EXPENDITURE,"20,000-29,999 元",241,0.04797929524188732,4,7.957032027053909e-4
2010,indigenous_analysis_sample,EXP_FOOD_EXPENDITURE,"3,000-4,999 元",900,0.17917579135974518,4,7.957032027053909e-4
2010,indigenous_analysis_sample,EXP_FOOD_EXPENDITURE,"30,000-39,999 元",70,0.013935894883535735,4,7.957032027053909e-4
2010,indigenous_analysis_sample,EXP_FOOD_EXPENDITURE,"40,000-49,999 元",9,0.0017917579135974518,4,7.957032027053909e-4
2010,indigenous_analysis_sample,EXP_FOOD_EXPENDITURE,"5,000-9,999 元",1475,0.2936492136173601,4,7.957032027053909e-4
2010,indigenous_analysis_sample,EXP_FOOD_EXPENDITURE,"50,000-59,999 元",9,0.0017917579135974518,4,7.957032027053909e-4
2010,indigenous_analysis_sample,EXP_FOOD_EXPENDITURE,"60,000-69,999 元",4,7.963368504877563e-4,4,7.957032027053909e-4
2010,indigenous_analysis_sample,EXP_FOOD_EXPENDITURE,"70,000 元及以上，請記錄______________元",13,0.002588094764085208,4,7.957032027053909e-4
2010,indigenous_analysis_sample,EXP_FURNITURE_EXPENDITURE,1000 - 1999元,432,0.08593594589218222,0,0
2010,indigenous_analysis_sample,EXP_FURNITURE_EXPENDITURE,10000 - 14999元,23,0.004575293415555998,0,0
2010,indigenous_analysis_sample,EXP_FURNITURE_EXPENDITURE,15000 - 19999元,7,0.0013924806047344342,0,0
2010,indigenous_analysis_sample,EXP_FURNITURE_EXPENDITURE,2000 - 2999元,213,0.04237119554406207,0,0
2010,indigenous_analysis_sample,EXP_FURNITURE_EXPENDITURE,20000 - 29999元,16,0.0031828128108215637,0,0
2010,indigenous_analysis_sample,EXP_FURNITURE_EXPENDITURE,3000 - 3999元,69,0.013725880246667993,0,0
2010,indigenous_analysis_sample,EXP_FURNITURE_EXPENDITURE,30000 元及以上,7,0.0013924806047344342,0,0
2010,indigenous_analysis_sample,EXP_FURNITURE_EXPENDITURE,4000 - 4999元,30,0.005967774020290432,0,0
2010,indigenous_analysis_sample,EXP_FURNITURE_EXPENDITURE,5000 - 6999元,38,0.007559180425701213,0,0
2010,indigenous_analysis_sample,EXP_FURNITURE_EXPENDITURE,7000 - 9999元,12,0.0023871096081161725,0,0
2010,indigenous_analysis_sample,EXP_FURNITURE_EXPENDITURE,999 元及以下,714,0.14203302168291226,0,0
2010,indigenous_analysis_sample,EXP_FURNITURE_EXPENDITURE,未回答,8,0.0015914064054107818,0,0
2010,indigenous_analysis_sample,EXP_FURNITURE_EXPENDITURE,沒有這項支出,3458,0.6878854187388104,0,0
2010,indigenous_analysis_sample,EXP_HOUSING_UTIL_EXPENDITURE,"1,000-1,999 元",1234,0.2455721393034826,2,3.9785160135269546e-4
2010,indigenous_analysis_sample,EXP_HOUSING_UTIL_EXPENDITURE,"10,000-14,999 元",366,0.07283582089552239,2,3.9785160135269546e-4
2010,indigenous_analysis_sample,EXP_HOUSING_UTIL_EXPENDITURE,"15,000-19,999 元",157,0.031243781094527363,2,3.9785160135269546e-4
2010,indigenous_analysis_sample,EXP_HOUSING_UTIL_EXPENDITURE,"2,000-2,999 元",1026,0.20417910447761195,2,3.9785160135269546e-4
2010,indigenous_analysis_sample,EXP_HOUSING_UTIL_EXPENDITURE,"20,000-29,999 元",64,0.012736318407960199,2,3.9785160135269546e-4
2010,indigenous_analysis_sample,EXP_HOUSING_UTIL_EXPENDITURE,"3,000-4,999 元",663,0.1319402985074627,2,3.9785160135269546e-4
2010,indigenous_analysis_sample,EXP_HOUSING_UTIL_EXPENDITURE,"30,000-39,999 元",16,0.0031840796019900496,2,3.9785160135269546e-4
2010,indigenous_analysis_sample,EXP_HOUSING_UTIL_EXPENDITURE,"40,000-49,999 元",6,0.0011940298507462687,2,3.9785160135269546e-4
2010,indigenous_analysis_sample,EXP_HOUSING_UTIL_EXPENDITURE,"5,000-9,999 元",616,0.12258706467661691,2,3.9785160135269546e-4
2010,indigenous_analysis_sample,EXP_HOUSING_UTIL_EXPENDITURE,"50,000-59,999 元",9,0.001791044776119403,2,3.9785160135269546e-4
2010,indigenous_analysis_sample,EXP_HOUSING_UTIL_EXPENDITURE,"60,000-69,999 元",3,5.970149253731343e-4,2,3.9785160135269546e-4
2010,indigenous_analysis_sample,EXP_HOUSING_UTIL_EXPENDITURE,"70,000 元及以上，請記錄____________元",8,0.0015920398009950248,2,3.9785160135269546e-4
2010,indigenous_analysis_sample,EXP_HOUSING_UTIL_EXPENDITURE,999 元及以下,756,0.15044776119402986,2,3.9785160135269546e-4
2010,indigenous_analysis_sample,EXP_HOUSING_UTIL_EXPENDITURE,沒有這項支出,101,0.02009950248756219,2,3.9785160135269546e-4
2010,indigenous_analysis_sample,EXP_LOAN_INTEREST_EXPENDITURE,1000 - 1999元,32,0.006365625621643127,0,0
2010,indigenous_analysis_sample,EXP_LOAN_INTEREST_EXPENDITURE,10000 - 14999元,121,0.024070021881838075,0,0
2010,indigenous_analysis_sample,EXP_LOAN_INTEREST_EXPENDITURE,15000 - 19999元,75,0.01491943505072608,0,0
2010,indigenous_analysis_sample,EXP_LOAN_INTEREST_EXPENDITURE,2000 - 2999元,38,0.007559180425701213,0,0
2010,indigenous_analysis_sample,EXP_LOAN_INTEREST_EXPENDITURE,20000 - 29999元,80,0.015914064054107818,0,0
2010,indigenous_analysis_sample,EXP_LOAN_INTEREST_EXPENDITURE,3000 - 3999元,34,0.006763477222995823,0,0
2010,indigenous_analysis_sample,EXP_LOAN_INTEREST_EXPENDITURE,30000 元及以上,35,0.00696240302367217,0,0
2010,indigenous_analysis_sample,EXP_LOAN_INTEREST_EXPENDITURE,4000 - 4999元,20,0.003978516013526954,0,0
2010,indigenous_analysis_sample,EXP_LOAN_INTEREST_EXPENDITURE,5000 - 6999元,71,0.014123731848020689,0,0
2010,indigenous_analysis_sample,EXP_LOAN_INTEREST_EXPENDITURE,7000 - 9999元,54,0.010741993236522777,0,0
2010,indigenous_analysis_sample,EXP_LOAN_INTEREST_EXPENDITURE,999 元及以下,43,0.008553809429082952,0,0
2010,indigenous_analysis_sample,EXP_LOAN_INTEREST_EXPENDITURE,未回答,8,0.0015914064054107818,0,0
2010,indigenous_analysis_sample,EXP_LOAN_INTEREST_EXPENDITURE,沒有這項支出,4416,0.8784563357867515,0,0
2010,indigenous_analysis_sample,EXP_MEDICAL_EXPENDITURE,"1,000-1,999 元",1162,0.2315202231520223,8,0.0015914064054107818
2010,indigenous_analysis_sample,EXP_MEDICAL_EXPENDITURE,"10,000-14,999 元",166,0.033074317593146045,8,0.0015914064054107818
2010,indigenous_analysis_sample,EXP_MEDICAL_EXPENDITURE,"15,000-19,999 元",47,0.009364415222155809,8,0.0015914064054107818
2010,indigenous_analysis_sample,EXP_MEDICAL_EXPENDITURE,"2,000-2,999 元",663,0.13209802749551702,8,0.0015914064054107818
2010,indigenous_analysis_sample,EXP_MEDICAL_EXPENDITURE,"20,000-29,999 元",57,0.011356843992827256,8,0.0015914064054107818
2010,indigenous_analysis_sample,EXP_MEDICAL_EXPENDITURE,"3,000-3,999 元",290,0.057780434349472005,8,0.0015914064054107818
2010,indigenous_analysis_sample,EXP_MEDICAL_EXPENDITURE,"30,000 元及以上，請記錄________元",28,0.005578800557880056,8,0.0015914064054107818
2010,indigenous_analysis_sample,EXP_MEDICAL_EXPENDITURE,"4,000-4,999 元",151,0.030085674437138873,8,0.0015914064054107818
2010,indigenous_analysis_sample,EXP_MEDICAL_EXPENDITURE,"5,000-6,999 元",234,0.04662283323371189,8,0.0015914064054107818
2010,indigenous_analysis_sample,EXP_MEDICAL_EXPENDITURE,"7,000-9,999 元",137,0.027296274158198845,8,0.0015914064054107818
2010,indigenous_analysis_sample,EXP_MEDICAL_EXPENDITURE,999 元及以下,1619,0.3225742179717075,8,0.0015914064054107818
2010,indigenous_analysis_sample,EXP_MEDICAL_EXPENDITURE,沒有這項支出,465,0.09264793783622235,8,0.0015914064054107818
2010,indigenous_analysis_sample,EXP_OTHER_EXPENDITURE,1000 - 1999元,131,0.02605927988860155,0,0
2010,indigenous_analysis_sample,EXP_OTHER_EXPENDITURE,10000 - 14999元,41,0.008155957827730256,0,0
2010,indigenous_analysis_sample,EXP_OTHER_EXPENDITURE,15000 - 19999元,17,0.0033817386114979114,0,0
2010,indigenous_analysis_sample,EXP_OTHER_EXPENDITURE,2000 - 2999元,84,0.01670976725681321,0,0
2010,indigenous_analysis_sample,EXP_OTHER_EXPENDITURE,20000 - 29999元,5,9.946290033817386e-4,0,0
2010,indigenous_analysis_sample,EXP_OTHER_EXPENDITURE,3000 - 3999元,39,0.0077581062263775615,0,0
2010,indigenous_analysis_sample,EXP_OTHER_EXPENDITURE,30000 元及以上,8,0.0015914064054107818,0,0
2010,indigenous_analysis_sample,EXP_OTHER_EXPENDITURE,4000 - 4999元,22,0.00437636761487965,0,0
2010,indigenous_analysis_sample,EXP_OTHER_EXPENDITURE,5000 - 6999元,35,0.00696240302367217,0,0
2010,indigenous_analysis_sample,EXP_OTHER_EXPENDITURE,7000 - 9999元,8,0.0015914064054107818,0,0
2010,indigenous_analysis_sample,EXP_OTHER_EXPENDITURE,999 元及以下,123,0.02446787348319077,0,0
2010,indigenous_analysis_sample,EXP_OTHER_EXPENDITURE,未回答,7,0.0013924806047344342,0,0
2010,indigenous_analysis_sample,EXP_OTHER_EXPENDITURE,沒有這項支出,4507,0.8965585836482992,0,0
2010,indigenous_analysis_sample,EXP_TAX_INS_GIFT_EXPENDITURE,"1,000-1,999 元",1300,0.2590157401872883,8,0.0015914064054107818
2010,indigenous_analysis_sample,EXP_TAX_INS_GIFT_EXPENDITURE,"10,000-14,999 元",111,0.02211595935445308,8,0.0015914064054107818
2010,indigenous_analysis_sample,EXP_TAX_INS_GIFT_EXPENDITURE,"15,000-19,999 元",23,0.004582586172544332,8,0.0015914064054107818
2010,indigenous_analysis_sample,EXP_TAX_INS_GIFT_EXPENDITURE,"2,000-2,999 元",1113,0.2217573221757322,8,0.0015914064054107818
2010,indigenous_analysis_sample,EXP_TAX_INS_GIFT_EXPENDITURE,"20,000-29,999 元",34,0.006774257820282925,8,0.0015914064054107818
2010,indigenous_analysis_sample,EXP_TAX_INS_GIFT_EXPENDITURE,"3,000-3,999 元",649,0.12930862721657702,8,0.0015914064054107818
2010,indigenous_analysis_sample,EXP_TAX_INS_GIFT_EXPENDITURE,"30,000 元及以上，請記錄________元",17,0.0033871289101414623,8,0.0015914064054107818
2010,indigenous_analysis_sample,EXP_TAX_INS_GIFT_EXPENDITURE,"4,000-4,999 元",281,0.0559872484558677,8,0.0015914064054107818
2010,indigenous_analysis_sample,EXP_TAX_INS_GIFT_EXPENDITURE,"5,000-6,999 元",376,0.07491532177724647,8,0.0015914064054107818
2010,indigenous_analysis_sample,EXP_TAX_INS_GIFT_EXPENDITURE,"7,000-9,999 元",142,0.02829248854353457,8,0.0015914064054107818
2010,indigenous_analysis_sample,EXP_TAX_INS_GIFT_EXPENDITURE,999 元及以下,646,0.12871089858537557,8,0.0015914064054107818
2010,indigenous_analysis_sample,EXP_TAX_INS_GIFT_EXPENDITURE,沒有這項支出,327,0.06515242080095636,8,0.0015914064054107818
2010,indigenous_analysis_sample,EXP_TRANSPORT_COMM_EXPENDITURE,"1,000-1,999 元",1007,0.20039800995024876,2,3.9785160135269546e-4
2010,indigenous_analysis_sample,EXP_TRANSPORT_COMM_EXPENDITURE,"10,000-14,999 元",202,0.04019900497512438,2,3.9785160135269546e-4
2010,indigenous_analysis_sample,EXP_TRANSPORT_COMM_EXPENDITURE,"15,000-19,999 元",39,0.007761194029850746,2,3.9785160135269546e-4
2010,indigenous_analysis_sample,EXP_TRANSPORT_COMM_EXPENDITURE,"2,000-2,999 元",878,0.17472636815920398,2,3.9785160135269546e-4
2010,indigenous_analysis_sample,EXP_TRANSPORT_COMM_EXPENDITURE,"20,000-29,999 元",30,0.005970149253731343,2,3.9785160135269546e-4
2010,indigenous_analysis_sample,EXP_TRANSPORT_COMM_EXPENDITURE,"3,000-3,999 元",693,0.13791044776119402,2,3.9785160135269546e-4
2010,indigenous_analysis_sample,EXP_TRANSPORT_COMM_EXPENDITURE,"30,000 元及以上，請記錄________元",10,0.001990049751243781,2,3.9785160135269546e-4
2010,indigenous_analysis_sample,EXP_TRANSPORT_COMM_EXPENDITURE,"4,000-4,999 元",370,0.0736318407960199,2,3.9785160135269546e-4
2010,indigenous_analysis_sample,EXP_TRANSPORT_COMM_EXPENDITURE,"5,000-6,999 元",558,0.11104477611940299,2,3.9785160135269546e-4
2010,indigenous_analysis_sample,EXP_TRANSPORT_COMM_EXPENDITURE,"7,000-9,999 元",322,0.06407960199004975,2,3.9785160135269546e-4
2010,indigenous_analysis_sample,EXP_TRANSPORT_COMM_EXPENDITURE,999 元及以下,772,0.1536318407960199,2,3.9785160135269546e-4
2010,indigenous_analysis_sample,EXP_TRANSPORT_COMM_EXPENDITURE,沒有這項支出,144,0.028656716417910448,2,3.9785160135269546e-4
2010,indigenous_analysis_sample,EXP_TRAVEL_EXPENDITURE,1000 - 1999元,222,0.04416152775014919,0,0
2010,indigenous_analysis_sample,EXP_TRAVEL_EXPENDITURE,10000 - 14999元,24,0.004774219216232345,0,0
2010,indigenous_analysis_sample,EXP_TRAVEL_EXPENDITURE,15000 - 19999元,13,0.0025860354087925202,0,0
2010,indigenous_analysis_sample,EXP_TRAVEL_EXPENDITURE,2000 - 2999元,154,0.030634573304157548,0,0
2010,indigenous_analysis_sample,EXP_TRAVEL_EXPENDITURE,20000 - 29999元,12,0.0023871096081161725,0,0
2010,indigenous_analysis_sample,EXP_TRAVEL_EXPENDITURE,3000 - 3999元,70,0.01392480604734434,0,0
2010,indigenous_analysis_sample,EXP_TRAVEL_EXPENDITURE,30000 元及以上,12,0.0023871096081161725,0,0
2010,indigenous_analysis_sample,EXP_TRAVEL_EXPENDITURE,4000 - 4999元,24,0.004774219216232345,0,0
2010,indigenous_analysis_sample,EXP_TRAVEL_EXPENDITURE,5000 - 6999元,46,0.009150586831111996,0,0
2010,indigenous_analysis_sample,EXP_TRAVEL_EXPENDITURE,7000 - 9999元,17,0.0033817386114979114,0,0
2010,indigenous_analysis_sample,EXP_TRAVEL_EXPENDITURE,999 元及以下,222,0.04416152775014919,0,0
2010,indigenous_analysis_sample,EXP_TRAVEL_EXPENDITURE,未回答,3,5.967774020290431e-4,0,0
2010,indigenous_analysis_sample,EXP_TRAVEL_EXPENDITURE,沒有這項支出,4208,0.8370797692460712,0,0
2010,indigenous_analysis_sample,HOUSE_BELONG,借用,103,0.020649558941459503,39,0.0077581062263775615
2010,indigenous_analysis_sample,HOUSE_BELONG,租賃,1078,0.2161186848436247,39,0.0077581062263775615
2010,indigenous_analysis_sample,HOUSE_BELONG,自有/家人所有/自建,3739,0.7495990376904571,39,0.0077581062263775615
2010,indigenous_analysis_sample,HOUSE_BELONG,配住,68,0.0136327185244587,39,0.0077581062263775615
2010,indigenous_analysis_sample,INC_FAM_GOV_INCOME,"1,000-1,999 元",57,0.01133877063855182,0,0
2010,indigenous_analysis_sample,INC_FAM_GOV_INCOME,"10,000-14,999 元",99,0.019693654266958426,0,0
2010,indigenous_analysis_sample,INC_FAM_GOV_INCOME,"15,000-19,999 元",36,0.007161328824348518,0,0
2010,indigenous_analysis_sample,INC_FAM_GOV_INCOME,"2,000-2,999 元",51,0.010145215834493734,0,0
2010,indigenous_analysis_sample,INC_FAM_GOV_INCOME,"20,000-29,999 元",22,0.00437636761487965,0,0
2010,indigenous_analysis_sample,INC_FAM_GOV_INCOME,"3,000-3,999 元",718,0.14282872488561765,0,0
2010,indigenous_analysis_sample,INC_FAM_GOV_INCOME,"30,000 元及以上，請記錄________元",6,0.0011935548040580863,0,0
2010,indigenous_analysis_sample,INC_FAM_GOV_INCOME,"4,000-4,999 元",105,0.020887209071016512,0,0
2010,indigenous_analysis_sample,INC_FAM_GOV_INCOME,"5,000-5,999 元",41,0.008155957827730256,0,0
2010,indigenous_analysis_sample,INC_FAM_GOV_INCOME,"6,000-7,999 元",351,0.06982295603739805,0,0
2010,indigenous_analysis_sample,INC_FAM_GOV_INCOME,"8,000-9,999 元",52,0.010344141635170081,0,0
2010,indigenous_analysis_sample,INC_FAM_GOV_INCOME,999 元及以下,35,0.00696240302367217,0,0
2010,indigenous_analysis_sample,INC_FAM_GOV_INCOME,沒有這項收入,3454,0.687089715536105,0,0
2010,indigenous_analysis_sample,INC_FAM_INTEREST_INCOME,"1,000-1,999 元",9,0.0017939007374925253,10,0.001989258006763477
2010,indigenous_analysis_sample,INC_FAM_INTEREST_INCOME,"10,000-14,999 元",29,0.005780346820809248,10,0.001989258006763477
2010,indigenous_analysis_sample,INC_FAM_INTEREST_INCOME,"15,000-19,999 元",3,5.979669124975084e-4,10,0.001989258006763477
2010,indigenous_analysis_sample,INC_FAM_INTEREST_INCOME,"2,000-2,999 元",9,0.0017939007374925253,10,0.001989258006763477
2010,indigenous_analysis_sample,INC_FAM_INTEREST_INCOME,"20,000-29,999 元",3,5.979669124975084e-4,10,0.001989258006763477
2010,indigenous_analysis_sample,INC_FAM_INTEREST_INCOME,"3,000-3,999 元",22,0.004385090691648395,10,0.001989258006763477
2010,indigenous_analysis_sample,INC_FAM_INTEREST_INCOME,"30,000 元及以上，請記錄________元",6,0.001195933824995017,10,0.001989258006763477
2010,indigenous_analysis_sample,INC_FAM_INTEREST_INCOME,"4,000-4,999 元",1,1.9932230416583617e-4,10,0.001989258006763477
2010,indigenous_analysis_sample,INC_FAM_INTEREST_INCOME,"5,000-5,999 元",33,0.006577636037472593,10,0.001989258006763477
2010,indigenous_analysis_sample,INC_FAM_INTEREST_INCOME,"6,000-7,999 元",2,3.9864460833167234e-4,10,0.001989258006763477
2010,indigenous_analysis_sample,INC_FAM_INTEREST_INCOME,"8,000-9,999 元",5,9.96611520829181e-4,10,0.001989258006763477
2010,indigenous_analysis_sample,INC_FAM_INTEREST_INCOME,999 元及以下,22,0.004385090691648395,10,0.001989258006763477
2010,indigenous_analysis_sample,INC_FAM_INTEREST_INCOME,沒有這項收入,4873,0.9712975882001196,10,0.001989258006763477
2010,indigenous_analysis_sample,INC_FAM_RENT_INCOME,"10,000-14,999 元",4,7.974481658692185e-4,11,0.002188183807439825
2010,indigenous_analysis_sample,INC_FAM_RENT_INCOME,"15,000-19,999 元",3,5.980861244019139e-4,11,0.002188183807439825
2010,indigenous_analysis_sample,INC_FAM_RENT_INCOME,"20,000-24,999 元",5,9.96810207336523e-4,11,0.002188183807439825
2010,indigenous_analysis_sample,INC_FAM_RENT_INCOME,"25,000-29,999 元",2,3.9872408293460925e-4,11,0.002188183807439825
2010,indigenous_analysis_sample,INC_FAM_RENT_INCOME,"4,999 元及以下",17,0.0033891547049441787,11,0.002188183807439825
2010,indigenous_analysis_sample,INC_FAM_RENT_INCOME,"5,000-9,999 元",15,0.0029904306220095694,11,0.002188183807439825
2010,indigenous_analysis_sample,INC_FAM_RENT_INCOME,沒有這項收入,4970,0.990829346092504,11,0.002188183807439825
2010,indigenous_analysis_sample,INC_FAM_WORK_INCOME,"10,000-19,999 元",866,0.17226974338571713,0,0
2010,indigenous_analysis_sample,INC_FAM_WORK_INCOME,"100,000-129,999元",98,0.01949472846628208,0,0
2010,indigenous_analysis_sample,INC_FAM_WORK_INCOME,"130,000-159,999元",29,0.005768848219614084,0,0
2010,indigenous_analysis_sample,INC_FAM_WORK_INCOME,"160,000 元及以上，請記錄____________元",12,0.0023871096081161725,0,0
2010,indigenous_analysis_sample,INC_FAM_WORK_INCOME,"20,000-29,999 元",970,0.1929580266560573,0,0
2010,indigenous_analysis_sample,INC_FAM_WORK_INCOME,"30,000-39,999 元",675,0.13427491545653472,0,0
2010,indigenous_analysis_sample,INC_FAM_WORK_INCOME,"40,000-49,999 元",464,0.09230157151382534,0,0
2010,indigenous_analysis_sample,INC_FAM_WORK_INCOME,"50,000-59,999 元",377,0.07499502685498309,0,0
2010,indigenous_analysis_sample,INC_FAM_WORK_INCOME,"60,000-69,999 元",278,0.055301372588024665,0,0
2010,indigenous_analysis_sample,INC_FAM_WORK_INCOME,"70,000-79,999 元",182,0.03620449572309529,0,0
2010,indigenous_analysis_sample,INC_FAM_WORK_INCOME,"80,000-89,999 元",105,0.020887209071016512,0,0
2010,indigenous_analysis_sample,INC_FAM_WORK_INCOME,"9,999 元及以下",279,0.05550029838870101,0,0
2010,indigenous_analysis_sample,INC_FAM_WORK_INCOME,"90,000-99,999 元",76,0.015118360851402427,0,0
2010,indigenous_analysis_sample,INC_FAM_WORK_INCOME,沒有這項收入,616,0.12253829321663019,0,0
2010,indigenous_analysis_sample,INC_PERS_GOV_INCOME,"1,000-1,999 元",46,0.009156050955414012,3,5.967774020290431e-4
2010,indigenous_analysis_sample,INC_PERS_GOV_INCOME,"10,000-14,999 元",68,0.013535031847133758,3,5.967774020290431e-4
2010,indigenous_analysis_sample,INC_PERS_GOV_INCOME,"15,000-19,999 元",24,0.004777070063694267,3,5.967774020290431e-4
2010,indigenous_analysis_sample,INC_PERS_GOV_INCOME,"2,000-2,999 元",39,0.007762738853503185,3,5.967774020290431e-4
2010,indigenous_analysis_sample,INC_PERS_GOV_INCOME,"20,000-29,999 元",12,0.0023885350318471337,3,5.967774020290431e-4
2010,indigenous_analysis_sample,INC_PERS_GOV_INCOME,"3,000-3,999 元",670,0.13335987261146498,3,5.967774020290431e-4
2010,indigenous_analysis_sample,INC_PERS_GOV_INCOME,"30,000 元及以上，請記錄 元",5,9.952229299363057e-4,3,5.967774020290431e-4
2010,indigenous_analysis_sample,INC_PERS_GOV_INCOME,"4,000-4,999 元",84,0.016719745222929936,3,5.967774020290431e-4
2010,indigenous_analysis_sample,INC_PERS_GOV_INCOME,"5,000-5,999 元",29,0.005772292993630573,3,5.967774020290431e-4
2010,indigenous_analysis_sample,INC_PERS_GOV_INCOME,"6,000-7,999 元",263,0.052348726114649684,3,5.967774020290431e-4
2010,indigenous_analysis_sample,INC_PERS_GOV_INCOME,"8,000-9,999 元",22,0.004378980891719745,3,5.967774020290431e-4
2010,indigenous_analysis_sample,INC_PERS_GOV_INCOME,999 元及以下,39,0.007762738853503185,3,5.967774020290431e-4
2010,indigenous_analysis_sample,INC_PERS_GOV_INCOME,沒有這項收入,3723,0.7410429936305732,3,5.967774020290431e-4
2010,indigenous_analysis_sample,INC_PERS_INTEREST_INCOME,"1,000-1,999 元",7,0.0013949780789159027,9,0.0017903322060871295
2010,indigenous_analysis_sample,INC_PERS_INTEREST_INCOME,"10,000-14,999 元",26,0.0051813471502590676,9,0.0017903322060871295
2010,indigenous_analysis_sample,INC_PERS_INTEREST_INCOME,"15,000-19,999 元",1,1.9928258270227183e-4,9,0.0017903322060871295
2010,indigenous_analysis_sample,INC_PERS_INTEREST_INCOME,"2,000-2,999 元",8,0.0015942606616181746,9,0.0017903322060871295
2010,indigenous_analysis_sample,INC_PERS_INTEREST_INCOME,"20,000-29,999 元",2,3.9856516540454366e-4,9,0.0017903322060871295
2010,indigenous_analysis_sample,INC_PERS_INTEREST_INCOME,"3,000-3,999 元",20,0.0039856516540454365,9,0.0017903322060871295
2010,indigenous_analysis_sample,INC_PERS_INTEREST_INCOME,"30,000 元及以上，請記錄________元",9,0.0017935432443204463,9,0.0017903322060871295
2010,indigenous_analysis_sample,INC_PERS_INTEREST_INCOME,"4,000-4,999 元",4,7.971303308090873e-4,9,0.0017903322060871295
2010,indigenous_analysis_sample,INC_PERS_INTEREST_INCOME,"5,000-5,999 元",27,0.005380629732961339,9,0.0017903322060871295
2010,indigenous_analysis_sample,INC_PERS_INTEREST_INCOME,"6,000-7,999 元",2,3.9856516540454366e-4,9,0.0017903322060871295
2010,indigenous_analysis_sample,INC_PERS_INTEREST_INCOME,"8,000-9,999 元",4,7.971303308090873e-4,9,0.0017903322060871295
2010,indigenous_analysis_sample,INC_PERS_INTEREST_INCOME,999 元及以下,26,0.0051813471502590676,9,0.0017903322060871295
2010,indigenous_analysis_sample,INC_PERS_INTEREST_INCOME,沒有這項收入,4882,0.972897568752491,9,0.0017903322060871295
2010,indigenous_analysis_sample,INC_PERS_OTHER_INCOME,"10,000-14,999 元",21,0.004188272836059034,13,0.0025860354087925202
2010,indigenous_analysis_sample,INC_PERS_OTHER_INCOME,"15,000-19,999 元",8,0.0015955325089748703,13,0.0025860354087925202
2010,indigenous_analysis_sample,INC_PERS_OTHER_INCOME,"20,000-24,999 元",17,0.0033905065815715996,13,0.0025860354087925202
2010,indigenous_analysis_sample,INC_PERS_OTHER_INCOME,"25,000-29,999 元",7,0.0013960909453530116,13,0.0025860354087925202
2010,indigenous_analysis_sample,INC_PERS_OTHER_INCOME,"30,000-39,999 元",3,5.983246908655763e-4,13,0.0025860354087925202
2010,indigenous_analysis_sample,INC_PERS_OTHER_INCOME,"4,999 元及以下",82,0.016354208216992423,13,0.0025860354087925202
2010,indigenous_analysis_sample,INC_PERS_OTHER_INCOME,"40,000-49,999 元",4,7.977662544874351e-4,13,0.0025860354087925202
2010,indigenous_analysis_sample,INC_PERS_OTHER_INCOME,"5,000-9,999 元",52,0.010370961308336658,13,0.0025860354087925202
2010,indigenous_analysis_sample,INC_PERS_OTHER_INCOME,"60,000-69,999 元",1,1.9944156362185878e-4,13,0.0025860354087925202
2010,indigenous_analysis_sample,INC_PERS_OTHER_INCOME,"70,000-79,999 元",1,1.9944156362185878e-4,13,0.0025860354087925202
2010,indigenous_analysis_sample,INC_PERS_OTHER_INCOME,"80,000 元及以上，請記錄_________________元",4,7.977662544874351e-4,13,0.0025860354087925202
2010,indigenous_analysis_sample,INC_PERS_OTHER_INCOME,沒有這項收入,4814,0.9601116872756282,13,0.0025860354087925202
2010,indigenous_analysis_sample,INC_PERS_RENT_INCOME,"10,000-14,999 元",6,0.0011968880909634949,14,0.0027849612094688683
2010,indigenous_analysis_sample,INC_PERS_RENT_INCOME,"15,000-19,999 元",3,5.984440454817474e-4,14,0.0027849612094688683
2010,indigenous_analysis_sample,INC_PERS_RENT_INCOME,"20,000-24,999 元",1,1.9948134849391582e-4,14,0.0027849612094688683
2010,indigenous_analysis_sample,INC_PERS_RENT_INCOME,"4,999 元及以下",16,0.003191701575902653,14,0.0027849612094688683
2010,indigenous_analysis_sample,INC_PERS_RENT_INCOME,"5,000-9,999 元",13,0.002593257530420906,14,0.0027849612094688683
2010,indigenous_analysis_sample,INC_PERS_RENT_INCOME,沒有這項收入,4974,0.9922202274087373,14,0.0027849612094688683
2010,indigenous_analysis_sample,INC_PERS_WORK_INCOME,"10,000-19,999 元",1105,0.21981300974736423,0,0
2010,indigenous_analysis_sample,INC_PERS_WORK_INCOME,"100,000-129,999元",8,0.0015914064054107818,0,0
2010,indigenous_analysis_sample,INC_PERS_WORK_INCOME,"130,000-159,999元",1,1.9892580067634773e-4,0,0
2010,indigenous_analysis_sample,INC_PERS_WORK_INCOME,"160,000 元及以上，請記錄____________元",2,3.9785160135269546e-4,0,0
2010,indigenous_analysis_sample,INC_PERS_WORK_INCOME,"20,000-29,999 元",1128,0.22438830316292024,0,0
2010,indigenous_analysis_sample,INC_PERS_WORK_INCOME,"30,000-39,999 元",642,0.12771036403421523,0,0
2010,indigenous_analysis_sample,INC_PERS_WORK_INCOME,"40,000-49,999 元",261,0.051919633976526755,0,0
2010,indigenous_analysis_sample,INC_PERS_WORK_INCOME,"50,000-59,999 元",155,0.030833499104833895,0,0
2010,indigenous_analysis_sample,INC_PERS_WORK_INCOME,"60,000-69,999 元",90,0.017903322060871293,0,0
2010,indigenous_analysis_sample,INC_PERS_WORK_INCOME,"70,000-79,999 元",40,0.007957032027053909,0,0
2010,indigenous_analysis_sample,INC_PERS_WORK_INCOME,"80,000-89,999 元",24,0.004774219216232345,0,0
2010,indigenous_analysis_sample,INC_PERS_WORK_INCOME,"9,999 元及以下",348,0.069226178635369,0,0
2010,indigenous_analysis_sample,INC_PERS_WORK_INCOME,"90,000-99,999 元",6,0.0011935548040580863,0,0
2010,indigenous_analysis_sample,INC_PERS_WORK_INCOME,沒有這項收入,1217,0.24209269942311518,0,0
2010,indigenous_analysis_sample,MALE,男性,2143,0.42629799084941317,0,0
2010,indigenous_analysis_sample,MALE,非男性,2884,0.5737020091505868,0,0
2010,indigenous_analysis_sample,RACE,其他,28,0.0056112224448897794,37,0.007360254625024865
2010,indigenous_analysis_sample,RACE,卑南族,125,0.025050100200400802,37,0.007360254625024865
2010,indigenous_analysis_sample,RACE,噶瑪蘭族,17,0.003406813627254509,37,0.007360254625024865
2010,indigenous_analysis_sample,RACE,太魯閣族,290,0.05811623246492986,37,0.007360254625024865
2010,indigenous_analysis_sample,RACE,布農族,457,0.09158316633266533,37,0.007360254625024865
2010,indigenous_analysis_sample,RACE,排灣族,883,0.17695390781563125,37,0.007360254625024865
2010,indigenous_analysis_sample,RACE,撒奇萊雅族,10,0.002004008016032064,37,0.007360254625024865
2010,indigenous_analysis_sample,RACE,泰雅族,804,0.16112224448897797,37,0.007360254625024865
2010,indigenous_analysis_sample,RACE,賽夏族,76,0.015230460921843688,37,0.007360254625024865
2010,indigenous_analysis_sample,RACE,賽德克族,86,0.017234468937875752,37,0.007360254625024865
2010,indigenous_analysis_sample,RACE,邵族,21,0.004208416833667334,37,0.007360254625024865
2010,indigenous_analysis_sample,RACE,鄒族,84,0.016833667334669337,37,0.007360254625024865
2010,indigenous_analysis_sample,RACE,阿美族,1965,0.3937875751503006,37,0.007360254625024865
2010,indigenous_analysis_sample,RACE,魯凱族,144,0.028857715430861724,37,0.007360254625024865
2010,indigenous_analysis_sample,RENT,不需要支付租金,29,0.453125,4963,0.9872687487567138
2010,indigenous_analysis_sample,RENT,"未滿1,000元",35,0.546875,4963,0.9872687487567138
2014,indigenous_analysis_sample,EDU,不識字/自修,196,0.04332449160035367,690,0.1323360184119678
2014,indigenous_analysis_sample,EDU,國(初)中,1293,0.28580901856763924,690,0.1323360184119678
2014,indigenous_analysis_sample,EDU,國小,1199,0.2650309460654288,690,0.1323360184119678
2014,indigenous_analysis_sample,EDU,專科以上,44,0.009725906277630416,690,0.1323360184119678
2014,indigenous_analysis_sample,EDU,高中職,1792,0.39610963748894784,690,0.1323360184119678
2014,indigenous_analysis_sample,EXP_ALCOHOL_EXPENDITURE,"1,000-1,999 元",833,0.15976217874952053,0,0
2014,indigenous_analysis_sample,EXP_ALCOHOL_EXPENDITURE,"10,000-14,999 元",63,0.012082853855005753,0,0
2014,indigenous_analysis_sample,EXP_ALCOHOL_EXPENDITURE,"15,000-19,999 元",14,0.002685078634445723,0,0
2014,indigenous_analysis_sample,EXP_ALCOHOL_EXPENDITURE,"2,000-2,999 元",631,0.12102032988108938,0,0
2014,indigenous_analysis_sample,EXP_ALCOHOL_EXPENDITURE,"20,000-29,999 元",6,0.0011507479861910242,0,0
2014,indigenous_analysis_sample,EXP_ALCOHOL_EXPENDITURE,"3,000-3,999 元",501,0.09608745684695051,0,0
2014,indigenous_analysis_sample,EXP_ALCOHOL_EXPENDITURE,"30,000 元及以上，請記錄________元",2,3.835826620636747e-4,0,0
2014,indigenous_analysis_sample,EXP_ALCOHOL_EXPENDITURE,"4,000-4,999 元",184,0.03528960490985807,0,0
2014,indigenous_analysis_sample,EXP_ALCOHOL_EXPENDITURE,499 元及以下,373,0.07153816647487533,0,0
2014,indigenous_analysis_sample,EXP_ALCOHOL_EXPENDITURE,"5,000-6,999 元",221,0.042385884158036055,0,0
2014,indigenous_analysis_sample,EXP_ALCOHOL_EXPENDITURE,500-999 元,558,0.10701956271576525,0,0
2014,indigenous_analysis_sample,EXP_ALCOHOL_EXPENDITURE,"7,000-9,999 元",73,0.014000767165324127,0,0
2014,indigenous_analysis_sample,EXP_ALCOHOL_EXPENDITURE,沒有這項支出,1755,0.3365937859608746,0,0
2014,indigenous_analysis_sample,EXP_BOOKS_EXPENDITURE,"1,000-1,999元",485,0.09301879555044112,0,0
2014,indigenous_analysis_sample,EXP_BOOKS_EXPENDITURE,"10,000-14,999元",7,0.0013425393172228615,0,0
2014,indigenous_analysis_sample,EXP_BOOKS_EXPENDITURE,"15,000-19,999元",1,1.9179133103183735e-4,0,0
2014,indigenous_analysis_sample,EXP_BOOKS_EXPENDITURE,"2,000-2,999元",175,0.033563482930571535,0,0
2014,indigenous_analysis_sample,EXP_BOOKS_EXPENDITURE,"20,000-29,999元",1,1.9179133103183735e-4,0,0
2014,indigenous_analysis_sample,EXP_BOOKS_EXPENDITURE,"3,000-3,999元",62,0.011891062523973917,0,0
2014,indigenous_analysis_sample,EXP_BOOKS_EXPENDITURE,"4,000-4,999元",15,0.0028768699654775605,0,0
2014,indigenous_analysis_sample,EXP_BOOKS_EXPENDITURE,"5,000-6,999元",19,0.00364403528960491,0,0
2014,indigenous_analysis_sample,EXP_BOOKS_EXPENDITURE,"7,000-9,999元",7,0.0013425393172228615,0,0
2014,indigenous_analysis_sample,EXP_BOOKS_EXPENDITURE,999元及以下,1154,0.2213271960107403,0,0
2014,indigenous_analysis_sample,EXP_BOOKS_EXPENDITURE,沒有這項支出,3288,0.6306098964326813,0,0
2014,indigenous_analysis_sample,EXP_CARE_EXPENDITURE,"1,000-1,999元",181,0.03471423091676256,0,0
2014,indigenous_analysis_sample,EXP_CARE_EXPENDITURE,"10,000-14,999元",29,0.0055619485999232835,0,0
2014,indigenous_analysis_sample,EXP_CARE_EXPENDITURE,"15,000-19,999元",18,0.0034522439585730723,0,0
2014,indigenous_analysis_sample,EXP_CARE_EXPENDITURE,"2,000-2,999元",176,0.03375527426160337,0,0
2014,indigenous_analysis_sample,EXP_CARE_EXPENDITURE,"20,000-29,999元",35,0.006712696586114308,0,0
2014,indigenous_analysis_sample,EXP_CARE_EXPENDITURE,"3,000-3,999元",118,0.02263137706175681,0,0
2014,indigenous_analysis_sample,EXP_CARE_EXPENDITURE,"30,000元及以上，請記錄__元",5,9.589566551591868e-4,0,0
2014,indigenous_analysis_sample,EXP_CARE_EXPENDITURE,"4,000-4,999元",67,0.012850019179133103,0,0
2014,indigenous_analysis_sample,EXP_CARE_EXPENDITURE,"5,000-6,999元",67,0.012850019179133103,0,0
2014,indigenous_analysis_sample,EXP_CARE_EXPENDITURE,"7,000-9,999元",25,0.004794783275795934,0,0
2014,indigenous_analysis_sample,EXP_CARE_EXPENDITURE,999元及以下,98,0.018795550441120062,0,0
2014,indigenous_analysis_sample,EXP_CARE_EXPENDITURE,沒有這項支出,4395,0.8429228998849252,0,0
2014,indigenous_analysis_sample,EXP_CLEANING_EXPENDITURE,有,4977,0.9799173065564087,135,0.025891829689298044
2014,indigenous_analysis_sample,EXP_CLEANING_EXPENDITURE,沒有           ○11,102,0.02008269344359126,135,0.025891829689298044
2014,indigenous_analysis_sample,EXP_CLOTHING_EXPENDITURE,"1,000-1,999元",1282,0.2458764863828155,0,0
2014,indigenous_analysis_sample,EXP_CLOTHING_EXPENDITURE,"10,000-14,999元",43,0.008247027234369007,0,0
2014,indigenous_analysis_sample,EXP_CLOTHING_EXPENDITURE,"15,000-19,999元",8,0.0015343306482546988,0,0
2014,indigenous_analysis_sample,EXP_CLOTHING_EXPENDITURE,"2,000-2,999元",734,0.14077483697736862,0,0
2014,indigenous_analysis_sample,EXP_CLOTHING_EXPENDITURE,"20,000-29,999元",9,0.0017261219792865361,0,0
2014,indigenous_analysis_sample,EXP_CLOTHING_EXPENDITURE,"3,000-3,999元",322,0.06175680859225163,0,0
2014,indigenous_analysis_sample,EXP_CLOTHING_EXPENDITURE,"30,000元及以上，請記錄__元",6,0.0011507479861910242,0,0
2014,indigenous_analysis_sample,EXP_CLOTHING_EXPENDITURE,"4,000-4,999元",132,0.02531645569620253,0,0
2014,indigenous_analysis_sample,EXP_CLOTHING_EXPENDITURE,"5,000-6,999元",100,0.019179133103183737,0,0
2014,indigenous_analysis_sample,EXP_CLOTHING_EXPENDITURE,"7,000-9,999元",53,0.01016494054468738,0,0
2014,indigenous_analysis_sample,EXP_CLOTHING_EXPENDITURE,999元及以下,1702,0.32642884541618716,0,0
2014,indigenous_analysis_sample,EXP_CLOTHING_EXPENDITURE,沒有這項支出,823,0.15784426543920216,0,0
2014,indigenous_analysis_sample,EXP_DINING_LODGING_EXPENDITURE,有,2549,0.8332788492971559,2155,0.4133103183736095
2014,indigenous_analysis_sample,EXP_DINING_LODGING_EXPENDITURE,沒有           ○11 行住宿服務費,510,0.16672115070284407,2155,0.4133103183736095
2014,indigenous_analysis_sample,EXP_EDU_TUITION_EXPENDITURE,"1,000-1,999元",343,0.06578442654392022,0,0
2014,indigenous_analysis_sample,EXP_EDU_TUITION_EXPENDITURE,"10,000-14,999元",144,0.02761795166858458,0,0
2014,indigenous_analysis_sample,EXP_EDU_TUITION_EXPENDITURE,"15,000-19,999元",54,0.010356731875719217,0,0
2014,indigenous_analysis_sample,EXP_EDU_TUITION_EXPENDITURE,"2,000-2,999元",390,0.07479861910241657,0,0
2014,indigenous_analysis_sample,EXP_EDU_TUITION_EXPENDITURE,"20,000-29,999元",47,0.009014192558496356,0,0
2014,indigenous_analysis_sample,EXP_EDU_TUITION_EXPENDITURE,"3,000-3,999元",290,0.05561948599923283,0,0
2014,indigenous_analysis_sample,EXP_EDU_TUITION_EXPENDITURE,"30,000元及以上，請記錄__元",13,0.002493287303413886,0,0
2014,indigenous_analysis_sample,EXP_EDU_TUITION_EXPENDITURE,"4,000-4,999元",193,0.03701572688914461,0,0
2014,indigenous_analysis_sample,EXP_EDU_TUITION_EXPENDITURE,"5,000-6,999元",257,0.0492903720751822,0,0
2014,indigenous_analysis_sample,EXP_EDU_TUITION_EXPENDITURE,"7,000-9,999元",174,0.0333716915995397,0,0
2014,indigenous_analysis_sample,EXP_EDU_TUITION_EXPENDITURE,999元及以下,256,0.04909858074415036,0,0
2014,indigenous_analysis_sample,EXP_EDU_TUITION_EXPENDITURE,沒有這項支出,3053,0.5855389336401995,0,0
2014,indigenous_analysis_sample,EXP_FOOD_EXPENDITURE,"10,000-11,999 元",863,0.16567479362641582,5,9.589566551591868e-4
2014,indigenous_analysis_sample,EXP_FOOD_EXPENDITURE,"12,000-14,999 元",461,0.08850067191399501,5,9.589566551591868e-4
2014,indigenous_analysis_sample,EXP_FOOD_EXPENDITURE,"15,000-19,999 元",460,0.08830869648684968,5,9.589566551591868e-4
2014,indigenous_analysis_sample,EXP_FOOD_EXPENDITURE,"2,999 元及以下",663,0.12727970819735074,5,9.589566551591868e-4
2014,indigenous_analysis_sample,EXP_FOOD_EXPENDITURE,"20,000-29,999 元",277,0.053177193319255134,5,9.589566551591868e-4
2014,indigenous_analysis_sample,EXP_FOOD_EXPENDITURE,"3,000-4,999 元",774,0.14858898061048187,5,9.589566551591868e-4
2014,indigenous_analysis_sample,EXP_FOOD_EXPENDITURE,"30,000-39,999 元",59,0.011326550201574198,5,9.589566551591868e-4
2014,indigenous_analysis_sample,EXP_FOOD_EXPENDITURE,"40,000-49,999 元",8,0.0015358034171626032,5,9.589566551591868e-4
2014,indigenous_analysis_sample,EXP_FOOD_EXPENDITURE,"5,000-6,999 元",944,0.18122480322518716,5,9.589566551591868e-4
2014,indigenous_analysis_sample,EXP_FOOD_EXPENDITURE,"50,000-59,999 元",1,1.919754271453254e-4,5,9.589566551591868e-4
2014,indigenous_analysis_sample,EXP_FOOD_EXPENDITURE,"7,000-9,999 元",697,0.1338068727202918,5,9.589566551591868e-4
2014,indigenous_analysis_sample,EXP_FOOD_EXPENDITURE,"70,000 元及以上，請記錄______________元",2,3.839508542906508e-4,5,9.589566551591868e-4
2014,indigenous_analysis_sample,EXP_FURNITURE_EXPENDITURE,"1,000-1,999元",552,0.10586881472957423,0,0
2014,indigenous_analysis_sample,EXP_FURNITURE_EXPENDITURE,"10,000-14,999元",32,0.006137322593018795,0,0
2014,indigenous_analysis_sample,EXP_FURNITURE_EXPENDITURE,"15,000-19,999元",12,0.0023014959723820483,0,0
2014,indigenous_analysis_sample,EXP_FURNITURE_EXPENDITURE,"2,000-2,999元",332,0.06367472190257001,0,0
2014,indigenous_analysis_sample,EXP_FURNITURE_EXPENDITURE,"20,000-29,999元",13,0.002493287303413886,0,0
2014,indigenous_analysis_sample,EXP_FURNITURE_EXPENDITURE,"3,000-3,999元",115,0.022056003068661297,0,0
2014,indigenous_analysis_sample,EXP_FURNITURE_EXPENDITURE,"30,000元及以上，請記錄__元",11,0.002109704641350211,0,0
2014,indigenous_analysis_sample,EXP_FURNITURE_EXPENDITURE,"4,000-4,999元",105,0.020138089758342925,0,0
2014,indigenous_analysis_sample,EXP_FURNITURE_EXPENDITURE,"5,000-6,999元",46,0.008822401227464518,0,0
2014,indigenous_analysis_sample,EXP_FURNITURE_EXPENDITURE,"7,000-9,999元",24,0.004602991944764097,0,0
2014,indigenous_analysis_sample,EXP_FURNITURE_EXPENDITURE,999元及以下,801,0.15362485615650173,0,0
2014,indigenous_analysis_sample,EXP_FURNITURE_EXPENDITURE,沒有這項支出,3171,0.6081703107019563,0,0
2014,indigenous_analysis_sample,EXP_HOUSING_UTIL_EXPENDITURE,"1,000-1,499 元",717,0.13751438434982738,0,0
2014,indigenous_analysis_sample,EXP_HOUSING_UTIL_EXPENDITURE,"1,500-1,999 元",715,0.1371308016877637,0,0
2014,indigenous_analysis_sample,EXP_HOUSING_UTIL_EXPENDITURE,"10,000-14,999 元",409,0.07844265439202149,0,0
2014,indigenous_analysis_sample,EXP_HOUSING_UTIL_EXPENDITURE,"15,000-19,999 元",200,0.038358266206367474,0,0
2014,indigenous_analysis_sample,EXP_HOUSING_UTIL_EXPENDITURE,"2,000-2,499 元",628,0.12044495588799387,0,0
2014,indigenous_analysis_sample,EXP_HOUSING_UTIL_EXPENDITURE,"2,500-2,999 元",621,0.119102416570771,0,0
2014,indigenous_analysis_sample,EXP_HOUSING_UTIL_EXPENDITURE,"20,000-29,999 元",92,0.017644802454929037,0,0
2014,indigenous_analysis_sample,EXP_HOUSING_UTIL_EXPENDITURE,"3,000-4,999 元",776,0.1488300728807058,0,0
2014,indigenous_analysis_sample,EXP_HOUSING_UTIL_EXPENDITURE,"30,000-39,999 元",18,0.0034522439585730723,0,0
2014,indigenous_analysis_sample,EXP_HOUSING_UTIL_EXPENDITURE,"40,000-49,999 元",8,0.0015343306482546988,0,0
2014,indigenous_analysis_sample,EXP_HOUSING_UTIL_EXPENDITURE,"5,000-9,999 元",610,0.11699271192942079,0,0
2014,indigenous_analysis_sample,EXP_HOUSING_UTIL_EXPENDITURE,"50,000-59,999 元",2,3.835826620636747e-4,0,0
2014,indigenous_analysis_sample,EXP_HOUSING_UTIL_EXPENDITURE,"60,000-69,999 元",3,5.753739930955121e-4,0,0
2014,indigenous_analysis_sample,EXP_HOUSING_UTIL_EXPENDITURE,"70,000 元及以上，請記錄____________元",3,5.753739930955121e-4,0,0
2014,indigenous_analysis_sample,EXP_HOUSING_UTIL_EXPENDITURE,999 元及以下,375,0.07192174913693901,0,0
2014,indigenous_analysis_sample,EXP_HOUSING_UTIL_EXPENDITURE,沒有這項支出,37,0.007096279248177982,0,0
2014,indigenous_analysis_sample,EXP_LOAN_INTEREST_EXPENDITURE,"1,000-1,999元",77,0.014767932489451477,0,0
2014,indigenous_analysis_sample,EXP_LOAN_INTEREST_EXPENDITURE,"10,000-14,999元",245,0.046988876102800156,0,0
2014,indigenous_analysis_sample,EXP_LOAN_INTEREST_EXPENDITURE,"15,000-19,999元",131,0.025124664365170694,0,0
2014,indigenous_analysis_sample,EXP_LOAN_INTEREST_EXPENDITURE,"2,000-2,999元",81,0.015535097813578827,0,0
2014,indigenous_analysis_sample,EXP_LOAN_INTEREST_EXPENDITURE,"20,000-29,999元",130,0.024932873034138856,0,0
2014,indigenous_analysis_sample,EXP_LOAN_INTEREST_EXPENDITURE,"3,000-3,999元",109,0.02090525508247027,0,0
2014,indigenous_analysis_sample,EXP_LOAN_INTEREST_EXPENDITURE,"30,000元及以上，請記錄__元",55,0.010548523206751054,0,0
2014,indigenous_analysis_sample,EXP_LOAN_INTEREST_EXPENDITURE,"4,000-4,999元",73,0.014000767165324127,0,0
2014,indigenous_analysis_sample,EXP_LOAN_INTEREST_EXPENDITURE,"5,000-6,999元",173,0.03317990026850786,0,0
2014,indigenous_analysis_sample,EXP_LOAN_INTEREST_EXPENDITURE,"7,000-9,999元",165,0.03164556962025317,0,0
2014,indigenous_analysis_sample,EXP_LOAN_INTEREST_EXPENDITURE,999元及以下,50,0.009589566551591868,0,0
2014,indigenous_analysis_sample,EXP_LOAN_INTEREST_EXPENDITURE,沒有這項支出,3925,0.7527809742999616,0,0
2014,indigenous_analysis_sample,EXP_MEDICAL_EXPENDITURE,"1,000-1,999 元",832,0.1595703874184887,0,0
2014,indigenous_analysis_sample,EXP_MEDICAL_EXPENDITURE,"10,000-14,999 元",103,0.01975450709627925,0,0
2014,indigenous_analysis_sample,EXP_MEDICAL_EXPENDITURE,"15,000-19,999 元",23,0.004411200613732259,0,0
2014,indigenous_analysis_sample,EXP_MEDICAL_EXPENDITURE,"2,000-2,999 元",538,0.1031837360951285,0,0
2014,indigenous_analysis_sample,EXP_MEDICAL_EXPENDITURE,"20,000-29,999 元",32,0.006137322593018795,0,0
2014,indigenous_analysis_sample,EXP_MEDICAL_EXPENDITURE,"3,000-3,999 元",295,0.05657844265439202,0,0
2014,indigenous_analysis_sample,EXP_MEDICAL_EXPENDITURE,"30,000 元及以上，請記錄________元",6,0.0011507479861910242,0,0
2014,indigenous_analysis_sample,EXP_MEDICAL_EXPENDITURE,"4,000-4,999 元",143,0.027426160337552744,0,0
2014,indigenous_analysis_sample,EXP_MEDICAL_EXPENDITURE,499 元及以下,1275,0.24453394706559264,0,0
2014,indigenous_analysis_sample,EXP_MEDICAL_EXPENDITURE,"5,000-6,999 元",166,0.031837360951285004,0,0
2014,indigenous_analysis_sample,EXP_MEDICAL_EXPENDITURE,500-999 元,1124,0.2155734560797852,0,0
2014,indigenous_analysis_sample,EXP_MEDICAL_EXPENDITURE,"7,000-9,999 元",109,0.02090525508247027,0,0
2014,indigenous_analysis_sample,EXP_MEDICAL_EXPENDITURE,沒有這項支出,568,0.10893747602608363,0,0
2014,indigenous_analysis_sample,EXP_OTHER_EXPENDITURE,"1,000-1,999元",1285,0.24645186037591102,0,0
2014,indigenous_analysis_sample,EXP_OTHER_EXPENDITURE,"10,000-14,999元",35,0.006712696586114308,0,0
2014,indigenous_analysis_sample,EXP_OTHER_EXPENDITURE,"15,000-19,999元",9,0.0017261219792865361,0,0
2014,indigenous_analysis_sample,EXP_OTHER_EXPENDITURE,"2,000-2,999元",929,0.1781741465285769,0,0
2014,indigenous_analysis_sample,EXP_OTHER_EXPENDITURE,"20,000-29,999元",12,0.0023014959723820483,0,0
2014,indigenous_analysis_sample,EXP_OTHER_EXPENDITURE,"3,000-3,999元",458,0.08784042961258151,0,0
2014,indigenous_analysis_sample,EXP_OTHER_EXPENDITURE,"30,000元及以上，請記錄__元",5,9.589566551591868e-4,0,0
2014,indigenous_analysis_sample,EXP_OTHER_EXPENDITURE,"4,000-4,999元",182,0.0349060222477944,0,0
2014,indigenous_analysis_sample,EXP_OTHER_EXPENDITURE,"5,000-6,999元",108,0.020713463751438434,0,0
2014,indigenous_analysis_sample,EXP_OTHER_EXPENDITURE,"7,000-9,999元",44,0.008438818565400843,0,0
2014,indigenous_analysis_sample,EXP_OTHER_EXPENDITURE,999元及以下,1277,0.24491752972765632,0,0
2014,indigenous_analysis_sample,EXP_OTHER_EXPENDITURE,沒有這項支出,870,0.1668584579976985,0,0
2014,indigenous_analysis_sample,EXP_TAX_INS_GIFT_EXPENDITURE,"1,000-1,499 元",771,0.1478711162255466,0,0
2014,indigenous_analysis_sample,EXP_TAX_INS_GIFT_EXPENDITURE,"1,500-1,999 元",550,0.10548523206751055,0,0
2014,indigenous_analysis_sample,EXP_TAX_INS_GIFT_EXPENDITURE,"10,000-14,999 元",149,0.028576908323743766,0,0
2014,indigenous_analysis_sample,EXP_TAX_INS_GIFT_EXPENDITURE,"15,000-19,999 元",26,0.004986574606827772,0,0
2014,indigenous_analysis_sample,EXP_TAX_INS_GIFT_EXPENDITURE,"2,000-2,499 元",658,0.126198695818949,0,0
2014,indigenous_analysis_sample,EXP_TAX_INS_GIFT_EXPENDITURE,"2,500-2,999 元",530,0.1016494054468738,0,0
2014,indigenous_analysis_sample,EXP_TAX_INS_GIFT_EXPENDITURE,"20,000-29,999 元",37,0.007096279248177982,0,0
2014,indigenous_analysis_sample,EXP_TAX_INS_GIFT_EXPENDITURE,"3,000-3,999 元",568,0.10893747602608363,0,0
2014,indigenous_analysis_sample,EXP_TAX_INS_GIFT_EXPENDITURE,"30,000 元及以上，請記錄________元",40,0.007671653241273495,0,0
2014,indigenous_analysis_sample,EXP_TAX_INS_GIFT_EXPENDITURE,"4,000-4,999 元",387,0.07422324510932106,0,0
2014,indigenous_analysis_sample,EXP_TAX_INS_GIFT_EXPENDITURE,"5,000-6,999 元",461,0.08841580360567702,0,0
2014,indigenous_analysis_sample,EXP_TAX_INS_GIFT_EXPENDITURE,"7,000-9,999 元",198,0.0379746835443038,0,0
2014,indigenous_analysis_sample,EXP_TAX_INS_GIFT_EXPENDITURE,999 元及以下,521,0.09992328346758726,0,0
2014,indigenous_analysis_sample,EXP_TAX_INS_GIFT_EXPENDITURE,沒有這項支出,318,0.06098964326812428,0,0
2014,indigenous_analysis_sample,EXP_TRANSPORT_COMM_EXPENDITURE,"1,000-1,999 元",818,0.15688530878404297,0,0
2014,indigenous_analysis_sample,EXP_TRANSPORT_COMM_EXPENDITURE,"10,000-14,999 元",358,0.06866129650939777,0,0
2014,indigenous_analysis_sample,EXP_TRANSPORT_COMM_EXPENDITURE,"15,000-19,999 元",97,0.018603759110088224,0,0
2014,indigenous_analysis_sample,EXP_TRANSPORT_COMM_EXPENDITURE,"2,000-2,999 元",799,0.15324127349443806,0,0
2014,indigenous_analysis_sample,EXP_TRANSPORT_COMM_EXPENDITURE,"20,000-29,999 元",54,0.010356731875719217,0,0
2014,indigenous_analysis_sample,EXP_TRANSPORT_COMM_EXPENDITURE,"3,000-3,999 元",888,0.17031070195627157,0,0
2014,indigenous_analysis_sample,EXP_TRANSPORT_COMM_EXPENDITURE,"30,000 元及以上，請記錄________元",15,0.0028768699654775605,0,0
2014,indigenous_analysis_sample,EXP_TRANSPORT_COMM_EXPENDITURE,"4,000-4,999 元",663,0.12715765247410818,0,0
2014,indigenous_analysis_sample,EXP_TRANSPORT_COMM_EXPENDITURE,"5,000-6,999 元",654,0.12543153049482164,0,0
2014,indigenous_analysis_sample,EXP_TRANSPORT_COMM_EXPENDITURE,"7,000-9,999 元",387,0.07422324510932106,0,0
2014,indigenous_analysis_sample,EXP_TRANSPORT_COMM_EXPENDITURE,999 元及以下,443,0.08496355964710395,0,0
2014,indigenous_analysis_sample,EXP_TRANSPORT_COMM_EXPENDITURE,沒有這項支出,38,0.00728807057920982,0,0
2014,indigenous_analysis_sample,EXP_TRAVEL_EXPENDITURE,"1,000-1,999元",345,0.0661680092059839,0,0
2014,indigenous_analysis_sample,EXP_TRAVEL_EXPENDITURE,"10,000-14,999元",40,0.007671653241273495,0,0
2014,indigenous_analysis_sample,EXP_TRAVEL_EXPENDITURE,"15,000-19,999元",11,0.002109704641350211,0,0
2014,indigenous_analysis_sample,EXP_TRAVEL_EXPENDITURE,"2,000-2,999元",308,0.05907172995780591,0,0
2014,indigenous_analysis_sample,EXP_TRAVEL_EXPENDITURE,"20,000-29,999元",15,0.0028768699654775605,0,0
2014,indigenous_analysis_sample,EXP_TRAVEL_EXPENDITURE,"3,000-3,999元",170,0.032604526275412354,0,0
2014,indigenous_analysis_sample,EXP_TRAVEL_EXPENDITURE,"30,000元及以上，請記錄__元",12,0.0023014959723820483,0,0
2014,indigenous_analysis_sample,EXP_TRAVEL_EXPENDITURE,"4,000-4,999元",105,0.020138089758342925,0,0
2014,indigenous_analysis_sample,EXP_TRAVEL_EXPENDITURE,"5,000-6,999元",92,0.017644802454929037,0,0
2014,indigenous_analysis_sample,EXP_TRAVEL_EXPENDITURE,"7,000-9,999元",34,0.00652090525508247,0,0
2014,indigenous_analysis_sample,EXP_TRAVEL_EXPENDITURE,999元及以下,231,0.04430379746835443,0,0
2014,indigenous_analysis_sample,EXP_TRAVEL_EXPENDITURE,沒有這項支出,3851,0.7385884158036057,0,0
2014,indigenous_analysis_sample,HOUSE_BELONG,借用,159,0.03049482163406214,0,0
2014,indigenous_analysis_sample,HOUSE_BELONG,其他,2,3.835826620636747e-4,0,0
2014,indigenous_analysis_sample,HOUSE_BELONG,租賃,1240,0.23782125047947833,0,0
2014,indigenous_analysis_sample,HOUSE_BELONG,自有/家人所有/自建,3789,0.7266973532796318,0,0
2014,indigenous_analysis_sample,HOUSE_BELONG,配住,24,0.004602991944764097,0,0
2014,indigenous_analysis_sample,INC_FAM_GOV_INCOME,"1,000-1,999 元",32,0.009566517189835576,1869,0.358457997698504
2014,indigenous_analysis_sample,INC_FAM_GOV_INCOME,"10,000-14,999 元",230,0.0687593423019432,1869,0.358457997698504
2014,indigenous_analysis_sample,INC_FAM_GOV_INCOME,"15,000-19,999 元",55,0.016442451420029897,1869,0.358457997698504
2014,indigenous_analysis_sample,INC_FAM_GOV_INCOME,"2,000-2,999 元",35,0.01046337817638266,1869,0.358457997698504
2014,indigenous_analysis_sample,INC_FAM_GOV_INCOME,"20,000-29,999 元",24,0.007174887892376682,1869,0.358457997698504
2014,indigenous_analysis_sample,INC_FAM_GOV_INCOME,"3,000-3,999 元",468,0.13991031390134528,1869,0.358457997698504
2014,indigenous_analysis_sample,INC_FAM_GOV_INCOME,"30,000 元及以上，請記錄________元",6,0.0017937219730941704,1869,0.358457997698504
2014,indigenous_analysis_sample,INC_FAM_GOV_INCOME,"4,000-4,999 元",89,0.026606875934230195,1869,0.358457997698504
2014,indigenous_analysis_sample,INC_FAM_GOV_INCOME,"5,000-5,999 元",45,0.013452914798206279,1869,0.358457997698504
2014,indigenous_analysis_sample,INC_FAM_GOV_INCOME,"6,000-7,999 元",347,0.10373692077727951,1869,0.358457997698504
2014,indigenous_analysis_sample,INC_FAM_GOV_INCOME,"8,000-9,999 元",46,0.013751868460388639,1869,0.358457997698504
2014,indigenous_analysis_sample,INC_FAM_GOV_INCOME,999 元及以下,13,0.0038863976083707025,1869,0.358457997698504
2014,indigenous_analysis_sample,INC_FAM_GOV_INCOME,沒有這項收入,1955,0.5844544095665172,1869,0.358457997698504
2014,indigenous_analysis_sample,INC_FAM_INTEREST_INCOME,"1,000-1,999 元",87,0.02600896860986547,1869,0.358457997698504
2014,indigenous_analysis_sample,INC_FAM_INTEREST_INCOME,"10,000-14,999 元",23,0.0068759342301943195,1869,0.358457997698504
2014,indigenous_analysis_sample,INC_FAM_INTEREST_INCOME,"2,000-2,999 元",41,0.012257100149476832,1869,0.358457997698504
2014,indigenous_analysis_sample,INC_FAM_INTEREST_INCOME,"20,000-29,999 元",5,0.0014947683109118087,1869,0.358457997698504
2014,indigenous_analysis_sample,INC_FAM_INTEREST_INCOME,"3,000-3,999 元",12,0.003587443946188341,1869,0.358457997698504
2014,indigenous_analysis_sample,INC_FAM_INTEREST_INCOME,"30,000 元及以上，請記錄________元",3,8.968609865470852e-4,1869,0.358457997698504
2014,indigenous_analysis_sample,INC_FAM_INTEREST_INCOME,"4,000-4,999 元",16,0.004783258594917788,1869,0.358457997698504
2014,indigenous_analysis_sample,INC_FAM_INTEREST_INCOME,"5,000-5,999 元",10,0.0029895366218236174,1869,0.358457997698504
2014,indigenous_analysis_sample,INC_FAM_INTEREST_INCOME,"6,000-7,999 元",6,0.0017937219730941704,1869,0.358457997698504
2014,indigenous_analysis_sample,INC_FAM_INTEREST_INCOME,"8,000-9,999 元",8,0.002391629297458894,1869,0.358457997698504
2014,indigenous_analysis_sample,INC_FAM_INTEREST_INCOME,999 元及以下,199,0.05949177877428999,1869,0.358457997698504
2014,indigenous_analysis_sample,INC_FAM_INTEREST_INCOME,沒有這項收入,2935,0.8774289985052317,1869,0.358457997698504
2014,indigenous_analysis_sample,INC_FAM_OTHER_INCOME,"10,000-14,999元",5,0.0014947683109118087,1869,0.358457997698504
2014,indigenous_analysis_sample,INC_FAM_OTHER_INCOME,"15,000-19,999元",4,0.001195814648729447,1869,0.358457997698504
2014,indigenous_analysis_sample,INC_FAM_OTHER_INCOME,"20,000-24,999元",1,2.9895366218236175e-4,1869,0.358457997698504
2014,indigenous_analysis_sample,INC_FAM_OTHER_INCOME,"25,000-29,999元",2,5.979073243647235e-4,1869,0.358457997698504
2014,indigenous_analysis_sample,INC_FAM_OTHER_INCOME,"30,000-39,999元",1,2.9895366218236175e-4,1869,0.358457997698504
2014,indigenous_analysis_sample,INC_FAM_OTHER_INCOME,"4,999元及以下",73,0.021823617339312408,1869,0.358457997698504
2014,indigenous_analysis_sample,INC_FAM_OTHER_INCOME,"5,000-9,999元",16,0.004783258594917788,1869,0.358457997698504
2014,indigenous_analysis_sample,INC_FAM_OTHER_INCOME,"50,000-59,999元",13,0.0038863976083707025,1869,0.358457997698504
2014,indigenous_analysis_sample,INC_FAM_OTHER_INCOME,沒有這項收入,3230,0.9656203288490284,1869,0.358457997698504
2014,indigenous_analysis_sample,INC_FAM_RENT_INCOME,"10,000-14,999 元",4,0.001195814648729447,1869,0.358457997698504
2014,indigenous_analysis_sample,INC_FAM_RENT_INCOME,"15,000-19,999 元",3,8.968609865470852e-4,1869,0.358457997698504
2014,indigenous_analysis_sample,INC_FAM_RENT_INCOME,"30,000-39,999 元",1,2.9895366218236175e-4,1869,0.358457997698504
2014,indigenous_analysis_sample,INC_FAM_RENT_INCOME,"4,999 元及以下",13,0.0038863976083707025,1869,0.358457997698504
2014,indigenous_analysis_sample,INC_FAM_RENT_INCOME,"5,000-9,999 元",12,0.003587443946188341,1869,0.358457997698504
2014,indigenous_analysis_sample,INC_FAM_RENT_INCOME,"50,000-59,999 元",23,0.0068759342301943195,1869,0.358457997698504
2014,indigenous_analysis_sample,INC_FAM_RENT_INCOME,"80,000 元及以上，請記錄_________________元",2,5.979073243647235e-4,1869,0.358457997698504
2014,indigenous_analysis_sample,INC_FAM_RENT_INCOME,沒有這項收入,3287,0.9826606875934231,1869,0.358457997698504
2014,indigenous_analysis_sample,INC_FAM_TRANSFER_INCOME,"1,000-1,999 元",38,0.011360239162929745,1869,0.358457997698504
2014,indigenous_analysis_sample,INC_FAM_TRANSFER_INCOME,"10,000-14,999 元",7,0.0020926756352765323,1869,0.358457997698504
2014,indigenous_analysis_sample,INC_FAM_TRANSFER_INCOME,"2,000-2,999 元",11,0.003288490284005979,1869,0.358457997698504
2014,indigenous_analysis_sample,INC_FAM_TRANSFER_INCOME,"20,000-29,999 元",2,5.979073243647235e-4,1869,0.358457997698504
2014,indigenous_analysis_sample,INC_FAM_TRANSFER_INCOME,"3,000-3,999 元",9,0.0026905829596412557,1869,0.358457997698504
2014,indigenous_analysis_sample,INC_FAM_TRANSFER_INCOME,"4,000-4,999 元",5,0.0014947683109118087,1869,0.358457997698504
2014,indigenous_analysis_sample,INC_FAM_TRANSFER_INCOME,"5,000-5,999 元",4,0.001195814648729447,1869,0.358457997698504
2014,indigenous_analysis_sample,INC_FAM_TRANSFER_INCOME,"6,000-7,999 元",2,5.979073243647235e-4,1869,0.358457997698504
2014,indigenous_analysis_sample,INC_FAM_TRANSFER_INCOME,"8,000-9,999 元",3,8.968609865470852e-4,1869,0.358457997698504
2014,indigenous_analysis_sample,INC_FAM_TRANSFER_INCOME,999 元及以下,70,0.02092675635276532,1869,0.358457997698504
2014,indigenous_analysis_sample,INC_FAM_TRANSFER_INCOME,沒有這項收入,3194,0.9548579970104634,1869,0.358457997698504
2014,indigenous_analysis_sample,INC_FAM_WORK_INCOME,"10,000-19,999 元",112,0.03348281016442452,1869,0.358457997698504
2014,indigenous_analysis_sample,INC_FAM_WORK_INCOME,"100,000-129,999元",281,0.08400597907324364,1869,0.358457997698504
2014,indigenous_analysis_sample,INC_FAM_WORK_INCOME,"130,000-159,999元",84,0.025112107623318385,1869,0.358457997698504
2014,indigenous_analysis_sample,INC_FAM_WORK_INCOME,"160,000 元及以上，請記錄____________元",39,0.011659192825112108,1869,0.358457997698504
2014,indigenous_analysis_sample,INC_FAM_WORK_INCOME,"20,000-29,999 元",225,0.06726457399103139,1869,0.358457997698504
2014,indigenous_analysis_sample,INC_FAM_WORK_INCOME,"30,000-39,999 元",316,0.09446935724962631,1869,0.358457997698504
2014,indigenous_analysis_sample,INC_FAM_WORK_INCOME,"40,000-49,999 元",419,0.12526158445440957,1869,0.358457997698504
2014,indigenous_analysis_sample,INC_FAM_WORK_INCOME,"50,000-59,999 元",516,0.15426008968609867,1869,0.358457997698504
2014,indigenous_analysis_sample,INC_FAM_WORK_INCOME,"60,000-69,999 元",416,0.12436472346786248,1869,0.358457997698504
2014,indigenous_analysis_sample,INC_FAM_WORK_INCOME,"70,000-79,999 元",364,0.10881913303437966,1869,0.358457997698504
2014,indigenous_analysis_sample,INC_FAM_WORK_INCOME,"80,000-89,999 元",279,0.08340807174887892,1869,0.358457997698504
2014,indigenous_analysis_sample,INC_FAM_WORK_INCOME,"9,999 元及以下",42,0.012556053811659192,1869,0.358457997698504
2014,indigenous_analysis_sample,INC_FAM_WORK_INCOME,"90,000-99,999 元",161,0.04813153961136024,1869,0.358457997698504
2014,indigenous_analysis_sample,INC_FAM_WORK_INCOME,沒有這項收入,91,0.027204783258594916,1869,0.358457997698504
2014,indigenous_analysis_sample,INC_PERS_GOV_INCOME,"1,000-1,999 元",28,0.005376344086021506,6,0.0011507479861910242
2014,indigenous_analysis_sample,INC_PERS_GOV_INCOME,"10,000-14,999 元",87,0.016705069124423964,6,0.0011507479861910242
2014,indigenous_analysis_sample,INC_PERS_GOV_INCOME,"15,000-19,999 元",31,0.005952380952380952,6,0.0011507479861910242
2014,indigenous_analysis_sample,INC_PERS_GOV_INCOME,"2,000-2,999 元",38,0.007296466973886329,6,0.0011507479861910242
2014,indigenous_analysis_sample,INC_PERS_GOV_INCOME,"3,000-3,999 元",628,0.1205837173579109,6,0.0011507479861910242
2014,indigenous_analysis_sample,INC_PERS_GOV_INCOME,"4,000-4,999 元",97,0.018625192012288787,6,0.0011507479861910242
2014,indigenous_analysis_sample,INC_PERS_GOV_INCOME,"5,000-5,999 元",31,0.005952380952380952,6,0.0011507479861910242
2014,indigenous_analysis_sample,INC_PERS_GOV_INCOME,"6,000-7,999 元",282,0.05414746543778802,6,0.0011507479861910242
2014,indigenous_analysis_sample,INC_PERS_GOV_INCOME,"8,000-9,999 元",44,0.008448540706605223,6,0.0011507479861910242
2014,indigenous_analysis_sample,INC_PERS_GOV_INCOME,999 元及以下,25,0.004800307219662059,6,0.0011507479861910242
2014,indigenous_analysis_sample,INC_PERS_GOV_INCOME,沒有這項收入,3917,0.7521121351766513,6,0.0011507479861910242
2014,indigenous_analysis_sample,INC_PERS_INTEREST_INCOME,"1,000-1,999 元",79,0.015151515151515152,0,0
2014,indigenous_analysis_sample,INC_PERS_INTEREST_INCOME,"10,000-14,999 元",8,0.0015343306482546988,0,0
2014,indigenous_analysis_sample,INC_PERS_INTEREST_INCOME,"15,000-19,999 元",1,1.9179133103183735e-4,0,0
2014,indigenous_analysis_sample,INC_PERS_INTEREST_INCOME,"2,000-2,999 元",23,0.004411200613732259,0,0
2014,indigenous_analysis_sample,INC_PERS_INTEREST_INCOME,"20,000-29,999 元",4,7.671653241273494e-4,0,0
2014,indigenous_analysis_sample,INC_PERS_INTEREST_INCOME,"3,000-3,999 元",23,0.004411200613732259,0,0
2014,indigenous_analysis_sample,INC_PERS_INTEREST_INCOME,"30,000 元及以上，請記錄________元",4,7.671653241273494e-4,0,0
2014,indigenous_analysis_sample,INC_PERS_INTEREST_INCOME,"4,000-4,999 元",8,0.0015343306482546988,0,0
2014,indigenous_analysis_sample,INC_PERS_INTEREST_INCOME,"5,000-5,999 元",12,0.0023014959723820483,0,0
2014,indigenous_analysis_sample,INC_PERS_INTEREST_INCOME,"6,000-7,999 元",8,0.0015343306482546988,0,0
2014,indigenous_analysis_sample,INC_PERS_INTEREST_INCOME,"8,000-9,999 元",3,5.753739930955121e-4,0,0
2014,indigenous_analysis_sample,INC_PERS_INTEREST_INCOME,999 元及以下,276,0.05293440736478711,0,0
2014,indigenous_analysis_sample,INC_PERS_INTEREST_INCOME,沒有這項收入,4765,0.913885692366705,0,0
2014,indigenous_analysis_sample,INC_PERS_OTHER_INCOME,"10,000-14,999 元",15,0.0028768699654775605,0,0
2014,indigenous_analysis_sample,INC_PERS_OTHER_INCOME,"15,000-19,999 元",5,9.589566551591868e-4,0,0
2014,indigenous_analysis_sample,INC_PERS_OTHER_INCOME,"20,000-24,999 元",3,5.753739930955121e-4,0,0
2014,indigenous_analysis_sample,INC_PERS_OTHER_INCOME,"4,999 元及以下",126,0.024165707710011506,0,0
2014,indigenous_analysis_sample,INC_PERS_OTHER_INCOME,"5,000-9,999 元",25,0.004794783275795934,0,0
2014,indigenous_analysis_sample,INC_PERS_OTHER_INCOME,"50,000-59,999 元",4,7.671653241273494e-4,0,0
2014,indigenous_analysis_sample,INC_PERS_OTHER_INCOME,"80,000 元及以上，請記錄_________________元",1,1.9179133103183735e-4,0,0
2014,indigenous_analysis_sample,INC_PERS_OTHER_INCOME,沒有這項收入,5035,0.9656693517453011,0,0
2014,indigenous_analysis_sample,INC_PERS_RENT_INCOME,"10,000-14,999 元",8,0.0015343306482546988,0,0
2014,indigenous_analysis_sample,INC_PERS_RENT_INCOME,"15,000-19,999 元",2,3.835826620636747e-4,0,0
2014,indigenous_analysis_sample,INC_PERS_RENT_INCOME,"20,000-24,999 元",1,1.9179133103183735e-4,0,0
2014,indigenous_analysis_sample,INC_PERS_RENT_INCOME,"25,000-29,999 元",2,3.835826620636747e-4,0,0
2014,indigenous_analysis_sample,INC_PERS_RENT_INCOME,"4,999 元及以下",13,0.002493287303413886,0,0
2014,indigenous_analysis_sample,INC_PERS_RENT_INCOME,"5,000-9,999 元",14,0.002685078634445723,0,0
2014,indigenous_analysis_sample,INC_PERS_RENT_INCOME,"50,000-59,999 元",5,9.589566551591868e-4,0,0
2014,indigenous_analysis_sample,INC_PERS_RENT_INCOME,"60,000-69,999 元",1,1.9179133103183735e-4,0,0
2014,indigenous_analysis_sample,INC_PERS_RENT_INCOME,"80,000 元及以上，請記錄_________________元",3,5.753739930955121e-4,0,0
2014,indigenous_analysis_sample,INC_PERS_RENT_INCOME,沒有這項收入,5165,0.9906022247794399,0,0
2014,indigenous_analysis_sample,INC_PERS_TRANSFER_INCOME,"1,000-1,999 元",38,0.0072908672294704525,2,3.835826620636747e-4
2014,indigenous_analysis_sample,INC_PERS_TRANSFER_INCOME,"10,000-14,999 元",21,0.004029163468917882,2,3.835826620636747e-4
2014,indigenous_analysis_sample,INC_PERS_TRANSFER_INCOME,"15,000-19,999 元",1,1.918649270913277e-4,2,3.835826620636747e-4
2014,indigenous_analysis_sample,INC_PERS_TRANSFER_INCOME,"2,000-2,999 元",22,0.00422102839600921,2,3.835826620636747e-4
2014,indigenous_analysis_sample,INC_PERS_TRANSFER_INCOME,"3,000-3,999 元",17,0.003261703760552571,2,3.835826620636747e-4
2014,indigenous_analysis_sample,INC_PERS_TRANSFER_INCOME,"4,000-4,999 元",5,9.593246354566385e-4,2,3.835826620636747e-4
2014,indigenous_analysis_sample,INC_PERS_TRANSFER_INCOME,"5,000-5,999 元",16,0.0030698388334612432,2,3.835826620636747e-4
2014,indigenous_analysis_sample,INC_PERS_TRANSFER_INCOME,"6,000-7,999 元",8,0.0015349194167306216,2,3.835826620636747e-4
2014,indigenous_analysis_sample,INC_PERS_TRANSFER_INCOME,"8,000-9,999 元",5,9.593246354566385e-4,2,3.835826620636747e-4
2014,indigenous_analysis_sample,INC_PERS_TRANSFER_INCOME,999 元及以下,100,0.01918649270913277,2,3.835826620636747e-4
2014,indigenous_analysis_sample,INC_PERS_TRANSFER_INCOME,沒有這項收入,4979,0.9552954719877207,2,3.835826620636747e-4
2014,indigenous_analysis_sample,INC_PERS_WORK_INCOME,"10,000-14,999 元",281,0.0538933640199463,0,0
2014,indigenous_analysis_sample,INC_PERS_WORK_INCOME,"100,000-129,999元",28,0.005370157268891446,0,0
2014,indigenous_analysis_sample,INC_PERS_WORK_INCOME,"130,000-159,999元",4,7.671653241273494e-4,0,0
2014,indigenous_analysis_sample,INC_PERS_WORK_INCOME,"15,000-19,999 元",394,0.07556578442654392,0,0
2014,indigenous_analysis_sample,INC_PERS_WORK_INCOME,"160,000 元及以上，請記錄____________元",5,9.589566551591868e-4,0,0
2014,indigenous_analysis_sample,INC_PERS_WORK_INCOME,"20,000-24,999 元",692,0.13271960107403144,0,0
2014,indigenous_analysis_sample,INC_PERS_WORK_INCOME,"25,000-29,999 元",571,0.10951285001917914,0,0
2014,indigenous_analysis_sample,INC_PERS_WORK_INCOME,"30,000-39,999 元",1071,0.2054085155350978,0,0
2014,indigenous_analysis_sample,INC_PERS_WORK_INCOME,"40,000-49,999 元",520,0.09973149213655542,0,0
2014,indigenous_analysis_sample,INC_PERS_WORK_INCOME,"50,000-59,999 元",311,0.05964710395090142,0,0
2014,indigenous_analysis_sample,INC_PERS_WORK_INCOME,"60,000-69,999 元",144,0.02761795166858458,0,0
2014,indigenous_analysis_sample,INC_PERS_WORK_INCOME,"70,000-79,999 元",60,0.011507479861910242,0,0
2014,indigenous_analysis_sample,INC_PERS_WORK_INCOME,"80,000-89,999 元",30,0.005753739930955121,0,0
2014,indigenous_analysis_sample,INC_PERS_WORK_INCOME,"9,999 元及以下",254,0.04871499808208669,0,0
2014,indigenous_analysis_sample,INC_PERS_WORK_INCOME,"90,000-99,999 元",7,0.0013425393172228615,0,0
2014,indigenous_analysis_sample,INC_PERS_WORK_INCOME,沒有這項收入,842,0.16148830072880707,0,0
2014,indigenous_analysis_sample,MALE,男性,3360,0.6444188722669736,0,0
2014,indigenous_analysis_sample,MALE,非男性,1854,0.35558112773302647,0,0
2014,indigenous_analysis_sample,RACE,卑南族,136,0.02608362102032988,0,0
2014,indigenous_analysis_sample,RACE,卡那卡那富族,3,5.753739930955121e-4,0,0
2014,indigenous_analysis_sample,RACE,噶瑪蘭族,4,7.671653241273494e-4,0,0
2014,indigenous_analysis_sample,RACE,太魯閣族,238,0.04564633678557729,0,0
2014,indigenous_analysis_sample,RACE,布農族,458,0.08784042961258151,0,0
2014,indigenous_analysis_sample,RACE,拉阿魯哇族,3,5.753739930955121e-4,0,0
2014,indigenous_analysis_sample,RACE,排灣族,910,0.174530111238972,0,0
2014,indigenous_analysis_sample,RACE,撒奇萊雅族,16,0.0030686612965093976,0,0
2014,indigenous_analysis_sample,RACE,泰雅族,545,0.10452627541235136,0,0
2014,indigenous_analysis_sample,RACE,賽夏族,46,0.008822401227464518,0,0
2014,indigenous_analysis_sample,RACE,賽德克族,87,0.01668584579976985,0,0
2014,indigenous_analysis_sample,RACE,邵族,28,0.005370157268891446,0,0
2014,indigenous_analysis_sample,RACE,鄒族,74,0.014192558496355964,0,0
2014,indigenous_analysis_sample,RACE,阿美族,1902,0.36478711162255467,0,0
2014,indigenous_analysis_sample,RACE,雅美族/達悟族,17,0.003260452627541235,0,0
2014,indigenous_analysis_sample,RACE,非原住民族,643,0.12332182585347143,0,0
2014,indigenous_analysis_sample,RACE,魯凱族,104,0.019946298427311087,0,0
2014,indigenous_analysis_sample,RENT,"1,000-2,999元",42,0.034229828850855744,3987,0.7646720368239356
2014,indigenous_analysis_sample,RENT,"10,000-19,999元",343,0.2795436022819886,3987,0.7646720368239356
2014,indigenous_analysis_sample,RENT,"3,000-4,999元",120,0.097799511002445,3987,0.7646720368239356
2014,indigenous_analysis_sample,RENT,"5,000-6,999元",243,0.1980440097799511,3987,0.7646720368239356
2014,indigenous_analysis_sample,RENT,"7,000-9,999元",396,0.32273838630806845,3987,0.7646720368239356
2014,indigenous_analysis_sample,RENT,不需要支付租金,60,0.0488997555012225,3987,0.7646720368239356
2014,indigenous_analysis_sample,RENT,"未滿1,000元",23,0.018744906275468622,3987,0.7646720368239356
2017,indigenous_analysis_sample,EDU,不識字/自修,140,0.03115264797507788,0,0
2017,indigenous_analysis_sample,EDU,國(初)中,1039,0.23119715175789943,0,0
2017,indigenous_analysis_sample,EDU,國小,1018,0.22652425456163774,0,0
2017,indigenous_analysis_sample,EDU,專科以上,747,0.16622162883845126,0,0
2017,indigenous_analysis_sample,EDU,高中職,1550,0.3449043168669337,0,0
2017,indigenous_analysis_sample,EXP_ALCOHOL_EXPENDITURE,"1,000-1,999 元",548,0.12194036493101913,0,0
2017,indigenous_analysis_sample,EXP_ALCOHOL_EXPENDITURE,"10,000-14,999 元",84,0.018691588785046728,0,0
2017,indigenous_analysis_sample,EXP_ALCOHOL_EXPENDITURE,"15,000-19,999 元",16,0.0035603026257231864,0,0
2017,indigenous_analysis_sample,EXP_ALCOHOL_EXPENDITURE,"2,000-2,999 元",441,0.09813084112149532,0,0
2017,indigenous_analysis_sample,EXP_ALCOHOL_EXPENDITURE,"20,000-29,999 元",8,0.0017801513128615932,0,0
2017,indigenous_analysis_sample,EXP_ALCOHOL_EXPENDITURE,"3,000-3,999 元",422,0.09390298175344905,0,0
2017,indigenous_analysis_sample,EXP_ALCOHOL_EXPENDITURE,"4,000-4,999 元",181,0.040275923453493546,0,0
2017,indigenous_analysis_sample,EXP_ALCOHOL_EXPENDITURE,499 元及以下,481,0.1070315976858033,0,0
2017,indigenous_analysis_sample,EXP_ALCOHOL_EXPENDITURE,"5,000-6,999 元",236,0.052514463729417,0,0
2017,indigenous_analysis_sample,EXP_ALCOHOL_EXPENDITURE,500-999 元,807,0.1795727636849132,0,0
2017,indigenous_analysis_sample,EXP_ALCOHOL_EXPENDITURE,"7,000-9,999 元",119,0.0264797507788162,0,0
2017,indigenous_analysis_sample,EXP_ALCOHOL_EXPENDITURE,沒有這項支出,1151,0.2561192701379617,0,0
2017,indigenous_analysis_sample,EXP_BOOKS_EXPENDITURE,"1,000元~未滿2,000元",189,0.1572379367720466,3292,0.7325322652425457
2017,indigenous_analysis_sample,EXP_BOOKS_EXPENDITURE,"10,000元~未滿15,000元",4,0.0033277870216306157,3292,0.7325322652425457
2017,indigenous_analysis_sample,EXP_BOOKS_EXPENDITURE,"2,000元~未滿3,000元",40,0.033277870216306155,3292,0.7325322652425457
2017,indigenous_analysis_sample,EXP_BOOKS_EXPENDITURE,"3,000元~未滿4,000元",20,0.016638935108153077,3292,0.7325322652425457
2017,indigenous_analysis_sample,EXP_BOOKS_EXPENDITURE,"30,000元以上",1,8.319467554076539e-4,3292,0.7325322652425457
2017,indigenous_analysis_sample,EXP_BOOKS_EXPENDITURE,"4,000元~未滿5,000元",9,0.0074875207986688855,3292,0.7325322652425457
2017,indigenous_analysis_sample,EXP_BOOKS_EXPENDITURE,"5,000元~未滿7,000元",7,0.005823627287853577,3292,0.7325322652425457
2017,indigenous_analysis_sample,EXP_BOOKS_EXPENDITURE,"7,000元~未滿10,000元",1,8.319467554076539e-4,3292,0.7325322652425457
2017,indigenous_analysis_sample,EXP_BOOKS_EXPENDITURE,"未滿1,000元",931,0.7745424292845258,3292,0.7325322652425457
2017,indigenous_analysis_sample,EXP_CARE_EXPENDITURE,"1,000元~未滿2,000元",22,0.10526315789473684,4285,0.9534935469514909
2017,indigenous_analysis_sample,EXP_CARE_EXPENDITURE,"10,000元~未滿15,000元",18,0.0861244019138756,4285,0.9534935469514909
2017,indigenous_analysis_sample,EXP_CARE_EXPENDITURE,"15,000元~未滿20,000元",18,0.0861244019138756,4285,0.9534935469514909
2017,indigenous_analysis_sample,EXP_CARE_EXPENDITURE,"2,000元~未滿3,000元",19,0.09090909090909091,4285,0.9534935469514909
2017,indigenous_analysis_sample,EXP_CARE_EXPENDITURE,"20,000元~未滿30,000元",39,0.18660287081339713,4285,0.9534935469514909
2017,indigenous_analysis_sample,EXP_CARE_EXPENDITURE,"3,000元~未滿4,000元",17,0.08133971291866028,4285,0.9534935469514909
2017,indigenous_analysis_sample,EXP_CARE_EXPENDITURE,"30,000元以上",9,0.0430622009569378,4285,0.9534935469514909
2017,indigenous_analysis_sample,EXP_CARE_EXPENDITURE,"4,000元~未滿5,000元",22,0.10526315789473684,4285,0.9534935469514909
2017,indigenous_analysis_sample,EXP_CARE_EXPENDITURE,"5,000元~未滿7,000元",10,0.04784688995215311,4285,0.9534935469514909
2017,indigenous_analysis_sample,EXP_CARE_EXPENDITURE,"7,000元~未滿10,000元",18,0.0861244019138756,4285,0.9534935469514909
2017,indigenous_analysis_sample,EXP_CARE_EXPENDITURE,"未滿1,000元",17,0.08133971291866028,4285,0.9534935469514909
2017,indigenous_analysis_sample,EXP_CLEANING_EXPENDITURE,有,12,0.8,4479,0.9966622162883845
2017,indigenous_analysis_sample,EXP_CLEANING_EXPENDITURE,沒有           ○11,3,0.2,4479,0.9966622162883845
2017,indigenous_analysis_sample,EXP_CLOTHING_EXPENDITURE,"1,000元~未滿2,000元",1220,0.27147307521139297,0,0
2017,indigenous_analysis_sample,EXP_CLOTHING_EXPENDITURE,"10,000元~未滿15,000元",24,0.0053404539385847796,0,0
2017,indigenous_analysis_sample,EXP_CLOTHING_EXPENDITURE,"15,000元~未滿20,000元",9,0.0020026702269692926,0,0
2017,indigenous_analysis_sample,EXP_CLOTHING_EXPENDITURE,"2,000元~未滿3,000元",740,0.16466399643969737,0,0
2017,indigenous_analysis_sample,EXP_CLOTHING_EXPENDITURE,"20,000元~未滿30,000元",3,6.675567423230974e-4,0,0
2017,indigenous_analysis_sample,EXP_CLOTHING_EXPENDITURE,"3,000元~未滿4,000元",164,0.03649310191366266,0,0
2017,indigenous_analysis_sample,EXP_CLOTHING_EXPENDITURE,"4,000元~未滿5,000元",115,0.025589675122385403,0,0
2017,indigenous_analysis_sample,EXP_CLOTHING_EXPENDITURE,"5,000元~未滿7,000元",80,0.017801513128615932,0,0
2017,indigenous_analysis_sample,EXP_CLOTHING_EXPENDITURE,"7,000元~未滿10,000元",26,0.005785491766800178,0,0
2017,indigenous_analysis_sample,EXP_CLOTHING_EXPENDITURE,"未滿1,000元",2113,0.4701824655095683,0,0
2017,indigenous_analysis_sample,EXP_DINING_LODGING_EXPENDITURE,有,521,0.49952061361457334,3451,0.7679127725856698
2017,indigenous_analysis_sample,EXP_DINING_LODGING_EXPENDITURE,沒有           ○11 行住宿服務費,522,0.5004793863854267,3451,0.7679127725856698
2017,indigenous_analysis_sample,EXP_EDU_TUITION_EXPENDITURE,"1,000元~未滿2,000元",359,0.1952147906470908,2655,0.5907877169559412
2017,indigenous_analysis_sample,EXP_EDU_TUITION_EXPENDITURE,"10,000元~未滿15,000元",138,0.07504078303425775,2655,0.5907877169559412
2017,indigenous_analysis_sample,EXP_EDU_TUITION_EXPENDITURE,"15,000元~未滿20,000元",40,0.021750951604132682,2655,0.5907877169559412
2017,indigenous_analysis_sample,EXP_EDU_TUITION_EXPENDITURE,"2,000元~未滿3,000元",240,0.13050570962479607,2655,0.5907877169559412
2017,indigenous_analysis_sample,EXP_EDU_TUITION_EXPENDITURE,"20,000元~未滿30,000元",23,0.012506797172376292,2655,0.5907877169559412
2017,indigenous_analysis_sample,EXP_EDU_TUITION_EXPENDITURE,"3,000元~未滿4,000元",193,0.10494834148994019,2655,0.5907877169559412
2017,indigenous_analysis_sample,EXP_EDU_TUITION_EXPENDITURE,"30,000元以上",13,0.0070690592713431215,2655,0.5907877169559412
2017,indigenous_analysis_sample,EXP_EDU_TUITION_EXPENDITURE,"4,000元~未滿5,000元",181,0.09842305600870038,2655,0.5907877169559412
2017,indigenous_analysis_sample,EXP_EDU_TUITION_EXPENDITURE,"5,000元~未滿7,000元",200,0.10875475802066341,2655,0.5907877169559412
2017,indigenous_analysis_sample,EXP_EDU_TUITION_EXPENDITURE,"7,000元~未滿10,000元",144,0.07830342577487764,2655,0.5907877169559412
2017,indigenous_analysis_sample,EXP_EDU_TUITION_EXPENDITURE,"未滿1,000元",308,0.16748232735182164,2655,0.5907877169559412
2017,indigenous_analysis_sample,EXP_FOOD_EXPENDITURE,"10,000-11,999 元",679,0.15109034267912771,0,0
2017,indigenous_analysis_sample,EXP_FOOD_EXPENDITURE,"12,000-14,999 元",368,0.08188696039163329,0,0
2017,indigenous_analysis_sample,EXP_FOOD_EXPENDITURE,"15,000-19,999 元",363,0.08077436582109479,0,0
2017,indigenous_analysis_sample,EXP_FOOD_EXPENDITURE,"20,000-29,999 元",323,0.07187360925678683,0,0
2017,indigenous_analysis_sample,EXP_FOOD_EXPENDITURE,"3,000-4,999 元",771,0.17156208277703605,0,0
2017,indigenous_analysis_sample,EXP_FOOD_EXPENDITURE,"30,000-39,999 元",71,0.01579884290164664,0,0
2017,indigenous_analysis_sample,EXP_FOOD_EXPENDITURE,"40,000-49,999 元",9,0.0020026702269692926,0,0
2017,indigenous_analysis_sample,EXP_FOOD_EXPENDITURE,"5,000-6,999 元",707,0.1573208722741433,0,0
2017,indigenous_analysis_sample,EXP_FOOD_EXPENDITURE,"50,000-59,999 元",3,6.675567423230974e-4,0,0
2017,indigenous_analysis_sample,EXP_FOOD_EXPENDITURE,"60,000-69,999 元",2,4.450378282153983e-4,0,0
2017,indigenous_analysis_sample,EXP_FOOD_EXPENDITURE,"7,000-9,999 元",596,0.1326212728081887,0,0
2017,indigenous_analysis_sample,EXP_FOOD_EXPENDITURE,"未滿3,000元",602,0.13395638629283488,0,0
2017,indigenous_analysis_sample,EXP_FURNITURE_EXPENDITURE,"1,000元~未滿2,000元",921,0.2049399198931909,0,0
2017,indigenous_analysis_sample,EXP_FURNITURE_EXPENDITURE,"10,000元~未滿15,000元",27,0.006008010680907877,0,0
2017,indigenous_analysis_sample,EXP_FURNITURE_EXPENDITURE,"15,000元~未滿20,000元",10,0.0022251891410769915,0,0
2017,indigenous_analysis_sample,EXP_FURNITURE_EXPENDITURE,"2,000元~未滿3,000元",666,0.14819759679572764,0,0
2017,indigenous_analysis_sample,EXP_FURNITURE_EXPENDITURE,"20,000元~未滿30,000元",13,0.002892745883400089,0,0
2017,indigenous_analysis_sample,EXP_FURNITURE_EXPENDITURE,"3,000元~未滿4,000元",581,0.1292834890965732,0,0
2017,indigenous_analysis_sample,EXP_FURNITURE_EXPENDITURE,"4,000元~未滿5,000元",539,0.11993769470404984,0,0
2017,indigenous_analysis_sample,EXP_FURNITURE_EXPENDITURE,"5,000元~未滿7,000元",524,0.11659991099243436,0,0
2017,indigenous_analysis_sample,EXP_FURNITURE_EXPENDITURE,"7,000元~未滿10,000元",501,0.11148197596795728,0,0
2017,indigenous_analysis_sample,EXP_FURNITURE_EXPENDITURE,"未滿1,000元",712,0.1584334668446818,0,0
2017,indigenous_analysis_sample,EXP_HOUSING_UTIL_EXPENDITURE,"1,000-1,499 元",665,0.14797507788161993,0,0
2017,indigenous_analysis_sample,EXP_HOUSING_UTIL_EXPENDITURE,"1,500-1,999 元",544,0.12105028927458834,0,0
2017,indigenous_analysis_sample,EXP_HOUSING_UTIL_EXPENDITURE,"10,000-14,999 元",379,0.08433466844681797,0,0
2017,indigenous_analysis_sample,EXP_HOUSING_UTIL_EXPENDITURE,"15,000-19,999 元",179,0.03983088562527815,0,0
2017,indigenous_analysis_sample,EXP_HOUSING_UTIL_EXPENDITURE,"2,000-2,499 元",442,0.09835336003560302,0,0
2017,indigenous_analysis_sample,EXP_HOUSING_UTIL_EXPENDITURE,"2,500-2,999 元",495,0.11014686248331108,0,0
2017,indigenous_analysis_sample,EXP_HOUSING_UTIL_EXPENDITURE,"20,000-29,999 元",91,0.020249221183800622,0,0
2017,indigenous_analysis_sample,EXP_HOUSING_UTIL_EXPENDITURE,"3,000-4,999 元",687,0.15287049399198932,0,0
2017,indigenous_analysis_sample,EXP_HOUSING_UTIL_EXPENDITURE,"30,000-39,999 元",26,0.005785491766800178,0,0
2017,indigenous_analysis_sample,EXP_HOUSING_UTIL_EXPENDITURE,"5,000-9,999 元",573,0.12750333778371162,0,0
2017,indigenous_analysis_sample,EXP_HOUSING_UTIL_EXPENDITURE,"50,000-59,999 元",3,6.675567423230974e-4,0,0
2017,indigenous_analysis_sample,EXP_HOUSING_UTIL_EXPENDITURE,"70,000 元及以上，請記錄____________元",1,2.2251891410769915e-4,0,0
2017,indigenous_analysis_sample,EXP_HOUSING_UTIL_EXPENDITURE,999 元及以下,368,0.08188696039163329,0,0
2017,indigenous_analysis_sample,EXP_HOUSING_UTIL_EXPENDITURE,沒有這項支出,41,0.009123275478415665,0,0
2017,indigenous_analysis_sample,EXP_LOAN_INTEREST_EXPENDITURE,"1,000元~未滿2,000元",108,0.08723747980613894,3256,0.7245215843346684
2017,indigenous_analysis_sample,EXP_LOAN_INTEREST_EXPENDITURE,"10,000元~未滿15,000元",194,0.1567043618739903,3256,0.7245215843346684
2017,indigenous_analysis_sample,EXP_LOAN_INTEREST_EXPENDITURE,"15,000元~未滿20,000元",106,0.08562197092084006,3256,0.7245215843346684
2017,indigenous_analysis_sample,EXP_LOAN_INTEREST_EXPENDITURE,"2,000元~未滿3,000元",120,0.09693053311793215,3256,0.7245215843346684
2017,indigenous_analysis_sample,EXP_LOAN_INTEREST_EXPENDITURE,"20,000元~未滿30,000元",127,0.10258481421647819,3256,0.7245215843346684
2017,indigenous_analysis_sample,EXP_LOAN_INTEREST_EXPENDITURE,"3,000元~未滿4,000元",101,0.0815831987075929,3256,0.7245215843346684
2017,indigenous_analysis_sample,EXP_LOAN_INTEREST_EXPENDITURE,"30,000元以上",41,0.033117932148626815,3256,0.7245215843346684
2017,indigenous_analysis_sample,EXP_LOAN_INTEREST_EXPENDITURE,"4,000元~未滿5,000元",74,0.05977382875605816,3256,0.7245215843346684
2017,indigenous_analysis_sample,EXP_LOAN_INTEREST_EXPENDITURE,"5,000元~未滿7,000元",142,0.1147011308562197,3256,0.7245215843346684
2017,indigenous_analysis_sample,EXP_LOAN_INTEREST_EXPENDITURE,"7,000元~未滿10,000元",112,0.09046849757673667,3256,0.7245215843346684
2017,indigenous_analysis_sample,EXP_LOAN_INTEREST_EXPENDITURE,"未滿1,000元",113,0.0912762520193861,3256,0.7245215843346684
2017,indigenous_analysis_sample,EXP_MEDICAL_EXPENDITURE,"1,000-1,999 元",847,0.18847352024922118,0,0
2017,indigenous_analysis_sample,EXP_MEDICAL_EXPENDITURE,"10,000-14,999 元",84,0.018691588785046728,0,0
2017,indigenous_analysis_sample,EXP_MEDICAL_EXPENDITURE,"15,000-19,999 元",34,0.0075656430796617715,0,0
2017,indigenous_analysis_sample,EXP_MEDICAL_EXPENDITURE,"2,000-2,999 元",262,0.05829995549621718,0,0
2017,indigenous_analysis_sample,EXP_MEDICAL_EXPENDITURE,"20,000-29,999 元",16,0.0035603026257231864,0,0
2017,indigenous_analysis_sample,EXP_MEDICAL_EXPENDITURE,"3,000-3,999 元",195,0.043391188251001335,0,0
2017,indigenous_analysis_sample,EXP_MEDICAL_EXPENDITURE,"30,000 元及以上，請記錄________元",14,0.003115264797507788,0,0
2017,indigenous_analysis_sample,EXP_MEDICAL_EXPENDITURE,"4,000-4,999 元",173,0.038495772140631955,0,0
2017,indigenous_analysis_sample,EXP_MEDICAL_EXPENDITURE,499 元及以下,1235,0.27481085892300844,0,0
2017,indigenous_analysis_sample,EXP_MEDICAL_EXPENDITURE,"5,000-6,999 元",126,0.028037383177570093,0,0
2017,indigenous_analysis_sample,EXP_MEDICAL_EXPENDITURE,500-999 元,1203,0.2676902536715621,0,0
2017,indigenous_analysis_sample,EXP_MEDICAL_EXPENDITURE,"7,000-9,999 元",128,0.02848242100578549,0,0
2017,indigenous_analysis_sample,EXP_MEDICAL_EXPENDITURE,沒有這項支出,177,0.03938584779706275,0,0
2017,indigenous_analysis_sample,EXP_OTHER_EXPENDITURE,"1,000元~未滿2,000元",1100,0.24477080551846908,0,0
2017,indigenous_analysis_sample,EXP_OTHER_EXPENDITURE,"10,000元~未滿15,000元",27,0.006008010680907877,0,0
2017,indigenous_analysis_sample,EXP_OTHER_EXPENDITURE,"15,000元~未滿20,000元",7,0.001557632398753894,0,0
2017,indigenous_analysis_sample,EXP_OTHER_EXPENDITURE,"2,000元~未滿3,000元",745,0.16577659101023587,0,0
2017,indigenous_analysis_sample,EXP_OTHER_EXPENDITURE,"20,000元~未滿30,000元",13,0.002892745883400089,0,0
2017,indigenous_analysis_sample,EXP_OTHER_EXPENDITURE,"3,000元~未滿4,000元",432,0.09612817089452604,0,0
2017,indigenous_analysis_sample,EXP_OTHER_EXPENDITURE,"30,000元以上",4,8.900756564307966e-4,0,0
2017,indigenous_analysis_sample,EXP_OTHER_EXPENDITURE,"4,000元~未滿5,000元",388,0.08633733867378728,0,0
2017,indigenous_analysis_sample,EXP_OTHER_EXPENDITURE,"5,000元~未滿7,000元",96,0.021361815754339118,0,0
2017,indigenous_analysis_sample,EXP_OTHER_EXPENDITURE,"7,000元~未滿10,000元",48,0.010680907877169559,0,0
2017,indigenous_analysis_sample,EXP_OTHER_EXPENDITURE,"未滿1,000元",1634,0.3635959056519804,0,0
2017,indigenous_analysis_sample,EXP_TAX_INS_GIFT_EXPENDITURE,"1,000-1,499 元",782,0.17400979083222073,0,0
2017,indigenous_analysis_sample,EXP_TAX_INS_GIFT_EXPENDITURE,"1,500-1,999 元",444,0.09879839786381843,0,0
2017,indigenous_analysis_sample,EXP_TAX_INS_GIFT_EXPENDITURE,"10,000-14,999 元",131,0.02914997774810859,0,0
2017,indigenous_analysis_sample,EXP_TAX_INS_GIFT_EXPENDITURE,"15,000-19,999 元",51,0.011348464619492658,0,0
2017,indigenous_analysis_sample,EXP_TAX_INS_GIFT_EXPENDITURE,"2,000-2,499 元",413,0.09190031152647975,0,0
2017,indigenous_analysis_sample,EXP_TAX_INS_GIFT_EXPENDITURE,"2,500-2,999 元",452,0.10057854917668002,0,0
2017,indigenous_analysis_sample,EXP_TAX_INS_GIFT_EXPENDITURE,"20,000-29,999 元",33,0.007343124165554072,0,0
2017,indigenous_analysis_sample,EXP_TAX_INS_GIFT_EXPENDITURE,"3,000-3,999 元",488,0.10858923008455719,0,0
2017,indigenous_analysis_sample,EXP_TAX_INS_GIFT_EXPENDITURE,"30,000 元及以上，請記錄________元",21,0.004672897196261682,0,0
2017,indigenous_analysis_sample,EXP_TAX_INS_GIFT_EXPENDITURE,"4,000-4,999 元",326,0.07254116599910992,0,0
2017,indigenous_analysis_sample,EXP_TAX_INS_GIFT_EXPENDITURE,"5,000-6,999 元",419,0.09323542501112594,0,0
2017,indigenous_analysis_sample,EXP_TAX_INS_GIFT_EXPENDITURE,"7,000-9,999 元",183,0.04072096128170895,0,0
2017,indigenous_analysis_sample,EXP_TAX_INS_GIFT_EXPENDITURE,999 元及以下,562,0.12505562972852693,0,0
2017,indigenous_analysis_sample,EXP_TAX_INS_GIFT_EXPENDITURE,沒有這項支出,189,0.04205607476635514,0,0
2017,indigenous_analysis_sample,EXP_TRANSPORT_COMM_EXPENDITURE,"1,000-1,999 元",676,0.15042278593680464,0,0
2017,indigenous_analysis_sample,EXP_TRANSPORT_COMM_EXPENDITURE,"10,000-14,999 元",302,0.06720071206052515,0,0
2017,indigenous_analysis_sample,EXP_TRANSPORT_COMM_EXPENDITURE,"15,000-19,999 元",85,0.018914107699154428,0,0
2017,indigenous_analysis_sample,EXP_TRANSPORT_COMM_EXPENDITURE,"2,000-2,999 元",683,0.15198041833555853,0,0
2017,indigenous_analysis_sample,EXP_TRANSPORT_COMM_EXPENDITURE,"20,000-29,999 元",60,0.01335113484646195,0,0
2017,indigenous_analysis_sample,EXP_TRANSPORT_COMM_EXPENDITURE,"3,000-3,999 元",596,0.1326212728081887,0,0
2017,indigenous_analysis_sample,EXP_TRANSPORT_COMM_EXPENDITURE,"30,000 元及以上，請記錄________元",16,0.0035603026257231864,0,0
2017,indigenous_analysis_sample,EXP_TRANSPORT_COMM_EXPENDITURE,"4,000-4,999 元",438,0.09746328437917223,0,0
2017,indigenous_analysis_sample,EXP_TRANSPORT_COMM_EXPENDITURE,"5,000-6,999 元",616,0.13707165109034267,0,0
2017,indigenous_analysis_sample,EXP_TRANSPORT_COMM_EXPENDITURE,"7,000-9,999 元",388,0.08633733867378728,0,0
2017,indigenous_analysis_sample,EXP_TRANSPORT_COMM_EXPENDITURE,999 元及以下,584,0.1299510458388963,0,0
2017,indigenous_analysis_sample,EXP_TRANSPORT_COMM_EXPENDITURE,沒有這項支出,50,0.011125945705384957,0,0
2017,indigenous_analysis_sample,EXP_TRAVEL_EXPENDITURE,"1,000元~未滿2,000元",312,0.259567387687188,3292,0.7325322652425457
2017,indigenous_analysis_sample,EXP_TRAVEL_EXPENDITURE,"10,000元~未滿15,000元",30,0.024958402662229616,3292,0.7325322652425457
2017,indigenous_analysis_sample,EXP_TRAVEL_EXPENDITURE,"15,000元~未滿20,000元",11,0.009151414309484194,3292,0.7325322652425457
2017,indigenous_analysis_sample,EXP_TRAVEL_EXPENDITURE,"2,000元~未滿3,000元",157,0.13061564059900166,3292,0.7325322652425457
2017,indigenous_analysis_sample,EXP_TRAVEL_EXPENDITURE,"20,000元~未滿30,000元",19,0.015806988352745424,3292,0.7325322652425457
2017,indigenous_analysis_sample,EXP_TRAVEL_EXPENDITURE,"3,000元~未滿4,000元",73,0.06073211314475874,3292,0.7325322652425457
2017,indigenous_analysis_sample,EXP_TRAVEL_EXPENDITURE,"30,000元以上",15,0.012479201331114808,3292,0.7325322652425457
2017,indigenous_analysis_sample,EXP_TRAVEL_EXPENDITURE,"4,000元~未滿5,000元",75,0.06239600665557404,3292,0.7325322652425457
2017,indigenous_analysis_sample,EXP_TRAVEL_EXPENDITURE,"5,000元~未滿7,000元",65,0.054076539101497505,3292,0.7325322652425457
2017,indigenous_analysis_sample,EXP_TRAVEL_EXPENDITURE,"7,000元~未滿10,000元",33,0.02745424292845258,3292,0.7325322652425457
2017,indigenous_analysis_sample,EXP_TRAVEL_EXPENDITURE,"未滿1,000元",412,0.3427620632279534,3292,0.7325322652425457
2017,indigenous_analysis_sample,HOUSE_BELONG,借用,109,0.02425456163773921,0,0
2017,indigenous_analysis_sample,HOUSE_BELONG,其他,1,2.2251891410769915e-4,0,0
2017,indigenous_analysis_sample,HOUSE_BELONG,租賃,1067,0.237427681352915,0,0
2017,indigenous_analysis_sample,HOUSE_BELONG,自有/家人所有/自建,3295,0.7331998219848687,0,0
2017,indigenous_analysis_sample,HOUSE_BELONG,配住,22,0.004895416110369382,0,0
2017,indigenous_analysis_sample,INC_FAM_GOV_INCOME,"1,000-1,999 元",27,0.006008010680907877,0,0
2017,indigenous_analysis_sample,INC_FAM_GOV_INCOME,"10,000-14,999 元",167,0.03716065865598576,0,0
2017,indigenous_analysis_sample,INC_FAM_GOV_INCOME,"15,000-19,999 元",46,0.010235870048954161,0,0
2017,indigenous_analysis_sample,INC_FAM_GOV_INCOME,"2,000-2,999 元",74,0.016466399643969738,0,0
2017,indigenous_analysis_sample,INC_FAM_GOV_INCOME,"20,000-29,999 元",33,0.007343124165554072,0,0
2017,indigenous_analysis_sample,INC_FAM_GOV_INCOME,"3,000-3,999 元",653,0.14530485091232756,0,0
2017,indigenous_analysis_sample,INC_FAM_GOV_INCOME,"30,000 元及以上，請記錄________元",15,0.0033377837116154874,0,0
2017,indigenous_analysis_sample,INC_FAM_GOV_INCOME,"4,000-4,999 元",134,0.029817534490431688,0,0
2017,indigenous_analysis_sample,INC_FAM_GOV_INCOME,"5,000-5,999 元",60,0.01335113484646195,0,0
2017,indigenous_analysis_sample,INC_FAM_GOV_INCOME,"6,000-7,999 元",376,0.08366711170449488,0,0
2017,indigenous_analysis_sample,INC_FAM_GOV_INCOME,"8,000-9,999 元",78,0.017356475300400534,0,0
2017,indigenous_analysis_sample,INC_FAM_GOV_INCOME,999 元及以下,25,0.0055629728526924785,0,0
2017,indigenous_analysis_sample,INC_FAM_GOV_INCOME,沒有這項收入,2806,0.6243880729862038,0,0
2017,indigenous_analysis_sample,INC_FAM_INTEREST_INCOME,"1,000-1,999 元",89,0.019804183355585224,0,0
2017,indigenous_analysis_sample,INC_FAM_INTEREST_INCOME,"10,000-14,999 元",8,0.0017801513128615932,0,0
2017,indigenous_analysis_sample,INC_FAM_INTEREST_INCOME,"15,000-19,999 元",7,0.001557632398753894,0,0
2017,indigenous_analysis_sample,INC_FAM_INTEREST_INCOME,"2,000-2,999 元",47,0.01045838896306186,0,0
2017,indigenous_analysis_sample,INC_FAM_INTEREST_INCOME,"20,000-29,999 元",6,0.0013351134846461949,0,0
2017,indigenous_analysis_sample,INC_FAM_INTEREST_INCOME,"3,000-3,999 元",17,0.0037828215398308857,0,0
2017,indigenous_analysis_sample,INC_FAM_INTEREST_INCOME,"30,000 元及以上，請記錄________元",4,8.900756564307966e-4,0,0
2017,indigenous_analysis_sample,INC_FAM_INTEREST_INCOME,"4,000-4,999 元",26,0.005785491766800178,0,0
2017,indigenous_analysis_sample,INC_FAM_INTEREST_INCOME,"5,000-5,999 元",22,0.004895416110369382,0,0
2017,indigenous_analysis_sample,INC_FAM_INTEREST_INCOME,"6,000-7,999 元",4,8.900756564307966e-4,0,0
2017,indigenous_analysis_sample,INC_FAM_INTEREST_INCOME,"8,000-9,999 元",10,0.0022251891410769915,0,0
2017,indigenous_analysis_sample,INC_FAM_INTEREST_INCOME,999 元及以下,461,0.10258121940364931,0,0
2017,indigenous_analysis_sample,INC_FAM_INTEREST_INCOME,沒有這項收入,3793,0.844014241210503,0,0
2017,indigenous_analysis_sample,INC_FAM_OTHER_INCOME,"10,000元~未滿15,000元",16,0.0035603026257231864,0,0
2017,indigenous_analysis_sample,INC_FAM_OTHER_INCOME,"15,000元~未滿20,000元",8,0.0017801513128615932,0,0
2017,indigenous_analysis_sample,INC_FAM_OTHER_INCOME,"20,000元~未滿25,000元",5,0.0011125945705384957,0,0
2017,indigenous_analysis_sample,INC_FAM_OTHER_INCOME,"25,000元~未滿30,000元",1,2.2251891410769915e-4,0,0
2017,indigenous_analysis_sample,INC_FAM_OTHER_INCOME,"30,000元~未滿40,000元",1,2.2251891410769915e-4,0,0
2017,indigenous_analysis_sample,INC_FAM_OTHER_INCOME,"40,000元~未滿50,000元",2,4.450378282153983e-4,0,0
2017,indigenous_analysis_sample,INC_FAM_OTHER_INCOME,"5,000元~未滿10,000元",30,0.006675567423230975,0,0
2017,indigenous_analysis_sample,INC_FAM_OTHER_INCOME,"50,000元~未滿60,000元",2,4.450378282153983e-4,0,0
2017,indigenous_analysis_sample,INC_FAM_OTHER_INCOME,"60,000元~未滿70,000元",1,2.2251891410769915e-4,0,0
2017,indigenous_analysis_sample,INC_FAM_OTHER_INCOME,"未滿5,000元",192,0.042723631508678236,0,0
2017,indigenous_analysis_sample,INC_FAM_OTHER_INCOME,沒有這項收入,4236,0.9425901201602136,0,0
2017,indigenous_analysis_sample,INC_FAM_RENT_INCOME,"10,000-14,999 元",11,0.002447708055184691,0,0
2017,indigenous_analysis_sample,INC_FAM_RENT_INCOME,"15,000-19,999 元",4,8.900756564307966e-4,0,0
2017,indigenous_analysis_sample,INC_FAM_RENT_INCOME,"20,000-24,999 元",7,0.001557632398753894,0,0
2017,indigenous_analysis_sample,INC_FAM_RENT_INCOME,"25,000-29,999 元",3,6.675567423230974e-4,0,0
2017,indigenous_analysis_sample,INC_FAM_RENT_INCOME,"30,000-39,999 元",3,6.675567423230974e-4,0,0
2017,indigenous_analysis_sample,INC_FAM_RENT_INCOME,"4,999 元及以下",23,0.005117935024477081,0,0
2017,indigenous_analysis_sample,INC_FAM_RENT_INCOME,"40,000-49,999 元",1,2.2251891410769915e-4,0,0
2017,indigenous_analysis_sample,INC_FAM_RENT_INCOME,"5,000-9,999 元",22,0.004895416110369382,0,0
2017,indigenous_analysis_sample,INC_FAM_RENT_INCOME,"50,000-59,999 元",1,2.2251891410769915e-4,0,0
2017,indigenous_analysis_sample,INC_FAM_RENT_INCOME,"60,000-69,999 元",1,2.2251891410769915e-4,0,0
2017,indigenous_analysis_sample,INC_FAM_RENT_INCOME,"70,000-79,999 元",2,4.450378282153983e-4,0,0
2017,indigenous_analysis_sample,INC_FAM_RENT_INCOME,"80,000 元及以上，請記錄_________________元",1,2.2251891410769915e-4,0,0
2017,indigenous_analysis_sample,INC_FAM_RENT_INCOME,沒有這項收入,4415,0.9824210057854917,0,0
2017,indigenous_analysis_sample,INC_FAM_TRANSFER_INCOME,"1,000-1,999 元",54,0.012016021361815754,0,0
2017,indigenous_analysis_sample,INC_FAM_TRANSFER_INCOME,"10,000-14,999 元",15,0.0033377837116154874,0,0
2017,indigenous_analysis_sample,INC_FAM_TRANSFER_INCOME,"15,000-19,999 元",5,0.0011125945705384957,0,0
2017,indigenous_analysis_sample,INC_FAM_TRANSFER_INCOME,"2,000-2,999 元",37,0.0082331998219848691,0,0
2017,indigenous_analysis_sample,INC_FAM_TRANSFER_INCOME,"20,000-29,999 元",3,6.675567423230974e-4,0,0
2017,indigenous_analysis_sample,INC_FAM_TRANSFER_INCOME,"3,000-3,999 元",14,0.003115264797507788,0,0
2017,indigenous_analysis_sample,INC_FAM_TRANSFER_INCOME,"30,000 元及以上，請記錄________元",4,8.900756564307966e-4,0,0
2017,indigenous_analysis_sample,INC_FAM_TRANSFER_INCOME,"4,000-4,999 元",24,0.0053404539385847796,0,0
2017,indigenous_analysis_sample,INC_FAM_TRANSFER_INCOME,"5,000-5,999 元",9,0.0020026702269692926,0,0
2017,indigenous_analysis_sample,INC_FAM_TRANSFER_INCOME,"6,000-7,999 元",5,0.0011125945705384957,0,0
2017,indigenous_analysis_sample,INC_FAM_TRANSFER_INCOME,"8,000-9,999 元",8,0.0017801513128615932,0,0
2017,indigenous_analysis_sample,INC_FAM_TRANSFER_INCOME,999 元及以下,208,0.046283934134401426,0,0
2017,indigenous_analysis_sample,INC_FAM_TRANSFER_INCOME,沒有這項收入,4108,0.9141076991544281,0,0
2017,indigenous_analysis_sample,INC_FAM_WORK_INCOME,"10,000-19,999 元",315,0.07009345794392523,0,0
2017,indigenous_analysis_sample,INC_FAM_WORK_INCOME,"100,000-129,999元",314,0.06987093902981753,0,0
2017,indigenous_analysis_sample,INC_FAM_WORK_INCOME,"130,000-159,999元",127,0.028259902091677794,0,0
2017,indigenous_analysis_sample,INC_FAM_WORK_INCOME,"160,000 元及以上，請記錄____________元",45,0.010013351134846462,0,0
2017,indigenous_analysis_sample,INC_FAM_WORK_INCOME,"20,000-29,999 元",598,0.1330663106364041,0,0
2017,indigenous_analysis_sample,INC_FAM_WORK_INCOME,"30,000-39,999 元",465,0.10347129506008011,0,0
2017,indigenous_analysis_sample,INC_FAM_WORK_INCOME,"40,000-49,999 元",483,0.10747663551401869,0,0
2017,indigenous_analysis_sample,INC_FAM_WORK_INCOME,"50,000-59,999 元",472,0.105028927458834,0,0
2017,indigenous_analysis_sample,INC_FAM_WORK_INCOME,"60,000-69,999 元",400,0.08900756564307966,0,0
2017,indigenous_analysis_sample,INC_FAM_WORK_INCOME,"70,000-79,999 元",345,0.07676902536715621,0,0
2017,indigenous_analysis_sample,INC_FAM_WORK_INCOME,"80,000-89,999 元",234,0.0520694259012016,0,0
2017,indigenous_analysis_sample,INC_FAM_WORK_INCOME,"9,999 元及以下",154,0.03426791277258567,0,0
2017,indigenous_analysis_sample,INC_FAM_WORK_INCOME,"90,000-99,999 元",189,0.04205607476635514,0,0
2017,indigenous_analysis_sample,INC_FAM_WORK_INCOME,沒有這項收入,353,0.0785491766800178,0,0
2017,indigenous_analysis_sample,INC_PERS_GOV_INCOME,"1,000-1,999 元",24,0.0053404539385847796,0,0
2017,indigenous_analysis_sample,INC_PERS_GOV_INCOME,"10,000-14,999 元",85,0.018914107699154428,0,0
2017,indigenous_analysis_sample,INC_PERS_GOV_INCOME,"15,000-19,999 元",27,0.006008010680907877,0,0
2017,indigenous_analysis_sample,INC_PERS_GOV_INCOME,"2,000-2,999 元",48,0.010680907877169559,0,0
2017,indigenous_analysis_sample,INC_PERS_GOV_INCOME,"20,000元-未滿30,000元",20,0.004450378282153983,0,0
2017,indigenous_analysis_sample,INC_PERS_GOV_INCOME,"3,000-3,999 元",579,0.1288384512683578,0,0
2017,indigenous_analysis_sample,INC_PERS_GOV_INCOME,"30,000元以上，請記錄________元",11,0.002447708055184691,0,0
2017,indigenous_analysis_sample,INC_PERS_GOV_INCOME,"4,000-4,999 元",105,0.02336448598130841,0,0
2017,indigenous_analysis_sample,INC_PERS_GOV_INCOME,"5,000-5,999 元",29,0.006453048509123275,0,0
2017,indigenous_analysis_sample,INC_PERS_GOV_INCOME,"6,000-7,999 元",255,0.056742323097463285,0,0
2017,indigenous_analysis_sample,INC_PERS_GOV_INCOME,"8,000-9,999 元",34,0.0075656430796617715,0,0
2017,indigenous_analysis_sample,INC_PERS_GOV_INCOME,999 元及以下,24,0.0053404539385847796,0,0
2017,indigenous_analysis_sample,INC_PERS_GOV_INCOME,沒有這項收入,3253,0.7238540275923453,0,0
2017,indigenous_analysis_sample,INC_PERS_INTEREST_INCOME,"1,000-1,999 元",65,0.014463729417000444,0,0
2017,indigenous_analysis_sample,INC_PERS_INTEREST_INCOME,"10,000-14,999 元",7,0.001557632398753894,0,0
2017,indigenous_analysis_sample,INC_PERS_INTEREST_INCOME,"15,000-19,999 元",8,0.0017801513128615932,0,0
2017,indigenous_analysis_sample,INC_PERS_INTEREST_INCOME,"2,000-2,999 元",26,0.005785491766800178,0,0
2017,indigenous_analysis_sample,INC_PERS_INTEREST_INCOME,"20,000-29,999 元",5,0.0011125945705384957,0,0
2017,indigenous_analysis_sample,INC_PERS_INTEREST_INCOME,"3,000-3,999 元",8,0.0017801513128615932,0,0
2017,indigenous_analysis_sample,INC_PERS_INTEREST_INCOME,"30,000 元及以上，請記錄________元",4,8.900756564307966e-4,0,0
2017,indigenous_analysis_sample,INC_PERS_INTEREST_INCOME,"4,000-4,999 元",12,0.0026702269692923898,0,0
2017,indigenous_analysis_sample,INC_PERS_INTEREST_INCOME,"5,000-5,999 元",11,0.002447708055184691,0,0
2017,indigenous_analysis_sample,INC_PERS_INTEREST_INCOME,"6,000-7,999 元",4,8.900756564307966e-4,0,0
2017,indigenous_analysis_sample,INC_PERS_INTEREST_INCOME,"8,000-9,999 元",6,0.0013351134846461949,0,0
2017,indigenous_analysis_sample,INC_PERS_INTEREST_INCOME,999 元及以下,431,0.09590565198041834,0,0
2017,indigenous_analysis_sample,INC_PERS_INTEREST_INCOME,沒有這項收入,3907,0.8693813974187806,0,0
2017,indigenous_analysis_sample,INC_PERS_OTHER_INCOME,"10,000-14,999 元",14,0.003115264797507788,0,0
2017,indigenous_analysis_sample,INC_PERS_OTHER_INCOME,"15,000-19,999 元",13,0.002892745883400089,0,0
2017,indigenous_analysis_sample,INC_PERS_OTHER_INCOME,"20,000-24,999 元",5,0.0011125945705384957,0,0
2017,indigenous_analysis_sample,INC_PERS_OTHER_INCOME,"25,000-29,999 元",1,2.2251891410769915e-4,0,0
2017,indigenous_analysis_sample,INC_PERS_OTHER_INCOME,"30,000-39,999 元",3,6.675567423230974e-4,0,0
2017,indigenous_analysis_sample,INC_PERS_OTHER_INCOME,"4,999 元及以下",163,0.03627058299955496,0,0
2017,indigenous_analysis_sample,INC_PERS_OTHER_INCOME,"40,000-49,999 元",2,4.450378282153983e-4,0,0
2017,indigenous_analysis_sample,INC_PERS_OTHER_INCOME,"5,000-9,999 元",29,0.006453048509123275,0,0
2017,indigenous_analysis_sample,INC_PERS_OTHER_INCOME,"50,000-59,999 元",1,2.2251891410769915e-4,0,0
2017,indigenous_analysis_sample,INC_PERS_OTHER_INCOME,"60,000-69,999 元",1,2.2251891410769915e-4,0,0
2017,indigenous_analysis_sample,INC_PERS_OTHER_INCOME,沒有這項收入,4262,0.9483756119270138,0,0
2017,indigenous_analysis_sample,INC_PERS_RENT_INCOME,"10,000-14,999 元",7,0.001557632398753894,0,0
2017,indigenous_analysis_sample,INC_PERS_RENT_INCOME,"15,000-19,999 元",5,0.0011125945705384957,0,0
2017,indigenous_analysis_sample,INC_PERS_RENT_INCOME,"20,000-24,999 元",3,6.675567423230974e-4,0,0
2017,indigenous_analysis_sample,INC_PERS_RENT_INCOME,"25,000-29,999 元",3,6.675567423230974e-4,0,0
2017,indigenous_analysis_sample,INC_PERS_RENT_INCOME,"30,000-39,999 元",3,6.675567423230974e-4,0,0
2017,indigenous_analysis_sample,INC_PERS_RENT_INCOME,"4,999 元及以下",23,0.005117935024477081,0,0
2017,indigenous_analysis_sample,INC_PERS_RENT_INCOME,"40,000-49,999 元",1,2.2251891410769915e-4,0,0
2017,indigenous_analysis_sample,INC_PERS_RENT_INCOME,"5,000-9,999 元",19,0.004227859368046284,0,0
2017,indigenous_analysis_sample,INC_PERS_RENT_INCOME,"50,000-59,999 元",1,2.2251891410769915e-4,0,0
2017,indigenous_analysis_sample,INC_PERS_RENT_INCOME,"70,000-79,999 元",1,2.2251891410769915e-4,0,0
2017,indigenous_analysis_sample,INC_PERS_RENT_INCOME,"80,000 元及以上，請記錄_________________元",1,2.2251891410769915e-4,0,0
2017,indigenous_analysis_sample,INC_PERS_RENT_INCOME,沒有這項收入,4427,0.9850912327547842,0,0
2017,indigenous_analysis_sample,INC_PERS_TRANSFER_INCOME,"1,000-1,999 元",53,0.011793502447708056,0,0
2017,indigenous_analysis_sample,INC_PERS_TRANSFER_INCOME,"10,000-14,999 元",6,0.0013351134846461949,0,0
2017,indigenous_analysis_sample,INC_PERS_TRANSFER_INCOME,"15,000-19,999 元",6,0.0013351134846461949,0,0
2017,indigenous_analysis_sample,INC_PERS_TRANSFER_INCOME,"2,000-2,999 元",35,0.00778816199376947,0,0
2017,indigenous_analysis_sample,INC_PERS_TRANSFER_INCOME,"20,000元-未滿30,000元",2,4.450378282153983e-4,0,0
2017,indigenous_analysis_sample,INC_PERS_TRANSFER_INCOME,"3,000-3,999 元",19,0.004227859368046284,0,0
2017,indigenous_analysis_sample,INC_PERS_TRANSFER_INCOME,"30,000元以上，請記錄________元",1,2.2251891410769915e-4,0,0
2017,indigenous_analysis_sample,INC_PERS_TRANSFER_INCOME,"4,000-4,999 元",19,0.004227859368046284,0,0
2017,indigenous_analysis_sample,INC_PERS_TRANSFER_INCOME,"5,000-5,999 元",13,0.002892745883400089,0,0
2017,indigenous_analysis_sample,INC_PERS_TRANSFER_INCOME,"6,000-7,999 元",9,0.0020026702269692926,0,0
2017,indigenous_analysis_sample,INC_PERS_TRANSFER_INCOME,"8,000-9,999 元",9,0.0020026702269692926,0,0
2017,indigenous_analysis_sample,INC_PERS_TRANSFER_INCOME,999 元及以下,219,0.048731642189586116,0,0
2017,indigenous_analysis_sample,INC_PERS_TRANSFER_INCOME,沒有這項收入,4103,0.9129951045838897,0,0
2017,indigenous_analysis_sample,INC_PERS_WORK_INCOME,"10,000-14,999 元",246,0.05473965287049399,0,0
2017,indigenous_analysis_sample,INC_PERS_WORK_INCOME,"100,000-129,999元",23,0.005117935024477081,0,0
2017,indigenous_analysis_sample,INC_PERS_WORK_INCOME,"130,000-159,999元",9,0.0020026702269692926,0,0
2017,indigenous_analysis_sample,INC_PERS_WORK_INCOME,"15,000-19,999 元",308,0.06853582554517133,0,0
2017,indigenous_analysis_sample,INC_PERS_WORK_INCOME,"160,000 元及以上，請記錄____________元",8,0.0017801513128615932,0,0
2017,indigenous_analysis_sample,INC_PERS_WORK_INCOME,"20,000-24,999 元",582,0.1295060080106809,0,0
2017,indigenous_analysis_sample,INC_PERS_WORK_INCOME,"25,000-29,999 元",553,0.12305295950155763,0,0
2017,indigenous_analysis_sample,INC_PERS_WORK_INCOME,"30,000-39,999 元",903,0.20093457943925233,0,0
2017,indigenous_analysis_sample,INC_PERS_WORK_INCOME,"40,000-49,999 元",510,0.11348464619492657,0,0
2017,indigenous_analysis_sample,INC_PERS_WORK_INCOME,"50,000-59,999 元",253,0.05629728526924788,0,0
2017,indigenous_analysis_sample,INC_PERS_WORK_INCOME,"60,000-69,999 元",122,0.027147307521139297,0,0
2017,indigenous_analysis_sample,INC_PERS_WORK_INCOME,"70,000-79,999 元",56,0.012461059190031152,0,0
2017,indigenous_analysis_sample,INC_PERS_WORK_INCOME,"80,000-89,999 元",37,0.0082331998219848691,0,0
2017,indigenous_analysis_sample,INC_PERS_WORK_INCOME,"9,999 元及以下",250,0.05562972852692479,0,0
2017,indigenous_analysis_sample,INC_PERS_WORK_INCOME,"90,000-99,999 元",13,0.002892745883400089,0,0
2017,indigenous_analysis_sample,INC_PERS_WORK_INCOME,沒有這項收入,621,0.13818424566088117,0,0
2017,indigenous_analysis_sample,MALE,男性,2788,0.6203827325322653,0,0
2017,indigenous_analysis_sample,MALE,非男性,1706,0.3796172674677348,0,0
2017,indigenous_analysis_sample,RACE,卑南族,131,0.02914997774810859,0,0
2017,indigenous_analysis_sample,RACE,卡那卡那富族,1,2.2251891410769915e-4,0,0
2017,indigenous_analysis_sample,RACE,噶瑪蘭族,17,0.0037828215398308857,0,0
2017,indigenous_analysis_sample,RACE,太魯閣族,224,0.04984423676012461,0,0
2017,indigenous_analysis_sample,RACE,布農族,485,0.10792167334223408,0,0
2017,indigenous_analysis_sample,RACE,拉阿魯哇族,3,6.675567423230974e-4,0,0
2017,indigenous_analysis_sample,RACE,排灣族,832,0.1851357365376057,0,0
2017,indigenous_analysis_sample,RACE,撒奇萊雅族,11,0.002447708055184691,0,0
2017,indigenous_analysis_sample,RACE,泰雅族,661,0.14708500222518914,0,0
2017,indigenous_analysis_sample,RACE,賽夏族,64,0.014241210502892745,0,0
2017,indigenous_analysis_sample,RACE,賽德克族,81,0.018024032042723633,0,0
2017,indigenous_analysis_sample,RACE,邵族,5,0.0011125945705384957,0,0
2017,indigenous_analysis_sample,RACE,鄒族,56,0.012461059190031152,0,0
2017,indigenous_analysis_sample,RACE,阿美族,1789,0.39808633733867377,0,0
2017,indigenous_analysis_sample,RACE,雅美族/達悟族,34,0.0075656430796617715,0,0
2017,indigenous_analysis_sample,RACE,魯凱族,100,0.022251891410769914,0,0
2017,indigenous_analysis_sample,RENT,"20,000元以上",33,0.4125,4414,0.9821984868713841
2017,indigenous_analysis_sample,RENT,不需要支付租金,27,0.3375,4414,0.9821984868713841
2017,indigenous_analysis_sample,RENT,"未滿1,000元",20,0.25,4414,0.9821984868713841
2021,indigenous_analysis_sample,EDU,不識字/自修,135,0.024958402662229616,0,0
2021,indigenous_analysis_sample,EDU,國(初)中,1130,0.20891107413569976,0,0
2021,indigenous_analysis_sample,EDU,國小,1092,0.201885745978924,0,0
2021,indigenous_analysis_sample,EDU,專科以上,1094,0.20225550009243853,0,0
2021,indigenous_analysis_sample,EDU,高中職,1958,0.36198927713070805,0,0
2021,indigenous_analysis_sample,EXP_ALCOHOL_EXPENDITURE,"1,000-1,999 元",592,0.1094472176002958,0,0
2021,indigenous_analysis_sample,EXP_ALCOHOL_EXPENDITURE,"10,000-14,999 元",109,0.02015159918654095,0,0
2021,indigenous_analysis_sample,EXP_ALCOHOL_EXPENDITURE,"15,000-19,999 元",31,0.005731188759474949,0,0
2021,indigenous_analysis_sample,EXP_ALCOHOL_EXPENDITURE,"2,000-2,999 元",509,0.09410242188944352,0,0
2021,indigenous_analysis_sample,EXP_ALCOHOL_EXPENDITURE,"20,000-29,999 元",21,0.003882418191902385,0,0
2021,indigenous_analysis_sample,EXP_ALCOHOL_EXPENDITURE,"3,000-3,999 元",514,0.0950268071732298,0,0
2021,indigenous_analysis_sample,EXP_ALCOHOL_EXPENDITURE,"30,000 元及以上，請記錄________元",1,1.8487705675725643e-4,0,0
2021,indigenous_analysis_sample,EXP_ALCOHOL_EXPENDITURE,"4,000-4,999 元",293,0.05416897762987613,0,0
2021,indigenous_analysis_sample,EXP_ALCOHOL_EXPENDITURE,499 元及以下,447,0.08264004437049362,0,0
2021,indigenous_analysis_sample,EXP_ALCOHOL_EXPENDITURE,"5,000-6,999 元",260,0.04806803475688667,0,0
2021,indigenous_analysis_sample,EXP_ALCOHOL_EXPENDITURE,500-999 元,545,0.10075799593270475,0,0
2021,indigenous_analysis_sample,EXP_ALCOHOL_EXPENDITURE,"7,000-9,999 元",191,0.03531151784063598,0,0
2021,indigenous_analysis_sample,EXP_ALCOHOL_EXPENDITURE,沒有這項支出,1896,0.3505268996117582,0,0
2021,indigenous_analysis_sample,EXP_BOOKS_EXPENDITURE,"1,000元-未滿2,000元",280,0.0517655758920318,0,0
2021,indigenous_analysis_sample,EXP_BOOKS_EXPENDITURE,"10,000元-未滿15,000元",5,9.243852837862821e-4,0,0
2021,indigenous_analysis_sample,EXP_BOOKS_EXPENDITURE,"2,000元-未滿3,000元",75,0.013865779256794232,0,0
2021,indigenous_analysis_sample,EXP_BOOKS_EXPENDITURE,"3,000元-未滿4,000元",20,0.0036975411351451285,0,0
2021,indigenous_analysis_sample,EXP_BOOKS_EXPENDITURE,"4,000元-未滿5,000元",14,0.00258827879460159,0,0
2021,indigenous_analysis_sample,EXP_BOOKS_EXPENDITURE,"5,000元-未滿7,000元",6,0.0011092623405435386,0,0
2021,indigenous_analysis_sample,EXP_BOOKS_EXPENDITURE,"7,000元-未滿10,000元",4,7.395082270290257e-4,0,0
2021,indigenous_analysis_sample,EXP_BOOKS_EXPENDITURE,"未滿1,000元",1283,0.23719726381956,0,0
2021,indigenous_analysis_sample,EXP_BOOKS_EXPENDITURE,沒有這項支出,3722,0.6881124052505084,0,0
2021,indigenous_analysis_sample,EXP_CARE_EXPENDITURE,"1,000元-未滿2,000元",52,0.009613606951377335,0,0
2021,indigenous_analysis_sample,EXP_CARE_EXPENDITURE,"10,000元-未滿15,000元",28,0.00517655758920318,0,0
2021,indigenous_analysis_sample,EXP_CARE_EXPENDITURE,"15,000元-未滿20,000元",15,0.0027731558513588465,0,0
2021,indigenous_analysis_sample,EXP_CARE_EXPENDITURE,"2,000元-未滿3,000元",26,0.004806803475688667,0,0
2021,indigenous_analysis_sample,EXP_CARE_EXPENDITURE,"20,000元-未滿30,000元",39,0.007210205213533,0,0
2021,indigenous_analysis_sample,EXP_CARE_EXPENDITURE,"3,000元-未滿4,000元",29,0.005361434645960436,0,0
2021,indigenous_analysis_sample,EXP_CARE_EXPENDITURE,"30,000元以上",16,0.002958032908116103,0,0
2021,indigenous_analysis_sample,EXP_CARE_EXPENDITURE,"4,000元-未滿5,000元",19,0.003512664078387872,0,0
2021,indigenous_analysis_sample,EXP_CARE_EXPENDITURE,"5,000元-未滿7,000元",18,0.0033277870216306157,0,0
2021,indigenous_analysis_sample,EXP_CARE_EXPENDITURE,"7,000元-未滿10,000元",25,0.0046219264189314106,0,0
2021,indigenous_analysis_sample,EXP_CARE_EXPENDITURE,"未滿1,000元",38,0.007025328156775744,0,0
2021,indigenous_analysis_sample,EXP_CARE_EXPENDITURE,沒有這項支出,5104,0.9436124976890368,0,0
2021,indigenous_analysis_sample,EXP_CLEANING_EXPENDITURE,有,5366,0.99702712746191,27,0.004991680532445923
2021,indigenous_analysis_sample,EXP_CLEANING_EXPENDITURE,沒有           ○11,16,0.0029728725380899295,27,0.004991680532445923
2021,indigenous_analysis_sample,EXP_CLOTHING_EXPENDITURE,"1,000元-未滿2,000元",1275,0.23571824736550195,0,0
2021,indigenous_analysis_sample,EXP_CLOTHING_EXPENDITURE,"10,000元-未滿15,000元",42,0.00776483638380477,0,0
2021,indigenous_analysis_sample,EXP_CLOTHING_EXPENDITURE,"15,000元-未滿20,000元",20,0.0036975411351451285,0,0
2021,indigenous_analysis_sample,EXP_CLOTHING_EXPENDITURE,"2,000元-未滿3,000元",636,0.11758180809761509,0,0
2021,indigenous_analysis_sample,EXP_CLOTHING_EXPENDITURE,"20,000元-未滿30,000元",9,0.0016638935108153079,0,0
2021,indigenous_analysis_sample,EXP_CLOTHING_EXPENDITURE,"3,000元-未滿4,000元",263,0.04862266592715844,0,0
2021,indigenous_analysis_sample,EXP_CLOTHING_EXPENDITURE,"30,000元以上",8,0.0014790164540580515,0,0
2021,indigenous_analysis_sample,EXP_CLOTHING_EXPENDITURE,"4,000元-未滿5,000元",177,0.032723239046034386,0,0
2021,indigenous_analysis_sample,EXP_CLOTHING_EXPENDITURE,"5,000元-未滿7,000元",114,0.02107598447032723,0,0
2021,indigenous_analysis_sample,EXP_CLOTHING_EXPENDITURE,"7,000元-未滿10,000元",60,0.011092623405435386,0,0
2021,indigenous_analysis_sample,EXP_CLOTHING_EXPENDITURE,"未滿1,000元",2046,0.37825845812534664,0,0
2021,indigenous_analysis_sample,EXP_CLOTHING_EXPENDITURE,沒有這項支出,759,0.1403216860787576,0,0
2021,indigenous_analysis_sample,EXP_DINING_LODGING_EXPENDITURE,有,2247,0.7987913259864913,2596,0.4799408393418377
2021,indigenous_analysis_sample,EXP_DINING_LODGING_EXPENDITURE,沒有           ○11 行住宿服務費,566,0.2012086740135087,2596,0.4799408393418377
2021,indigenous_analysis_sample,EXP_EDU_TUITION_EXPENDITURE,"1,000元-未滿2,000元",342,0.0632279534109817,0,0
2021,indigenous_analysis_sample,EXP_EDU_TUITION_EXPENDITURE,"10,000元-未滿15,000元",132,0.024403771491957847,0,0
2021,indigenous_analysis_sample,EXP_EDU_TUITION_EXPENDITURE,"15,000元-未滿20,000元",35,0.006470696986503975,0,0
2021,indigenous_analysis_sample,EXP_EDU_TUITION_EXPENDITURE,"2,000元-未滿3,000元",287,0.05305971528933259,0,0
2021,indigenous_analysis_sample,EXP_EDU_TUITION_EXPENDITURE,"20,000元-未滿30,000元",43,0.007949713440562027,0,0
2021,indigenous_analysis_sample,EXP_EDU_TUITION_EXPENDITURE,"3,000元-未滿4,000元",183,0.03383250138657792,0,0
2021,indigenous_analysis_sample,EXP_EDU_TUITION_EXPENDITURE,"30,000元以上",29,0.005361434645960436,0,0
2021,indigenous_analysis_sample,EXP_EDU_TUITION_EXPENDITURE,"4,000元-未滿5,000元",157,0.02902569791088926,0,0
2021,indigenous_analysis_sample,EXP_EDU_TUITION_EXPENDITURE,"5,000元-未滿7,000元",164,0.030319837308190052,0,0
2021,indigenous_analysis_sample,EXP_EDU_TUITION_EXPENDITURE,"7,000元-未滿10,000元",170,0.03142909964873359,0,0
2021,indigenous_analysis_sample,EXP_EDU_TUITION_EXPENDITURE,"未滿1,000元",380,0.07025328156775744,0,0
2021,indigenous_analysis_sample,EXP_EDU_TUITION_EXPENDITURE,沒有這項支出,3487,0.6446662969125532,0,0
2021,indigenous_analysis_sample,EXP_FOOD_EXPENDITURE,"10,000-11,999 元",731,0.13514512848955446,0,0
2021,indigenous_analysis_sample,EXP_FOOD_EXPENDITURE,"12,000-14,999 元",636,0.11758180809761509,0,0
2021,indigenous_analysis_sample,EXP_FOOD_EXPENDITURE,"15,000-19,999 元",621,0.11480865224625623,0,0
2021,indigenous_analysis_sample,EXP_FOOD_EXPENDITURE,"20,000-29,999 元",593,0.10963209465705306,0,0
2021,indigenous_analysis_sample,EXP_FOOD_EXPENDITURE,"3,000-4,999 元",646,0.11943057866518765,0,0
2021,indigenous_analysis_sample,EXP_FOOD_EXPENDITURE,"30,000-39,999 元",190,0.03512664078387872,0,0
2021,indigenous_analysis_sample,EXP_FOOD_EXPENDITURE,"40,000-49,999 元",36,0.0066555740432612314,0,0
2021,indigenous_analysis_sample,EXP_FOOD_EXPENDITURE,"5,000-6,999 元",749,0.13847291551118507,0,0
2021,indigenous_analysis_sample,EXP_FOOD_EXPENDITURE,"50,000-59,999 元",13,0.0024034017378443337,0,0
2021,indigenous_analysis_sample,EXP_FOOD_EXPENDITURE,"60,000-69,999 元",9,0.0016638935108153079,0,0
2021,indigenous_analysis_sample,EXP_FOOD_EXPENDITURE,"7,000-9,999 元",732,0.1353300055463117,0,0
2021,indigenous_analysis_sample,EXP_FOOD_EXPENDITURE,"70,000 元及以上，請記錄______________元",1,1.8487705675725643e-4,0,0
2021,indigenous_analysis_sample,EXP_FOOD_EXPENDITURE,"未滿3,000元",452,0.0835644296542799,0,0
2021,indigenous_analysis_sample,EXP_FURNITURE_EXPENDITURE,"1,000元-未滿2,000元",649,0.11998520983545942,0,0
2021,indigenous_analysis_sample,EXP_FURNITURE_EXPENDITURE,"10,000元-未滿15,000元",40,0.007395082270290257,0,0
2021,indigenous_analysis_sample,EXP_FURNITURE_EXPENDITURE,"15,000元-未滿20,000元",23,0.004252172305416898,0,0
2021,indigenous_analysis_sample,EXP_FURNITURE_EXPENDITURE,"2,000元-未滿3,000元",364,0.06729524865964134,0,0
2021,indigenous_analysis_sample,EXP_FURNITURE_EXPENDITURE,"20,000元-未滿30,000元",36,0.0066555740432612314,0,0
2021,indigenous_analysis_sample,EXP_FURNITURE_EXPENDITURE,"3,000元-未滿4,000元",176,0.03253836198927713,0,0
2021,indigenous_analysis_sample,EXP_FURNITURE_EXPENDITURE,"30,000元以上",33,0.006100942872989462,0,0
2021,indigenous_analysis_sample,EXP_FURNITURE_EXPENDITURE,"4,000元-未滿5,000元",124,0.022924755037899796,0,0
2021,indigenous_analysis_sample,EXP_FURNITURE_EXPENDITURE,"5,000元-未滿7,000元",85,0.015714549824366795,0,0
2021,indigenous_analysis_sample,EXP_FURNITURE_EXPENDITURE,"7,000元-未滿10,000元",47,0.008689221667591052,0,0
2021,indigenous_analysis_sample,EXP_FURNITURE_EXPENDITURE,"未滿1,000元",1150,0.21260861527084488,0,0
2021,indigenous_analysis_sample,EXP_FURNITURE_EXPENDITURE,沒有這項支出,2682,0.49584026622296173,0,0
2021,indigenous_analysis_sample,EXP_HOUSING_UTIL_EXPENDITURE,"1,000-1,499 元",708,0.13089295618413754,0,0
2021,indigenous_analysis_sample,EXP_HOUSING_UTIL_EXPENDITURE,"1,500-1,999 元",638,0.1179515622111296,0,0
2021,indigenous_analysis_sample,EXP_HOUSING_UTIL_EXPENDITURE,"10,000-14,999 元",403,0.07450545387317434,0,0
2021,indigenous_analysis_sample,EXP_HOUSING_UTIL_EXPENDITURE,"15,000-19,999 元",219,0.040488075429839156,0,0
2021,indigenous_analysis_sample,EXP_HOUSING_UTIL_EXPENDITURE,"2,000-2,499 元",558,0.10316139767054909,0,0
2021,indigenous_analysis_sample,EXP_HOUSING_UTIL_EXPENDITURE,"2,500-2,999 元",706,0.13052320207062304,0,0
2021,indigenous_analysis_sample,EXP_HOUSING_UTIL_EXPENDITURE,"20,000-29,999 元",145,0.02680717322980218,0,0
2021,indigenous_analysis_sample,EXP_HOUSING_UTIL_EXPENDITURE,"3,000-4,999 元",937,0.17322980218154926,0,0
2021,indigenous_analysis_sample,EXP_HOUSING_UTIL_EXPENDITURE,"30,000-39,999 元",21,0.003882418191902385,0,0
2021,indigenous_analysis_sample,EXP_HOUSING_UTIL_EXPENDITURE,"40,000-49,999 元",11,0.0020336476243298205,0,0
2021,indigenous_analysis_sample,EXP_HOUSING_UTIL_EXPENDITURE,"5,000-9,999 元",617,0.11406914401922721,0,0
2021,indigenous_analysis_sample,EXP_HOUSING_UTIL_EXPENDITURE,"50,000-59,999 元",6,0.0011092623405435386,0,0
2021,indigenous_analysis_sample,EXP_HOUSING_UTIL_EXPENDITURE,"60,000-69,999 元",2,3.6975411351451286e-4,0,0
2021,indigenous_analysis_sample,EXP_HOUSING_UTIL_EXPENDITURE,"70,000 元及以上，請記錄____________元",8,0.0014790164540580515,0,0
2021,indigenous_analysis_sample,EXP_HOUSING_UTIL_EXPENDITURE,999 元及以下,400,0.07395082270290257,0,0
2021,indigenous_analysis_sample,EXP_HOUSING_UTIL_EXPENDITURE,沒有這項支出,30,0.005546311702717693,0,0
2021,indigenous_analysis_sample,EXP_LOAN_INTEREST_EXPENDITURE,"1,000元-未滿2,000元",232,0.04289147716768349,0,0
2021,indigenous_analysis_sample,EXP_LOAN_INTEREST_EXPENDITURE,"10,000元-未滿15,000元",155,0.028655943797374746,0,0
2021,indigenous_analysis_sample,EXP_LOAN_INTEREST_EXPENDITURE,"15,000元-未滿20,000元",77,0.014235533370308745,0,0
2021,indigenous_analysis_sample,EXP_LOAN_INTEREST_EXPENDITURE,"2,000元-未滿3,000元",162,0.029950083194675542,0,0
2021,indigenous_analysis_sample,EXP_LOAN_INTEREST_EXPENDITURE,"20,000元-未滿30,000元",110,0.020336476243298207,0,0
2021,indigenous_analysis_sample,EXP_LOAN_INTEREST_EXPENDITURE,"3,000元-未滿4,000元",103,0.01904233684599741,0,0
2021,indigenous_analysis_sample,EXP_LOAN_INTEREST_EXPENDITURE,"30,000元以上",53,0.00979848400813459,0,0
2021,indigenous_analysis_sample,EXP_LOAN_INTEREST_EXPENDITURE,"4,000元-未滿5,000元",67,0.01238676280273618,0,0
2021,indigenous_analysis_sample,EXP_LOAN_INTEREST_EXPENDITURE,"5,000元-未滿7,000元",78,0.014420410427066,0,0
2021,indigenous_analysis_sample,EXP_LOAN_INTEREST_EXPENDITURE,"7,000元-未滿10,000元",77,0.014235533370308745,0,0
2021,indigenous_analysis_sample,EXP_LOAN_INTEREST_EXPENDITURE,"未滿1,000元",192,0.03549639489739324,0,0
2021,indigenous_analysis_sample,EXP_LOAN_INTEREST_EXPENDITURE,沒有這項支出,4103,0.7585505638750231,0,0
2021,indigenous_analysis_sample,EXP_MEDICAL_EXPENDITURE,"1,000-1,999 元",765,0.14143094841930118,0,0
2021,indigenous_analysis_sample,EXP_MEDICAL_EXPENDITURE,"10,000-14,999 元",183,0.03383250138657792,0,0
2021,indigenous_analysis_sample,EXP_MEDICAL_EXPENDITURE,"15,000-19,999 元",69,0.012756516916250694,0,0
2021,indigenous_analysis_sample,EXP_MEDICAL_EXPENDITURE,"2,000-2,999 元",426,0.07875762617859124,0,0
2021,indigenous_analysis_sample,EXP_MEDICAL_EXPENDITURE,"20,000-29,999 元",40,0.007395082270290257,0,0
2021,indigenous_analysis_sample,EXP_MEDICAL_EXPENDITURE,"3,000-3,999 元",350,0.06470696986503975,0,0
2021,indigenous_analysis_sample,EXP_MEDICAL_EXPENDITURE,"30,000 元及以上，請記錄________元",25,0.0046219264189314106,0,0
2021,indigenous_analysis_sample,EXP_MEDICAL_EXPENDITURE,"4,000-4,999 元",230,0.04252172305416898,0,0
2021,indigenous_analysis_sample,EXP_MEDICAL_EXPENDITURE,499 元及以下,1550,0.28655943797374744,0,0
2021,indigenous_analysis_sample,EXP_MEDICAL_EXPENDITURE,"5,000-6,999 元",218,0.0403031983730819,0,0
2021,indigenous_analysis_sample,EXP_MEDICAL_EXPENDITURE,500-999 元,1203,0.22240709927897948,0,0
2021,indigenous_analysis_sample,EXP_MEDICAL_EXPENDITURE,"7,000-9,999 元",223,0.04122758365686818,0,0
2021,indigenous_analysis_sample,EXP_MEDICAL_EXPENDITURE,沒有這項支出,127,0.023479386208171565,0,0
2021,indigenous_analysis_sample,EXP_OTHER_EXPENDITURE,"1,000元-未滿2,000元",597,0.11037160288408208,0,0
2021,indigenous_analysis_sample,EXP_OTHER_EXPENDITURE,"10,000元-未滿15,000元",26,0.004806803475688667,0,0
2021,indigenous_analysis_sample,EXP_OTHER_EXPENDITURE,"15,000元-未滿20,000元",9,0.0016638935108153079,0,0
2021,indigenous_analysis_sample,EXP_OTHER_EXPENDITURE,"2,000元-未滿3,000元",408,0.07542983915696062,0,0
2021,indigenous_analysis_sample,EXP_OTHER_EXPENDITURE,"20,000元-未滿30,000元",9,0.0016638935108153079,0,0
2021,indigenous_analysis_sample,EXP_OTHER_EXPENDITURE,"3,000元-未滿4,000元",170,0.03142909964873359,0,0
2021,indigenous_analysis_sample,EXP_OTHER_EXPENDITURE,"30,000元以上",1,1.8487705675725643e-4,0,0
2021,indigenous_analysis_sample,EXP_OTHER_EXPENDITURE,"4,000元-未滿5,000元",103,0.01904233684599741,0,0
2021,indigenous_analysis_sample,EXP_OTHER_EXPENDITURE,"5,000元-未滿7,000元",41,0.007579959327047513,0,0
2021,indigenous_analysis_sample,EXP_OTHER_EXPENDITURE,"7,000元-未滿10,000元",32,0.005916065816232206,0,0
2021,indigenous_analysis_sample,EXP_OTHER_EXPENDITURE,"未滿1,000元",1025,0.18949898317618782,0,0
2021,indigenous_analysis_sample,EXP_OTHER_EXPENDITURE,沒有這項支出,2988,0.5524126455906821,0,0
2021,indigenous_analysis_sample,EXP_TAX_INS_GIFT_EXPENDITURE,"1,000-1,499 元",570,0.10537992235163617,0,0
2021,indigenous_analysis_sample,EXP_TAX_INS_GIFT_EXPENDITURE,"1,500-1,999 元",518,0.09576631540025883,0,0
2021,indigenous_analysis_sample,EXP_TAX_INS_GIFT_EXPENDITURE,"10,000-14,999 元",205,0.03789979663523757,0,0
2021,indigenous_analysis_sample,EXP_TAX_INS_GIFT_EXPENDITURE,"15,000-19,999 元",106,0.01959696801626918,0,0
2021,indigenous_analysis_sample,EXP_TAX_INS_GIFT_EXPENDITURE,"2,000-2,499 元",414,0.07653910149750416,0,0
2021,indigenous_analysis_sample,EXP_TAX_INS_GIFT_EXPENDITURE,"2,500-2,999 元",601,0.1111111111111111,0,0
2021,indigenous_analysis_sample,EXP_TAX_INS_GIFT_EXPENDITURE,"20,000-29,999 元",61,0.011277500462192641,0,0
2021,indigenous_analysis_sample,EXP_TAX_INS_GIFT_EXPENDITURE,"3,000-3,999 元",616,0.11388426696246996,0,0
2021,indigenous_analysis_sample,EXP_TAX_INS_GIFT_EXPENDITURE,"30,000 元及以上，請記錄________元",15,0.0027731558513588465,0,0
2021,indigenous_analysis_sample,EXP_TAX_INS_GIFT_EXPENDITURE,"4,000-4,999 元",501,0.09262340543538547,0,0
2021,indigenous_analysis_sample,EXP_TAX_INS_GIFT_EXPENDITURE,"5,000-6,999 元",615,0.1136993899057127,0,0
2021,indigenous_analysis_sample,EXP_TAX_INS_GIFT_EXPENDITURE,"7,000-9,999 元",404,0.07469033092993159,0,0
2021,indigenous_analysis_sample,EXP_TAX_INS_GIFT_EXPENDITURE,999 元及以下,531,0.09816971713810316,0,0
2021,indigenous_analysis_sample,EXP_TAX_INS_GIFT_EXPENDITURE,沒有這項支出,252,0.04658901830282862,0,0
2021,indigenous_analysis_sample,EXP_TRANSPORT_COMM_EXPENDITURE,"1,000-1,999 元",669,0.12368275097060455,0,0
2021,indigenous_analysis_sample,EXP_TRANSPORT_COMM_EXPENDITURE,"10,000-14,999 元",534,0.09872434830837493,0,0
2021,indigenous_analysis_sample,EXP_TRANSPORT_COMM_EXPENDITURE,"15,000-19,999 元",173,0.03198373081900536,0,0
2021,indigenous_analysis_sample,EXP_TRANSPORT_COMM_EXPENDITURE,"2,000-2,999 元",626,0.11573303753004252,0,0
2021,indigenous_analysis_sample,EXP_TRANSPORT_COMM_EXPENDITURE,"20,000-29,999 元",116,0.021445738583841745,0,0
2021,indigenous_analysis_sample,EXP_TRANSPORT_COMM_EXPENDITURE,"3,000-3,999 元",594,0.10981697171381032,0,0
2021,indigenous_analysis_sample,EXP_TRANSPORT_COMM_EXPENDITURE,"30,000 元及以上，請記錄________元",34,0.006285819929746719,0,0
2021,indigenous_analysis_sample,EXP_TRANSPORT_COMM_EXPENDITURE,"4,000-4,999 元",758,0.14013680902200037,0,0
2021,indigenous_analysis_sample,EXP_TRANSPORT_COMM_EXPENDITURE,"5,000-6,999 元",796,0.1471621371787761,0,0
2021,indigenous_analysis_sample,EXP_TRANSPORT_COMM_EXPENDITURE,"7,000-9,999 元",679,0.12553152153817712,0,0
2021,indigenous_analysis_sample,EXP_TRANSPORT_COMM_EXPENDITURE,999 元及以下,385,0.07117766685154372,0,0
2021,indigenous_analysis_sample,EXP_TRANSPORT_COMM_EXPENDITURE,沒有這項支出,45,0.008319467554076539,0,0
2021,indigenous_analysis_sample,EXP_TRAVEL_EXPENDITURE,"1,000元-未滿2,000元",378,0.06988352745424292,0,0
2021,indigenous_analysis_sample,EXP_TRAVEL_EXPENDITURE,"10,000元-未滿15,000元",23,0.004252172305416898,0,0
2021,indigenous_analysis_sample,EXP_TRAVEL_EXPENDITURE,"15,000元-未滿20,000元",7,0.001294139397300795,0,0
2021,indigenous_analysis_sample,EXP_TRAVEL_EXPENDITURE,"2,000元-未滿3,000元",182,0.03364762432982067,0,0
2021,indigenous_analysis_sample,EXP_TRAVEL_EXPENDITURE,"20,000元-未滿30,000元",5,9.243852837862821e-4,0,0
2021,indigenous_analysis_sample,EXP_TRAVEL_EXPENDITURE,"3,000元-未滿4,000元",71,0.013126271029765206,0,0
2021,indigenous_analysis_sample,EXP_TRAVEL_EXPENDITURE,"30,000元以上",6,0.0011092623405435386,0,0
2021,indigenous_analysis_sample,EXP_TRAVEL_EXPENDITURE,"4,000元-未滿5,000元",80,0.014790164540580514,0,0
2021,indigenous_analysis_sample,EXP_TRAVEL_EXPENDITURE,"5,000元-未滿7,000元",40,0.007395082270290257,0,0
2021,indigenous_analysis_sample,EXP_TRAVEL_EXPENDITURE,"7,000元-未滿10,000元",21,0.003882418191902385,0,0
2021,indigenous_analysis_sample,EXP_TRAVEL_EXPENDITURE,"未滿1,000元",591,0.10926234054353855,0,0
2021,indigenous_analysis_sample,EXP_TRAVEL_EXPENDITURE,沒有這項支出,4005,0.740432612312812,0,0
2021,indigenous_analysis_sample,HOUSE_BELONG,借用,169,0.031244222591976335,0,0
2021,indigenous_analysis_sample,HOUSE_BELONG,租賃,1106,0.2044740247735256,0,0
2021,indigenous_analysis_sample,HOUSE_BELONG,自有/家人所有/自建,4103,0.7585505638750231,0,0
2021,indigenous_analysis_sample,HOUSE_BELONG,配住,31,0.005731188759474949,0,0
2021,indigenous_analysis_sample,INC_FAM_GOV_INCOME,"1,000-1,999 元",71,0.013126271029765206,0,0
2021,indigenous_analysis_sample,INC_FAM_GOV_INCOME,"10,000-14,999 元",288,0.05324459234608985,0,0
2021,indigenous_analysis_sample,INC_FAM_GOV_INCOME,"15,000-19,999 元",100,0.018487705675725642,0,0
2021,indigenous_analysis_sample,INC_FAM_GOV_INCOME,"2,000-2,999 元",106,0.01959696801626918,0,0
2021,indigenous_analysis_sample,INC_FAM_GOV_INCOME,"20,000-29,999 元",78,0.014420410427066,0,0
2021,indigenous_analysis_sample,INC_FAM_GOV_INCOME,"3,000-3,999 元",714,0.13200221852468108,0,0
2021,indigenous_analysis_sample,INC_FAM_GOV_INCOME,"30,000 元及以上，請記錄________元",15,0.0027731558513588465,0,0
2021,indigenous_analysis_sample,INC_FAM_GOV_INCOME,"4,000-4,999 元",284,0.052505084119060824,0,0
2021,indigenous_analysis_sample,INC_FAM_GOV_INCOME,"5,000-5,999 元",223,0.04122758365686818,0,0
2021,indigenous_analysis_sample,INC_FAM_GOV_INCOME,"6,000-7,999 元",550,0.10168238121649104,0,0
2021,indigenous_analysis_sample,INC_FAM_GOV_INCOME,"8,000-9,999 元",196,0.03623590312442226,0,0
2021,indigenous_analysis_sample,INC_FAM_GOV_INCOME,999 元及以下,82,0.015159918654095026,0,0
2021,indigenous_analysis_sample,INC_FAM_GOV_INCOME,沒有這項收入,2702,0.4995378073581069,0,0
2021,indigenous_analysis_sample,INC_FAM_INTEREST_INCOME,"1,000-1,999 元",178,0.032908116102791644,0,0
2021,indigenous_analysis_sample,INC_FAM_INTEREST_INCOME,"10,000-14,999 元",49,0.009058975781105564,0,0
2021,indigenous_analysis_sample,INC_FAM_INTEREST_INCOME,"15,000-19,999 元",7,0.001294139397300795,0,0
2021,indigenous_analysis_sample,INC_FAM_INTEREST_INCOME,"2,000-2,999 元",85,0.015714549824366795,0,0
2021,indigenous_analysis_sample,INC_FAM_INTEREST_INCOME,"20,000-29,999 元",4,7.395082270290257e-4,0,0
2021,indigenous_analysis_sample,INC_FAM_INTEREST_INCOME,"3,000-3,999 元",35,0.006470696986503975,0,0
2021,indigenous_analysis_sample,INC_FAM_INTEREST_INCOME,"30,000 元及以上，請記錄________元",6,0.0011092623405435386,0,0
2021,indigenous_analysis_sample,INC_FAM_INTEREST_INCOME,"4,000-4,999 元",36,0.0066555740432612314,0,0
2021,indigenous_analysis_sample,INC_FAM_INTEREST_INCOME,"5,000-5,999 元",23,0.004252172305416898,0,0
2021,indigenous_analysis_sample,INC_FAM_INTEREST_INCOME,"6,000-7,999 元",12,0.0022185246810870773,0,0
2021,indigenous_analysis_sample,INC_FAM_INTEREST_INCOME,"8,000-9,999 元",22,0.004067295248659641,0,0
2021,indigenous_analysis_sample,INC_FAM_INTEREST_INCOME,999 元及以下,1073,0.19837308190053615,0,0
2021,indigenous_analysis_sample,INC_FAM_INTEREST_INCOME,沒有這項收入,3879,0.7171381031613977,0,0
2021,indigenous_analysis_sample,INC_FAM_OTHER_INCOME,"10,000元-未滿15,000元",22,0.004067295248659641,0,0
2021,indigenous_analysis_sample,INC_FAM_OTHER_INCOME,"15,000元-未滿20,000元",5,9.243852837862821e-4,0,0
2021,indigenous_analysis_sample,INC_FAM_OTHER_INCOME,"20,000元-未滿25,000元",13,0.0024034017378443337,0,0
2021,indigenous_analysis_sample,INC_FAM_OTHER_INCOME,"25,000元-未滿30,000元",6,0.0011092623405435386,0,0
2021,indigenous_analysis_sample,INC_FAM_OTHER_INCOME,"30,000元-未滿40,000元",2,3.6975411351451286e-4,0,0
2021,indigenous_analysis_sample,INC_FAM_OTHER_INCOME,"40,000元-未滿50,000元",1,1.8487705675725643e-4,0,0
2021,indigenous_analysis_sample,INC_FAM_OTHER_INCOME,"5,000元-未滿10,000元",42,0.00776483638380477,0,0
2021,indigenous_analysis_sample,INC_FAM_OTHER_INCOME,"50,000元-未滿60,000元",42,0.00776483638380477,0,0
2021,indigenous_analysis_sample,INC_FAM_OTHER_INCOME,"70,000元-未滿80,000元",3,5.546311702717693e-4,0,0
2021,indigenous_analysis_sample,INC_FAM_OTHER_INCOME,"未滿5,000元",229,0.04233684599741172,0,0
2021,indigenous_analysis_sample,INC_FAM_OTHER_INCOME,沒有這項收入,5044,0.9325198742836014,0,0
2021,indigenous_analysis_sample,INC_FAM_RENT_INCOME,"10,000-14,999 元",22,0.004067295248659641,0,0
2021,indigenous_analysis_sample,INC_FAM_RENT_INCOME,"15,000-19,999 元",11,0.0020336476243298205,0,0
2021,indigenous_analysis_sample,INC_FAM_RENT_INCOME,"20,000-24,999 元",9,0.0016638935108153079,0,0
2021,indigenous_analysis_sample,INC_FAM_RENT_INCOME,"25,000-29,999 元",4,7.395082270290257e-4,0,0
2021,indigenous_analysis_sample,INC_FAM_RENT_INCOME,"30,000-39,999 元",4,7.395082270290257e-4,0,0
2021,indigenous_analysis_sample,INC_FAM_RENT_INCOME,"4,999 元及以下",65,0.012017008689221667,0,0
2021,indigenous_analysis_sample,INC_FAM_RENT_INCOME,"40,000-49,999 元",4,7.395082270290257e-4,0,0
2021,indigenous_analysis_sample,INC_FAM_RENT_INCOME,"5,000-9,999 元",40,0.007395082270290257,0,0
2021,indigenous_analysis_sample,INC_FAM_RENT_INCOME,"50,000-59,999 元",21,0.003882418191902385,0,0
2021,indigenous_analysis_sample,INC_FAM_RENT_INCOME,"70,000-79,999 元",1,1.8487705675725643e-4,0,0
2021,indigenous_analysis_sample,INC_FAM_RENT_INCOME,"80,000 元及以上，請記錄_________________元",1,1.8487705675725643e-4,0,0
2021,indigenous_analysis_sample,INC_FAM_RENT_INCOME,沒有這項收入,5227,0.9663523756701793,0,0
2021,indigenous_analysis_sample,INC_FAM_TRANSFER_INCOME,"1,000-1,999 元",163,0.030134960251432797,0,0
2021,indigenous_analysis_sample,INC_FAM_TRANSFER_INCOME,"10,000-14,999 元",14,0.00258827879460159,0,0
2021,indigenous_analysis_sample,INC_FAM_TRANSFER_INCOME,"15,000-19,999 元",8,0.0014790164540580515,0,0
2021,indigenous_analysis_sample,INC_FAM_TRANSFER_INCOME,"2,000-2,999 元",68,0.012571639859493437,0,0
2021,indigenous_analysis_sample,INC_FAM_TRANSFER_INCOME,"20,000-29,999 元",8,0.0014790164540580515,0,0
2021,indigenous_analysis_sample,INC_FAM_TRANSFER_INCOME,"3,000-3,999 元",30,0.005546311702717693,0,0
2021,indigenous_analysis_sample,INC_FAM_TRANSFER_INCOME,"30,000 元及以上，請記錄________元",2,3.6975411351451286e-4,0,0
2021,indigenous_analysis_sample,INC_FAM_TRANSFER_INCOME,"4,000-4,999 元",27,0.004991680532445923,0,0
2021,indigenous_analysis_sample,INC_FAM_TRANSFER_INCOME,"5,000-5,999 元",14,0.00258827879460159,0,0
2021,indigenous_analysis_sample,INC_FAM_TRANSFER_INCOME,"6,000-7,999 元",13,0.0024034017378443337,0,0
2021,indigenous_analysis_sample,INC_FAM_TRANSFER_INCOME,"8,000-9,999 元",12,0.0022185246810870773,0,0
2021,indigenous_analysis_sample,INC_FAM_TRANSFER_INCOME,999 元及以下,267,0.04936217415418746,0,0
2021,indigenous_analysis_sample,INC_FAM_TRANSFER_INCOME,沒有這項收入,4783,0.8842669624699575,0,0
2021,indigenous_analysis_sample,INC_FAM_WORK_INCOME,"10,000-19,999 元",356,0.06581623220558329,0,0
2021,indigenous_analysis_sample,INC_FAM_WORK_INCOME,"100,000-129,999元",356,0.06581623220558329,0,0
2021,indigenous_analysis_sample,INC_FAM_WORK_INCOME,"130,000-159,999元",228,0.04215196894065446,0,0
2021,indigenous_analysis_sample,INC_FAM_WORK_INCOME,"160,000 元及以上，請記錄____________元",84,0.01552967276760954,0,0
2021,indigenous_analysis_sample,INC_FAM_WORK_INCOME,"20,000-29,999 元",529,0.09779996302458865,0,0
2021,indigenous_analysis_sample,INC_FAM_WORK_INCOME,"30,000-39,999 元",631,0.1166574228138288,0,0
2021,indigenous_analysis_sample,INC_FAM_WORK_INCOME,"40,000-49,999 元",598,0.11055647994083934,0,0
2021,indigenous_analysis_sample,INC_FAM_WORK_INCOME,"50,000-59,999 元",607,0.11222037345165466,0,0
2021,indigenous_analysis_sample,INC_FAM_WORK_INCOME,"60,000-69,999 元",485,0.08966537252726936,0,0
2021,indigenous_analysis_sample,INC_FAM_WORK_INCOME,"70,000-79,999 元",430,0.07949713440562026,0,0
2021,indigenous_analysis_sample,INC_FAM_WORK_INCOME,"80,000-89,999 元",338,0.06248844518395267,0,0
2021,indigenous_analysis_sample,INC_FAM_WORK_INCOME,"9,999 元及以下",180,0.033277870216306155,0,0
2021,indigenous_analysis_sample,INC_FAM_WORK_INCOME,"90,000-99,999 元",270,0.04991680532445923,0,0
2021,indigenous_analysis_sample,INC_FAM_WORK_INCOME,沒有這項收入,317,0.05860602699205029,0,0
2021,indigenous_analysis_sample,INC_PERS_GOV_INCOME,"1,000-1,999 元",55,0.010168238121649104,0,0
2021,indigenous_analysis_sample,INC_PERS_GOV_INCOME,"10,000-14,999 元",87,0.01608430393788131,0,0
2021,indigenous_analysis_sample,INC_PERS_GOV_INCOME,"15,000-19,999 元",39,0.007210205213533,0,0
2021,indigenous_analysis_sample,INC_PERS_GOV_INCOME,"2,000-2,999 元",56,0.01035311517840636,0,0
2021,indigenous_analysis_sample,INC_PERS_GOV_INCOME,"20,000元-未滿30,000元",36,0.0066555740432612314,0,0
2021,indigenous_analysis_sample,INC_PERS_GOV_INCOME,"3,000-3,999 元",603,0.11148086522462562,0,0
2021,indigenous_analysis_sample,INC_PERS_GOV_INCOME,"30,000元以上，請記錄________元",3,5.546311702717693e-4,0,0
2021,indigenous_analysis_sample,INC_PERS_GOV_INCOME,"4,000-4,999 元",178,0.032908116102791644,0,0
2021,indigenous_analysis_sample,INC_PERS_GOV_INCOME,"5,000-5,999 元",85,0.015714549824366795,0,0
2021,indigenous_analysis_sample,INC_PERS_GOV_INCOME,"6,000-7,999 元",297,0.05490848585690516,0,0
2021,indigenous_analysis_sample,INC_PERS_GOV_INCOME,"8,000-9,999 元",78,0.014420410427066,0,0
2021,indigenous_analysis_sample,INC_PERS_GOV_INCOME,999 元及以下,101,0.018672582732482897,0,0
2021,indigenous_analysis_sample,INC_PERS_GOV_INCOME,沒有這項收入,3791,0.7008689221667591,0,0
2021,indigenous_analysis_sample,INC_PERS_INTEREST_INCOME,"1,000-1,999 元",113,0.020891107413569976,0,0
2021,indigenous_analysis_sample,INC_PERS_INTEREST_INCOME,"10,000-14,999 元",26,0.004806803475688667,0,0
2021,indigenous_analysis_sample,INC_PERS_INTEREST_INCOME,"15,000-19,999 元",6,0.0011092623405435386,0,0
2021,indigenous_analysis_sample,INC_PERS_INTEREST_INCOME,"2,000-2,999 元",52,0.009613606951377335,0,0
2021,indigenous_analysis_sample,INC_PERS_INTEREST_INCOME,"20,000-29,999 元",3,5.546311702717693e-4,0,0
2021,indigenous_analysis_sample,INC_PERS_INTEREST_INCOME,"3,000-3,999 元",21,0.003882418191902385,0,0
2021,indigenous_analysis_sample,INC_PERS_INTEREST_INCOME,"30,000 元及以上，請記錄________元",3,5.546311702717693e-4,0,0
2021,indigenous_analysis_sample,INC_PERS_INTEREST_INCOME,"4,000-4,999 元",23,0.004252172305416898,0,0
2021,indigenous_analysis_sample,INC_PERS_INTEREST_INCOME,"5,000-5,999 元",15,0.0027731558513588465,0,0
2021,indigenous_analysis_sample,INC_PERS_INTEREST_INCOME,"6,000-7,999 元",4,7.395082270290257e-4,0,0
2021,indigenous_analysis_sample,INC_PERS_INTEREST_INCOME,"8,000-9,999 元",12,0.0022185246810870773,0,0
2021,indigenous_analysis_sample,INC_PERS_INTEREST_INCOME,999 元及以下,946,0.17489369569236457,0,0
2021,indigenous_analysis_sample,INC_PERS_INTEREST_INCOME,沒有這項收入,4185,0.7737104825291181,0,0
2021,indigenous_analysis_sample,INC_PERS_OTHER_INCOME,"10,000-14,999 元",14,0.00258827879460159,0,0
2021,indigenous_analysis_sample,INC_PERS_OTHER_INCOME,"15,000-19,999 元",3,5.546311702717693e-4,0,0
2021,indigenous_analysis_sample,INC_PERS_OTHER_INCOME,"20,000-24,999 元",11,0.0020336476243298205,0,0
2021,indigenous_analysis_sample,INC_PERS_OTHER_INCOME,"25,000-29,999 元",3,5.546311702717693e-4,0,0
2021,indigenous_analysis_sample,INC_PERS_OTHER_INCOME,"30,000-39,999 元",1,1.8487705675725643e-4,0,0
2021,indigenous_analysis_sample,INC_PERS_OTHER_INCOME,"4,999 元及以下",179,0.0330929931595489,0,0
2021,indigenous_analysis_sample,INC_PERS_OTHER_INCOME,"40,000-49,999 元",1,1.8487705675725643e-4,0,0
2021,indigenous_analysis_sample,INC_PERS_OTHER_INCOME,"5,000-9,999 元",34,0.006285819929746719,0,0
2021,indigenous_analysis_sample,INC_PERS_OTHER_INCOME,"50,000-59,999 元",8,0.0014790164540580515,0,0
2021,indigenous_analysis_sample,INC_PERS_OTHER_INCOME,"70,000-79,999 元",1,1.8487705675725643e-4,0,0
2021,indigenous_analysis_sample,INC_PERS_OTHER_INCOME,沒有這項收入,5154,0.9528563505268997,0,0
2021,indigenous_analysis_sample,INC_PERS_RENT_INCOME,"10,000-14,999 元",17,0.0031429099648733593,0,0
2021,indigenous_analysis_sample,INC_PERS_RENT_INCOME,"15,000-19,999 元",4,7.395082270290257e-4,0,0
2021,indigenous_analysis_sample,INC_PERS_RENT_INCOME,"20,000-24,999 元",6,0.0011092623405435386,0,0
2021,indigenous_analysis_sample,INC_PERS_RENT_INCOME,"25,000-29,999 元",3,5.546311702717693e-4,0,0
2021,indigenous_analysis_sample,INC_PERS_RENT_INCOME,"30,000-39,999 元",4,7.395082270290257e-4,0,0
2021,indigenous_analysis_sample,INC_PERS_RENT_INCOME,"4,999 元及以下",53,0.00979848400813459,0,0
2021,indigenous_analysis_sample,INC_PERS_RENT_INCOME,"40,000-49,999 元",2,3.6975411351451286e-4,0,0
2021,indigenous_analysis_sample,INC_PERS_RENT_INCOME,"5,000-9,999 元",25,0.0046219264189314106,0,0
2021,indigenous_analysis_sample,INC_PERS_RENT_INCOME,"50,000-59,999 元",11,0.0020336476243298205,0,0
2021,indigenous_analysis_sample,INC_PERS_RENT_INCOME,"70,000-79,999 元",1,1.8487705675725643e-4,0,0
2021,indigenous_analysis_sample,INC_PERS_RENT_INCOME,"80,000 元及以上，請記錄_________________元",1,1.8487705675725643e-4,0,0
2021,indigenous_analysis_sample,INC_PERS_RENT_INCOME,沒有這項收入,5282,0.9765206137918284,0,0
2021,indigenous_analysis_sample,INC_PERS_TRANSFER_INCOME,"1,000-1,999 元",114,0.02107598447032723,0,0
2021,indigenous_analysis_sample,INC_PERS_TRANSFER_INCOME,"10,000-14,999 元",12,0.0022185246810870773,0,0
2021,indigenous_analysis_sample,INC_PERS_TRANSFER_INCOME,"15,000-19,999 元",4,7.395082270290257e-4,0,0
2021,indigenous_analysis_sample,INC_PERS_TRANSFER_INCOME,"2,000-2,999 元",41,0.007579959327047513,0,0
2021,indigenous_analysis_sample,INC_PERS_TRANSFER_INCOME,"20,000元-未滿30,000元",4,7.395082270290257e-4,0,0
2021,indigenous_analysis_sample,INC_PERS_TRANSFER_INCOME,"3,000-3,999 元",12,0.0022185246810870773,0,0
2021,indigenous_analysis_sample,INC_PERS_TRANSFER_INCOME,"30,000元以上，請記錄________元",2,3.6975411351451286e-4,0,0
2021,indigenous_analysis_sample,INC_PERS_TRANSFER_INCOME,"4,000-4,999 元",18,0.0033277870216306157,0,0
2021,indigenous_analysis_sample,INC_PERS_TRANSFER_INCOME,"5,000-5,999 元",11,0.0020336476243298205,0,0
2021,indigenous_analysis_sample,INC_PERS_TRANSFER_INCOME,"6,000-7,999 元",5,9.243852837862821e-4,0,0
2021,indigenous_analysis_sample,INC_PERS_TRANSFER_INCOME,"8,000-9,999 元",6,0.0011092623405435386,0,0
2021,indigenous_analysis_sample,INC_PERS_TRANSFER_INCOME,999 元及以下,196,0.03623590312442226,0,0
2021,indigenous_analysis_sample,INC_PERS_TRANSFER_INCOME,沒有這項收入,4984,0.921427250878166,0,0
2021,indigenous_analysis_sample,INC_PERS_WORK_INCOME,"10,000-14,999 元",323,0.059715289332593825,0,0
2021,indigenous_analysis_sample,INC_PERS_WORK_INCOME,"100,000-129,999元",47,0.008689221667591052,0,0
2021,indigenous_analysis_sample,INC_PERS_WORK_INCOME,"130,000-159,999元",13,0.0024034017378443337,0,0
2021,indigenous_analysis_sample,INC_PERS_WORK_INCOME,"15,000-19,999 元",276,0.051026067665002776,0,0
2021,indigenous_analysis_sample,INC_PERS_WORK_INCOME,"160,000 元及以上，請記錄____________元",18,0.0033277870216306157,0,0
2021,indigenous_analysis_sample,INC_PERS_WORK_INCOME,"20,000-24,999 元",406,0.0750600850434461,0,0
2021,indigenous_analysis_sample,INC_PERS_WORK_INCOME,"25,000-29,999 元",819,0.15141430948419302,0,0
2021,indigenous_analysis_sample,INC_PERS_WORK_INCOME,"30,000-39,999 元",1163,0.21501201700868922,0,0
2021,indigenous_analysis_sample,INC_PERS_WORK_INCOME,"40,000-49,999 元",693,0.1281198003327787,0,0
2021,indigenous_analysis_sample,INC_PERS_WORK_INCOME,"50,000-59,999 元",401,0.07413569975965982,0,0
2021,indigenous_analysis_sample,INC_PERS_WORK_INCOME,"60,000-69,999 元",148,0.02736180440007395,0,0
2021,indigenous_analysis_sample,INC_PERS_WORK_INCOME,"70,000-79,999 元",93,0.017193566278424846,0,0
2021,indigenous_analysis_sample,INC_PERS_WORK_INCOME,"80,000-89,999 元",43,0.007949713440562027,0,0
2021,indigenous_analysis_sample,INC_PERS_WORK_INCOME,"9,999 元及以下",279,0.051580698835274545,0,0
2021,indigenous_analysis_sample,INC_PERS_WORK_INCOME,"90,000-99,999 元",51,0.009428729894620078,0,0
2021,indigenous_analysis_sample,INC_PERS_WORK_INCOME,沒有這項收入,636,0.11758180809761509,0,0
2021,indigenous_analysis_sample,MALE,男性,3243,0.5995562950637826,0,0
2021,indigenous_analysis_sample,MALE,非男性,2166,0.4004437049362174,0,0
2021,indigenous_analysis_sample,RACE,卑南族,141,0.026067665002773157,0,0
2021,indigenous_analysis_sample,RACE,噶瑪蘭族,42,0.00776483638380477,0,0
2021,indigenous_analysis_sample,RACE,太魯閣族,233,0.04307635422444075,0,0
2021,indigenous_analysis_sample,RACE,布農族,476,0.08800147901645405,0,0
2021,indigenous_analysis_sample,RACE,排灣族,809,0.14956553891662044,0,0
2021,indigenous_analysis_sample,RACE,泰雅族,671,0.12405250508411907,0,0
2021,indigenous_analysis_sample,RACE,賽夏族,73,0.01349602514327972,0,0
2021,indigenous_analysis_sample,RACE,賽德克族,93,0.017193566278424846,0,0
2021,indigenous_analysis_sample,RACE,鄒族,38,0.007025328156775744,0,0
2021,indigenous_analysis_sample,RACE,阿美族,1652,0.30541689776298764,0,0
2021,indigenous_analysis_sample,RACE,雅美族/達悟族,37,0.006840451100018487,0,0
2021,indigenous_analysis_sample,RACE,非原住民族,1017,0.18801996672212978,0,0
2021,indigenous_analysis_sample,RACE,魯凱族,127,0.023479386208171565,0,0
2021,indigenous_analysis_sample,RENT,"1,000-2,999元",37,0.03251318101933216,4271,0.7896099094102422
2021,indigenous_analysis_sample,RENT,"10,000-19,999元",470,0.4130052724077329,4271,0.7896099094102422
2021,indigenous_analysis_sample,RENT,"20,000元以上",61,0.05360281195079086,4271,0.7896099094102422
2021,indigenous_analysis_sample,RENT,"3,000-4,999元",96,0.0843585237258348,4271,0.7896099094102422
2021,indigenous_analysis_sample,RENT,"5,000-6,999元",175,0.15377855887521968,4271,0.7896099094102422
2021,indigenous_analysis_sample,RENT,"7,000-9,999元",260,0.22847100175746923,4271,0.7896099094102422
2021,indigenous_analysis_sample,RENT,不需要支付租金,24,0.0210896309314587,4271,0.7896099094102422
2021,indigenous_analysis_sample,RENT,"未滿1,000元",15,0.013181019332161687,4271,0.7896099094102422
