ID,SOURCE_ID,SURVEY_TAG,DATA_Y
110::1329203,1329203,110,2021
110::1329349,1329349,110,2021
110::1329558,1329558,110,2021
110::1329674,1329674,110,2021
110::1330056,1330056,110,2021
110::1330277,1330277,110,2021
110::1330404,1330404,110,2021
110::1330422,1330422,110,2021
110::1330430,1330430,110,2021
110::1331330,1331330,110,2021
110::1331666,1331666,110,2021
110::1331918,1331918,110,2021
110::1332986,1332986,110,2021
110::1333152,1333152,110,2021
110::1333618,1333618,110,2021
110::1334313,1334313,110,2021
110::1334386,1334386,110,2021
110::1334454,1334454,110,2021
110::1334470,1334470,110,2021
110::1334678,1334678,110,2021
110::1335720,1335720,110,2021
110::1335949,1335949,110,2021
110::1336082,1336082,110,2021
110::1336115,1336115,110,2021
110::1336125,1336125,110,2021
110::1336138,1336138,110,2021
110::1336278,1336278,110,2021
110::1336444,1336444,110,2021
110::1336861,1336861,110,2021
110::1336894,1336894,110,2021
110::1336982,1336982,110,2021
110::1337074,1337074,110,2021
110::1337463,1337463,110,2021
110::1337876,1337876,110,2021
110::1337985,1337985,110,2021
110::1338096,1338096,110,2021
110::1338909,1338909,110,2021
110::1340346,1340346,110,2021
110::1340397,1340397,110,2021
110::1340724,1340724,110,2021
110::1340742,1340742,110,2021
110::1340836,1340836,110,2021
110::1341190,1341190,110,2021
110::1341596,1341596,110,2021
110::1342093,1342093,110,2021
110::1342633,1342633,110,2021
110::1342932,1342932,110,2021
110::1343425,1343425,110,2021
110::1343787,1343787,110,2021
110::1344570,1344570,110,2021
110::1344943,1344943,110,2021
110::1345735,1345735,110,2021
110::1345979,1345979,110,2021
110::1346209,1346209,110,2021
110::1346301,1346301,110,2021
110::1346338,1346338,110,2021
110::1347827,1347827,110,2021
110::1348132,1348132,110,2021
110::1349375,1349375,110,2021
110::1349584,1349584,110,2021
110::1350025,1350025,110,2021
110::1350232,1350232,110,2021
110::1350300,1350300,110,2021
110::1350538,1350538,110,2021
110::1350707,1350707,110,2021
110::1350836,1350836,110,2021
110::1350855,1350855,110,2021
110::1351204,1351204,110,2021
110::1351294,1351294,110,2021
110::1351524,1351524,110,2021
110::1351944,1351944,110,2021
110::1352152,1352152,110,2021
110::1352283,1352283,110,2021
110::1352536,1352536,110,2021
110::1353601,1353601,110,2021
110::1354054,1354054,110,2021
110::1354137,1354137,110,2021
110::1354442,1354442,110,2021
110::1354521,1354521,110,2021
110::1354672,1354672,110,2021
110::1354769,1354769,110,2021
110::1355148,1355148,110,2021
110::1355179,1355179,110,2021
110::1355320,1355320,110,2021
110::1355351,1355351,110,2021
110::1355541,1355541,110,2021
110::1355580,1355580,110,2021
110::1355724,1355724,110,2021
110::1356194,1356194,110,2021
110::1356243,1356243,110,2021
110::1357151,1357151,110,2021
110::1357720,1357720,110,2021
110::1357804,1357804,110,2021
110::1358221,1358221,110,2021
110::1358319,1358319,110,2021
110::1358402,1358402,110,2021
110::1358604,1358604,110,2021
110::1358812,1358812,110,2021
110::1359694,1359694,110,2021
110::1361158,1361158,110,2021
110::1362184,1362184,110,2021
110::1362185,1362185,110,2021
110::1362358,1362358,110,2021
110::1362479,1362479,110,2021
110::1362528,1362528,110,2021
110::1362766,1362766,110,2021
110::1363135,1363135,110,2021
110::1363403,1363403,110,2021
110::1363808,1363808,110,2021
110::1364010,1364010,110,2021
110::1364199,1364199,110,2021
110::1364318,1364318,110,2021
110::1365682,1365682,110,2021
110::1365763,1365763,110,2021
110::1366182,1366182,110,2021
110::1366211,1366211,110,2021
110::1366654,1366654,110,2021
110::1366859,1366859,110,2021
110::1366883,1366883,110,2021
110::1367057,1367057,110,2021
110::1367185,1367185,110,2021
110::1367389,1367389,110,2021
110::1367644,1367644,110,2021
110::1367687,1367687,110,2021
110::1367904,1367904,110,2021
110::1367979,1367979,110,2021
110::1368010,1368010,110,2021
110::1368126,1368126,110,2021
110::1368312,1368312,110,2021
110::1368357,1368357,110,2021
110::1368538,1368538,110,2021
110::1368732,1368732,110,2021
110::1369671,1369671,110,2021
110::1369786,1369786,110,2021
110::1369956,1369956,110,2021
110::1370264,1370264,110,2021
110::1370317,1370317,110,2021
110::1370338,1370338,110,2021
110::1370380,1370380,110,2021
110::1372529,1372529,110,2021
110::1372637,1372637,110,2021
110::1372706,1372706,110,2021
110::1373405,1373405,110,2021
110::1373678,1373678,110,2021
110::1374146,1374146,110,2021
110::1374528,1374528,110,2021
110::2329196,2329196,110,2021
110::2329432,2329432,110,2021
110::2329596,2329596,110,2021
110::2329715,2329715,110,2021
110::2330047,2330047,110,2021
110::2330140,2330140,110,2021
110::2330279,2330279,110,2021
110::2330325,2330325,110,2021
110::2330472,2330472,110,2021
110::2330486,2330486,110,2021
110::2330517,2330517,110,2021
110::2330669,2330669,110,2021
110::2330898,2330898,110,2021
110::2330991,2330991,110,2021
110::2331406,2331406,110,2021
110::2331854,2331854,110,2021
110::2331872,2331872,110,2021
110::2332213,2332213,110,2021
110::2333725,2333725,110,2021
110::2333922,2333922,110,2021
110::2334464,2334464,110,2021
110::2334629,2334629,110,2021
110::2334707,2334707,110,2021
110::2335235,2335235,110,2021
110::2335302,2335302,110,2021
110::2335468,2335468,110,2021
110::2335681,2335681,110,2021
110::2336688,2336688,110,2021
110::2337059,2337059,110,2021
110::2337147,2337147,110,2021
110::2337513,2337513,110,2021
110::2337561,2337561,110,2021
110::2337866,2337866,110,2021
110::2338044,2338044,110,2021
110::2339525,2339525,110,2021
110::2340109,2340109,110,2021
110::2340277,2340277,110,2021
110::2340483,2340483,110,2021
110::2341112,2341112,110,2021
110::2341258,2341258,110,2021
110::2342014,2342014,110,2021
110::2342214,2342214,110,2021
110::2343299,2343299,110,2021
110::2343347,2343347,110,2021
110::2343378,2343378,110,2021
110::2343764,2343764,110,2021
110::2344375,2344375,110,2021
110::2344565,2344565,110,2021
110::2344806,2344806,110,2021
110::2345727,2345727,110,2021
110::2345829,2345829,110,2021
110::2346161,2346161,110,2021
110::2346485,2346485,110,2021
110::2347721,2347721,110,2021
110::2347995,2347995,110,2021
110::2348613,2348613,110,2021
110::2348966,2348966,110,2021
110::2349142,2349142,110,2021
110::2349147,2349147,110,2021
110::2349866,2349866,110,2021
110::2350463,2350463,110,2021
110::2350954,2350954,110,2021
110::2351210,2351210,110,2021
110::2351432,2351432,110,2021
110::2351483,2351483,110,2021
110::2351557,2351557,110,2021
110::2351695,2351695,110,2021
110::2351747,2351747,110,2021
110::2351898,2351898,110,2021
110::2351901,2351901,110,2021
110::2352150,2352150,110,2021
110::2352160,2352160,110,2021
110::2352205,2352205,110,2021
110::2352222,2352222,110,2021
110::2352241,2352241,110,2021
110::2352355,2352355,110,2021
110::2352667,2352667,110,2021
110::2352942,2352942,110,2021
110::2353140,2353140,110,2021
110::2353162,2353162,110,2021
110::2353205,2353205,110,2021
110::2353731,2353731,110,2021
110::2353820,2353820,110,2021
110::2353826,2353826,110,2021
110::2354095,2354095,110,2021
110::2354140,2354140,110,2021
110::2354183,2354183,110,2021
110::2354717,2354717,110,2021
110::2354884,2354884,110,2021
110::2355021,2355021,110,2021
110::2355108,2355108,110,2021
110::2355630,2355630,110,2021
110::2355676,2355676,110,2021
110::2355732,2355732,110,2021
110::2355825,2355825,110,2021
110::2355995,2355995,110,2021
110::2356753,2356753,110,2021
110::2357115,2357115,110,2021
110::2357137,2357137,110,2021
110::2357270,2357270,110,2021
110::2357743,2357743,110,2021
110::2357904,2357904,110,2021
110::2358330,2358330,110,2021
110::2358469,2358469,110,2021
110::2359217,2359217,110,2021
110::2359944,2359944,110,2021
110::2362170,2362170,110,2021
110::2362250,2362250,110,2021
110::2362275,2362275,110,2021
110::2362335,2362335,110,2021
110::2362399,2362399,110,2021
110::2362428,2362428,110,2021
110::2362440,2362440,110,2021
110::2362896,2362896,110,2021
110::2362941,2362941,110,2021
110::2363184,2363184,110,2021
110::2363416,2363416,110,2021
110::2363720,2363720,110,2021
110::2363722,2363722,110,2021
110::2363807,2363807,110,2021
110::2363932,2363932,110,2021
110::2364004,2364004,110,2021
110::2364103,2364103,110,2021
110::2364216,2364216,110,2021
110::2364301,2364301,110,2021
110::2364743,2364743,110,2021
110::2365149,2365149,110,2021
110::2365996,2365996,110,2021
110::2366183,2366183,110,2021
110::2366387,2366387,110,2021
110::2366645,2366645,110,2021
110::2366666,2366666,110,2021
110::2366944,2366944,110,2021
110::2367009,2367009,110,2021
110::2367059,2367059,110,2021
110::2367306,2367306,110,2021
110::2367393,2367393,110,2021
110::2367721,2367721,110,2021
110::2367865,2367865,110,2021
110::2368016,2368016,110,2021
110::2368037,2368037,110,2021
110::2368133,2368133,110,2021
110::2368158,2368158,110,2021
110::2368159,2368159,110,2021
110::2368307,2368307,110,2021
110::2368403,2368403,110,2021
110::2372473,2372473,110,2021
110::2372594,2372594,110,2021
110::2372640,2372640,110,2021
110::2372661,2372661,110,2021
110::2373340,2373340,110,2021
110::2373804,2373804,110,2021
110::2374527,2374527,110,2021
110::2374617,2374617,110,2021
110::3329082,3329082,110,2021
110::3329222,3329222,110,2021
110::3329332,3329332,110,2021
110::3330072,3330072,110,2021
110::3330268,3330268,110,2021
110::3330873,3330873,110,2021
110::3332142,3332142,110,2021
110::3332612,3332612,110,2021
110::3334680,3334680,110,2021
110::3334835,3334835,110,2021
110::3334910,3334910,110,2021
110::3334913,3334913,110,2021
110::3334930,3334930,110,2021
110::3335910,3335910,110,2021
110::3336321,3336321,110,2021
110::3336402,3336402,110,2021
110::3336431,3336431,110,2021
110::3336493,3336493,110,2021
110::3336701,3336701,110,2021
110::3336735,3336735,110,2021
110::3336869,3336869,110,2021
110::3336929,3336929,110,2021
110::3337039,3337039,110,2021
110::3337321,3337321,110,2021
110::3337351,3337351,110,2021
110::3337357,3337357,110,2021
110::3337498,3337498,110,2021
110::3338039,3338039,110,2021
110::3338294,3338294,110,2021
110::3339272,3339272,110,2021
110::3340181,3340181,110,2021
110::3341689,3341689,110,2021
110::3341879,3341879,110,2021
110::3341923,3341923,110,2021
110::3342931,3342931,110,2021
110::3343025,3343025,110,2021
110::3343074,3343074,110,2021
110::3343165,3343165,110,2021
110::3343578,3343578,110,2021
110::3343994,3343994,110,2021
110::3344097,3344097,110,2021
110::3344488,3344488,110,2021
110::3344766,3344766,110,2021
110::3346618,3346618,110,2021
110::3346826,3346826,110,2021
110::3346999,3346999,110,2021
110::3347327,3347327,110,2021
110::3347972,3347972,110,2021
110::3348002,3348002,110,2021
110::3348794,3348794,110,2021
110::3349008,3349008,110,2021
110::3349998,3349998,110,2021
110::3350526,3350526,110,2021
110::3351744,3351744,110,2021
110::3352676,3352676,110,2021
110::3353062,3353062,110,2021
110::3353256,3353256,110,2021
110::3353811,3353811,110,2021
110::3353932,3353932,110,2021
110::3354096,3354096,110,2021
110::3355146,3355146,110,2021
110::3355237,3355237,110,2021
110::3355542,3355542,110,2021
110::3355573,3355573,110,2021
110::3355795,3355795,110,2021
110::3355817,3355817,110,2021
110::3356058,3356058,110,2021
110::3356460,3356460,110,2021
110::3356595,3356595,110,2021
110::3356739,3356739,110,2021
110::3356872,3356872,110,2021
110::3356932,3356932,110,2021
110::3357510,3357510,110,2021
110::3357563,3357563,110,2021
110::3357861,3357861,110,2021
110::3358133,3358133,110,2021
110::3358645,3358645,110,2021
110::3359017,3359017,110,2021
110::3359370,3359370,110,2021
110::3359482,3359482,110,2021
110::3359508,3359508,110,2021
110::3359785,3359785,110,2021
110::3359903,3359903,110,2021
110::3365103,3365103,110,2021
110::3365870,3365870,110,2021
110::3365888,3365888,110,2021
110::3366062,3366062,110,2021
110::3366514,3366514,110,2021
110::3366747,3366747,110,2021
110::3366909,3366909,110,2021
110::3366920,3366920,110,2021
110::3366969,3366969,110,2021
110::3367088,3367088,110,2021
110::3367101,3367101,110,2021
110::3367426,3367426,110,2021
110::3367990,3367990,110,2021
110::3368058,3368058,110,2021
110::3368092,3368092,110,2021
110::3368098,3368098,110,2021
110::3368113,3368113,110,2021
110::3368256,3368256,110,2021
110::3368319,3368319,110,2021
110::3368625,3368625,110,2021
110::3372508,3372508,110,2021
110::3372683,3372683,110,2021
110::3372875,3372875,110,2021
110::3373394,3373394,110,2021
110::3373559,3373559,110,2021
110::3373787,3373787,110,2021
110::4330043,4330043,110,2021
110::4330460,4330460,110,2021
110::4330930,4330930,110,2021
110::4331655,4331655,110,2021
110::4331683,4331683,110,2021
110::4332654,4332654,110,2021
110::4332969,4332969,110,2021
110::4333216,4333216,110,2021
110::4334066,4334066,110,2021
110::4334508,4334508,110,2021
110::4334631,4334631,110,2021
110::4334643,4334643,110,2021
110::4334766,4334766,110,2021
110::4335583,4335583,110,2021
110::4336050,4336050,110,2021
110::4336219,4336219,110,2021
110::4336512,4336512,110,2021
110::4336537,4336537,110,2021
110::4337298,4337298,110,2021
110::4337507,4337507,110,2021
110::4337726,4337726,110,2021
110::4338671,4338671,110,2021
110::4339198,4339198,110,2021
110::4339596,4339596,110,2021
110::4339989,4339989,110,2021
110::4340257,4340257,110,2021
110::4340801,4340801,110,2021
110::4341269,4341269,110,2021
110::4341273,4341273,110,2021
110::4342958,4342958,110,2021
110::4342989,4342989,110,2021
110::4343189,4343189,110,2021
110::4343402,4343402,110,2021
110::4343530,4343530,110,2021
110::4344182,4344182,110,2021
110::4344356,4344356,110,2021
110::4348090,4348090,110,2021
110::4348881,4348881,110,2021
110::4348949,4348949,110,2021
110::4348985,4348985,110,2021
110::4350041,4350041,110,2021
110::4350270,4350270,110,2021
110::4352672,4352672,110,2021
110::4352922,4352922,110,2021
110::4353245,4353245,110,2021
110::4353708,4353708,110,2021
110::4353933,4353933,110,2021
110::4354284,4354284,110,2021
110::4354326,4354326,110,2021
110::4355027,4355027,110,2021
110::4355078,4355078,110,2021
110::4355604,4355604,110,2021
110::4355979,4355979,110,2021
110::4356063,4356063,110,2021
110::4357044,4357044,110,2021
110::4357934,4357934,110,2021
110::4358566,4358566,110,2021
110::4358639,4358639,110,2021
110::4358718,4358718,110,2021
110::4358845,4358845,110,2021
110::4365057,4365057,110,2021
110::4365098,4365098,110,2021
110::4365954,4365954,110,2021
110::4367190,4367190,110,2021
110::4367648,4367648,110,2021
110::4367658,4367658,110,2021
110::4367868,4367868,110,2021
110::4368131,4368131,110,2021
110::4368231,4368231,110,2021
110::4368247,4368247,110,2021
110::4368285,4368285,110,2021
110::4368528,4368528,110,2021
110::4368566,4368566,110,2021
110::4368593,4368593,110,2021
110::4372433,4372433,110,2021
110::4372577,4372577,110,2021
110::4372668,4372668,110,2021
110::4372712,4372712,110,2021
110::4372879,4372879,110,2021
110::4373450,4373450,110,2021
110::4373594,4373594,110,2021
110::4373816,4373816,110,2021
110::4373842,4373842,110,2021
110::5333608,5333608,110,2021
110::5333689,5333689,110,2021
110::5334087,5334087,110,2021
110::5337524,5337524,110,2021
110::5364996,5364996,110,2021
110::5365020,5365020,110,2021
110::5365323,5365323,110,2021
110::5365508,5365508,110,2021
110::5365516,5365516,110,2021
110::5365522,5365522,110,2021
110::5365759,5365759,110,2021
110::5366074,5366074,110,2021
110::6333773,6333773,110,2021
110::6334156,6334156,110,2021
110::6337261,6337261,110,2021
110::6337269,6337269,110,2021
110::6337346,6337346,110,2021
110::6337597,6337597,110,2021
110::6337789,6337789,110,2021
110::6364566,6364566,110,2021
110::6365150,6365150,110,2021
110::6365584,6365584,110,2021
110::6365751,6365751,110,2021
110::7333159,7333159,110,2021
110::7333276,7333276,110,2021
110::7334107,7334107,110,2021
110::7337028,7337028,110,2021
110::7337449,7337449,110,2021
110::7337750,7337750,110,2021
110::7365825,7365825,110,2021
110::8333078,8333078,110,2021
110::8333932,8333932,110,2021
110::8334025,8334025,110,2021
110::8334165,8334165,110,2021
110::8337076,8337076,110,2021
110::8337817,8337817,110,2021
110::8364564,8364564,110,2021
110::8364694,8364694,110,2021
110::8365160,8365160,110,2021
110::8365466,8365466,110,2021
110::8365835,8365835,110,2021
110::9332674,9332674,110,2021
110::9332675,9332675,110,2021
110::9333167,9333167,110,2021
110::9333439,9333439,110,2021
110::9334189,9334189,110,2021
110::9337358,9337358,110,2021
110::9337547,9337547,110,2021
110::9337618,9337618,110,2021
110::9337732,9337732,110,2021
110::9365307,9365307,110,2021
110::9365420,9365420,110,2021
110::9365494,9365494,110,2021
110::9365810,9365810,110,2021
110::1287776,1287776,110,2021
110::1291115,1291115,110,2021
110::1291120,1291120,110,2021
110::1291173,1291173,110,2021
110::1291257,1291257,110,2021
110::1291289,1291289,110,2021
110::1291346,1291346,110,2021
110::1291444,1291444,110,2021
110::1291472,1291472,110,2021
110::1291517,1291517,110,2021
110::1291519,1291519,110,2021
110::1291521,1291521,110,2021
110::1291623,1291623,110,2021
110::1292081,1292081,110,2021
110::1292082,1292082,110,2021
110::1292284,1292284,110,2021
110::1292550,1292550,110,2021
110::1292569,1292569,110,2021
110::1292595,1292595,110,2021
110::1292621,1292621,110,2021
110::1296583,1296583,110,2021
110::1298202,1298202,110,2021
110::1298234,1298234,110,2021
110::1298321,1298321,110,2021
110::1299464,1299464,110,2021
110::2287815,2287815,110,2021
110::2288043,2288043,110,2021
110::2288115,2288115,110,2021
110::2288155,2288155,110,2021
110::2291080,2291080,110,2021
110::2291102,2291102,110,2021
110::2291141,2291141,110,2021
110::2291156,2291156,110,2021
110::2291200,2291200,110,2021
110::2291241,2291241,110,2021
110::2291243,2291243,110,2021
110::2291269,2291269,110,2021
110::2291278,2291278,110,2021
110::2291336,2291336,110,2021
110::2291345,2291345,110,2021
110::2291370,2291370,110,2021
110::2291374,2291374,110,2021
110::2291407,2291407,110,2021
110::2291428,2291428,110,2021
110::2291511,2291511,110,2021
110::2291531,2291531,110,2021
110::2291654,2291654,110,2021
110::2291937,2291937,110,2021
110::2291960,2291960,110,2021
110::2292045,2292045,110,2021
110::2292195,2292195,110,2021
110::2292295,2292295,110,2021
110::2292324,2292324,110,2021
110::2297651,2297651,110,2021
110::2298189,2298189,110,2021
110::2298614,2298614,110,2021
110::2298993,2298993,110,2021
110::3287903,3287903,110,2021
110::3287922,3287922,110,2021
110::3287967,3287967,110,2021
110::3288068,3288068,110,2021
110::3288180,3288180,110,2021
110::3288264,3288264,110,2021
110::3291468,3291468,110,2021
110::3291722,3291722,110,2021
110::3291925,3291925,110,2021
110::3292150,3292150,110,2021
110::3292246,3292246,110,2021
110::3292326,3292326,110,2021
110::3292402,3292402,110,2021
110::3292482,3292482,110,2021
110::3292526,3292526,110,2021
110::3292529,3292529,110,2021
110::3292782,3292782,110,2021
110::3295881,3295881,110,2021
110::3296097,3296097,110,2021
110::3296650,3296650,110,2021
110::3297742,3297742,110,2021
110::3297901,3297901,110,2021
110::3297918,3297918,110,2021
110::3298182,3298182,110,2021
110::3298524,3298524,110,2021
110::3298971,3298971,110,2021
110::4288441,4288441,110,2021
110::4291101,4291101,110,2021
110::4292548,4292548,110,2021
110::4292608,4292608,110,2021
110::4295839,4295839,110,2021
110::4296578,4296578,110,2021
110::4296591,4296591,110,2021
110::4298239,4298239,110,2021
110::4298408,4298408,110,2021
110::4298421,4298421,110,2021
110::4298755,4298755,110,2021
110::5287873,5287873,110,2021
110::5287954,5287954,110,2021
110::5288166,5288166,110,2021
110::5288216,5288216,110,2021
110::5288244,5288244,110,2021
110::5288255,5288255,110,2021
110::5288260,5288260,110,2021
110::5288464,5288464,110,2021
110::5291852,5291852,110,2021
110::5292202,5292202,110,2021
110::5292315,5292315,110,2021
110::5292424,5292424,110,2021
110::5296321,5296321,110,2021
110::5296744,5296744,110,2021
110::5296865,5296865,110,2021
110::5297302,5297302,110,2021
110::6288177,6288177,110,2021
110::6288299,6288299,110,2021
110::6288346,6288346,110,2021
110::6288390,6288390,110,2021
110::6288429,6288429,110,2021
110::6288468,6288468,110,2021
110::6288549,6288549,110,2021
110::6292209,6292209,110,2021
110::6292514,6292514,110,2021
110::6292683,6292683,110,2021
110::6295850,6295850,110,2021
110::6297138,6297138,110,2021
110::7287835,7287835,110,2021
110::7287876,7287876,110,2021
110::7287983,7287983,110,2021
110::7287998,7287998,110,2021
110::7288086,7288086,110,2021
110::7288460,7288460,110,2021
110::7291761,7291761,110,2021
110::7292276,7292276,110,2021
110::7292609,7292609,110,2021
110::7292612,7292612,110,2021
110::7296203,7296203,110,2021
110::7296279,7296279,110,2021
110::7296370,7296370,110,2021
110::7296483,7296483,110,2021
110::7297122,7297122,110,2021
110::7297363,7297363,110,2021
110::7297863,7297863,110,2021
110::7297912,7297912,110,2021
110::7297949,7297949,110,2021
110::7298010,7298010,110,2021
110::7298099,7298099,110,2021
110::7298141,7298141,110,2021
110::7298166,7298166,110,2021
110::7298252,7298252,110,2021
110::7298488,7298488,110,2021
110::7298553,7298553,110,2021
110::7298625,7298625,110,2021
110::7298877,7298877,110,2021
110::7298913,7298913,110,2021
110::7299024,7299024,110,2021
110::8287722,8287722,110,2021
110::8287866,8287866,110,2021
110::8287960,8287960,110,2021
110::8288253,8288253,110,2021
110::8288327,8288327,110,2021
110::8288352,8288352,110,2021
110::8288504,8288504,110,2021
110::8291989,8291989,110,2021
110::8292126,8292126,110,2021
110::8292272,8292272,110,2021
110::8296565,8296565,110,2021
110::8296918,8296918,110,2021
110::8296967,8296967,110,2021
110::8297427,8297427,110,2021
110::8297812,8297812,110,2021
110::8298060,8298060,110,2021
110::8298162,8298162,110,2021
110::8298349,8298349,110,2021
110::8298383,8298383,110,2021
110::8298414,8298414,110,2021
110::8298592,8298592,110,2021
110::8298844,8298844,110,2021
110::9287690,9287690,110,2021
110::9287725,9287725,110,2021
110::9287814,9287814,110,2021
110::9287916,9287916,110,2021
110::9288054,9288054,110,2021
110::9288478,9288478,110,2021
110::9288550,9288550,110,2021
110::9292266,9292266,110,2021
110::9292691,9292691,110,2021
110::9295816,9295816,110,2021
110::9295956,9295956,110,2021
110::9296205,9296205,110,2021
110::9296621,9296621,110,2021
110::9296633,9296633,110,2021
110::9296988,9296988,110,2021
110::9297428,9297428,110,2021
110::9297821,9297821,110,2021
110::9298316,9298316,110,2021
110::9298442,9298442,110,2021
110::9298480,9298480,110,2021
110::9298567,9298567,110,2021
110::9298593,9298593,110,2021
110::9298661,9298661,110,2021
110::9298712,9298712,110,2021
110::9298992,9298992,110,2021
110::1410194,1410194,110,2021
110::1410404,1410404,110,2021
110::1410971,1410971,110,2021
110::1411017,1411017,110,2021
110::1411421,1411421,110,2021
110::1411571,1411571,110,2021
110::1411633,1411633,110,2021
110::1411644,1411644,110,2021
110::1411991,1411991,110,2021
110::1412003,1412003,110,2021
110::1412165,1412165,110,2021
110::1412387,1412387,110,2021
110::1412475,1412475,110,2021
110::1412587,1412587,110,2021
110::1412860,1412860,110,2021
110::1412879,1412879,110,2021
110::1413554,1413554,110,2021
110::1413650,1413650,110,2021
110::1414123,1414123,110,2021
110::1414223,1414223,110,2021
110::1416261,1416261,110,2021
110::1416755,1416755,110,2021
110::1416859,1416859,110,2021
110::1417200,1417200,110,2021
110::1417449,1417449,110,2021
110::1417715,1417715,110,2021
110::1418816,1418816,110,2021
110::1420775,1420775,110,2021
110::1421205,1421205,110,2021
110::1421359,1421359,110,2021
110::1422340,1422340,110,2021
110::1422532,1422532,110,2021
110::1422889,1422889,110,2021
110::1423006,1423006,110,2021
110::1423722,1423722,110,2021
110::1423833,1423833,110,2021
110::1423970,1423970,110,2021
110::1424228,1424228,110,2021
110::1424557,1424557,110,2021
110::1424925,1424925,110,2021
110::1425251,1425251,110,2021
110::1425725,1425725,110,2021
110::1426839,1426839,110,2021
110::1427276,1427276,110,2021
110::1427812,1427812,110,2021
110::1428223,1428223,110,2021
110::1428605,1428605,110,2021
110::1428785,1428785,110,2021
110::1430567,1430567,110,2021
110::1433001,1433001,110,2021
110::1440417,1440417,110,2021
110::1446229,1446229,110,2021
110::1447080,1447080,110,2021
110::1447445,1447445,110,2021
110::1447950,1447950,110,2021
110::1448041,1448041,110,2021
110::1448141,1448141,110,2021
110::1448796,1448796,110,2021
110::1449299,1449299,110,2021
110::1449372,1449372,110,2021
110::1449518,1449518,110,2021
110::1449528,1449528,110,2021
110::1449617,1449617,110,2021
110::1449711,1449711,110,2021
110::1449731,1449731,110,2021
110::1450254,1450254,110,2021
110::1450274,1450274,110,2021
110::1450729,1450729,110,2021
110::1451234,1451234,110,2021
110::1451726,1451726,110,2021
110::1451845,1451845,110,2021
110::1451907,1451907,110,2021
110::1452020,1452020,110,2021
110::1455685,1455685,110,2021
110::1456155,1456155,110,2021
110::1456194,1456194,110,2021
110::1456421,1456421,110,2021
110::1456817,1456817,110,2021
110::1456837,1456837,110,2021
110::1457634,1457634,110,2021
110::1458412,1458412,110,2021
110::1459152,1459152,110,2021
110::1459281,1459281,110,2021
110::1459595,1459595,110,2021
110::1461108,1461108,110,2021
110::1461625,1461625,110,2021
110::1461638,1461638,110,2021
110::1462230,1462230,110,2021
110::1462231,1462231,110,2021
110::1462239,1462239,110,2021
110::1462551,1462551,110,2021
110::1462586,1462586,110,2021
110::1462680,1462680,110,2021
110::1462872,1462872,110,2021
110::1462905,1462905,110,2021
110::1462948,1462948,110,2021
110::1463092,1463092,110,2021
110::1463109,1463109,110,2021
110::1463220,1463220,110,2021
110::1463228,1463228,110,2021
110::1463344,1463344,110,2021
110::1463370,1463370,110,2021
110::1463375,1463375,110,2021
110::1463404,1463404,110,2021
110::1463484,1463484,110,2021
110::1463505,1463505,110,2021
110::1463535,1463535,110,2021
110::1463664,1463664,110,2021
110::1463667,1463667,110,2021
110::1464025,1464025,110,2021
110::1464577,1464577,110,2021
110::1464890,1464890,110,2021
110::1464916,1464916,110,2021
110::1464941,1464941,110,2021
110::1464980,1464980,110,2021
110::1465521,1465521,110,2021
110::1465526,1465526,110,2021
110::1467075,1467075,110,2021
110::1467604,1467604,110,2021
110::1467742,1467742,110,2021
110::1467794,1467794,110,2021
110::1468557,1468557,110,2021
110::2409545,2409545,110,2021
110::2409969,2409969,110,2021
110::2410147,2410147,110,2021
110::2410163,2410163,110,2021
110::2410218,2410218,110,2021
110::2411102,2411102,110,2021
110::2411613,2411613,110,2021
110::2413192,2413192,110,2021
110::2413219,2413219,110,2021
110::2413924,2413924,110,2021
110::2414131,2414131,110,2021
110::2414319,2414319,110,2021
110::2414619,2414619,110,2021
110::2414862,2414862,110,2021
110::2416035,2416035,110,2021
110::2416247,2416247,110,2021
110::2416471,2416471,110,2021
110::2416792,2416792,110,2021
110::2417003,2417003,110,2021
110::2417790,2417790,110,2021
110::2417974,2417974,110,2021
110::2418404,2418404,110,2021
110::2420273,2420273,110,2021
110::2420374,2420374,110,2021
110::2420485,2420485,110,2021
110::2420561,2420561,110,2021
110::2421603,2421603,110,2021
110::2421975,2421975,110,2021
110::2422177,2422177,110,2021
110::2422301,2422301,110,2021
110::2422906,2422906,110,2021
110::2422936,2422936,110,2021
110::2422984,2422984,110,2021
110::2423318,2423318,110,2021
110::2424435,2424435,110,2021
110::2424889,2424889,110,2021
110::2425953,2425953,110,2021
110::2426692,2426692,110,2021
110::2426896,2426896,110,2021
110::2426915,2426915,110,2021
110::2427427,2427427,110,2021
110::2429496,2429496,110,2021
110::2446022,2446022,110,2021
110::2446047,2446047,110,2021
110::2447849,2447849,110,2021
110::2447872,2447872,110,2021
110::2448411,2448411,110,2021
110::2448706,2448706,110,2021
110::2448872,2448872,110,2021
110::2448905,2448905,110,2021
110::2448962,2448962,110,2021
110::2449378,2449378,110,2021
110::2449458,2449458,110,2021
110::2450387,2450387,110,2021
110::2450718,2450718,110,2021
110::2450783,2450783,110,2021
110::2450847,2450847,110,2021
110::2450880,2450880,110,2021
110::2450983,2450983,110,2021
110::2451249,2451249,110,2021
110::2451305,2451305,110,2021
110::2451306,2451306,110,2021
110::2451526,2451526,110,2021
110::2451529,2451529,110,2021
110::2451801,2451801,110,2021
110::2456847,2456847,110,2021
110::2456893,2456893,110,2021
110::2457104,2457104,110,2021
110::2457685,2457685,110,2021
110::2457920,2457920,110,2021
110::2458161,2458161,110,2021
110::2458240,2458240,110,2021
110::2460684,2460684,110,2021
110::2461218,2461218,110,2021
110::2461427,2461427,110,2021
110::2461578,2461578,110,2021
110::2461722,2461722,110,2021
110::2461886,2461886,110,2021
110::2462077,2462077,110,2021
110::2462247,2462247,110,2021
110::2462251,2462251,110,2021
110::2462379,2462379,110,2021
110::2462422,2462422,110,2021
110::2462583,2462583,110,2021
110::2462606,2462606,110,2021
110::2462615,2462615,110,2021
110::2462951,2462951,110,2021
110::2463032,2463032,110,2021
110::2463204,2463204,110,2021
110::2463437,2463437,110,2021
110::2463499,2463499,110,2021
110::2463541,2463541,110,2021
110::2463542,2463542,110,2021
110::2463550,2463550,110,2021
110::2463601,2463601,110,2021
110::2463676,2463676,110,2021
110::2463677,2463677,110,2021
110::2463711,2463711,110,2021
110::2463754,2463754,110,2021
110::2463857,2463857,110,2021
110::2463999,2463999,110,2021
110::2464072,2464072,110,2021
110::2464157,2464157,110,2021
110::2464920,2464920,110,2021
110::2465885,2465885,110,2021
110::2467880,2467880,110,2021
110::2469364,2469364,110,2021
110::3412383,3412383,110,2021
110::3413942,3413942,110,2021
110::3414216,3414216,110,2021
110::3416119,3416119,110,2021
110::3416827,3416827,110,2021
110::3416910,3416910,110,2021
110::3417005,3417005,110,2021
110::3418129,3418129,110,2021
110::3420342,3420342,110,2021
110::3420380,3420380,110,2021
110::3421377,3421377,110,2021
110::3421906,3421906,110,2021
110::3421980,3421980,110,2021
110::3423484,3423484,110,2021
110::3423902,3423902,110,2021
110::3425174,3425174,110,2021
110::3426737,3426737,110,2021
110::3427404,3427404,110,2021
110::3428136,3428136,110,2021
110::3428147,3428147,110,2021
110::3428998,3428998,110,2021
110::3430980,3430980,110,2021
110::3431093,3431093,110,2021
110::3431133,3431133,110,2021
110::3445877,3445877,110,2021
110::3448466,3448466,110,2021
110::3448758,3448758,110,2021
110::3450041,3450041,110,2021
110::3450357,3450357,110,2021
110::3450820,3450820,110,2021
110::3450859,3450859,110,2021
110::3451056,3451056,110,2021
110::3451297,3451297,110,2021
110::3451519,3451519,110,2021
110::3451910,3451910,110,2021
110::3456042,3456042,110,2021
110::3456479,3456479,110,2021
110::3456953,3456953,110,2021
110::3457919,3457919,110,2021
110::3458113,3458113,110,2021
110::3458171,3458171,110,2021
110::3458379,3458379,110,2021
110::3459594,3459594,110,2021
110::3460040,3460040,110,2021
110::3460085,3460085,110,2021
110::3460105,3460105,110,2021
110::3460176,3460176,110,2021
110::3460216,3460216,110,2021
110::3460542,3460542,110,2021
110::3460954,3460954,110,2021
110::3461375,3461375,110,2021
110::3461517,3461517,110,2021
110::3461588,3461588,110,2021
110::3461715,3461715,110,2021
110::3461746,3461746,110,2021
110::3461848,3461848,110,2021
110::3461897,3461897,110,2021
110::3462096,3462096,110,2021
110::3462272,3462272,110,2021
110::3462517,3462517,110,2021
110::3462654,3462654,110,2021
110::3462672,3462672,110,2021
110::3463206,3463206,110,2021
110::3463217,3463217,110,2021
110::3463403,3463403,110,2021
110::3464504,3464504,110,2021
110::3465048,3465048,110,2021
110::3465408,3465408,110,2021
110::3467000,3467000,110,2021
110::3467938,3467938,110,2021
110::3468397,3468397,110,2021
110::3468771,3468771,110,2021
110::3469788,3469788,110,2021
110::3470933,3470933,110,2021
110::3471138,3471138,110,2021
110::4415796,4415796,110,2021
110::4417011,4417011,110,2021
110::4418011,4418011,110,2021
110::4419143,4419143,110,2021
110::4419421,4419421,110,2021
110::4419426,4419426,110,2021
110::4419607,4419607,110,2021
110::4420828,4420828,110,2021
110::4420975,4420975,110,2021
110::4421074,4421074,110,2021
110::4421297,4421297,110,2021
110::4421520,4421520,110,2021
110::4421955,4421955,110,2021
110::4422076,4422076,110,2021
110::4422107,4422107,110,2021
110::4423913,4423913,110,2021
110::4425575,4425575,110,2021
110::4426003,4426003,110,2021
110::4426991,4426991,110,2021
110::4427188,4427188,110,2021
110::4431331,4431331,110,2021
110::4432001,4432001,110,2021
110::4445866,4445866,110,2021
110::4448037,4448037,110,2021
110::4448368,4448368,110,2021
110::4449306,4449306,110,2021
110::4450160,4450160,110,2021
110::4450169,4450169,110,2021
110::4450655,4450655,110,2021
110::4450700,4450700,110,2021
110::4455688,4455688,110,2021
110::4456070,4456070,110,2021
110::4456988,4456988,110,2021
110::4457113,4457113,110,2021
110::4457261,4457261,110,2021
110::4457278,4457278,110,2021
110::4457933,4457933,110,2021
110::4458250,4458250,110,2021
110::4458328,4458328,110,2021
110::4458642,4458642,110,2021
110::4459062,4459062,110,2021
110::4459508,4459508,110,2021
110::4460357,4460357,110,2021
110::4460405,4460405,110,2021
110::4461170,4461170,110,2021
110::4461496,4461496,110,2021
110::4461554,4461554,110,2021
110::4461570,4461570,110,2021
110::4461619,4461619,110,2021
110::4461710,4461710,110,2021
110::4461902,4461902,110,2021
110::4462052,4462052,110,2021
110::4462241,4462241,110,2021
110::4462299,4462299,110,2021
110::4462417,4462417,110,2021
110::4462584,4462584,110,2021
110::4462665,4462665,110,2021
110::4462723,4462723,110,2021
110::4462736,4462736,110,2021
110::4463135,4463135,110,2021
110::4463144,4463144,110,2021
110::4463308,4463308,110,2021
110::4463364,4463364,110,2021
110::4463775,4463775,110,2021
110::4464002,4464002,110,2021
110::4464156,4464156,110,2021
110::4464853,4464853,110,2021
110::4465400,4465400,110,2021
110::4465458,4465458,110,2021
110::4465715,4465715,110,2021
110::4465941,4465941,110,2021
110::4466388,4466388,110,2021
110::4467625,4467625,110,2021
110::4467652,4467652,110,2021
110::4468348,4468348,110,2021
110::4468659,4468659,110,2021
110::4469666,4469666,110,2021
110::5418611,5418611,110,2021
110::5418808,5418808,110,2021
110::5422347,5422347,110,2021
110::5423915,5423915,110,2021
110::5427114,5427114,110,2021
110::5427269,5427269,110,2021
110::5427585,5427585,110,2021
110::5428750,5428750,110,2021
110::5430106,5430106,110,2021
110::5430953,5430953,110,2021
110::5432746,5432746,110,2021
110::5432932,5432932,110,2021
110::5433061,5433061,110,2021
110::5440158,5440158,110,2021
110::5442662,5442662,110,2021
110::5443357,5443357,110,2021
110::5443633,5443633,110,2021
110::5444422,5444422,110,2021
110::5444702,5444702,110,2021
110::5445777,5445777,110,2021
110::5445880,5445880,110,2021
110::5446017,5446017,110,2021
110::5446285,5446285,110,2021
110::5446305,5446305,110,2021
110::5446373,5446373,110,2021
110::5446400,5446400,110,2021
110::5447021,5447021,110,2021
110::5447207,5447207,110,2021
110::5447231,5447231,110,2021
110::5447313,5447313,110,2021
110::5448033,5448033,110,2021
110::5448161,5448161,110,2021
110::5448264,5448264,110,2021
110::5448668,5448668,110,2021
110::5448681,5448681,110,2021
110::5448731,5448731,110,2021
110::5449061,5449061,110,2021
110::5449332,5449332,110,2021
110::5449478,5449478,110,2021
110::5449592,5449592,110,2021
110::5449848,5449848,110,2021
110::5450456,5450456,110,2021
110::5450659,5450659,110,2021
110::5450831,5450831,110,2021
110::5451004,5451004,110,2021
110::5451013,5451013,110,2021
110::5451027,5451027,110,2021
110::5451452,5451452,110,2021
110::5451505,5451505,110,2021
110::5451854,5451854,110,2021
110::5451938,5451938,110,2021
110::5451956,5451956,110,2021
110::5452119,5452119,110,2021
110::5452144,5452144,110,2021
110::5453803,5453803,110,2021
110::5453955,5453955,110,2021
110::5453983,5453983,110,2021
110::5454090,5454090,110,2021
110::5454453,5454453,110,2021
110::5456787,5456787,110,2021
110::5456796,5456796,110,2021
110::5457586,5457586,110,2021
110::5458899,5458899,110,2021
110::5459302,5459302,110,2021
110::5459315,5459315,110,2021
110::5459563,5459563,110,2021
110::5460005,5460005,110,2021
110::5464309,5464309,110,2021
110::5465909,5465909,110,2021
110::5466625,5466625,110,2021
110::5467587,5467587,110,2021
110::5467624,5467624,110,2021
110::5467634,5467634,110,2021
110::5471118,5471118,110,2021
110::6416908,6416908,110,2021
110::6417920,6417920,110,2021
110::6418699,6418699,110,2021
110::6423255,6423255,110,2021
110::6423707,6423707,110,2021
110::6424250,6424250,110,2021
110::6425472,6425472,110,2021
110::6427604,6427604,110,2021
110::6428506,6428506,110,2021
110::6429514,6429514,110,2021
110::6431750,6431750,110,2021
110::6439885,6439885,110,2021
110::6441821,6441821,110,2021
110::6443351,6443351,110,2021
110::6443704,6443704,110,2021
110::6443880,6443880,110,2021
110::6444335,6444335,110,2021
110::6445768,6445768,110,2021
110::6445781,6445781,110,2021
110::6445793,6445793,110,2021
110::6445940,6445940,110,2021
110::6446016,6446016,110,2021
110::6446237,6446237,110,2021
110::6446309,6446309,110,2021
110::6446610,6446610,110,2021
110::6446813,6446813,110,2021
110::6447076,6447076,110,2021
110::6447273,6447273,110,2021
110::6447358,6447358,110,2021
110::6447780,6447780,110,2021
110::6448237,6448237,110,2021
110::6448265,6448265,110,2021
110::6448533,6448533,110,2021
110::6448565,6448565,110,2021
110::6448689,6448689,110,2021
110::6449436,6449436,110,2021
110::6449643,6449643,110,2021
110::6449738,6449738,110,2021
110::6449858,6449858,110,2021
110::6449995,6449995,110,2021
110::6450180,6450180,110,2021
110::6450263,6450263,110,2021
110::6450293,6450293,110,2021
110::6450741,6450741,110,2021
110::6450763,6450763,110,2021
110::6450811,6450811,110,2021
110::6451105,6451105,110,2021
110::6451153,6451153,110,2021
110::6451768,6451768,110,2021
110::6451831,6451831,110,2021
110::6451976,6451976,110,2021
110::6452326,6452326,110,2021
110::6452407,6452407,110,2021
110::6452414,6452414,110,2021
110::6453384,6453384,110,2021
110::6453562,6453562,110,2021
110::6454785,6454785,110,2021
110::6454837,6454837,110,2021
110::6455058,6455058,110,2021
110::6456673,6456673,110,2021
110::6457430,6457430,110,2021
110::6458512,6458512,110,2021
110::6458517,6458517,110,2021
110::6458977,6458977,110,2021
110::6459023,6459023,110,2021
110::6459030,6459030,110,2021
110::6459491,6459491,110,2021
110::6460240,6460240,110,2021
110::6460459,6460459,110,2021
110::6464463,6464463,110,2021
110::6465502,6465502,110,2021
110::6466285,6466285,110,2021
110::6468689,6468689,110,2021
110::6470982,6470982,110,2021
110::7409813,7409813,110,2021
110::7411007,7411007,110,2021
110::7411171,7411171,110,2021
110::7411174,7411174,110,2021
110::7413461,7413461,110,2021
110::7414731,7414731,110,2021
110::7415105,7415105,110,2021
110::7417222,7417222,110,2021
110::7417792,7417792,110,2021
110::7419835,7419835,110,2021
110::7419952,7419952,110,2021
110::7420375,7420375,110,2021
110::7421390,7421390,110,2021
110::7421891,7421891,110,2021
110::7422518,7422518,110,2021
110::7423528,7423528,110,2021
110::7430635,7430635,110,2021
110::7440140,7440140,110,2021
110::7441528,7441528,110,2021
110::7442619,7442619,110,2021
110::7444779,7444779,110,2021
110::7444926,7444926,110,2021
110::7445513,7445513,110,2021
110::7445778,7445778,110,2021
110::7446141,7446141,110,2021
110::7446282,7446282,110,2021
110::7446435,7446435,110,2021
110::7446497,7446497,110,2021
110::7447418,7447418,110,2021
110::7447851,7447851,110,2021
110::7448020,7448020,110,2021
110::7448038,7448038,110,2021
110::7448333,7448333,110,2021
110::7448413,7448413,110,2021
110::7448554,7448554,110,2021
110::7449272,7449272,110,2021
110::7449301,7449301,110,2021
110::7449326,7449326,110,2021
110::7449331,7449331,110,2021
110::7449545,7449545,110,2021
110::7449582,7449582,110,2021
110::7449610,7449610,110,2021
110::7449818,7449818,110,2021
110::7450289,7450289,110,2021
110::7450339,7450339,110,2021
110::7450388,7450388,110,2021
110::7450473,7450473,110,2021
110::7450488,7450488,110,2021
110::7451030,7451030,110,2021
110::7451151,7451151,110,2021
110::7451552,7451552,110,2021
110::7451577,7451577,110,2021
110::7451662,7451662,110,2021
110::7451737,7451737,110,2021
110::7452259,7452259,110,2021
110::7452910,7452910,110,2021
110::7453393,7453393,110,2021
110::7453472,7453472,110,2021
110::7453759,7453759,110,2021
110::7453873,7453873,110,2021
110::7453913,7453913,110,2021
110::7453964,7453964,110,2021
110::7454422,7454422,110,2021
110::7454803,7454803,110,2021
110::7455032,7455032,110,2021
110::7455114,7455114,110,2021
110::7455629,7455629,110,2021
110::7455748,7455748,110,2021
110::7457587,7457587,110,2021
110::7457643,7457643,110,2021
110::7458180,7458180,110,2021
110::7459099,7459099,110,2021
110::7461149,7461149,110,2021
110::7463942,7463942,110,2021
110::7464324,7464324,110,2021
110::7464343,7464343,110,2021
110::7465366,7465366,110,2021
110::7466620,7466620,110,2021
110::7467856,7467856,110,2021
110::7471250,7471250,110,2021
110::8411672,8411672,110,2021
110::8412578,8412578,110,2021
110::8414052,8414052,110,2021
110::8415333,8415333,110,2021
110::8416103,8416103,110,2021
110::8416207,8416207,110,2021
110::8417753,8417753,110,2021
110::8420026,8420026,110,2021
110::8421292,8421292,110,2021
110::8422247,8422247,110,2021
110::8424069,8424069,110,2021
110::8424085,8424085,110,2021
110::8426848,8426848,110,2021
110::8427817,8427817,110,2021
110::8428106,8428106,110,2021
110::8430934,8430934,110,2021
110::8430969,8430969,110,2021
110::8432210,8432210,110,2021
110::8434482,8434482,110,2021
110::8434507,8434507,110,2021
110::8435179,8435179,110,2021
110::8435482,8435482,110,2021
110::8435607,8435607,110,2021
110::8435761,8435761,110,2021
110::8435928,8435928,110,2021
110::8436524,8436524,110,2021
110::8436630,8436630,110,2021
110::8443347,8443347,110,2021
110::8443447,8443447,110,2021
110::8443548,8443548,110,2021
110::8443805,8443805,110,2021
110::8444511,8444511,110,2021
110::8444709,8444709,110,2021
110::8445643,8445643,110,2021
110::8446180,8446180,110,2021
110::8446225,8446225,110,2021
110::8446281,8446281,110,2021
110::8446291,8446291,110,2021
110::8446341,8446341,110,2021
110::8446462,8446462,110,2021
110::8446609,8446609,110,2021
110::8446963,8446963,110,2021
110::8447481,8447481,110,2021
110::8447612,8447612,110,2021
110::8447874,8447874,110,2021
110::8448185,8448185,110,2021
110::8448215,8448215,110,2021
110::8448340,8448340,110,2021
110::8448404,8448404,110,2021
110::8448495,8448495,110,2021
110::8448638,8448638,110,2021
110::8448767,8448767,110,2021
110::8448930,8448930,110,2021
110::8449397,8449397,110,2021
110::8449732,8449732,110,2021
110::8450127,8450127,110,2021
110::8450288,8450288,110,2021
110::8450728,8450728,110,2021
110::8450914,8450914,110,2021
110::8451743,8451743,110,2021
110::8451822,8451822,110,2021
110::8452035,8452035,110,2021
110::8452195,8452195,110,2021
110::8452444,8452444,110,2021
110::8452928,8452928,110,2021
110::8452985,8452985,110,2021
110::8454432,8454432,110,2021
110::8454751,8454751,110,2021
110::8454965,8454965,110,2021
110::8456498,8456498,110,2021
110::8456809,8456809,110,2021
110::8457463,8457463,110,2021
110::8457791,8457791,110,2021
110::8457930,8457930,110,2021
110::8458302,8458302,110,2021
110::8458959,8458959,110,2021
110::8459027,8459027,110,2021
110::8459293,8459293,110,2021
110::8459421,8459421,110,2021
110::8459791,8459791,110,2021
110::8459980,8459980,110,2021
110::8459993,8459993,110,2021
110::8460137,8460137,110,2021
110::8460234,8460234,110,2021
110::8464292,8464292,110,2021
110::8464333,8464333,110,2021
110::8465965,8465965,110,2021
110::8466371,8466371,110,2021
110::8467747,8467747,110,2021
110::8468542,8468542,110,2021
110::8469479,8469479,110,2021
110::8470789,8470789,110,2021
110::9410978,9410978,110,2021
110::9411620,9411620,110,2021
110::9412549,9412549,110,2021
110::9416904,9416904,110,2021
110::9416920,9416920,110,2021
110::9417861,9417861,110,2021
110::9417982,9417982,110,2021
110::9419498,9419498,110,2021
110::9420568,9420568,110,2021
110::9420644,9420644,110,2021
110::9420801,9420801,110,2021
110::9421565,9421565,110,2021
110::9422322,9422322,110,2021
110::9423371,9423371,110,2021
110::9423536,9423536,110,2021
110::9423711,9423711,110,2021
110::9423805,9423805,110,2021
110::9424253,9424253,110,2021
110::9426761,9426761,110,2021
110::9426974,9426974,110,2021
110::9427151,9427151,110,2021
110::9427225,9427225,110,2021
110::9427634,9427634,110,2021
110::9427849,9427849,110,2021
110::9428735,9428735,110,2021
110::9429169,9429169,110,2021
110::9430860,9430860,110,2021
110::9433352,9433352,110,2021
110::9435055,9435055,110,2021
110::9435172,9435172,110,2021
110::9436150,9436150,110,2021
110::9436327,9436327,110,2021
110::9436381,9436381,110,2021
110::9442418,9442418,110,2021
110::9442459,9442459,110,2021
110::9443067,9443067,110,2021
110::9443073,9443073,110,2021
110::9444817,9444817,110,2021
110::9445544,9445544,110,2021
110::9445730,9445730,110,2021
110::9445742,9445742,110,2021
110::9445944,9445944,110,2021
110::9446025,9446025,110,2021
110::9446239,9446239,110,2021
110::9446563,9446563,110,2021
110::9446586,9446586,110,2021
110::9446712,9446712,110,2021
110::9446748,9446748,110,2021
110::9446858,9446858,110,2021
110::9447224,9447224,110,2021
110::9448473,9448473,110,2021
110::9448510,9448510,110,2021
110::9448751,9448751,110,2021
110::9449262,9449262,110,2021
110::9449292,9449292,110,2021
110::9449294,9449294,110,2021
110::9449380,9449380,110,2021
110::9449414,9449414,110,2021
110::9449482,9449482,110,2021
110::9449597,9449597,110,2021
110::9449648,9449648,110,2021
110::9449850,9449850,110,2021
110::9450145,9450145,110,2021
110::9450429,9450429,110,2021
110::9450945,9450945,110,2021
110::9451241,9451241,110,2021
110::9451507,9451507,110,2021
110::9451725,9451725,110,2021
110::9451761,9451761,110,2021
110::9451906,9451906,110,2021
110::9453612,9453612,110,2021
110::9453754,9453754,110,2021
110::9453777,9453777,110,2021
110::9454486,9454486,110,2021
110::9454579,9454579,110,2021
110::9455778,9455778,110,2021
110::9456176,9456176,110,2021
110::9456177,9456177,110,2021
110::9456830,9456830,110,2021
110::9457306,9457306,110,2021
110::9457636,9457636,110,2021
110::9457697,9457697,110,2021
110::9458288,9458288,110,2021
110::9458382,9458382,110,2021
110::9458903,9458903,110,2021
110::9459016,9459016,110,2021
110::9460316,9460316,110,2021
110::9460419,9460419,110,2021
110::9460538,9460538,110,2021
110::9460808,9460808,110,2021
110::9460893,9460893,110,2021
110::9463971,9463971,110,2021
110::9464342,9464342,110,2021
110::9465196,9465196,110,2021
110::9466018,9466018,110,2021
110::9466175,9466175,110,2021
110::9466230,9466230,110,2021
110::9466251,9466251,110,2021
110::9468601,9468601,110,2021
110::9470881,9470881,110,2021
110::9471067,9471067,110,2021
110::1376239,1376239,110,2021
110::1376250,1376250,110,2021
110::1376256,1376256,110,2021
110::1376317,1376317,110,2021
110::1376332,1376332,110,2021
110::1376351,1376351,110,2021
110::1376374,1376374,110,2021
110::1376449,1376449,110,2021
110::1376472,1376472,110,2021
110::1376475,1376475,110,2021
110::1376636,1376636,110,2021
110::1376695,1376695,110,2021
110::1376808,1376808,110,2021
110::1376984,1376984,110,2021
110::1376995,1376995,110,2021
110::1377019,1377019,110,2021
110::1377062,1377062,110,2021
110::1377085,1377085,110,2021
110::1377147,1377147,110,2021
110::1377156,1377156,110,2021
110::1377170,1377170,110,2021
110::1377189,1377189,110,2021
110::1377215,1377215,110,2021
110::1377221,1377221,110,2021
110::1377270,1377270,110,2021
110::1377285,1377285,110,2021
110::1377354,1377354,110,2021
110::1377500,1377500,110,2021
110::1377536,1377536,110,2021
110::1377538,1377538,110,2021
110::1377546,1377546,110,2021
110::1377618,1377618,110,2021
110::1377863,1377863,110,2021
110::1377912,1377912,110,2021
110::1377943,1377943,110,2021
110::1377948,1377948,110,2021
110::1378050,1378050,110,2021
110::1378064,1378064,110,2021
110::1378077,1378077,110,2021
110::1378305,1378305,110,2021
110::1378361,1378361,110,2021
110::1378411,1378411,110,2021
110::1378414,1378414,110,2021
110::1378575,1378575,110,2021
110::1378658,1378658,110,2021
110::1378778,1378778,110,2021
110::1378926,1378926,110,2021
110::1380150,1380150,110,2021
110::1380720,1380720,110,2021
110::1380945,1380945,110,2021
110::1381018,1381018,110,2021
110::1381065,1381065,110,2021
110::1381139,1381139,110,2021
110::1381158,1381158,110,2021
110::1381170,1381170,110,2021
110::1381615,1381615,110,2021
110::1381702,1381702,110,2021
110::1381841,1381841,110,2021
110::1382068,1382068,110,2021
110::1382103,1382103,110,2021
110::1385160,1385160,110,2021
110::1385167,1385167,110,2021
110::1385197,1385197,110,2021
110::1385217,1385217,110,2021
110::1385325,1385325,110,2021
110::1385327,1385327,110,2021
110::1385387,1385387,110,2021
110::1385390,1385390,110,2021
110::1385580,1385580,110,2021
110::1385614,1385614,110,2021
110::1385615,1385615,110,2021
110::1385710,1385710,110,2021
110::1385721,1385721,110,2021
110::1385772,1385772,110,2021
110::1385788,1385788,110,2021
110::1385810,1385810,110,2021
110::1385832,1385832,110,2021
110::1385909,1385909,110,2021
110::1386076,1386076,110,2021
110::1386140,1386140,110,2021
110::1386264,1386264,110,2021
110::1386295,1386295,110,2021
110::1386298,1386298,110,2021
110::1386301,1386301,110,2021
110::1386393,1386393,110,2021
110::1386453,1386453,110,2021
110::1386576,1386576,110,2021
110::1386640,1386640,110,2021
110::1388104,1388104,110,2021
110::1388107,1388107,110,2021
110::1388176,1388176,110,2021
110::1388291,1388291,110,2021
110::1388394,1388394,110,2021
110::1388548,1388548,110,2021
110::1389184,1389184,110,2021
110::1392349,1392349,110,2021
110::1392409,1392409,110,2021
110::1392470,1392470,110,2021
110::1392689,1392689,110,2021
110::1392700,1392700,110,2021
110::1392808,1392808,110,2021
110::1392818,1392818,110,2021
110::1392876,1392876,110,2021
110::1392947,1392947,110,2021
110::1393004,1393004,110,2021
110::1393017,1393017,110,2021
110::1393103,1393103,110,2021
110::1393133,1393133,110,2021
110::1393305,1393305,110,2021
110::1393506,1393506,110,2021
110::1395677,1395677,110,2021
110::1395870,1395870,110,2021
110::1396062,1396062,110,2021
110::1396149,1396149,110,2021
110::1396201,1396201,110,2021
110::1396342,1396342,110,2021
110::1396551,1396551,110,2021
110::1396674,1396674,110,2021
110::1396936,1396936,110,2021
110::1397267,1397267,110,2021
110::1397443,1397443,110,2021
110::1397464,1397464,110,2021
110::1397540,1397540,110,2021
110::1397546,1397546,110,2021
110::1397563,1397563,110,2021
110::1397711,1397711,110,2021
110::1397729,1397729,110,2021
110::1397825,1397825,110,2021
110::1397942,1397942,110,2021
110::1398033,1398033,110,2021
110::1398054,1398054,110,2021
110::1398089,1398089,110,2021
110::1398213,1398213,110,2021
110::1398463,1398463,110,2021
110::1398789,1398789,110,2021
110::1398998,1398998,110,2021
110::1399112,1399112,110,2021
110::1399149,1399149,110,2021
110::1399204,1399204,110,2021
110::1399242,1399242,110,2021
110::1399370,1399370,110,2021
110::1399589,1399589,110,2021
110::1400209,1400209,110,2021
110::1401057,1401057,110,2021
110::1401276,1401276,110,2021
110::1402254,1402254,110,2021
110::1402514,1402514,110,2021
110::2376170,2376170,110,2021
110::2376214,2376214,110,2021
110::2376245,2376245,110,2021
110::2376333,2376333,110,2021
110::2376334,2376334,110,2021
110::2376337,2376337,110,2021
110::2376397,2376397,110,2021
110::2376553,2376553,110,2021
110::2376575,2376575,110,2021
110::2376967,2376967,110,2021
110::2377086,2377086,110,2021
110::2377118,2377118,110,2021
110::2377127,2377127,110,2021
110::2377240,2377240,110,2021
110::2377259,2377259,110,2021
110::2377303,2377303,110,2021
110::2377396,2377396,110,2021
110::2377835,2377835,110,2021
110::2378288,2378288,110,2021
110::2378311,2378311,110,2021
110::2378356,2378356,110,2021
110::2378730,2378730,110,2021
110::2378742,2378742,110,2021
110::2378760,2378760,110,2021
110::2378783,2378783,110,2021
110::2378909,2378909,110,2021
110::2379077,2379077,110,2021
110::2380405,2380405,110,2021
110::2380588,2380588,110,2021
110::2380984,2380984,110,2021
110::2381144,2381144,110,2021
110::2381164,2381164,110,2021
110::2381236,2381236,110,2021
110::2381527,2381527,110,2021
110::2381617,2381617,110,2021
110::2381755,2381755,110,2021
110::2381777,2381777,110,2021
110::2382010,2382010,110,2021
110::2382052,2382052,110,2021
110::2382346,2382346,110,2021
110::2385398,2385398,110,2021
110::2385401,2385401,110,2021
110::2385421,2385421,110,2021
110::2385487,2385487,110,2021
110::2385689,2385689,110,2021
110::2385799,2385799,110,2021
110::2385839,2385839,110,2021
110::2385883,2385883,110,2021
110::2385970,2385970,110,2021
110::2385984,2385984,110,2021
110::2386165,2386165,110,2021
110::2386273,2386273,110,2021
110::2386302,2386302,110,2021
110::2386392,2386392,110,2021
110::2386464,2386464,110,2021
110::2386476,2386476,110,2021
110::2386589,2386589,110,2021
110::2386618,2386618,110,2021
110::2388338,2388338,110,2021
110::2388491,2388491,110,2021
110::2388535,2388535,110,2021
110::2388598,2388598,110,2021
110::2388667,2388667,110,2021
110::2388848,2388848,110,2021
110::2388863,2388863,110,2021
110::2389170,2389170,110,2021
110::2389267,2389267,110,2021
110::2392577,2392577,110,2021
110::2392682,2392682,110,2021
110::2392683,2392683,110,2021
110::2392889,2392889,110,2021
110::2392928,2392928,110,2021
110::2392990,2392990,110,2021
110::2392997,2392997,110,2021
110::2393027,2393027,110,2021
110::2393042,2393042,110,2021
110::2393064,2393064,110,2021
110::2393069,2393069,110,2021
110::2393093,2393093,110,2021
110::2393267,2393267,110,2021
110::2393301,2393301,110,2021
110::2393337,2393337,110,2021
110::2395494,2395494,110,2021
110::2395626,2395626,110,2021
110::2396123,2396123,110,2021
110::2396565,2396565,110,2021
110::2397435,2397435,110,2021
110::2397653,2397653,110,2021
110::2397706,2397706,110,2021
110::2397794,2397794,110,2021
110::2397802,2397802,110,2021
110::2397873,2397873,110,2021
110::2398459,2398459,110,2021
110::2398661,2398661,110,2021
110::2398891,2398891,110,2021
110::2399144,2399144,110,2021
110::2399441,2399441,110,2021
110::2399583,2399583,110,2021
110::2399634,2399634,110,2021
110::2400177,2400177,110,2021
110::2400189,2400189,110,2021
110::2401692,2401692,110,2021
110::2401965,2401965,110,2021
110::3376168,3376168,110,2021
110::3376174,3376174,110,2021
110::3376246,3376246,110,2021
110::3376259,3376259,110,2021
110::3376428,3376428,110,2021
110::3376453,3376453,110,2021
110::3376503,3376503,110,2021
110::3376511,3376511,110,2021
110::3376557,3376557,110,2021
110::3378078,3378078,110,2021
110::3381159,3381159,110,2021
110::3381965,3381965,110,2021
110::3385199,3385199,110,2021
110::3385733,3385733,110,2021
110::3386039,3386039,110,2021
110::3386299,3386299,110,2021
110::3386314,3386314,110,2021
110::3386604,3386604,110,2021
110::3388028,3388028,110,2021
110::3388334,3388334,110,2021
110::3388512,3388512,110,2021
110::3388540,3388540,110,2021
110::3388576,3388576,110,2021
110::3388743,3388743,110,2021
110::3389067,3389067,110,2021
110::3395186,3395186,110,2021
110::3395300,3395300,110,2021
110::3395409,3395409,110,2021
110::3395567,3395567,110,2021
110::3395839,3395839,110,2021
110::3395975,3395975,110,2021
110::3396278,3396278,110,2021
110::3396997,3396997,110,2021
110::3397656,3397656,110,2021
110::3398098,3398098,110,2021
110::3398388,3398388,110,2021
110::3398603,3398603,110,2021
110::3398773,3398773,110,2021
110::3399346,3399346,110,2021
110::3399385,3399385,110,2021
110::3399476,3399476,110,2021
110::3399653,3399653,110,2021
110::3400061,3400061,110,2021
110::3400394,3400394,110,2021
110::3401586,3401586,110,2021
110::3402309,3402309,110,2021
110::3402648,3402648,110,2021
110::3402719,3402719,110,2021
110::4376220,4376220,110,2021
110::4376255,4376255,110,2021
110::4376502,4376502,110,2021
110::4378299,4378299,110,2021
110::4378444,4378444,110,2021
110::4378838,4378838,110,2021
110::4380365,4380365,110,2021
110::4381229,4381229,110,2021
110::4386142,4386142,110,2021
110::4386236,4386236,110,2021
110::4386307,4386307,110,2021
110::4386369,4386369,110,2021
110::4386437,4386437,110,2021
110::4386465,4386465,110,2021
110::4386635,4386635,110,2021
110::4386735,4386735,110,2021
110::4388586,4388586,110,2021
110::4388751,4388751,110,2021
110::4388754,4388754,110,2021
110::4388909,4388909,110,2021
110::4389117,4389117,110,2021
110::4389133,4389133,110,2021
110::4389142,4389142,110,2021
110::4396060,4396060,110,2021
110::4396449,4396449,110,2021
110::4397015,4397015,110,2021
110::4397070,4397070,110,2021
110::4397319,4397319,110,2021
110::4397350,4397350,110,2021
110::4398453,4398453,110,2021
110::4399332,4399332,110,2021
110::4399374,4399374,110,2021
110::4400059,4400059,110,2021
110::4401380,4401380,110,2021
110::4401509,4401509,110,2021
110::4401757,4401757,110,2021
110::4402310,4402310,110,2021
110::4402356,4402356,110,2021
110::1403695,1403695,110,2021
110::1403700,1403700,110,2021
110::1403701,1403701,110,2021
110::1403715,1403715,110,2021
110::1403719,1403719,110,2021
110::1403725,1403725,110,2021
110::1403734,1403734,110,2021
110::1403739,1403739,110,2021
110::1403761,1403761,110,2021
110::1403764,1403764,110,2021
110::1403768,1403768,110,2021
110::1403777,1403777,110,2021
110::1403778,1403778,110,2021
110::1403783,1403783,110,2021
110::1403788,1403788,110,2021
110::1403791,1403791,110,2021
110::1403794,1403794,110,2021
110::1403796,1403796,110,2021
110::1403813,1403813,110,2021
110::1405173,1405173,110,2021
110::1405192,1405192,110,2021
110::1405232,1405232,110,2021
110::1405243,1405243,110,2021
110::1405273,1405273,110,2021
110::1405275,1405275,110,2021
110::1405320,1405320,110,2021
110::1405356,1405356,110,2021
110::1405360,1405360,110,2021
110::1405382,1405382,110,2021
110::1405385,1405385,110,2021
110::1405521,1405521,110,2021
110::1405566,1405566,110,2021
110::1405644,1405644,110,2021
110::1405761,1405761,110,2021
110::1405821,1405821,110,2021
110::1406120,1406120,110,2021
110::1406188,1406188,110,2021
110::1406644,1406644,110,2021
110::1406653,1406653,110,2021
110::1406866,1406866,110,2021
110::1406901,1406901,110,2021
110::1407046,1407046,110,2021
110::1407065,1407065,110,2021
110::1408641,1408641,110,2021
110::1408653,1408653,110,2021
110::1408757,1408757,110,2021
110::1408773,1408773,110,2021
110::1408826,1408826,110,2021
110::1408836,1408836,110,2021
110::1408913,1408913,110,2021
110::1409023,1409023,110,2021
110::1409060,1409060,110,2021
110::2403686,2403686,110,2021
110::2403687,2403687,110,2021
110::2403689,2403689,110,2021
110::2403693,2403693,110,2021
110::2403694,2403694,110,2021
110::2403699,2403699,110,2021
110::2403702,2403702,110,2021
110::2403738,2403738,110,2021
110::2403756,2403756,110,2021
110::2403757,2403757,110,2021
110::2403770,2403770,110,2021
110::2403787,2403787,110,2021
110::2403801,2403801,110,2021
110::2403806,2403806,110,2021
110::2403811,2403811,110,2021
110::2405158,2405158,110,2021
110::2405201,2405201,110,2021
110::2405207,2405207,110,2021
110::2405239,2405239,110,2021
110::2405242,2405242,110,2021
110::2405250,2405250,110,2021
110::2405252,2405252,110,2021
110::2405292,2405292,110,2021
110::2405308,2405308,110,2021
110::2405322,2405322,110,2021
110::2405334,2405334,110,2021
110::2405343,2405343,110,2021
110::2405346,2405346,110,2021
110::2405369,2405369,110,2021
110::2405555,2405555,110,2021
110::2405817,2405817,110,2021
110::2406173,2406173,110,2021
110::2406222,2406222,110,2021
110::2406256,2406256,110,2021
110::2406331,2406331,110,2021
110::2406523,2406523,110,2021
110::2406630,2406630,110,2021
110::2406985,2406985,110,2021
110::2408784,2408784,110,2021
110::2408798,2408798,110,2021
110::2408858,2408858,110,2021
110::2408891,2408891,110,2021
110::2408912,2408912,110,2021
110::2409061,2409061,110,2021
110::3405277,3405277,110,2021
110::3405290,3405290,110,2021
110::3405301,3405301,110,2021
110::3405312,3405312,110,2021
110::3405339,3405339,110,2021
110::3405712,3405712,110,2021
110::3405850,3405850,110,2021
110::3406067,3406067,110,2021
110::3406192,3406192,110,2021
110::3406629,3406629,110,2021
110::3406652,3406652,110,2021
110::3406780,3406780,110,2021
110::3407000,3407000,110,2021
110::3408663,3408663,110,2021
110::3408696,3408696,110,2021
110::3408860,3408860,110,2021
110::3408875,3408875,110,2021
110::3408888,3408888,110,2021
110::3409063,3409063,110,2021
110::4405128,4405128,110,2021
110::4405143,4405143,110,2021
110::4405198,4405198,110,2021
110::4405203,4405203,110,2021
110::4405209,4405209,110,2021
110::4405237,4405237,110,2021
110::4405244,4405244,110,2021
110::4405268,4405268,110,2021
110::4405276,4405276,110,2021
110::4405341,4405341,110,2021
110::4405377,4405377,110,2021
110::4405579,4405579,110,2021
110::4405705,4405705,110,2021
110::4406007,4406007,110,2021
110::4406694,4406694,110,2021
110::4407013,4407013,110,2021
110::4408676,4408676,110,2021
110::4408900,4408900,110,2021
110::4408917,4408917,110,2021
110::4408935,4408935,110,2021
110::4409028,4409028,110,2021
110::5408893,5408893,110,2021
110::6408620,6408620,110,2021
110::6408905,6408905,110,2021
110::7408868,7408868,110,2021
110::8408657,8408657,110,2021
110::8408932,8408932,110,2021
110::9408533,9408533,110,2021
110::9408753,9408753,110,2021
110::9408788,9408788,110,2021
110::1303545,1303545,110,2021
110::1303793,1303793,110,2021
110::1303930,1303930,110,2021
110::1304264,1304264,110,2021
110::1304313,1304313,110,2021
110::1304606,1304606,110,2021
110::1304607,1304607,110,2021
110::1304785,1304785,110,2021
110::1307116,1307116,110,2021
110::1307148,1307148,110,2021
110::1307180,1307180,110,2021
110::1307362,1307362,110,2021
110::1307424,1307424,110,2021
110::1307600,1307600,110,2021
110::1307692,1307692,110,2021
110::1307845,1307845,110,2021
110::1307952,1307952,110,2021
110::1308040,1308040,110,2021
110::1308137,1308137,110,2021
110::1308158,1308158,110,2021
110::1308575,1308575,110,2021
110::1309580,1309580,110,2021
110::1309777,1309777,110,2021
110::1310006,1310006,110,2021
110::1310208,1310208,110,2021
110::1310276,1310276,110,2021
110::1310277,1310277,110,2021
110::1310418,1310418,110,2021
110::1310687,1310687,110,2021
110::1310860,1310860,110,2021
110::1310972,1310972,110,2021
110::1310999,1310999,110,2021
110::1311057,1311057,110,2021
110::1311120,1311120,110,2021
110::1311221,1311221,110,2021
110::1311364,1311364,110,2021
110::1311446,1311446,110,2021
110::1312274,1312274,110,2021
110::1312365,1312365,110,2021
110::1312366,1312366,110,2021
110::1312720,1312720,110,2021
110::1313006,1313006,110,2021
110::1313152,1313152,110,2021
110::1313163,1313163,110,2021
110::1313202,1313202,110,2021
110::1313600,1313600,110,2021
110::1313635,1313635,110,2021
110::1313941,1313941,110,2021
110::1314228,1314228,110,2021
110::1314264,1314264,110,2021
110::1315385,1315385,110,2021
110::1315496,1315496,110,2021
110::1315673,1315673,110,2021
110::1315759,1315759,110,2021
110::1315830,1315830,110,2021
110::1316064,1316064,110,2021
110::1316378,1316378,110,2021
110::1316396,1316396,110,2021
110::1316606,1316606,110,2021
110::1316712,1316712,110,2021
110::1316722,1316722,110,2021
110::1316762,1316762,110,2021
110::1316852,1316852,110,2021
110::1316855,1316855,110,2021
110::1316867,1316867,110,2021
110::1316885,1316885,110,2021
110::1316929,1316929,110,2021
110::1318420,1318420,110,2021
110::1318482,1318482,110,2021
110::1318555,1318555,110,2021
110::1318581,1318581,110,2021
110::1318728,1318728,110,2021
110::1318734,1318734,110,2021
110::1318842,1318842,110,2021
110::1318985,1318985,110,2021
110::1319554,1319554,110,2021
110::1319557,1319557,110,2021
110::1319573,1319573,110,2021
110::1319583,1319583,110,2021
110::1319621,1319621,110,2021
110::1319636,1319636,110,2021
110::1319638,1319638,110,2021
110::1319640,1319640,110,2021
110::1319663,1319663,110,2021
110::1319666,1319666,110,2021
110::1319685,1319685,110,2021
110::1319689,1319689,110,2021
110::1322325,1322325,110,2021
110::1322332,1322332,110,2021
110::1322366,1322366,110,2021
110::1322386,1322386,110,2021
110::1323922,1323922,110,2021
110::1323927,1323927,110,2021
110::1325677,1325677,110,2021
110::1326828,1326828,110,2021
110::1326895,1326895,110,2021
110::1327031,1327031,110,2021
110::1327036,1327036,110,2021
110::1327111,1327111,110,2021
110::1327156,1327156,110,2021
110::1327178,1327178,110,2021
110::1327218,1327218,110,2021
110::1328033,1328033,110,2021
110::1328055,1328055,110,2021
110::1328180,1328180,110,2021
110::1328386,1328386,110,2021
110::2303016,2303016,110,2021
110::2303324,2303324,110,2021
110::2303345,2303345,110,2021
110::2303520,2303520,110,2021
110::2303525,2303525,110,2021
110::2304629,2304629,110,2021
110::2307122,2307122,110,2021
110::2307602,2307602,110,2021
110::2307639,2307639,110,2021
110::2307665,2307665,110,2021
110::2307836,2307836,110,2021
110::2307967,2307967,110,2021
110::2308366,2308366,110,2021
110::2308569,2308569,110,2021
110::2308724,2308724,110,2021
110::2308746,2308746,110,2021
110::2308790,2308790,110,2021
110::2309385,2309385,110,2021
110::2309756,2309756,110,2021
110::2310417,2310417,110,2021
110::2310423,2310423,110,2021
110::2310458,2310458,110,2021
110::2310865,2310865,110,2021
110::2311410,2311410,110,2021
110::2311414,2311414,110,2021
110::2311735,2311735,110,2021
110::2311740,2311740,110,2021
110::2312023,2312023,110,2021
110::2312075,2312075,110,2021
110::2312220,2312220,110,2021
110::2312377,2312377,110,2021
110::2312416,2312416,110,2021
110::2312654,2312654,110,2021
110::2312821,2312821,110,2021
110::2313059,2313059,110,2021
110::2313102,2313102,110,2021
110::2313293,2313293,110,2021
110::2313338,2313338,110,2021
110::2313638,2313638,110,2021
110::2313825,2313825,110,2021
110::2314124,2314124,110,2021
110::2314177,2314177,110,2021
110::2314402,2314402,110,2021
110::2315387,2315387,110,2021
110::2315754,2315754,110,2021
110::2315809,2315809,110,2021
110::2316009,2316009,110,2021
110::2316235,2316235,110,2021
110::2316431,2316431,110,2021
110::2316561,2316561,110,2021
110::2316570,2316570,110,2021
110::2316655,2316655,110,2021
110::2316711,2316711,110,2021
110::2316750,2316750,110,2021
110::2316786,2316786,110,2021
110::2316794,2316794,110,2021
110::2316804,2316804,110,2021
110::2316839,2316839,110,2021
110::2316848,2316848,110,2021
110::2316884,2316884,110,2021
110::2316940,2316940,110,2021
110::2317013,2317013,110,2021
110::2317016,2317016,110,2021
110::2317021,2317021,110,2021
110::2317044,2317044,110,2021
110::2317049,2317049,110,2021
110::2319564,2319564,110,2021
110::2319565,2319565,110,2021
110::2319568,2319568,110,2021
110::2319613,2319613,110,2021
110::2319614,2319614,110,2021
110::2319639,2319639,110,2021
110::2319646,2319646,110,2021
110::2319648,2319648,110,2021
110::2319654,2319654,110,2021
110::2319660,2319660,110,2021
110::2319662,2319662,110,2021
110::2319665,2319665,110,2021
110::2319674,2319674,110,2021
110::2319687,2319687,110,2021
110::2321914,2321914,110,2021
110::2323002,2323002,110,2021
110::2323009,2323009,110,2021
110::2323687,2323687,110,2021
110::2323821,2323821,110,2021
110::2324012,2324012,110,2021
110::2324496,2324496,110,2021
110::2325212,2325212,110,2021
110::2325302,2325302,110,2021
110::2325375,2325375,110,2021
110::2326680,2326680,110,2021
110::2326962,2326962,110,2021
110::2327067,2327067,110,2021
110::2327165,2327165,110,2021
110::2327760,2327760,110,2021
110::2328275,2328275,110,2021
110::2328952,2328952,110,2021
110::3302979,3302979,110,2021
110::3303014,3303014,110,2021
110::3303045,3303045,110,2021
110::3303397,3303397,110,2021
110::3303417,3303417,110,2021
110::3303550,3303550,110,2021
110::3303766,3303766,110,2021
110::3304057,3304057,110,2021
110::3304071,3304071,110,2021
110::3304326,3304326,110,2021
110::3307984,3307984,110,2021
110::3308574,3308574,110,2021
110::3308666,3308666,110,2021
110::3311166,3311166,110,2021
110::3313417,3313417,110,2021
110::3313724,3313724,110,2021
110::3315547,3315547,110,2021
110::3315556,3315556,110,2021
110::3315717,3315717,110,2021
110::3315820,3315820,110,2021
110::3315924,3315924,110,2021
110::3315929,3315929,110,2021
110::3316308,3316308,110,2021
110::3316381,3316381,110,2021
110::3316457,3316457,110,2021
110::3316467,3316467,110,2021
110::3316665,3316665,110,2021
110::3316723,3316723,110,2021
110::3316791,3316791,110,2021
110::3316985,3316985,110,2021
110::3319561,3319561,110,2021
110::3319577,3319577,110,2021
110::3319612,3319612,110,2021
110::3319625,3319625,110,2021
110::3319631,3319631,110,2021
110::3322473,3322473,110,2021
110::3322943,3322943,110,2021
110::3322946,3322946,110,2021
110::3322997,3322997,110,2021
110::3323035,3323035,110,2021
110::3323049,3323049,110,2021
110::3323061,3323061,110,2021
110::3323090,3323090,110,2021
110::3323339,3323339,110,2021
110::3327144,3327144,110,2021
110::3327242,3327242,110,2021
110::3327507,3327507,110,2021
110::3327851,3327851,110,2021
110::3328050,3328050,110,2021
110::3328137,3328137,110,2021
110::4302771,4302771,110,2021
110::4303672,4303672,110,2021
110::4303774,4303774,110,2021
110::4303909,4303909,110,2021
110::4303947,4303947,110,2021
110::4304081,4304081,110,2021
110::4304094,4304094,110,2021
110::4307539,4307539,110,2021
110::4307702,4307702,110,2021
110::4307835,4307835,110,2021
110::4308576,4308576,110,2021
110::4309012,4309012,110,2021
110::4309844,4309844,110,2021
110::4310179,4310179,110,2021
110::4310600,4310600,110,2021
110::4311345,4311345,110,2021
110::4313793,4313793,110,2021
110::4315259,4315259,110,2021
110::4315531,4315531,110,2021
110::4315845,4315845,110,2021
110::4316082,4316082,110,2021
110::4316600,4316600,110,2021
110::4316646,4316646,110,2021
110::4316847,4316847,110,2021
110::4316934,4316934,110,2021
110::4322417,4322417,110,2021
110::4322975,4322975,110,2021
110::4323170,4323170,110,2021
110::4326857,4326857,110,2021
110::4326878,4326878,110,2021
110::4327463,4327463,110,2021
110::4328125,4328125,110,2021
110::4328224,4328224,110,2021
110::4328295,4328295,110,2021
110::5318540,5318540,110,2021
110::5318568,5318568,110,2021
110::5318582,5318582,110,2021
110::5318709,5318709,110,2021
110::5318712,5318712,110,2021
110::5318855,5318855,110,2021
110::5318952,5318952,110,2021
110::5319088,5319088,110,2021
110::5322035,5322035,110,2021
110::5322253,5322253,110,2021
110::5322886,5322886,110,2021
110::5323213,5323213,110,2021
110::5323446,5323446,110,2021
110::5323602,5323602,110,2021
110::5323697,5323697,110,2021
110::5323902,5323902,110,2021
110::5323941,5323941,110,2021
110::5325272,5325272,110,2021
110::6318549,6318549,110,2021
110::6318701,6318701,110,2021
110::6318788,6318788,110,2021
110::6319028,6319028,110,2021
110::6321911,6321911,110,2021
110::6322225,6322225,110,2021
110::6322625,6322625,110,2021
110::6322673,6322673,110,2021
110::6324128,6324128,110,2021
110::6324669,6324669,110,2021
110::6325251,6325251,110,2021
110::6325323,6325323,110,2021
110::7318390,7318390,110,2021
110::7318556,7318556,110,2021
110::7318751,7318751,110,2021
110::7318967,7318967,110,2021
110::7319024,7319024,110,2021
110::7321918,7321918,110,2021
110::7322378,7322378,110,2021
110::7322611,7322611,110,2021
110::7322931,7322931,110,2021
110::7323709,7323709,110,2021
110::7323925,7323925,110,2021
110::7324756,7324756,110,2021
110::8318346,8318346,110,2021
110::8318703,8318703,110,2021
110::8318797,8318797,110,2021
110::8318906,8318906,110,2021
110::8318916,8318916,110,2021
110::8318931,8318931,110,2021
110::8322228,8322228,110,2021
110::8322608,8322608,110,2021
110::8323931,8323931,110,2021
110::8324384,8324384,110,2021
110::8325224,8325224,110,2021
110::8325951,8325951,110,2021
110::9318404,9318404,110,2021
110::9318559,9318559,110,2021
110::9318678,9318678,110,2021
110::9318813,9318813,110,2021
110::9318877,9318877,110,2021
110::9318921,9318921,110,2021
110::9318928,9318928,110,2021
110::9318950,9318950,110,2021
110::9322209,9322209,110,2021
110::9322341,9322341,110,2021
110::9322623,9322623,110,2021
110::9322922,9322922,110,2021
110::9323390,9323390,110,2021
110::9323974,9323974,110,2021
110::9324244,9324244,110,2021
110::9324485,9324485,110,2021
110::1001449,1001449,110,2021
110::1001532,1001532,110,2021
110::1001573,1001573,110,2021
110::1001587,1001587,110,2021
110::1001606,1001606,110,2021
110::1001661,1001661,110,2021
110::1001721,1001721,110,2021
110::1001925,1001925,110,2021
110::1002134,1002134,110,2021
110::1002139,1002139,110,2021
110::1006205,1006205,110,2021
110::1006268,1006268,110,2021
110::1006323,1006323,110,2021
110::1006563,1006563,110,2021
110::1006572,1006572,110,2021
110::1006595,1006595,110,2021
110::1006759,1006759,110,2021
110::1007160,1007160,110,2021
110::1007409,1007409,110,2021
110::1007507,1007507,110,2021
110::1007989,1007989,110,2021
110::1008513,1008513,110,2021
110::1009336,1009336,110,2021
110::1009357,1009357,110,2021
110::1009489,1009489,110,2021
110::1009592,1009592,110,2021
110::1010401,1010401,110,2021
110::1010705,1010705,110,2021
110::1011325,1011325,110,2021
110::1011360,1011360,110,2021
110::1011783,1011783,110,2021
110::2001586,2001586,110,2021
110::2001679,2001679,110,2021
110::2001703,2001703,110,2021
110::2001722,2001722,110,2021
110::2001739,2001739,110,2021
110::2001841,2001841,110,2021
110::2002085,2002085,110,2021
110::2002111,2002111,110,2021
110::2002143,2002143,110,2021
110::2002147,2002147,110,2021
110::2002217,2002217,110,2021
110::2002227,2002227,110,2021
110::2006239,2006239,110,2021
110::2006240,2006240,110,2021
110::2006350,2006350,110,2021
110::2006385,2006385,110,2021
110::2006393,2006393,110,2021
110::2006494,2006494,110,2021
110::2006526,2006526,110,2021
110::2006533,2006533,110,2021
110::2006566,2006566,110,2021
110::2006584,2006584,110,2021
110::2007577,2007577,110,2021
110::2008027,2008027,110,2021
110::2009187,2009187,110,2021
110::2009207,2009207,110,2021
110::2011241,2011241,110,2021
110::3001391,3001391,110,2021
110::3001650,3001650,110,2021
110::3001793,3001793,110,2021
110::3001960,3001960,110,2021
110::3001986,3001986,110,2021
110::3006219,3006219,110,2021
110::3006228,3006228,110,2021
110::3006253,3006253,110,2021
110::3006301,3006301,110,2021
110::3006347,3006347,110,2021
110::3006367,3006367,110,2021
110::3008873,3008873,110,2021
110::3009275,3009275,110,2021
110::3011198,3011198,110,2021
110::3011697,3011697,110,2021
110::3011777,3011777,110,2021
110::4001353,4001353,110,2021
110::4001387,4001387,110,2021
110::4001639,4001639,110,2021
110::4001910,4001910,110,2021
110::4001963,4001963,110,2021
110::4002009,4002009,110,2021
110::4002022,4002022,110,2021
110::4002123,4002123,110,2021
110::4006218,4006218,110,2021
110::4006227,4006227,110,2021
110::4006251,4006251,110,2021
110::4006342,4006342,110,2021
110::4006360,4006360,110,2021
110::4006362,4006362,110,2021
110::4006377,4006377,110,2021
110::4006380,4006380,110,2021
110::4006388,4006388,110,2021
110::4006467,4006467,110,2021
110::4006489,4006489,110,2021
110::4006497,4006497,110,2021
110::4006508,4006508,110,2021
110::4006802,4006802,110,2021
110::4007325,4007325,110,2021
110::4008906,4008906,110,2021
110::4009928,4009928,110,2021
110::4010404,4010404,110,2021
110::4010437,4010437,110,2021
110::4010967,4010967,110,2021
110::4011112,4011112,110,2021
110::4011351,4011351,110,2021
110::4011371,4011371,110,2021
110::4011762,4011762,110,2021
110::4012057,4012057,110,2021
110::5007251,5007251,110,2021
110::5007553,5007553,110,2021
110::5011006,5011006,110,2021
110::5011327,5011327,110,2021
110::5011344,5011344,110,2021
110::5011693,5011693,110,2021
110::5011836,5011836,110,2021
110::5013232,5013232,110,2021
110::6007222,6007222,110,2021
110::6008924,6008924,110,2021
110::6010391,6010391,110,2021
110::6011716,6011716,110,2021
110::6012157,6012157,110,2021
110::6012975,6012975,110,2021
110::6013076,6013076,110,2021
110::6013363,6013363,110,2021
110::6014870,6014870,110,2021
110::6015042,6015042,110,2021
110::7006785,7006785,110,2021
110::7007197,7007197,110,2021
110::7007234,7007234,110,2021
110::7007722,7007722,110,2021
110::7008872,7008872,110,2021
110::7010963,7010963,110,2021
110::7012116,7012116,110,2021
110::7013208,7013208,110,2021
110::8011181,8011181,110,2021
110::8011348,8011348,110,2021
110::8011707,8011707,110,2021
110::8011944,8011944,110,2021
110::8013177,8013177,110,2021
110::9011005,9011005,110,2021
110::9011105,9011105,110,2021
110::9012274,9012274,110,2021
110::9013393,9013393,110,2021
110::1016346,1016346,110,2021
110::1016417,1016417,110,2021
110::1016514,1016514,110,2021
110::1016629,1016629,110,2021
110::1016757,1016757,110,2021
110::1016820,1016820,110,2021
110::1017481,1017481,110,2021
110::1017516,1017516,110,2021
110::1017698,1017698,110,2021
110::1017761,1017761,110,2021
110::1017793,1017793,110,2021
110::1017879,1017879,110,2021
110::1018044,1018044,110,2021
110::1018093,1018093,110,2021
110::1018188,1018188,110,2021
110::1018796,1018796,110,2021
110::1019312,1019312,110,2021
110::1019344,1019344,110,2021
110::1019618,1019618,110,2021
110::1019748,1019748,110,2021
110::1019814,1019814,110,2021
110::1019919,1019919,110,2021
110::1019959,1019959,110,2021
110::1020006,1020006,110,2021
110::1020701,1020701,110,2021
110::1023048,1023048,110,2021
110::1023049,1023049,110,2021
110::1023238,1023238,110,2021
110::1023245,1023245,110,2021
110::1023262,1023262,110,2021
110::1023335,1023335,110,2021
110::1023784,1023784,110,2021
110::1024324,1024324,110,2021
110::1025208,1025208,110,2021
110::1026743,1026743,110,2021
110::1026846,1026846,110,2021
110::1027151,1027151,110,2021
110::1027168,1027168,110,2021
110::1029161,1029161,110,2021
110::1029708,1029708,110,2021
110::1029815,1029815,110,2021
110::1029918,1029918,110,2021
110::1031041,1031041,110,2021
110::2016604,2016604,110,2021
110::2016618,2016618,110,2021
110::2016744,2016744,110,2021
110::2016859,2016859,110,2021
110::2016933,2016933,110,2021
110::2017181,2017181,110,2021
110::2017450,2017450,110,2021
110::2017529,2017529,110,2021
110::2017589,2017589,110,2021
110::2017734,2017734,110,2021
110::2018218,2018218,110,2021
110::2018657,2018657,110,2021
110::2018736,2018736,110,2021
110::2018826,2018826,110,2021
110::2018973,2018973,110,2021
110::2019008,2019008,110,2021
110::2019190,2019190,110,2021
110::2019213,2019213,110,2021
110::2019328,2019328,110,2021
110::2019694,2019694,110,2021
110::2019708,2019708,110,2021
110::2019816,2019816,110,2021
110::2019831,2019831,110,2021
110::2019839,2019839,110,2021
110::2019921,2019921,110,2021
110::2019955,2019955,110,2021
110::2019971,2019971,110,2021
110::2019984,2019984,110,2021
110::2019988,2019988,110,2021
110::2020895,2020895,110,2021
110::2022800,2022800,110,2021
110::2024216,2024216,110,2021
110::2024254,2024254,110,2021
110::2024368,2024368,110,2021
110::2026397,2026397,110,2021
110::2026468,2026468,110,2021
110::2026814,2026814,110,2021
110::2026986,2026986,110,2021
110::2028702,2028702,110,2021
110::2029721,2029721,110,2021
110::2031363,2031363,110,2021
110::2032451,2032451,110,2021
110::2032497,2032497,110,2021
110::3019616,3019616,110,2021
110::3019646,3019646,110,2021
110::3019670,3019670,110,2021
110::3019690,3019690,110,2021
110::3019711,3019711,110,2021
110::3019737,3019737,110,2021
110::3019841,3019841,110,2021
110::3019878,3019878,110,2021
110::3019997,3019997,110,2021
110::3020011,3020011,110,2021
110::3020896,3020896,110,2021
110::3021075,3021075,110,2021
110::3023653,3023653,110,2021
110::3023970,3023970,110,2021
110::3029877,3029877,110,2021
110::3029886,3029886,110,2021
110::3030437,3030437,110,2021
110::3031017,3031017,110,2021
110::3031478,3031478,110,2021
110::3031615,3031615,110,2021
110::4019644,4019644,110,2021
110::4019674,4019674,110,2021
110::4019677,4019677,110,2021
110::4019800,4019800,110,2021
110::4020128,4020128,110,2021
110::4020222,4020222,110,2021
110::4020366,4020366,110,2021
110::4020626,4020626,110,2021
110::4022364,4022364,110,2021
110::4022999,4022999,110,2021
110::4023007,4023007,110,2021
110::4024137,4024137,110,2021
110::4024321,4024321,110,2021
110::4024511,4024511,110,2021
110::4026881,4026881,110,2021
110::4029436,4029436,110,2021
110::4029705,4029705,110,2021
110::5016515,5016515,110,2021
110::5016758,5016758,110,2021
110::5017383,5017383,110,2021
110::5017446,5017446,110,2021
110::5017501,5017501,110,2021
110::5019388,5019388,110,2021
110::5020711,5020711,110,2021
110::5020880,5020880,110,2021
110::5020890,5020890,110,2021
110::5022766,5022766,110,2021
110::5029020,5029020,110,2021
110::5029202,5029202,110,2021
110::5029351,5029351,110,2021
110::5029759,5029759,110,2021
110::5030096,5030096,110,2021
110::5030352,5030352,110,2021
110::5032485,5032485,110,2021
110::5032560,5032560,110,2021
110::6016883,6016883,110,2021
110::6016970,6016970,110,2021
110::6018332,6018332,110,2021
110::6018989,6018989,110,2021
110::6020034,6020034,110,2021
110::6020060,6020060,110,2021
110::6020300,6020300,110,2021
110::6020489,6020489,110,2021
110::6020541,6020541,110,2021
110::6022865,6022865,110,2021
110::6023631,6023631,110,2021
110::6024188,6024188,110,2021
110::6029289,6029289,110,2021
110::7018015,7018015,110,2021
110::7020118,7020118,110,2021
110::7020566,7020566,110,2021
110::7023186,7023186,110,2021
110::7028010,7028010,110,2021
110::7029603,7029603,110,2021
110::7031781,7031781,110,2021
110::7032487,7032487,110,2021
110::8016561,8016561,110,2021
110::8016674,8016674,110,2021
110::8017471,8017471,110,2021
110::8017515,8017515,110,2021
110::8018196,8018196,110,2021
110::8018255,8018255,110,2021
110::8018832,8018832,110,2021
110::8020177,8020177,110,2021
110::8020580,8020580,110,2021
110::8021057,8021057,110,2021
110::8022739,8022739,110,2021
110::8022967,8022967,110,2021
110::8025086,8025086,110,2021
110::8031676,8031676,110,2021
110::9016969,9016969,110,2021
110::9016977,9016977,110,2021
110::9017461,9017461,110,2021
110::9018861,9018861,110,2021
110::9019257,9019257,110,2021
110::9020298,9020298,110,2021
110::9020712,9020712,110,2021
110::9020813,9020813,110,2021
110::9022328,9022328,110,2021
110::9023927,9023927,110,2021
110::9024881,9024881,110,2021
110::9028883,9028883,110,2021
110::9029853,9029853,110,2021
110::9029902,9029902,110,2021
110::1034187,1034187,110,2021
110::1034205,1034205,110,2021
110::1034424,1034424,110,2021
110::1034700,1034700,110,2021
110::1034724,1034724,110,2021
110::1034946,1034946,110,2021
110::1034985,1034985,110,2021
110::1035115,1035115,110,2021
110::1035293,1035293,110,2021
110::1038028,1038028,110,2021
110::1038029,1038029,110,2021
110::1038038,1038038,110,2021
110::1038054,1038054,110,2021
110::1038060,1038060,110,2021
110::1038063,1038063,110,2021
110::1038088,1038088,110,2021
110::1038105,1038105,110,2021
110::1038106,1038106,110,2021
110::1038107,1038107,110,2021
110::1038117,1038117,110,2021
110::1038118,1038118,110,2021
110::1038141,1038141,110,2021
110::1038143,1038143,110,2021
110::1038144,1038144,110,2021
110::1038150,1038150,110,2021
110::1038381,1038381,110,2021
110::1038907,1038907,110,2021
110::1038994,1038994,110,2021
110::1039592,1039592,110,2021
110::1039615,1039615,110,2021
110::1040217,1040217,110,2021
110::1040550,1040550,110,2021
110::1040732,1040732,110,2021
110::1041057,1041057,110,2021
110::2034222,2034222,110,2021
110::2034610,2034610,110,2021
110::2034644,2034644,110,2021
110::2034974,2034974,110,2021
110::2035024,2035024,110,2021
110::2035039,2035039,110,2021
110::2035180,2035180,110,2021
110::2038035,2038035,110,2021
110::2038046,2038046,110,2021
110::2038057,2038057,110,2021
110::2038163,2038163,110,2021
110::2038881,2038881,110,2021
110::2038938,2038938,110,2021
110::2039032,2039032,110,2021
110::2040043,2040043,110,2021
110::2040594,2040594,110,2021
110::2040891,2040891,110,2021
110::2041774,2041774,110,2021
110::2041776,2041776,110,2021
110::3034314,3034314,110,2021
110::3034530,3034530,110,2021
110::3034612,3034612,110,2021
110::3034643,3034643,110,2021
110::3034687,3034687,110,2021
110::3035276,3035276,110,2021
110::3038034,3038034,110,2021
110::3038036,3038036,110,2021
110::3038040,3038040,110,2021
110::3038104,3038104,110,2021
110::3038108,3038108,110,2021
110::3038877,3038877,110,2021
110::3038878,3038878,110,2021
110::3040577,3040577,110,2021
110::3041019,3041019,110,2021
110::4034566,4034566,110,2021
110::4034657,4034657,110,2021
110::4034744,4034744,110,2021
110::4034874,4034874,110,2021
110::4034922,4034922,110,2021
110::4035043,4035043,110,2021
110::4035172,4035172,110,2021
110::4035339,4035339,110,2021
110::4038026,4038026,110,2021
110::4038042,4038042,110,2021
110::4038045,4038045,110,2021
110::4038048,4038048,110,2021
110::4038145,4038145,110,2021
110::4038194,4038194,110,2021
110::4038260,4038260,110,2021
110::4038893,4038893,110,2021
110::4038897,4038897,110,2021
110::4039709,4039709,110,2021
110::4040844,4040844,110,2021
110::4040933,4040933,110,2021
110::4041529,4041529,110,2021
110::5036187,5036187,110,2021
110::5036361,5036361,110,2021
110::5036604,5036604,110,2021
110::5036700,5036700,110,2021
110::5036996,5036996,110,2021
110::5037010,5037010,110,2021
110::5037029,5037029,110,2021
110::5038047,5038047,110,2021
110::6036162,6036162,110,2021
110::6036180,6036180,110,2021
110::6036375,6036375,110,2021
110::6036575,6036575,110,2021
110::6036716,6036716,110,2021
110::6037048,6037048,110,2021
110::6037134,6037134,110,2021
110::6037200,6037200,110,2021
110::6037698,6037698,110,2021
110::7036208,7036208,110,2021
110::7036224,7036224,110,2021
110::7036990,7036990,110,2021
110::8036344,8036344,110,2021
110::8037064,8037064,110,2021
110::8037103,8037103,110,2021
110::8037182,8037182,110,2021
110::8037223,8037223,110,2021
110::8037645,8037645,110,2021
110::9036223,9036223,110,2021
110::9036342,9036342,110,2021
110::9036653,9036653,110,2021
110::9036898,9036898,110,2021
110::9037144,9037144,110,2021
110::1041859,1041859,110,2021
110::1041875,1041875,110,2021
110::1041936,1041936,110,2021
110::1042248,1042248,110,2021
110::1042422,1042422,110,2021
110::1042455,1042455,110,2021
110::1042658,1042658,110,2021
110::1042680,1042680,110,2021
110::1044038,1044038,110,2021
110::1044082,1044082,110,2021
110::1044089,1044089,110,2021
110::1044095,1044095,110,2021
110::1044104,1044104,110,2021
110::1044109,1044109,110,2021
110::1044120,1044120,110,2021
110::1044129,1044129,110,2021
110::1044130,1044130,110,2021
110::1044145,1044145,110,2021
110::1044146,1044146,110,2021
110::1044150,1044150,110,2021
110::1044152,1044152,110,2021
110::1044162,1044162,110,2021
110::1044163,1044163,110,2021
110::2041862,2041862,110,2021
110::2042013,2042013,110,2021
110::2042067,2042067,110,2021
110::2042125,2042125,110,2021
110::2042334,2042334,110,2021
110::2042496,2042496,110,2021
110::2042508,2042508,110,2021
110::2042773,2042773,110,2021
110::2042819,2042819,110,2021
110::2044041,2044041,110,2021
110::2044042,2044042,110,2021
110::2044045,2044045,110,2021
110::2044047,2044047,110,2021
110::2044055,2044055,110,2021
110::2044092,2044092,110,2021
110::2044105,2044105,110,2021
110::2044107,2044107,110,2021
110::2044110,2044110,110,2021
110::2044112,2044112,110,2021
110::2044136,2044136,110,2021
110::2044157,2044157,110,2021
110::2044171,2044171,110,2021
110::3041828,3041828,110,2021
110::3042017,3042017,110,2021
110::3042020,3042020,110,2021
110::3042051,3042051,110,2021
110::3042279,3042279,110,2021
110::3042351,3042351,110,2021
110::3042689,3042689,110,2021
110::3042700,3042700,110,2021
110::3044094,3044094,110,2021
110::3044108,3044108,110,2021
110::3044148,3044148,110,2021
110::3044174,3044174,110,2021
110::4041882,4041882,110,2021
110::4042285,4042285,110,2021
110::4042320,4042320,110,2021
110::4042366,4042366,110,2021
110::4042503,4042503,110,2021
110::4042662,4042662,110,2021
110::1047639,1047639,110,2021
110::1047828,1047828,110,2021
110::1047886,1047886,110,2021
110::1048120,1048120,110,2021
110::1048136,1048136,110,2021
110::1048439,1048439,110,2021
110::1048476,1048476,110,2021
110::1048498,1048498,110,2021
110::1048555,1048555,110,2021
110::1048635,1048635,110,2021
110::1048645,1048645,110,2021
110::1048765,1048765,110,2021
110::1048770,1048770,110,2021
110::1048949,1048949,110,2021
110::1048980,1048980,110,2021
110::1048998,1048998,110,2021
110::1049001,1049001,110,2021
110::1049028,1049028,110,2021
110::1049057,1049057,110,2021
110::1049112,1049112,110,2021
110::1049139,1049139,110,2021
110::1049167,1049167,110,2021
110::1049278,1049278,110,2021
110::1049646,1049646,110,2021
110::1051119,1051119,110,2021
110::1051149,1051149,110,2021
110::1051165,1051165,110,2021
110::1051271,1051271,110,2021
110::1051306,1051306,110,2021
110::1051332,1051332,110,2021
110::1051337,1051337,110,2021
110::1051381,1051381,110,2021
110::1051382,1051382,110,2021
110::1051386,1051386,110,2021
110::1051400,1051400,110,2021
110::1051405,1051405,110,2021
110::1051406,1051406,110,2021
110::1051411,1051411,110,2021
110::1051423,1051423,110,2021
110::1052180,1052180,110,2021
110::1052186,1052186,110,2021
110::1052242,1052242,110,2021
110::1052478,1052478,110,2021
110::1052487,1052487,110,2021
110::1052768,1052768,110,2021
110::1052769,1052769,110,2021
110::1052964,1052964,110,2021
110::1053308,1053308,110,2021
110::1053385,1053385,110,2021
110::1053980,1053980,110,2021
110::1054113,1054113,110,2021
110::1054690,1054690,110,2021
110::1055987,1055987,110,2021
110::1056606,1056606,110,2021
110::1056707,1056707,110,2021
110::1056838,1056838,110,2021
110::1057179,1057179,110,2021
110::1057437,1057437,110,2021
110::1060224,1060224,110,2021
110::1060948,1060948,110,2021
110::1066334,1066334,110,2021
110::1066525,1066525,110,2021
110::1067984,1067984,110,2021
110::1069677,1069677,110,2021
110::2047362,2047362,110,2021
110::2047407,2047407,110,2021
110::2047409,2047409,110,2021
110::2047523,2047523,110,2021
110::2047539,2047539,110,2021
110::2047706,2047706,110,2021
110::2047752,2047752,110,2021
110::2047879,2047879,110,2021
110::2048872,2048872,110,2021
110::2048941,2048941,110,2021
110::2048968,2048968,110,2021
110::2049251,2049251,110,2021
110::2049368,2049368,110,2021
110::2049685,2049685,110,2021
110::2049690,2049690,110,2021
110::2049759,2049759,110,2021
110::2049856,2049856,110,2021
110::2051056,2051056,110,2021
110::2051059,2051059,110,2021
110::2051111,2051111,110,2021
110::2051231,2051231,110,2021
110::2051324,2051324,110,2021
110::2051325,2051325,110,2021
110::2051326,2051326,110,2021
110::2051379,2051379,110,2021
110::2051396,2051396,110,2021
110::2051398,2051398,110,2021
110::2051462,2051462,110,2021
110::2051972,2051972,110,2021
110::2052146,2052146,110,2021
110::2052193,2052193,110,2021
110::2052250,2052250,110,2021
110::2052960,2052960,110,2021
110::2053068,2053068,110,2021
110::2054132,2054132,110,2021
110::2055844,2055844,110,2021
110::2055863,2055863,110,2021
110::2056000,2056000,110,2021
110::2056021,2056021,110,2021
110::2056024,2056024,110,2021
110::2056050,2056050,110,2021
110::2056134,2056134,110,2021
110::2056335,2056335,110,2021
110::2056459,2056459,110,2021
110::2057944,2057944,110,2021
110::2060710,2060710,110,2021
110::2062913,2062913,110,2021
110::2064978,2064978,110,2021
110::2065959,2065959,110,2021
110::3047570,3047570,110,2021
110::3047582,3047582,110,2021
110::3047774,3047774,110,2021
110::3047841,3047841,110,2021
110::3048306,3048306,110,2021
110::3048444,3048444,110,2021
110::3048662,3048662,110,2021
110::3048863,3048863,110,2021
110::3049083,3049083,110,2021
110::3049241,3049241,110,2021
110::3049978,3049978,110,2021
110::3050004,3050004,110,2021
110::3051048,3051048,110,2021
110::3051084,3051084,110,2021
110::3051464,3051464,110,2021
110::3052027,3052027,110,2021
110::3052029,3052029,110,2021
110::3052137,3052137,110,2021
110::3052142,3052142,110,2021
110::3052491,3052491,110,2021
110::3052750,3052750,110,2021
110::3052859,3052859,110,2021
110::3052874,3052874,110,2021
110::3052897,3052897,110,2021
110::3052922,3052922,110,2021
110::3053369,3053369,110,2021
110::3056018,3056018,110,2021
110::3057315,3057315,110,2021
110::3057373,3057373,110,2021
110::3060180,3060180,110,2021
110::3060545,3060545,110,2021
110::3060882,3060882,110,2021
110::3060956,3060956,110,2021
110::3062144,3062144,110,2021
110::3064963,3064963,110,2021
110::3065257,3065257,110,2021
110::3065887,3065887,110,2021
110::3066524,3066524,110,2021
110::3066983,3066983,110,2021
110::3067335,3067335,110,2021
110::4048705,4048705,110,2021
110::4048716,4048716,110,2021
110::4050012,4050012,110,2021
110::4051251,4051251,110,2021
110::4059612,4059612,110,2021
110::4060063,4060063,110,2021
110::4060716,4060716,110,2021
110::4061495,4061495,110,2021
110::4062020,4062020,110,2021
110::4062231,4062231,110,2021
110::4064974,4064974,110,2021
110::4065127,4065127,110,2021
110::4065259,4065259,110,2021
110::4065265,4065265,110,2021
110::4065271,4065271,110,2021
110::4065938,4065938,110,2021
110::4066468,4066468,110,2021
110::4067581,4067581,110,2021
110::4067629,4067629,110,2021
110::5060472,5060472,110,2021
110::5061437,5061437,110,2021
110::5065254,5065254,110,2021
110::5065548,5065548,110,2021
110::5065652,5065652,110,2021
110::5066110,5066110,110,2021
110::5066508,5066508,110,2021
110::6060179,6060179,110,2021
110::6060945,6060945,110,2021
110::6061446,6061446,110,2021
110::6066529,6066529,110,2021
110::6067619,6067619,110,2021
110::7060178,7060178,110,2021
110::7060420,7060420,110,2021
110::7060953,7060953,110,2021
110::7061421,7061421,110,2021
110::7062243,7062243,110,2021
110::7065316,7065316,110,2021
110::7065558,7065558,110,2021
110::7065614,7065614,110,2021
110::7066901,7066901,110,2021
110::8060146,8060146,110,2021
110::8060369,8060369,110,2021
110::8060553,8060553,110,2021
110::8060576,8060576,110,2021
110::8061017,8061017,110,2021
110::8063822,8063822,110,2021
110::8066433,8066433,110,2021
110::8067292,8067292,110,2021
110::9060156,9060156,110,2021
110::9060798,9060798,110,2021
110::9061032,9061032,110,2021
110::9061583,9061583,110,2021
110::9063292,9063292,110,2021
110::9065139,9065139,110,2021
110::9065279,9065279,110,2021
110::9066784,9066784,110,2021
110::9067468,9067468,110,2021
110::1070100,1070100,110,2021
110::1070149,1070149,110,2021
110::1070239,1070239,110,2021
110::1070249,1070249,110,2021
110::1070264,1070264,110,2021
110::1070305,1070305,110,2021
110::1070314,1070314,110,2021
110::1070319,1070319,110,2021
110::1070337,1070337,110,2021
110::2070062,2070062,110,2021
110::2070209,2070209,110,2021
110::2070243,2070243,110,2021
110::2070287,2070287,110,2021
110::2070366,2070366,110,2021
110::2070371,2070371,110,2021
110::3070061,3070061,110,2021
110::3070143,3070143,110,2021
110::3070172,3070172,110,2021
110::3070207,3070207,110,2021
110::3070250,3070250,110,2021
110::3070251,3070251,110,2021
110::3070362,3070362,110,2021
110::4070006,4070006,110,2021
110::4070018,4070018,110,2021
110::4070083,4070083,110,2021
110::4070122,4070122,110,2021
110::4070175,4070175,110,2021
110::4070242,4070242,110,2021
110::4070272,4070272,110,2021
110::4070278,4070278,110,2021
110::4070352,4070352,110,2021
110::1072080,1072080,110,2021
110::1072081,1072081,110,2021
110::1072088,1072088,110,2021
110::1072101,1072101,110,2021
110::1072126,1072126,110,2021
110::1072135,1072135,110,2021
110::1072138,1072138,110,2021
110::1072155,1072155,110,2021
110::1072173,1072173,110,2021
110::1072182,1072182,110,2021
110::1072184,1072184,110,2021
110::1072199,1072199,110,2021
110::1072211,1072211,110,2021
110::1074307,1074307,110,2021
110::1074330,1074330,110,2021
110::1074388,1074388,110,2021
110::1074407,1074407,110,2021
110::1074473,1074473,110,2021
110::1075708,1075708,110,2021
110::1076062,1076062,110,2021
110::2072082,2072082,110,2021
110::2072089,2072089,110,2021
110::2072094,2072094,110,2021
110::2072103,2072103,110,2021
110::2072120,2072120,110,2021
110::2072140,2072140,110,2021
110::2072143,2072143,110,2021
110::2072153,2072153,110,2021
110::2072168,2072168,110,2021
110::2072185,2072185,110,2021
110::2072191,2072191,110,2021
110::2072198,2072198,110,2021
110::2074409,2074409,110,2021
110::2074427,2074427,110,2021
110::2074591,2074591,110,2021
110::2074630,2074630,110,2021
110::2075043,2075043,110,2021
110::2075709,2075709,110,2021
110::2076029,2076029,110,2021
110::2077009,2077009,110,2021
110::3072079,3072079,110,2021
110::3072099,3072099,110,2021
110::3072124,3072124,110,2021
110::3072164,3072164,110,2021
110::3072188,3072188,110,2021
110::3076269,3076269,110,2021
110::4074435,4074435,110,2021
110::4074631,4074631,110,2021
110::4075935,4075935,110,2021
110::4076204,4076204,110,2021
110::4076508,4076508,110,2021
110::5074452,5074452,110,2021
110::5075981,5075981,110,2021
110::6074256,6074256,110,2021
110::6074674,6074674,110,2021
110::7074765,7074765,110,2021
110::8074615,8074615,110,2021
110::9074588,9074588,110,2021
110::9074608,9074608,110,2021
110::9074623,9074623,110,2021
110::9075821,9075821,110,2021
110::1077556,1077556,110,2021
110::1077663,1077663,110,2021
110::1078398,1078398,110,2021
110::1078525,1078525,110,2021
110::1078564,1078564,110,2021
110::1078636,1078636,110,2021
110::1078892,1078892,110,2021
110::1079011,1079011,110,2021
110::1079237,1079237,110,2021
110::1079622,1079622,110,2021
110::1079902,1079902,110,2021
110::1079992,1079992,110,2021
110::1080031,1080031,110,2021
110::1080552,1080552,110,2021
110::1080836,1080836,110,2021
110::1080956,1080956,110,2021
110::1080963,1080963,110,2021
110::1080970,1080970,110,2021
110::1081191,1081191,110,2021
110::1081433,1081433,110,2021
110::1081516,1081516,110,2021
110::1081598,1081598,110,2021
110::1081702,1081702,110,2021
110::1081727,1081727,110,2021
110::1081818,1081818,110,2021
110::1081865,1081865,110,2021
110::1081867,1081867,110,2021
110::1082224,1082224,110,2021
110::1082233,1082233,110,2021
110::1082277,1082277,110,2021
110::1082315,1082315,110,2021
110::1082438,1082438,110,2021
110::1084776,1084776,110,2021
110::1084863,1084863,110,2021
110::1084883,1084883,110,2021
110::1084918,1084918,110,2021
110::1084971,1084971,110,2021
110::1084994,1084994,110,2021
110::1085045,1085045,110,2021
110::1085066,1085066,110,2021
110::1085077,1085077,110,2021
110::1085093,1085093,110,2021
110::1085102,1085102,110,2021
110::1085117,1085117,110,2021
110::1085130,1085130,110,2021
110::1085144,1085144,110,2021
110::1085161,1085161,110,2021
110::1085183,1085183,110,2021
110::1085218,1085218,110,2021
110::1085225,1085225,110,2021
110::1085234,1085234,110,2021
110::1085279,1085279,110,2021
110::1085380,1085380,110,2021
110::1085382,1085382,110,2021
110::1085386,1085386,110,2021
110::1085434,1085434,110,2021
110::1087638,1087638,110,2021
110::1087644,1087644,110,2021
110::1087646,1087646,110,2021
110::1087672,1087672,110,2021
110::1087675,1087675,110,2021
110::1087676,1087676,110,2021
110::1087678,1087678,110,2021
110::1087681,1087681,110,2021
110::1087682,1087682,110,2021
110::1087685,1087685,110,2021
110::1087687,1087687,110,2021
110::1087688,1087688,110,2021
110::1087699,1087699,110,2021
110::1087704,1087704,110,2021
110::1087711,1087711,110,2021
110::1087712,1087712,110,2021
110::1087721,1087721,110,2021
110::1087723,1087723,110,2021
110::1087724,1087724,110,2021
110::1087729,1087729,110,2021
110::1087735,1087735,110,2021
110::1087740,1087740,110,2021
110::1087752,1087752,110,2021
110::1087754,1087754,110,2021
110::1087757,1087757,110,2021
110::1087758,1087758,110,2021
110::1088481,1088481,110,2021
110::1088511,1088511,110,2021
110::1088556,1088556,110,2021
110::1088682,1088682,110,2021
110::1088848,1088848,110,2021
110::1089253,1089253,110,2021
110::1089370,1089370,110,2021
110::1089455,1089455,110,2021
110::1089480,1089480,110,2021
110::1090272,1090272,110,2021
110::1090906,1090906,110,2021
110::1091115,1091115,110,2021
110::1093849,1093849,110,2021
110::1094302,1094302,110,2021
110::1095180,1095180,110,2021
110::1095522,1095522,110,2021
110::1097125,1097125,110,2021
110::1097133,1097133,110,2021
110::1097172,1097172,110,2021
110::1097265,1097265,110,2021
110::1097266,1097266,110,2021
110::1097312,1097312,110,2021
110::1098618,1098618,110,2021
110::1098619,1098619,110,2021
110::1098879,1098879,110,2021
110::1099149,1099149,110,2021
110::1100197,1100197,110,2021
110::1100257,1100257,110,2021
110::1100347,1100347,110,2021
110::1100698,1100698,110,2021
110::1100966,1100966,110,2021
110::1101469,1101469,110,2021
110::1101522,1101522,110,2021
110::1101675,1101675,110,2021
110::1101816,1101816,110,2021
110::1101891,1101891,110,2021
110::1101917,1101917,110,2021
110::1102402,1102402,110,2021
110::1102878,1102878,110,2021
110::1102890,1102890,110,2021
110::1102931,1102931,110,2021
110::1103172,1103172,110,2021
110::1103403,1103403,110,2021
110::1103614,1103614,110,2021
110::1103743,1103743,110,2021
110::1104395,1104395,110,2021
110::1105170,1105170,110,2021
110::1105365,1105365,110,2021
110::1105876,1105876,110,2021
110::1105960,1105960,110,2021
110::1106039,1106039,110,2021
110::1106082,1106082,110,2021
110::1106525,1106525,110,2021
110::1106615,1106615,110,2021
110::1106769,1106769,110,2021
110::1106770,1106770,110,2021
110::1107193,1107193,110,2021
110::1108036,1108036,110,2021
110::1108103,1108103,110,2021
110::1108134,1108134,110,2021
110::1108331,1108331,110,2021
110::1108493,1108493,110,2021
110::1108852,1108852,110,2021
110::1109187,1109187,110,2021
110::1109218,1109218,110,2021
110::1110182,1110182,110,2021
110::1110279,1110279,110,2021
110::1110410,1110410,110,2021
110::1110450,1110450,110,2021
110::1110481,1110481,110,2021
110::1110484,1110484,110,2021
110::1110576,1110576,110,2021
110::1110727,1110727,110,2021
110::1110806,1110806,110,2021
110::1110808,1110808,110,2021
110::1111024,1111024,110,2021
110::1111198,1111198,110,2021
110::1111260,1111260,110,2021
110::1111397,1111397,110,2021
110::1111401,1111401,110,2021
110::1111793,1111793,110,2021
110::1111943,1111943,110,2021
110::1111962,1111962,110,2021
110::1113254,1113254,110,2021
110::1113671,1113671,110,2021
110::1113859,1113859,110,2021
110::1114020,1114020,110,2021
110::1114050,1114050,110,2021
110::1114159,1114159,110,2021
110::1114237,1114237,110,2021
110::1114694,1114694,110,2021
110::1114788,1114788,110,2021
110::1115086,1115086,110,2021
110::1116058,1116058,110,2021
110::1116451,1116451,110,2021
110::1116468,1116468,110,2021
110::1116474,1116474,110,2021
110::1116689,1116689,110,2021
110::1117003,1117003,110,2021
110::1117013,1117013,110,2021
110::1117220,1117220,110,2021
110::1117608,1117608,110,2021
110::1118283,1118283,110,2021
110::1118371,1118371,110,2021
110::1118423,1118423,110,2021
110::1118514,1118514,110,2021
110::1118686,1118686,110,2021
110::1118897,1118897,110,2021
110::1118918,1118918,110,2021
110::1119275,1119275,110,2021
110::1120078,1120078,110,2021
110::1120508,1120508,110,2021
110::1120701,1120701,110,2021
110::1120789,1120789,110,2021
110::1120841,1120841,110,2021
110::1121186,1121186,110,2021
110::1121551,1121551,110,2021
110::1122506,1122506,110,2021
110::1122587,1122587,110,2021
110::1122893,1122893,110,2021
110::1123424,1123424,110,2021
110::1124574,1124574,110,2021
110::1124759,1124759,110,2021
110::1124874,1124874,110,2021
110::1124940,1124940,110,2021
110::1125112,1125112,110,2021
110::1125120,1125120,110,2021
110::1125168,1125168,110,2021
110::1126168,1126168,110,2021
110::1126544,1126544,110,2021
110::1126673,1126673,110,2021
110::1127344,1127344,110,2021
110::1127436,1127436,110,2021
110::2077425,2077425,110,2021
110::2077594,2077594,110,2021
110::2077747,2077747,110,2021
110::2077803,2077803,110,2021
110::2077837,2077837,110,2021
110::2078562,2078562,110,2021
110::2078610,2078610,110,2021
110::2078999,2078999,110,2021
110::2079098,2079098,110,2021
110::2079212,2079212,110,2021
110::2079970,2079970,110,2021
110::2080081,2080081,110,2021
110::2080085,2080085,110,2021
110::2080495,2080495,110,2021
110::2080799,2080799,110,2021
110::2080871,2080871,110,2021
110::2080931,2080931,110,2021
110::2080940,2080940,110,2021
110::2081031,2081031,110,2021
110::2081032,2081032,110,2021
110::2081089,2081089,110,2021
110::2081111,2081111,110,2021
110::2081238,2081238,110,2021
110::2081350,2081350,110,2021
110::2081617,2081617,110,2021
110::2081866,2081866,110,2021
110::2082273,2082273,110,2021
110::2082297,2082297,110,2021
110::2082333,2082333,110,2021
110::2082429,2082429,110,2021
110::2082449,2082449,110,2021
110::2082494,2082494,110,2021
110::2084741,2084741,110,2021
110::2084794,2084794,110,2021
110::2084851,2084851,110,2021
110::2084898,2084898,110,2021
110::2084916,2084916,110,2021
110::2085040,2085040,110,2021
110::2085259,2085259,110,2021
110::2085274,2085274,110,2021
110::2085341,2085341,110,2021
110::2085346,2085346,110,2021
110::2085365,2085365,110,2021
110::2085432,2085432,110,2021
110::2087643,2087643,110,2021
110::2087645,2087645,110,2021
110::2087684,2087684,110,2021
110::2087695,2087695,110,2021
110::2087696,2087696,110,2021
110::2087709,2087709,110,2021
110::2087715,2087715,110,2021
110::2087737,2087737,110,2021
110::2087750,2087750,110,2021
110::2088821,2088821,110,2021
110::2089362,2089362,110,2021
110::2089624,2089624,110,2021
110::2089970,2089970,110,2021
110::2090057,2090057,110,2021
110::2090284,2090284,110,2021
110::2090807,2090807,110,2021
110::2090958,2090958,110,2021
110::2091034,2091034,110,2021
110::2091114,2091114,110,2021
110::2091500,2091500,110,2021
110::2091910,2091910,110,2021
110::2092037,2092037,110,2021
110::2092386,2092386,110,2021
110::2093384,2093384,110,2021
110::2094543,2094543,110,2021
110::2095162,2095162,110,2021
110::2095650,2095650,110,2021
110::2097492,2097492,110,2021
110::2097580,2097580,110,2021
110::2097584,2097584,110,2021
110::2097792,2097792,110,2021
110::2097879,2097879,110,2021
110::2097947,2097947,110,2021
110::2099080,2099080,110,2021
110::2100124,2100124,110,2021
110::2100496,2100496,110,2021
110::2100718,2100718,110,2021
110::2100736,2100736,110,2021
110::2101145,2101145,110,2021
110::2101513,2101513,110,2021
110::2101658,2101658,110,2021
110::2101782,2101782,110,2021
110::2101850,2101850,110,2021
110::2101936,2101936,110,2021
110::2102943,2102943,110,2021
110::2103092,2103092,110,2021
110::2103472,2103472,110,2021
110::2103629,2103629,110,2021
110::2103745,2103745,110,2021
110::2104443,2104443,110,2021
110::2104957,2104957,110,2021
110::2106051,2106051,110,2021
110::2106061,2106061,110,2021
110::2107016,2107016,110,2021
110::2107432,2107432,110,2021
110::2107999,2107999,110,2021
110::2108024,2108024,110,2021
110::2108235,2108235,110,2021
110::2108623,2108623,110,2021
110::2108841,2108841,110,2021
110::2109427,2109427,110,2021
110::2110355,2110355,110,2021
110::2110394,2110394,110,2021
110::2110644,2110644,110,2021
110::2110834,2110834,110,2021
110::2111142,2111142,110,2021
110::2111768,2111768,110,2021
110::2112233,2112233,110,2021
110::2113159,2113159,110,2021
110::2113232,2113232,110,2021
110::2113359,2113359,110,2021
110::2113566,2113566,110,2021
110::2114279,2114279,110,2021
110::2116400,2116400,110,2021
110::2116787,2116787,110,2021
110::2118332,2118332,110,2021
110::2118370,2118370,110,2021
110::2118543,2118543,110,2021
110::2118634,2118634,110,2021
110::2118773,2118773,110,2021
110::2118823,2118823,110,2021
110::2118959,2118959,110,2021
110::2119040,2119040,110,2021
110::2119183,2119183,110,2021
110::2119285,2119285,110,2021
110::2120128,2120128,110,2021
110::2120431,2120431,110,2021
110::2120512,2120512,110,2021
110::2120696,2120696,110,2021
110::2120808,2120808,110,2021
110::2120935,2120935,110,2021
110::2120944,2120944,110,2021
110::2120965,2120965,110,2021
110::2121629,2121629,110,2021
110::2121957,2121957,110,2021
110::2121971,2121971,110,2021
110::2122486,2122486,110,2021
110::2122907,2122907,110,2021
110::2122923,2122923,110,2021
110::2122937,2122937,110,2021
110::2122950,2122950,110,2021
110::2123133,2123133,110,2021
110::2123237,2123237,110,2021
110::2123303,2123303,110,2021
110::2124528,2124528,110,2021
110::2124847,2124847,110,2021
110::2124862,2124862,110,2021
110::2125171,2125171,110,2021
110::2125180,2125180,110,2021
110::2125441,2125441,110,2021
110::2125955,2125955,110,2021
110::2126496,2126496,110,2021
110::2126841,2126841,110,2021
110::2126996,2126996,110,2021
110::2127099,2127099,110,2021
110::2127310,2127310,110,2021
110::2127720,2127720,110,2021
110::3078652,3078652,110,2021
110::3078690,3078690,110,2021
110::3078847,3078847,110,2021
110::3080249,3080249,110,2021
110::3088502,3088502,110,2021
110::3088970,3088970,110,2021
110::3088975,3088975,110,2021
110::3089531,3089531,110,2021
110::3089547,3089547,110,2021
110::3089694,3089694,110,2021
110::3089864,3089864,110,2021
110::3090855,3090855,110,2021
110::3091019,3091019,110,2021
110::3091226,3091226,110,2021
110::3091385,3091385,110,2021
110::3091432,3091432,110,2021
110::3091749,3091749,110,2021
110::3091901,3091901,110,2021
110::3092164,3092164,110,2021
110::3093776,3093776,110,2021
110::3093840,3093840,110,2021
110::3094078,3094078,110,2021
110::3094091,3094091,110,2021
110::3094133,3094133,110,2021
110::3094452,3094452,110,2021
110::3097596,3097596,110,2021
110::3098284,3098284,110,2021
110::3098685,3098685,110,2021
110::3098946,3098946,110,2021
110::3099235,3099235,110,2021
110::3103504,3103504,110,2021
110::3106157,3106157,110,2021
110::3107897,3107897,110,2021
110::3107908,3107908,110,2021
110::3110530,3110530,110,2021
110::3110900,3110900,110,2021
110::3120578,3120578,110,2021
110::3120799,3120799,110,2021
110::3126499,3126499,110,2021
110::3126549,3126549,110,2021
110::3126854,3126854,110,2021
110::3126914,3126914,110,2021
110::3127384,3127384,110,2021
110::4077734,4077734,110,2021
110::4079376,4079376,110,2021
110::4080544,4080544,110,2021
110::4088697,4088697,110,2021
110::4088723,4088723,110,2021
110::4088725,4088725,110,2021
110::4088736,4088736,110,2021
110::4089363,4089363,110,2021
110::4089382,4089382,110,2021
110::4089393,4089393,110,2021
110::4090212,4090212,110,2021
110::4090870,4090870,110,2021
110::4091024,4091024,110,2021
110::4091099,4091099,110,2021
110::4091198,4091198,110,2021
110::4091381,4091381,110,2021
110::4091390,4091390,110,2021
110::4091618,4091618,110,2021
110::4092084,4092084,110,2021
110::4094028,4094028,110,2021
110::4094447,4094447,110,2021
110::4094523,4094523,110,2021
110::4095491,4095491,110,2021
110::4095537,4095537,110,2021
110::4096860,4096860,110,2021
110::4097215,4097215,110,2021
110::4097226,4097226,110,2021
110::4097268,4097268,110,2021
110::4097432,4097432,110,2021
110::4097558,4097558,110,2021
110::4097581,4097581,110,2021
110::4098687,4098687,110,2021
110::4099092,4099092,110,2021
110::4123113,4123113,110,2021
110::4124795,4124795,110,2021
110::4124981,4124981,110,2021
110::4125092,4125092,110,2021
110::4125538,4125538,110,2021
110::4125596,4125596,110,2021
110::4125980,4125980,110,2021
110::4126961,4126961,110,2021
110::4128025,4128025,110,2021
110::5125130,5125130,110,2021
110::5126361,5126361,110,2021
110::5126573,5126573,110,2021
110::5126705,5126705,110,2021
110::5127024,5127024,110,2021
110::6124813,6124813,110,2021
110::6126842,6126842,110,2021
110::6127180,6127180,110,2021
110::6127263,6127263,110,2021
110::6127351,6127351,110,2021
110::6127601,6127601,110,2021
110::6127944,6127944,110,2021
110::7090262,7090262,110,2021
110::8089777,8089777,110,2021
110::1128533,1128533,110,2021
110::1129678,1129678,110,2021
110::1130324,1130324,110,2021
110::1130789,1130789,110,2021
110::1130877,1130877,110,2021
110::1131348,1131348,110,2021
110::1131439,1131439,110,2021
110::1131455,1131455,110,2021
110::1131483,1131483,110,2021
110::1131792,1131792,110,2021
110::1131800,1131800,110,2021
110::1132527,1132527,110,2021
110::1132670,1132670,110,2021
110::1132723,1132723,110,2021
110::1132778,1132778,110,2021
110::1132837,1132837,110,2021
110::1133055,1133055,110,2021
110::1133140,1133140,110,2021
110::1133147,1133147,110,2021
110::1133580,1133580,110,2021
110::1133872,1133872,110,2021
110::1134386,1134386,110,2021
110::1134552,1134552,110,2021
110::1135042,1135042,110,2021
110::1135523,1135523,110,2021
110::1135666,1135666,110,2021
110::1135923,1135923,110,2021
110::1137714,1137714,110,2021
110::1137762,1137762,110,2021
110::1138173,1138173,110,2021
110::1138247,1138247,110,2021
110::1138406,1138406,110,2021
110::1138466,1138466,110,2021
110::1138688,1138688,110,2021
110::1138705,1138705,110,2021
110::1138708,1138708,110,2021
110::1139086,1139086,110,2021
110::1139338,1139338,110,2021
110::1140134,1140134,110,2021
110::1140697,1140697,110,2021
110::1141015,1141015,110,2021
110::1141082,1141082,110,2021
110::1141184,1141184,110,2021
110::1141394,1141394,110,2021
110::1141658,1141658,110,2021
110::1141775,1141775,110,2021
110::1142090,1142090,110,2021
110::1143876,1143876,110,2021
110::1145776,1145776,110,2021
110::1146047,1146047,110,2021
110::1146062,1146062,110,2021
110::1146248,1146248,110,2021
110::1146261,1146261,110,2021
110::1146390,1146390,110,2021
110::1146542,1146542,110,2021
110::1146585,1146585,110,2021
110::1146821,1146821,110,2021
110::1146892,1146892,110,2021
110::1147274,1147274,110,2021
110::1147289,1147289,110,2021
110::1147312,1147312,110,2021
110::1147356,1147356,110,2021
110::1147616,1147616,110,2021
110::1147630,1147630,110,2021
110::1147806,1147806,110,2021
110::1147866,1147866,110,2021
110::1148025,1148025,110,2021
110::1148204,1148204,110,2021
110::1148673,1148673,110,2021
110::1149480,1149480,110,2021
110::1150189,1150189,110,2021
110::1150437,1150437,110,2021
110::1150601,1150601,110,2021
110::1150752,1150752,110,2021
110::1150824,1150824,110,2021
110::1150913,1150913,110,2021
110::1151285,1151285,110,2021
110::1151558,1151558,110,2021
110::1151744,1151744,110,2021
110::1151920,1151920,110,2021
110::1152325,1152325,110,2021
110::1152828,1152828,110,2021
110::1153005,1153005,110,2021
110::1153019,1153019,110,2021
110::1153115,1153115,110,2021
110::1153301,1153301,110,2021
110::1153325,1153325,110,2021
110::1153446,1153446,110,2021
110::1153556,1153556,110,2021
110::1153982,1153982,110,2021
110::1154001,1154001,110,2021
110::1154083,1154083,110,2021
110::1154092,1154092,110,2021
110::1154363,1154363,110,2021
110::1154468,1154468,110,2021
110::1154805,1154805,110,2021
110::1154829,1154829,110,2021
110::1155321,1155321,110,2021
110::1155516,1155516,110,2021
110::1155731,1155731,110,2021
110::1155819,1155819,110,2021
110::1155877,1155877,110,2021
110::1156012,1156012,110,2021
110::1156409,1156409,110,2021
110::1156431,1156431,110,2021
110::1157737,1157737,110,2021
110::1158324,1158324,110,2021
110::1158331,1158331,110,2021
110::1160076,1160076,110,2021
110::1160741,1160741,110,2021
110::1160748,1160748,110,2021
110::1160751,1160751,110,2021
110::1161071,1161071,110,2021
110::1161517,1161517,110,2021
110::1161534,1161534,110,2021
110::1161585,1161585,110,2021
110::1161897,1161897,110,2021
110::1161908,1161908,110,2021
110::1161920,1161920,110,2021
110::1162487,1162487,110,2021
110::1162517,1162517,110,2021
110::1162679,1162679,110,2021
110::1162883,1162883,110,2021
110::1163083,1163083,110,2021
110::1163529,1163529,110,2021
110::1163688,1163688,110,2021
110::1163844,1163844,110,2021
110::1163960,1163960,110,2021
110::1164883,1164883,110,2021
110::1165121,1165121,110,2021
110::1165170,1165170,110,2021
110::1166587,1166587,110,2021
110::1167696,1167696,110,2021
110::1167769,1167769,110,2021
110::1167980,1167980,110,2021
110::1168652,1168652,110,2021
110::1168757,1168757,110,2021
110::1168846,1168846,110,2021
110::1168982,1168982,110,2021
110::1169245,1169245,110,2021
110::1169602,1169602,110,2021
110::1170593,1170593,110,2021
110::1170609,1170609,110,2021
110::1170612,1170612,110,2021
110::1170716,1170716,110,2021
110::1170869,1170869,110,2021
110::1170886,1170886,110,2021
110::1171315,1171315,110,2021
110::1172454,1172454,110,2021
110::1172475,1172475,110,2021
110::1173130,1173130,110,2021
110::1173600,1173600,110,2021
110::1173855,1173855,110,2021
110::1174598,1174598,110,2021
110::1174761,1174761,110,2021
110::1175052,1175052,110,2021
110::1175305,1175305,110,2021
110::1176443,1176443,110,2021
110::1176535,1176535,110,2021
110::1176559,1176559,110,2021
110::1176899,1176899,110,2021
110::1177260,1177260,110,2021
110::1177442,1177442,110,2021
110::1177666,1177666,110,2021
110::1178988,1178988,110,2021
110::1179244,1179244,110,2021
110::1179854,1179854,110,2021
110::1180350,1180350,110,2021
110::1180390,1180390,110,2021
110::1181343,1181343,110,2021
110::1181848,1181848,110,2021
110::1181870,1181870,110,2021
110::1182068,1182068,110,2021
110::1182329,1182329,110,2021
110::1182729,1182729,110,2021
110::1184464,1184464,110,2021
110::1185126,1185126,110,2021
110::1185429,1185429,110,2021
110::1185616,1185616,110,2021
110::1186323,1186323,110,2021
110::1186524,1186524,110,2021
110::1186735,1186735,110,2021
110::1186834,1186834,110,2021
110::1186844,1186844,110,2021
110::1186905,1186905,110,2021
110::1187112,1187112,110,2021
110::1187768,1187768,110,2021
110::1187978,1187978,110,2021
110::1188454,1188454,110,2021
110::1189025,1189025,110,2021
110::1189641,1189641,110,2021
110::1189746,1189746,110,2021
110::1189760,1189760,110,2021
110::1189784,1189784,110,2021
110::1189970,1189970,110,2021
110::1190410,1190410,110,2021
110::1191778,1191778,110,2021
110::1192286,1192286,110,2021
110::1192729,1192729,110,2021
110::1192809,1192809,110,2021
110::1193107,1193107,110,2021
110::1194114,1194114,110,2021
110::1194337,1194337,110,2021
110::1194928,1194928,110,2021
110::2129655,2129655,110,2021
110::2130007,2130007,110,2021
110::2130299,2130299,110,2021
110::2130390,2130390,110,2021
110::2130600,2130600,110,2021
110::2130790,2130790,110,2021
110::2130815,2130815,110,2021
110::2131050,2131050,110,2021
110::2131290,2131290,110,2021
110::2131501,2131501,110,2021
110::2131598,2131598,110,2021
110::2132255,2132255,110,2021
110::2132611,2132611,110,2021
110::2132788,2132788,110,2021
110::2132998,2132998,110,2021
110::2133484,2133484,110,2021
110::2134246,2134246,110,2021
110::2134699,2134699,110,2021
110::2136019,2136019,110,2021
110::2136669,2136669,110,2021
110::2137673,2137673,110,2021
110::2138216,2138216,110,2021
110::2138305,2138305,110,2021
110::2138352,2138352,110,2021
110::2138686,2138686,110,2021
110::2138715,2138715,110,2021
110::2138936,2138936,110,2021
110::2139082,2139082,110,2021
110::2139401,2139401,110,2021
110::2139839,2139839,110,2021
110::2140107,2140107,110,2021
110::2140262,2140262,110,2021
110::2141114,2141114,110,2021
110::2141868,2141868,110,2021
110::2142306,2142306,110,2021
110::2142506,2142506,110,2021
110::2142690,2142690,110,2021
110::2142976,2142976,110,2021
110::2143078,2143078,110,2021
110::2145656,2145656,110,2021
110::2146274,2146274,110,2021
110::2146578,2146578,110,2021
110::2146625,2146625,110,2021
110::2147158,2147158,110,2021
110::2147172,2147172,110,2021
110::2147212,2147212,110,2021
110::2147227,2147227,110,2021
110::2147316,2147316,110,2021
110::2147451,2147451,110,2021
110::2147693,2147693,110,2021
110::2148039,2148039,110,2021
110::2148126,2148126,110,2021
110::2150414,2150414,110,2021
110::2151188,2151188,110,2021
110::2151209,2151209,110,2021
110::2151238,2151238,110,2021
110::2151684,2151684,110,2021
110::2152001,2152001,110,2021
110::2152753,2152753,110,2021
110::2153118,2153118,110,2021
110::2153309,2153309,110,2021
110::2153398,2153398,110,2021
110::2153427,2153427,110,2021
110::2153457,2153457,110,2021
110::2153469,2153469,110,2021
110::2153529,2153529,110,2021
110::2153775,2153775,110,2021
110::2154347,2154347,110,2021
110::2155113,2155113,110,2021
110::2155523,2155523,110,2021
110::2155706,2155706,110,2021
110::2155794,2155794,110,2021
110::2156129,2156129,110,2021
110::2156375,2156375,110,2021
110::2156449,2156449,110,2021
110::2157792,2157792,110,2021
110::2158023,2158023,110,2021
110::2158320,2158320,110,2021
110::2158323,2158323,110,2021
110::2158503,2158503,110,2021
110::2158865,2158865,110,2021
110::2158915,2158915,110,2021
110::2159746,2159746,110,2021
110::2160281,2160281,110,2021
110::2160393,2160393,110,2021
110::2160665,2160665,110,2021
110::2160718,2160718,110,2021
110::2160728,2160728,110,2021
110::2161904,2161904,110,2021
110::2162022,2162022,110,2021
110::2162191,2162191,110,2021
110::2162292,2162292,110,2021
110::2162556,2162556,110,2021
110::2163650,2163650,110,2021
110::2163741,2163741,110,2021
110::2164249,2164249,110,2021
110::2164278,2164278,110,2021
110::2164989,2164989,110,2021
110::2165202,2165202,110,2021
110::2165767,2165767,110,2021
110::2166322,2166322,110,2021
110::2166586,2166586,110,2021
110::2166624,2166624,110,2021
110::2167006,2167006,110,2021
110::2167602,2167602,110,2021
110::2167840,2167840,110,2021
110::2168235,2168235,110,2021
110::2169032,2169032,110,2021
110::2169456,2169456,110,2021
110::2169464,2169464,110,2021
110::2169886,2169886,110,2021
110::2169920,2169920,110,2021
110::2170710,2170710,110,2021
110::2170839,2170839,110,2021
110::2170855,2170855,110,2021
110::2171412,2171412,110,2021
110::2171448,2171448,110,2021
110::2172302,2172302,110,2021
110::2172342,2172342,110,2021
110::2172430,2172430,110,2021
110::2172944,2172944,110,2021
110::2172994,2172994,110,2021
110::2175209,2175209,110,2021
110::2176439,2176439,110,2021
110::2176865,2176865,110,2021
110::2176988,2176988,110,2021
110::2177284,2177284,110,2021
110::2178438,2178438,110,2021
110::2178799,2178799,110,2021
110::2180209,2180209,110,2021
110::2180258,2180258,110,2021
110::2180331,2180331,110,2021
110::2180425,2180425,110,2021
110::2180504,2180504,110,2021
110::2180508,2180508,110,2021
110::2180907,2180907,110,2021
110::2181929,2181929,110,2021
110::2182046,2182046,110,2021
110::2182784,2182784,110,2021
110::2183538,2183538,110,2021
110::2183809,2183809,110,2021
110::2183904,2183904,110,2021
110::2184136,2184136,110,2021
110::2184409,2184409,110,2021
110::2184441,2184441,110,2021
110::2184570,2184570,110,2021
110::2185468,2185468,110,2021
110::2186112,2186112,110,2021
110::2186353,2186353,110,2021
110::2186428,2186428,110,2021
110::2186472,2186472,110,2021
110::2186655,2186655,110,2021
110::2186865,2186865,110,2021
110::2187243,2187243,110,2021
110::2187372,2187372,110,2021
110::2187806,2187806,110,2021
110::2188727,2188727,110,2021
110::2189065,2189065,110,2021
110::2189385,2189385,110,2021
110::2189424,2189424,110,2021
110::2189429,2189429,110,2021
110::2189712,2189712,110,2021
110::2190941,2190941,110,2021
110::2190990,2190990,110,2021
110::2191444,2191444,110,2021
110::2191493,2191493,110,2021
110::2192528,2192528,110,2021
110::2192722,2192722,110,2021
110::2192879,2192879,110,2021
110::2193008,2193008,110,2021
110::2193044,2193044,110,2021
110::2193057,2193057,110,2021
110::2193538,2193538,110,2021
110::2193735,2193735,110,2021
110::2194195,2194195,110,2021
110::2194764,2194764,110,2021
110::3128735,3128735,110,2021
110::3129796,3129796,110,2021
110::3130631,3130631,110,2021
110::3130634,3130634,110,2021
110::3131067,3131067,110,2021
110::3131077,3131077,110,2021
110::3131689,3131689,110,2021
110::3131954,3131954,110,2021
110::3132250,3132250,110,2021
110::3132379,3132379,110,2021
110::3132446,3132446,110,2021
110::3134507,3134507,110,2021
110::3136123,3136123,110,2021
110::3136327,3136327,110,2021
110::3138430,3138430,110,2021
110::3138884,3138884,110,2021
110::3139036,3139036,110,2021
110::3139354,3139354,110,2021
110::3140254,3140254,110,2021
110::3140415,3140415,110,2021
110::3140440,3140440,110,2021
110::3140635,3140635,110,2021
110::3140714,3140714,110,2021
110::3140982,3140982,110,2021
110::3142787,3142787,110,2021
110::3143148,3143148,110,2021
110::3146745,3146745,110,2021
110::3150160,3150160,110,2021
110::3150924,3150924,110,2021
110::3151054,3151054,110,2021
110::3151644,3151644,110,2021
110::3152240,3152240,110,2021
110::3153119,3153119,110,2021
110::3153245,3153245,110,2021
110::3153333,3153333,110,2021
110::3153334,3153334,110,2021
110::3153410,3153410,110,2021
110::3154703,3154703,110,2021
110::3156148,3156148,110,2021
110::3156681,3156681,110,2021
110::3157774,3157774,110,2021
110::3157998,3157998,110,2021
110::3158260,3158260,110,2021
110::3158311,3158311,110,2021
110::3158575,3158575,110,2021
110::3158586,3158586,110,2021
110::3160249,3160249,110,2021
110::3160346,3160346,110,2021
110::3160891,3160891,110,2021
110::3161030,3161030,110,2021
110::3161674,3161674,110,2021
110::3161708,3161708,110,2021
110::3161743,3161743,110,2021
110::3161881,3161881,110,2021
110::3162327,3162327,110,2021
110::3162394,3162394,110,2021
110::3162701,3162701,110,2021
110::3163115,3163115,110,2021
110::3163145,3163145,110,2021
110::3163208,3163208,110,2021
110::3163675,3163675,110,2021
110::3164116,3164116,110,2021
110::3164686,3164686,110,2021
110::3164887,3164887,110,2021
110::3164933,3164933,110,2021
110::3164949,3164949,110,2021
110::3166093,3166093,110,2021
110::3166644,3166644,110,2021
110::3167086,3167086,110,2021
110::3167105,3167105,110,2021
110::3167148,3167148,110,2021
110::3167632,3167632,110,2021
110::3167764,3167764,110,2021
110::3168299,3168299,110,2021
110::3168978,3168978,110,2021
110::3169974,3169974,110,2021
110::3169999,3169999,110,2021
110::3171868,3171868,110,2021
110::3172750,3172750,110,2021
110::3172952,3172952,110,2021
110::3172974,3172974,110,2021
110::3173343,3173343,110,2021
110::3173405,3173405,110,2021
110::3173495,3173495,110,2021
110::3175772,3175772,110,2021
110::3176476,3176476,110,2021
110::3176854,3176854,110,2021
110::3176862,3176862,110,2021
110::3177578,3177578,110,2021
110::3178393,3178393,110,2021
110::3179712,3179712,110,2021
110::3179899,3179899,110,2021
110::3180205,3180205,110,2021
110::3180960,3180960,110,2021
110::3180967,3180967,110,2021
110::3181879,3181879,110,2021
110::3182334,3182334,110,2021
110::3182579,3182579,110,2021
110::3183344,3183344,110,2021
110::3183413,3183413,110,2021
110::3183488,3183488,110,2021
110::3183773,3183773,110,2021
110::3183775,3183775,110,2021
110::3183800,3183800,110,2021
110::3183842,3183842,110,2021
110::3183982,3183982,110,2021
110::3184871,3184871,110,2021
110::3184928,3184928,110,2021
110::3185414,3185414,110,2021
110::3186327,3186327,110,2021
110::3186406,3186406,110,2021
110::3187734,3187734,110,2021
110::3187752,3187752,110,2021
110::3187793,3187793,110,2021
110::3187987,3187987,110,2021
110::3187999,3187999,110,2021
110::3188083,3188083,110,2021
110::3188245,3188245,110,2021
110::3189376,3189376,110,2021
110::3189394,3189394,110,2021
110::3189478,3189478,110,2021
110::3190871,3190871,110,2021
110::3191065,3191065,110,2021
110::3191201,3191201,110,2021
110::3191246,3191246,110,2021
110::3191421,3191421,110,2021
110::3192287,3192287,110,2021
110::3192543,3192543,110,2021
110::3192587,3192587,110,2021
110::3192698,3192698,110,2021
110::3192817,3192817,110,2021
110::3194277,3194277,110,2021
110::3194454,3194454,110,2021
110::3194737,3194737,110,2021
110::3195684,3195684,110,2021
110::4128935,4128935,110,2021
110::4129313,4129313,110,2021
110::4129652,4129652,110,2021
110::4129656,4129656,110,2021
110::4129734,4129734,110,2021
110::4129795,4129795,110,2021
110::4130749,4130749,110,2021
110::4131184,4131184,110,2021
110::4131691,4131691,110,2021
110::4132651,4132651,110,2021
110::4132988,4132988,110,2021
110::4137167,4137167,110,2021
110::4137357,4137357,110,2021
110::4137908,4137908,110,2021
110::4138155,4138155,110,2021
110::4138255,4138255,110,2021
110::4138432,4138432,110,2021
110::4138584,4138584,110,2021
110::4139450,4139450,110,2021
110::4139506,4139506,110,2021
110::4139841,4139841,110,2021
110::4140160,4140160,110,2021
110::4140179,4140179,110,2021
110::4140789,4140789,110,2021
110::4141162,4141162,110,2021
110::4141841,4141841,110,2021
110::4141917,4141917,110,2021
110::4142941,4142941,110,2021
110::4145193,4145193,110,2021
110::4145213,4145213,110,2021
110::4147661,4147661,110,2021
110::4147905,4147905,110,2021
110::4149432,4149432,110,2021
110::4150999,4150999,110,2021
110::4151036,4151036,110,2021
110::4151122,4151122,110,2021
110::4151131,4151131,110,2021
110::4151228,4151228,110,2021
110::4153683,4153683,110,2021
110::4153985,4153985,110,2021
110::4155448,4155448,110,2021
110::4155520,4155520,110,2021
110::4155528,4155528,110,2021
110::4155600,4155600,110,2021
110::4155672,4155672,110,2021
110::4155865,4155865,110,2021
110::4156952,4156952,110,2021
110::4158053,4158053,110,2021
110::4158579,4158579,110,2021
110::4159565,4159565,110,2021
110::4161595,4161595,110,2021
110::4161913,4161913,110,2021
110::4162549,4162549,110,2021
110::4162559,4162559,110,2021
110::4162650,4162650,110,2021
110::4162798,4162798,110,2021
110::4162882,4162882,110,2021
110::4163627,4163627,110,2021
110::4163632,4163632,110,2021
110::4163713,4163713,110,2021
110::4163715,4163715,110,2021
110::4163923,4163923,110,2021
110::4165021,4165021,110,2021
110::4165125,4165125,110,2021
110::4165135,4165135,110,2021
110::4166578,4166578,110,2021
110::4166599,4166599,110,2021
110::4166636,4166636,110,2021
110::4166682,4166682,110,2021
110::4167653,4167653,110,2021
110::4168898,4168898,110,2021
110::4169394,4169394,110,2021
110::4169590,4169590,110,2021
110::4170950,4170950,110,2021
110::4171325,4171325,110,2021
110::4171778,4171778,110,2021
110::4172872,4172872,110,2021
110::4172954,4172954,110,2021
110::4173565,4173565,110,2021
110::4173896,4173896,110,2021
110::4174573,4174573,110,2021
110::4174753,4174753,110,2021
110::4175102,4175102,110,2021
110::4175158,4175158,110,2021
110::4175184,4175184,110,2021
110::4175553,4175553,110,2021
110::4176942,4176942,110,2021
110::4177417,4177417,110,2021
110::4177561,4177561,110,2021
110::4178450,4178450,110,2021
110::4178508,4178508,110,2021
110::4180269,4180269,110,2021
110::4181386,4181386,110,2021
110::4182408,4182408,110,2021
110::4182447,4182447,110,2021
110::4182564,4182564,110,2021
110::4183168,4183168,110,2021
110::4183748,4183748,110,2021
110::4184008,4184008,110,2021
110::4184072,4184072,110,2021
110::4184264,4184264,110,2021
110::4184312,4184312,110,2021
110::4185121,4185121,110,2021
110::4189475,4189475,110,2021
110::4190828,4190828,110,2021
110::4190833,4190833,110,2021
110::4191098,4191098,110,2021
110::4191234,4191234,110,2021
110::4191260,4191260,110,2021
110::4192741,4192741,110,2021
110::4192894,4192894,110,2021
110::4193099,4193099,110,2021
110::4193114,4193114,110,2021
110::4194272,4194272,110,2021
110::4194982,4194982,110,2021
110::5128466,5128466,110,2021
110::5128597,5128597,110,2021
110::5131309,5131309,110,2021
110::5131807,5131807,110,2021
110::5134274,5134274,110,2021
110::5136055,5136055,110,2021
110::5138095,5138095,110,2021
110::5138820,5138820,110,2021
110::5143233,5143233,110,2021
110::5145868,5145868,110,2021
110::5177109,5177109,110,2021
110::5178536,5178536,110,2021
110::6130777,6130777,110,2021
110::6131462,6131462,110,2021
110::6134931,6134931,110,2021
110::6137879,6137879,110,2021
110::6138052,6138052,110,2021
110::6138918,6138918,110,2021
110::6139129,6139129,110,2021
110::6139901,6139901,110,2021
110::6142493,6142493,110,2021
110::6145786,6145786,110,2021
110::6160785,6160785,110,2021
110::7160674,7160674,110,2021
110::7160703,7160703,110,2021
110::7174794,7174794,110,2021
110::7175064,7175064,110,2021
110::7176982,7176982,110,2021
110::7178290,7178290,110,2021
110::7178552,7178552,110,2021
110::7179598,7179598,110,2021
110::8172955,8172955,110,2021
110::8173754,8173754,110,2021
110::8178433,8178433,110,2021
110::8179043,8179043,110,2021
110::9172715,9172715,110,2021
110::9175514,9175514,110,2021
110::9175529,9175529,110,2021
110::9179301,9179301,110,2021
110::9179364,9179364,110,2021
110::10179718,10179718,110,2021
110::10179752,10179752,110,2021
110::12179802,12179802,110,2021
110::1196550,1196550,110,2021
110::1196669,1196669,110,2021
110::1196746,1196746,110,2021
110::1196915,1196915,110,2021
110::1197356,1197356,110,2021
110::1197815,1197815,110,2021
110::1197832,1197832,110,2021
110::1199773,1199773,110,2021
110::1199820,1199820,110,2021
110::1200193,1200193,110,2021
110::1200223,1200223,110,2021
110::1200718,1200718,110,2021
110::1200789,1200789,110,2021
110::1200827,1200827,110,2021
110::1200897,1200897,110,2021
110::1201038,1201038,110,2021
110::1201056,1201056,110,2021
110::1201115,1201115,110,2021
110::1201275,1201275,110,2021
110::1201359,1201359,110,2021
110::1201456,1201456,110,2021
110::1201471,1201471,110,2021
110::1201752,1201752,110,2021
110::1201817,1201817,110,2021
110::1201869,1201869,110,2021
110::1202495,1202495,110,2021
110::1202771,1202771,110,2021
110::1203672,1203672,110,2021
110::1203894,1203894,110,2021
110::1204060,1204060,110,2021
110::1204331,1204331,110,2021
110::1204817,1204817,110,2021
110::1205089,1205089,110,2021
110::1205124,1205124,110,2021
110::1205370,1205370,110,2021
110::1205513,1205513,110,2021
110::1206659,1206659,110,2021
110::1207910,1207910,110,2021
110::1207976,1207976,110,2021
110::1208896,1208896,110,2021
110::1210224,1210224,110,2021
110::1211340,1211340,110,2021
110::1211583,1211583,110,2021
110::1211794,1211794,110,2021
110::1212100,1212100,110,2021
110::1212159,1212159,110,2021
110::1212307,1212307,110,2021
110::1213251,1213251,110,2021
110::1213418,1213418,110,2021
110::1213423,1213423,110,2021
110::1214140,1214140,110,2021
110::1214169,1214169,110,2021
110::1214304,1214304,110,2021
110::1214422,1214422,110,2021
110::1215027,1215027,110,2021
110::1215087,1215087,110,2021
110::1215094,1215094,110,2021
110::1215258,1215258,110,2021
110::1215297,1215297,110,2021
110::1215630,1215630,110,2021
110::1215835,1215835,110,2021
110::1216142,1216142,110,2021
110::1216371,1216371,110,2021
110::1216496,1216496,110,2021
110::1217117,1217117,110,2021
110::1217745,1217745,110,2021
110::1218389,1218389,110,2021
110::1218637,1218637,110,2021
110::1219077,1219077,110,2021
110::1219269,1219269,110,2021
110::1219357,1219357,110,2021
110::1220021,1220021,110,2021
110::1220325,1220325,110,2021
110::1220660,1220660,110,2021
110::1220744,1220744,110,2021
110::1220761,1220761,110,2021
110::1221038,1221038,110,2021
110::1221142,1221142,110,2021
110::1221394,1221394,110,2021
110::1222258,1222258,110,2021
110::1222407,1222407,110,2021
110::1222567,1222567,110,2021
110::1225454,1225454,110,2021
110::1225627,1225627,110,2021
110::1225634,1225634,110,2021
110::1225639,1225639,110,2021
110::1225794,1225794,110,2021
110::1226020,1226020,110,2021
110::1226038,1226038,110,2021
110::1226198,1226198,110,2021
110::1226782,1226782,110,2021
110::1226791,1226791,110,2021
110::1226793,1226793,110,2021
110::1226820,1226820,110,2021
110::1226826,1226826,110,2021
110::1227012,1227012,110,2021
110::1227166,1227166,110,2021
110::1227275,1227275,110,2021
110::1227351,1227351,110,2021
110::1228508,1228508,110,2021
110::1230180,1230180,110,2021
110::1232184,1232184,110,2021
110::1233272,1233272,110,2021
110::1233356,1233356,110,2021
110::1234119,1234119,110,2021
110::1234817,1234817,110,2021
110::1235109,1235109,110,2021
110::1235176,1235176,110,2021
110::1235291,1235291,110,2021
110::1235299,1235299,110,2021
110::1236049,1236049,110,2021
110::1236436,1236436,110,2021
110::1236797,1236797,110,2021
110::1237718,1237718,110,2021
110::1237749,1237749,110,2021
110::1237750,1237750,110,2021
110::1238181,1238181,110,2021
110::1238351,1238351,110,2021
110::1238378,1238378,110,2021
110::1238383,1238383,110,2021
110::1238450,1238450,110,2021
110::1238728,1238728,110,2021
110::1238845,1238845,110,2021
110::1239334,1239334,110,2021
110::1239644,1239644,110,2021
110::1239732,1239732,110,2021
110::1240339,1240339,110,2021
110::1240885,1240885,110,2021
110::1240958,1240958,110,2021
110::1241237,1241237,110,2021
110::1241688,1241688,110,2021
110::1241888,1241888,110,2021
110::1242216,1242216,110,2021
110::1243052,1243052,110,2021
110::1243715,1243715,110,2021
110::1244037,1244037,110,2021
110::1245156,1245156,110,2021
110::1245348,1245348,110,2021
110::1245521,1245521,110,2021
110::1245596,1245596,110,2021
110::1245907,1245907,110,2021
110::1245933,1245933,110,2021
110::1247173,1247173,110,2021
110::1247299,1247299,110,2021
110::1247849,1247849,110,2021
110::1248050,1248050,110,2021
110::1248184,1248184,110,2021
110::1249216,1249216,110,2021
110::1249292,1249292,110,2021
110::1249747,1249747,110,2021
110::1250760,1250760,110,2021
110::1250891,1250891,110,2021
110::1250927,1250927,110,2021
110::1250968,1250968,110,2021
110::1250996,1250996,110,2021
110::1251024,1251024,110,2021
110::1251066,1251066,110,2021
110::1251344,1251344,110,2021
110::1251353,1251353,110,2021
110::1251435,1251435,110,2021
110::1251648,1251648,110,2021
110::1251670,1251670,110,2021
110::1251759,1251759,110,2021
110::1252188,1252188,110,2021
110::1252194,1252194,110,2021
110::1252278,1252278,110,2021
110::1252934,1252934,110,2021
110::1253085,1253085,110,2021
110::1253312,1253312,110,2021
110::1253343,1253343,110,2021
110::1253603,1253603,110,2021
110::1253690,1253690,110,2021
110::1253700,1253700,110,2021
110::1253830,1253830,110,2021
110::1253985,1253985,110,2021
110::1254200,1254200,110,2021
110::1254263,1254263,110,2021
110::1254544,1254544,110,2021
110::1254562,1254562,110,2021
110::1254618,1254618,110,2021
110::1254648,1254648,110,2021
110::1254752,1254752,110,2021
110::1255071,1255071,110,2021
110::1255117,1255117,110,2021
110::1255233,1255233,110,2021
110::1256004,1256004,110,2021
110::1256023,1256023,110,2021
110::1256242,1256242,110,2021
110::1256954,1256954,110,2021
110::1258685,1258685,110,2021
110::1258882,1258882,110,2021
110::1258967,1258967,110,2021
110::1259494,1259494,110,2021
110::1259869,1259869,110,2021
110::1260127,1260127,110,2021
110::1260143,1260143,110,2021
110::1260176,1260176,110,2021
110::1260553,1260553,110,2021
110::1260854,1260854,110,2021
110::1261406,1261406,110,2021
110::1261615,1261615,110,2021
110::1262116,1262116,110,2021
110::1262922,1262922,110,2021
110::1264131,1264131,110,2021
110::1264270,1264270,110,2021
110::1264460,1264460,110,2021
110::1264463,1264463,110,2021
110::1264846,1264846,110,2021
110::1264947,1264947,110,2021
110::1265009,1265009,110,2021
110::1265640,1265640,110,2021
110::1266058,1266058,110,2021
110::1266286,1266286,110,2021
110::1267646,1267646,110,2021
110::1268290,1268290,110,2021
110::1268397,1268397,110,2021
110::1268948,1268948,110,2021
110::1269138,1269138,110,2021
110::1269998,1269998,110,2021
110::1270058,1270058,110,2021
110::1270464,1270464,110,2021
110::1270518,1270518,110,2021
110::1270556,1270556,110,2021
110::1270561,1270561,110,2021
110::1270603,1270603,110,2021
110::1270611,1270611,110,2021
110::1270622,1270622,110,2021
110::1271797,1271797,110,2021
110::1272692,1272692,110,2021
110::1272760,1272760,110,2021
110::2196685,2196685,110,2021
110::2196795,2196795,110,2021
110::2196857,2196857,110,2021
110::2197020,2197020,110,2021
110::2197258,2197258,110,2021
110::2197357,2197357,110,2021
110::2197907,2197907,110,2021
110::2198355,2198355,110,2021
110::2198424,2198424,110,2021
110::2198854,2198854,110,2021
110::2199924,2199924,110,2021
110::2199999,2199999,110,2021
110::2200002,2200002,110,2021
110::2200003,2200003,110,2021
110::2200228,2200228,110,2021
110::2200522,2200522,110,2021
110::2200587,2200587,110,2021
110::2200638,2200638,110,2021
110::2200814,2200814,110,2021
110::2200842,2200842,110,2021
110::2201080,2201080,110,2021
110::2201398,2201398,110,2021
110::2201568,2201568,110,2021
110::2201934,2201934,110,2021
110::2202097,2202097,110,2021
110::2203013,2203013,110,2021
110::2204028,2204028,110,2021
110::2204481,2204481,110,2021
110::2205046,2205046,110,2021
110::2205206,2205206,110,2021
110::2205248,2205248,110,2021
110::2205721,2205721,110,2021
110::2205815,2205815,110,2021
110::2205933,2205933,110,2021
110::2206567,2206567,110,2021
110::2207864,2207864,110,2021
110::2207872,2207872,110,2021
110::2207873,2207873,110,2021
110::2207909,2207909,110,2021
110::2208285,2208285,110,2021
110::2208314,2208314,110,2021
110::2208486,2208486,110,2021
110::2208591,2208591,110,2021
110::2208817,2208817,110,2021
110::2209272,2209272,110,2021
110::2209408,2209408,110,2021
110::2210139,2210139,110,2021
110::2210826,2210826,110,2021
110::2210846,2210846,110,2021
110::2211097,2211097,110,2021
110::2211669,2211669,110,2021
110::2212419,2212419,110,2021
110::2213432,2213432,110,2021
110::2214045,2214045,110,2021
110::2214455,2214455,110,2021
110::2214549,2214549,110,2021
110::2215435,2215435,110,2021
110::2216405,2216405,110,2021
110::2216535,2216535,110,2021
110::2216612,2216612,110,2021
110::2217278,2217278,110,2021
110::2218443,2218443,110,2021
110::2218687,2218687,110,2021
110::2219095,2219095,110,2021
110::2219384,2219384,110,2021
110::2219462,2219462,110,2021
110::2219654,2219654,110,2021
110::2220022,2220022,110,2021
110::2220037,2220037,110,2021
110::2220502,2220502,110,2021
110::2220649,2220649,110,2021
110::2220650,2220650,110,2021
110::2220697,2220697,110,2021
110::2220864,2220864,110,2021
110::2221592,2221592,110,2021
110::2221674,2221674,110,2021
110::2221851,2221851,110,2021
110::2222079,2222079,110,2021
110::2222913,2222913,110,2021
110::2224278,2224278,110,2021
110::2225628,2225628,110,2021
110::2225775,2225775,110,2021
110::2226187,2226187,110,2021
110::2226209,2226209,110,2021
110::2226316,2226316,110,2021
110::2226367,2226367,110,2021
110::2226750,2226750,110,2021
110::2227067,2227067,110,2021
110::2227122,2227122,110,2021
110::2227349,2227349,110,2021
110::2227412,2227412,110,2021
110::2227481,2227481,110,2021
110::2227671,2227671,110,2021
110::2227803,2227803,110,2021
110::2228592,2228592,110,2021
110::2228599,2228599,110,2021
110::2228726,2228726,110,2021
110::2229201,2229201,110,2021
110::2229283,2229283,110,2021
110::2229345,2229345,110,2021
110::2229733,2229733,110,2021
110::2232125,2232125,110,2021
110::2232503,2232503,110,2021
110::2232924,2232924,110,2021
110::2232938,2232938,110,2021
110::2233153,2233153,110,2021
110::2233626,2233626,110,2021
110::2235100,2235100,110,2021
110::2235361,2235361,110,2021
110::2235492,2235492,110,2021
110::2235604,2235604,110,2021
110::2237561,2237561,110,2021
110::2237697,2237697,110,2021
110::2238328,2238328,110,2021
110::2238510,2238510,110,2021
110::2238859,2238859,110,2021
110::2239291,2239291,110,2021
110::2239358,2239358,110,2021
110::2239983,2239983,110,2021
110::2240872,2240872,110,2021
110::2241008,2241008,110,2021
110::2241051,2241051,110,2021
110::2241076,2241076,110,2021
110::2241106,2241106,110,2021
110::2241189,2241189,110,2021
110::2241325,2241325,110,2021
110::2243043,2243043,110,2021
110::2243681,2243681,110,2021
110::2243781,2243781,110,2021
110::2245450,2245450,110,2021
110::2245728,2245728,110,2021
110::2246016,2246016,110,2021
110::2247823,2247823,110,2021
110::2247870,2247870,110,2021
110::2248023,2248023,110,2021
110::2248193,2248193,110,2021
110::2248417,2248417,110,2021
110::2248472,2248472,110,2021
110::2248989,2248989,110,2021
110::2249184,2249184,110,2021
110::2249206,2249206,110,2021
110::2249693,2249693,110,2021
110::2249852,2249852,110,2021
110::2249863,2249863,110,2021
110::2250335,2250335,110,2021
110::2250963,2250963,110,2021
110::2250971,2250971,110,2021
110::2251091,2251091,110,2021
110::2251120,2251120,110,2021
110::2251131,2251131,110,2021
110::2251278,2251278,110,2021
110::2251323,2251323,110,2021
110::2251621,2251621,110,2021
110::2251622,2251622,110,2021
110::2251717,2251717,110,2021
110::2251727,2251727,110,2021
110::2252191,2252191,110,2021
110::2252550,2252550,110,2021
110::2252845,2252845,110,2021
110::2252865,2252865,110,2021
110::2253296,2253296,110,2021
110::2253485,2253485,110,2021
110::2253582,2253582,110,2021
110::2254709,2254709,110,2021
110::2256159,2256159,110,2021
110::2256896,2256896,110,2021
110::2258657,2258657,110,2021
110::2259009,2259009,110,2021
110::2259204,2259204,110,2021
110::2259800,2259800,110,2021
110::2259831,2259831,110,2021
110::2259949,2259949,110,2021
110::2260323,2260323,110,2021
110::2260325,2260325,110,2021
110::2260722,2260722,110,2021
110::2261359,2261359,110,2021
110::2261391,2261391,110,2021
110::2264961,2264961,110,2021
110::2265599,2265599,110,2021
110::2266188,2266188,110,2021
110::2266567,2266567,110,2021
110::2267107,2267107,110,2021
110::2267968,2267968,110,2021
110::2270074,2270074,110,2021
110::2270114,2270114,110,2021
110::2270526,2270526,110,2021
110::2270624,2270624,110,2021
110::2270694,2270694,110,2021
110::2270850,2270850,110,2021
110::2271175,2271175,110,2021
110::2271349,2271349,110,2021
110::2272455,2272455,110,2021
110::2272457,2272457,110,2021
110::2272614,2272614,110,2021
110::2272661,2272661,110,2021
110::2272820,2272820,110,2021
110::2272849,2272849,110,2021
110::2273224,2273224,110,2021
110::2273785,2273785,110,2021
110::2274490,2274490,110,2021
110::3196140,3196140,110,2021
110::3196859,3196859,110,2021
110::3197164,3197164,110,2021
110::3197188,3197188,110,2021
110::3197336,3197336,110,2021
110::3197367,3197367,110,2021
110::3197490,3197490,110,2021
110::3197670,3197670,110,2021
110::3198191,3198191,110,2021
110::3198208,3198208,110,2021
110::3198243,3198243,110,2021
110::3198570,3198570,110,2021
110::3199631,3199631,110,2021
110::3199854,3199854,110,2021
110::3199902,3199902,110,2021
110::3200306,3200306,110,2021
110::3200451,3200451,110,2021
110::3201232,3201232,110,2021
110::3201497,3201497,110,2021
110::3201993,3201993,110,2021
110::3202900,3202900,110,2021
110::3203895,3203895,110,2021
110::3203900,3203900,110,2021
110::3204530,3204530,110,2021
110::3205569,3205569,110,2021
110::3205957,3205957,110,2021
110::3206198,3206198,110,2021
110::3206732,3206732,110,2021
110::3208015,3208015,110,2021
110::3208077,3208077,110,2021
110::3208115,3208115,110,2021
110::3208193,3208193,110,2021
110::3208265,3208265,110,2021
110::3208361,3208361,110,2021
110::3208404,3208404,110,2021
110::3208468,3208468,110,2021
110::3208476,3208476,110,2021
110::3208717,3208717,110,2021
110::3208890,3208890,110,2021
110::3208983,3208983,110,2021
110::3209159,3209159,110,2021
110::3210652,3210652,110,2021
110::3210842,3210842,110,2021
110::3211812,3211812,110,2021
110::3211856,3211856,110,2021
110::3213468,3213468,110,2021
110::3214504,3214504,110,2021
110::3214543,3214543,110,2021
110::3214987,3214987,110,2021
110::3215160,3215160,110,2021
110::3216812,3216812,110,2021
110::3217272,3217272,110,2021
110::3217288,3217288,110,2021
110::3217320,3217320,110,2021
110::3218681,3218681,110,2021
110::3219337,3219337,110,2021
110::3220030,3220030,110,2021
110::3220442,3220442,110,2021
110::3220850,3220850,110,2021
110::3220892,3220892,110,2021
110::3221159,3221159,110,2021
110::3221214,3221214,110,2021
110::3222298,3222298,110,2021
110::3222448,3222448,110,2021
110::3222816,3222816,110,2021
110::3223004,3223004,110,2021
110::3223282,3223282,110,2021
110::3224610,3224610,110,2021
110::3224613,3224613,110,2021
110::3225603,3225603,110,2021
110::3225611,3225611,110,2021
110::3225647,3225647,110,2021
110::3225847,3225847,110,2021
110::3226005,3226005,110,2021
110::3226312,3226312,110,2021
110::3226395,3226395,110,2021
110::3226404,3226404,110,2021
110::3226578,3226578,110,2021
110::3226598,3226598,110,2021
110::3227115,3227115,110,2021
110::3227298,3227298,110,2021
110::3228183,3228183,110,2021
110::3228268,3228268,110,2021
110::3229045,3229045,110,2021
110::3229808,3229808,110,2021
110::3230006,3230006,110,2021
110::3230813,3230813,110,2021
110::3231125,3231125,110,2021
110::3231423,3231423,110,2021
110::3232309,3232309,110,2021
110::3232329,3232329,110,2021
110::3233379,3233379,110,2021
110::3233382,3233382,110,2021
110::3233648,3233648,110,2021
110::3233727,3233727,110,2021
110::3233734,3233734,110,2021
110::3235078,3235078,110,2021
110::3235234,3235234,110,2021
110::3236052,3236052,110,2021
110::3238164,3238164,110,2021
110::3238279,3238279,110,2021
110::3238357,3238357,110,2021
110::3238417,3238417,110,2021
110::3238502,3238502,110,2021
110::3238634,3238634,110,2021
110::3238904,3238904,110,2021
110::3239416,3239416,110,2021
110::3239477,3239477,110,2021
110::3240327,3240327,110,2021
110::3240763,3240763,110,2021
110::3241083,3241083,110,2021
110::3241166,3241166,110,2021
110::3241315,3241315,110,2021
110::3241383,3241383,110,2021
110::3241589,3241589,110,2021
110::3241940,3241940,110,2021
110::3243347,3243347,110,2021
110::3243784,3243784,110,2021
110::3244237,3244237,110,2021
110::3244248,3244248,110,2021
110::3245468,3245468,110,2021
110::3245544,3245544,110,2021
110::3245562,3245562,110,2021
110::3245570,3245570,110,2021
110::3245571,3245571,110,2021
110::3245626,3245626,110,2021
110::3245827,3245827,110,2021
110::3245856,3245856,110,2021
110::3247065,3247065,110,2021
110::3247172,3247172,110,2021
110::3247247,3247247,110,2021
110::3248596,3248596,110,2021
110::3249257,3249257,110,2021
110::3249265,3249265,110,2021
110::3249338,3249338,110,2021
110::3249743,3249743,110,2021
110::3249789,3249789,110,2021
110::3250051,3250051,110,2021
110::3250969,3250969,110,2021
110::3251080,3251080,110,2021
110::3252532,3252532,110,2021
110::3252853,3252853,110,2021
110::3253041,3253041,110,2021
110::3253400,3253400,110,2021
110::3253479,3253479,110,2021
110::3254123,3254123,110,2021
110::3254615,3254615,110,2021
110::3254893,3254893,110,2021
110::3254897,3254897,110,2021
110::3254900,3254900,110,2021
110::3254901,3254901,110,2021
110::3255380,3255380,110,2021
110::3255863,3255863,110,2021
110::3260009,3260009,110,2021
110::3260292,3260292,110,2021
110::3260449,3260449,110,2021
110::3263378,3263378,110,2021
110::3264571,3264571,110,2021
110::3264850,3264850,110,2021
110::3264893,3264893,110,2021
110::3264900,3264900,110,2021
110::3265304,3265304,110,2021
110::3265363,3265363,110,2021
110::3265530,3265530,110,2021
110::3265584,3265584,110,2021
110::3265654,3265654,110,2021
110::3267657,3267657,110,2021
110::3267691,3267691,110,2021
110::3269581,3269581,110,2021
110::3270277,3270277,110,2021
110::3272555,3272555,110,2021
110::3272886,3272886,110,2021
110::4196026,4196026,110,2021
110::4196882,4196882,110,2021
110::4197053,4197053,110,2021
110::4197446,4197446,110,2021
110::4199824,4199824,110,2021
110::4199850,4199850,110,2021
110::4200114,4200114,110,2021
110::4200147,4200147,110,2021
110::4200305,4200305,110,2021
110::4200395,4200395,110,2021
110::4200459,4200459,110,2021
110::4200552,4200552,110,2021
110::4200969,4200969,110,2021
110::4201081,4201081,110,2021
110::4201222,4201222,110,2021
110::4201617,4201617,110,2021
110::4202005,4202005,110,2021
110::4203144,4203144,110,2021
110::4203762,4203762,110,2021
110::4204095,4204095,110,2021
110::4205278,4205278,110,2021
110::4205747,4205747,110,2021
110::4206808,4206808,110,2021
110::4208127,4208127,110,2021
110::4208358,4208358,110,2021
110::4208385,4208385,110,2021
110::4208608,4208608,110,2021
110::4208718,4208718,110,2021
110::4209007,4209007,110,2021
110::4210427,4210427,110,2021
110::4210788,4210788,110,2021
110::4210836,4210836,110,2021
110::4210979,4210979,110,2021
110::4211135,4211135,110,2021
110::4211520,4211520,110,2021
110::4211589,4211589,110,2021
110::4211849,4211849,110,2021
110::4212656,4212656,110,2021
110::4213655,4213655,110,2021
110::4214431,4214431,110,2021
110::4215313,4215313,110,2021
110::4215335,4215335,110,2021
110::4215381,4215381,110,2021
110::4215493,4215493,110,2021
110::4216253,4216253,110,2021
110::4216785,4216785,110,2021
110::4217065,4217065,110,2021
110::4217454,4217454,110,2021
110::4217575,4217575,110,2021
110::4217611,4217611,110,2021
110::4217677,4217677,110,2021
110::4218659,4218659,110,2021
110::4218756,4218756,110,2021
110::4219299,4219299,110,2021
110::4219397,4219397,110,2021
110::4219537,4219537,110,2021
110::4220805,4220805,110,2021
110::4220841,4220841,110,2021
110::4220942,4220942,110,2021
110::4221373,4221373,110,2021
110::4221627,4221627,110,2021
110::4222017,4222017,110,2021
110::4222542,4222542,110,2021
110::4223413,4223413,110,2021
110::4223624,4223624,110,2021
110::4223647,4223647,110,2021
110::4226339,4226339,110,2021
110::4226640,4226640,110,2021
110::4226711,4226711,110,2021
110::4227216,4227216,110,2021
110::4227824,4227824,110,2021
110::4227830,4227830,110,2021
110::4227890,4227890,110,2021
110::4227990,4227990,110,2021
110::4228575,4228575,110,2021
110::4229271,4229271,110,2021
110::4230002,4230002,110,2021
110::4230620,4230620,110,2021
110::4231175,4231175,110,2021
110::4231277,4231277,110,2021
110::4231630,4231630,110,2021
110::4231638,4231638,110,2021
110::4232196,4232196,110,2021
110::4232236,4232236,110,2021
110::4232500,4232500,110,2021
110::4233058,4233058,110,2021
110::4233134,4233134,110,2021
110::4233981,4233981,110,2021
110::4234481,4234481,110,2021
110::4235108,4235108,110,2021
110::4236216,4236216,110,2021
110::4237130,4237130,110,2021
110::4238626,4238626,110,2021
110::4238746,4238746,110,2021
110::4238808,4238808,110,2021
110::4238860,4238860,110,2021
110::4239341,4239341,110,2021
110::4240279,4240279,110,2021
110::4240842,4240842,110,2021
110::4241465,4241465,110,2021
110::4241475,4241475,110,2021
110::4241583,4241583,110,2021
110::4242423,4242423,110,2021
110::4243839,4243839,110,2021
110::4244149,4244149,110,2021
110::4244560,4244560,110,2021
110::4245508,4245508,110,2021
110::4245695,4245695,110,2021
110::4247912,4247912,110,2021
110::4248030,4248030,110,2021
110::4248985,4248985,110,2021
110::4249174,4249174,110,2021
110::4249469,4249469,110,2021
110::4249513,4249513,110,2021
110::4249751,4249751,110,2021
110::4250998,4250998,110,2021
110::4253148,4253148,110,2021
110::4253434,4253434,110,2021
110::4253609,4253609,110,2021
110::4253693,4253693,110,2021
110::4253843,4253843,110,2021
110::4254589,4254589,110,2021
110::4254728,4254728,110,2021
110::4254917,4254917,110,2021
110::4256696,4256696,110,2021
110::4257069,4257069,110,2021
110::4258638,4258638,110,2021
110::4258851,4258851,110,2021
110::4259078,4259078,110,2021
110::4259580,4259580,110,2021
110::4259813,4259813,110,2021
110::4261670,4261670,110,2021
110::4264765,4264765,110,2021
110::4265352,4265352,110,2021
110::4268014,4268014,110,2021
110::4268081,4268081,110,2021
110::4268277,4268277,110,2021
110::4269087,4269087,110,2021
110::4270010,4270010,110,2021
110::4270400,4270400,110,2021
110::5205619,5205619,110,2021
110::5206057,5206057,110,2021
110::5206475,5206475,110,2021
110::5206728,5206728,110,2021
110::5206751,5206751,110,2021
110::5232731,5232731,110,2021
110::5233190,5233190,110,2021
110::5235430,5235430,110,2021
110::5238426,5238426,110,2021
110::5268655,5268655,110,2021
110::6206544,6206544,110,2021
110::6206644,6206644,110,2021
110::6206765,6206765,110,2021
110::6206783,6206783,110,2021
110::6207315,6207315,110,2021
110::6233577,6233577,110,2021
110::6233590,6233590,110,2021
110::6235483,6235483,110,2021
110::6265508,6265508,110,2021
110::6265624,6265624,110,2021
110::6266254,6266254,110,2021
110::6266714,6266714,110,2021
110::7205698,7205698,110,2021
110::7205954,7205954,110,2021
110::7234968,7234968,110,2021
110::7264762,7264762,110,2021
110::8199937,8199937,110,2021
110::8202884,8202884,110,2021
110::8205801,8205801,110,2021
110::8206587,8206587,110,2021
110::8206740,8206740,110,2021
110::8206881,8206881,110,2021
110::8234237,8234237,110,2021
110::8234298,8234298,110,2021
110::8235302,8235302,110,2021
110::8235345,8235345,110,2021
110::8236876,8236876,110,2021
110::8266007,8266007,110,2021
110::9196933,9196933,110,2021
110::9206171,9206171,110,2021
110::9206429,9206429,110,2021
110::9206501,9206501,110,2021
110::9232729,9232729,110,2021
110::9233488,9233488,110,2021
110::9234421,9234421,110,2021
110::9235091,9235091,110,2021
110::9266194,9266194,110,2021
110::19244442,19244442,110,2021
110::1274713,1274713,110,2021
110::1274816,1274816,110,2021
110::2274520,2274520,110,2021
110::2274589,2274589,110,2021
110::2274708,2274708,110,2021
110::3274662,3274662,110,2021
110::3274688,3274688,110,2021
110::3274746,3274746,110,2021
110::4274532,4274532,110,2021
110::4274753,4274753,110,2021
110::4274756,4274756,110,2021
110::4274771,4274771,110,2021
110::4274790,4274790,110,2021
110::5274553,5274553,110,2021
110::5274678,5274678,110,2021
110::5274754,5274754,110,2021
110::5274793,5274793,110,2021
110::6274607,6274607,110,2021
110::6274747,6274747,110,2021
110::7274528,7274528,110,2021
110::7274533,7274533,110,2021
110::7274721,7274721,110,2021
110::7274744,7274744,110,2021
110::7274772,7274772,110,2021
110::7274789,7274789,110,2021
110::8274691,8274691,110,2021
110::8274788,8274788,110,2021
110::8274825,8274825,110,2021
110::9274651,9274651,110,2021
110::9274683,9274683,110,2021
110::1275754,1275754,110,2021
110::1275975,1275975,110,2021
110::1276516,1276516,110,2021
110::1277199,1277199,110,2021
110::1277482,1277482,110,2021
110::1277666,1277666,110,2021
110::1278106,1278106,110,2021
110::1278309,1278309,110,2021
110::1278492,1278492,110,2021
110::1278597,1278597,110,2021
110::1278617,1278617,110,2021
110::1278685,1278685,110,2021
110::1278787,1278787,110,2021
110::1279485,1279485,110,2021
110::1279501,1279501,110,2021
110::1279506,1279506,110,2021
110::1279640,1279640,110,2021
110::1279655,1279655,110,2021
110::1279731,1279731,110,2021
110::1279754,1279754,110,2021
110::2275188,2275188,110,2021
110::2275202,2275202,110,2021
110::2275449,2275449,110,2021
110::2275864,2275864,110,2021
110::2276314,2276314,110,2021
110::2276323,2276323,110,2021
110::2276572,2276572,110,2021
110::2276703,2276703,110,2021
110::2276754,2276754,110,2021
110::2277134,2277134,110,2021
110::2277341,2277341,110,2021
110::2277611,2277611,110,2021
110::2277736,2277736,110,2021
110::2277745,2277745,110,2021
110::2278499,2278499,110,2021
110::2278783,2278783,110,2021
110::2278909,2278909,110,2021
110::2278943,2278943,110,2021
110::2279094,2279094,110,2021
110::2279130,2279130,110,2021
110::2279237,2279237,110,2021
110::2279267,2279267,110,2021
110::2279268,2279268,110,2021
110::2279444,2279444,110,2021
110::2279520,2279520,110,2021
110::2279744,2279744,110,2021
110::3275868,3275868,110,2021
110::3276287,3276287,110,2021
110::3276853,3276853,110,2021
110::3277092,3277092,110,2021
110::3277147,3277147,110,2021
110::3277165,3277165,110,2021
110::3277282,3277282,110,2021
110::3277663,3277663,110,2021
110::3277771,3277771,110,2021
110::3277843,3277843,110,2021
110::3277888,3277888,110,2021
110::3278219,3278219,110,2021
110::3278286,3278286,110,2021
110::3278889,3278889,110,2021
110::3278890,3278890,110,2021
110::3279137,3279137,110,2021
110::3279304,3279304,110,2021
110::3279466,3279466,110,2021
110::3279499,3279499,110,2021
110::3279604,3279604,110,2021
110::3279643,3279643,110,2021
110::3279645,3279645,110,2021
110::4275291,4275291,110,2021
110::4275639,4275639,110,2021
110::4275750,4275750,110,2021
110::4275783,4275783,110,2021
110::4276657,4276657,110,2021
110::4276708,4276708,110,2021
110::4276724,4276724,110,2021
110::4276959,4276959,110,2021
110::4277287,4277287,110,2021
110::4278703,4278703,110,2021
110::4278755,4278755,110,2021
110::4278806,4278806,110,2021
110::4279116,4279116,110,2021
110::4279127,4279127,110,2021
110::4279685,4279685,110,2021
110::4279766,4279766,110,2021
110::1283966,1283966,110,2021
110::1284040,1284040,110,2021
110::1284054,1284054,110,2021
110::1284276,1284276,110,2021
110::1284296,1284296,110,2021
110::1284385,1284385,110,2021
110::1284747,1284747,110,2021
110::1284751,1284751,110,2021
110::1284878,1284878,110,2021
110::1285011,1285011,110,2021
110::1285088,1285088,110,2021
110::2283996,2283996,110,2021
110::2284017,2284017,110,2021
110::2284124,2284124,110,2021
110::2284185,2284185,110,2021
110::2284229,2284229,110,2021
110::2284429,2284429,110,2021
110::2284527,2284527,110,2021
110::2284564,2284564,110,2021
110::2284619,2284619,110,2021
110::2284648,2284648,110,2021
110::2284800,2284800,110,2021
110::2284832,2284832,110,2021
110::2285077,2285077,110,2021
110::3284085,3284085,110,2021
110::3284176,3284176,110,2021
110::3284238,3284238,110,2021
110::3284689,3284689,110,2021
110::3284719,3284719,110,2021
110::3285057,3285057,110,2021
110::3285067,3285067,110,2021
110::4283905,4283905,110,2021
110::4283971,4283971,110,2021
110::4284100,4284100,110,2021
110::4284237,4284237,110,2021
110::4284716,4284716,110,2021
110::5284542,5284542,110,2021
110::6284887,6284887,110,2021
110::6285033,6285033,110,2021
110::7283893,7283893,110,2021
110::7284245,7284245,110,2021
110::7284998,7284998,110,2021
110::8284021,8284021,110,2021
110::8284286,8284286,110,2021
110::9284083,9284083,110,2021
110::9284104,9284104,110,2021
110::9284134,9284134,110,2021
110::9284613,9284613,110,2021
110::9284849,9284849,110,2021
110::1286571,1286571,110,2021
110::1286578,1286578,110,2021
110::1286639,1286639,110,2021
110::1286665,1286665,110,2021
110::1286673,1286673,110,2021
110::1286735,1286735,110,2021
110::1286749,1286749,110,2021
110::1286765,1286765,110,2021
110::1286778,1286778,110,2021
110::1286789,1286789,110,2021
110::1286800,1286800,110,2021
110::1286807,1286807,110,2021
110::1286844,1286844,110,2021
110::1286856,1286856,110,2021
110::1286857,1286857,110,2021
110::1286864,1286864,110,2021
110::1286914,1286914,110,2021
110::1286965,1286965,110,2021
110::2286567,2286567,110,2021
110::2286615,2286615,110,2021
110::2286648,2286648,110,2021
110::2286656,2286656,110,2021
110::2286693,2286693,110,2021
110::2286711,2286711,110,2021
110::2286716,2286716,110,2021
110::2286754,2286754,110,2021
110::2286787,2286787,110,2021
110::2286810,2286810,110,2021
110::2286820,2286820,110,2021
110::2286904,2286904,110,2021
110::92230625,92230625,110,2021
110::92230626,92230626,110,2021
110::92230653,92230653,110,2021
110::92230666,92230666,110,2021
110::92230668,92230668,110,2021
110::92230671,92230671,110,2021
110::92230693,92230693,110,2021
110::92230699,92230699,110,2021
110::92230702,92230702,110,2021
110::92230706,92230706,110,2021
110::92230725,92230725,110,2021
110::92230743,92230743,110,2021
110::92230765,92230765,110,2021
110::92230769,92230769,110,2021
110::92230770,92230770,110,2021
110::92230785,92230785,110,2021
110::92230854,92230854,110,2021
110::92230860,92230860,110,2021
110::92230862,92230862,110,2021
110::92230866,92230866,110,2021
110::92230894,92230894,110,2021
110::92230907,92230907,110,2021
110::92230909,92230909,110,2021
110::92230912,92230912,110,2021
110::92230942,92230942,110,2021
110::92230948,92230948,110,2021
110::92230960,92230960,110,2021
110::92240970,92240970,110,2021
110::92240973,92240973,110,2021
110::92240976,92240976,110,2021
110::92240978,92240978,110,2021
110::92240982,92240982,110,2021
110::92240996,92240996,110,2021
110::92240997,92240997,110,2021
110::92241023,92241023,110,2021
110::92241029,92241029,110,2021
110::92241034,92241034,110,2021
110::92241037,92241037,110,2021
110::92241038,92241038,110,2021
110::92241048,92241048,110,2021
110::92241070,92241070,110,2021
110::92241075,92241075,110,2021
110::92241079,92241079,110,2021
110::92241113,92241113,110,2021
110::92241158,92241158,110,2021
110::92241181,92241181,110,2021
110::92110007,92110007,110,2021
110::92110011,92110011,110,2021
110::92110016,92110016,110,2021
110::92110023,92110023,110,2021
110::92110030,92110030,110,2021
110::92110034,92110034,110,2021
110::92110041,92110041,110,2021
110::92110042,92110042,110,2021
110::92110045,92110045,110,2021
110::92110050,92110050,110,2021
110::92110055,92110055,110,2021
110::92110057,92110057,110,2021
110::92110058,92110058,110,2021
110::92110063,92110063,110,2021
110::92110075,92110075,110,2021
110::92110076,92110076,110,2021
110::92110082,92110082,110,2021
110::92110085,92110085,110,2021
110::92110092,92110092,110,2021
110::92110098,92110098,110,2021
110::92110632,92110632,110,2021
110::92120106,92120106,110,2021
110::92120113,92120113,110,2021
110::92120115,92120115,110,2021
110::92120116,92120116,110,2021
110::92120140,92120140,110,2021
110::92120149,92120149,110,2021
110::92120172,92120172,110,2021
110::92130193,92130193,110,2021
110::92140235,92140235,110,2021
