Survey Year,sample_definition,Variable,Category,Count,Percentage,Missing N,Missing %
2002,full_sample,AGE_GROUP,15-19歲,122,0.009303744375810264,0,0
2002,full_sample,AGE_GROUP,20-29歲,1100,0.08388621978189582,0,0
2002,full_sample,AGE_GROUP,30-39歲,3216,0.24525280256234272,0,0
2002,full_sample,AGE_GROUP,40-49歲,4038,0.30793868679935943,0,0
2002,full_sample,AGE_GROUP,50-59歲,2478,0.18897277510867078,0,0
2002,full_sample,AGE_GROUP,60歲以上,2159,0.164645771371921,0,0
2002,full_sample,AGE_GROUP_HARMONIZED,15-19歲,122,0.009303744375810264,0,0
2002,full_sample,AGE_GROUP_HARMONIZED,20-29歲,1100,0.08388621978189582,0,0
2002,full_sample,AGE_GROUP_HARMONIZED,30-39歲,3216,0.24525280256234272,0,0
2002,full_sample,AGE_GROUP_HARMONIZED,40-49歲,4038,0.30793868679935943,0,0
2002,full_sample,AGE_GROUP_HARMONIZED,50-59歲,2478,0.18897277510867078,0,0
2002,full_sample,AGE_GROUP_HARMONIZED,60歲以上,2159,0.164645771371921,0,0
2002,full_sample,AGE_MEASURE_TYPE,age_group,13113,1,0,0
2002,full_sample,EDU,不識字/自修,1098,0.08373369938229239,0,0
2002,full_sample,EDU,國(初)中,2644,0.20163196827575688,0,0
2002,full_sample,EDU,國小,4619,0.35224586288416077,0,0
2002,full_sample,EDU,專科以上,1234,0.09410508655532678,0,0
2002,full_sample,EDU,高中職,3518,0.26828338290246323,0,0
2002,full_sample,EXP_ALCOHOL_EXPENDITURE,"1,000元至未滿3,000元",3403,0.2616887111657951,109,0.00831236177838786
2002,full_sample,EXP_ALCOHOL_EXPENDITURE,1萬元以上（請記錄金額）,96,0.007382343894186404,109,0.00831236177838786
2002,full_sample,EXP_ALCOHOL_EXPENDITURE,"3,000元至未滿5,000元",1211,0.09312519224853891,109,0.00831236177838786
2002,full_sample,EXP_ALCOHOL_EXPENDITURE,"5,000-6,999 元",404,0.031067363888034452,109,0.00831236177838786
2002,full_sample,EXP_ALCOHOL_EXPENDITURE,"7,000-9,999 元",172,0.013226699477083975,109,0.00831236177838786
2002,full_sample,EXP_ALCOHOL_EXPENDITURE,"未滿1,000元",2550,0.19609350968932637,109,0.00831236177838786
2002,full_sample,EXP_ALCOHOL_EXPENDITURE,沒有這項支出,5168,0.39741617963703474,109,0.00831236177838786
2002,full_sample,EXP_EDU_BOOKS_COMBINED_EXPENDITURE,1千~未滿3千元,1279,0.19854082583048743,6671,0.5087317928772973
2002,full_sample,EXP_EDU_BOOKS_COMBINED_EXPENDITURE,1萬元以上,233,0.03616889164855635,6671,0.5087317928772973
2002,full_sample,EXP_EDU_BOOKS_COMBINED_EXPENDITURE,3千~未滿5千元,641,0.0995032598571872,6671,0.5087317928772973
2002,full_sample,EXP_EDU_BOOKS_COMBINED_EXPENDITURE,5千~未滿7千元,351,0.05448618441477802,6671,0.5087317928772973
2002,full_sample,EXP_EDU_BOOKS_COMBINED_EXPENDITURE,7千~未滿1萬元,278,0.043154299906861225,6671,0.5087317928772973
2002,full_sample,EXP_EDU_BOOKS_COMBINED_EXPENDITURE,未滿1千元,1119,0.17370381868984788,6671,0.5087317928772973
2002,full_sample,EXP_EDU_BOOKS_COMBINED_EXPENDITURE,無此消費,2541,0.3944427196522819,6671,0.5087317928772973
2002,full_sample,EXP_FOOD_EXPENDITURE,1萬元至未滿2萬元,4269,0.33054587688734033,198,0.015099519560741249
2002,full_sample,EXP_FOOD_EXPENDITURE,"20,000-29,999 元",3812,0.2951606658923732,198,0.015099519560741249
2002,full_sample,EXP_FOOD_EXPENDITURE,"3,000-4,999 元",1425,0.11033681765389082,198,0.015099519560741249
2002,full_sample,EXP_FOOD_EXPENDITURE,"30,000-39,999 元",748,0.05791715060007743,198,0.015099519560741249
2002,full_sample,EXP_FOOD_EXPENDITURE,"40,000-49,999 元",153,0.011846689895470384,198,0.015099519560741249
2002,full_sample,EXP_FOOD_EXPENDITURE,"5,000元至未滿1萬元",2477,0.19179248935346496,198,0.015099519560741249
2002,full_sample,EXP_FOOD_EXPENDITURE,5萬元以上（請記錄金額）,31,0.002400309717382888,198,0.015099519560741249
2002,full_sample,EXP_MEDICAL_EXPENDITURE,"1,000元至未滿3,000元",4228,0.32841385738698153,239,0.01822618775261191
2002,full_sample,EXP_MEDICAL_EXPENDITURE,1萬元以上（請記錄金額）,511,0.03969240329345969,239,0.01822618775261191
2002,full_sample,EXP_MEDICAL_EXPENDITURE,"3,000元至未滿5,000元",1805,0.14020506447102687,239,0.01822618775261191
2002,full_sample,EXP_MEDICAL_EXPENDITURE,"5,000-6,999 元",813,0.06315053596395837,239,0.01822618775261191
2002,full_sample,EXP_MEDICAL_EXPENDITURE,"7,000-9,999 元",541,0.04202268137331055,239,0.01822618775261191
2002,full_sample,EXP_MEDICAL_EXPENDITURE,"未滿1,000元",3790,0.29439179742115895,239,0.01822618775261191
2002,full_sample,EXP_MEDICAL_EXPENDITURE,沒有這項支出,1186,0.09212366009010409,239,0.01822618775261191
2002,full_sample,EXP_TOTAL_REPORTED_EXPENDITURE,2萬元至未滿3萬元,3904,0.298083530579522,16,0.0012201631968275757
2002,full_sample,EXP_TOTAL_REPORTED_EXPENDITURE,3萬元至未滿4萬元,2269,0.17324578147667405,16,0.0012201631968275757
2002,full_sample,EXP_TOTAL_REPORTED_EXPENDITURE,4萬元至未滿5萬元,1198,0.09147132931205619,16,0.0012201631968275757
2002,full_sample,EXP_TOTAL_REPORTED_EXPENDITURE,5萬元至未滿6萬元,660,0.05039321982133313,16,0.0012201631968275757
2002,full_sample,EXP_TOTAL_REPORTED_EXPENDITURE,6萬元至未滿7萬元,291,0.02221882873940597,16,0.0012201631968275757
2002,full_sample,EXP_TOTAL_REPORTED_EXPENDITURE,7萬元至未滿8萬元,168,0.012827365045430252,16,0.0012201631968275757
2002,full_sample,EXP_TOTAL_REPORTED_EXPENDITURE,8萬元以上（請記錄金額）,168,0.012827365045430252,16,0.0012201631968275757
2002,full_sample,EXP_TOTAL_REPORTED_EXPENDITURE,未滿2萬元,4439,0.33893257998014814,16,0.0012201631968275757
2002,full_sample,EXP_TRANSPORT_COMM_EXPENDITURE,"1,000元至未滿3,000元",4478,0.3448860135551448,129,0.00983756577442233
2002,full_sample,EXP_TRANSPORT_COMM_EXPENDITURE,1萬元以上（請記錄金額）,579,0.04459334565619224,129,0.00983756577442233
2002,full_sample,EXP_TRANSPORT_COMM_EXPENDITURE,"3,000元至未滿5,000元",3186,0.2453789279112754,129,0.00983756577442233
2002,full_sample,EXP_TRANSPORT_COMM_EXPENDITURE,"5,000-6,999 元",1665,0.12823475046210722,129,0.00983756577442233
2002,full_sample,EXP_TRANSPORT_COMM_EXPENDITURE,"7,000-9,999 元",992,0.07640172520024646,129,0.00983756577442233
2002,full_sample,EXP_TRANSPORT_COMM_EXPENDITURE,999 元及以下,2038,0.15696241528034505,129,0.00983756577442233
2002,full_sample,EXP_TRANSPORT_COMM_EXPENDITURE,沒有這項支出,46,0.003542821934688848,129,0.00983756577442233
2002,full_sample,EXP_TRAVEL_EXPENDITURE,1千~未滿3千元,829,0.1280902348578492,6641,0.5064439868832457
2002,full_sample,EXP_TRAVEL_EXPENDITURE,1萬元以上,44,0.006798516687268232,6641,0.5064439868832457
2002,full_sample,EXP_TRAVEL_EXPENDITURE,3千~未滿5千元,365,0.056396786155747836,6641,0.5064439868832457
2002,full_sample,EXP_TRAVEL_EXPENDITURE,5千~未滿7千元,119,0.01838689740420272,6641,0.5064439868832457
2002,full_sample,EXP_TRAVEL_EXPENDITURE,7千~未滿1萬元,62,0.009579728059332509,6641,0.5064439868832457
2002,full_sample,EXP_TRAVEL_EXPENDITURE,未滿1千元,837,0.12932632880098888,6641,0.5064439868832457
2002,full_sample,EXP_TRAVEL_EXPENDITURE,無此消費,4216,0.6514215080346106,6641,0.5064439868832457
2002,full_sample,HOUSE_BELONG,借用,354,0.027016713729680227,10,7.626019980172348e-4
2002,full_sample,HOUSE_BELONG,租賃,2072,0.1581317255590323,10,7.626019980172348e-4
2002,full_sample,HOUSE_BELONG,自有/家人所有/自建,10456,0.797985194230329,10,7.626019980172348e-4
2002,full_sample,HOUSE_BELONG,配住,221,0.01686636648095856,10,7.626019980172348e-4
2002,full_sample,INC_FAM_GOV_INCOME,"10,000-14,999 元",166,0.012659193167086098,0,0
2002,full_sample,INC_FAM_GOV_INCOME,"15,000-19,999 元",61,0.004651872187905132,0,0
2002,full_sample,INC_FAM_GOV_INCOME,"2,000元至未滿4,000元",2701,0.20597879966445512,0,0
2002,full_sample,INC_FAM_GOV_INCOME,"20,000-29,999 元",33,0.0025165865934568747,0,0
2002,full_sample,INC_FAM_GOV_INCOME,"30,000 元及以上，請記錄________元",11,8.388621978189583e-4,0,0
2002,full_sample,INC_FAM_GOV_INCOME,"4,000元至未滿6,000元",643,0.0490353084725082,0,0
2002,full_sample,INC_FAM_GOV_INCOME,"6,000元至未滿1萬元",1115,0.08503012277892168,0,0
2002,full_sample,INC_FAM_GOV_INCOME,"未滿2,000元",8383,0.6392892549378479,0,0
2002,full_sample,INC_FAM_OTHER_INCOME,1萬~未滿2萬元,798,0.060855639441775335,0,0
2002,full_sample,INC_FAM_OTHER_INCOME,5千~未滿1萬元,838,0.06390604743384427,0,0
2002,full_sample,INC_FAM_OTHER_INCOME,5萬~未滿6萬元,357,0.02722489132921528,0,0
2002,full_sample,INC_FAM_OTHER_INCOME,6萬元以上,261,0.01990391214824983,0,0
2002,full_sample,INC_FAM_OTHER_INCOME,未滿5千元,915,0.06977808281857699,0,0
2002,full_sample,INC_FAM_OTHER_INCOME,無此收入,9944,0.7583314268283383,0,0
2002,full_sample,INC_FAM_TOTAL_INCOME,10萬元至未滿12萬元,249,0.018988789750629148,0,0
2002,full_sample,INC_FAM_TOTAL_INCOME,12萬元至未滿15萬元,128,0.009761305574620606,0,0
2002,full_sample,INC_FAM_TOTAL_INCOME,15萬元以上（請記錄金額）,109,0.00831236177838786,0,0
2002,full_sample,INC_FAM_TOTAL_INCOME,2萬元至未滿4萬元,4499,0.34309463890795394,0,0
2002,full_sample,INC_FAM_TOTAL_INCOME,4萬元至未滿6萬元,2538,0.1935483870967742,0,0
2002,full_sample,INC_FAM_TOTAL_INCOME,6萬元至未滿8萬元,1036,0.07900556699458552,0,0
2002,full_sample,INC_FAM_TOTAL_INCOME,8萬元至未滿10萬元,453,0.03454587051018074,0,0
2002,full_sample,INC_FAM_TOTAL_INCOME,未滿2萬元,4101,0.312743079386868,0,0
2002,full_sample,INC_FAM_WORK_INCOME,"100,000-129,999元",209,0.015938381758560206,0,0
2002,full_sample,INC_FAM_WORK_INCOME,12萬元至未滿15萬元,102,0.007778540379775795,0,0
2002,full_sample,INC_FAM_WORK_INCOME,15萬元以上（請記錄金額）,84,0.006405856783344772,0,0
2002,full_sample,INC_FAM_WORK_INCOME,2萬元至未滿4萬元,4303,0.32814763974681616,0,0
2002,full_sample,INC_FAM_WORK_INCOME,4萬元至未滿6萬元,2338,0.1782963471364295,0,0
2002,full_sample,INC_FAM_WORK_INCOME,6萬元至未滿8萬元,894,0.0681766186227408,0,0
2002,full_sample,INC_FAM_WORK_INCOME,8萬元至未滿10萬元,390,0.029741477922672156,0,0
2002,full_sample,INC_FAM_WORK_INCOME,未滿2萬元,4793,0.36551513764966065,0,0
2002,full_sample,MALE,男性,7901,0.6025318386334172,0,0
2002,full_sample,MALE,非男性,5212,0.3974681613665828,0,0
2002,full_sample,RACE,卑南族,401,0.030580340120491115,0,0
2002,full_sample,RACE,噶瑪蘭族,5,3.813009990086174e-4,0,0
2002,full_sample,RACE,布農族,1336,0.10188362693510257,0,0
2002,full_sample,RACE,排灣族,2511,0.19148936170212766,0,0
2002,full_sample,RACE,泰雅族,3069,0.23404255319148937,0,0
2002,full_sample,RACE,賽夏族,185,0.014108136963318843,0,0
2002,full_sample,RACE,邵族,28,0.0021352855944482573,0,0
2002,full_sample,RACE,鄒族,187,0.01426065736292229,0,0
2002,full_sample,RACE,阿美族,4931,0.3760390452222985,0,0
2002,full_sample,RACE,雅美族/達悟族,124,0.009456264775413711,0,0
2002,full_sample,RACE,魯凱族,336,0.02562342713337909,0,0
2002,full_sample,RENT,"1,000-2,999元",149,0.06498037505451373,10820,0.8251353618546481
2002,full_sample,RENT,"10,000-19,999元",489,0.2132577409507196,10820,0.8251353618546481
2002,full_sample,RENT,"20,000元以上",43,0.01875272568687309,10820,0.8251353618546481
2002,full_sample,RENT,"3,000-4,999元",355,0.15481901439162668,10820,0.8251353618546481
2002,full_sample,RENT,"5,000-6,999元",484,0.21107719145224596,10820,0.8251353618546481
2002,full_sample,RENT,"7,000-9,999元",497,0.21674662014827736,10820,0.8251353618546481
2002,full_sample,RENT,不需要支付租金,126,0.054949847361535104,10820,0.8251353618546481
2002,full_sample,RENT,拒答,43,0.01875272568687309,10820,0.8251353618546481
2002,full_sample,RENT,"未滿1,000元",107,0.04666375926733537,10820,0.8251353618546481
2002,full_sample,RESPONDENT_UNIT,economic_household_head,13113,1,0,0
2002,full_sample,RESPONDENT_UNIT_SOURCE,91年問卷首頁：訪問對象為經濟戶長,13113,1,0,0
2006,full_sample,AGE_GROUP,15-19歲,309,0.051388657907866286,0,0
2006,full_sample,AGE_GROUP,20-29歲,710,0.11807749875270247,0,0
2006,full_sample,AGE_GROUP,30-39歲,1164,0.1935805754199235,0,0
2006,full_sample,AGE_GROUP,40-49歲,1453,0.24164310660236155,0,0
2006,full_sample,AGE_GROUP,50-59歲,1201,0.19973390986196574,0,0
2006,full_sample,AGE_GROUP,60歲以上,1176,0.19557625145518046,0,0
2006,full_sample,AGE_GROUP_HARMONIZED,15-19歲,309,0.051388657907866286,0,0
2006,full_sample,AGE_GROUP_HARMONIZED,20-29歲,710,0.11807749875270247,0,0
2006,full_sample,AGE_GROUP_HARMONIZED,30-39歲,1164,0.1935805754199235,0,0
2006,full_sample,AGE_GROUP_HARMONIZED,40-49歲,1453,0.24164310660236155,0,0
2006,full_sample,AGE_GROUP_HARMONIZED,50-59歲,1201,0.19973390986196574,0,0
2006,full_sample,AGE_GROUP_HARMONIZED,60歲以上,1176,0.19557625145518046,0,0
2006,full_sample,AGE_MEASURE_TYPE,age_group,6013,1,0,0
2006,full_sample,EDU,不知道/拒答,11,0.0018293696989855313,0,0
2006,full_sample,EDU,不識字/自修,491,0.08165641110926326,0,0
2006,full_sample,EDU,國(初)中,1120,0.18626309662398138,0,0
2006,full_sample,EDU,國小,1767,0.2938632961915849,0,0
2006,full_sample,EDU,專科以上,752,0.12506236487610178,0,0
2006,full_sample,EDU,高中職,1872,0.31132546150008317,0,0
2006,full_sample,EXP_ALCOHOL_EXPENDITURE,"1,000-1,999 元",961,0.16972801130342635,351,0.05837352403126559
2006,full_sample,EXP_ALCOHOL_EXPENDITURE,"10,000-14,999 元",2,3.5323207347227127e-4,351,0.05837352403126559
2006,full_sample,EXP_ALCOHOL_EXPENDITURE,"15,000-19,999 元",3,5.298481102084069e-4,351,0.05837352403126559
2006,full_sample,EXP_ALCOHOL_EXPENDITURE,"2,000-2,999 元",1140,0.20134228187919462,351,0.05837352403126559
2006,full_sample,EXP_ALCOHOL_EXPENDITURE,"20,000-29,999 元",4,7.064641469445425e-4,351,0.05837352403126559
2006,full_sample,EXP_ALCOHOL_EXPENDITURE,"3,000-3,999 元",36,0.006358177322500883,351,0.05837352403126559
2006,full_sample,EXP_ALCOHOL_EXPENDITURE,"4,000-4,999 元",217,0.03832567997174143,351,0.05837352403126559
2006,full_sample,EXP_ALCOHOL_EXPENDITURE,"5,000-6,999 元",132,0.023313316849169905,351,0.05837352403126559
2006,full_sample,EXP_ALCOHOL_EXPENDITURE,"7,000-9,999 元",29,0.005121865065347933,351,0.05837352403126559
2006,full_sample,EXP_ALCOHOL_EXPENDITURE,999元及以下,972,0.17167078770752384,351,0.05837352403126559
2006,full_sample,EXP_ALCOHOL_EXPENDITURE,沒有這項支出,2166,0.3825503355704698,351,0.05837352403126559
2006,full_sample,EXP_CARE_EXPENDITURE,"1,000-1,999元",108,0.01796108431731249,0,0
2006,full_sample,EXP_CARE_EXPENDITURE,"10,000-14,999元",29,0.004822883751870947,0,0
2006,full_sample,EXP_CARE_EXPENDITURE,"15,000-19,999元",7,0.0011641443538998836,0,0
2006,full_sample,EXP_CARE_EXPENDITURE,"2,000-2,999元",84,0.013969732246798603,0,0
2006,full_sample,EXP_CARE_EXPENDITURE,"20,000-29,999元",4,6.652253450856477e-4,0,0
2006,full_sample,EXP_CARE_EXPENDITURE,"3,000-3,999元",178,0.029602527856311324,0,0
2006,full_sample,EXP_CARE_EXPENDITURE,"30,000元及以上，請記錄____元",1,1.6630633627141194e-4,0,0
2006,full_sample,EXP_CARE_EXPENDITURE,"4,000-4,999元",63,0.010477299185098952,0,0
2006,full_sample,EXP_CARE_EXPENDITURE,"5,000-6,999元",34,0.005654415433228006,0,0
2006,full_sample,EXP_CARE_EXPENDITURE,"7,000-9,999元",33,0.005488109096956594,0,0
2006,full_sample,EXP_CARE_EXPENDITURE,999元及以下,115,0.01912522867121237,0,0
2006,full_sample,EXP_CARE_EXPENDITURE,不知道/拒答,71,0.011807749875270248,0,0
2006,full_sample,EXP_CARE_EXPENDITURE,沒有這項支出,5286,0.8790952935306835,0,0
2006,full_sample,EXP_CLEANING_EXPENDITURE,"1,000-1,999 元",69,0.011571356699647829,50,0.008315316813570598
2006,full_sample,EXP_CLEANING_EXPENDITURE,"10,000-14,999 元",9,0.0015093073956062384,50,0.008315316813570598
2006,full_sample,EXP_CLEANING_EXPENDITURE,"15,000-19,999 元",4,6.70803286936106e-4,50,0.008315316813570598
2006,full_sample,EXP_CLEANING_EXPENDITURE,"2,000-2,999 元",18,0.003018614791212477,50,0.008315316813570598
2006,full_sample,EXP_CLEANING_EXPENDITURE,"20,000-29,999 元",2,3.35401643468053e-4,50,0.008315316813570598
2006,full_sample,EXP_CLEANING_EXPENDITURE,"3,000-3,999 元",10,0.001677008217340265,50,0.008315316813570598
2006,full_sample,EXP_CLEANING_EXPENDITURE,"30,000 元及以上，請記錄________元",1,1.677008217340265e-4,50,0.008315316813570598
2006,full_sample,EXP_CLEANING_EXPENDITURE,"4,000-4,999 元",10,0.001677008217340265,50,0.008315316813570598
2006,full_sample,EXP_CLEANING_EXPENDITURE,"5,000-6,999 元",1,1.677008217340265e-4,50,0.008315316813570598
2006,full_sample,EXP_CLEANING_EXPENDITURE,"7,000-9,999 元",11,0.0018447090390742915,50,0.008315316813570598
2006,full_sample,EXP_CLEANING_EXPENDITURE,999 元及以下,166,0.0278383364078484,50,0.008315316813570598
2006,full_sample,EXP_CLEANING_EXPENDITURE,沒有這項支出,5662,0.949522052658058,50,0.008315316813570598
2006,full_sample,EXP_CLOTHING_EXPENDITURE,"1,000-1,999元",874,0.14535173790121403,0,0
2006,full_sample,EXP_CLOTHING_EXPENDITURE,"10,000-14,999元",1,1.6630633627141194e-4,0,0
2006,full_sample,EXP_CLOTHING_EXPENDITURE,"15,000-19,999元",3,4.989190088142358e-4,0,0
2006,full_sample,EXP_CLOTHING_EXPENDITURE,"2,000-2,999元",472,0.07849659072010644,0,0
2006,full_sample,EXP_CLOTHING_EXPENDITURE,"3,000-3,999元",406,0.06752037252619325,0,0
2006,full_sample,EXP_CLOTHING_EXPENDITURE,"4,000-4,999元",113,0.01879261599866955,0,0
2006,full_sample,EXP_CLOTHING_EXPENDITURE,"5,000-6,999元",18,0.002993514052885415,0,0
2006,full_sample,EXP_CLOTHING_EXPENDITURE,"7,000-9,999元",38,0.006319640778313654,0,0
2006,full_sample,EXP_CLOTHING_EXPENDITURE,999元及以下,2056,0.34192582737402294,0,0
2006,full_sample,EXP_CLOTHING_EXPENDITURE,不知道/拒答,404,0.06718775985365043,0,0
2006,full_sample,EXP_CLOTHING_EXPENDITURE,沒有這項支出,1628,0.2707467154498586,0,0
2006,full_sample,EXP_EDU_BOOKS_COMBINED_EXPENDITURE,"1,000-1,999元",506,0.08415100615333444,0,0
2006,full_sample,EXP_EDU_BOOKS_COMBINED_EXPENDITURE,"10,000-14,999元",59,0.009812073840013305,0,0
2006,full_sample,EXP_EDU_BOOKS_COMBINED_EXPENDITURE,100000,1,1.6630633627141194e-4,0,0
2006,full_sample,EXP_EDU_BOOKS_COMBINED_EXPENDITURE,"15,000-19,999元",27,0.004490271079328123,0,0
2006,full_sample,EXP_EDU_BOOKS_COMBINED_EXPENDITURE,"2,000-2,999元",389,0.06469316480957925,0,0
2006,full_sample,EXP_EDU_BOOKS_COMBINED_EXPENDITURE,"20,000-29,999元",9,0.0014967570264427074,0,0
2006,full_sample,EXP_EDU_BOOKS_COMBINED_EXPENDITURE,"3,000-3,999元",286,0.047563612173623815,0,0
2006,full_sample,EXP_EDU_BOOKS_COMBINED_EXPENDITURE,"30,000元及以上，請記錄____元",3,4.989190088142358e-4,0,0
2006,full_sample,EXP_EDU_BOOKS_COMBINED_EXPENDITURE,34166,1,1.6630633627141194e-4,0,0
2006,full_sample,EXP_EDU_BOOKS_COMBINED_EXPENDITURE,35000,1,1.6630633627141194e-4,0,0
2006,full_sample,EXP_EDU_BOOKS_COMBINED_EXPENDITURE,"4,000-4,999元",198,0.03292865458173956,0,0
2006,full_sample,EXP_EDU_BOOKS_COMBINED_EXPENDITURE,"5,000-6,999元",361,0.06003658739397971,0,0
2006,full_sample,EXP_EDU_BOOKS_COMBINED_EXPENDITURE,"7,000-9,999元",426,0.07084649925162148,0,0
2006,full_sample,EXP_EDU_BOOKS_COMBINED_EXPENDITURE,999元及以下,614,0.10211209047064693,0,0
2006,full_sample,EXP_EDU_BOOKS_COMBINED_EXPENDITURE,不知道/拒答,268,0.0445700981207384,0,0
2006,full_sample,EXP_EDU_BOOKS_COMBINED_EXPENDITURE,沒有這項支出,2864,0.4763013470813238,0,0
2006,full_sample,EXP_FOOD_EXPENDITURE,"10,000-14,999元",1012,0.1894776259127504,672,0.11175785797438882
2006,full_sample,EXP_FOOD_EXPENDITURE,"15,000-19,999 元",501,0.09380265867815016,672,0.11175785797438882
2006,full_sample,EXP_FOOD_EXPENDITURE,"2,999 元及以下",709,0.1327466766523123,672,0.11175785797438882
2006,full_sample,EXP_FOOD_EXPENDITURE,"20,000-29,999 元",340,0.0636584909193035,672,0.11175785797438882
2006,full_sample,EXP_FOOD_EXPENDITURE,"3,000-4,999 元",956,0.17899269799662984,672,0.11175785797438882
2006,full_sample,EXP_FOOD_EXPENDITURE,"30,000-39,999 元",76,0.014229545029020782,672,0.11175785797438882
2006,full_sample,EXP_FOOD_EXPENDITURE,"40,000-49,999 元",7,0.001310615989515072,672,0.11175785797438882
2006,full_sample,EXP_FOOD_EXPENDITURE,"5,000-9,999 元",1659,0.3106159895150721,672,0.11175785797438882
2006,full_sample,EXP_FOOD_EXPENDITURE,"50,000-59,999 元",5,9.361542782250515e-4,672,0.11175785797438882
2006,full_sample,EXP_FOOD_EXPENDITURE,"60,000-69,999 元",1,1.872308556450103e-4,672,0.11175785797438882
2006,full_sample,EXP_FOOD_EXPENDITURE,沒有這項支出,75,0.014042314173375772,672,0.11175785797438882
2006,full_sample,EXP_FURNITURE_EXPENDITURE,"1,000-1,999元",442,0.07350740063196408,0,0
2006,full_sample,EXP_FURNITURE_EXPENDITURE,"10,000-14,999元",4,6.652253450856477e-4,0,0
2006,full_sample,EXP_FURNITURE_EXPENDITURE,"15,000-19,999元",1,1.6630633627141194e-4,0,0
2006,full_sample,EXP_FURNITURE_EXPENDITURE,"2,000-2,999元",181,0.030101446865125562,0,0
2006,full_sample,EXP_FURNITURE_EXPENDITURE,"20,000-29,999元",5,8.315316813570597e-4,0,0
2006,full_sample,EXP_FURNITURE_EXPENDITURE,"3,000-3,999元",104,0.01729585897222684,0,0
2006,full_sample,EXP_FURNITURE_EXPENDITURE,33000,1,1.6630633627141194e-4,0,0
2006,full_sample,EXP_FURNITURE_EXPENDITURE,"4,000-4,999元",92,0.015300182936969898,0,0
2006,full_sample,EXP_FURNITURE_EXPENDITURE,"5,000-6,999元",19,0.003159820389156827,0,0
2006,full_sample,EXP_FURNITURE_EXPENDITURE,"7,000-9,999元",26,0.00432396474305671,0,0
2006,full_sample,EXP_FURNITURE_EXPENDITURE,999元及以下,943,0.15682687510394147,0,0
2006,full_sample,EXP_FURNITURE_EXPENDITURE,不知道/拒答,323,0.053716946615666054,0,0
2006,full_sample,EXP_FURNITURE_EXPENDITURE,沒有這項支出,3872,0.643938134042907,0,0
2006,full_sample,EXP_HOUSING_UTIL_EXPENDITURE,"10,000-14,999 元",379,0.06766648812712016,412,0.06851821054382172
2006,full_sample,EXP_HOUSING_UTIL_EXPENDITURE,"15,000-19,999 元",101,0.01803249419746474,412,0.06851821054382172
2006,full_sample,EXP_HOUSING_UTIL_EXPENDITURE,"20,000-29,999 元",73,0.013033386895197287,412,0.06851821054382172
2006,full_sample,EXP_HOUSING_UTIL_EXPENDITURE,"3,000-4,999 元",1293,0.23085163363685057,412,0.06851821054382172
2006,full_sample,EXP_HOUSING_UTIL_EXPENDITURE,"30,000-39,999 元",9,0.0016068559185859668,412,0.06851821054382172
2006,full_sample,EXP_HOUSING_UTIL_EXPENDITURE,"40,000-49,999 元",4,7.141581860382074e-4,412,0.06851821054382172
2006,full_sample,EXP_HOUSING_UTIL_EXPENDITURE,"5,000-9,999 元",893,0.1594358150330298,412,0.06851821054382172
2006,full_sample,EXP_HOUSING_UTIL_EXPENDITURE,"50,000-59,999 元",2,3.570790930191037e-4,412,0.06851821054382172
2006,full_sample,EXP_HOUSING_UTIL_EXPENDITURE,999 元及以下,2796,0.499196572040707,412,0.06851821054382172
2006,full_sample,EXP_HOUSING_UTIL_EXPENDITURE,沒有這項支出,51,0.009105516871987145,412,0.06851821054382172
2006,full_sample,EXP_LOAN_INTEREST_EXPENDITURE,"1,000-1,999元",37,0.006153334442042242,0,0
2006,full_sample,EXP_LOAN_INTEREST_EXPENDITURE,"10,000-14,999元",341,0.05671046066855147,0,0
2006,full_sample,EXP_LOAN_INTEREST_EXPENDITURE,"15,000-19,999元",158,0.026276401130883087,0,0
2006,full_sample,EXP_LOAN_INTEREST_EXPENDITURE,"2,000-2,999元",134,0.0222850490603692,0,0
2006,full_sample,EXP_LOAN_INTEREST_EXPENDITURE,"20,000-29,999元",127,0.021120904706469316,0,0
2006,full_sample,EXP_LOAN_INTEREST_EXPENDITURE,"3,000-3,999元",225,0.037418925661067685,0,0
2006,full_sample,EXP_LOAN_INTEREST_EXPENDITURE,"30,000元及以上，請記錄____元",8,0.0013304506901712955,0,0
2006,full_sample,EXP_LOAN_INTEREST_EXPENDITURE,30000,4,6.652253450856477e-4,0,0
2006,full_sample,EXP_LOAN_INTEREST_EXPENDITURE,"4,000-4,999元",105,0.017462165308498253,0,0
2006,full_sample,EXP_LOAN_INTEREST_EXPENDITURE,"5,000-6,999元",186,0.03093297854648262,0,0
2006,full_sample,EXP_LOAN_INTEREST_EXPENDITURE,"7,000-9,999元",854,0.1420256111757858,0,0
2006,full_sample,EXP_LOAN_INTEREST_EXPENDITURE,999元及以下,39,0.006485947114585066,0,0
2006,full_sample,EXP_LOAN_INTEREST_EXPENDITURE,不知道/拒答,206,0.03425910527191086,0,0
2006,full_sample,EXP_LOAN_INTEREST_EXPENDITURE,沒有這項支出,3589,0.5968734408780975,0,0
2006,full_sample,EXP_MEDICAL_EXPENDITURE,"1,000-1,999 元",911,0.17247254827716774,731,0.12156993181440214
2006,full_sample,EXP_MEDICAL_EXPENDITURE,"10,000-14,999 元",174,0.03294206739871261,731,0.12156993181440214
2006,full_sample,EXP_MEDICAL_EXPENDITURE,"15,000-19,999 元",41,0.007762211283604695,731,0.12156993181440214
2006,full_sample,EXP_MEDICAL_EXPENDITURE,"2,000-2,999 元",601,0.11378265808405907,731,0.12156993181440214
2006,full_sample,EXP_MEDICAL_EXPENDITURE,"20,000-29,999 元",23,0.004354411207875805,731,0.12156993181440214
2006,full_sample,EXP_MEDICAL_EXPENDITURE,"3,000-3,999 元",366,0.0692919348731541,731,0.12156993181440214
2006,full_sample,EXP_MEDICAL_EXPENDITURE,"30,000 元及以上，請記錄________元",7,0.0013252555850056798,731,0.12156993181440214
2006,full_sample,EXP_MEDICAL_EXPENDITURE,"4,000-4,999 元",210,0.03975766755017039,731,0.12156993181440214
2006,full_sample,EXP_MEDICAL_EXPENDITURE,"5,000-6,999 元",341,0.06455887921241954,731,0.12156993181440214
2006,full_sample,EXP_MEDICAL_EXPENDITURE,"7,000-9,999 元",335,0.06342294585384324,731,0.12156993181440214
2006,full_sample,EXP_MEDICAL_EXPENDITURE,999元及以下,1829,0.34627035213934115,731,0.12156993181440214
2006,full_sample,EXP_MEDICAL_EXPENDITURE,沒有這項支出,444,0.08405906853464597,731,0.12156993181440214
2006,full_sample,EXP_OTHER_EXPENDITURE,"1,000-1,999元",556,0.09246632296690505,0,0
2006,full_sample,EXP_OTHER_EXPENDITURE,"10,000-14,999元",8,0.0013304506901712955,0,0
2006,full_sample,EXP_OTHER_EXPENDITURE,"15,000-19,999元",1,1.6630633627141194e-4,0,0
2006,full_sample,EXP_OTHER_EXPENDITURE,"2,000-2,999元",285,0.0473973058373524,0,0
2006,full_sample,EXP_OTHER_EXPENDITURE,"20,000-29,999元",1,1.6630633627141194e-4,0,0
2006,full_sample,EXP_OTHER_EXPENDITURE,"3,000-3,999元",83,0.013803425910527191,0,0
2006,full_sample,EXP_OTHER_EXPENDITURE,"4,000-4,999元",47,0.007816397804756361,0,0
2006,full_sample,EXP_OTHER_EXPENDITURE,"5,000-6,999元",30,0.004989190088142358,0,0
2006,full_sample,EXP_OTHER_EXPENDITURE,"7,000-9,999元",12,0.0019956760352569432,0,0
2006,full_sample,EXP_OTHER_EXPENDITURE,999元及以下,1067,0.17744886080159655,0,0
2006,full_sample,EXP_OTHER_EXPENDITURE,不知道/拒答,168,0.027939464493597205,0,0
2006,full_sample,EXP_OTHER_EXPENDITURE,沒有這項支出,3755,0.6244802926991518,0,0
2006,full_sample,EXP_TAX_INS_GIFT_EXPENDITURE,"1,000-1,999元",730,0.1524008350730689,1223,0.2033926492599368
2006,full_sample,EXP_TAX_INS_GIFT_EXPENDITURE,"10,000-14,999 元",19,0.003966597077244259,1223,0.2033926492599368
2006,full_sample,EXP_TAX_INS_GIFT_EXPENDITURE,"15,000-19,999 元",3,6.263048016701461e-4,1223,0.2033926492599368
2006,full_sample,EXP_TAX_INS_GIFT_EXPENDITURE,"2,000-2,999 元",866,0.18079331941544885,1223,0.2033926492599368
2006,full_sample,EXP_TAX_INS_GIFT_EXPENDITURE,"20,000-29,999 元",1,2.0876826722338206e-4,1223,0.2033926492599368
2006,full_sample,EXP_TAX_INS_GIFT_EXPENDITURE,"3,000-3,999 元",731,0.15260960334029228,1223,0.2033926492599368
2006,full_sample,EXP_TAX_INS_GIFT_EXPENDITURE,"4,000-4,999 元",532,0.11106471816283925,1223,0.2033926492599368
2006,full_sample,EXP_TAX_INS_GIFT_EXPENDITURE,"5,000-6,999 元",804,0.16784968684759916,1223,0.2033926492599368
2006,full_sample,EXP_TAX_INS_GIFT_EXPENDITURE,"7,000-9,999 元",403,0.08413361169102296,1223,0.2033926492599368
2006,full_sample,EXP_TAX_INS_GIFT_EXPENDITURE,999 元及以下,537,0.11210855949895616,1223,0.2033926492599368
2006,full_sample,EXP_TAX_INS_GIFT_EXPENDITURE,沒有這項支出,164,0.03423799582463465,1223,0.2033926492599368
2006,full_sample,EXP_TRANSPORT_COMM_EXPENDITURE,"1,000-1,999 元",775,0.14322676030308631,602,0.10011641443538999
2006,full_sample,EXP_TRANSPORT_COMM_EXPENDITURE,"10,000-14,999 元",415,0.07669562003326558,602,0.10011641443538999
2006,full_sample,EXP_TRANSPORT_COMM_EXPENDITURE,"15,000-19,999 元",130,0.024025133986324155,602,0.10011641443538999
2006,full_sample,EXP_TRANSPORT_COMM_EXPENDITURE,"2,000-2,999 元",764,0.14119386435039735,602,0.10011641443538999
2006,full_sample,EXP_TRANSPORT_COMM_EXPENDITURE,"20,000-29,999 元",11,0.002032895952688967,602,0.10011641443538999
2006,full_sample,EXP_TRANSPORT_COMM_EXPENDITURE,"3,000-3,999 元",618,0.11421179079652559,602,0.10011641443538999
2006,full_sample,EXP_TRANSPORT_COMM_EXPENDITURE,"30,000 元及以上，請記錄________元",2,3.6961744594344855e-4,602,0.10011641443538999
2006,full_sample,EXP_TRANSPORT_COMM_EXPENDITURE,"4,000-4,999 元",470,0.0868600997967104,602,0.10011641443538999
2006,full_sample,EXP_TRANSPORT_COMM_EXPENDITURE,"5,000-6,999 元",899,0.1661430419515801,602,0.10011641443538999
2006,full_sample,EXP_TRANSPORT_COMM_EXPENDITURE,"7,000-9,999 元",516,0.09536130105340972,602,0.10011641443538999
2006,full_sample,EXP_TRANSPORT_COMM_EXPENDITURE,999 元及以下,769,0.14211790796525595,602,0.10011641443538999
2006,full_sample,EXP_TRANSPORT_COMM_EXPENDITURE,沒有這項支出,42,0.007761966364812419,602,0.10011641443538999
2006,full_sample,EXP_TRAVEL_EXPENDITURE,"1,000-1,999元",243,0.0404124397139531,0,0
2006,full_sample,EXP_TRAVEL_EXPENDITURE,"10,000-14,999元",14,0.002328288707799767,0,0
2006,full_sample,EXP_TRAVEL_EXPENDITURE,"15,000-19,999元",7,0.0011641443538998836,0,0
2006,full_sample,EXP_TRAVEL_EXPENDITURE,"2,000-2,999元",168,0.027939464493597205,0,0
2006,full_sample,EXP_TRAVEL_EXPENDITURE,"20,000-29,999元",7,0.0011641443538998836,0,0
2006,full_sample,EXP_TRAVEL_EXPENDITURE,"3,000-3,999元",72,0.01197405621154166,0,0
2006,full_sample,EXP_TRAVEL_EXPENDITURE,"4,000-4,999元",99,0.01646432729086978,0,0
2006,full_sample,EXP_TRAVEL_EXPENDITURE,"5,000-6,999元",115,0.01912522867121237,0,0
2006,full_sample,EXP_TRAVEL_EXPENDITURE,50000,2,3.326126725428239e-4,0,0
2006,full_sample,EXP_TRAVEL_EXPENDITURE,60000,1,1.6630633627141194e-4,0,0
2006,full_sample,EXP_TRAVEL_EXPENDITURE,"7,000-9,999元",11,0.0018293696989855313,0,0
2006,full_sample,EXP_TRAVEL_EXPENDITURE,999元及以下,361,0.06003658739397971,0,0
2006,full_sample,EXP_TRAVEL_EXPENDITURE,不知道/拒答,82,0.01363711957425578,0,0
2006,full_sample,EXP_TRAVEL_EXPENDITURE,沒有這項支出,4831,0.803425910527191,0,0
2006,full_sample,HAS_INDI_55PLUS,FALSE,2925,0.48693191276843684,6,9.978380176284716e-4
2006,full_sample,HAS_INDI_55PLUS,TRUE,3082,0.5130680872315632,6,9.978380176284716e-4
2006,full_sample,HAS_INDI_65PLUS,FALSE,4116,0.6849725411882177,4,6.652253450856477e-4
2006,full_sample,HAS_INDI_65PLUS,TRUE,1893,0.31502745881178235,4,6.652253450856477e-4
2006,full_sample,HOUSE_BELONG,借用,265,0.044151949350216595,11,0.0018293696989855313
2006,full_sample,HOUSE_BELONG,租賃,852,0.14195268243918693,11,0.0018293696989855313
2006,full_sample,HOUSE_BELONG,自有/家人所有/自建,4797,0.7992335888037321,11,0.0018293696989855313
2006,full_sample,HOUSE_BELONG,配住,88,0.014661779406864379,11,0.0018293696989855313
2006,full_sample,INC_FAM_GOV_INCOME,"1,000-1,999 元",52,0.008956252152945229,207,0.03442541160818227
2006,full_sample,INC_FAM_GOV_INCOME,"10,000-14,999 元",166,0.028591112642094386,207,0.03442541160818227
2006,full_sample,INC_FAM_GOV_INCOME,"15,000-19,999 元",34,0.0058560110230795725,207,0.03442541160818227
2006,full_sample,INC_FAM_GOV_INCOME,"2,000-3,999 元",1022,0.17602480192903894,207,0.03442541160818227
2006,full_sample,INC_FAM_GOV_INCOME,"20,000-29,999 元",22,0.0037891836031691355,207,0.03442541160818227
2006,full_sample,INC_FAM_GOV_INCOME,"30,000 元及以上，請記錄________元",8,0.0013778849466069584,207,0.03442541160818227
2006,full_sample,INC_FAM_GOV_INCOME,"4,000-5,999元",425,0.07320013778849466,207,0.03442541160818227
2006,full_sample,INC_FAM_GOV_INCOME,"6,000-7,999 元",359,0.061832586978987254,207,0.03442541160818227
2006,full_sample,INC_FAM_GOV_INCOME,"8,000-9,999 元",112,0.019290389252497417,207,0.03442541160818227
2006,full_sample,INC_FAM_GOV_INCOME,999 元及以下,51,0.00878401653461936,207,0.03442541160818227
2006,full_sample,INC_FAM_GOV_INCOME,沒有這項收入,3555,0.6122976231484671,207,0.03442541160818227
2006,full_sample,INC_FAM_INTEREST_INCOME,"10,000-14,999 元",30,0.005126452494873548,161,0.02677532013969732
2006,full_sample,INC_FAM_INTEREST_INCOME,"15,000-19,999 元",19,0.003246753246753247,161,0.02677532013969732
2006,full_sample,INC_FAM_INTEREST_INCOME,"20,000-29,999 元",16,0.002734107997265892,161,0.02677532013969732
2006,full_sample,INC_FAM_INTEREST_INCOME,"30,000 元及以上，請記錄________元",14,0.0023923444976076554,161,0.02677532013969732
2006,full_sample,INC_FAM_INTEREST_INCOME,"4,999元及以下",105,0.017942583732057416,161,0.02677532013969732
2006,full_sample,INC_FAM_INTEREST_INCOME,"5,000-9,999元",80,0.01367053998632946,161,0.02677532013969732
2006,full_sample,INC_FAM_INTEREST_INCOME,沒有這項收入,5588,0.9548872180451128,161,0.02677532013969732
2006,full_sample,INC_FAM_OTHER_INCOME,"10,000-14,999元",96,0.015965408282055546,0,0
2006,full_sample,INC_FAM_OTHER_INCOME,"15,000-19,999元",84,0.013969732246798603,0,0
2006,full_sample,INC_FAM_OTHER_INCOME,"20,000-24,999元",34,0.005654415433228006,0,0
2006,full_sample,INC_FAM_OTHER_INCOME,"25,000-29,999元",15,0.002494595044071179,0,0
2006,full_sample,INC_FAM_OTHER_INCOME,"30,000-39,999元",6,9.978380176284716e-4,0,0
2006,full_sample,INC_FAM_OTHER_INCOME,"4,999元及以下",353,0.05870613670380841,0,0
2006,full_sample,INC_FAM_OTHER_INCOME,"40,000-49,999元",2,3.326126725428239e-4,0,0
2006,full_sample,INC_FAM_OTHER_INCOME,"5,000-9,999元",173,0.028770996174954266,0,0
2006,full_sample,INC_FAM_OTHER_INCOME,"50,000-59,999元",2,3.326126725428239e-4,0,0
2006,full_sample,INC_FAM_OTHER_INCOME,不知道/拒答,105,0.017462165308498253,0,0
2006,full_sample,INC_FAM_OTHER_INCOME,沒有這項收入,5143,0.8553134874438716,0,0
2006,full_sample,INC_FAM_RENT_INCOME,"10,000-14,999 元",21,0.0035419126328217238,84,0.013969732246798603
2006,full_sample,INC_FAM_RENT_INCOME,"15,000-19,999 元",17,0.0028672626075223477,84,0.013969732246798603
2006,full_sample,INC_FAM_RENT_INCOME,"20,000-24,999 元",7,0.0011806375442739079,84,0.013969732246798603
2006,full_sample,INC_FAM_RENT_INCOME,"25,000-29,999 元",9,0.0015179625569235959,84,0.013969732246798603
2006,full_sample,INC_FAM_RENT_INCOME,"4,999 元及以下",62,0.010457075392140327,84,0.013969732246798603
2006,full_sample,INC_FAM_RENT_INCOME,"5,000-9,999 元",41,0.0069151627593186035,84,0.013969732246798603
2006,full_sample,INC_FAM_RENT_INCOME,"80,000 元及以上，請記錄_________________元",1,1.6866250632484398e-4,84,0.013969732246798603
2006,full_sample,INC_FAM_RENT_INCOME,沒有這項收入,5771,0.9733513240006747,84,0.013969732246798603
2006,full_sample,INC_FAM_WORK_INCOME,"10,000-19,999 元",763,0.1469568567026194,821,0.1365375020788292
2006,full_sample,INC_FAM_WORK_INCOME,"100,000-129,999元",132,0.025423728813559324,821,0.1365375020788292
2006,full_sample,INC_FAM_WORK_INCOME,"130,000-159,999元",52,0.010015408320493066,821,0.1365375020788292
2006,full_sample,INC_FAM_WORK_INCOME,"140,000元及以上，請記錄 元",69,0.013289676425269646,821,0.1365375020788292
2006,full_sample,INC_FAM_WORK_INCOME,"20,000-29,999 元",761,0.14657164869029277,821,0.1365375020788292
2006,full_sample,INC_FAM_WORK_INCOME,"30,000-39,999 元",685,0.1319337442218798,821,0.1365375020788292
2006,full_sample,INC_FAM_WORK_INCOME,"40,000-49,999 元",345,0.06644838212634822,821,0.1365375020788292
2006,full_sample,INC_FAM_WORK_INCOME,"50,000-59,999 元",445,0.08570878274268105,821,0.1365375020788292
2006,full_sample,INC_FAM_WORK_INCOME,"60,000-69,999 元",286,0.05508474576271186,821,0.1365375020788292
2006,full_sample,INC_FAM_WORK_INCOME,"70,000-79,999 元",197,0.03794298921417565,821,0.1365375020788292
2006,full_sample,INC_FAM_WORK_INCOME,"80,000-89,999 元",124,0.023882896764252697,821,0.1365375020788292
2006,full_sample,INC_FAM_WORK_INCOME,"9,999 元及以下",620,0.11941448382126348,821,0.1365375020788292
2006,full_sample,INC_FAM_WORK_INCOME,"90,000-99,999 元",100,0.01926040061633282,821,0.1365375020788292
2006,full_sample,INC_FAM_WORK_INCOME,沒有這項收入,613,0.11806625577812019,821,0.1365375020788292
2006,full_sample,INC_PERS_GOV_INCOME,"1,000-1,999 元",36,0.006060606060606061,73,0.012140362547813071
2006,full_sample,INC_PERS_GOV_INCOME,"10,000-14,999 元",46,0.007744107744107744,73,0.012140362547813071
2006,full_sample,INC_PERS_GOV_INCOME,"15,000-19,999 元",14,0.0023569023569023568,73,0.012140362547813071
2006,full_sample,INC_PERS_GOV_INCOME,"2,000-3,999 元",960,0.16161616161616163,73,0.012140362547813071
2006,full_sample,INC_PERS_GOV_INCOME,"20,000-29,999 元",11,0.001851851851851852,73,0.012140362547813071
2006,full_sample,INC_PERS_GOV_INCOME,"30,000 元及以上，請記錄________元",1,1.6835016835016836e-4,73,0.012140362547813071
2006,full_sample,INC_PERS_GOV_INCOME,"4,000-5,999元",352,0.05925925925925926,73,0.012140362547813071
2006,full_sample,INC_PERS_GOV_INCOME,"6,000-7,999 元",85,0.01430976430976431,73,0.012140362547813071
2006,full_sample,INC_PERS_GOV_INCOME,"8,000-9,999 元",26,0.004377104377104377,73,0.012140362547813071
2006,full_sample,INC_PERS_GOV_INCOME,999 元及以下,26,0.004377104377104377,73,0.012140362547813071
2006,full_sample,INC_PERS_GOV_INCOME,沒有這項收入,4383,0.7378787878787879,73,0.012140362547813071
2006,full_sample,INC_PERS_INTEREST_INCOME,"10,000-14,999 元",55,0.009232835319791842,56,0.009313154831199068
2006,full_sample,INC_PERS_INTEREST_INCOME,"15,000-19,999 元",6,0.0010072183985227463,56,0.009313154831199068
2006,full_sample,INC_PERS_INTEREST_INCOME,"20,000-29,999 元",13,0.0021823065301326172,56,0.009313154831199068
2006,full_sample,INC_PERS_INTEREST_INCOME,"30,000 元及以上，請記錄________元",13,0.0021823065301326172,56,0.009313154831199068
2006,full_sample,INC_PERS_INTEREST_INCOME,"4,999元及以下",94,0.015779754910189694,56,0.009313154831199068
2006,full_sample,INC_PERS_INTEREST_INCOME,"5,000-9,999元",42,0.007050528789659225,56,0.009313154831199068
2006,full_sample,INC_PERS_INTEREST_INCOME,沒有這項收入,5734,0.9625650495215713,56,0.009313154831199068
2006,full_sample,INC_PERS_OTHER_INCOME,"10,000-14,999 元",86,0.014422270669126278,50,0.008315316813570598
2006,full_sample,INC_PERS_OTHER_INCOME,"15,000-19,999 元",33,0.0055341271172228744,50,0.008315316813570598
2006,full_sample,INC_PERS_OTHER_INCOME,"20,000-24,999 元",29,0.004863323830286768,50,0.008315316813570598
2006,full_sample,INC_PERS_OTHER_INCOME,"25,000-29,999 元",12,0.002012409860808318,50,0.008315316813570598
2006,full_sample,INC_PERS_OTHER_INCOME,"30,000-39,999 元",12,0.002012409860808318,50,0.008315316813570598
2006,full_sample,INC_PERS_OTHER_INCOME,"4,999 元及以下",326,0.05467046788529264,50,0.008315316813570598
2006,full_sample,INC_PERS_OTHER_INCOME,"40,000-49,999 元",10,0.001677008217340265,50,0.008315316813570598
2006,full_sample,INC_PERS_OTHER_INCOME,"5,000-9,999 元",159,0.026664430655710215,50,0.008315316813570598
2006,full_sample,INC_PERS_OTHER_INCOME,"50,000-59,999 元",5,8.385041086701325e-4,50,0.008315316813570598
2006,full_sample,INC_PERS_OTHER_INCOME,"60,000-69,999 元",1,1.677008217340265e-4,50,0.008315316813570598
2006,full_sample,INC_PERS_OTHER_INCOME,"70,000-79,999 元",1,1.677008217340265e-4,50,0.008315316813570598
2006,full_sample,INC_PERS_OTHER_INCOME,"80,000 元及以上，請記錄_________________元",5,8.385041086701325e-4,50,0.008315316813570598
2006,full_sample,INC_PERS_OTHER_INCOME,沒有這項收入,5284,0.886131142042596,50,0.008315316813570598
2006,full_sample,INC_PERS_RENT_INCOME,"10,000-14,999 元",13,0.0021768251841929004,41,0.00681855978712789
2006,full_sample,INC_PERS_RENT_INCOME,"15,000-19,999 元",8,0.0013395847287340924,41,0.00681855978712789
2006,full_sample,INC_PERS_RENT_INCOME,"20,000-24,999 元",6,0.0010046885465505692,41,0.00681855978712789
2006,full_sample,INC_PERS_RENT_INCOME,"25,000-29,999 元",3,5.023442732752846e-4,41,0.00681855978712789
2006,full_sample,INC_PERS_RENT_INCOME,"30,000-39,999 元",2,3.348961821835231e-4,41,0.00681855978712789
2006,full_sample,INC_PERS_RENT_INCOME,"4,999 元及以下",48,0.008037508372404554,41,0.00681855978712789
2006,full_sample,INC_PERS_RENT_INCOME,"40,000-49,999 元",3,5.023442732752846e-4,41,0.00681855978712789
2006,full_sample,INC_PERS_RENT_INCOME,"5,000-9,999 元",32,0.0053583389149363695,41,0.00681855978712789
2006,full_sample,INC_PERS_RENT_INCOME,"50,000-59,999 元",1,1.6744809109176155e-4,41,0.00681855978712789
2006,full_sample,INC_PERS_RENT_INCOME,"60,000-69,999 元",1,1.6744809109176155e-4,41,0.00681855978712789
2006,full_sample,INC_PERS_RENT_INCOME,沒有這項收入,5855,0.980408573342264,41,0.00681855978712789
2006,full_sample,INC_PERS_WORK_INCOME,"10,000-19,999元",1048,0.18200764154220214,255,0.042408115749210044
2006,full_sample,INC_PERS_WORK_INCOME,"100,000-129,999元",16,0.0027787426189649182,255,0.042408115749210044
2006,full_sample,INC_PERS_WORK_INCOME,"130,000-159,999元",2,3.473428273706148e-4,255,0.042408115749210044
2006,full_sample,INC_PERS_WORK_INCOME,"140,000元及以上，請記錄 元",6,0.0010420284821118443,255,0.042408115749210044
2006,full_sample,INC_PERS_WORK_INCOME,150000,1,1.736714136853074e-4,255,0.042408115749210044
2006,full_sample,INC_PERS_WORK_INCOME,"20,000-29,999 元",881,0.1530045154567558,255,0.042408115749210044
2006,full_sample,INC_PERS_WORK_INCOME,"30,000-39,999 元",575,0.09986106286905175,255,0.042408115749210044
2006,full_sample,INC_PERS_WORK_INCOME,"40,000-49,999 元",210,0.03647099687391455,255,0.042408115749210044
2006,full_sample,INC_PERS_WORK_INCOME,"50,000-59,999 元",196,0.03403959708232025,255,0.042408115749210044
2006,full_sample,INC_PERS_WORK_INCOME,"60,000-69,999 元",110,0.019103855505383814,255,0.042408115749210044
2006,full_sample,INC_PERS_WORK_INCOME,"70,000-79,999 元",44,0.007641542202153525,255,0.042408115749210044
2006,full_sample,INC_PERS_WORK_INCOME,"80,000-89,999 元",22,0.0038207711010767626,255,0.042408115749210044
2006,full_sample,INC_PERS_WORK_INCOME,"9,999 元及以下",830,0.14414727335880514,255,0.042408115749210044
2006,full_sample,INC_PERS_WORK_INCOME,"90,000-99,999 元",9,0.0015630427231677665,255,0.042408115749210044
2006,full_sample,INC_PERS_WORK_INCOME,沒有這項收入,1808,0.3139979159430358,255,0.042408115749210044
2006,full_sample,MALE,男性,2468,0.4104440379178447,0,0
2006,full_sample,MALE,非男性,3545,0.5895559620821553,0,0
2006,full_sample,RACE,其他,6,9.978380176284716e-4,0,0
2006,full_sample,RACE,卑南族,183,0.030434059537668385,0,0
2006,full_sample,RACE,噶瑪蘭族,14,0.002328288707799767,0,0
2006,full_sample,RACE,太魯閣族,248,0.041243971395310164,0,0
2006,full_sample,RACE,布農族,834,0.13869948445035757,0,0
2006,full_sample,RACE,拒答,27,0.004490271079328123,0,0
2006,full_sample,RACE,排灣族,1322,0.21985697655080658,0,0
2006,full_sample,RACE,撒奇萊雅族,4,6.652253450856477e-4,0,0
2006,full_sample,RACE,泰雅族,1096,0.18227174455346748,0,0
2006,full_sample,RACE,賽夏族,82,0.01363711957425578,0,0
2006,full_sample,RACE,賽德克族,14,0.002328288707799767,0,0
2006,full_sample,RACE,邵族,20,0.0033261267254282387,0,0
2006,full_sample,RACE,鄒族,70,0.011641443538998836,0,0
2006,full_sample,RACE,阿美族,1841,0.3061699650756694,0,0
2006,full_sample,RACE,雅美族/達悟族,64,0.010643605521370364,0,0
2006,full_sample,RACE,魯凱族,188,0.031265591219025446,0,0
2006,full_sample,RENT,"1,000-2,999元",60,0.009978380176284716,0,0
2006,full_sample,RENT,"10,000-19,999元",175,0.02910360884749709,0,0
2006,full_sample,RENT,"20,000元以上",22,0.0036587393979710626,0,0
2006,full_sample,RENT,"3,000-4,999元",162,0.026941626475968733,0,0
2006,full_sample,RENT,"5,000-6,999元",237,0.03941460169632463,0,0
2006,full_sample,RENT,"7,000-9,999元",215,0.03575586229835357,0,0
2006,full_sample,RENT,不知道/拒答,35,0.005820721769499418,0,0
2006,full_sample,RENT,不需要支付租金,279,0.046399467819723934,0,0
2006,full_sample,RENT,"未滿1,000元",31,0.0051554964244137705,0,0
2006,full_sample,RENT,自有住宅,4797,0.7977714950939631,0,0
2006,full_sample,RESPONDENT_UNIT,phone_respondent,6013,1,0,0
2006,full_sample,RESPONDENT_UNIT_SOURCE,95年電話調查S1/S2：接聽電話受訪者,6013,1,0,0
2010,full_sample,AGE_GROUP,15-19歲,54,0.010744130521289296,1,1.9892580067634773e-4
2010,full_sample,AGE_GROUP,20-29歲,520,0.10346199761241544,1,1.9892580067634773e-4
2010,full_sample,AGE_GROUP,30-39歲,1162,0.23119777158774374,1,1.9892580067634773e-4
2010,full_sample,AGE_GROUP,40-49歲,1393,0.27715877437325903,1,1.9892580067634773e-4
2010,full_sample,AGE_GROUP,50-59歲,1084,0.2156784719458814,1,1.9892580067634773e-4
2010,full_sample,AGE_GROUP,60歲以上,813,0.16175885395941106,1,1.9892580067634773e-4
2010,full_sample,AGE_GROUP_HARMONIZED,15-19歲,54,0.010744130521289296,1,1.9892580067634773e-4
2010,full_sample,AGE_GROUP_HARMONIZED,20-29歲,520,0.10346199761241544,1,1.9892580067634773e-4
2010,full_sample,AGE_GROUP_HARMONIZED,30-39歲,1162,0.23119777158774374,1,1.9892580067634773e-4
2010,full_sample,AGE_GROUP_HARMONIZED,40-49歲,1393,0.27715877437325903,1,1.9892580067634773e-4
2010,full_sample,AGE_GROUP_HARMONIZED,50-59歲,1084,0.2156784719458814,1,1.9892580067634773e-4
2010,full_sample,AGE_GROUP_HARMONIZED,60歲以上,813,0.16175885395941106,1,1.9892580067634773e-4
2010,full_sample,AGE_MEASURE_TYPE,age_group,5027,1,0,0
2010,full_sample,EDU,不識字/自修,242,0.0481592039800995,2,3.9785160135269546e-4
2010,full_sample,EDU,國(初)中,1107,0.22029850746268656,2,3.9785160135269546e-4
2010,full_sample,EDU,國小,1359,0.27044776119402986,2,3.9785160135269546e-4
2010,full_sample,EDU,專科以上,657,0.13074626865671643,2,3.9785160135269546e-4
2010,full_sample,EDU,高中職,1660,0.33034825870646767,2,3.9785160135269546e-4
2010,full_sample,EXP_ALCOHOL_EXPENDITURE,"1,000-1,999 元",917,0.18266932270916333,7,0.0013924806047344342
2010,full_sample,EXP_ALCOHOL_EXPENDITURE,"10,000-14,999 元",34,0.006772908366533864,7,0.0013924806047344342
2010,full_sample,EXP_ALCOHOL_EXPENDITURE,"15,000-19,999 元",8,0.0015936254980079682,7,0.0013924806047344342
2010,full_sample,EXP_ALCOHOL_EXPENDITURE,"2,000-2,999 元",548,0.10916334661354582,7,0.0013924806047344342
2010,full_sample,EXP_ALCOHOL_EXPENDITURE,"20,000-29,999 元",2,3.9840637450199205e-4,7,0.0013924806047344342
2010,full_sample,EXP_ALCOHOL_EXPENDITURE,"3,000-3,999 元",351,0.0699203187250996,7,0.0013924806047344342
2010,full_sample,EXP_ALCOHOL_EXPENDITURE,"30,000 元及以上，請記錄________元",6,0.001195219123505976,7,0.0013924806047344342
2010,full_sample,EXP_ALCOHOL_EXPENDITURE,"4,000-4,999 元",107,0.021314741035856573,7,0.0013924806047344342
2010,full_sample,EXP_ALCOHOL_EXPENDITURE,"5,000-6,999 元",173,0.03446215139442231,7,0.0013924806047344342
2010,full_sample,EXP_ALCOHOL_EXPENDITURE,"7,000-9,999 元",62,0.012350597609561753,7,0.0013924806047344342
2010,full_sample,EXP_ALCOHOL_EXPENDITURE,999 元及以下,1050,0.20916334661354583,7,0.0013924806047344342
2010,full_sample,EXP_ALCOHOL_EXPENDITURE,沒有這項支出,1762,0.35099601593625496,7,0.0013924806047344342
2010,full_sample,EXP_CARE_EXPENDITURE,1000 - 1999元,219,0.04356475034812015,0,0
2010,full_sample,EXP_CARE_EXPENDITURE,10000 - 14999元,52,0.010344141635170081,0,0
2010,full_sample,EXP_CARE_EXPENDITURE,15000 - 19999元,12,0.0023871096081161725,0,0
2010,full_sample,EXP_CARE_EXPENDITURE,2000 - 2999元,170,0.033817386114979114,0,0
2010,full_sample,EXP_CARE_EXPENDITURE,20000 - 29999元,17,0.0033817386114979114,0,0
2010,full_sample,EXP_CARE_EXPENDITURE,3000 - 3999元,102,0.020290431668987467,0,0
2010,full_sample,EXP_CARE_EXPENDITURE,30000 元及以上,8,0.0015914064054107818,0,0
2010,full_sample,EXP_CARE_EXPENDITURE,4000 - 4999元,47,0.009349512631788343,0,0
2010,full_sample,EXP_CARE_EXPENDITURE,5000 - 6999元,82,0.016311915655460512,0,0
2010,full_sample,EXP_CARE_EXPENDITURE,7000 - 9999元,23,0.004575293415555998,0,0
2010,full_sample,EXP_CARE_EXPENDITURE,999 元及以下,156,0.031032424905510246,0,0
2010,full_sample,EXP_CARE_EXPENDITURE,未回答,5,9.946290033817386e-4,0,0
2010,full_sample,EXP_CARE_EXPENDITURE,沒有這項支出,4134,0.8223592599960214,0,0
2010,full_sample,EXP_CLEANING_EXPENDITURE,"1,000-1,999 元",61,0.012151394422310757,7,0.0013924806047344342
2010,full_sample,EXP_CLEANING_EXPENDITURE,"15,000-19,999 元",6,0.001195219123505976,7,0.0013924806047344342
2010,full_sample,EXP_CLEANING_EXPENDITURE,"2,000-2,999 元",23,0.004581673306772908,7,0.0013924806047344342
2010,full_sample,EXP_CLEANING_EXPENDITURE,"20,000-29,999 元",3,5.97609561752988e-4,7,0.0013924806047344342
2010,full_sample,EXP_CLEANING_EXPENDITURE,"3,000-3,999 元",6,0.001195219123505976,7,0.0013924806047344342
2010,full_sample,EXP_CLEANING_EXPENDITURE,"30,000 元及以上，請記錄________元",7,0.0013944223107569722,7,0.0013924806047344342
2010,full_sample,EXP_CLEANING_EXPENDITURE,"4,000-4,999 元",3,5.97609561752988e-4,7,0.0013924806047344342
2010,full_sample,EXP_CLEANING_EXPENDITURE,"5,000-6,999 元",2,3.9840637450199205e-4,7,0.0013924806047344342
2010,full_sample,EXP_CLEANING_EXPENDITURE,999 元及以下,463,0.09223107569721116,7,0.0013924806047344342
2010,full_sample,EXP_CLEANING_EXPENDITURE,沒有這項支出,4446,0.8856573705179283,7,0.0013924806047344342
2010,full_sample,EXP_CLOTHING_EXPENDITURE,1000 - 1999元,882,0.17545255619653868,0,0
2010,full_sample,EXP_CLOTHING_EXPENDITURE,10000 - 14999元,33,0.006564551422319475,0,0
2010,full_sample,EXP_CLOTHING_EXPENDITURE,15000 - 19999元,10,0.001989258006763477,0,0
2010,full_sample,EXP_CLOTHING_EXPENDITURE,2000 - 2999元,559,0.11119952257807837,0,0
2010,full_sample,EXP_CLOTHING_EXPENDITURE,20000 - 29999元,1,1.9892580067634773e-4,0,0
2010,full_sample,EXP_CLOTHING_EXPENDITURE,3000 - 3999元,211,0.04197334394270937,0,0
2010,full_sample,EXP_CLOTHING_EXPENDITURE,30000 元及以上,11,0.002188183807439825,0,0
2010,full_sample,EXP_CLOTHING_EXPENDITURE,4000 - 4999元,97,0.019295802665605728,0,0
2010,full_sample,EXP_CLOTHING_EXPENDITURE,5000 - 6999元,93,0.01850009946290034,0,0
2010,full_sample,EXP_CLOTHING_EXPENDITURE,7000 - 9999元,22,0.00437636761487965,0,0
2010,full_sample,EXP_CLOTHING_EXPENDITURE,999 元及以下,1440,0.2864531529739407,0,0
2010,full_sample,EXP_CLOTHING_EXPENDITURE,未回答,5,9.946290033817386e-4,0,0
2010,full_sample,EXP_CLOTHING_EXPENDITURE,沒有這項支出,1663,0.33081360652476627,0,0
2010,full_sample,EXP_EDU_BOOKS_COMBINED_EXPENDITURE,1000 - 1999元,495,0.09846827133479212,0,0
2010,full_sample,EXP_EDU_BOOKS_COMBINED_EXPENDITURE,10000 - 14999元,119,0.023672170280485377,0,0
2010,full_sample,EXP_EDU_BOOKS_COMBINED_EXPENDITURE,15000 - 19999元,35,0.00696240302367217,0,0
2010,full_sample,EXP_EDU_BOOKS_COMBINED_EXPENDITURE,2000 - 2999元,334,0.06644121742590015,0,0
2010,full_sample,EXP_EDU_BOOKS_COMBINED_EXPENDITURE,20000 - 29999元,26,0.0051720708175850404,0,0
2010,full_sample,EXP_EDU_BOOKS_COMBINED_EXPENDITURE,3000 - 3999元,206,0.04097871493932763,0,0
2010,full_sample,EXP_EDU_BOOKS_COMBINED_EXPENDITURE,30000 元及以上,38,0.007559180425701213,0,0
2010,full_sample,EXP_EDU_BOOKS_COMBINED_EXPENDITURE,4000 - 4999元,116,0.023075392878456336,0,0
2010,full_sample,EXP_EDU_BOOKS_COMBINED_EXPENDITURE,5000 - 6999元,166,0.03302168291227372,0,0
2010,full_sample,EXP_EDU_BOOKS_COMBINED_EXPENDITURE,7000 - 9999元,115,0.02287646707777999,0,0
2010,full_sample,EXP_EDU_BOOKS_COMBINED_EXPENDITURE,999 元及以下,528,0.1050328227571116,0,0
2010,full_sample,EXP_EDU_BOOKS_COMBINED_EXPENDITURE,未回答,3,5.967774020290431e-4,0,0
2010,full_sample,EXP_EDU_BOOKS_COMBINED_EXPENDITURE,沒有這項支出,2846,0.5661428287248856,0,0
2010,full_sample,EXP_FOOD_EXPENDITURE,"10,000-14,999 元",1003,0.1996814652598049,4,7.957032027053909e-4
2010,full_sample,EXP_FOOD_EXPENDITURE,"15,000-19,999 元",425,0.0846107903643241,4,7.957032027053909e-4
2010,full_sample,EXP_FOOD_EXPENDITURE,"2,999 元及以下",874,0.17399960183157476,4,7.957032027053909e-4
2010,full_sample,EXP_FOOD_EXPENDITURE,"20,000-29,999 元",241,0.04797929524188732,4,7.957032027053909e-4
2010,full_sample,EXP_FOOD_EXPENDITURE,"3,000-4,999 元",900,0.17917579135974518,4,7.957032027053909e-4
2010,full_sample,EXP_FOOD_EXPENDITURE,"30,000-39,999 元",70,0.013935894883535735,4,7.957032027053909e-4
2010,full_sample,EXP_FOOD_EXPENDITURE,"40,000-49,999 元",9,0.0017917579135974518,4,7.957032027053909e-4
2010,full_sample,EXP_FOOD_EXPENDITURE,"5,000-9,999 元",1475,0.2936492136173601,4,7.957032027053909e-4
2010,full_sample,EXP_FOOD_EXPENDITURE,"50,000-59,999 元",9,0.0017917579135974518,4,7.957032027053909e-4
2010,full_sample,EXP_FOOD_EXPENDITURE,"60,000-69,999 元",4,7.963368504877563e-4,4,7.957032027053909e-4
2010,full_sample,EXP_FOOD_EXPENDITURE,"70,000 元及以上，請記錄______________元",13,0.002588094764085208,4,7.957032027053909e-4
2010,full_sample,EXP_FURNITURE_EXPENDITURE,1000 - 1999元,432,0.08593594589218222,0,0
2010,full_sample,EXP_FURNITURE_EXPENDITURE,10000 - 14999元,23,0.004575293415555998,0,0
2010,full_sample,EXP_FURNITURE_EXPENDITURE,15000 - 19999元,7,0.0013924806047344342,0,0
2010,full_sample,EXP_FURNITURE_EXPENDITURE,2000 - 2999元,213,0.04237119554406207,0,0
2010,full_sample,EXP_FURNITURE_EXPENDITURE,20000 - 29999元,16,0.0031828128108215637,0,0
2010,full_sample,EXP_FURNITURE_EXPENDITURE,3000 - 3999元,69,0.013725880246667993,0,0
2010,full_sample,EXP_FURNITURE_EXPENDITURE,30000 元及以上,7,0.0013924806047344342,0,0
2010,full_sample,EXP_FURNITURE_EXPENDITURE,4000 - 4999元,30,0.005967774020290432,0,0
2010,full_sample,EXP_FURNITURE_EXPENDITURE,5000 - 6999元,38,0.007559180425701213,0,0
2010,full_sample,EXP_FURNITURE_EXPENDITURE,7000 - 9999元,12,0.0023871096081161725,0,0
2010,full_sample,EXP_FURNITURE_EXPENDITURE,999 元及以下,714,0.14203302168291226,0,0
2010,full_sample,EXP_FURNITURE_EXPENDITURE,未回答,8,0.0015914064054107818,0,0
2010,full_sample,EXP_FURNITURE_EXPENDITURE,沒有這項支出,3458,0.6878854187388104,0,0
2010,full_sample,EXP_HOUSING_UTIL_EXPENDITURE,"1,000-1,999 元",1234,0.2455721393034826,2,3.9785160135269546e-4
2010,full_sample,EXP_HOUSING_UTIL_EXPENDITURE,"10,000-14,999 元",366,0.07283582089552239,2,3.9785160135269546e-4
2010,full_sample,EXP_HOUSING_UTIL_EXPENDITURE,"15,000-19,999 元",157,0.031243781094527363,2,3.9785160135269546e-4
2010,full_sample,EXP_HOUSING_UTIL_EXPENDITURE,"2,000-2,999 元",1026,0.20417910447761195,2,3.9785160135269546e-4
2010,full_sample,EXP_HOUSING_UTIL_EXPENDITURE,"20,000-29,999 元",64,0.012736318407960199,2,3.9785160135269546e-4
2010,full_sample,EXP_HOUSING_UTIL_EXPENDITURE,"3,000-4,999 元",663,0.1319402985074627,2,3.9785160135269546e-4
2010,full_sample,EXP_HOUSING_UTIL_EXPENDITURE,"30,000-39,999 元",16,0.0031840796019900496,2,3.9785160135269546e-4
2010,full_sample,EXP_HOUSING_UTIL_EXPENDITURE,"40,000-49,999 元",6,0.0011940298507462687,2,3.9785160135269546e-4
2010,full_sample,EXP_HOUSING_UTIL_EXPENDITURE,"5,000-9,999 元",616,0.12258706467661691,2,3.9785160135269546e-4
2010,full_sample,EXP_HOUSING_UTIL_EXPENDITURE,"50,000-59,999 元",9,0.001791044776119403,2,3.9785160135269546e-4
2010,full_sample,EXP_HOUSING_UTIL_EXPENDITURE,"60,000-69,999 元",3,5.970149253731343e-4,2,3.9785160135269546e-4
2010,full_sample,EXP_HOUSING_UTIL_EXPENDITURE,"70,000 元及以上，請記錄____________元",8,0.0015920398009950248,2,3.9785160135269546e-4
2010,full_sample,EXP_HOUSING_UTIL_EXPENDITURE,999 元及以下,756,0.15044776119402986,2,3.9785160135269546e-4
2010,full_sample,EXP_HOUSING_UTIL_EXPENDITURE,沒有這項支出,101,0.02009950248756219,2,3.9785160135269546e-4
2010,full_sample,EXP_LOAN_INTEREST_EXPENDITURE,1000 - 1999元,32,0.006365625621643127,0,0
2010,full_sample,EXP_LOAN_INTEREST_EXPENDITURE,10000 - 14999元,121,0.024070021881838075,0,0
2010,full_sample,EXP_LOAN_INTEREST_EXPENDITURE,15000 - 19999元,75,0.01491943505072608,0,0
2010,full_sample,EXP_LOAN_INTEREST_EXPENDITURE,2000 - 2999元,38,0.007559180425701213,0,0
2010,full_sample,EXP_LOAN_INTEREST_EXPENDITURE,20000 - 29999元,80,0.015914064054107818,0,0
2010,full_sample,EXP_LOAN_INTEREST_EXPENDITURE,3000 - 3999元,34,0.006763477222995823,0,0
2010,full_sample,EXP_LOAN_INTEREST_EXPENDITURE,30000 元及以上,35,0.00696240302367217,0,0
2010,full_sample,EXP_LOAN_INTEREST_EXPENDITURE,4000 - 4999元,20,0.003978516013526954,0,0
2010,full_sample,EXP_LOAN_INTEREST_EXPENDITURE,5000 - 6999元,71,0.014123731848020689,0,0
2010,full_sample,EXP_LOAN_INTEREST_EXPENDITURE,7000 - 9999元,54,0.010741993236522777,0,0
2010,full_sample,EXP_LOAN_INTEREST_EXPENDITURE,999 元及以下,43,0.008553809429082952,0,0
2010,full_sample,EXP_LOAN_INTEREST_EXPENDITURE,未回答,8,0.0015914064054107818,0,0
2010,full_sample,EXP_LOAN_INTEREST_EXPENDITURE,沒有這項支出,4416,0.8784563357867515,0,0
2010,full_sample,EXP_MEDICAL_EXPENDITURE,"1,000-1,999 元",1162,0.2315202231520223,8,0.0015914064054107818
2010,full_sample,EXP_MEDICAL_EXPENDITURE,"10,000-14,999 元",166,0.033074317593146045,8,0.0015914064054107818
2010,full_sample,EXP_MEDICAL_EXPENDITURE,"15,000-19,999 元",47,0.009364415222155809,8,0.0015914064054107818
2010,full_sample,EXP_MEDICAL_EXPENDITURE,"2,000-2,999 元",663,0.13209802749551702,8,0.0015914064054107818
2010,full_sample,EXP_MEDICAL_EXPENDITURE,"20,000-29,999 元",57,0.011356843992827256,8,0.0015914064054107818
2010,full_sample,EXP_MEDICAL_EXPENDITURE,"3,000-3,999 元",290,0.057780434349472005,8,0.0015914064054107818
2010,full_sample,EXP_MEDICAL_EXPENDITURE,"30,000 元及以上，請記錄________元",28,0.005578800557880056,8,0.0015914064054107818
2010,full_sample,EXP_MEDICAL_EXPENDITURE,"4,000-4,999 元",151,0.030085674437138873,8,0.0015914064054107818
2010,full_sample,EXP_MEDICAL_EXPENDITURE,"5,000-6,999 元",234,0.04662283323371189,8,0.0015914064054107818
2010,full_sample,EXP_MEDICAL_EXPENDITURE,"7,000-9,999 元",137,0.027296274158198845,8,0.0015914064054107818
2010,full_sample,EXP_MEDICAL_EXPENDITURE,999 元及以下,1619,0.3225742179717075,8,0.0015914064054107818
2010,full_sample,EXP_MEDICAL_EXPENDITURE,沒有這項支出,465,0.09264793783622235,8,0.0015914064054107818
2010,full_sample,EXP_OTHER_EXPENDITURE,1000 - 1999元,131,0.02605927988860155,0,0
2010,full_sample,EXP_OTHER_EXPENDITURE,10000 - 14999元,41,0.008155957827730256,0,0
2010,full_sample,EXP_OTHER_EXPENDITURE,15000 - 19999元,17,0.0033817386114979114,0,0
2010,full_sample,EXP_OTHER_EXPENDITURE,2000 - 2999元,84,0.01670976725681321,0,0
2010,full_sample,EXP_OTHER_EXPENDITURE,20000 - 29999元,5,9.946290033817386e-4,0,0
2010,full_sample,EXP_OTHER_EXPENDITURE,3000 - 3999元,39,0.0077581062263775615,0,0
2010,full_sample,EXP_OTHER_EXPENDITURE,30000 元及以上,8,0.0015914064054107818,0,0
2010,full_sample,EXP_OTHER_EXPENDITURE,4000 - 4999元,22,0.00437636761487965,0,0
2010,full_sample,EXP_OTHER_EXPENDITURE,5000 - 6999元,35,0.00696240302367217,0,0
2010,full_sample,EXP_OTHER_EXPENDITURE,7000 - 9999元,8,0.0015914064054107818,0,0
2010,full_sample,EXP_OTHER_EXPENDITURE,999 元及以下,123,0.02446787348319077,0,0
2010,full_sample,EXP_OTHER_EXPENDITURE,未回答,7,0.0013924806047344342,0,0
2010,full_sample,EXP_OTHER_EXPENDITURE,沒有這項支出,4507,0.8965585836482992,0,0
2010,full_sample,EXP_TAX_INS_GIFT_EXPENDITURE,"1,000-1,999 元",1300,0.2590157401872883,8,0.0015914064054107818
2010,full_sample,EXP_TAX_INS_GIFT_EXPENDITURE,"10,000-14,999 元",111,0.02211595935445308,8,0.0015914064054107818
2010,full_sample,EXP_TAX_INS_GIFT_EXPENDITURE,"15,000-19,999 元",23,0.004582586172544332,8,0.0015914064054107818
2010,full_sample,EXP_TAX_INS_GIFT_EXPENDITURE,"2,000-2,999 元",1113,0.2217573221757322,8,0.0015914064054107818
2010,full_sample,EXP_TAX_INS_GIFT_EXPENDITURE,"20,000-29,999 元",34,0.006774257820282925,8,0.0015914064054107818
2010,full_sample,EXP_TAX_INS_GIFT_EXPENDITURE,"3,000-3,999 元",649,0.12930862721657702,8,0.0015914064054107818
2010,full_sample,EXP_TAX_INS_GIFT_EXPENDITURE,"30,000 元及以上，請記錄________元",17,0.0033871289101414623,8,0.0015914064054107818
2010,full_sample,EXP_TAX_INS_GIFT_EXPENDITURE,"4,000-4,999 元",281,0.0559872484558677,8,0.0015914064054107818
2010,full_sample,EXP_TAX_INS_GIFT_EXPENDITURE,"5,000-6,999 元",376,0.07491532177724647,8,0.0015914064054107818
2010,full_sample,EXP_TAX_INS_GIFT_EXPENDITURE,"7,000-9,999 元",142,0.02829248854353457,8,0.0015914064054107818
2010,full_sample,EXP_TAX_INS_GIFT_EXPENDITURE,999 元及以下,646,0.12871089858537557,8,0.0015914064054107818
2010,full_sample,EXP_TAX_INS_GIFT_EXPENDITURE,沒有這項支出,327,0.06515242080095636,8,0.0015914064054107818
2010,full_sample,EXP_TRANSPORT_COMM_EXPENDITURE,"1,000-1,999 元",1007,0.20039800995024876,2,3.9785160135269546e-4
2010,full_sample,EXP_TRANSPORT_COMM_EXPENDITURE,"10,000-14,999 元",202,0.04019900497512438,2,3.9785160135269546e-4
2010,full_sample,EXP_TRANSPORT_COMM_EXPENDITURE,"15,000-19,999 元",39,0.007761194029850746,2,3.9785160135269546e-4
2010,full_sample,EXP_TRANSPORT_COMM_EXPENDITURE,"2,000-2,999 元",878,0.17472636815920398,2,3.9785160135269546e-4
2010,full_sample,EXP_TRANSPORT_COMM_EXPENDITURE,"20,000-29,999 元",30,0.005970149253731343,2,3.9785160135269546e-4
2010,full_sample,EXP_TRANSPORT_COMM_EXPENDITURE,"3,000-3,999 元",693,0.13791044776119402,2,3.9785160135269546e-4
2010,full_sample,EXP_TRANSPORT_COMM_EXPENDITURE,"30,000 元及以上，請記錄________元",10,0.001990049751243781,2,3.9785160135269546e-4
2010,full_sample,EXP_TRANSPORT_COMM_EXPENDITURE,"4,000-4,999 元",370,0.0736318407960199,2,3.9785160135269546e-4
2010,full_sample,EXP_TRANSPORT_COMM_EXPENDITURE,"5,000-6,999 元",558,0.11104477611940299,2,3.9785160135269546e-4
2010,full_sample,EXP_TRANSPORT_COMM_EXPENDITURE,"7,000-9,999 元",322,0.06407960199004975,2,3.9785160135269546e-4
2010,full_sample,EXP_TRANSPORT_COMM_EXPENDITURE,999 元及以下,772,0.1536318407960199,2,3.9785160135269546e-4
2010,full_sample,EXP_TRANSPORT_COMM_EXPENDITURE,沒有這項支出,144,0.028656716417910448,2,3.9785160135269546e-4
2010,full_sample,EXP_TRAVEL_EXPENDITURE,1000 - 1999元,222,0.04416152775014919,0,0
2010,full_sample,EXP_TRAVEL_EXPENDITURE,10000 - 14999元,24,0.004774219216232345,0,0
2010,full_sample,EXP_TRAVEL_EXPENDITURE,15000 - 19999元,13,0.0025860354087925202,0,0
2010,full_sample,EXP_TRAVEL_EXPENDITURE,2000 - 2999元,154,0.030634573304157548,0,0
2010,full_sample,EXP_TRAVEL_EXPENDITURE,20000 - 29999元,12,0.0023871096081161725,0,0
2010,full_sample,EXP_TRAVEL_EXPENDITURE,3000 - 3999元,70,0.01392480604734434,0,0
2010,full_sample,EXP_TRAVEL_EXPENDITURE,30000 元及以上,12,0.0023871096081161725,0,0
2010,full_sample,EXP_TRAVEL_EXPENDITURE,4000 - 4999元,24,0.004774219216232345,0,0
2010,full_sample,EXP_TRAVEL_EXPENDITURE,5000 - 6999元,46,0.009150586831111996,0,0
2010,full_sample,EXP_TRAVEL_EXPENDITURE,7000 - 9999元,17,0.0033817386114979114,0,0
2010,full_sample,EXP_TRAVEL_EXPENDITURE,999 元及以下,222,0.04416152775014919,0,0
2010,full_sample,EXP_TRAVEL_EXPENDITURE,未回答,3,5.967774020290431e-4,0,0
2010,full_sample,EXP_TRAVEL_EXPENDITURE,沒有這項支出,4208,0.8370797692460712,0,0
2010,full_sample,HAS_INDI_55PLUS,FALSE,3167,0.6299980107419932,0,0
2010,full_sample,HAS_INDI_55PLUS,TRUE,1860,0.37000198925800676,0,0
2010,full_sample,HAS_INDI_65PLUS,FALSE,4088,0.8132086731649095,0,0
2010,full_sample,HAS_INDI_65PLUS,TRUE,939,0.1867913268350905,0,0
2010,full_sample,HOUSE_BELONG,借用,103,0.020649558941459503,39,0.0077581062263775615
2010,full_sample,HOUSE_BELONG,租賃,1078,0.2161186848436247,39,0.0077581062263775615
2010,full_sample,HOUSE_BELONG,自有/家人所有/自建,3739,0.7495990376904571,39,0.0077581062263775615
2010,full_sample,HOUSE_BELONG,配住,68,0.0136327185244587,39,0.0077581062263775615
2010,full_sample,INC_FAM_GOV_INCOME,"1,000-1,999 元",57,0.01133877063855182,0,0
2010,full_sample,INC_FAM_GOV_INCOME,"10,000-14,999 元",99,0.019693654266958426,0,0
2010,full_sample,INC_FAM_GOV_INCOME,"15,000-19,999 元",36,0.007161328824348518,0,0
2010,full_sample,INC_FAM_GOV_INCOME,"2,000-2,999 元",51,0.010145215834493734,0,0
2010,full_sample,INC_FAM_GOV_INCOME,"20,000-29,999 元",22,0.00437636761487965,0,0
2010,full_sample,INC_FAM_GOV_INCOME,"3,000-3,999 元",718,0.14282872488561765,0,0
2010,full_sample,INC_FAM_GOV_INCOME,"30,000 元及以上，請記錄________元",6,0.0011935548040580863,0,0
2010,full_sample,INC_FAM_GOV_INCOME,"4,000-4,999 元",105,0.020887209071016512,0,0
2010,full_sample,INC_FAM_GOV_INCOME,"5,000-5,999 元",41,0.008155957827730256,0,0
2010,full_sample,INC_FAM_GOV_INCOME,"6,000-7,999 元",351,0.06982295603739805,0,0
2010,full_sample,INC_FAM_GOV_INCOME,"8,000-9,999 元",52,0.010344141635170081,0,0
2010,full_sample,INC_FAM_GOV_INCOME,999 元及以下,35,0.00696240302367217,0,0
2010,full_sample,INC_FAM_GOV_INCOME,沒有這項收入,3454,0.687089715536105,0,0
2010,full_sample,INC_FAM_INTEREST_INCOME,"1,000-1,999 元",9,0.0017939007374925253,10,0.001989258006763477
2010,full_sample,INC_FAM_INTEREST_INCOME,"10,000-14,999 元",29,0.005780346820809248,10,0.001989258006763477
2010,full_sample,INC_FAM_INTEREST_INCOME,"15,000-19,999 元",3,5.979669124975084e-4,10,0.001989258006763477
2010,full_sample,INC_FAM_INTEREST_INCOME,"2,000-2,999 元",9,0.0017939007374925253,10,0.001989258006763477
2010,full_sample,INC_FAM_INTEREST_INCOME,"20,000-29,999 元",3,5.979669124975084e-4,10,0.001989258006763477
2010,full_sample,INC_FAM_INTEREST_INCOME,"3,000-3,999 元",22,0.004385090691648395,10,0.001989258006763477
2010,full_sample,INC_FAM_INTEREST_INCOME,"30,000 元及以上，請記錄________元",6,0.001195933824995017,10,0.001989258006763477
2010,full_sample,INC_FAM_INTEREST_INCOME,"4,000-4,999 元",1,1.9932230416583617e-4,10,0.001989258006763477
2010,full_sample,INC_FAM_INTEREST_INCOME,"5,000-5,999 元",33,0.006577636037472593,10,0.001989258006763477
2010,full_sample,INC_FAM_INTEREST_INCOME,"6,000-7,999 元",2,3.9864460833167234e-4,10,0.001989258006763477
2010,full_sample,INC_FAM_INTEREST_INCOME,"8,000-9,999 元",5,9.96611520829181e-4,10,0.001989258006763477
2010,full_sample,INC_FAM_INTEREST_INCOME,999 元及以下,22,0.004385090691648395,10,0.001989258006763477
2010,full_sample,INC_FAM_INTEREST_INCOME,沒有這項收入,4873,0.9712975882001196,10,0.001989258006763477
2010,full_sample,INC_FAM_OTHER_INCOME,10000 - 14999元,32,0.006365625621643127,0,0
2010,full_sample,INC_FAM_OTHER_INCOME,15000 - 19999元,10,0.001989258006763477,0,0
2010,full_sample,INC_FAM_OTHER_INCOME,20000 - 24999元,14,0.0027849612094688683,0,0
2010,full_sample,INC_FAM_OTHER_INCOME,25000 - 29999元,7,0.0013924806047344342,0,0
2010,full_sample,INC_FAM_OTHER_INCOME,30000 - 39999元,5,9.946290033817386e-4,0,0
2010,full_sample,INC_FAM_OTHER_INCOME,40000 - 49999元,6,0.0011935548040580863,0,0
2010,full_sample,INC_FAM_OTHER_INCOME,4999 元及以下,83,0.01651084145613686,0,0
2010,full_sample,INC_FAM_OTHER_INCOME,5000 - 9999元,57,0.01133877063855182,0,0
2010,full_sample,INC_FAM_OTHER_INCOME,60000 - 69999元,1,1.9892580067634773e-4,0,0
2010,full_sample,INC_FAM_OTHER_INCOME,80000 元及以上,4,7.957032027053909e-4,0,0
2010,full_sample,INC_FAM_OTHER_INCOME,未回答,10,0.001989258006763477,0,0
2010,full_sample,INC_FAM_OTHER_INCOME,沒有這項收入,4798,0.9544459916451163,0,0
2010,full_sample,INC_FAM_RENT_INCOME,"10,000-14,999 元",4,7.974481658692185e-4,11,0.002188183807439825
2010,full_sample,INC_FAM_RENT_INCOME,"15,000-19,999 元",3,5.980861244019139e-4,11,0.002188183807439825
2010,full_sample,INC_FAM_RENT_INCOME,"20,000-24,999 元",5,9.96810207336523e-4,11,0.002188183807439825
2010,full_sample,INC_FAM_RENT_INCOME,"25,000-29,999 元",2,3.9872408293460925e-4,11,0.002188183807439825
2010,full_sample,INC_FAM_RENT_INCOME,"4,999 元及以下",17,0.0033891547049441787,11,0.002188183807439825
2010,full_sample,INC_FAM_RENT_INCOME,"5,000-9,999 元",15,0.0029904306220095694,11,0.002188183807439825
2010,full_sample,INC_FAM_RENT_INCOME,沒有這項收入,4970,0.990829346092504,11,0.002188183807439825
2010,full_sample,INC_FAM_WORK_INCOME,"10,000-19,999 元",866,0.17226974338571713,0,0
2010,full_sample,INC_FAM_WORK_INCOME,"100,000-129,999元",98,0.01949472846628208,0,0
2010,full_sample,INC_FAM_WORK_INCOME,"130,000-159,999元",29,0.005768848219614084,0,0
2010,full_sample,INC_FAM_WORK_INCOME,"160,000 元及以上，請記錄____________元",12,0.0023871096081161725,0,0
2010,full_sample,INC_FAM_WORK_INCOME,"20,000-29,999 元",970,0.1929580266560573,0,0
2010,full_sample,INC_FAM_WORK_INCOME,"30,000-39,999 元",675,0.13427491545653472,0,0
2010,full_sample,INC_FAM_WORK_INCOME,"40,000-49,999 元",464,0.09230157151382534,0,0
2010,full_sample,INC_FAM_WORK_INCOME,"50,000-59,999 元",377,0.07499502685498309,0,0
2010,full_sample,INC_FAM_WORK_INCOME,"60,000-69,999 元",278,0.055301372588024665,0,0
2010,full_sample,INC_FAM_WORK_INCOME,"70,000-79,999 元",182,0.03620449572309529,0,0
2010,full_sample,INC_FAM_WORK_INCOME,"80,000-89,999 元",105,0.020887209071016512,0,0
2010,full_sample,INC_FAM_WORK_INCOME,"9,999 元及以下",279,0.05550029838870101,0,0
2010,full_sample,INC_FAM_WORK_INCOME,"90,000-99,999 元",76,0.015118360851402427,0,0
2010,full_sample,INC_FAM_WORK_INCOME,沒有這項收入,616,0.12253829321663019,0,0
2010,full_sample,INC_PERS_GOV_INCOME,"1,000-1,999 元",46,0.009156050955414012,3,5.967774020290431e-4
2010,full_sample,INC_PERS_GOV_INCOME,"10,000-14,999 元",68,0.013535031847133758,3,5.967774020290431e-4
2010,full_sample,INC_PERS_GOV_INCOME,"15,000-19,999 元",24,0.004777070063694267,3,5.967774020290431e-4
2010,full_sample,INC_PERS_GOV_INCOME,"2,000-2,999 元",39,0.007762738853503185,3,5.967774020290431e-4
2010,full_sample,INC_PERS_GOV_INCOME,"20,000-29,999 元",12,0.0023885350318471337,3,5.967774020290431e-4
2010,full_sample,INC_PERS_GOV_INCOME,"3,000-3,999 元",670,0.13335987261146498,3,5.967774020290431e-4
2010,full_sample,INC_PERS_GOV_INCOME,"30,000 元及以上，請記錄________元",5,9.952229299363057e-4,3,5.967774020290431e-4
2010,full_sample,INC_PERS_GOV_INCOME,"4,000-4,999 元",84,0.016719745222929936,3,5.967774020290431e-4
2010,full_sample,INC_PERS_GOV_INCOME,"5,000-5,999 元",29,0.005772292993630573,3,5.967774020290431e-4
2010,full_sample,INC_PERS_GOV_INCOME,"6,000-7,999 元",263,0.052348726114649684,3,5.967774020290431e-4
2010,full_sample,INC_PERS_GOV_INCOME,"8,000-9,999 元",22,0.004378980891719745,3,5.967774020290431e-4
2010,full_sample,INC_PERS_GOV_INCOME,999 元及以下,39,0.007762738853503185,3,5.967774020290431e-4
2010,full_sample,INC_PERS_GOV_INCOME,沒有這項收入,3723,0.7410429936305732,3,5.967774020290431e-4
2010,full_sample,INC_PERS_INTEREST_INCOME,"1,000-1,999 元",7,0.0013949780789159027,9,0.0017903322060871295
2010,full_sample,INC_PERS_INTEREST_INCOME,"10,000-14,999 元",26,0.0051813471502590676,9,0.0017903322060871295
2010,full_sample,INC_PERS_INTEREST_INCOME,"15,000-19,999 元",1,1.9928258270227183e-4,9,0.0017903322060871295
2010,full_sample,INC_PERS_INTEREST_INCOME,"2,000-2,999 元",8,0.0015942606616181746,9,0.0017903322060871295
2010,full_sample,INC_PERS_INTEREST_INCOME,"20,000-29,999 元",2,3.9856516540454366e-4,9,0.0017903322060871295
2010,full_sample,INC_PERS_INTEREST_INCOME,"3,000-3,999 元",20,0.0039856516540454365,9,0.0017903322060871295
2010,full_sample,INC_PERS_INTEREST_INCOME,"30,000 元及以上，請記錄________元",9,0.0017935432443204463,9,0.0017903322060871295
2010,full_sample,INC_PERS_INTEREST_INCOME,"4,000-4,999 元",4,7.971303308090873e-4,9,0.0017903322060871295
2010,full_sample,INC_PERS_INTEREST_INCOME,"5,000-5,999 元",27,0.005380629732961339,9,0.0017903322060871295
2010,full_sample,INC_PERS_INTEREST_INCOME,"6,000-7,999 元",2,3.9856516540454366e-4,9,0.0017903322060871295
2010,full_sample,INC_PERS_INTEREST_INCOME,"8,000-9,999 元",4,7.971303308090873e-4,9,0.0017903322060871295
2010,full_sample,INC_PERS_INTEREST_INCOME,999 元及以下,26,0.0051813471502590676,9,0.0017903322060871295
2010,full_sample,INC_PERS_INTEREST_INCOME,沒有這項收入,4882,0.972897568752491,9,0.0017903322060871295
2010,full_sample,INC_PERS_OTHER_INCOME,"10,000-14,999 元",21,0.004188272836059034,13,0.0025860354087925202
2010,full_sample,INC_PERS_OTHER_INCOME,"15,000-19,999 元",8,0.0015955325089748703,13,0.0025860354087925202
2010,full_sample,INC_PERS_OTHER_INCOME,"20,000-24,999 元",17,0.0033905065815715996,13,0.0025860354087925202
2010,full_sample,INC_PERS_OTHER_INCOME,"25,000-29,999 元",7,0.0013960909453530116,13,0.0025860354087925202
2010,full_sample,INC_PERS_OTHER_INCOME,"30,000-39,999 元",3,5.983246908655763e-4,13,0.0025860354087925202
2010,full_sample,INC_PERS_OTHER_INCOME,"4,999 元及以下",82,0.016354208216992423,13,0.0025860354087925202
2010,full_sample,INC_PERS_OTHER_INCOME,"40,000-49,999 元",4,7.977662544874351e-4,13,0.0025860354087925202
2010,full_sample,INC_PERS_OTHER_INCOME,"5,000-9,999 元",52,0.010370961308336658,13,0.0025860354087925202
2010,full_sample,INC_PERS_OTHER_INCOME,"60,000-69,999 元",1,1.9944156362185878e-4,13,0.0025860354087925202
2010,full_sample,INC_PERS_OTHER_INCOME,"70,000-79,999 元",1,1.9944156362185878e-4,13,0.0025860354087925202
2010,full_sample,INC_PERS_OTHER_INCOME,"80,000 元及以上，請記錄_________________元",4,7.977662544874351e-4,13,0.0025860354087925202
2010,full_sample,INC_PERS_OTHER_INCOME,沒有這項收入,4814,0.9601116872756282,13,0.0025860354087925202
2010,full_sample,INC_PERS_RENT_INCOME,"10,000-14,999 元",6,0.0011968880909634949,14,0.0027849612094688683
2010,full_sample,INC_PERS_RENT_INCOME,"15,000-19,999 元",3,5.984440454817474e-4,14,0.0027849612094688683
2010,full_sample,INC_PERS_RENT_INCOME,"20,000-24,999 元",1,1.9948134849391582e-4,14,0.0027849612094688683
2010,full_sample,INC_PERS_RENT_INCOME,"4,999 元及以下",16,0.003191701575902653,14,0.0027849612094688683
2010,full_sample,INC_PERS_RENT_INCOME,"5,000-9,999 元",13,0.002593257530420906,14,0.0027849612094688683
2010,full_sample,INC_PERS_RENT_INCOME,沒有這項收入,4974,0.9922202274087373,14,0.0027849612094688683
2010,full_sample,INC_PERS_WORK_INCOME,"10,000-19,999 元",1105,0.21981300974736423,0,0
2010,full_sample,INC_PERS_WORK_INCOME,"100,000-129,999元",8,0.0015914064054107818,0,0
2010,full_sample,INC_PERS_WORK_INCOME,"130,000-159,999元",1,1.9892580067634773e-4,0,0
2010,full_sample,INC_PERS_WORK_INCOME,"160,000 元及以上，請記錄____________元",2,3.9785160135269546e-4,0,0
2010,full_sample,INC_PERS_WORK_INCOME,"20,000-29,999 元",1128,0.22438830316292024,0,0
2010,full_sample,INC_PERS_WORK_INCOME,"30,000-39,999 元",642,0.12771036403421523,0,0
2010,full_sample,INC_PERS_WORK_INCOME,"40,000-49,999 元",261,0.051919633976526755,0,0
2010,full_sample,INC_PERS_WORK_INCOME,"50,000-59,999 元",155,0.030833499104833895,0,0
2010,full_sample,INC_PERS_WORK_INCOME,"60,000-69,999 元",90,0.017903322060871293,0,0
2010,full_sample,INC_PERS_WORK_INCOME,"70,000-79,999 元",40,0.007957032027053909,0,0
2010,full_sample,INC_PERS_WORK_INCOME,"80,000-89,999 元",24,0.004774219216232345,0,0
2010,full_sample,INC_PERS_WORK_INCOME,"9,999 元及以下",348,0.069226178635369,0,0
2010,full_sample,INC_PERS_WORK_INCOME,"90,000-99,999 元",6,0.0011935548040580863,0,0
2010,full_sample,INC_PERS_WORK_INCOME,沒有這項收入,1217,0.24209269942311518,0,0
2010,full_sample,MALE,男性,2143,0.42629799084941317,0,0
2010,full_sample,MALE,非男性,2884,0.5737020091505868,0,0
2010,full_sample,RACE,其他,28,0.005572139303482587,2,3.9785160135269546e-4
2010,full_sample,RACE,卑南族,125,0.024875621890547265,2,3.9785160135269546e-4
2010,full_sample,RACE,噶瑪蘭族,17,0.003383084577114428,2,3.9785160135269546e-4
2010,full_sample,RACE,太魯閣族,290,0.05771144278606965,2,3.9785160135269546e-4
2010,full_sample,RACE,布農族,457,0.0909452736318408,2,3.9785160135269546e-4
2010,full_sample,RACE,排灣族,883,0.17572139303482587,2,3.9785160135269546e-4
2010,full_sample,RACE,撒奇萊雅族,10,0.001990049751243781,2,3.9785160135269546e-4
2010,full_sample,RACE,泰雅族,804,0.16,2,3.9785160135269546e-4
2010,full_sample,RACE,賽夏族,76,0.015124378109452736,2,3.9785160135269546e-4
2010,full_sample,RACE,賽德克族,86,0.01711442786069652,2,3.9785160135269546e-4
2010,full_sample,RACE,邵族,21,0.00417910447761194,2,3.9785160135269546e-4
2010,full_sample,RACE,鄒族,84,0.01671641791044776,2,3.9785160135269546e-4
2010,full_sample,RACE,阿美族,1965,0.39104477611940297,2,3.9785160135269546e-4
2010,full_sample,RACE,雅美族/達悟族,35,0.006965174129353234,2,3.9785160135269546e-4
2010,full_sample,RACE,魯凱族,144,0.028656716417910448,2,3.9785160135269546e-4
2010,full_sample,RENT,"1,000-2,999元",56,0.04886561954624782,3881,0.7720310324249056
2010,full_sample,RENT,"10,000-19,999元",252,0.2198952879581152,3881,0.7720310324249056
2010,full_sample,RENT,"20,000元以上",27,0.02356020942408377,3881,0.7720310324249056
2010,full_sample,RENT,"3,000-4,999元",132,0.11518324607329843,3881,0.7720310324249056
2010,full_sample,RENT,"5,000-6,999元",298,0.2600349040139616,3881,0.7720310324249056
2010,full_sample,RENT,"7,000-9,999元",303,0.2643979057591623,3881,0.7720310324249056
2010,full_sample,RENT,不需要支付租金,29,0.02530541012216405,3881,0.7720310324249056
2010,full_sample,RENT,未回答,14,0.012216404886561954,3881,0.7720310324249056
2010,full_sample,RENT,"未滿1,000元",35,0.030541012216404886,3881,0.7720310324249056
2010,full_sample,RESPONDENT_UNIT,household_member,5027,1,0,0
2010,full_sample,RESPONDENT_UNIT_SOURCE,99年問卷：填表人戶內人口編號,5027,1,0,0
2014,full_sample,AGE_GROUP,15-19歲,21,0.004027617951668585,0,0
2014,full_sample,AGE_GROUP,20-29歲,296,0.05677023398542386,0,0
2014,full_sample,AGE_GROUP,30-39歲,888,0.17031070195627157,0,0
2014,full_sample,AGE_GROUP,40-49歲,1438,0.2757959340237821,0,0
2014,full_sample,AGE_GROUP,50-59歲,1434,0.27502876869965476,0,0
2014,full_sample,AGE_GROUP,60歲以上,1137,0.2180667433831991,0,0
2014,full_sample,AGE_GROUP_HARMONIZED,15-19歲,21,0.004027617951668585,0,0
2014,full_sample,AGE_GROUP_HARMONIZED,20-29歲,296,0.05677023398542386,0,0
2014,full_sample,AGE_GROUP_HARMONIZED,30-39歲,888,0.17031070195627157,0,0
2014,full_sample,AGE_GROUP_HARMONIZED,40-49歲,1438,0.2757959340237821,0,0
2014,full_sample,AGE_GROUP_HARMONIZED,50-59歲,1434,0.27502876869965476,0,0
2014,full_sample,AGE_GROUP_HARMONIZED,60歲以上,1137,0.2180667433831991,0,0
2014,full_sample,AGE_MEASURE_TYPE,age_group,5214,1,0,0
2014,full_sample,EDU,不識字/自修,196,0.037591100882240124,0,0
2014,full_sample,EDU,國(初)中,1293,0.24798619102416572,0,0
2014,full_sample,EDU,國小,1199,0.229957805907173,0,0
2014,full_sample,EDU,專科以上,734,0.14077483697736862,0,0
2014,full_sample,EDU,高中職,1792,0.34369006520905254,0,0
2014,full_sample,EXP_ALCOHOL_EXPENDITURE,"1,000-1,999 元",833,0.15976217874952053,0,0
2014,full_sample,EXP_ALCOHOL_EXPENDITURE,"10,000-14,999 元",63,0.012082853855005753,0,0
2014,full_sample,EXP_ALCOHOL_EXPENDITURE,"15,000-19,999 元",14,0.002685078634445723,0,0
2014,full_sample,EXP_ALCOHOL_EXPENDITURE,"2,000-2,999 元",631,0.12102032988108938,0,0
2014,full_sample,EXP_ALCOHOL_EXPENDITURE,"20,000-29,999 元",6,0.0011507479861910242,0,0
2014,full_sample,EXP_ALCOHOL_EXPENDITURE,"3,000-3,999 元",501,0.09608745684695051,0,0
2014,full_sample,EXP_ALCOHOL_EXPENDITURE,"30,000 元及以上，請記錄________元",2,3.835826620636747e-4,0,0
2014,full_sample,EXP_ALCOHOL_EXPENDITURE,"4,000-4,999 元",184,0.03528960490985807,0,0
2014,full_sample,EXP_ALCOHOL_EXPENDITURE,499 元及以下,373,0.07153816647487533,0,0
2014,full_sample,EXP_ALCOHOL_EXPENDITURE,"5,000-6,999 元",221,0.042385884158036055,0,0
2014,full_sample,EXP_ALCOHOL_EXPENDITURE,500-999 元,558,0.10701956271576525,0,0
2014,full_sample,EXP_ALCOHOL_EXPENDITURE,"7,000-9,999 元",73,0.014000767165324127,0,0
2014,full_sample,EXP_ALCOHOL_EXPENDITURE,沒有這項支出,1755,0.3365937859608746,0,0
2014,full_sample,EXP_BOOKS_EXPENDITURE,"1,000-1,999元",485,0.09301879555044112,0,0
2014,full_sample,EXP_BOOKS_EXPENDITURE,"10,000-14,999元",7,0.0013425393172228615,0,0
2014,full_sample,EXP_BOOKS_EXPENDITURE,"15,000-19,999元",1,1.9179133103183735e-4,0,0
2014,full_sample,EXP_BOOKS_EXPENDITURE,"2,000-2,999元",175,0.033563482930571535,0,0
2014,full_sample,EXP_BOOKS_EXPENDITURE,"20,000-29,999元",1,1.9179133103183735e-4,0,0
2014,full_sample,EXP_BOOKS_EXPENDITURE,"3,000-3,999元",62,0.011891062523973917,0,0
2014,full_sample,EXP_BOOKS_EXPENDITURE,"4,000-4,999元",15,0.0028768699654775605,0,0
2014,full_sample,EXP_BOOKS_EXPENDITURE,"5,000-6,999元",19,0.00364403528960491,0,0
2014,full_sample,EXP_BOOKS_EXPENDITURE,"7,000-9,999元",7,0.0013425393172228615,0,0
2014,full_sample,EXP_BOOKS_EXPENDITURE,999元及以下,1154,0.2213271960107403,0,0
2014,full_sample,EXP_BOOKS_EXPENDITURE,沒有這項支出,3288,0.6306098964326813,0,0
2014,full_sample,EXP_CARE_EXPENDITURE,"1,000-1,999元",181,0.03471423091676256,0,0
2014,full_sample,EXP_CARE_EXPENDITURE,"10,000-14,999元",29,0.0055619485999232835,0,0
2014,full_sample,EXP_CARE_EXPENDITURE,"15,000-19,999元",18,0.0034522439585730723,0,0
2014,full_sample,EXP_CARE_EXPENDITURE,"2,000-2,999元",176,0.03375527426160337,0,0
2014,full_sample,EXP_CARE_EXPENDITURE,"20,000-29,999元",35,0.006712696586114308,0,0
2014,full_sample,EXP_CARE_EXPENDITURE,"3,000-3,999元",118,0.02263137706175681,0,0
2014,full_sample,EXP_CARE_EXPENDITURE,35000,3,5.753739930955121e-4,0,0
2014,full_sample,EXP_CARE_EXPENDITURE,36000,1,1.9179133103183735e-4,0,0
2014,full_sample,EXP_CARE_EXPENDITURE,"4,000-4,999元",67,0.012850019179133103,0,0
2014,full_sample,EXP_CARE_EXPENDITURE,"5,000-6,999元",67,0.012850019179133103,0,0
2014,full_sample,EXP_CARE_EXPENDITURE,60000,1,1.9179133103183735e-4,0,0
2014,full_sample,EXP_CARE_EXPENDITURE,"7,000-9,999元",25,0.004794783275795934,0,0
2014,full_sample,EXP_CARE_EXPENDITURE,999元及以下,98,0.018795550441120062,0,0
2014,full_sample,EXP_CARE_EXPENDITURE,沒有這項支出,4395,0.8429228998849252,0,0
2014,full_sample,EXP_CLEANING_EXPENDITURE,"1,000-1,999 元",102,0.019562715765247412,0,0
2014,full_sample,EXP_CLEANING_EXPENDITURE,"10,000-14,999 元",2,3.835826620636747e-4,0,0
2014,full_sample,EXP_CLEANING_EXPENDITURE,"15,000-19,999 元",2,3.835826620636747e-4,0,0
2014,full_sample,EXP_CLEANING_EXPENDITURE,"2,000-2,999 元",85,0.016302263137706177,0,0
2014,full_sample,EXP_CLEANING_EXPENDITURE,"20,000-29,999 元",13,0.002493287303413886,0,0
2014,full_sample,EXP_CLEANING_EXPENDITURE,"3,000-3,999 元",24,0.004602991944764097,0,0
2014,full_sample,EXP_CLEANING_EXPENDITURE,"4,000-4,999 元",6,0.0011507479861910242,0,0
2014,full_sample,EXP_CLEANING_EXPENDITURE,"5,000-6,999 元",3,5.753739930955121e-4,0,0
2014,full_sample,EXP_CLEANING_EXPENDITURE,999 元及以下,200,0.038358266206367474,0,0
2014,full_sample,EXP_CLEANING_EXPENDITURE,沒有這項支出,4777,0.9161871883390871,0,0
2014,full_sample,EXP_CLOTHING_EXPENDITURE,"1,000-1,999元",1282,0.2458764863828155,0,0
2014,full_sample,EXP_CLOTHING_EXPENDITURE,"10,000-14,999元",43,0.008247027234369007,0,0
2014,full_sample,EXP_CLOTHING_EXPENDITURE,"15,000-19,999元",8,0.0015343306482546988,0,0
2014,full_sample,EXP_CLOTHING_EXPENDITURE,"2,000-2,999元",734,0.14077483697736862,0,0
2014,full_sample,EXP_CLOTHING_EXPENDITURE,"20,000-29,999元",9,0.0017261219792865361,0,0
2014,full_sample,EXP_CLOTHING_EXPENDITURE,"3,000-3,999元",322,0.06175680859225163,0,0
2014,full_sample,EXP_CLOTHING_EXPENDITURE,35000,2,3.835826620636747e-4,0,0
2014,full_sample,EXP_CLOTHING_EXPENDITURE,"4,000-4,999元",132,0.02531645569620253,0,0
2014,full_sample,EXP_CLOTHING_EXPENDITURE,"5,000-6,999元",100,0.019179133103183737,0,0
2014,full_sample,EXP_CLOTHING_EXPENDITURE,50000,4,7.671653241273494e-4,0,0
2014,full_sample,EXP_CLOTHING_EXPENDITURE,"7,000-9,999元",53,0.01016494054468738,0,0
2014,full_sample,EXP_CLOTHING_EXPENDITURE,999元及以下,1702,0.32642884541618716,0,0
2014,full_sample,EXP_CLOTHING_EXPENDITURE,沒有這項支出,823,0.15784426543920216,0,0
2014,full_sample,EXP_DINING_LODGING_EXPENDITURE,"1,000-1,999 元",510,0.09781357882623705,0,0
2014,full_sample,EXP_DINING_LODGING_EXPENDITURE,"10,000-14,999 元",201,0.03855005753739931,0,0
2014,full_sample,EXP_DINING_LODGING_EXPENDITURE,100000,4,7.671653241273494e-4,0,0
2014,full_sample,EXP_DINING_LODGING_EXPENDITURE,"15,000-19,999 元",94,0.01802838511699271,0,0
2014,full_sample,EXP_DINING_LODGING_EXPENDITURE,"2,000-2,999 元",543,0.10414269275028769,0,0
2014,full_sample,EXP_DINING_LODGING_EXPENDITURE,"20,000-29,999 元",53,0.01016494054468738,0,0
2014,full_sample,EXP_DINING_LODGING_EXPENDITURE,"3,000-3,999 元",473,0.09071729957805907,0,0
2014,full_sample,EXP_DINING_LODGING_EXPENDITURE,30000,1,1.9179133103183735e-4,0,0
2014,full_sample,EXP_DINING_LODGING_EXPENDITURE,33000,1,1.9179133103183735e-4,0,0
2014,full_sample,EXP_DINING_LODGING_EXPENDITURE,35000,3,5.753739930955121e-4,0,0
2014,full_sample,EXP_DINING_LODGING_EXPENDITURE,36000,2,3.835826620636747e-4,0,0
2014,full_sample,EXP_DINING_LODGING_EXPENDITURE,37000,1,1.9179133103183735e-4,0,0
2014,full_sample,EXP_DINING_LODGING_EXPENDITURE,"4,000-4,999 元",267,0.051208285385500575,0,0
2014,full_sample,EXP_DINING_LODGING_EXPENDITURE,40000,1,1.9179133103183735e-4,0,0
2014,full_sample,EXP_DINING_LODGING_EXPENDITURE,43000,1,1.9179133103183735e-4,0,0
2014,full_sample,EXP_DINING_LODGING_EXPENDITURE,"5,000-6,999 元",314,0.06022247794399693,0,0
2014,full_sample,EXP_DINING_LODGING_EXPENDITURE,"7,000-9,999 元",194,0.03720751822017645,0,0
2014,full_sample,EXP_DINING_LODGING_EXPENDITURE,70000,1,1.9179133103183735e-4,0,0
2014,full_sample,EXP_DINING_LODGING_EXPENDITURE,80000,1,1.9179133103183735e-4,0,0
2014,full_sample,EXP_DINING_LODGING_EXPENDITURE,999 元及以下,328,0.06290755657844266,0,0
2014,full_sample,EXP_DINING_LODGING_EXPENDITURE,沒有這項支出,2221,0.42596854622171076,0,0
2014,full_sample,EXP_EDU_TUITION_EXPENDITURE,"1,000-1,999元",343,0.06578442654392022,0,0
2014,full_sample,EXP_EDU_TUITION_EXPENDITURE,"10,000-14,999元",144,0.02761795166858458,0,0
2014,full_sample,EXP_EDU_TUITION_EXPENDITURE,"15,000-19,999元",54,0.010356731875719217,0,0
2014,full_sample,EXP_EDU_TUITION_EXPENDITURE,"2,000-2,999元",390,0.07479861910241657,0,0
2014,full_sample,EXP_EDU_TUITION_EXPENDITURE,"20,000-29,999元",47,0.009014192558496356,0,0
2014,full_sample,EXP_EDU_TUITION_EXPENDITURE,"3,000-3,999元",290,0.05561948599923283,0,0
2014,full_sample,EXP_EDU_TUITION_EXPENDITURE,30000,2,3.835826620636747e-4,0,0
2014,full_sample,EXP_EDU_TUITION_EXPENDITURE,35000,6,0.0011507479861910242,0,0
2014,full_sample,EXP_EDU_TUITION_EXPENDITURE,"4,000-4,999元",193,0.03701572688914461,0,0
2014,full_sample,EXP_EDU_TUITION_EXPENDITURE,40000,2,3.835826620636747e-4,0,0
2014,full_sample,EXP_EDU_TUITION_EXPENDITURE,"5,000-6,999元",257,0.0492903720751822,0,0
2014,full_sample,EXP_EDU_TUITION_EXPENDITURE,50000,1,1.9179133103183735e-4,0,0
2014,full_sample,EXP_EDU_TUITION_EXPENDITURE,55000,1,1.9179133103183735e-4,0,0
2014,full_sample,EXP_EDU_TUITION_EXPENDITURE,"7,000-9,999元",174,0.0333716915995397,0,0
2014,full_sample,EXP_EDU_TUITION_EXPENDITURE,80000,1,1.9179133103183735e-4,0,0
2014,full_sample,EXP_EDU_TUITION_EXPENDITURE,999元及以下,256,0.04909858074415036,0,0
2014,full_sample,EXP_EDU_TUITION_EXPENDITURE,沒有這項支出,3053,0.5855389336401995,0,0
2014,full_sample,EXP_FOOD_EXPENDITURE,"10,000-11,999 元",863,0.16567479362641582,5,9.589566551591868e-4
2014,full_sample,EXP_FOOD_EXPENDITURE,"12,000-14,999 元",461,0.08850067191399501,5,9.589566551591868e-4
2014,full_sample,EXP_FOOD_EXPENDITURE,"15,000-19,999 元",460,0.08830869648684968,5,9.589566551591868e-4
2014,full_sample,EXP_FOOD_EXPENDITURE,"2,999 元及以下",663,0.12727970819735074,5,9.589566551591868e-4
2014,full_sample,EXP_FOOD_EXPENDITURE,"20,000-29,999 元",277,0.053177193319255134,5,9.589566551591868e-4
2014,full_sample,EXP_FOOD_EXPENDITURE,"3,000-4,999 元",774,0.14858898061048187,5,9.589566551591868e-4
2014,full_sample,EXP_FOOD_EXPENDITURE,"30,000-39,999 元",59,0.011326550201574198,5,9.589566551591868e-4
2014,full_sample,EXP_FOOD_EXPENDITURE,"40,000-49,999 元",8,0.0015358034171626032,5,9.589566551591868e-4
2014,full_sample,EXP_FOOD_EXPENDITURE,"5,000-6,999 元",944,0.18122480322518716,5,9.589566551591868e-4
2014,full_sample,EXP_FOOD_EXPENDITURE,"50,000-59,999 元",1,1.919754271453254e-4,5,9.589566551591868e-4
2014,full_sample,EXP_FOOD_EXPENDITURE,"7,000-9,999 元",697,0.1338068727202918,5,9.589566551591868e-4
2014,full_sample,EXP_FOOD_EXPENDITURE,"70,000 元及以上，請記錄______________元",2,3.839508542906508e-4,5,9.589566551591868e-4
2014,full_sample,EXP_FURNITURE_EXPENDITURE,"1,000-1,999元",552,0.10586881472957423,0,0
2014,full_sample,EXP_FURNITURE_EXPENDITURE,"10,000-14,999元",32,0.006137322593018795,0,0
2014,full_sample,EXP_FURNITURE_EXPENDITURE,100000,1,1.9179133103183735e-4,0,0
2014,full_sample,EXP_FURNITURE_EXPENDITURE,"15,000-19,999元",12,0.0023014959723820483,0,0
2014,full_sample,EXP_FURNITURE_EXPENDITURE,"2,000-2,999元",332,0.06367472190257001,0,0
2014,full_sample,EXP_FURNITURE_EXPENDITURE,"20,000-29,999元",13,0.002493287303413886,0,0
2014,full_sample,EXP_FURNITURE_EXPENDITURE,"3,000-3,999元",115,0.022056003068661297,0,0
2014,full_sample,EXP_FURNITURE_EXPENDITURE,30000,1,1.9179133103183735e-4,0,0
2014,full_sample,EXP_FURNITURE_EXPENDITURE,3333,1,1.9179133103183735e-4,0,0
2014,full_sample,EXP_FURNITURE_EXPENDITURE,35000,2,3.835826620636747e-4,0,0
2014,full_sample,EXP_FURNITURE_EXPENDITURE,"4,000-4,999元",105,0.020138089758342925,0,0
2014,full_sample,EXP_FURNITURE_EXPENDITURE,40000,2,3.835826620636747e-4,0,0
2014,full_sample,EXP_FURNITURE_EXPENDITURE,"5,000-6,999元",46,0.008822401227464518,0,0
2014,full_sample,EXP_FURNITURE_EXPENDITURE,50000,2,3.835826620636747e-4,0,0
2014,full_sample,EXP_FURNITURE_EXPENDITURE,60000,1,1.9179133103183735e-4,0,0
2014,full_sample,EXP_FURNITURE_EXPENDITURE,"7,000-9,999元",24,0.004602991944764097,0,0
2014,full_sample,EXP_FURNITURE_EXPENDITURE,80000,1,1.9179133103183735e-4,0,0
2014,full_sample,EXP_FURNITURE_EXPENDITURE,999元及以下,801,0.15362485615650173,0,0
2014,full_sample,EXP_FURNITURE_EXPENDITURE,沒有這項支出,3171,0.6081703107019563,0,0
2014,full_sample,EXP_HOUSING_UTIL_EXPENDITURE,"1,000-1,499 元",717,0.13751438434982738,0,0
2014,full_sample,EXP_HOUSING_UTIL_EXPENDITURE,"1,500-1,999 元",715,0.1371308016877637,0,0
2014,full_sample,EXP_HOUSING_UTIL_EXPENDITURE,"10,000-14,999 元",409,0.07844265439202149,0,0
2014,full_sample,EXP_HOUSING_UTIL_EXPENDITURE,"15,000-19,999 元",200,0.038358266206367474,0,0
2014,full_sample,EXP_HOUSING_UTIL_EXPENDITURE,"2,000-2,499 元",628,0.12044495588799387,0,0
2014,full_sample,EXP_HOUSING_UTIL_EXPENDITURE,"2,500-2,999 元",621,0.119102416570771,0,0
2014,full_sample,EXP_HOUSING_UTIL_EXPENDITURE,"20,000-29,999 元",92,0.017644802454929037,0,0
2014,full_sample,EXP_HOUSING_UTIL_EXPENDITURE,"3,000-4,999 元",776,0.1488300728807058,0,0
2014,full_sample,EXP_HOUSING_UTIL_EXPENDITURE,"30,000-39,999 元",18,0.0034522439585730723,0,0
2014,full_sample,EXP_HOUSING_UTIL_EXPENDITURE,"40,000-49,999 元",8,0.0015343306482546988,0,0
2014,full_sample,EXP_HOUSING_UTIL_EXPENDITURE,"5,000-9,999 元",610,0.11699271192942079,0,0
2014,full_sample,EXP_HOUSING_UTIL_EXPENDITURE,"50,000-59,999 元",2,3.835826620636747e-4,0,0
2014,full_sample,EXP_HOUSING_UTIL_EXPENDITURE,"60,000-69,999 元",3,5.753739930955121e-4,0,0
2014,full_sample,EXP_HOUSING_UTIL_EXPENDITURE,"70,000 元及以上，請記錄____________元",3,5.753739930955121e-4,0,0
2014,full_sample,EXP_HOUSING_UTIL_EXPENDITURE,999 元及以下,375,0.07192174913693901,0,0
2014,full_sample,EXP_HOUSING_UTIL_EXPENDITURE,沒有這項支出,37,0.007096279248177982,0,0
2014,full_sample,EXP_LOAN_INTEREST_EXPENDITURE,"1,000-1,999元",77,0.014767932489451477,0,0
2014,full_sample,EXP_LOAN_INTEREST_EXPENDITURE,"10,000-14,999元",245,0.046988876102800156,0,0
2014,full_sample,EXP_LOAN_INTEREST_EXPENDITURE,"15,000-19,999元",131,0.025124664365170694,0,0
2014,full_sample,EXP_LOAN_INTEREST_EXPENDITURE,"2,000-2,999元",81,0.015535097813578827,0,0
2014,full_sample,EXP_LOAN_INTEREST_EXPENDITURE,"20,000-29,999元",130,0.024932873034138856,0,0
2014,full_sample,EXP_LOAN_INTEREST_EXPENDITURE,"3,000-3,999元",109,0.02090525508247027,0,0
2014,full_sample,EXP_LOAN_INTEREST_EXPENDITURE,30000,55,0.010548523206751054,0,0
2014,full_sample,EXP_LOAN_INTEREST_EXPENDITURE,"4,000-4,999元",73,0.014000767165324127,0,0
2014,full_sample,EXP_LOAN_INTEREST_EXPENDITURE,"5,000-6,999元",173,0.03317990026850786,0,0
2014,full_sample,EXP_LOAN_INTEREST_EXPENDITURE,"7,000-9,999元",165,0.03164556962025317,0,0
2014,full_sample,EXP_LOAN_INTEREST_EXPENDITURE,999元及以下,50,0.009589566551591868,0,0
2014,full_sample,EXP_LOAN_INTEREST_EXPENDITURE,沒有這項支出,3925,0.7527809742999616,0,0
2014,full_sample,EXP_MEDICAL_EXPENDITURE,"1,000-1,999 元",832,0.1595703874184887,0,0
2014,full_sample,EXP_MEDICAL_EXPENDITURE,"10,000-14,999 元",103,0.01975450709627925,0,0
2014,full_sample,EXP_MEDICAL_EXPENDITURE,"15,000-19,999 元",23,0.004411200613732259,0,0
2014,full_sample,EXP_MEDICAL_EXPENDITURE,"2,000-2,999 元",538,0.1031837360951285,0,0
2014,full_sample,EXP_MEDICAL_EXPENDITURE,"20,000-29,999 元",32,0.006137322593018795,0,0
2014,full_sample,EXP_MEDICAL_EXPENDITURE,"3,000-3,999 元",295,0.05657844265439202,0,0
2014,full_sample,EXP_MEDICAL_EXPENDITURE,"30,000 元及以上，請記錄________元",6,0.0011507479861910242,0,0
2014,full_sample,EXP_MEDICAL_EXPENDITURE,"4,000-4,999 元",143,0.027426160337552744,0,0
2014,full_sample,EXP_MEDICAL_EXPENDITURE,499 元及以下,1275,0.24453394706559264,0,0
2014,full_sample,EXP_MEDICAL_EXPENDITURE,"5,000-6,999 元",166,0.031837360951285004,0,0
2014,full_sample,EXP_MEDICAL_EXPENDITURE,500-999 元,1124,0.2155734560797852,0,0
2014,full_sample,EXP_MEDICAL_EXPENDITURE,"7,000-9,999 元",109,0.02090525508247027,0,0
2014,full_sample,EXP_MEDICAL_EXPENDITURE,沒有這項支出,568,0.10893747602608363,0,0
2014,full_sample,EXP_OTHER_EXPENDITURE,"1,000-1,999元",1285,0.24645186037591102,0,0
2014,full_sample,EXP_OTHER_EXPENDITURE,"10,000-14,999元",35,0.006712696586114308,0,0
2014,full_sample,EXP_OTHER_EXPENDITURE,"15,000-19,999元",9,0.0017261219792865361,0,0
2014,full_sample,EXP_OTHER_EXPENDITURE,"2,000-2,999元",929,0.1781741465285769,0,0
2014,full_sample,EXP_OTHER_EXPENDITURE,"20,000-29,999元",12,0.0023014959723820483,0,0
2014,full_sample,EXP_OTHER_EXPENDITURE,"3,000-3,999元",458,0.08784042961258151,0,0
2014,full_sample,EXP_OTHER_EXPENDITURE,30000,2,3.835826620636747e-4,0,0
2014,full_sample,EXP_OTHER_EXPENDITURE,35000,1,1.9179133103183735e-4,0,0
2014,full_sample,EXP_OTHER_EXPENDITURE,"4,000-4,999元",182,0.0349060222477944,0,0
2014,full_sample,EXP_OTHER_EXPENDITURE,"5,000-6,999元",108,0.020713463751438434,0,0
2014,full_sample,EXP_OTHER_EXPENDITURE,50000,2,3.835826620636747e-4,0,0
2014,full_sample,EXP_OTHER_EXPENDITURE,"7,000-9,999元",44,0.008438818565400843,0,0
2014,full_sample,EXP_OTHER_EXPENDITURE,999元及以下,1277,0.24491752972765632,0,0
2014,full_sample,EXP_OTHER_EXPENDITURE,沒有這項支出,870,0.1668584579976985,0,0
2014,full_sample,EXP_TAX_INS_GIFT_EXPENDITURE,"1,000-1,499 元",771,0.1478711162255466,0,0
2014,full_sample,EXP_TAX_INS_GIFT_EXPENDITURE,"1,500-1,999 元",550,0.10548523206751055,0,0
2014,full_sample,EXP_TAX_INS_GIFT_EXPENDITURE,"10,000-14,999 元",149,0.028576908323743766,0,0
2014,full_sample,EXP_TAX_INS_GIFT_EXPENDITURE,"15,000-19,999 元",26,0.004986574606827772,0,0
2014,full_sample,EXP_TAX_INS_GIFT_EXPENDITURE,"2,000-2,499 元",658,0.126198695818949,0,0
2014,full_sample,EXP_TAX_INS_GIFT_EXPENDITURE,"2,500-2,999 元",530,0.1016494054468738,0,0
2014,full_sample,EXP_TAX_INS_GIFT_EXPENDITURE,"20,000-29,999 元",37,0.007096279248177982,0,0
2014,full_sample,EXP_TAX_INS_GIFT_EXPENDITURE,"3,000-3,999 元",568,0.10893747602608363,0,0
2014,full_sample,EXP_TAX_INS_GIFT_EXPENDITURE,"30,000 元及以上，請記錄________元",40,0.007671653241273495,0,0
2014,full_sample,EXP_TAX_INS_GIFT_EXPENDITURE,"4,000-4,999 元",387,0.07422324510932106,0,0
2014,full_sample,EXP_TAX_INS_GIFT_EXPENDITURE,"5,000-6,999 元",461,0.08841580360567702,0,0
2014,full_sample,EXP_TAX_INS_GIFT_EXPENDITURE,"7,000-9,999 元",198,0.0379746835443038,0,0
2014,full_sample,EXP_TAX_INS_GIFT_EXPENDITURE,999 元及以下,521,0.09992328346758726,0,0
2014,full_sample,EXP_TAX_INS_GIFT_EXPENDITURE,沒有這項支出,318,0.06098964326812428,0,0
2014,full_sample,EXP_TRANSPORT_COMM_EXPENDITURE,"1,000-1,999 元",818,0.15688530878404297,0,0
2014,full_sample,EXP_TRANSPORT_COMM_EXPENDITURE,"10,000-14,999 元",358,0.06866129650939777,0,0
2014,full_sample,EXP_TRANSPORT_COMM_EXPENDITURE,"15,000-19,999 元",97,0.018603759110088224,0,0
2014,full_sample,EXP_TRANSPORT_COMM_EXPENDITURE,"2,000-2,999 元",799,0.15324127349443806,0,0
2014,full_sample,EXP_TRANSPORT_COMM_EXPENDITURE,"20,000-29,999 元",54,0.010356731875719217,0,0
2014,full_sample,EXP_TRANSPORT_COMM_EXPENDITURE,"3,000-3,999 元",888,0.17031070195627157,0,0
2014,full_sample,EXP_TRANSPORT_COMM_EXPENDITURE,"30,000 元及以上，請記錄________元",15,0.0028768699654775605,0,0
2014,full_sample,EXP_TRANSPORT_COMM_EXPENDITURE,"4,000-4,999 元",663,0.12715765247410818,0,0
2014,full_sample,EXP_TRANSPORT_COMM_EXPENDITURE,"5,000-6,999 元",654,0.12543153049482164,0,0
2014,full_sample,EXP_TRANSPORT_COMM_EXPENDITURE,"7,000-9,999 元",387,0.07422324510932106,0,0
2014,full_sample,EXP_TRANSPORT_COMM_EXPENDITURE,999 元及以下,443,0.08496355964710395,0,0
2014,full_sample,EXP_TRANSPORT_COMM_EXPENDITURE,沒有這項支出,38,0.00728807057920982,0,0
2014,full_sample,EXP_TRAVEL_EXPENDITURE,"1,000-1,999元",345,0.0661680092059839,0,0
2014,full_sample,EXP_TRAVEL_EXPENDITURE,"10,000-14,999元",40,0.007671653241273495,0,0
2014,full_sample,EXP_TRAVEL_EXPENDITURE,"15,000-19,999元",11,0.002109704641350211,0,0
2014,full_sample,EXP_TRAVEL_EXPENDITURE,"2,000-2,999元",308,0.05907172995780591,0,0
2014,full_sample,EXP_TRAVEL_EXPENDITURE,"20,000-29,999元",15,0.0028768699654775605,0,0
2014,full_sample,EXP_TRAVEL_EXPENDITURE,"3,000-3,999元",170,0.032604526275412354,0,0
2014,full_sample,EXP_TRAVEL_EXPENDITURE,30000,2,3.835826620636747e-4,0,0
2014,full_sample,EXP_TRAVEL_EXPENDITURE,35000,2,3.835826620636747e-4,0,0
2014,full_sample,EXP_TRAVEL_EXPENDITURE,"4,000-4,999元",105,0.020138089758342925,0,0
2014,full_sample,EXP_TRAVEL_EXPENDITURE,"5,000-6,999元",92,0.017644802454929037,0,0
2014,full_sample,EXP_TRAVEL_EXPENDITURE,50000,4,7.671653241273494e-4,0,0
2014,full_sample,EXP_TRAVEL_EXPENDITURE,52000,1,1.9179133103183735e-4,0,0
2014,full_sample,EXP_TRAVEL_EXPENDITURE,60000,1,1.9179133103183735e-4,0,0
2014,full_sample,EXP_TRAVEL_EXPENDITURE,"7,000-9,999元",34,0.00652090525508247,0,0
2014,full_sample,EXP_TRAVEL_EXPENDITURE,75000,2,3.835826620636747e-4,0,0
2014,full_sample,EXP_TRAVEL_EXPENDITURE,999元及以下,231,0.04430379746835443,0,0
2014,full_sample,EXP_TRAVEL_EXPENDITURE,沒有這項支出,3851,0.7385884158036057,0,0
2014,full_sample,HAS_INDI_55PLUS,FALSE,2647,0.5076716532412735,0,0
2014,full_sample,HAS_INDI_55PLUS,TRUE,2567,0.4923283467587265,0,0
2014,full_sample,HAS_INDI_65PLUS,FALSE,3845,0.7374376678174146,0,0
2014,full_sample,HAS_INDI_65PLUS,TRUE,1369,0.26256233218258535,0,0
2014,full_sample,HOUSE_BELONG,借用,159,0.03049482163406214,0,0
2014,full_sample,HOUSE_BELONG,其他,2,3.835826620636747e-4,0,0
2014,full_sample,HOUSE_BELONG,租賃,1240,0.23782125047947833,0,0
2014,full_sample,HOUSE_BELONG,自有/家人所有/自建,3789,0.7266973532796318,0,0
2014,full_sample,HOUSE_BELONG,配住,24,0.004602991944764097,0,0
2014,full_sample,INC_FAM_GOV_INCOME,"1,000-1,999 元",32,0.009566517189835576,1869,0.358457997698504
2014,full_sample,INC_FAM_GOV_INCOME,"10,000-14,999 元",230,0.0687593423019432,1869,0.358457997698504
2014,full_sample,INC_FAM_GOV_INCOME,"15,000-19,999 元",55,0.016442451420029897,1869,0.358457997698504
2014,full_sample,INC_FAM_GOV_INCOME,"2,000-2,999 元",35,0.01046337817638266,1869,0.358457997698504
2014,full_sample,INC_FAM_GOV_INCOME,"20,000-29,999 元",24,0.007174887892376682,1869,0.358457997698504
2014,full_sample,INC_FAM_GOV_INCOME,"3,000-3,999 元",468,0.13991031390134528,1869,0.358457997698504
2014,full_sample,INC_FAM_GOV_INCOME,"30,000 元及以上，請記錄________元",6,0.0017937219730941704,1869,0.358457997698504
2014,full_sample,INC_FAM_GOV_INCOME,"4,000-4,999 元",89,0.026606875934230195,1869,0.358457997698504
2014,full_sample,INC_FAM_GOV_INCOME,"5,000-5,999 元",45,0.013452914798206279,1869,0.358457997698504
2014,full_sample,INC_FAM_GOV_INCOME,"6,000-7,999 元",347,0.10373692077727951,1869,0.358457997698504
2014,full_sample,INC_FAM_GOV_INCOME,"8,000-9,999 元",46,0.013751868460388639,1869,0.358457997698504
2014,full_sample,INC_FAM_GOV_INCOME,999 元及以下,13,0.0038863976083707025,1869,0.358457997698504
2014,full_sample,INC_FAM_GOV_INCOME,沒有這項收入,1955,0.5844544095665172,1869,0.358457997698504
2014,full_sample,INC_FAM_INTEREST_INCOME,"1,000-1,999 元",87,0.02600896860986547,1869,0.358457997698504
2014,full_sample,INC_FAM_INTEREST_INCOME,"10,000-14,999 元",23,0.0068759342301943195,1869,0.358457997698504
2014,full_sample,INC_FAM_INTEREST_INCOME,"2,000-2,999 元",41,0.012257100149476832,1869,0.358457997698504
2014,full_sample,INC_FAM_INTEREST_INCOME,"20,000-29,999 元",5,0.0014947683109118087,1869,0.358457997698504
2014,full_sample,INC_FAM_INTEREST_INCOME,"3,000-3,999 元",12,0.003587443946188341,1869,0.358457997698504
2014,full_sample,INC_FAM_INTEREST_INCOME,"30,000 元及以上，請記錄________元",3,8.968609865470852e-4,1869,0.358457997698504
2014,full_sample,INC_FAM_INTEREST_INCOME,"4,000-4,999 元",16,0.004783258594917788,1869,0.358457997698504
2014,full_sample,INC_FAM_INTEREST_INCOME,"5,000-5,999 元",10,0.0029895366218236174,1869,0.358457997698504
2014,full_sample,INC_FAM_INTEREST_INCOME,"6,000-7,999 元",6,0.0017937219730941704,1869,0.358457997698504
2014,full_sample,INC_FAM_INTEREST_INCOME,"8,000-9,999 元",8,0.002391629297458894,1869,0.358457997698504
2014,full_sample,INC_FAM_INTEREST_INCOME,999 元及以下,199,0.05949177877428999,1869,0.358457997698504
2014,full_sample,INC_FAM_INTEREST_INCOME,沒有這項收入,2935,0.8774289985052317,1869,0.358457997698504
2014,full_sample,INC_FAM_OTHER_INCOME,"10,000-14,999元",5,0.0014947683109118087,1869,0.358457997698504
2014,full_sample,INC_FAM_OTHER_INCOME,"15,000-19,999元",4,0.001195814648729447,1869,0.358457997698504
2014,full_sample,INC_FAM_OTHER_INCOME,"20,000-24,999元",1,2.9895366218236175e-4,1869,0.358457997698504
2014,full_sample,INC_FAM_OTHER_INCOME,"25,000-29,999元",2,5.979073243647235e-4,1869,0.358457997698504
2014,full_sample,INC_FAM_OTHER_INCOME,"30,000-39,999元",1,2.9895366218236175e-4,1869,0.358457997698504
2014,full_sample,INC_FAM_OTHER_INCOME,"4,999元及以下",73,0.021823617339312408,1869,0.358457997698504
2014,full_sample,INC_FAM_OTHER_INCOME,"5,000-9,999元",16,0.004783258594917788,1869,0.358457997698504
2014,full_sample,INC_FAM_OTHER_INCOME,"50,000-59,999元",13,0.0038863976083707025,1869,0.358457997698504
2014,full_sample,INC_FAM_OTHER_INCOME,沒有這項收入,3230,0.9656203288490284,1869,0.358457997698504
2014,full_sample,INC_FAM_RENT_INCOME,"10,000-14,999 元",4,0.001195814648729447,1869,0.358457997698504
2014,full_sample,INC_FAM_RENT_INCOME,"15,000-19,999 元",3,8.968609865470852e-4,1869,0.358457997698504
2014,full_sample,INC_FAM_RENT_INCOME,"30,000-39,999 元",1,2.9895366218236175e-4,1869,0.358457997698504
2014,full_sample,INC_FAM_RENT_INCOME,"4,999 元及以下",13,0.0038863976083707025,1869,0.358457997698504
2014,full_sample,INC_FAM_RENT_INCOME,"5,000-9,999 元",12,0.003587443946188341,1869,0.358457997698504
2014,full_sample,INC_FAM_RENT_INCOME,"50,000-59,999 元",23,0.0068759342301943195,1869,0.358457997698504
2014,full_sample,INC_FAM_RENT_INCOME,"80,000 元及以上，請記錄_________________元",2,5.979073243647235e-4,1869,0.358457997698504
2014,full_sample,INC_FAM_RENT_INCOME,沒有這項收入,3287,0.9826606875934231,1869,0.358457997698504
2014,full_sample,INC_FAM_TRANSFER_INCOME,"1,000-1,999 元",38,0.011360239162929745,1869,0.358457997698504
2014,full_sample,INC_FAM_TRANSFER_INCOME,"10,000-14,999 元",7,0.0020926756352765323,1869,0.358457997698504
2014,full_sample,INC_FAM_TRANSFER_INCOME,"2,000-2,999 元",11,0.003288490284005979,1869,0.358457997698504
2014,full_sample,INC_FAM_TRANSFER_INCOME,"20,000-29,999 元",2,5.979073243647235e-4,1869,0.358457997698504
2014,full_sample,INC_FAM_TRANSFER_INCOME,"3,000-3,999 元",9,0.0026905829596412557,1869,0.358457997698504
2014,full_sample,INC_FAM_TRANSFER_INCOME,"4,000-4,999 元",5,0.0014947683109118087,1869,0.358457997698504
2014,full_sample,INC_FAM_TRANSFER_INCOME,"5,000-5,999 元",4,0.001195814648729447,1869,0.358457997698504
2014,full_sample,INC_FAM_TRANSFER_INCOME,"6,000-7,999 元",2,5.979073243647235e-4,1869,0.358457997698504
2014,full_sample,INC_FAM_TRANSFER_INCOME,"8,000-9,999 元",3,8.968609865470852e-4,1869,0.358457997698504
2014,full_sample,INC_FAM_TRANSFER_INCOME,999 元及以下,70,0.02092675635276532,1869,0.358457997698504
2014,full_sample,INC_FAM_TRANSFER_INCOME,沒有這項收入,3194,0.9548579970104634,1869,0.358457997698504
2014,full_sample,INC_FAM_WORK_INCOME,"10,000-19,999 元",112,0.03348281016442452,1869,0.358457997698504
2014,full_sample,INC_FAM_WORK_INCOME,"100,000-129,999元",281,0.08400597907324364,1869,0.358457997698504
2014,full_sample,INC_FAM_WORK_INCOME,"130,000-159,999元",84,0.025112107623318385,1869,0.358457997698504
2014,full_sample,INC_FAM_WORK_INCOME,"160,000 元及以上，請記錄____________元",39,0.011659192825112108,1869,0.358457997698504
2014,full_sample,INC_FAM_WORK_INCOME,"20,000-29,999 元",225,0.06726457399103139,1869,0.358457997698504
2014,full_sample,INC_FAM_WORK_INCOME,"30,000-39,999 元",316,0.09446935724962631,1869,0.358457997698504
2014,full_sample,INC_FAM_WORK_INCOME,"40,000-49,999 元",419,0.12526158445440957,1869,0.358457997698504
2014,full_sample,INC_FAM_WORK_INCOME,"50,000-59,999 元",516,0.15426008968609867,1869,0.358457997698504
2014,full_sample,INC_FAM_WORK_INCOME,"60,000-69,999 元",416,0.12436472346786248,1869,0.358457997698504
2014,full_sample,INC_FAM_WORK_INCOME,"70,000-79,999 元",364,0.10881913303437966,1869,0.358457997698504
2014,full_sample,INC_FAM_WORK_INCOME,"80,000-89,999 元",279,0.08340807174887892,1869,0.358457997698504
2014,full_sample,INC_FAM_WORK_INCOME,"9,999 元及以下",42,0.012556053811659192,1869,0.358457997698504
2014,full_sample,INC_FAM_WORK_INCOME,"90,000-99,999 元",161,0.04813153961136024,1869,0.358457997698504
2014,full_sample,INC_FAM_WORK_INCOME,沒有這項收入,91,0.027204783258594916,1869,0.358457997698504
2014,full_sample,INC_PERS_GOV_INCOME,"1,000-1,999 元",28,0.005370157268891446,0,0
2014,full_sample,INC_PERS_GOV_INCOME,"10,000-14,999 元",87,0.01668584579976985,0,0
2014,full_sample,INC_PERS_GOV_INCOME,"15,000-19,999 元",31,0.005945531261986959,0,0
2014,full_sample,INC_PERS_GOV_INCOME,"2,000-2,999 元",38,0.00728807057920982,0,0
2014,full_sample,INC_PERS_GOV_INCOME,"20,000-29,999 元",13,0.002493287303413886,0,0
2014,full_sample,INC_PERS_GOV_INCOME,"3,000-3,999 元",628,0.12044495588799387,0,0
2014,full_sample,INC_PERS_GOV_INCOME,"30,000 元及以上，請記錄________元",6,0.0011507479861910242,0,0
2014,full_sample,INC_PERS_GOV_INCOME,"4,000-4,999 元",97,0.018603759110088224,0,0
2014,full_sample,INC_PERS_GOV_INCOME,"5,000-5,999 元",31,0.005945531261986959,0,0
2014,full_sample,INC_PERS_GOV_INCOME,"6,000-7,999 元",282,0.05408515535097814,0,0
2014,full_sample,INC_PERS_GOV_INCOME,"8,000-9,999 元",44,0.008438818565400843,0,0
2014,full_sample,INC_PERS_GOV_INCOME,999 元及以下,25,0.004794783275795934,0,0
2014,full_sample,INC_PERS_GOV_INCOME,沒有這項收入,3904,0.7487533563482931,0,0
2014,full_sample,INC_PERS_INTEREST_INCOME,"1,000-1,999 元",79,0.015151515151515152,0,0
2014,full_sample,INC_PERS_INTEREST_INCOME,"10,000-14,999 元",8,0.0015343306482546988,0,0
2014,full_sample,INC_PERS_INTEREST_INCOME,"15,000-19,999 元",1,1.9179133103183735e-4,0,0
2014,full_sample,INC_PERS_INTEREST_INCOME,"2,000-2,999 元",23,0.004411200613732259,0,0
2014,full_sample,INC_PERS_INTEREST_INCOME,"20,000-29,999 元",4,7.671653241273494e-4,0,0
2014,full_sample,INC_PERS_INTEREST_INCOME,"3,000-3,999 元",23,0.004411200613732259,0,0
2014,full_sample,INC_PERS_INTEREST_INCOME,"30,000 元及以上，請記錄________元",4,7.671653241273494e-4,0,0
2014,full_sample,INC_PERS_INTEREST_INCOME,"4,000-4,999 元",8,0.0015343306482546988,0,0
2014,full_sample,INC_PERS_INTEREST_INCOME,"5,000-5,999 元",12,0.0023014959723820483,0,0
2014,full_sample,INC_PERS_INTEREST_INCOME,"6,000-7,999 元",8,0.0015343306482546988,0,0
2014,full_sample,INC_PERS_INTEREST_INCOME,"8,000-9,999 元",3,5.753739930955121e-4,0,0
2014,full_sample,INC_PERS_INTEREST_INCOME,999 元及以下,276,0.05293440736478711,0,0
2014,full_sample,INC_PERS_INTEREST_INCOME,沒有這項收入,4765,0.913885692366705,0,0
2014,full_sample,INC_PERS_OTHER_INCOME,"10,000-14,999 元",15,0.0028768699654775605,0,0
2014,full_sample,INC_PERS_OTHER_INCOME,"15,000-19,999 元",5,9.589566551591868e-4,0,0
2014,full_sample,INC_PERS_OTHER_INCOME,"20,000-24,999 元",3,5.753739930955121e-4,0,0
2014,full_sample,INC_PERS_OTHER_INCOME,"4,999 元及以下",126,0.024165707710011506,0,0
2014,full_sample,INC_PERS_OTHER_INCOME,"5,000-9,999 元",25,0.004794783275795934,0,0
2014,full_sample,INC_PERS_OTHER_INCOME,"50,000-59,999 元",4,7.671653241273494e-4,0,0
2014,full_sample,INC_PERS_OTHER_INCOME,"80,000 元及以上，請記錄_________________元",1,1.9179133103183735e-4,0,0
2014,full_sample,INC_PERS_OTHER_INCOME,沒有這項收入,5035,0.9656693517453011,0,0
2014,full_sample,INC_PERS_RENT_INCOME,"10,000-14,999 元",8,0.0015343306482546988,0,0
2014,full_sample,INC_PERS_RENT_INCOME,"15,000-19,999 元",2,3.835826620636747e-4,0,0
2014,full_sample,INC_PERS_RENT_INCOME,"20,000-24,999 元",1,1.9179133103183735e-4,0,0
2014,full_sample,INC_PERS_RENT_INCOME,"25,000-29,999 元",2,3.835826620636747e-4,0,0
2014,full_sample,INC_PERS_RENT_INCOME,"4,999 元及以下",13,0.002493287303413886,0,0
2014,full_sample,INC_PERS_RENT_INCOME,"5,000-9,999 元",14,0.002685078634445723,0,0
2014,full_sample,INC_PERS_RENT_INCOME,"50,000-59,999 元",5,9.589566551591868e-4,0,0
2014,full_sample,INC_PERS_RENT_INCOME,"60,000-69,999 元",1,1.9179133103183735e-4,0,0
2014,full_sample,INC_PERS_RENT_INCOME,"80,000 元及以上，請記錄_________________元",3,5.753739930955121e-4,0,0
2014,full_sample,INC_PERS_RENT_INCOME,沒有這項收入,5165,0.9906022247794399,0,0
2014,full_sample,INC_PERS_TRANSFER_INCOME,"1,000-1,999 元",38,0.00728807057920982,0,0
2014,full_sample,INC_PERS_TRANSFER_INCOME,"10,000-14,999 元",21,0.004027617951668585,0,0
2014,full_sample,INC_PERS_TRANSFER_INCOME,"15,000-19,999 元",1,1.9179133103183735e-4,0,0
2014,full_sample,INC_PERS_TRANSFER_INCOME,"2,000-2,999 元",22,0.004219409282700422,0,0
2014,full_sample,INC_PERS_TRANSFER_INCOME,"20,000-29,999 元",3,5.753739930955121e-4,0,0
2014,full_sample,INC_PERS_TRANSFER_INCOME,"3,000-3,999 元",17,0.003260452627541235,0,0
2014,full_sample,INC_PERS_TRANSFER_INCOME,"30,000 元及以上，請記錄________元",2,3.835826620636747e-4,0,0
2014,full_sample,INC_PERS_TRANSFER_INCOME,"4,000-4,999 元",5,9.589566551591868e-4,0,0
2014,full_sample,INC_PERS_TRANSFER_INCOME,"5,000-5,999 元",16,0.0030686612965093976,0,0
2014,full_sample,INC_PERS_TRANSFER_INCOME,"6,000-7,999 元",8,0.0015343306482546988,0,0
2014,full_sample,INC_PERS_TRANSFER_INCOME,"8,000-9,999 元",5,9.589566551591868e-4,0,0
2014,full_sample,INC_PERS_TRANSFER_INCOME,999 元及以下,100,0.019179133103183737,0,0
2014,full_sample,INC_PERS_TRANSFER_INCOME,沒有這項收入,4976,0.9543536632144227,0,0
2014,full_sample,INC_PERS_WORK_INCOME,"10,000-14,999 元",281,0.0538933640199463,0,0
2014,full_sample,INC_PERS_WORK_INCOME,"100,000-129,999元",28,0.005370157268891446,0,0
2014,full_sample,INC_PERS_WORK_INCOME,"130,000-159,999元",4,7.671653241273494e-4,0,0
2014,full_sample,INC_PERS_WORK_INCOME,"15,000-19,999 元",394,0.07556578442654392,0,0
2014,full_sample,INC_PERS_WORK_INCOME,"160,000 元及以上，請記錄____________元",5,9.589566551591868e-4,0,0
2014,full_sample,INC_PERS_WORK_INCOME,"20,000-24,999 元",692,0.13271960107403144,0,0
2014,full_sample,INC_PERS_WORK_INCOME,"25,000-29,999 元",571,0.10951285001917914,0,0
2014,full_sample,INC_PERS_WORK_INCOME,"30,000-39,999 元",1071,0.2054085155350978,0,0
2014,full_sample,INC_PERS_WORK_INCOME,"40,000-49,999 元",520,0.09973149213655542,0,0
2014,full_sample,INC_PERS_WORK_INCOME,"50,000-59,999 元",311,0.05964710395090142,0,0
2014,full_sample,INC_PERS_WORK_INCOME,"60,000-69,999 元",144,0.02761795166858458,0,0
2014,full_sample,INC_PERS_WORK_INCOME,"70,000-79,999 元",60,0.011507479861910242,0,0
2014,full_sample,INC_PERS_WORK_INCOME,"80,000-89,999 元",30,0.005753739930955121,0,0
2014,full_sample,INC_PERS_WORK_INCOME,"9,999 元及以下",254,0.04871499808208669,0,0
2014,full_sample,INC_PERS_WORK_INCOME,"90,000-99,999 元",7,0.0013425393172228615,0,0
2014,full_sample,INC_PERS_WORK_INCOME,沒有這項收入,842,0.16148830072880707,0,0
2014,full_sample,MALE,男性,3360,0.6444188722669736,0,0
2014,full_sample,MALE,非男性,1854,0.35558112773302647,0,0
2014,full_sample,RACE,卑南族,136,0.02608362102032988,0,0
2014,full_sample,RACE,卡那卡那富族,3,5.753739930955121e-4,0,0
2014,full_sample,RACE,噶瑪蘭族,4,7.671653241273494e-4,0,0
2014,full_sample,RACE,太魯閣族,238,0.04564633678557729,0,0
2014,full_sample,RACE,布農族,458,0.08784042961258151,0,0
2014,full_sample,RACE,拉阿魯哇族,3,5.753739930955121e-4,0,0
2014,full_sample,RACE,排灣族,910,0.174530111238972,0,0
2014,full_sample,RACE,撒奇萊雅族,16,0.0030686612965093976,0,0
2014,full_sample,RACE,泰雅族,545,0.10452627541235136,0,0
2014,full_sample,RACE,賽夏族,46,0.008822401227464518,0,0
2014,full_sample,RACE,賽德克族,87,0.01668584579976985,0,0
2014,full_sample,RACE,邵族,28,0.005370157268891446,0,0
2014,full_sample,RACE,鄒族,74,0.014192558496355964,0,0
2014,full_sample,RACE,阿美族,1902,0.36478711162255467,0,0
2014,full_sample,RACE,雅美族/達悟族,17,0.003260452627541235,0,0
2014,full_sample,RACE,非原住民族,643,0.12332182585347143,0,0
2014,full_sample,RACE,魯凱族,104,0.019946298427311087,0,0
2014,full_sample,RENT,"1,000-2,999元",42,0.03322784810126582,3950,0.7575757575757576
2014,full_sample,RENT,"10,000-19,999元",343,0.2713607594936709,3950,0.7575757575757576
2014,full_sample,RENT,20000,5,0.003955696202531646,3950,0.7575757575757576
2014,full_sample,RENT,22000,3,0.0023734177215189874,3950,0.7575757575757576
2014,full_sample,RENT,23000,4,0.0031645569620253164,3950,0.7575757575757576
2014,full_sample,RENT,24000,3,0.0023734177215189874,3950,0.7575757575757576
2014,full_sample,RENT,25000,12,0.00949367088607595,3950,0.7575757575757576
2014,full_sample,RENT,25400,1,7.911392405063291e-4,3950,0.7575757575757576
2014,full_sample,RENT,28000,1,7.911392405063291e-4,3950,0.7575757575757576
2014,full_sample,RENT,"3,000-4,999元",120,0.0949367088607595,3950,0.7575757575757576
2014,full_sample,RENT,30000,6,0.004746835443037975,3950,0.7575757575757576
2014,full_sample,RENT,35000,1,7.911392405063291e-4,3950,0.7575757575757576
2014,full_sample,RENT,40000,1,7.911392405063291e-4,3950,0.7575757575757576
2014,full_sample,RENT,"5,000-6,999元",243,0.19224683544303797,3950,0.7575757575757576
2014,full_sample,RENT,"7,000-9,999元",396,0.31329113924050633,3950,0.7575757575757576
2014,full_sample,RENT,不需要支付租金,60,0.04746835443037975,3950,0.7575757575757576
2014,full_sample,RENT,"未滿1,000元",23,0.01819620253164557,3950,0.7575757575757576
2014,full_sample,RESPONDENT_UNIT,economic_household_head,5214,1,0,0
2014,full_sample,RESPONDENT_UNIT_SOURCE,103年問卷封面：經濟戶長本人或代答,5214,1,0,0
2017,full_sample,AGE_GROUP,20-29歲,290,0.054696341003394947,0,0
2017,full_sample,AGE_GROUP,30-39歲,863,0.16276876650320635,0,0
2017,full_sample,AGE_GROUP,40-49歲,1304,0.24594492644285176,0,0
2017,full_sample,AGE_GROUP,50-59歲,1435,0.2706525839305922,0,0
2017,full_sample,AGE_GROUP,60歲以上,1410,0.2659373821199547,0,0
2017,full_sample,AGE_GROUP_HARMONIZED,20-29歲,290,0.054696341003394947,0,0
2017,full_sample,AGE_GROUP_HARMONIZED,30-39歲,863,0.16276876650320635,0,0
2017,full_sample,AGE_GROUP_HARMONIZED,40-49歲,1304,0.24594492644285176,0,0
2017,full_sample,AGE_GROUP_HARMONIZED,50-59歲,1435,0.2706525839305922,0,0
2017,full_sample,AGE_GROUP_HARMONIZED,60歲以上,1410,0.2659373821199547,0,0
2017,full_sample,AGE_MEASURE_TYPE,age_group,5302,1,0,0
2017,full_sample,EDU,不識字/自修,146,0.027536778574122973,0,0
2017,full_sample,EDU,國(初)中,1195,0.22538664654847226,0,0
2017,full_sample,EDU,國小,1084,0.20445115050924179,0,0
2017,full_sample,EDU,專科以上,984,0.18559034326669183,0,0
2017,full_sample,EDU,高中職,1893,0.35703508110147114,0,0
2017,full_sample,EXP_ALCOHOL_EXPENDITURE,"1,000-1,999 元",640,0.12070916635231987,0,0
2017,full_sample,EXP_ALCOHOL_EXPENDITURE,"10,000-14,999 元",94,0.017729158807996984,0,0
2017,full_sample,EXP_ALCOHOL_EXPENDITURE,"15,000-19,999 元",22,0.004149377593360996,0,0
2017,full_sample,EXP_ALCOHOL_EXPENDITURE,"2,000-2,999 元",519,0.09788758958883441,0,0
2017,full_sample,EXP_ALCOHOL_EXPENDITURE,"20,000-29,999 元",8,0.0015088645794039985,0,0
2017,full_sample,EXP_ALCOHOL_EXPENDITURE,"3,000-3,999 元",498,0.0939268200678989,0,0
2017,full_sample,EXP_ALCOHOL_EXPENDITURE,"4,000-4,999 元",219,0.04130516786118446,0,0
2017,full_sample,EXP_ALCOHOL_EXPENDITURE,499 元及以下,561,0.10580912863070539,0,0
2017,full_sample,EXP_ALCOHOL_EXPENDITURE,"5,000-6,999 元",271,0.051112787627310446,0,0
2017,full_sample,EXP_ALCOHOL_EXPENDITURE,500-999 元,944,0.17804602036967182,0,0
2017,full_sample,EXP_ALCOHOL_EXPENDITURE,"7,000-9,999 元",137,0.025839305922293474,0,0
2017,full_sample,EXP_ALCOHOL_EXPENDITURE,沒有這項支出,1389,0.2619766125990192,0,0
2017,full_sample,EXP_BOOKS_EXPENDITURE,"1,000元~未滿2,000元",255,0.048095058468502455,0,0
2017,full_sample,EXP_BOOKS_EXPENDITURE,"10,000元~未滿15,000元",4,7.544322897019992e-4,0,0
2017,full_sample,EXP_BOOKS_EXPENDITURE,"2,000元~未滿3,000元",53,0.00999622783855149,0,0
2017,full_sample,EXP_BOOKS_EXPENDITURE,"20,000元~未滿30,000元",1,1.886080724254998e-4,0,0
2017,full_sample,EXP_BOOKS_EXPENDITURE,"3,000元~未滿4,000元",25,0.004715201810637495,0,0
2017,full_sample,EXP_BOOKS_EXPENDITURE,"4,000元~未滿5,000元",9,0.0016974726518294984,0,0
2017,full_sample,EXP_BOOKS_EXPENDITURE,"5,000元~未滿7,000元",8,0.0015088645794039985,0,0
2017,full_sample,EXP_BOOKS_EXPENDITURE,"7,000元~未滿10,000元",2,3.772161448509996e-4,0,0
2017,full_sample,EXP_BOOKS_EXPENDITURE,80000,1,1.886080724254998e-4,0,0
2017,full_sample,EXP_BOOKS_EXPENDITURE,"未滿1,000元",1187,0.22387778196906827,0,0
2017,full_sample,EXP_BOOKS_EXPENDITURE,沒有這項支出,3757,0.7086005281026028,0,0
2017,full_sample,EXP_CARE_EXPENDITURE,"1,000元~未滿2,000元",27,0.005092417955488495,0,0
2017,full_sample,EXP_CARE_EXPENDITURE,"10,000元~未滿15,000元",22,0.004149377593360996,0,0
2017,full_sample,EXP_CARE_EXPENDITURE,"15,000元~未滿20,000元",27,0.005092417955488495,0,0
2017,full_sample,EXP_CARE_EXPENDITURE,"2,000元~未滿3,000元",25,0.004715201810637495,0,0
2017,full_sample,EXP_CARE_EXPENDITURE,"20,000元~未滿30,000元",49,0.00924179554884949,0,0
2017,full_sample,EXP_CARE_EXPENDITURE,"3,000元~未滿4,000元",22,0.004149377593360996,0,0
2017,full_sample,EXP_CARE_EXPENDITURE,30000,3,5.658242172764995e-4,0,0
2017,full_sample,EXP_CARE_EXPENDITURE,33000,1,1.886080724254998e-4,0,0
2017,full_sample,EXP_CARE_EXPENDITURE,34000,1,1.886080724254998e-4,0,0
2017,full_sample,EXP_CARE_EXPENDITURE,35000,3,5.658242172764995e-4,0,0
2017,full_sample,EXP_CARE_EXPENDITURE,"4,000元~未滿5,000元",24,0.004526593738211996,0,0
2017,full_sample,EXP_CARE_EXPENDITURE,40000,1,1.886080724254998e-4,0,0
2017,full_sample,EXP_CARE_EXPENDITURE,"5,000元~未滿7,000元",14,0.002640513013956997,0,0
2017,full_sample,EXP_CARE_EXPENDITURE,65000,1,1.886080724254998e-4,0,0
2017,full_sample,EXP_CARE_EXPENDITURE,"7,000元~未滿10,000元",21,0.003960769520935496,0,0
2017,full_sample,EXP_CARE_EXPENDITURE,80414,1,1.886080724254998e-4,0,0
2017,full_sample,EXP_CARE_EXPENDITURE,"未滿1,000元",19,0.0035835533760844966,0,0
2017,full_sample,EXP_CARE_EXPENDITURE,沒有這項支出,5041,0.9507732930969446,0,0
2017,full_sample,EXP_CLEANING_EXPENDITURE,"1,000-1,999 元",6,0.001131648434552999,0,0
2017,full_sample,EXP_CLEANING_EXPENDITURE,"10,000-14,999 元",1,1.886080724254998e-4,0,0
2017,full_sample,EXP_CLEANING_EXPENDITURE,"2,000-2,999 元",5,9.43040362127499e-4,0,0
2017,full_sample,EXP_CLEANING_EXPENDITURE,"20,000-29,999 元",8,0.0015088645794039985,0,0
2017,full_sample,EXP_CLEANING_EXPENDITURE,"3,000-3,999 元",1,1.886080724254998e-4,0,0
2017,full_sample,EXP_CLEANING_EXPENDITURE,32000,1,1.886080724254998e-4,0,0
2017,full_sample,EXP_CLEANING_EXPENDITURE,"4,000-4,999 元",1,1.886080724254998e-4,0,0
2017,full_sample,EXP_CLEANING_EXPENDITURE,"5,000-6,999 元",3,5.658242172764995e-4,0,0
2017,full_sample,EXP_CLEANING_EXPENDITURE,"7,000-9,999 元",3,5.658242172764995e-4,0,0
2017,full_sample,EXP_CLEANING_EXPENDITURE,999 元及以下,13,0.0024519049415314977,0,0
2017,full_sample,EXP_CLEANING_EXPENDITURE,沒有這項支出,5260,0.992078460958129,0,0
2017,full_sample,EXP_CLOTHING_EXPENDITURE,"1,000元~未滿2,000元",1444,0.27235005658242173,0,0
2017,full_sample,EXP_CLOTHING_EXPENDITURE,"10,000元~未滿15,000元",33,0.006224066390041493,0,0
2017,full_sample,EXP_CLOTHING_EXPENDITURE,"15,000元~未滿20,000元",12,0.002263296869105998,0,0
2017,full_sample,EXP_CLOTHING_EXPENDITURE,"2,000元~未滿3,000元",886,0.16710675216899284,0,0
2017,full_sample,EXP_CLOTHING_EXPENDITURE,"20,000元~未滿30,000元",5,9.43040362127499e-4,0,0
2017,full_sample,EXP_CLOTHING_EXPENDITURE,"3,000元~未滿4,000元",204,0.03847604677480196,0,0
2017,full_sample,EXP_CLOTHING_EXPENDITURE,"4,000元~未滿5,000元",139,0.026216522067144473,0,0
2017,full_sample,EXP_CLOTHING_EXPENDITURE,"5,000元~未滿7,000元",96,0.018106374952847983,0,0
2017,full_sample,EXP_CLOTHING_EXPENDITURE,"7,000元~未滿10,000元",34,0.006412674462466994,0,0
2017,full_sample,EXP_CLOTHING_EXPENDITURE,"未滿1,000元",2449,0.46190116937004905,0,0
2017,full_sample,EXP_DINING_LODGING_EXPENDITURE,"1,000-1,999 元",616,0.11618257261410789,0,0
2017,full_sample,EXP_DINING_LODGING_EXPENDITURE,"10,000-14,999 元",280,0.052810260279139945,0,0
2017,full_sample,EXP_DINING_LODGING_EXPENDITURE,"15,000-19,999 元",139,0.026216522067144473,0,0
2017,full_sample,EXP_DINING_LODGING_EXPENDITURE,"2,000-2,999 元",506,0.0954356846473029,0,0
2017,full_sample,EXP_DINING_LODGING_EXPENDITURE,"20,000-29,999 元",90,0.016974726518294982,0,0
2017,full_sample,EXP_DINING_LODGING_EXPENDITURE,"3,000-3,999 元",338,0.06374952847981893,0,0
2017,full_sample,EXP_DINING_LODGING_EXPENDITURE,30000,12,0.002263296869105998,0,0
2017,full_sample,EXP_DINING_LODGING_EXPENDITURE,35000,1,1.886080724254998e-4,0,0
2017,full_sample,EXP_DINING_LODGING_EXPENDITURE,"4,000-4,999 元",294,0.055450773293096944,0,0
2017,full_sample,EXP_DINING_LODGING_EXPENDITURE,40000,3,5.658242172764995e-4,0,0
2017,full_sample,EXP_DINING_LODGING_EXPENDITURE,45000,3,5.658242172764995e-4,0,0
2017,full_sample,EXP_DINING_LODGING_EXPENDITURE,"5,000-6,999 元",348,0.06563560920407394,0,0
2017,full_sample,EXP_DINING_LODGING_EXPENDITURE,50000,2,3.772161448509996e-4,0,0
2017,full_sample,EXP_DINING_LODGING_EXPENDITURE,54000,1,1.886080724254998e-4,0,0
2017,full_sample,EXP_DINING_LODGING_EXPENDITURE,60000,1,1.886080724254998e-4,0,0
2017,full_sample,EXP_DINING_LODGING_EXPENDITURE,"7,000-9,999 元",234,0.044134288947566956,0,0
2017,full_sample,EXP_DINING_LODGING_EXPENDITURE,70000,1,1.886080724254998e-4,0,0
2017,full_sample,EXP_DINING_LODGING_EXPENDITURE,999 元及以下,596,0.11241041116559788,0,0
2017,full_sample,EXP_DINING_LODGING_EXPENDITURE,沒有這項支出,1837,0.34647302904564314,0,0
2017,full_sample,EXP_EDU_TUITION_EXPENDITURE,"1,000元~未滿2,000元",430,0.08110147114296491,0,0
2017,full_sample,EXP_EDU_TUITION_EXPENDITURE,"10,000元~未滿15,000元",172,0.03244058845718597,0,0
2017,full_sample,EXP_EDU_TUITION_EXPENDITURE,"15,000元~未滿20,000元",52,0.00980761976612599,0,0
2017,full_sample,EXP_EDU_TUITION_EXPENDITURE,"2,000元~未滿3,000元",290,0.054696341003394947,0,0
2017,full_sample,EXP_EDU_TUITION_EXPENDITURE,"20,000元~未滿30,000元",32,0.006035458317615994,0,0
2017,full_sample,EXP_EDU_TUITION_EXPENDITURE,"3,000元~未滿4,000元",234,0.044134288947566956,0,0
2017,full_sample,EXP_EDU_TUITION_EXPENDITURE,30000,5,9.43040362127499e-4,0,0
2017,full_sample,EXP_EDU_TUITION_EXPENDITURE,31500,1,1.886080724254998e-4,0,0
2017,full_sample,EXP_EDU_TUITION_EXPENDITURE,32000,1,1.886080724254998e-4,0,0
2017,full_sample,EXP_EDU_TUITION_EXPENDITURE,33000,1,1.886080724254998e-4,0,0
2017,full_sample,EXP_EDU_TUITION_EXPENDITURE,33333,1,1.886080724254998e-4,0,0
2017,full_sample,EXP_EDU_TUITION_EXPENDITURE,38000,1,1.886080724254998e-4,0,0
2017,full_sample,EXP_EDU_TUITION_EXPENDITURE,"4,000元~未滿5,000元",211,0.03979630328178046,0,0
2017,full_sample,EXP_EDU_TUITION_EXPENDITURE,"5,000元~未滿7,000元",254,0.04790645039607695,0,0
2017,full_sample,EXP_EDU_TUITION_EXPENDITURE,55000,1,1.886080724254998e-4,0,0
2017,full_sample,EXP_EDU_TUITION_EXPENDITURE,63000,1,1.886080724254998e-4,0,0
2017,full_sample,EXP_EDU_TUITION_EXPENDITURE,"7,000元~未滿10,000元",184,0.03470388532629196,0,0
2017,full_sample,EXP_EDU_TUITION_EXPENDITURE,80000,2,3.772161448509996e-4,0,0
2017,full_sample,EXP_EDU_TUITION_EXPENDITURE,"未滿1,000元",361,0.06808751414560543,0,0
2017,full_sample,EXP_EDU_TUITION_EXPENDITURE,沒有這項支出,3068,0.5786495662014334,0,0
2017,full_sample,EXP_FOOD_EXPENDITURE,"10,000-11,999 元",844,0.15918521312712183,0,0
2017,full_sample,EXP_FOOD_EXPENDITURE,"12,000-14,999 元",448,0.08449641644662391,0,0
2017,full_sample,EXP_FOOD_EXPENDITURE,"15,000-19,999 元",462,0.08713692946058091,0,0
2017,full_sample,EXP_FOOD_EXPENDITURE,"20,000-29,999 元",428,0.08072425499811392,0,0
2017,full_sample,EXP_FOOD_EXPENDITURE,"3,000-4,999 元",836,0.15767634854771784,0,0
2017,full_sample,EXP_FOOD_EXPENDITURE,"30,000-39,999 元",96,0.018106374952847983,0,0
2017,full_sample,EXP_FOOD_EXPENDITURE,"40,000-49,999 元",17,0.003206337231233497,0,0
2017,full_sample,EXP_FOOD_EXPENDITURE,"5,000-6,999 元",807,0.15220671444737835,0,0
2017,full_sample,EXP_FOOD_EXPENDITURE,"50,000-59,999 元",4,7.544322897019992e-4,0,0
2017,full_sample,EXP_FOOD_EXPENDITURE,"60,000-69,999 元",4,7.544322897019992e-4,0,0
2017,full_sample,EXP_FOOD_EXPENDITURE,"7,000-9,999 元",712,0.13428894756695586,0,0
2017,full_sample,EXP_FOOD_EXPENDITURE,"未滿3,000元",644,0.12146359864202187,0,0
2017,full_sample,EXP_FURNITURE_EXPENDITURE,"1,000元~未滿2,000元",1088,0.2052055827989438,0,0
2017,full_sample,EXP_FURNITURE_EXPENDITURE,"10,000元~未滿15,000元",32,0.006035458317615994,0,0
2017,full_sample,EXP_FURNITURE_EXPENDITURE,"15,000元~未滿20,000元",13,0.0024519049415314977,0,0
2017,full_sample,EXP_FURNITURE_EXPENDITURE,"2,000元~未滿3,000元",793,0.14956620143342136,0,0
2017,full_sample,EXP_FURNITURE_EXPENDITURE,"20,000元~未滿30,000元",18,0.0033949453036589967,0,0
2017,full_sample,EXP_FURNITURE_EXPENDITURE,"3,000元~未滿4,000元",652,0.12297246322142588,0,0
2017,full_sample,EXP_FURNITURE_EXPENDITURE,"4,000元~未滿5,000元",625,0.11788004526593739,0,0
2017,full_sample,EXP_FURNITURE_EXPENDITURE,"5,000元~未滿7,000元",610,0.11505092417955488,0,0
2017,full_sample,EXP_FURNITURE_EXPENDITURE,"7,000元~未滿10,000元",567,0.1069407770652584,0,0
2017,full_sample,EXP_FURNITURE_EXPENDITURE,"未滿1,000元",904,0.17050169747265184,0,0
2017,full_sample,EXP_HOUSING_UTIL_EXPENDITURE,"1,000-1,499 元",735,0.13862693323274236,0,0
2017,full_sample,EXP_HOUSING_UTIL_EXPENDITURE,"1,500-1,999 元",635,0.11976612599019237,0,0
2017,full_sample,EXP_HOUSING_UTIL_EXPENDITURE,"10,000-14,999 元",439,0.08279894379479441,0,0
2017,full_sample,EXP_HOUSING_UTIL_EXPENDITURE,"15,000-19,999 元",220,0.04149377593360996,0,0
2017,full_sample,EXP_HOUSING_UTIL_EXPENDITURE,"2,000-2,499 元",520,0.0980761976612599,0,0
2017,full_sample,EXP_HOUSING_UTIL_EXPENDITURE,"2,500-2,999 元",605,0.11410788381742738,0,0
2017,full_sample,EXP_HOUSING_UTIL_EXPENDITURE,"20,000-29,999 元",115,0.02168992832893248,0,0
2017,full_sample,EXP_HOUSING_UTIL_EXPENDITURE,"3,000-4,999 元",874,0.16484345529988684,0,0
2017,full_sample,EXP_HOUSING_UTIL_EXPENDITURE,"30,000-39,999 元",31,0.0058468502451904944,0,0
2017,full_sample,EXP_HOUSING_UTIL_EXPENDITURE,"5,000-9,999 元",693,0.13070539419087138,0,0
2017,full_sample,EXP_HOUSING_UTIL_EXPENDITURE,"50,000-59,999 元",3,5.658242172764995e-4,0,0
2017,full_sample,EXP_HOUSING_UTIL_EXPENDITURE,"60,000-69,999 元",2,3.772161448509996e-4,0,0
2017,full_sample,EXP_HOUSING_UTIL_EXPENDITURE,"70,000 元及以上，請記錄____________元",2,3.772161448509996e-4,0,0
2017,full_sample,EXP_HOUSING_UTIL_EXPENDITURE,999 元及以下,384,0.07242549981139193,0,0
2017,full_sample,EXP_HOUSING_UTIL_EXPENDITURE,沒有這項支出,44,0.008298755186721992,0,0
2017,full_sample,EXP_LOAN_INTEREST_EXPENDITURE,"1,000元~未滿2,000元",136,0.025650697849867975,0,0
2017,full_sample,EXP_LOAN_INTEREST_EXPENDITURE,"10,000元~未滿15,000元",246,0.04639758581667296,0,0
2017,full_sample,EXP_LOAN_INTEREST_EXPENDITURE,100000,2,3.772161448509996e-4,0,0
2017,full_sample,EXP_LOAN_INTEREST_EXPENDITURE,135000,1,1.886080724254998e-4,0,0
2017,full_sample,EXP_LOAN_INTEREST_EXPENDITURE,"15,000元~未滿20,000元",132,0.024896265560165973,0,0
2017,full_sample,EXP_LOAN_INTEREST_EXPENDITURE,"2,000元~未滿3,000元",138,0.026027913994718974,0,0
2017,full_sample,EXP_LOAN_INTEREST_EXPENDITURE,"20,000元~未滿30,000元",152,0.028668427008675973,0,0
2017,full_sample,EXP_LOAN_INTEREST_EXPENDITURE,200000,1,1.886080724254998e-4,0,0
2017,full_sample,EXP_LOAN_INTEREST_EXPENDITURE,"3,000元~未滿4,000元",126,0.023764617125612977,0,0
2017,full_sample,EXP_LOAN_INTEREST_EXPENDITURE,30000,7,0.0013202565069784986,0,0
2017,full_sample,EXP_LOAN_INTEREST_EXPENDITURE,31000,3,5.658242172764995e-4,0,0
2017,full_sample,EXP_LOAN_INTEREST_EXPENDITURE,32000,1,1.886080724254998e-4,0,0
2017,full_sample,EXP_LOAN_INTEREST_EXPENDITURE,34000,2,3.772161448509996e-4,0,0
2017,full_sample,EXP_LOAN_INTEREST_EXPENDITURE,35000,10,0.001886080724254998,0,0
2017,full_sample,EXP_LOAN_INTEREST_EXPENDITURE,36000,1,1.886080724254998e-4,0,0
2017,full_sample,EXP_LOAN_INTEREST_EXPENDITURE,37000,1,1.886080724254998e-4,0,0
2017,full_sample,EXP_LOAN_INTEREST_EXPENDITURE,39000,1,1.886080724254998e-4,0,0
2017,full_sample,EXP_LOAN_INTEREST_EXPENDITURE,"4,000元~未滿5,000元",94,0.017729158807996984,0,0
2017,full_sample,EXP_LOAN_INTEREST_EXPENDITURE,40000,7,0.0013202565069784986,0,0
2017,full_sample,EXP_LOAN_INTEREST_EXPENDITURE,45000,2,3.772161448509996e-4,0,0
2017,full_sample,EXP_LOAN_INTEREST_EXPENDITURE,46000,1,1.886080724254998e-4,0,0
2017,full_sample,EXP_LOAN_INTEREST_EXPENDITURE,"5,000元~未滿7,000元",163,0.03074311580535647,0,0
2017,full_sample,EXP_LOAN_INTEREST_EXPENDITURE,50000,5,9.43040362127499e-4,0,0
2017,full_sample,EXP_LOAN_INTEREST_EXPENDITURE,55000,1,1.886080724254998e-4,0,0
2017,full_sample,EXP_LOAN_INTEREST_EXPENDITURE,60000,5,9.43040362127499e-4,0,0
2017,full_sample,EXP_LOAN_INTEREST_EXPENDITURE,"7,000元~未滿10,000元",125,0.023576009053187477,0,0
2017,full_sample,EXP_LOAN_INTEREST_EXPENDITURE,"未滿1,000元",128,0.024141833270463976,0,0
2017,full_sample,EXP_LOAN_INTEREST_EXPENDITURE,沒有這項支出,3811,0.7187853640135797,0,0
2017,full_sample,EXP_MEDICAL_EXPENDITURE,"1,000-1,999 元",1006,0.1897397208600528,0,0
2017,full_sample,EXP_MEDICAL_EXPENDITURE,"10,000-14,999 元",105,0.01980384760467748,0,0
2017,full_sample,EXP_MEDICAL_EXPENDITURE,"15,000-19,999 元",46,0.00867597133157299,0,0
2017,full_sample,EXP_MEDICAL_EXPENDITURE,"2,000-2,999 元",309,0.05827989437947944,0,0
2017,full_sample,EXP_MEDICAL_EXPENDITURE,"20,000-29,999 元",19,0.0035835533760844966,0,0
2017,full_sample,EXP_MEDICAL_EXPENDITURE,"3,000-3,999 元",242,0.04564315352697095,0,0
2017,full_sample,EXP_MEDICAL_EXPENDITURE,"30,000 元及以上，請記錄________元",17,0.003206337231233497,0,0
2017,full_sample,EXP_MEDICAL_EXPENDITURE,"4,000-4,999 元",216,0.04073934364390796,0,0
2017,full_sample,EXP_MEDICAL_EXPENDITURE,499 元及以下,1437,0.27102980007544325,0,0
2017,full_sample,EXP_MEDICAL_EXPENDITURE,"5,000-6,999 元",164,0.03093172387778197,0,0
2017,full_sample,EXP_MEDICAL_EXPENDITURE,500-999 元,1388,0.26178800452659373,0,0
2017,full_sample,EXP_MEDICAL_EXPENDITURE,"7,000-9,999 元",165,0.03112033195020747,0,0
2017,full_sample,EXP_MEDICAL_EXPENDITURE,沒有這項支出,188,0.03545831761599397,0,0
2017,full_sample,EXP_OTHER_EXPENDITURE,"1,000元~未滿2,000元",1319,0.24877404752923424,0,0
2017,full_sample,EXP_OTHER_EXPENDITURE,"10,000元~未滿15,000元",29,0.005469634100339495,0,0
2017,full_sample,EXP_OTHER_EXPENDITURE,100000,1,1.886080724254998e-4,0,0
2017,full_sample,EXP_OTHER_EXPENDITURE,"15,000元~未滿20,000元",8,0.0015088645794039985,0,0
2017,full_sample,EXP_OTHER_EXPENDITURE,"2,000元~未滿3,000元",867,0.16352319879290833,0,0
2017,full_sample,EXP_OTHER_EXPENDITURE,"20,000元~未滿30,000元",14,0.002640513013956997,0,0
2017,full_sample,EXP_OTHER_EXPENDITURE,"3,000元~未滿4,000元",502,0.0946812523576009,0,0
2017,full_sample,EXP_OTHER_EXPENDITURE,35000,1,1.886080724254998e-4,0,0
2017,full_sample,EXP_OTHER_EXPENDITURE,36000,1,1.886080724254998e-4,0,0
2017,full_sample,EXP_OTHER_EXPENDITURE,"4,000元~未滿5,000元",463,0.08732553753300641,0,0
2017,full_sample,EXP_OTHER_EXPENDITURE,"5,000元~未滿7,000元",115,0.02168992832893248,0,0
2017,full_sample,EXP_OTHER_EXPENDITURE,50000,1,1.886080724254998e-4,0,0
2017,full_sample,EXP_OTHER_EXPENDITURE,"7,000元~未滿10,000元",60,0.011316484345529988,0,0
2017,full_sample,EXP_OTHER_EXPENDITURE,"未滿1,000元",1921,0.3623161071293851,0,0
2017,full_sample,EXP_TAX_INS_GIFT_EXPENDITURE,"1,000-1,499 元",891,0.16804979253112035,0,0
2017,full_sample,EXP_TAX_INS_GIFT_EXPENDITURE,"1,500-1,999 元",494,0.0931723877781969,0,0
2017,full_sample,EXP_TAX_INS_GIFT_EXPENDITURE,"10,000-14,999 元",164,0.03093172387778197,0,0
2017,full_sample,EXP_TAX_INS_GIFT_EXPENDITURE,"15,000-19,999 元",62,0.011693700490380989,0,0
2017,full_sample,EXP_TAX_INS_GIFT_EXPENDITURE,"2,000-2,499 元",487,0.09185213127121841,0,0
2017,full_sample,EXP_TAX_INS_GIFT_EXPENDITURE,"2,500-2,999 元",549,0.1035458317615994,0,0
2017,full_sample,EXP_TAX_INS_GIFT_EXPENDITURE,"20,000-29,999 元",46,0.00867597133157299,0,0
2017,full_sample,EXP_TAX_INS_GIFT_EXPENDITURE,"3,000-3,999 元",603,0.11373066767257639,0,0
2017,full_sample,EXP_TAX_INS_GIFT_EXPENDITURE,"30,000 元及以上，請記錄________元",22,0.004149377593360996,0,0
2017,full_sample,EXP_TAX_INS_GIFT_EXPENDITURE,"4,000-4,999 元",408,0.07695209354960392,0,0
2017,full_sample,EXP_TAX_INS_GIFT_EXPENDITURE,"5,000-6,999 元",520,0.0980761976612599,0,0
2017,full_sample,EXP_TAX_INS_GIFT_EXPENDITURE,"7,000-9,999 元",242,0.04564315352697095,0,0
2017,full_sample,EXP_TAX_INS_GIFT_EXPENDITURE,999 元及以下,614,0.11580535646925688,0,0
2017,full_sample,EXP_TAX_INS_GIFT_EXPENDITURE,沒有這項支出,200,0.03772161448509996,0,0
2017,full_sample,EXP_TRANSPORT_COMM_EXPENDITURE,"1,000-1,999 元",768,0.14485099962278386,0,0
2017,full_sample,EXP_TRANSPORT_COMM_EXPENDITURE,"10,000-14,999 元",369,0.06959637872500943,0,0
2017,full_sample,EXP_TRANSPORT_COMM_EXPENDITURE,"15,000-19,999 元",114,0.02150132025650698,0,0
2017,full_sample,EXP_TRANSPORT_COMM_EXPENDITURE,"2,000-2,999 元",767,0.14466239155035834,0,0
2017,full_sample,EXP_TRANSPORT_COMM_EXPENDITURE,"20,000-29,999 元",75,0.014145605431912485,0,0
2017,full_sample,EXP_TRANSPORT_COMM_EXPENDITURE,"3,000-3,999 元",742,0.13994718973972087,0,0
2017,full_sample,EXP_TRANSPORT_COMM_EXPENDITURE,"30,000 元及以上，請記錄________元",21,0.003960769520935496,0,0
2017,full_sample,EXP_TRANSPORT_COMM_EXPENDITURE,"4,000-4,999 元",540,0.1018483591097699,0,0
2017,full_sample,EXP_TRANSPORT_COMM_EXPENDITURE,"5,000-6,999 元",751,0.14164466239155035,0,0
2017,full_sample,EXP_TRANSPORT_COMM_EXPENDITURE,"7,000-9,999 元",473,0.08921161825726141,0,0
2017,full_sample,EXP_TRANSPORT_COMM_EXPENDITURE,999 元及以下,632,0.11920030177291588,0,0
2017,full_sample,EXP_TRANSPORT_COMM_EXPENDITURE,沒有這項支出,50,0.00943040362127499,0,0
2017,full_sample,EXP_TRAVEL_EXPENDITURE,"1,000元~未滿2,000元",404,0.07619766125990192,0,0
2017,full_sample,EXP_TRAVEL_EXPENDITURE,"10,000元~未滿15,000元",45,0.008487363259147491,0,0
2017,full_sample,EXP_TRAVEL_EXPENDITURE,100000,1,1.886080724254998e-4,0,0
2017,full_sample,EXP_TRAVEL_EXPENDITURE,"15,000元~未滿20,000元",17,0.003206337231233497,0,0
2017,full_sample,EXP_TRAVEL_EXPENDITURE,"2,000元~未滿3,000元",207,0.03904187099207846,0,0
2017,full_sample,EXP_TRAVEL_EXPENDITURE,"20,000元~未滿30,000元",25,0.004715201810637495,0,0
2017,full_sample,EXP_TRAVEL_EXPENDITURE,200000,1,1.886080724254998e-4,0,0
2017,full_sample,EXP_TRAVEL_EXPENDITURE,"3,000元~未滿4,000元",93,0.017540550735571484,0,0
2017,full_sample,EXP_TRAVEL_EXPENDITURE,30000,2,3.772161448509996e-4,0,0
2017,full_sample,EXP_TRAVEL_EXPENDITURE,30514,1,1.886080724254998e-4,0,0
2017,full_sample,EXP_TRAVEL_EXPENDITURE,35000,2,3.772161448509996e-4,0,0
2017,full_sample,EXP_TRAVEL_EXPENDITURE,"4,000元~未滿5,000元",97,0.018294983025273482,0,0
2017,full_sample,EXP_TRAVEL_EXPENDITURE,40000,1,1.886080724254998e-4,0,0
2017,full_sample,EXP_TRAVEL_EXPENDITURE,"5,000元~未滿7,000元",85,0.016031686156167485,0,0
2017,full_sample,EXP_TRAVEL_EXPENDITURE,50000,4,7.544322897019992e-4,0,0
2017,full_sample,EXP_TRAVEL_EXPENDITURE,60000,2,3.772161448509996e-4,0,0
2017,full_sample,EXP_TRAVEL_EXPENDITURE,66666,1,1.886080724254998e-4,0,0
2017,full_sample,EXP_TRAVEL_EXPENDITURE,"7,000元~未滿10,000元",42,0.007921539041870993,0,0
2017,full_sample,EXP_TRAVEL_EXPENDITURE,80000,2,3.772161448509996e-4,0,0
2017,full_sample,EXP_TRAVEL_EXPENDITURE,"未滿1,000元",522,0.0984534138061109,0,0
2017,full_sample,EXP_TRAVEL_EXPENDITURE,沒有這項支出,3748,0.7069030554507733,0,0
2017,full_sample,HAS_INDI_55PLUS,FALSE,2489,0.46944549226706905,0,0
2017,full_sample,HAS_INDI_55PLUS,TRUE,2813,0.530554507732931,0,0
2017,full_sample,HAS_INDI_65PLUS,FALSE,3911,0.7376461712561297,0,0
2017,full_sample,HAS_INDI_65PLUS,TRUE,1391,0.26235382874387025,0,0
2017,full_sample,HOUSE_BELONG,借用,121,0.022821576763485476,0,0
2017,full_sample,HOUSE_BELONG,其他,1,1.886080724254998e-4,0,0
2017,full_sample,HOUSE_BELONG,租賃,1221,0.23029045643153526,0,0
2017,full_sample,HOUSE_BELONG,自有/家人所有/自建,3935,0.7421727649943417,0,0
2017,full_sample,HOUSE_BELONG,配住,24,0.004526593738211996,0,0
2017,full_sample,INC_FAM_GOV_INCOME,"1,000-1,999 元",32,0.006035458317615994,0,0
2017,full_sample,INC_FAM_GOV_INCOME,"10,000-14,999 元",179,0.03376084496416447,0,0
2017,full_sample,INC_FAM_GOV_INCOME,"15,000-19,999 元",51,0.00961901169370049,0,0
2017,full_sample,INC_FAM_GOV_INCOME,"2,000-2,999 元",93,0.017540550735571484,0,0
2017,full_sample,INC_FAM_GOV_INCOME,"20,000-29,999 元",40,0.007544322897019992,0,0
2017,full_sample,INC_FAM_GOV_INCOME,"3,000-3,999 元",731,0.13787250094304035,0,0
2017,full_sample,INC_FAM_GOV_INCOME,"30,000 元及以上，請記錄________元",16,0.003017729158807997,0,0
2017,full_sample,INC_FAM_GOV_INCOME,"4,000-4,999 元",154,0.029045643153526972,0,0
2017,full_sample,INC_FAM_GOV_INCOME,"5,000-5,999 元",65,0.012259524707657487,0,0
2017,full_sample,INC_FAM_GOV_INCOME,"6,000-7,999 元",394,0.07431158053564693,0,0
2017,full_sample,INC_FAM_GOV_INCOME,"8,000-9,999 元",86,0.016220294228592985,0,0
2017,full_sample,INC_FAM_GOV_INCOME,999 元及以下,32,0.006035458317615994,0,0
2017,full_sample,INC_FAM_GOV_INCOME,沒有這項收入,3429,0.6467370803470388,0,0
2017,full_sample,INC_FAM_INTEREST_INCOME,"1,000-1,999 元",122,0.023010184835910975,0,0
2017,full_sample,INC_FAM_INTEREST_INCOME,"10,000-14,999 元",13,0.0024519049415314977,0,0
2017,full_sample,INC_FAM_INTEREST_INCOME,"15,000-19,999 元",7,0.0013202565069784986,0,0
2017,full_sample,INC_FAM_INTEREST_INCOME,"2,000-2,999 元",67,0.012636740852508488,0,0
2017,full_sample,INC_FAM_INTEREST_INCOME,"20,000-29,999 元",8,0.0015088645794039985,0,0
2017,full_sample,INC_FAM_INTEREST_INCOME,"3,000-3,999 元",22,0.004149377593360996,0,0
2017,full_sample,INC_FAM_INTEREST_INCOME,"30,000 元及以上，請記錄________元",5,9.43040362127499e-4,0,0
2017,full_sample,INC_FAM_INTEREST_INCOME,"4,000-4,999 元",37,0.006978498679743493,0,0
2017,full_sample,INC_FAM_INTEREST_INCOME,"5,000-5,999 元",28,0.005281026027913994,0,0
2017,full_sample,INC_FAM_INTEREST_INCOME,"6,000-7,999 元",8,0.0015088645794039985,0,0
2017,full_sample,INC_FAM_INTEREST_INCOME,"8,000-9,999 元",14,0.002640513013956997,0,0
2017,full_sample,INC_FAM_INTEREST_INCOME,999 元及以下,564,0.10637495284798189,0,0
2017,full_sample,INC_FAM_INTEREST_INCOME,沒有這項收入,4407,0.8311957751791776,0,0
2017,full_sample,INC_FAM_OTHER_INCOME,"10,000元~未滿15,000元",17,0.003206337231233497,0,0
2017,full_sample,INC_FAM_OTHER_INCOME,"15,000元~未滿20,000元",8,0.0015088645794039985,0,0
2017,full_sample,INC_FAM_OTHER_INCOME,"20,000元~未滿25,000元",6,0.001131648434552999,0,0
2017,full_sample,INC_FAM_OTHER_INCOME,"25,000元~未滿30,000元",1,1.886080724254998e-4,0,0
2017,full_sample,INC_FAM_OTHER_INCOME,"30,000元~未滿40,000元",2,3.772161448509996e-4,0,0
2017,full_sample,INC_FAM_OTHER_INCOME,"40,000元~未滿50,000元",2,3.772161448509996e-4,0,0
2017,full_sample,INC_FAM_OTHER_INCOME,"5,000元~未滿10,000元",35,0.006601282534892493,0,0
2017,full_sample,INC_FAM_OTHER_INCOME,"50,000元~未滿60,000元",2,3.772161448509996e-4,0,0
2017,full_sample,INC_FAM_OTHER_INCOME,"60,000元~未滿70,000元",1,1.886080724254998e-4,0,0
2017,full_sample,INC_FAM_OTHER_INCOME,"70,000元~未滿80,000元",1,1.886080724254998e-4,0,0
2017,full_sample,INC_FAM_OTHER_INCOME,"未滿5,000元",222,0.041870992078460956,0,0
2017,full_sample,INC_FAM_OTHER_INCOME,沒有這項收入,5005,0.9439834024896265,0,0
2017,full_sample,INC_FAM_RENT_INCOME,"10,000-14,999 元",12,0.002263296869105998,0,0
2017,full_sample,INC_FAM_RENT_INCOME,"15,000-19,999 元",7,0.0013202565069784986,0,0
2017,full_sample,INC_FAM_RENT_INCOME,"20,000-24,999 元",9,0.0016974726518294984,0,0
2017,full_sample,INC_FAM_RENT_INCOME,"25,000-29,999 元",4,7.544322897019992e-4,0,0
2017,full_sample,INC_FAM_RENT_INCOME,"30,000-39,999 元",4,7.544322897019992e-4,0,0
2017,full_sample,INC_FAM_RENT_INCOME,"4,999 元及以下",23,0.004337985665786495,0,0
2017,full_sample,INC_FAM_RENT_INCOME,"40,000-49,999 元",1,1.886080724254998e-4,0,0
2017,full_sample,INC_FAM_RENT_INCOME,"5,000-9,999 元",24,0.004526593738211996,0,0
2017,full_sample,INC_FAM_RENT_INCOME,"50,000-59,999 元",1,1.886080724254998e-4,0,0
2017,full_sample,INC_FAM_RENT_INCOME,"60,000-69,999 元",1,1.886080724254998e-4,0,0
2017,full_sample,INC_FAM_RENT_INCOME,"70,000-79,999 元",4,7.544322897019992e-4,0,0
2017,full_sample,INC_FAM_RENT_INCOME,"80,000 元及以上，請記錄_________________元",1,1.886080724254998e-4,0,0
2017,full_sample,INC_FAM_RENT_INCOME,沒有這項收入,5211,0.9828366654092795,0,0
2017,full_sample,INC_FAM_TRANSFER_INCOME,"1,000-1,999 元",72,0.013579781214635987,0,0
2017,full_sample,INC_FAM_TRANSFER_INCOME,"10,000-14,999 元",18,0.0033949453036589967,0,0
2017,full_sample,INC_FAM_TRANSFER_INCOME,"15,000-19,999 元",5,9.43040362127499e-4,0,0
2017,full_sample,INC_FAM_TRANSFER_INCOME,"2,000-2,999 元",43,0.008110147114296492,0,0
2017,full_sample,INC_FAM_TRANSFER_INCOME,"20,000-29,999 元",4,7.544322897019992e-4,0,0
2017,full_sample,INC_FAM_TRANSFER_INCOME,"3,000-3,999 元",17,0.003206337231233497,0,0
2017,full_sample,INC_FAM_TRANSFER_INCOME,"30,000 元及以上，請記錄________元",4,7.544322897019992e-4,0,0
2017,full_sample,INC_FAM_TRANSFER_INCOME,"4,000-4,999 元",27,0.005092417955488495,0,0
2017,full_sample,INC_FAM_TRANSFER_INCOME,"5,000-5,999 元",10,0.001886080724254998,0,0
2017,full_sample,INC_FAM_TRANSFER_INCOME,"6,000-7,999 元",7,0.0013202565069784986,0,0
2017,full_sample,INC_FAM_TRANSFER_INCOME,"8,000-9,999 元",9,0.0016974726518294984,0,0
2017,full_sample,INC_FAM_TRANSFER_INCOME,999 元及以下,248,0.046774801961523955,0,0
2017,full_sample,INC_FAM_TRANSFER_INCOME,沒有這項收入,4838,0.9124858543945681,0,0
2017,full_sample,INC_FAM_WORK_INCOME,"10,000-19,999 元",337,0.06356092040739343,0,0
2017,full_sample,INC_FAM_WORK_INCOME,"100,000-129,999元",403,0.07600905318747643,0,0
2017,full_sample,INC_FAM_WORK_INCOME,"130,000-159,999元",161,0.030365899660505468,0,0
2017,full_sample,INC_FAM_WORK_INCOME,"160,000 元及以上，請記錄____________元",63,0.011882308562806488,0,0
2017,full_sample,INC_FAM_WORK_INCOME,"20,000-29,999 元",672,0.12674462466993588,0,0
2017,full_sample,INC_FAM_WORK_INCOME,"30,000-39,999 元",556,0.10486608826857789,0,0
2017,full_sample,INC_FAM_WORK_INCOME,"40,000-49,999 元",582,0.10976989815164089,0,0
2017,full_sample,INC_FAM_WORK_INCOME,"50,000-59,999 元",579,0.10920407393436439,0,0
2017,full_sample,INC_FAM_WORK_INCOME,"60,000-69,999 元",484,0.0912863070539419,0,0
2017,full_sample,INC_FAM_WORK_INCOME,"70,000-79,999 元",412,0.07770652583930593,0,0
2017,full_sample,INC_FAM_WORK_INCOME,"80,000-89,999 元",291,0.05488494907582044,0,0
2017,full_sample,INC_FAM_WORK_INCOME,"9,999 元及以下",160,0.03017729158807997,0,0
2017,full_sample,INC_FAM_WORK_INCOME,"90,000-99,999 元",231,0.043568464730290454,0,0
2017,full_sample,INC_FAM_WORK_INCOME,沒有這項收入,371,0.06997359486986043,0,0
2017,full_sample,INC_PERS_GOV_INCOME,"1,000-1,999 元",27,0.005092417955488495,0,0
2017,full_sample,INC_PERS_GOV_INCOME,"10,000-14,999 元",90,0.016974726518294982,0,0
2017,full_sample,INC_PERS_GOV_INCOME,"15,000-19,999 元",32,0.006035458317615994,0,0
2017,full_sample,INC_PERS_GOV_INCOME,"2,000-2,999 元",60,0.011316484345529988,0,0
2017,full_sample,INC_PERS_GOV_INCOME,"20,000-29,999 元",22,0.004149377593360996,0,0
2017,full_sample,INC_PERS_GOV_INCOME,"3,000-3,999 元",612,0.11542814032440589,0,0
2017,full_sample,INC_PERS_GOV_INCOME,"30,000 元及以上，請記錄________元",11,0.002074688796680498,0,0
2017,full_sample,INC_PERS_GOV_INCOME,"4,000-4,999 元",116,0.02187853640135798,0,0
2017,full_sample,INC_PERS_GOV_INCOME,"5,000-5,999 元",32,0.006035458317615994,0,0
2017,full_sample,INC_PERS_GOV_INCOME,"6,000-7,999 元",260,0.04903809883062995,0,0
2017,full_sample,INC_PERS_GOV_INCOME,"8,000-9,999 元",36,0.0067898906073179935,0,0
2017,full_sample,INC_PERS_GOV_INCOME,999 元及以下,30,0.005658242172764994,0,0
2017,full_sample,INC_PERS_GOV_INCOME,沒有這項收入,3974,0.7495284798189362,0,0
2017,full_sample,INC_PERS_INTEREST_INCOME,"1,000-1,999 元",83,0.015654470011316483,0,0
2017,full_sample,INC_PERS_INTEREST_INCOME,"10,000-14,999 元",8,0.0015088645794039985,0,0
2017,full_sample,INC_PERS_INTEREST_INCOME,"15,000-19,999 元",9,0.0016974726518294984,0,0
2017,full_sample,INC_PERS_INTEREST_INCOME,"2,000-2,999 元",33,0.006224066390041493,0,0
2017,full_sample,INC_PERS_INTEREST_INCOME,"20,000-29,999 元",8,0.0015088645794039985,0,0
2017,full_sample,INC_PERS_INTEREST_INCOME,"3,000-3,999 元",11,0.002074688796680498,0,0
2017,full_sample,INC_PERS_INTEREST_INCOME,"30,000 元及以上，請記錄________元",5,9.43040362127499e-4,0,0
2017,full_sample,INC_PERS_INTEREST_INCOME,"4,000-4,999 元",20,0.003772161448509996,0,0
2017,full_sample,INC_PERS_INTEREST_INCOME,"5,000-5,999 元",15,0.002829121086382497,0,0
2017,full_sample,INC_PERS_INTEREST_INCOME,"6,000-7,999 元",9,0.0016974726518294984,0,0
2017,full_sample,INC_PERS_INTEREST_INCOME,"8,000-9,999 元",8,0.0015088645794039985,0,0
2017,full_sample,INC_PERS_INTEREST_INCOME,999 元及以下,533,0.1005281026027914,0,0
2017,full_sample,INC_PERS_INTEREST_INCOME,沒有這項收入,4560,0.8600528102602791,0,0
2017,full_sample,INC_PERS_OTHER_INCOME,"10,000-14,999 元",16,0.003017729158807997,0,0
2017,full_sample,INC_PERS_OTHER_INCOME,"15,000-19,999 元",13,0.0024519049415314977,0,0
2017,full_sample,INC_PERS_OTHER_INCOME,"20,000-24,999 元",5,9.43040362127499e-4,0,0
2017,full_sample,INC_PERS_OTHER_INCOME,"25,000-29,999 元",1,1.886080724254998e-4,0,0
2017,full_sample,INC_PERS_OTHER_INCOME,"30,000-39,999 元",3,5.658242172764995e-4,0,0
2017,full_sample,INC_PERS_OTHER_INCOME,"4,999 元及以下",186,0.03508110147114297,0,0
2017,full_sample,INC_PERS_OTHER_INCOME,"40,000-49,999 元",2,3.772161448509996e-4,0,0
2017,full_sample,INC_PERS_OTHER_INCOME,"5,000-9,999 元",32,0.006035458317615994,0,0
2017,full_sample,INC_PERS_OTHER_INCOME,"50,000-59,999 元",1,1.886080724254998e-4,0,0
2017,full_sample,INC_PERS_OTHER_INCOME,"60,000-69,999 元",1,1.886080724254998e-4,0,0
2017,full_sample,INC_PERS_OTHER_INCOME,"70,000-79,999 元",1,1.886080724254998e-4,0,0
2017,full_sample,INC_PERS_OTHER_INCOME,沒有這項收入,5041,0.9507732930969446,0,0
2017,full_sample,INC_PERS_RENT_INCOME,"10,000-14,999 元",7,0.0013202565069784986,0,0
2017,full_sample,INC_PERS_RENT_INCOME,"15,000-19,999 元",8,0.0015088645794039985,0,0
2017,full_sample,INC_PERS_RENT_INCOME,"20,000-24,999 元",4,7.544322897019992e-4,0,0
2017,full_sample,INC_PERS_RENT_INCOME,"25,000-29,999 元",3,5.658242172764995e-4,0,0
2017,full_sample,INC_PERS_RENT_INCOME,"30,000-39,999 元",4,7.544322897019992e-4,0,0
2017,full_sample,INC_PERS_RENT_INCOME,"4,999 元及以下",24,0.004526593738211996,0,0
2017,full_sample,INC_PERS_RENT_INCOME,"40,000-49,999 元",1,1.886080724254998e-4,0,0
2017,full_sample,INC_PERS_RENT_INCOME,"5,000-9,999 元",22,0.004149377593360996,0,0
2017,full_sample,INC_PERS_RENT_INCOME,"50,000-59,999 元",1,1.886080724254998e-4,0,0
2017,full_sample,INC_PERS_RENT_INCOME,"70,000-79,999 元",3,5.658242172764995e-4,0,0
2017,full_sample,INC_PERS_RENT_INCOME,"80,000 元及以上，請記錄_________________元",1,1.886080724254998e-4,0,0
2017,full_sample,INC_PERS_RENT_INCOME,沒有這項收入,5224,0.985288570350811,0,0
2017,full_sample,INC_PERS_TRANSFER_INCOME,"1,000-1,999 元",68,0.012825348924933987,0,0
2017,full_sample,INC_PERS_TRANSFER_INCOME,"10,000-14,999 元",9,0.0016974726518294984,0,0
2017,full_sample,INC_PERS_TRANSFER_INCOME,"15,000-19,999 元",6,0.001131648434552999,0,0
2017,full_sample,INC_PERS_TRANSFER_INCOME,"2,000-2,999 元",38,0.007167106752168993,0,0
2017,full_sample,INC_PERS_TRANSFER_INCOME,"20,000-29,999 元",3,5.658242172764995e-4,0,0
2017,full_sample,INC_PERS_TRANSFER_INCOME,"3,000-3,999 元",23,0.004337985665786495,0,0
2017,full_sample,INC_PERS_TRANSFER_INCOME,"30,000 元及以上，請記錄________元",1,1.886080724254998e-4,0,0
2017,full_sample,INC_PERS_TRANSFER_INCOME,"4,000-4,999 元",21,0.003960769520935496,0,0
2017,full_sample,INC_PERS_TRANSFER_INCOME,"5,000-5,999 元",14,0.002640513013956997,0,0
2017,full_sample,INC_PERS_TRANSFER_INCOME,"6,000-7,999 元",9,0.0016974726518294984,0,0
2017,full_sample,INC_PERS_TRANSFER_INCOME,"8,000-9,999 元",10,0.001886080724254998,0,0
2017,full_sample,INC_PERS_TRANSFER_INCOME,999 元及以下,250,0.047152018106374954,0,0
2017,full_sample,INC_PERS_TRANSFER_INCOME,沒有這項收入,4850,0.9147491512636741,0,0
2017,full_sample,INC_PERS_WORK_INCOME,"10,000-14,999 元",261,0.04922670690305545,0,0
2017,full_sample,INC_PERS_WORK_INCOME,"100,000-129,999元",33,0.006224066390041493,0,0
2017,full_sample,INC_PERS_WORK_INCOME,"130,000-159,999元",15,0.002829121086382497,0,0
2017,full_sample,INC_PERS_WORK_INCOME,"15,000-19,999 元",347,0.06544700113164843,0,0
2017,full_sample,INC_PERS_WORK_INCOME,"160,000 元及以上，請記錄____________元",9,0.0016974726518294984,0,0
2017,full_sample,INC_PERS_WORK_INCOME,"20,000-24,999 元",646,0.12184081478687288,0,0
2017,full_sample,INC_PERS_WORK_INCOME,"25,000-29,999 元",656,0.12372689551112788,0,0
2017,full_sample,INC_PERS_WORK_INCOME,"30,000-39,999 元",1118,0.2108638249717088,0,0
2017,full_sample,INC_PERS_WORK_INCOME,"40,000-49,999 元",645,0.12165220671444738,0,0
2017,full_sample,INC_PERS_WORK_INCOME,"50,000-59,999 元",349,0.06582421727649944,0,0
2017,full_sample,INC_PERS_WORK_INCOME,"60,000-69,999 元",165,0.03112033195020747,0,0
2017,full_sample,INC_PERS_WORK_INCOME,"70,000-79,999 元",77,0.014522821576763486,0,0
2017,full_sample,INC_PERS_WORK_INCOME,"80,000-89,999 元",47,0.008864579403998492,0,0
2017,full_sample,INC_PERS_WORK_INCOME,"9,999 元及以下",261,0.04922670690305545,0,0
2017,full_sample,INC_PERS_WORK_INCOME,"90,000-99,999 元",19,0.0035835533760844966,0,0
2017,full_sample,INC_PERS_WORK_INCOME,沒有這項收入,654,0.12334967936627687,0,0
2017,full_sample,MALE,男性,3463,0.6531497548095059,0,0
2017,full_sample,MALE,非男性,1839,0.3468502451904942,0,0
2017,full_sample,RACE,卑南族,131,0.024707657487740474,0,0
2017,full_sample,RACE,卡那卡那富族,1,1.886080724254998e-4,0,0
2017,full_sample,RACE,噶瑪蘭族,17,0.003206337231233497,0,0
2017,full_sample,RACE,太魯閣族,224,0.042248208223311955,0,0
2017,full_sample,RACE,布農族,485,0.0914749151263674,0,0
2017,full_sample,RACE,拉阿魯哇族,3,5.658242172764995e-4,0,0
2017,full_sample,RACE,排灣族,832,0.15692191625801585,0,0
2017,full_sample,RACE,撒奇萊雅族,11,0.002074688796680498,0,0
2017,full_sample,RACE,泰雅族,661,0.12466993587325538,0,0
2017,full_sample,RACE,賽夏族,64,0.012070916635231988,0,0
2017,full_sample,RACE,賽德克族,81,0.015277253866465485,0,0
2017,full_sample,RACE,邵族,5,9.43040362127499e-4,0,0
2017,full_sample,RACE,鄒族,56,0.010562052055827989,0,0
2017,full_sample,RACE,阿美族,1789,0.33741984156921917,0,0
2017,full_sample,RACE,雅美族/達悟族,34,0.006412674462466994,0,0
2017,full_sample,RACE,非原住民族,808,0.15239532251980384,0,0
2017,full_sample,RACE,魯凱族,100,0.01886080724254998,0,0
2017,full_sample,RENT,"1,000-2,999元",47,0.03775100401606426,4057,0.7651829498302527
2017,full_sample,RENT,"10,000-19,999元",378,0.3036144578313253,4057,0.7651829498302527
2017,full_sample,RENT,"20,000元以上",1,8.032128514056225e-4,4057,0.7651829498302527
2017,full_sample,RENT,20000,9,0.007228915662650603,4057,0.7651829498302527
2017,full_sample,RENT,20500,1,8.032128514056225e-4,4057,0.7651829498302527
2017,full_sample,RENT,21000,3,0.0024096385542168677,4057,0.7651829498302527
2017,full_sample,RENT,22000,3,0.0024096385542168677,4057,0.7651829498302527
2017,full_sample,RENT,23000,2,0.001606425702811245,4057,0.7651829498302527
2017,full_sample,RENT,24000,3,0.0024096385542168677,4057,0.7651829498302527
2017,full_sample,RENT,25000,4,0.00321285140562249,4057,0.7651829498302527
2017,full_sample,RENT,26000,1,8.032128514056225e-4,4057,0.7651829498302527
2017,full_sample,RENT,27000,1,8.032128514056225e-4,4057,0.7651829498302527
2017,full_sample,RENT,28000,2,0.001606425702811245,4057,0.7651829498302527
2017,full_sample,RENT,"3,000-4,999元",124,0.09959839357429719,4057,0.7651829498302527
2017,full_sample,RENT,30000,5,0.004016064257028112,4057,0.7651829498302527
2017,full_sample,RENT,32000,1,8.032128514056225e-4,4057,0.7651829498302527
2017,full_sample,RENT,33000,1,8.032128514056225e-4,4057,0.7651829498302527
2017,full_sample,RENT,35000,2,0.001606425702811245,4057,0.7651829498302527
2017,full_sample,RENT,38000,2,0.001606425702811245,4057,0.7651829498302527
2017,full_sample,RENT,"5,000-6,999元",278,0.22329317269076304,4057,0.7651829498302527
2017,full_sample,RENT,"7,000-9,999元",327,0.26265060240963856,4057,0.7651829498302527
2017,full_sample,RENT,不需要支付租金,27,0.021686746987951807,4057,0.7651829498302527
2017,full_sample,RENT,"未滿1,000元",23,0.018473895582329317,4057,0.7651829498302527
2017,full_sample,RESPONDENT_UNIT,economic_household_head,5302,1,0,0
2017,full_sample,RESPONDENT_UNIT_SOURCE,106年問卷G部分：經濟戶長基本資料,5302,1,0,0
2021,full_sample,AGE_GROUP,20-29歲,247,0.04566463301904234,0,0
2021,full_sample,AGE_GROUP,30-39歲,834,0.15418746533555186,0,0
2021,full_sample,AGE_GROUP,40-49歲,1199,0.22166759105195044,0,0
2021,full_sample,AGE_GROUP,50-59歲,1338,0.2473655019412091,0,0
2021,full_sample,AGE_GROUP,60歲以上,1791,0.33111480865224624,0,0
2021,full_sample,AGE_GROUP_HARMONIZED,20-29歲,247,0.04566463301904234,0,0
2021,full_sample,AGE_GROUP_HARMONIZED,30-39歲,834,0.15418746533555186,0,0
2021,full_sample,AGE_GROUP_HARMONIZED,40-49歲,1199,0.22166759105195044,0,0
2021,full_sample,AGE_GROUP_HARMONIZED,50-59歲,1338,0.2473655019412091,0,0
2021,full_sample,AGE_GROUP_HARMONIZED,60歲以上,1791,0.33111480865224624,0,0
2021,full_sample,AGE_MEASURE_TYPE,age_group,5409,1,0,0
2021,full_sample,EDU,不識字/自修,135,0.024958402662229616,0,0
2021,full_sample,EDU,國(初)中,1130,0.20891107413569976,0,0
2021,full_sample,EDU,國小,1092,0.201885745978924,0,0
2021,full_sample,EDU,專科以上,1094,0.20225550009243853,0,0
2021,full_sample,EDU,高中職,1958,0.36198927713070805,0,0
2021,full_sample,EXP_ALCOHOL_EXPENDITURE,"1,000-1,999 元",592,0.1094472176002958,0,0
2021,full_sample,EXP_ALCOHOL_EXPENDITURE,"10,000-14,999 元",109,0.02015159918654095,0,0
2021,full_sample,EXP_ALCOHOL_EXPENDITURE,"15,000-19,999 元",31,0.005731188759474949,0,0
2021,full_sample,EXP_ALCOHOL_EXPENDITURE,"2,000-2,999 元",509,0.09410242188944352,0,0
2021,full_sample,EXP_ALCOHOL_EXPENDITURE,"20,000-29,999 元",21,0.003882418191902385,0,0
2021,full_sample,EXP_ALCOHOL_EXPENDITURE,"3,000-3,999 元",514,0.0950268071732298,0,0
2021,full_sample,EXP_ALCOHOL_EXPENDITURE,"30,000 元及以上，請記錄________元",1,1.8487705675725643e-4,0,0
2021,full_sample,EXP_ALCOHOL_EXPENDITURE,"4,000-4,999 元",293,0.05416897762987613,0,0
2021,full_sample,EXP_ALCOHOL_EXPENDITURE,499 元及以下,447,0.08264004437049362,0,0
2021,full_sample,EXP_ALCOHOL_EXPENDITURE,"5,000-6,999 元",260,0.04806803475688667,0,0
2021,full_sample,EXP_ALCOHOL_EXPENDITURE,500-999 元,545,0.10075799593270475,0,0
2021,full_sample,EXP_ALCOHOL_EXPENDITURE,"7,000-9,999 元",191,0.03531151784063598,0,0
2021,full_sample,EXP_ALCOHOL_EXPENDITURE,沒有這項支出,1896,0.3505268996117582,0,0
2021,full_sample,EXP_BOOKS_EXPENDITURE,"1,000元-未滿2,000元",280,0.0517655758920318,0,0
2021,full_sample,EXP_BOOKS_EXPENDITURE,"10,000元-未滿15,000元",5,9.243852837862821e-4,0,0
2021,full_sample,EXP_BOOKS_EXPENDITURE,"2,000元-未滿3,000元",75,0.013865779256794232,0,0
2021,full_sample,EXP_BOOKS_EXPENDITURE,"3,000元-未滿4,000元",20,0.0036975411351451285,0,0
2021,full_sample,EXP_BOOKS_EXPENDITURE,"4,000元-未滿5,000元",14,0.00258827879460159,0,0
2021,full_sample,EXP_BOOKS_EXPENDITURE,"5,000元-未滿7,000元",6,0.0011092623405435386,0,0
2021,full_sample,EXP_BOOKS_EXPENDITURE,"7,000元-未滿10,000元",4,7.395082270290257e-4,0,0
2021,full_sample,EXP_BOOKS_EXPENDITURE,"未滿1,000元",1283,0.23719726381956,0,0
2021,full_sample,EXP_BOOKS_EXPENDITURE,沒有這項支出,3722,0.6881124052505084,0,0
2021,full_sample,EXP_CARE_EXPENDITURE,"1,000元-未滿2,000元",52,0.009613606951377335,0,0
2021,full_sample,EXP_CARE_EXPENDITURE,"10,000元-未滿15,000元",28,0.00517655758920318,0,0
2021,full_sample,EXP_CARE_EXPENDITURE,100000,4,7.395082270290257e-4,0,0
2021,full_sample,EXP_CARE_EXPENDITURE,"15,000元-未滿20,000元",15,0.0027731558513588465,0,0
2021,full_sample,EXP_CARE_EXPENDITURE,"2,000元-未滿3,000元",26,0.004806803475688667,0,0
2021,full_sample,EXP_CARE_EXPENDITURE,"20,000元-未滿30,000元",37,0.006840451100018487,0,0
2021,full_sample,EXP_CARE_EXPENDITURE,23000,1,1.8487705675725643e-4,0,0
2021,full_sample,EXP_CARE_EXPENDITURE,25000,1,1.8487705675725643e-4,0,0
2021,full_sample,EXP_CARE_EXPENDITURE,"3,000元-未滿4,000元",29,0.005361434645960436,0,0
2021,full_sample,EXP_CARE_EXPENDITURE,30000,6,0.0011092623405435386,0,0
2021,full_sample,EXP_CARE_EXPENDITURE,33000,2,3.6975411351451286e-4,0,0
2021,full_sample,EXP_CARE_EXPENDITURE,35000,1,1.8487705675725643e-4,0,0
2021,full_sample,EXP_CARE_EXPENDITURE,38000,1,1.8487705675725643e-4,0,0
2021,full_sample,EXP_CARE_EXPENDITURE,"4,000元-未滿5,000元",19,0.003512664078387872,0,0
2021,full_sample,EXP_CARE_EXPENDITURE,42000,1,1.8487705675725643e-4,0,0
2021,full_sample,EXP_CARE_EXPENDITURE,"5,000元-未滿7,000元",18,0.0033277870216306157,0,0
2021,full_sample,EXP_CARE_EXPENDITURE,50000,1,1.8487705675725643e-4,0,0
2021,full_sample,EXP_CARE_EXPENDITURE,"7,000元-未滿10,000元",25,0.0046219264189314106,0,0
2021,full_sample,EXP_CARE_EXPENDITURE,"未滿1,000元",38,0.007025328156775744,0,0
2021,full_sample,EXP_CARE_EXPENDITURE,沒有這項支出,5104,0.9436124976890368,0,0
2021,full_sample,EXP_CLEANING_EXPENDITURE,"1,000-1,999 元",16,0.002958032908116103,0,0
2021,full_sample,EXP_CLEANING_EXPENDITURE,"15,000-19,999 元",2,3.6975411351451286e-4,0,0
2021,full_sample,EXP_CLEANING_EXPENDITURE,"2,000-2,999 元",7,0.001294139397300795,0,0
2021,full_sample,EXP_CLEANING_EXPENDITURE,"20,000-29,999 元",11,0.0020336476243298205,0,0
2021,full_sample,EXP_CLEANING_EXPENDITURE,"3,000-3,999 元",4,7.395082270290257e-4,0,0
2021,full_sample,EXP_CLEANING_EXPENDITURE,"4,000-4,999 元",1,1.8487705675725643e-4,0,0
2021,full_sample,EXP_CLEANING_EXPENDITURE,"5,000-6,999 元",1,1.8487705675725643e-4,0,0
2021,full_sample,EXP_CLEANING_EXPENDITURE,"7,000-9,999 元",1,1.8487705675725643e-4,0,0
2021,full_sample,EXP_CLEANING_EXPENDITURE,999 元及以下,47,0.008689221667591052,0,0
2021,full_sample,EXP_CLEANING_EXPENDITURE,沒有這項支出,5319,0.9833610648918469,0,0
2021,full_sample,EXP_CLOTHING_EXPENDITURE,"1,000元-未滿2,000元",1275,0.23571824736550195,0,0
2021,full_sample,EXP_CLOTHING_EXPENDITURE,"10,000元-未滿15,000元",42,0.00776483638380477,0,0
2021,full_sample,EXP_CLOTHING_EXPENDITURE,"15,000元-未滿20,000元",19,0.003512664078387872,0,0
2021,full_sample,EXP_CLOTHING_EXPENDITURE,18000,1,1.8487705675725643e-4,0,0
2021,full_sample,EXP_CLOTHING_EXPENDITURE,"2,000元-未滿3,000元",636,0.11758180809761509,0,0
2021,full_sample,EXP_CLOTHING_EXPENDITURE,"20,000元-未滿30,000元",9,0.0016638935108153079,0,0
2021,full_sample,EXP_CLOTHING_EXPENDITURE,"3,000元-未滿4,000元",263,0.04862266592715844,0,0
2021,full_sample,EXP_CLOTHING_EXPENDITURE,30000,4,7.395082270290257e-4,0,0
2021,full_sample,EXP_CLOTHING_EXPENDITURE,35000,2,3.6975411351451286e-4,0,0
2021,full_sample,EXP_CLOTHING_EXPENDITURE,"4,000元-未滿5,000元",177,0.032723239046034386,0,0
2021,full_sample,EXP_CLOTHING_EXPENDITURE,40000,1,1.8487705675725643e-4,0,0
2021,full_sample,EXP_CLOTHING_EXPENDITURE,"5,000元-未滿7,000元",114,0.02107598447032723,0,0
2021,full_sample,EXP_CLOTHING_EXPENDITURE,55000,1,1.8487705675725643e-4,0,0
2021,full_sample,EXP_CLOTHING_EXPENDITURE,"7,000元-未滿10,000元",60,0.011092623405435386,0,0
2021,full_sample,EXP_CLOTHING_EXPENDITURE,"未滿1,000元",2046,0.37825845812534664,0,0
2021,full_sample,EXP_CLOTHING_EXPENDITURE,沒有這項支出,759,0.1403216860787576,0,0
2021,full_sample,EXP_DINING_LODGING_EXPENDITURE,"1,000-1,999 元",566,0.10464041412460713,0,0
2021,full_sample,EXP_DINING_LODGING_EXPENDITURE,"10,000-14,999 元",319,0.0589757811055648,0,0
2021,full_sample,EXP_DINING_LODGING_EXPENDITURE,100000,3,5.546311702717693e-4,0,0
2021,full_sample,EXP_DINING_LODGING_EXPENDITURE,110000,1,1.8487705675725643e-4,0,0
2021,full_sample,EXP_DINING_LODGING_EXPENDITURE,120000,8,0.0014790164540580515,0,0
2021,full_sample,EXP_DINING_LODGING_EXPENDITURE,"15,000-19,999 元",154,0.02847106674061749,0,0
2021,full_sample,EXP_DINING_LODGING_EXPENDITURE,15000,1,1.8487705675725643e-4,0,0
2021,full_sample,EXP_DINING_LODGING_EXPENDITURE,"2,000-2,999 元",550,0.10168238121649104,0,0
2021,full_sample,EXP_DINING_LODGING_EXPENDITURE,"20,000-29,999 元",127,0.023479386208171565,0,0
2021,full_sample,EXP_DINING_LODGING_EXPENDITURE,20000,2,3.6975411351451286e-4,0,0
2021,full_sample,EXP_DINING_LODGING_EXPENDITURE,25000,1,1.8487705675725643e-4,0,0
2021,full_sample,EXP_DINING_LODGING_EXPENDITURE,"3,000-3,999 元",335,0.0619338140136809,0,0
2021,full_sample,EXP_DINING_LODGING_EXPENDITURE,30000,24,0.004437049362174155,0,0
2021,full_sample,EXP_DINING_LODGING_EXPENDITURE,32000,2,3.6975411351451286e-4,0,0
2021,full_sample,EXP_DINING_LODGING_EXPENDITURE,34000,1,1.8487705675725643e-4,0,0
2021,full_sample,EXP_DINING_LODGING_EXPENDITURE,35000,1,1.8487705675725643e-4,0,0
2021,full_sample,EXP_DINING_LODGING_EXPENDITURE,36000,4,7.395082270290257e-4,0,0
2021,full_sample,EXP_DINING_LODGING_EXPENDITURE,"4,000-4,999 元",343,0.06341283046773895,0,0
2021,full_sample,EXP_DINING_LODGING_EXPENDITURE,4000,1,1.8487705675725643e-4,0,0
2021,full_sample,EXP_DINING_LODGING_EXPENDITURE,40000,4,7.395082270290257e-4,0,0
2021,full_sample,EXP_DINING_LODGING_EXPENDITURE,45000,1,1.8487705675725643e-4,0,0
2021,full_sample,EXP_DINING_LODGING_EXPENDITURE,"5,000-6,999 元",387,0.07154742096505824,0,0
2021,full_sample,EXP_DINING_LODGING_EXPENDITURE,60000,3,5.546311702717693e-4,0,0
2021,full_sample,EXP_DINING_LODGING_EXPENDITURE,"7,000-9,999 元",319,0.0589757811055648,0,0
2021,full_sample,EXP_DINING_LODGING_EXPENDITURE,75000,1,1.8487705675725643e-4,0,0
2021,full_sample,EXP_DINING_LODGING_EXPENDITURE,80000,1,1.8487705675725643e-4,0,0
2021,full_sample,EXP_DINING_LODGING_EXPENDITURE,84000,1,1.8487705675725643e-4,0,0
2021,full_sample,EXP_DINING_LODGING_EXPENDITURE,90000,1,1.8487705675725643e-4,0,0
2021,full_sample,EXP_DINING_LODGING_EXPENDITURE,96000,1,1.8487705675725643e-4,0,0
2021,full_sample,EXP_DINING_LODGING_EXPENDITURE,999 元及以下,495,0.09151414309484193,0,0
2021,full_sample,EXP_DINING_LODGING_EXPENDITURE,沒有這項支出,1752,0.32390460343871325,0,0
2021,full_sample,EXP_EDU_TUITION_EXPENDITURE,"1,000元-未滿2,000元",342,0.0632279534109817,0,0
2021,full_sample,EXP_EDU_TUITION_EXPENDITURE,"10,000元-未滿15,000元",132,0.024403771491957847,0,0
2021,full_sample,EXP_EDU_TUITION_EXPENDITURE,"15,000元-未滿20,000元",34,0.006285819929746719,0,0
2021,full_sample,EXP_EDU_TUITION_EXPENDITURE,16000,1,1.8487705675725643e-4,0,0
2021,full_sample,EXP_EDU_TUITION_EXPENDITURE,"2,000元-未滿3,000元",287,0.05305971528933259,0,0
2021,full_sample,EXP_EDU_TUITION_EXPENDITURE,"20,000元-未滿30,000元",41,0.007579959327047513,0,0
2021,full_sample,EXP_EDU_TUITION_EXPENDITURE,20000,1,1.8487705675725643e-4,0,0
2021,full_sample,EXP_EDU_TUITION_EXPENDITURE,25000,1,1.8487705675725643e-4,0,0
2021,full_sample,EXP_EDU_TUITION_EXPENDITURE,"3,000元-未滿4,000元",183,0.03383250138657792,0,0
2021,full_sample,EXP_EDU_TUITION_EXPENDITURE,30000,9,0.0016638935108153079,0,0
2021,full_sample,EXP_EDU_TUITION_EXPENDITURE,35000,1,1.8487705675725643e-4,0,0
2021,full_sample,EXP_EDU_TUITION_EXPENDITURE,"4,000元-未滿5,000元",157,0.02902569791088926,0,0
2021,full_sample,EXP_EDU_TUITION_EXPENDITURE,40000,3,5.546311702717693e-4,0,0
2021,full_sample,EXP_EDU_TUITION_EXPENDITURE,45000,1,1.8487705675725643e-4,0,0
2021,full_sample,EXP_EDU_TUITION_EXPENDITURE,"5,000元-未滿7,000元",164,0.030319837308190052,0,0
2021,full_sample,EXP_EDU_TUITION_EXPENDITURE,50000,1,1.8487705675725643e-4,0,0
2021,full_sample,EXP_EDU_TUITION_EXPENDITURE,60000,4,7.395082270290257e-4,0,0
2021,full_sample,EXP_EDU_TUITION_EXPENDITURE,"7,000元-未滿10,000元",170,0.03142909964873359,0,0
2021,full_sample,EXP_EDU_TUITION_EXPENDITURE,70000,1,1.8487705675725643e-4,0,0
2021,full_sample,EXP_EDU_TUITION_EXPENDITURE,72000,1,1.8487705675725643e-4,0,0
2021,full_sample,EXP_EDU_TUITION_EXPENDITURE,73200,1,1.8487705675725643e-4,0,0
2021,full_sample,EXP_EDU_TUITION_EXPENDITURE,90000,7,0.001294139397300795,0,0
2021,full_sample,EXP_EDU_TUITION_EXPENDITURE,"未滿1,000元",380,0.07025328156775744,0,0
2021,full_sample,EXP_EDU_TUITION_EXPENDITURE,沒有這項支出,3487,0.6446662969125532,0,0
2021,full_sample,EXP_FOOD_EXPENDITURE,"10,000-11,999 元",731,0.13514512848955446,0,0
2021,full_sample,EXP_FOOD_EXPENDITURE,"12,000-14,999 元",636,0.11758180809761509,0,0
2021,full_sample,EXP_FOOD_EXPENDITURE,"15,000-19,999 元",621,0.11480865224625623,0,0
2021,full_sample,EXP_FOOD_EXPENDITURE,"20,000-29,999 元",593,0.10963209465705306,0,0
2021,full_sample,EXP_FOOD_EXPENDITURE,"3,000-4,999 元",646,0.11943057866518765,0,0
2021,full_sample,EXP_FOOD_EXPENDITURE,"30,000-39,999 元",190,0.03512664078387872,0,0
2021,full_sample,EXP_FOOD_EXPENDITURE,"40,000-49,999 元",36,0.0066555740432612314,0,0
2021,full_sample,EXP_FOOD_EXPENDITURE,"5,000-6,999 元",749,0.13847291551118507,0,0
2021,full_sample,EXP_FOOD_EXPENDITURE,"50,000-59,999 元",13,0.0024034017378443337,0,0
2021,full_sample,EXP_FOOD_EXPENDITURE,"60,000-69,999 元",9,0.0016638935108153079,0,0
2021,full_sample,EXP_FOOD_EXPENDITURE,"7,000-9,999 元",732,0.1353300055463117,0,0
2021,full_sample,EXP_FOOD_EXPENDITURE,"70,000 元及以上，請記錄______________元",1,1.8487705675725643e-4,0,0
2021,full_sample,EXP_FOOD_EXPENDITURE,"未滿3,000元",452,0.0835644296542799,0,0
2021,full_sample,EXP_FURNITURE_EXPENDITURE,"1,000元-未滿2,000元",649,0.11998520983545942,0,0
2021,full_sample,EXP_FURNITURE_EXPENDITURE,"10,000元-未滿15,000元",40,0.007395082270290257,0,0
2021,full_sample,EXP_FURNITURE_EXPENDITURE,100000,2,3.6975411351451286e-4,0,0
2021,full_sample,EXP_FURNITURE_EXPENDITURE,125000,6,0.0011092623405435386,0,0
2021,full_sample,EXP_FURNITURE_EXPENDITURE,"15,000元-未滿20,000元",23,0.004252172305416898,0,0
2021,full_sample,EXP_FURNITURE_EXPENDITURE,"2,000元-未滿3,000元",364,0.06729524865964134,0,0
2021,full_sample,EXP_FURNITURE_EXPENDITURE,"20,000元-未滿30,000元",36,0.0066555740432612314,0,0
2021,full_sample,EXP_FURNITURE_EXPENDITURE,"3,000元-未滿4,000元",176,0.03253836198927713,0,0
2021,full_sample,EXP_FURNITURE_EXPENDITURE,30000,9,0.0016638935108153079,0,0
2021,full_sample,EXP_FURNITURE_EXPENDITURE,31000,1,1.8487705675725643e-4,0,0
2021,full_sample,EXP_FURNITURE_EXPENDITURE,33000,1,1.8487705675725643e-4,0,0
2021,full_sample,EXP_FURNITURE_EXPENDITURE,35000,1,1.8487705675725643e-4,0,0
2021,full_sample,EXP_FURNITURE_EXPENDITURE,"4,000元-未滿5,000元",124,0.022924755037899796,0,0
2021,full_sample,EXP_FURNITURE_EXPENDITURE,40000,4,7.395082270290257e-4,0,0
2021,full_sample,EXP_FURNITURE_EXPENDITURE,44000,1,1.8487705675725643e-4,0,0
2021,full_sample,EXP_FURNITURE_EXPENDITURE,45000,1,1.8487705675725643e-4,0,0
2021,full_sample,EXP_FURNITURE_EXPENDITURE,"5,000元-未滿7,000元",85,0.015714549824366795,0,0
2021,full_sample,EXP_FURNITURE_EXPENDITURE,50000,3,5.546311702717693e-4,0,0
2021,full_sample,EXP_FURNITURE_EXPENDITURE,51000,1,1.8487705675725643e-4,0,0
2021,full_sample,EXP_FURNITURE_EXPENDITURE,55000,1,1.8487705675725643e-4,0,0
2021,full_sample,EXP_FURNITURE_EXPENDITURE,60000,2,3.6975411351451286e-4,0,0
2021,full_sample,EXP_FURNITURE_EXPENDITURE,"7,000元-未滿10,000元",47,0.008689221667591052,0,0
2021,full_sample,EXP_FURNITURE_EXPENDITURE,"未滿1,000元",1150,0.21260861527084488,0,0
2021,full_sample,EXP_FURNITURE_EXPENDITURE,沒有這項支出,2682,0.49584026622296173,0,0
2021,full_sample,EXP_HOUSING_UTIL_EXPENDITURE,"1,000-1,499 元",708,0.13089295618413754,0,0
2021,full_sample,EXP_HOUSING_UTIL_EXPENDITURE,"1,500-1,999 元",638,0.1179515622111296,0,0
2021,full_sample,EXP_HOUSING_UTIL_EXPENDITURE,"10,000-14,999 元",403,0.07450545387317434,0,0
2021,full_sample,EXP_HOUSING_UTIL_EXPENDITURE,"15,000-19,999 元",219,0.040488075429839156,0,0
2021,full_sample,EXP_HOUSING_UTIL_EXPENDITURE,"2,000-2,499 元",558,0.10316139767054909,0,0
2021,full_sample,EXP_HOUSING_UTIL_EXPENDITURE,"2,500-2,999 元",706,0.13052320207062304,0,0
2021,full_sample,EXP_HOUSING_UTIL_EXPENDITURE,"20,000-29,999 元",145,0.02680717322980218,0,0
2021,full_sample,EXP_HOUSING_UTIL_EXPENDITURE,"3,000-4,999 元",937,0.17322980218154926,0,0
2021,full_sample,EXP_HOUSING_UTIL_EXPENDITURE,"30,000-39,999 元",21,0.003882418191902385,0,0
2021,full_sample,EXP_HOUSING_UTIL_EXPENDITURE,"40,000-49,999 元",11,0.0020336476243298205,0,0
2021,full_sample,EXP_HOUSING_UTIL_EXPENDITURE,"5,000-9,999 元",617,0.11406914401922721,0,0
2021,full_sample,EXP_HOUSING_UTIL_EXPENDITURE,"50,000-59,999 元",6,0.0011092623405435386,0,0
2021,full_sample,EXP_HOUSING_UTIL_EXPENDITURE,"60,000-69,999 元",2,3.6975411351451286e-4,0,0
2021,full_sample,EXP_HOUSING_UTIL_EXPENDITURE,"70,000 元及以上，請記錄____________元",8,0.0014790164540580515,0,0
2021,full_sample,EXP_HOUSING_UTIL_EXPENDITURE,999 元及以下,400,0.07395082270290257,0,0
2021,full_sample,EXP_HOUSING_UTIL_EXPENDITURE,沒有這項支出,30,0.005546311702717693,0,0
2021,full_sample,EXP_LOAN_INTEREST_EXPENDITURE,"1,000元-未滿2,000元",232,0.04289147716768349,0,0
2021,full_sample,EXP_LOAN_INTEREST_EXPENDITURE,"10,000元-未滿15,000元",155,0.028655943797374746,0,0
2021,full_sample,EXP_LOAN_INTEREST_EXPENDITURE,100000,11,0.0020336476243298205,0,0
2021,full_sample,EXP_LOAN_INTEREST_EXPENDITURE,"15,000元-未滿20,000元",76,0.014050656313551489,0,0
2021,full_sample,EXP_LOAN_INTEREST_EXPENDITURE,15000,1,1.8487705675725643e-4,0,0
2021,full_sample,EXP_LOAN_INTEREST_EXPENDITURE,"2,000元-未滿3,000元",162,0.029950083194675542,0,0
2021,full_sample,EXP_LOAN_INTEREST_EXPENDITURE,"20,000元-未滿30,000元",108,0.019966722129783693,0,0
2021,full_sample,EXP_LOAN_INTEREST_EXPENDITURE,20000,1,1.8487705675725643e-4,0,0
2021,full_sample,EXP_LOAN_INTEREST_EXPENDITURE,27000,1,1.8487705675725643e-4,0,0
2021,full_sample,EXP_LOAN_INTEREST_EXPENDITURE,"3,000元-未滿4,000元",103,0.01904233684599741,0,0
2021,full_sample,EXP_LOAN_INTEREST_EXPENDITURE,30000,10,0.0018487705675725643,0,0
2021,full_sample,EXP_LOAN_INTEREST_EXPENDITURE,33000,1,1.8487705675725643e-4,0,0
2021,full_sample,EXP_LOAN_INTEREST_EXPENDITURE,35000,5,9.243852837862821e-4,0,0
2021,full_sample,EXP_LOAN_INTEREST_EXPENDITURE,36000,2,3.6975411351451286e-4,0,0
2021,full_sample,EXP_LOAN_INTEREST_EXPENDITURE,38000,2,3.6975411351451286e-4,0,0
2021,full_sample,EXP_LOAN_INTEREST_EXPENDITURE,"4,000元-未滿5,000元",66,0.012201885745978924,0,0
2021,full_sample,EXP_LOAN_INTEREST_EXPENDITURE,4000,1,1.8487705675725643e-4,0,0
2021,full_sample,EXP_LOAN_INTEREST_EXPENDITURE,40000,5,9.243852837862821e-4,0,0
2021,full_sample,EXP_LOAN_INTEREST_EXPENDITURE,42000,1,1.8487705675725643e-4,0,0
2021,full_sample,EXP_LOAN_INTEREST_EXPENDITURE,43000,1,1.8487705675725643e-4,0,0
2021,full_sample,EXP_LOAN_INTEREST_EXPENDITURE,45000,1,1.8487705675725643e-4,0,0
2021,full_sample,EXP_LOAN_INTEREST_EXPENDITURE,46000,1,1.8487705675725643e-4,0,0
2021,full_sample,EXP_LOAN_INTEREST_EXPENDITURE,48000,1,1.8487705675725643e-4,0,0
2021,full_sample,EXP_LOAN_INTEREST_EXPENDITURE,"5,000元-未滿7,000元",78,0.014420410427066,0,0
2021,full_sample,EXP_LOAN_INTEREST_EXPENDITURE,50000,4,7.395082270290257e-4,0,0
2021,full_sample,EXP_LOAN_INTEREST_EXPENDITURE,52000,1,1.8487705675725643e-4,0,0
2021,full_sample,EXP_LOAN_INTEREST_EXPENDITURE,55000,1,1.8487705675725643e-4,0,0
2021,full_sample,EXP_LOAN_INTEREST_EXPENDITURE,60000,3,5.546311702717693e-4,0,0
2021,full_sample,EXP_LOAN_INTEREST_EXPENDITURE,66000,1,1.8487705675725643e-4,0,0
2021,full_sample,EXP_LOAN_INTEREST_EXPENDITURE,"7,000元-未滿10,000元",77,0.014235533370308745,0,0
2021,full_sample,EXP_LOAN_INTEREST_EXPENDITURE,80000,1,1.8487705675725643e-4,0,0
2021,full_sample,EXP_LOAN_INTEREST_EXPENDITURE,85000,1,1.8487705675725643e-4,0,0
2021,full_sample,EXP_LOAN_INTEREST_EXPENDITURE,"未滿1,000元",192,0.03549639489739324,0,0
2021,full_sample,EXP_LOAN_INTEREST_EXPENDITURE,沒有這項支出,4103,0.7585505638750231,0,0
2021,full_sample,EXP_MEDICAL_EXPENDITURE,"1,000-1,999 元",765,0.14143094841930118,0,0
2021,full_sample,EXP_MEDICAL_EXPENDITURE,"10,000-14,999 元",183,0.03383250138657792,0,0
2021,full_sample,EXP_MEDICAL_EXPENDITURE,"15,000-19,999 元",69,0.012756516916250694,0,0
2021,full_sample,EXP_MEDICAL_EXPENDITURE,"2,000-2,999 元",426,0.07875762617859124,0,0
2021,full_sample,EXP_MEDICAL_EXPENDITURE,"20,000-29,999 元",40,0.007395082270290257,0,0
2021,full_sample,EXP_MEDICAL_EXPENDITURE,"3,000-3,999 元",350,0.06470696986503975,0,0
2021,full_sample,EXP_MEDICAL_EXPENDITURE,"30,000 元及以上，請記錄________元",25,0.0046219264189314106,0,0
2021,full_sample,EXP_MEDICAL_EXPENDITURE,"4,000-4,999 元",230,0.04252172305416898,0,0
2021,full_sample,EXP_MEDICAL_EXPENDITURE,499 元及以下,1550,0.28655943797374744,0,0
2021,full_sample,EXP_MEDICAL_EXPENDITURE,"5,000-6,999 元",218,0.0403031983730819,0,0
2021,full_sample,EXP_MEDICAL_EXPENDITURE,500-999 元,1203,0.22240709927897948,0,0
2021,full_sample,EXP_MEDICAL_EXPENDITURE,"7,000-9,999 元",223,0.04122758365686818,0,0
2021,full_sample,EXP_MEDICAL_EXPENDITURE,沒有這項支出,127,0.023479386208171565,0,0
2021,full_sample,EXP_OTHER_EXPENDITURE,"1,000元-未滿2,000元",597,0.11037160288408208,0,0
2021,full_sample,EXP_OTHER_EXPENDITURE,"10,000元-未滿15,000元",26,0.004806803475688667,0,0
2021,full_sample,EXP_OTHER_EXPENDITURE,100000,1,1.8487705675725643e-4,0,0
2021,full_sample,EXP_OTHER_EXPENDITURE,"15,000元-未滿20,000元",9,0.0016638935108153079,0,0
2021,full_sample,EXP_OTHER_EXPENDITURE,"2,000元-未滿3,000元",408,0.07542983915696062,0,0
2021,full_sample,EXP_OTHER_EXPENDITURE,"20,000元-未滿30,000元",9,0.0016638935108153079,0,0
2021,full_sample,EXP_OTHER_EXPENDITURE,"3,000元-未滿4,000元",170,0.03142909964873359,0,0
2021,full_sample,EXP_OTHER_EXPENDITURE,"4,000元-未滿5,000元",103,0.01904233684599741,0,0
2021,full_sample,EXP_OTHER_EXPENDITURE,"5,000元-未滿7,000元",41,0.007579959327047513,0,0
2021,full_sample,EXP_OTHER_EXPENDITURE,"7,000元-未滿10,000元",32,0.005916065816232206,0,0
2021,full_sample,EXP_OTHER_EXPENDITURE,"未滿1,000元",1025,0.18949898317618782,0,0
2021,full_sample,EXP_OTHER_EXPENDITURE,沒有這項支出,2988,0.5524126455906821,0,0
2021,full_sample,EXP_TAX_INS_GIFT_EXPENDITURE,"1,000-1,499 元",570,0.10537992235163617,0,0
2021,full_sample,EXP_TAX_INS_GIFT_EXPENDITURE,"1,500-1,999 元",518,0.09576631540025883,0,0
2021,full_sample,EXP_TAX_INS_GIFT_EXPENDITURE,"10,000-14,999 元",205,0.03789979663523757,0,0
2021,full_sample,EXP_TAX_INS_GIFT_EXPENDITURE,"15,000-19,999 元",106,0.01959696801626918,0,0
2021,full_sample,EXP_TAX_INS_GIFT_EXPENDITURE,"2,000-2,499 元",414,0.07653910149750416,0,0
2021,full_sample,EXP_TAX_INS_GIFT_EXPENDITURE,"2,500-2,999 元",601,0.1111111111111111,0,0
2021,full_sample,EXP_TAX_INS_GIFT_EXPENDITURE,"20,000-29,999 元",61,0.011277500462192641,0,0
2021,full_sample,EXP_TAX_INS_GIFT_EXPENDITURE,"3,000-3,999 元",616,0.11388426696246996,0,0
2021,full_sample,EXP_TAX_INS_GIFT_EXPENDITURE,"30,000 元及以上，請記錄________元",15,0.0027731558513588465,0,0
2021,full_sample,EXP_TAX_INS_GIFT_EXPENDITURE,"4,000-4,999 元",501,0.09262340543538547,0,0
2021,full_sample,EXP_TAX_INS_GIFT_EXPENDITURE,"5,000-6,999 元",615,0.1136993899057127,0,0
2021,full_sample,EXP_TAX_INS_GIFT_EXPENDITURE,"7,000-9,999 元",404,0.07469033092993159,0,0
2021,full_sample,EXP_TAX_INS_GIFT_EXPENDITURE,999 元及以下,531,0.09816971713810316,0,0
2021,full_sample,EXP_TAX_INS_GIFT_EXPENDITURE,沒有這項支出,252,0.04658901830282862,0,0
2021,full_sample,EXP_TRANSPORT_COMM_EXPENDITURE,"1,000-1,999 元",669,0.12368275097060455,0,0
2021,full_sample,EXP_TRANSPORT_COMM_EXPENDITURE,"10,000-14,999 元",534,0.09872434830837493,0,0
2021,full_sample,EXP_TRANSPORT_COMM_EXPENDITURE,"15,000-19,999 元",173,0.03198373081900536,0,0
2021,full_sample,EXP_TRANSPORT_COMM_EXPENDITURE,"2,000-2,999 元",626,0.11573303753004252,0,0
2021,full_sample,EXP_TRANSPORT_COMM_EXPENDITURE,"20,000-29,999 元",116,0.021445738583841745,0,0
2021,full_sample,EXP_TRANSPORT_COMM_EXPENDITURE,"3,000-3,999 元",594,0.10981697171381032,0,0
2021,full_sample,EXP_TRANSPORT_COMM_EXPENDITURE,"30,000 元及以上，請記錄________元",34,0.006285819929746719,0,0
2021,full_sample,EXP_TRANSPORT_COMM_EXPENDITURE,"4,000-4,999 元",758,0.14013680902200037,0,0
2021,full_sample,EXP_TRANSPORT_COMM_EXPENDITURE,"5,000-6,999 元",796,0.1471621371787761,0,0
2021,full_sample,EXP_TRANSPORT_COMM_EXPENDITURE,"7,000-9,999 元",679,0.12553152153817712,0,0
2021,full_sample,EXP_TRANSPORT_COMM_EXPENDITURE,999 元及以下,385,0.07117766685154372,0,0
2021,full_sample,EXP_TRANSPORT_COMM_EXPENDITURE,沒有這項支出,45,0.008319467554076539,0,0
2021,full_sample,EXP_TRAVEL_EXPENDITURE,"1,000元-未滿2,000元",378,0.06988352745424292,0,0
2021,full_sample,EXP_TRAVEL_EXPENDITURE,"10,000元-未滿15,000元",23,0.004252172305416898,0,0
2021,full_sample,EXP_TRAVEL_EXPENDITURE,"15,000元-未滿20,000元",7,0.001294139397300795,0,0
2021,full_sample,EXP_TRAVEL_EXPENDITURE,"2,000元-未滿3,000元",182,0.03364762432982067,0,0
2021,full_sample,EXP_TRAVEL_EXPENDITURE,"20,000元-未滿30,000元",5,9.243852837862821e-4,0,0
2021,full_sample,EXP_TRAVEL_EXPENDITURE,"3,000元-未滿4,000元",71,0.013126271029765206,0,0
2021,full_sample,EXP_TRAVEL_EXPENDITURE,30000,2,3.6975411351451286e-4,0,0
2021,full_sample,EXP_TRAVEL_EXPENDITURE,"4,000元-未滿5,000元",80,0.014790164540580514,0,0
2021,full_sample,EXP_TRAVEL_EXPENDITURE,40000,2,3.6975411351451286e-4,0,0
2021,full_sample,EXP_TRAVEL_EXPENDITURE,"5,000元-未滿7,000元",40,0.007395082270290257,0,0
2021,full_sample,EXP_TRAVEL_EXPENDITURE,50000,2,3.6975411351451286e-4,0,0
2021,full_sample,EXP_TRAVEL_EXPENDITURE,"7,000元-未滿10,000元",21,0.003882418191902385,0,0
2021,full_sample,EXP_TRAVEL_EXPENDITURE,"未滿1,000元",591,0.10926234054353855,0,0
2021,full_sample,EXP_TRAVEL_EXPENDITURE,沒有這項支出,4005,0.740432612312812,0,0
2021,full_sample,HAS_INDI_55PLUS,FALSE,2306,0.4263264928822333,0,0
2021,full_sample,HAS_INDI_55PLUS,TRUE,3103,0.5736735071177667,0,0
2021,full_sample,HAS_INDI_65PLUS,FALSE,3602,0.6659271584396377,0,0
2021,full_sample,HAS_INDI_65PLUS,TRUE,1807,0.3340728415603624,0,0
2021,full_sample,HOUSE_BELONG,借用,169,0.031244222591976335,0,0
2021,full_sample,HOUSE_BELONG,租賃,1106,0.2044740247735256,0,0
2021,full_sample,HOUSE_BELONG,自有/家人所有/自建,4103,0.7585505638750231,0,0
2021,full_sample,HOUSE_BELONG,配住,31,0.005731188759474949,0,0
2021,full_sample,INC_FAM_GOV_INCOME,"1,000-1,999 元",71,0.013126271029765206,0,0
2021,full_sample,INC_FAM_GOV_INCOME,"10,000-14,999 元",288,0.05324459234608985,0,0
2021,full_sample,INC_FAM_GOV_INCOME,"15,000-19,999 元",100,0.018487705675725642,0,0
2021,full_sample,INC_FAM_GOV_INCOME,"2,000-2,999 元",106,0.01959696801626918,0,0
2021,full_sample,INC_FAM_GOV_INCOME,"20,000-29,999 元",78,0.014420410427066,0,0
2021,full_sample,INC_FAM_GOV_INCOME,"3,000-3,999 元",714,0.13200221852468108,0,0
2021,full_sample,INC_FAM_GOV_INCOME,"30,000 元及以上，請記錄________元",15,0.0027731558513588465,0,0
2021,full_sample,INC_FAM_GOV_INCOME,"4,000-4,999 元",284,0.052505084119060824,0,0
2021,full_sample,INC_FAM_GOV_INCOME,"5,000-5,999 元",223,0.04122758365686818,0,0
2021,full_sample,INC_FAM_GOV_INCOME,"6,000-7,999 元",550,0.10168238121649104,0,0
2021,full_sample,INC_FAM_GOV_INCOME,"8,000-9,999 元",196,0.03623590312442226,0,0
2021,full_sample,INC_FAM_GOV_INCOME,999 元及以下,82,0.015159918654095026,0,0
2021,full_sample,INC_FAM_GOV_INCOME,沒有這項收入,2702,0.4995378073581069,0,0
2021,full_sample,INC_FAM_INTEREST_INCOME,"1,000-1,999 元",178,0.032908116102791644,0,0
2021,full_sample,INC_FAM_INTEREST_INCOME,"10,000-14,999 元",49,0.009058975781105564,0,0
2021,full_sample,INC_FAM_INTEREST_INCOME,"15,000-19,999 元",7,0.001294139397300795,0,0
2021,full_sample,INC_FAM_INTEREST_INCOME,"2,000-2,999 元",85,0.015714549824366795,0,0
2021,full_sample,INC_FAM_INTEREST_INCOME,"20,000-29,999 元",4,7.395082270290257e-4,0,0
2021,full_sample,INC_FAM_INTEREST_INCOME,"3,000-3,999 元",35,0.006470696986503975,0,0
2021,full_sample,INC_FAM_INTEREST_INCOME,"30,000 元及以上，請記錄________元",6,0.0011092623405435386,0,0
2021,full_sample,INC_FAM_INTEREST_INCOME,"4,000-4,999 元",36,0.0066555740432612314,0,0
2021,full_sample,INC_FAM_INTEREST_INCOME,"5,000-5,999 元",23,0.004252172305416898,0,0
2021,full_sample,INC_FAM_INTEREST_INCOME,"6,000-7,999 元",12,0.0022185246810870773,0,0
2021,full_sample,INC_FAM_INTEREST_INCOME,"8,000-9,999 元",22,0.004067295248659641,0,0
2021,full_sample,INC_FAM_INTEREST_INCOME,999 元及以下,1073,0.19837308190053615,0,0
2021,full_sample,INC_FAM_INTEREST_INCOME,沒有這項收入,3879,0.7171381031613977,0,0
2021,full_sample,INC_FAM_OTHER_INCOME,"10,000元-未滿15,000元",22,0.004067295248659641,0,0
2021,full_sample,INC_FAM_OTHER_INCOME,"15,000元-未滿20,000元",5,9.243852837862821e-4,0,0
2021,full_sample,INC_FAM_OTHER_INCOME,"20,000元-未滿25,000元",13,0.0024034017378443337,0,0
2021,full_sample,INC_FAM_OTHER_INCOME,"25,000元-未滿30,000元",6,0.0011092623405435386,0,0
2021,full_sample,INC_FAM_OTHER_INCOME,"30,000元-未滿40,000元",2,3.6975411351451286e-4,0,0
2021,full_sample,INC_FAM_OTHER_INCOME,"40,000元-未滿50,000元",1,1.8487705675725643e-4,0,0
2021,full_sample,INC_FAM_OTHER_INCOME,"5,000元-未滿10,000元",42,0.00776483638380477,0,0
2021,full_sample,INC_FAM_OTHER_INCOME,"50,000元-未滿60,000元",42,0.00776483638380477,0,0
2021,full_sample,INC_FAM_OTHER_INCOME,"70,000元-未滿80,000元",3,5.546311702717693e-4,0,0
2021,full_sample,INC_FAM_OTHER_INCOME,"未滿5,000元",229,0.04233684599741172,0,0
2021,full_sample,INC_FAM_OTHER_INCOME,沒有這項收入,5044,0.9325198742836014,0,0
2021,full_sample,INC_FAM_RENT_INCOME,"10,000-14,999 元",22,0.004067295248659641,0,0
2021,full_sample,INC_FAM_RENT_INCOME,"15,000-19,999 元",11,0.0020336476243298205,0,0
2021,full_sample,INC_FAM_RENT_INCOME,"20,000-24,999 元",9,0.0016638935108153079,0,0
2021,full_sample,INC_FAM_RENT_INCOME,"25,000-29,999 元",4,7.395082270290257e-4,0,0
2021,full_sample,INC_FAM_RENT_INCOME,"30,000-39,999 元",4,7.395082270290257e-4,0,0
2021,full_sample,INC_FAM_RENT_INCOME,"4,999 元及以下",65,0.012017008689221667,0,0
2021,full_sample,INC_FAM_RENT_INCOME,"40,000-49,999 元",4,7.395082270290257e-4,0,0
2021,full_sample,INC_FAM_RENT_INCOME,"5,000-9,999 元",40,0.007395082270290257,0,0
2021,full_sample,INC_FAM_RENT_INCOME,"50,000-59,999 元",21,0.003882418191902385,0,0
2021,full_sample,INC_FAM_RENT_INCOME,"70,000-79,999 元",1,1.8487705675725643e-4,0,0
2021,full_sample,INC_FAM_RENT_INCOME,"80,000 元及以上，請記錄_________________元",1,1.8487705675725643e-4,0,0
2021,full_sample,INC_FAM_RENT_INCOME,沒有這項收入,5227,0.9663523756701793,0,0
2021,full_sample,INC_FAM_TRANSFER_INCOME,"1,000-1,999 元",163,0.030134960251432797,0,0
2021,full_sample,INC_FAM_TRANSFER_INCOME,"10,000-14,999 元",14,0.00258827879460159,0,0
2021,full_sample,INC_FAM_TRANSFER_INCOME,"15,000-19,999 元",8,0.0014790164540580515,0,0
2021,full_sample,INC_FAM_TRANSFER_INCOME,"2,000-2,999 元",68,0.012571639859493437,0,0
2021,full_sample,INC_FAM_TRANSFER_INCOME,"20,000-29,999 元",8,0.0014790164540580515,0,0
2021,full_sample,INC_FAM_TRANSFER_INCOME,"3,000-3,999 元",30,0.005546311702717693,0,0
2021,full_sample,INC_FAM_TRANSFER_INCOME,"30,000 元及以上，請記錄________元",2,3.6975411351451286e-4,0,0
2021,full_sample,INC_FAM_TRANSFER_INCOME,"4,000-4,999 元",27,0.004991680532445923,0,0
2021,full_sample,INC_FAM_TRANSFER_INCOME,"5,000-5,999 元",14,0.00258827879460159,0,0
2021,full_sample,INC_FAM_TRANSFER_INCOME,"6,000-7,999 元",13,0.0024034017378443337,0,0
2021,full_sample,INC_FAM_TRANSFER_INCOME,"8,000-9,999 元",12,0.0022185246810870773,0,0
2021,full_sample,INC_FAM_TRANSFER_INCOME,999 元及以下,267,0.04936217415418746,0,0
2021,full_sample,INC_FAM_TRANSFER_INCOME,沒有這項收入,4783,0.8842669624699575,0,0
2021,full_sample,INC_FAM_WORK_INCOME,"10,000-19,999 元",356,0.06581623220558329,0,0
2021,full_sample,INC_FAM_WORK_INCOME,"100,000-129,999元",356,0.06581623220558329,0,0
2021,full_sample,INC_FAM_WORK_INCOME,"130,000-159,999元",228,0.04215196894065446,0,0
2021,full_sample,INC_FAM_WORK_INCOME,"160,000 元及以上，請記錄____________元",84,0.01552967276760954,0,0
2021,full_sample,INC_FAM_WORK_INCOME,"20,000-29,999 元",529,0.09779996302458865,0,0
2021,full_sample,INC_FAM_WORK_INCOME,"30,000-39,999 元",631,0.1166574228138288,0,0
2021,full_sample,INC_FAM_WORK_INCOME,"40,000-49,999 元",598,0.11055647994083934,0,0
2021,full_sample,INC_FAM_WORK_INCOME,"50,000-59,999 元",607,0.11222037345165466,0,0
2021,full_sample,INC_FAM_WORK_INCOME,"60,000-69,999 元",485,0.08966537252726936,0,0
2021,full_sample,INC_FAM_WORK_INCOME,"70,000-79,999 元",430,0.07949713440562026,0,0
2021,full_sample,INC_FAM_WORK_INCOME,"80,000-89,999 元",338,0.06248844518395267,0,0
2021,full_sample,INC_FAM_WORK_INCOME,"9,999 元及以下",180,0.033277870216306155,0,0
2021,full_sample,INC_FAM_WORK_INCOME,"90,000-99,999 元",270,0.04991680532445923,0,0
2021,full_sample,INC_FAM_WORK_INCOME,沒有這項收入,317,0.05860602699205029,0,0
2021,full_sample,INC_PERS_GOV_INCOME,"1,000-1,999 元",55,0.010168238121649104,0,0
2021,full_sample,INC_PERS_GOV_INCOME,"10,000-14,999 元",87,0.01608430393788131,0,0
2021,full_sample,INC_PERS_GOV_INCOME,"15,000-19,999 元",39,0.007210205213533,0,0
2021,full_sample,INC_PERS_GOV_INCOME,"2,000-2,999 元",56,0.01035311517840636,0,0
2021,full_sample,INC_PERS_GOV_INCOME,"20,000-29,999 元",36,0.0066555740432612314,0,0
2021,full_sample,INC_PERS_GOV_INCOME,"3,000-3,999 元",603,0.11148086522462562,0,0
2021,full_sample,INC_PERS_GOV_INCOME,"30,000 元及以上，請記錄________元",3,5.546311702717693e-4,0,0
2021,full_sample,INC_PERS_GOV_INCOME,"4,000-4,999 元",178,0.032908116102791644,0,0
2021,full_sample,INC_PERS_GOV_INCOME,"5,000-5,999 元",85,0.015714549824366795,0,0
2021,full_sample,INC_PERS_GOV_INCOME,"6,000-7,999 元",297,0.05490848585690516,0,0
2021,full_sample,INC_PERS_GOV_INCOME,"8,000-9,999 元",78,0.014420410427066,0,0
2021,full_sample,INC_PERS_GOV_INCOME,999 元及以下,101,0.018672582732482897,0,0
2021,full_sample,INC_PERS_GOV_INCOME,沒有這項收入,3791,0.7008689221667591,0,0
2021,full_sample,INC_PERS_INTEREST_INCOME,"1,000-1,999 元",113,0.020891107413569976,0,0
2021,full_sample,INC_PERS_INTEREST_INCOME,"10,000-14,999 元",26,0.004806803475688667,0,0
2021,full_sample,INC_PERS_INTEREST_INCOME,"15,000-19,999 元",6,0.0011092623405435386,0,0
2021,full_sample,INC_PERS_INTEREST_INCOME,"2,000-2,999 元",52,0.009613606951377335,0,0
2021,full_sample,INC_PERS_INTEREST_INCOME,"20,000-29,999 元",3,5.546311702717693e-4,0,0
2021,full_sample,INC_PERS_INTEREST_INCOME,"3,000-3,999 元",21,0.003882418191902385,0,0
2021,full_sample,INC_PERS_INTEREST_INCOME,"30,000 元及以上，請記錄________元",3,5.546311702717693e-4,0,0
2021,full_sample,INC_PERS_INTEREST_INCOME,"4,000-4,999 元",23,0.004252172305416898,0,0
2021,full_sample,INC_PERS_INTEREST_INCOME,"5,000-5,999 元",15,0.0027731558513588465,0,0
2021,full_sample,INC_PERS_INTEREST_INCOME,"6,000-7,999 元",4,7.395082270290257e-4,0,0
2021,full_sample,INC_PERS_INTEREST_INCOME,"8,000-9,999 元",12,0.0022185246810870773,0,0
2021,full_sample,INC_PERS_INTEREST_INCOME,999 元及以下,946,0.17489369569236457,0,0
2021,full_sample,INC_PERS_INTEREST_INCOME,沒有這項收入,4185,0.7737104825291181,0,0
2021,full_sample,INC_PERS_OTHER_INCOME,"10,000-14,999 元",14,0.00258827879460159,0,0
2021,full_sample,INC_PERS_OTHER_INCOME,"15,000-19,999 元",3,5.546311702717693e-4,0,0
2021,full_sample,INC_PERS_OTHER_INCOME,"20,000-24,999 元",11,0.0020336476243298205,0,0
2021,full_sample,INC_PERS_OTHER_INCOME,"25,000-29,999 元",3,5.546311702717693e-4,0,0
2021,full_sample,INC_PERS_OTHER_INCOME,"30,000-39,999 元",1,1.8487705675725643e-4,0,0
2021,full_sample,INC_PERS_OTHER_INCOME,"4,999 元及以下",179,0.0330929931595489,0,0
2021,full_sample,INC_PERS_OTHER_INCOME,"40,000-49,999 元",1,1.8487705675725643e-4,0,0
2021,full_sample,INC_PERS_OTHER_INCOME,"5,000-9,999 元",34,0.006285819929746719,0,0
2021,full_sample,INC_PERS_OTHER_INCOME,"50,000-59,999 元",8,0.0014790164540580515,0,0
2021,full_sample,INC_PERS_OTHER_INCOME,"70,000-79,999 元",1,1.8487705675725643e-4,0,0
2021,full_sample,INC_PERS_OTHER_INCOME,沒有這項收入,5154,0.9528563505268997,0,0
2021,full_sample,INC_PERS_RENT_INCOME,"10,000-14,999 元",17,0.0031429099648733593,0,0
2021,full_sample,INC_PERS_RENT_INCOME,"15,000-19,999 元",4,7.395082270290257e-4,0,0
2021,full_sample,INC_PERS_RENT_INCOME,"20,000-24,999 元",6,0.0011092623405435386,0,0
2021,full_sample,INC_PERS_RENT_INCOME,"25,000-29,999 元",3,5.546311702717693e-4,0,0
2021,full_sample,INC_PERS_RENT_INCOME,"30,000-39,999 元",4,7.395082270290257e-4,0,0
2021,full_sample,INC_PERS_RENT_INCOME,"4,999 元及以下",53,0.00979848400813459,0,0
2021,full_sample,INC_PERS_RENT_INCOME,"40,000-49,999 元",2,3.6975411351451286e-4,0,0
2021,full_sample,INC_PERS_RENT_INCOME,"5,000-9,999 元",25,0.0046219264189314106,0,0
2021,full_sample,INC_PERS_RENT_INCOME,"50,000-59,999 元",11,0.0020336476243298205,0,0
2021,full_sample,INC_PERS_RENT_INCOME,"70,000-79,999 元",1,1.8487705675725643e-4,0,0
2021,full_sample,INC_PERS_RENT_INCOME,"80,000 元及以上，請記錄_________________元",1,1.8487705675725643e-4,0,0
2021,full_sample,INC_PERS_RENT_INCOME,沒有這項收入,5282,0.9765206137918284,0,0
2021,full_sample,INC_PERS_TRANSFER_INCOME,"1,000-1,999 元",114,0.02107598447032723,0,0
2021,full_sample,INC_PERS_TRANSFER_INCOME,"10,000-14,999 元",12,0.0022185246810870773,0,0
2021,full_sample,INC_PERS_TRANSFER_INCOME,"15,000-19,999 元",4,7.395082270290257e-4,0,0
2021,full_sample,INC_PERS_TRANSFER_INCOME,"2,000-2,999 元",41,0.007579959327047513,0,0
2021,full_sample,INC_PERS_TRANSFER_INCOME,"20,000-29,999 元",4,7.395082270290257e-4,0,0
2021,full_sample,INC_PERS_TRANSFER_INCOME,"3,000-3,999 元",12,0.0022185246810870773,0,0
2021,full_sample,INC_PERS_TRANSFER_INCOME,"30,000 元及以上，請記錄________元",2,3.6975411351451286e-4,0,0
2021,full_sample,INC_PERS_TRANSFER_INCOME,"4,000-4,999 元",18,0.0033277870216306157,0,0
2021,full_sample,INC_PERS_TRANSFER_INCOME,"5,000-5,999 元",11,0.0020336476243298205,0,0
2021,full_sample,INC_PERS_TRANSFER_INCOME,"6,000-7,999 元",5,9.243852837862821e-4,0,0
2021,full_sample,INC_PERS_TRANSFER_INCOME,"8,000-9,999 元",6,0.0011092623405435386,0,0
2021,full_sample,INC_PERS_TRANSFER_INCOME,999 元及以下,196,0.03623590312442226,0,0
2021,full_sample,INC_PERS_TRANSFER_INCOME,沒有這項收入,4984,0.921427250878166,0,0
2021,full_sample,INC_PERS_WORK_INCOME,"10,000-14,999 元",323,0.059715289332593825,0,0
2021,full_sample,INC_PERS_WORK_INCOME,"100,000-129,999元",47,0.008689221667591052,0,0
2021,full_sample,INC_PERS_WORK_INCOME,"130,000-159,999元",13,0.0024034017378443337,0,0
2021,full_sample,INC_PERS_WORK_INCOME,"15,000-19,999 元",276,0.051026067665002776,0,0
2021,full_sample,INC_PERS_WORK_INCOME,"160,000 元及以上，請記錄____________元",18,0.0033277870216306157,0,0
2021,full_sample,INC_PERS_WORK_INCOME,"20,000-24,999 元",406,0.0750600850434461,0,0
2021,full_sample,INC_PERS_WORK_INCOME,"25,000-29,999 元",819,0.15141430948419302,0,0
2021,full_sample,INC_PERS_WORK_INCOME,"30,000-39,999 元",1163,0.21501201700868922,0,0
2021,full_sample,INC_PERS_WORK_INCOME,"40,000-49,999 元",693,0.1281198003327787,0,0
2021,full_sample,INC_PERS_WORK_INCOME,"50,000-59,999 元",401,0.07413569975965982,0,0
2021,full_sample,INC_PERS_WORK_INCOME,"60,000-69,999 元",148,0.02736180440007395,0,0
2021,full_sample,INC_PERS_WORK_INCOME,"70,000-79,999 元",93,0.017193566278424846,0,0
2021,full_sample,INC_PERS_WORK_INCOME,"80,000-89,999 元",43,0.007949713440562027,0,0
2021,full_sample,INC_PERS_WORK_INCOME,"9,999 元及以下",279,0.051580698835274545,0,0
2021,full_sample,INC_PERS_WORK_INCOME,"90,000-99,999 元",51,0.009428729894620078,0,0
2021,full_sample,INC_PERS_WORK_INCOME,沒有這項收入,636,0.11758180809761509,0,0
2021,full_sample,MALE,男性,3243,0.5995562950637826,0,0
2021,full_sample,MALE,非男性,2166,0.4004437049362174,0,0
2021,full_sample,RACE,卑南族,141,0.026067665002773157,0,0
2021,full_sample,RACE,噶瑪蘭族,42,0.00776483638380477,0,0
2021,full_sample,RACE,太魯閣族,233,0.04307635422444075,0,0
2021,full_sample,RACE,布農族,476,0.08800147901645405,0,0
2021,full_sample,RACE,排灣族,809,0.14956553891662044,0,0
2021,full_sample,RACE,泰雅族,671,0.12405250508411907,0,0
2021,full_sample,RACE,賽夏族,73,0.01349602514327972,0,0
2021,full_sample,RACE,賽德克族,93,0.017193566278424846,0,0
2021,full_sample,RACE,鄒族,38,0.007025328156775744,0,0
2021,full_sample,RACE,阿美族,1652,0.30541689776298764,0,0
2021,full_sample,RACE,雅美族/達悟族,37,0.006840451100018487,0,0
2021,full_sample,RACE,非原住民族,1017,0.18801996672212978,0,0
2021,full_sample,RACE,魯凱族,127,0.023479386208171565,0,0
2021,full_sample,RENT,"1,000-2,999元",37,0.03251318101933216,4271,0.7896099094102422
2021,full_sample,RENT,"10,000-19,999元",470,0.4130052724077329,4271,0.7896099094102422
2021,full_sample,RENT,20000,17,0.014938488576449912,4271,0.7896099094102422
2021,full_sample,RENT,21000,4,0.0035149384885764497,4271,0.7896099094102422
2021,full_sample,RENT,22000,7,0.006151142355008787,4271,0.7896099094102422
2021,full_sample,RENT,23000,8,0.007029876977152899,4271,0.7896099094102422
2021,full_sample,RENT,24000,1,8.787346221441124e-4,4271,0.7896099094102422
2021,full_sample,RENT,25000,3,0.0026362038664323375,4271,0.7896099094102422
2021,full_sample,RENT,26000,2,0.0017574692442882249,4271,0.7896099094102422
2021,full_sample,RENT,26500,2,0.0017574692442882249,4271,0.7896099094102422
2021,full_sample,RENT,28000,3,0.0026362038664323375,4271,0.7896099094102422
2021,full_sample,RENT,"3,000-4,999元",96,0.0843585237258348,4271,0.7896099094102422
2021,full_sample,RENT,30000,2,0.0017574692442882249,4271,0.7896099094102422
2021,full_sample,RENT,33000,1,8.787346221441124e-4,4271,0.7896099094102422
2021,full_sample,RENT,35000,3,0.0026362038664323375,4271,0.7896099094102422
2021,full_sample,RENT,36000,1,8.787346221441124e-4,4271,0.7896099094102422
2021,full_sample,RENT,40000,2,0.0017574692442882249,4271,0.7896099094102422
2021,full_sample,RENT,"5,000-6,999元",175,0.15377855887521968,4271,0.7896099094102422
2021,full_sample,RENT,50000,3,0.0026362038664323375,4271,0.7896099094102422
2021,full_sample,RENT,64000,1,8.787346221441124e-4,4271,0.7896099094102422
2021,full_sample,RENT,65000,1,8.787346221441124e-4,4271,0.7896099094102422
2021,full_sample,RENT,"7,000-9,999元",260,0.22847100175746923,4271,0.7896099094102422
2021,full_sample,RENT,不需要支付租金,24,0.0210896309314587,4271,0.7896099094102422
2021,full_sample,RENT,"未滿1,000元",15,0.013181019332161687,4271,0.7896099094102422
2021,full_sample,RESPONDENT_UNIT,economic_household_head,5409,1,0,0
2021,full_sample,RESPONDENT_UNIT_SOURCE,110年問卷B部分：經濟戶長基本資料,5409,1,0,0
2002,indigenous_analysis_sample,AGE_GROUP,15-19歲,122,0.009303744375810264,0,0
2002,indigenous_analysis_sample,AGE_GROUP,20-29歲,1100,0.08388621978189582,0,0
2002,indigenous_analysis_sample,AGE_GROUP,30-39歲,3216,0.24525280256234272,0,0
2002,indigenous_analysis_sample,AGE_GROUP,40-49歲,4038,0.30793868679935943,0,0
2002,indigenous_analysis_sample,AGE_GROUP,50-59歲,2478,0.18897277510867078,0,0
2002,indigenous_analysis_sample,AGE_GROUP,60歲以上,2159,0.164645771371921,0,0
2002,indigenous_analysis_sample,AGE_GROUP_HARMONIZED,15-19歲,122,0.009303744375810264,0,0
2002,indigenous_analysis_sample,AGE_GROUP_HARMONIZED,20-29歲,1100,0.08388621978189582,0,0
2002,indigenous_analysis_sample,AGE_GROUP_HARMONIZED,30-39歲,3216,0.24525280256234272,0,0
2002,indigenous_analysis_sample,AGE_GROUP_HARMONIZED,40-49歲,4038,0.30793868679935943,0,0
2002,indigenous_analysis_sample,AGE_GROUP_HARMONIZED,50-59歲,2478,0.18897277510867078,0,0
2002,indigenous_analysis_sample,AGE_GROUP_HARMONIZED,60歲以上,2159,0.164645771371921,0,0
2002,indigenous_analysis_sample,AGE_MEASURE_TYPE,age_group,13113,1,0,0
2002,indigenous_analysis_sample,EDU,不識字/自修,1098,0.08373369938229239,0,0
2002,indigenous_analysis_sample,EDU,國(初)中,2644,0.20163196827575688,0,0
2002,indigenous_analysis_sample,EDU,國小,4619,0.35224586288416077,0,0
2002,indigenous_analysis_sample,EDU,專科以上,1234,0.09410508655532678,0,0
2002,indigenous_analysis_sample,EDU,高中職,3518,0.26828338290246323,0,0
2002,indigenous_analysis_sample,EXP_ALCOHOL_EXPENDITURE,"1,000元至未滿3,000元",3403,0.2616887111657951,109,0.00831236177838786
2002,indigenous_analysis_sample,EXP_ALCOHOL_EXPENDITURE,1萬元以上（請記錄金額）,96,0.007382343894186404,109,0.00831236177838786
2002,indigenous_analysis_sample,EXP_ALCOHOL_EXPENDITURE,"3,000元至未滿5,000元",1211,0.09312519224853891,109,0.00831236177838786
2002,indigenous_analysis_sample,EXP_ALCOHOL_EXPENDITURE,"5,000-6,999 元",404,0.031067363888034452,109,0.00831236177838786
2002,indigenous_analysis_sample,EXP_ALCOHOL_EXPENDITURE,"7,000-9,999 元",172,0.013226699477083975,109,0.00831236177838786
2002,indigenous_analysis_sample,EXP_ALCOHOL_EXPENDITURE,"未滿1,000元",2550,0.19609350968932637,109,0.00831236177838786
2002,indigenous_analysis_sample,EXP_ALCOHOL_EXPENDITURE,沒有這項支出,5168,0.39741617963703474,109,0.00831236177838786
2002,indigenous_analysis_sample,EXP_EDU_BOOKS_COMBINED_EXPENDITURE,1千~未滿3千元,1279,0.19854082583048743,6671,0.5087317928772973
2002,indigenous_analysis_sample,EXP_EDU_BOOKS_COMBINED_EXPENDITURE,1萬元以上,233,0.03616889164855635,6671,0.5087317928772973
2002,indigenous_analysis_sample,EXP_EDU_BOOKS_COMBINED_EXPENDITURE,3千~未滿5千元,641,0.0995032598571872,6671,0.5087317928772973
2002,indigenous_analysis_sample,EXP_EDU_BOOKS_COMBINED_EXPENDITURE,5千~未滿7千元,351,0.05448618441477802,6671,0.5087317928772973
2002,indigenous_analysis_sample,EXP_EDU_BOOKS_COMBINED_EXPENDITURE,7千~未滿1萬元,278,0.043154299906861225,6671,0.5087317928772973
2002,indigenous_analysis_sample,EXP_EDU_BOOKS_COMBINED_EXPENDITURE,未滿1千元,1119,0.17370381868984788,6671,0.5087317928772973
2002,indigenous_analysis_sample,EXP_EDU_BOOKS_COMBINED_EXPENDITURE,無此消費,2541,0.3944427196522819,6671,0.5087317928772973
2002,indigenous_analysis_sample,EXP_FOOD_EXPENDITURE,1萬元至未滿2萬元,4269,0.33054587688734033,198,0.015099519560741249
2002,indigenous_analysis_sample,EXP_FOOD_EXPENDITURE,"20,000-29,999 元",3812,0.2951606658923732,198,0.015099519560741249
2002,indigenous_analysis_sample,EXP_FOOD_EXPENDITURE,"3,000-4,999 元",1425,0.11033681765389082,198,0.015099519560741249
2002,indigenous_analysis_sample,EXP_FOOD_EXPENDITURE,"30,000-39,999 元",748,0.05791715060007743,198,0.015099519560741249
2002,indigenous_analysis_sample,EXP_FOOD_EXPENDITURE,"40,000-49,999 元",153,0.011846689895470384,198,0.015099519560741249
2002,indigenous_analysis_sample,EXP_FOOD_EXPENDITURE,"5,000元至未滿1萬元",2477,0.19179248935346496,198,0.015099519560741249
2002,indigenous_analysis_sample,EXP_FOOD_EXPENDITURE,5萬元以上（請記錄金額）,31,0.002400309717382888,198,0.015099519560741249
2002,indigenous_analysis_sample,EXP_MEDICAL_EXPENDITURE,"1,000元至未滿3,000元",4228,0.32841385738698153,239,0.01822618775261191
2002,indigenous_analysis_sample,EXP_MEDICAL_EXPENDITURE,1萬元以上（請記錄金額）,511,0.03969240329345969,239,0.01822618775261191
2002,indigenous_analysis_sample,EXP_MEDICAL_EXPENDITURE,"3,000元至未滿5,000元",1805,0.14020506447102687,239,0.01822618775261191
2002,indigenous_analysis_sample,EXP_MEDICAL_EXPENDITURE,"5,000-6,999 元",813,0.06315053596395837,239,0.01822618775261191
2002,indigenous_analysis_sample,EXP_MEDICAL_EXPENDITURE,"7,000-9,999 元",541,0.04202268137331055,239,0.01822618775261191
2002,indigenous_analysis_sample,EXP_MEDICAL_EXPENDITURE,"未滿1,000元",3790,0.29439179742115895,239,0.01822618775261191
2002,indigenous_analysis_sample,EXP_MEDICAL_EXPENDITURE,沒有這項支出,1186,0.09212366009010409,239,0.01822618775261191
2002,indigenous_analysis_sample,EXP_TOTAL_REPORTED_EXPENDITURE,2萬元至未滿3萬元,3904,0.298083530579522,16,0.0012201631968275757
2002,indigenous_analysis_sample,EXP_TOTAL_REPORTED_EXPENDITURE,3萬元至未滿4萬元,2269,0.17324578147667405,16,0.0012201631968275757
2002,indigenous_analysis_sample,EXP_TOTAL_REPORTED_EXPENDITURE,4萬元至未滿5萬元,1198,0.09147132931205619,16,0.0012201631968275757
2002,indigenous_analysis_sample,EXP_TOTAL_REPORTED_EXPENDITURE,5萬元至未滿6萬元,660,0.05039321982133313,16,0.0012201631968275757
2002,indigenous_analysis_sample,EXP_TOTAL_REPORTED_EXPENDITURE,6萬元至未滿7萬元,291,0.02221882873940597,16,0.0012201631968275757
2002,indigenous_analysis_sample,EXP_TOTAL_REPORTED_EXPENDITURE,7萬元至未滿8萬元,168,0.012827365045430252,16,0.0012201631968275757
2002,indigenous_analysis_sample,EXP_TOTAL_REPORTED_EXPENDITURE,8萬元以上（請記錄金額）,168,0.012827365045430252,16,0.0012201631968275757
2002,indigenous_analysis_sample,EXP_TOTAL_REPORTED_EXPENDITURE,未滿2萬元,4439,0.33893257998014814,16,0.0012201631968275757
2002,indigenous_analysis_sample,EXP_TRANSPORT_COMM_EXPENDITURE,"1,000元至未滿3,000元",4478,0.3448860135551448,129,0.00983756577442233
2002,indigenous_analysis_sample,EXP_TRANSPORT_COMM_EXPENDITURE,1萬元以上（請記錄金額）,579,0.04459334565619224,129,0.00983756577442233
2002,indigenous_analysis_sample,EXP_TRANSPORT_COMM_EXPENDITURE,"3,000元至未滿5,000元",3186,0.2453789279112754,129,0.00983756577442233
2002,indigenous_analysis_sample,EXP_TRANSPORT_COMM_EXPENDITURE,"5,000-6,999 元",1665,0.12823475046210722,129,0.00983756577442233
2002,indigenous_analysis_sample,EXP_TRANSPORT_COMM_EXPENDITURE,"7,000-9,999 元",992,0.07640172520024646,129,0.00983756577442233
2002,indigenous_analysis_sample,EXP_TRANSPORT_COMM_EXPENDITURE,999 元及以下,2038,0.15696241528034505,129,0.00983756577442233
2002,indigenous_analysis_sample,EXP_TRANSPORT_COMM_EXPENDITURE,沒有這項支出,46,0.003542821934688848,129,0.00983756577442233
2002,indigenous_analysis_sample,EXP_TRAVEL_EXPENDITURE,1千~未滿3千元,829,0.1280902348578492,6641,0.5064439868832457
2002,indigenous_analysis_sample,EXP_TRAVEL_EXPENDITURE,1萬元以上,44,0.006798516687268232,6641,0.5064439868832457
2002,indigenous_analysis_sample,EXP_TRAVEL_EXPENDITURE,3千~未滿5千元,365,0.056396786155747836,6641,0.5064439868832457
2002,indigenous_analysis_sample,EXP_TRAVEL_EXPENDITURE,5千~未滿7千元,119,0.01838689740420272,6641,0.5064439868832457
2002,indigenous_analysis_sample,EXP_TRAVEL_EXPENDITURE,7千~未滿1萬元,62,0.009579728059332509,6641,0.5064439868832457
2002,indigenous_analysis_sample,EXP_TRAVEL_EXPENDITURE,未滿1千元,837,0.12932632880098888,6641,0.5064439868832457
2002,indigenous_analysis_sample,EXP_TRAVEL_EXPENDITURE,無此消費,4216,0.6514215080346106,6641,0.5064439868832457
2002,indigenous_analysis_sample,HOUSE_BELONG,借用,354,0.027016713729680227,10,7.626019980172348e-4
2002,indigenous_analysis_sample,HOUSE_BELONG,租賃,2072,0.1581317255590323,10,7.626019980172348e-4
2002,indigenous_analysis_sample,HOUSE_BELONG,自有/家人所有/自建,10456,0.797985194230329,10,7.626019980172348e-4
2002,indigenous_analysis_sample,HOUSE_BELONG,配住,221,0.01686636648095856,10,7.626019980172348e-4
2002,indigenous_analysis_sample,INC_FAM_GOV_INCOME,"10,000-14,999 元",166,0.012659193167086098,0,0
2002,indigenous_analysis_sample,INC_FAM_GOV_INCOME,"15,000-19,999 元",61,0.004651872187905132,0,0
2002,indigenous_analysis_sample,INC_FAM_GOV_INCOME,"2,000元至未滿4,000元",2701,0.20597879966445512,0,0
2002,indigenous_analysis_sample,INC_FAM_GOV_INCOME,"20,000-29,999 元",33,0.0025165865934568747,0,0
2002,indigenous_analysis_sample,INC_FAM_GOV_INCOME,"30,000 元及以上，請記錄________元",11,8.388621978189583e-4,0,0
2002,indigenous_analysis_sample,INC_FAM_GOV_INCOME,"4,000元至未滿6,000元",643,0.0490353084725082,0,0
2002,indigenous_analysis_sample,INC_FAM_GOV_INCOME,"6,000元至未滿1萬元",1115,0.08503012277892168,0,0
2002,indigenous_analysis_sample,INC_FAM_GOV_INCOME,"未滿2,000元",8383,0.6392892549378479,0,0
2002,indigenous_analysis_sample,INC_FAM_OTHER_INCOME,1萬~未滿2萬元,798,0.060855639441775335,0,0
2002,indigenous_analysis_sample,INC_FAM_OTHER_INCOME,5千~未滿1萬元,838,0.06390604743384427,0,0
2002,indigenous_analysis_sample,INC_FAM_OTHER_INCOME,5萬~未滿6萬元,357,0.02722489132921528,0,0
2002,indigenous_analysis_sample,INC_FAM_OTHER_INCOME,6萬元以上,261,0.01990391214824983,0,0
2002,indigenous_analysis_sample,INC_FAM_OTHER_INCOME,未滿5千元,915,0.06977808281857699,0,0
2002,indigenous_analysis_sample,INC_FAM_OTHER_INCOME,無此收入,9944,0.7583314268283383,0,0
2002,indigenous_analysis_sample,INC_FAM_TOTAL_INCOME,10萬元至未滿12萬元,249,0.018988789750629148,0,0
2002,indigenous_analysis_sample,INC_FAM_TOTAL_INCOME,12萬元至未滿15萬元,128,0.009761305574620606,0,0
2002,indigenous_analysis_sample,INC_FAM_TOTAL_INCOME,15萬元以上（請記錄金額）,109,0.00831236177838786,0,0
2002,indigenous_analysis_sample,INC_FAM_TOTAL_INCOME,2萬元至未滿4萬元,4499,0.34309463890795394,0,0
2002,indigenous_analysis_sample,INC_FAM_TOTAL_INCOME,4萬元至未滿6萬元,2538,0.1935483870967742,0,0
2002,indigenous_analysis_sample,INC_FAM_TOTAL_INCOME,6萬元至未滿8萬元,1036,0.07900556699458552,0,0
2002,indigenous_analysis_sample,INC_FAM_TOTAL_INCOME,8萬元至未滿10萬元,453,0.03454587051018074,0,0
2002,indigenous_analysis_sample,INC_FAM_TOTAL_INCOME,未滿2萬元,4101,0.312743079386868,0,0
2002,indigenous_analysis_sample,INC_FAM_WORK_INCOME,"100,000-129,999元",209,0.015938381758560206,0,0
2002,indigenous_analysis_sample,INC_FAM_WORK_INCOME,12萬元至未滿15萬元,102,0.007778540379775795,0,0
2002,indigenous_analysis_sample,INC_FAM_WORK_INCOME,15萬元以上（請記錄金額）,84,0.006405856783344772,0,0
2002,indigenous_analysis_sample,INC_FAM_WORK_INCOME,2萬元至未滿4萬元,4303,0.32814763974681616,0,0
2002,indigenous_analysis_sample,INC_FAM_WORK_INCOME,4萬元至未滿6萬元,2338,0.1782963471364295,0,0
2002,indigenous_analysis_sample,INC_FAM_WORK_INCOME,6萬元至未滿8萬元,894,0.0681766186227408,0,0
2002,indigenous_analysis_sample,INC_FAM_WORK_INCOME,8萬元至未滿10萬元,390,0.029741477922672156,0,0
2002,indigenous_analysis_sample,INC_FAM_WORK_INCOME,未滿2萬元,4793,0.36551513764966065,0,0
2002,indigenous_analysis_sample,MALE,男性,7901,0.6025318386334172,0,0
2002,indigenous_analysis_sample,MALE,非男性,5212,0.3974681613665828,0,0
2002,indigenous_analysis_sample,RACE,卑南族,401,0.030580340120491115,0,0
2002,indigenous_analysis_sample,RACE,噶瑪蘭族,5,3.813009990086174e-4,0,0
2002,indigenous_analysis_sample,RACE,布農族,1336,0.10188362693510257,0,0
2002,indigenous_analysis_sample,RACE,排灣族,2511,0.19148936170212766,0,0
2002,indigenous_analysis_sample,RACE,泰雅族,3069,0.23404255319148937,0,0
2002,indigenous_analysis_sample,RACE,賽夏族,185,0.014108136963318843,0,0
2002,indigenous_analysis_sample,RACE,邵族,28,0.0021352855944482573,0,0
2002,indigenous_analysis_sample,RACE,鄒族,187,0.01426065736292229,0,0
2002,indigenous_analysis_sample,RACE,阿美族,4931,0.3760390452222985,0,0
2002,indigenous_analysis_sample,RACE,雅美族/達悟族,124,0.009456264775413711,0,0
2002,indigenous_analysis_sample,RACE,魯凱族,336,0.02562342713337909,0,0
2002,indigenous_analysis_sample,RENT,"1,000-2,999元",149,0.06498037505451373,10820,0.8251353618546481
2002,indigenous_analysis_sample,RENT,"10,000-19,999元",489,0.2132577409507196,10820,0.8251353618546481
2002,indigenous_analysis_sample,RENT,"20,000元以上",43,0.01875272568687309,10820,0.8251353618546481
2002,indigenous_analysis_sample,RENT,"3,000-4,999元",355,0.15481901439162668,10820,0.8251353618546481
2002,indigenous_analysis_sample,RENT,"5,000-6,999元",484,0.21107719145224596,10820,0.8251353618546481
2002,indigenous_analysis_sample,RENT,"7,000-9,999元",497,0.21674662014827736,10820,0.8251353618546481
2002,indigenous_analysis_sample,RENT,不需要支付租金,126,0.054949847361535104,10820,0.8251353618546481
2002,indigenous_analysis_sample,RENT,拒答,43,0.01875272568687309,10820,0.8251353618546481
2002,indigenous_analysis_sample,RENT,"未滿1,000元",107,0.04666375926733537,10820,0.8251353618546481
2002,indigenous_analysis_sample,RESPONDENT_UNIT,economic_household_head,13113,1,0,0
2002,indigenous_analysis_sample,RESPONDENT_UNIT_SOURCE,91年問卷首頁：訪問對象為經濟戶長,13113,1,0,0
2006,indigenous_analysis_sample,AGE_GROUP,15-19歲,309,0.051388657907866286,0,0
2006,indigenous_analysis_sample,AGE_GROUP,20-29歲,710,0.11807749875270247,0,0
2006,indigenous_analysis_sample,AGE_GROUP,30-39歲,1164,0.1935805754199235,0,0
2006,indigenous_analysis_sample,AGE_GROUP,40-49歲,1453,0.24164310660236155,0,0
2006,indigenous_analysis_sample,AGE_GROUP,50-59歲,1201,0.19973390986196574,0,0
2006,indigenous_analysis_sample,AGE_GROUP,60歲以上,1176,0.19557625145518046,0,0
2006,indigenous_analysis_sample,AGE_GROUP_HARMONIZED,15-19歲,309,0.051388657907866286,0,0
2006,indigenous_analysis_sample,AGE_GROUP_HARMONIZED,20-29歲,710,0.11807749875270247,0,0
2006,indigenous_analysis_sample,AGE_GROUP_HARMONIZED,30-39歲,1164,0.1935805754199235,0,0
2006,indigenous_analysis_sample,AGE_GROUP_HARMONIZED,40-49歲,1453,0.24164310660236155,0,0
2006,indigenous_analysis_sample,AGE_GROUP_HARMONIZED,50-59歲,1201,0.19973390986196574,0,0
2006,indigenous_analysis_sample,AGE_GROUP_HARMONIZED,60歲以上,1176,0.19557625145518046,0,0
2006,indigenous_analysis_sample,AGE_MEASURE_TYPE,age_group,6013,1,0,0
2006,indigenous_analysis_sample,EDU,不知道/拒答,11,0.0018293696989855313,0,0
2006,indigenous_analysis_sample,EDU,不識字/自修,491,0.08165641110926326,0,0
2006,indigenous_analysis_sample,EDU,國(初)中,1120,0.18626309662398138,0,0
2006,indigenous_analysis_sample,EDU,國小,1767,0.2938632961915849,0,0
2006,indigenous_analysis_sample,EDU,專科以上,752,0.12506236487610178,0,0
2006,indigenous_analysis_sample,EDU,高中職,1872,0.31132546150008317,0,0
2006,indigenous_analysis_sample,EXP_ALCOHOL_EXPENDITURE,"1,000-1,999 元",961,0.16972801130342635,351,0.05837352403126559
2006,indigenous_analysis_sample,EXP_ALCOHOL_EXPENDITURE,"10,000-14,999 元",2,3.5323207347227127e-4,351,0.05837352403126559
2006,indigenous_analysis_sample,EXP_ALCOHOL_EXPENDITURE,"15,000-19,999 元",3,5.298481102084069e-4,351,0.05837352403126559
2006,indigenous_analysis_sample,EXP_ALCOHOL_EXPENDITURE,"2,000-2,999 元",1140,0.20134228187919462,351,0.05837352403126559
2006,indigenous_analysis_sample,EXP_ALCOHOL_EXPENDITURE,"20,000-29,999 元",4,7.064641469445425e-4,351,0.05837352403126559
2006,indigenous_analysis_sample,EXP_ALCOHOL_EXPENDITURE,"3,000-3,999 元",36,0.006358177322500883,351,0.05837352403126559
2006,indigenous_analysis_sample,EXP_ALCOHOL_EXPENDITURE,"4,000-4,999 元",217,0.03832567997174143,351,0.05837352403126559
2006,indigenous_analysis_sample,EXP_ALCOHOL_EXPENDITURE,"5,000-6,999 元",132,0.023313316849169905,351,0.05837352403126559
2006,indigenous_analysis_sample,EXP_ALCOHOL_EXPENDITURE,"7,000-9,999 元",29,0.005121865065347933,351,0.05837352403126559
2006,indigenous_analysis_sample,EXP_ALCOHOL_EXPENDITURE,999元及以下,972,0.17167078770752384,351,0.05837352403126559
2006,indigenous_analysis_sample,EXP_ALCOHOL_EXPENDITURE,沒有這項支出,2166,0.3825503355704698,351,0.05837352403126559
2006,indigenous_analysis_sample,EXP_CARE_EXPENDITURE,"1,000-1,999元",108,0.01796108431731249,0,0
2006,indigenous_analysis_sample,EXP_CARE_EXPENDITURE,"10,000-14,999元",29,0.004822883751870947,0,0
2006,indigenous_analysis_sample,EXP_CARE_EXPENDITURE,"15,000-19,999元",7,0.0011641443538998836,0,0
2006,indigenous_analysis_sample,EXP_CARE_EXPENDITURE,"2,000-2,999元",84,0.013969732246798603,0,0
2006,indigenous_analysis_sample,EXP_CARE_EXPENDITURE,"20,000-29,999元",4,6.652253450856477e-4,0,0
2006,indigenous_analysis_sample,EXP_CARE_EXPENDITURE,"3,000-3,999元",178,0.029602527856311324,0,0
2006,indigenous_analysis_sample,EXP_CARE_EXPENDITURE,"30,000元及以上，請記錄____元",1,1.6630633627141194e-4,0,0
2006,indigenous_analysis_sample,EXP_CARE_EXPENDITURE,"4,000-4,999元",63,0.010477299185098952,0,0
2006,indigenous_analysis_sample,EXP_CARE_EXPENDITURE,"5,000-6,999元",34,0.005654415433228006,0,0
2006,indigenous_analysis_sample,EXP_CARE_EXPENDITURE,"7,000-9,999元",33,0.005488109096956594,0,0
2006,indigenous_analysis_sample,EXP_CARE_EXPENDITURE,999元及以下,115,0.01912522867121237,0,0
2006,indigenous_analysis_sample,EXP_CARE_EXPENDITURE,不知道/拒答,71,0.011807749875270248,0,0
2006,indigenous_analysis_sample,EXP_CARE_EXPENDITURE,沒有這項支出,5286,0.8790952935306835,0,0
2006,indigenous_analysis_sample,EXP_CLEANING_EXPENDITURE,"1,000-1,999 元",69,0.011571356699647829,50,0.008315316813570598
2006,indigenous_analysis_sample,EXP_CLEANING_EXPENDITURE,"10,000-14,999 元",9,0.0015093073956062384,50,0.008315316813570598
2006,indigenous_analysis_sample,EXP_CLEANING_EXPENDITURE,"15,000-19,999 元",4,6.70803286936106e-4,50,0.008315316813570598
2006,indigenous_analysis_sample,EXP_CLEANING_EXPENDITURE,"2,000-2,999 元",18,0.003018614791212477,50,0.008315316813570598
2006,indigenous_analysis_sample,EXP_CLEANING_EXPENDITURE,"20,000-29,999 元",2,3.35401643468053e-4,50,0.008315316813570598
2006,indigenous_analysis_sample,EXP_CLEANING_EXPENDITURE,"3,000-3,999 元",10,0.001677008217340265,50,0.008315316813570598
2006,indigenous_analysis_sample,EXP_CLEANING_EXPENDITURE,"30,000 元及以上，請記錄________元",1,1.677008217340265e-4,50,0.008315316813570598
2006,indigenous_analysis_sample,EXP_CLEANING_EXPENDITURE,"4,000-4,999 元",10,0.001677008217340265,50,0.008315316813570598
2006,indigenous_analysis_sample,EXP_CLEANING_EXPENDITURE,"5,000-6,999 元",1,1.677008217340265e-4,50,0.008315316813570598
2006,indigenous_analysis_sample,EXP_CLEANING_EXPENDITURE,"7,000-9,999 元",11,0.0018447090390742915,50,0.008315316813570598
2006,indigenous_analysis_sample,EXP_CLEANING_EXPENDITURE,999 元及以下,166,0.0278383364078484,50,0.008315316813570598
2006,indigenous_analysis_sample,EXP_CLEANING_EXPENDITURE,沒有這項支出,5662,0.949522052658058,50,0.008315316813570598
2006,indigenous_analysis_sample,EXP_CLOTHING_EXPENDITURE,"1,000-1,999元",874,0.14535173790121403,0,0
2006,indigenous_analysis_sample,EXP_CLOTHING_EXPENDITURE,"10,000-14,999元",1,1.6630633627141194e-4,0,0
2006,indigenous_analysis_sample,EXP_CLOTHING_EXPENDITURE,"15,000-19,999元",3,4.989190088142358e-4,0,0
2006,indigenous_analysis_sample,EXP_CLOTHING_EXPENDITURE,"2,000-2,999元",472,0.07849659072010644,0,0
2006,indigenous_analysis_sample,EXP_CLOTHING_EXPENDITURE,"3,000-3,999元",406,0.06752037252619325,0,0
2006,indigenous_analysis_sample,EXP_CLOTHING_EXPENDITURE,"4,000-4,999元",113,0.01879261599866955,0,0
2006,indigenous_analysis_sample,EXP_CLOTHING_EXPENDITURE,"5,000-6,999元",18,0.002993514052885415,0,0
2006,indigenous_analysis_sample,EXP_CLOTHING_EXPENDITURE,"7,000-9,999元",38,0.006319640778313654,0,0
2006,indigenous_analysis_sample,EXP_CLOTHING_EXPENDITURE,999元及以下,2056,0.34192582737402294,0,0
2006,indigenous_analysis_sample,EXP_CLOTHING_EXPENDITURE,不知道/拒答,404,0.06718775985365043,0,0
2006,indigenous_analysis_sample,EXP_CLOTHING_EXPENDITURE,沒有這項支出,1628,0.2707467154498586,0,0
2006,indigenous_analysis_sample,EXP_EDU_BOOKS_COMBINED_EXPENDITURE,"1,000-1,999元",506,0.08415100615333444,0,0
2006,indigenous_analysis_sample,EXP_EDU_BOOKS_COMBINED_EXPENDITURE,"10,000-14,999元",59,0.009812073840013305,0,0
2006,indigenous_analysis_sample,EXP_EDU_BOOKS_COMBINED_EXPENDITURE,100000,1,1.6630633627141194e-4,0,0
2006,indigenous_analysis_sample,EXP_EDU_BOOKS_COMBINED_EXPENDITURE,"15,000-19,999元",27,0.004490271079328123,0,0
2006,indigenous_analysis_sample,EXP_EDU_BOOKS_COMBINED_EXPENDITURE,"2,000-2,999元",389,0.06469316480957925,0,0
2006,indigenous_analysis_sample,EXP_EDU_BOOKS_COMBINED_EXPENDITURE,"20,000-29,999元",9,0.0014967570264427074,0,0
2006,indigenous_analysis_sample,EXP_EDU_BOOKS_COMBINED_EXPENDITURE,"3,000-3,999元",286,0.047563612173623815,0,0
2006,indigenous_analysis_sample,EXP_EDU_BOOKS_COMBINED_EXPENDITURE,"30,000元及以上，請記錄____元",3,4.989190088142358e-4,0,0
2006,indigenous_analysis_sample,EXP_EDU_BOOKS_COMBINED_EXPENDITURE,34166,1,1.6630633627141194e-4,0,0
2006,indigenous_analysis_sample,EXP_EDU_BOOKS_COMBINED_EXPENDITURE,35000,1,1.6630633627141194e-4,0,0
2006,indigenous_analysis_sample,EXP_EDU_BOOKS_COMBINED_EXPENDITURE,"4,000-4,999元",198,0.03292865458173956,0,0
2006,indigenous_analysis_sample,EXP_EDU_BOOKS_COMBINED_EXPENDITURE,"5,000-6,999元",361,0.06003658739397971,0,0
2006,indigenous_analysis_sample,EXP_EDU_BOOKS_COMBINED_EXPENDITURE,"7,000-9,999元",426,0.07084649925162148,0,0
2006,indigenous_analysis_sample,EXP_EDU_BOOKS_COMBINED_EXPENDITURE,999元及以下,614,0.10211209047064693,0,0
2006,indigenous_analysis_sample,EXP_EDU_BOOKS_COMBINED_EXPENDITURE,不知道/拒答,268,0.0445700981207384,0,0
2006,indigenous_analysis_sample,EXP_EDU_BOOKS_COMBINED_EXPENDITURE,沒有這項支出,2864,0.4763013470813238,0,0
2006,indigenous_analysis_sample,EXP_FOOD_EXPENDITURE,"10,000-14,999元",1012,0.1894776259127504,672,0.11175785797438882
2006,indigenous_analysis_sample,EXP_FOOD_EXPENDITURE,"15,000-19,999 元",501,0.09380265867815016,672,0.11175785797438882
2006,indigenous_analysis_sample,EXP_FOOD_EXPENDITURE,"2,999 元及以下",709,0.1327466766523123,672,0.11175785797438882
2006,indigenous_analysis_sample,EXP_FOOD_EXPENDITURE,"20,000-29,999 元",340,0.0636584909193035,672,0.11175785797438882
2006,indigenous_analysis_sample,EXP_FOOD_EXPENDITURE,"3,000-4,999 元",956,0.17899269799662984,672,0.11175785797438882
2006,indigenous_analysis_sample,EXP_FOOD_EXPENDITURE,"30,000-39,999 元",76,0.014229545029020782,672,0.11175785797438882
2006,indigenous_analysis_sample,EXP_FOOD_EXPENDITURE,"40,000-49,999 元",7,0.001310615989515072,672,0.11175785797438882
2006,indigenous_analysis_sample,EXP_FOOD_EXPENDITURE,"5,000-9,999 元",1659,0.3106159895150721,672,0.11175785797438882
2006,indigenous_analysis_sample,EXP_FOOD_EXPENDITURE,"50,000-59,999 元",5,9.361542782250515e-4,672,0.11175785797438882
2006,indigenous_analysis_sample,EXP_FOOD_EXPENDITURE,"60,000-69,999 元",1,1.872308556450103e-4,672,0.11175785797438882
2006,indigenous_analysis_sample,EXP_FOOD_EXPENDITURE,沒有這項支出,75,0.014042314173375772,672,0.11175785797438882
2006,indigenous_analysis_sample,EXP_FURNITURE_EXPENDITURE,"1,000-1,999元",442,0.07350740063196408,0,0
2006,indigenous_analysis_sample,EXP_FURNITURE_EXPENDITURE,"10,000-14,999元",4,6.652253450856477e-4,0,0
2006,indigenous_analysis_sample,EXP_FURNITURE_EXPENDITURE,"15,000-19,999元",1,1.6630633627141194e-4,0,0
2006,indigenous_analysis_sample,EXP_FURNITURE_EXPENDITURE,"2,000-2,999元",181,0.030101446865125562,0,0
2006,indigenous_analysis_sample,EXP_FURNITURE_EXPENDITURE,"20,000-29,999元",5,8.315316813570597e-4,0,0
2006,indigenous_analysis_sample,EXP_FURNITURE_EXPENDITURE,"3,000-3,999元",104,0.01729585897222684,0,0
2006,indigenous_analysis_sample,EXP_FURNITURE_EXPENDITURE,33000,1,1.6630633627141194e-4,0,0
2006,indigenous_analysis_sample,EXP_FURNITURE_EXPENDITURE,"4,000-4,999元",92,0.015300182936969898,0,0
2006,indigenous_analysis_sample,EXP_FURNITURE_EXPENDITURE,"5,000-6,999元",19,0.003159820389156827,0,0
2006,indigenous_analysis_sample,EXP_FURNITURE_EXPENDITURE,"7,000-9,999元",26,0.00432396474305671,0,0
2006,indigenous_analysis_sample,EXP_FURNITURE_EXPENDITURE,999元及以下,943,0.15682687510394147,0,0
2006,indigenous_analysis_sample,EXP_FURNITURE_EXPENDITURE,不知道/拒答,323,0.053716946615666054,0,0
2006,indigenous_analysis_sample,EXP_FURNITURE_EXPENDITURE,沒有這項支出,3872,0.643938134042907,0,0
2006,indigenous_analysis_sample,EXP_HOUSING_UTIL_EXPENDITURE,"10,000-14,999 元",379,0.06766648812712016,412,0.06851821054382172
2006,indigenous_analysis_sample,EXP_HOUSING_UTIL_EXPENDITURE,"15,000-19,999 元",101,0.01803249419746474,412,0.06851821054382172
2006,indigenous_analysis_sample,EXP_HOUSING_UTIL_EXPENDITURE,"20,000-29,999 元",73,0.013033386895197287,412,0.06851821054382172
2006,indigenous_analysis_sample,EXP_HOUSING_UTIL_EXPENDITURE,"3,000-4,999 元",1293,0.23085163363685057,412,0.06851821054382172
2006,indigenous_analysis_sample,EXP_HOUSING_UTIL_EXPENDITURE,"30,000-39,999 元",9,0.0016068559185859668,412,0.06851821054382172
2006,indigenous_analysis_sample,EXP_HOUSING_UTIL_EXPENDITURE,"40,000-49,999 元",4,7.141581860382074e-4,412,0.06851821054382172
2006,indigenous_analysis_sample,EXP_HOUSING_UTIL_EXPENDITURE,"5,000-9,999 元",893,0.1594358150330298,412,0.06851821054382172
2006,indigenous_analysis_sample,EXP_HOUSING_UTIL_EXPENDITURE,"50,000-59,999 元",2,3.570790930191037e-4,412,0.06851821054382172
2006,indigenous_analysis_sample,EXP_HOUSING_UTIL_EXPENDITURE,999 元及以下,2796,0.499196572040707,412,0.06851821054382172
2006,indigenous_analysis_sample,EXP_HOUSING_UTIL_EXPENDITURE,沒有這項支出,51,0.009105516871987145,412,0.06851821054382172
2006,indigenous_analysis_sample,EXP_LOAN_INTEREST_EXPENDITURE,"1,000-1,999元",37,0.006153334442042242,0,0
2006,indigenous_analysis_sample,EXP_LOAN_INTEREST_EXPENDITURE,"10,000-14,999元",341,0.05671046066855147,0,0
2006,indigenous_analysis_sample,EXP_LOAN_INTEREST_EXPENDITURE,"15,000-19,999元",158,0.026276401130883087,0,0
2006,indigenous_analysis_sample,EXP_LOAN_INTEREST_EXPENDITURE,"2,000-2,999元",134,0.0222850490603692,0,0
2006,indigenous_analysis_sample,EXP_LOAN_INTEREST_EXPENDITURE,"20,000-29,999元",127,0.021120904706469316,0,0
2006,indigenous_analysis_sample,EXP_LOAN_INTEREST_EXPENDITURE,"3,000-3,999元",225,0.037418925661067685,0,0
2006,indigenous_analysis_sample,EXP_LOAN_INTEREST_EXPENDITURE,"30,000元及以上，請記錄____元",8,0.0013304506901712955,0,0
2006,indigenous_analysis_sample,EXP_LOAN_INTEREST_EXPENDITURE,30000,4,6.652253450856477e-4,0,0
2006,indigenous_analysis_sample,EXP_LOAN_INTEREST_EXPENDITURE,"4,000-4,999元",105,0.017462165308498253,0,0
2006,indigenous_analysis_sample,EXP_LOAN_INTEREST_EXPENDITURE,"5,000-6,999元",186,0.03093297854648262,0,0
2006,indigenous_analysis_sample,EXP_LOAN_INTEREST_EXPENDITURE,"7,000-9,999元",854,0.1420256111757858,0,0
2006,indigenous_analysis_sample,EXP_LOAN_INTEREST_EXPENDITURE,999元及以下,39,0.006485947114585066,0,0
2006,indigenous_analysis_sample,EXP_LOAN_INTEREST_EXPENDITURE,不知道/拒答,206,0.03425910527191086,0,0
2006,indigenous_analysis_sample,EXP_LOAN_INTEREST_EXPENDITURE,沒有這項支出,3589,0.5968734408780975,0,0
2006,indigenous_analysis_sample,EXP_MEDICAL_EXPENDITURE,"1,000-1,999 元",911,0.17247254827716774,731,0.12156993181440214
2006,indigenous_analysis_sample,EXP_MEDICAL_EXPENDITURE,"10,000-14,999 元",174,0.03294206739871261,731,0.12156993181440214
2006,indigenous_analysis_sample,EXP_MEDICAL_EXPENDITURE,"15,000-19,999 元",41,0.007762211283604695,731,0.12156993181440214
2006,indigenous_analysis_sample,EXP_MEDICAL_EXPENDITURE,"2,000-2,999 元",601,0.11378265808405907,731,0.12156993181440214
2006,indigenous_analysis_sample,EXP_MEDICAL_EXPENDITURE,"20,000-29,999 元",23,0.004354411207875805,731,0.12156993181440214
2006,indigenous_analysis_sample,EXP_MEDICAL_EXPENDITURE,"3,000-3,999 元",366,0.0692919348731541,731,0.12156993181440214
2006,indigenous_analysis_sample,EXP_MEDICAL_EXPENDITURE,"30,000 元及以上，請記錄________元",7,0.0013252555850056798,731,0.12156993181440214
2006,indigenous_analysis_sample,EXP_MEDICAL_EXPENDITURE,"4,000-4,999 元",210,0.03975766755017039,731,0.12156993181440214
2006,indigenous_analysis_sample,EXP_MEDICAL_EXPENDITURE,"5,000-6,999 元",341,0.06455887921241954,731,0.12156993181440214
2006,indigenous_analysis_sample,EXP_MEDICAL_EXPENDITURE,"7,000-9,999 元",335,0.06342294585384324,731,0.12156993181440214
2006,indigenous_analysis_sample,EXP_MEDICAL_EXPENDITURE,999元及以下,1829,0.34627035213934115,731,0.12156993181440214
2006,indigenous_analysis_sample,EXP_MEDICAL_EXPENDITURE,沒有這項支出,444,0.08405906853464597,731,0.12156993181440214
2006,indigenous_analysis_sample,EXP_OTHER_EXPENDITURE,"1,000-1,999元",556,0.09246632296690505,0,0
2006,indigenous_analysis_sample,EXP_OTHER_EXPENDITURE,"10,000-14,999元",8,0.0013304506901712955,0,0
2006,indigenous_analysis_sample,EXP_OTHER_EXPENDITURE,"15,000-19,999元",1,1.6630633627141194e-4,0,0
2006,indigenous_analysis_sample,EXP_OTHER_EXPENDITURE,"2,000-2,999元",285,0.0473973058373524,0,0
2006,indigenous_analysis_sample,EXP_OTHER_EXPENDITURE,"20,000-29,999元",1,1.6630633627141194e-4,0,0
2006,indigenous_analysis_sample,EXP_OTHER_EXPENDITURE,"3,000-3,999元",83,0.013803425910527191,0,0
2006,indigenous_analysis_sample,EXP_OTHER_EXPENDITURE,"4,000-4,999元",47,0.007816397804756361,0,0
2006,indigenous_analysis_sample,EXP_OTHER_EXPENDITURE,"5,000-6,999元",30,0.004989190088142358,0,0
2006,indigenous_analysis_sample,EXP_OTHER_EXPENDITURE,"7,000-9,999元",12,0.0019956760352569432,0,0
2006,indigenous_analysis_sample,EXP_OTHER_EXPENDITURE,999元及以下,1067,0.17744886080159655,0,0
2006,indigenous_analysis_sample,EXP_OTHER_EXPENDITURE,不知道/拒答,168,0.027939464493597205,0,0
2006,indigenous_analysis_sample,EXP_OTHER_EXPENDITURE,沒有這項支出,3755,0.6244802926991518,0,0
2006,indigenous_analysis_sample,EXP_TAX_INS_GIFT_EXPENDITURE,"1,000-1,999元",730,0.1524008350730689,1223,0.2033926492599368
2006,indigenous_analysis_sample,EXP_TAX_INS_GIFT_EXPENDITURE,"10,000-14,999 元",19,0.003966597077244259,1223,0.2033926492599368
2006,indigenous_analysis_sample,EXP_TAX_INS_GIFT_EXPENDITURE,"15,000-19,999 元",3,6.263048016701461e-4,1223,0.2033926492599368
2006,indigenous_analysis_sample,EXP_TAX_INS_GIFT_EXPENDITURE,"2,000-2,999 元",866,0.18079331941544885,1223,0.2033926492599368
2006,indigenous_analysis_sample,EXP_TAX_INS_GIFT_EXPENDITURE,"20,000-29,999 元",1,2.0876826722338206e-4,1223,0.2033926492599368
2006,indigenous_analysis_sample,EXP_TAX_INS_GIFT_EXPENDITURE,"3,000-3,999 元",731,0.15260960334029228,1223,0.2033926492599368
2006,indigenous_analysis_sample,EXP_TAX_INS_GIFT_EXPENDITURE,"4,000-4,999 元",532,0.11106471816283925,1223,0.2033926492599368
2006,indigenous_analysis_sample,EXP_TAX_INS_GIFT_EXPENDITURE,"5,000-6,999 元",804,0.16784968684759916,1223,0.2033926492599368
2006,indigenous_analysis_sample,EXP_TAX_INS_GIFT_EXPENDITURE,"7,000-9,999 元",403,0.08413361169102296,1223,0.2033926492599368
2006,indigenous_analysis_sample,EXP_TAX_INS_GIFT_EXPENDITURE,999 元及以下,537,0.11210855949895616,1223,0.2033926492599368
2006,indigenous_analysis_sample,EXP_TAX_INS_GIFT_EXPENDITURE,沒有這項支出,164,0.03423799582463465,1223,0.2033926492599368
2006,indigenous_analysis_sample,EXP_TRANSPORT_COMM_EXPENDITURE,"1,000-1,999 元",775,0.14322676030308631,602,0.10011641443538999
2006,indigenous_analysis_sample,EXP_TRANSPORT_COMM_EXPENDITURE,"10,000-14,999 元",415,0.07669562003326558,602,0.10011641443538999
2006,indigenous_analysis_sample,EXP_TRANSPORT_COMM_EXPENDITURE,"15,000-19,999 元",130,0.024025133986324155,602,0.10011641443538999
2006,indigenous_analysis_sample,EXP_TRANSPORT_COMM_EXPENDITURE,"2,000-2,999 元",764,0.14119386435039735,602,0.10011641443538999
2006,indigenous_analysis_sample,EXP_TRANSPORT_COMM_EXPENDITURE,"20,000-29,999 元",11,0.002032895952688967,602,0.10011641443538999
2006,indigenous_analysis_sample,EXP_TRANSPORT_COMM_EXPENDITURE,"3,000-3,999 元",618,0.11421179079652559,602,0.10011641443538999
2006,indigenous_analysis_sample,EXP_TRANSPORT_COMM_EXPENDITURE,"30,000 元及以上，請記錄________元",2,3.6961744594344855e-4,602,0.10011641443538999
2006,indigenous_analysis_sample,EXP_TRANSPORT_COMM_EXPENDITURE,"4,000-4,999 元",470,0.0868600997967104,602,0.10011641443538999
2006,indigenous_analysis_sample,EXP_TRANSPORT_COMM_EXPENDITURE,"5,000-6,999 元",899,0.1661430419515801,602,0.10011641443538999
2006,indigenous_analysis_sample,EXP_TRANSPORT_COMM_EXPENDITURE,"7,000-9,999 元",516,0.09536130105340972,602,0.10011641443538999
2006,indigenous_analysis_sample,EXP_TRANSPORT_COMM_EXPENDITURE,999 元及以下,769,0.14211790796525595,602,0.10011641443538999
2006,indigenous_analysis_sample,EXP_TRANSPORT_COMM_EXPENDITURE,沒有這項支出,42,0.007761966364812419,602,0.10011641443538999
2006,indigenous_analysis_sample,EXP_TRAVEL_EXPENDITURE,"1,000-1,999元",243,0.0404124397139531,0,0
2006,indigenous_analysis_sample,EXP_TRAVEL_EXPENDITURE,"10,000-14,999元",14,0.002328288707799767,0,0
2006,indigenous_analysis_sample,EXP_TRAVEL_EXPENDITURE,"15,000-19,999元",7,0.0011641443538998836,0,0
2006,indigenous_analysis_sample,EXP_TRAVEL_EXPENDITURE,"2,000-2,999元",168,0.027939464493597205,0,0
2006,indigenous_analysis_sample,EXP_TRAVEL_EXPENDITURE,"20,000-29,999元",7,0.0011641443538998836,0,0
2006,indigenous_analysis_sample,EXP_TRAVEL_EXPENDITURE,"3,000-3,999元",72,0.01197405621154166,0,0
2006,indigenous_analysis_sample,EXP_TRAVEL_EXPENDITURE,"4,000-4,999元",99,0.01646432729086978,0,0
2006,indigenous_analysis_sample,EXP_TRAVEL_EXPENDITURE,"5,000-6,999元",115,0.01912522867121237,0,0
2006,indigenous_analysis_sample,EXP_TRAVEL_EXPENDITURE,50000,2,3.326126725428239e-4,0,0
2006,indigenous_analysis_sample,EXP_TRAVEL_EXPENDITURE,60000,1,1.6630633627141194e-4,0,0
2006,indigenous_analysis_sample,EXP_TRAVEL_EXPENDITURE,"7,000-9,999元",11,0.0018293696989855313,0,0
2006,indigenous_analysis_sample,EXP_TRAVEL_EXPENDITURE,999元及以下,361,0.06003658739397971,0,0
2006,indigenous_analysis_sample,EXP_TRAVEL_EXPENDITURE,不知道/拒答,82,0.01363711957425578,0,0
2006,indigenous_analysis_sample,EXP_TRAVEL_EXPENDITURE,沒有這項支出,4831,0.803425910527191,0,0
2006,indigenous_analysis_sample,HAS_INDI_55PLUS,FALSE,2925,0.48693191276843684,6,9.978380176284716e-4
2006,indigenous_analysis_sample,HAS_INDI_55PLUS,TRUE,3082,0.5130680872315632,6,9.978380176284716e-4
2006,indigenous_analysis_sample,HAS_INDI_65PLUS,FALSE,4116,0.6849725411882177,4,6.652253450856477e-4
2006,indigenous_analysis_sample,HAS_INDI_65PLUS,TRUE,1893,0.31502745881178235,4,6.652253450856477e-4
2006,indigenous_analysis_sample,HOUSE_BELONG,借用,265,0.044151949350216595,11,0.0018293696989855313
2006,indigenous_analysis_sample,HOUSE_BELONG,租賃,852,0.14195268243918693,11,0.0018293696989855313
2006,indigenous_analysis_sample,HOUSE_BELONG,自有/家人所有/自建,4797,0.7992335888037321,11,0.0018293696989855313
2006,indigenous_analysis_sample,HOUSE_BELONG,配住,88,0.014661779406864379,11,0.0018293696989855313
2006,indigenous_analysis_sample,INC_FAM_GOV_INCOME,"1,000-1,999 元",52,0.008956252152945229,207,0.03442541160818227
2006,indigenous_analysis_sample,INC_FAM_GOV_INCOME,"10,000-14,999 元",166,0.028591112642094386,207,0.03442541160818227
2006,indigenous_analysis_sample,INC_FAM_GOV_INCOME,"15,000-19,999 元",34,0.0058560110230795725,207,0.03442541160818227
2006,indigenous_analysis_sample,INC_FAM_GOV_INCOME,"2,000-3,999 元",1022,0.17602480192903894,207,0.03442541160818227
2006,indigenous_analysis_sample,INC_FAM_GOV_INCOME,"20,000-29,999 元",22,0.0037891836031691355,207,0.03442541160818227
2006,indigenous_analysis_sample,INC_FAM_GOV_INCOME,"30,000 元及以上，請記錄________元",8,0.0013778849466069584,207,0.03442541160818227
2006,indigenous_analysis_sample,INC_FAM_GOV_INCOME,"4,000-5,999元",425,0.07320013778849466,207,0.03442541160818227
2006,indigenous_analysis_sample,INC_FAM_GOV_INCOME,"6,000-7,999 元",359,0.061832586978987254,207,0.03442541160818227
2006,indigenous_analysis_sample,INC_FAM_GOV_INCOME,"8,000-9,999 元",112,0.019290389252497417,207,0.03442541160818227
2006,indigenous_analysis_sample,INC_FAM_GOV_INCOME,999 元及以下,51,0.00878401653461936,207,0.03442541160818227
2006,indigenous_analysis_sample,INC_FAM_GOV_INCOME,沒有這項收入,3555,0.6122976231484671,207,0.03442541160818227
2006,indigenous_analysis_sample,INC_FAM_INTEREST_INCOME,"10,000-14,999 元",30,0.005126452494873548,161,0.02677532013969732
2006,indigenous_analysis_sample,INC_FAM_INTEREST_INCOME,"15,000-19,999 元",19,0.003246753246753247,161,0.02677532013969732
2006,indigenous_analysis_sample,INC_FAM_INTEREST_INCOME,"20,000-29,999 元",16,0.002734107997265892,161,0.02677532013969732
2006,indigenous_analysis_sample,INC_FAM_INTEREST_INCOME,"30,000 元及以上，請記錄________元",14,0.0023923444976076554,161,0.02677532013969732
2006,indigenous_analysis_sample,INC_FAM_INTEREST_INCOME,"4,999元及以下",105,0.017942583732057416,161,0.02677532013969732
2006,indigenous_analysis_sample,INC_FAM_INTEREST_INCOME,"5,000-9,999元",80,0.01367053998632946,161,0.02677532013969732
2006,indigenous_analysis_sample,INC_FAM_INTEREST_INCOME,沒有這項收入,5588,0.9548872180451128,161,0.02677532013969732
2006,indigenous_analysis_sample,INC_FAM_OTHER_INCOME,"10,000-14,999元",96,0.015965408282055546,0,0
2006,indigenous_analysis_sample,INC_FAM_OTHER_INCOME,"15,000-19,999元",84,0.013969732246798603,0,0
2006,indigenous_analysis_sample,INC_FAM_OTHER_INCOME,"20,000-24,999元",34,0.005654415433228006,0,0
2006,indigenous_analysis_sample,INC_FAM_OTHER_INCOME,"25,000-29,999元",15,0.002494595044071179,0,0
2006,indigenous_analysis_sample,INC_FAM_OTHER_INCOME,"30,000-39,999元",6,9.978380176284716e-4,0,0
2006,indigenous_analysis_sample,INC_FAM_OTHER_INCOME,"4,999元及以下",353,0.05870613670380841,0,0
2006,indigenous_analysis_sample,INC_FAM_OTHER_INCOME,"40,000-49,999元",2,3.326126725428239e-4,0,0
2006,indigenous_analysis_sample,INC_FAM_OTHER_INCOME,"5,000-9,999元",173,0.028770996174954266,0,0
2006,indigenous_analysis_sample,INC_FAM_OTHER_INCOME,"50,000-59,999元",2,3.326126725428239e-4,0,0
2006,indigenous_analysis_sample,INC_FAM_OTHER_INCOME,不知道/拒答,105,0.017462165308498253,0,0
2006,indigenous_analysis_sample,INC_FAM_OTHER_INCOME,沒有這項收入,5143,0.8553134874438716,0,0
2006,indigenous_analysis_sample,INC_FAM_RENT_INCOME,"10,000-14,999 元",21,0.0035419126328217238,84,0.013969732246798603
2006,indigenous_analysis_sample,INC_FAM_RENT_INCOME,"15,000-19,999 元",17,0.0028672626075223477,84,0.013969732246798603
2006,indigenous_analysis_sample,INC_FAM_RENT_INCOME,"20,000-24,999 元",7,0.0011806375442739079,84,0.013969732246798603
2006,indigenous_analysis_sample,INC_FAM_RENT_INCOME,"25,000-29,999 元",9,0.0015179625569235959,84,0.013969732246798603
2006,indigenous_analysis_sample,INC_FAM_RENT_INCOME,"4,999 元及以下",62,0.010457075392140327,84,0.013969732246798603
2006,indigenous_analysis_sample,INC_FAM_RENT_INCOME,"5,000-9,999 元",41,0.0069151627593186035,84,0.013969732246798603
2006,indigenous_analysis_sample,INC_FAM_RENT_INCOME,"80,000 元及以上，請記錄_________________元",1,1.6866250632484398e-4,84,0.013969732246798603
2006,indigenous_analysis_sample,INC_FAM_RENT_INCOME,沒有這項收入,5771,0.9733513240006747,84,0.013969732246798603
2006,indigenous_analysis_sample,INC_FAM_WORK_INCOME,"10,000-19,999 元",763,0.1469568567026194,821,0.1365375020788292
2006,indigenous_analysis_sample,INC_FAM_WORK_INCOME,"100,000-129,999元",132,0.025423728813559324,821,0.1365375020788292
2006,indigenous_analysis_sample,INC_FAM_WORK_INCOME,"130,000-159,999元",52,0.010015408320493066,821,0.1365375020788292
2006,indigenous_analysis_sample,INC_FAM_WORK_INCOME,"140,000元及以上，請記錄 元",69,0.013289676425269646,821,0.1365375020788292
2006,indigenous_analysis_sample,INC_FAM_WORK_INCOME,"20,000-29,999 元",761,0.14657164869029277,821,0.1365375020788292
2006,indigenous_analysis_sample,INC_FAM_WORK_INCOME,"30,000-39,999 元",685,0.1319337442218798,821,0.1365375020788292
2006,indigenous_analysis_sample,INC_FAM_WORK_INCOME,"40,000-49,999 元",345,0.06644838212634822,821,0.1365375020788292
2006,indigenous_analysis_sample,INC_FAM_WORK_INCOME,"50,000-59,999 元",445,0.08570878274268105,821,0.1365375020788292
2006,indigenous_analysis_sample,INC_FAM_WORK_INCOME,"60,000-69,999 元",286,0.05508474576271186,821,0.1365375020788292
2006,indigenous_analysis_sample,INC_FAM_WORK_INCOME,"70,000-79,999 元",197,0.03794298921417565,821,0.1365375020788292
2006,indigenous_analysis_sample,INC_FAM_WORK_INCOME,"80,000-89,999 元",124,0.023882896764252697,821,0.1365375020788292
2006,indigenous_analysis_sample,INC_FAM_WORK_INCOME,"9,999 元及以下",620,0.11941448382126348,821,0.1365375020788292
2006,indigenous_analysis_sample,INC_FAM_WORK_INCOME,"90,000-99,999 元",100,0.01926040061633282,821,0.1365375020788292
2006,indigenous_analysis_sample,INC_FAM_WORK_INCOME,沒有這項收入,613,0.11806625577812019,821,0.1365375020788292
2006,indigenous_analysis_sample,INC_PERS_GOV_INCOME,"1,000-1,999 元",36,0.006060606060606061,73,0.012140362547813071
2006,indigenous_analysis_sample,INC_PERS_GOV_INCOME,"10,000-14,999 元",46,0.007744107744107744,73,0.012140362547813071
2006,indigenous_analysis_sample,INC_PERS_GOV_INCOME,"15,000-19,999 元",14,0.0023569023569023568,73,0.012140362547813071
2006,indigenous_analysis_sample,INC_PERS_GOV_INCOME,"2,000-3,999 元",960,0.16161616161616163,73,0.012140362547813071
2006,indigenous_analysis_sample,INC_PERS_GOV_INCOME,"20,000-29,999 元",11,0.001851851851851852,73,0.012140362547813071
2006,indigenous_analysis_sample,INC_PERS_GOV_INCOME,"30,000 元及以上，請記錄________元",1,1.6835016835016836e-4,73,0.012140362547813071
2006,indigenous_analysis_sample,INC_PERS_GOV_INCOME,"4,000-5,999元",352,0.05925925925925926,73,0.012140362547813071
2006,indigenous_analysis_sample,INC_PERS_GOV_INCOME,"6,000-7,999 元",85,0.01430976430976431,73,0.012140362547813071
2006,indigenous_analysis_sample,INC_PERS_GOV_INCOME,"8,000-9,999 元",26,0.004377104377104377,73,0.012140362547813071
2006,indigenous_analysis_sample,INC_PERS_GOV_INCOME,999 元及以下,26,0.004377104377104377,73,0.012140362547813071
2006,indigenous_analysis_sample,INC_PERS_GOV_INCOME,沒有這項收入,4383,0.7378787878787879,73,0.012140362547813071
2006,indigenous_analysis_sample,INC_PERS_INTEREST_INCOME,"10,000-14,999 元",55,0.009232835319791842,56,0.009313154831199068
2006,indigenous_analysis_sample,INC_PERS_INTEREST_INCOME,"15,000-19,999 元",6,0.0010072183985227463,56,0.009313154831199068
2006,indigenous_analysis_sample,INC_PERS_INTEREST_INCOME,"20,000-29,999 元",13,0.0021823065301326172,56,0.009313154831199068
2006,indigenous_analysis_sample,INC_PERS_INTEREST_INCOME,"30,000 元及以上，請記錄________元",13,0.0021823065301326172,56,0.009313154831199068
2006,indigenous_analysis_sample,INC_PERS_INTEREST_INCOME,"4,999元及以下",94,0.015779754910189694,56,0.009313154831199068
2006,indigenous_analysis_sample,INC_PERS_INTEREST_INCOME,"5,000-9,999元",42,0.007050528789659225,56,0.009313154831199068
2006,indigenous_analysis_sample,INC_PERS_INTEREST_INCOME,沒有這項收入,5734,0.9625650495215713,56,0.009313154831199068
2006,indigenous_analysis_sample,INC_PERS_OTHER_INCOME,"10,000-14,999 元",86,0.014422270669126278,50,0.008315316813570598
2006,indigenous_analysis_sample,INC_PERS_OTHER_INCOME,"15,000-19,999 元",33,0.0055341271172228744,50,0.008315316813570598
2006,indigenous_analysis_sample,INC_PERS_OTHER_INCOME,"20,000-24,999 元",29,0.004863323830286768,50,0.008315316813570598
2006,indigenous_analysis_sample,INC_PERS_OTHER_INCOME,"25,000-29,999 元",12,0.002012409860808318,50,0.008315316813570598
2006,indigenous_analysis_sample,INC_PERS_OTHER_INCOME,"30,000-39,999 元",12,0.002012409860808318,50,0.008315316813570598
2006,indigenous_analysis_sample,INC_PERS_OTHER_INCOME,"4,999 元及以下",326,0.05467046788529264,50,0.008315316813570598
2006,indigenous_analysis_sample,INC_PERS_OTHER_INCOME,"40,000-49,999 元",10,0.001677008217340265,50,0.008315316813570598
2006,indigenous_analysis_sample,INC_PERS_OTHER_INCOME,"5,000-9,999 元",159,0.026664430655710215,50,0.008315316813570598
2006,indigenous_analysis_sample,INC_PERS_OTHER_INCOME,"50,000-59,999 元",5,8.385041086701325e-4,50,0.008315316813570598
2006,indigenous_analysis_sample,INC_PERS_OTHER_INCOME,"60,000-69,999 元",1,1.677008217340265e-4,50,0.008315316813570598
2006,indigenous_analysis_sample,INC_PERS_OTHER_INCOME,"70,000-79,999 元",1,1.677008217340265e-4,50,0.008315316813570598
2006,indigenous_analysis_sample,INC_PERS_OTHER_INCOME,"80,000 元及以上，請記錄_________________元",5,8.385041086701325e-4,50,0.008315316813570598
2006,indigenous_analysis_sample,INC_PERS_OTHER_INCOME,沒有這項收入,5284,0.886131142042596,50,0.008315316813570598
2006,indigenous_analysis_sample,INC_PERS_RENT_INCOME,"10,000-14,999 元",13,0.0021768251841929004,41,0.00681855978712789
2006,indigenous_analysis_sample,INC_PERS_RENT_INCOME,"15,000-19,999 元",8,0.0013395847287340924,41,0.00681855978712789
2006,indigenous_analysis_sample,INC_PERS_RENT_INCOME,"20,000-24,999 元",6,0.0010046885465505692,41,0.00681855978712789
2006,indigenous_analysis_sample,INC_PERS_RENT_INCOME,"25,000-29,999 元",3,5.023442732752846e-4,41,0.00681855978712789
2006,indigenous_analysis_sample,INC_PERS_RENT_INCOME,"30,000-39,999 元",2,3.348961821835231e-4,41,0.00681855978712789
2006,indigenous_analysis_sample,INC_PERS_RENT_INCOME,"4,999 元及以下",48,0.008037508372404554,41,0.00681855978712789
2006,indigenous_analysis_sample,INC_PERS_RENT_INCOME,"40,000-49,999 元",3,5.023442732752846e-4,41,0.00681855978712789
2006,indigenous_analysis_sample,INC_PERS_RENT_INCOME,"5,000-9,999 元",32,0.0053583389149363695,41,0.00681855978712789
2006,indigenous_analysis_sample,INC_PERS_RENT_INCOME,"50,000-59,999 元",1,1.6744809109176155e-4,41,0.00681855978712789
2006,indigenous_analysis_sample,INC_PERS_RENT_INCOME,"60,000-69,999 元",1,1.6744809109176155e-4,41,0.00681855978712789
2006,indigenous_analysis_sample,INC_PERS_RENT_INCOME,沒有這項收入,5855,0.980408573342264,41,0.00681855978712789
2006,indigenous_analysis_sample,INC_PERS_WORK_INCOME,"10,000-19,999元",1048,0.18200764154220214,255,0.042408115749210044
2006,indigenous_analysis_sample,INC_PERS_WORK_INCOME,"100,000-129,999元",16,0.0027787426189649182,255,0.042408115749210044
2006,indigenous_analysis_sample,INC_PERS_WORK_INCOME,"130,000-159,999元",2,3.473428273706148e-4,255,0.042408115749210044
2006,indigenous_analysis_sample,INC_PERS_WORK_INCOME,"140,000元及以上，請記錄 元",6,0.0010420284821118443,255,0.042408115749210044
2006,indigenous_analysis_sample,INC_PERS_WORK_INCOME,150000,1,1.736714136853074e-4,255,0.042408115749210044
2006,indigenous_analysis_sample,INC_PERS_WORK_INCOME,"20,000-29,999 元",881,0.1530045154567558,255,0.042408115749210044
2006,indigenous_analysis_sample,INC_PERS_WORK_INCOME,"30,000-39,999 元",575,0.09986106286905175,255,0.042408115749210044
2006,indigenous_analysis_sample,INC_PERS_WORK_INCOME,"40,000-49,999 元",210,0.03647099687391455,255,0.042408115749210044
2006,indigenous_analysis_sample,INC_PERS_WORK_INCOME,"50,000-59,999 元",196,0.03403959708232025,255,0.042408115749210044
2006,indigenous_analysis_sample,INC_PERS_WORK_INCOME,"60,000-69,999 元",110,0.019103855505383814,255,0.042408115749210044
2006,indigenous_analysis_sample,INC_PERS_WORK_INCOME,"70,000-79,999 元",44,0.007641542202153525,255,0.042408115749210044
2006,indigenous_analysis_sample,INC_PERS_WORK_INCOME,"80,000-89,999 元",22,0.0038207711010767626,255,0.042408115749210044
2006,indigenous_analysis_sample,INC_PERS_WORK_INCOME,"9,999 元及以下",830,0.14414727335880514,255,0.042408115749210044
2006,indigenous_analysis_sample,INC_PERS_WORK_INCOME,"90,000-99,999 元",9,0.0015630427231677665,255,0.042408115749210044
2006,indigenous_analysis_sample,INC_PERS_WORK_INCOME,沒有這項收入,1808,0.3139979159430358,255,0.042408115749210044
2006,indigenous_analysis_sample,MALE,男性,2468,0.4104440379178447,0,0
2006,indigenous_analysis_sample,MALE,非男性,3545,0.5895559620821553,0,0
2006,indigenous_analysis_sample,RACE,其他,6,9.978380176284716e-4,0,0
2006,indigenous_analysis_sample,RACE,卑南族,183,0.030434059537668385,0,0
2006,indigenous_analysis_sample,RACE,噶瑪蘭族,14,0.002328288707799767,0,0
2006,indigenous_analysis_sample,RACE,太魯閣族,248,0.041243971395310164,0,0
2006,indigenous_analysis_sample,RACE,布農族,834,0.13869948445035757,0,0
2006,indigenous_analysis_sample,RACE,拒答,27,0.004490271079328123,0,0
2006,indigenous_analysis_sample,RACE,排灣族,1322,0.21985697655080658,0,0
2006,indigenous_analysis_sample,RACE,撒奇萊雅族,4,6.652253450856477e-4,0,0
2006,indigenous_analysis_sample,RACE,泰雅族,1096,0.18227174455346748,0,0
2006,indigenous_analysis_sample,RACE,賽夏族,82,0.01363711957425578,0,0
2006,indigenous_analysis_sample,RACE,賽德克族,14,0.002328288707799767,0,0
2006,indigenous_analysis_sample,RACE,邵族,20,0.0033261267254282387,0,0
2006,indigenous_analysis_sample,RACE,鄒族,70,0.011641443538998836,0,0
2006,indigenous_analysis_sample,RACE,阿美族,1841,0.3061699650756694,0,0
2006,indigenous_analysis_sample,RACE,雅美族/達悟族,64,0.010643605521370364,0,0
2006,indigenous_analysis_sample,RACE,魯凱族,188,0.031265591219025446,0,0
2006,indigenous_analysis_sample,RENT,"1,000-2,999元",60,0.009978380176284716,0,0
2006,indigenous_analysis_sample,RENT,"10,000-19,999元",175,0.02910360884749709,0,0
2006,indigenous_analysis_sample,RENT,"20,000元以上",22,0.0036587393979710626,0,0
2006,indigenous_analysis_sample,RENT,"3,000-4,999元",162,0.026941626475968733,0,0
2006,indigenous_analysis_sample,RENT,"5,000-6,999元",237,0.03941460169632463,0,0
2006,indigenous_analysis_sample,RENT,"7,000-9,999元",215,0.03575586229835357,0,0
2006,indigenous_analysis_sample,RENT,不知道/拒答,35,0.005820721769499418,0,0
2006,indigenous_analysis_sample,RENT,不需要支付租金,279,0.046399467819723934,0,0
2006,indigenous_analysis_sample,RENT,"未滿1,000元",31,0.0051554964244137705,0,0
2006,indigenous_analysis_sample,RENT,自有住宅,4797,0.7977714950939631,0,0
2006,indigenous_analysis_sample,RESPONDENT_UNIT,phone_respondent,6013,1,0,0
2006,indigenous_analysis_sample,RESPONDENT_UNIT_SOURCE,95年電話調查S1/S2：接聽電話受訪者,6013,1,0,0
2010,indigenous_analysis_sample,AGE_GROUP,15-19歲,54,0.010744130521289296,1,1.9892580067634773e-4
2010,indigenous_analysis_sample,AGE_GROUP,20-29歲,520,0.10346199761241544,1,1.9892580067634773e-4
2010,indigenous_analysis_sample,AGE_GROUP,30-39歲,1162,0.23119777158774374,1,1.9892580067634773e-4
2010,indigenous_analysis_sample,AGE_GROUP,40-49歲,1393,0.27715877437325903,1,1.9892580067634773e-4
2010,indigenous_analysis_sample,AGE_GROUP,50-59歲,1084,0.2156784719458814,1,1.9892580067634773e-4
2010,indigenous_analysis_sample,AGE_GROUP,60歲以上,813,0.16175885395941106,1,1.9892580067634773e-4
2010,indigenous_analysis_sample,AGE_GROUP_HARMONIZED,15-19歲,54,0.010744130521289296,1,1.9892580067634773e-4
2010,indigenous_analysis_sample,AGE_GROUP_HARMONIZED,20-29歲,520,0.10346199761241544,1,1.9892580067634773e-4
2010,indigenous_analysis_sample,AGE_GROUP_HARMONIZED,30-39歲,1162,0.23119777158774374,1,1.9892580067634773e-4
2010,indigenous_analysis_sample,AGE_GROUP_HARMONIZED,40-49歲,1393,0.27715877437325903,1,1.9892580067634773e-4
2010,indigenous_analysis_sample,AGE_GROUP_HARMONIZED,50-59歲,1084,0.2156784719458814,1,1.9892580067634773e-4
2010,indigenous_analysis_sample,AGE_GROUP_HARMONIZED,60歲以上,813,0.16175885395941106,1,1.9892580067634773e-4
2010,indigenous_analysis_sample,AGE_MEASURE_TYPE,age_group,5027,1,0,0
2010,indigenous_analysis_sample,EDU,不識字/自修,242,0.0481592039800995,2,3.9785160135269546e-4
2010,indigenous_analysis_sample,EDU,國(初)中,1107,0.22029850746268656,2,3.9785160135269546e-4
2010,indigenous_analysis_sample,EDU,國小,1359,0.27044776119402986,2,3.9785160135269546e-4
2010,indigenous_analysis_sample,EDU,專科以上,657,0.13074626865671643,2,3.9785160135269546e-4
2010,indigenous_analysis_sample,EDU,高中職,1660,0.33034825870646767,2,3.9785160135269546e-4
2010,indigenous_analysis_sample,EXP_ALCOHOL_EXPENDITURE,"1,000-1,999 元",917,0.18266932270916333,7,0.0013924806047344342
2010,indigenous_analysis_sample,EXP_ALCOHOL_EXPENDITURE,"10,000-14,999 元",34,0.006772908366533864,7,0.0013924806047344342
2010,indigenous_analysis_sample,EXP_ALCOHOL_EXPENDITURE,"15,000-19,999 元",8,0.0015936254980079682,7,0.0013924806047344342
2010,indigenous_analysis_sample,EXP_ALCOHOL_EXPENDITURE,"2,000-2,999 元",548,0.10916334661354582,7,0.0013924806047344342
2010,indigenous_analysis_sample,EXP_ALCOHOL_EXPENDITURE,"20,000-29,999 元",2,3.9840637450199205e-4,7,0.0013924806047344342
2010,indigenous_analysis_sample,EXP_ALCOHOL_EXPENDITURE,"3,000-3,999 元",351,0.0699203187250996,7,0.0013924806047344342
2010,indigenous_analysis_sample,EXP_ALCOHOL_EXPENDITURE,"30,000 元及以上，請記錄________元",6,0.001195219123505976,7,0.0013924806047344342
2010,indigenous_analysis_sample,EXP_ALCOHOL_EXPENDITURE,"4,000-4,999 元",107,0.021314741035856573,7,0.0013924806047344342
2010,indigenous_analysis_sample,EXP_ALCOHOL_EXPENDITURE,"5,000-6,999 元",173,0.03446215139442231,7,0.0013924806047344342
2010,indigenous_analysis_sample,EXP_ALCOHOL_EXPENDITURE,"7,000-9,999 元",62,0.012350597609561753,7,0.0013924806047344342
2010,indigenous_analysis_sample,EXP_ALCOHOL_EXPENDITURE,999 元及以下,1050,0.20916334661354583,7,0.0013924806047344342
2010,indigenous_analysis_sample,EXP_ALCOHOL_EXPENDITURE,沒有這項支出,1762,0.35099601593625496,7,0.0013924806047344342
2010,indigenous_analysis_sample,EXP_CARE_EXPENDITURE,1000 - 1999元,219,0.04356475034812015,0,0
2010,indigenous_analysis_sample,EXP_CARE_EXPENDITURE,10000 - 14999元,52,0.010344141635170081,0,0
2010,indigenous_analysis_sample,EXP_CARE_EXPENDITURE,15000 - 19999元,12,0.0023871096081161725,0,0
2010,indigenous_analysis_sample,EXP_CARE_EXPENDITURE,2000 - 2999元,170,0.033817386114979114,0,0
2010,indigenous_analysis_sample,EXP_CARE_EXPENDITURE,20000 - 29999元,17,0.0033817386114979114,0,0
2010,indigenous_analysis_sample,EXP_CARE_EXPENDITURE,3000 - 3999元,102,0.020290431668987467,0,0
2010,indigenous_analysis_sample,EXP_CARE_EXPENDITURE,30000 元及以上,8,0.0015914064054107818,0,0
2010,indigenous_analysis_sample,EXP_CARE_EXPENDITURE,4000 - 4999元,47,0.009349512631788343,0,0
2010,indigenous_analysis_sample,EXP_CARE_EXPENDITURE,5000 - 6999元,82,0.016311915655460512,0,0
2010,indigenous_analysis_sample,EXP_CARE_EXPENDITURE,7000 - 9999元,23,0.004575293415555998,0,0
2010,indigenous_analysis_sample,EXP_CARE_EXPENDITURE,999 元及以下,156,0.031032424905510246,0,0
2010,indigenous_analysis_sample,EXP_CARE_EXPENDITURE,未回答,5,9.946290033817386e-4,0,0
2010,indigenous_analysis_sample,EXP_CARE_EXPENDITURE,沒有這項支出,4134,0.8223592599960214,0,0
2010,indigenous_analysis_sample,EXP_CLEANING_EXPENDITURE,"1,000-1,999 元",61,0.012151394422310757,7,0.0013924806047344342
2010,indigenous_analysis_sample,EXP_CLEANING_EXPENDITURE,"15,000-19,999 元",6,0.001195219123505976,7,0.0013924806047344342
2010,indigenous_analysis_sample,EXP_CLEANING_EXPENDITURE,"2,000-2,999 元",23,0.004581673306772908,7,0.0013924806047344342
2010,indigenous_analysis_sample,EXP_CLEANING_EXPENDITURE,"20,000-29,999 元",3,5.97609561752988e-4,7,0.0013924806047344342
2010,indigenous_analysis_sample,EXP_CLEANING_EXPENDITURE,"3,000-3,999 元",6,0.001195219123505976,7,0.0013924806047344342
2010,indigenous_analysis_sample,EXP_CLEANING_EXPENDITURE,"30,000 元及以上，請記錄________元",7,0.0013944223107569722,7,0.0013924806047344342
2010,indigenous_analysis_sample,EXP_CLEANING_EXPENDITURE,"4,000-4,999 元",3,5.97609561752988e-4,7,0.0013924806047344342
2010,indigenous_analysis_sample,EXP_CLEANING_EXPENDITURE,"5,000-6,999 元",2,3.9840637450199205e-4,7,0.0013924806047344342
2010,indigenous_analysis_sample,EXP_CLEANING_EXPENDITURE,999 元及以下,463,0.09223107569721116,7,0.0013924806047344342
2010,indigenous_analysis_sample,EXP_CLEANING_EXPENDITURE,沒有這項支出,4446,0.8856573705179283,7,0.0013924806047344342
2010,indigenous_analysis_sample,EXP_CLOTHING_EXPENDITURE,1000 - 1999元,882,0.17545255619653868,0,0
2010,indigenous_analysis_sample,EXP_CLOTHING_EXPENDITURE,10000 - 14999元,33,0.006564551422319475,0,0
2010,indigenous_analysis_sample,EXP_CLOTHING_EXPENDITURE,15000 - 19999元,10,0.001989258006763477,0,0
2010,indigenous_analysis_sample,EXP_CLOTHING_EXPENDITURE,2000 - 2999元,559,0.11119952257807837,0,0
2010,indigenous_analysis_sample,EXP_CLOTHING_EXPENDITURE,20000 - 29999元,1,1.9892580067634773e-4,0,0
2010,indigenous_analysis_sample,EXP_CLOTHING_EXPENDITURE,3000 - 3999元,211,0.04197334394270937,0,0
2010,indigenous_analysis_sample,EXP_CLOTHING_EXPENDITURE,30000 元及以上,11,0.002188183807439825,0,0
2010,indigenous_analysis_sample,EXP_CLOTHING_EXPENDITURE,4000 - 4999元,97,0.019295802665605728,0,0
2010,indigenous_analysis_sample,EXP_CLOTHING_EXPENDITURE,5000 - 6999元,93,0.01850009946290034,0,0
2010,indigenous_analysis_sample,EXP_CLOTHING_EXPENDITURE,7000 - 9999元,22,0.00437636761487965,0,0
2010,indigenous_analysis_sample,EXP_CLOTHING_EXPENDITURE,999 元及以下,1440,0.2864531529739407,0,0
2010,indigenous_analysis_sample,EXP_CLOTHING_EXPENDITURE,未回答,5,9.946290033817386e-4,0,0
2010,indigenous_analysis_sample,EXP_CLOTHING_EXPENDITURE,沒有這項支出,1663,0.33081360652476627,0,0
2010,indigenous_analysis_sample,EXP_EDU_BOOKS_COMBINED_EXPENDITURE,1000 - 1999元,495,0.09846827133479212,0,0
2010,indigenous_analysis_sample,EXP_EDU_BOOKS_COMBINED_EXPENDITURE,10000 - 14999元,119,0.023672170280485377,0,0
2010,indigenous_analysis_sample,EXP_EDU_BOOKS_COMBINED_EXPENDITURE,15000 - 19999元,35,0.00696240302367217,0,0
2010,indigenous_analysis_sample,EXP_EDU_BOOKS_COMBINED_EXPENDITURE,2000 - 2999元,334,0.06644121742590015,0,0
2010,indigenous_analysis_sample,EXP_EDU_BOOKS_COMBINED_EXPENDITURE,20000 - 29999元,26,0.0051720708175850404,0,0
2010,indigenous_analysis_sample,EXP_EDU_BOOKS_COMBINED_EXPENDITURE,3000 - 3999元,206,0.04097871493932763,0,0
2010,indigenous_analysis_sample,EXP_EDU_BOOKS_COMBINED_EXPENDITURE,30000 元及以上,38,0.007559180425701213,0,0
2010,indigenous_analysis_sample,EXP_EDU_BOOKS_COMBINED_EXPENDITURE,4000 - 4999元,116,0.023075392878456336,0,0
2010,indigenous_analysis_sample,EXP_EDU_BOOKS_COMBINED_EXPENDITURE,5000 - 6999元,166,0.03302168291227372,0,0
2010,indigenous_analysis_sample,EXP_EDU_BOOKS_COMBINED_EXPENDITURE,7000 - 9999元,115,0.02287646707777999,0,0
2010,indigenous_analysis_sample,EXP_EDU_BOOKS_COMBINED_EXPENDITURE,999 元及以下,528,0.1050328227571116,0,0
2010,indigenous_analysis_sample,EXP_EDU_BOOKS_COMBINED_EXPENDITURE,未回答,3,5.967774020290431e-4,0,0
2010,indigenous_analysis_sample,EXP_EDU_BOOKS_COMBINED_EXPENDITURE,沒有這項支出,2846,0.5661428287248856,0,0
2010,indigenous_analysis_sample,EXP_FOOD_EXPENDITURE,"10,000-14,999 元",1003,0.1996814652598049,4,7.957032027053909e-4
2010,indigenous_analysis_sample,EXP_FOOD_EXPENDITURE,"15,000-19,999 元",425,0.0846107903643241,4,7.957032027053909e-4
2010,indigenous_analysis_sample,EXP_FOOD_EXPENDITURE,"2,999 元及以下",874,0.17399960183157476,4,7.957032027053909e-4
2010,indigenous_analysis_sample,EXP_FOOD_EXPENDITURE,"20,000-29,999 元",241,0.04797929524188732,4,7.957032027053909e-4
2010,indigenous_analysis_sample,EXP_FOOD_EXPENDITURE,"3,000-4,999 元",900,0.17917579135974518,4,7.957032027053909e-4
2010,indigenous_analysis_sample,EXP_FOOD_EXPENDITURE,"30,000-39,999 元",70,0.013935894883535735,4,7.957032027053909e-4
2010,indigenous_analysis_sample,EXP_FOOD_EXPENDITURE,"40,000-49,999 元",9,0.0017917579135974518,4,7.957032027053909e-4
2010,indigenous_analysis_sample,EXP_FOOD_EXPENDITURE,"5,000-9,999 元",1475,0.2936492136173601,4,7.957032027053909e-4
2010,indigenous_analysis_sample,EXP_FOOD_EXPENDITURE,"50,000-59,999 元",9,0.0017917579135974518,4,7.957032027053909e-4
2010,indigenous_analysis_sample,EXP_FOOD_EXPENDITURE,"60,000-69,999 元",4,7.963368504877563e-4,4,7.957032027053909e-4
2010,indigenous_analysis_sample,EXP_FOOD_EXPENDITURE,"70,000 元及以上，請記錄______________元",13,0.002588094764085208,4,7.957032027053909e-4
2010,indigenous_analysis_sample,EXP_FURNITURE_EXPENDITURE,1000 - 1999元,432,0.08593594589218222,0,0
2010,indigenous_analysis_sample,EXP_FURNITURE_EXPENDITURE,10000 - 14999元,23,0.004575293415555998,0,0
2010,indigenous_analysis_sample,EXP_FURNITURE_EXPENDITURE,15000 - 19999元,7,0.0013924806047344342,0,0
2010,indigenous_analysis_sample,EXP_FURNITURE_EXPENDITURE,2000 - 2999元,213,0.04237119554406207,0,0
2010,indigenous_analysis_sample,EXP_FURNITURE_EXPENDITURE,20000 - 29999元,16,0.0031828128108215637,0,0
2010,indigenous_analysis_sample,EXP_FURNITURE_EXPENDITURE,3000 - 3999元,69,0.013725880246667993,0,0
2010,indigenous_analysis_sample,EXP_FURNITURE_EXPENDITURE,30000 元及以上,7,0.0013924806047344342,0,0
2010,indigenous_analysis_sample,EXP_FURNITURE_EXPENDITURE,4000 - 4999元,30,0.005967774020290432,0,0
2010,indigenous_analysis_sample,EXP_FURNITURE_EXPENDITURE,5000 - 6999元,38,0.007559180425701213,0,0
2010,indigenous_analysis_sample,EXP_FURNITURE_EXPENDITURE,7000 - 9999元,12,0.0023871096081161725,0,0
2010,indigenous_analysis_sample,EXP_FURNITURE_EXPENDITURE,999 元及以下,714,0.14203302168291226,0,0
2010,indigenous_analysis_sample,EXP_FURNITURE_EXPENDITURE,未回答,8,0.0015914064054107818,0,0
2010,indigenous_analysis_sample,EXP_FURNITURE_EXPENDITURE,沒有這項支出,3458,0.6878854187388104,0,0
2010,indigenous_analysis_sample,EXP_HOUSING_UTIL_EXPENDITURE,"1,000-1,999 元",1234,0.2455721393034826,2,3.9785160135269546e-4
2010,indigenous_analysis_sample,EXP_HOUSING_UTIL_EXPENDITURE,"10,000-14,999 元",366,0.07283582089552239,2,3.9785160135269546e-4
2010,indigenous_analysis_sample,EXP_HOUSING_UTIL_EXPENDITURE,"15,000-19,999 元",157,0.031243781094527363,2,3.9785160135269546e-4
2010,indigenous_analysis_sample,EXP_HOUSING_UTIL_EXPENDITURE,"2,000-2,999 元",1026,0.20417910447761195,2,3.9785160135269546e-4
2010,indigenous_analysis_sample,EXP_HOUSING_UTIL_EXPENDITURE,"20,000-29,999 元",64,0.012736318407960199,2,3.9785160135269546e-4
2010,indigenous_analysis_sample,EXP_HOUSING_UTIL_EXPENDITURE,"3,000-4,999 元",663,0.1319402985074627,2,3.9785160135269546e-4
2010,indigenous_analysis_sample,EXP_HOUSING_UTIL_EXPENDITURE,"30,000-39,999 元",16,0.0031840796019900496,2,3.9785160135269546e-4
2010,indigenous_analysis_sample,EXP_HOUSING_UTIL_EXPENDITURE,"40,000-49,999 元",6,0.0011940298507462687,2,3.9785160135269546e-4
2010,indigenous_analysis_sample,EXP_HOUSING_UTIL_EXPENDITURE,"5,000-9,999 元",616,0.12258706467661691,2,3.9785160135269546e-4
2010,indigenous_analysis_sample,EXP_HOUSING_UTIL_EXPENDITURE,"50,000-59,999 元",9,0.001791044776119403,2,3.9785160135269546e-4
2010,indigenous_analysis_sample,EXP_HOUSING_UTIL_EXPENDITURE,"60,000-69,999 元",3,5.970149253731343e-4,2,3.9785160135269546e-4
2010,indigenous_analysis_sample,EXP_HOUSING_UTIL_EXPENDITURE,"70,000 元及以上，請記錄____________元",8,0.0015920398009950248,2,3.9785160135269546e-4
2010,indigenous_analysis_sample,EXP_HOUSING_UTIL_EXPENDITURE,999 元及以下,756,0.15044776119402986,2,3.9785160135269546e-4
2010,indigenous_analysis_sample,EXP_HOUSING_UTIL_EXPENDITURE,沒有這項支出,101,0.02009950248756219,2,3.9785160135269546e-4
2010,indigenous_analysis_sample,EXP_LOAN_INTEREST_EXPENDITURE,1000 - 1999元,32,0.006365625621643127,0,0
2010,indigenous_analysis_sample,EXP_LOAN_INTEREST_EXPENDITURE,10000 - 14999元,121,0.024070021881838075,0,0
2010,indigenous_analysis_sample,EXP_LOAN_INTEREST_EXPENDITURE,15000 - 19999元,75,0.01491943505072608,0,0
2010,indigenous_analysis_sample,EXP_LOAN_INTEREST_EXPENDITURE,2000 - 2999元,38,0.007559180425701213,0,0
2010,indigenous_analysis_sample,EXP_LOAN_INTEREST_EXPENDITURE,20000 - 29999元,80,0.015914064054107818,0,0
2010,indigenous_analysis_sample,EXP_LOAN_INTEREST_EXPENDITURE,3000 - 3999元,34,0.006763477222995823,0,0
2010,indigenous_analysis_sample,EXP_LOAN_INTEREST_EXPENDITURE,30000 元及以上,35,0.00696240302367217,0,0
2010,indigenous_analysis_sample,EXP_LOAN_INTEREST_EXPENDITURE,4000 - 4999元,20,0.003978516013526954,0,0
2010,indigenous_analysis_sample,EXP_LOAN_INTEREST_EXPENDITURE,5000 - 6999元,71,0.014123731848020689,0,0
2010,indigenous_analysis_sample,EXP_LOAN_INTEREST_EXPENDITURE,7000 - 9999元,54,0.010741993236522777,0,0
2010,indigenous_analysis_sample,EXP_LOAN_INTEREST_EXPENDITURE,999 元及以下,43,0.008553809429082952,0,0
2010,indigenous_analysis_sample,EXP_LOAN_INTEREST_EXPENDITURE,未回答,8,0.0015914064054107818,0,0
2010,indigenous_analysis_sample,EXP_LOAN_INTEREST_EXPENDITURE,沒有這項支出,4416,0.8784563357867515,0,0
2010,indigenous_analysis_sample,EXP_MEDICAL_EXPENDITURE,"1,000-1,999 元",1162,0.2315202231520223,8,0.0015914064054107818
2010,indigenous_analysis_sample,EXP_MEDICAL_EXPENDITURE,"10,000-14,999 元",166,0.033074317593146045,8,0.0015914064054107818
2010,indigenous_analysis_sample,EXP_MEDICAL_EXPENDITURE,"15,000-19,999 元",47,0.009364415222155809,8,0.0015914064054107818
2010,indigenous_analysis_sample,EXP_MEDICAL_EXPENDITURE,"2,000-2,999 元",663,0.13209802749551702,8,0.0015914064054107818
2010,indigenous_analysis_sample,EXP_MEDICAL_EXPENDITURE,"20,000-29,999 元",57,0.011356843992827256,8,0.0015914064054107818
2010,indigenous_analysis_sample,EXP_MEDICAL_EXPENDITURE,"3,000-3,999 元",290,0.057780434349472005,8,0.0015914064054107818
2010,indigenous_analysis_sample,EXP_MEDICAL_EXPENDITURE,"30,000 元及以上，請記錄________元",28,0.005578800557880056,8,0.0015914064054107818
2010,indigenous_analysis_sample,EXP_MEDICAL_EXPENDITURE,"4,000-4,999 元",151,0.030085674437138873,8,0.0015914064054107818
2010,indigenous_analysis_sample,EXP_MEDICAL_EXPENDITURE,"5,000-6,999 元",234,0.04662283323371189,8,0.0015914064054107818
2010,indigenous_analysis_sample,EXP_MEDICAL_EXPENDITURE,"7,000-9,999 元",137,0.027296274158198845,8,0.0015914064054107818
2010,indigenous_analysis_sample,EXP_MEDICAL_EXPENDITURE,999 元及以下,1619,0.3225742179717075,8,0.0015914064054107818
2010,indigenous_analysis_sample,EXP_MEDICAL_EXPENDITURE,沒有這項支出,465,0.09264793783622235,8,0.0015914064054107818
2010,indigenous_analysis_sample,EXP_OTHER_EXPENDITURE,1000 - 1999元,131,0.02605927988860155,0,0
2010,indigenous_analysis_sample,EXP_OTHER_EXPENDITURE,10000 - 14999元,41,0.008155957827730256,0,0
2010,indigenous_analysis_sample,EXP_OTHER_EXPENDITURE,15000 - 19999元,17,0.0033817386114979114,0,0
2010,indigenous_analysis_sample,EXP_OTHER_EXPENDITURE,2000 - 2999元,84,0.01670976725681321,0,0
2010,indigenous_analysis_sample,EXP_OTHER_EXPENDITURE,20000 - 29999元,5,9.946290033817386e-4,0,0
2010,indigenous_analysis_sample,EXP_OTHER_EXPENDITURE,3000 - 3999元,39,0.0077581062263775615,0,0
2010,indigenous_analysis_sample,EXP_OTHER_EXPENDITURE,30000 元及以上,8,0.0015914064054107818,0,0
2010,indigenous_analysis_sample,EXP_OTHER_EXPENDITURE,4000 - 4999元,22,0.00437636761487965,0,0
2010,indigenous_analysis_sample,EXP_OTHER_EXPENDITURE,5000 - 6999元,35,0.00696240302367217,0,0
2010,indigenous_analysis_sample,EXP_OTHER_EXPENDITURE,7000 - 9999元,8,0.0015914064054107818,0,0
2010,indigenous_analysis_sample,EXP_OTHER_EXPENDITURE,999 元及以下,123,0.02446787348319077,0,0
2010,indigenous_analysis_sample,EXP_OTHER_EXPENDITURE,未回答,7,0.0013924806047344342,0,0
2010,indigenous_analysis_sample,EXP_OTHER_EXPENDITURE,沒有這項支出,4507,0.8965585836482992,0,0
2010,indigenous_analysis_sample,EXP_TAX_INS_GIFT_EXPENDITURE,"1,000-1,999 元",1300,0.2590157401872883,8,0.0015914064054107818
2010,indigenous_analysis_sample,EXP_TAX_INS_GIFT_EXPENDITURE,"10,000-14,999 元",111,0.02211595935445308,8,0.0015914064054107818
2010,indigenous_analysis_sample,EXP_TAX_INS_GIFT_EXPENDITURE,"15,000-19,999 元",23,0.004582586172544332,8,0.0015914064054107818
2010,indigenous_analysis_sample,EXP_TAX_INS_GIFT_EXPENDITURE,"2,000-2,999 元",1113,0.2217573221757322,8,0.0015914064054107818
2010,indigenous_analysis_sample,EXP_TAX_INS_GIFT_EXPENDITURE,"20,000-29,999 元",34,0.006774257820282925,8,0.0015914064054107818
2010,indigenous_analysis_sample,EXP_TAX_INS_GIFT_EXPENDITURE,"3,000-3,999 元",649,0.12930862721657702,8,0.0015914064054107818
2010,indigenous_analysis_sample,EXP_TAX_INS_GIFT_EXPENDITURE,"30,000 元及以上，請記錄________元",17,0.0033871289101414623,8,0.0015914064054107818
2010,indigenous_analysis_sample,EXP_TAX_INS_GIFT_EXPENDITURE,"4,000-4,999 元",281,0.0559872484558677,8,0.0015914064054107818
2010,indigenous_analysis_sample,EXP_TAX_INS_GIFT_EXPENDITURE,"5,000-6,999 元",376,0.07491532177724647,8,0.0015914064054107818
2010,indigenous_analysis_sample,EXP_TAX_INS_GIFT_EXPENDITURE,"7,000-9,999 元",142,0.02829248854353457,8,0.0015914064054107818
2010,indigenous_analysis_sample,EXP_TAX_INS_GIFT_EXPENDITURE,999 元及以下,646,0.12871089858537557,8,0.0015914064054107818
2010,indigenous_analysis_sample,EXP_TAX_INS_GIFT_EXPENDITURE,沒有這項支出,327,0.06515242080095636,8,0.0015914064054107818
2010,indigenous_analysis_sample,EXP_TRANSPORT_COMM_EXPENDITURE,"1,000-1,999 元",1007,0.20039800995024876,2,3.9785160135269546e-4
2010,indigenous_analysis_sample,EXP_TRANSPORT_COMM_EXPENDITURE,"10,000-14,999 元",202,0.04019900497512438,2,3.9785160135269546e-4
2010,indigenous_analysis_sample,EXP_TRANSPORT_COMM_EXPENDITURE,"15,000-19,999 元",39,0.007761194029850746,2,3.9785160135269546e-4
2010,indigenous_analysis_sample,EXP_TRANSPORT_COMM_EXPENDITURE,"2,000-2,999 元",878,0.17472636815920398,2,3.9785160135269546e-4
2010,indigenous_analysis_sample,EXP_TRANSPORT_COMM_EXPENDITURE,"20,000-29,999 元",30,0.005970149253731343,2,3.9785160135269546e-4
2010,indigenous_analysis_sample,EXP_TRANSPORT_COMM_EXPENDITURE,"3,000-3,999 元",693,0.13791044776119402,2,3.9785160135269546e-4
2010,indigenous_analysis_sample,EXP_TRANSPORT_COMM_EXPENDITURE,"30,000 元及以上，請記錄________元",10,0.001990049751243781,2,3.9785160135269546e-4
2010,indigenous_analysis_sample,EXP_TRANSPORT_COMM_EXPENDITURE,"4,000-4,999 元",370,0.0736318407960199,2,3.9785160135269546e-4
2010,indigenous_analysis_sample,EXP_TRANSPORT_COMM_EXPENDITURE,"5,000-6,999 元",558,0.11104477611940299,2,3.9785160135269546e-4
2010,indigenous_analysis_sample,EXP_TRANSPORT_COMM_EXPENDITURE,"7,000-9,999 元",322,0.06407960199004975,2,3.9785160135269546e-4
2010,indigenous_analysis_sample,EXP_TRANSPORT_COMM_EXPENDITURE,999 元及以下,772,0.1536318407960199,2,3.9785160135269546e-4
2010,indigenous_analysis_sample,EXP_TRANSPORT_COMM_EXPENDITURE,沒有這項支出,144,0.028656716417910448,2,3.9785160135269546e-4
2010,indigenous_analysis_sample,EXP_TRAVEL_EXPENDITURE,1000 - 1999元,222,0.04416152775014919,0,0
2010,indigenous_analysis_sample,EXP_TRAVEL_EXPENDITURE,10000 - 14999元,24,0.004774219216232345,0,0
2010,indigenous_analysis_sample,EXP_TRAVEL_EXPENDITURE,15000 - 19999元,13,0.0025860354087925202,0,0
2010,indigenous_analysis_sample,EXP_TRAVEL_EXPENDITURE,2000 - 2999元,154,0.030634573304157548,0,0
2010,indigenous_analysis_sample,EXP_TRAVEL_EXPENDITURE,20000 - 29999元,12,0.0023871096081161725,0,0
2010,indigenous_analysis_sample,EXP_TRAVEL_EXPENDITURE,3000 - 3999元,70,0.01392480604734434,0,0
2010,indigenous_analysis_sample,EXP_TRAVEL_EXPENDITURE,30000 元及以上,12,0.0023871096081161725,0,0
2010,indigenous_analysis_sample,EXP_TRAVEL_EXPENDITURE,4000 - 4999元,24,0.004774219216232345,0,0
2010,indigenous_analysis_sample,EXP_TRAVEL_EXPENDITURE,5000 - 6999元,46,0.009150586831111996,0,0
2010,indigenous_analysis_sample,EXP_TRAVEL_EXPENDITURE,7000 - 9999元,17,0.0033817386114979114,0,0
2010,indigenous_analysis_sample,EXP_TRAVEL_EXPENDITURE,999 元及以下,222,0.04416152775014919,0,0
2010,indigenous_analysis_sample,EXP_TRAVEL_EXPENDITURE,未回答,3,5.967774020290431e-4,0,0
2010,indigenous_analysis_sample,EXP_TRAVEL_EXPENDITURE,沒有這項支出,4208,0.8370797692460712,0,0
2010,indigenous_analysis_sample,HAS_INDI_55PLUS,FALSE,3167,0.6299980107419932,0,0
2010,indigenous_analysis_sample,HAS_INDI_55PLUS,TRUE,1860,0.37000198925800676,0,0
2010,indigenous_analysis_sample,HAS_INDI_65PLUS,FALSE,4088,0.8132086731649095,0,0
2010,indigenous_analysis_sample,HAS_INDI_65PLUS,TRUE,939,0.1867913268350905,0,0
2010,indigenous_analysis_sample,HOUSE_BELONG,借用,103,0.020649558941459503,39,0.0077581062263775615
2010,indigenous_analysis_sample,HOUSE_BELONG,租賃,1078,0.2161186848436247,39,0.0077581062263775615
2010,indigenous_analysis_sample,HOUSE_BELONG,自有/家人所有/自建,3739,0.7495990376904571,39,0.0077581062263775615
2010,indigenous_analysis_sample,HOUSE_BELONG,配住,68,0.0136327185244587,39,0.0077581062263775615
2010,indigenous_analysis_sample,INC_FAM_GOV_INCOME,"1,000-1,999 元",57,0.01133877063855182,0,0
2010,indigenous_analysis_sample,INC_FAM_GOV_INCOME,"10,000-14,999 元",99,0.019693654266958426,0,0
2010,indigenous_analysis_sample,INC_FAM_GOV_INCOME,"15,000-19,999 元",36,0.007161328824348518,0,0
2010,indigenous_analysis_sample,INC_FAM_GOV_INCOME,"2,000-2,999 元",51,0.010145215834493734,0,0
2010,indigenous_analysis_sample,INC_FAM_GOV_INCOME,"20,000-29,999 元",22,0.00437636761487965,0,0
2010,indigenous_analysis_sample,INC_FAM_GOV_INCOME,"3,000-3,999 元",718,0.14282872488561765,0,0
2010,indigenous_analysis_sample,INC_FAM_GOV_INCOME,"30,000 元及以上，請記錄________元",6,0.0011935548040580863,0,0
2010,indigenous_analysis_sample,INC_FAM_GOV_INCOME,"4,000-4,999 元",105,0.020887209071016512,0,0
2010,indigenous_analysis_sample,INC_FAM_GOV_INCOME,"5,000-5,999 元",41,0.008155957827730256,0,0
2010,indigenous_analysis_sample,INC_FAM_GOV_INCOME,"6,000-7,999 元",351,0.06982295603739805,0,0
2010,indigenous_analysis_sample,INC_FAM_GOV_INCOME,"8,000-9,999 元",52,0.010344141635170081,0,0
2010,indigenous_analysis_sample,INC_FAM_GOV_INCOME,999 元及以下,35,0.00696240302367217,0,0
2010,indigenous_analysis_sample,INC_FAM_GOV_INCOME,沒有這項收入,3454,0.687089715536105,0,0
2010,indigenous_analysis_sample,INC_FAM_INTEREST_INCOME,"1,000-1,999 元",9,0.0017939007374925253,10,0.001989258006763477
2010,indigenous_analysis_sample,INC_FAM_INTEREST_INCOME,"10,000-14,999 元",29,0.005780346820809248,10,0.001989258006763477
2010,indigenous_analysis_sample,INC_FAM_INTEREST_INCOME,"15,000-19,999 元",3,5.979669124975084e-4,10,0.001989258006763477
2010,indigenous_analysis_sample,INC_FAM_INTEREST_INCOME,"2,000-2,999 元",9,0.0017939007374925253,10,0.001989258006763477
2010,indigenous_analysis_sample,INC_FAM_INTEREST_INCOME,"20,000-29,999 元",3,5.979669124975084e-4,10,0.001989258006763477
2010,indigenous_analysis_sample,INC_FAM_INTEREST_INCOME,"3,000-3,999 元",22,0.004385090691648395,10,0.001989258006763477
2010,indigenous_analysis_sample,INC_FAM_INTEREST_INCOME,"30,000 元及以上，請記錄________元",6,0.001195933824995017,10,0.001989258006763477
2010,indigenous_analysis_sample,INC_FAM_INTEREST_INCOME,"4,000-4,999 元",1,1.9932230416583617e-4,10,0.001989258006763477
2010,indigenous_analysis_sample,INC_FAM_INTEREST_INCOME,"5,000-5,999 元",33,0.006577636037472593,10,0.001989258006763477
2010,indigenous_analysis_sample,INC_FAM_INTEREST_INCOME,"6,000-7,999 元",2,3.9864460833167234e-4,10,0.001989258006763477
2010,indigenous_analysis_sample,INC_FAM_INTEREST_INCOME,"8,000-9,999 元",5,9.96611520829181e-4,10,0.001989258006763477
2010,indigenous_analysis_sample,INC_FAM_INTEREST_INCOME,999 元及以下,22,0.004385090691648395,10,0.001989258006763477
2010,indigenous_analysis_sample,INC_FAM_INTEREST_INCOME,沒有這項收入,4873,0.9712975882001196,10,0.001989258006763477
2010,indigenous_analysis_sample,INC_FAM_OTHER_INCOME,10000 - 14999元,32,0.006365625621643127,0,0
2010,indigenous_analysis_sample,INC_FAM_OTHER_INCOME,15000 - 19999元,10,0.001989258006763477,0,0
2010,indigenous_analysis_sample,INC_FAM_OTHER_INCOME,20000 - 24999元,14,0.0027849612094688683,0,0
2010,indigenous_analysis_sample,INC_FAM_OTHER_INCOME,25000 - 29999元,7,0.0013924806047344342,0,0
2010,indigenous_analysis_sample,INC_FAM_OTHER_INCOME,30000 - 39999元,5,9.946290033817386e-4,0,0
2010,indigenous_analysis_sample,INC_FAM_OTHER_INCOME,40000 - 49999元,6,0.0011935548040580863,0,0
2010,indigenous_analysis_sample,INC_FAM_OTHER_INCOME,4999 元及以下,83,0.01651084145613686,0,0
2010,indigenous_analysis_sample,INC_FAM_OTHER_INCOME,5000 - 9999元,57,0.01133877063855182,0,0
2010,indigenous_analysis_sample,INC_FAM_OTHER_INCOME,60000 - 69999元,1,1.9892580067634773e-4,0,0
2010,indigenous_analysis_sample,INC_FAM_OTHER_INCOME,80000 元及以上,4,7.957032027053909e-4,0,0
2010,indigenous_analysis_sample,INC_FAM_OTHER_INCOME,未回答,10,0.001989258006763477,0,0
2010,indigenous_analysis_sample,INC_FAM_OTHER_INCOME,沒有這項收入,4798,0.9544459916451163,0,0
2010,indigenous_analysis_sample,INC_FAM_RENT_INCOME,"10,000-14,999 元",4,7.974481658692185e-4,11,0.002188183807439825
2010,indigenous_analysis_sample,INC_FAM_RENT_INCOME,"15,000-19,999 元",3,5.980861244019139e-4,11,0.002188183807439825
2010,indigenous_analysis_sample,INC_FAM_RENT_INCOME,"20,000-24,999 元",5,9.96810207336523e-4,11,0.002188183807439825
2010,indigenous_analysis_sample,INC_FAM_RENT_INCOME,"25,000-29,999 元",2,3.9872408293460925e-4,11,0.002188183807439825
2010,indigenous_analysis_sample,INC_FAM_RENT_INCOME,"4,999 元及以下",17,0.0033891547049441787,11,0.002188183807439825
2010,indigenous_analysis_sample,INC_FAM_RENT_INCOME,"5,000-9,999 元",15,0.0029904306220095694,11,0.002188183807439825
2010,indigenous_analysis_sample,INC_FAM_RENT_INCOME,沒有這項收入,4970,0.990829346092504,11,0.002188183807439825
2010,indigenous_analysis_sample,INC_FAM_WORK_INCOME,"10,000-19,999 元",866,0.17226974338571713,0,0
2010,indigenous_analysis_sample,INC_FAM_WORK_INCOME,"100,000-129,999元",98,0.01949472846628208,0,0
2010,indigenous_analysis_sample,INC_FAM_WORK_INCOME,"130,000-159,999元",29,0.005768848219614084,0,0
2010,indigenous_analysis_sample,INC_FAM_WORK_INCOME,"160,000 元及以上，請記錄____________元",12,0.0023871096081161725,0,0
2010,indigenous_analysis_sample,INC_FAM_WORK_INCOME,"20,000-29,999 元",970,0.1929580266560573,0,0
2010,indigenous_analysis_sample,INC_FAM_WORK_INCOME,"30,000-39,999 元",675,0.13427491545653472,0,0
2010,indigenous_analysis_sample,INC_FAM_WORK_INCOME,"40,000-49,999 元",464,0.09230157151382534,0,0
2010,indigenous_analysis_sample,INC_FAM_WORK_INCOME,"50,000-59,999 元",377,0.07499502685498309,0,0
2010,indigenous_analysis_sample,INC_FAM_WORK_INCOME,"60,000-69,999 元",278,0.055301372588024665,0,0
2010,indigenous_analysis_sample,INC_FAM_WORK_INCOME,"70,000-79,999 元",182,0.03620449572309529,0,0
2010,indigenous_analysis_sample,INC_FAM_WORK_INCOME,"80,000-89,999 元",105,0.020887209071016512,0,0
2010,indigenous_analysis_sample,INC_FAM_WORK_INCOME,"9,999 元及以下",279,0.05550029838870101,0,0
2010,indigenous_analysis_sample,INC_FAM_WORK_INCOME,"90,000-99,999 元",76,0.015118360851402427,0,0
2010,indigenous_analysis_sample,INC_FAM_WORK_INCOME,沒有這項收入,616,0.12253829321663019,0,0
2010,indigenous_analysis_sample,INC_PERS_GOV_INCOME,"1,000-1,999 元",46,0.009156050955414012,3,5.967774020290431e-4
2010,indigenous_analysis_sample,INC_PERS_GOV_INCOME,"10,000-14,999 元",68,0.013535031847133758,3,5.967774020290431e-4
2010,indigenous_analysis_sample,INC_PERS_GOV_INCOME,"15,000-19,999 元",24,0.004777070063694267,3,5.967774020290431e-4
2010,indigenous_analysis_sample,INC_PERS_GOV_INCOME,"2,000-2,999 元",39,0.007762738853503185,3,5.967774020290431e-4
2010,indigenous_analysis_sample,INC_PERS_GOV_INCOME,"20,000-29,999 元",12,0.0023885350318471337,3,5.967774020290431e-4
2010,indigenous_analysis_sample,INC_PERS_GOV_INCOME,"3,000-3,999 元",670,0.13335987261146498,3,5.967774020290431e-4
2010,indigenous_analysis_sample,INC_PERS_GOV_INCOME,"30,000 元及以上，請記錄________元",5,9.952229299363057e-4,3,5.967774020290431e-4
2010,indigenous_analysis_sample,INC_PERS_GOV_INCOME,"4,000-4,999 元",84,0.016719745222929936,3,5.967774020290431e-4
2010,indigenous_analysis_sample,INC_PERS_GOV_INCOME,"5,000-5,999 元",29,0.005772292993630573,3,5.967774020290431e-4
2010,indigenous_analysis_sample,INC_PERS_GOV_INCOME,"6,000-7,999 元",263,0.052348726114649684,3,5.967774020290431e-4
2010,indigenous_analysis_sample,INC_PERS_GOV_INCOME,"8,000-9,999 元",22,0.004378980891719745,3,5.967774020290431e-4
2010,indigenous_analysis_sample,INC_PERS_GOV_INCOME,999 元及以下,39,0.007762738853503185,3,5.967774020290431e-4
2010,indigenous_analysis_sample,INC_PERS_GOV_INCOME,沒有這項收入,3723,0.7410429936305732,3,5.967774020290431e-4
2010,indigenous_analysis_sample,INC_PERS_INTEREST_INCOME,"1,000-1,999 元",7,0.0013949780789159027,9,0.0017903322060871295
2010,indigenous_analysis_sample,INC_PERS_INTEREST_INCOME,"10,000-14,999 元",26,0.0051813471502590676,9,0.0017903322060871295
2010,indigenous_analysis_sample,INC_PERS_INTEREST_INCOME,"15,000-19,999 元",1,1.9928258270227183e-4,9,0.0017903322060871295
2010,indigenous_analysis_sample,INC_PERS_INTEREST_INCOME,"2,000-2,999 元",8,0.0015942606616181746,9,0.0017903322060871295
2010,indigenous_analysis_sample,INC_PERS_INTEREST_INCOME,"20,000-29,999 元",2,3.9856516540454366e-4,9,0.0017903322060871295
2010,indigenous_analysis_sample,INC_PERS_INTEREST_INCOME,"3,000-3,999 元",20,0.0039856516540454365,9,0.0017903322060871295
2010,indigenous_analysis_sample,INC_PERS_INTEREST_INCOME,"30,000 元及以上，請記錄________元",9,0.0017935432443204463,9,0.0017903322060871295
2010,indigenous_analysis_sample,INC_PERS_INTEREST_INCOME,"4,000-4,999 元",4,7.971303308090873e-4,9,0.0017903322060871295
2010,indigenous_analysis_sample,INC_PERS_INTEREST_INCOME,"5,000-5,999 元",27,0.005380629732961339,9,0.0017903322060871295
2010,indigenous_analysis_sample,INC_PERS_INTEREST_INCOME,"6,000-7,999 元",2,3.9856516540454366e-4,9,0.0017903322060871295
2010,indigenous_analysis_sample,INC_PERS_INTEREST_INCOME,"8,000-9,999 元",4,7.971303308090873e-4,9,0.0017903322060871295
2010,indigenous_analysis_sample,INC_PERS_INTEREST_INCOME,999 元及以下,26,0.0051813471502590676,9,0.0017903322060871295
2010,indigenous_analysis_sample,INC_PERS_INTEREST_INCOME,沒有這項收入,4882,0.972897568752491,9,0.0017903322060871295
2010,indigenous_analysis_sample,INC_PERS_OTHER_INCOME,"10,000-14,999 元",21,0.004188272836059034,13,0.0025860354087925202
2010,indigenous_analysis_sample,INC_PERS_OTHER_INCOME,"15,000-19,999 元",8,0.0015955325089748703,13,0.0025860354087925202
2010,indigenous_analysis_sample,INC_PERS_OTHER_INCOME,"20,000-24,999 元",17,0.0033905065815715996,13,0.0025860354087925202
2010,indigenous_analysis_sample,INC_PERS_OTHER_INCOME,"25,000-29,999 元",7,0.0013960909453530116,13,0.0025860354087925202
2010,indigenous_analysis_sample,INC_PERS_OTHER_INCOME,"30,000-39,999 元",3,5.983246908655763e-4,13,0.0025860354087925202
2010,indigenous_analysis_sample,INC_PERS_OTHER_INCOME,"4,999 元及以下",82,0.016354208216992423,13,0.0025860354087925202
2010,indigenous_analysis_sample,INC_PERS_OTHER_INCOME,"40,000-49,999 元",4,7.977662544874351e-4,13,0.0025860354087925202
2010,indigenous_analysis_sample,INC_PERS_OTHER_INCOME,"5,000-9,999 元",52,0.010370961308336658,13,0.0025860354087925202
2010,indigenous_analysis_sample,INC_PERS_OTHER_INCOME,"60,000-69,999 元",1,1.9944156362185878e-4,13,0.0025860354087925202
2010,indigenous_analysis_sample,INC_PERS_OTHER_INCOME,"70,000-79,999 元",1,1.9944156362185878e-4,13,0.0025860354087925202
2010,indigenous_analysis_sample,INC_PERS_OTHER_INCOME,"80,000 元及以上，請記錄_________________元",4,7.977662544874351e-4,13,0.0025860354087925202
2010,indigenous_analysis_sample,INC_PERS_OTHER_INCOME,沒有這項收入,4814,0.9601116872756282,13,0.0025860354087925202
2010,indigenous_analysis_sample,INC_PERS_RENT_INCOME,"10,000-14,999 元",6,0.0011968880909634949,14,0.0027849612094688683
2010,indigenous_analysis_sample,INC_PERS_RENT_INCOME,"15,000-19,999 元",3,5.984440454817474e-4,14,0.0027849612094688683
2010,indigenous_analysis_sample,INC_PERS_RENT_INCOME,"20,000-24,999 元",1,1.9948134849391582e-4,14,0.0027849612094688683
2010,indigenous_analysis_sample,INC_PERS_RENT_INCOME,"4,999 元及以下",16,0.003191701575902653,14,0.0027849612094688683
2010,indigenous_analysis_sample,INC_PERS_RENT_INCOME,"5,000-9,999 元",13,0.002593257530420906,14,0.0027849612094688683
2010,indigenous_analysis_sample,INC_PERS_RENT_INCOME,沒有這項收入,4974,0.9922202274087373,14,0.0027849612094688683
2010,indigenous_analysis_sample,INC_PERS_WORK_INCOME,"10,000-19,999 元",1105,0.21981300974736423,0,0
2010,indigenous_analysis_sample,INC_PERS_WORK_INCOME,"100,000-129,999元",8,0.0015914064054107818,0,0
2010,indigenous_analysis_sample,INC_PERS_WORK_INCOME,"130,000-159,999元",1,1.9892580067634773e-4,0,0
2010,indigenous_analysis_sample,INC_PERS_WORK_INCOME,"160,000 元及以上，請記錄____________元",2,3.9785160135269546e-4,0,0
2010,indigenous_analysis_sample,INC_PERS_WORK_INCOME,"20,000-29,999 元",1128,0.22438830316292024,0,0
2010,indigenous_analysis_sample,INC_PERS_WORK_INCOME,"30,000-39,999 元",642,0.12771036403421523,0,0
2010,indigenous_analysis_sample,INC_PERS_WORK_INCOME,"40,000-49,999 元",261,0.051919633976526755,0,0
2010,indigenous_analysis_sample,INC_PERS_WORK_INCOME,"50,000-59,999 元",155,0.030833499104833895,0,0
2010,indigenous_analysis_sample,INC_PERS_WORK_INCOME,"60,000-69,999 元",90,0.017903322060871293,0,0
2010,indigenous_analysis_sample,INC_PERS_WORK_INCOME,"70,000-79,999 元",40,0.007957032027053909,0,0
2010,indigenous_analysis_sample,INC_PERS_WORK_INCOME,"80,000-89,999 元",24,0.004774219216232345,0,0
2010,indigenous_analysis_sample,INC_PERS_WORK_INCOME,"9,999 元及以下",348,0.069226178635369,0,0
2010,indigenous_analysis_sample,INC_PERS_WORK_INCOME,"90,000-99,999 元",6,0.0011935548040580863,0,0
2010,indigenous_analysis_sample,INC_PERS_WORK_INCOME,沒有這項收入,1217,0.24209269942311518,0,0
2010,indigenous_analysis_sample,MALE,男性,2143,0.42629799084941317,0,0
2010,indigenous_analysis_sample,MALE,非男性,2884,0.5737020091505868,0,0
2010,indigenous_analysis_sample,RACE,其他,28,0.005572139303482587,2,3.9785160135269546e-4
2010,indigenous_analysis_sample,RACE,卑南族,125,0.024875621890547265,2,3.9785160135269546e-4
2010,indigenous_analysis_sample,RACE,噶瑪蘭族,17,0.003383084577114428,2,3.9785160135269546e-4
2010,indigenous_analysis_sample,RACE,太魯閣族,290,0.05771144278606965,2,3.9785160135269546e-4
2010,indigenous_analysis_sample,RACE,布農族,457,0.0909452736318408,2,3.9785160135269546e-4
2010,indigenous_analysis_sample,RACE,排灣族,883,0.17572139303482587,2,3.9785160135269546e-4
2010,indigenous_analysis_sample,RACE,撒奇萊雅族,10,0.001990049751243781,2,3.9785160135269546e-4
2010,indigenous_analysis_sample,RACE,泰雅族,804,0.16,2,3.9785160135269546e-4
2010,indigenous_analysis_sample,RACE,賽夏族,76,0.015124378109452736,2,3.9785160135269546e-4
2010,indigenous_analysis_sample,RACE,賽德克族,86,0.01711442786069652,2,3.9785160135269546e-4
2010,indigenous_analysis_sample,RACE,邵族,21,0.00417910447761194,2,3.9785160135269546e-4
2010,indigenous_analysis_sample,RACE,鄒族,84,0.01671641791044776,2,3.9785160135269546e-4
2010,indigenous_analysis_sample,RACE,阿美族,1965,0.39104477611940297,2,3.9785160135269546e-4
2010,indigenous_analysis_sample,RACE,雅美族/達悟族,35,0.006965174129353234,2,3.9785160135269546e-4
2010,indigenous_analysis_sample,RACE,魯凱族,144,0.028656716417910448,2,3.9785160135269546e-4
2010,indigenous_analysis_sample,RENT,"1,000-2,999元",56,0.04886561954624782,3881,0.7720310324249056
2010,indigenous_analysis_sample,RENT,"10,000-19,999元",252,0.2198952879581152,3881,0.7720310324249056
2010,indigenous_analysis_sample,RENT,"20,000元以上",27,0.02356020942408377,3881,0.7720310324249056
2010,indigenous_analysis_sample,RENT,"3,000-4,999元",132,0.11518324607329843,3881,0.7720310324249056
2010,indigenous_analysis_sample,RENT,"5,000-6,999元",298,0.2600349040139616,3881,0.7720310324249056
2010,indigenous_analysis_sample,RENT,"7,000-9,999元",303,0.2643979057591623,3881,0.7720310324249056
2010,indigenous_analysis_sample,RENT,不需要支付租金,29,0.02530541012216405,3881,0.7720310324249056
2010,indigenous_analysis_sample,RENT,未回答,14,0.012216404886561954,3881,0.7720310324249056
2010,indigenous_analysis_sample,RENT,"未滿1,000元",35,0.030541012216404886,3881,0.7720310324249056
2010,indigenous_analysis_sample,RESPONDENT_UNIT,household_member,5027,1,0,0
2010,indigenous_analysis_sample,RESPONDENT_UNIT_SOURCE,99年問卷：填表人戶內人口編號,5027,1,0,0
2014,indigenous_analysis_sample,AGE_GROUP,15-19歲,20,0.004375410194705754,0,0
2014,indigenous_analysis_sample,AGE_GROUP,20-29歲,281,0.06147451323561584,0,0
2014,indigenous_analysis_sample,AGE_GROUP,30-39歲,765,0.16735943994749508,0,0
2014,indigenous_analysis_sample,AGE_GROUP,40-49歲,1238,0.2708378910522862,0,0
2014,indigenous_analysis_sample,AGE_GROUP,50-59歲,1252,0.27390067818858016,0,0
2014,indigenous_analysis_sample,AGE_GROUP,60歲以上,1015,0.222052067381317,0,0
2014,indigenous_analysis_sample,AGE_GROUP_HARMONIZED,15-19歲,20,0.004375410194705754,0,0
2014,indigenous_analysis_sample,AGE_GROUP_HARMONIZED,20-29歲,281,0.06147451323561584,0,0
2014,indigenous_analysis_sample,AGE_GROUP_HARMONIZED,30-39歲,765,0.16735943994749508,0,0
2014,indigenous_analysis_sample,AGE_GROUP_HARMONIZED,40-49歲,1238,0.2708378910522862,0,0
2014,indigenous_analysis_sample,AGE_GROUP_HARMONIZED,50-59歲,1252,0.27390067818858016,0,0
2014,indigenous_analysis_sample,AGE_GROUP_HARMONIZED,60歲以上,1015,0.222052067381317,0,0
2014,indigenous_analysis_sample,AGE_MEASURE_TYPE,age_group,4571,1,0,0
2014,indigenous_analysis_sample,EDU,不識字/自修,181,0.03959746226208707,0,0
2014,indigenous_analysis_sample,EDU,國(初)中,1146,0.25071100415663966,0,0
2014,indigenous_analysis_sample,EDU,國小,1138,0.24896084007875738,0,0
2014,indigenous_analysis_sample,EDU,專科以上,604,0.13213738788011375,0,0
2014,indigenous_analysis_sample,EDU,高中職,1502,0.3285933056224021,0,0
2014,indigenous_analysis_sample,EXP_ALCOHOL_EXPENDITURE,"1,000-1,999 元",748,0.1636403412819952,0,0
2014,indigenous_analysis_sample,EXP_ALCOHOL_EXPENDITURE,"10,000-14,999 元",57,0.012469919054911398,0,0
2014,indigenous_analysis_sample,EXP_ALCOHOL_EXPENDITURE,"15,000-19,999 元",13,0.0028440166265587398,0,0
2014,indigenous_analysis_sample,EXP_ALCOHOL_EXPENDITURE,"2,000-2,999 元",556,0.12163640341281995,0,0
2014,indigenous_analysis_sample,EXP_ALCOHOL_EXPENDITURE,"20,000-29,999 元",4,8.750820389411508e-4,0,0
2014,indigenous_analysis_sample,EXP_ALCOHOL_EXPENDITURE,"3,000-3,999 元",436,0.09538394224458543,0,0
2014,indigenous_analysis_sample,EXP_ALCOHOL_EXPENDITURE,"30,000 元及以上，請記錄________元",1,2.187705097352877e-4,0,0
2014,indigenous_analysis_sample,EXP_ALCOHOL_EXPENDITURE,"4,000-4,999 元",171,0.03740975716473419,0,0
2014,indigenous_analysis_sample,EXP_ALCOHOL_EXPENDITURE,499 元及以下,344,0.07525705534893896,0,0
2014,indigenous_analysis_sample,EXP_ALCOHOL_EXPENDITURE,"5,000-6,999 元",203,0.0444104134762634,0,0
2014,indigenous_analysis_sample,EXP_ALCOHOL_EXPENDITURE,500-999 元,502,0.10982279588711441,0,0
2014,indigenous_analysis_sample,EXP_ALCOHOL_EXPENDITURE,"7,000-9,999 元",71,0.015532706191205425,0,0
2014,indigenous_analysis_sample,EXP_ALCOHOL_EXPENDITURE,沒有這項支出,1465,0.32049879676219645,0,0
2014,indigenous_analysis_sample,EXP_BOOKS_EXPENDITURE,"1,000-1,999元",402,0.08794574491358564,0,0
2014,indigenous_analysis_sample,EXP_BOOKS_EXPENDITURE,"10,000-14,999元",6,0.0013126230584117262,0,0
2014,indigenous_analysis_sample,EXP_BOOKS_EXPENDITURE,"2,000-2,999元",150,0.03281557646029315,0,0
2014,indigenous_analysis_sample,EXP_BOOKS_EXPENDITURE,"3,000-3,999元",56,0.01225114854517611,0,0
2014,indigenous_analysis_sample,EXP_BOOKS_EXPENDITURE,"4,000-4,999元",11,0.0024064756070881644,0,0
2014,indigenous_analysis_sample,EXP_BOOKS_EXPENDITURE,"5,000-6,999元",17,0.0037190986654998905,0,0
2014,indigenous_analysis_sample,EXP_BOOKS_EXPENDITURE,"7,000-9,999元",7,0.0015313935681470138,0,0
2014,indigenous_analysis_sample,EXP_BOOKS_EXPENDITURE,999元及以下,964,0.21089477138481733,0,0
2014,indigenous_analysis_sample,EXP_BOOKS_EXPENDITURE,沒有這項支出,2958,0.647123167796981,0,0
2014,indigenous_analysis_sample,EXP_CARE_EXPENDITURE,"1,000-1,999元",155,0.033909429008969594,0,0
2014,indigenous_analysis_sample,EXP_CARE_EXPENDITURE,"10,000-14,999元",24,0.005250492233646905,0,0
2014,indigenous_analysis_sample,EXP_CARE_EXPENDITURE,"15,000-19,999元",15,0.003281557646029315,0,0
2014,indigenous_analysis_sample,EXP_CARE_EXPENDITURE,"2,000-2,999元",155,0.033909429008969594,0,0
2014,indigenous_analysis_sample,EXP_CARE_EXPENDITURE,"20,000-29,999元",27,0.0059068037628527675,0,0
2014,indigenous_analysis_sample,EXP_CARE_EXPENDITURE,"3,000-3,999元",105,0.022970903522205207,0,0
2014,indigenous_analysis_sample,EXP_CARE_EXPENDITURE,35000,3,6.563115292058631e-4,0,0
2014,indigenous_analysis_sample,EXP_CARE_EXPENDITURE,"4,000-4,999元",51,0.011157295996499672,0,0
2014,indigenous_analysis_sample,EXP_CARE_EXPENDITURE,"5,000-6,999元",58,0.012688689564646685,0,0
2014,indigenous_analysis_sample,EXP_CARE_EXPENDITURE,60000,1,2.187705097352877e-4,0,0
2014,indigenous_analysis_sample,EXP_CARE_EXPENDITURE,"7,000-9,999元",22,0.004812951214176329,0,0
2014,indigenous_analysis_sample,EXP_CARE_EXPENDITURE,999元及以下,87,0.01903303434697003,0,0
2014,indigenous_analysis_sample,EXP_CARE_EXPENDITURE,沒有這項支出,3868,0.8462043316560928,0,0
2014,indigenous_analysis_sample,EXP_CLEANING_EXPENDITURE,"1,000-1,999 元",85,0.018595493327499452,0,0
2014,indigenous_analysis_sample,EXP_CLEANING_EXPENDITURE,"10,000-14,999 元",2,4.375410194705754e-4,0,0
2014,indigenous_analysis_sample,EXP_CLEANING_EXPENDITURE,"15,000-19,999 元",1,2.187705097352877e-4,0,0
2014,indigenous_analysis_sample,EXP_CLEANING_EXPENDITURE,"2,000-2,999 元",69,0.015095165171734851,0,0
2014,indigenous_analysis_sample,EXP_CLEANING_EXPENDITURE,"20,000-29,999 元",11,0.0024064756070881644,0,0
2014,indigenous_analysis_sample,EXP_CLEANING_EXPENDITURE,"3,000-3,999 元",19,0.004156639684970466,0,0
2014,indigenous_analysis_sample,EXP_CLEANING_EXPENDITURE,"4,000-4,999 元",5,0.0010938525486764385,0,0
2014,indigenous_analysis_sample,EXP_CLEANING_EXPENDITURE,"5,000-6,999 元",1,2.187705097352877e-4,0,0
2014,indigenous_analysis_sample,EXP_CLEANING_EXPENDITURE,999 元及以下,174,0.03806606869394006,0,0
2014,indigenous_analysis_sample,EXP_CLEANING_EXPENDITURE,沒有這項支出,4204,0.9197112229271495,0,0
2014,indigenous_analysis_sample,EXP_CLOTHING_EXPENDITURE,"1,000-1,999元",1110,0.24283526580616932,0,0
2014,indigenous_analysis_sample,EXP_CLOTHING_EXPENDITURE,"10,000-14,999元",36,0.007875738350470356,0,0
2014,indigenous_analysis_sample,EXP_CLOTHING_EXPENDITURE,"15,000-19,999元",7,0.0015313935681470138,0,0
2014,indigenous_analysis_sample,EXP_CLOTHING_EXPENDITURE,"2,000-2,999元",626,0.13695033909429008,0,0
2014,indigenous_analysis_sample,EXP_CLOTHING_EXPENDITURE,"20,000-29,999元",7,0.0015313935681470138,0,0
2014,indigenous_analysis_sample,EXP_CLOTHING_EXPENDITURE,"3,000-3,999元",283,0.06191205425508641,0,0
2014,indigenous_analysis_sample,EXP_CLOTHING_EXPENDITURE,35000,2,4.375410194705754e-4,0,0
2014,indigenous_analysis_sample,EXP_CLOTHING_EXPENDITURE,"4,000-4,999元",101,0.022095821483264055,0,0
2014,indigenous_analysis_sample,EXP_CLOTHING_EXPENDITURE,"5,000-6,999元",90,0.019689345876175893,0,0
2014,indigenous_analysis_sample,EXP_CLOTHING_EXPENDITURE,50000,1,2.187705097352877e-4,0,0
2014,indigenous_analysis_sample,EXP_CLOTHING_EXPENDITURE,"7,000-9,999元",50,0.010938525486764383,0,0
2014,indigenous_analysis_sample,EXP_CLOTHING_EXPENDITURE,999元及以下,1511,0.3305622402100197,0,0
2014,indigenous_analysis_sample,EXP_CLOTHING_EXPENDITURE,沒有這項支出,747,0.1634215707722599,0,0
2014,indigenous_analysis_sample,EXP_DINING_LODGING_EXPENDITURE,"1,000-1,999 元",446,0.09757164734193831,0,0
2014,indigenous_analysis_sample,EXP_DINING_LODGING_EXPENDITURE,"10,000-14,999 元",166,0.036315904616057756,0,0
2014,indigenous_analysis_sample,EXP_DINING_LODGING_EXPENDITURE,100000,1,2.187705097352877e-4,0,0
2014,indigenous_analysis_sample,EXP_DINING_LODGING_EXPENDITURE,"15,000-19,999 元",79,0.017282870269087727,0,0
2014,indigenous_analysis_sample,EXP_DINING_LODGING_EXPENDITURE,"2,000-2,999 元",463,0.1012907460074382,0,0
2014,indigenous_analysis_sample,EXP_DINING_LODGING_EXPENDITURE,"20,000-29,999 元",46,0.010063443447823233,0,0
2014,indigenous_analysis_sample,EXP_DINING_LODGING_EXPENDITURE,"3,000-3,999 元",413,0.0903522205206738,0,0
2014,indigenous_analysis_sample,EXP_DINING_LODGING_EXPENDITURE,33000,1,2.187705097352877e-4,0,0
2014,indigenous_analysis_sample,EXP_DINING_LODGING_EXPENDITURE,35000,3,6.563115292058631e-4,0,0
2014,indigenous_analysis_sample,EXP_DINING_LODGING_EXPENDITURE,36000,2,4.375410194705754e-4,0,0
2014,indigenous_analysis_sample,EXP_DINING_LODGING_EXPENDITURE,37000,1,2.187705097352877e-4,0,0
2014,indigenous_analysis_sample,EXP_DINING_LODGING_EXPENDITURE,"4,000-4,999 元",222,0.048567053161233865,0,0
2014,indigenous_analysis_sample,EXP_DINING_LODGING_EXPENDITURE,40000,1,2.187705097352877e-4,0,0
2014,indigenous_analysis_sample,EXP_DINING_LODGING_EXPENDITURE,43000,1,2.187705097352877e-4,0,0
2014,indigenous_analysis_sample,EXP_DINING_LODGING_EXPENDITURE,"5,000-6,999 元",268,0.0586304966090571,0,0
2014,indigenous_analysis_sample,EXP_DINING_LODGING_EXPENDITURE,"7,000-9,999 元",164,0.03587836359658718,0,0
2014,indigenous_analysis_sample,EXP_DINING_LODGING_EXPENDITURE,70000,1,2.187705097352877e-4,0,0
2014,indigenous_analysis_sample,EXP_DINING_LODGING_EXPENDITURE,80000,1,2.187705097352877e-4,0,0
2014,indigenous_analysis_sample,EXP_DINING_LODGING_EXPENDITURE,999 元及以下,305,0.06672500546926274,0,0
2014,indigenous_analysis_sample,EXP_DINING_LODGING_EXPENDITURE,沒有這項支出,1987,0.43469700284401663,0,0
2014,indigenous_analysis_sample,EXP_EDU_TUITION_EXPENDITURE,"1,000-1,999元",294,0.06431852986217458,0,0
2014,indigenous_analysis_sample,EXP_EDU_TUITION_EXPENDITURE,"10,000-14,999元",117,0.02559614963902866,0,0
2014,indigenous_analysis_sample,EXP_EDU_TUITION_EXPENDITURE,"15,000-19,999元",50,0.010938525486764383,0,0
2014,indigenous_analysis_sample,EXP_EDU_TUITION_EXPENDITURE,"2,000-2,999元",324,0.0708816451542332,0,0
2014,indigenous_analysis_sample,EXP_EDU_TUITION_EXPENDITURE,"20,000-29,999元",39,0.008532049879676219,0,0
2014,indigenous_analysis_sample,EXP_EDU_TUITION_EXPENDITURE,"3,000-3,999元",241,0.05272369284620433,0,0
2014,indigenous_analysis_sample,EXP_EDU_TUITION_EXPENDITURE,30000,1,2.187705097352877e-4,0,0
2014,indigenous_analysis_sample,EXP_EDU_TUITION_EXPENDITURE,35000,6,0.0013126230584117262,0,0
2014,indigenous_analysis_sample,EXP_EDU_TUITION_EXPENDITURE,"4,000-4,999元",166,0.036315904616057756,0,0
2014,indigenous_analysis_sample,EXP_EDU_TUITION_EXPENDITURE,40000,1,2.187705097352877e-4,0,0
2014,indigenous_analysis_sample,EXP_EDU_TUITION_EXPENDITURE,"5,000-6,999元",208,0.045504266024939836,0,0
2014,indigenous_analysis_sample,EXP_EDU_TUITION_EXPENDITURE,50000,1,2.187705097352877e-4,0,0
2014,indigenous_analysis_sample,EXP_EDU_TUITION_EXPENDITURE,55000,1,2.187705097352877e-4,0,0
2014,indigenous_analysis_sample,EXP_EDU_TUITION_EXPENDITURE,"7,000-9,999元",141,0.030846641872675565,0,0
2014,indigenous_analysis_sample,EXP_EDU_TUITION_EXPENDITURE,80000,1,2.187705097352877e-4,0,0
2014,indigenous_analysis_sample,EXP_EDU_TUITION_EXPENDITURE,999元及以下,234,0.05119229927805732,0,0
2014,indigenous_analysis_sample,EXP_EDU_TUITION_EXPENDITURE,沒有這項支出,2746,0.6007438197331,0,0
2014,indigenous_analysis_sample,EXP_FOOD_EXPENDITURE,"10,000-11,999 元",737,0.16141042487954446,5,0.0010938525486764385
2014,indigenous_analysis_sample,EXP_FOOD_EXPENDITURE,"12,000-14,999 元",388,0.08497590889180902,5,0.0010938525486764385
2014,indigenous_analysis_sample,EXP_FOOD_EXPENDITURE,"15,000-19,999 元",377,0.08256679807271135,5,0.0010938525486764385
2014,indigenous_analysis_sample,EXP_FOOD_EXPENDITURE,"2,999 元及以下",633,0.13863337713534823,5,0.0010938525486764385
2014,indigenous_analysis_sample,EXP_FOOD_EXPENDITURE,"20,000-29,999 元",211,0.04621112571178274,5,0.0010938525486764385
2014,indigenous_analysis_sample,EXP_FOOD_EXPENDITURE,"3,000-4,999 元",702,0.15374507227332457,5,0.0010938525486764385
2014,indigenous_analysis_sample,EXP_FOOD_EXPENDITURE,"30,000-39,999 元",45,0.00985545335085414,5,0.0010938525486764385
2014,indigenous_analysis_sample,EXP_FOOD_EXPENDITURE,"40,000-49,999 元",7,0.0015330705212439773,5,0.0010938525486764385
2014,indigenous_analysis_sample,EXP_FOOD_EXPENDITURE,"5,000-6,999 元",840,0.18396846254927726,5,0.0010938525486764385
2014,indigenous_analysis_sample,EXP_FOOD_EXPENDITURE,"50,000-59,999 元",1,2.190100744634253e-4,5,0.0010938525486764385
2014,indigenous_analysis_sample,EXP_FOOD_EXPENDITURE,"7,000-9,999 元",624,0.1366622864651774,5,0.0010938525486764385
2014,indigenous_analysis_sample,EXP_FOOD_EXPENDITURE,"70,000 元及以上，請記錄______________元",1,2.190100744634253e-4,5,0.0010938525486764385
2014,indigenous_analysis_sample,EXP_FURNITURE_EXPENDITURE,"1,000-1,999元",473,0.10347845110479108,0,0
2014,indigenous_analysis_sample,EXP_FURNITURE_EXPENDITURE,"10,000-14,999元",28,0.006125574272588055,0,0
2014,indigenous_analysis_sample,EXP_FURNITURE_EXPENDITURE,100000,1,2.187705097352877e-4,0,0
2014,indigenous_analysis_sample,EXP_FURNITURE_EXPENDITURE,"15,000-19,999元",12,0.0026252461168234523,0,0
2014,indigenous_analysis_sample,EXP_FURNITURE_EXPENDITURE,"2,000-2,999元",276,0.060380660686939404,0,0
2014,indigenous_analysis_sample,EXP_FURNITURE_EXPENDITURE,"20,000-29,999元",12,0.0026252461168234523,0,0
2014,indigenous_analysis_sample,EXP_FURNITURE_EXPENDITURE,"3,000-3,999元",100,0.021877050973528767,0,0
2014,indigenous_analysis_sample,EXP_FURNITURE_EXPENDITURE,35000,2,4.375410194705754e-4,0,0
2014,indigenous_analysis_sample,EXP_FURNITURE_EXPENDITURE,"4,000-4,999元",90,0.019689345876175893,0,0
2014,indigenous_analysis_sample,EXP_FURNITURE_EXPENDITURE,40000,1,2.187705097352877e-4,0,0
2014,indigenous_analysis_sample,EXP_FURNITURE_EXPENDITURE,"5,000-6,999元",39,0.008532049879676219,0,0
2014,indigenous_analysis_sample,EXP_FURNITURE_EXPENDITURE,50000,2,4.375410194705754e-4,0,0
2014,indigenous_analysis_sample,EXP_FURNITURE_EXPENDITURE,60000,1,2.187705097352877e-4,0,0
2014,indigenous_analysis_sample,EXP_FURNITURE_EXPENDITURE,"7,000-9,999元",21,0.004594180704441042,0,0
2014,indigenous_analysis_sample,EXP_FURNITURE_EXPENDITURE,80000,1,2.187705097352877e-4,0,0
2014,indigenous_analysis_sample,EXP_FURNITURE_EXPENDITURE,999元及以下,699,0.15292058630496608,0,0
2014,indigenous_analysis_sample,EXP_FURNITURE_EXPENDITURE,沒有這項支出,2813,0.6154014438853642,0,0
2014,indigenous_analysis_sample,EXP_HOUSING_UTIL_EXPENDITURE,"1,000-1,499 元",642,0.1404506672500547,0,0
2014,indigenous_analysis_sample,EXP_HOUSING_UTIL_EXPENDITURE,"1,500-1,999 元",650,0.14220083132793698,0,0
2014,indigenous_analysis_sample,EXP_HOUSING_UTIL_EXPENDITURE,"10,000-14,999 元",365,0.07985123605338,0,0
2014,indigenous_analysis_sample,EXP_HOUSING_UTIL_EXPENDITURE,"15,000-19,999 元",164,0.03587836359658718,0,0
2014,indigenous_analysis_sample,EXP_HOUSING_UTIL_EXPENDITURE,"2,000-2,499 元",553,0.12098009188361408,0,0
2014,indigenous_analysis_sample,EXP_HOUSING_UTIL_EXPENDITURE,"2,500-2,999 元",525,0.11485451761102604,0,0
2014,indigenous_analysis_sample,EXP_HOUSING_UTIL_EXPENDITURE,"20,000-29,999 元",70,0.015313935681470138,0,0
2014,indigenous_analysis_sample,EXP_HOUSING_UTIL_EXPENDITURE,"3,000-4,999 元",649,0.1419820608182017,0,0
2014,indigenous_analysis_sample,EXP_HOUSING_UTIL_EXPENDITURE,"30,000-39,999 元",15,0.003281557646029315,0,0
2014,indigenous_analysis_sample,EXP_HOUSING_UTIL_EXPENDITURE,"40,000-49,999 元",7,0.0015313935681470138,0,0
2014,indigenous_analysis_sample,EXP_HOUSING_UTIL_EXPENDITURE,"5,000-9,999 元",527,0.1152920586304966,0,0
2014,indigenous_analysis_sample,EXP_HOUSING_UTIL_EXPENDITURE,"50,000-59,999 元",2,4.375410194705754e-4,0,0
2014,indigenous_analysis_sample,EXP_HOUSING_UTIL_EXPENDITURE,"60,000-69,999 元",3,6.563115292058631e-4,0,0
2014,indigenous_analysis_sample,EXP_HOUSING_UTIL_EXPENDITURE,"70,000 元及以上，請記錄____________元",2,4.375410194705754e-4,0,0
2014,indigenous_analysis_sample,EXP_HOUSING_UTIL_EXPENDITURE,999 元及以下,362,0.07919492452417413,0,0
2014,indigenous_analysis_sample,EXP_HOUSING_UTIL_EXPENDITURE,沒有這項支出,35,0.007656967840735069,0,0
2014,indigenous_analysis_sample,EXP_LOAN_INTEREST_EXPENDITURE,"1,000-1,999元",70,0.015313935681470138,0,0
2014,indigenous_analysis_sample,EXP_LOAN_INTEREST_EXPENDITURE,"10,000-14,999元",205,0.04484795449573398,0,0
2014,indigenous_analysis_sample,EXP_LOAN_INTEREST_EXPENDITURE,"15,000-19,999元",113,0.024721067600087507,0,0
2014,indigenous_analysis_sample,EXP_LOAN_INTEREST_EXPENDITURE,"2,000-2,999元",73,0.015970247210676,0,0
2014,indigenous_analysis_sample,EXP_LOAN_INTEREST_EXPENDITURE,"20,000-29,999元",112,0.02450229709035222,0,0
2014,indigenous_analysis_sample,EXP_LOAN_INTEREST_EXPENDITURE,"3,000-3,999元",97,0.021220739444322904,0,0
2014,indigenous_analysis_sample,EXP_LOAN_INTEREST_EXPENDITURE,30000,42,0.009188361408882083,0,0
2014,indigenous_analysis_sample,EXP_LOAN_INTEREST_EXPENDITURE,"4,000-4,999元",62,0.013563771603587836,0,0
2014,indigenous_analysis_sample,EXP_LOAN_INTEREST_EXPENDITURE,"5,000-6,999元",152,0.03325311747976373,0,0
2014,indigenous_analysis_sample,EXP_LOAN_INTEREST_EXPENDITURE,"7,000-9,999元",140,0.030627871362940276,0,0
2014,indigenous_analysis_sample,EXP_LOAN_INTEREST_EXPENDITURE,999元及以下,45,0.009844672938087946,0,0
2014,indigenous_analysis_sample,EXP_LOAN_INTEREST_EXPENDITURE,沒有這項支出,3460,0.7569459636840954,0,0
2014,indigenous_analysis_sample,EXP_MEDICAL_EXPENDITURE,"1,000-1,999 元",746,0.16320280026252462,0,0
2014,indigenous_analysis_sample,EXP_MEDICAL_EXPENDITURE,"10,000-14,999 元",88,0.019251804856705315,0,0
2014,indigenous_analysis_sample,EXP_MEDICAL_EXPENDITURE,"15,000-19,999 元",16,0.003500328155764603,0,0
2014,indigenous_analysis_sample,EXP_MEDICAL_EXPENDITURE,"2,000-2,999 元",465,0.10172828702690877,0,0
2014,indigenous_analysis_sample,EXP_MEDICAL_EXPENDITURE,"20,000-29,999 元",28,0.006125574272588055,0,0
2014,indigenous_analysis_sample,EXP_MEDICAL_EXPENDITURE,"3,000-3,999 元",252,0.055130168453292494,0,0
2014,indigenous_analysis_sample,EXP_MEDICAL_EXPENDITURE,"30,000 元及以上，請記錄________元",5,0.0010938525486764385,0,0
2014,indigenous_analysis_sample,EXP_MEDICAL_EXPENDITURE,"4,000-4,999 元",120,0.02625246116823452,0,0
2014,indigenous_analysis_sample,EXP_MEDICAL_EXPENDITURE,499 元及以下,1144,0.2502734631371691,0,0
2014,indigenous_analysis_sample,EXP_MEDICAL_EXPENDITURE,"5,000-6,999 元",134,0.02931524830452855,0,0
2014,indigenous_analysis_sample,EXP_MEDICAL_EXPENDITURE,500-999 元,990,0.2165828046379348,0,0
2014,indigenous_analysis_sample,EXP_MEDICAL_EXPENDITURE,"7,000-9,999 元",89,0.019470575366440604,0,0
2014,indigenous_analysis_sample,EXP_MEDICAL_EXPENDITURE,沒有這項支出,494,0.10807263180923211,0,0
2014,indigenous_analysis_sample,EXP_OTHER_EXPENDITURE,"1,000-1,999元",1134,0.24808575803981622,0,0
2014,indigenous_analysis_sample,EXP_OTHER_EXPENDITURE,"10,000-14,999元",30,0.00656311529205863,0,0
2014,indigenous_analysis_sample,EXP_OTHER_EXPENDITURE,"15,000-19,999元",9,0.001968934587617589,0,0
2014,indigenous_analysis_sample,EXP_OTHER_EXPENDITURE,"2,000-2,999元",810,0.17720411288558302,0,0
2014,indigenous_analysis_sample,EXP_OTHER_EXPENDITURE,"20,000-29,999元",12,0.0026252461168234523,0,0
2014,indigenous_analysis_sample,EXP_OTHER_EXPENDITURE,"3,000-3,999元",404,0.08838328593305622,0,0
2014,indigenous_analysis_sample,EXP_OTHER_EXPENDITURE,30000,1,2.187705097352877e-4,0,0
2014,indigenous_analysis_sample,EXP_OTHER_EXPENDITURE,35000,1,2.187705097352877e-4,0,0
2014,indigenous_analysis_sample,EXP_OTHER_EXPENDITURE,"4,000-4,999元",156,0.034128199518704876,0,0
2014,indigenous_analysis_sample,EXP_OTHER_EXPENDITURE,"5,000-6,999元",92,0.020126886895646467,0,0
2014,indigenous_analysis_sample,EXP_OTHER_EXPENDITURE,50000,2,4.375410194705754e-4,0,0
2014,indigenous_analysis_sample,EXP_OTHER_EXPENDITURE,"7,000-9,999元",35,0.007656967840735069,0,0
2014,indigenous_analysis_sample,EXP_OTHER_EXPENDITURE,999元及以下,1150,0.2515860861955808,0,0
2014,indigenous_analysis_sample,EXP_OTHER_EXPENDITURE,沒有這項支出,735,0.16079632465543645,0,0
2014,indigenous_analysis_sample,EXP_TAX_INS_GIFT_EXPENDITURE,"1,000-1,499 元",702,0.15357689783417194,0,0
2014,indigenous_analysis_sample,EXP_TAX_INS_GIFT_EXPENDITURE,"1,500-1,999 元",490,0.10719754977029096,0,0
2014,indigenous_analysis_sample,EXP_TAX_INS_GIFT_EXPENDITURE,"10,000-14,999 元",126,0.027565084226646247,0,0
2014,indigenous_analysis_sample,EXP_TAX_INS_GIFT_EXPENDITURE,"15,000-19,999 元",22,0.004812951214176329,0,0
2014,indigenous_analysis_sample,EXP_TAX_INS_GIFT_EXPENDITURE,"2,000-2,499 元",574,0.12557427258805512,0,0
2014,indigenous_analysis_sample,EXP_TAX_INS_GIFT_EXPENDITURE,"2,500-2,999 元",447,0.0977904178516736,0,0
2014,indigenous_analysis_sample,EXP_TAX_INS_GIFT_EXPENDITURE,"20,000-29,999 元",33,0.007219426821264493,0,0
2014,indigenous_analysis_sample,EXP_TAX_INS_GIFT_EXPENDITURE,"3,000-3,999 元",494,0.10807263180923211,0,0
2014,indigenous_analysis_sample,EXP_TAX_INS_GIFT_EXPENDITURE,"30,000 元及以上，請記錄________元",36,0.007875738350470356,0,0
2014,indigenous_analysis_sample,EXP_TAX_INS_GIFT_EXPENDITURE,"4,000-4,999 元",330,0.07219426821264494,0,0
2014,indigenous_analysis_sample,EXP_TAX_INS_GIFT_EXPENDITURE,"5,000-6,999 元",391,0.08553926930649748,0,0
2014,indigenous_analysis_sample,EXP_TAX_INS_GIFT_EXPENDITURE,"7,000-9,999 元",170,0.037190986654998905,0,0
2014,indigenous_analysis_sample,EXP_TAX_INS_GIFT_EXPENDITURE,999 元及以下,471,0.1030409100853205,0,0
2014,indigenous_analysis_sample,EXP_TAX_INS_GIFT_EXPENDITURE,沒有這項支出,285,0.06234959527455699,0,0
2014,indigenous_analysis_sample,EXP_TRANSPORT_COMM_EXPENDITURE,"1,000-1,999 元",740,0.1618901772041129,0,0
2014,indigenous_analysis_sample,EXP_TRANSPORT_COMM_EXPENDITURE,"10,000-14,999 元",289,0.06322467731349814,0,0
2014,indigenous_analysis_sample,EXP_TRANSPORT_COMM_EXPENDITURE,"15,000-19,999 元",87,0.01903303434697003,0,0
2014,indigenous_analysis_sample,EXP_TRANSPORT_COMM_EXPENDITURE,"2,000-2,999 元",722,0.15795230802887772,0,0
2014,indigenous_analysis_sample,EXP_TRANSPORT_COMM_EXPENDITURE,"20,000-29,999 元",43,0.00940713191861737,0,0
2014,indigenous_analysis_sample,EXP_TRANSPORT_COMM_EXPENDITURE,"3,000-3,999 元",752,0.16451542332093633,0,0
2014,indigenous_analysis_sample,EXP_TRANSPORT_COMM_EXPENDITURE,"30,000 元及以上，請記錄________元",14,0.0030627871362940277,0,0
2014,indigenous_analysis_sample,EXP_TRANSPORT_COMM_EXPENDITURE,"4,000-4,999 元",582,0.12732443666593743,0,0
2014,indigenous_analysis_sample,EXP_TRANSPORT_COMM_EXPENDITURE,"5,000-6,999 元",568,0.1242616495296434,0,0
2014,indigenous_analysis_sample,EXP_TRANSPORT_COMM_EXPENDITURE,"7,000-9,999 元",322,0.07044410413476264,0,0
2014,indigenous_analysis_sample,EXP_TRANSPORT_COMM_EXPENDITURE,999 元及以下,416,0.09100853204987967,0,0
2014,indigenous_analysis_sample,EXP_TRANSPORT_COMM_EXPENDITURE,沒有這項支出,36,0.007875738350470356,0,0
2014,indigenous_analysis_sample,EXP_TRAVEL_EXPENDITURE,"1,000-1,999元",294,0.06431852986217458,0,0
2014,indigenous_analysis_sample,EXP_TRAVEL_EXPENDITURE,"10,000-14,999元",33,0.007219426821264493,0,0
2014,indigenous_analysis_sample,EXP_TRAVEL_EXPENDITURE,"15,000-19,999元",8,0.0017501640778823015,0,0
2014,indigenous_analysis_sample,EXP_TRAVEL_EXPENDITURE,"2,000-2,999元",262,0.057317873550645375,0,0
2014,indigenous_analysis_sample,EXP_TRAVEL_EXPENDITURE,"20,000-29,999元",11,0.0024064756070881644,0,0
2014,indigenous_analysis_sample,EXP_TRAVEL_EXPENDITURE,"3,000-3,999元",146,0.031940494421352,0,0
2014,indigenous_analysis_sample,EXP_TRAVEL_EXPENDITURE,30000,2,4.375410194705754e-4,0,0
2014,indigenous_analysis_sample,EXP_TRAVEL_EXPENDITURE,35000,2,4.375410194705754e-4,0,0
2014,indigenous_analysis_sample,EXP_TRAVEL_EXPENDITURE,"4,000-4,999元",83,0.018157952308028878,0,0
2014,indigenous_analysis_sample,EXP_TRAVEL_EXPENDITURE,"5,000-6,999元",74,0.01618901772041129,0,0
2014,indigenous_analysis_sample,EXP_TRAVEL_EXPENDITURE,50000,4,8.750820389411508e-4,0,0
2014,indigenous_analysis_sample,EXP_TRAVEL_EXPENDITURE,52000,1,2.187705097352877e-4,0,0
2014,indigenous_analysis_sample,EXP_TRAVEL_EXPENDITURE,60000,1,2.187705097352877e-4,0,0
2014,indigenous_analysis_sample,EXP_TRAVEL_EXPENDITURE,"7,000-9,999元",32,0.007000656311529206,0,0
2014,indigenous_analysis_sample,EXP_TRAVEL_EXPENDITURE,75000,2,4.375410194705754e-4,0,0
2014,indigenous_analysis_sample,EXP_TRAVEL_EXPENDITURE,999元及以下,195,0.042660249398381096,0,0
2014,indigenous_analysis_sample,EXP_TRAVEL_EXPENDITURE,沒有這項支出,3421,0.7484139138044191,0,0
2014,indigenous_analysis_sample,HAS_INDI_55PLUS,FALSE,2199,0.48107635090789763,0,0
2014,indigenous_analysis_sample,HAS_INDI_55PLUS,TRUE,2372,0.5189236490921024,0,0
2014,indigenous_analysis_sample,HAS_INDI_65PLUS,FALSE,3285,0.7186611244804201,0,0
2014,indigenous_analysis_sample,HAS_INDI_65PLUS,TRUE,1286,0.28133887551958,0,0
2014,indigenous_analysis_sample,HOUSE_BELONG,借用,144,0.031502953401881424,0,0
2014,indigenous_analysis_sample,HOUSE_BELONG,其他,2,4.375410194705754e-4,0,0
2014,indigenous_analysis_sample,HOUSE_BELONG,租賃,1111,0.2430540363159046,0,0
2014,indigenous_analysis_sample,HOUSE_BELONG,自有/家人所有/自建,3292,0.7201925180485671,0,0
2014,indigenous_analysis_sample,HOUSE_BELONG,配住,22,0.004812951214176329,0,0
2014,indigenous_analysis_sample,INC_FAM_GOV_INCOME,"1,000-1,999 元",28,0.009485094850948509,1619,0.35418945526143075
2014,indigenous_analysis_sample,INC_FAM_GOV_INCOME,"10,000-14,999 元",219,0.0741869918699187,1619,0.35418945526143075
2014,indigenous_analysis_sample,INC_FAM_GOV_INCOME,"15,000-19,999 元",52,0.017615176151761516,1619,0.35418945526143075
2014,indigenous_analysis_sample,INC_FAM_GOV_INCOME,"2,000-2,999 元",28,0.009485094850948509,1619,0.35418945526143075
2014,indigenous_analysis_sample,INC_FAM_GOV_INCOME,"20,000-29,999 元",21,0.007113821138211382,1619,0.35418945526143075
2014,indigenous_analysis_sample,INC_FAM_GOV_INCOME,"3,000-3,999 元",410,0.1388888888888889,1619,0.35418945526143075
2014,indigenous_analysis_sample,INC_FAM_GOV_INCOME,"30,000 元及以上，請記錄________元",4,0.0013550135501355014,1619,0.35418945526143075
2014,indigenous_analysis_sample,INC_FAM_GOV_INCOME,"4,000-4,999 元",75,0.02540650406504065,1619,0.35418945526143075
2014,indigenous_analysis_sample,INC_FAM_GOV_INCOME,"5,000-5,999 元",42,0.014227642276422764,1619,0.35418945526143075
2014,indigenous_analysis_sample,INC_FAM_GOV_INCOME,"6,000-7,999 元",328,0.1111111111111111,1619,0.35418945526143075
2014,indigenous_analysis_sample,INC_FAM_GOV_INCOME,"8,000-9,999 元",41,0.013888888888888888,1619,0.35418945526143075
2014,indigenous_analysis_sample,INC_FAM_GOV_INCOME,999 元及以下,9,0.003048780487804878,1619,0.35418945526143075
2014,indigenous_analysis_sample,INC_FAM_GOV_INCOME,沒有這項收入,1695,0.5741869918699187,1619,0.35418945526143075
2014,indigenous_analysis_sample,INC_FAM_INTEREST_INCOME,"1,000-1,999 元",75,0.02540650406504065,1619,0.35418945526143075
2014,indigenous_analysis_sample,INC_FAM_INTEREST_INCOME,"10,000-14,999 元",21,0.007113821138211382,1619,0.35418945526143075
2014,indigenous_analysis_sample,INC_FAM_INTEREST_INCOME,"2,000-2,999 元",31,0.010501355013550135,1619,0.35418945526143075
2014,indigenous_analysis_sample,INC_FAM_INTEREST_INCOME,"20,000-29,999 元",4,0.0013550135501355014,1619,0.35418945526143075
2014,indigenous_analysis_sample,INC_FAM_INTEREST_INCOME,"3,000-3,999 元",9,0.003048780487804878,1619,0.35418945526143075
2014,indigenous_analysis_sample,INC_FAM_INTEREST_INCOME,"30,000 元及以上，請記錄________元",2,6.775067750677507e-4,1619,0.35418945526143075
2014,indigenous_analysis_sample,INC_FAM_INTEREST_INCOME,"4,000-4,999 元",13,0.004403794037940379,1619,0.35418945526143075
2014,indigenous_analysis_sample,INC_FAM_INTEREST_INCOME,"5,000-5,999 元",8,0.0027100271002710027,1619,0.35418945526143075
2014,indigenous_analysis_sample,INC_FAM_INTEREST_INCOME,"6,000-7,999 元",4,0.0013550135501355014,1619,0.35418945526143075
2014,indigenous_analysis_sample,INC_FAM_INTEREST_INCOME,"8,000-9,999 元",6,0.0020325203252032522,1619,0.35418945526143075
2014,indigenous_analysis_sample,INC_FAM_INTEREST_INCOME,999 元及以下,184,0.06233062330623306,1619,0.35418945526143075
2014,indigenous_analysis_sample,INC_FAM_INTEREST_INCOME,沒有這項收入,2595,0.8790650406504065,1619,0.35418945526143075
2014,indigenous_analysis_sample,INC_FAM_OTHER_INCOME,"10,000-14,999元",5,0.0016937669376693768,1619,0.35418945526143075
2014,indigenous_analysis_sample,INC_FAM_OTHER_INCOME,"15,000-19,999元",3,0.0010162601626016261,1619,0.35418945526143075
2014,indigenous_analysis_sample,INC_FAM_OTHER_INCOME,"20,000-24,999元",1,3.3875338753387534e-4,1619,0.35418945526143075
2014,indigenous_analysis_sample,INC_FAM_OTHER_INCOME,"25,000-29,999元",2,6.775067750677507e-4,1619,0.35418945526143075
2014,indigenous_analysis_sample,INC_FAM_OTHER_INCOME,"30,000-39,999元",1,3.3875338753387534e-4,1619,0.35418945526143075
2014,indigenous_analysis_sample,INC_FAM_OTHER_INCOME,"4,999元及以下",68,0.023035230352303523,1619,0.35418945526143075
2014,indigenous_analysis_sample,INC_FAM_OTHER_INCOME,"5,000-9,999元",16,0.005420054200542005,1619,0.35418945526143075
2014,indigenous_analysis_sample,INC_FAM_OTHER_INCOME,"50,000-59,999元",11,0.0037262872628726286,1619,0.35418945526143075
2014,indigenous_analysis_sample,INC_FAM_OTHER_INCOME,沒有這項收入,2845,0.9637533875338753,1619,0.35418945526143075
2014,indigenous_analysis_sample,INC_FAM_RENT_INCOME,"10,000-14,999 元",4,0.0013550135501355014,1619,0.35418945526143075
2014,indigenous_analysis_sample,INC_FAM_RENT_INCOME,"15,000-19,999 元",3,0.0010162601626016261,1619,0.35418945526143075
2014,indigenous_analysis_sample,INC_FAM_RENT_INCOME,"30,000-39,999 元",1,3.3875338753387534e-4,1619,0.35418945526143075
2014,indigenous_analysis_sample,INC_FAM_RENT_INCOME,"4,999 元及以下",12,0.0040650406504065045,1619,0.35418945526143075
2014,indigenous_analysis_sample,INC_FAM_RENT_INCOME,"5,000-9,999 元",12,0.0040650406504065045,1619,0.35418945526143075
2014,indigenous_analysis_sample,INC_FAM_RENT_INCOME,"50,000-59,999 元",22,0.007452574525745257,1619,0.35418945526143075
2014,indigenous_analysis_sample,INC_FAM_RENT_INCOME,"80,000 元及以上，請記錄_________________元",2,6.775067750677507e-4,1619,0.35418945526143075
2014,indigenous_analysis_sample,INC_FAM_RENT_INCOME,沒有這項收入,2896,0.981029810298103,1619,0.35418945526143075
2014,indigenous_analysis_sample,INC_FAM_TRANSFER_INCOME,"1,000-1,999 元",33,0.011178861788617886,1619,0.35418945526143075
2014,indigenous_analysis_sample,INC_FAM_TRANSFER_INCOME,"10,000-14,999 元",6,0.0020325203252032522,1619,0.35418945526143075
2014,indigenous_analysis_sample,INC_FAM_TRANSFER_INCOME,"2,000-2,999 元",9,0.003048780487804878,1619,0.35418945526143075
2014,indigenous_analysis_sample,INC_FAM_TRANSFER_INCOME,"20,000-29,999 元",2,6.775067750677507e-4,1619,0.35418945526143075
2014,indigenous_analysis_sample,INC_FAM_TRANSFER_INCOME,"3,000-3,999 元",8,0.0027100271002710027,1619,0.35418945526143075
2014,indigenous_analysis_sample,INC_FAM_TRANSFER_INCOME,"4,000-4,999 元",5,0.0016937669376693768,1619,0.35418945526143075
2014,indigenous_analysis_sample,INC_FAM_TRANSFER_INCOME,"5,000-5,999 元",3,0.0010162601626016261,1619,0.35418945526143075
2014,indigenous_analysis_sample,INC_FAM_TRANSFER_INCOME,"6,000-7,999 元",2,6.775067750677507e-4,1619,0.35418945526143075
2014,indigenous_analysis_sample,INC_FAM_TRANSFER_INCOME,"8,000-9,999 元",3,0.0010162601626016261,1619,0.35418945526143075
2014,indigenous_analysis_sample,INC_FAM_TRANSFER_INCOME,999 元及以下,67,0.022696476964769646,1619,0.35418945526143075
2014,indigenous_analysis_sample,INC_FAM_TRANSFER_INCOME,沒有這項收入,2814,0.9532520325203252,1619,0.35418945526143075
2014,indigenous_analysis_sample,INC_FAM_WORK_INCOME,"10,000-19,999 元",102,0.034552845528455285,1619,0.35418945526143075
2014,indigenous_analysis_sample,INC_FAM_WORK_INCOME,"100,000-129,999元",243,0.08231707317073171,1619,0.35418945526143075
2014,indigenous_analysis_sample,INC_FAM_WORK_INCOME,"130,000-159,999元",73,0.0247289972899729,1619,0.35418945526143075
2014,indigenous_analysis_sample,INC_FAM_WORK_INCOME,"160,000 元及以上，請記錄____________元",36,0.012195121951219513,1619,0.35418945526143075
2014,indigenous_analysis_sample,INC_FAM_WORK_INCOME,"20,000-29,999 元",204,0.06910569105691057,1619,0.35418945526143075
2014,indigenous_analysis_sample,INC_FAM_WORK_INCOME,"30,000-39,999 元",277,0.09383468834688347,1619,0.35418945526143075
2014,indigenous_analysis_sample,INC_FAM_WORK_INCOME,"40,000-49,999 元",373,0.1263550135501355,1619,0.35418945526143075
2014,indigenous_analysis_sample,INC_FAM_WORK_INCOME,"50,000-59,999 元",448,0.15176151761517614,1619,0.35418945526143075
2014,indigenous_analysis_sample,INC_FAM_WORK_INCOME,"60,000-69,999 元",363,0.12296747967479675,1619,0.35418945526143075
2014,indigenous_analysis_sample,INC_FAM_WORK_INCOME,"70,000-79,999 元",323,0.10941734417344173,1619,0.35418945526143075
2014,indigenous_analysis_sample,INC_FAM_WORK_INCOME,"80,000-89,999 元",240,0.08130081300813008,1619,0.35418945526143075
2014,indigenous_analysis_sample,INC_FAM_WORK_INCOME,"9,999 元及以下",42,0.014227642276422764,1619,0.35418945526143075
2014,indigenous_analysis_sample,INC_FAM_WORK_INCOME,"90,000-99,999 元",145,0.04911924119241192,1619,0.35418945526143075
2014,indigenous_analysis_sample,INC_FAM_WORK_INCOME,沒有這項收入,83,0.028116531165311653,1619,0.35418945526143075
2014,indigenous_analysis_sample,INC_PERS_GOV_INCOME,"1,000-1,999 元",23,0.005031721723911617,0,0
2014,indigenous_analysis_sample,INC_PERS_GOV_INCOME,"10,000-14,999 元",76,0.016626558739881864,0,0
2014,indigenous_analysis_sample,INC_PERS_GOV_INCOME,"15,000-19,999 元",24,0.005250492233646905,0,0
2014,indigenous_analysis_sample,INC_PERS_GOV_INCOME,"2,000-2,999 元",33,0.007219426821264493,0,0
2014,indigenous_analysis_sample,INC_PERS_GOV_INCOME,"20,000-29,999 元",10,0.002187705097352877,0,0
2014,indigenous_analysis_sample,INC_PERS_GOV_INCOME,"3,000-3,999 元",595,0.13016845329249618,0,0
2014,indigenous_analysis_sample,INC_PERS_GOV_INCOME,"30,000 元及以上，請記錄________元",4,8.750820389411508e-4,0,0
2014,indigenous_analysis_sample,INC_PERS_GOV_INCOME,"4,000-4,999 元",88,0.019251804856705315,0,0
2014,indigenous_analysis_sample,INC_PERS_GOV_INCOME,"5,000-5,999 元",27,0.0059068037628527675,0,0
2014,indigenous_analysis_sample,INC_PERS_GOV_INCOME,"6,000-7,999 元",274,0.059943119667468826,0,0
2014,indigenous_analysis_sample,INC_PERS_GOV_INCOME,"8,000-9,999 元",41,0.008969590899146795,0,0
2014,indigenous_analysis_sample,INC_PERS_GOV_INCOME,999 元及以下,20,0.004375410194705754,0,0
2014,indigenous_analysis_sample,INC_PERS_GOV_INCOME,沒有這項收入,3356,0.7341938306716255,0,0
2014,indigenous_analysis_sample,INC_PERS_INTEREST_INCOME,"1,000-1,999 元",65,0.0142200831327937,0,0
2014,indigenous_analysis_sample,INC_PERS_INTEREST_INCOME,"10,000-14,999 元",6,0.0013126230584117262,0,0
2014,indigenous_analysis_sample,INC_PERS_INTEREST_INCOME,"15,000-19,999 元",1,2.187705097352877e-4,0,0
2014,indigenous_analysis_sample,INC_PERS_INTEREST_INCOME,"2,000-2,999 元",19,0.004156639684970466,0,0
2014,indigenous_analysis_sample,INC_PERS_INTEREST_INCOME,"20,000-29,999 元",3,6.563115292058631e-4,0,0
2014,indigenous_analysis_sample,INC_PERS_INTEREST_INCOME,"3,000-3,999 元",16,0.003500328155764603,0,0
2014,indigenous_analysis_sample,INC_PERS_INTEREST_INCOME,"30,000 元及以上，請記錄________元",4,8.750820389411508e-4,0,0
2014,indigenous_analysis_sample,INC_PERS_INTEREST_INCOME,"4,000-4,999 元",6,0.0013126230584117262,0,0
2014,indigenous_analysis_sample,INC_PERS_INTEREST_INCOME,"5,000-5,999 元",10,0.002187705097352877,0,0
2014,indigenous_analysis_sample,INC_PERS_INTEREST_INCOME,"6,000-7,999 元",5,0.0010938525486764385,0,0
2014,indigenous_analysis_sample,INC_PERS_INTEREST_INCOME,"8,000-9,999 元",1,2.187705097352877e-4,0,0
2014,indigenous_analysis_sample,INC_PERS_INTEREST_INCOME,999 元及以下,248,0.054255086414351346,0,0
2014,indigenous_analysis_sample,INC_PERS_INTEREST_INCOME,沒有這項收入,4187,0.9159921242616496,0,0
2014,indigenous_analysis_sample,INC_PERS_OTHER_INCOME,"10,000-14,999 元",15,0.003281557646029315,0,0
2014,indigenous_analysis_sample,INC_PERS_OTHER_INCOME,"15,000-19,999 元",3,6.563115292058631e-4,0,0
2014,indigenous_analysis_sample,INC_PERS_OTHER_INCOME,"20,000-24,999 元",2,4.375410194705754e-4,0,0
2014,indigenous_analysis_sample,INC_PERS_OTHER_INCOME,"4,999 元及以下",116,0.02537737912929337,0,0
2014,indigenous_analysis_sample,INC_PERS_OTHER_INCOME,"5,000-9,999 元",19,0.004156639684970466,0,0
2014,indigenous_analysis_sample,INC_PERS_OTHER_INCOME,"50,000-59,999 元",4,8.750820389411508e-4,0,0
2014,indigenous_analysis_sample,INC_PERS_OTHER_INCOME,"80,000 元及以上，請記錄_________________元",1,2.187705097352877e-4,0,0
2014,indigenous_analysis_sample,INC_PERS_OTHER_INCOME,沒有這項收入,4411,0.964996718442354,0,0
2014,indigenous_analysis_sample,INC_PERS_RENT_INCOME,"10,000-14,999 元",8,0.0017501640778823015,0,0
2014,indigenous_analysis_sample,INC_PERS_RENT_INCOME,"15,000-19,999 元",2,4.375410194705754e-4,0,0
2014,indigenous_analysis_sample,INC_PERS_RENT_INCOME,"20,000-24,999 元",1,2.187705097352877e-4,0,0
2014,indigenous_analysis_sample,INC_PERS_RENT_INCOME,"25,000-29,999 元",1,2.187705097352877e-4,0,0
2014,indigenous_analysis_sample,INC_PERS_RENT_INCOME,"4,999 元及以下",13,0.0028440166265587398,0,0
2014,indigenous_analysis_sample,INC_PERS_RENT_INCOME,"5,000-9,999 元",14,0.0030627871362940277,0,0
2014,indigenous_analysis_sample,INC_PERS_RENT_INCOME,"50,000-59,999 元",4,8.750820389411508e-4,0,0
2014,indigenous_analysis_sample,INC_PERS_RENT_INCOME,"60,000-69,999 元",1,2.187705097352877e-4,0,0
2014,indigenous_analysis_sample,INC_PERS_RENT_INCOME,"80,000 元及以上，請記錄_________________元",3,6.563115292058631e-4,0,0
2014,indigenous_analysis_sample,INC_PERS_RENT_INCOME,沒有這項收入,4524,0.9897177860424414,0,0
2014,indigenous_analysis_sample,INC_PERS_TRANSFER_INCOME,"1,000-1,999 元",35,0.007656967840735069,0,0
2014,indigenous_analysis_sample,INC_PERS_TRANSFER_INCOME,"10,000-14,999 元",17,0.0037190986654998905,0,0
2014,indigenous_analysis_sample,INC_PERS_TRANSFER_INCOME,"15,000-19,999 元",1,2.187705097352877e-4,0,0
2014,indigenous_analysis_sample,INC_PERS_TRANSFER_INCOME,"2,000-2,999 元",16,0.003500328155764603,0,0
2014,indigenous_analysis_sample,INC_PERS_TRANSFER_INCOME,"20,000-29,999 元",3,6.563115292058631e-4,0,0
2014,indigenous_analysis_sample,INC_PERS_TRANSFER_INCOME,"3,000-3,999 元",16,0.003500328155764603,0,0
2014,indigenous_analysis_sample,INC_PERS_TRANSFER_INCOME,"30,000 元及以上，請記錄________元",2,4.375410194705754e-4,0,0
2014,indigenous_analysis_sample,INC_PERS_TRANSFER_INCOME,"4,000-4,999 元",4,8.750820389411508e-4,0,0
2014,indigenous_analysis_sample,INC_PERS_TRANSFER_INCOME,"5,000-5,999 元",14,0.0030627871362940277,0,0
2014,indigenous_analysis_sample,INC_PERS_TRANSFER_INCOME,"6,000-7,999 元",8,0.0017501640778823015,0,0
2014,indigenous_analysis_sample,INC_PERS_TRANSFER_INCOME,"8,000-9,999 元",5,0.0010938525486764385,0,0
2014,indigenous_analysis_sample,INC_PERS_TRANSFER_INCOME,999 元及以下,95,0.02078319842485233,0,0
2014,indigenous_analysis_sample,INC_PERS_TRANSFER_INCOME,沒有這項收入,4355,0.9527455698971778,0,0
2014,indigenous_analysis_sample,INC_PERS_WORK_INCOME,"10,000-14,999 元",260,0.0568803325311748,0,0
2014,indigenous_analysis_sample,INC_PERS_WORK_INCOME,"100,000-129,999元",22,0.004812951214176329,0,0
2014,indigenous_analysis_sample,INC_PERS_WORK_INCOME,"130,000-159,999元",2,4.375410194705754e-4,0,0
2014,indigenous_analysis_sample,INC_PERS_WORK_INCOME,"15,000-19,999 元",360,0.07875738350470357,0,0
2014,indigenous_analysis_sample,INC_PERS_WORK_INCOME,"160,000 元及以上，請記錄____________元",5,0.0010938525486764385,0,0
2014,indigenous_analysis_sample,INC_PERS_WORK_INCOME,"20,000-24,999 元",620,0.13563771603587838,0,0
2014,indigenous_analysis_sample,INC_PERS_WORK_INCOME,"25,000-29,999 元",477,0.10435353314373222,0,0
2014,indigenous_analysis_sample,INC_PERS_WORK_INCOME,"30,000-39,999 元",916,0.20039378691752352,0,0
2014,indigenous_analysis_sample,INC_PERS_WORK_INCOME,"40,000-49,999 元",427,0.09341500765696784,0,0
2014,indigenous_analysis_sample,INC_PERS_WORK_INCOME,"50,000-59,999 元",250,0.05469262743382192,0,0
2014,indigenous_analysis_sample,INC_PERS_WORK_INCOME,"60,000-69,999 元",124,0.027127543207175673,0,0
2014,indigenous_analysis_sample,INC_PERS_WORK_INCOME,"70,000-79,999 元",51,0.011157295996499672,0,0
2014,indigenous_analysis_sample,INC_PERS_WORK_INCOME,"80,000-89,999 元",27,0.0059068037628527675,0,0
2014,indigenous_analysis_sample,INC_PERS_WORK_INCOME,"9,999 元及以下",242,0.05294246335593962,0,0
2014,indigenous_analysis_sample,INC_PERS_WORK_INCOME,"90,000-99,999 元",7,0.0015313935681470138,0,0
2014,indigenous_analysis_sample,INC_PERS_WORK_INCOME,沒有這項收入,781,0.17085976810325967,0,0
2014,indigenous_analysis_sample,MALE,男性,2831,0.6193393130605994,0,0
2014,indigenous_analysis_sample,MALE,非男性,1740,0.3806606869394006,0,0
2014,indigenous_analysis_sample,RACE,卑南族,136,0.029752789323999124,0,0
2014,indigenous_analysis_sample,RACE,卡那卡那富族,3,6.563115292058631e-4,0,0
2014,indigenous_analysis_sample,RACE,噶瑪蘭族,4,8.750820389411508e-4,0,0
2014,indigenous_analysis_sample,RACE,太魯閣族,238,0.05206738131699847,0,0
2014,indigenous_analysis_sample,RACE,布農族,458,0.10019689345876176,0,0
2014,indigenous_analysis_sample,RACE,拉阿魯哇族,3,6.563115292058631e-4,0,0
2014,indigenous_analysis_sample,RACE,排灣族,910,0.1990811638591118,0,0
2014,indigenous_analysis_sample,RACE,撒奇萊雅族,16,0.003500328155764603,0,0
2014,indigenous_analysis_sample,RACE,泰雅族,545,0.11922992780573179,0,0
2014,indigenous_analysis_sample,RACE,賽夏族,46,0.010063443447823233,0,0
2014,indigenous_analysis_sample,RACE,賽德克族,87,0.01903303434697003,0,0
2014,indigenous_analysis_sample,RACE,邵族,28,0.006125574272588055,0,0
2014,indigenous_analysis_sample,RACE,鄒族,74,0.01618901772041129,0,0
2014,indigenous_analysis_sample,RACE,阿美族,1902,0.4161015095165172,0,0
2014,indigenous_analysis_sample,RACE,雅美族/達悟族,17,0.0037190986654998905,0,0
2014,indigenous_analysis_sample,RACE,魯凱族,104,0.022752133012469918,0,0
2014,indigenous_analysis_sample,RENT,"1,000-2,999元",38,0.03353927625772286,3438,0.752133012469919
2014,indigenous_analysis_sample,RENT,"10,000-19,999元",282,0.24889673433362755,3438,0.752133012469919
2014,indigenous_analysis_sample,RENT,20000,5,0.00441306266548985,3438,0.752133012469919
2014,indigenous_analysis_sample,RENT,22000,3,0.00264783759929391,3438,0.752133012469919
2014,indigenous_analysis_sample,RENT,23000,4,0.00353045013239188,3438,0.752133012469919
2014,indigenous_analysis_sample,RENT,24000,2,0.00176522506619594,3438,0.752133012469919
2014,indigenous_analysis_sample,RENT,25000,7,0.00617828773168579,3438,0.752133012469919
2014,indigenous_analysis_sample,RENT,25400,1,8.8261253309797e-4,3438,0.752133012469919
2014,indigenous_analysis_sample,RENT,28000,1,8.8261253309797e-4,3438,0.752133012469919
2014,indigenous_analysis_sample,RENT,"3,000-4,999元",112,0.09885260370697264,3438,0.752133012469919
2014,indigenous_analysis_sample,RENT,30000,5,0.00441306266548985,3438,0.752133012469919
2014,indigenous_analysis_sample,RENT,40000,1,8.8261253309797e-4,3438,0.752133012469919
2014,indigenous_analysis_sample,RENT,"5,000-6,999元",227,0.2003530450132392,3438,0.752133012469919
2014,indigenous_analysis_sample,RENT,"7,000-9,999元",367,0.32391879964695497,3438,0.752133012469919
2014,indigenous_analysis_sample,RENT,不需要支付租金,59,0.05207413945278023,3438,0.752133012469919
2014,indigenous_analysis_sample,RENT,"未滿1,000元",19,0.01676963812886143,3438,0.752133012469919
2014,indigenous_analysis_sample,RESPONDENT_UNIT,economic_household_head,4571,1,0,0
2014,indigenous_analysis_sample,RESPONDENT_UNIT_SOURCE,103年問卷封面：經濟戶長本人或代答,4571,1,0,0
2017,indigenous_analysis_sample,AGE_GROUP,20-29歲,268,0.059635068980863376,0,0
2017,indigenous_analysis_sample,AGE_GROUP,30-39歲,718,0.159768580329328,0,0
2017,indigenous_analysis_sample,AGE_GROUP,40-49歲,1070,0.23809523809523808,0,0
2017,indigenous_analysis_sample,AGE_GROUP,50-59歲,1189,0.2645749888740543,0,0
2017,indigenous_analysis_sample,AGE_GROUP,60歲以上,1249,0.2779261237205162,0,0
2017,indigenous_analysis_sample,AGE_GROUP_HARMONIZED,20-29歲,268,0.059635068980863376,0,0
2017,indigenous_analysis_sample,AGE_GROUP_HARMONIZED,30-39歲,718,0.159768580329328,0,0
2017,indigenous_analysis_sample,AGE_GROUP_HARMONIZED,40-49歲,1070,0.23809523809523808,0,0
2017,indigenous_analysis_sample,AGE_GROUP_HARMONIZED,50-59歲,1189,0.2645749888740543,0,0
2017,indigenous_analysis_sample,AGE_GROUP_HARMONIZED,60歲以上,1249,0.2779261237205162,0,0
2017,indigenous_analysis_sample,AGE_MEASURE_TYPE,age_group,4494,1,0,0
2017,indigenous_analysis_sample,EDU,不識字/自修,140,0.03115264797507788,0,0
2017,indigenous_analysis_sample,EDU,國(初)中,1039,0.23119715175789943,0,0
2017,indigenous_analysis_sample,EDU,國小,1018,0.22652425456163774,0,0
2017,indigenous_analysis_sample,EDU,專科以上,747,0.16622162883845126,0,0
2017,indigenous_analysis_sample,EDU,高中職,1550,0.3449043168669337,0,0
2017,indigenous_analysis_sample,EXP_ALCOHOL_EXPENDITURE,"1,000-1,999 元",548,0.12194036493101913,0,0
2017,indigenous_analysis_sample,EXP_ALCOHOL_EXPENDITURE,"10,000-14,999 元",84,0.018691588785046728,0,0
2017,indigenous_analysis_sample,EXP_ALCOHOL_EXPENDITURE,"15,000-19,999 元",16,0.0035603026257231864,0,0
2017,indigenous_analysis_sample,EXP_ALCOHOL_EXPENDITURE,"2,000-2,999 元",441,0.09813084112149532,0,0
2017,indigenous_analysis_sample,EXP_ALCOHOL_EXPENDITURE,"20,000-29,999 元",8,0.0017801513128615932,0,0
2017,indigenous_analysis_sample,EXP_ALCOHOL_EXPENDITURE,"3,000-3,999 元",422,0.09390298175344905,0,0
2017,indigenous_analysis_sample,EXP_ALCOHOL_EXPENDITURE,"4,000-4,999 元",181,0.040275923453493546,0,0
2017,indigenous_analysis_sample,EXP_ALCOHOL_EXPENDITURE,499 元及以下,481,0.1070315976858033,0,0
2017,indigenous_analysis_sample,EXP_ALCOHOL_EXPENDITURE,"5,000-6,999 元",236,0.052514463729417,0,0
2017,indigenous_analysis_sample,EXP_ALCOHOL_EXPENDITURE,500-999 元,807,0.1795727636849132,0,0
2017,indigenous_analysis_sample,EXP_ALCOHOL_EXPENDITURE,"7,000-9,999 元",119,0.0264797507788162,0,0
2017,indigenous_analysis_sample,EXP_ALCOHOL_EXPENDITURE,沒有這項支出,1151,0.2561192701379617,0,0
2017,indigenous_analysis_sample,EXP_BOOKS_EXPENDITURE,"1,000元~未滿2,000元",189,0.04205607476635514,0,0
2017,indigenous_analysis_sample,EXP_BOOKS_EXPENDITURE,"10,000元~未滿15,000元",4,8.900756564307966e-4,0,0
2017,indigenous_analysis_sample,EXP_BOOKS_EXPENDITURE,"2,000元~未滿3,000元",40,0.008900756564307966,0,0
2017,indigenous_analysis_sample,EXP_BOOKS_EXPENDITURE,"3,000元~未滿4,000元",20,0.004450378282153983,0,0
2017,indigenous_analysis_sample,EXP_BOOKS_EXPENDITURE,"4,000元~未滿5,000元",9,0.0020026702269692926,0,0
2017,indigenous_analysis_sample,EXP_BOOKS_EXPENDITURE,"5,000元~未滿7,000元",7,0.001557632398753894,0,0
2017,indigenous_analysis_sample,EXP_BOOKS_EXPENDITURE,"7,000元~未滿10,000元",1,2.2251891410769915e-4,0,0
2017,indigenous_analysis_sample,EXP_BOOKS_EXPENDITURE,80000,1,2.2251891410769915e-4,0,0
2017,indigenous_analysis_sample,EXP_BOOKS_EXPENDITURE,"未滿1,000元",931,0.2071651090342679,0,0
2017,indigenous_analysis_sample,EXP_BOOKS_EXPENDITURE,沒有這項支出,3292,0.7325322652425457,0,0
2017,indigenous_analysis_sample,EXP_CARE_EXPENDITURE,"1,000元~未滿2,000元",22,0.004895416110369382,0,0
2017,indigenous_analysis_sample,EXP_CARE_EXPENDITURE,"10,000元~未滿15,000元",18,0.004005340453938585,0,0
2017,indigenous_analysis_sample,EXP_CARE_EXPENDITURE,"15,000元~未滿20,000元",18,0.004005340453938585,0,0
2017,indigenous_analysis_sample,EXP_CARE_EXPENDITURE,"2,000元~未滿3,000元",19,0.004227859368046284,0,0
2017,indigenous_analysis_sample,EXP_CARE_EXPENDITURE,"20,000元~未滿30,000元",39,0.008678237650200267,0,0
2017,indigenous_analysis_sample,EXP_CARE_EXPENDITURE,"3,000元~未滿4,000元",17,0.0037828215398308857,0,0
2017,indigenous_analysis_sample,EXP_CARE_EXPENDITURE,30000,2,4.450378282153983e-4,0,0
2017,indigenous_analysis_sample,EXP_CARE_EXPENDITURE,33000,1,2.2251891410769915e-4,0,0
2017,indigenous_analysis_sample,EXP_CARE_EXPENDITURE,34000,1,2.2251891410769915e-4,0,0
2017,indigenous_analysis_sample,EXP_CARE_EXPENDITURE,35000,3,6.675567423230974e-4,0,0
2017,indigenous_analysis_sample,EXP_CARE_EXPENDITURE,"4,000元~未滿5,000元",22,0.004895416110369382,0,0
2017,indigenous_analysis_sample,EXP_CARE_EXPENDITURE,40000,1,2.2251891410769915e-4,0,0
2017,indigenous_analysis_sample,EXP_CARE_EXPENDITURE,"5,000元~未滿7,000元",10,0.0022251891410769915,0,0
2017,indigenous_analysis_sample,EXP_CARE_EXPENDITURE,65000,1,2.2251891410769915e-4,0,0
2017,indigenous_analysis_sample,EXP_CARE_EXPENDITURE,"7,000元~未滿10,000元",18,0.004005340453938585,0,0
2017,indigenous_analysis_sample,EXP_CARE_EXPENDITURE,"未滿1,000元",17,0.0037828215398308857,0,0
2017,indigenous_analysis_sample,EXP_CARE_EXPENDITURE,沒有這項支出,4285,0.9534935469514909,0,0
2017,indigenous_analysis_sample,EXP_CLEANING_EXPENDITURE,"1,000-1,999 元",3,6.675567423230974e-4,0,0
2017,indigenous_analysis_sample,EXP_CLEANING_EXPENDITURE,"10,000-14,999 元",1,2.2251891410769915e-4,0,0
2017,indigenous_analysis_sample,EXP_CLEANING_EXPENDITURE,"2,000-2,999 元",4,8.900756564307966e-4,0,0
2017,indigenous_analysis_sample,EXP_CLEANING_EXPENDITURE,"20,000-29,999 元",6,0.0013351134846461949,0,0
2017,indigenous_analysis_sample,EXP_CLEANING_EXPENDITURE,"3,000-3,999 元",1,2.2251891410769915e-4,0,0
2017,indigenous_analysis_sample,EXP_CLEANING_EXPENDITURE,"4,000-4,999 元",1,2.2251891410769915e-4,0,0
2017,indigenous_analysis_sample,EXP_CLEANING_EXPENDITURE,"5,000-6,999 元",3,6.675567423230974e-4,0,0
2017,indigenous_analysis_sample,EXP_CLEANING_EXPENDITURE,"7,000-9,999 元",3,6.675567423230974e-4,0,0
2017,indigenous_analysis_sample,EXP_CLEANING_EXPENDITURE,999 元及以下,12,0.0026702269692923898,0,0
2017,indigenous_analysis_sample,EXP_CLEANING_EXPENDITURE,沒有這項支出,4460,0.9924343569203382,0,0
2017,indigenous_analysis_sample,EXP_CLOTHING_EXPENDITURE,"1,000元~未滿2,000元",1220,0.27147307521139297,0,0
2017,indigenous_analysis_sample,EXP_CLOTHING_EXPENDITURE,"10,000元~未滿15,000元",24,0.0053404539385847796,0,0
2017,indigenous_analysis_sample,EXP_CLOTHING_EXPENDITURE,"15,000元~未滿20,000元",9,0.0020026702269692926,0,0
2017,indigenous_analysis_sample,EXP_CLOTHING_EXPENDITURE,"2,000元~未滿3,000元",740,0.16466399643969737,0,0
2017,indigenous_analysis_sample,EXP_CLOTHING_EXPENDITURE,"20,000元~未滿30,000元",3,6.675567423230974e-4,0,0
2017,indigenous_analysis_sample,EXP_CLOTHING_EXPENDITURE,"3,000元~未滿4,000元",164,0.03649310191366266,0,0
2017,indigenous_analysis_sample,EXP_CLOTHING_EXPENDITURE,"4,000元~未滿5,000元",115,0.025589675122385403,0,0
2017,indigenous_analysis_sample,EXP_CLOTHING_EXPENDITURE,"5,000元~未滿7,000元",80,0.017801513128615932,0,0
2017,indigenous_analysis_sample,EXP_CLOTHING_EXPENDITURE,"7,000元~未滿10,000元",26,0.005785491766800178,0,0
2017,indigenous_analysis_sample,EXP_CLOTHING_EXPENDITURE,"未滿1,000元",2113,0.4701824655095683,0,0
2017,indigenous_analysis_sample,EXP_DINING_LODGING_EXPENDITURE,"1,000-1,999 元",522,0.11615487316421896,0,0
2017,indigenous_analysis_sample,EXP_DINING_LODGING_EXPENDITURE,"10,000-14,999 元",222,0.049399198931909215,0,0
2017,indigenous_analysis_sample,EXP_DINING_LODGING_EXPENDITURE,"15,000-19,999 元",112,0.024922118380062305,0,0
2017,indigenous_analysis_sample,EXP_DINING_LODGING_EXPENDITURE,"2,000-2,999 元",425,0.09457053849577214,0,0
2017,indigenous_analysis_sample,EXP_DINING_LODGING_EXPENDITURE,"20,000-29,999 元",68,0.015131286159323543,0,0
2017,indigenous_analysis_sample,EXP_DINING_LODGING_EXPENDITURE,"3,000-3,999 元",276,0.06141522029372497,0,0
2017,indigenous_analysis_sample,EXP_DINING_LODGING_EXPENDITURE,30000,10,0.0022251891410769915,0,0
2017,indigenous_analysis_sample,EXP_DINING_LODGING_EXPENDITURE,35000,1,2.2251891410769915e-4,0,0
2017,indigenous_analysis_sample,EXP_DINING_LODGING_EXPENDITURE,"4,000-4,999 元",244,0.054294615042278595,0,0
2017,indigenous_analysis_sample,EXP_DINING_LODGING_EXPENDITURE,40000,2,4.450378282153983e-4,0,0
2017,indigenous_analysis_sample,EXP_DINING_LODGING_EXPENDITURE,"5,000-6,999 元",292,0.06497552291944815,0,0
2017,indigenous_analysis_sample,EXP_DINING_LODGING_EXPENDITURE,50000,2,4.450378282153983e-4,0,0
2017,indigenous_analysis_sample,EXP_DINING_LODGING_EXPENDITURE,54000,1,2.2251891410769915e-4,0,0
2017,indigenous_analysis_sample,EXP_DINING_LODGING_EXPENDITURE,"7,000-9,999 元",180,0.04005340453938585,0,0
2017,indigenous_analysis_sample,EXP_DINING_LODGING_EXPENDITURE,70000,1,2.2251891410769915e-4,0,0
2017,indigenous_analysis_sample,EXP_DINING_LODGING_EXPENDITURE,999 元及以下,521,0.11593235425011127,0,0
2017,indigenous_analysis_sample,EXP_DINING_LODGING_EXPENDITURE,沒有這項支出,1615,0.35936804628393415,0,0
2017,indigenous_analysis_sample,EXP_EDU_TUITION_EXPENDITURE,"1,000元~未滿2,000元",359,0.079884290164664,0,0
2017,indigenous_analysis_sample,EXP_EDU_TUITION_EXPENDITURE,"10,000元~未滿15,000元",138,0.030707610146862484,0,0
2017,indigenous_analysis_sample,EXP_EDU_TUITION_EXPENDITURE,"15,000元~未滿20,000元",40,0.008900756564307966,0,0
2017,indigenous_analysis_sample,EXP_EDU_TUITION_EXPENDITURE,"2,000元~未滿3,000元",240,0.0534045393858478,0,0
2017,indigenous_analysis_sample,EXP_EDU_TUITION_EXPENDITURE,"20,000元~未滿30,000元",23,0.005117935024477081,0,0
2017,indigenous_analysis_sample,EXP_EDU_TUITION_EXPENDITURE,"3,000元~未滿4,000元",193,0.042946150422785934,0,0
2017,indigenous_analysis_sample,EXP_EDU_TUITION_EXPENDITURE,30000,5,0.0011125945705384957,0,0
2017,indigenous_analysis_sample,EXP_EDU_TUITION_EXPENDITURE,31500,1,2.2251891410769915e-4,0,0
2017,indigenous_analysis_sample,EXP_EDU_TUITION_EXPENDITURE,32000,1,2.2251891410769915e-4,0,0
2017,indigenous_analysis_sample,EXP_EDU_TUITION_EXPENDITURE,33000,1,2.2251891410769915e-4,0,0
2017,indigenous_analysis_sample,EXP_EDU_TUITION_EXPENDITURE,38000,1,2.2251891410769915e-4,0,0
2017,indigenous_analysis_sample,EXP_EDU_TUITION_EXPENDITURE,"4,000元~未滿5,000元",181,0.040275923453493546,0,0
2017,indigenous_analysis_sample,EXP_EDU_TUITION_EXPENDITURE,"5,000元~未滿7,000元",200,0.04450378282153983,0,0
2017,indigenous_analysis_sample,EXP_EDU_TUITION_EXPENDITURE,55000,1,2.2251891410769915e-4,0,0
2017,indigenous_analysis_sample,EXP_EDU_TUITION_EXPENDITURE,63000,1,2.2251891410769915e-4,0,0
2017,indigenous_analysis_sample,EXP_EDU_TUITION_EXPENDITURE,"7,000元~未滿10,000元",144,0.03204272363150868,0,0
2017,indigenous_analysis_sample,EXP_EDU_TUITION_EXPENDITURE,80000,2,4.450378282153983e-4,0,0
2017,indigenous_analysis_sample,EXP_EDU_TUITION_EXPENDITURE,"未滿1,000元",308,0.06853582554517133,0,0
2017,indigenous_analysis_sample,EXP_EDU_TUITION_EXPENDITURE,沒有這項支出,2655,0.5907877169559412,0,0
2017,indigenous_analysis_sample,EXP_FOOD_EXPENDITURE,"10,000-11,999 元",679,0.15109034267912771,0,0
2017,indigenous_analysis_sample,EXP_FOOD_EXPENDITURE,"12,000-14,999 元",368,0.08188696039163329,0,0
2017,indigenous_analysis_sample,EXP_FOOD_EXPENDITURE,"15,000-19,999 元",363,0.08077436582109479,0,0
2017,indigenous_analysis_sample,EXP_FOOD_EXPENDITURE,"20,000-29,999 元",323,0.07187360925678683,0,0
2017,indigenous_analysis_sample,EXP_FOOD_EXPENDITURE,"3,000-4,999 元",771,0.17156208277703605,0,0
2017,indigenous_analysis_sample,EXP_FOOD_EXPENDITURE,"30,000-39,999 元",71,0.01579884290164664,0,0
2017,indigenous_analysis_sample,EXP_FOOD_EXPENDITURE,"40,000-49,999 元",9,0.0020026702269692926,0,0
2017,indigenous_analysis_sample,EXP_FOOD_EXPENDITURE,"5,000-6,999 元",707,0.1573208722741433,0,0
2017,indigenous_analysis_sample,EXP_FOOD_EXPENDITURE,"50,000-59,999 元",3,6.675567423230974e-4,0,0
2017,indigenous_analysis_sample,EXP_FOOD_EXPENDITURE,"60,000-69,999 元",2,4.450378282153983e-4,0,0
2017,indigenous_analysis_sample,EXP_FOOD_EXPENDITURE,"7,000-9,999 元",596,0.1326212728081887,0,0
2017,indigenous_analysis_sample,EXP_FOOD_EXPENDITURE,"未滿3,000元",602,0.13395638629283488,0,0
2017,indigenous_analysis_sample,EXP_FURNITURE_EXPENDITURE,"1,000元~未滿2,000元",921,0.2049399198931909,0,0
2017,indigenous_analysis_sample,EXP_FURNITURE_EXPENDITURE,"10,000元~未滿15,000元",27,0.006008010680907877,0,0
2017,indigenous_analysis_sample,EXP_FURNITURE_EXPENDITURE,"15,000元~未滿20,000元",10,0.0022251891410769915,0,0
2017,indigenous_analysis_sample,EXP_FURNITURE_EXPENDITURE,"2,000元~未滿3,000元",666,0.14819759679572764,0,0
2017,indigenous_analysis_sample,EXP_FURNITURE_EXPENDITURE,"20,000元~未滿30,000元",13,0.002892745883400089,0,0
2017,indigenous_analysis_sample,EXP_FURNITURE_EXPENDITURE,"3,000元~未滿4,000元",581,0.1292834890965732,0,0
2017,indigenous_analysis_sample,EXP_FURNITURE_EXPENDITURE,"4,000元~未滿5,000元",539,0.11993769470404984,0,0
2017,indigenous_analysis_sample,EXP_FURNITURE_EXPENDITURE,"5,000元~未滿7,000元",524,0.11659991099243436,0,0
2017,indigenous_analysis_sample,EXP_FURNITURE_EXPENDITURE,"7,000元~未滿10,000元",501,0.11148197596795728,0,0
2017,indigenous_analysis_sample,EXP_FURNITURE_EXPENDITURE,"未滿1,000元",712,0.1584334668446818,0,0
2017,indigenous_analysis_sample,EXP_HOUSING_UTIL_EXPENDITURE,"1,000-1,499 元",665,0.14797507788161993,0,0
2017,indigenous_analysis_sample,EXP_HOUSING_UTIL_EXPENDITURE,"1,500-1,999 元",544,0.12105028927458834,0,0
2017,indigenous_analysis_sample,EXP_HOUSING_UTIL_EXPENDITURE,"10,000-14,999 元",379,0.08433466844681797,0,0
2017,indigenous_analysis_sample,EXP_HOUSING_UTIL_EXPENDITURE,"15,000-19,999 元",179,0.03983088562527815,0,0
2017,indigenous_analysis_sample,EXP_HOUSING_UTIL_EXPENDITURE,"2,000-2,499 元",442,0.09835336003560302,0,0
2017,indigenous_analysis_sample,EXP_HOUSING_UTIL_EXPENDITURE,"2,500-2,999 元",495,0.11014686248331108,0,0
2017,indigenous_analysis_sample,EXP_HOUSING_UTIL_EXPENDITURE,"20,000-29,999 元",91,0.020249221183800622,0,0
2017,indigenous_analysis_sample,EXP_HOUSING_UTIL_EXPENDITURE,"3,000-4,999 元",687,0.15287049399198932,0,0
2017,indigenous_analysis_sample,EXP_HOUSING_UTIL_EXPENDITURE,"30,000-39,999 元",26,0.005785491766800178,0,0
2017,indigenous_analysis_sample,EXP_HOUSING_UTIL_EXPENDITURE,"5,000-9,999 元",573,0.12750333778371162,0,0
2017,indigenous_analysis_sample,EXP_HOUSING_UTIL_EXPENDITURE,"50,000-59,999 元",3,6.675567423230974e-4,0,0
2017,indigenous_analysis_sample,EXP_HOUSING_UTIL_EXPENDITURE,"70,000 元及以上，請記錄____________元",1,2.2251891410769915e-4,0,0
2017,indigenous_analysis_sample,EXP_HOUSING_UTIL_EXPENDITURE,999 元及以下,368,0.08188696039163329,0,0
2017,indigenous_analysis_sample,EXP_HOUSING_UTIL_EXPENDITURE,沒有這項支出,41,0.009123275478415665,0,0
2017,indigenous_analysis_sample,EXP_LOAN_INTEREST_EXPENDITURE,"1,000元~未滿2,000元",108,0.02403204272363151,0,0
2017,indigenous_analysis_sample,EXP_LOAN_INTEREST_EXPENDITURE,"10,000元~未滿15,000元",194,0.04316866933689364,0,0
2017,indigenous_analysis_sample,EXP_LOAN_INTEREST_EXPENDITURE,100000,1,2.2251891410769915e-4,0,0
2017,indigenous_analysis_sample,EXP_LOAN_INTEREST_EXPENDITURE,135000,1,2.2251891410769915e-4,0,0
2017,indigenous_analysis_sample,EXP_LOAN_INTEREST_EXPENDITURE,"15,000元~未滿20,000元",106,0.02358700489541611,0,0
2017,indigenous_analysis_sample,EXP_LOAN_INTEREST_EXPENDITURE,"2,000元~未滿3,000元",120,0.0267022696929239,0,0
2017,indigenous_analysis_sample,EXP_LOAN_INTEREST_EXPENDITURE,"20,000元~未滿30,000元",127,0.028259902091677794,0,0
2017,indigenous_analysis_sample,EXP_LOAN_INTEREST_EXPENDITURE,200000,1,2.2251891410769915e-4,0,0
2017,indigenous_analysis_sample,EXP_LOAN_INTEREST_EXPENDITURE,"3,000元~未滿4,000元",101,0.022474410324877615,0,0
2017,indigenous_analysis_sample,EXP_LOAN_INTEREST_EXPENDITURE,30000,6,0.0013351134846461949,0,0
2017,indigenous_analysis_sample,EXP_LOAN_INTEREST_EXPENDITURE,31000,3,6.675567423230974e-4,0,0
2017,indigenous_analysis_sample,EXP_LOAN_INTEREST_EXPENDITURE,32000,1,2.2251891410769915e-4,0,0
2017,indigenous_analysis_sample,EXP_LOAN_INTEREST_EXPENDITURE,34000,2,4.450378282153983e-4,0,0
2017,indigenous_analysis_sample,EXP_LOAN_INTEREST_EXPENDITURE,35000,6,0.0013351134846461949,0,0
2017,indigenous_analysis_sample,EXP_LOAN_INTEREST_EXPENDITURE,36000,1,2.2251891410769915e-4,0,0
2017,indigenous_analysis_sample,EXP_LOAN_INTEREST_EXPENDITURE,37000,1,2.2251891410769915e-4,0,0
2017,indigenous_analysis_sample,EXP_LOAN_INTEREST_EXPENDITURE,39000,1,2.2251891410769915e-4,0,0
2017,indigenous_analysis_sample,EXP_LOAN_INTEREST_EXPENDITURE,"4,000元~未滿5,000元",74,0.016466399643969738,0,0
2017,indigenous_analysis_sample,EXP_LOAN_INTEREST_EXPENDITURE,40000,7,0.001557632398753894,0,0
2017,indigenous_analysis_sample,EXP_LOAN_INTEREST_EXPENDITURE,45000,2,4.450378282153983e-4,0,0
2017,indigenous_analysis_sample,EXP_LOAN_INTEREST_EXPENDITURE,"5,000元~未滿7,000元",142,0.03159768580329328,0,0
2017,indigenous_analysis_sample,EXP_LOAN_INTEREST_EXPENDITURE,50000,4,8.900756564307966e-4,0,0
2017,indigenous_analysis_sample,EXP_LOAN_INTEREST_EXPENDITURE,55000,1,2.2251891410769915e-4,0,0
2017,indigenous_analysis_sample,EXP_LOAN_INTEREST_EXPENDITURE,60000,3,6.675567423230974e-4,0,0
2017,indigenous_analysis_sample,EXP_LOAN_INTEREST_EXPENDITURE,"7,000元~未滿10,000元",112,0.024922118380062305,0,0
2017,indigenous_analysis_sample,EXP_LOAN_INTEREST_EXPENDITURE,"未滿1,000元",113,0.025144637294170005,0,0
2017,indigenous_analysis_sample,EXP_LOAN_INTEREST_EXPENDITURE,沒有這項支出,3256,0.7245215843346684,0,0
2017,indigenous_analysis_sample,EXP_MEDICAL_EXPENDITURE,"1,000-1,999 元",847,0.18847352024922118,0,0
2017,indigenous_analysis_sample,EXP_MEDICAL_EXPENDITURE,"10,000-14,999 元",84,0.018691588785046728,0,0
2017,indigenous_analysis_sample,EXP_MEDICAL_EXPENDITURE,"15,000-19,999 元",34,0.0075656430796617715,0,0
2017,indigenous_analysis_sample,EXP_MEDICAL_EXPENDITURE,"2,000-2,999 元",262,0.05829995549621718,0,0
2017,indigenous_analysis_sample,EXP_MEDICAL_EXPENDITURE,"20,000-29,999 元",16,0.0035603026257231864,0,0
2017,indigenous_analysis_sample,EXP_MEDICAL_EXPENDITURE,"3,000-3,999 元",195,0.043391188251001335,0,0
2017,indigenous_analysis_sample,EXP_MEDICAL_EXPENDITURE,"30,000 元及以上，請記錄________元",14,0.003115264797507788,0,0
2017,indigenous_analysis_sample,EXP_MEDICAL_EXPENDITURE,"4,000-4,999 元",173,0.038495772140631955,0,0
2017,indigenous_analysis_sample,EXP_MEDICAL_EXPENDITURE,499 元及以下,1235,0.27481085892300844,0,0
2017,indigenous_analysis_sample,EXP_MEDICAL_EXPENDITURE,"5,000-6,999 元",126,0.028037383177570093,0,0
2017,indigenous_analysis_sample,EXP_MEDICAL_EXPENDITURE,500-999 元,1203,0.2676902536715621,0,0
2017,indigenous_analysis_sample,EXP_MEDICAL_EXPENDITURE,"7,000-9,999 元",128,0.02848242100578549,0,0
2017,indigenous_analysis_sample,EXP_MEDICAL_EXPENDITURE,沒有這項支出,177,0.03938584779706275,0,0
2017,indigenous_analysis_sample,EXP_OTHER_EXPENDITURE,"1,000元~未滿2,000元",1100,0.24477080551846908,0,0
2017,indigenous_analysis_sample,EXP_OTHER_EXPENDITURE,"10,000元~未滿15,000元",27,0.006008010680907877,0,0
2017,indigenous_analysis_sample,EXP_OTHER_EXPENDITURE,100000,1,2.2251891410769915e-4,0,0
2017,indigenous_analysis_sample,EXP_OTHER_EXPENDITURE,"15,000元~未滿20,000元",7,0.001557632398753894,0,0
2017,indigenous_analysis_sample,EXP_OTHER_EXPENDITURE,"2,000元~未滿3,000元",745,0.16577659101023587,0,0
2017,indigenous_analysis_sample,EXP_OTHER_EXPENDITURE,"20,000元~未滿30,000元",13,0.002892745883400089,0,0
2017,indigenous_analysis_sample,EXP_OTHER_EXPENDITURE,"3,000元~未滿4,000元",432,0.09612817089452604,0,0
2017,indigenous_analysis_sample,EXP_OTHER_EXPENDITURE,35000,1,2.2251891410769915e-4,0,0
2017,indigenous_analysis_sample,EXP_OTHER_EXPENDITURE,36000,1,2.2251891410769915e-4,0,0
2017,indigenous_analysis_sample,EXP_OTHER_EXPENDITURE,"4,000元~未滿5,000元",388,0.08633733867378728,0,0
2017,indigenous_analysis_sample,EXP_OTHER_EXPENDITURE,"5,000元~未滿7,000元",96,0.021361815754339118,0,0
2017,indigenous_analysis_sample,EXP_OTHER_EXPENDITURE,50000,1,2.2251891410769915e-4,0,0
2017,indigenous_analysis_sample,EXP_OTHER_EXPENDITURE,"7,000元~未滿10,000元",48,0.010680907877169559,0,0
2017,indigenous_analysis_sample,EXP_OTHER_EXPENDITURE,"未滿1,000元",1634,0.3635959056519804,0,0
2017,indigenous_analysis_sample,EXP_TAX_INS_GIFT_EXPENDITURE,"1,000-1,499 元",782,0.17400979083222073,0,0
2017,indigenous_analysis_sample,EXP_TAX_INS_GIFT_EXPENDITURE,"1,500-1,999 元",444,0.09879839786381843,0,0
2017,indigenous_analysis_sample,EXP_TAX_INS_GIFT_EXPENDITURE,"10,000-14,999 元",131,0.02914997774810859,0,0
2017,indigenous_analysis_sample,EXP_TAX_INS_GIFT_EXPENDITURE,"15,000-19,999 元",51,0.011348464619492658,0,0
2017,indigenous_analysis_sample,EXP_TAX_INS_GIFT_EXPENDITURE,"2,000-2,499 元",413,0.09190031152647975,0,0
2017,indigenous_analysis_sample,EXP_TAX_INS_GIFT_EXPENDITURE,"2,500-2,999 元",452,0.10057854917668002,0,0
2017,indigenous_analysis_sample,EXP_TAX_INS_GIFT_EXPENDITURE,"20,000-29,999 元",33,0.007343124165554072,0,0
2017,indigenous_analysis_sample,EXP_TAX_INS_GIFT_EXPENDITURE,"3,000-3,999 元",488,0.10858923008455719,0,0
2017,indigenous_analysis_sample,EXP_TAX_INS_GIFT_EXPENDITURE,"30,000 元及以上，請記錄________元",21,0.004672897196261682,0,0
2017,indigenous_analysis_sample,EXP_TAX_INS_GIFT_EXPENDITURE,"4,000-4,999 元",326,0.07254116599910992,0,0
2017,indigenous_analysis_sample,EXP_TAX_INS_GIFT_EXPENDITURE,"5,000-6,999 元",419,0.09323542501112594,0,0
2017,indigenous_analysis_sample,EXP_TAX_INS_GIFT_EXPENDITURE,"7,000-9,999 元",183,0.04072096128170895,0,0
2017,indigenous_analysis_sample,EXP_TAX_INS_GIFT_EXPENDITURE,999 元及以下,562,0.12505562972852693,0,0
2017,indigenous_analysis_sample,EXP_TAX_INS_GIFT_EXPENDITURE,沒有這項支出,189,0.04205607476635514,0,0
2017,indigenous_analysis_sample,EXP_TRANSPORT_COMM_EXPENDITURE,"1,000-1,999 元",676,0.15042278593680464,0,0
2017,indigenous_analysis_sample,EXP_TRANSPORT_COMM_EXPENDITURE,"10,000-14,999 元",302,0.06720071206052515,0,0
2017,indigenous_analysis_sample,EXP_TRANSPORT_COMM_EXPENDITURE,"15,000-19,999 元",85,0.018914107699154428,0,0
2017,indigenous_analysis_sample,EXP_TRANSPORT_COMM_EXPENDITURE,"2,000-2,999 元",683,0.15198041833555853,0,0
2017,indigenous_analysis_sample,EXP_TRANSPORT_COMM_EXPENDITURE,"20,000-29,999 元",60,0.01335113484646195,0,0
2017,indigenous_analysis_sample,EXP_TRANSPORT_COMM_EXPENDITURE,"3,000-3,999 元",596,0.1326212728081887,0,0
2017,indigenous_analysis_sample,EXP_TRANSPORT_COMM_EXPENDITURE,"30,000 元及以上，請記錄________元",16,0.0035603026257231864,0,0
2017,indigenous_analysis_sample,EXP_TRANSPORT_COMM_EXPENDITURE,"4,000-4,999 元",438,0.09746328437917223,0,0
2017,indigenous_analysis_sample,EXP_TRANSPORT_COMM_EXPENDITURE,"5,000-6,999 元",616,0.13707165109034267,0,0
2017,indigenous_analysis_sample,EXP_TRANSPORT_COMM_EXPENDITURE,"7,000-9,999 元",388,0.08633733867378728,0,0
2017,indigenous_analysis_sample,EXP_TRANSPORT_COMM_EXPENDITURE,999 元及以下,584,0.1299510458388963,0,0
2017,indigenous_analysis_sample,EXP_TRANSPORT_COMM_EXPENDITURE,沒有這項支出,50,0.011125945705384957,0,0
2017,indigenous_analysis_sample,EXP_TRAVEL_EXPENDITURE,"1,000元~未滿2,000元",312,0.06942590120160214,0,0
2017,indigenous_analysis_sample,EXP_TRAVEL_EXPENDITURE,"10,000元~未滿15,000元",30,0.006675567423230975,0,0
2017,indigenous_analysis_sample,EXP_TRAVEL_EXPENDITURE,100000,1,2.2251891410769915e-4,0,0
2017,indigenous_analysis_sample,EXP_TRAVEL_EXPENDITURE,"15,000元~未滿20,000元",11,0.002447708055184691,0,0
2017,indigenous_analysis_sample,EXP_TRAVEL_EXPENDITURE,"2,000元~未滿3,000元",157,0.034935469514908765,0,0
2017,indigenous_analysis_sample,EXP_TRAVEL_EXPENDITURE,"20,000元~未滿30,000元",19,0.004227859368046284,0,0
2017,indigenous_analysis_sample,EXP_TRAVEL_EXPENDITURE,200000,1,2.2251891410769915e-4,0,0
2017,indigenous_analysis_sample,EXP_TRAVEL_EXPENDITURE,"3,000元~未滿4,000元",73,0.016243880729862038,0,0
2017,indigenous_analysis_sample,EXP_TRAVEL_EXPENDITURE,30000,1,2.2251891410769915e-4,0,0
2017,indigenous_analysis_sample,EXP_TRAVEL_EXPENDITURE,35000,2,4.450378282153983e-4,0,0
2017,indigenous_analysis_sample,EXP_TRAVEL_EXPENDITURE,"4,000元~未滿5,000元",75,0.016688918558077435,0,0
2017,indigenous_analysis_sample,EXP_TRAVEL_EXPENDITURE,40000,1,2.2251891410769915e-4,0,0
2017,indigenous_analysis_sample,EXP_TRAVEL_EXPENDITURE,"5,000元~未滿7,000元",65,0.014463729417000444,0,0
2017,indigenous_analysis_sample,EXP_TRAVEL_EXPENDITURE,50000,4,8.900756564307966e-4,0,0
2017,indigenous_analysis_sample,EXP_TRAVEL_EXPENDITURE,60000,2,4.450378282153983e-4,0,0
2017,indigenous_analysis_sample,EXP_TRAVEL_EXPENDITURE,66666,1,2.2251891410769915e-4,0,0
2017,indigenous_analysis_sample,EXP_TRAVEL_EXPENDITURE,"7,000元~未滿10,000元",33,0.007343124165554072,0,0
2017,indigenous_analysis_sample,EXP_TRAVEL_EXPENDITURE,80000,2,4.450378282153983e-4,0,0
2017,indigenous_analysis_sample,EXP_TRAVEL_EXPENDITURE,"未滿1,000元",412,0.09167779261237205,0,0
2017,indigenous_analysis_sample,EXP_TRAVEL_EXPENDITURE,沒有這項支出,3292,0.7325322652425457,0,0
2017,indigenous_analysis_sample,HAS_INDI_55PLUS,FALSE,1949,0.43368936359590565,0,0
2017,indigenous_analysis_sample,HAS_INDI_55PLUS,TRUE,2545,0.5663106364040944,0,0
2017,indigenous_analysis_sample,HAS_INDI_65PLUS,FALSE,3197,0.7113929684023143,0,0
2017,indigenous_analysis_sample,HAS_INDI_65PLUS,TRUE,1297,0.2886070315976858,0,0
2017,indigenous_analysis_sample,HOUSE_BELONG,借用,109,0.02425456163773921,0,0
2017,indigenous_analysis_sample,HOUSE_BELONG,其他,1,2.2251891410769915e-4,0,0
2017,indigenous_analysis_sample,HOUSE_BELONG,租賃,1067,0.237427681352915,0,0
2017,indigenous_analysis_sample,HOUSE_BELONG,自有/家人所有/自建,3295,0.7331998219848687,0,0
2017,indigenous_analysis_sample,HOUSE_BELONG,配住,22,0.004895416110369382,0,0
2017,indigenous_analysis_sample,INC_FAM_GOV_INCOME,"1,000-1,999 元",27,0.006008010680907877,0,0
2017,indigenous_analysis_sample,INC_FAM_GOV_INCOME,"10,000-14,999 元",167,0.03716065865598576,0,0
2017,indigenous_analysis_sample,INC_FAM_GOV_INCOME,"15,000-19,999 元",46,0.010235870048954161,0,0
2017,indigenous_analysis_sample,INC_FAM_GOV_INCOME,"2,000-2,999 元",74,0.016466399643969738,0,0
2017,indigenous_analysis_sample,INC_FAM_GOV_INCOME,"20,000-29,999 元",33,0.007343124165554072,0,0
2017,indigenous_analysis_sample,INC_FAM_GOV_INCOME,"3,000-3,999 元",653,0.14530485091232756,0,0
2017,indigenous_analysis_sample,INC_FAM_GOV_INCOME,"30,000 元及以上，請記錄________元",15,0.0033377837116154874,0,0
2017,indigenous_analysis_sample,INC_FAM_GOV_INCOME,"4,000-4,999 元",134,0.029817534490431688,0,0
2017,indigenous_analysis_sample,INC_FAM_GOV_INCOME,"5,000-5,999 元",60,0.01335113484646195,0,0
2017,indigenous_analysis_sample,INC_FAM_GOV_INCOME,"6,000-7,999 元",376,0.08366711170449488,0,0
2017,indigenous_analysis_sample,INC_FAM_GOV_INCOME,"8,000-9,999 元",78,0.017356475300400534,0,0
2017,indigenous_analysis_sample,INC_FAM_GOV_INCOME,999 元及以下,25,0.0055629728526924785,0,0
2017,indigenous_analysis_sample,INC_FAM_GOV_INCOME,沒有這項收入,2806,0.6243880729862038,0,0
2017,indigenous_analysis_sample,INC_FAM_INTEREST_INCOME,"1,000-1,999 元",89,0.019804183355585224,0,0
2017,indigenous_analysis_sample,INC_FAM_INTEREST_INCOME,"10,000-14,999 元",8,0.0017801513128615932,0,0
2017,indigenous_analysis_sample,INC_FAM_INTEREST_INCOME,"15,000-19,999 元",7,0.001557632398753894,0,0
2017,indigenous_analysis_sample,INC_FAM_INTEREST_INCOME,"2,000-2,999 元",47,0.01045838896306186,0,0
2017,indigenous_analysis_sample,INC_FAM_INTEREST_INCOME,"20,000-29,999 元",6,0.0013351134846461949,0,0
2017,indigenous_analysis_sample,INC_FAM_INTEREST_INCOME,"3,000-3,999 元",17,0.0037828215398308857,0,0
2017,indigenous_analysis_sample,INC_FAM_INTEREST_INCOME,"30,000 元及以上，請記錄________元",4,8.900756564307966e-4,0,0
2017,indigenous_analysis_sample,INC_FAM_INTEREST_INCOME,"4,000-4,999 元",26,0.005785491766800178,0,0
2017,indigenous_analysis_sample,INC_FAM_INTEREST_INCOME,"5,000-5,999 元",22,0.004895416110369382,0,0
2017,indigenous_analysis_sample,INC_FAM_INTEREST_INCOME,"6,000-7,999 元",4,8.900756564307966e-4,0,0
2017,indigenous_analysis_sample,INC_FAM_INTEREST_INCOME,"8,000-9,999 元",10,0.0022251891410769915,0,0
2017,indigenous_analysis_sample,INC_FAM_INTEREST_INCOME,999 元及以下,461,0.10258121940364931,0,0
2017,indigenous_analysis_sample,INC_FAM_INTEREST_INCOME,沒有這項收入,3793,0.844014241210503,0,0
2017,indigenous_analysis_sample,INC_FAM_OTHER_INCOME,"10,000元~未滿15,000元",16,0.0035603026257231864,0,0
2017,indigenous_analysis_sample,INC_FAM_OTHER_INCOME,"15,000元~未滿20,000元",8,0.0017801513128615932,0,0
2017,indigenous_analysis_sample,INC_FAM_OTHER_INCOME,"20,000元~未滿25,000元",5,0.0011125945705384957,0,0
2017,indigenous_analysis_sample,INC_FAM_OTHER_INCOME,"25,000元~未滿30,000元",1,2.2251891410769915e-4,0,0
2017,indigenous_analysis_sample,INC_FAM_OTHER_INCOME,"30,000元~未滿40,000元",1,2.2251891410769915e-4,0,0
2017,indigenous_analysis_sample,INC_FAM_OTHER_INCOME,"40,000元~未滿50,000元",2,4.450378282153983e-4,0,0
2017,indigenous_analysis_sample,INC_FAM_OTHER_INCOME,"5,000元~未滿10,000元",30,0.006675567423230975,0,0
2017,indigenous_analysis_sample,INC_FAM_OTHER_INCOME,"50,000元~未滿60,000元",2,4.450378282153983e-4,0,0
2017,indigenous_analysis_sample,INC_FAM_OTHER_INCOME,"60,000元~未滿70,000元",1,2.2251891410769915e-4,0,0
2017,indigenous_analysis_sample,INC_FAM_OTHER_INCOME,"未滿5,000元",192,0.042723631508678236,0,0
2017,indigenous_analysis_sample,INC_FAM_OTHER_INCOME,沒有這項收入,4236,0.9425901201602136,0,0
2017,indigenous_analysis_sample,INC_FAM_RENT_INCOME,"10,000-14,999 元",11,0.002447708055184691,0,0
2017,indigenous_analysis_sample,INC_FAM_RENT_INCOME,"15,000-19,999 元",4,8.900756564307966e-4,0,0
2017,indigenous_analysis_sample,INC_FAM_RENT_INCOME,"20,000-24,999 元",7,0.001557632398753894,0,0
2017,indigenous_analysis_sample,INC_FAM_RENT_INCOME,"25,000-29,999 元",3,6.675567423230974e-4,0,0
2017,indigenous_analysis_sample,INC_FAM_RENT_INCOME,"30,000-39,999 元",3,6.675567423230974e-4,0,0
2017,indigenous_analysis_sample,INC_FAM_RENT_INCOME,"4,999 元及以下",23,0.005117935024477081,0,0
2017,indigenous_analysis_sample,INC_FAM_RENT_INCOME,"40,000-49,999 元",1,2.2251891410769915e-4,0,0
2017,indigenous_analysis_sample,INC_FAM_RENT_INCOME,"5,000-9,999 元",22,0.004895416110369382,0,0
2017,indigenous_analysis_sample,INC_FAM_RENT_INCOME,"50,000-59,999 元",1,2.2251891410769915e-4,0,0
2017,indigenous_analysis_sample,INC_FAM_RENT_INCOME,"60,000-69,999 元",1,2.2251891410769915e-4,0,0
2017,indigenous_analysis_sample,INC_FAM_RENT_INCOME,"70,000-79,999 元",2,4.450378282153983e-4,0,0
2017,indigenous_analysis_sample,INC_FAM_RENT_INCOME,"80,000 元及以上，請記錄_________________元",1,2.2251891410769915e-4,0,0
2017,indigenous_analysis_sample,INC_FAM_RENT_INCOME,沒有這項收入,4415,0.9824210057854917,0,0
2017,indigenous_analysis_sample,INC_FAM_TRANSFER_INCOME,"1,000-1,999 元",54,0.012016021361815754,0,0
2017,indigenous_analysis_sample,INC_FAM_TRANSFER_INCOME,"10,000-14,999 元",15,0.0033377837116154874,0,0
2017,indigenous_analysis_sample,INC_FAM_TRANSFER_INCOME,"15,000-19,999 元",5,0.0011125945705384957,0,0
2017,indigenous_analysis_sample,INC_FAM_TRANSFER_INCOME,"2,000-2,999 元",37,0.0082331998219848691,0,0
2017,indigenous_analysis_sample,INC_FAM_TRANSFER_INCOME,"20,000-29,999 元",3,6.675567423230974e-4,0,0
2017,indigenous_analysis_sample,INC_FAM_TRANSFER_INCOME,"3,000-3,999 元",14,0.003115264797507788,0,0
2017,indigenous_analysis_sample,INC_FAM_TRANSFER_INCOME,"30,000 元及以上，請記錄________元",4,8.900756564307966e-4,0,0
2017,indigenous_analysis_sample,INC_FAM_TRANSFER_INCOME,"4,000-4,999 元",24,0.0053404539385847796,0,0
2017,indigenous_analysis_sample,INC_FAM_TRANSFER_INCOME,"5,000-5,999 元",9,0.0020026702269692926,0,0
2017,indigenous_analysis_sample,INC_FAM_TRANSFER_INCOME,"6,000-7,999 元",5,0.0011125945705384957,0,0
2017,indigenous_analysis_sample,INC_FAM_TRANSFER_INCOME,"8,000-9,999 元",8,0.0017801513128615932,0,0
2017,indigenous_analysis_sample,INC_FAM_TRANSFER_INCOME,999 元及以下,208,0.046283934134401426,0,0
2017,indigenous_analysis_sample,INC_FAM_TRANSFER_INCOME,沒有這項收入,4108,0.9141076991544281,0,0
2017,indigenous_analysis_sample,INC_FAM_WORK_INCOME,"10,000-19,999 元",315,0.07009345794392523,0,0
2017,indigenous_analysis_sample,INC_FAM_WORK_INCOME,"100,000-129,999元",314,0.06987093902981753,0,0
2017,indigenous_analysis_sample,INC_FAM_WORK_INCOME,"130,000-159,999元",127,0.028259902091677794,0,0
2017,indigenous_analysis_sample,INC_FAM_WORK_INCOME,"160,000 元及以上，請記錄____________元",45,0.010013351134846462,0,0
2017,indigenous_analysis_sample,INC_FAM_WORK_INCOME,"20,000-29,999 元",598,0.1330663106364041,0,0
2017,indigenous_analysis_sample,INC_FAM_WORK_INCOME,"30,000-39,999 元",465,0.10347129506008011,0,0
2017,indigenous_analysis_sample,INC_FAM_WORK_INCOME,"40,000-49,999 元",483,0.10747663551401869,0,0
2017,indigenous_analysis_sample,INC_FAM_WORK_INCOME,"50,000-59,999 元",472,0.105028927458834,0,0
2017,indigenous_analysis_sample,INC_FAM_WORK_INCOME,"60,000-69,999 元",400,0.08900756564307966,0,0
2017,indigenous_analysis_sample,INC_FAM_WORK_INCOME,"70,000-79,999 元",345,0.07676902536715621,0,0
2017,indigenous_analysis_sample,INC_FAM_WORK_INCOME,"80,000-89,999 元",234,0.0520694259012016,0,0
2017,indigenous_analysis_sample,INC_FAM_WORK_INCOME,"9,999 元及以下",154,0.03426791277258567,0,0
2017,indigenous_analysis_sample,INC_FAM_WORK_INCOME,"90,000-99,999 元",189,0.04205607476635514,0,0
2017,indigenous_analysis_sample,INC_FAM_WORK_INCOME,沒有這項收入,353,0.0785491766800178,0,0
2017,indigenous_analysis_sample,INC_PERS_GOV_INCOME,"1,000-1,999 元",24,0.0053404539385847796,0,0
2017,indigenous_analysis_sample,INC_PERS_GOV_INCOME,"10,000-14,999 元",85,0.018914107699154428,0,0
2017,indigenous_analysis_sample,INC_PERS_GOV_INCOME,"15,000-19,999 元",27,0.006008010680907877,0,0
2017,indigenous_analysis_sample,INC_PERS_GOV_INCOME,"2,000-2,999 元",48,0.010680907877169559,0,0
2017,indigenous_analysis_sample,INC_PERS_GOV_INCOME,"20,000-29,999 元",20,0.004450378282153983,0,0
2017,indigenous_analysis_sample,INC_PERS_GOV_INCOME,"3,000-3,999 元",579,0.1288384512683578,0,0
2017,indigenous_analysis_sample,INC_PERS_GOV_INCOME,"30,000 元及以上，請記錄________元",11,0.002447708055184691,0,0
2017,indigenous_analysis_sample,INC_PERS_GOV_INCOME,"4,000-4,999 元",105,0.02336448598130841,0,0
2017,indigenous_analysis_sample,INC_PERS_GOV_INCOME,"5,000-5,999 元",29,0.006453048509123275,0,0
2017,indigenous_analysis_sample,INC_PERS_GOV_INCOME,"6,000-7,999 元",255,0.056742323097463285,0,0
2017,indigenous_analysis_sample,INC_PERS_GOV_INCOME,"8,000-9,999 元",34,0.0075656430796617715,0,0
2017,indigenous_analysis_sample,INC_PERS_GOV_INCOME,999 元及以下,24,0.0053404539385847796,0,0
2017,indigenous_analysis_sample,INC_PERS_GOV_INCOME,沒有這項收入,3253,0.7238540275923453,0,0
2017,indigenous_analysis_sample,INC_PERS_INTEREST_INCOME,"1,000-1,999 元",65,0.014463729417000444,0,0
2017,indigenous_analysis_sample,INC_PERS_INTEREST_INCOME,"10,000-14,999 元",7,0.001557632398753894,0,0
2017,indigenous_analysis_sample,INC_PERS_INTEREST_INCOME,"15,000-19,999 元",8,0.0017801513128615932,0,0
2017,indigenous_analysis_sample,INC_PERS_INTEREST_INCOME,"2,000-2,999 元",26,0.005785491766800178,0,0
2017,indigenous_analysis_sample,INC_PERS_INTEREST_INCOME,"20,000-29,999 元",5,0.0011125945705384957,0,0
2017,indigenous_analysis_sample,INC_PERS_INTEREST_INCOME,"3,000-3,999 元",8,0.0017801513128615932,0,0
2017,indigenous_analysis_sample,INC_PERS_INTEREST_INCOME,"30,000 元及以上，請記錄________元",4,8.900756564307966e-4,0,0
2017,indigenous_analysis_sample,INC_PERS_INTEREST_INCOME,"4,000-4,999 元",12,0.0026702269692923898,0,0
2017,indigenous_analysis_sample,INC_PERS_INTEREST_INCOME,"5,000-5,999 元",11,0.002447708055184691,0,0
2017,indigenous_analysis_sample,INC_PERS_INTEREST_INCOME,"6,000-7,999 元",4,8.900756564307966e-4,0,0
2017,indigenous_analysis_sample,INC_PERS_INTEREST_INCOME,"8,000-9,999 元",6,0.0013351134846461949,0,0
2017,indigenous_analysis_sample,INC_PERS_INTEREST_INCOME,999 元及以下,431,0.09590565198041834,0,0
2017,indigenous_analysis_sample,INC_PERS_INTEREST_INCOME,沒有這項收入,3907,0.8693813974187806,0,0
2017,indigenous_analysis_sample,INC_PERS_OTHER_INCOME,"10,000-14,999 元",14,0.003115264797507788,0,0
2017,indigenous_analysis_sample,INC_PERS_OTHER_INCOME,"15,000-19,999 元",13,0.002892745883400089,0,0
2017,indigenous_analysis_sample,INC_PERS_OTHER_INCOME,"20,000-24,999 元",5,0.0011125945705384957,0,0
2017,indigenous_analysis_sample,INC_PERS_OTHER_INCOME,"25,000-29,999 元",1,2.2251891410769915e-4,0,0
2017,indigenous_analysis_sample,INC_PERS_OTHER_INCOME,"30,000-39,999 元",3,6.675567423230974e-4,0,0
2017,indigenous_analysis_sample,INC_PERS_OTHER_INCOME,"4,999 元及以下",163,0.03627058299955496,0,0
2017,indigenous_analysis_sample,INC_PERS_OTHER_INCOME,"40,000-49,999 元",2,4.450378282153983e-4,0,0
2017,indigenous_analysis_sample,INC_PERS_OTHER_INCOME,"5,000-9,999 元",29,0.006453048509123275,0,0
2017,indigenous_analysis_sample,INC_PERS_OTHER_INCOME,"50,000-59,999 元",1,2.2251891410769915e-4,0,0
2017,indigenous_analysis_sample,INC_PERS_OTHER_INCOME,"60,000-69,999 元",1,2.2251891410769915e-4,0,0
2017,indigenous_analysis_sample,INC_PERS_OTHER_INCOME,沒有這項收入,4262,0.9483756119270138,0,0
2017,indigenous_analysis_sample,INC_PERS_RENT_INCOME,"10,000-14,999 元",7,0.001557632398753894,0,0
2017,indigenous_analysis_sample,INC_PERS_RENT_INCOME,"15,000-19,999 元",5,0.0011125945705384957,0,0
2017,indigenous_analysis_sample,INC_PERS_RENT_INCOME,"20,000-24,999 元",3,6.675567423230974e-4,0,0
2017,indigenous_analysis_sample,INC_PERS_RENT_INCOME,"25,000-29,999 元",3,6.675567423230974e-4,0,0
2017,indigenous_analysis_sample,INC_PERS_RENT_INCOME,"30,000-39,999 元",3,6.675567423230974e-4,0,0
2017,indigenous_analysis_sample,INC_PERS_RENT_INCOME,"4,999 元及以下",23,0.005117935024477081,0,0
2017,indigenous_analysis_sample,INC_PERS_RENT_INCOME,"40,000-49,999 元",1,2.2251891410769915e-4,0,0
2017,indigenous_analysis_sample,INC_PERS_RENT_INCOME,"5,000-9,999 元",19,0.004227859368046284,0,0
2017,indigenous_analysis_sample,INC_PERS_RENT_INCOME,"50,000-59,999 元",1,2.2251891410769915e-4,0,0
2017,indigenous_analysis_sample,INC_PERS_RENT_INCOME,"70,000-79,999 元",1,2.2251891410769915e-4,0,0
2017,indigenous_analysis_sample,INC_PERS_RENT_INCOME,"80,000 元及以上，請記錄_________________元",1,2.2251891410769915e-4,0,0
2017,indigenous_analysis_sample,INC_PERS_RENT_INCOME,沒有這項收入,4427,0.9850912327547842,0,0
2017,indigenous_analysis_sample,INC_PERS_TRANSFER_INCOME,"1,000-1,999 元",53,0.011793502447708056,0,0
2017,indigenous_analysis_sample,INC_PERS_TRANSFER_INCOME,"10,000-14,999 元",6,0.0013351134846461949,0,0
2017,indigenous_analysis_sample,INC_PERS_TRANSFER_INCOME,"15,000-19,999 元",6,0.0013351134846461949,0,0
2017,indigenous_analysis_sample,INC_PERS_TRANSFER_INCOME,"2,000-2,999 元",35,0.00778816199376947,0,0
2017,indigenous_analysis_sample,INC_PERS_TRANSFER_INCOME,"20,000-29,999 元",2,4.450378282153983e-4,0,0
2017,indigenous_analysis_sample,INC_PERS_TRANSFER_INCOME,"3,000-3,999 元",19,0.004227859368046284,0,0
2017,indigenous_analysis_sample,INC_PERS_TRANSFER_INCOME,"30,000 元及以上，請記錄________元",1,2.2251891410769915e-4,0,0
2017,indigenous_analysis_sample,INC_PERS_TRANSFER_INCOME,"4,000-4,999 元",19,0.004227859368046284,0,0
2017,indigenous_analysis_sample,INC_PERS_TRANSFER_INCOME,"5,000-5,999 元",13,0.002892745883400089,0,0
2017,indigenous_analysis_sample,INC_PERS_TRANSFER_INCOME,"6,000-7,999 元",9,0.0020026702269692926,0,0
2017,indigenous_analysis_sample,INC_PERS_TRANSFER_INCOME,"8,000-9,999 元",9,0.0020026702269692926,0,0
2017,indigenous_analysis_sample,INC_PERS_TRANSFER_INCOME,999 元及以下,219,0.048731642189586116,0,0
2017,indigenous_analysis_sample,INC_PERS_TRANSFER_INCOME,沒有這項收入,4103,0.9129951045838897,0,0
2017,indigenous_analysis_sample,INC_PERS_WORK_INCOME,"10,000-14,999 元",246,0.05473965287049399,0,0
2017,indigenous_analysis_sample,INC_PERS_WORK_INCOME,"100,000-129,999元",23,0.005117935024477081,0,0
2017,indigenous_analysis_sample,INC_PERS_WORK_INCOME,"130,000-159,999元",9,0.0020026702269692926,0,0
2017,indigenous_analysis_sample,INC_PERS_WORK_INCOME,"15,000-19,999 元",308,0.06853582554517133,0,0
2017,indigenous_analysis_sample,INC_PERS_WORK_INCOME,"160,000 元及以上，請記錄____________元",8,0.0017801513128615932,0,0
2017,indigenous_analysis_sample,INC_PERS_WORK_INCOME,"20,000-24,999 元",582,0.1295060080106809,0,0
2017,indigenous_analysis_sample,INC_PERS_WORK_INCOME,"25,000-29,999 元",553,0.12305295950155763,0,0
2017,indigenous_analysis_sample,INC_PERS_WORK_INCOME,"30,000-39,999 元",903,0.20093457943925233,0,0
2017,indigenous_analysis_sample,INC_PERS_WORK_INCOME,"40,000-49,999 元",510,0.11348464619492657,0,0
2017,indigenous_analysis_sample,INC_PERS_WORK_INCOME,"50,000-59,999 元",253,0.05629728526924788,0,0
2017,indigenous_analysis_sample,INC_PERS_WORK_INCOME,"60,000-69,999 元",122,0.027147307521139297,0,0
2017,indigenous_analysis_sample,INC_PERS_WORK_INCOME,"70,000-79,999 元",56,0.012461059190031152,0,0
2017,indigenous_analysis_sample,INC_PERS_WORK_INCOME,"80,000-89,999 元",37,0.0082331998219848691,0,0
2017,indigenous_analysis_sample,INC_PERS_WORK_INCOME,"9,999 元及以下",250,0.05562972852692479,0,0
2017,indigenous_analysis_sample,INC_PERS_WORK_INCOME,"90,000-99,999 元",13,0.002892745883400089,0,0
2017,indigenous_analysis_sample,INC_PERS_WORK_INCOME,沒有這項收入,621,0.13818424566088117,0,0
2017,indigenous_analysis_sample,MALE,男性,2788,0.6203827325322653,0,0
2017,indigenous_analysis_sample,MALE,非男性,1706,0.3796172674677348,0,0
2017,indigenous_analysis_sample,RACE,卑南族,131,0.02914997774810859,0,0
2017,indigenous_analysis_sample,RACE,卡那卡那富族,1,2.2251891410769915e-4,0,0
2017,indigenous_analysis_sample,RACE,噶瑪蘭族,17,0.0037828215398308857,0,0
2017,indigenous_analysis_sample,RACE,太魯閣族,224,0.04984423676012461,0,0
2017,indigenous_analysis_sample,RACE,布農族,485,0.10792167334223408,0,0
2017,indigenous_analysis_sample,RACE,拉阿魯哇族,3,6.675567423230974e-4,0,0
2017,indigenous_analysis_sample,RACE,排灣族,832,0.1851357365376057,0,0
2017,indigenous_analysis_sample,RACE,撒奇萊雅族,11,0.002447708055184691,0,0
2017,indigenous_analysis_sample,RACE,泰雅族,661,0.14708500222518914,0,0
2017,indigenous_analysis_sample,RACE,賽夏族,64,0.014241210502892745,0,0
2017,indigenous_analysis_sample,RACE,賽德克族,81,0.018024032042723633,0,0
2017,indigenous_analysis_sample,RACE,邵族,5,0.0011125945705384957,0,0
2017,indigenous_analysis_sample,RACE,鄒族,56,0.012461059190031152,0,0
2017,indigenous_analysis_sample,RACE,阿美族,1789,0.39808633733867377,0,0
2017,indigenous_analysis_sample,RACE,雅美族/達悟族,34,0.0075656430796617715,0,0
2017,indigenous_analysis_sample,RACE,魯凱族,100,0.022251891410769914,0,0
2017,indigenous_analysis_sample,RENT,"1,000-2,999元",44,0.04040404040404041,3405,0.7576769025367156
2017,indigenous_analysis_sample,RENT,"10,000-19,999元",312,0.2865013774104683,3405,0.7576769025367156
2017,indigenous_analysis_sample,RENT,"20,000元以上",1,9.182736455463728e-4,3405,0.7576769025367156
2017,indigenous_analysis_sample,RENT,20000,7,0.006427915518824609,3405,0.7576769025367156
2017,indigenous_analysis_sample,RENT,20500,1,9.182736455463728e-4,3405,0.7576769025367156
2017,indigenous_analysis_sample,RENT,21000,3,0.0027548209366391185,3405,0.7576769025367156
2017,indigenous_analysis_sample,RENT,22000,3,0.0027548209366391185,3405,0.7576769025367156
2017,indigenous_analysis_sample,RENT,24000,2,0.0018365472910927456,3405,0.7576769025367156
2017,indigenous_analysis_sample,RENT,25000,3,0.0027548209366391185,3405,0.7576769025367156
2017,indigenous_analysis_sample,RENT,26000,1,9.182736455463728e-4,3405,0.7576769025367156
2017,indigenous_analysis_sample,RENT,27000,1,9.182736455463728e-4,3405,0.7576769025367156
2017,indigenous_analysis_sample,RENT,28000,2,0.0018365472910927456,3405,0.7576769025367156
2017,indigenous_analysis_sample,RENT,"3,000-4,999元",114,0.1046831955922865,3405,0.7576769025367156
2017,indigenous_analysis_sample,RENT,30000,5,0.004591368227731864,3405,0.7576769025367156
2017,indigenous_analysis_sample,RENT,33000,1,9.182736455463728e-4,3405,0.7576769025367156
2017,indigenous_analysis_sample,RENT,35000,1,9.182736455463728e-4,3405,0.7576769025367156
2017,indigenous_analysis_sample,RENT,38000,2,0.0018365472910927456,3405,0.7576769025367156
2017,indigenous_analysis_sample,RENT,"5,000-6,999元",253,0.23232323232323232,3405,0.7576769025367156
2017,indigenous_analysis_sample,RENT,"7,000-9,999元",286,0.26262626262626265,3405,0.7576769025367156
2017,indigenous_analysis_sample,RENT,不需要支付租金,27,0.024793388429752067,3405,0.7576769025367156
2017,indigenous_analysis_sample,RENT,"未滿1,000元",20,0.018365472910927456,3405,0.7576769025367156
2017,indigenous_analysis_sample,RESPONDENT_UNIT,economic_household_head,4494,1,0,0
2017,indigenous_analysis_sample,RESPONDENT_UNIT_SOURCE,106年問卷G部分：經濟戶長基本資料,4494,1,0,0
2021,indigenous_analysis_sample,AGE_GROUP,20-29歲,206,0.046903460837887066,0,0
2021,indigenous_analysis_sample,AGE_GROUP,30-39歲,667,0.15186703096539161,0,0
2021,indigenous_analysis_sample,AGE_GROUP,40-49歲,908,0.20673952641165755,0,0
2021,indigenous_analysis_sample,AGE_GROUP,50-59歲,1074,0.24453551912568305,0,0
2021,indigenous_analysis_sample,AGE_GROUP,60歲以上,1537,0.3499544626593807,0,0
2021,indigenous_analysis_sample,AGE_GROUP_HARMONIZED,20-29歲,206,0.046903460837887066,0,0
2021,indigenous_analysis_sample,AGE_GROUP_HARMONIZED,30-39歲,667,0.15186703096539161,0,0
2021,indigenous_analysis_sample,AGE_GROUP_HARMONIZED,40-49歲,908,0.20673952641165755,0,0
2021,indigenous_analysis_sample,AGE_GROUP_HARMONIZED,50-59歲,1074,0.24453551912568305,0,0
2021,indigenous_analysis_sample,AGE_GROUP_HARMONIZED,60歲以上,1537,0.3499544626593807,0,0
2021,indigenous_analysis_sample,AGE_MEASURE_TYPE,age_group,4392,1,0,0
2021,indigenous_analysis_sample,EDU,不識字/自修,132,0.030054644808743168,0,0
2021,indigenous_analysis_sample,EDU,國(初)中,935,0.2128870673952641,0,0
2021,indigenous_analysis_sample,EDU,國小,1026,0.2336065573770492,0,0
2021,indigenous_analysis_sample,EDU,專科以上,798,0.18169398907103826,0,0
2021,indigenous_analysis_sample,EDU,高中職,1501,0.34175774134790526,0,0
2021,indigenous_analysis_sample,EXP_ALCOHOL_EXPENDITURE,"1,000-1,999 元",495,0.11270491803278689,0,0
2021,indigenous_analysis_sample,EXP_ALCOHOL_EXPENDITURE,"10,000-14,999 元",91,0.020719489981785064,0,0
2021,indigenous_analysis_sample,EXP_ALCOHOL_EXPENDITURE,"15,000-19,999 元",25,0.005692167577413479,0,0
2021,indigenous_analysis_sample,EXP_ALCOHOL_EXPENDITURE,"2,000-2,999 元",406,0.0924408014571949,0,0
2021,indigenous_analysis_sample,EXP_ALCOHOL_EXPENDITURE,"20,000-29,999 元",18,0.004098360655737705,0,0
2021,indigenous_analysis_sample,EXP_ALCOHOL_EXPENDITURE,"3,000-3,999 元",411,0.0935792349726776,0,0
2021,indigenous_analysis_sample,EXP_ALCOHOL_EXPENDITURE,"30,000 元及以上，請記錄________元",1,2.2768670309653916e-4,0,0
2021,indigenous_analysis_sample,EXP_ALCOHOL_EXPENDITURE,"4,000-4,999 元",234,0.05327868852459016,0,0
2021,indigenous_analysis_sample,EXP_ALCOHOL_EXPENDITURE,499 元及以下,387,0.08811475409836066,0,0
2021,indigenous_analysis_sample,EXP_ALCOHOL_EXPENDITURE,"5,000-6,999 元",214,0.048724954462659384,0,0
2021,indigenous_analysis_sample,EXP_ALCOHOL_EXPENDITURE,500-999 元,477,0.10860655737704918,0,0
2021,indigenous_analysis_sample,EXP_ALCOHOL_EXPENDITURE,"7,000-9,999 元",156,0.03551912568306011,0,0
2021,indigenous_analysis_sample,EXP_ALCOHOL_EXPENDITURE,沒有這項支出,1477,0.3362932604735883,0,0
2021,indigenous_analysis_sample,EXP_BOOKS_EXPENDITURE,"1,000元-未滿2,000元",200,0.04553734061930783,0,0
2021,indigenous_analysis_sample,EXP_BOOKS_EXPENDITURE,"10,000元-未滿15,000元",2,4.553734061930783e-4,0,0
2021,indigenous_analysis_sample,EXP_BOOKS_EXPENDITURE,"2,000元-未滿3,000元",60,0.01366120218579235,0,0
2021,indigenous_analysis_sample,EXP_BOOKS_EXPENDITURE,"3,000元-未滿4,000元",16,0.0036429872495446266,0,0
2021,indigenous_analysis_sample,EXP_BOOKS_EXPENDITURE,"4,000元-未滿5,000元",10,0.002276867030965392,0,0
2021,indigenous_analysis_sample,EXP_BOOKS_EXPENDITURE,"5,000元-未滿7,000元",4,9.107468123861566e-4,0,0
2021,indigenous_analysis_sample,EXP_BOOKS_EXPENDITURE,"7,000元-未滿10,000元",3,6.830601092896175e-4,0,0
2021,indigenous_analysis_sample,EXP_BOOKS_EXPENDITURE,"未滿1,000元",933,0.21243169398907105,0,0
2021,indigenous_analysis_sample,EXP_BOOKS_EXPENDITURE,沒有這項支出,3164,0.7204007285974499,0,0
2021,indigenous_analysis_sample,EXP_CARE_EXPENDITURE,"1,000元-未滿2,000元",45,0.010245901639344262,0,0
2021,indigenous_analysis_sample,EXP_CARE_EXPENDITURE,"10,000元-未滿15,000元",19,0.004326047358834244,0,0
2021,indigenous_analysis_sample,EXP_CARE_EXPENDITURE,100000,3,6.830601092896175e-4,0,0
2021,indigenous_analysis_sample,EXP_CARE_EXPENDITURE,"15,000元-未滿20,000元",9,0.0020491803278688526,0,0
2021,indigenous_analysis_sample,EXP_CARE_EXPENDITURE,"2,000元-未滿3,000元",24,0.00546448087431694,0,0
2021,indigenous_analysis_sample,EXP_CARE_EXPENDITURE,"20,000元-未滿30,000元",16,0.0036429872495446266,0,0
2021,indigenous_analysis_sample,EXP_CARE_EXPENDITURE,23000,1,2.2768670309653916e-4,0,0
2021,indigenous_analysis_sample,EXP_CARE_EXPENDITURE,25000,1,2.2768670309653916e-4,0,0
2021,indigenous_analysis_sample,EXP_CARE_EXPENDITURE,"3,000元-未滿4,000元",27,0.006147540983606557,0,0
2021,indigenous_analysis_sample,EXP_CARE_EXPENDITURE,30000,4,9.107468123861566e-4,0,0
2021,indigenous_analysis_sample,EXP_CARE_EXPENDITURE,33000,1,2.2768670309653916e-4,0,0
2021,indigenous_analysis_sample,EXP_CARE_EXPENDITURE,35000,1,2.2768670309653916e-4,0,0
2021,indigenous_analysis_sample,EXP_CARE_EXPENDITURE,38000,1,2.2768670309653916e-4,0,0
2021,indigenous_analysis_sample,EXP_CARE_EXPENDITURE,"4,000元-未滿5,000元",19,0.004326047358834244,0,0
2021,indigenous_analysis_sample,EXP_CARE_EXPENDITURE,"5,000元-未滿7,000元",14,0.0031876138433515485,0,0
2021,indigenous_analysis_sample,EXP_CARE_EXPENDITURE,50000,1,2.2768670309653916e-4,0,0
2021,indigenous_analysis_sample,EXP_CARE_EXPENDITURE,"7,000元-未滿10,000元",20,0.004553734061930784,0,0
2021,indigenous_analysis_sample,EXP_CARE_EXPENDITURE,"未滿1,000元",33,0.007513661202185792,0,0
2021,indigenous_analysis_sample,EXP_CARE_EXPENDITURE,沒有這項支出,4153,0.9455828779599271,0,0
2021,indigenous_analysis_sample,EXP_CLEANING_EXPENDITURE,"1,000-1,999 元",13,0.002959927140255009,0,0
2021,indigenous_analysis_sample,EXP_CLEANING_EXPENDITURE,"15,000-19,999 元",2,4.553734061930783e-4,0,0
2021,indigenous_analysis_sample,EXP_CLEANING_EXPENDITURE,"2,000-2,999 元",5,0.001138433515482696,0,0
2021,indigenous_analysis_sample,EXP_CLEANING_EXPENDITURE,"20,000-29,999 元",8,0.0018214936247723133,0,0
2021,indigenous_analysis_sample,EXP_CLEANING_EXPENDITURE,"3,000-3,999 元",3,6.830601092896175e-4,0,0
2021,indigenous_analysis_sample,EXP_CLEANING_EXPENDITURE,"4,000-4,999 元",1,2.2768670309653916e-4,0,0
2021,indigenous_analysis_sample,EXP_CLEANING_EXPENDITURE,"5,000-6,999 元",1,2.2768670309653916e-4,0,0
2021,indigenous_analysis_sample,EXP_CLEANING_EXPENDITURE,999 元及以下,46,0.010473588342440802,0,0
2021,indigenous_analysis_sample,EXP_CLEANING_EXPENDITURE,沒有這項支出,4313,0.9820127504553734,0,0
2021,indigenous_analysis_sample,EXP_CLOTHING_EXPENDITURE,"1,000元-未滿2,000元",987,0.22472677595628415,0,0
2021,indigenous_analysis_sample,EXP_CLOTHING_EXPENDITURE,"10,000元-未滿15,000元",30,0.006830601092896175,0,0
2021,indigenous_analysis_sample,EXP_CLOTHING_EXPENDITURE,"15,000元-未滿20,000元",17,0.003870673952641166,0,0
2021,indigenous_analysis_sample,EXP_CLOTHING_EXPENDITURE,"2,000元-未滿3,000元",485,0.11042805100182149,0,0
2021,indigenous_analysis_sample,EXP_CLOTHING_EXPENDITURE,"20,000元-未滿30,000元",7,0.0015938069216757742,0,0
2021,indigenous_analysis_sample,EXP_CLOTHING_EXPENDITURE,"3,000元-未滿4,000元",216,0.04918032786885246,0,0
2021,indigenous_analysis_sample,EXP_CLOTHING_EXPENDITURE,30000,2,4.553734061930783e-4,0,0
2021,indigenous_analysis_sample,EXP_CLOTHING_EXPENDITURE,35000,2,4.553734061930783e-4,0,0
2021,indigenous_analysis_sample,EXP_CLOTHING_EXPENDITURE,"4,000元-未滿5,000元",139,0.03164845173041894,0,0
2021,indigenous_analysis_sample,EXP_CLOTHING_EXPENDITURE,"5,000元-未滿7,000元",85,0.019353369763205827,0,0
2021,indigenous_analysis_sample,EXP_CLOTHING_EXPENDITURE,55000,1,2.2768670309653916e-4,0,0
2021,indigenous_analysis_sample,EXP_CLOTHING_EXPENDITURE,"7,000元-未滿10,000元",48,0.01092896174863388,0,0
2021,indigenous_analysis_sample,EXP_CLOTHING_EXPENDITURE,"未滿1,000元",1698,0.3866120218579235,0,0
2021,indigenous_analysis_sample,EXP_CLOTHING_EXPENDITURE,沒有這項支出,675,0.15368852459016394,0,0
2021,indigenous_analysis_sample,EXP_DINING_LODGING_EXPENDITURE,"1,000-1,999 元",449,0.10223132969034608,0,0
2021,indigenous_analysis_sample,EXP_DINING_LODGING_EXPENDITURE,"10,000-14,999 元",237,0.05396174863387978,0,0
2021,indigenous_analysis_sample,EXP_DINING_LODGING_EXPENDITURE,100000,2,4.553734061930783e-4,0,0
2021,indigenous_analysis_sample,EXP_DINING_LODGING_EXPENDITURE,110000,1,2.2768670309653916e-4,0,0
2021,indigenous_analysis_sample,EXP_DINING_LODGING_EXPENDITURE,120000,5,0.001138433515482696,0,0
2021,indigenous_analysis_sample,EXP_DINING_LODGING_EXPENDITURE,"15,000-19,999 元",106,0.02413479052823315,0,0
2021,indigenous_analysis_sample,EXP_DINING_LODGING_EXPENDITURE,15000,1,2.2768670309653916e-4,0,0
2021,indigenous_analysis_sample,EXP_DINING_LODGING_EXPENDITURE,"2,000-2,999 元",453,0.10314207650273224,0,0
2021,indigenous_analysis_sample,EXP_DINING_LODGING_EXPENDITURE,"20,000-29,999 元",82,0.018670309653916212,0,0
2021,indigenous_analysis_sample,EXP_DINING_LODGING_EXPENDITURE,20000,1,2.2768670309653916e-4,0,0
2021,indigenous_analysis_sample,EXP_DINING_LODGING_EXPENDITURE,25000,1,2.2768670309653916e-4,0,0
2021,indigenous_analysis_sample,EXP_DINING_LODGING_EXPENDITURE,"3,000-3,999 元",268,0.0610200364298725,0,0
2021,indigenous_analysis_sample,EXP_DINING_LODGING_EXPENDITURE,30000,17,0.003870673952641166,0,0
2021,indigenous_analysis_sample,EXP_DINING_LODGING_EXPENDITURE,32000,2,4.553734061930783e-4,0,0
2021,indigenous_analysis_sample,EXP_DINING_LODGING_EXPENDITURE,35000,1,2.2768670309653916e-4,0,0
2021,indigenous_analysis_sample,EXP_DINING_LODGING_EXPENDITURE,36000,3,6.830601092896175e-4,0,0
2021,indigenous_analysis_sample,EXP_DINING_LODGING_EXPENDITURE,"4,000-4,999 元",271,0.06170309653916211,0,0
2021,indigenous_analysis_sample,EXP_DINING_LODGING_EXPENDITURE,4000,1,2.2768670309653916e-4,0,0
2021,indigenous_analysis_sample,EXP_DINING_LODGING_EXPENDITURE,40000,3,6.830601092896175e-4,0,0
2021,indigenous_analysis_sample,EXP_DINING_LODGING_EXPENDITURE,45000,1,2.2768670309653916e-4,0,0
2021,indigenous_analysis_sample,EXP_DINING_LODGING_EXPENDITURE,"5,000-6,999 元",308,0.07012750455373407,0,0
2021,indigenous_analysis_sample,EXP_DINING_LODGING_EXPENDITURE,60000,2,4.553734061930783e-4,0,0
2021,indigenous_analysis_sample,EXP_DINING_LODGING_EXPENDITURE,"7,000-9,999 元",241,0.05487249544626594,0,0
2021,indigenous_analysis_sample,EXP_DINING_LODGING_EXPENDITURE,84000,1,2.2768670309653916e-4,0,0
2021,indigenous_analysis_sample,EXP_DINING_LODGING_EXPENDITURE,90000,1,2.2768670309653916e-4,0,0
2021,indigenous_analysis_sample,EXP_DINING_LODGING_EXPENDITURE,96000,1,2.2768670309653916e-4,0,0
2021,indigenous_analysis_sample,EXP_DINING_LODGING_EXPENDITURE,999 元及以下,435,0.09904371584699453,0,0
2021,indigenous_analysis_sample,EXP_DINING_LODGING_EXPENDITURE,沒有這項支出,1498,0.3410746812386157,0,0
2021,indigenous_analysis_sample,EXP_EDU_TUITION_EXPENDITURE,"1,000元-未滿2,000元",275,0.06261384335154827,0,0
2021,indigenous_analysis_sample,EXP_EDU_TUITION_EXPENDITURE,"10,000元-未滿15,000元",86,0.019581056466302368,0,0
2021,indigenous_analysis_sample,EXP_EDU_TUITION_EXPENDITURE,"15,000元-未滿20,000元",20,0.004553734061930784,0,0
2021,indigenous_analysis_sample,EXP_EDU_TUITION_EXPENDITURE,16000,1,2.2768670309653916e-4,0,0
2021,indigenous_analysis_sample,EXP_EDU_TUITION_EXPENDITURE,"2,000元-未滿3,000元",219,0.049863387978142076,0,0
2021,indigenous_analysis_sample,EXP_EDU_TUITION_EXPENDITURE,"20,000元-未滿30,000元",31,0.007058287795992714,0,0
2021,indigenous_analysis_sample,EXP_EDU_TUITION_EXPENDITURE,20000,1,2.2768670309653916e-4,0,0
2021,indigenous_analysis_sample,EXP_EDU_TUITION_EXPENDITURE,"3,000元-未滿4,000元",131,0.02982695810564663,0,0
2021,indigenous_analysis_sample,EXP_EDU_TUITION_EXPENDITURE,30000,6,0.001366120218579235,0,0
2021,indigenous_analysis_sample,EXP_EDU_TUITION_EXPENDITURE,35000,1,2.2768670309653916e-4,0,0
2021,indigenous_analysis_sample,EXP_EDU_TUITION_EXPENDITURE,"4,000元-未滿5,000元",116,0.026411657559198543,0,0
2021,indigenous_analysis_sample,EXP_EDU_TUITION_EXPENDITURE,40000,1,2.2768670309653916e-4,0,0
2021,indigenous_analysis_sample,EXP_EDU_TUITION_EXPENDITURE,45000,1,2.2768670309653916e-4,0,0
2021,indigenous_analysis_sample,EXP_EDU_TUITION_EXPENDITURE,"5,000元-未滿7,000元",109,0.02481785063752277,0,0
2021,indigenous_analysis_sample,EXP_EDU_TUITION_EXPENDITURE,60000,3,6.830601092896175e-4,0,0
2021,indigenous_analysis_sample,EXP_EDU_TUITION_EXPENDITURE,"7,000元-未滿10,000元",120,0.0273224043715847,0,0
2021,indigenous_analysis_sample,EXP_EDU_TUITION_EXPENDITURE,70000,1,2.2768670309653916e-4,0,0
2021,indigenous_analysis_sample,EXP_EDU_TUITION_EXPENDITURE,73200,1,2.2768670309653916e-4,0,0
2021,indigenous_analysis_sample,EXP_EDU_TUITION_EXPENDITURE,90000,4,9.107468123861566e-4,0,0
2021,indigenous_analysis_sample,EXP_EDU_TUITION_EXPENDITURE,"未滿1,000元",309,0.0703551912568306,0,0
2021,indigenous_analysis_sample,EXP_EDU_TUITION_EXPENDITURE,沒有這項支出,2956,0.6730418943533698,0,0
2021,indigenous_analysis_sample,EXP_FOOD_EXPENDITURE,"10,000-11,999 元",584,0.13296903460837886,0,0
2021,indigenous_analysis_sample,EXP_FOOD_EXPENDITURE,"12,000-14,999 元",480,0.1092896174863388,0,0
2021,indigenous_analysis_sample,EXP_FOOD_EXPENDITURE,"15,000-19,999 元",451,0.10268670309653916,0,0
2021,indigenous_analysis_sample,EXP_FOOD_EXPENDITURE,"20,000-29,999 元",410,0.09335154826958106,0,0
2021,indigenous_analysis_sample,EXP_FOOD_EXPENDITURE,"3,000-4,999 元",600,0.1366120218579235,0,0
2021,indigenous_analysis_sample,EXP_FOOD_EXPENDITURE,"30,000-39,999 元",126,0.028688524590163935,0,0
2021,indigenous_analysis_sample,EXP_FOOD_EXPENDITURE,"40,000-49,999 元",24,0.00546448087431694,0,0
2021,indigenous_analysis_sample,EXP_FOOD_EXPENDITURE,"5,000-6,999 元",660,0.15027322404371585,0,0
2021,indigenous_analysis_sample,EXP_FOOD_EXPENDITURE,"50,000-59,999 元",9,0.0020491803278688526,0,0
2021,indigenous_analysis_sample,EXP_FOOD_EXPENDITURE,"60,000-69,999 元",6,0.001366120218579235,0,0
2021,indigenous_analysis_sample,EXP_FOOD_EXPENDITURE,"7,000-9,999 元",616,0.14025500910746813,0,0
2021,indigenous_analysis_sample,EXP_FOOD_EXPENDITURE,"70,000 元及以上，請記錄______________元",1,2.2768670309653916e-4,0,0
2021,indigenous_analysis_sample,EXP_FOOD_EXPENDITURE,"未滿3,000元",425,0.09676684881602915,0,0
2021,indigenous_analysis_sample,EXP_FURNITURE_EXPENDITURE,"1,000元-未滿2,000元",481,0.10951730418943534,0,0
2021,indigenous_analysis_sample,EXP_FURNITURE_EXPENDITURE,"10,000元-未滿15,000元",30,0.006830601092896175,0,0
2021,indigenous_analysis_sample,EXP_FURNITURE_EXPENDITURE,100000,1,2.2768670309653916e-4,0,0
2021,indigenous_analysis_sample,EXP_FURNITURE_EXPENDITURE,125000,5,0.001138433515482696,0,0
2021,indigenous_analysis_sample,EXP_FURNITURE_EXPENDITURE,"15,000元-未滿20,000元",20,0.004553734061930784,0,0
2021,indigenous_analysis_sample,EXP_FURNITURE_EXPENDITURE,"2,000元-未滿3,000元",276,0.06284153005464481,0,0
2021,indigenous_analysis_sample,EXP_FURNITURE_EXPENDITURE,"20,000元-未滿30,000元",30,0.006830601092896175,0,0
2021,indigenous_analysis_sample,EXP_FURNITURE_EXPENDITURE,"3,000元-未滿4,000元",149,0.033925318761384333,0,0
2021,indigenous_analysis_sample,EXP_FURNITURE_EXPENDITURE,30000,9,0.0020491803278688526,0,0
2021,indigenous_analysis_sample,EXP_FURNITURE_EXPENDITURE,31000,1,2.2768670309653916e-4,0,0
2021,indigenous_analysis_sample,EXP_FURNITURE_EXPENDITURE,35000,1,2.2768670309653916e-4,0,0
2021,indigenous_analysis_sample,EXP_FURNITURE_EXPENDITURE,"4,000元-未滿5,000元",102,0.023224043715846996,0,0
2021,indigenous_analysis_sample,EXP_FURNITURE_EXPENDITURE,40000,2,4.553734061930783e-4,0,0
2021,indigenous_analysis_sample,EXP_FURNITURE_EXPENDITURE,44000,1,2.2768670309653916e-4,0,0
2021,indigenous_analysis_sample,EXP_FURNITURE_EXPENDITURE,45000,1,2.2768670309653916e-4,0,0
2021,indigenous_analysis_sample,EXP_FURNITURE_EXPENDITURE,"5,000元-未滿7,000元",69,0.015710382513661202,0,0
2021,indigenous_analysis_sample,EXP_FURNITURE_EXPENDITURE,50000,3,6.830601092896175e-4,0,0
2021,indigenous_analysis_sample,EXP_FURNITURE_EXPENDITURE,51000,1,2.2768670309653916e-4,0,0
2021,indigenous_analysis_sample,EXP_FURNITURE_EXPENDITURE,55000,1,2.2768670309653916e-4,0,0
2021,indigenous_analysis_sample,EXP_FURNITURE_EXPENDITURE,60000,1,2.2768670309653916e-4,0,0
2021,indigenous_analysis_sample,EXP_FURNITURE_EXPENDITURE,"7,000元-未滿10,000元",33,0.007513661202185792,0,0
2021,indigenous_analysis_sample,EXP_FURNITURE_EXPENDITURE,"未滿1,000元",876,0.1994535519125683,0,0
2021,indigenous_analysis_sample,EXP_FURNITURE_EXPENDITURE,沒有這項支出,2299,0.5234517304189436,0,0
2021,indigenous_analysis_sample,EXP_HOUSING_UTIL_EXPENDITURE,"1,000-1,499 元",630,0.14344262295081966,0,0
2021,indigenous_analysis_sample,EXP_HOUSING_UTIL_EXPENDITURE,"1,500-1,999 元",538,0.12249544626593807,0,0
2021,indigenous_analysis_sample,EXP_HOUSING_UTIL_EXPENDITURE,"10,000-14,999 元",318,0.07240437158469945,0,0
2021,indigenous_analysis_sample,EXP_HOUSING_UTIL_EXPENDITURE,"15,000-19,999 元",177,0.040300546448087435,0,0
2021,indigenous_analysis_sample,EXP_HOUSING_UTIL_EXPENDITURE,"2,000-2,499 元",445,0.10132058287795993,0,0
2021,indigenous_analysis_sample,EXP_HOUSING_UTIL_EXPENDITURE,"2,500-2,999 元",554,0.1261384335154827,0,0
2021,indigenous_analysis_sample,EXP_HOUSING_UTIL_EXPENDITURE,"20,000-29,999 元",111,0.025273224043715847,0,0
2021,indigenous_analysis_sample,EXP_HOUSING_UTIL_EXPENDITURE,"3,000-4,999 元",711,0.16188524590163936,0,0
2021,indigenous_analysis_sample,EXP_HOUSING_UTIL_EXPENDITURE,"30,000-39,999 元",13,0.002959927140255009,0,0
2021,indigenous_analysis_sample,EXP_HOUSING_UTIL_EXPENDITURE,"40,000-49,999 元",7,0.0015938069216757742,0,0
2021,indigenous_analysis_sample,EXP_HOUSING_UTIL_EXPENDITURE,"5,000-9,999 元",476,0.10837887067395265,0,0
2021,indigenous_analysis_sample,EXP_HOUSING_UTIL_EXPENDITURE,"50,000-59,999 元",4,9.107468123861566e-4,0,0
2021,indigenous_analysis_sample,EXP_HOUSING_UTIL_EXPENDITURE,"60,000-69,999 元",2,4.553734061930783e-4,0,0
2021,indigenous_analysis_sample,EXP_HOUSING_UTIL_EXPENDITURE,"70,000 元及以上，請記錄____________元",5,0.001138433515482696,0,0
2021,indigenous_analysis_sample,EXP_HOUSING_UTIL_EXPENDITURE,999 元及以下,377,0.08583788706739526,0,0
2021,indigenous_analysis_sample,EXP_HOUSING_UTIL_EXPENDITURE,沒有這項支出,24,0.00546448087431694,0,0
2021,indigenous_analysis_sample,EXP_LOAN_INTEREST_EXPENDITURE,"1,000元-未滿2,000元",189,0.0430327868852459,0,0
2021,indigenous_analysis_sample,EXP_LOAN_INTEREST_EXPENDITURE,"10,000元-未滿15,000元",118,0.02686703096539162,0,0
2021,indigenous_analysis_sample,EXP_LOAN_INTEREST_EXPENDITURE,100000,9,0.0020491803278688526,0,0
2021,indigenous_analysis_sample,EXP_LOAN_INTEREST_EXPENDITURE,"15,000元-未滿20,000元",62,0.014116575591985429,0,0
2021,indigenous_analysis_sample,EXP_LOAN_INTEREST_EXPENDITURE,"2,000元-未滿3,000元",118,0.02686703096539162,0,0
2021,indigenous_analysis_sample,EXP_LOAN_INTEREST_EXPENDITURE,"20,000元-未滿30,000元",80,0.018214936247723135,0,0
2021,indigenous_analysis_sample,EXP_LOAN_INTEREST_EXPENDITURE,20000,1,2.2768670309653916e-4,0,0
2021,indigenous_analysis_sample,EXP_LOAN_INTEREST_EXPENDITURE,27000,1,2.2768670309653916e-4,0,0
2021,indigenous_analysis_sample,EXP_LOAN_INTEREST_EXPENDITURE,"3,000元-未滿4,000元",75,0.01707650273224044,0,0
2021,indigenous_analysis_sample,EXP_LOAN_INTEREST_EXPENDITURE,30000,5,0.001138433515482696,0,0
2021,indigenous_analysis_sample,EXP_LOAN_INTEREST_EXPENDITURE,33000,1,2.2768670309653916e-4,0,0
2021,indigenous_analysis_sample,EXP_LOAN_INTEREST_EXPENDITURE,35000,5,0.001138433515482696,0,0
2021,indigenous_analysis_sample,EXP_LOAN_INTEREST_EXPENDITURE,36000,2,4.553734061930783e-4,0,0
2021,indigenous_analysis_sample,EXP_LOAN_INTEREST_EXPENDITURE,38000,1,2.2768670309653916e-4,0,0
2021,indigenous_analysis_sample,EXP_LOAN_INTEREST_EXPENDITURE,"4,000元-未滿5,000元",52,0.011839708561020037,0,0
2021,indigenous_analysis_sample,EXP_LOAN_INTEREST_EXPENDITURE,4000,1,2.2768670309653916e-4,0,0
2021,indigenous_analysis_sample,EXP_LOAN_INTEREST_EXPENDITURE,40000,2,4.553734061930783e-4,0,0
2021,indigenous_analysis_sample,EXP_LOAN_INTEREST_EXPENDITURE,42000,1,2.2768670309653916e-4,0,0
2021,indigenous_analysis_sample,EXP_LOAN_INTEREST_EXPENDITURE,43000,1,2.2768670309653916e-4,0,0
2021,indigenous_analysis_sample,EXP_LOAN_INTEREST_EXPENDITURE,46000,1,2.2768670309653916e-4,0,0
2021,indigenous_analysis_sample,EXP_LOAN_INTEREST_EXPENDITURE,48000,1,2.2768670309653916e-4,0,0
2021,indigenous_analysis_sample,EXP_LOAN_INTEREST_EXPENDITURE,"5,000元-未滿7,000元",57,0.012978142076502733,0,0
2021,indigenous_analysis_sample,EXP_LOAN_INTEREST_EXPENDITURE,50000,1,2.2768670309653916e-4,0,0
2021,indigenous_analysis_sample,EXP_LOAN_INTEREST_EXPENDITURE,52000,1,2.2768670309653916e-4,0,0
2021,indigenous_analysis_sample,EXP_LOAN_INTEREST_EXPENDITURE,60000,2,4.553734061930783e-4,0,0
2021,indigenous_analysis_sample,EXP_LOAN_INTEREST_EXPENDITURE,66000,1,2.2768670309653916e-4,0,0
2021,indigenous_analysis_sample,EXP_LOAN_INTEREST_EXPENDITURE,"7,000元-未滿10,000元",60,0.01366120218579235,0,0
2021,indigenous_analysis_sample,EXP_LOAN_INTEREST_EXPENDITURE,85000,1,2.2768670309653916e-4,0,0
2021,indigenous_analysis_sample,EXP_LOAN_INTEREST_EXPENDITURE,"未滿1,000元",164,0.037340619307832425,0,0
2021,indigenous_analysis_sample,EXP_LOAN_INTEREST_EXPENDITURE,沒有這項支出,3379,0.7693533697632058,0,0
2021,indigenous_analysis_sample,EXP_MEDICAL_EXPENDITURE,"1,000-1,999 元",643,0.14640255009107467,0,0
2021,indigenous_analysis_sample,EXP_MEDICAL_EXPENDITURE,"10,000-14,999 元",128,0.029143897996357013,0,0
2021,indigenous_analysis_sample,EXP_MEDICAL_EXPENDITURE,"15,000-19,999 元",45,0.010245901639344262,0,0
2021,indigenous_analysis_sample,EXP_MEDICAL_EXPENDITURE,"2,000-2,999 元",339,0.07718579234972678,0,0
2021,indigenous_analysis_sample,EXP_MEDICAL_EXPENDITURE,"20,000-29,999 元",25,0.005692167577413479,0,0
2021,indigenous_analysis_sample,EXP_MEDICAL_EXPENDITURE,"3,000-3,999 元",284,0.06466302367941712,0,0
2021,indigenous_analysis_sample,EXP_MEDICAL_EXPENDITURE,"30,000 元及以上，請記錄________元",18,0.004098360655737705,0,0
2021,indigenous_analysis_sample,EXP_MEDICAL_EXPENDITURE,"4,000-4,999 元",171,0.0389344262295082,0,0
2021,indigenous_analysis_sample,EXP_MEDICAL_EXPENDITURE,499 元及以下,1327,0.30214025500910746,0,0
2021,indigenous_analysis_sample,EXP_MEDICAL_EXPENDITURE,"5,000-6,999 元",154,0.03506375227686703,0,0
2021,indigenous_analysis_sample,EXP_MEDICAL_EXPENDITURE,500-999 元,1000,0.22768670309653916,0,0
2021,indigenous_analysis_sample,EXP_MEDICAL_EXPENDITURE,"7,000-9,999 元",155,0.03529143897996357,0,0
2021,indigenous_analysis_sample,EXP_MEDICAL_EXPENDITURE,沒有這項支出,103,0.023451730418943533,0,0
2021,indigenous_analysis_sample,EXP_OTHER_EXPENDITURE,"1,000元-未滿2,000元",439,0.0999544626593807,0,0
2021,indigenous_analysis_sample,EXP_OTHER_EXPENDITURE,"10,000元-未滿15,000元",20,0.004553734061930784,0,0
2021,indigenous_analysis_sample,EXP_OTHER_EXPENDITURE,100000,1,2.2768670309653916e-4,0,0
2021,indigenous_analysis_sample,EXP_OTHER_EXPENDITURE,"15,000元-未滿20,000元",9,0.0020491803278688526,0,0
2021,indigenous_analysis_sample,EXP_OTHER_EXPENDITURE,"2,000元-未滿3,000元",340,0.07741347905282331,0,0
2021,indigenous_analysis_sample,EXP_OTHER_EXPENDITURE,"20,000元-未滿30,000元",8,0.0018214936247723133,0,0
2021,indigenous_analysis_sample,EXP_OTHER_EXPENDITURE,"3,000元-未滿4,000元",133,0.03028233151183971,0,0
2021,indigenous_analysis_sample,EXP_OTHER_EXPENDITURE,"4,000元-未滿5,000元",73,0.016621129326047358,0,0
2021,indigenous_analysis_sample,EXP_OTHER_EXPENDITURE,"5,000元-未滿7,000元",31,0.007058287795992714,0,0
2021,indigenous_analysis_sample,EXP_OTHER_EXPENDITURE,"7,000元-未滿10,000元",27,0.006147540983606557,0,0
2021,indigenous_analysis_sample,EXP_OTHER_EXPENDITURE,"未滿1,000元",858,0.1953551912568306,0,0
2021,indigenous_analysis_sample,EXP_OTHER_EXPENDITURE,沒有這項支出,2453,0.5585154826958105,0,0
2021,indigenous_analysis_sample,EXP_TAX_INS_GIFT_EXPENDITURE,"1,000-1,499 元",504,0.11475409836065574,0,0
2021,indigenous_analysis_sample,EXP_TAX_INS_GIFT_EXPENDITURE,"1,500-1,999 元",442,0.10063752276867031,0,0
2021,indigenous_analysis_sample,EXP_TAX_INS_GIFT_EXPENDITURE,"10,000-14,999 元",144,0.03278688524590164,0,0
2021,indigenous_analysis_sample,EXP_TAX_INS_GIFT_EXPENDITURE,"15,000-19,999 元",76,0.017304189435336976,0,0
2021,indigenous_analysis_sample,EXP_TAX_INS_GIFT_EXPENDITURE,"2,000-2,499 元",342,0.0778688524590164,0,0
2021,indigenous_analysis_sample,EXP_TAX_INS_GIFT_EXPENDITURE,"2,500-2,999 元",497,0.11316029143897996,0,0
2021,indigenous_analysis_sample,EXP_TAX_INS_GIFT_EXPENDITURE,"20,000-29,999 元",52,0.011839708561020037,0,0
2021,indigenous_analysis_sample,EXP_TAX_INS_GIFT_EXPENDITURE,"3,000-3,999 元",489,0.11133879781420765,0,0
2021,indigenous_analysis_sample,EXP_TAX_INS_GIFT_EXPENDITURE,"30,000 元及以上，請記錄________元",11,0.0025045537340619307,0,0
2021,indigenous_analysis_sample,EXP_TAX_INS_GIFT_EXPENDITURE,"4,000-4,999 元",390,0.08879781420765027,0,0
2021,indigenous_analysis_sample,EXP_TAX_INS_GIFT_EXPENDITURE,"5,000-6,999 元",439,0.0999544626593807,0,0
2021,indigenous_analysis_sample,EXP_TAX_INS_GIFT_EXPENDITURE,"7,000-9,999 元",290,0.06602914389799636,0,0
2021,indigenous_analysis_sample,EXP_TAX_INS_GIFT_EXPENDITURE,999 元及以下,490,0.11156648451730419,0,0
2021,indigenous_analysis_sample,EXP_TAX_INS_GIFT_EXPENDITURE,沒有這項支出,226,0.05145719489981785,0,0
2021,indigenous_analysis_sample,EXP_TRANSPORT_COMM_EXPENDITURE,"1,000-1,999 元",601,0.13683970856102004,0,0
2021,indigenous_analysis_sample,EXP_TRANSPORT_COMM_EXPENDITURE,"10,000-14,999 元",380,0.08652094717668488,0,0
2021,indigenous_analysis_sample,EXP_TRANSPORT_COMM_EXPENDITURE,"15,000-19,999 元",135,0.030737704918032786,0,0
2021,indigenous_analysis_sample,EXP_TRANSPORT_COMM_EXPENDITURE,"2,000-2,999 元",535,0.12181238615664845,0,0
2021,indigenous_analysis_sample,EXP_TRANSPORT_COMM_EXPENDITURE,"20,000-29,999 元",94,0.021402550091074682,0,0
2021,indigenous_analysis_sample,EXP_TRANSPORT_COMM_EXPENDITURE,"3,000-3,999 元",481,0.10951730418943534,0,0
2021,indigenous_analysis_sample,EXP_TRANSPORT_COMM_EXPENDITURE,"30,000 元及以上，請記錄________元",24,0.00546448087431694,0,0
2021,indigenous_analysis_sample,EXP_TRANSPORT_COMM_EXPENDITURE,"4,000-4,999 元",610,0.1388888888888889,0,0
2021,indigenous_analysis_sample,EXP_TRANSPORT_COMM_EXPENDITURE,"5,000-6,999 元",607,0.13820582877959928,0,0
2021,indigenous_analysis_sample,EXP_TRANSPORT_COMM_EXPENDITURE,"7,000-9,999 元",517,0.11771402550091074,0,0
2021,indigenous_analysis_sample,EXP_TRANSPORT_COMM_EXPENDITURE,999 元及以下,366,0.08333333333333333,0,0
2021,indigenous_analysis_sample,EXP_TRANSPORT_COMM_EXPENDITURE,沒有這項支出,42,0.009562841530054645,0,0
2021,indigenous_analysis_sample,EXP_TRAVEL_EXPENDITURE,"1,000元-未滿2,000元",276,0.06284153005464481,0,0
2021,indigenous_analysis_sample,EXP_TRAVEL_EXPENDITURE,"10,000元-未滿15,000元",14,0.0031876138433515485,0,0
2021,indigenous_analysis_sample,EXP_TRAVEL_EXPENDITURE,"15,000元-未滿20,000元",6,0.001366120218579235,0,0
2021,indigenous_analysis_sample,EXP_TRAVEL_EXPENDITURE,"2,000元-未滿3,000元",125,0.028460837887067394,0,0
2021,indigenous_analysis_sample,EXP_TRAVEL_EXPENDITURE,"20,000元-未滿30,000元",4,9.107468123861566e-4,0,0
2021,indigenous_analysis_sample,EXP_TRAVEL_EXPENDITURE,"3,000元-未滿4,000元",48,0.01092896174863388,0,0
2021,indigenous_analysis_sample,EXP_TRAVEL_EXPENDITURE,30000,1,2.2768670309653916e-4,0,0
2021,indigenous_analysis_sample,EXP_TRAVEL_EXPENDITURE,"4,000元-未滿5,000元",55,0.012522768670309653,0,0
2021,indigenous_analysis_sample,EXP_TRAVEL_EXPENDITURE,40000,1,2.2768670309653916e-4,0,0
2021,indigenous_analysis_sample,EXP_TRAVEL_EXPENDITURE,"5,000元-未滿7,000元",26,0.005919854280510018,0,0
2021,indigenous_analysis_sample,EXP_TRAVEL_EXPENDITURE,50000,1,2.2768670309653916e-4,0,0
2021,indigenous_analysis_sample,EXP_TRAVEL_EXPENDITURE,"7,000元-未滿10,000元",19,0.004326047358834244,0,0
2021,indigenous_analysis_sample,EXP_TRAVEL_EXPENDITURE,"未滿1,000元",445,0.10132058287795993,0,0
2021,indigenous_analysis_sample,EXP_TRAVEL_EXPENDITURE,沒有這項支出,3371,0.7675318761384335,0,0
2021,indigenous_analysis_sample,HAS_INDI_55PLUS,FALSE,1595,0.36316029143898,0,0
2021,indigenous_analysis_sample,HAS_INDI_55PLUS,TRUE,2797,0.63683970856102,0,0
2021,indigenous_analysis_sample,HAS_INDI_65PLUS,FALSE,2735,0.6227231329690346,0,0
2021,indigenous_analysis_sample,HAS_INDI_65PLUS,TRUE,1657,0.3772768670309654,0,0
2021,indigenous_analysis_sample,HOUSE_BELONG,借用,147,0.03346994535519126,0,0
2021,indigenous_analysis_sample,HOUSE_BELONG,租賃,908,0.20673952641165755,0,0
2021,indigenous_analysis_sample,HOUSE_BELONG,自有/家人所有/自建,3314,0.7545537340619308,0,0
2021,indigenous_analysis_sample,HOUSE_BELONG,配住,23,0.005236794171220401,0,0
2021,indigenous_analysis_sample,INC_FAM_GOV_INCOME,"1,000-1,999 元",57,0.012978142076502733,0,0
2021,indigenous_analysis_sample,INC_FAM_GOV_INCOME,"10,000-14,999 元",240,0.0546448087431694,0,0
2021,indigenous_analysis_sample,INC_FAM_GOV_INCOME,"15,000-19,999 元",86,0.019581056466302368,0,0
2021,indigenous_analysis_sample,INC_FAM_GOV_INCOME,"2,000-2,999 元",87,0.01980874316939891,0,0
2021,indigenous_analysis_sample,INC_FAM_GOV_INCOME,"20,000-29,999 元",56,0.012750455373406194,0,0
2021,indigenous_analysis_sample,INC_FAM_GOV_INCOME,"3,000-3,999 元",616,0.14025500910746813,0,0
2021,indigenous_analysis_sample,INC_FAM_GOV_INCOME,"30,000 元及以上，請記錄________元",12,0.00273224043715847,0,0
2021,indigenous_analysis_sample,INC_FAM_GOV_INCOME,"4,000-4,999 元",246,0.056010928961748634,0,0
2021,indigenous_analysis_sample,INC_FAM_GOV_INCOME,"5,000-5,999 元",176,0.04007285974499089,0,0
2021,indigenous_analysis_sample,INC_FAM_GOV_INCOME,"6,000-7,999 元",496,0.11293260473588343,0,0
2021,indigenous_analysis_sample,INC_FAM_GOV_INCOME,"8,000-9,999 元",164,0.037340619307832425,0,0
2021,indigenous_analysis_sample,INC_FAM_GOV_INCOME,999 元及以下,67,0.015255009107468125,0,0
2021,indigenous_analysis_sample,INC_FAM_GOV_INCOME,沒有這項收入,2089,0.47563752276867033,0,0
2021,indigenous_analysis_sample,INC_FAM_INTEREST_INCOME,"1,000-1,999 元",125,0.028460837887067394,0,0
2021,indigenous_analysis_sample,INC_FAM_INTEREST_INCOME,"10,000-14,999 元",34,0.007741347905282332,0,0
2021,indigenous_analysis_sample,INC_FAM_INTEREST_INCOME,"15,000-19,999 元",6,0.001366120218579235,0,0
2021,indigenous_analysis_sample,INC_FAM_INTEREST_INCOME,"2,000-2,999 元",61,0.013888888888888888,0,0
2021,indigenous_analysis_sample,INC_FAM_INTEREST_INCOME,"20,000-29,999 元",3,6.830601092896175e-4,0,0
2021,indigenous_analysis_sample,INC_FAM_INTEREST_INCOME,"3,000-3,999 元",26,0.005919854280510018,0,0
2021,indigenous_analysis_sample,INC_FAM_INTEREST_INCOME,"30,000 元及以上，請記錄________元",4,9.107468123861566e-4,0,0
2021,indigenous_analysis_sample,INC_FAM_INTEREST_INCOME,"4,000-4,999 元",22,0.005009107468123861,0,0
2021,indigenous_analysis_sample,INC_FAM_INTEREST_INCOME,"5,000-5,999 元",18,0.004098360655737705,0,0
2021,indigenous_analysis_sample,INC_FAM_INTEREST_INCOME,"6,000-7,999 元",8,0.0018214936247723133,0,0
2021,indigenous_analysis_sample,INC_FAM_INTEREST_INCOME,"8,000-9,999 元",12,0.00273224043715847,0,0
2021,indigenous_analysis_sample,INC_FAM_INTEREST_INCOME,999 元及以下,855,0.19467213114754098,0,0
2021,indigenous_analysis_sample,INC_FAM_INTEREST_INCOME,沒有這項收入,3218,0.732695810564663,0,0
2021,indigenous_analysis_sample,INC_FAM_OTHER_INCOME,"10,000元-未滿15,000元",18,0.004098360655737705,0,0
2021,indigenous_analysis_sample,INC_FAM_OTHER_INCOME,"15,000元-未滿20,000元",5,0.001138433515482696,0,0
2021,indigenous_analysis_sample,INC_FAM_OTHER_INCOME,"20,000元-未滿25,000元",9,0.0020491803278688526,0,0
2021,indigenous_analysis_sample,INC_FAM_OTHER_INCOME,"25,000元-未滿30,000元",6,0.001366120218579235,0,0
2021,indigenous_analysis_sample,INC_FAM_OTHER_INCOME,"30,000元-未滿40,000元",2,4.553734061930783e-4,0,0
2021,indigenous_analysis_sample,INC_FAM_OTHER_INCOME,"40,000元-未滿50,000元",1,2.2768670309653916e-4,0,0
2021,indigenous_analysis_sample,INC_FAM_OTHER_INCOME,"5,000元-未滿10,000元",34,0.007741347905282332,0,0
2021,indigenous_analysis_sample,INC_FAM_OTHER_INCOME,"50,000元-未滿60,000元",33,0.007513661202185792,0,0
2021,indigenous_analysis_sample,INC_FAM_OTHER_INCOME,"70,000元-未滿80,000元",2,4.553734061930783e-4,0,0
2021,indigenous_analysis_sample,INC_FAM_OTHER_INCOME,"未滿5,000元",198,0.045081967213114756,0,0
2021,indigenous_analysis_sample,INC_FAM_OTHER_INCOME,沒有這項收入,4084,0.9298724954462659,0,0
2021,indigenous_analysis_sample,INC_FAM_RENT_INCOME,"10,000-14,999 元",16,0.0036429872495446266,0,0
2021,indigenous_analysis_sample,INC_FAM_RENT_INCOME,"15,000-19,999 元",5,0.001138433515482696,0,0
2021,indigenous_analysis_sample,INC_FAM_RENT_INCOME,"20,000-24,999 元",5,0.001138433515482696,0,0
2021,indigenous_analysis_sample,INC_FAM_RENT_INCOME,"25,000-29,999 元",1,2.2768670309653916e-4,0,0
2021,indigenous_analysis_sample,INC_FAM_RENT_INCOME,"30,000-39,999 元",3,6.830601092896175e-4,0,0
2021,indigenous_analysis_sample,INC_FAM_RENT_INCOME,"4,999 元及以下",56,0.012750455373406194,0,0
2021,indigenous_analysis_sample,INC_FAM_RENT_INCOME,"40,000-49,999 元",2,4.553734061930783e-4,0,0
2021,indigenous_analysis_sample,INC_FAM_RENT_INCOME,"5,000-9,999 元",36,0.00819672131147541,0,0
2021,indigenous_analysis_sample,INC_FAM_RENT_INCOME,"50,000-59,999 元",16,0.0036429872495446266,0,0
2021,indigenous_analysis_sample,INC_FAM_RENT_INCOME,沒有這項收入,4252,0.9681238615664846,0,0
2021,indigenous_analysis_sample,INC_FAM_TRANSFER_INCOME,"1,000-1,999 元",142,0.03233151183970856,0,0
2021,indigenous_analysis_sample,INC_FAM_TRANSFER_INCOME,"10,000-14,999 元",9,0.0020491803278688526,0,0
2021,indigenous_analysis_sample,INC_FAM_TRANSFER_INCOME,"15,000-19,999 元",6,0.001366120218579235,0,0
2021,indigenous_analysis_sample,INC_FAM_TRANSFER_INCOME,"2,000-2,999 元",60,0.01366120218579235,0,0
2021,indigenous_analysis_sample,INC_FAM_TRANSFER_INCOME,"20,000-29,999 元",7,0.0015938069216757742,0,0
2021,indigenous_analysis_sample,INC_FAM_TRANSFER_INCOME,"3,000-3,999 元",27,0.006147540983606557,0,0
2021,indigenous_analysis_sample,INC_FAM_TRANSFER_INCOME,"30,000 元及以上，請記錄________元",2,4.553734061930783e-4,0,0
2021,indigenous_analysis_sample,INC_FAM_TRANSFER_INCOME,"4,000-4,999 元",23,0.005236794171220401,0,0
2021,indigenous_analysis_sample,INC_FAM_TRANSFER_INCOME,"5,000-5,999 元",13,0.002959927140255009,0,0
2021,indigenous_analysis_sample,INC_FAM_TRANSFER_INCOME,"6,000-7,999 元",11,0.0025045537340619307,0,0
2021,indigenous_analysis_sample,INC_FAM_TRANSFER_INCOME,"8,000-9,999 元",9,0.0020491803278688526,0,0
2021,indigenous_analysis_sample,INC_FAM_TRANSFER_INCOME,999 元及以下,233,0.053051001821493624,0,0
2021,indigenous_analysis_sample,INC_FAM_TRANSFER_INCOME,沒有這項收入,3850,0.8765938069216758,0,0
2021,indigenous_analysis_sample,INC_FAM_WORK_INCOME,"10,000-19,999 元",330,0.07513661202185792,0,0
2021,indigenous_analysis_sample,INC_FAM_WORK_INCOME,"100,000-129,999元",257,0.05851548269581056,0,0
2021,indigenous_analysis_sample,INC_FAM_WORK_INCOME,"130,000-159,999元",161,0.036657559198542806,0,0
2021,indigenous_analysis_sample,INC_FAM_WORK_INCOME,"160,000 元及以上，請記錄____________元",61,0.013888888888888888,0,0
2021,indigenous_analysis_sample,INC_FAM_WORK_INCOME,"20,000-29,999 元",461,0.10496357012750455,0,0
2021,indigenous_analysis_sample,INC_FAM_WORK_INCOME,"30,000-39,999 元",542,0.12340619307832422,0,0
2021,indigenous_analysis_sample,INC_FAM_WORK_INCOME,"40,000-49,999 元",492,0.11202185792349727,0,0
2021,indigenous_analysis_sample,INC_FAM_WORK_INCOME,"50,000-59,999 元",473,0.10769581056466303,0,0
2021,indigenous_analysis_sample,INC_FAM_WORK_INCOME,"60,000-69,999 元",358,0.08151183970856102,0,0
2021,indigenous_analysis_sample,INC_FAM_WORK_INCOME,"70,000-79,999 元",336,0.07650273224043716,0,0
2021,indigenous_analysis_sample,INC_FAM_WORK_INCOME,"80,000-89,999 元",246,0.056010928961748634,0,0
2021,indigenous_analysis_sample,INC_FAM_WORK_INCOME,"9,999 元及以下",174,0.03961748633879782,0,0
2021,indigenous_analysis_sample,INC_FAM_WORK_INCOME,"90,000-99,999 元",199,0.04530965391621129,0,0
2021,indigenous_analysis_sample,INC_FAM_WORK_INCOME,沒有這項收入,302,0.06876138433515483,0,0
2021,indigenous_analysis_sample,INC_PERS_GOV_INCOME,"1,000-1,999 元",47,0.010701275045537341,0,0
2021,indigenous_analysis_sample,INC_PERS_GOV_INCOME,"10,000-14,999 元",74,0.016848816029143898,0,0
2021,indigenous_analysis_sample,INC_PERS_GOV_INCOME,"15,000-19,999 元",37,0.008424408014571949,0,0
2021,indigenous_analysis_sample,INC_PERS_GOV_INCOME,"2,000-2,999 元",50,0.011384335154826957,0,0
2021,indigenous_analysis_sample,INC_PERS_GOV_INCOME,"20,000-29,999 元",24,0.00546448087431694,0,0
2021,indigenous_analysis_sample,INC_PERS_GOV_INCOME,"3,000-3,999 元",567,0.1290983606557377,0,0
2021,indigenous_analysis_sample,INC_PERS_GOV_INCOME,"30,000 元及以上，請記錄________元",3,6.830601092896175e-4,0,0
2021,indigenous_analysis_sample,INC_PERS_GOV_INCOME,"4,000-4,999 元",164,0.037340619307832425,0,0
2021,indigenous_analysis_sample,INC_PERS_GOV_INCOME,"5,000-5,999 元",74,0.016848816029143898,0,0
2021,indigenous_analysis_sample,INC_PERS_GOV_INCOME,"6,000-7,999 元",282,0.06420765027322405,0,0
2021,indigenous_analysis_sample,INC_PERS_GOV_INCOME,"8,000-9,999 元",66,0.015027322404371584,0,0
2021,indigenous_analysis_sample,INC_PERS_GOV_INCOME,999 元及以下,91,0.020719489981785064,0,0
2021,indigenous_analysis_sample,INC_PERS_GOV_INCOME,沒有這項收入,2913,0.6632513661202186,0,0
2021,indigenous_analysis_sample,INC_PERS_INTEREST_INCOME,"1,000-1,999 元",78,0.017759562841530054,0,0
2021,indigenous_analysis_sample,INC_PERS_INTEREST_INCOME,"10,000-14,999 元",19,0.004326047358834244,0,0
2021,indigenous_analysis_sample,INC_PERS_INTEREST_INCOME,"15,000-19,999 元",4,9.107468123861566e-4,0,0
2021,indigenous_analysis_sample,INC_PERS_INTEREST_INCOME,"2,000-2,999 元",41,0.009335154826958106,0,0
2021,indigenous_analysis_sample,INC_PERS_INTEREST_INCOME,"20,000-29,999 元",3,6.830601092896175e-4,0,0
2021,indigenous_analysis_sample,INC_PERS_INTEREST_INCOME,"3,000-3,999 元",12,0.00273224043715847,0,0
2021,indigenous_analysis_sample,INC_PERS_INTEREST_INCOME,"30,000 元及以上，請記錄________元",1,2.2768670309653916e-4,0,0
2021,indigenous_analysis_sample,INC_PERS_INTEREST_INCOME,"4,000-4,999 元",13,0.002959927140255009,0,0
2021,indigenous_analysis_sample,INC_PERS_INTEREST_INCOME,"5,000-5,999 元",12,0.00273224043715847,0,0
2021,indigenous_analysis_sample,INC_PERS_INTEREST_INCOME,"6,000-7,999 元",3,6.830601092896175e-4,0,0
2021,indigenous_analysis_sample,INC_PERS_INTEREST_INCOME,"8,000-9,999 元",7,0.0015938069216757742,0,0
2021,indigenous_analysis_sample,INC_PERS_INTEREST_INCOME,999 元及以下,745,0.1696265938069217,0,0
2021,indigenous_analysis_sample,INC_PERS_INTEREST_INCOME,沒有這項收入,3454,0.7864298724954463,0,0
2021,indigenous_analysis_sample,INC_PERS_OTHER_INCOME,"10,000-14,999 元",11,0.0025045537340619307,0,0
2021,indigenous_analysis_sample,INC_PERS_OTHER_INCOME,"15,000-19,999 元",3,6.830601092896175e-4,0,0
2021,indigenous_analysis_sample,INC_PERS_OTHER_INCOME,"20,000-24,999 元",7,0.0015938069216757742,0,0
2021,indigenous_analysis_sample,INC_PERS_OTHER_INCOME,"25,000-29,999 元",3,6.830601092896175e-4,0,0
2021,indigenous_analysis_sample,INC_PERS_OTHER_INCOME,"30,000-39,999 元",1,2.2768670309653916e-4,0,0
2021,indigenous_analysis_sample,INC_PERS_OTHER_INCOME,"4,999 元及以下",156,0.03551912568306011,0,0
2021,indigenous_analysis_sample,INC_PERS_OTHER_INCOME,"40,000-49,999 元",1,2.2768670309653916e-4,0,0
2021,indigenous_analysis_sample,INC_PERS_OTHER_INCOME,"5,000-9,999 元",29,0.006602914389799636,0,0
2021,indigenous_analysis_sample,INC_PERS_OTHER_INCOME,"50,000-59,999 元",5,0.001138433515482696,0,0
2021,indigenous_analysis_sample,INC_PERS_OTHER_INCOME,沒有這項收入,4176,0.9508196721311475,0,0
2021,indigenous_analysis_sample,INC_PERS_RENT_INCOME,"10,000-14,999 元",12,0.00273224043715847,0,0
2021,indigenous_analysis_sample,INC_PERS_RENT_INCOME,"15,000-19,999 元",1,2.2768670309653916e-4,0,0
2021,indigenous_analysis_sample,INC_PERS_RENT_INCOME,"20,000-24,999 元",3,6.830601092896175e-4,0,0
2021,indigenous_analysis_sample,INC_PERS_RENT_INCOME,"25,000-29,999 元",1,2.2768670309653916e-4,0,0
2021,indigenous_analysis_sample,INC_PERS_RENT_INCOME,"30,000-39,999 元",4,9.107468123861566e-4,0,0
2021,indigenous_analysis_sample,INC_PERS_RENT_INCOME,"4,999 元及以下",47,0.010701275045537341,0,0
2021,indigenous_analysis_sample,INC_PERS_RENT_INCOME,"5,000-9,999 元",23,0.005236794171220401,0,0
2021,indigenous_analysis_sample,INC_PERS_RENT_INCOME,"50,000-59,999 元",9,0.0020491803278688526,0,0
2021,indigenous_analysis_sample,INC_PERS_RENT_INCOME,沒有這項收入,4292,0.9772313296903461,0,0
2021,indigenous_analysis_sample,INC_PERS_TRANSFER_INCOME,"1,000-1,999 元",107,0.024362477231329692,0,0
2021,indigenous_analysis_sample,INC_PERS_TRANSFER_INCOME,"10,000-14,999 元",9,0.0020491803278688526,0,0
2021,indigenous_analysis_sample,INC_PERS_TRANSFER_INCOME,"15,000-19,999 元",2,4.553734061930783e-4,0,0
2021,indigenous_analysis_sample,INC_PERS_TRANSFER_INCOME,"2,000-2,999 元",36,0.00819672131147541,0,0
2021,indigenous_analysis_sample,INC_PERS_TRANSFER_INCOME,"20,000-29,999 元",3,6.830601092896175e-4,0,0
2021,indigenous_analysis_sample,INC_PERS_TRANSFER_INCOME,"3,000-3,999 元",9,0.0020491803278688526,0,0
2021,indigenous_analysis_sample,INC_PERS_TRANSFER_INCOME,"30,000 元及以上，請記錄________元",2,4.553734061930783e-4,0,0
2021,indigenous_analysis_sample,INC_PERS_TRANSFER_INCOME,"4,000-4,999 元",15,0.0034153005464480873,0,0
2021,indigenous_analysis_sample,INC_PERS_TRANSFER_INCOME,"5,000-5,999 元",10,0.002276867030965392,0,0
2021,indigenous_analysis_sample,INC_PERS_TRANSFER_INCOME,"6,000-7,999 元",4,9.107468123861566e-4,0,0
2021,indigenous_analysis_sample,INC_PERS_TRANSFER_INCOME,"8,000-9,999 元",4,9.107468123861566e-4,0,0
2021,indigenous_analysis_sample,INC_PERS_TRANSFER_INCOME,999 元及以下,170,0.038706739526411654,0,0
2021,indigenous_analysis_sample,INC_PERS_TRANSFER_INCOME,沒有這項收入,4021,0.9155282331511839,0,0
2021,indigenous_analysis_sample,INC_PERS_WORK_INCOME,"10,000-14,999 元",291,0.0662568306010929,0,0
2021,indigenous_analysis_sample,INC_PERS_WORK_INCOME,"100,000-129,999元",27,0.006147540983606557,0,0
2021,indigenous_analysis_sample,INC_PERS_WORK_INCOME,"130,000-159,999元",8,0.0018214936247723133,0,0
2021,indigenous_analysis_sample,INC_PERS_WORK_INCOME,"15,000-19,999 元",244,0.05555555555555555,0,0
2021,indigenous_analysis_sample,INC_PERS_WORK_INCOME,"160,000 元及以上，請記錄____________元",13,0.002959927140255009,0,0
2021,indigenous_analysis_sample,INC_PERS_WORK_INCOME,"20,000-24,999 元",344,0.07832422586520947,0,0
2021,indigenous_analysis_sample,INC_PERS_WORK_INCOME,"25,000-29,999 元",681,0.15505464480874318,0,0
2021,indigenous_analysis_sample,INC_PERS_WORK_INCOME,"30,000-39,999 元",910,0.20719489981785064,0,0
2021,indigenous_analysis_sample,INC_PERS_WORK_INCOME,"40,000-49,999 元",520,0.11839708561020036,0,0
2021,indigenous_analysis_sample,INC_PERS_WORK_INCOME,"50,000-59,999 元",281,0.0639799635701275,0,0
2021,indigenous_analysis_sample,INC_PERS_WORK_INCOME,"60,000-69,999 元",108,0.02459016393442623,0,0
2021,indigenous_analysis_sample,INC_PERS_WORK_INCOME,"70,000-79,999 元",65,0.014799635701275045,0,0
2021,indigenous_analysis_sample,INC_PERS_WORK_INCOME,"80,000-89,999 元",24,0.00546448087431694,0,0
2021,indigenous_analysis_sample,INC_PERS_WORK_INCOME,"9,999 元及以下",260,0.05919854280510018,0,0
2021,indigenous_analysis_sample,INC_PERS_WORK_INCOME,"90,000-99,999 元",35,0.007969034608378871,0,0
2021,indigenous_analysis_sample,INC_PERS_WORK_INCOME,沒有這項收入,581,0.13228597449908924,0,0
2021,indigenous_analysis_sample,MALE,男性,2457,0.5594262295081968,0,0
2021,indigenous_analysis_sample,MALE,非男性,1935,0.4405737704918033,0,0
2021,indigenous_analysis_sample,RACE,卑南族,141,0.03210382513661202,0,0
2021,indigenous_analysis_sample,RACE,噶瑪蘭族,42,0.009562841530054645,0,0
2021,indigenous_analysis_sample,RACE,太魯閣族,233,0.053051001821493624,0,0
2021,indigenous_analysis_sample,RACE,布農族,476,0.10837887067395265,0,0
2021,indigenous_analysis_sample,RACE,排灣族,809,0.18419854280510017,0,0
2021,indigenous_analysis_sample,RACE,泰雅族,671,0.1527777777777778,0,0
2021,indigenous_analysis_sample,RACE,賽夏族,73,0.016621129326047358,0,0
2021,indigenous_analysis_sample,RACE,賽德克族,93,0.02117486338797814,0,0
2021,indigenous_analysis_sample,RACE,鄒族,38,0.008652094717668488,0,0
2021,indigenous_analysis_sample,RACE,阿美族,1652,0.3761384335154827,0,0
2021,indigenous_analysis_sample,RACE,雅美族/達悟族,37,0.008424408014571949,0,0
2021,indigenous_analysis_sample,RACE,魯凱族,127,0.028916211293260472,0,0
2021,indigenous_analysis_sample,RENT,"1,000-2,999元",33,0.03540772532188841,3460,0.7877959927140255
2021,indigenous_analysis_sample,RENT,"10,000-19,999元",381,0.40879828326180256,3460,0.7877959927140255
2021,indigenous_analysis_sample,RENT,20000,12,0.012875536480686695,3460,0.7877959927140255
2021,indigenous_analysis_sample,RENT,21000,4,0.004291845493562232,3460,0.7877959927140255
2021,indigenous_analysis_sample,RENT,22000,4,0.004291845493562232,3460,0.7877959927140255
2021,indigenous_analysis_sample,RENT,23000,6,0.006437768240343348,3460,0.7877959927140255
2021,indigenous_analysis_sample,RENT,25000,2,0.002145922746781116,3460,0.7877959927140255
2021,indigenous_analysis_sample,RENT,26500,2,0.002145922746781116,3460,0.7877959927140255
2021,indigenous_analysis_sample,RENT,"3,000-4,999元",85,0.09120171673819742,3460,0.7877959927140255
2021,indigenous_analysis_sample,RENT,30000,1,0.001072961373390558,3460,0.7877959927140255
2021,indigenous_analysis_sample,RENT,33000,1,0.001072961373390558,3460,0.7877959927140255
2021,indigenous_analysis_sample,RENT,35000,2,0.002145922746781116,3460,0.7877959927140255
2021,indigenous_analysis_sample,RENT,40000,2,0.002145922746781116,3460,0.7877959927140255
2021,indigenous_analysis_sample,RENT,"5,000-6,999元",156,0.16738197424892703,3460,0.7877959927140255
2021,indigenous_analysis_sample,RENT,50000,1,0.001072961373390558,3460,0.7877959927140255
2021,indigenous_analysis_sample,RENT,65000,1,0.001072961373390558,3460,0.7877959927140255
2021,indigenous_analysis_sample,RENT,"7,000-9,999元",209,0.22424892703862662,3460,0.7877959927140255
2021,indigenous_analysis_sample,RENT,不需要支付租金,19,0.0203862660944206,3460,0.7877959927140255
2021,indigenous_analysis_sample,RENT,"未滿1,000元",11,0.011802575107296138,3460,0.7877959927140255
2021,indigenous_analysis_sample,RESPONDENT_UNIT,economic_household_head,4392,1,0,0
2021,indigenous_analysis_sample,RESPONDENT_UNIT_SOURCE,110年問卷B部分：經濟戶長基本資料,4392,1,0,0
