station_county,station_township,survey_roc_year,care_station_new_count,care_station_count,care_station_any,care_station_first_year,care_station_years_since_first,care_station_event_time,care_station_exposed_1y,care_station_exposed_3y,care_station_exposed_5y,care_station_source,care_station_source_limitation
南投縣,仁愛鄉,90,1,1,TRUE,90,0,0,FALSE,FALSE,FALSE,114年現存營運清冊依成立年度回推,可能不含114年前已停辦或撤站之歷史站點
南投縣,仁愛鄉,91,0,1,TRUE,90,1,1,TRUE,FALSE,FALSE,114年現存營運清冊依成立年度回推,可能不含114年前已停辦或撤站之歷史站點
南投縣,仁愛鄉,92,0,1,TRUE,90,2,2,TRUE,FALSE,FALSE,114年現存營運清冊依成立年度回推,可能不含114年前已停辦或撤站之歷史站點
南投縣,仁愛鄉,93,0,1,TRUE,90,3,3,TRUE,TRUE,FALSE,114年現存營運清冊依成立年度回推,可能不含114年前已停辦或撤站之歷史站點
南投縣,仁愛鄉,94,0,1,TRUE,90,4,4,TRUE,TRUE,FALSE,114年現存營運清冊依成立年度回推,可能不含114年前已停辦或撤站之歷史站點
南投縣,仁愛鄉,95,1,2,TRUE,90,5,5,TRUE,TRUE,TRUE,114年現存營運清冊依成立年度回推,可能不含114年前已停辦或撤站之歷史站點
南投縣,仁愛鄉,96,1,3,TRUE,90,6,6,TRUE,TRUE,TRUE,114年現存營運清冊依成立年度回推,可能不含114年前已停辦或撤站之歷史站點
南投縣,仁愛鄉,97,0,3,TRUE,90,7,7,TRUE,TRUE,TRUE,114年現存營運清冊依成立年度回推,可能不含114年前已停辦或撤站之歷史站點
南投縣,仁愛鄉,98,0,3,TRUE,90,8,8,TRUE,TRUE,TRUE,114年現存營運清冊依成立年度回推,可能不含114年前已停辦或撤站之歷史站點
南投縣,仁愛鄉,99,0,3,TRUE,90,9,9,TRUE,TRUE,TRUE,114年現存營運清冊依成立年度回推,可能不含114年前已停辦或撤站之歷史站點
南投縣,仁愛鄉,100,0,3,TRUE,90,10,10,TRUE,TRUE,TRUE,114年現存營運清冊依成立年度回推,可能不含114年前已停辦或撤站之歷史站點
南投縣,仁愛鄉,101,1,4,TRUE,90,11,11,TRUE,TRUE,TRUE,114年現存營運清冊依成立年度回推,可能不含114年前已停辦或撤站之歷史站點
南投縣,仁愛鄉,102,1,5,TRUE,90,12,12,TRUE,TRUE,TRUE,114年現存營運清冊依成立年度回推,可能不含114年前已停辦或撤站之歷史站點
南投縣,仁愛鄉,103,0,5,TRUE,90,13,13,TRUE,TRUE,TRUE,114年現存營運清冊依成立年度回推,可能不含114年前已停辦或撤站之歷史站點
南投縣,仁愛鄉,104,0,5,TRUE,90,14,14,TRUE,TRUE,TRUE,114年現存營運清冊依成立年度回推,可能不含114年前已停辦或撤站之歷史站點
南投縣,仁愛鄉,105,0,5,TRUE,90,15,15,TRUE,TRUE,TRUE,114年現存營運清冊依成立年度回推,可能不含114年前已停辦或撤站之歷史站點
南投縣,仁愛鄉,106,3,8,TRUE,90,16,16,TRUE,TRUE,TRUE,114年現存營運清冊依成立年度回推,可能不含114年前已停辦或撤站之歷史站點
南投縣,仁愛鄉,107,3,11,TRUE,90,17,17,TRUE,TRUE,TRUE,114年現存營運清冊依成立年度回推,可能不含114年前已停辦或撤站之歷史站點
南投縣,仁愛鄉,108,2,13,TRUE,90,18,18,TRUE,TRUE,TRUE,114年現存營運清冊依成立年度回推,可能不含114年前已停辦或撤站之歷史站點
南投縣,仁愛鄉,109,6,19,TRUE,90,19,19,TRUE,TRUE,TRUE,114年現存營運清冊依成立年度回推,可能不含114年前已停辦或撤站之歷史站點
南投縣,仁愛鄉,110,0,19,TRUE,90,20,20,TRUE,TRUE,TRUE,114年現存營運清冊依成立年度回推,可能不含114年前已停辦或撤站之歷史站點
南投縣,仁愛鄉,111,2,21,TRUE,90,21,21,TRUE,TRUE,TRUE,114年現存營運清冊依成立年度回推,可能不含114年前已停辦或撤站之歷史站點
南投縣,仁愛鄉,112,0,21,TRUE,90,22,22,TRUE,TRUE,TRUE,114年現存營運清冊依成立年度回推,可能不含114年前已停辦或撤站之歷史站點
南投縣,仁愛鄉,113,0,21,TRUE,90,23,23,TRUE,TRUE,TRUE,114年現存營運清冊依成立年度回推,可能不含114年前已停辦或撤站之歷史站點
南投縣,仁愛鄉,114,0,21,TRUE,90,24,24,TRUE,TRUE,TRUE,114年現存營運清冊依成立年度回推,可能不含114年前已停辦或撤站之歷史站點
南投縣,信義鄉,90,1,1,TRUE,90,0,0,FALSE,FALSE,FALSE,114年現存營運清冊依成立年度回推,可能不含114年前已停辦或撤站之歷史站點
南投縣,信義鄉,91,0,1,TRUE,90,1,1,TRUE,FALSE,FALSE,114年現存營運清冊依成立年度回推,可能不含114年前已停辦或撤站之歷史站點
南投縣,信義鄉,92,0,1,TRUE,90,2,2,TRUE,FALSE,FALSE,114年現存營運清冊依成立年度回推,可能不含114年前已停辦或撤站之歷史站點
南投縣,信義鄉,93,0,1,TRUE,90,3,3,TRUE,TRUE,FALSE,114年現存營運清冊依成立年度回推,可能不含114年前已停辦或撤站之歷史站點
南投縣,信義鄉,94,0,1,TRUE,90,4,4,TRUE,TRUE,FALSE,114年現存營運清冊依成立年度回推,可能不含114年前已停辦或撤站之歷史站點
南投縣,信義鄉,95,2,3,TRUE,90,5,5,TRUE,TRUE,TRUE,114年現存營運清冊依成立年度回推,可能不含114年前已停辦或撤站之歷史站點
南投縣,信義鄉,96,0,3,TRUE,90,6,6,TRUE,TRUE,TRUE,114年現存營運清冊依成立年度回推,可能不含114年前已停辦或撤站之歷史站點
南投縣,信義鄉,97,1,4,TRUE,90,7,7,TRUE,TRUE,TRUE,114年現存營運清冊依成立年度回推,可能不含114年前已停辦或撤站之歷史站點
南投縣,信義鄉,98,1,5,TRUE,90,8,8,TRUE,TRUE,TRUE,114年現存營運清冊依成立年度回推,可能不含114年前已停辦或撤站之歷史站點
南投縣,信義鄉,99,0,5,TRUE,90,9,9,TRUE,TRUE,TRUE,114年現存營運清冊依成立年度回推,可能不含114年前已停辦或撤站之歷史站點
南投縣,信義鄉,100,0,5,TRUE,90,10,10,TRUE,TRUE,TRUE,114年現存營運清冊依成立年度回推,可能不含114年前已停辦或撤站之歷史站點
南投縣,信義鄉,101,0,5,TRUE,90,11,11,TRUE,TRUE,TRUE,114年現存營運清冊依成立年度回推,可能不含114年前已停辦或撤站之歷史站點
南投縣,信義鄉,102,0,5,TRUE,90,12,12,TRUE,TRUE,TRUE,114年現存營運清冊依成立年度回推,可能不含114年前已停辦或撤站之歷史站點
南投縣,信義鄉,103,0,5,TRUE,90,13,13,TRUE,TRUE,TRUE,114年現存營運清冊依成立年度回推,可能不含114年前已停辦或撤站之歷史站點
南投縣,信義鄉,104,1,6,TRUE,90,14,14,TRUE,TRUE,TRUE,114年現存營運清冊依成立年度回推,可能不含114年前已停辦或撤站之歷史站點
南投縣,信義鄉,105,0,6,TRUE,90,15,15,TRUE,TRUE,TRUE,114年現存營運清冊依成立年度回推,可能不含114年前已停辦或撤站之歷史站點
南投縣,信義鄉,106,1,7,TRUE,90,16,16,TRUE,TRUE,TRUE,114年現存營運清冊依成立年度回推,可能不含114年前已停辦或撤站之歷史站點
南投縣,信義鄉,107,1,8,TRUE,90,17,17,TRUE,TRUE,TRUE,114年現存營運清冊依成立年度回推,可能不含114年前已停辦或撤站之歷史站點
南投縣,信義鄉,108,1,9,TRUE,90,18,18,TRUE,TRUE,TRUE,114年現存營運清冊依成立年度回推,可能不含114年前已停辦或撤站之歷史站點
南投縣,信義鄉,109,1,10,TRUE,90,19,19,TRUE,TRUE,TRUE,114年現存營運清冊依成立年度回推,可能不含114年前已停辦或撤站之歷史站點
南投縣,信義鄉,110,0,10,TRUE,90,20,20,TRUE,TRUE,TRUE,114年現存營運清冊依成立年度回推,可能不含114年前已停辦或撤站之歷史站點
南投縣,信義鄉,111,1,11,TRUE,90,21,21,TRUE,TRUE,TRUE,114年現存營運清冊依成立年度回推,可能不含114年前已停辦或撤站之歷史站點
南投縣,信義鄉,112,0,11,TRUE,90,22,22,TRUE,TRUE,TRUE,114年現存營運清冊依成立年度回推,可能不含114年前已停辦或撤站之歷史站點
南投縣,信義鄉,113,0,11,TRUE,90,23,23,TRUE,TRUE,TRUE,114年現存營運清冊依成立年度回推,可能不含114年前已停辦或撤站之歷史站點
南投縣,信義鄉,114,0,11,TRUE,90,24,24,TRUE,TRUE,TRUE,114年現存營運清冊依成立年度回推,可能不含114年前已停辦或撤站之歷史站點
南投縣,南投市,90,0,0,FALSE,109,NA,-19,NA,NA,NA,114年現存營運清冊依成立年度回推,可能不含114年前已停辦或撤站之歷史站點
南投縣,南投市,91,0,0,FALSE,109,NA,-18,NA,NA,NA,114年現存營運清冊依成立年度回推,可能不含114年前已停辦或撤站之歷史站點
南投縣,南投市,92,0,0,FALSE,109,NA,-17,NA,NA,NA,114年現存營運清冊依成立年度回推,可能不含114年前已停辦或撤站之歷史站點
南投縣,南投市,93,0,0,FALSE,109,NA,-16,NA,NA,NA,114年現存營運清冊依成立年度回推,可能不含114年前已停辦或撤站之歷史站點
南投縣,南投市,94,0,0,FALSE,109,NA,-15,NA,NA,NA,114年現存營運清冊依成立年度回推,可能不含114年前已停辦或撤站之歷史站點
南投縣,南投市,95,0,0,FALSE,109,NA,-14,NA,NA,NA,114年現存營運清冊依成立年度回推,可能不含114年前已停辦或撤站之歷史站點
南投縣,南投市,96,0,0,FALSE,109,NA,-13,NA,NA,NA,114年現存營運清冊依成立年度回推,可能不含114年前已停辦或撤站之歷史站點
南投縣,南投市,97,0,0,FALSE,109,NA,-12,NA,NA,NA,114年現存營運清冊依成立年度回推,可能不含114年前已停辦或撤站之歷史站點
南投縣,南投市,98,0,0,FALSE,109,NA,-11,NA,NA,NA,114年現存營運清冊依成立年度回推,可能不含114年前已停辦或撤站之歷史站點
南投縣,南投市,99,0,0,FALSE,109,NA,-10,NA,NA,NA,114年現存營運清冊依成立年度回推,可能不含114年前已停辦或撤站之歷史站點
南投縣,南投市,100,0,0,FALSE,109,NA,-9,NA,NA,NA,114年現存營運清冊依成立年度回推,可能不含114年前已停辦或撤站之歷史站點
南投縣,南投市,101,0,0,FALSE,109,NA,-8,NA,NA,NA,114年現存營運清冊依成立年度回推,可能不含114年前已停辦或撤站之歷史站點
南投縣,南投市,102,0,0,FALSE,109,NA,-7,NA,NA,NA,114年現存營運清冊依成立年度回推,可能不含114年前已停辦或撤站之歷史站點
南投縣,南投市,103,0,0,FALSE,109,NA,-6,NA,NA,NA,114年現存營運清冊依成立年度回推,可能不含114年前已停辦或撤站之歷史站點
南投縣,南投市,104,0,0,FALSE,109,NA,-5,NA,NA,NA,114年現存營運清冊依成立年度回推,可能不含114年前已停辦或撤站之歷史站點
南投縣,南投市,105,0,0,FALSE,109,NA,-4,NA,NA,NA,114年現存營運清冊依成立年度回推,可能不含114年前已停辦或撤站之歷史站點
南投縣,南投市,106,0,0,FALSE,109,NA,-3,NA,NA,NA,114年現存營運清冊依成立年度回推,可能不含114年前已停辦或撤站之歷史站點
南投縣,南投市,107,0,0,FALSE,109,NA,-2,NA,NA,NA,114年現存營運清冊依成立年度回推,可能不含114年前已停辦或撤站之歷史站點
南投縣,南投市,108,0,0,FALSE,109,NA,-1,NA,NA,NA,114年現存營運清冊依成立年度回推,可能不含114年前已停辦或撤站之歷史站點
南投縣,南投市,109,1,1,TRUE,109,0,0,FALSE,FALSE,FALSE,114年現存營運清冊依成立年度回推,可能不含114年前已停辦或撤站之歷史站點
南投縣,南投市,110,0,1,TRUE,109,1,1,TRUE,FALSE,FALSE,114年現存營運清冊依成立年度回推,可能不含114年前已停辦或撤站之歷史站點
南投縣,南投市,111,0,1,TRUE,109,2,2,TRUE,FALSE,FALSE,114年現存營運清冊依成立年度回推,可能不含114年前已停辦或撤站之歷史站點
南投縣,南投市,112,0,1,TRUE,109,3,3,TRUE,TRUE,FALSE,114年現存營運清冊依成立年度回推,可能不含114年前已停辦或撤站之歷史站點
南投縣,南投市,113,0,1,TRUE,109,4,4,TRUE,TRUE,FALSE,114年現存營運清冊依成立年度回推,可能不含114年前已停辦或撤站之歷史站點
南投縣,南投市,114,0,1,TRUE,109,5,5,TRUE,TRUE,TRUE,114年現存營運清冊依成立年度回推,可能不含114年前已停辦或撤站之歷史站點
南投縣,埔里鎮,90,0,0,FALSE,105,NA,-15,NA,NA,NA,114年現存營運清冊依成立年度回推,可能不含114年前已停辦或撤站之歷史站點
南投縣,埔里鎮,91,0,0,FALSE,105,NA,-14,NA,NA,NA,114年現存營運清冊依成立年度回推,可能不含114年前已停辦或撤站之歷史站點
南投縣,埔里鎮,92,0,0,FALSE,105,NA,-13,NA,NA,NA,114年現存營運清冊依成立年度回推,可能不含114年前已停辦或撤站之歷史站點
南投縣,埔里鎮,93,0,0,FALSE,105,NA,-12,NA,NA,NA,114年現存營運清冊依成立年度回推,可能不含114年前已停辦或撤站之歷史站點
南投縣,埔里鎮,94,0,0,FALSE,105,NA,-11,NA,NA,NA,114年現存營運清冊依成立年度回推,可能不含114年前已停辦或撤站之歷史站點
南投縣,埔里鎮,95,0,0,FALSE,105,NA,-10,NA,NA,NA,114年現存營運清冊依成立年度回推,可能不含114年前已停辦或撤站之歷史站點
南投縣,埔里鎮,96,0,0,FALSE,105,NA,-9,NA,NA,NA,114年現存營運清冊依成立年度回推,可能不含114年前已停辦或撤站之歷史站點
南投縣,埔里鎮,97,0,0,FALSE,105,NA,-8,NA,NA,NA,114年現存營運清冊依成立年度回推,可能不含114年前已停辦或撤站之歷史站點
南投縣,埔里鎮,98,0,0,FALSE,105,NA,-7,NA,NA,NA,114年現存營運清冊依成立年度回推,可能不含114年前已停辦或撤站之歷史站點
南投縣,埔里鎮,99,0,0,FALSE,105,NA,-6,NA,NA,NA,114年現存營運清冊依成立年度回推,可能不含114年前已停辦或撤站之歷史站點
南投縣,埔里鎮,100,0,0,FALSE,105,NA,-5,NA,NA,NA,114年現存營運清冊依成立年度回推,可能不含114年前已停辦或撤站之歷史站點
南投縣,埔里鎮,101,0,0,FALSE,105,NA,-4,NA,NA,NA,114年現存營運清冊依成立年度回推,可能不含114年前已停辦或撤站之歷史站點
南投縣,埔里鎮,102,0,0,FALSE,105,NA,-3,NA,NA,NA,114年現存營運清冊依成立年度回推,可能不含114年前已停辦或撤站之歷史站點
南投縣,埔里鎮,103,0,0,FALSE,105,NA,-2,NA,NA,NA,114年現存營運清冊依成立年度回推,可能不含114年前已停辦或撤站之歷史站點
南投縣,埔里鎮,104,0,0,FALSE,105,NA,-1,NA,NA,NA,114年現存營運清冊依成立年度回推,可能不含114年前已停辦或撤站之歷史站點
南投縣,埔里鎮,105,1,1,TRUE,105,0,0,FALSE,FALSE,FALSE,114年現存營運清冊依成立年度回推,可能不含114年前已停辦或撤站之歷史站點
南投縣,埔里鎮,106,0,1,TRUE,105,1,1,TRUE,FALSE,FALSE,114年現存營運清冊依成立年度回推,可能不含114年前已停辦或撤站之歷史站點
南投縣,埔里鎮,107,0,1,TRUE,105,2,2,TRUE,FALSE,FALSE,114年現存營運清冊依成立年度回推,可能不含114年前已停辦或撤站之歷史站點
南投縣,埔里鎮,108,1,2,TRUE,105,3,3,TRUE,TRUE,FALSE,114年現存營運清冊依成立年度回推,可能不含114年前已停辦或撤站之歷史站點
南投縣,埔里鎮,109,1,3,TRUE,105,4,4,TRUE,TRUE,FALSE,114年現存營運清冊依成立年度回推,可能不含114年前已停辦或撤站之歷史站點
南投縣,埔里鎮,110,0,3,TRUE,105,5,5,TRUE,TRUE,TRUE,114年現存營運清冊依成立年度回推,可能不含114年前已停辦或撤站之歷史站點
南投縣,埔里鎮,111,0,3,TRUE,105,6,6,TRUE,TRUE,TRUE,114年現存營運清冊依成立年度回推,可能不含114年前已停辦或撤站之歷史站點
南投縣,埔里鎮,112,1,4,TRUE,105,7,7,TRUE,TRUE,TRUE,114年現存營運清冊依成立年度回推,可能不含114年前已停辦或撤站之歷史站點
南投縣,埔里鎮,113,0,4,TRUE,105,8,8,TRUE,TRUE,TRUE,114年現存營運清冊依成立年度回推,可能不含114年前已停辦或撤站之歷史站點
南投縣,埔里鎮,114,0,4,TRUE,105,9,9,TRUE,TRUE,TRUE,114年現存營運清冊依成立年度回推,可能不含114年前已停辦或撤站之歷史站點
南投縣,魚池鄉,90,0,0,FALSE,107,NA,-17,NA,NA,NA,114年現存營運清冊依成立年度回推,可能不含114年前已停辦或撤站之歷史站點
南投縣,魚池鄉,91,0,0,FALSE,107,NA,-16,NA,NA,NA,114年現存營運清冊依成立年度回推,可能不含114年前已停辦或撤站之歷史站點
南投縣,魚池鄉,92,0,0,FALSE,107,NA,-15,NA,NA,NA,114年現存營運清冊依成立年度回推,可能不含114年前已停辦或撤站之歷史站點
南投縣,魚池鄉,93,0,0,FALSE,107,NA,-14,NA,NA,NA,114年現存營運清冊依成立年度回推,可能不含114年前已停辦或撤站之歷史站點
南投縣,魚池鄉,94,0,0,FALSE,107,NA,-13,NA,NA,NA,114年現存營運清冊依成立年度回推,可能不含114年前已停辦或撤站之歷史站點
南投縣,魚池鄉,95,0,0,FALSE,107,NA,-12,NA,NA,NA,114年現存營運清冊依成立年度回推,可能不含114年前已停辦或撤站之歷史站點
南投縣,魚池鄉,96,0,0,FALSE,107,NA,-11,NA,NA,NA,114年現存營運清冊依成立年度回推,可能不含114年前已停辦或撤站之歷史站點
南投縣,魚池鄉,97,0,0,FALSE,107,NA,-10,NA,NA,NA,114年現存營運清冊依成立年度回推,可能不含114年前已停辦或撤站之歷史站點
南投縣,魚池鄉,98,0,0,FALSE,107,NA,-9,NA,NA,NA,114年現存營運清冊依成立年度回推,可能不含114年前已停辦或撤站之歷史站點
南投縣,魚池鄉,99,0,0,FALSE,107,NA,-8,NA,NA,NA,114年現存營運清冊依成立年度回推,可能不含114年前已停辦或撤站之歷史站點
南投縣,魚池鄉,100,0,0,FALSE,107,NA,-7,NA,NA,NA,114年現存營運清冊依成立年度回推,可能不含114年前已停辦或撤站之歷史站點
南投縣,魚池鄉,101,0,0,FALSE,107,NA,-6,NA,NA,NA,114年現存營運清冊依成立年度回推,可能不含114年前已停辦或撤站之歷史站點
南投縣,魚池鄉,102,0,0,FALSE,107,NA,-5,NA,NA,NA,114年現存營運清冊依成立年度回推,可能不含114年前已停辦或撤站之歷史站點
南投縣,魚池鄉,103,0,0,FALSE,107,NA,-4,NA,NA,NA,114年現存營運清冊依成立年度回推,可能不含114年前已停辦或撤站之歷史站點
南投縣,魚池鄉,104,0,0,FALSE,107,NA,-3,NA,NA,NA,114年現存營運清冊依成立年度回推,可能不含114年前已停辦或撤站之歷史站點
南投縣,魚池鄉,105,0,0,FALSE,107,NA,-2,NA,NA,NA,114年現存營運清冊依成立年度回推,可能不含114年前已停辦或撤站之歷史站點
南投縣,魚池鄉,106,0,0,FALSE,107,NA,-1,NA,NA,NA,114年現存營運清冊依成立年度回推,可能不含114年前已停辦或撤站之歷史站點
南投縣,魚池鄉,107,1,1,TRUE,107,0,0,FALSE,FALSE,FALSE,114年現存營運清冊依成立年度回推,可能不含114年前已停辦或撤站之歷史站點
南投縣,魚池鄉,108,0,1,TRUE,107,1,1,TRUE,FALSE,FALSE,114年現存營運清冊依成立年度回推,可能不含114年前已停辦或撤站之歷史站點
南投縣,魚池鄉,109,0,1,TRUE,107,2,2,TRUE,FALSE,FALSE,114年現存營運清冊依成立年度回推,可能不含114年前已停辦或撤站之歷史站點
南投縣,魚池鄉,110,0,1,TRUE,107,3,3,TRUE,TRUE,FALSE,114年現存營運清冊依成立年度回推,可能不含114年前已停辦或撤站之歷史站點
南投縣,魚池鄉,111,0,1,TRUE,107,4,4,TRUE,TRUE,FALSE,114年現存營運清冊依成立年度回推,可能不含114年前已停辦或撤站之歷史站點
南投縣,魚池鄉,112,0,1,TRUE,107,5,5,TRUE,TRUE,TRUE,114年現存營運清冊依成立年度回推,可能不含114年前已停辦或撤站之歷史站點
南投縣,魚池鄉,113,0,1,TRUE,107,6,6,TRUE,TRUE,TRUE,114年現存營運清冊依成立年度回推,可能不含114年前已停辦或撤站之歷史站點
南投縣,魚池鄉,114,0,1,TRUE,107,7,7,TRUE,TRUE,TRUE,114年現存營運清冊依成立年度回推,可能不含114年前已停辦或撤站之歷史站點
嘉義縣,番路鄉,90,0,0,FALSE,102,NA,-12,NA,NA,NA,114年現存營運清冊依成立年度回推,可能不含114年前已停辦或撤站之歷史站點
嘉義縣,番路鄉,91,0,0,FALSE,102,NA,-11,NA,NA,NA,114年現存營運清冊依成立年度回推,可能不含114年前已停辦或撤站之歷史站點
嘉義縣,番路鄉,92,0,0,FALSE,102,NA,-10,NA,NA,NA,114年現存營運清冊依成立年度回推,可能不含114年前已停辦或撤站之歷史站點
嘉義縣,番路鄉,93,0,0,FALSE,102,NA,-9,NA,NA,NA,114年現存營運清冊依成立年度回推,可能不含114年前已停辦或撤站之歷史站點
嘉義縣,番路鄉,94,0,0,FALSE,102,NA,-8,NA,NA,NA,114年現存營運清冊依成立年度回推,可能不含114年前已停辦或撤站之歷史站點
嘉義縣,番路鄉,95,0,0,FALSE,102,NA,-7,NA,NA,NA,114年現存營運清冊依成立年度回推,可能不含114年前已停辦或撤站之歷史站點
嘉義縣,番路鄉,96,0,0,FALSE,102,NA,-6,NA,NA,NA,114年現存營運清冊依成立年度回推,可能不含114年前已停辦或撤站之歷史站點
嘉義縣,番路鄉,97,0,0,FALSE,102,NA,-5,NA,NA,NA,114年現存營運清冊依成立年度回推,可能不含114年前已停辦或撤站之歷史站點
嘉義縣,番路鄉,98,0,0,FALSE,102,NA,-4,NA,NA,NA,114年現存營運清冊依成立年度回推,可能不含114年前已停辦或撤站之歷史站點
嘉義縣,番路鄉,99,0,0,FALSE,102,NA,-3,NA,NA,NA,114年現存營運清冊依成立年度回推,可能不含114年前已停辦或撤站之歷史站點
嘉義縣,番路鄉,100,0,0,FALSE,102,NA,-2,NA,NA,NA,114年現存營運清冊依成立年度回推,可能不含114年前已停辦或撤站之歷史站點
嘉義縣,番路鄉,101,0,0,FALSE,102,NA,-1,NA,NA,NA,114年現存營運清冊依成立年度回推,可能不含114年前已停辦或撤站之歷史站點
嘉義縣,番路鄉,102,1,1,TRUE,102,0,0,FALSE,FALSE,FALSE,114年現存營運清冊依成立年度回推,可能不含114年前已停辦或撤站之歷史站點
嘉義縣,番路鄉,103,0,1,TRUE,102,1,1,TRUE,FALSE,FALSE,114年現存營運清冊依成立年度回推,可能不含114年前已停辦或撤站之歷史站點
嘉義縣,番路鄉,104,0,1,TRUE,102,2,2,TRUE,FALSE,FALSE,114年現存營運清冊依成立年度回推,可能不含114年前已停辦或撤站之歷史站點
嘉義縣,番路鄉,105,0,1,TRUE,102,3,3,TRUE,TRUE,FALSE,114年現存營運清冊依成立年度回推,可能不含114年前已停辦或撤站之歷史站點
嘉義縣,番路鄉,106,0,1,TRUE,102,4,4,TRUE,TRUE,FALSE,114年現存營運清冊依成立年度回推,可能不含114年前已停辦或撤站之歷史站點
嘉義縣,番路鄉,107,0,1,TRUE,102,5,5,TRUE,TRUE,TRUE,114年現存營運清冊依成立年度回推,可能不含114年前已停辦或撤站之歷史站點
嘉義縣,番路鄉,108,0,1,TRUE,102,6,6,TRUE,TRUE,TRUE,114年現存營運清冊依成立年度回推,可能不含114年前已停辦或撤站之歷史站點
嘉義縣,番路鄉,109,0,1,TRUE,102,7,7,TRUE,TRUE,TRUE,114年現存營運清冊依成立年度回推,可能不含114年前已停辦或撤站之歷史站點
嘉義縣,番路鄉,110,0,1,TRUE,102,8,8,TRUE,TRUE,TRUE,114年現存營運清冊依成立年度回推,可能不含114年前已停辦或撤站之歷史站點
嘉義縣,番路鄉,111,0,1,TRUE,102,9,9,TRUE,TRUE,TRUE,114年現存營運清冊依成立年度回推,可能不含114年前已停辦或撤站之歷史站點
嘉義縣,番路鄉,112,0,1,TRUE,102,10,10,TRUE,TRUE,TRUE,114年現存營運清冊依成立年度回推,可能不含114年前已停辦或撤站之歷史站點
嘉義縣,番路鄉,113,0,1,TRUE,102,11,11,TRUE,TRUE,TRUE,114年現存營運清冊依成立年度回推,可能不含114年前已停辦或撤站之歷史站點
嘉義縣,番路鄉,114,0,1,TRUE,102,12,12,TRUE,TRUE,TRUE,114年現存營運清冊依成立年度回推,可能不含114年前已停辦或撤站之歷史站點
嘉義縣,阿里山鄉,90,0,0,FALSE,98,NA,-8,NA,NA,NA,114年現存營運清冊依成立年度回推,可能不含114年前已停辦或撤站之歷史站點
嘉義縣,阿里山鄉,91,0,0,FALSE,98,NA,-7,NA,NA,NA,114年現存營運清冊依成立年度回推,可能不含114年前已停辦或撤站之歷史站點
嘉義縣,阿里山鄉,92,0,0,FALSE,98,NA,-6,NA,NA,NA,114年現存營運清冊依成立年度回推,可能不含114年前已停辦或撤站之歷史站點
嘉義縣,阿里山鄉,93,0,0,FALSE,98,NA,-5,NA,NA,NA,114年現存營運清冊依成立年度回推,可能不含114年前已停辦或撤站之歷史站點
嘉義縣,阿里山鄉,94,0,0,FALSE,98,NA,-4,NA,NA,NA,114年現存營運清冊依成立年度回推,可能不含114年前已停辦或撤站之歷史站點
嘉義縣,阿里山鄉,95,0,0,FALSE,98,NA,-3,NA,NA,NA,114年現存營運清冊依成立年度回推,可能不含114年前已停辦或撤站之歷史站點
嘉義縣,阿里山鄉,96,0,0,FALSE,98,NA,-2,NA,NA,NA,114年現存營運清冊依成立年度回推,可能不含114年前已停辦或撤站之歷史站點
嘉義縣,阿里山鄉,97,0,0,FALSE,98,NA,-1,NA,NA,NA,114年現存營運清冊依成立年度回推,可能不含114年前已停辦或撤站之歷史站點
嘉義縣,阿里山鄉,98,2,2,TRUE,98,0,0,FALSE,FALSE,FALSE,114年現存營運清冊依成立年度回推,可能不含114年前已停辦或撤站之歷史站點
嘉義縣,阿里山鄉,99,0,2,TRUE,98,1,1,TRUE,FALSE,FALSE,114年現存營運清冊依成立年度回推,可能不含114年前已停辦或撤站之歷史站點
嘉義縣,阿里山鄉,100,1,3,TRUE,98,2,2,TRUE,FALSE,FALSE,114年現存營運清冊依成立年度回推,可能不含114年前已停辦或撤站之歷史站點
嘉義縣,阿里山鄉,101,0,3,TRUE,98,3,3,TRUE,TRUE,FALSE,114年現存營運清冊依成立年度回推,可能不含114年前已停辦或撤站之歷史站點
嘉義縣,阿里山鄉,102,1,4,TRUE,98,4,4,TRUE,TRUE,FALSE,114年現存營運清冊依成立年度回推,可能不含114年前已停辦或撤站之歷史站點
嘉義縣,阿里山鄉,103,1,5,TRUE,98,5,5,TRUE,TRUE,TRUE,114年現存營運清冊依成立年度回推,可能不含114年前已停辦或撤站之歷史站點
嘉義縣,阿里山鄉,104,1,6,TRUE,98,6,6,TRUE,TRUE,TRUE,114年現存營運清冊依成立年度回推,可能不含114年前已停辦或撤站之歷史站點
嘉義縣,阿里山鄉,105,0,6,TRUE,98,7,7,TRUE,TRUE,TRUE,114年現存營運清冊依成立年度回推,可能不含114年前已停辦或撤站之歷史站點
嘉義縣,阿里山鄉,106,0,6,TRUE,98,8,8,TRUE,TRUE,TRUE,114年現存營運清冊依成立年度回推,可能不含114年前已停辦或撤站之歷史站點
嘉義縣,阿里山鄉,107,0,6,TRUE,98,9,9,TRUE,TRUE,TRUE,114年現存營運清冊依成立年度回推,可能不含114年前已停辦或撤站之歷史站點
嘉義縣,阿里山鄉,108,0,6,TRUE,98,10,10,TRUE,TRUE,TRUE,114年現存營運清冊依成立年度回推,可能不含114年前已停辦或撤站之歷史站點
嘉義縣,阿里山鄉,109,1,7,TRUE,98,11,11,TRUE,TRUE,TRUE,114年現存營運清冊依成立年度回推,可能不含114年前已停辦或撤站之歷史站點
嘉義縣,阿里山鄉,110,0,7,TRUE,98,12,12,TRUE,TRUE,TRUE,114年現存營運清冊依成立年度回推,可能不含114年前已停辦或撤站之歷史站點
嘉義縣,阿里山鄉,111,0,7,TRUE,98,13,13,TRUE,TRUE,TRUE,114年現存營運清冊依成立年度回推,可能不含114年前已停辦或撤站之歷史站點
嘉義縣,阿里山鄉,112,0,7,TRUE,98,14,14,TRUE,TRUE,TRUE,114年現存營運清冊依成立年度回推,可能不含114年前已停辦或撤站之歷史站點
嘉義縣,阿里山鄉,113,0,7,TRUE,98,15,15,TRUE,TRUE,TRUE,114年現存營運清冊依成立年度回推,可能不含114年前已停辦或撤站之歷史站點
嘉義縣,阿里山鄉,114,0,7,TRUE,98,16,16,TRUE,TRUE,TRUE,114年現存營運清冊依成立年度回推,可能不含114年前已停辦或撤站之歷史站點
基隆市,七堵區,90,0,0,FALSE,111,NA,-21,NA,NA,NA,114年現存營運清冊依成立年度回推,可能不含114年前已停辦或撤站之歷史站點
基隆市,七堵區,91,0,0,FALSE,111,NA,-20,NA,NA,NA,114年現存營運清冊依成立年度回推,可能不含114年前已停辦或撤站之歷史站點
基隆市,七堵區,92,0,0,FALSE,111,NA,-19,NA,NA,NA,114年現存營運清冊依成立年度回推,可能不含114年前已停辦或撤站之歷史站點
基隆市,七堵區,93,0,0,FALSE,111,NA,-18,NA,NA,NA,114年現存營運清冊依成立年度回推,可能不含114年前已停辦或撤站之歷史站點
基隆市,七堵區,94,0,0,FALSE,111,NA,-17,NA,NA,NA,114年現存營運清冊依成立年度回推,可能不含114年前已停辦或撤站之歷史站點
基隆市,七堵區,95,0,0,FALSE,111,NA,-16,NA,NA,NA,114年現存營運清冊依成立年度回推,可能不含114年前已停辦或撤站之歷史站點
基隆市,七堵區,96,0,0,FALSE,111,NA,-15,NA,NA,NA,114年現存營運清冊依成立年度回推,可能不含114年前已停辦或撤站之歷史站點
基隆市,七堵區,97,0,0,FALSE,111,NA,-14,NA,NA,NA,114年現存營運清冊依成立年度回推,可能不含114年前已停辦或撤站之歷史站點
基隆市,七堵區,98,0,0,FALSE,111,NA,-13,NA,NA,NA,114年現存營運清冊依成立年度回推,可能不含114年前已停辦或撤站之歷史站點
基隆市,七堵區,99,0,0,FALSE,111,NA,-12,NA,NA,NA,114年現存營運清冊依成立年度回推,可能不含114年前已停辦或撤站之歷史站點
基隆市,七堵區,100,0,0,FALSE,111,NA,-11,NA,NA,NA,114年現存營運清冊依成立年度回推,可能不含114年前已停辦或撤站之歷史站點
基隆市,七堵區,101,0,0,FALSE,111,NA,-10,NA,NA,NA,114年現存營運清冊依成立年度回推,可能不含114年前已停辦或撤站之歷史站點
基隆市,七堵區,102,0,0,FALSE,111,NA,-9,NA,NA,NA,114年現存營運清冊依成立年度回推,可能不含114年前已停辦或撤站之歷史站點
基隆市,七堵區,103,0,0,FALSE,111,NA,-8,NA,NA,NA,114年現存營運清冊依成立年度回推,可能不含114年前已停辦或撤站之歷史站點
基隆市,七堵區,104,0,0,FALSE,111,NA,-7,NA,NA,NA,114年現存營運清冊依成立年度回推,可能不含114年前已停辦或撤站之歷史站點
基隆市,七堵區,105,0,0,FALSE,111,NA,-6,NA,NA,NA,114年現存營運清冊依成立年度回推,可能不含114年前已停辦或撤站之歷史站點
基隆市,七堵區,106,0,0,FALSE,111,NA,-5,NA,NA,NA,114年現存營運清冊依成立年度回推,可能不含114年前已停辦或撤站之歷史站點
基隆市,七堵區,107,0,0,FALSE,111,NA,-4,NA,NA,NA,114年現存營運清冊依成立年度回推,可能不含114年前已停辦或撤站之歷史站點
基隆市,七堵區,108,0,0,FALSE,111,NA,-3,NA,NA,NA,114年現存營運清冊依成立年度回推,可能不含114年前已停辦或撤站之歷史站點
基隆市,七堵區,109,0,0,FALSE,111,NA,-2,NA,NA,NA,114年現存營運清冊依成立年度回推,可能不含114年前已停辦或撤站之歷史站點
基隆市,七堵區,110,0,0,FALSE,111,NA,-1,NA,NA,NA,114年現存營運清冊依成立年度回推,可能不含114年前已停辦或撤站之歷史站點
基隆市,七堵區,111,1,1,TRUE,111,0,0,FALSE,FALSE,FALSE,114年現存營運清冊依成立年度回推,可能不含114年前已停辦或撤站之歷史站點
基隆市,七堵區,112,0,1,TRUE,111,1,1,TRUE,FALSE,FALSE,114年現存營運清冊依成立年度回推,可能不含114年前已停辦或撤站之歷史站點
基隆市,七堵區,113,0,1,TRUE,111,2,2,TRUE,FALSE,FALSE,114年現存營運清冊依成立年度回推,可能不含114年前已停辦或撤站之歷史站點
基隆市,七堵區,114,0,1,TRUE,111,3,3,TRUE,TRUE,FALSE,114年現存營運清冊依成立年度回推,可能不含114年前已停辦或撤站之歷史站點
基隆市,中正區,90,0,0,FALSE,109,NA,-19,NA,NA,NA,114年現存營運清冊依成立年度回推,可能不含114年前已停辦或撤站之歷史站點
基隆市,中正區,91,0,0,FALSE,109,NA,-18,NA,NA,NA,114年現存營運清冊依成立年度回推,可能不含114年前已停辦或撤站之歷史站點
基隆市,中正區,92,0,0,FALSE,109,NA,-17,NA,NA,NA,114年現存營運清冊依成立年度回推,可能不含114年前已停辦或撤站之歷史站點
基隆市,中正區,93,0,0,FALSE,109,NA,-16,NA,NA,NA,114年現存營運清冊依成立年度回推,可能不含114年前已停辦或撤站之歷史站點
基隆市,中正區,94,0,0,FALSE,109,NA,-15,NA,NA,NA,114年現存營運清冊依成立年度回推,可能不含114年前已停辦或撤站之歷史站點
基隆市,中正區,95,0,0,FALSE,109,NA,-14,NA,NA,NA,114年現存營運清冊依成立年度回推,可能不含114年前已停辦或撤站之歷史站點
基隆市,中正區,96,0,0,FALSE,109,NA,-13,NA,NA,NA,114年現存營運清冊依成立年度回推,可能不含114年前已停辦或撤站之歷史站點
基隆市,中正區,97,0,0,FALSE,109,NA,-12,NA,NA,NA,114年現存營運清冊依成立年度回推,可能不含114年前已停辦或撤站之歷史站點
基隆市,中正區,98,0,0,FALSE,109,NA,-11,NA,NA,NA,114年現存營運清冊依成立年度回推,可能不含114年前已停辦或撤站之歷史站點
基隆市,中正區,99,0,0,FALSE,109,NA,-10,NA,NA,NA,114年現存營運清冊依成立年度回推,可能不含114年前已停辦或撤站之歷史站點
基隆市,中正區,100,0,0,FALSE,109,NA,-9,NA,NA,NA,114年現存營運清冊依成立年度回推,可能不含114年前已停辦或撤站之歷史站點
基隆市,中正區,101,0,0,FALSE,109,NA,-8,NA,NA,NA,114年現存營運清冊依成立年度回推,可能不含114年前已停辦或撤站之歷史站點
基隆市,中正區,102,0,0,FALSE,109,NA,-7,NA,NA,NA,114年現存營運清冊依成立年度回推,可能不含114年前已停辦或撤站之歷史站點
基隆市,中正區,103,0,0,FALSE,109,NA,-6,NA,NA,NA,114年現存營運清冊依成立年度回推,可能不含114年前已停辦或撤站之歷史站點
基隆市,中正區,104,0,0,FALSE,109,NA,-5,NA,NA,NA,114年現存營運清冊依成立年度回推,可能不含114年前已停辦或撤站之歷史站點
基隆市,中正區,105,0,0,FALSE,109,NA,-4,NA,NA,NA,114年現存營運清冊依成立年度回推,可能不含114年前已停辦或撤站之歷史站點
基隆市,中正區,106,0,0,FALSE,109,NA,-3,NA,NA,NA,114年現存營運清冊依成立年度回推,可能不含114年前已停辦或撤站之歷史站點
基隆市,中正區,107,0,0,FALSE,109,NA,-2,NA,NA,NA,114年現存營運清冊依成立年度回推,可能不含114年前已停辦或撤站之歷史站點
基隆市,中正區,108,0,0,FALSE,109,NA,-1,NA,NA,NA,114年現存營運清冊依成立年度回推,可能不含114年前已停辦或撤站之歷史站點
基隆市,中正區,109,1,1,TRUE,109,0,0,FALSE,FALSE,FALSE,114年現存營運清冊依成立年度回推,可能不含114年前已停辦或撤站之歷史站點
基隆市,中正區,110,0,1,TRUE,109,1,1,TRUE,FALSE,FALSE,114年現存營運清冊依成立年度回推,可能不含114年前已停辦或撤站之歷史站點
基隆市,中正區,111,0,1,TRUE,109,2,2,TRUE,FALSE,FALSE,114年現存營運清冊依成立年度回推,可能不含114年前已停辦或撤站之歷史站點
基隆市,中正區,112,0,1,TRUE,109,3,3,TRUE,TRUE,FALSE,114年現存營運清冊依成立年度回推,可能不含114年前已停辦或撤站之歷史站點
基隆市,中正區,113,0,1,TRUE,109,4,4,TRUE,TRUE,FALSE,114年現存營運清冊依成立年度回推,可能不含114年前已停辦或撤站之歷史站點
基隆市,中正區,114,0,1,TRUE,109,5,5,TRUE,TRUE,TRUE,114年現存營運清冊依成立年度回推,可能不含114年前已停辦或撤站之歷史站點
宜蘭縣,南澳鄉,90,0,0,FALSE,99,NA,-9,NA,NA,NA,114年現存營運清冊依成立年度回推,可能不含114年前已停辦或撤站之歷史站點
宜蘭縣,南澳鄉,91,0,0,FALSE,99,NA,-8,NA,NA,NA,114年現存營運清冊依成立年度回推,可能不含114年前已停辦或撤站之歷史站點
宜蘭縣,南澳鄉,92,0,0,FALSE,99,NA,-7,NA,NA,NA,114年現存營運清冊依成立年度回推,可能不含114年前已停辦或撤站之歷史站點
宜蘭縣,南澳鄉,93,0,0,FALSE,99,NA,-6,NA,NA,NA,114年現存營運清冊依成立年度回推,可能不含114年前已停辦或撤站之歷史站點
宜蘭縣,南澳鄉,94,0,0,FALSE,99,NA,-5,NA,NA,NA,114年現存營運清冊依成立年度回推,可能不含114年前已停辦或撤站之歷史站點
宜蘭縣,南澳鄉,95,0,0,FALSE,99,NA,-4,NA,NA,NA,114年現存營運清冊依成立年度回推,可能不含114年前已停辦或撤站之歷史站點
宜蘭縣,南澳鄉,96,0,0,FALSE,99,NA,-3,NA,NA,NA,114年現存營運清冊依成立年度回推,可能不含114年前已停辦或撤站之歷史站點
宜蘭縣,南澳鄉,97,0,0,FALSE,99,NA,-2,NA,NA,NA,114年現存營運清冊依成立年度回推,可能不含114年前已停辦或撤站之歷史站點
宜蘭縣,南澳鄉,98,0,0,FALSE,99,NA,-1,NA,NA,NA,114年現存營運清冊依成立年度回推,可能不含114年前已停辦或撤站之歷史站點
宜蘭縣,南澳鄉,99,1,1,TRUE,99,0,0,FALSE,FALSE,FALSE,114年現存營運清冊依成立年度回推,可能不含114年前已停辦或撤站之歷史站點
宜蘭縣,南澳鄉,100,0,1,TRUE,99,1,1,TRUE,FALSE,FALSE,114年現存營運清冊依成立年度回推,可能不含114年前已停辦或撤站之歷史站點
宜蘭縣,南澳鄉,101,0,1,TRUE,99,2,2,TRUE,FALSE,FALSE,114年現存營運清冊依成立年度回推,可能不含114年前已停辦或撤站之歷史站點
宜蘭縣,南澳鄉,102,0,1,TRUE,99,3,3,TRUE,TRUE,FALSE,114年現存營運清冊依成立年度回推,可能不含114年前已停辦或撤站之歷史站點
宜蘭縣,南澳鄉,103,0,1,TRUE,99,4,4,TRUE,TRUE,FALSE,114年現存營運清冊依成立年度回推,可能不含114年前已停辦或撤站之歷史站點
宜蘭縣,南澳鄉,104,0,1,TRUE,99,5,5,TRUE,TRUE,TRUE,114年現存營運清冊依成立年度回推,可能不含114年前已停辦或撤站之歷史站點
宜蘭縣,南澳鄉,105,1,2,TRUE,99,6,6,TRUE,TRUE,TRUE,114年現存營運清冊依成立年度回推,可能不含114年前已停辦或撤站之歷史站點
宜蘭縣,南澳鄉,106,0,2,TRUE,99,7,7,TRUE,TRUE,TRUE,114年現存營運清冊依成立年度回推,可能不含114年前已停辦或撤站之歷史站點
宜蘭縣,南澳鄉,107,3,5,TRUE,99,8,8,TRUE,TRUE,TRUE,114年現存營運清冊依成立年度回推,可能不含114年前已停辦或撤站之歷史站點
宜蘭縣,南澳鄉,108,0,5,TRUE,99,9,9,TRUE,TRUE,TRUE,114年現存營運清冊依成立年度回推,可能不含114年前已停辦或撤站之歷史站點
宜蘭縣,南澳鄉,109,2,7,TRUE,99,10,10,TRUE,TRUE,TRUE,114年現存營運清冊依成立年度回推,可能不含114年前已停辦或撤站之歷史站點
宜蘭縣,南澳鄉,110,0,7,TRUE,99,11,11,TRUE,TRUE,TRUE,114年現存營運清冊依成立年度回推,可能不含114年前已停辦或撤站之歷史站點
宜蘭縣,南澳鄉,111,1,8,TRUE,99,12,12,TRUE,TRUE,TRUE,114年現存營運清冊依成立年度回推,可能不含114年前已停辦或撤站之歷史站點
宜蘭縣,南澳鄉,112,0,8,TRUE,99,13,13,TRUE,TRUE,TRUE,114年現存營運清冊依成立年度回推,可能不含114年前已停辦或撤站之歷史站點
宜蘭縣,南澳鄉,113,0,8,TRUE,99,14,14,TRUE,TRUE,TRUE,114年現存營運清冊依成立年度回推,可能不含114年前已停辦或撤站之歷史站點
宜蘭縣,南澳鄉,114,0,8,TRUE,99,15,15,TRUE,TRUE,TRUE,114年現存營運清冊依成立年度回推,可能不含114年前已停辦或撤站之歷史站點
宜蘭縣,大同鄉,90,0,0,FALSE,96,NA,-6,NA,NA,NA,114年現存營運清冊依成立年度回推,可能不含114年前已停辦或撤站之歷史站點
宜蘭縣,大同鄉,91,0,0,FALSE,96,NA,-5,NA,NA,NA,114年現存營運清冊依成立年度回推,可能不含114年前已停辦或撤站之歷史站點
宜蘭縣,大同鄉,92,0,0,FALSE,96,NA,-4,NA,NA,NA,114年現存營運清冊依成立年度回推,可能不含114年前已停辦或撤站之歷史站點
宜蘭縣,大同鄉,93,0,0,FALSE,96,NA,-3,NA,NA,NA,114年現存營運清冊依成立年度回推,可能不含114年前已停辦或撤站之歷史站點
宜蘭縣,大同鄉,94,0,0,FALSE,96,NA,-2,NA,NA,NA,114年現存營運清冊依成立年度回推,可能不含114年前已停辦或撤站之歷史站點
宜蘭縣,大同鄉,95,0,0,FALSE,96,NA,-1,NA,NA,NA,114年現存營運清冊依成立年度回推,可能不含114年前已停辦或撤站之歷史站點
宜蘭縣,大同鄉,96,1,1,TRUE,96,0,0,FALSE,FALSE,FALSE,114年現存營運清冊依成立年度回推,可能不含114年前已停辦或撤站之歷史站點
宜蘭縣,大同鄉,97,0,1,TRUE,96,1,1,TRUE,FALSE,FALSE,114年現存營運清冊依成立年度回推,可能不含114年前已停辦或撤站之歷史站點
宜蘭縣,大同鄉,98,0,1,TRUE,96,2,2,TRUE,FALSE,FALSE,114年現存營運清冊依成立年度回推,可能不含114年前已停辦或撤站之歷史站點
宜蘭縣,大同鄉,99,2,3,TRUE,96,3,3,TRUE,TRUE,FALSE,114年現存營運清冊依成立年度回推,可能不含114年前已停辦或撤站之歷史站點
宜蘭縣,大同鄉,100,0,3,TRUE,96,4,4,TRUE,TRUE,FALSE,114年現存營運清冊依成立年度回推,可能不含114年前已停辦或撤站之歷史站點
宜蘭縣,大同鄉,101,0,3,TRUE,96,5,5,TRUE,TRUE,TRUE,114年現存營運清冊依成立年度回推,可能不含114年前已停辦或撤站之歷史站點
宜蘭縣,大同鄉,102,0,3,TRUE,96,6,6,TRUE,TRUE,TRUE,114年現存營運清冊依成立年度回推,可能不含114年前已停辦或撤站之歷史站點
宜蘭縣,大同鄉,103,0,3,TRUE,96,7,7,TRUE,TRUE,TRUE,114年現存營運清冊依成立年度回推,可能不含114年前已停辦或撤站之歷史站點
宜蘭縣,大同鄉,104,0,3,TRUE,96,8,8,TRUE,TRUE,TRUE,114年現存營運清冊依成立年度回推,可能不含114年前已停辦或撤站之歷史站點
宜蘭縣,大同鄉,105,1,4,TRUE,96,9,9,TRUE,TRUE,TRUE,114年現存營運清冊依成立年度回推,可能不含114年前已停辦或撤站之歷史站點
宜蘭縣,大同鄉,106,0,4,TRUE,96,10,10,TRUE,TRUE,TRUE,114年現存營運清冊依成立年度回推,可能不含114年前已停辦或撤站之歷史站點
宜蘭縣,大同鄉,107,1,5,TRUE,96,11,11,TRUE,TRUE,TRUE,114年現存營運清冊依成立年度回推,可能不含114年前已停辦或撤站之歷史站點
宜蘭縣,大同鄉,108,1,6,TRUE,96,12,12,TRUE,TRUE,TRUE,114年現存營運清冊依成立年度回推,可能不含114年前已停辦或撤站之歷史站點
宜蘭縣,大同鄉,109,0,6,TRUE,96,13,13,TRUE,TRUE,TRUE,114年現存營運清冊依成立年度回推,可能不含114年前已停辦或撤站之歷史站點
宜蘭縣,大同鄉,110,0,6,TRUE,96,14,14,TRUE,TRUE,TRUE,114年現存營運清冊依成立年度回推,可能不含114年前已停辦或撤站之歷史站點
宜蘭縣,大同鄉,111,2,8,TRUE,96,15,15,TRUE,TRUE,TRUE,114年現存營運清冊依成立年度回推,可能不含114年前已停辦或撤站之歷史站點
宜蘭縣,大同鄉,112,0,8,TRUE,96,16,16,TRUE,TRUE,TRUE,114年現存營運清冊依成立年度回推,可能不含114年前已停辦或撤站之歷史站點
宜蘭縣,大同鄉,113,1,9,TRUE,96,17,17,TRUE,TRUE,TRUE,114年現存營運清冊依成立年度回推,可能不含114年前已停辦或撤站之歷史站點
宜蘭縣,大同鄉,114,0,9,TRUE,96,18,18,TRUE,TRUE,TRUE,114年現存營運清冊依成立年度回推,可能不含114年前已停辦或撤站之歷史站點
宜蘭縣,宜蘭市,90,0,0,FALSE,112,NA,-22,NA,NA,NA,114年現存營運清冊依成立年度回推,可能不含114年前已停辦或撤站之歷史站點
宜蘭縣,宜蘭市,91,0,0,FALSE,112,NA,-21,NA,NA,NA,114年現存營運清冊依成立年度回推,可能不含114年前已停辦或撤站之歷史站點
宜蘭縣,宜蘭市,92,0,0,FALSE,112,NA,-20,NA,NA,NA,114年現存營運清冊依成立年度回推,可能不含114年前已停辦或撤站之歷史站點
宜蘭縣,宜蘭市,93,0,0,FALSE,112,NA,-19,NA,NA,NA,114年現存營運清冊依成立年度回推,可能不含114年前已停辦或撤站之歷史站點
宜蘭縣,宜蘭市,94,0,0,FALSE,112,NA,-18,NA,NA,NA,114年現存營運清冊依成立年度回推,可能不含114年前已停辦或撤站之歷史站點
宜蘭縣,宜蘭市,95,0,0,FALSE,112,NA,-17,NA,NA,NA,114年現存營運清冊依成立年度回推,可能不含114年前已停辦或撤站之歷史站點
宜蘭縣,宜蘭市,96,0,0,FALSE,112,NA,-16,NA,NA,NA,114年現存營運清冊依成立年度回推,可能不含114年前已停辦或撤站之歷史站點
宜蘭縣,宜蘭市,97,0,0,FALSE,112,NA,-15,NA,NA,NA,114年現存營運清冊依成立年度回推,可能不含114年前已停辦或撤站之歷史站點
宜蘭縣,宜蘭市,98,0,0,FALSE,112,NA,-14,NA,NA,NA,114年現存營運清冊依成立年度回推,可能不含114年前已停辦或撤站之歷史站點
宜蘭縣,宜蘭市,99,0,0,FALSE,112,NA,-13,NA,NA,NA,114年現存營運清冊依成立年度回推,可能不含114年前已停辦或撤站之歷史站點
宜蘭縣,宜蘭市,100,0,0,FALSE,112,NA,-12,NA,NA,NA,114年現存營運清冊依成立年度回推,可能不含114年前已停辦或撤站之歷史站點
宜蘭縣,宜蘭市,101,0,0,FALSE,112,NA,-11,NA,NA,NA,114年現存營運清冊依成立年度回推,可能不含114年前已停辦或撤站之歷史站點
宜蘭縣,宜蘭市,102,0,0,FALSE,112,NA,-10,NA,NA,NA,114年現存營運清冊依成立年度回推,可能不含114年前已停辦或撤站之歷史站點
宜蘭縣,宜蘭市,103,0,0,FALSE,112,NA,-9,NA,NA,NA,114年現存營運清冊依成立年度回推,可能不含114年前已停辦或撤站之歷史站點
宜蘭縣,宜蘭市,104,0,0,FALSE,112,NA,-8,NA,NA,NA,114年現存營運清冊依成立年度回推,可能不含114年前已停辦或撤站之歷史站點
宜蘭縣,宜蘭市,105,0,0,FALSE,112,NA,-7,NA,NA,NA,114年現存營運清冊依成立年度回推,可能不含114年前已停辦或撤站之歷史站點
宜蘭縣,宜蘭市,106,0,0,FALSE,112,NA,-6,NA,NA,NA,114年現存營運清冊依成立年度回推,可能不含114年前已停辦或撤站之歷史站點
宜蘭縣,宜蘭市,107,0,0,FALSE,112,NA,-5,NA,NA,NA,114年現存營運清冊依成立年度回推,可能不含114年前已停辦或撤站之歷史站點
宜蘭縣,宜蘭市,108,0,0,FALSE,112,NA,-4,NA,NA,NA,114年現存營運清冊依成立年度回推,可能不含114年前已停辦或撤站之歷史站點
宜蘭縣,宜蘭市,109,0,0,FALSE,112,NA,-3,NA,NA,NA,114年現存營運清冊依成立年度回推,可能不含114年前已停辦或撤站之歷史站點
宜蘭縣,宜蘭市,110,0,0,FALSE,112,NA,-2,NA,NA,NA,114年現存營運清冊依成立年度回推,可能不含114年前已停辦或撤站之歷史站點
宜蘭縣,宜蘭市,111,0,0,FALSE,112,NA,-1,NA,NA,NA,114年現存營運清冊依成立年度回推,可能不含114年前已停辦或撤站之歷史站點
宜蘭縣,宜蘭市,112,1,1,TRUE,112,0,0,FALSE,FALSE,FALSE,114年現存營運清冊依成立年度回推,可能不含114年前已停辦或撤站之歷史站點
宜蘭縣,宜蘭市,113,0,1,TRUE,112,1,1,TRUE,FALSE,FALSE,114年現存營運清冊依成立年度回推,可能不含114年前已停辦或撤站之歷史站點
宜蘭縣,宜蘭市,114,0,1,TRUE,112,2,2,TRUE,FALSE,FALSE,114年現存營運清冊依成立年度回推,可能不含114年前已停辦或撤站之歷史站點
宜蘭縣,羅東鎮,90,0,0,FALSE,108,NA,-18,NA,NA,NA,114年現存營運清冊依成立年度回推,可能不含114年前已停辦或撤站之歷史站點
宜蘭縣,羅東鎮,91,0,0,FALSE,108,NA,-17,NA,NA,NA,114年現存營運清冊依成立年度回推,可能不含114年前已停辦或撤站之歷史站點
宜蘭縣,羅東鎮,92,0,0,FALSE,108,NA,-16,NA,NA,NA,114年現存營運清冊依成立年度回推,可能不含114年前已停辦或撤站之歷史站點
宜蘭縣,羅東鎮,93,0,0,FALSE,108,NA,-15,NA,NA,NA,114年現存營運清冊依成立年度回推,可能不含114年前已停辦或撤站之歷史站點
宜蘭縣,羅東鎮,94,0,0,FALSE,108,NA,-14,NA,NA,NA,114年現存營運清冊依成立年度回推,可能不含114年前已停辦或撤站之歷史站點
宜蘭縣,羅東鎮,95,0,0,FALSE,108,NA,-13,NA,NA,NA,114年現存營運清冊依成立年度回推,可能不含114年前已停辦或撤站之歷史站點
宜蘭縣,羅東鎮,96,0,0,FALSE,108,NA,-12,NA,NA,NA,114年現存營運清冊依成立年度回推,可能不含114年前已停辦或撤站之歷史站點
宜蘭縣,羅東鎮,97,0,0,FALSE,108,NA,-11,NA,NA,NA,114年現存營運清冊依成立年度回推,可能不含114年前已停辦或撤站之歷史站點
宜蘭縣,羅東鎮,98,0,0,FALSE,108,NA,-10,NA,NA,NA,114年現存營運清冊依成立年度回推,可能不含114年前已停辦或撤站之歷史站點
宜蘭縣,羅東鎮,99,0,0,FALSE,108,NA,-9,NA,NA,NA,114年現存營運清冊依成立年度回推,可能不含114年前已停辦或撤站之歷史站點
宜蘭縣,羅東鎮,100,0,0,FALSE,108,NA,-8,NA,NA,NA,114年現存營運清冊依成立年度回推,可能不含114年前已停辦或撤站之歷史站點
宜蘭縣,羅東鎮,101,0,0,FALSE,108,NA,-7,NA,NA,NA,114年現存營運清冊依成立年度回推,可能不含114年前已停辦或撤站之歷史站點
宜蘭縣,羅東鎮,102,0,0,FALSE,108,NA,-6,NA,NA,NA,114年現存營運清冊依成立年度回推,可能不含114年前已停辦或撤站之歷史站點
宜蘭縣,羅東鎮,103,0,0,FALSE,108,NA,-5,NA,NA,NA,114年現存營運清冊依成立年度回推,可能不含114年前已停辦或撤站之歷史站點
宜蘭縣,羅東鎮,104,0,0,FALSE,108,NA,-4,NA,NA,NA,114年現存營運清冊依成立年度回推,可能不含114年前已停辦或撤站之歷史站點
宜蘭縣,羅東鎮,105,0,0,FALSE,108,NA,-3,NA,NA,NA,114年現存營運清冊依成立年度回推,可能不含114年前已停辦或撤站之歷史站點
宜蘭縣,羅東鎮,106,0,0,FALSE,108,NA,-2,NA,NA,NA,114年現存營運清冊依成立年度回推,可能不含114年前已停辦或撤站之歷史站點
宜蘭縣,羅東鎮,107,0,0,FALSE,108,NA,-1,NA,NA,NA,114年現存營運清冊依成立年度回推,可能不含114年前已停辦或撤站之歷史站點
宜蘭縣,羅東鎮,108,1,1,TRUE,108,0,0,FALSE,FALSE,FALSE,114年現存營運清冊依成立年度回推,可能不含114年前已停辦或撤站之歷史站點
宜蘭縣,羅東鎮,109,0,1,TRUE,108,1,1,TRUE,FALSE,FALSE,114年現存營運清冊依成立年度回推,可能不含114年前已停辦或撤站之歷史站點
宜蘭縣,羅東鎮,110,0,1,TRUE,108,2,2,TRUE,FALSE,FALSE,114年現存營運清冊依成立年度回推,可能不含114年前已停辦或撤站之歷史站點
宜蘭縣,羅東鎮,111,0,1,TRUE,108,3,3,TRUE,TRUE,FALSE,114年現存營運清冊依成立年度回推,可能不含114年前已停辦或撤站之歷史站點
宜蘭縣,羅東鎮,112,0,1,TRUE,108,4,4,TRUE,TRUE,FALSE,114年現存營運清冊依成立年度回推,可能不含114年前已停辦或撤站之歷史站點
宜蘭縣,羅東鎮,113,0,1,TRUE,108,5,5,TRUE,TRUE,TRUE,114年現存營運清冊依成立年度回推,可能不含114年前已停辦或撤站之歷史站點
宜蘭縣,羅東鎮,114,0,1,TRUE,108,6,6,TRUE,TRUE,TRUE,114年現存營運清冊依成立年度回推,可能不含114年前已停辦或撤站之歷史站點
宜蘭縣,蘇澳鎮,90,0,0,FALSE,113,NA,-23,NA,NA,NA,114年現存營運清冊依成立年度回推,可能不含114年前已停辦或撤站之歷史站點
宜蘭縣,蘇澳鎮,91,0,0,FALSE,113,NA,-22,NA,NA,NA,114年現存營運清冊依成立年度回推,可能不含114年前已停辦或撤站之歷史站點
宜蘭縣,蘇澳鎮,92,0,0,FALSE,113,NA,-21,NA,NA,NA,114年現存營運清冊依成立年度回推,可能不含114年前已停辦或撤站之歷史站點
宜蘭縣,蘇澳鎮,93,0,0,FALSE,113,NA,-20,NA,NA,NA,114年現存營運清冊依成立年度回推,可能不含114年前已停辦或撤站之歷史站點
宜蘭縣,蘇澳鎮,94,0,0,FALSE,113,NA,-19,NA,NA,NA,114年現存營運清冊依成立年度回推,可能不含114年前已停辦或撤站之歷史站點
宜蘭縣,蘇澳鎮,95,0,0,FALSE,113,NA,-18,NA,NA,NA,114年現存營運清冊依成立年度回推,可能不含114年前已停辦或撤站之歷史站點
宜蘭縣,蘇澳鎮,96,0,0,FALSE,113,NA,-17,NA,NA,NA,114年現存營運清冊依成立年度回推,可能不含114年前已停辦或撤站之歷史站點
宜蘭縣,蘇澳鎮,97,0,0,FALSE,113,NA,-16,NA,NA,NA,114年現存營運清冊依成立年度回推,可能不含114年前已停辦或撤站之歷史站點
宜蘭縣,蘇澳鎮,98,0,0,FALSE,113,NA,-15,NA,NA,NA,114年現存營運清冊依成立年度回推,可能不含114年前已停辦或撤站之歷史站點
宜蘭縣,蘇澳鎮,99,0,0,FALSE,113,NA,-14,NA,NA,NA,114年現存營運清冊依成立年度回推,可能不含114年前已停辦或撤站之歷史站點
宜蘭縣,蘇澳鎮,100,0,0,FALSE,113,NA,-13,NA,NA,NA,114年現存營運清冊依成立年度回推,可能不含114年前已停辦或撤站之歷史站點
宜蘭縣,蘇澳鎮,101,0,0,FALSE,113,NA,-12,NA,NA,NA,114年現存營運清冊依成立年度回推,可能不含114年前已停辦或撤站之歷史站點
宜蘭縣,蘇澳鎮,102,0,0,FALSE,113,NA,-11,NA,NA,NA,114年現存營運清冊依成立年度回推,可能不含114年前已停辦或撤站之歷史站點
宜蘭縣,蘇澳鎮,103,0,0,FALSE,113,NA,-10,NA,NA,NA,114年現存營運清冊依成立年度回推,可能不含114年前已停辦或撤站之歷史站點
宜蘭縣,蘇澳鎮,104,0,0,FALSE,113,NA,-9,NA,NA,NA,114年現存營運清冊依成立年度回推,可能不含114年前已停辦或撤站之歷史站點
宜蘭縣,蘇澳鎮,105,0,0,FALSE,113,NA,-8,NA,NA,NA,114年現存營運清冊依成立年度回推,可能不含114年前已停辦或撤站之歷史站點
宜蘭縣,蘇澳鎮,106,0,0,FALSE,113,NA,-7,NA,NA,NA,114年現存營運清冊依成立年度回推,可能不含114年前已停辦或撤站之歷史站點
宜蘭縣,蘇澳鎮,107,0,0,FALSE,113,NA,-6,NA,NA,NA,114年現存營運清冊依成立年度回推,可能不含114年前已停辦或撤站之歷史站點
宜蘭縣,蘇澳鎮,108,0,0,FALSE,113,NA,-5,NA,NA,NA,114年現存營運清冊依成立年度回推,可能不含114年前已停辦或撤站之歷史站點
宜蘭縣,蘇澳鎮,109,0,0,FALSE,113,NA,-4,NA,NA,NA,114年現存營運清冊依成立年度回推,可能不含114年前已停辦或撤站之歷史站點
宜蘭縣,蘇澳鎮,110,0,0,FALSE,113,NA,-3,NA,NA,NA,114年現存營運清冊依成立年度回推,可能不含114年前已停辦或撤站之歷史站點
宜蘭縣,蘇澳鎮,111,0,0,FALSE,113,NA,-2,NA,NA,NA,114年現存營運清冊依成立年度回推,可能不含114年前已停辦或撤站之歷史站點
宜蘭縣,蘇澳鎮,112,0,0,FALSE,113,NA,-1,NA,NA,NA,114年現存營運清冊依成立年度回推,可能不含114年前已停辦或撤站之歷史站點
宜蘭縣,蘇澳鎮,113,1,1,TRUE,113,0,0,FALSE,FALSE,FALSE,114年現存營運清冊依成立年度回推,可能不含114年前已停辦或撤站之歷史站點
宜蘭縣,蘇澳鎮,114,0,1,TRUE,113,1,1,TRUE,FALSE,FALSE,114年現存營運清冊依成立年度回推,可能不含114年前已停辦或撤站之歷史站點
屏東縣,三地門鄉,90,0,0,FALSE,95,NA,-5,NA,NA,NA,114年現存營運清冊依成立年度回推,可能不含114年前已停辦或撤站之歷史站點
屏東縣,三地門鄉,91,0,0,FALSE,95,NA,-4,NA,NA,NA,114年現存營運清冊依成立年度回推,可能不含114年前已停辦或撤站之歷史站點
屏東縣,三地門鄉,92,0,0,FALSE,95,NA,-3,NA,NA,NA,114年現存營運清冊依成立年度回推,可能不含114年前已停辦或撤站之歷史站點
屏東縣,三地門鄉,93,0,0,FALSE,95,NA,-2,NA,NA,NA,114年現存營運清冊依成立年度回推,可能不含114年前已停辦或撤站之歷史站點
屏東縣,三地門鄉,94,0,0,FALSE,95,NA,-1,NA,NA,NA,114年現存營運清冊依成立年度回推,可能不含114年前已停辦或撤站之歷史站點
屏東縣,三地門鄉,95,1,1,TRUE,95,0,0,FALSE,FALSE,FALSE,114年現存營運清冊依成立年度回推,可能不含114年前已停辦或撤站之歷史站點
屏東縣,三地門鄉,96,0,1,TRUE,95,1,1,TRUE,FALSE,FALSE,114年現存營運清冊依成立年度回推,可能不含114年前已停辦或撤站之歷史站點
屏東縣,三地門鄉,97,3,4,TRUE,95,2,2,TRUE,FALSE,FALSE,114年現存營運清冊依成立年度回推,可能不含114年前已停辦或撤站之歷史站點
屏東縣,三地門鄉,98,0,4,TRUE,95,3,3,TRUE,TRUE,FALSE,114年現存營運清冊依成立年度回推,可能不含114年前已停辦或撤站之歷史站點
屏東縣,三地門鄉,99,0,4,TRUE,95,4,4,TRUE,TRUE,FALSE,114年現存營運清冊依成立年度回推,可能不含114年前已停辦或撤站之歷史站點
屏東縣,三地門鄉,100,1,5,TRUE,95,5,5,TRUE,TRUE,TRUE,114年現存營運清冊依成立年度回推,可能不含114年前已停辦或撤站之歷史站點
屏東縣,三地門鄉,101,0,5,TRUE,95,6,6,TRUE,TRUE,TRUE,114年現存營運清冊依成立年度回推,可能不含114年前已停辦或撤站之歷史站點
屏東縣,三地門鄉,102,0,5,TRUE,95,7,7,TRUE,TRUE,TRUE,114年現存營運清冊依成立年度回推,可能不含114年前已停辦或撤站之歷史站點
屏東縣,三地門鄉,103,0,5,TRUE,95,8,8,TRUE,TRUE,TRUE,114年現存營運清冊依成立年度回推,可能不含114年前已停辦或撤站之歷史站點
屏東縣,三地門鄉,104,0,5,TRUE,95,9,9,TRUE,TRUE,TRUE,114年現存營運清冊依成立年度回推,可能不含114年前已停辦或撤站之歷史站點
屏東縣,三地門鄉,105,0,5,TRUE,95,10,10,TRUE,TRUE,TRUE,114年現存營運清冊依成立年度回推,可能不含114年前已停辦或撤站之歷史站點
屏東縣,三地門鄉,106,2,7,TRUE,95,11,11,TRUE,TRUE,TRUE,114年現存營運清冊依成立年度回推,可能不含114年前已停辦或撤站之歷史站點
屏東縣,三地門鄉,107,1,8,TRUE,95,12,12,TRUE,TRUE,TRUE,114年現存營運清冊依成立年度回推,可能不含114年前已停辦或撤站之歷史站點
屏東縣,三地門鄉,108,0,8,TRUE,95,13,13,TRUE,TRUE,TRUE,114年現存營運清冊依成立年度回推,可能不含114年前已停辦或撤站之歷史站點
屏東縣,三地門鄉,109,1,9,TRUE,95,14,14,TRUE,TRUE,TRUE,114年現存營運清冊依成立年度回推,可能不含114年前已停辦或撤站之歷史站點
屏東縣,三地門鄉,110,0,9,TRUE,95,15,15,TRUE,TRUE,TRUE,114年現存營運清冊依成立年度回推,可能不含114年前已停辦或撤站之歷史站點
屏東縣,三地門鄉,111,1,10,TRUE,95,16,16,TRUE,TRUE,TRUE,114年現存營運清冊依成立年度回推,可能不含114年前已停辦或撤站之歷史站點
屏東縣,三地門鄉,112,0,10,TRUE,95,17,17,TRUE,TRUE,TRUE,114年現存營運清冊依成立年度回推,可能不含114年前已停辦或撤站之歷史站點
屏東縣,三地門鄉,113,0,10,TRUE,95,18,18,TRUE,TRUE,TRUE,114年現存營運清冊依成立年度回推,可能不含114年前已停辦或撤站之歷史站點
屏東縣,三地門鄉,114,1,11,TRUE,95,19,19,TRUE,TRUE,TRUE,114年現存營運清冊依成立年度回推,可能不含114年前已停辦或撤站之歷史站點
屏東縣,來義鄉,90,0,0,FALSE,95,NA,-5,NA,NA,NA,114年現存營運清冊依成立年度回推,可能不含114年前已停辦或撤站之歷史站點
屏東縣,來義鄉,91,0,0,FALSE,95,NA,-4,NA,NA,NA,114年現存營運清冊依成立年度回推,可能不含114年前已停辦或撤站之歷史站點
屏東縣,來義鄉,92,0,0,FALSE,95,NA,-3,NA,NA,NA,114年現存營運清冊依成立年度回推,可能不含114年前已停辦或撤站之歷史站點
屏東縣,來義鄉,93,0,0,FALSE,95,NA,-2,NA,NA,NA,114年現存營運清冊依成立年度回推,可能不含114年前已停辦或撤站之歷史站點
屏東縣,來義鄉,94,0,0,FALSE,95,NA,-1,NA,NA,NA,114年現存營運清冊依成立年度回推,可能不含114年前已停辦或撤站之歷史站點
屏東縣,來義鄉,95,1,1,TRUE,95,0,0,FALSE,FALSE,FALSE,114年現存營運清冊依成立年度回推,可能不含114年前已停辦或撤站之歷史站點
屏東縣,來義鄉,96,0,1,TRUE,95,1,1,TRUE,FALSE,FALSE,114年現存營運清冊依成立年度回推,可能不含114年前已停辦或撤站之歷史站點
屏東縣,來義鄉,97,1,2,TRUE,95,2,2,TRUE,FALSE,FALSE,114年現存營運清冊依成立年度回推,可能不含114年前已停辦或撤站之歷史站點
屏東縣,來義鄉,98,0,2,TRUE,95,3,3,TRUE,TRUE,FALSE,114年現存營運清冊依成立年度回推,可能不含114年前已停辦或撤站之歷史站點
屏東縣,來義鄉,99,0,2,TRUE,95,4,4,TRUE,TRUE,FALSE,114年現存營運清冊依成立年度回推,可能不含114年前已停辦或撤站之歷史站點
屏東縣,來義鄉,100,0,2,TRUE,95,5,5,TRUE,TRUE,TRUE,114年現存營運清冊依成立年度回推,可能不含114年前已停辦或撤站之歷史站點
屏東縣,來義鄉,101,0,2,TRUE,95,6,6,TRUE,TRUE,TRUE,114年現存營運清冊依成立年度回推,可能不含114年前已停辦或撤站之歷史站點
屏東縣,來義鄉,102,0,2,TRUE,95,7,7,TRUE,TRUE,TRUE,114年現存營運清冊依成立年度回推,可能不含114年前已停辦或撤站之歷史站點
屏東縣,來義鄉,103,0,2,TRUE,95,8,8,TRUE,TRUE,TRUE,114年現存營運清冊依成立年度回推,可能不含114年前已停辦或撤站之歷史站點
屏東縣,來義鄉,104,0,2,TRUE,95,9,9,TRUE,TRUE,TRUE,114年現存營運清冊依成立年度回推,可能不含114年前已停辦或撤站之歷史站點
屏東縣,來義鄉,105,2,4,TRUE,95,10,10,TRUE,TRUE,TRUE,114年現存營運清冊依成立年度回推,可能不含114年前已停辦或撤站之歷史站點
屏東縣,來義鄉,106,0,4,TRUE,95,11,11,TRUE,TRUE,TRUE,114年現存營運清冊依成立年度回推,可能不含114年前已停辦或撤站之歷史站點
屏東縣,來義鄉,107,1,5,TRUE,95,12,12,TRUE,TRUE,TRUE,114年現存營運清冊依成立年度回推,可能不含114年前已停辦或撤站之歷史站點
屏東縣,來義鄉,108,2,7,TRUE,95,13,13,TRUE,TRUE,TRUE,114年現存營運清冊依成立年度回推,可能不含114年前已停辦或撤站之歷史站點
屏東縣,來義鄉,109,1,8,TRUE,95,14,14,TRUE,TRUE,TRUE,114年現存營運清冊依成立年度回推,可能不含114年前已停辦或撤站之歷史站點
屏東縣,來義鄉,110,0,8,TRUE,95,15,15,TRUE,TRUE,TRUE,114年現存營運清冊依成立年度回推,可能不含114年前已停辦或撤站之歷史站點
屏東縣,來義鄉,111,0,8,TRUE,95,16,16,TRUE,TRUE,TRUE,114年現存營運清冊依成立年度回推,可能不含114年前已停辦或撤站之歷史站點
屏東縣,來義鄉,112,0,8,TRUE,95,17,17,TRUE,TRUE,TRUE,114年現存營運清冊依成立年度回推,可能不含114年前已停辦或撤站之歷史站點
屏東縣,來義鄉,113,1,9,TRUE,95,18,18,TRUE,TRUE,TRUE,114年現存營運清冊依成立年度回推,可能不含114年前已停辦或撤站之歷史站點
屏東縣,來義鄉,114,0,9,TRUE,95,19,19,TRUE,TRUE,TRUE,114年現存營運清冊依成立年度回推,可能不含114年前已停辦或撤站之歷史站點
屏東縣,內埔鄉,90,0,0,FALSE,106,NA,-16,NA,NA,NA,114年現存營運清冊依成立年度回推,可能不含114年前已停辦或撤站之歷史站點
屏東縣,內埔鄉,91,0,0,FALSE,106,NA,-15,NA,NA,NA,114年現存營運清冊依成立年度回推,可能不含114年前已停辦或撤站之歷史站點
屏東縣,內埔鄉,92,0,0,FALSE,106,NA,-14,NA,NA,NA,114年現存營運清冊依成立年度回推,可能不含114年前已停辦或撤站之歷史站點
屏東縣,內埔鄉,93,0,0,FALSE,106,NA,-13,NA,NA,NA,114年現存營運清冊依成立年度回推,可能不含114年前已停辦或撤站之歷史站點
屏東縣,內埔鄉,94,0,0,FALSE,106,NA,-12,NA,NA,NA,114年現存營運清冊依成立年度回推,可能不含114年前已停辦或撤站之歷史站點
屏東縣,內埔鄉,95,0,0,FALSE,106,NA,-11,NA,NA,NA,114年現存營運清冊依成立年度回推,可能不含114年前已停辦或撤站之歷史站點
屏東縣,內埔鄉,96,0,0,FALSE,106,NA,-10,NA,NA,NA,114年現存營運清冊依成立年度回推,可能不含114年前已停辦或撤站之歷史站點
屏東縣,內埔鄉,97,0,0,FALSE,106,NA,-9,NA,NA,NA,114年現存營運清冊依成立年度回推,可能不含114年前已停辦或撤站之歷史站點
屏東縣,內埔鄉,98,0,0,FALSE,106,NA,-8,NA,NA,NA,114年現存營運清冊依成立年度回推,可能不含114年前已停辦或撤站之歷史站點
屏東縣,內埔鄉,99,0,0,FALSE,106,NA,-7,NA,NA,NA,114年現存營運清冊依成立年度回推,可能不含114年前已停辦或撤站之歷史站點
屏東縣,內埔鄉,100,0,0,FALSE,106,NA,-6,NA,NA,NA,114年現存營運清冊依成立年度回推,可能不含114年前已停辦或撤站之歷史站點
屏東縣,內埔鄉,101,0,0,FALSE,106,NA,-5,NA,NA,NA,114年現存營運清冊依成立年度回推,可能不含114年前已停辦或撤站之歷史站點
屏東縣,內埔鄉,102,0,0,FALSE,106,NA,-4,NA,NA,NA,114年現存營運清冊依成立年度回推,可能不含114年前已停辦或撤站之歷史站點
屏東縣,內埔鄉,103,0,0,FALSE,106,NA,-3,NA,NA,NA,114年現存營運清冊依成立年度回推,可能不含114年前已停辦或撤站之歷史站點
屏東縣,內埔鄉,104,0,0,FALSE,106,NA,-2,NA,NA,NA,114年現存營運清冊依成立年度回推,可能不含114年前已停辦或撤站之歷史站點
屏東縣,內埔鄉,105,0,0,FALSE,106,NA,-1,NA,NA,NA,114年現存營運清冊依成立年度回推,可能不含114年前已停辦或撤站之歷史站點
屏東縣,內埔鄉,106,1,1,TRUE,106,0,0,FALSE,FALSE,FALSE,114年現存營運清冊依成立年度回推,可能不含114年前已停辦或撤站之歷史站點
屏東縣,內埔鄉,107,0,1,TRUE,106,1,1,TRUE,FALSE,FALSE,114年現存營運清冊依成立年度回推,可能不含114年前已停辦或撤站之歷史站點
屏東縣,內埔鄉,108,0,1,TRUE,106,2,2,TRUE,FALSE,FALSE,114年現存營運清冊依成立年度回推,可能不含114年前已停辦或撤站之歷史站點
屏東縣,內埔鄉,109,0,1,TRUE,106,3,3,TRUE,TRUE,FALSE,114年現存營運清冊依成立年度回推,可能不含114年前已停辦或撤站之歷史站點
屏東縣,內埔鄉,110,0,1,TRUE,106,4,4,TRUE,TRUE,FALSE,114年現存營運清冊依成立年度回推,可能不含114年前已停辦或撤站之歷史站點
屏東縣,內埔鄉,111,0,1,TRUE,106,5,5,TRUE,TRUE,TRUE,114年現存營運清冊依成立年度回推,可能不含114年前已停辦或撤站之歷史站點
屏東縣,內埔鄉,112,0,1,TRUE,106,6,6,TRUE,TRUE,TRUE,114年現存營運清冊依成立年度回推,可能不含114年前已停辦或撤站之歷史站點
屏東縣,內埔鄉,113,0,1,TRUE,106,7,7,TRUE,TRUE,TRUE,114年現存營運清冊依成立年度回推,可能不含114年前已停辦或撤站之歷史站點
屏東縣,內埔鄉,114,0,1,TRUE,106,8,8,TRUE,TRUE,TRUE,114年現存營運清冊依成立年度回推,可能不含114年前已停辦或撤站之歷史站點
屏東縣,屏東市,90,0,0,FALSE,107,NA,-17,NA,NA,NA,114年現存營運清冊依成立年度回推,可能不含114年前已停辦或撤站之歷史站點
屏東縣,屏東市,91,0,0,FALSE,107,NA,-16,NA,NA,NA,114年現存營運清冊依成立年度回推,可能不含114年前已停辦或撤站之歷史站點
屏東縣,屏東市,92,0,0,FALSE,107,NA,-15,NA,NA,NA,114年現存營運清冊依成立年度回推,可能不含114年前已停辦或撤站之歷史站點
屏東縣,屏東市,93,0,0,FALSE,107,NA,-14,NA,NA,NA,114年現存營運清冊依成立年度回推,可能不含114年前已停辦或撤站之歷史站點
屏東縣,屏東市,94,0,0,FALSE,107,NA,-13,NA,NA,NA,114年現存營運清冊依成立年度回推,可能不含114年前已停辦或撤站之歷史站點
屏東縣,屏東市,95,0,0,FALSE,107,NA,-12,NA,NA,NA,114年現存營運清冊依成立年度回推,可能不含114年前已停辦或撤站之歷史站點
屏東縣,屏東市,96,0,0,FALSE,107,NA,-11,NA,NA,NA,114年現存營運清冊依成立年度回推,可能不含114年前已停辦或撤站之歷史站點
屏東縣,屏東市,97,0,0,FALSE,107,NA,-10,NA,NA,NA,114年現存營運清冊依成立年度回推,可能不含114年前已停辦或撤站之歷史站點
屏東縣,屏東市,98,0,0,FALSE,107,NA,-9,NA,NA,NA,114年現存營運清冊依成立年度回推,可能不含114年前已停辦或撤站之歷史站點
屏東縣,屏東市,99,0,0,FALSE,107,NA,-8,NA,NA,NA,114年現存營運清冊依成立年度回推,可能不含114年前已停辦或撤站之歷史站點
屏東縣,屏東市,100,0,0,FALSE,107,NA,-7,NA,NA,NA,114年現存營運清冊依成立年度回推,可能不含114年前已停辦或撤站之歷史站點
屏東縣,屏東市,101,0,0,FALSE,107,NA,-6,NA,NA,NA,114年現存營運清冊依成立年度回推,可能不含114年前已停辦或撤站之歷史站點
屏東縣,屏東市,102,0,0,FALSE,107,NA,-5,NA,NA,NA,114年現存營運清冊依成立年度回推,可能不含114年前已停辦或撤站之歷史站點
屏東縣,屏東市,103,0,0,FALSE,107,NA,-4,NA,NA,NA,114年現存營運清冊依成立年度回推,可能不含114年前已停辦或撤站之歷史站點
屏東縣,屏東市,104,0,0,FALSE,107,NA,-3,NA,NA,NA,114年現存營運清冊依成立年度回推,可能不含114年前已停辦或撤站之歷史站點
屏東縣,屏東市,105,0,0,FALSE,107,NA,-2,NA,NA,NA,114年現存營運清冊依成立年度回推,可能不含114年前已停辦或撤站之歷史站點
屏東縣,屏東市,106,0,0,FALSE,107,NA,-1,NA,NA,NA,114年現存營運清冊依成立年度回推,可能不含114年前已停辦或撤站之歷史站點
屏東縣,屏東市,107,1,1,TRUE,107,0,0,FALSE,FALSE,FALSE,114年現存營運清冊依成立年度回推,可能不含114年前已停辦或撤站之歷史站點
屏東縣,屏東市,108,0,1,TRUE,107,1,1,TRUE,FALSE,FALSE,114年現存營運清冊依成立年度回推,可能不含114年前已停辦或撤站之歷史站點
屏東縣,屏東市,109,0,1,TRUE,107,2,2,TRUE,FALSE,FALSE,114年現存營運清冊依成立年度回推,可能不含114年前已停辦或撤站之歷史站點
屏東縣,屏東市,110,0,1,TRUE,107,3,3,TRUE,TRUE,FALSE,114年現存營運清冊依成立年度回推,可能不含114年前已停辦或撤站之歷史站點
屏東縣,屏東市,111,0,1,TRUE,107,4,4,TRUE,TRUE,FALSE,114年現存營運清冊依成立年度回推,可能不含114年前已停辦或撤站之歷史站點
屏東縣,屏東市,112,0,1,TRUE,107,5,5,TRUE,TRUE,TRUE,114年現存營運清冊依成立年度回推,可能不含114年前已停辦或撤站之歷史站點
屏東縣,屏東市,113,0,1,TRUE,107,6,6,TRUE,TRUE,TRUE,114年現存營運清冊依成立年度回推,可能不含114年前已停辦或撤站之歷史站點
屏東縣,屏東市,114,1,2,TRUE,107,7,7,TRUE,TRUE,TRUE,114年現存營運清冊依成立年度回推,可能不含114年前已停辦或撤站之歷史站點
屏東縣,春日鄉,90,0,0,FALSE,98,NA,-8,NA,NA,NA,114年現存營運清冊依成立年度回推,可能不含114年前已停辦或撤站之歷史站點
屏東縣,春日鄉,91,0,0,FALSE,98,NA,-7,NA,NA,NA,114年現存營運清冊依成立年度回推,可能不含114年前已停辦或撤站之歷史站點
屏東縣,春日鄉,92,0,0,FALSE,98,NA,-6,NA,NA,NA,114年現存營運清冊依成立年度回推,可能不含114年前已停辦或撤站之歷史站點
屏東縣,春日鄉,93,0,0,FALSE,98,NA,-5,NA,NA,NA,114年現存營運清冊依成立年度回推,可能不含114年前已停辦或撤站之歷史站點
屏東縣,春日鄉,94,0,0,FALSE,98,NA,-4,NA,NA,NA,114年現存營運清冊依成立年度回推,可能不含114年前已停辦或撤站之歷史站點
屏東縣,春日鄉,95,0,0,FALSE,98,NA,-3,NA,NA,NA,114年現存營運清冊依成立年度回推,可能不含114年前已停辦或撤站之歷史站點
屏東縣,春日鄉,96,0,0,FALSE,98,NA,-2,NA,NA,NA,114年現存營運清冊依成立年度回推,可能不含114年前已停辦或撤站之歷史站點
屏東縣,春日鄉,97,0,0,FALSE,98,NA,-1,NA,NA,NA,114年現存營運清冊依成立年度回推,可能不含114年前已停辦或撤站之歷史站點
屏東縣,春日鄉,98,1,1,TRUE,98,0,0,FALSE,FALSE,FALSE,114年現存營運清冊依成立年度回推,可能不含114年前已停辦或撤站之歷史站點
屏東縣,春日鄉,99,0,1,TRUE,98,1,1,TRUE,FALSE,FALSE,114年現存營運清冊依成立年度回推,可能不含114年前已停辦或撤站之歷史站點
屏東縣,春日鄉,100,0,1,TRUE,98,2,2,TRUE,FALSE,FALSE,114年現存營運清冊依成立年度回推,可能不含114年前已停辦或撤站之歷史站點
屏東縣,春日鄉,101,0,1,TRUE,98,3,3,TRUE,TRUE,FALSE,114年現存營運清冊依成立年度回推,可能不含114年前已停辦或撤站之歷史站點
屏東縣,春日鄉,102,0,1,TRUE,98,4,4,TRUE,TRUE,FALSE,114年現存營運清冊依成立年度回推,可能不含114年前已停辦或撤站之歷史站點
屏東縣,春日鄉,103,0,1,TRUE,98,5,5,TRUE,TRUE,TRUE,114年現存營運清冊依成立年度回推,可能不含114年前已停辦或撤站之歷史站點
屏東縣,春日鄉,104,0,1,TRUE,98,6,6,TRUE,TRUE,TRUE,114年現存營運清冊依成立年度回推,可能不含114年前已停辦或撤站之歷史站點
屏東縣,春日鄉,105,0,1,TRUE,98,7,7,TRUE,TRUE,TRUE,114年現存營運清冊依成立年度回推,可能不含114年前已停辦或撤站之歷史站點
屏東縣,春日鄉,106,1,2,TRUE,98,8,8,TRUE,TRUE,TRUE,114年現存營運清冊依成立年度回推,可能不含114年前已停辦或撤站之歷史站點
屏東縣,春日鄉,107,0,2,TRUE,98,9,9,TRUE,TRUE,TRUE,114年現存營運清冊依成立年度回推,可能不含114年前已停辦或撤站之歷史站點
屏東縣,春日鄉,108,1,3,TRUE,98,10,10,TRUE,TRUE,TRUE,114年現存營運清冊依成立年度回推,可能不含114年前已停辦或撤站之歷史站點
屏東縣,春日鄉,109,2,5,TRUE,98,11,11,TRUE,TRUE,TRUE,114年現存營運清冊依成立年度回推,可能不含114年前已停辦或撤站之歷史站點
屏東縣,春日鄉,110,0,5,TRUE,98,12,12,TRUE,TRUE,TRUE,114年現存營運清冊依成立年度回推,可能不含114年前已停辦或撤站之歷史站點
屏東縣,春日鄉,111,1,6,TRUE,98,13,13,TRUE,TRUE,TRUE,114年現存營運清冊依成立年度回推,可能不含114年前已停辦或撤站之歷史站點
屏東縣,春日鄉,112,0,6,TRUE,98,14,14,TRUE,TRUE,TRUE,114年現存營運清冊依成立年度回推,可能不含114年前已停辦或撤站之歷史站點
屏東縣,春日鄉,113,0,6,TRUE,98,15,15,TRUE,TRUE,TRUE,114年現存營運清冊依成立年度回推,可能不含114年前已停辦或撤站之歷史站點
屏東縣,春日鄉,114,0,6,TRUE,98,16,16,TRUE,TRUE,TRUE,114年現存營運清冊依成立年度回推,可能不含114年前已停辦或撤站之歷史站點
屏東縣,泰武鄉,90,0,0,FALSE,97,NA,-7,NA,NA,NA,114年現存營運清冊依成立年度回推,可能不含114年前已停辦或撤站之歷史站點
屏東縣,泰武鄉,91,0,0,FALSE,97,NA,-6,NA,NA,NA,114年現存營運清冊依成立年度回推,可能不含114年前已停辦或撤站之歷史站點
屏東縣,泰武鄉,92,0,0,FALSE,97,NA,-5,NA,NA,NA,114年現存營運清冊依成立年度回推,可能不含114年前已停辦或撤站之歷史站點
屏東縣,泰武鄉,93,0,0,FALSE,97,NA,-4,NA,NA,NA,114年現存營運清冊依成立年度回推,可能不含114年前已停辦或撤站之歷史站點
屏東縣,泰武鄉,94,0,0,FALSE,97,NA,-3,NA,NA,NA,114年現存營運清冊依成立年度回推,可能不含114年前已停辦或撤站之歷史站點
屏東縣,泰武鄉,95,0,0,FALSE,97,NA,-2,NA,NA,NA,114年現存營運清冊依成立年度回推,可能不含114年前已停辦或撤站之歷史站點
屏東縣,泰武鄉,96,0,0,FALSE,97,NA,-1,NA,NA,NA,114年現存營運清冊依成立年度回推,可能不含114年前已停辦或撤站之歷史站點
屏東縣,泰武鄉,97,1,1,TRUE,97,0,0,FALSE,FALSE,FALSE,114年現存營運清冊依成立年度回推,可能不含114年前已停辦或撤站之歷史站點
屏東縣,泰武鄉,98,0,1,TRUE,97,1,1,TRUE,FALSE,FALSE,114年現存營運清冊依成立年度回推,可能不含114年前已停辦或撤站之歷史站點
屏東縣,泰武鄉,99,0,1,TRUE,97,2,2,TRUE,FALSE,FALSE,114年現存營運清冊依成立年度回推,可能不含114年前已停辦或撤站之歷史站點
屏東縣,泰武鄉,100,0,1,TRUE,97,3,3,TRUE,TRUE,FALSE,114年現存營運清冊依成立年度回推,可能不含114年前已停辦或撤站之歷史站點
屏東縣,泰武鄉,101,0,1,TRUE,97,4,4,TRUE,TRUE,FALSE,114年現存營運清冊依成立年度回推,可能不含114年前已停辦或撤站之歷史站點
屏東縣,泰武鄉,102,1,2,TRUE,97,5,5,TRUE,TRUE,TRUE,114年現存營運清冊依成立年度回推,可能不含114年前已停辦或撤站之歷史站點
屏東縣,泰武鄉,103,0,2,TRUE,97,6,6,TRUE,TRUE,TRUE,114年現存營運清冊依成立年度回推,可能不含114年前已停辦或撤站之歷史站點
屏東縣,泰武鄉,104,0,2,TRUE,97,7,7,TRUE,TRUE,TRUE,114年現存營運清冊依成立年度回推,可能不含114年前已停辦或撤站之歷史站點
屏東縣,泰武鄉,105,0,2,TRUE,97,8,8,TRUE,TRUE,TRUE,114年現存營運清冊依成立年度回推,可能不含114年前已停辦或撤站之歷史站點
屏東縣,泰武鄉,106,2,4,TRUE,97,9,9,TRUE,TRUE,TRUE,114年現存營運清冊依成立年度回推,可能不含114年前已停辦或撤站之歷史站點
屏東縣,泰武鄉,107,0,4,TRUE,97,10,10,TRUE,TRUE,TRUE,114年現存營運清冊依成立年度回推,可能不含114年前已停辦或撤站之歷史站點
屏東縣,泰武鄉,108,2,6,TRUE,97,11,11,TRUE,TRUE,TRUE,114年現存營運清冊依成立年度回推,可能不含114年前已停辦或撤站之歷史站點
屏東縣,泰武鄉,109,1,7,TRUE,97,12,12,TRUE,TRUE,TRUE,114年現存營運清冊依成立年度回推,可能不含114年前已停辦或撤站之歷史站點
屏東縣,泰武鄉,110,0,7,TRUE,97,13,13,TRUE,TRUE,TRUE,114年現存營運清冊依成立年度回推,可能不含114年前已停辦或撤站之歷史站點
屏東縣,泰武鄉,111,0,7,TRUE,97,14,14,TRUE,TRUE,TRUE,114年現存營運清冊依成立年度回推,可能不含114年前已停辦或撤站之歷史站點
屏東縣,泰武鄉,112,0,7,TRUE,97,15,15,TRUE,TRUE,TRUE,114年現存營運清冊依成立年度回推,可能不含114年前已停辦或撤站之歷史站點
屏東縣,泰武鄉,113,0,7,TRUE,97,16,16,TRUE,TRUE,TRUE,114年現存營運清冊依成立年度回推,可能不含114年前已停辦或撤站之歷史站點
屏東縣,泰武鄉,114,0,7,TRUE,97,17,17,TRUE,TRUE,TRUE,114年現存營運清冊依成立年度回推,可能不含114年前已停辦或撤站之歷史站點
屏東縣,滿州鄉,90,0,0,FALSE,107,NA,-17,NA,NA,NA,114年現存營運清冊依成立年度回推,可能不含114年前已停辦或撤站之歷史站點
屏東縣,滿州鄉,91,0,0,FALSE,107,NA,-16,NA,NA,NA,114年現存營運清冊依成立年度回推,可能不含114年前已停辦或撤站之歷史站點
屏東縣,滿州鄉,92,0,0,FALSE,107,NA,-15,NA,NA,NA,114年現存營運清冊依成立年度回推,可能不含114年前已停辦或撤站之歷史站點
屏東縣,滿州鄉,93,0,0,FALSE,107,NA,-14,NA,NA,NA,114年現存營運清冊依成立年度回推,可能不含114年前已停辦或撤站之歷史站點
屏東縣,滿州鄉,94,0,0,FALSE,107,NA,-13,NA,NA,NA,114年現存營運清冊依成立年度回推,可能不含114年前已停辦或撤站之歷史站點
屏東縣,滿州鄉,95,0,0,FALSE,107,NA,-12,NA,NA,NA,114年現存營運清冊依成立年度回推,可能不含114年前已停辦或撤站之歷史站點
屏東縣,滿州鄉,96,0,0,FALSE,107,NA,-11,NA,NA,NA,114年現存營運清冊依成立年度回推,可能不含114年前已停辦或撤站之歷史站點
屏東縣,滿州鄉,97,0,0,FALSE,107,NA,-10,NA,NA,NA,114年現存營運清冊依成立年度回推,可能不含114年前已停辦或撤站之歷史站點
屏東縣,滿州鄉,98,0,0,FALSE,107,NA,-9,NA,NA,NA,114年現存營運清冊依成立年度回推,可能不含114年前已停辦或撤站之歷史站點
屏東縣,滿州鄉,99,0,0,FALSE,107,NA,-8,NA,NA,NA,114年現存營運清冊依成立年度回推,可能不含114年前已停辦或撤站之歷史站點
屏東縣,滿州鄉,100,0,0,FALSE,107,NA,-7,NA,NA,NA,114年現存營運清冊依成立年度回推,可能不含114年前已停辦或撤站之歷史站點
屏東縣,滿州鄉,101,0,0,FALSE,107,NA,-6,NA,NA,NA,114年現存營運清冊依成立年度回推,可能不含114年前已停辦或撤站之歷史站點
屏東縣,滿州鄉,102,0,0,FALSE,107,NA,-5,NA,NA,NA,114年現存營運清冊依成立年度回推,可能不含114年前已停辦或撤站之歷史站點
屏東縣,滿州鄉,103,0,0,FALSE,107,NA,-4,NA,NA,NA,114年現存營運清冊依成立年度回推,可能不含114年前已停辦或撤站之歷史站點
屏東縣,滿州鄉,104,0,0,FALSE,107,NA,-3,NA,NA,NA,114年現存營運清冊依成立年度回推,可能不含114年前已停辦或撤站之歷史站點
屏東縣,滿州鄉,105,0,0,FALSE,107,NA,-2,NA,NA,NA,114年現存營運清冊依成立年度回推,可能不含114年前已停辦或撤站之歷史站點
屏東縣,滿州鄉,106,0,0,FALSE,107,NA,-1,NA,NA,NA,114年現存營運清冊依成立年度回推,可能不含114年前已停辦或撤站之歷史站點
屏東縣,滿州鄉,107,2,2,TRUE,107,0,0,FALSE,FALSE,FALSE,114年現存營運清冊依成立年度回推,可能不含114年前已停辦或撤站之歷史站點
屏東縣,滿州鄉,108,1,3,TRUE,107,1,1,TRUE,FALSE,FALSE,114年現存營運清冊依成立年度回推,可能不含114年前已停辦或撤站之歷史站點
屏東縣,滿州鄉,109,1,4,TRUE,107,2,2,TRUE,FALSE,FALSE,114年現存營運清冊依成立年度回推,可能不含114年前已停辦或撤站之歷史站點
屏東縣,滿州鄉,110,0,4,TRUE,107,3,3,TRUE,TRUE,FALSE,114年現存營運清冊依成立年度回推,可能不含114年前已停辦或撤站之歷史站點
屏東縣,滿州鄉,111,0,4,TRUE,107,4,4,TRUE,TRUE,FALSE,114年現存營運清冊依成立年度回推,可能不含114年前已停辦或撤站之歷史站點
屏東縣,滿州鄉,112,0,4,TRUE,107,5,5,TRUE,TRUE,TRUE,114年現存營運清冊依成立年度回推,可能不含114年前已停辦或撤站之歷史站點
屏東縣,滿州鄉,113,0,4,TRUE,107,6,6,TRUE,TRUE,TRUE,114年現存營運清冊依成立年度回推,可能不含114年前已停辦或撤站之歷史站點
屏東縣,滿州鄉,114,0,4,TRUE,107,7,7,TRUE,TRUE,TRUE,114年現存營運清冊依成立年度回推,可能不含114年前已停辦或撤站之歷史站點
屏東縣,潮州鎮,90,0,0,FALSE,106,NA,-16,NA,NA,NA,114年現存營運清冊依成立年度回推,可能不含114年前已停辦或撤站之歷史站點
屏東縣,潮州鎮,91,0,0,FALSE,106,NA,-15,NA,NA,NA,114年現存營運清冊依成立年度回推,可能不含114年前已停辦或撤站之歷史站點
屏東縣,潮州鎮,92,0,0,FALSE,106,NA,-14,NA,NA,NA,114年現存營運清冊依成立年度回推,可能不含114年前已停辦或撤站之歷史站點
屏東縣,潮州鎮,93,0,0,FALSE,106,NA,-13,NA,NA,NA,114年現存營運清冊依成立年度回推,可能不含114年前已停辦或撤站之歷史站點
屏東縣,潮州鎮,94,0,0,FALSE,106,NA,-12,NA,NA,NA,114年現存營運清冊依成立年度回推,可能不含114年前已停辦或撤站之歷史站點
屏東縣,潮州鎮,95,0,0,FALSE,106,NA,-11,NA,NA,NA,114年現存營運清冊依成立年度回推,可能不含114年前已停辦或撤站之歷史站點
屏東縣,潮州鎮,96,0,0,FALSE,106,NA,-10,NA,NA,NA,114年現存營運清冊依成立年度回推,可能不含114年前已停辦或撤站之歷史站點
屏東縣,潮州鎮,97,0,0,FALSE,106,NA,-9,NA,NA,NA,114年現存營運清冊依成立年度回推,可能不含114年前已停辦或撤站之歷史站點
屏東縣,潮州鎮,98,0,0,FALSE,106,NA,-8,NA,NA,NA,114年現存營運清冊依成立年度回推,可能不含114年前已停辦或撤站之歷史站點
屏東縣,潮州鎮,99,0,0,FALSE,106,NA,-7,NA,NA,NA,114年現存營運清冊依成立年度回推,可能不含114年前已停辦或撤站之歷史站點
屏東縣,潮州鎮,100,0,0,FALSE,106,NA,-6,NA,NA,NA,114年現存營運清冊依成立年度回推,可能不含114年前已停辦或撤站之歷史站點
屏東縣,潮州鎮,101,0,0,FALSE,106,NA,-5,NA,NA,NA,114年現存營運清冊依成立年度回推,可能不含114年前已停辦或撤站之歷史站點
屏東縣,潮州鎮,102,0,0,FALSE,106,NA,-4,NA,NA,NA,114年現存營運清冊依成立年度回推,可能不含114年前已停辦或撤站之歷史站點
屏東縣,潮州鎮,103,0,0,FALSE,106,NA,-3,NA,NA,NA,114年現存營運清冊依成立年度回推,可能不含114年前已停辦或撤站之歷史站點
屏東縣,潮州鎮,104,0,0,FALSE,106,NA,-2,NA,NA,NA,114年現存營運清冊依成立年度回推,可能不含114年前已停辦或撤站之歷史站點
屏東縣,潮州鎮,105,0,0,FALSE,106,NA,-1,NA,NA,NA,114年現存營運清冊依成立年度回推,可能不含114年前已停辦或撤站之歷史站點
屏東縣,潮州鎮,106,1,1,TRUE,106,0,0,FALSE,FALSE,FALSE,114年現存營運清冊依成立年度回推,可能不含114年前已停辦或撤站之歷史站點
屏東縣,潮州鎮,107,0,1,TRUE,106,1,1,TRUE,FALSE,FALSE,114年現存營運清冊依成立年度回推,可能不含114年前已停辦或撤站之歷史站點
屏東縣,潮州鎮,108,0,1,TRUE,106,2,2,TRUE,FALSE,FALSE,114年現存營運清冊依成立年度回推,可能不含114年前已停辦或撤站之歷史站點
屏東縣,潮州鎮,109,1,2,TRUE,106,3,3,TRUE,TRUE,FALSE,114年現存營運清冊依成立年度回推,可能不含114年前已停辦或撤站之歷史站點
屏東縣,潮州鎮,110,0,2,TRUE,106,4,4,TRUE,TRUE,FALSE,114年現存營運清冊依成立年度回推,可能不含114年前已停辦或撤站之歷史站點
屏東縣,潮州鎮,111,0,2,TRUE,106,5,5,TRUE,TRUE,TRUE,114年現存營運清冊依成立年度回推,可能不含114年前已停辦或撤站之歷史站點
屏東縣,潮州鎮,112,0,2,TRUE,106,6,6,TRUE,TRUE,TRUE,114年現存營運清冊依成立年度回推,可能不含114年前已停辦或撤站之歷史站點
屏東縣,潮州鎮,113,0,2,TRUE,106,7,7,TRUE,TRUE,TRUE,114年現存營運清冊依成立年度回推,可能不含114年前已停辦或撤站之歷史站點
屏東縣,潮州鎮,114,0,2,TRUE,106,8,8,TRUE,TRUE,TRUE,114年現存營運清冊依成立年度回推,可能不含114年前已停辦或撤站之歷史站點
屏東縣,牡丹鄉,90,0,0,FALSE,105,NA,-15,NA,NA,NA,114年現存營運清冊依成立年度回推,可能不含114年前已停辦或撤站之歷史站點
屏東縣,牡丹鄉,91,0,0,FALSE,105,NA,-14,NA,NA,NA,114年現存營運清冊依成立年度回推,可能不含114年前已停辦或撤站之歷史站點
屏東縣,牡丹鄉,92,0,0,FALSE,105,NA,-13,NA,NA,NA,114年現存營運清冊依成立年度回推,可能不含114年前已停辦或撤站之歷史站點
屏東縣,牡丹鄉,93,0,0,FALSE,105,NA,-12,NA,NA,NA,114年現存營運清冊依成立年度回推,可能不含114年前已停辦或撤站之歷史站點
屏東縣,牡丹鄉,94,0,0,FALSE,105,NA,-11,NA,NA,NA,114年現存營運清冊依成立年度回推,可能不含114年前已停辦或撤站之歷史站點
屏東縣,牡丹鄉,95,0,0,FALSE,105,NA,-10,NA,NA,NA,114年現存營運清冊依成立年度回推,可能不含114年前已停辦或撤站之歷史站點
屏東縣,牡丹鄉,96,0,0,FALSE,105,NA,-9,NA,NA,NA,114年現存營運清冊依成立年度回推,可能不含114年前已停辦或撤站之歷史站點
屏東縣,牡丹鄉,97,0,0,FALSE,105,NA,-8,NA,NA,NA,114年現存營運清冊依成立年度回推,可能不含114年前已停辦或撤站之歷史站點
屏東縣,牡丹鄉,98,0,0,FALSE,105,NA,-7,NA,NA,NA,114年現存營運清冊依成立年度回推,可能不含114年前已停辦或撤站之歷史站點
屏東縣,牡丹鄉,99,0,0,FALSE,105,NA,-6,NA,NA,NA,114年現存營運清冊依成立年度回推,可能不含114年前已停辦或撤站之歷史站點
屏東縣,牡丹鄉,100,0,0,FALSE,105,NA,-5,NA,NA,NA,114年現存營運清冊依成立年度回推,可能不含114年前已停辦或撤站之歷史站點
屏東縣,牡丹鄉,101,0,0,FALSE,105,NA,-4,NA,NA,NA,114年現存營運清冊依成立年度回推,可能不含114年前已停辦或撤站之歷史站點
屏東縣,牡丹鄉,102,0,0,FALSE,105,NA,-3,NA,NA,NA,114年現存營運清冊依成立年度回推,可能不含114年前已停辦或撤站之歷史站點
屏東縣,牡丹鄉,103,0,0,FALSE,105,NA,-2,NA,NA,NA,114年現存營運清冊依成立年度回推,可能不含114年前已停辦或撤站之歷史站點
屏東縣,牡丹鄉,104,0,0,FALSE,105,NA,-1,NA,NA,NA,114年現存營運清冊依成立年度回推,可能不含114年前已停辦或撤站之歷史站點
屏東縣,牡丹鄉,105,2,2,TRUE,105,0,0,FALSE,FALSE,FALSE,114年現存營運清冊依成立年度回推,可能不含114年前已停辦或撤站之歷史站點
屏東縣,牡丹鄉,106,0,2,TRUE,105,1,1,TRUE,FALSE,FALSE,114年現存營運清冊依成立年度回推,可能不含114年前已停辦或撤站之歷史站點
屏東縣,牡丹鄉,107,0,2,TRUE,105,2,2,TRUE,FALSE,FALSE,114年現存營運清冊依成立年度回推,可能不含114年前已停辦或撤站之歷史站點
屏東縣,牡丹鄉,108,2,4,TRUE,105,3,3,TRUE,TRUE,FALSE,114年現存營運清冊依成立年度回推,可能不含114年前已停辦或撤站之歷史站點
屏東縣,牡丹鄉,109,3,7,TRUE,105,4,4,TRUE,TRUE,FALSE,114年現存營運清冊依成立年度回推,可能不含114年前已停辦或撤站之歷史站點
屏東縣,牡丹鄉,110,0,7,TRUE,105,5,5,TRUE,TRUE,TRUE,114年現存營運清冊依成立年度回推,可能不含114年前已停辦或撤站之歷史站點
屏東縣,牡丹鄉,111,0,7,TRUE,105,6,6,TRUE,TRUE,TRUE,114年現存營運清冊依成立年度回推,可能不含114年前已停辦或撤站之歷史站點
屏東縣,牡丹鄉,112,0,7,TRUE,105,7,7,TRUE,TRUE,TRUE,114年現存營運清冊依成立年度回推,可能不含114年前已停辦或撤站之歷史站點
屏東縣,牡丹鄉,113,0,7,TRUE,105,8,8,TRUE,TRUE,TRUE,114年現存營運清冊依成立年度回推,可能不含114年前已停辦或撤站之歷史站點
屏東縣,牡丹鄉,114,0,7,TRUE,105,9,9,TRUE,TRUE,TRUE,114年現存營運清冊依成立年度回推,可能不含114年前已停辦或撤站之歷史站點
屏東縣,獅子鄉,90,0,0,FALSE,97,NA,-7,NA,NA,NA,114年現存營運清冊依成立年度回推,可能不含114年前已停辦或撤站之歷史站點
屏東縣,獅子鄉,91,0,0,FALSE,97,NA,-6,NA,NA,NA,114年現存營運清冊依成立年度回推,可能不含114年前已停辦或撤站之歷史站點
屏東縣,獅子鄉,92,0,0,FALSE,97,NA,-5,NA,NA,NA,114年現存營運清冊依成立年度回推,可能不含114年前已停辦或撤站之歷史站點
屏東縣,獅子鄉,93,0,0,FALSE,97,NA,-4,NA,NA,NA,114年現存營運清冊依成立年度回推,可能不含114年前已停辦或撤站之歷史站點
屏東縣,獅子鄉,94,0,0,FALSE,97,NA,-3,NA,NA,NA,114年現存營運清冊依成立年度回推,可能不含114年前已停辦或撤站之歷史站點
屏東縣,獅子鄉,95,0,0,FALSE,97,NA,-2,NA,NA,NA,114年現存營運清冊依成立年度回推,可能不含114年前已停辦或撤站之歷史站點
屏東縣,獅子鄉,96,0,0,FALSE,97,NA,-1,NA,NA,NA,114年現存營運清冊依成立年度回推,可能不含114年前已停辦或撤站之歷史站點
屏東縣,獅子鄉,97,2,2,TRUE,97,0,0,FALSE,FALSE,FALSE,114年現存營運清冊依成立年度回推,可能不含114年前已停辦或撤站之歷史站點
屏東縣,獅子鄉,98,0,2,TRUE,97,1,1,TRUE,FALSE,FALSE,114年現存營運清冊依成立年度回推,可能不含114年前已停辦或撤站之歷史站點
屏東縣,獅子鄉,99,0,2,TRUE,97,2,2,TRUE,FALSE,FALSE,114年現存營運清冊依成立年度回推,可能不含114年前已停辦或撤站之歷史站點
屏東縣,獅子鄉,100,0,2,TRUE,97,3,3,TRUE,TRUE,FALSE,114年現存營運清冊依成立年度回推,可能不含114年前已停辦或撤站之歷史站點
屏東縣,獅子鄉,101,0,2,TRUE,97,4,4,TRUE,TRUE,FALSE,114年現存營運清冊依成立年度回推,可能不含114年前已停辦或撤站之歷史站點
屏東縣,獅子鄉,102,0,2,TRUE,97,5,5,TRUE,TRUE,TRUE,114年現存營運清冊依成立年度回推,可能不含114年前已停辦或撤站之歷史站點
屏東縣,獅子鄉,103,0,2,TRUE,97,6,6,TRUE,TRUE,TRUE,114年現存營運清冊依成立年度回推,可能不含114年前已停辦或撤站之歷史站點
屏東縣,獅子鄉,104,0,2,TRUE,97,7,7,TRUE,TRUE,TRUE,114年現存營運清冊依成立年度回推,可能不含114年前已停辦或撤站之歷史站點
屏東縣,獅子鄉,105,0,2,TRUE,97,8,8,TRUE,TRUE,TRUE,114年現存營運清冊依成立年度回推,可能不含114年前已停辦或撤站之歷史站點
屏東縣,獅子鄉,106,0,2,TRUE,97,9,9,TRUE,TRUE,TRUE,114年現存營運清冊依成立年度回推,可能不含114年前已停辦或撤站之歷史站點
屏東縣,獅子鄉,107,1,3,TRUE,97,10,10,TRUE,TRUE,TRUE,114年現存營運清冊依成立年度回推,可能不含114年前已停辦或撤站之歷史站點
屏東縣,獅子鄉,108,1,4,TRUE,97,11,11,TRUE,TRUE,TRUE,114年現存營運清冊依成立年度回推,可能不含114年前已停辦或撤站之歷史站點
屏東縣,獅子鄉,109,4,8,TRUE,97,12,12,TRUE,TRUE,TRUE,114年現存營運清冊依成立年度回推,可能不含114年前已停辦或撤站之歷史站點
屏東縣,獅子鄉,110,0,8,TRUE,97,13,13,TRUE,TRUE,TRUE,114年現存營運清冊依成立年度回推,可能不含114年前已停辦或撤站之歷史站點
屏東縣,獅子鄉,111,3,11,TRUE,97,14,14,TRUE,TRUE,TRUE,114年現存營運清冊依成立年度回推,可能不含114年前已停辦或撤站之歷史站點
屏東縣,獅子鄉,112,1,12,TRUE,97,15,15,TRUE,TRUE,TRUE,114年現存營運清冊依成立年度回推,可能不含114年前已停辦或撤站之歷史站點
屏東縣,獅子鄉,113,0,12,TRUE,97,16,16,TRUE,TRUE,TRUE,114年現存營運清冊依成立年度回推,可能不含114年前已停辦或撤站之歷史站點
屏東縣,獅子鄉,114,0,12,TRUE,97,17,17,TRUE,TRUE,TRUE,114年現存營運清冊依成立年度回推,可能不含114年前已停辦或撤站之歷史站點
屏東縣,瑪家鄉,90,0,0,FALSE,95,NA,-5,NA,NA,NA,114年現存營運清冊依成立年度回推,可能不含114年前已停辦或撤站之歷史站點
屏東縣,瑪家鄉,91,0,0,FALSE,95,NA,-4,NA,NA,NA,114年現存營運清冊依成立年度回推,可能不含114年前已停辦或撤站之歷史站點
屏東縣,瑪家鄉,92,0,0,FALSE,95,NA,-3,NA,NA,NA,114年現存營運清冊依成立年度回推,可能不含114年前已停辦或撤站之歷史站點
屏東縣,瑪家鄉,93,0,0,FALSE,95,NA,-2,NA,NA,NA,114年現存營運清冊依成立年度回推,可能不含114年前已停辦或撤站之歷史站點
屏東縣,瑪家鄉,94,0,0,FALSE,95,NA,-1,NA,NA,NA,114年現存營運清冊依成立年度回推,可能不含114年前已停辦或撤站之歷史站點
屏東縣,瑪家鄉,95,1,1,TRUE,95,0,0,FALSE,FALSE,FALSE,114年現存營運清冊依成立年度回推,可能不含114年前已停辦或撤站之歷史站點
屏東縣,瑪家鄉,96,0,1,TRUE,95,1,1,TRUE,FALSE,FALSE,114年現存營運清冊依成立年度回推,可能不含114年前已停辦或撤站之歷史站點
屏東縣,瑪家鄉,97,0,1,TRUE,95,2,2,TRUE,FALSE,FALSE,114年現存營運清冊依成立年度回推,可能不含114年前已停辦或撤站之歷史站點
屏東縣,瑪家鄉,98,1,2,TRUE,95,3,3,TRUE,TRUE,FALSE,114年現存營運清冊依成立年度回推,可能不含114年前已停辦或撤站之歷史站點
屏東縣,瑪家鄉,99,0,2,TRUE,95,4,4,TRUE,TRUE,FALSE,114年現存營運清冊依成立年度回推,可能不含114年前已停辦或撤站之歷史站點
屏東縣,瑪家鄉,100,0,2,TRUE,95,5,5,TRUE,TRUE,TRUE,114年現存營運清冊依成立年度回推,可能不含114年前已停辦或撤站之歷史站點
屏東縣,瑪家鄉,101,0,2,TRUE,95,6,6,TRUE,TRUE,TRUE,114年現存營運清冊依成立年度回推,可能不含114年前已停辦或撤站之歷史站點
屏東縣,瑪家鄉,102,0,2,TRUE,95,7,7,TRUE,TRUE,TRUE,114年現存營運清冊依成立年度回推,可能不含114年前已停辦或撤站之歷史站點
屏東縣,瑪家鄉,103,0,2,TRUE,95,8,8,TRUE,TRUE,TRUE,114年現存營運清冊依成立年度回推,可能不含114年前已停辦或撤站之歷史站點
屏東縣,瑪家鄉,104,1,3,TRUE,95,9,9,TRUE,TRUE,TRUE,114年現存營運清冊依成立年度回推,可能不含114年前已停辦或撤站之歷史站點
屏東縣,瑪家鄉,105,0,3,TRUE,95,10,10,TRUE,TRUE,TRUE,114年現存營運清冊依成立年度回推,可能不含114年前已停辦或撤站之歷史站點
屏東縣,瑪家鄉,106,1,4,TRUE,95,11,11,TRUE,TRUE,TRUE,114年現存營運清冊依成立年度回推,可能不含114年前已停辦或撤站之歷史站點
屏東縣,瑪家鄉,107,2,6,TRUE,95,12,12,TRUE,TRUE,TRUE,114年現存營運清冊依成立年度回推,可能不含114年前已停辦或撤站之歷史站點
屏東縣,瑪家鄉,108,2,8,TRUE,95,13,13,TRUE,TRUE,TRUE,114年現存營運清冊依成立年度回推,可能不含114年前已停辦或撤站之歷史站點
屏東縣,瑪家鄉,109,0,8,TRUE,95,14,14,TRUE,TRUE,TRUE,114年現存營運清冊依成立年度回推,可能不含114年前已停辦或撤站之歷史站點
屏東縣,瑪家鄉,110,0,8,TRUE,95,15,15,TRUE,TRUE,TRUE,114年現存營運清冊依成立年度回推,可能不含114年前已停辦或撤站之歷史站點
屏東縣,瑪家鄉,111,0,8,TRUE,95,16,16,TRUE,TRUE,TRUE,114年現存營運清冊依成立年度回推,可能不含114年前已停辦或撤站之歷史站點
屏東縣,瑪家鄉,112,0,8,TRUE,95,17,17,TRUE,TRUE,TRUE,114年現存營運清冊依成立年度回推,可能不含114年前已停辦或撤站之歷史站點
屏東縣,瑪家鄉,113,0,8,TRUE,95,18,18,TRUE,TRUE,TRUE,114年現存營運清冊依成立年度回推,可能不含114年前已停辦或撤站之歷史站點
屏東縣,瑪家鄉,114,0,8,TRUE,95,19,19,TRUE,TRUE,TRUE,114年現存營運清冊依成立年度回推,可能不含114年前已停辦或撤站之歷史站點
屏東縣,霧臺鄉,90,0,0,FALSE,95,NA,-5,NA,NA,NA,114年現存營運清冊依成立年度回推,可能不含114年前已停辦或撤站之歷史站點
屏東縣,霧臺鄉,91,0,0,FALSE,95,NA,-4,NA,NA,NA,114年現存營運清冊依成立年度回推,可能不含114年前已停辦或撤站之歷史站點
屏東縣,霧臺鄉,92,0,0,FALSE,95,NA,-3,NA,NA,NA,114年現存營運清冊依成立年度回推,可能不含114年前已停辦或撤站之歷史站點
屏東縣,霧臺鄉,93,0,0,FALSE,95,NA,-2,NA,NA,NA,114年現存營運清冊依成立年度回推,可能不含114年前已停辦或撤站之歷史站點
屏東縣,霧臺鄉,94,0,0,FALSE,95,NA,-1,NA,NA,NA,114年現存營運清冊依成立年度回推,可能不含114年前已停辦或撤站之歷史站點
屏東縣,霧臺鄉,95,2,2,TRUE,95,0,0,FALSE,FALSE,FALSE,114年現存營運清冊依成立年度回推,可能不含114年前已停辦或撤站之歷史站點
屏東縣,霧臺鄉,96,0,2,TRUE,95,1,1,TRUE,FALSE,FALSE,114年現存營運清冊依成立年度回推,可能不含114年前已停辦或撤站之歷史站點
屏東縣,霧臺鄉,97,0,2,TRUE,95,2,2,TRUE,FALSE,FALSE,114年現存營運清冊依成立年度回推,可能不含114年前已停辦或撤站之歷史站點
屏東縣,霧臺鄉,98,0,2,TRUE,95,3,3,TRUE,TRUE,FALSE,114年現存營運清冊依成立年度回推,可能不含114年前已停辦或撤站之歷史站點
屏東縣,霧臺鄉,99,0,2,TRUE,95,4,4,TRUE,TRUE,FALSE,114年現存營運清冊依成立年度回推,可能不含114年前已停辦或撤站之歷史站點
屏東縣,霧臺鄉,100,0,2,TRUE,95,5,5,TRUE,TRUE,TRUE,114年現存營運清冊依成立年度回推,可能不含114年前已停辦或撤站之歷史站點
屏東縣,霧臺鄉,101,0,2,TRUE,95,6,6,TRUE,TRUE,TRUE,114年現存營運清冊依成立年度回推,可能不含114年前已停辦或撤站之歷史站點
屏東縣,霧臺鄉,102,0,2,TRUE,95,7,7,TRUE,TRUE,TRUE,114年現存營運清冊依成立年度回推,可能不含114年前已停辦或撤站之歷史站點
屏東縣,霧臺鄉,103,0,2,TRUE,95,8,8,TRUE,TRUE,TRUE,114年現存營運清冊依成立年度回推,可能不含114年前已停辦或撤站之歷史站點
屏東縣,霧臺鄉,104,0,2,TRUE,95,9,9,TRUE,TRUE,TRUE,114年現存營運清冊依成立年度回推,可能不含114年前已停辦或撤站之歷史站點
屏東縣,霧臺鄉,105,0,2,TRUE,95,10,10,TRUE,TRUE,TRUE,114年現存營運清冊依成立年度回推,可能不含114年前已停辦或撤站之歷史站點
屏東縣,霧臺鄉,106,0,2,TRUE,95,11,11,TRUE,TRUE,TRUE,114年現存營運清冊依成立年度回推,可能不含114年前已停辦或撤站之歷史站點
屏東縣,霧臺鄉,107,1,3,TRUE,95,12,12,TRUE,TRUE,TRUE,114年現存營運清冊依成立年度回推,可能不含114年前已停辦或撤站之歷史站點
屏東縣,霧臺鄉,108,4,7,TRUE,95,13,13,TRUE,TRUE,TRUE,114年現存營運清冊依成立年度回推,可能不含114年前已停辦或撤站之歷史站點
屏東縣,霧臺鄉,109,1,8,TRUE,95,14,14,TRUE,TRUE,TRUE,114年現存營運清冊依成立年度回推,可能不含114年前已停辦或撤站之歷史站點
屏東縣,霧臺鄉,110,0,8,TRUE,95,15,15,TRUE,TRUE,TRUE,114年現存營運清冊依成立年度回推,可能不含114年前已停辦或撤站之歷史站點
屏東縣,霧臺鄉,111,0,8,TRUE,95,16,16,TRUE,TRUE,TRUE,114年現存營運清冊依成立年度回推,可能不含114年前已停辦或撤站之歷史站點
屏東縣,霧臺鄉,112,0,8,TRUE,95,17,17,TRUE,TRUE,TRUE,114年現存營運清冊依成立年度回推,可能不含114年前已停辦或撤站之歷史站點
屏東縣,霧臺鄉,113,0,8,TRUE,95,18,18,TRUE,TRUE,TRUE,114年現存營運清冊依成立年度回推,可能不含114年前已停辦或撤站之歷史站點
屏東縣,霧臺鄉,114,0,8,TRUE,95,19,19,TRUE,TRUE,TRUE,114年現存營運清冊依成立年度回推,可能不含114年前已停辦或撤站之歷史站點
新北市,三峽區,90,0,0,FALSE,107,NA,-17,NA,NA,NA,114年現存營運清冊依成立年度回推,可能不含114年前已停辦或撤站之歷史站點
新北市,三峽區,91,0,0,FALSE,107,NA,-16,NA,NA,NA,114年現存營運清冊依成立年度回推,可能不含114年前已停辦或撤站之歷史站點
新北市,三峽區,92,0,0,FALSE,107,NA,-15,NA,NA,NA,114年現存營運清冊依成立年度回推,可能不含114年前已停辦或撤站之歷史站點
新北市,三峽區,93,0,0,FALSE,107,NA,-14,NA,NA,NA,114年現存營運清冊依成立年度回推,可能不含114年前已停辦或撤站之歷史站點
新北市,三峽區,94,0,0,FALSE,107,NA,-13,NA,NA,NA,114年現存營運清冊依成立年度回推,可能不含114年前已停辦或撤站之歷史站點
新北市,三峽區,95,0,0,FALSE,107,NA,-12,NA,NA,NA,114年現存營運清冊依成立年度回推,可能不含114年前已停辦或撤站之歷史站點
新北市,三峽區,96,0,0,FALSE,107,NA,-11,NA,NA,NA,114年現存營運清冊依成立年度回推,可能不含114年前已停辦或撤站之歷史站點
新北市,三峽區,97,0,0,FALSE,107,NA,-10,NA,NA,NA,114年現存營運清冊依成立年度回推,可能不含114年前已停辦或撤站之歷史站點
新北市,三峽區,98,0,0,FALSE,107,NA,-9,NA,NA,NA,114年現存營運清冊依成立年度回推,可能不含114年前已停辦或撤站之歷史站點
新北市,三峽區,99,0,0,FALSE,107,NA,-8,NA,NA,NA,114年現存營運清冊依成立年度回推,可能不含114年前已停辦或撤站之歷史站點
新北市,三峽區,100,0,0,FALSE,107,NA,-7,NA,NA,NA,114年現存營運清冊依成立年度回推,可能不含114年前已停辦或撤站之歷史站點
新北市,三峽區,101,0,0,FALSE,107,NA,-6,NA,NA,NA,114年現存營運清冊依成立年度回推,可能不含114年前已停辦或撤站之歷史站點
新北市,三峽區,102,0,0,FALSE,107,NA,-5,NA,NA,NA,114年現存營運清冊依成立年度回推,可能不含114年前已停辦或撤站之歷史站點
新北市,三峽區,103,0,0,FALSE,107,NA,-4,NA,NA,NA,114年現存營運清冊依成立年度回推,可能不含114年前已停辦或撤站之歷史站點
新北市,三峽區,104,0,0,FALSE,107,NA,-3,NA,NA,NA,114年現存營運清冊依成立年度回推,可能不含114年前已停辦或撤站之歷史站點
新北市,三峽區,105,0,0,FALSE,107,NA,-2,NA,NA,NA,114年現存營運清冊依成立年度回推,可能不含114年前已停辦或撤站之歷史站點
新北市,三峽區,106,0,0,FALSE,107,NA,-1,NA,NA,NA,114年現存營運清冊依成立年度回推,可能不含114年前已停辦或撤站之歷史站點
新北市,三峽區,107,1,1,TRUE,107,0,0,FALSE,FALSE,FALSE,114年現存營運清冊依成立年度回推,可能不含114年前已停辦或撤站之歷史站點
新北市,三峽區,108,0,1,TRUE,107,1,1,TRUE,FALSE,FALSE,114年現存營運清冊依成立年度回推,可能不含114年前已停辦或撤站之歷史站點
新北市,三峽區,109,0,1,TRUE,107,2,2,TRUE,FALSE,FALSE,114年現存營運清冊依成立年度回推,可能不含114年前已停辦或撤站之歷史站點
新北市,三峽區,110,0,1,TRUE,107,3,3,TRUE,TRUE,FALSE,114年現存營運清冊依成立年度回推,可能不含114年前已停辦或撤站之歷史站點
新北市,三峽區,111,0,1,TRUE,107,4,4,TRUE,TRUE,FALSE,114年現存營運清冊依成立年度回推,可能不含114年前已停辦或撤站之歷史站點
新北市,三峽區,112,0,1,TRUE,107,5,5,TRUE,TRUE,TRUE,114年現存營運清冊依成立年度回推,可能不含114年前已停辦或撤站之歷史站點
新北市,三峽區,113,0,1,TRUE,107,6,6,TRUE,TRUE,TRUE,114年現存營運清冊依成立年度回推,可能不含114年前已停辦或撤站之歷史站點
新北市,三峽區,114,0,1,TRUE,107,7,7,TRUE,TRUE,TRUE,114年現存營運清冊依成立年度回推,可能不含114年前已停辦或撤站之歷史站點
新北市,三重區,90,0,0,FALSE,112,NA,-22,NA,NA,NA,114年現存營運清冊依成立年度回推,可能不含114年前已停辦或撤站之歷史站點
新北市,三重區,91,0,0,FALSE,112,NA,-21,NA,NA,NA,114年現存營運清冊依成立年度回推,可能不含114年前已停辦或撤站之歷史站點
新北市,三重區,92,0,0,FALSE,112,NA,-20,NA,NA,NA,114年現存營運清冊依成立年度回推,可能不含114年前已停辦或撤站之歷史站點
新北市,三重區,93,0,0,FALSE,112,NA,-19,NA,NA,NA,114年現存營運清冊依成立年度回推,可能不含114年前已停辦或撤站之歷史站點
新北市,三重區,94,0,0,FALSE,112,NA,-18,NA,NA,NA,114年現存營運清冊依成立年度回推,可能不含114年前已停辦或撤站之歷史站點
新北市,三重區,95,0,0,FALSE,112,NA,-17,NA,NA,NA,114年現存營運清冊依成立年度回推,可能不含114年前已停辦或撤站之歷史站點
新北市,三重區,96,0,0,FALSE,112,NA,-16,NA,NA,NA,114年現存營運清冊依成立年度回推,可能不含114年前已停辦或撤站之歷史站點
新北市,三重區,97,0,0,FALSE,112,NA,-15,NA,NA,NA,114年現存營運清冊依成立年度回推,可能不含114年前已停辦或撤站之歷史站點
新北市,三重區,98,0,0,FALSE,112,NA,-14,NA,NA,NA,114年現存營運清冊依成立年度回推,可能不含114年前已停辦或撤站之歷史站點
新北市,三重區,99,0,0,FALSE,112,NA,-13,NA,NA,NA,114年現存營運清冊依成立年度回推,可能不含114年前已停辦或撤站之歷史站點
新北市,三重區,100,0,0,FALSE,112,NA,-12,NA,NA,NA,114年現存營運清冊依成立年度回推,可能不含114年前已停辦或撤站之歷史站點
新北市,三重區,101,0,0,FALSE,112,NA,-11,NA,NA,NA,114年現存營運清冊依成立年度回推,可能不含114年前已停辦或撤站之歷史站點
新北市,三重區,102,0,0,FALSE,112,NA,-10,NA,NA,NA,114年現存營運清冊依成立年度回推,可能不含114年前已停辦或撤站之歷史站點
新北市,三重區,103,0,0,FALSE,112,NA,-9,NA,NA,NA,114年現存營運清冊依成立年度回推,可能不含114年前已停辦或撤站之歷史站點
新北市,三重區,104,0,0,FALSE,112,NA,-8,NA,NA,NA,114年現存營運清冊依成立年度回推,可能不含114年前已停辦或撤站之歷史站點
新北市,三重區,105,0,0,FALSE,112,NA,-7,NA,NA,NA,114年現存營運清冊依成立年度回推,可能不含114年前已停辦或撤站之歷史站點
新北市,三重區,106,0,0,FALSE,112,NA,-6,NA,NA,NA,114年現存營運清冊依成立年度回推,可能不含114年前已停辦或撤站之歷史站點
新北市,三重區,107,0,0,FALSE,112,NA,-5,NA,NA,NA,114年現存營運清冊依成立年度回推,可能不含114年前已停辦或撤站之歷史站點
新北市,三重區,108,0,0,FALSE,112,NA,-4,NA,NA,NA,114年現存營運清冊依成立年度回推,可能不含114年前已停辦或撤站之歷史站點
新北市,三重區,109,0,0,FALSE,112,NA,-3,NA,NA,NA,114年現存營運清冊依成立年度回推,可能不含114年前已停辦或撤站之歷史站點
新北市,三重區,110,0,0,FALSE,112,NA,-2,NA,NA,NA,114年現存營運清冊依成立年度回推,可能不含114年前已停辦或撤站之歷史站點
新北市,三重區,111,0,0,FALSE,112,NA,-1,NA,NA,NA,114年現存營運清冊依成立年度回推,可能不含114年前已停辦或撤站之歷史站點
新北市,三重區,112,1,1,TRUE,112,0,0,FALSE,FALSE,FALSE,114年現存營運清冊依成立年度回推,可能不含114年前已停辦或撤站之歷史站點
新北市,三重區,113,0,1,TRUE,112,1,1,TRUE,FALSE,FALSE,114年現存營運清冊依成立年度回推,可能不含114年前已停辦或撤站之歷史站點
新北市,三重區,114,0,1,TRUE,112,2,2,TRUE,FALSE,FALSE,114年現存營運清冊依成立年度回推,可能不含114年前已停辦或撤站之歷史站點
新北市,中和區,90,0,0,FALSE,107,NA,-17,NA,NA,NA,114年現存營運清冊依成立年度回推,可能不含114年前已停辦或撤站之歷史站點
新北市,中和區,91,0,0,FALSE,107,NA,-16,NA,NA,NA,114年現存營運清冊依成立年度回推,可能不含114年前已停辦或撤站之歷史站點
新北市,中和區,92,0,0,FALSE,107,NA,-15,NA,NA,NA,114年現存營運清冊依成立年度回推,可能不含114年前已停辦或撤站之歷史站點
新北市,中和區,93,0,0,FALSE,107,NA,-14,NA,NA,NA,114年現存營運清冊依成立年度回推,可能不含114年前已停辦或撤站之歷史站點
新北市,中和區,94,0,0,FALSE,107,NA,-13,NA,NA,NA,114年現存營運清冊依成立年度回推,可能不含114年前已停辦或撤站之歷史站點
新北市,中和區,95,0,0,FALSE,107,NA,-12,NA,NA,NA,114年現存營運清冊依成立年度回推,可能不含114年前已停辦或撤站之歷史站點
新北市,中和區,96,0,0,FALSE,107,NA,-11,NA,NA,NA,114年現存營運清冊依成立年度回推,可能不含114年前已停辦或撤站之歷史站點
新北市,中和區,97,0,0,FALSE,107,NA,-10,NA,NA,NA,114年現存營運清冊依成立年度回推,可能不含114年前已停辦或撤站之歷史站點
新北市,中和區,98,0,0,FALSE,107,NA,-9,NA,NA,NA,114年現存營運清冊依成立年度回推,可能不含114年前已停辦或撤站之歷史站點
新北市,中和區,99,0,0,FALSE,107,NA,-8,NA,NA,NA,114年現存營運清冊依成立年度回推,可能不含114年前已停辦或撤站之歷史站點
新北市,中和區,100,0,0,FALSE,107,NA,-7,NA,NA,NA,114年現存營運清冊依成立年度回推,可能不含114年前已停辦或撤站之歷史站點
新北市,中和區,101,0,0,FALSE,107,NA,-6,NA,NA,NA,114年現存營運清冊依成立年度回推,可能不含114年前已停辦或撤站之歷史站點
新北市,中和區,102,0,0,FALSE,107,NA,-5,NA,NA,NA,114年現存營運清冊依成立年度回推,可能不含114年前已停辦或撤站之歷史站點
新北市,中和區,103,0,0,FALSE,107,NA,-4,NA,NA,NA,114年現存營運清冊依成立年度回推,可能不含114年前已停辦或撤站之歷史站點
新北市,中和區,104,0,0,FALSE,107,NA,-3,NA,NA,NA,114年現存營運清冊依成立年度回推,可能不含114年前已停辦或撤站之歷史站點
新北市,中和區,105,0,0,FALSE,107,NA,-2,NA,NA,NA,114年現存營運清冊依成立年度回推,可能不含114年前已停辦或撤站之歷史站點
新北市,中和區,106,0,0,FALSE,107,NA,-1,NA,NA,NA,114年現存營運清冊依成立年度回推,可能不含114年前已停辦或撤站之歷史站點
新北市,中和區,107,1,1,TRUE,107,0,0,FALSE,FALSE,FALSE,114年現存營運清冊依成立年度回推,可能不含114年前已停辦或撤站之歷史站點
新北市,中和區,108,0,1,TRUE,107,1,1,TRUE,FALSE,FALSE,114年現存營運清冊依成立年度回推,可能不含114年前已停辦或撤站之歷史站點
新北市,中和區,109,0,1,TRUE,107,2,2,TRUE,FALSE,FALSE,114年現存營運清冊依成立年度回推,可能不含114年前已停辦或撤站之歷史站點
新北市,中和區,110,0,1,TRUE,107,3,3,TRUE,TRUE,FALSE,114年現存營運清冊依成立年度回推,可能不含114年前已停辦或撤站之歷史站點
新北市,中和區,111,0,1,TRUE,107,4,4,TRUE,TRUE,FALSE,114年現存營運清冊依成立年度回推,可能不含114年前已停辦或撤站之歷史站點
新北市,中和區,112,0,1,TRUE,107,5,5,TRUE,TRUE,TRUE,114年現存營運清冊依成立年度回推,可能不含114年前已停辦或撤站之歷史站點
新北市,中和區,113,0,1,TRUE,107,6,6,TRUE,TRUE,TRUE,114年現存營運清冊依成立年度回推,可能不含114年前已停辦或撤站之歷史站點
新北市,中和區,114,0,1,TRUE,107,7,7,TRUE,TRUE,TRUE,114年現存營運清冊依成立年度回推,可能不含114年前已停辦或撤站之歷史站點
新北市,土城區,90,0,0,FALSE,109,NA,-19,NA,NA,NA,114年現存營運清冊依成立年度回推,可能不含114年前已停辦或撤站之歷史站點
新北市,土城區,91,0,0,FALSE,109,NA,-18,NA,NA,NA,114年現存營運清冊依成立年度回推,可能不含114年前已停辦或撤站之歷史站點
新北市,土城區,92,0,0,FALSE,109,NA,-17,NA,NA,NA,114年現存營運清冊依成立年度回推,可能不含114年前已停辦或撤站之歷史站點
新北市,土城區,93,0,0,FALSE,109,NA,-16,NA,NA,NA,114年現存營運清冊依成立年度回推,可能不含114年前已停辦或撤站之歷史站點
新北市,土城區,94,0,0,FALSE,109,NA,-15,NA,NA,NA,114年現存營運清冊依成立年度回推,可能不含114年前已停辦或撤站之歷史站點
新北市,土城區,95,0,0,FALSE,109,NA,-14,NA,NA,NA,114年現存營運清冊依成立年度回推,可能不含114年前已停辦或撤站之歷史站點
新北市,土城區,96,0,0,FALSE,109,NA,-13,NA,NA,NA,114年現存營運清冊依成立年度回推,可能不含114年前已停辦或撤站之歷史站點
新北市,土城區,97,0,0,FALSE,109,NA,-12,NA,NA,NA,114年現存營運清冊依成立年度回推,可能不含114年前已停辦或撤站之歷史站點
新北市,土城區,98,0,0,FALSE,109,NA,-11,NA,NA,NA,114年現存營運清冊依成立年度回推,可能不含114年前已停辦或撤站之歷史站點
新北市,土城區,99,0,0,FALSE,109,NA,-10,NA,NA,NA,114年現存營運清冊依成立年度回推,可能不含114年前已停辦或撤站之歷史站點
新北市,土城區,100,0,0,FALSE,109,NA,-9,NA,NA,NA,114年現存營運清冊依成立年度回推,可能不含114年前已停辦或撤站之歷史站點
新北市,土城區,101,0,0,FALSE,109,NA,-8,NA,NA,NA,114年現存營運清冊依成立年度回推,可能不含114年前已停辦或撤站之歷史站點
新北市,土城區,102,0,0,FALSE,109,NA,-7,NA,NA,NA,114年現存營運清冊依成立年度回推,可能不含114年前已停辦或撤站之歷史站點
新北市,土城區,103,0,0,FALSE,109,NA,-6,NA,NA,NA,114年現存營運清冊依成立年度回推,可能不含114年前已停辦或撤站之歷史站點
新北市,土城區,104,0,0,FALSE,109,NA,-5,NA,NA,NA,114年現存營運清冊依成立年度回推,可能不含114年前已停辦或撤站之歷史站點
新北市,土城區,105,0,0,FALSE,109,NA,-4,NA,NA,NA,114年現存營運清冊依成立年度回推,可能不含114年前已停辦或撤站之歷史站點
新北市,土城區,106,0,0,FALSE,109,NA,-3,NA,NA,NA,114年現存營運清冊依成立年度回推,可能不含114年前已停辦或撤站之歷史站點
新北市,土城區,107,0,0,FALSE,109,NA,-2,NA,NA,NA,114年現存營運清冊依成立年度回推,可能不含114年前已停辦或撤站之歷史站點
新北市,土城區,108,0,0,FALSE,109,NA,-1,NA,NA,NA,114年現存營運清冊依成立年度回推,可能不含114年前已停辦或撤站之歷史站點
新北市,土城區,109,1,1,TRUE,109,0,0,FALSE,FALSE,FALSE,114年現存營運清冊依成立年度回推,可能不含114年前已停辦或撤站之歷史站點
新北市,土城區,110,0,1,TRUE,109,1,1,TRUE,FALSE,FALSE,114年現存營運清冊依成立年度回推,可能不含114年前已停辦或撤站之歷史站點
新北市,土城區,111,0,1,TRUE,109,2,2,TRUE,FALSE,FALSE,114年現存營運清冊依成立年度回推,可能不含114年前已停辦或撤站之歷史站點
新北市,土城區,112,0,1,TRUE,109,3,3,TRUE,TRUE,FALSE,114年現存營運清冊依成立年度回推,可能不含114年前已停辦或撤站之歷史站點
新北市,土城區,113,0,1,TRUE,109,4,4,TRUE,TRUE,FALSE,114年現存營運清冊依成立年度回推,可能不含114年前已停辦或撤站之歷史站點
新北市,土城區,114,0,1,TRUE,109,5,5,TRUE,TRUE,TRUE,114年現存營運清冊依成立年度回推,可能不含114年前已停辦或撤站之歷史站點
新北市,新店區,90,0,0,FALSE,111,NA,-21,NA,NA,NA,114年現存營運清冊依成立年度回推,可能不含114年前已停辦或撤站之歷史站點
新北市,新店區,91,0,0,FALSE,111,NA,-20,NA,NA,NA,114年現存營運清冊依成立年度回推,可能不含114年前已停辦或撤站之歷史站點
新北市,新店區,92,0,0,FALSE,111,NA,-19,NA,NA,NA,114年現存營運清冊依成立年度回推,可能不含114年前已停辦或撤站之歷史站點
新北市,新店區,93,0,0,FALSE,111,NA,-18,NA,NA,NA,114年現存營運清冊依成立年度回推,可能不含114年前已停辦或撤站之歷史站點
新北市,新店區,94,0,0,FALSE,111,NA,-17,NA,NA,NA,114年現存營運清冊依成立年度回推,可能不含114年前已停辦或撤站之歷史站點
新北市,新店區,95,0,0,FALSE,111,NA,-16,NA,NA,NA,114年現存營運清冊依成立年度回推,可能不含114年前已停辦或撤站之歷史站點
新北市,新店區,96,0,0,FALSE,111,NA,-15,NA,NA,NA,114年現存營運清冊依成立年度回推,可能不含114年前已停辦或撤站之歷史站點
新北市,新店區,97,0,0,FALSE,111,NA,-14,NA,NA,NA,114年現存營運清冊依成立年度回推,可能不含114年前已停辦或撤站之歷史站點
新北市,新店區,98,0,0,FALSE,111,NA,-13,NA,NA,NA,114年現存營運清冊依成立年度回推,可能不含114年前已停辦或撤站之歷史站點
新北市,新店區,99,0,0,FALSE,111,NA,-12,NA,NA,NA,114年現存營運清冊依成立年度回推,可能不含114年前已停辦或撤站之歷史站點
新北市,新店區,100,0,0,FALSE,111,NA,-11,NA,NA,NA,114年現存營運清冊依成立年度回推,可能不含114年前已停辦或撤站之歷史站點
新北市,新店區,101,0,0,FALSE,111,NA,-10,NA,NA,NA,114年現存營運清冊依成立年度回推,可能不含114年前已停辦或撤站之歷史站點
新北市,新店區,102,0,0,FALSE,111,NA,-9,NA,NA,NA,114年現存營運清冊依成立年度回推,可能不含114年前已停辦或撤站之歷史站點
新北市,新店區,103,0,0,FALSE,111,NA,-8,NA,NA,NA,114年現存營運清冊依成立年度回推,可能不含114年前已停辦或撤站之歷史站點
新北市,新店區,104,0,0,FALSE,111,NA,-7,NA,NA,NA,114年現存營運清冊依成立年度回推,可能不含114年前已停辦或撤站之歷史站點
新北市,新店區,105,0,0,FALSE,111,NA,-6,NA,NA,NA,114年現存營運清冊依成立年度回推,可能不含114年前已停辦或撤站之歷史站點
新北市,新店區,106,0,0,FALSE,111,NA,-5,NA,NA,NA,114年現存營運清冊依成立年度回推,可能不含114年前已停辦或撤站之歷史站點
新北市,新店區,107,0,0,FALSE,111,NA,-4,NA,NA,NA,114年現存營運清冊依成立年度回推,可能不含114年前已停辦或撤站之歷史站點
新北市,新店區,108,0,0,FALSE,111,NA,-3,NA,NA,NA,114年現存營運清冊依成立年度回推,可能不含114年前已停辦或撤站之歷史站點
新北市,新店區,109,0,0,FALSE,111,NA,-2,NA,NA,NA,114年現存營運清冊依成立年度回推,可能不含114年前已停辦或撤站之歷史站點
新北市,新店區,110,0,0,FALSE,111,NA,-1,NA,NA,NA,114年現存營運清冊依成立年度回推,可能不含114年前已停辦或撤站之歷史站點
新北市,新店區,111,1,1,TRUE,111,0,0,FALSE,FALSE,FALSE,114年現存營運清冊依成立年度回推,可能不含114年前已停辦或撤站之歷史站點
新北市,新店區,112,0,1,TRUE,111,1,1,TRUE,FALSE,FALSE,114年現存營運清冊依成立年度回推,可能不含114年前已停辦或撤站之歷史站點
新北市,新店區,113,0,1,TRUE,111,2,2,TRUE,FALSE,FALSE,114年現存營運清冊依成立年度回推,可能不含114年前已停辦或撤站之歷史站點
新北市,新店區,114,0,1,TRUE,111,3,3,TRUE,TRUE,FALSE,114年現存營運清冊依成立年度回推,可能不含114年前已停辦或撤站之歷史站點
新北市,新莊區,90,0,0,FALSE,111,NA,-21,NA,NA,NA,114年現存營運清冊依成立年度回推,可能不含114年前已停辦或撤站之歷史站點
新北市,新莊區,91,0,0,FALSE,111,NA,-20,NA,NA,NA,114年現存營運清冊依成立年度回推,可能不含114年前已停辦或撤站之歷史站點
新北市,新莊區,92,0,0,FALSE,111,NA,-19,NA,NA,NA,114年現存營運清冊依成立年度回推,可能不含114年前已停辦或撤站之歷史站點
新北市,新莊區,93,0,0,FALSE,111,NA,-18,NA,NA,NA,114年現存營運清冊依成立年度回推,可能不含114年前已停辦或撤站之歷史站點
新北市,新莊區,94,0,0,FALSE,111,NA,-17,NA,NA,NA,114年現存營運清冊依成立年度回推,可能不含114年前已停辦或撤站之歷史站點
新北市,新莊區,95,0,0,FALSE,111,NA,-16,NA,NA,NA,114年現存營運清冊依成立年度回推,可能不含114年前已停辦或撤站之歷史站點
新北市,新莊區,96,0,0,FALSE,111,NA,-15,NA,NA,NA,114年現存營運清冊依成立年度回推,可能不含114年前已停辦或撤站之歷史站點
新北市,新莊區,97,0,0,FALSE,111,NA,-14,NA,NA,NA,114年現存營運清冊依成立年度回推,可能不含114年前已停辦或撤站之歷史站點
新北市,新莊區,98,0,0,FALSE,111,NA,-13,NA,NA,NA,114年現存營運清冊依成立年度回推,可能不含114年前已停辦或撤站之歷史站點
新北市,新莊區,99,0,0,FALSE,111,NA,-12,NA,NA,NA,114年現存營運清冊依成立年度回推,可能不含114年前已停辦或撤站之歷史站點
新北市,新莊區,100,0,0,FALSE,111,NA,-11,NA,NA,NA,114年現存營運清冊依成立年度回推,可能不含114年前已停辦或撤站之歷史站點
新北市,新莊區,101,0,0,FALSE,111,NA,-10,NA,NA,NA,114年現存營運清冊依成立年度回推,可能不含114年前已停辦或撤站之歷史站點
新北市,新莊區,102,0,0,FALSE,111,NA,-9,NA,NA,NA,114年現存營運清冊依成立年度回推,可能不含114年前已停辦或撤站之歷史站點
新北市,新莊區,103,0,0,FALSE,111,NA,-8,NA,NA,NA,114年現存營運清冊依成立年度回推,可能不含114年前已停辦或撤站之歷史站點
新北市,新莊區,104,0,0,FALSE,111,NA,-7,NA,NA,NA,114年現存營運清冊依成立年度回推,可能不含114年前已停辦或撤站之歷史站點
新北市,新莊區,105,0,0,FALSE,111,NA,-6,NA,NA,NA,114年現存營運清冊依成立年度回推,可能不含114年前已停辦或撤站之歷史站點
新北市,新莊區,106,0,0,FALSE,111,NA,-5,NA,NA,NA,114年現存營運清冊依成立年度回推,可能不含114年前已停辦或撤站之歷史站點
新北市,新莊區,107,0,0,FALSE,111,NA,-4,NA,NA,NA,114年現存營運清冊依成立年度回推,可能不含114年前已停辦或撤站之歷史站點
新北市,新莊區,108,0,0,FALSE,111,NA,-3,NA,NA,NA,114年現存營運清冊依成立年度回推,可能不含114年前已停辦或撤站之歷史站點
新北市,新莊區,109,0,0,FALSE,111,NA,-2,NA,NA,NA,114年現存營運清冊依成立年度回推,可能不含114年前已停辦或撤站之歷史站點
新北市,新莊區,110,0,0,FALSE,111,NA,-1,NA,NA,NA,114年現存營運清冊依成立年度回推,可能不含114年前已停辦或撤站之歷史站點
新北市,新莊區,111,1,1,TRUE,111,0,0,FALSE,FALSE,FALSE,114年現存營運清冊依成立年度回推,可能不含114年前已停辦或撤站之歷史站點
新北市,新莊區,112,0,1,TRUE,111,1,1,TRUE,FALSE,FALSE,114年現存營運清冊依成立年度回推,可能不含114年前已停辦或撤站之歷史站點
新北市,新莊區,113,0,1,TRUE,111,2,2,TRUE,FALSE,FALSE,114年現存營運清冊依成立年度回推,可能不含114年前已停辦或撤站之歷史站點
新北市,新莊區,114,0,1,TRUE,111,3,3,TRUE,TRUE,FALSE,114年現存營運清冊依成立年度回推,可能不含114年前已停辦或撤站之歷史站點
新北市,林口區,90,0,0,FALSE,113,NA,-23,NA,NA,NA,114年現存營運清冊依成立年度回推,可能不含114年前已停辦或撤站之歷史站點
新北市,林口區,91,0,0,FALSE,113,NA,-22,NA,NA,NA,114年現存營運清冊依成立年度回推,可能不含114年前已停辦或撤站之歷史站點
新北市,林口區,92,0,0,FALSE,113,NA,-21,NA,NA,NA,114年現存營運清冊依成立年度回推,可能不含114年前已停辦或撤站之歷史站點
新北市,林口區,93,0,0,FALSE,113,NA,-20,NA,NA,NA,114年現存營運清冊依成立年度回推,可能不含114年前已停辦或撤站之歷史站點
新北市,林口區,94,0,0,FALSE,113,NA,-19,NA,NA,NA,114年現存營運清冊依成立年度回推,可能不含114年前已停辦或撤站之歷史站點
新北市,林口區,95,0,0,FALSE,113,NA,-18,NA,NA,NA,114年現存營運清冊依成立年度回推,可能不含114年前已停辦或撤站之歷史站點
新北市,林口區,96,0,0,FALSE,113,NA,-17,NA,NA,NA,114年現存營運清冊依成立年度回推,可能不含114年前已停辦或撤站之歷史站點
新北市,林口區,97,0,0,FALSE,113,NA,-16,NA,NA,NA,114年現存營運清冊依成立年度回推,可能不含114年前已停辦或撤站之歷史站點
新北市,林口區,98,0,0,FALSE,113,NA,-15,NA,NA,NA,114年現存營運清冊依成立年度回推,可能不含114年前已停辦或撤站之歷史站點
新北市,林口區,99,0,0,FALSE,113,NA,-14,NA,NA,NA,114年現存營運清冊依成立年度回推,可能不含114年前已停辦或撤站之歷史站點
新北市,林口區,100,0,0,FALSE,113,NA,-13,NA,NA,NA,114年現存營運清冊依成立年度回推,可能不含114年前已停辦或撤站之歷史站點
新北市,林口區,101,0,0,FALSE,113,NA,-12,NA,NA,NA,114年現存營運清冊依成立年度回推,可能不含114年前已停辦或撤站之歷史站點
新北市,林口區,102,0,0,FALSE,113,NA,-11,NA,NA,NA,114年現存營運清冊依成立年度回推,可能不含114年前已停辦或撤站之歷史站點
新北市,林口區,103,0,0,FALSE,113,NA,-10,NA,NA,NA,114年現存營運清冊依成立年度回推,可能不含114年前已停辦或撤站之歷史站點
新北市,林口區,104,0,0,FALSE,113,NA,-9,NA,NA,NA,114年現存營運清冊依成立年度回推,可能不含114年前已停辦或撤站之歷史站點
新北市,林口區,105,0,0,FALSE,113,NA,-8,NA,NA,NA,114年現存營運清冊依成立年度回推,可能不含114年前已停辦或撤站之歷史站點
新北市,林口區,106,0,0,FALSE,113,NA,-7,NA,NA,NA,114年現存營運清冊依成立年度回推,可能不含114年前已停辦或撤站之歷史站點
新北市,林口區,107,0,0,FALSE,113,NA,-6,NA,NA,NA,114年現存營運清冊依成立年度回推,可能不含114年前已停辦或撤站之歷史站點
新北市,林口區,108,0,0,FALSE,113,NA,-5,NA,NA,NA,114年現存營運清冊依成立年度回推,可能不含114年前已停辦或撤站之歷史站點
新北市,林口區,109,0,0,FALSE,113,NA,-4,NA,NA,NA,114年現存營運清冊依成立年度回推,可能不含114年前已停辦或撤站之歷史站點
新北市,林口區,110,0,0,FALSE,113,NA,-3,NA,NA,NA,114年現存營運清冊依成立年度回推,可能不含114年前已停辦或撤站之歷史站點
新北市,林口區,111,0,0,FALSE,113,NA,-2,NA,NA,NA,114年現存營運清冊依成立年度回推,可能不含114年前已停辦或撤站之歷史站點
新北市,林口區,112,0,0,FALSE,113,NA,-1,NA,NA,NA,114年現存營運清冊依成立年度回推,可能不含114年前已停辦或撤站之歷史站點
新北市,林口區,113,1,1,TRUE,113,0,0,FALSE,FALSE,FALSE,114年現存營運清冊依成立年度回推,可能不含114年前已停辦或撤站之歷史站點
新北市,林口區,114,0,1,TRUE,113,1,1,TRUE,FALSE,FALSE,114年現存營運清冊依成立年度回推,可能不含114年前已停辦或撤站之歷史站點
新北市,樹林區,90,0,0,FALSE,108,NA,-18,NA,NA,NA,114年現存營運清冊依成立年度回推,可能不含114年前已停辦或撤站之歷史站點
新北市,樹林區,91,0,0,FALSE,108,NA,-17,NA,NA,NA,114年現存營運清冊依成立年度回推,可能不含114年前已停辦或撤站之歷史站點
新北市,樹林區,92,0,0,FALSE,108,NA,-16,NA,NA,NA,114年現存營運清冊依成立年度回推,可能不含114年前已停辦或撤站之歷史站點
新北市,樹林區,93,0,0,FALSE,108,NA,-15,NA,NA,NA,114年現存營運清冊依成立年度回推,可能不含114年前已停辦或撤站之歷史站點
新北市,樹林區,94,0,0,FALSE,108,NA,-14,NA,NA,NA,114年現存營運清冊依成立年度回推,可能不含114年前已停辦或撤站之歷史站點
新北市,樹林區,95,0,0,FALSE,108,NA,-13,NA,NA,NA,114年現存營運清冊依成立年度回推,可能不含114年前已停辦或撤站之歷史站點
新北市,樹林區,96,0,0,FALSE,108,NA,-12,NA,NA,NA,114年現存營運清冊依成立年度回推,可能不含114年前已停辦或撤站之歷史站點
新北市,樹林區,97,0,0,FALSE,108,NA,-11,NA,NA,NA,114年現存營運清冊依成立年度回推,可能不含114年前已停辦或撤站之歷史站點
新北市,樹林區,98,0,0,FALSE,108,NA,-10,NA,NA,NA,114年現存營運清冊依成立年度回推,可能不含114年前已停辦或撤站之歷史站點
新北市,樹林區,99,0,0,FALSE,108,NA,-9,NA,NA,NA,114年現存營運清冊依成立年度回推,可能不含114年前已停辦或撤站之歷史站點
新北市,樹林區,100,0,0,FALSE,108,NA,-8,NA,NA,NA,114年現存營運清冊依成立年度回推,可能不含114年前已停辦或撤站之歷史站點
新北市,樹林區,101,0,0,FALSE,108,NA,-7,NA,NA,NA,114年現存營運清冊依成立年度回推,可能不含114年前已停辦或撤站之歷史站點
新北市,樹林區,102,0,0,FALSE,108,NA,-6,NA,NA,NA,114年現存營運清冊依成立年度回推,可能不含114年前已停辦或撤站之歷史站點
新北市,樹林區,103,0,0,FALSE,108,NA,-5,NA,NA,NA,114年現存營運清冊依成立年度回推,可能不含114年前已停辦或撤站之歷史站點
新北市,樹林區,104,0,0,FALSE,108,NA,-4,NA,NA,NA,114年現存營運清冊依成立年度回推,可能不含114年前已停辦或撤站之歷史站點
新北市,樹林區,105,0,0,FALSE,108,NA,-3,NA,NA,NA,114年現存營運清冊依成立年度回推,可能不含114年前已停辦或撤站之歷史站點
新北市,樹林區,106,0,0,FALSE,108,NA,-2,NA,NA,NA,114年現存營運清冊依成立年度回推,可能不含114年前已停辦或撤站之歷史站點
新北市,樹林區,107,0,0,FALSE,108,NA,-1,NA,NA,NA,114年現存營運清冊依成立年度回推,可能不含114年前已停辦或撤站之歷史站點
新北市,樹林區,108,1,1,TRUE,108,0,0,FALSE,FALSE,FALSE,114年現存營運清冊依成立年度回推,可能不含114年前已停辦或撤站之歷史站點
新北市,樹林區,109,0,1,TRUE,108,1,1,TRUE,FALSE,FALSE,114年現存營運清冊依成立年度回推,可能不含114年前已停辦或撤站之歷史站點
新北市,樹林區,110,0,1,TRUE,108,2,2,TRUE,FALSE,FALSE,114年現存營運清冊依成立年度回推,可能不含114年前已停辦或撤站之歷史站點
新北市,樹林區,111,0,1,TRUE,108,3,3,TRUE,TRUE,FALSE,114年現存營運清冊依成立年度回推,可能不含114年前已停辦或撤站之歷史站點
新北市,樹林區,112,1,2,TRUE,108,4,4,TRUE,TRUE,FALSE,114年現存營運清冊依成立年度回推,可能不含114年前已停辦或撤站之歷史站點
新北市,樹林區,113,0,2,TRUE,108,5,5,TRUE,TRUE,TRUE,114年現存營運清冊依成立年度回推,可能不含114年前已停辦或撤站之歷史站點
新北市,樹林區,114,0,2,TRUE,108,6,6,TRUE,TRUE,TRUE,114年現存營運清冊依成立年度回推,可能不含114年前已停辦或撤站之歷史站點
新北市,汐止區,90,0,0,FALSE,107,NA,-17,NA,NA,NA,114年現存營運清冊依成立年度回推,可能不含114年前已停辦或撤站之歷史站點
新北市,汐止區,91,0,0,FALSE,107,NA,-16,NA,NA,NA,114年現存營運清冊依成立年度回推,可能不含114年前已停辦或撤站之歷史站點
新北市,汐止區,92,0,0,FALSE,107,NA,-15,NA,NA,NA,114年現存營運清冊依成立年度回推,可能不含114年前已停辦或撤站之歷史站點
新北市,汐止區,93,0,0,FALSE,107,NA,-14,NA,NA,NA,114年現存營運清冊依成立年度回推,可能不含114年前已停辦或撤站之歷史站點
新北市,汐止區,94,0,0,FALSE,107,NA,-13,NA,NA,NA,114年現存營運清冊依成立年度回推,可能不含114年前已停辦或撤站之歷史站點
新北市,汐止區,95,0,0,FALSE,107,NA,-12,NA,NA,NA,114年現存營運清冊依成立年度回推,可能不含114年前已停辦或撤站之歷史站點
新北市,汐止區,96,0,0,FALSE,107,NA,-11,NA,NA,NA,114年現存營運清冊依成立年度回推,可能不含114年前已停辦或撤站之歷史站點
新北市,汐止區,97,0,0,FALSE,107,NA,-10,NA,NA,NA,114年現存營運清冊依成立年度回推,可能不含114年前已停辦或撤站之歷史站點
新北市,汐止區,98,0,0,FALSE,107,NA,-9,NA,NA,NA,114年現存營運清冊依成立年度回推,可能不含114年前已停辦或撤站之歷史站點
新北市,汐止區,99,0,0,FALSE,107,NA,-8,NA,NA,NA,114年現存營運清冊依成立年度回推,可能不含114年前已停辦或撤站之歷史站點
新北市,汐止區,100,0,0,FALSE,107,NA,-7,NA,NA,NA,114年現存營運清冊依成立年度回推,可能不含114年前已停辦或撤站之歷史站點
新北市,汐止區,101,0,0,FALSE,107,NA,-6,NA,NA,NA,114年現存營運清冊依成立年度回推,可能不含114年前已停辦或撤站之歷史站點
新北市,汐止區,102,0,0,FALSE,107,NA,-5,NA,NA,NA,114年現存營運清冊依成立年度回推,可能不含114年前已停辦或撤站之歷史站點
新北市,汐止區,103,0,0,FALSE,107,NA,-4,NA,NA,NA,114年現存營運清冊依成立年度回推,可能不含114年前已停辦或撤站之歷史站點
新北市,汐止區,104,0,0,FALSE,107,NA,-3,NA,NA,NA,114年現存營運清冊依成立年度回推,可能不含114年前已停辦或撤站之歷史站點
新北市,汐止區,105,0,0,FALSE,107,NA,-2,NA,NA,NA,114年現存營運清冊依成立年度回推,可能不含114年前已停辦或撤站之歷史站點
新北市,汐止區,106,0,0,FALSE,107,NA,-1,NA,NA,NA,114年現存營運清冊依成立年度回推,可能不含114年前已停辦或撤站之歷史站點
新北市,汐止區,107,1,1,TRUE,107,0,0,FALSE,FALSE,FALSE,114年現存營運清冊依成立年度回推,可能不含114年前已停辦或撤站之歷史站點
新北市,汐止區,108,0,1,TRUE,107,1,1,TRUE,FALSE,FALSE,114年現存營運清冊依成立年度回推,可能不含114年前已停辦或撤站之歷史站點
新北市,汐止區,109,0,1,TRUE,107,2,2,TRUE,FALSE,FALSE,114年現存營運清冊依成立年度回推,可能不含114年前已停辦或撤站之歷史站點
新北市,汐止區,110,0,1,TRUE,107,3,3,TRUE,TRUE,FALSE,114年現存營運清冊依成立年度回推,可能不含114年前已停辦或撤站之歷史站點
新北市,汐止區,111,0,1,TRUE,107,4,4,TRUE,TRUE,FALSE,114年現存營運清冊依成立年度回推,可能不含114年前已停辦或撤站之歷史站點
新北市,汐止區,112,0,1,TRUE,107,5,5,TRUE,TRUE,TRUE,114年現存營運清冊依成立年度回推,可能不含114年前已停辦或撤站之歷史站點
新北市,汐止區,113,0,1,TRUE,107,6,6,TRUE,TRUE,TRUE,114年現存營運清冊依成立年度回推,可能不含114年前已停辦或撤站之歷史站點
新北市,汐止區,114,0,1,TRUE,107,7,7,TRUE,TRUE,TRUE,114年現存營運清冊依成立年度回推,可能不含114年前已停辦或撤站之歷史站點
新北市,淡水區,90,0,0,FALSE,109,NA,-19,NA,NA,NA,114年現存營運清冊依成立年度回推,可能不含114年前已停辦或撤站之歷史站點
新北市,淡水區,91,0,0,FALSE,109,NA,-18,NA,NA,NA,114年現存營運清冊依成立年度回推,可能不含114年前已停辦或撤站之歷史站點
新北市,淡水區,92,0,0,FALSE,109,NA,-17,NA,NA,NA,114年現存營運清冊依成立年度回推,可能不含114年前已停辦或撤站之歷史站點
新北市,淡水區,93,0,0,FALSE,109,NA,-16,NA,NA,NA,114年現存營運清冊依成立年度回推,可能不含114年前已停辦或撤站之歷史站點
新北市,淡水區,94,0,0,FALSE,109,NA,-15,NA,NA,NA,114年現存營運清冊依成立年度回推,可能不含114年前已停辦或撤站之歷史站點
新北市,淡水區,95,0,0,FALSE,109,NA,-14,NA,NA,NA,114年現存營運清冊依成立年度回推,可能不含114年前已停辦或撤站之歷史站點
新北市,淡水區,96,0,0,FALSE,109,NA,-13,NA,NA,NA,114年現存營運清冊依成立年度回推,可能不含114年前已停辦或撤站之歷史站點
新北市,淡水區,97,0,0,FALSE,109,NA,-12,NA,NA,NA,114年現存營運清冊依成立年度回推,可能不含114年前已停辦或撤站之歷史站點
新北市,淡水區,98,0,0,FALSE,109,NA,-11,NA,NA,NA,114年現存營運清冊依成立年度回推,可能不含114年前已停辦或撤站之歷史站點
新北市,淡水區,99,0,0,FALSE,109,NA,-10,NA,NA,NA,114年現存營運清冊依成立年度回推,可能不含114年前已停辦或撤站之歷史站點
新北市,淡水區,100,0,0,FALSE,109,NA,-9,NA,NA,NA,114年現存營運清冊依成立年度回推,可能不含114年前已停辦或撤站之歷史站點
新北市,淡水區,101,0,0,FALSE,109,NA,-8,NA,NA,NA,114年現存營運清冊依成立年度回推,可能不含114年前已停辦或撤站之歷史站點
新北市,淡水區,102,0,0,FALSE,109,NA,-7,NA,NA,NA,114年現存營運清冊依成立年度回推,可能不含114年前已停辦或撤站之歷史站點
新北市,淡水區,103,0,0,FALSE,109,NA,-6,NA,NA,NA,114年現存營運清冊依成立年度回推,可能不含114年前已停辦或撤站之歷史站點
新北市,淡水區,104,0,0,FALSE,109,NA,-5,NA,NA,NA,114年現存營運清冊依成立年度回推,可能不含114年前已停辦或撤站之歷史站點
新北市,淡水區,105,0,0,FALSE,109,NA,-4,NA,NA,NA,114年現存營運清冊依成立年度回推,可能不含114年前已停辦或撤站之歷史站點
新北市,淡水區,106,0,0,FALSE,109,NA,-3,NA,NA,NA,114年現存營運清冊依成立年度回推,可能不含114年前已停辦或撤站之歷史站點
新北市,淡水區,107,0,0,FALSE,109,NA,-2,NA,NA,NA,114年現存營運清冊依成立年度回推,可能不含114年前已停辦或撤站之歷史站點
新北市,淡水區,108,0,0,FALSE,109,NA,-1,NA,NA,NA,114年現存營運清冊依成立年度回推,可能不含114年前已停辦或撤站之歷史站點
新北市,淡水區,109,1,1,TRUE,109,0,0,FALSE,FALSE,FALSE,114年現存營運清冊依成立年度回推,可能不含114年前已停辦或撤站之歷史站點
新北市,淡水區,110,0,1,TRUE,109,1,1,TRUE,FALSE,FALSE,114年現存營運清冊依成立年度回推,可能不含114年前已停辦或撤站之歷史站點
新北市,淡水區,111,0,1,TRUE,109,2,2,TRUE,FALSE,FALSE,114年現存營運清冊依成立年度回推,可能不含114年前已停辦或撤站之歷史站點
新北市,淡水區,112,0,1,TRUE,109,3,3,TRUE,TRUE,FALSE,114年現存營運清冊依成立年度回推,可能不含114年前已停辦或撤站之歷史站點
新北市,淡水區,113,0,1,TRUE,109,4,4,TRUE,TRUE,FALSE,114年現存營運清冊依成立年度回推,可能不含114年前已停辦或撤站之歷史站點
新北市,淡水區,114,0,1,TRUE,109,5,5,TRUE,TRUE,TRUE,114年現存營運清冊依成立年度回推,可能不含114年前已停辦或撤站之歷史站點
新北市,烏來區,90,0,0,FALSE,100,NA,-10,NA,NA,NA,114年現存營運清冊依成立年度回推,可能不含114年前已停辦或撤站之歷史站點
新北市,烏來區,91,0,0,FALSE,100,NA,-9,NA,NA,NA,114年現存營運清冊依成立年度回推,可能不含114年前已停辦或撤站之歷史站點
新北市,烏來區,92,0,0,FALSE,100,NA,-8,NA,NA,NA,114年現存營運清冊依成立年度回推,可能不含114年前已停辦或撤站之歷史站點
新北市,烏來區,93,0,0,FALSE,100,NA,-7,NA,NA,NA,114年現存營運清冊依成立年度回推,可能不含114年前已停辦或撤站之歷史站點
新北市,烏來區,94,0,0,FALSE,100,NA,-6,NA,NA,NA,114年現存營運清冊依成立年度回推,可能不含114年前已停辦或撤站之歷史站點
新北市,烏來區,95,0,0,FALSE,100,NA,-5,NA,NA,NA,114年現存營運清冊依成立年度回推,可能不含114年前已停辦或撤站之歷史站點
新北市,烏來區,96,0,0,FALSE,100,NA,-4,NA,NA,NA,114年現存營運清冊依成立年度回推,可能不含114年前已停辦或撤站之歷史站點
新北市,烏來區,97,0,0,FALSE,100,NA,-3,NA,NA,NA,114年現存營運清冊依成立年度回推,可能不含114年前已停辦或撤站之歷史站點
新北市,烏來區,98,0,0,FALSE,100,NA,-2,NA,NA,NA,114年現存營運清冊依成立年度回推,可能不含114年前已停辦或撤站之歷史站點
新北市,烏來區,99,0,0,FALSE,100,NA,-1,NA,NA,NA,114年現存營運清冊依成立年度回推,可能不含114年前已停辦或撤站之歷史站點
新北市,烏來區,100,1,1,TRUE,100,0,0,FALSE,FALSE,FALSE,114年現存營運清冊依成立年度回推,可能不含114年前已停辦或撤站之歷史站點
新北市,烏來區,101,0,1,TRUE,100,1,1,TRUE,FALSE,FALSE,114年現存營運清冊依成立年度回推,可能不含114年前已停辦或撤站之歷史站點
新北市,烏來區,102,1,2,TRUE,100,2,2,TRUE,FALSE,FALSE,114年現存營運清冊依成立年度回推,可能不含114年前已停辦或撤站之歷史站點
新北市,烏來區,103,0,2,TRUE,100,3,3,TRUE,TRUE,FALSE,114年現存營運清冊依成立年度回推,可能不含114年前已停辦或撤站之歷史站點
新北市,烏來區,104,0,2,TRUE,100,4,4,TRUE,TRUE,FALSE,114年現存營運清冊依成立年度回推,可能不含114年前已停辦或撤站之歷史站點
新北市,烏來區,105,0,2,TRUE,100,5,5,TRUE,TRUE,TRUE,114年現存營運清冊依成立年度回推,可能不含114年前已停辦或撤站之歷史站點
新北市,烏來區,106,0,2,TRUE,100,6,6,TRUE,TRUE,TRUE,114年現存營運清冊依成立年度回推,可能不含114年前已停辦或撤站之歷史站點
新北市,烏來區,107,0,2,TRUE,100,7,7,TRUE,TRUE,TRUE,114年現存營運清冊依成立年度回推,可能不含114年前已停辦或撤站之歷史站點
新北市,烏來區,108,1,3,TRUE,100,8,8,TRUE,TRUE,TRUE,114年現存營運清冊依成立年度回推,可能不含114年前已停辦或撤站之歷史站點
新北市,烏來區,109,0,3,TRUE,100,9,9,TRUE,TRUE,TRUE,114年現存營運清冊依成立年度回推,可能不含114年前已停辦或撤站之歷史站點
新北市,烏來區,110,0,3,TRUE,100,10,10,TRUE,TRUE,TRUE,114年現存營運清冊依成立年度回推,可能不含114年前已停辦或撤站之歷史站點
新北市,烏來區,111,0,3,TRUE,100,11,11,TRUE,TRUE,TRUE,114年現存營運清冊依成立年度回推,可能不含114年前已停辦或撤站之歷史站點
新北市,烏來區,112,0,3,TRUE,100,12,12,TRUE,TRUE,TRUE,114年現存營運清冊依成立年度回推,可能不含114年前已停辦或撤站之歷史站點
新北市,烏來區,113,1,4,TRUE,100,13,13,TRUE,TRUE,TRUE,114年現存營運清冊依成立年度回推,可能不含114年前已停辦或撤站之歷史站點
新北市,烏來區,114,0,4,TRUE,100,14,14,TRUE,TRUE,TRUE,114年現存營運清冊依成立年度回推,可能不含114年前已停辦或撤站之歷史站點
新竹市,香山區,90,0,0,FALSE,107,NA,-17,NA,NA,NA,114年現存營運清冊依成立年度回推,可能不含114年前已停辦或撤站之歷史站點
新竹市,香山區,91,0,0,FALSE,107,NA,-16,NA,NA,NA,114年現存營運清冊依成立年度回推,可能不含114年前已停辦或撤站之歷史站點
新竹市,香山區,92,0,0,FALSE,107,NA,-15,NA,NA,NA,114年現存營運清冊依成立年度回推,可能不含114年前已停辦或撤站之歷史站點
新竹市,香山區,93,0,0,FALSE,107,NA,-14,NA,NA,NA,114年現存營運清冊依成立年度回推,可能不含114年前已停辦或撤站之歷史站點
新竹市,香山區,94,0,0,FALSE,107,NA,-13,NA,NA,NA,114年現存營運清冊依成立年度回推,可能不含114年前已停辦或撤站之歷史站點
新竹市,香山區,95,0,0,FALSE,107,NA,-12,NA,NA,NA,114年現存營運清冊依成立年度回推,可能不含114年前已停辦或撤站之歷史站點
新竹市,香山區,96,0,0,FALSE,107,NA,-11,NA,NA,NA,114年現存營運清冊依成立年度回推,可能不含114年前已停辦或撤站之歷史站點
新竹市,香山區,97,0,0,FALSE,107,NA,-10,NA,NA,NA,114年現存營運清冊依成立年度回推,可能不含114年前已停辦或撤站之歷史站點
新竹市,香山區,98,0,0,FALSE,107,NA,-9,NA,NA,NA,114年現存營運清冊依成立年度回推,可能不含114年前已停辦或撤站之歷史站點
新竹市,香山區,99,0,0,FALSE,107,NA,-8,NA,NA,NA,114年現存營運清冊依成立年度回推,可能不含114年前已停辦或撤站之歷史站點
新竹市,香山區,100,0,0,FALSE,107,NA,-7,NA,NA,NA,114年現存營運清冊依成立年度回推,可能不含114年前已停辦或撤站之歷史站點
新竹市,香山區,101,0,0,FALSE,107,NA,-6,NA,NA,NA,114年現存營運清冊依成立年度回推,可能不含114年前已停辦或撤站之歷史站點
新竹市,香山區,102,0,0,FALSE,107,NA,-5,NA,NA,NA,114年現存營運清冊依成立年度回推,可能不含114年前已停辦或撤站之歷史站點
新竹市,香山區,103,0,0,FALSE,107,NA,-4,NA,NA,NA,114年現存營運清冊依成立年度回推,可能不含114年前已停辦或撤站之歷史站點
新竹市,香山區,104,0,0,FALSE,107,NA,-3,NA,NA,NA,114年現存營運清冊依成立年度回推,可能不含114年前已停辦或撤站之歷史站點
新竹市,香山區,105,0,0,FALSE,107,NA,-2,NA,NA,NA,114年現存營運清冊依成立年度回推,可能不含114年前已停辦或撤站之歷史站點
新竹市,香山區,106,0,0,FALSE,107,NA,-1,NA,NA,NA,114年現存營運清冊依成立年度回推,可能不含114年前已停辦或撤站之歷史站點
新竹市,香山區,107,1,1,TRUE,107,0,0,FALSE,FALSE,FALSE,114年現存營運清冊依成立年度回推,可能不含114年前已停辦或撤站之歷史站點
新竹市,香山區,108,0,1,TRUE,107,1,1,TRUE,FALSE,FALSE,114年現存營運清冊依成立年度回推,可能不含114年前已停辦或撤站之歷史站點
新竹市,香山區,109,0,1,TRUE,107,2,2,TRUE,FALSE,FALSE,114年現存營運清冊依成立年度回推,可能不含114年前已停辦或撤站之歷史站點
新竹市,香山區,110,0,1,TRUE,107,3,3,TRUE,TRUE,FALSE,114年現存營運清冊依成立年度回推,可能不含114年前已停辦或撤站之歷史站點
新竹市,香山區,111,1,2,TRUE,107,4,4,TRUE,TRUE,FALSE,114年現存營運清冊依成立年度回推,可能不含114年前已停辦或撤站之歷史站點
新竹市,香山區,112,0,2,TRUE,107,5,5,TRUE,TRUE,TRUE,114年現存營運清冊依成立年度回推,可能不含114年前已停辦或撤站之歷史站點
新竹市,香山區,113,0,2,TRUE,107,6,6,TRUE,TRUE,TRUE,114年現存營運清冊依成立年度回推,可能不含114年前已停辦或撤站之歷史站點
新竹市,香山區,114,0,2,TRUE,107,7,7,TRUE,TRUE,TRUE,114年現存營運清冊依成立年度回推,可能不含114年前已停辦或撤站之歷史站點
新竹縣,五峰鄉,90,1,1,TRUE,90,0,0,FALSE,FALSE,FALSE,114年現存營運清冊依成立年度回推,可能不含114年前已停辦或撤站之歷史站點
新竹縣,五峰鄉,91,0,1,TRUE,90,1,1,TRUE,FALSE,FALSE,114年現存營運清冊依成立年度回推,可能不含114年前已停辦或撤站之歷史站點
新竹縣,五峰鄉,92,0,1,TRUE,90,2,2,TRUE,FALSE,FALSE,114年現存營運清冊依成立年度回推,可能不含114年前已停辦或撤站之歷史站點
新竹縣,五峰鄉,93,0,1,TRUE,90,3,3,TRUE,TRUE,FALSE,114年現存營運清冊依成立年度回推,可能不含114年前已停辦或撤站之歷史站點
新竹縣,五峰鄉,94,0,1,TRUE,90,4,4,TRUE,TRUE,FALSE,114年現存營運清冊依成立年度回推,可能不含114年前已停辦或撤站之歷史站點
新竹縣,五峰鄉,95,0,1,TRUE,90,5,5,TRUE,TRUE,TRUE,114年現存營運清冊依成立年度回推,可能不含114年前已停辦或撤站之歷史站點
新竹縣,五峰鄉,96,0,1,TRUE,90,6,6,TRUE,TRUE,TRUE,114年現存營運清冊依成立年度回推,可能不含114年前已停辦或撤站之歷史站點
新竹縣,五峰鄉,97,0,1,TRUE,90,7,7,TRUE,TRUE,TRUE,114年現存營運清冊依成立年度回推,可能不含114年前已停辦或撤站之歷史站點
新竹縣,五峰鄉,98,1,2,TRUE,90,8,8,TRUE,TRUE,TRUE,114年現存營運清冊依成立年度回推,可能不含114年前已停辦或撤站之歷史站點
新竹縣,五峰鄉,99,0,2,TRUE,90,9,9,TRUE,TRUE,TRUE,114年現存營運清冊依成立年度回推,可能不含114年前已停辦或撤站之歷史站點
新竹縣,五峰鄉,100,0,2,TRUE,90,10,10,TRUE,TRUE,TRUE,114年現存營運清冊依成立年度回推,可能不含114年前已停辦或撤站之歷史站點
新竹縣,五峰鄉,101,0,2,TRUE,90,11,11,TRUE,TRUE,TRUE,114年現存營運清冊依成立年度回推,可能不含114年前已停辦或撤站之歷史站點
新竹縣,五峰鄉,102,0,2,TRUE,90,12,12,TRUE,TRUE,TRUE,114年現存營運清冊依成立年度回推,可能不含114年前已停辦或撤站之歷史站點
新竹縣,五峰鄉,103,0,2,TRUE,90,13,13,TRUE,TRUE,TRUE,114年現存營運清冊依成立年度回推,可能不含114年前已停辦或撤站之歷史站點
新竹縣,五峰鄉,104,0,2,TRUE,90,14,14,TRUE,TRUE,TRUE,114年現存營運清冊依成立年度回推,可能不含114年前已停辦或撤站之歷史站點
新竹縣,五峰鄉,105,0,2,TRUE,90,15,15,TRUE,TRUE,TRUE,114年現存營運清冊依成立年度回推,可能不含114年前已停辦或撤站之歷史站點
新竹縣,五峰鄉,106,0,2,TRUE,90,16,16,TRUE,TRUE,TRUE,114年現存營運清冊依成立年度回推,可能不含114年前已停辦或撤站之歷史站點
新竹縣,五峰鄉,107,0,2,TRUE,90,17,17,TRUE,TRUE,TRUE,114年現存營運清冊依成立年度回推,可能不含114年前已停辦或撤站之歷史站點
新竹縣,五峰鄉,108,0,2,TRUE,90,18,18,TRUE,TRUE,TRUE,114年現存營運清冊依成立年度回推,可能不含114年前已停辦或撤站之歷史站點
新竹縣,五峰鄉,109,3,5,TRUE,90,19,19,TRUE,TRUE,TRUE,114年現存營運清冊依成立年度回推,可能不含114年前已停辦或撤站之歷史站點
新竹縣,五峰鄉,110,0,5,TRUE,90,20,20,TRUE,TRUE,TRUE,114年現存營運清冊依成立年度回推,可能不含114年前已停辦或撤站之歷史站點
新竹縣,五峰鄉,111,1,6,TRUE,90,21,21,TRUE,TRUE,TRUE,114年現存營運清冊依成立年度回推,可能不含114年前已停辦或撤站之歷史站點
新竹縣,五峰鄉,112,0,6,TRUE,90,22,22,TRUE,TRUE,TRUE,114年現存營運清冊依成立年度回推,可能不含114年前已停辦或撤站之歷史站點
新竹縣,五峰鄉,113,1,7,TRUE,90,23,23,TRUE,TRUE,TRUE,114年現存營運清冊依成立年度回推,可能不含114年前已停辦或撤站之歷史站點
新竹縣,五峰鄉,114,0,7,TRUE,90,24,24,TRUE,TRUE,TRUE,114年現存營運清冊依成立年度回推,可能不含114年前已停辦或撤站之歷史站點
新竹縣,尖石鄉,90,0,0,FALSE,98,NA,-8,NA,NA,NA,114年現存營運清冊依成立年度回推,可能不含114年前已停辦或撤站之歷史站點
新竹縣,尖石鄉,91,0,0,FALSE,98,NA,-7,NA,NA,NA,114年現存營運清冊依成立年度回推,可能不含114年前已停辦或撤站之歷史站點
新竹縣,尖石鄉,92,0,0,FALSE,98,NA,-6,NA,NA,NA,114年現存營運清冊依成立年度回推,可能不含114年前已停辦或撤站之歷史站點
新竹縣,尖石鄉,93,0,0,FALSE,98,NA,-5,NA,NA,NA,114年現存營運清冊依成立年度回推,可能不含114年前已停辦或撤站之歷史站點
新竹縣,尖石鄉,94,0,0,FALSE,98,NA,-4,NA,NA,NA,114年現存營運清冊依成立年度回推,可能不含114年前已停辦或撤站之歷史站點
新竹縣,尖石鄉,95,0,0,FALSE,98,NA,-3,NA,NA,NA,114年現存營運清冊依成立年度回推,可能不含114年前已停辦或撤站之歷史站點
新竹縣,尖石鄉,96,0,0,FALSE,98,NA,-2,NA,NA,NA,114年現存營運清冊依成立年度回推,可能不含114年前已停辦或撤站之歷史站點
新竹縣,尖石鄉,97,0,0,FALSE,98,NA,-1,NA,NA,NA,114年現存營運清冊依成立年度回推,可能不含114年前已停辦或撤站之歷史站點
新竹縣,尖石鄉,98,1,1,TRUE,98,0,0,FALSE,FALSE,FALSE,114年現存營運清冊依成立年度回推,可能不含114年前已停辦或撤站之歷史站點
新竹縣,尖石鄉,99,0,1,TRUE,98,1,1,TRUE,FALSE,FALSE,114年現存營運清冊依成立年度回推,可能不含114年前已停辦或撤站之歷史站點
新竹縣,尖石鄉,100,0,1,TRUE,98,2,2,TRUE,FALSE,FALSE,114年現存營運清冊依成立年度回推,可能不含114年前已停辦或撤站之歷史站點
新竹縣,尖石鄉,101,0,1,TRUE,98,3,3,TRUE,TRUE,FALSE,114年現存營運清冊依成立年度回推,可能不含114年前已停辦或撤站之歷史站點
新竹縣,尖石鄉,102,0,1,TRUE,98,4,4,TRUE,TRUE,FALSE,114年現存營運清冊依成立年度回推,可能不含114年前已停辦或撤站之歷史站點
新竹縣,尖石鄉,103,0,1,TRUE,98,5,5,TRUE,TRUE,TRUE,114年現存營運清冊依成立年度回推,可能不含114年前已停辦或撤站之歷史站點
新竹縣,尖石鄉,104,0,1,TRUE,98,6,6,TRUE,TRUE,TRUE,114年現存營運清冊依成立年度回推,可能不含114年前已停辦或撤站之歷史站點
新竹縣,尖石鄉,105,1,2,TRUE,98,7,7,TRUE,TRUE,TRUE,114年現存營運清冊依成立年度回推,可能不含114年前已停辦或撤站之歷史站點
新竹縣,尖石鄉,106,2,4,TRUE,98,8,8,TRUE,TRUE,TRUE,114年現存營運清冊依成立年度回推,可能不含114年前已停辦或撤站之歷史站點
新竹縣,尖石鄉,107,0,4,TRUE,98,9,9,TRUE,TRUE,TRUE,114年現存營運清冊依成立年度回推,可能不含114年前已停辦或撤站之歷史站點
新竹縣,尖石鄉,108,1,5,TRUE,98,10,10,TRUE,TRUE,TRUE,114年現存營運清冊依成立年度回推,可能不含114年前已停辦或撤站之歷史站點
新竹縣,尖石鄉,109,5,10,TRUE,98,11,11,TRUE,TRUE,TRUE,114年現存營運清冊依成立年度回推,可能不含114年前已停辦或撤站之歷史站點
新竹縣,尖石鄉,110,0,10,TRUE,98,12,12,TRUE,TRUE,TRUE,114年現存營運清冊依成立年度回推,可能不含114年前已停辦或撤站之歷史站點
新竹縣,尖石鄉,111,0,10,TRUE,98,13,13,TRUE,TRUE,TRUE,114年現存營運清冊依成立年度回推,可能不含114年前已停辦或撤站之歷史站點
新竹縣,尖石鄉,112,2,12,TRUE,98,14,14,TRUE,TRUE,TRUE,114年現存營運清冊依成立年度回推,可能不含114年前已停辦或撤站之歷史站點
新竹縣,尖石鄉,113,2,14,TRUE,98,15,15,TRUE,TRUE,TRUE,114年現存營運清冊依成立年度回推,可能不含114年前已停辦或撤站之歷史站點
新竹縣,尖石鄉,114,0,14,TRUE,98,16,16,TRUE,TRUE,TRUE,114年現存營運清冊依成立年度回推,可能不含114年前已停辦或撤站之歷史站點
新竹縣,湖口鄉,90,0,0,FALSE,107,NA,-17,NA,NA,NA,114年現存營運清冊依成立年度回推,可能不含114年前已停辦或撤站之歷史站點
新竹縣,湖口鄉,91,0,0,FALSE,107,NA,-16,NA,NA,NA,114年現存營運清冊依成立年度回推,可能不含114年前已停辦或撤站之歷史站點
新竹縣,湖口鄉,92,0,0,FALSE,107,NA,-15,NA,NA,NA,114年現存營運清冊依成立年度回推,可能不含114年前已停辦或撤站之歷史站點
新竹縣,湖口鄉,93,0,0,FALSE,107,NA,-14,NA,NA,NA,114年現存營運清冊依成立年度回推,可能不含114年前已停辦或撤站之歷史站點
新竹縣,湖口鄉,94,0,0,FALSE,107,NA,-13,NA,NA,NA,114年現存營運清冊依成立年度回推,可能不含114年前已停辦或撤站之歷史站點
新竹縣,湖口鄉,95,0,0,FALSE,107,NA,-12,NA,NA,NA,114年現存營運清冊依成立年度回推,可能不含114年前已停辦或撤站之歷史站點
新竹縣,湖口鄉,96,0,0,FALSE,107,NA,-11,NA,NA,NA,114年現存營運清冊依成立年度回推,可能不含114年前已停辦或撤站之歷史站點
新竹縣,湖口鄉,97,0,0,FALSE,107,NA,-10,NA,NA,NA,114年現存營運清冊依成立年度回推,可能不含114年前已停辦或撤站之歷史站點
新竹縣,湖口鄉,98,0,0,FALSE,107,NA,-9,NA,NA,NA,114年現存營運清冊依成立年度回推,可能不含114年前已停辦或撤站之歷史站點
新竹縣,湖口鄉,99,0,0,FALSE,107,NA,-8,NA,NA,NA,114年現存營運清冊依成立年度回推,可能不含114年前已停辦或撤站之歷史站點
新竹縣,湖口鄉,100,0,0,FALSE,107,NA,-7,NA,NA,NA,114年現存營運清冊依成立年度回推,可能不含114年前已停辦或撤站之歷史站點
新竹縣,湖口鄉,101,0,0,FALSE,107,NA,-6,NA,NA,NA,114年現存營運清冊依成立年度回推,可能不含114年前已停辦或撤站之歷史站點
新竹縣,湖口鄉,102,0,0,FALSE,107,NA,-5,NA,NA,NA,114年現存營運清冊依成立年度回推,可能不含114年前已停辦或撤站之歷史站點
新竹縣,湖口鄉,103,0,0,FALSE,107,NA,-4,NA,NA,NA,114年現存營運清冊依成立年度回推,可能不含114年前已停辦或撤站之歷史站點
新竹縣,湖口鄉,104,0,0,FALSE,107,NA,-3,NA,NA,NA,114年現存營運清冊依成立年度回推,可能不含114年前已停辦或撤站之歷史站點
新竹縣,湖口鄉,105,0,0,FALSE,107,NA,-2,NA,NA,NA,114年現存營運清冊依成立年度回推,可能不含114年前已停辦或撤站之歷史站點
新竹縣,湖口鄉,106,0,0,FALSE,107,NA,-1,NA,NA,NA,114年現存營運清冊依成立年度回推,可能不含114年前已停辦或撤站之歷史站點
新竹縣,湖口鄉,107,1,1,TRUE,107,0,0,FALSE,FALSE,FALSE,114年現存營運清冊依成立年度回推,可能不含114年前已停辦或撤站之歷史站點
新竹縣,湖口鄉,108,0,1,TRUE,107,1,1,TRUE,FALSE,FALSE,114年現存營運清冊依成立年度回推,可能不含114年前已停辦或撤站之歷史站點
新竹縣,湖口鄉,109,0,1,TRUE,107,2,2,TRUE,FALSE,FALSE,114年現存營運清冊依成立年度回推,可能不含114年前已停辦或撤站之歷史站點
新竹縣,湖口鄉,110,0,1,TRUE,107,3,3,TRUE,TRUE,FALSE,114年現存營運清冊依成立年度回推,可能不含114年前已停辦或撤站之歷史站點
新竹縣,湖口鄉,111,0,1,TRUE,107,4,4,TRUE,TRUE,FALSE,114年現存營運清冊依成立年度回推,可能不含114年前已停辦或撤站之歷史站點
新竹縣,湖口鄉,112,0,1,TRUE,107,5,5,TRUE,TRUE,TRUE,114年現存營運清冊依成立年度回推,可能不含114年前已停辦或撤站之歷史站點
新竹縣,湖口鄉,113,0,1,TRUE,107,6,6,TRUE,TRUE,TRUE,114年現存營運清冊依成立年度回推,可能不含114年前已停辦或撤站之歷史站點
新竹縣,湖口鄉,114,0,1,TRUE,107,7,7,TRUE,TRUE,TRUE,114年現存營運清冊依成立年度回推,可能不含114年前已停辦或撤站之歷史站點
新竹縣,竹東鎮,90,0,0,FALSE,108,NA,-18,NA,NA,NA,114年現存營運清冊依成立年度回推,可能不含114年前已停辦或撤站之歷史站點
新竹縣,竹東鎮,91,0,0,FALSE,108,NA,-17,NA,NA,NA,114年現存營運清冊依成立年度回推,可能不含114年前已停辦或撤站之歷史站點
新竹縣,竹東鎮,92,0,0,FALSE,108,NA,-16,NA,NA,NA,114年現存營運清冊依成立年度回推,可能不含114年前已停辦或撤站之歷史站點
新竹縣,竹東鎮,93,0,0,FALSE,108,NA,-15,NA,NA,NA,114年現存營運清冊依成立年度回推,可能不含114年前已停辦或撤站之歷史站點
新竹縣,竹東鎮,94,0,0,FALSE,108,NA,-14,NA,NA,NA,114年現存營運清冊依成立年度回推,可能不含114年前已停辦或撤站之歷史站點
新竹縣,竹東鎮,95,0,0,FALSE,108,NA,-13,NA,NA,NA,114年現存營運清冊依成立年度回推,可能不含114年前已停辦或撤站之歷史站點
新竹縣,竹東鎮,96,0,0,FALSE,108,NA,-12,NA,NA,NA,114年現存營運清冊依成立年度回推,可能不含114年前已停辦或撤站之歷史站點
新竹縣,竹東鎮,97,0,0,FALSE,108,NA,-11,NA,NA,NA,114年現存營運清冊依成立年度回推,可能不含114年前已停辦或撤站之歷史站點
新竹縣,竹東鎮,98,0,0,FALSE,108,NA,-10,NA,NA,NA,114年現存營運清冊依成立年度回推,可能不含114年前已停辦或撤站之歷史站點
新竹縣,竹東鎮,99,0,0,FALSE,108,NA,-9,NA,NA,NA,114年現存營運清冊依成立年度回推,可能不含114年前已停辦或撤站之歷史站點
新竹縣,竹東鎮,100,0,0,FALSE,108,NA,-8,NA,NA,NA,114年現存營運清冊依成立年度回推,可能不含114年前已停辦或撤站之歷史站點
新竹縣,竹東鎮,101,0,0,FALSE,108,NA,-7,NA,NA,NA,114年現存營運清冊依成立年度回推,可能不含114年前已停辦或撤站之歷史站點
新竹縣,竹東鎮,102,0,0,FALSE,108,NA,-6,NA,NA,NA,114年現存營運清冊依成立年度回推,可能不含114年前已停辦或撤站之歷史站點
新竹縣,竹東鎮,103,0,0,FALSE,108,NA,-5,NA,NA,NA,114年現存營運清冊依成立年度回推,可能不含114年前已停辦或撤站之歷史站點
新竹縣,竹東鎮,104,0,0,FALSE,108,NA,-4,NA,NA,NA,114年現存營運清冊依成立年度回推,可能不含114年前已停辦或撤站之歷史站點
新竹縣,竹東鎮,105,0,0,FALSE,108,NA,-3,NA,NA,NA,114年現存營運清冊依成立年度回推,可能不含114年前已停辦或撤站之歷史站點
新竹縣,竹東鎮,106,0,0,FALSE,108,NA,-2,NA,NA,NA,114年現存營運清冊依成立年度回推,可能不含114年前已停辦或撤站之歷史站點
新竹縣,竹東鎮,107,0,0,FALSE,108,NA,-1,NA,NA,NA,114年現存營運清冊依成立年度回推,可能不含114年前已停辦或撤站之歷史站點
新竹縣,竹東鎮,108,1,1,TRUE,108,0,0,FALSE,FALSE,FALSE,114年現存營運清冊依成立年度回推,可能不含114年前已停辦或撤站之歷史站點
新竹縣,竹東鎮,109,1,2,TRUE,108,1,1,TRUE,FALSE,FALSE,114年現存營運清冊依成立年度回推,可能不含114年前已停辦或撤站之歷史站點
新竹縣,竹東鎮,110,0,2,TRUE,108,2,2,TRUE,FALSE,FALSE,114年現存營運清冊依成立年度回推,可能不含114年前已停辦或撤站之歷史站點
新竹縣,竹東鎮,111,0,2,TRUE,108,3,3,TRUE,TRUE,FALSE,114年現存營運清冊依成立年度回推,可能不含114年前已停辦或撤站之歷史站點
新竹縣,竹東鎮,112,0,2,TRUE,108,4,4,TRUE,TRUE,FALSE,114年現存營運清冊依成立年度回推,可能不含114年前已停辦或撤站之歷史站點
新竹縣,竹東鎮,113,0,2,TRUE,108,5,5,TRUE,TRUE,TRUE,114年現存營運清冊依成立年度回推,可能不含114年前已停辦或撤站之歷史站點
新竹縣,竹東鎮,114,0,2,TRUE,108,6,6,TRUE,TRUE,TRUE,114年現存營運清冊依成立年度回推,可能不含114年前已停辦或撤站之歷史站點
新竹縣,關西鎮,90,0,0,FALSE,109,NA,-19,NA,NA,NA,114年現存營運清冊依成立年度回推,可能不含114年前已停辦或撤站之歷史站點
新竹縣,關西鎮,91,0,0,FALSE,109,NA,-18,NA,NA,NA,114年現存營運清冊依成立年度回推,可能不含114年前已停辦或撤站之歷史站點
新竹縣,關西鎮,92,0,0,FALSE,109,NA,-17,NA,NA,NA,114年現存營運清冊依成立年度回推,可能不含114年前已停辦或撤站之歷史站點
新竹縣,關西鎮,93,0,0,FALSE,109,NA,-16,NA,NA,NA,114年現存營運清冊依成立年度回推,可能不含114年前已停辦或撤站之歷史站點
新竹縣,關西鎮,94,0,0,FALSE,109,NA,-15,NA,NA,NA,114年現存營運清冊依成立年度回推,可能不含114年前已停辦或撤站之歷史站點
新竹縣,關西鎮,95,0,0,FALSE,109,NA,-14,NA,NA,NA,114年現存營運清冊依成立年度回推,可能不含114年前已停辦或撤站之歷史站點
新竹縣,關西鎮,96,0,0,FALSE,109,NA,-13,NA,NA,NA,114年現存營運清冊依成立年度回推,可能不含114年前已停辦或撤站之歷史站點
新竹縣,關西鎮,97,0,0,FALSE,109,NA,-12,NA,NA,NA,114年現存營運清冊依成立年度回推,可能不含114年前已停辦或撤站之歷史站點
新竹縣,關西鎮,98,0,0,FALSE,109,NA,-11,NA,NA,NA,114年現存營運清冊依成立年度回推,可能不含114年前已停辦或撤站之歷史站點
新竹縣,關西鎮,99,0,0,FALSE,109,NA,-10,NA,NA,NA,114年現存營運清冊依成立年度回推,可能不含114年前已停辦或撤站之歷史站點
新竹縣,關西鎮,100,0,0,FALSE,109,NA,-9,NA,NA,NA,114年現存營運清冊依成立年度回推,可能不含114年前已停辦或撤站之歷史站點
新竹縣,關西鎮,101,0,0,FALSE,109,NA,-8,NA,NA,NA,114年現存營運清冊依成立年度回推,可能不含114年前已停辦或撤站之歷史站點
新竹縣,關西鎮,102,0,0,FALSE,109,NA,-7,NA,NA,NA,114年現存營運清冊依成立年度回推,可能不含114年前已停辦或撤站之歷史站點
新竹縣,關西鎮,103,0,0,FALSE,109,NA,-6,NA,NA,NA,114年現存營運清冊依成立年度回推,可能不含114年前已停辦或撤站之歷史站點
新竹縣,關西鎮,104,0,0,FALSE,109,NA,-5,NA,NA,NA,114年現存營運清冊依成立年度回推,可能不含114年前已停辦或撤站之歷史站點
新竹縣,關西鎮,105,0,0,FALSE,109,NA,-4,NA,NA,NA,114年現存營運清冊依成立年度回推,可能不含114年前已停辦或撤站之歷史站點
新竹縣,關西鎮,106,0,0,FALSE,109,NA,-3,NA,NA,NA,114年現存營運清冊依成立年度回推,可能不含114年前已停辦或撤站之歷史站點
新竹縣,關西鎮,107,0,0,FALSE,109,NA,-2,NA,NA,NA,114年現存營運清冊依成立年度回推,可能不含114年前已停辦或撤站之歷史站點
新竹縣,關西鎮,108,0,0,FALSE,109,NA,-1,NA,NA,NA,114年現存營運清冊依成立年度回推,可能不含114年前已停辦或撤站之歷史站點
新竹縣,關西鎮,109,1,1,TRUE,109,0,0,FALSE,FALSE,FALSE,114年現存營運清冊依成立年度回推,可能不含114年前已停辦或撤站之歷史站點
新竹縣,關西鎮,110,0,1,TRUE,109,1,1,TRUE,FALSE,FALSE,114年現存營運清冊依成立年度回推,可能不含114年前已停辦或撤站之歷史站點
新竹縣,關西鎮,111,0,1,TRUE,109,2,2,TRUE,FALSE,FALSE,114年現存營運清冊依成立年度回推,可能不含114年前已停辦或撤站之歷史站點
新竹縣,關西鎮,112,0,1,TRUE,109,3,3,TRUE,TRUE,FALSE,114年現存營運清冊依成立年度回推,可能不含114年前已停辦或撤站之歷史站點
新竹縣,關西鎮,113,0,1,TRUE,109,4,4,TRUE,TRUE,FALSE,114年現存營運清冊依成立年度回推,可能不含114年前已停辦或撤站之歷史站點
新竹縣,關西鎮,114,0,1,TRUE,109,5,5,TRUE,TRUE,TRUE,114年現存營運清冊依成立年度回推,可能不含114年前已停辦或撤站之歷史站點
桃園市,中壢區,90,0,0,FALSE,104,NA,-14,NA,NA,NA,114年現存營運清冊依成立年度回推,可能不含114年前已停辦或撤站之歷史站點
桃園市,中壢區,91,0,0,FALSE,104,NA,-13,NA,NA,NA,114年現存營運清冊依成立年度回推,可能不含114年前已停辦或撤站之歷史站點
桃園市,中壢區,92,0,0,FALSE,104,NA,-12,NA,NA,NA,114年現存營運清冊依成立年度回推,可能不含114年前已停辦或撤站之歷史站點
桃園市,中壢區,93,0,0,FALSE,104,NA,-11,NA,NA,NA,114年現存營運清冊依成立年度回推,可能不含114年前已停辦或撤站之歷史站點
桃園市,中壢區,94,0,0,FALSE,104,NA,-10,NA,NA,NA,114年現存營運清冊依成立年度回推,可能不含114年前已停辦或撤站之歷史站點
桃園市,中壢區,95,0,0,FALSE,104,NA,-9,NA,NA,NA,114年現存營運清冊依成立年度回推,可能不含114年前已停辦或撤站之歷史站點
桃園市,中壢區,96,0,0,FALSE,104,NA,-8,NA,NA,NA,114年現存營運清冊依成立年度回推,可能不含114年前已停辦或撤站之歷史站點
桃園市,中壢區,97,0,0,FALSE,104,NA,-7,NA,NA,NA,114年現存營運清冊依成立年度回推,可能不含114年前已停辦或撤站之歷史站點
桃園市,中壢區,98,0,0,FALSE,104,NA,-6,NA,NA,NA,114年現存營運清冊依成立年度回推,可能不含114年前已停辦或撤站之歷史站點
桃園市,中壢區,99,0,0,FALSE,104,NA,-5,NA,NA,NA,114年現存營運清冊依成立年度回推,可能不含114年前已停辦或撤站之歷史站點
桃園市,中壢區,100,0,0,FALSE,104,NA,-4,NA,NA,NA,114年現存營運清冊依成立年度回推,可能不含114年前已停辦或撤站之歷史站點
桃園市,中壢區,101,0,0,FALSE,104,NA,-3,NA,NA,NA,114年現存營運清冊依成立年度回推,可能不含114年前已停辦或撤站之歷史站點
桃園市,中壢區,102,0,0,FALSE,104,NA,-2,NA,NA,NA,114年現存營運清冊依成立年度回推,可能不含114年前已停辦或撤站之歷史站點
桃園市,中壢區,103,0,0,FALSE,104,NA,-1,NA,NA,NA,114年現存營運清冊依成立年度回推,可能不含114年前已停辦或撤站之歷史站點
桃園市,中壢區,104,1,1,TRUE,104,0,0,FALSE,FALSE,FALSE,114年現存營運清冊依成立年度回推,可能不含114年前已停辦或撤站之歷史站點
桃園市,中壢區,105,0,1,TRUE,104,1,1,TRUE,FALSE,FALSE,114年現存營運清冊依成立年度回推,可能不含114年前已停辦或撤站之歷史站點
桃園市,中壢區,106,0,1,TRUE,104,2,2,TRUE,FALSE,FALSE,114年現存營運清冊依成立年度回推,可能不含114年前已停辦或撤站之歷史站點
桃園市,中壢區,107,0,1,TRUE,104,3,3,TRUE,TRUE,FALSE,114年現存營運清冊依成立年度回推,可能不含114年前已停辦或撤站之歷史站點
桃園市,中壢區,108,0,1,TRUE,104,4,4,TRUE,TRUE,FALSE,114年現存營運清冊依成立年度回推,可能不含114年前已停辦或撤站之歷史站點
桃園市,中壢區,109,0,1,TRUE,104,5,5,TRUE,TRUE,TRUE,114年現存營運清冊依成立年度回推,可能不含114年前已停辦或撤站之歷史站點
桃園市,中壢區,110,0,1,TRUE,104,6,6,TRUE,TRUE,TRUE,114年現存營運清冊依成立年度回推,可能不含114年前已停辦或撤站之歷史站點
桃園市,中壢區,111,1,2,TRUE,104,7,7,TRUE,TRUE,TRUE,114年現存營運清冊依成立年度回推,可能不含114年前已停辦或撤站之歷史站點
桃園市,中壢區,112,1,3,TRUE,104,8,8,TRUE,TRUE,TRUE,114年現存營運清冊依成立年度回推,可能不含114年前已停辦或撤站之歷史站點
桃園市,中壢區,113,0,3,TRUE,104,9,9,TRUE,TRUE,TRUE,114年現存營運清冊依成立年度回推,可能不含114年前已停辦或撤站之歷史站點
桃園市,中壢區,114,0,3,TRUE,104,10,10,TRUE,TRUE,TRUE,114年現存營運清冊依成立年度回推,可能不含114年前已停辦或撤站之歷史站點
桃園市,八德區,90,0,0,FALSE,104,NA,-14,NA,NA,NA,114年現存營運清冊依成立年度回推,可能不含114年前已停辦或撤站之歷史站點
桃園市,八德區,91,0,0,FALSE,104,NA,-13,NA,NA,NA,114年現存營運清冊依成立年度回推,可能不含114年前已停辦或撤站之歷史站點
桃園市,八德區,92,0,0,FALSE,104,NA,-12,NA,NA,NA,114年現存營運清冊依成立年度回推,可能不含114年前已停辦或撤站之歷史站點
桃園市,八德區,93,0,0,FALSE,104,NA,-11,NA,NA,NA,114年現存營運清冊依成立年度回推,可能不含114年前已停辦或撤站之歷史站點
桃園市,八德區,94,0,0,FALSE,104,NA,-10,NA,NA,NA,114年現存營運清冊依成立年度回推,可能不含114年前已停辦或撤站之歷史站點
桃園市,八德區,95,0,0,FALSE,104,NA,-9,NA,NA,NA,114年現存營運清冊依成立年度回推,可能不含114年前已停辦或撤站之歷史站點
桃園市,八德區,96,0,0,FALSE,104,NA,-8,NA,NA,NA,114年現存營運清冊依成立年度回推,可能不含114年前已停辦或撤站之歷史站點
桃園市,八德區,97,0,0,FALSE,104,NA,-7,NA,NA,NA,114年現存營運清冊依成立年度回推,可能不含114年前已停辦或撤站之歷史站點
桃園市,八德區,98,0,0,FALSE,104,NA,-6,NA,NA,NA,114年現存營運清冊依成立年度回推,可能不含114年前已停辦或撤站之歷史站點
桃園市,八德區,99,0,0,FALSE,104,NA,-5,NA,NA,NA,114年現存營運清冊依成立年度回推,可能不含114年前已停辦或撤站之歷史站點
桃園市,八德區,100,0,0,FALSE,104,NA,-4,NA,NA,NA,114年現存營運清冊依成立年度回推,可能不含114年前已停辦或撤站之歷史站點
桃園市,八德區,101,0,0,FALSE,104,NA,-3,NA,NA,NA,114年現存營運清冊依成立年度回推,可能不含114年前已停辦或撤站之歷史站點
桃園市,八德區,102,0,0,FALSE,104,NA,-2,NA,NA,NA,114年現存營運清冊依成立年度回推,可能不含114年前已停辦或撤站之歷史站點
桃園市,八德區,103,0,0,FALSE,104,NA,-1,NA,NA,NA,114年現存營運清冊依成立年度回推,可能不含114年前已停辦或撤站之歷史站點
桃園市,八德區,104,1,1,TRUE,104,0,0,FALSE,FALSE,FALSE,114年現存營運清冊依成立年度回推,可能不含114年前已停辦或撤站之歷史站點
桃園市,八德區,105,0,1,TRUE,104,1,1,TRUE,FALSE,FALSE,114年現存營運清冊依成立年度回推,可能不含114年前已停辦或撤站之歷史站點
桃園市,八德區,106,0,1,TRUE,104,2,2,TRUE,FALSE,FALSE,114年現存營運清冊依成立年度回推,可能不含114年前已停辦或撤站之歷史站點
桃園市,八德區,107,0,1,TRUE,104,3,3,TRUE,TRUE,FALSE,114年現存營運清冊依成立年度回推,可能不含114年前已停辦或撤站之歷史站點
桃園市,八德區,108,0,1,TRUE,104,4,4,TRUE,TRUE,FALSE,114年現存營運清冊依成立年度回推,可能不含114年前已停辦或撤站之歷史站點
桃園市,八德區,109,0,1,TRUE,104,5,5,TRUE,TRUE,TRUE,114年現存營運清冊依成立年度回推,可能不含114年前已停辦或撤站之歷史站點
桃園市,八德區,110,0,1,TRUE,104,6,6,TRUE,TRUE,TRUE,114年現存營運清冊依成立年度回推,可能不含114年前已停辦或撤站之歷史站點
桃園市,八德區,111,1,2,TRUE,104,7,7,TRUE,TRUE,TRUE,114年現存營運清冊依成立年度回推,可能不含114年前已停辦或撤站之歷史站點
桃園市,八德區,112,0,2,TRUE,104,8,8,TRUE,TRUE,TRUE,114年現存營運清冊依成立年度回推,可能不含114年前已停辦或撤站之歷史站點
桃園市,八德區,113,0,2,TRUE,104,9,9,TRUE,TRUE,TRUE,114年現存營運清冊依成立年度回推,可能不含114年前已停辦或撤站之歷史站點
桃園市,八德區,114,0,2,TRUE,104,10,10,TRUE,TRUE,TRUE,114年現存營運清冊依成立年度回推,可能不含114年前已停辦或撤站之歷史站點
桃園市,大園區,90,0,0,FALSE,109,NA,-19,NA,NA,NA,114年現存營運清冊依成立年度回推,可能不含114年前已停辦或撤站之歷史站點
桃園市,大園區,91,0,0,FALSE,109,NA,-18,NA,NA,NA,114年現存營運清冊依成立年度回推,可能不含114年前已停辦或撤站之歷史站點
桃園市,大園區,92,0,0,FALSE,109,NA,-17,NA,NA,NA,114年現存營運清冊依成立年度回推,可能不含114年前已停辦或撤站之歷史站點
桃園市,大園區,93,0,0,FALSE,109,NA,-16,NA,NA,NA,114年現存營運清冊依成立年度回推,可能不含114年前已停辦或撤站之歷史站點
桃園市,大園區,94,0,0,FALSE,109,NA,-15,NA,NA,NA,114年現存營運清冊依成立年度回推,可能不含114年前已停辦或撤站之歷史站點
桃園市,大園區,95,0,0,FALSE,109,NA,-14,NA,NA,NA,114年現存營運清冊依成立年度回推,可能不含114年前已停辦或撤站之歷史站點
桃園市,大園區,96,0,0,FALSE,109,NA,-13,NA,NA,NA,114年現存營運清冊依成立年度回推,可能不含114年前已停辦或撤站之歷史站點
桃園市,大園區,97,0,0,FALSE,109,NA,-12,NA,NA,NA,114年現存營運清冊依成立年度回推,可能不含114年前已停辦或撤站之歷史站點
桃園市,大園區,98,0,0,FALSE,109,NA,-11,NA,NA,NA,114年現存營運清冊依成立年度回推,可能不含114年前已停辦或撤站之歷史站點
桃園市,大園區,99,0,0,FALSE,109,NA,-10,NA,NA,NA,114年現存營運清冊依成立年度回推,可能不含114年前已停辦或撤站之歷史站點
桃園市,大園區,100,0,0,FALSE,109,NA,-9,NA,NA,NA,114年現存營運清冊依成立年度回推,可能不含114年前已停辦或撤站之歷史站點
桃園市,大園區,101,0,0,FALSE,109,NA,-8,NA,NA,NA,114年現存營運清冊依成立年度回推,可能不含114年前已停辦或撤站之歷史站點
桃園市,大園區,102,0,0,FALSE,109,NA,-7,NA,NA,NA,114年現存營運清冊依成立年度回推,可能不含114年前已停辦或撤站之歷史站點
桃園市,大園區,103,0,0,FALSE,109,NA,-6,NA,NA,NA,114年現存營運清冊依成立年度回推,可能不含114年前已停辦或撤站之歷史站點
桃園市,大園區,104,0,0,FALSE,109,NA,-5,NA,NA,NA,114年現存營運清冊依成立年度回推,可能不含114年前已停辦或撤站之歷史站點
桃園市,大園區,105,0,0,FALSE,109,NA,-4,NA,NA,NA,114年現存營運清冊依成立年度回推,可能不含114年前已停辦或撤站之歷史站點
桃園市,大園區,106,0,0,FALSE,109,NA,-3,NA,NA,NA,114年現存營運清冊依成立年度回推,可能不含114年前已停辦或撤站之歷史站點
桃園市,大園區,107,0,0,FALSE,109,NA,-2,NA,NA,NA,114年現存營運清冊依成立年度回推,可能不含114年前已停辦或撤站之歷史站點
桃園市,大園區,108,0,0,FALSE,109,NA,-1,NA,NA,NA,114年現存營運清冊依成立年度回推,可能不含114年前已停辦或撤站之歷史站點
桃園市,大園區,109,2,2,TRUE,109,0,0,FALSE,FALSE,FALSE,114年現存營運清冊依成立年度回推,可能不含114年前已停辦或撤站之歷史站點
桃園市,大園區,110,0,2,TRUE,109,1,1,TRUE,FALSE,FALSE,114年現存營運清冊依成立年度回推,可能不含114年前已停辦或撤站之歷史站點
桃園市,大園區,111,0,2,TRUE,109,2,2,TRUE,FALSE,FALSE,114年現存營運清冊依成立年度回推,可能不含114年前已停辦或撤站之歷史站點
桃園市,大園區,112,0,2,TRUE,109,3,3,TRUE,TRUE,FALSE,114年現存營運清冊依成立年度回推,可能不含114年前已停辦或撤站之歷史站點
桃園市,大園區,113,0,2,TRUE,109,4,4,TRUE,TRUE,FALSE,114年現存營運清冊依成立年度回推,可能不含114年前已停辦或撤站之歷史站點
桃園市,大園區,114,0,2,TRUE,109,5,5,TRUE,TRUE,TRUE,114年現存營運清冊依成立年度回推,可能不含114年前已停辦或撤站之歷史站點
桃園市,大溪區,90,0,0,FALSE,106,NA,-16,NA,NA,NA,114年現存營運清冊依成立年度回推,可能不含114年前已停辦或撤站之歷史站點
桃園市,大溪區,91,0,0,FALSE,106,NA,-15,NA,NA,NA,114年現存營運清冊依成立年度回推,可能不含114年前已停辦或撤站之歷史站點
桃園市,大溪區,92,0,0,FALSE,106,NA,-14,NA,NA,NA,114年現存營運清冊依成立年度回推,可能不含114年前已停辦或撤站之歷史站點
桃園市,大溪區,93,0,0,FALSE,106,NA,-13,NA,NA,NA,114年現存營運清冊依成立年度回推,可能不含114年前已停辦或撤站之歷史站點
桃園市,大溪區,94,0,0,FALSE,106,NA,-12,NA,NA,NA,114年現存營運清冊依成立年度回推,可能不含114年前已停辦或撤站之歷史站點
桃園市,大溪區,95,0,0,FALSE,106,NA,-11,NA,NA,NA,114年現存營運清冊依成立年度回推,可能不含114年前已停辦或撤站之歷史站點
桃園市,大溪區,96,0,0,FALSE,106,NA,-10,NA,NA,NA,114年現存營運清冊依成立年度回推,可能不含114年前已停辦或撤站之歷史站點
桃園市,大溪區,97,0,0,FALSE,106,NA,-9,NA,NA,NA,114年現存營運清冊依成立年度回推,可能不含114年前已停辦或撤站之歷史站點
桃園市,大溪區,98,0,0,FALSE,106,NA,-8,NA,NA,NA,114年現存營運清冊依成立年度回推,可能不含114年前已停辦或撤站之歷史站點
桃園市,大溪區,99,0,0,FALSE,106,NA,-7,NA,NA,NA,114年現存營運清冊依成立年度回推,可能不含114年前已停辦或撤站之歷史站點
桃園市,大溪區,100,0,0,FALSE,106,NA,-6,NA,NA,NA,114年現存營運清冊依成立年度回推,可能不含114年前已停辦或撤站之歷史站點
桃園市,大溪區,101,0,0,FALSE,106,NA,-5,NA,NA,NA,114年現存營運清冊依成立年度回推,可能不含114年前已停辦或撤站之歷史站點
桃園市,大溪區,102,0,0,FALSE,106,NA,-4,NA,NA,NA,114年現存營運清冊依成立年度回推,可能不含114年前已停辦或撤站之歷史站點
桃園市,大溪區,103,0,0,FALSE,106,NA,-3,NA,NA,NA,114年現存營運清冊依成立年度回推,可能不含114年前已停辦或撤站之歷史站點
桃園市,大溪區,104,0,0,FALSE,106,NA,-2,NA,NA,NA,114年現存營運清冊依成立年度回推,可能不含114年前已停辦或撤站之歷史站點
桃園市,大溪區,105,0,0,FALSE,106,NA,-1,NA,NA,NA,114年現存營運清冊依成立年度回推,可能不含114年前已停辦或撤站之歷史站點
桃園市,大溪區,106,1,1,TRUE,106,0,0,FALSE,FALSE,FALSE,114年現存營運清冊依成立年度回推,可能不含114年前已停辦或撤站之歷史站點
桃園市,大溪區,107,0,1,TRUE,106,1,1,TRUE,FALSE,FALSE,114年現存營運清冊依成立年度回推,可能不含114年前已停辦或撤站之歷史站點
桃園市,大溪區,108,0,1,TRUE,106,2,2,TRUE,FALSE,FALSE,114年現存營運清冊依成立年度回推,可能不含114年前已停辦或撤站之歷史站點
桃園市,大溪區,109,3,4,TRUE,106,3,3,TRUE,TRUE,FALSE,114年現存營運清冊依成立年度回推,可能不含114年前已停辦或撤站之歷史站點
桃園市,大溪區,110,0,4,TRUE,106,4,4,TRUE,TRUE,FALSE,114年現存營運清冊依成立年度回推,可能不含114年前已停辦或撤站之歷史站點
桃園市,大溪區,111,0,4,TRUE,106,5,5,TRUE,TRUE,TRUE,114年現存營運清冊依成立年度回推,可能不含114年前已停辦或撤站之歷史站點
桃園市,大溪區,112,0,4,TRUE,106,6,6,TRUE,TRUE,TRUE,114年現存營運清冊依成立年度回推,可能不含114年前已停辦或撤站之歷史站點
桃園市,大溪區,113,0,4,TRUE,106,7,7,TRUE,TRUE,TRUE,114年現存營運清冊依成立年度回推,可能不含114年前已停辦或撤站之歷史站點
桃園市,大溪區,114,0,4,TRUE,106,8,8,TRUE,TRUE,TRUE,114年現存營運清冊依成立年度回推,可能不含114年前已停辦或撤站之歷史站點
桃園市,平鎮區,90,0,0,FALSE,104,NA,-14,NA,NA,NA,114年現存營運清冊依成立年度回推,可能不含114年前已停辦或撤站之歷史站點
桃園市,平鎮區,91,0,0,FALSE,104,NA,-13,NA,NA,NA,114年現存營運清冊依成立年度回推,可能不含114年前已停辦或撤站之歷史站點
桃園市,平鎮區,92,0,0,FALSE,104,NA,-12,NA,NA,NA,114年現存營運清冊依成立年度回推,可能不含114年前已停辦或撤站之歷史站點
桃園市,平鎮區,93,0,0,FALSE,104,NA,-11,NA,NA,NA,114年現存營運清冊依成立年度回推,可能不含114年前已停辦或撤站之歷史站點
桃園市,平鎮區,94,0,0,FALSE,104,NA,-10,NA,NA,NA,114年現存營運清冊依成立年度回推,可能不含114年前已停辦或撤站之歷史站點
桃園市,平鎮區,95,0,0,FALSE,104,NA,-9,NA,NA,NA,114年現存營運清冊依成立年度回推,可能不含114年前已停辦或撤站之歷史站點
桃園市,平鎮區,96,0,0,FALSE,104,NA,-8,NA,NA,NA,114年現存營運清冊依成立年度回推,可能不含114年前已停辦或撤站之歷史站點
桃園市,平鎮區,97,0,0,FALSE,104,NA,-7,NA,NA,NA,114年現存營運清冊依成立年度回推,可能不含114年前已停辦或撤站之歷史站點
桃園市,平鎮區,98,0,0,FALSE,104,NA,-6,NA,NA,NA,114年現存營運清冊依成立年度回推,可能不含114年前已停辦或撤站之歷史站點
桃園市,平鎮區,99,0,0,FALSE,104,NA,-5,NA,NA,NA,114年現存營運清冊依成立年度回推,可能不含114年前已停辦或撤站之歷史站點
桃園市,平鎮區,100,0,0,FALSE,104,NA,-4,NA,NA,NA,114年現存營運清冊依成立年度回推,可能不含114年前已停辦或撤站之歷史站點
桃園市,平鎮區,101,0,0,FALSE,104,NA,-3,NA,NA,NA,114年現存營運清冊依成立年度回推,可能不含114年前已停辦或撤站之歷史站點
桃園市,平鎮區,102,0,0,FALSE,104,NA,-2,NA,NA,NA,114年現存營運清冊依成立年度回推,可能不含114年前已停辦或撤站之歷史站點
桃園市,平鎮區,103,0,0,FALSE,104,NA,-1,NA,NA,NA,114年現存營運清冊依成立年度回推,可能不含114年前已停辦或撤站之歷史站點
桃園市,平鎮區,104,1,1,TRUE,104,0,0,FALSE,FALSE,FALSE,114年現存營運清冊依成立年度回推,可能不含114年前已停辦或撤站之歷史站點
桃園市,平鎮區,105,0,1,TRUE,104,1,1,TRUE,FALSE,FALSE,114年現存營運清冊依成立年度回推,可能不含114年前已停辦或撤站之歷史站點
桃園市,平鎮區,106,0,1,TRUE,104,2,2,TRUE,FALSE,FALSE,114年現存營運清冊依成立年度回推,可能不含114年前已停辦或撤站之歷史站點
桃園市,平鎮區,107,0,1,TRUE,104,3,3,TRUE,TRUE,FALSE,114年現存營運清冊依成立年度回推,可能不含114年前已停辦或撤站之歷史站點
桃園市,平鎮區,108,0,1,TRUE,104,4,4,TRUE,TRUE,FALSE,114年現存營運清冊依成立年度回推,可能不含114年前已停辦或撤站之歷史站點
桃園市,平鎮區,109,0,1,TRUE,104,5,5,TRUE,TRUE,TRUE,114年現存營運清冊依成立年度回推,可能不含114年前已停辦或撤站之歷史站點
桃園市,平鎮區,110,0,1,TRUE,104,6,6,TRUE,TRUE,TRUE,114年現存營運清冊依成立年度回推,可能不含114年前已停辦或撤站之歷史站點
桃園市,平鎮區,111,1,2,TRUE,104,7,7,TRUE,TRUE,TRUE,114年現存營運清冊依成立年度回推,可能不含114年前已停辦或撤站之歷史站點
桃園市,平鎮區,112,0,2,TRUE,104,8,8,TRUE,TRUE,TRUE,114年現存營運清冊依成立年度回推,可能不含114年前已停辦或撤站之歷史站點
桃園市,平鎮區,113,0,2,TRUE,104,9,9,TRUE,TRUE,TRUE,114年現存營運清冊依成立年度回推,可能不含114年前已停辦或撤站之歷史站點
桃園市,平鎮區,114,0,2,TRUE,104,10,10,TRUE,TRUE,TRUE,114年現存營運清冊依成立年度回推,可能不含114年前已停辦或撤站之歷史站點
桃園市,復興區,90,0,0,FALSE,99,NA,-9,NA,NA,NA,114年現存營運清冊依成立年度回推,可能不含114年前已停辦或撤站之歷史站點
桃園市,復興區,91,0,0,FALSE,99,NA,-8,NA,NA,NA,114年現存營運清冊依成立年度回推,可能不含114年前已停辦或撤站之歷史站點
桃園市,復興區,92,0,0,FALSE,99,NA,-7,NA,NA,NA,114年現存營運清冊依成立年度回推,可能不含114年前已停辦或撤站之歷史站點
桃園市,復興區,93,0,0,FALSE,99,NA,-6,NA,NA,NA,114年現存營運清冊依成立年度回推,可能不含114年前已停辦或撤站之歷史站點
桃園市,復興區,94,0,0,FALSE,99,NA,-5,NA,NA,NA,114年現存營運清冊依成立年度回推,可能不含114年前已停辦或撤站之歷史站點
桃園市,復興區,95,0,0,FALSE,99,NA,-4,NA,NA,NA,114年現存營運清冊依成立年度回推,可能不含114年前已停辦或撤站之歷史站點
桃園市,復興區,96,0,0,FALSE,99,NA,-3,NA,NA,NA,114年現存營運清冊依成立年度回推,可能不含114年前已停辦或撤站之歷史站點
桃園市,復興區,97,0,0,FALSE,99,NA,-2,NA,NA,NA,114年現存營運清冊依成立年度回推,可能不含114年前已停辦或撤站之歷史站點
桃園市,復興區,98,0,0,FALSE,99,NA,-1,NA,NA,NA,114年現存營運清冊依成立年度回推,可能不含114年前已停辦或撤站之歷史站點
桃園市,復興區,99,1,1,TRUE,99,0,0,FALSE,FALSE,FALSE,114年現存營運清冊依成立年度回推,可能不含114年前已停辦或撤站之歷史站點
桃園市,復興區,100,0,1,TRUE,99,1,1,TRUE,FALSE,FALSE,114年現存營運清冊依成立年度回推,可能不含114年前已停辦或撤站之歷史站點
桃園市,復興區,101,0,1,TRUE,99,2,2,TRUE,FALSE,FALSE,114年現存營運清冊依成立年度回推,可能不含114年前已停辦或撤站之歷史站點
桃園市,復興區,102,0,1,TRUE,99,3,3,TRUE,TRUE,FALSE,114年現存營運清冊依成立年度回推,可能不含114年前已停辦或撤站之歷史站點
桃園市,復興區,103,0,1,TRUE,99,4,4,TRUE,TRUE,FALSE,114年現存營運清冊依成立年度回推,可能不含114年前已停辦或撤站之歷史站點
桃園市,復興區,104,1,2,TRUE,99,5,5,TRUE,TRUE,TRUE,114年現存營運清冊依成立年度回推,可能不含114年前已停辦或撤站之歷史站點
桃園市,復興區,105,0,2,TRUE,99,6,6,TRUE,TRUE,TRUE,114年現存營運清冊依成立年度回推,可能不含114年前已停辦或撤站之歷史站點
桃園市,復興區,106,3,5,TRUE,99,7,7,TRUE,TRUE,TRUE,114年現存營運清冊依成立年度回推,可能不含114年前已停辦或撤站之歷史站點
桃園市,復興區,107,2,7,TRUE,99,8,8,TRUE,TRUE,TRUE,114年現存營運清冊依成立年度回推,可能不含114年前已停辦或撤站之歷史站點
桃園市,復興區,108,1,8,TRUE,99,9,9,TRUE,TRUE,TRUE,114年現存營運清冊依成立年度回推,可能不含114年前已停辦或撤站之歷史站點
桃園市,復興區,109,4,12,TRUE,99,10,10,TRUE,TRUE,TRUE,114年現存營運清冊依成立年度回推,可能不含114年前已停辦或撤站之歷史站點
桃園市,復興區,110,0,12,TRUE,99,11,11,TRUE,TRUE,TRUE,114年現存營運清冊依成立年度回推,可能不含114年前已停辦或撤站之歷史站點
桃園市,復興區,111,2,14,TRUE,99,12,12,TRUE,TRUE,TRUE,114年現存營運清冊依成立年度回推,可能不含114年前已停辦或撤站之歷史站點
桃園市,復興區,112,0,14,TRUE,99,13,13,TRUE,TRUE,TRUE,114年現存營運清冊依成立年度回推,可能不含114年前已停辦或撤站之歷史站點
桃園市,復興區,113,0,14,TRUE,99,14,14,TRUE,TRUE,TRUE,114年現存營運清冊依成立年度回推,可能不含114年前已停辦或撤站之歷史站點
桃園市,復興區,114,0,14,TRUE,99,15,15,TRUE,TRUE,TRUE,114年現存營運清冊依成立年度回推,可能不含114年前已停辦或撤站之歷史站點
桃園市,新屋區,90,0,0,FALSE,113,NA,-23,NA,NA,NA,114年現存營運清冊依成立年度回推,可能不含114年前已停辦或撤站之歷史站點
桃園市,新屋區,91,0,0,FALSE,113,NA,-22,NA,NA,NA,114年現存營運清冊依成立年度回推,可能不含114年前已停辦或撤站之歷史站點
桃園市,新屋區,92,0,0,FALSE,113,NA,-21,NA,NA,NA,114年現存營運清冊依成立年度回推,可能不含114年前已停辦或撤站之歷史站點
桃園市,新屋區,93,0,0,FALSE,113,NA,-20,NA,NA,NA,114年現存營運清冊依成立年度回推,可能不含114年前已停辦或撤站之歷史站點
桃園市,新屋區,94,0,0,FALSE,113,NA,-19,NA,NA,NA,114年現存營運清冊依成立年度回推,可能不含114年前已停辦或撤站之歷史站點
桃園市,新屋區,95,0,0,FALSE,113,NA,-18,NA,NA,NA,114年現存營運清冊依成立年度回推,可能不含114年前已停辦或撤站之歷史站點
桃園市,新屋區,96,0,0,FALSE,113,NA,-17,NA,NA,NA,114年現存營運清冊依成立年度回推,可能不含114年前已停辦或撤站之歷史站點
桃園市,新屋區,97,0,0,FALSE,113,NA,-16,NA,NA,NA,114年現存營運清冊依成立年度回推,可能不含114年前已停辦或撤站之歷史站點
桃園市,新屋區,98,0,0,FALSE,113,NA,-15,NA,NA,NA,114年現存營運清冊依成立年度回推,可能不含114年前已停辦或撤站之歷史站點
桃園市,新屋區,99,0,0,FALSE,113,NA,-14,NA,NA,NA,114年現存營運清冊依成立年度回推,可能不含114年前已停辦或撤站之歷史站點
桃園市,新屋區,100,0,0,FALSE,113,NA,-13,NA,NA,NA,114年現存營運清冊依成立年度回推,可能不含114年前已停辦或撤站之歷史站點
桃園市,新屋區,101,0,0,FALSE,113,NA,-12,NA,NA,NA,114年現存營運清冊依成立年度回推,可能不含114年前已停辦或撤站之歷史站點
桃園市,新屋區,102,0,0,FALSE,113,NA,-11,NA,NA,NA,114年現存營運清冊依成立年度回推,可能不含114年前已停辦或撤站之歷史站點
桃園市,新屋區,103,0,0,FALSE,113,NA,-10,NA,NA,NA,114年現存營運清冊依成立年度回推,可能不含114年前已停辦或撤站之歷史站點
桃園市,新屋區,104,0,0,FALSE,113,NA,-9,NA,NA,NA,114年現存營運清冊依成立年度回推,可能不含114年前已停辦或撤站之歷史站點
桃園市,新屋區,105,0,0,FALSE,113,NA,-8,NA,NA,NA,114年現存營運清冊依成立年度回推,可能不含114年前已停辦或撤站之歷史站點
桃園市,新屋區,106,0,0,FALSE,113,NA,-7,NA,NA,NA,114年現存營運清冊依成立年度回推,可能不含114年前已停辦或撤站之歷史站點
桃園市,新屋區,107,0,0,FALSE,113,NA,-6,NA,NA,NA,114年現存營運清冊依成立年度回推,可能不含114年前已停辦或撤站之歷史站點
桃園市,新屋區,108,0,0,FALSE,113,NA,-5,NA,NA,NA,114年現存營運清冊依成立年度回推,可能不含114年前已停辦或撤站之歷史站點
桃園市,新屋區,109,0,0,FALSE,113,NA,-4,NA,NA,NA,114年現存營運清冊依成立年度回推,可能不含114年前已停辦或撤站之歷史站點
桃園市,新屋區,110,0,0,FALSE,113,NA,-3,NA,NA,NA,114年現存營運清冊依成立年度回推,可能不含114年前已停辦或撤站之歷史站點
桃園市,新屋區,111,0,0,FALSE,113,NA,-2,NA,NA,NA,114年現存營運清冊依成立年度回推,可能不含114年前已停辦或撤站之歷史站點
桃園市,新屋區,112,0,0,FALSE,113,NA,-1,NA,NA,NA,114年現存營運清冊依成立年度回推,可能不含114年前已停辦或撤站之歷史站點
桃園市,新屋區,113,1,1,TRUE,113,0,0,FALSE,FALSE,FALSE,114年現存營運清冊依成立年度回推,可能不含114年前已停辦或撤站之歷史站點
桃園市,新屋區,114,0,1,TRUE,113,1,1,TRUE,FALSE,FALSE,114年現存營運清冊依成立年度回推,可能不含114年前已停辦或撤站之歷史站點
桃園市,桃園區,90,0,0,FALSE,109,NA,-19,NA,NA,NA,114年現存營運清冊依成立年度回推,可能不含114年前已停辦或撤站之歷史站點
桃園市,桃園區,91,0,0,FALSE,109,NA,-18,NA,NA,NA,114年現存營運清冊依成立年度回推,可能不含114年前已停辦或撤站之歷史站點
桃園市,桃園區,92,0,0,FALSE,109,NA,-17,NA,NA,NA,114年現存營運清冊依成立年度回推,可能不含114年前已停辦或撤站之歷史站點
桃園市,桃園區,93,0,0,FALSE,109,NA,-16,NA,NA,NA,114年現存營運清冊依成立年度回推,可能不含114年前已停辦或撤站之歷史站點
桃園市,桃園區,94,0,0,FALSE,109,NA,-15,NA,NA,NA,114年現存營運清冊依成立年度回推,可能不含114年前已停辦或撤站之歷史站點
桃園市,桃園區,95,0,0,FALSE,109,NA,-14,NA,NA,NA,114年現存營運清冊依成立年度回推,可能不含114年前已停辦或撤站之歷史站點
桃園市,桃園區,96,0,0,FALSE,109,NA,-13,NA,NA,NA,114年現存營運清冊依成立年度回推,可能不含114年前已停辦或撤站之歷史站點
桃園市,桃園區,97,0,0,FALSE,109,NA,-12,NA,NA,NA,114年現存營運清冊依成立年度回推,可能不含114年前已停辦或撤站之歷史站點
桃園市,桃園區,98,0,0,FALSE,109,NA,-11,NA,NA,NA,114年現存營運清冊依成立年度回推,可能不含114年前已停辦或撤站之歷史站點
桃園市,桃園區,99,0,0,FALSE,109,NA,-10,NA,NA,NA,114年現存營運清冊依成立年度回推,可能不含114年前已停辦或撤站之歷史站點
桃園市,桃園區,100,0,0,FALSE,109,NA,-9,NA,NA,NA,114年現存營運清冊依成立年度回推,可能不含114年前已停辦或撤站之歷史站點
桃園市,桃園區,101,0,0,FALSE,109,NA,-8,NA,NA,NA,114年現存營運清冊依成立年度回推,可能不含114年前已停辦或撤站之歷史站點
桃園市,桃園區,102,0,0,FALSE,109,NA,-7,NA,NA,NA,114年現存營運清冊依成立年度回推,可能不含114年前已停辦或撤站之歷史站點
桃園市,桃園區,103,0,0,FALSE,109,NA,-6,NA,NA,NA,114年現存營運清冊依成立年度回推,可能不含114年前已停辦或撤站之歷史站點
桃園市,桃園區,104,0,0,FALSE,109,NA,-5,NA,NA,NA,114年現存營運清冊依成立年度回推,可能不含114年前已停辦或撤站之歷史站點
桃園市,桃園區,105,0,0,FALSE,109,NA,-4,NA,NA,NA,114年現存營運清冊依成立年度回推,可能不含114年前已停辦或撤站之歷史站點
桃園市,桃園區,106,0,0,FALSE,109,NA,-3,NA,NA,NA,114年現存營運清冊依成立年度回推,可能不含114年前已停辦或撤站之歷史站點
桃園市,桃園區,107,0,0,FALSE,109,NA,-2,NA,NA,NA,114年現存營運清冊依成立年度回推,可能不含114年前已停辦或撤站之歷史站點
桃園市,桃園區,108,0,0,FALSE,109,NA,-1,NA,NA,NA,114年現存營運清冊依成立年度回推,可能不含114年前已停辦或撤站之歷史站點
桃園市,桃園區,109,1,1,TRUE,109,0,0,FALSE,FALSE,FALSE,114年現存營運清冊依成立年度回推,可能不含114年前已停辦或撤站之歷史站點
桃園市,桃園區,110,0,1,TRUE,109,1,1,TRUE,FALSE,FALSE,114年現存營運清冊依成立年度回推,可能不含114年前已停辦或撤站之歷史站點
桃園市,桃園區,111,1,2,TRUE,109,2,2,TRUE,FALSE,FALSE,114年現存營運清冊依成立年度回推,可能不含114年前已停辦或撤站之歷史站點
桃園市,桃園區,112,0,2,TRUE,109,3,3,TRUE,TRUE,FALSE,114年現存營運清冊依成立年度回推,可能不含114年前已停辦或撤站之歷史站點
桃園市,桃園區,113,0,2,TRUE,109,4,4,TRUE,TRUE,FALSE,114年現存營運清冊依成立年度回推,可能不含114年前已停辦或撤站之歷史站點
桃園市,桃園區,114,0,2,TRUE,109,5,5,TRUE,TRUE,TRUE,114年現存營運清冊依成立年度回推,可能不含114年前已停辦或撤站之歷史站點
桃園市,楊梅區,90,0,0,FALSE,108,NA,-18,NA,NA,NA,114年現存營運清冊依成立年度回推,可能不含114年前已停辦或撤站之歷史站點
桃園市,楊梅區,91,0,0,FALSE,108,NA,-17,NA,NA,NA,114年現存營運清冊依成立年度回推,可能不含114年前已停辦或撤站之歷史站點
桃園市,楊梅區,92,0,0,FALSE,108,NA,-16,NA,NA,NA,114年現存營運清冊依成立年度回推,可能不含114年前已停辦或撤站之歷史站點
桃園市,楊梅區,93,0,0,FALSE,108,NA,-15,NA,NA,NA,114年現存營運清冊依成立年度回推,可能不含114年前已停辦或撤站之歷史站點
桃園市,楊梅區,94,0,0,FALSE,108,NA,-14,NA,NA,NA,114年現存營運清冊依成立年度回推,可能不含114年前已停辦或撤站之歷史站點
桃園市,楊梅區,95,0,0,FALSE,108,NA,-13,NA,NA,NA,114年現存營運清冊依成立年度回推,可能不含114年前已停辦或撤站之歷史站點
桃園市,楊梅區,96,0,0,FALSE,108,NA,-12,NA,NA,NA,114年現存營運清冊依成立年度回推,可能不含114年前已停辦或撤站之歷史站點
桃園市,楊梅區,97,0,0,FALSE,108,NA,-11,NA,NA,NA,114年現存營運清冊依成立年度回推,可能不含114年前已停辦或撤站之歷史站點
桃園市,楊梅區,98,0,0,FALSE,108,NA,-10,NA,NA,NA,114年現存營運清冊依成立年度回推,可能不含114年前已停辦或撤站之歷史站點
桃園市,楊梅區,99,0,0,FALSE,108,NA,-9,NA,NA,NA,114年現存營運清冊依成立年度回推,可能不含114年前已停辦或撤站之歷史站點
桃園市,楊梅區,100,0,0,FALSE,108,NA,-8,NA,NA,NA,114年現存營運清冊依成立年度回推,可能不含114年前已停辦或撤站之歷史站點
桃園市,楊梅區,101,0,0,FALSE,108,NA,-7,NA,NA,NA,114年現存營運清冊依成立年度回推,可能不含114年前已停辦或撤站之歷史站點
桃園市,楊梅區,102,0,0,FALSE,108,NA,-6,NA,NA,NA,114年現存營運清冊依成立年度回推,可能不含114年前已停辦或撤站之歷史站點
桃園市,楊梅區,103,0,0,FALSE,108,NA,-5,NA,NA,NA,114年現存營運清冊依成立年度回推,可能不含114年前已停辦或撤站之歷史站點
桃園市,楊梅區,104,0,0,FALSE,108,NA,-4,NA,NA,NA,114年現存營運清冊依成立年度回推,可能不含114年前已停辦或撤站之歷史站點
桃園市,楊梅區,105,0,0,FALSE,108,NA,-3,NA,NA,NA,114年現存營運清冊依成立年度回推,可能不含114年前已停辦或撤站之歷史站點
桃園市,楊梅區,106,0,0,FALSE,108,NA,-2,NA,NA,NA,114年現存營運清冊依成立年度回推,可能不含114年前已停辦或撤站之歷史站點
桃園市,楊梅區,107,0,0,FALSE,108,NA,-1,NA,NA,NA,114年現存營運清冊依成立年度回推,可能不含114年前已停辦或撤站之歷史站點
桃園市,楊梅區,108,1,1,TRUE,108,0,0,FALSE,FALSE,FALSE,114年現存營運清冊依成立年度回推,可能不含114年前已停辦或撤站之歷史站點
桃園市,楊梅區,109,0,1,TRUE,108,1,1,TRUE,FALSE,FALSE,114年現存營運清冊依成立年度回推,可能不含114年前已停辦或撤站之歷史站點
桃園市,楊梅區,110,0,1,TRUE,108,2,2,TRUE,FALSE,FALSE,114年現存營運清冊依成立年度回推,可能不含114年前已停辦或撤站之歷史站點
桃園市,楊梅區,111,0,1,TRUE,108,3,3,TRUE,TRUE,FALSE,114年現存營運清冊依成立年度回推,可能不含114年前已停辦或撤站之歷史站點
桃園市,楊梅區,112,0,1,TRUE,108,4,4,TRUE,TRUE,FALSE,114年現存營運清冊依成立年度回推,可能不含114年前已停辦或撤站之歷史站點
桃園市,楊梅區,113,0,1,TRUE,108,5,5,TRUE,TRUE,TRUE,114年現存營運清冊依成立年度回推,可能不含114年前已停辦或撤站之歷史站點
桃園市,楊梅區,114,0,1,TRUE,108,6,6,TRUE,TRUE,TRUE,114年現存營運清冊依成立年度回推,可能不含114年前已停辦或撤站之歷史站點
桃園市,蘆竹區,90,0,0,FALSE,107,NA,-17,NA,NA,NA,114年現存營運清冊依成立年度回推,可能不含114年前已停辦或撤站之歷史站點
桃園市,蘆竹區,91,0,0,FALSE,107,NA,-16,NA,NA,NA,114年現存營運清冊依成立年度回推,可能不含114年前已停辦或撤站之歷史站點
桃園市,蘆竹區,92,0,0,FALSE,107,NA,-15,NA,NA,NA,114年現存營運清冊依成立年度回推,可能不含114年前已停辦或撤站之歷史站點
桃園市,蘆竹區,93,0,0,FALSE,107,NA,-14,NA,NA,NA,114年現存營運清冊依成立年度回推,可能不含114年前已停辦或撤站之歷史站點
桃園市,蘆竹區,94,0,0,FALSE,107,NA,-13,NA,NA,NA,114年現存營運清冊依成立年度回推,可能不含114年前已停辦或撤站之歷史站點
桃園市,蘆竹區,95,0,0,FALSE,107,NA,-12,NA,NA,NA,114年現存營運清冊依成立年度回推,可能不含114年前已停辦或撤站之歷史站點
桃園市,蘆竹區,96,0,0,FALSE,107,NA,-11,NA,NA,NA,114年現存營運清冊依成立年度回推,可能不含114年前已停辦或撤站之歷史站點
桃園市,蘆竹區,97,0,0,FALSE,107,NA,-10,NA,NA,NA,114年現存營運清冊依成立年度回推,可能不含114年前已停辦或撤站之歷史站點
桃園市,蘆竹區,98,0,0,FALSE,107,NA,-9,NA,NA,NA,114年現存營運清冊依成立年度回推,可能不含114年前已停辦或撤站之歷史站點
桃園市,蘆竹區,99,0,0,FALSE,107,NA,-8,NA,NA,NA,114年現存營運清冊依成立年度回推,可能不含114年前已停辦或撤站之歷史站點
桃園市,蘆竹區,100,0,0,FALSE,107,NA,-7,NA,NA,NA,114年現存營運清冊依成立年度回推,可能不含114年前已停辦或撤站之歷史站點
桃園市,蘆竹區,101,0,0,FALSE,107,NA,-6,NA,NA,NA,114年現存營運清冊依成立年度回推,可能不含114年前已停辦或撤站之歷史站點
桃園市,蘆竹區,102,0,0,FALSE,107,NA,-5,NA,NA,NA,114年現存營運清冊依成立年度回推,可能不含114年前已停辦或撤站之歷史站點
桃園市,蘆竹區,103,0,0,FALSE,107,NA,-4,NA,NA,NA,114年現存營運清冊依成立年度回推,可能不含114年前已停辦或撤站之歷史站點
桃園市,蘆竹區,104,0,0,FALSE,107,NA,-3,NA,NA,NA,114年現存營運清冊依成立年度回推,可能不含114年前已停辦或撤站之歷史站點
桃園市,蘆竹區,105,0,0,FALSE,107,NA,-2,NA,NA,NA,114年現存營運清冊依成立年度回推,可能不含114年前已停辦或撤站之歷史站點
桃園市,蘆竹區,106,0,0,FALSE,107,NA,-1,NA,NA,NA,114年現存營運清冊依成立年度回推,可能不含114年前已停辦或撤站之歷史站點
桃園市,蘆竹區,107,1,1,TRUE,107,0,0,FALSE,FALSE,FALSE,114年現存營運清冊依成立年度回推,可能不含114年前已停辦或撤站之歷史站點
桃園市,蘆竹區,108,0,1,TRUE,107,1,1,TRUE,FALSE,FALSE,114年現存營運清冊依成立年度回推,可能不含114年前已停辦或撤站之歷史站點
桃園市,蘆竹區,109,0,1,TRUE,107,2,2,TRUE,FALSE,FALSE,114年現存營運清冊依成立年度回推,可能不含114年前已停辦或撤站之歷史站點
桃園市,蘆竹區,110,0,1,TRUE,107,3,3,TRUE,TRUE,FALSE,114年現存營運清冊依成立年度回推,可能不含114年前已停辦或撤站之歷史站點
桃園市,蘆竹區,111,0,1,TRUE,107,4,4,TRUE,TRUE,FALSE,114年現存營運清冊依成立年度回推,可能不含114年前已停辦或撤站之歷史站點
桃園市,蘆竹區,112,2,3,TRUE,107,5,5,TRUE,TRUE,TRUE,114年現存營運清冊依成立年度回推,可能不含114年前已停辦或撤站之歷史站點
桃園市,蘆竹區,113,0,3,TRUE,107,6,6,TRUE,TRUE,TRUE,114年現存營運清冊依成立年度回推,可能不含114年前已停辦或撤站之歷史站點
桃園市,蘆竹區,114,0,3,TRUE,107,7,7,TRUE,TRUE,TRUE,114年現存營運清冊依成立年度回推,可能不含114年前已停辦或撤站之歷史站點
桃園市,觀音區,90,0,0,FALSE,109,NA,-19,NA,NA,NA,114年現存營運清冊依成立年度回推,可能不含114年前已停辦或撤站之歷史站點
桃園市,觀音區,91,0,0,FALSE,109,NA,-18,NA,NA,NA,114年現存營運清冊依成立年度回推,可能不含114年前已停辦或撤站之歷史站點
桃園市,觀音區,92,0,0,FALSE,109,NA,-17,NA,NA,NA,114年現存營運清冊依成立年度回推,可能不含114年前已停辦或撤站之歷史站點
桃園市,觀音區,93,0,0,FALSE,109,NA,-16,NA,NA,NA,114年現存營運清冊依成立年度回推,可能不含114年前已停辦或撤站之歷史站點
桃園市,觀音區,94,0,0,FALSE,109,NA,-15,NA,NA,NA,114年現存營運清冊依成立年度回推,可能不含114年前已停辦或撤站之歷史站點
桃園市,觀音區,95,0,0,FALSE,109,NA,-14,NA,NA,NA,114年現存營運清冊依成立年度回推,可能不含114年前已停辦或撤站之歷史站點
桃園市,觀音區,96,0,0,FALSE,109,NA,-13,NA,NA,NA,114年現存營運清冊依成立年度回推,可能不含114年前已停辦或撤站之歷史站點
桃園市,觀音區,97,0,0,FALSE,109,NA,-12,NA,NA,NA,114年現存營運清冊依成立年度回推,可能不含114年前已停辦或撤站之歷史站點
桃園市,觀音區,98,0,0,FALSE,109,NA,-11,NA,NA,NA,114年現存營運清冊依成立年度回推,可能不含114年前已停辦或撤站之歷史站點
桃園市,觀音區,99,0,0,FALSE,109,NA,-10,NA,NA,NA,114年現存營運清冊依成立年度回推,可能不含114年前已停辦或撤站之歷史站點
桃園市,觀音區,100,0,0,FALSE,109,NA,-9,NA,NA,NA,114年現存營運清冊依成立年度回推,可能不含114年前已停辦或撤站之歷史站點
桃園市,觀音區,101,0,0,FALSE,109,NA,-8,NA,NA,NA,114年現存營運清冊依成立年度回推,可能不含114年前已停辦或撤站之歷史站點
桃園市,觀音區,102,0,0,FALSE,109,NA,-7,NA,NA,NA,114年現存營運清冊依成立年度回推,可能不含114年前已停辦或撤站之歷史站點
桃園市,觀音區,103,0,0,FALSE,109,NA,-6,NA,NA,NA,114年現存營運清冊依成立年度回推,可能不含114年前已停辦或撤站之歷史站點
桃園市,觀音區,104,0,0,FALSE,109,NA,-5,NA,NA,NA,114年現存營運清冊依成立年度回推,可能不含114年前已停辦或撤站之歷史站點
桃園市,觀音區,105,0,0,FALSE,109,NA,-4,NA,NA,NA,114年現存營運清冊依成立年度回推,可能不含114年前已停辦或撤站之歷史站點
桃園市,觀音區,106,0,0,FALSE,109,NA,-3,NA,NA,NA,114年現存營運清冊依成立年度回推,可能不含114年前已停辦或撤站之歷史站點
桃園市,觀音區,107,0,0,FALSE,109,NA,-2,NA,NA,NA,114年現存營運清冊依成立年度回推,可能不含114年前已停辦或撤站之歷史站點
桃園市,觀音區,108,0,0,FALSE,109,NA,-1,NA,NA,NA,114年現存營運清冊依成立年度回推,可能不含114年前已停辦或撤站之歷史站點
桃園市,觀音區,109,2,2,TRUE,109,0,0,FALSE,FALSE,FALSE,114年現存營運清冊依成立年度回推,可能不含114年前已停辦或撤站之歷史站點
桃園市,觀音區,110,0,2,TRUE,109,1,1,TRUE,FALSE,FALSE,114年現存營運清冊依成立年度回推,可能不含114年前已停辦或撤站之歷史站點
桃園市,觀音區,111,0,2,TRUE,109,2,2,TRUE,FALSE,FALSE,114年現存營運清冊依成立年度回推,可能不含114年前已停辦或撤站之歷史站點
桃園市,觀音區,112,0,2,TRUE,109,3,3,TRUE,TRUE,FALSE,114年現存營運清冊依成立年度回推,可能不含114年前已停辦或撤站之歷史站點
桃園市,觀音區,113,0,2,TRUE,109,4,4,TRUE,TRUE,FALSE,114年現存營運清冊依成立年度回推,可能不含114年前已停辦或撤站之歷史站點
桃園市,觀音區,114,0,2,TRUE,109,5,5,TRUE,TRUE,TRUE,114年現存營運清冊依成立年度回推,可能不含114年前已停辦或撤站之歷史站點
桃園市,龍潭區,90,0,0,FALSE,107,NA,-17,NA,NA,NA,114年現存營運清冊依成立年度回推,可能不含114年前已停辦或撤站之歷史站點
桃園市,龍潭區,91,0,0,FALSE,107,NA,-16,NA,NA,NA,114年現存營運清冊依成立年度回推,可能不含114年前已停辦或撤站之歷史站點
桃園市,龍潭區,92,0,0,FALSE,107,NA,-15,NA,NA,NA,114年現存營運清冊依成立年度回推,可能不含114年前已停辦或撤站之歷史站點
桃園市,龍潭區,93,0,0,FALSE,107,NA,-14,NA,NA,NA,114年現存營運清冊依成立年度回推,可能不含114年前已停辦或撤站之歷史站點
桃園市,龍潭區,94,0,0,FALSE,107,NA,-13,NA,NA,NA,114年現存營運清冊依成立年度回推,可能不含114年前已停辦或撤站之歷史站點
桃園市,龍潭區,95,0,0,FALSE,107,NA,-12,NA,NA,NA,114年現存營運清冊依成立年度回推,可能不含114年前已停辦或撤站之歷史站點
桃園市,龍潭區,96,0,0,FALSE,107,NA,-11,NA,NA,NA,114年現存營運清冊依成立年度回推,可能不含114年前已停辦或撤站之歷史站點
桃園市,龍潭區,97,0,0,FALSE,107,NA,-10,NA,NA,NA,114年現存營運清冊依成立年度回推,可能不含114年前已停辦或撤站之歷史站點
桃園市,龍潭區,98,0,0,FALSE,107,NA,-9,NA,NA,NA,114年現存營運清冊依成立年度回推,可能不含114年前已停辦或撤站之歷史站點
桃園市,龍潭區,99,0,0,FALSE,107,NA,-8,NA,NA,NA,114年現存營運清冊依成立年度回推,可能不含114年前已停辦或撤站之歷史站點
桃園市,龍潭區,100,0,0,FALSE,107,NA,-7,NA,NA,NA,114年現存營運清冊依成立年度回推,可能不含114年前已停辦或撤站之歷史站點
桃園市,龍潭區,101,0,0,FALSE,107,NA,-6,NA,NA,NA,114年現存營運清冊依成立年度回推,可能不含114年前已停辦或撤站之歷史站點
桃園市,龍潭區,102,0,0,FALSE,107,NA,-5,NA,NA,NA,114年現存營運清冊依成立年度回推,可能不含114年前已停辦或撤站之歷史站點
桃園市,龍潭區,103,0,0,FALSE,107,NA,-4,NA,NA,NA,114年現存營運清冊依成立年度回推,可能不含114年前已停辦或撤站之歷史站點
桃園市,龍潭區,104,0,0,FALSE,107,NA,-3,NA,NA,NA,114年現存營運清冊依成立年度回推,可能不含114年前已停辦或撤站之歷史站點
桃園市,龍潭區,105,0,0,FALSE,107,NA,-2,NA,NA,NA,114年現存營運清冊依成立年度回推,可能不含114年前已停辦或撤站之歷史站點
桃園市,龍潭區,106,0,0,FALSE,107,NA,-1,NA,NA,NA,114年現存營運清冊依成立年度回推,可能不含114年前已停辦或撤站之歷史站點
桃園市,龍潭區,107,1,1,TRUE,107,0,0,FALSE,FALSE,FALSE,114年現存營運清冊依成立年度回推,可能不含114年前已停辦或撤站之歷史站點
桃園市,龍潭區,108,0,1,TRUE,107,1,1,TRUE,FALSE,FALSE,114年現存營運清冊依成立年度回推,可能不含114年前已停辦或撤站之歷史站點
桃園市,龍潭區,109,0,1,TRUE,107,2,2,TRUE,FALSE,FALSE,114年現存營運清冊依成立年度回推,可能不含114年前已停辦或撤站之歷史站點
桃園市,龍潭區,110,0,1,TRUE,107,3,3,TRUE,TRUE,FALSE,114年現存營運清冊依成立年度回推,可能不含114年前已停辦或撤站之歷史站點
桃園市,龍潭區,111,0,1,TRUE,107,4,4,TRUE,TRUE,FALSE,114年現存營運清冊依成立年度回推,可能不含114年前已停辦或撤站之歷史站點
桃園市,龍潭區,112,0,1,TRUE,107,5,5,TRUE,TRUE,TRUE,114年現存營運清冊依成立年度回推,可能不含114年前已停辦或撤站之歷史站點
桃園市,龍潭區,113,0,1,TRUE,107,6,6,TRUE,TRUE,TRUE,114年現存營運清冊依成立年度回推,可能不含114年前已停辦或撤站之歷史站點
桃園市,龍潭區,114,0,1,TRUE,107,7,7,TRUE,TRUE,TRUE,114年現存營運清冊依成立年度回推,可能不含114年前已停辦或撤站之歷史站點
桃園市,龜山區,90,0,0,FALSE,105,NA,-15,NA,NA,NA,114年現存營運清冊依成立年度回推,可能不含114年前已停辦或撤站之歷史站點
桃園市,龜山區,91,0,0,FALSE,105,NA,-14,NA,NA,NA,114年現存營運清冊依成立年度回推,可能不含114年前已停辦或撤站之歷史站點
桃園市,龜山區,92,0,0,FALSE,105,NA,-13,NA,NA,NA,114年現存營運清冊依成立年度回推,可能不含114年前已停辦或撤站之歷史站點
桃園市,龜山區,93,0,0,FALSE,105,NA,-12,NA,NA,NA,114年現存營運清冊依成立年度回推,可能不含114年前已停辦或撤站之歷史站點
桃園市,龜山區,94,0,0,FALSE,105,NA,-11,NA,NA,NA,114年現存營運清冊依成立年度回推,可能不含114年前已停辦或撤站之歷史站點
桃園市,龜山區,95,0,0,FALSE,105,NA,-10,NA,NA,NA,114年現存營運清冊依成立年度回推,可能不含114年前已停辦或撤站之歷史站點
桃園市,龜山區,96,0,0,FALSE,105,NA,-9,NA,NA,NA,114年現存營運清冊依成立年度回推,可能不含114年前已停辦或撤站之歷史站點
桃園市,龜山區,97,0,0,FALSE,105,NA,-8,NA,NA,NA,114年現存營運清冊依成立年度回推,可能不含114年前已停辦或撤站之歷史站點
桃園市,龜山區,98,0,0,FALSE,105,NA,-7,NA,NA,NA,114年現存營運清冊依成立年度回推,可能不含114年前已停辦或撤站之歷史站點
桃園市,龜山區,99,0,0,FALSE,105,NA,-6,NA,NA,NA,114年現存營運清冊依成立年度回推,可能不含114年前已停辦或撤站之歷史站點
桃園市,龜山區,100,0,0,FALSE,105,NA,-5,NA,NA,NA,114年現存營運清冊依成立年度回推,可能不含114年前已停辦或撤站之歷史站點
桃園市,龜山區,101,0,0,FALSE,105,NA,-4,NA,NA,NA,114年現存營運清冊依成立年度回推,可能不含114年前已停辦或撤站之歷史站點
桃園市,龜山區,102,0,0,FALSE,105,NA,-3,NA,NA,NA,114年現存營運清冊依成立年度回推,可能不含114年前已停辦或撤站之歷史站點
桃園市,龜山區,103,0,0,FALSE,105,NA,-2,NA,NA,NA,114年現存營運清冊依成立年度回推,可能不含114年前已停辦或撤站之歷史站點
桃園市,龜山區,104,0,0,FALSE,105,NA,-1,NA,NA,NA,114年現存營運清冊依成立年度回推,可能不含114年前已停辦或撤站之歷史站點
桃園市,龜山區,105,1,1,TRUE,105,0,0,FALSE,FALSE,FALSE,114年現存營運清冊依成立年度回推,可能不含114年前已停辦或撤站之歷史站點
桃園市,龜山區,106,0,1,TRUE,105,1,1,TRUE,FALSE,FALSE,114年現存營運清冊依成立年度回推,可能不含114年前已停辦或撤站之歷史站點
桃園市,龜山區,107,0,1,TRUE,105,2,2,TRUE,FALSE,FALSE,114年現存營運清冊依成立年度回推,可能不含114年前已停辦或撤站之歷史站點
桃園市,龜山區,108,0,1,TRUE,105,3,3,TRUE,TRUE,FALSE,114年現存營運清冊依成立年度回推,可能不含114年前已停辦或撤站之歷史站點
桃園市,龜山區,109,0,1,TRUE,105,4,4,TRUE,TRUE,FALSE,114年現存營運清冊依成立年度回推,可能不含114年前已停辦或撤站之歷史站點
桃園市,龜山區,110,0,1,TRUE,105,5,5,TRUE,TRUE,TRUE,114年現存營運清冊依成立年度回推,可能不含114年前已停辦或撤站之歷史站點
桃園市,龜山區,111,1,2,TRUE,105,6,6,TRUE,TRUE,TRUE,114年現存營運清冊依成立年度回推,可能不含114年前已停辦或撤站之歷史站點
桃園市,龜山區,112,0,2,TRUE,105,7,7,TRUE,TRUE,TRUE,114年現存營運清冊依成立年度回推,可能不含114年前已停辦或撤站之歷史站點
桃園市,龜山區,113,0,2,TRUE,105,8,8,TRUE,TRUE,TRUE,114年現存營運清冊依成立年度回推,可能不含114年前已停辦或撤站之歷史站點
桃園市,龜山區,114,0,2,TRUE,105,9,9,TRUE,TRUE,TRUE,114年現存營運清冊依成立年度回推,可能不含114年前已停辦或撤站之歷史站點
臺中市,北區,90,0,0,FALSE,109,NA,-19,NA,NA,NA,114年現存營運清冊依成立年度回推,可能不含114年前已停辦或撤站之歷史站點
臺中市,北區,91,0,0,FALSE,109,NA,-18,NA,NA,NA,114年現存營運清冊依成立年度回推,可能不含114年前已停辦或撤站之歷史站點
臺中市,北區,92,0,0,FALSE,109,NA,-17,NA,NA,NA,114年現存營運清冊依成立年度回推,可能不含114年前已停辦或撤站之歷史站點
臺中市,北區,93,0,0,FALSE,109,NA,-16,NA,NA,NA,114年現存營運清冊依成立年度回推,可能不含114年前已停辦或撤站之歷史站點
臺中市,北區,94,0,0,FALSE,109,NA,-15,NA,NA,NA,114年現存營運清冊依成立年度回推,可能不含114年前已停辦或撤站之歷史站點
臺中市,北區,95,0,0,FALSE,109,NA,-14,NA,NA,NA,114年現存營運清冊依成立年度回推,可能不含114年前已停辦或撤站之歷史站點
臺中市,北區,96,0,0,FALSE,109,NA,-13,NA,NA,NA,114年現存營運清冊依成立年度回推,可能不含114年前已停辦或撤站之歷史站點
臺中市,北區,97,0,0,FALSE,109,NA,-12,NA,NA,NA,114年現存營運清冊依成立年度回推,可能不含114年前已停辦或撤站之歷史站點
臺中市,北區,98,0,0,FALSE,109,NA,-11,NA,NA,NA,114年現存營運清冊依成立年度回推,可能不含114年前已停辦或撤站之歷史站點
臺中市,北區,99,0,0,FALSE,109,NA,-10,NA,NA,NA,114年現存營運清冊依成立年度回推,可能不含114年前已停辦或撤站之歷史站點
臺中市,北區,100,0,0,FALSE,109,NA,-9,NA,NA,NA,114年現存營運清冊依成立年度回推,可能不含114年前已停辦或撤站之歷史站點
臺中市,北區,101,0,0,FALSE,109,NA,-8,NA,NA,NA,114年現存營運清冊依成立年度回推,可能不含114年前已停辦或撤站之歷史站點
臺中市,北區,102,0,0,FALSE,109,NA,-7,NA,NA,NA,114年現存營運清冊依成立年度回推,可能不含114年前已停辦或撤站之歷史站點
臺中市,北區,103,0,0,FALSE,109,NA,-6,NA,NA,NA,114年現存營運清冊依成立年度回推,可能不含114年前已停辦或撤站之歷史站點
臺中市,北區,104,0,0,FALSE,109,NA,-5,NA,NA,NA,114年現存營運清冊依成立年度回推,可能不含114年前已停辦或撤站之歷史站點
臺中市,北區,105,0,0,FALSE,109,NA,-4,NA,NA,NA,114年現存營運清冊依成立年度回推,可能不含114年前已停辦或撤站之歷史站點
臺中市,北區,106,0,0,FALSE,109,NA,-3,NA,NA,NA,114年現存營運清冊依成立年度回推,可能不含114年前已停辦或撤站之歷史站點
臺中市,北區,107,0,0,FALSE,109,NA,-2,NA,NA,NA,114年現存營運清冊依成立年度回推,可能不含114年前已停辦或撤站之歷史站點
臺中市,北區,108,0,0,FALSE,109,NA,-1,NA,NA,NA,114年現存營運清冊依成立年度回推,可能不含114年前已停辦或撤站之歷史站點
臺中市,北區,109,1,1,TRUE,109,0,0,FALSE,FALSE,FALSE,114年現存營運清冊依成立年度回推,可能不含114年前已停辦或撤站之歷史站點
臺中市,北區,110,0,1,TRUE,109,1,1,TRUE,FALSE,FALSE,114年現存營運清冊依成立年度回推,可能不含114年前已停辦或撤站之歷史站點
臺中市,北區,111,0,1,TRUE,109,2,2,TRUE,FALSE,FALSE,114年現存營運清冊依成立年度回推,可能不含114年前已停辦或撤站之歷史站點
臺中市,北區,112,0,1,TRUE,109,3,3,TRUE,TRUE,FALSE,114年現存營運清冊依成立年度回推,可能不含114年前已停辦或撤站之歷史站點
臺中市,北區,113,0,1,TRUE,109,4,4,TRUE,TRUE,FALSE,114年現存營運清冊依成立年度回推,可能不含114年前已停辦或撤站之歷史站點
臺中市,北區,114,0,1,TRUE,109,5,5,TRUE,TRUE,TRUE,114年現存營運清冊依成立年度回推,可能不含114年前已停辦或撤站之歷史站點
臺中市,北屯區,90,0,0,FALSE,109,NA,-19,NA,NA,NA,114年現存營運清冊依成立年度回推,可能不含114年前已停辦或撤站之歷史站點
臺中市,北屯區,91,0,0,FALSE,109,NA,-18,NA,NA,NA,114年現存營運清冊依成立年度回推,可能不含114年前已停辦或撤站之歷史站點
臺中市,北屯區,92,0,0,FALSE,109,NA,-17,NA,NA,NA,114年現存營運清冊依成立年度回推,可能不含114年前已停辦或撤站之歷史站點
臺中市,北屯區,93,0,0,FALSE,109,NA,-16,NA,NA,NA,114年現存營運清冊依成立年度回推,可能不含114年前已停辦或撤站之歷史站點
臺中市,北屯區,94,0,0,FALSE,109,NA,-15,NA,NA,NA,114年現存營運清冊依成立年度回推,可能不含114年前已停辦或撤站之歷史站點
臺中市,北屯區,95,0,0,FALSE,109,NA,-14,NA,NA,NA,114年現存營運清冊依成立年度回推,可能不含114年前已停辦或撤站之歷史站點
臺中市,北屯區,96,0,0,FALSE,109,NA,-13,NA,NA,NA,114年現存營運清冊依成立年度回推,可能不含114年前已停辦或撤站之歷史站點
臺中市,北屯區,97,0,0,FALSE,109,NA,-12,NA,NA,NA,114年現存營運清冊依成立年度回推,可能不含114年前已停辦或撤站之歷史站點
臺中市,北屯區,98,0,0,FALSE,109,NA,-11,NA,NA,NA,114年現存營運清冊依成立年度回推,可能不含114年前已停辦或撤站之歷史站點
臺中市,北屯區,99,0,0,FALSE,109,NA,-10,NA,NA,NA,114年現存營運清冊依成立年度回推,可能不含114年前已停辦或撤站之歷史站點
臺中市,北屯區,100,0,0,FALSE,109,NA,-9,NA,NA,NA,114年現存營運清冊依成立年度回推,可能不含114年前已停辦或撤站之歷史站點
臺中市,北屯區,101,0,0,FALSE,109,NA,-8,NA,NA,NA,114年現存營運清冊依成立年度回推,可能不含114年前已停辦或撤站之歷史站點
臺中市,北屯區,102,0,0,FALSE,109,NA,-7,NA,NA,NA,114年現存營運清冊依成立年度回推,可能不含114年前已停辦或撤站之歷史站點
臺中市,北屯區,103,0,0,FALSE,109,NA,-6,NA,NA,NA,114年現存營運清冊依成立年度回推,可能不含114年前已停辦或撤站之歷史站點
臺中市,北屯區,104,0,0,FALSE,109,NA,-5,NA,NA,NA,114年現存營運清冊依成立年度回推,可能不含114年前已停辦或撤站之歷史站點
臺中市,北屯區,105,0,0,FALSE,109,NA,-4,NA,NA,NA,114年現存營運清冊依成立年度回推,可能不含114年前已停辦或撤站之歷史站點
臺中市,北屯區,106,0,0,FALSE,109,NA,-3,NA,NA,NA,114年現存營運清冊依成立年度回推,可能不含114年前已停辦或撤站之歷史站點
臺中市,北屯區,107,0,0,FALSE,109,NA,-2,NA,NA,NA,114年現存營運清冊依成立年度回推,可能不含114年前已停辦或撤站之歷史站點
臺中市,北屯區,108,0,0,FALSE,109,NA,-1,NA,NA,NA,114年現存營運清冊依成立年度回推,可能不含114年前已停辦或撤站之歷史站點
臺中市,北屯區,109,1,1,TRUE,109,0,0,FALSE,FALSE,FALSE,114年現存營運清冊依成立年度回推,可能不含114年前已停辦或撤站之歷史站點
臺中市,北屯區,110,0,1,TRUE,109,1,1,TRUE,FALSE,FALSE,114年現存營運清冊依成立年度回推,可能不含114年前已停辦或撤站之歷史站點
臺中市,北屯區,111,0,1,TRUE,109,2,2,TRUE,FALSE,FALSE,114年現存營運清冊依成立年度回推,可能不含114年前已停辦或撤站之歷史站點
臺中市,北屯區,112,0,1,TRUE,109,3,3,TRUE,TRUE,FALSE,114年現存營運清冊依成立年度回推,可能不含114年前已停辦或撤站之歷史站點
臺中市,北屯區,113,0,1,TRUE,109,4,4,TRUE,TRUE,FALSE,114年現存營運清冊依成立年度回推,可能不含114年前已停辦或撤站之歷史站點
臺中市,北屯區,114,0,1,TRUE,109,5,5,TRUE,TRUE,TRUE,114年現存營運清冊依成立年度回推,可能不含114年前已停辦或撤站之歷史站點
臺中市,南屯區,90,0,0,FALSE,109,NA,-19,NA,NA,NA,114年現存營運清冊依成立年度回推,可能不含114年前已停辦或撤站之歷史站點
臺中市,南屯區,91,0,0,FALSE,109,NA,-18,NA,NA,NA,114年現存營運清冊依成立年度回推,可能不含114年前已停辦或撤站之歷史站點
臺中市,南屯區,92,0,0,FALSE,109,NA,-17,NA,NA,NA,114年現存營運清冊依成立年度回推,可能不含114年前已停辦或撤站之歷史站點
臺中市,南屯區,93,0,0,FALSE,109,NA,-16,NA,NA,NA,114年現存營運清冊依成立年度回推,可能不含114年前已停辦或撤站之歷史站點
臺中市,南屯區,94,0,0,FALSE,109,NA,-15,NA,NA,NA,114年現存營運清冊依成立年度回推,可能不含114年前已停辦或撤站之歷史站點
臺中市,南屯區,95,0,0,FALSE,109,NA,-14,NA,NA,NA,114年現存營運清冊依成立年度回推,可能不含114年前已停辦或撤站之歷史站點
臺中市,南屯區,96,0,0,FALSE,109,NA,-13,NA,NA,NA,114年現存營運清冊依成立年度回推,可能不含114年前已停辦或撤站之歷史站點
臺中市,南屯區,97,0,0,FALSE,109,NA,-12,NA,NA,NA,114年現存營運清冊依成立年度回推,可能不含114年前已停辦或撤站之歷史站點
臺中市,南屯區,98,0,0,FALSE,109,NA,-11,NA,NA,NA,114年現存營運清冊依成立年度回推,可能不含114年前已停辦或撤站之歷史站點
臺中市,南屯區,99,0,0,FALSE,109,NA,-10,NA,NA,NA,114年現存營運清冊依成立年度回推,可能不含114年前已停辦或撤站之歷史站點
臺中市,南屯區,100,0,0,FALSE,109,NA,-9,NA,NA,NA,114年現存營運清冊依成立年度回推,可能不含114年前已停辦或撤站之歷史站點
臺中市,南屯區,101,0,0,FALSE,109,NA,-8,NA,NA,NA,114年現存營運清冊依成立年度回推,可能不含114年前已停辦或撤站之歷史站點
臺中市,南屯區,102,0,0,FALSE,109,NA,-7,NA,NA,NA,114年現存營運清冊依成立年度回推,可能不含114年前已停辦或撤站之歷史站點
臺中市,南屯區,103,0,0,FALSE,109,NA,-6,NA,NA,NA,114年現存營運清冊依成立年度回推,可能不含114年前已停辦或撤站之歷史站點
臺中市,南屯區,104,0,0,FALSE,109,NA,-5,NA,NA,NA,114年現存營運清冊依成立年度回推,可能不含114年前已停辦或撤站之歷史站點
臺中市,南屯區,105,0,0,FALSE,109,NA,-4,NA,NA,NA,114年現存營運清冊依成立年度回推,可能不含114年前已停辦或撤站之歷史站點
臺中市,南屯區,106,0,0,FALSE,109,NA,-3,NA,NA,NA,114年現存營運清冊依成立年度回推,可能不含114年前已停辦或撤站之歷史站點
臺中市,南屯區,107,0,0,FALSE,109,NA,-2,NA,NA,NA,114年現存營運清冊依成立年度回推,可能不含114年前已停辦或撤站之歷史站點
臺中市,南屯區,108,0,0,FALSE,109,NA,-1,NA,NA,NA,114年現存營運清冊依成立年度回推,可能不含114年前已停辦或撤站之歷史站點
臺中市,南屯區,109,1,1,TRUE,109,0,0,FALSE,FALSE,FALSE,114年現存營運清冊依成立年度回推,可能不含114年前已停辦或撤站之歷史站點
臺中市,南屯區,110,0,1,TRUE,109,1,1,TRUE,FALSE,FALSE,114年現存營運清冊依成立年度回推,可能不含114年前已停辦或撤站之歷史站點
臺中市,南屯區,111,0,1,TRUE,109,2,2,TRUE,FALSE,FALSE,114年現存營運清冊依成立年度回推,可能不含114年前已停辦或撤站之歷史站點
臺中市,南屯區,112,0,1,TRUE,109,3,3,TRUE,TRUE,FALSE,114年現存營運清冊依成立年度回推,可能不含114年前已停辦或撤站之歷史站點
臺中市,南屯區,113,0,1,TRUE,109,4,4,TRUE,TRUE,FALSE,114年現存營運清冊依成立年度回推,可能不含114年前已停辦或撤站之歷史站點
臺中市,南屯區,114,0,1,TRUE,109,5,5,TRUE,TRUE,TRUE,114年現存營運清冊依成立年度回推,可能不含114年前已停辦或撤站之歷史站點
臺中市,后里區,90,0,0,FALSE,111,NA,-21,NA,NA,NA,114年現存營運清冊依成立年度回推,可能不含114年前已停辦或撤站之歷史站點
臺中市,后里區,91,0,0,FALSE,111,NA,-20,NA,NA,NA,114年現存營運清冊依成立年度回推,可能不含114年前已停辦或撤站之歷史站點
臺中市,后里區,92,0,0,FALSE,111,NA,-19,NA,NA,NA,114年現存營運清冊依成立年度回推,可能不含114年前已停辦或撤站之歷史站點
臺中市,后里區,93,0,0,FALSE,111,NA,-18,NA,NA,NA,114年現存營運清冊依成立年度回推,可能不含114年前已停辦或撤站之歷史站點
臺中市,后里區,94,0,0,FALSE,111,NA,-17,NA,NA,NA,114年現存營運清冊依成立年度回推,可能不含114年前已停辦或撤站之歷史站點
臺中市,后里區,95,0,0,FALSE,111,NA,-16,NA,NA,NA,114年現存營運清冊依成立年度回推,可能不含114年前已停辦或撤站之歷史站點
臺中市,后里區,96,0,0,FALSE,111,NA,-15,NA,NA,NA,114年現存營運清冊依成立年度回推,可能不含114年前已停辦或撤站之歷史站點
臺中市,后里區,97,0,0,FALSE,111,NA,-14,NA,NA,NA,114年現存營運清冊依成立年度回推,可能不含114年前已停辦或撤站之歷史站點
臺中市,后里區,98,0,0,FALSE,111,NA,-13,NA,NA,NA,114年現存營運清冊依成立年度回推,可能不含114年前已停辦或撤站之歷史站點
臺中市,后里區,99,0,0,FALSE,111,NA,-12,NA,NA,NA,114年現存營運清冊依成立年度回推,可能不含114年前已停辦或撤站之歷史站點
臺中市,后里區,100,0,0,FALSE,111,NA,-11,NA,NA,NA,114年現存營運清冊依成立年度回推,可能不含114年前已停辦或撤站之歷史站點
臺中市,后里區,101,0,0,FALSE,111,NA,-10,NA,NA,NA,114年現存營運清冊依成立年度回推,可能不含114年前已停辦或撤站之歷史站點
臺中市,后里區,102,0,0,FALSE,111,NA,-9,NA,NA,NA,114年現存營運清冊依成立年度回推,可能不含114年前已停辦或撤站之歷史站點
臺中市,后里區,103,0,0,FALSE,111,NA,-8,NA,NA,NA,114年現存營運清冊依成立年度回推,可能不含114年前已停辦或撤站之歷史站點
臺中市,后里區,104,0,0,FALSE,111,NA,-7,NA,NA,NA,114年現存營運清冊依成立年度回推,可能不含114年前已停辦或撤站之歷史站點
臺中市,后里區,105,0,0,FALSE,111,NA,-6,NA,NA,NA,114年現存營運清冊依成立年度回推,可能不含114年前已停辦或撤站之歷史站點
臺中市,后里區,106,0,0,FALSE,111,NA,-5,NA,NA,NA,114年現存營運清冊依成立年度回推,可能不含114年前已停辦或撤站之歷史站點
臺中市,后里區,107,0,0,FALSE,111,NA,-4,NA,NA,NA,114年現存營運清冊依成立年度回推,可能不含114年前已停辦或撤站之歷史站點
臺中市,后里區,108,0,0,FALSE,111,NA,-3,NA,NA,NA,114年現存營運清冊依成立年度回推,可能不含114年前已停辦或撤站之歷史站點
臺中市,后里區,109,0,0,FALSE,111,NA,-2,NA,NA,NA,114年現存營運清冊依成立年度回推,可能不含114年前已停辦或撤站之歷史站點
臺中市,后里區,110,0,0,FALSE,111,NA,-1,NA,NA,NA,114年現存營運清冊依成立年度回推,可能不含114年前已停辦或撤站之歷史站點
臺中市,后里區,111,1,1,TRUE,111,0,0,FALSE,FALSE,FALSE,114年現存營運清冊依成立年度回推,可能不含114年前已停辦或撤站之歷史站點
臺中市,后里區,112,0,1,TRUE,111,1,1,TRUE,FALSE,FALSE,114年現存營運清冊依成立年度回推,可能不含114年前已停辦或撤站之歷史站點
臺中市,后里區,113,0,1,TRUE,111,2,2,TRUE,FALSE,FALSE,114年現存營運清冊依成立年度回推,可能不含114年前已停辦或撤站之歷史站點
臺中市,后里區,114,0,1,TRUE,111,3,3,TRUE,TRUE,FALSE,114年現存營運清冊依成立年度回推,可能不含114年前已停辦或撤站之歷史站點
臺中市,和平區,90,0,0,FALSE,96,NA,-6,NA,NA,NA,114年現存營運清冊依成立年度回推,可能不含114年前已停辦或撤站之歷史站點
臺中市,和平區,91,0,0,FALSE,96,NA,-5,NA,NA,NA,114年現存營運清冊依成立年度回推,可能不含114年前已停辦或撤站之歷史站點
臺中市,和平區,92,0,0,FALSE,96,NA,-4,NA,NA,NA,114年現存營運清冊依成立年度回推,可能不含114年前已停辦或撤站之歷史站點
臺中市,和平區,93,0,0,FALSE,96,NA,-3,NA,NA,NA,114年現存營運清冊依成立年度回推,可能不含114年前已停辦或撤站之歷史站點
臺中市,和平區,94,0,0,FALSE,96,NA,-2,NA,NA,NA,114年現存營運清冊依成立年度回推,可能不含114年前已停辦或撤站之歷史站點
臺中市,和平區,95,0,0,FALSE,96,NA,-1,NA,NA,NA,114年現存營運清冊依成立年度回推,可能不含114年前已停辦或撤站之歷史站點
臺中市,和平區,96,1,1,TRUE,96,0,0,FALSE,FALSE,FALSE,114年現存營運清冊依成立年度回推,可能不含114年前已停辦或撤站之歷史站點
臺中市,和平區,97,0,1,TRUE,96,1,1,TRUE,FALSE,FALSE,114年現存營運清冊依成立年度回推,可能不含114年前已停辦或撤站之歷史站點
臺中市,和平區,98,0,1,TRUE,96,2,2,TRUE,FALSE,FALSE,114年現存營運清冊依成立年度回推,可能不含114年前已停辦或撤站之歷史站點
臺中市,和平區,99,0,1,TRUE,96,3,3,TRUE,TRUE,FALSE,114年現存營運清冊依成立年度回推,可能不含114年前已停辦或撤站之歷史站點
臺中市,和平區,100,0,1,TRUE,96,4,4,TRUE,TRUE,FALSE,114年現存營運清冊依成立年度回推,可能不含114年前已停辦或撤站之歷史站點
臺中市,和平區,101,0,1,TRUE,96,5,5,TRUE,TRUE,TRUE,114年現存營運清冊依成立年度回推,可能不含114年前已停辦或撤站之歷史站點
臺中市,和平區,102,0,1,TRUE,96,6,6,TRUE,TRUE,TRUE,114年現存營運清冊依成立年度回推,可能不含114年前已停辦或撤站之歷史站點
臺中市,和平區,103,0,1,TRUE,96,7,7,TRUE,TRUE,TRUE,114年現存營運清冊依成立年度回推,可能不含114年前已停辦或撤站之歷史站點
臺中市,和平區,104,0,1,TRUE,96,8,8,TRUE,TRUE,TRUE,114年現存營運清冊依成立年度回推,可能不含114年前已停辦或撤站之歷史站點
臺中市,和平區,105,1,2,TRUE,96,9,9,TRUE,TRUE,TRUE,114年現存營運清冊依成立年度回推,可能不含114年前已停辦或撤站之歷史站點
臺中市,和平區,106,0,2,TRUE,96,10,10,TRUE,TRUE,TRUE,114年現存營運清冊依成立年度回推,可能不含114年前已停辦或撤站之歷史站點
臺中市,和平區,107,4,6,TRUE,96,11,11,TRUE,TRUE,TRUE,114年現存營運清冊依成立年度回推,可能不含114年前已停辦或撤站之歷史站點
臺中市,和平區,108,3,9,TRUE,96,12,12,TRUE,TRUE,TRUE,114年現存營運清冊依成立年度回推,可能不含114年前已停辦或撤站之歷史站點
臺中市,和平區,109,3,12,TRUE,96,13,13,TRUE,TRUE,TRUE,114年現存營運清冊依成立年度回推,可能不含114年前已停辦或撤站之歷史站點
臺中市,和平區,110,0,12,TRUE,96,14,14,TRUE,TRUE,TRUE,114年現存營運清冊依成立年度回推,可能不含114年前已停辦或撤站之歷史站點
臺中市,和平區,111,0,12,TRUE,96,15,15,TRUE,TRUE,TRUE,114年現存營運清冊依成立年度回推,可能不含114年前已停辦或撤站之歷史站點
臺中市,和平區,112,0,12,TRUE,96,16,16,TRUE,TRUE,TRUE,114年現存營運清冊依成立年度回推,可能不含114年前已停辦或撤站之歷史站點
臺中市,和平區,113,0,12,TRUE,96,17,17,TRUE,TRUE,TRUE,114年現存營運清冊依成立年度回推,可能不含114年前已停辦或撤站之歷史站點
臺中市,和平區,114,0,12,TRUE,96,18,18,TRUE,TRUE,TRUE,114年現存營運清冊依成立年度回推,可能不含114年前已停辦或撤站之歷史站點
臺中市,大肚區,90,0,0,FALSE,109,NA,-19,NA,NA,NA,114年現存營運清冊依成立年度回推,可能不含114年前已停辦或撤站之歷史站點
臺中市,大肚區,91,0,0,FALSE,109,NA,-18,NA,NA,NA,114年現存營運清冊依成立年度回推,可能不含114年前已停辦或撤站之歷史站點
臺中市,大肚區,92,0,0,FALSE,109,NA,-17,NA,NA,NA,114年現存營運清冊依成立年度回推,可能不含114年前已停辦或撤站之歷史站點
臺中市,大肚區,93,0,0,FALSE,109,NA,-16,NA,NA,NA,114年現存營運清冊依成立年度回推,可能不含114年前已停辦或撤站之歷史站點
臺中市,大肚區,94,0,0,FALSE,109,NA,-15,NA,NA,NA,114年現存營運清冊依成立年度回推,可能不含114年前已停辦或撤站之歷史站點
臺中市,大肚區,95,0,0,FALSE,109,NA,-14,NA,NA,NA,114年現存營運清冊依成立年度回推,可能不含114年前已停辦或撤站之歷史站點
臺中市,大肚區,96,0,0,FALSE,109,NA,-13,NA,NA,NA,114年現存營運清冊依成立年度回推,可能不含114年前已停辦或撤站之歷史站點
臺中市,大肚區,97,0,0,FALSE,109,NA,-12,NA,NA,NA,114年現存營運清冊依成立年度回推,可能不含114年前已停辦或撤站之歷史站點
臺中市,大肚區,98,0,0,FALSE,109,NA,-11,NA,NA,NA,114年現存營運清冊依成立年度回推,可能不含114年前已停辦或撤站之歷史站點
臺中市,大肚區,99,0,0,FALSE,109,NA,-10,NA,NA,NA,114年現存營運清冊依成立年度回推,可能不含114年前已停辦或撤站之歷史站點
臺中市,大肚區,100,0,0,FALSE,109,NA,-9,NA,NA,NA,114年現存營運清冊依成立年度回推,可能不含114年前已停辦或撤站之歷史站點
臺中市,大肚區,101,0,0,FALSE,109,NA,-8,NA,NA,NA,114年現存營運清冊依成立年度回推,可能不含114年前已停辦或撤站之歷史站點
臺中市,大肚區,102,0,0,FALSE,109,NA,-7,NA,NA,NA,114年現存營運清冊依成立年度回推,可能不含114年前已停辦或撤站之歷史站點
臺中市,大肚區,103,0,0,FALSE,109,NA,-6,NA,NA,NA,114年現存營運清冊依成立年度回推,可能不含114年前已停辦或撤站之歷史站點
臺中市,大肚區,104,0,0,FALSE,109,NA,-5,NA,NA,NA,114年現存營運清冊依成立年度回推,可能不含114年前已停辦或撤站之歷史站點
臺中市,大肚區,105,0,0,FALSE,109,NA,-4,NA,NA,NA,114年現存營運清冊依成立年度回推,可能不含114年前已停辦或撤站之歷史站點
臺中市,大肚區,106,0,0,FALSE,109,NA,-3,NA,NA,NA,114年現存營運清冊依成立年度回推,可能不含114年前已停辦或撤站之歷史站點
臺中市,大肚區,107,0,0,FALSE,109,NA,-2,NA,NA,NA,114年現存營運清冊依成立年度回推,可能不含114年前已停辦或撤站之歷史站點
臺中市,大肚區,108,0,0,FALSE,109,NA,-1,NA,NA,NA,114年現存營運清冊依成立年度回推,可能不含114年前已停辦或撤站之歷史站點
臺中市,大肚區,109,1,1,TRUE,109,0,0,FALSE,FALSE,FALSE,114年現存營運清冊依成立年度回推,可能不含114年前已停辦或撤站之歷史站點
臺中市,大肚區,110,0,1,TRUE,109,1,1,TRUE,FALSE,FALSE,114年現存營運清冊依成立年度回推,可能不含114年前已停辦或撤站之歷史站點
臺中市,大肚區,111,0,1,TRUE,109,2,2,TRUE,FALSE,FALSE,114年現存營運清冊依成立年度回推,可能不含114年前已停辦或撤站之歷史站點
臺中市,大肚區,112,0,1,TRUE,109,3,3,TRUE,TRUE,FALSE,114年現存營運清冊依成立年度回推,可能不含114年前已停辦或撤站之歷史站點
臺中市,大肚區,113,0,1,TRUE,109,4,4,TRUE,TRUE,FALSE,114年現存營運清冊依成立年度回推,可能不含114年前已停辦或撤站之歷史站點
臺中市,大肚區,114,0,1,TRUE,109,5,5,TRUE,TRUE,TRUE,114年現存營運清冊依成立年度回推,可能不含114年前已停辦或撤站之歷史站點
臺中市,太平區,90,0,0,FALSE,108,NA,-18,NA,NA,NA,114年現存營運清冊依成立年度回推,可能不含114年前已停辦或撤站之歷史站點
臺中市,太平區,91,0,0,FALSE,108,NA,-17,NA,NA,NA,114年現存營運清冊依成立年度回推,可能不含114年前已停辦或撤站之歷史站點
臺中市,太平區,92,0,0,FALSE,108,NA,-16,NA,NA,NA,114年現存營運清冊依成立年度回推,可能不含114年前已停辦或撤站之歷史站點
臺中市,太平區,93,0,0,FALSE,108,NA,-15,NA,NA,NA,114年現存營運清冊依成立年度回推,可能不含114年前已停辦或撤站之歷史站點
臺中市,太平區,94,0,0,FALSE,108,NA,-14,NA,NA,NA,114年現存營運清冊依成立年度回推,可能不含114年前已停辦或撤站之歷史站點
臺中市,太平區,95,0,0,FALSE,108,NA,-13,NA,NA,NA,114年現存營運清冊依成立年度回推,可能不含114年前已停辦或撤站之歷史站點
臺中市,太平區,96,0,0,FALSE,108,NA,-12,NA,NA,NA,114年現存營運清冊依成立年度回推,可能不含114年前已停辦或撤站之歷史站點
臺中市,太平區,97,0,0,FALSE,108,NA,-11,NA,NA,NA,114年現存營運清冊依成立年度回推,可能不含114年前已停辦或撤站之歷史站點
臺中市,太平區,98,0,0,FALSE,108,NA,-10,NA,NA,NA,114年現存營運清冊依成立年度回推,可能不含114年前已停辦或撤站之歷史站點
臺中市,太平區,99,0,0,FALSE,108,NA,-9,NA,NA,NA,114年現存營運清冊依成立年度回推,可能不含114年前已停辦或撤站之歷史站點
臺中市,太平區,100,0,0,FALSE,108,NA,-8,NA,NA,NA,114年現存營運清冊依成立年度回推,可能不含114年前已停辦或撤站之歷史站點
臺中市,太平區,101,0,0,FALSE,108,NA,-7,NA,NA,NA,114年現存營運清冊依成立年度回推,可能不含114年前已停辦或撤站之歷史站點
臺中市,太平區,102,0,0,FALSE,108,NA,-6,NA,NA,NA,114年現存營運清冊依成立年度回推,可能不含114年前已停辦或撤站之歷史站點
臺中市,太平區,103,0,0,FALSE,108,NA,-5,NA,NA,NA,114年現存營運清冊依成立年度回推,可能不含114年前已停辦或撤站之歷史站點
臺中市,太平區,104,0,0,FALSE,108,NA,-4,NA,NA,NA,114年現存營運清冊依成立年度回推,可能不含114年前已停辦或撤站之歷史站點
臺中市,太平區,105,0,0,FALSE,108,NA,-3,NA,NA,NA,114年現存營運清冊依成立年度回推,可能不含114年前已停辦或撤站之歷史站點
臺中市,太平區,106,0,0,FALSE,108,NA,-2,NA,NA,NA,114年現存營運清冊依成立年度回推,可能不含114年前已停辦或撤站之歷史站點
臺中市,太平區,107,0,0,FALSE,108,NA,-1,NA,NA,NA,114年現存營運清冊依成立年度回推,可能不含114年前已停辦或撤站之歷史站點
臺中市,太平區,108,1,1,TRUE,108,0,0,FALSE,FALSE,FALSE,114年現存營運清冊依成立年度回推,可能不含114年前已停辦或撤站之歷史站點
臺中市,太平區,109,0,1,TRUE,108,1,1,TRUE,FALSE,FALSE,114年現存營運清冊依成立年度回推,可能不含114年前已停辦或撤站之歷史站點
臺中市,太平區,110,0,1,TRUE,108,2,2,TRUE,FALSE,FALSE,114年現存營運清冊依成立年度回推,可能不含114年前已停辦或撤站之歷史站點
臺中市,太平區,111,0,1,TRUE,108,3,3,TRUE,TRUE,FALSE,114年現存營運清冊依成立年度回推,可能不含114年前已停辦或撤站之歷史站點
臺中市,太平區,112,1,2,TRUE,108,4,4,TRUE,TRUE,FALSE,114年現存營運清冊依成立年度回推,可能不含114年前已停辦或撤站之歷史站點
臺中市,太平區,113,0,2,TRUE,108,5,5,TRUE,TRUE,TRUE,114年現存營運清冊依成立年度回推,可能不含114年前已停辦或撤站之歷史站點
臺中市,太平區,114,0,2,TRUE,108,6,6,TRUE,TRUE,TRUE,114年現存營運清冊依成立年度回推,可能不含114年前已停辦或撤站之歷史站點
臺中市,新社區,90,0,0,FALSE,107,NA,-17,NA,NA,NA,114年現存營運清冊依成立年度回推,可能不含114年前已停辦或撤站之歷史站點
臺中市,新社區,91,0,0,FALSE,107,NA,-16,NA,NA,NA,114年現存營運清冊依成立年度回推,可能不含114年前已停辦或撤站之歷史站點
臺中市,新社區,92,0,0,FALSE,107,NA,-15,NA,NA,NA,114年現存營運清冊依成立年度回推,可能不含114年前已停辦或撤站之歷史站點
臺中市,新社區,93,0,0,FALSE,107,NA,-14,NA,NA,NA,114年現存營運清冊依成立年度回推,可能不含114年前已停辦或撤站之歷史站點
臺中市,新社區,94,0,0,FALSE,107,NA,-13,NA,NA,NA,114年現存營運清冊依成立年度回推,可能不含114年前已停辦或撤站之歷史站點
臺中市,新社區,95,0,0,FALSE,107,NA,-12,NA,NA,NA,114年現存營運清冊依成立年度回推,可能不含114年前已停辦或撤站之歷史站點
臺中市,新社區,96,0,0,FALSE,107,NA,-11,NA,NA,NA,114年現存營運清冊依成立年度回推,可能不含114年前已停辦或撤站之歷史站點
臺中市,新社區,97,0,0,FALSE,107,NA,-10,NA,NA,NA,114年現存營運清冊依成立年度回推,可能不含114年前已停辦或撤站之歷史站點
臺中市,新社區,98,0,0,FALSE,107,NA,-9,NA,NA,NA,114年現存營運清冊依成立年度回推,可能不含114年前已停辦或撤站之歷史站點
臺中市,新社區,99,0,0,FALSE,107,NA,-8,NA,NA,NA,114年現存營運清冊依成立年度回推,可能不含114年前已停辦或撤站之歷史站點
臺中市,新社區,100,0,0,FALSE,107,NA,-7,NA,NA,NA,114年現存營運清冊依成立年度回推,可能不含114年前已停辦或撤站之歷史站點
臺中市,新社區,101,0,0,FALSE,107,NA,-6,NA,NA,NA,114年現存營運清冊依成立年度回推,可能不含114年前已停辦或撤站之歷史站點
臺中市,新社區,102,0,0,FALSE,107,NA,-5,NA,NA,NA,114年現存營運清冊依成立年度回推,可能不含114年前已停辦或撤站之歷史站點
臺中市,新社區,103,0,0,FALSE,107,NA,-4,NA,NA,NA,114年現存營運清冊依成立年度回推,可能不含114年前已停辦或撤站之歷史站點
臺中市,新社區,104,0,0,FALSE,107,NA,-3,NA,NA,NA,114年現存營運清冊依成立年度回推,可能不含114年前已停辦或撤站之歷史站點
臺中市,新社區,105,0,0,FALSE,107,NA,-2,NA,NA,NA,114年現存營運清冊依成立年度回推,可能不含114年前已停辦或撤站之歷史站點
臺中市,新社區,106,0,0,FALSE,107,NA,-1,NA,NA,NA,114年現存營運清冊依成立年度回推,可能不含114年前已停辦或撤站之歷史站點
臺中市,新社區,107,1,1,TRUE,107,0,0,FALSE,FALSE,FALSE,114年現存營運清冊依成立年度回推,可能不含114年前已停辦或撤站之歷史站點
臺中市,新社區,108,0,1,TRUE,107,1,1,TRUE,FALSE,FALSE,114年現存營運清冊依成立年度回推,可能不含114年前已停辦或撤站之歷史站點
臺中市,新社區,109,0,1,TRUE,107,2,2,TRUE,FALSE,FALSE,114年現存營運清冊依成立年度回推,可能不含114年前已停辦或撤站之歷史站點
臺中市,新社區,110,0,1,TRUE,107,3,3,TRUE,TRUE,FALSE,114年現存營運清冊依成立年度回推,可能不含114年前已停辦或撤站之歷史站點
臺中市,新社區,111,0,1,TRUE,107,4,4,TRUE,TRUE,FALSE,114年現存營運清冊依成立年度回推,可能不含114年前已停辦或撤站之歷史站點
臺中市,新社區,112,0,1,TRUE,107,5,5,TRUE,TRUE,TRUE,114年現存營運清冊依成立年度回推,可能不含114年前已停辦或撤站之歷史站點
臺中市,新社區,113,0,1,TRUE,107,6,6,TRUE,TRUE,TRUE,114年現存營運清冊依成立年度回推,可能不含114年前已停辦或撤站之歷史站點
臺中市,新社區,114,0,1,TRUE,107,7,7,TRUE,TRUE,TRUE,114年現存營運清冊依成立年度回推,可能不含114年前已停辦或撤站之歷史站點
臺中市,東勢區,90,0,0,FALSE,113,NA,-23,NA,NA,NA,114年現存營運清冊依成立年度回推,可能不含114年前已停辦或撤站之歷史站點
臺中市,東勢區,91,0,0,FALSE,113,NA,-22,NA,NA,NA,114年現存營運清冊依成立年度回推,可能不含114年前已停辦或撤站之歷史站點
臺中市,東勢區,92,0,0,FALSE,113,NA,-21,NA,NA,NA,114年現存營運清冊依成立年度回推,可能不含114年前已停辦或撤站之歷史站點
臺中市,東勢區,93,0,0,FALSE,113,NA,-20,NA,NA,NA,114年現存營運清冊依成立年度回推,可能不含114年前已停辦或撤站之歷史站點
臺中市,東勢區,94,0,0,FALSE,113,NA,-19,NA,NA,NA,114年現存營運清冊依成立年度回推,可能不含114年前已停辦或撤站之歷史站點
臺中市,東勢區,95,0,0,FALSE,113,NA,-18,NA,NA,NA,114年現存營運清冊依成立年度回推,可能不含114年前已停辦或撤站之歷史站點
臺中市,東勢區,96,0,0,FALSE,113,NA,-17,NA,NA,NA,114年現存營運清冊依成立年度回推,可能不含114年前已停辦或撤站之歷史站點
臺中市,東勢區,97,0,0,FALSE,113,NA,-16,NA,NA,NA,114年現存營運清冊依成立年度回推,可能不含114年前已停辦或撤站之歷史站點
臺中市,東勢區,98,0,0,FALSE,113,NA,-15,NA,NA,NA,114年現存營運清冊依成立年度回推,可能不含114年前已停辦或撤站之歷史站點
臺中市,東勢區,99,0,0,FALSE,113,NA,-14,NA,NA,NA,114年現存營運清冊依成立年度回推,可能不含114年前已停辦或撤站之歷史站點
臺中市,東勢區,100,0,0,FALSE,113,NA,-13,NA,NA,NA,114年現存營運清冊依成立年度回推,可能不含114年前已停辦或撤站之歷史站點
臺中市,東勢區,101,0,0,FALSE,113,NA,-12,NA,NA,NA,114年現存營運清冊依成立年度回推,可能不含114年前已停辦或撤站之歷史站點
臺中市,東勢區,102,0,0,FALSE,113,NA,-11,NA,NA,NA,114年現存營運清冊依成立年度回推,可能不含114年前已停辦或撤站之歷史站點
臺中市,東勢區,103,0,0,FALSE,113,NA,-10,NA,NA,NA,114年現存營運清冊依成立年度回推,可能不含114年前已停辦或撤站之歷史站點
臺中市,東勢區,104,0,0,FALSE,113,NA,-9,NA,NA,NA,114年現存營運清冊依成立年度回推,可能不含114年前已停辦或撤站之歷史站點
臺中市,東勢區,105,0,0,FALSE,113,NA,-8,NA,NA,NA,114年現存營運清冊依成立年度回推,可能不含114年前已停辦或撤站之歷史站點
臺中市,東勢區,106,0,0,FALSE,113,NA,-7,NA,NA,NA,114年現存營運清冊依成立年度回推,可能不含114年前已停辦或撤站之歷史站點
臺中市,東勢區,107,0,0,FALSE,113,NA,-6,NA,NA,NA,114年現存營運清冊依成立年度回推,可能不含114年前已停辦或撤站之歷史站點
臺中市,東勢區,108,0,0,FALSE,113,NA,-5,NA,NA,NA,114年現存營運清冊依成立年度回推,可能不含114年前已停辦或撤站之歷史站點
臺中市,東勢區,109,0,0,FALSE,113,NA,-4,NA,NA,NA,114年現存營運清冊依成立年度回推,可能不含114年前已停辦或撤站之歷史站點
臺中市,東勢區,110,0,0,FALSE,113,NA,-3,NA,NA,NA,114年現存營運清冊依成立年度回推,可能不含114年前已停辦或撤站之歷史站點
臺中市,東勢區,111,0,0,FALSE,113,NA,-2,NA,NA,NA,114年現存營運清冊依成立年度回推,可能不含114年前已停辦或撤站之歷史站點
臺中市,東勢區,112,0,0,FALSE,113,NA,-1,NA,NA,NA,114年現存營運清冊依成立年度回推,可能不含114年前已停辦或撤站之歷史站點
臺中市,東勢區,113,1,1,TRUE,113,0,0,FALSE,FALSE,FALSE,114年現存營運清冊依成立年度回推,可能不含114年前已停辦或撤站之歷史站點
臺中市,東勢區,114,0,1,TRUE,113,1,1,TRUE,FALSE,FALSE,114年現存營運清冊依成立年度回推,可能不含114年前已停辦或撤站之歷史站點
臺中市,梧棲區,90,0,0,FALSE,109,NA,-19,NA,NA,NA,114年現存營運清冊依成立年度回推,可能不含114年前已停辦或撤站之歷史站點
臺中市,梧棲區,91,0,0,FALSE,109,NA,-18,NA,NA,NA,114年現存營運清冊依成立年度回推,可能不含114年前已停辦或撤站之歷史站點
臺中市,梧棲區,92,0,0,FALSE,109,NA,-17,NA,NA,NA,114年現存營運清冊依成立年度回推,可能不含114年前已停辦或撤站之歷史站點
臺中市,梧棲區,93,0,0,FALSE,109,NA,-16,NA,NA,NA,114年現存營運清冊依成立年度回推,可能不含114年前已停辦或撤站之歷史站點
臺中市,梧棲區,94,0,0,FALSE,109,NA,-15,NA,NA,NA,114年現存營運清冊依成立年度回推,可能不含114年前已停辦或撤站之歷史站點
臺中市,梧棲區,95,0,0,FALSE,109,NA,-14,NA,NA,NA,114年現存營運清冊依成立年度回推,可能不含114年前已停辦或撤站之歷史站點
臺中市,梧棲區,96,0,0,FALSE,109,NA,-13,NA,NA,NA,114年現存營運清冊依成立年度回推,可能不含114年前已停辦或撤站之歷史站點
臺中市,梧棲區,97,0,0,FALSE,109,NA,-12,NA,NA,NA,114年現存營運清冊依成立年度回推,可能不含114年前已停辦或撤站之歷史站點
臺中市,梧棲區,98,0,0,FALSE,109,NA,-11,NA,NA,NA,114年現存營運清冊依成立年度回推,可能不含114年前已停辦或撤站之歷史站點
臺中市,梧棲區,99,0,0,FALSE,109,NA,-10,NA,NA,NA,114年現存營運清冊依成立年度回推,可能不含114年前已停辦或撤站之歷史站點
臺中市,梧棲區,100,0,0,FALSE,109,NA,-9,NA,NA,NA,114年現存營運清冊依成立年度回推,可能不含114年前已停辦或撤站之歷史站點
臺中市,梧棲區,101,0,0,FALSE,109,NA,-8,NA,NA,NA,114年現存營運清冊依成立年度回推,可能不含114年前已停辦或撤站之歷史站點
臺中市,梧棲區,102,0,0,FALSE,109,NA,-7,NA,NA,NA,114年現存營運清冊依成立年度回推,可能不含114年前已停辦或撤站之歷史站點
臺中市,梧棲區,103,0,0,FALSE,109,NA,-6,NA,NA,NA,114年現存營運清冊依成立年度回推,可能不含114年前已停辦或撤站之歷史站點
臺中市,梧棲區,104,0,0,FALSE,109,NA,-5,NA,NA,NA,114年現存營運清冊依成立年度回推,可能不含114年前已停辦或撤站之歷史站點
臺中市,梧棲區,105,0,0,FALSE,109,NA,-4,NA,NA,NA,114年現存營運清冊依成立年度回推,可能不含114年前已停辦或撤站之歷史站點
臺中市,梧棲區,106,0,0,FALSE,109,NA,-3,NA,NA,NA,114年現存營運清冊依成立年度回推,可能不含114年前已停辦或撤站之歷史站點
臺中市,梧棲區,107,0,0,FALSE,109,NA,-2,NA,NA,NA,114年現存營運清冊依成立年度回推,可能不含114年前已停辦或撤站之歷史站點
臺中市,梧棲區,108,0,0,FALSE,109,NA,-1,NA,NA,NA,114年現存營運清冊依成立年度回推,可能不含114年前已停辦或撤站之歷史站點
臺中市,梧棲區,109,1,1,TRUE,109,0,0,FALSE,FALSE,FALSE,114年現存營運清冊依成立年度回推,可能不含114年前已停辦或撤站之歷史站點
臺中市,梧棲區,110,0,1,TRUE,109,1,1,TRUE,FALSE,FALSE,114年現存營運清冊依成立年度回推,可能不含114年前已停辦或撤站之歷史站點
臺中市,梧棲區,111,0,1,TRUE,109,2,2,TRUE,FALSE,FALSE,114年現存營運清冊依成立年度回推,可能不含114年前已停辦或撤站之歷史站點
臺中市,梧棲區,112,0,1,TRUE,109,3,3,TRUE,TRUE,FALSE,114年現存營運清冊依成立年度回推,可能不含114年前已停辦或撤站之歷史站點
臺中市,梧棲區,113,0,1,TRUE,109,4,4,TRUE,TRUE,FALSE,114年現存營運清冊依成立年度回推,可能不含114年前已停辦或撤站之歷史站點
臺中市,梧棲區,114,0,1,TRUE,109,5,5,TRUE,TRUE,TRUE,114年現存營運清冊依成立年度回推,可能不含114年前已停辦或撤站之歷史站點
臺中市,潭子區,90,0,0,FALSE,109,NA,-19,NA,NA,NA,114年現存營運清冊依成立年度回推,可能不含114年前已停辦或撤站之歷史站點
臺中市,潭子區,91,0,0,FALSE,109,NA,-18,NA,NA,NA,114年現存營運清冊依成立年度回推,可能不含114年前已停辦或撤站之歷史站點
臺中市,潭子區,92,0,0,FALSE,109,NA,-17,NA,NA,NA,114年現存營運清冊依成立年度回推,可能不含114年前已停辦或撤站之歷史站點
臺中市,潭子區,93,0,0,FALSE,109,NA,-16,NA,NA,NA,114年現存營運清冊依成立年度回推,可能不含114年前已停辦或撤站之歷史站點
臺中市,潭子區,94,0,0,FALSE,109,NA,-15,NA,NA,NA,114年現存營運清冊依成立年度回推,可能不含114年前已停辦或撤站之歷史站點
臺中市,潭子區,95,0,0,FALSE,109,NA,-14,NA,NA,NA,114年現存營運清冊依成立年度回推,可能不含114年前已停辦或撤站之歷史站點
臺中市,潭子區,96,0,0,FALSE,109,NA,-13,NA,NA,NA,114年現存營運清冊依成立年度回推,可能不含114年前已停辦或撤站之歷史站點
臺中市,潭子區,97,0,0,FALSE,109,NA,-12,NA,NA,NA,114年現存營運清冊依成立年度回推,可能不含114年前已停辦或撤站之歷史站點
臺中市,潭子區,98,0,0,FALSE,109,NA,-11,NA,NA,NA,114年現存營運清冊依成立年度回推,可能不含114年前已停辦或撤站之歷史站點
臺中市,潭子區,99,0,0,FALSE,109,NA,-10,NA,NA,NA,114年現存營運清冊依成立年度回推,可能不含114年前已停辦或撤站之歷史站點
臺中市,潭子區,100,0,0,FALSE,109,NA,-9,NA,NA,NA,114年現存營運清冊依成立年度回推,可能不含114年前已停辦或撤站之歷史站點
臺中市,潭子區,101,0,0,FALSE,109,NA,-8,NA,NA,NA,114年現存營運清冊依成立年度回推,可能不含114年前已停辦或撤站之歷史站點
臺中市,潭子區,102,0,0,FALSE,109,NA,-7,NA,NA,NA,114年現存營運清冊依成立年度回推,可能不含114年前已停辦或撤站之歷史站點
臺中市,潭子區,103,0,0,FALSE,109,NA,-6,NA,NA,NA,114年現存營運清冊依成立年度回推,可能不含114年前已停辦或撤站之歷史站點
臺中市,潭子區,104,0,0,FALSE,109,NA,-5,NA,NA,NA,114年現存營運清冊依成立年度回推,可能不含114年前已停辦或撤站之歷史站點
臺中市,潭子區,105,0,0,FALSE,109,NA,-4,NA,NA,NA,114年現存營運清冊依成立年度回推,可能不含114年前已停辦或撤站之歷史站點
臺中市,潭子區,106,0,0,FALSE,109,NA,-3,NA,NA,NA,114年現存營運清冊依成立年度回推,可能不含114年前已停辦或撤站之歷史站點
臺中市,潭子區,107,0,0,FALSE,109,NA,-2,NA,NA,NA,114年現存營運清冊依成立年度回推,可能不含114年前已停辦或撤站之歷史站點
臺中市,潭子區,108,0,0,FALSE,109,NA,-1,NA,NA,NA,114年現存營運清冊依成立年度回推,可能不含114年前已停辦或撤站之歷史站點
臺中市,潭子區,109,1,1,TRUE,109,0,0,FALSE,FALSE,FALSE,114年現存營運清冊依成立年度回推,可能不含114年前已停辦或撤站之歷史站點
臺中市,潭子區,110,0,1,TRUE,109,1,1,TRUE,FALSE,FALSE,114年現存營運清冊依成立年度回推,可能不含114年前已停辦或撤站之歷史站點
臺中市,潭子區,111,0,1,TRUE,109,2,2,TRUE,FALSE,FALSE,114年現存營運清冊依成立年度回推,可能不含114年前已停辦或撤站之歷史站點
臺中市,潭子區,112,0,1,TRUE,109,3,3,TRUE,TRUE,FALSE,114年現存營運清冊依成立年度回推,可能不含114年前已停辦或撤站之歷史站點
臺中市,潭子區,113,0,1,TRUE,109,4,4,TRUE,TRUE,FALSE,114年現存營運清冊依成立年度回推,可能不含114年前已停辦或撤站之歷史站點
臺中市,潭子區,114,0,1,TRUE,109,5,5,TRUE,TRUE,TRUE,114年現存營運清冊依成立年度回推,可能不含114年前已停辦或撤站之歷史站點
臺中市,豐原區,90,0,0,FALSE,107,NA,-17,NA,NA,NA,114年現存營運清冊依成立年度回推,可能不含114年前已停辦或撤站之歷史站點
臺中市,豐原區,91,0,0,FALSE,107,NA,-16,NA,NA,NA,114年現存營運清冊依成立年度回推,可能不含114年前已停辦或撤站之歷史站點
臺中市,豐原區,92,0,0,FALSE,107,NA,-15,NA,NA,NA,114年現存營運清冊依成立年度回推,可能不含114年前已停辦或撤站之歷史站點
臺中市,豐原區,93,0,0,FALSE,107,NA,-14,NA,NA,NA,114年現存營運清冊依成立年度回推,可能不含114年前已停辦或撤站之歷史站點
臺中市,豐原區,94,0,0,FALSE,107,NA,-13,NA,NA,NA,114年現存營運清冊依成立年度回推,可能不含114年前已停辦或撤站之歷史站點
臺中市,豐原區,95,0,0,FALSE,107,NA,-12,NA,NA,NA,114年現存營運清冊依成立年度回推,可能不含114年前已停辦或撤站之歷史站點
臺中市,豐原區,96,0,0,FALSE,107,NA,-11,NA,NA,NA,114年現存營運清冊依成立年度回推,可能不含114年前已停辦或撤站之歷史站點
臺中市,豐原區,97,0,0,FALSE,107,NA,-10,NA,NA,NA,114年現存營運清冊依成立年度回推,可能不含114年前已停辦或撤站之歷史站點
臺中市,豐原區,98,0,0,FALSE,107,NA,-9,NA,NA,NA,114年現存營運清冊依成立年度回推,可能不含114年前已停辦或撤站之歷史站點
臺中市,豐原區,99,0,0,FALSE,107,NA,-8,NA,NA,NA,114年現存營運清冊依成立年度回推,可能不含114年前已停辦或撤站之歷史站點
臺中市,豐原區,100,0,0,FALSE,107,NA,-7,NA,NA,NA,114年現存營運清冊依成立年度回推,可能不含114年前已停辦或撤站之歷史站點
臺中市,豐原區,101,0,0,FALSE,107,NA,-6,NA,NA,NA,114年現存營運清冊依成立年度回推,可能不含114年前已停辦或撤站之歷史站點
臺中市,豐原區,102,0,0,FALSE,107,NA,-5,NA,NA,NA,114年現存營運清冊依成立年度回推,可能不含114年前已停辦或撤站之歷史站點
臺中市,豐原區,103,0,0,FALSE,107,NA,-4,NA,NA,NA,114年現存營運清冊依成立年度回推,可能不含114年前已停辦或撤站之歷史站點
臺中市,豐原區,104,0,0,FALSE,107,NA,-3,NA,NA,NA,114年現存營運清冊依成立年度回推,可能不含114年前已停辦或撤站之歷史站點
臺中市,豐原區,105,0,0,FALSE,107,NA,-2,NA,NA,NA,114年現存營運清冊依成立年度回推,可能不含114年前已停辦或撤站之歷史站點
臺中市,豐原區,106,0,0,FALSE,107,NA,-1,NA,NA,NA,114年現存營運清冊依成立年度回推,可能不含114年前已停辦或撤站之歷史站點
臺中市,豐原區,107,1,1,TRUE,107,0,0,FALSE,FALSE,FALSE,114年現存營運清冊依成立年度回推,可能不含114年前已停辦或撤站之歷史站點
臺中市,豐原區,108,0,1,TRUE,107,1,1,TRUE,FALSE,FALSE,114年現存營運清冊依成立年度回推,可能不含114年前已停辦或撤站之歷史站點
臺中市,豐原區,109,0,1,TRUE,107,2,2,TRUE,FALSE,FALSE,114年現存營運清冊依成立年度回推,可能不含114年前已停辦或撤站之歷史站點
臺中市,豐原區,110,0,1,TRUE,107,3,3,TRUE,TRUE,FALSE,114年現存營運清冊依成立年度回推,可能不含114年前已停辦或撤站之歷史站點
臺中市,豐原區,111,0,1,TRUE,107,4,4,TRUE,TRUE,FALSE,114年現存營運清冊依成立年度回推,可能不含114年前已停辦或撤站之歷史站點
臺中市,豐原區,112,0,1,TRUE,107,5,5,TRUE,TRUE,TRUE,114年現存營運清冊依成立年度回推,可能不含114年前已停辦或撤站之歷史站點
臺中市,豐原區,113,0,1,TRUE,107,6,6,TRUE,TRUE,TRUE,114年現存營運清冊依成立年度回推,可能不含114年前已停辦或撤站之歷史站點
臺中市,豐原區,114,0,1,TRUE,107,7,7,TRUE,TRUE,TRUE,114年現存營運清冊依成立年度回推,可能不含114年前已停辦或撤站之歷史站點
臺中市,霧峰區,90,0,0,FALSE,112,NA,-22,NA,NA,NA,114年現存營運清冊依成立年度回推,可能不含114年前已停辦或撤站之歷史站點
臺中市,霧峰區,91,0,0,FALSE,112,NA,-21,NA,NA,NA,114年現存營運清冊依成立年度回推,可能不含114年前已停辦或撤站之歷史站點
臺中市,霧峰區,92,0,0,FALSE,112,NA,-20,NA,NA,NA,114年現存營運清冊依成立年度回推,可能不含114年前已停辦或撤站之歷史站點
臺中市,霧峰區,93,0,0,FALSE,112,NA,-19,NA,NA,NA,114年現存營運清冊依成立年度回推,可能不含114年前已停辦或撤站之歷史站點
臺中市,霧峰區,94,0,0,FALSE,112,NA,-18,NA,NA,NA,114年現存營運清冊依成立年度回推,可能不含114年前已停辦或撤站之歷史站點
臺中市,霧峰區,95,0,0,FALSE,112,NA,-17,NA,NA,NA,114年現存營運清冊依成立年度回推,可能不含114年前已停辦或撤站之歷史站點
臺中市,霧峰區,96,0,0,FALSE,112,NA,-16,NA,NA,NA,114年現存營運清冊依成立年度回推,可能不含114年前已停辦或撤站之歷史站點
臺中市,霧峰區,97,0,0,FALSE,112,NA,-15,NA,NA,NA,114年現存營運清冊依成立年度回推,可能不含114年前已停辦或撤站之歷史站點
臺中市,霧峰區,98,0,0,FALSE,112,NA,-14,NA,NA,NA,114年現存營運清冊依成立年度回推,可能不含114年前已停辦或撤站之歷史站點
臺中市,霧峰區,99,0,0,FALSE,112,NA,-13,NA,NA,NA,114年現存營運清冊依成立年度回推,可能不含114年前已停辦或撤站之歷史站點
臺中市,霧峰區,100,0,0,FALSE,112,NA,-12,NA,NA,NA,114年現存營運清冊依成立年度回推,可能不含114年前已停辦或撤站之歷史站點
臺中市,霧峰區,101,0,0,FALSE,112,NA,-11,NA,NA,NA,114年現存營運清冊依成立年度回推,可能不含114年前已停辦或撤站之歷史站點
臺中市,霧峰區,102,0,0,FALSE,112,NA,-10,NA,NA,NA,114年現存營運清冊依成立年度回推,可能不含114年前已停辦或撤站之歷史站點
臺中市,霧峰區,103,0,0,FALSE,112,NA,-9,NA,NA,NA,114年現存營運清冊依成立年度回推,可能不含114年前已停辦或撤站之歷史站點
臺中市,霧峰區,104,0,0,FALSE,112,NA,-8,NA,NA,NA,114年現存營運清冊依成立年度回推,可能不含114年前已停辦或撤站之歷史站點
臺中市,霧峰區,105,0,0,FALSE,112,NA,-7,NA,NA,NA,114年現存營運清冊依成立年度回推,可能不含114年前已停辦或撤站之歷史站點
臺中市,霧峰區,106,0,0,FALSE,112,NA,-6,NA,NA,NA,114年現存營運清冊依成立年度回推,可能不含114年前已停辦或撤站之歷史站點
臺中市,霧峰區,107,0,0,FALSE,112,NA,-5,NA,NA,NA,114年現存營運清冊依成立年度回推,可能不含114年前已停辦或撤站之歷史站點
臺中市,霧峰區,108,0,0,FALSE,112,NA,-4,NA,NA,NA,114年現存營運清冊依成立年度回推,可能不含114年前已停辦或撤站之歷史站點
臺中市,霧峰區,109,0,0,FALSE,112,NA,-3,NA,NA,NA,114年現存營運清冊依成立年度回推,可能不含114年前已停辦或撤站之歷史站點
臺中市,霧峰區,110,0,0,FALSE,112,NA,-2,NA,NA,NA,114年現存營運清冊依成立年度回推,可能不含114年前已停辦或撤站之歷史站點
臺中市,霧峰區,111,0,0,FALSE,112,NA,-1,NA,NA,NA,114年現存營運清冊依成立年度回推,可能不含114年前已停辦或撤站之歷史站點
臺中市,霧峰區,112,1,1,TRUE,112,0,0,FALSE,FALSE,FALSE,114年現存營運清冊依成立年度回推,可能不含114年前已停辦或撤站之歷史站點
臺中市,霧峰區,113,0,1,TRUE,112,1,1,TRUE,FALSE,FALSE,114年現存營運清冊依成立年度回推,可能不含114年前已停辦或撤站之歷史站點
臺中市,霧峰區,114,0,1,TRUE,112,2,2,TRUE,FALSE,FALSE,114年現存營運清冊依成立年度回推,可能不含114年前已停辦或撤站之歷史站點
臺中市,龍井區,90,0,0,FALSE,113,NA,-23,NA,NA,NA,114年現存營運清冊依成立年度回推,可能不含114年前已停辦或撤站之歷史站點
臺中市,龍井區,91,0,0,FALSE,113,NA,-22,NA,NA,NA,114年現存營運清冊依成立年度回推,可能不含114年前已停辦或撤站之歷史站點
臺中市,龍井區,92,0,0,FALSE,113,NA,-21,NA,NA,NA,114年現存營運清冊依成立年度回推,可能不含114年前已停辦或撤站之歷史站點
臺中市,龍井區,93,0,0,FALSE,113,NA,-20,NA,NA,NA,114年現存營運清冊依成立年度回推,可能不含114年前已停辦或撤站之歷史站點
臺中市,龍井區,94,0,0,FALSE,113,NA,-19,NA,NA,NA,114年現存營運清冊依成立年度回推,可能不含114年前已停辦或撤站之歷史站點
臺中市,龍井區,95,0,0,FALSE,113,NA,-18,NA,NA,NA,114年現存營運清冊依成立年度回推,可能不含114年前已停辦或撤站之歷史站點
臺中市,龍井區,96,0,0,FALSE,113,NA,-17,NA,NA,NA,114年現存營運清冊依成立年度回推,可能不含114年前已停辦或撤站之歷史站點
臺中市,龍井區,97,0,0,FALSE,113,NA,-16,NA,NA,NA,114年現存營運清冊依成立年度回推,可能不含114年前已停辦或撤站之歷史站點
臺中市,龍井區,98,0,0,FALSE,113,NA,-15,NA,NA,NA,114年現存營運清冊依成立年度回推,可能不含114年前已停辦或撤站之歷史站點
臺中市,龍井區,99,0,0,FALSE,113,NA,-14,NA,NA,NA,114年現存營運清冊依成立年度回推,可能不含114年前已停辦或撤站之歷史站點
臺中市,龍井區,100,0,0,FALSE,113,NA,-13,NA,NA,NA,114年現存營運清冊依成立年度回推,可能不含114年前已停辦或撤站之歷史站點
臺中市,龍井區,101,0,0,FALSE,113,NA,-12,NA,NA,NA,114年現存營運清冊依成立年度回推,可能不含114年前已停辦或撤站之歷史站點
臺中市,龍井區,102,0,0,FALSE,113,NA,-11,NA,NA,NA,114年現存營運清冊依成立年度回推,可能不含114年前已停辦或撤站之歷史站點
臺中市,龍井區,103,0,0,FALSE,113,NA,-10,NA,NA,NA,114年現存營運清冊依成立年度回推,可能不含114年前已停辦或撤站之歷史站點
臺中市,龍井區,104,0,0,FALSE,113,NA,-9,NA,NA,NA,114年現存營運清冊依成立年度回推,可能不含114年前已停辦或撤站之歷史站點
臺中市,龍井區,105,0,0,FALSE,113,NA,-8,NA,NA,NA,114年現存營運清冊依成立年度回推,可能不含114年前已停辦或撤站之歷史站點
臺中市,龍井區,106,0,0,FALSE,113,NA,-7,NA,NA,NA,114年現存營運清冊依成立年度回推,可能不含114年前已停辦或撤站之歷史站點
臺中市,龍井區,107,0,0,FALSE,113,NA,-6,NA,NA,NA,114年現存營運清冊依成立年度回推,可能不含114年前已停辦或撤站之歷史站點
臺中市,龍井區,108,0,0,FALSE,113,NA,-5,NA,NA,NA,114年現存營運清冊依成立年度回推,可能不含114年前已停辦或撤站之歷史站點
臺中市,龍井區,109,0,0,FALSE,113,NA,-4,NA,NA,NA,114年現存營運清冊依成立年度回推,可能不含114年前已停辦或撤站之歷史站點
臺中市,龍井區,110,0,0,FALSE,113,NA,-3,NA,NA,NA,114年現存營運清冊依成立年度回推,可能不含114年前已停辦或撤站之歷史站點
臺中市,龍井區,111,0,0,FALSE,113,NA,-2,NA,NA,NA,114年現存營運清冊依成立年度回推,可能不含114年前已停辦或撤站之歷史站點
臺中市,龍井區,112,0,0,FALSE,113,NA,-1,NA,NA,NA,114年現存營運清冊依成立年度回推,可能不含114年前已停辦或撤站之歷史站點
臺中市,龍井區,113,1,1,TRUE,113,0,0,FALSE,FALSE,FALSE,114年現存營運清冊依成立年度回推,可能不含114年前已停辦或撤站之歷史站點
臺中市,龍井區,114,0,1,TRUE,113,1,1,TRUE,FALSE,FALSE,114年現存營運清冊依成立年度回推,可能不含114年前已停辦或撤站之歷史站點
臺北市,松山區,90,0,0,FALSE,113,NA,-23,NA,NA,NA,114年現存營運清冊依成立年度回推,可能不含114年前已停辦或撤站之歷史站點
臺北市,松山區,91,0,0,FALSE,113,NA,-22,NA,NA,NA,114年現存營運清冊依成立年度回推,可能不含114年前已停辦或撤站之歷史站點
臺北市,松山區,92,0,0,FALSE,113,NA,-21,NA,NA,NA,114年現存營運清冊依成立年度回推,可能不含114年前已停辦或撤站之歷史站點
臺北市,松山區,93,0,0,FALSE,113,NA,-20,NA,NA,NA,114年現存營運清冊依成立年度回推,可能不含114年前已停辦或撤站之歷史站點
臺北市,松山區,94,0,0,FALSE,113,NA,-19,NA,NA,NA,114年現存營運清冊依成立年度回推,可能不含114年前已停辦或撤站之歷史站點
臺北市,松山區,95,0,0,FALSE,113,NA,-18,NA,NA,NA,114年現存營運清冊依成立年度回推,可能不含114年前已停辦或撤站之歷史站點
臺北市,松山區,96,0,0,FALSE,113,NA,-17,NA,NA,NA,114年現存營運清冊依成立年度回推,可能不含114年前已停辦或撤站之歷史站點
臺北市,松山區,97,0,0,FALSE,113,NA,-16,NA,NA,NA,114年現存營運清冊依成立年度回推,可能不含114年前已停辦或撤站之歷史站點
臺北市,松山區,98,0,0,FALSE,113,NA,-15,NA,NA,NA,114年現存營運清冊依成立年度回推,可能不含114年前已停辦或撤站之歷史站點
臺北市,松山區,99,0,0,FALSE,113,NA,-14,NA,NA,NA,114年現存營運清冊依成立年度回推,可能不含114年前已停辦或撤站之歷史站點
臺北市,松山區,100,0,0,FALSE,113,NA,-13,NA,NA,NA,114年現存營運清冊依成立年度回推,可能不含114年前已停辦或撤站之歷史站點
臺北市,松山區,101,0,0,FALSE,113,NA,-12,NA,NA,NA,114年現存營運清冊依成立年度回推,可能不含114年前已停辦或撤站之歷史站點
臺北市,松山區,102,0,0,FALSE,113,NA,-11,NA,NA,NA,114年現存營運清冊依成立年度回推,可能不含114年前已停辦或撤站之歷史站點
臺北市,松山區,103,0,0,FALSE,113,NA,-10,NA,NA,NA,114年現存營運清冊依成立年度回推,可能不含114年前已停辦或撤站之歷史站點
臺北市,松山區,104,0,0,FALSE,113,NA,-9,NA,NA,NA,114年現存營運清冊依成立年度回推,可能不含114年前已停辦或撤站之歷史站點
臺北市,松山區,105,0,0,FALSE,113,NA,-8,NA,NA,NA,114年現存營運清冊依成立年度回推,可能不含114年前已停辦或撤站之歷史站點
臺北市,松山區,106,0,0,FALSE,113,NA,-7,NA,NA,NA,114年現存營運清冊依成立年度回推,可能不含114年前已停辦或撤站之歷史站點
臺北市,松山區,107,0,0,FALSE,113,NA,-6,NA,NA,NA,114年現存營運清冊依成立年度回推,可能不含114年前已停辦或撤站之歷史站點
臺北市,松山區,108,0,0,FALSE,113,NA,-5,NA,NA,NA,114年現存營運清冊依成立年度回推,可能不含114年前已停辦或撤站之歷史站點
臺北市,松山區,109,0,0,FALSE,113,NA,-4,NA,NA,NA,114年現存營運清冊依成立年度回推,可能不含114年前已停辦或撤站之歷史站點
臺北市,松山區,110,0,0,FALSE,113,NA,-3,NA,NA,NA,114年現存營運清冊依成立年度回推,可能不含114年前已停辦或撤站之歷史站點
臺北市,松山區,111,0,0,FALSE,113,NA,-2,NA,NA,NA,114年現存營運清冊依成立年度回推,可能不含114年前已停辦或撤站之歷史站點
臺北市,松山區,112,0,0,FALSE,113,NA,-1,NA,NA,NA,114年現存營運清冊依成立年度回推,可能不含114年前已停辦或撤站之歷史站點
臺北市,松山區,113,1,1,TRUE,113,0,0,FALSE,FALSE,FALSE,114年現存營運清冊依成立年度回推,可能不含114年前已停辦或撤站之歷史站點
臺北市,松山區,114,0,1,TRUE,113,1,1,TRUE,FALSE,FALSE,114年現存營運清冊依成立年度回推,可能不含114年前已停辦或撤站之歷史站點
臺南市,北區,90,0,0,FALSE,106,NA,-16,NA,NA,NA,114年現存營運清冊依成立年度回推,可能不含114年前已停辦或撤站之歷史站點
臺南市,北區,91,0,0,FALSE,106,NA,-15,NA,NA,NA,114年現存營運清冊依成立年度回推,可能不含114年前已停辦或撤站之歷史站點
臺南市,北區,92,0,0,FALSE,106,NA,-14,NA,NA,NA,114年現存營運清冊依成立年度回推,可能不含114年前已停辦或撤站之歷史站點
臺南市,北區,93,0,0,FALSE,106,NA,-13,NA,NA,NA,114年現存營運清冊依成立年度回推,可能不含114年前已停辦或撤站之歷史站點
臺南市,北區,94,0,0,FALSE,106,NA,-12,NA,NA,NA,114年現存營運清冊依成立年度回推,可能不含114年前已停辦或撤站之歷史站點
臺南市,北區,95,0,0,FALSE,106,NA,-11,NA,NA,NA,114年現存營運清冊依成立年度回推,可能不含114年前已停辦或撤站之歷史站點
臺南市,北區,96,0,0,FALSE,106,NA,-10,NA,NA,NA,114年現存營運清冊依成立年度回推,可能不含114年前已停辦或撤站之歷史站點
臺南市,北區,97,0,0,FALSE,106,NA,-9,NA,NA,NA,114年現存營運清冊依成立年度回推,可能不含114年前已停辦或撤站之歷史站點
臺南市,北區,98,0,0,FALSE,106,NA,-8,NA,NA,NA,114年現存營運清冊依成立年度回推,可能不含114年前已停辦或撤站之歷史站點
臺南市,北區,99,0,0,FALSE,106,NA,-7,NA,NA,NA,114年現存營運清冊依成立年度回推,可能不含114年前已停辦或撤站之歷史站點
臺南市,北區,100,0,0,FALSE,106,NA,-6,NA,NA,NA,114年現存營運清冊依成立年度回推,可能不含114年前已停辦或撤站之歷史站點
臺南市,北區,101,0,0,FALSE,106,NA,-5,NA,NA,NA,114年現存營運清冊依成立年度回推,可能不含114年前已停辦或撤站之歷史站點
臺南市,北區,102,0,0,FALSE,106,NA,-4,NA,NA,NA,114年現存營運清冊依成立年度回推,可能不含114年前已停辦或撤站之歷史站點
臺南市,北區,103,0,0,FALSE,106,NA,-3,NA,NA,NA,114年現存營運清冊依成立年度回推,可能不含114年前已停辦或撤站之歷史站點
臺南市,北區,104,0,0,FALSE,106,NA,-2,NA,NA,NA,114年現存營運清冊依成立年度回推,可能不含114年前已停辦或撤站之歷史站點
臺南市,北區,105,0,0,FALSE,106,NA,-1,NA,NA,NA,114年現存營運清冊依成立年度回推,可能不含114年前已停辦或撤站之歷史站點
臺南市,北區,106,1,1,TRUE,106,0,0,FALSE,FALSE,FALSE,114年現存營運清冊依成立年度回推,可能不含114年前已停辦或撤站之歷史站點
臺南市,北區,107,0,1,TRUE,106,1,1,TRUE,FALSE,FALSE,114年現存營運清冊依成立年度回推,可能不含114年前已停辦或撤站之歷史站點
臺南市,北區,108,0,1,TRUE,106,2,2,TRUE,FALSE,FALSE,114年現存營運清冊依成立年度回推,可能不含114年前已停辦或撤站之歷史站點
臺南市,北區,109,0,1,TRUE,106,3,3,TRUE,TRUE,FALSE,114年現存營運清冊依成立年度回推,可能不含114年前已停辦或撤站之歷史站點
臺南市,北區,110,0,1,TRUE,106,4,4,TRUE,TRUE,FALSE,114年現存營運清冊依成立年度回推,可能不含114年前已停辦或撤站之歷史站點
臺南市,北區,111,0,1,TRUE,106,5,5,TRUE,TRUE,TRUE,114年現存營運清冊依成立年度回推,可能不含114年前已停辦或撤站之歷史站點
臺南市,北區,112,0,1,TRUE,106,6,6,TRUE,TRUE,TRUE,114年現存營運清冊依成立年度回推,可能不含114年前已停辦或撤站之歷史站點
臺南市,北區,113,0,1,TRUE,106,7,7,TRUE,TRUE,TRUE,114年現存營運清冊依成立年度回推,可能不含114年前已停辦或撤站之歷史站點
臺南市,北區,114,0,1,TRUE,106,8,8,TRUE,TRUE,TRUE,114年現存營運清冊依成立年度回推,可能不含114年前已停辦或撤站之歷史站點
臺南市,永康區,90,0,0,FALSE,111,NA,-21,NA,NA,NA,114年現存營運清冊依成立年度回推,可能不含114年前已停辦或撤站之歷史站點
臺南市,永康區,91,0,0,FALSE,111,NA,-20,NA,NA,NA,114年現存營運清冊依成立年度回推,可能不含114年前已停辦或撤站之歷史站點
臺南市,永康區,92,0,0,FALSE,111,NA,-19,NA,NA,NA,114年現存營運清冊依成立年度回推,可能不含114年前已停辦或撤站之歷史站點
臺南市,永康區,93,0,0,FALSE,111,NA,-18,NA,NA,NA,114年現存營運清冊依成立年度回推,可能不含114年前已停辦或撤站之歷史站點
臺南市,永康區,94,0,0,FALSE,111,NA,-17,NA,NA,NA,114年現存營運清冊依成立年度回推,可能不含114年前已停辦或撤站之歷史站點
臺南市,永康區,95,0,0,FALSE,111,NA,-16,NA,NA,NA,114年現存營運清冊依成立年度回推,可能不含114年前已停辦或撤站之歷史站點
臺南市,永康區,96,0,0,FALSE,111,NA,-15,NA,NA,NA,114年現存營運清冊依成立年度回推,可能不含114年前已停辦或撤站之歷史站點
臺南市,永康區,97,0,0,FALSE,111,NA,-14,NA,NA,NA,114年現存營運清冊依成立年度回推,可能不含114年前已停辦或撤站之歷史站點
臺南市,永康區,98,0,0,FALSE,111,NA,-13,NA,NA,NA,114年現存營運清冊依成立年度回推,可能不含114年前已停辦或撤站之歷史站點
臺南市,永康區,99,0,0,FALSE,111,NA,-12,NA,NA,NA,114年現存營運清冊依成立年度回推,可能不含114年前已停辦或撤站之歷史站點
臺南市,永康區,100,0,0,FALSE,111,NA,-11,NA,NA,NA,114年現存營運清冊依成立年度回推,可能不含114年前已停辦或撤站之歷史站點
臺南市,永康區,101,0,0,FALSE,111,NA,-10,NA,NA,NA,114年現存營運清冊依成立年度回推,可能不含114年前已停辦或撤站之歷史站點
臺南市,永康區,102,0,0,FALSE,111,NA,-9,NA,NA,NA,114年現存營運清冊依成立年度回推,可能不含114年前已停辦或撤站之歷史站點
臺南市,永康區,103,0,0,FALSE,111,NA,-8,NA,NA,NA,114年現存營運清冊依成立年度回推,可能不含114年前已停辦或撤站之歷史站點
臺南市,永康區,104,0,0,FALSE,111,NA,-7,NA,NA,NA,114年現存營運清冊依成立年度回推,可能不含114年前已停辦或撤站之歷史站點
臺南市,永康區,105,0,0,FALSE,111,NA,-6,NA,NA,NA,114年現存營運清冊依成立年度回推,可能不含114年前已停辦或撤站之歷史站點
臺南市,永康區,106,0,0,FALSE,111,NA,-5,NA,NA,NA,114年現存營運清冊依成立年度回推,可能不含114年前已停辦或撤站之歷史站點
臺南市,永康區,107,0,0,FALSE,111,NA,-4,NA,NA,NA,114年現存營運清冊依成立年度回推,可能不含114年前已停辦或撤站之歷史站點
臺南市,永康區,108,0,0,FALSE,111,NA,-3,NA,NA,NA,114年現存營運清冊依成立年度回推,可能不含114年前已停辦或撤站之歷史站點
臺南市,永康區,109,0,0,FALSE,111,NA,-2,NA,NA,NA,114年現存營運清冊依成立年度回推,可能不含114年前已停辦或撤站之歷史站點
臺南市,永康區,110,0,0,FALSE,111,NA,-1,NA,NA,NA,114年現存營運清冊依成立年度回推,可能不含114年前已停辦或撤站之歷史站點
臺南市,永康區,111,1,1,TRUE,111,0,0,FALSE,FALSE,FALSE,114年現存營運清冊依成立年度回推,可能不含114年前已停辦或撤站之歷史站點
臺南市,永康區,112,0,1,TRUE,111,1,1,TRUE,FALSE,FALSE,114年現存營運清冊依成立年度回推,可能不含114年前已停辦或撤站之歷史站點
臺南市,永康區,113,0,1,TRUE,111,2,2,TRUE,FALSE,FALSE,114年現存營運清冊依成立年度回推,可能不含114年前已停辦或撤站之歷史站點
臺南市,永康區,114,0,1,TRUE,111,3,3,TRUE,TRUE,FALSE,114年現存營運清冊依成立年度回推,可能不含114年前已停辦或撤站之歷史站點
臺東縣,卑南鄉,90,0,0,FALSE,107,NA,-17,NA,NA,NA,114年現存營運清冊依成立年度回推,可能不含114年前已停辦或撤站之歷史站點
臺東縣,卑南鄉,91,0,0,FALSE,107,NA,-16,NA,NA,NA,114年現存營運清冊依成立年度回推,可能不含114年前已停辦或撤站之歷史站點
臺東縣,卑南鄉,92,0,0,FALSE,107,NA,-15,NA,NA,NA,114年現存營運清冊依成立年度回推,可能不含114年前已停辦或撤站之歷史站點
臺東縣,卑南鄉,93,0,0,FALSE,107,NA,-14,NA,NA,NA,114年現存營運清冊依成立年度回推,可能不含114年前已停辦或撤站之歷史站點
臺東縣,卑南鄉,94,0,0,FALSE,107,NA,-13,NA,NA,NA,114年現存營運清冊依成立年度回推,可能不含114年前已停辦或撤站之歷史站點
臺東縣,卑南鄉,95,0,0,FALSE,107,NA,-12,NA,NA,NA,114年現存營運清冊依成立年度回推,可能不含114年前已停辦或撤站之歷史站點
臺東縣,卑南鄉,96,0,0,FALSE,107,NA,-11,NA,NA,NA,114年現存營運清冊依成立年度回推,可能不含114年前已停辦或撤站之歷史站點
臺東縣,卑南鄉,97,0,0,FALSE,107,NA,-10,NA,NA,NA,114年現存營運清冊依成立年度回推,可能不含114年前已停辦或撤站之歷史站點
臺東縣,卑南鄉,98,0,0,FALSE,107,NA,-9,NA,NA,NA,114年現存營運清冊依成立年度回推,可能不含114年前已停辦或撤站之歷史站點
臺東縣,卑南鄉,99,0,0,FALSE,107,NA,-8,NA,NA,NA,114年現存營運清冊依成立年度回推,可能不含114年前已停辦或撤站之歷史站點
臺東縣,卑南鄉,100,0,0,FALSE,107,NA,-7,NA,NA,NA,114年現存營運清冊依成立年度回推,可能不含114年前已停辦或撤站之歷史站點
臺東縣,卑南鄉,101,0,0,FALSE,107,NA,-6,NA,NA,NA,114年現存營運清冊依成立年度回推,可能不含114年前已停辦或撤站之歷史站點
臺東縣,卑南鄉,102,0,0,FALSE,107,NA,-5,NA,NA,NA,114年現存營運清冊依成立年度回推,可能不含114年前已停辦或撤站之歷史站點
臺東縣,卑南鄉,103,0,0,FALSE,107,NA,-4,NA,NA,NA,114年現存營運清冊依成立年度回推,可能不含114年前已停辦或撤站之歷史站點
臺東縣,卑南鄉,104,0,0,FALSE,107,NA,-3,NA,NA,NA,114年現存營運清冊依成立年度回推,可能不含114年前已停辦或撤站之歷史站點
臺東縣,卑南鄉,105,0,0,FALSE,107,NA,-2,NA,NA,NA,114年現存營運清冊依成立年度回推,可能不含114年前已停辦或撤站之歷史站點
臺東縣,卑南鄉,106,0,0,FALSE,107,NA,-1,NA,NA,NA,114年現存營運清冊依成立年度回推,可能不含114年前已停辦或撤站之歷史站點
臺東縣,卑南鄉,107,1,1,TRUE,107,0,0,FALSE,FALSE,FALSE,114年現存營運清冊依成立年度回推,可能不含114年前已停辦或撤站之歷史站點
臺東縣,卑南鄉,108,5,6,TRUE,107,1,1,TRUE,FALSE,FALSE,114年現存營運清冊依成立年度回推,可能不含114年前已停辦或撤站之歷史站點
臺東縣,卑南鄉,109,0,6,TRUE,107,2,2,TRUE,FALSE,FALSE,114年現存營運清冊依成立年度回推,可能不含114年前已停辦或撤站之歷史站點
臺東縣,卑南鄉,110,0,6,TRUE,107,3,3,TRUE,TRUE,FALSE,114年現存營運清冊依成立年度回推,可能不含114年前已停辦或撤站之歷史站點
臺東縣,卑南鄉,111,2,8,TRUE,107,4,4,TRUE,TRUE,FALSE,114年現存營運清冊依成立年度回推,可能不含114年前已停辦或撤站之歷史站點
臺東縣,卑南鄉,112,0,8,TRUE,107,5,5,TRUE,TRUE,TRUE,114年現存營運清冊依成立年度回推,可能不含114年前已停辦或撤站之歷史站點
臺東縣,卑南鄉,113,1,9,TRUE,107,6,6,TRUE,TRUE,TRUE,114年現存營運清冊依成立年度回推,可能不含114年前已停辦或撤站之歷史站點
臺東縣,卑南鄉,114,1,10,TRUE,107,7,7,TRUE,TRUE,TRUE,114年現存營運清冊依成立年度回推,可能不含114年前已停辦或撤站之歷史站點
臺東縣,大武鄉,90,0,0,FALSE,106,NA,-16,NA,NA,NA,114年現存營運清冊依成立年度回推,可能不含114年前已停辦或撤站之歷史站點
臺東縣,大武鄉,91,0,0,FALSE,106,NA,-15,NA,NA,NA,114年現存營運清冊依成立年度回推,可能不含114年前已停辦或撤站之歷史站點
臺東縣,大武鄉,92,0,0,FALSE,106,NA,-14,NA,NA,NA,114年現存營運清冊依成立年度回推,可能不含114年前已停辦或撤站之歷史站點
臺東縣,大武鄉,93,0,0,FALSE,106,NA,-13,NA,NA,NA,114年現存營運清冊依成立年度回推,可能不含114年前已停辦或撤站之歷史站點
臺東縣,大武鄉,94,0,0,FALSE,106,NA,-12,NA,NA,NA,114年現存營運清冊依成立年度回推,可能不含114年前已停辦或撤站之歷史站點
臺東縣,大武鄉,95,0,0,FALSE,106,NA,-11,NA,NA,NA,114年現存營運清冊依成立年度回推,可能不含114年前已停辦或撤站之歷史站點
臺東縣,大武鄉,96,0,0,FALSE,106,NA,-10,NA,NA,NA,114年現存營運清冊依成立年度回推,可能不含114年前已停辦或撤站之歷史站點
臺東縣,大武鄉,97,0,0,FALSE,106,NA,-9,NA,NA,NA,114年現存營運清冊依成立年度回推,可能不含114年前已停辦或撤站之歷史站點
臺東縣,大武鄉,98,0,0,FALSE,106,NA,-8,NA,NA,NA,114年現存營運清冊依成立年度回推,可能不含114年前已停辦或撤站之歷史站點
臺東縣,大武鄉,99,0,0,FALSE,106,NA,-7,NA,NA,NA,114年現存營運清冊依成立年度回推,可能不含114年前已停辦或撤站之歷史站點
臺東縣,大武鄉,100,0,0,FALSE,106,NA,-6,NA,NA,NA,114年現存營運清冊依成立年度回推,可能不含114年前已停辦或撤站之歷史站點
臺東縣,大武鄉,101,0,0,FALSE,106,NA,-5,NA,NA,NA,114年現存營運清冊依成立年度回推,可能不含114年前已停辦或撤站之歷史站點
臺東縣,大武鄉,102,0,0,FALSE,106,NA,-4,NA,NA,NA,114年現存營運清冊依成立年度回推,可能不含114年前已停辦或撤站之歷史站點
臺東縣,大武鄉,103,0,0,FALSE,106,NA,-3,NA,NA,NA,114年現存營運清冊依成立年度回推,可能不含114年前已停辦或撤站之歷史站點
臺東縣,大武鄉,104,0,0,FALSE,106,NA,-2,NA,NA,NA,114年現存營運清冊依成立年度回推,可能不含114年前已停辦或撤站之歷史站點
臺東縣,大武鄉,105,0,0,FALSE,106,NA,-1,NA,NA,NA,114年現存營運清冊依成立年度回推,可能不含114年前已停辦或撤站之歷史站點
臺東縣,大武鄉,106,1,1,TRUE,106,0,0,FALSE,FALSE,FALSE,114年現存營運清冊依成立年度回推,可能不含114年前已停辦或撤站之歷史站點
臺東縣,大武鄉,107,3,4,TRUE,106,1,1,TRUE,FALSE,FALSE,114年現存營運清冊依成立年度回推,可能不含114年前已停辦或撤站之歷史站點
臺東縣,大武鄉,108,2,6,TRUE,106,2,2,TRUE,FALSE,FALSE,114年現存營運清冊依成立年度回推,可能不含114年前已停辦或撤站之歷史站點
臺東縣,大武鄉,109,1,7,TRUE,106,3,3,TRUE,TRUE,FALSE,114年現存營運清冊依成立年度回推,可能不含114年前已停辦或撤站之歷史站點
臺東縣,大武鄉,110,0,7,TRUE,106,4,4,TRUE,TRUE,FALSE,114年現存營運清冊依成立年度回推,可能不含114年前已停辦或撤站之歷史站點
臺東縣,大武鄉,111,0,7,TRUE,106,5,5,TRUE,TRUE,TRUE,114年現存營運清冊依成立年度回推,可能不含114年前已停辦或撤站之歷史站點
臺東縣,大武鄉,112,0,7,TRUE,106,6,6,TRUE,TRUE,TRUE,114年現存營運清冊依成立年度回推,可能不含114年前已停辦或撤站之歷史站點
臺東縣,大武鄉,113,0,7,TRUE,106,7,7,TRUE,TRUE,TRUE,114年現存營運清冊依成立年度回推,可能不含114年前已停辦或撤站之歷史站點
臺東縣,大武鄉,114,0,7,TRUE,106,8,8,TRUE,TRUE,TRUE,114年現存營運清冊依成立年度回推,可能不含114年前已停辦或撤站之歷史站點
臺東縣,太麻里鄉,90,0,0,FALSE,101,NA,-11,NA,NA,NA,114年現存營運清冊依成立年度回推,可能不含114年前已停辦或撤站之歷史站點
臺東縣,太麻里鄉,91,0,0,FALSE,101,NA,-10,NA,NA,NA,114年現存營運清冊依成立年度回推,可能不含114年前已停辦或撤站之歷史站點
臺東縣,太麻里鄉,92,0,0,FALSE,101,NA,-9,NA,NA,NA,114年現存營運清冊依成立年度回推,可能不含114年前已停辦或撤站之歷史站點
臺東縣,太麻里鄉,93,0,0,FALSE,101,NA,-8,NA,NA,NA,114年現存營運清冊依成立年度回推,可能不含114年前已停辦或撤站之歷史站點
臺東縣,太麻里鄉,94,0,0,FALSE,101,NA,-7,NA,NA,NA,114年現存營運清冊依成立年度回推,可能不含114年前已停辦或撤站之歷史站點
臺東縣,太麻里鄉,95,0,0,FALSE,101,NA,-6,NA,NA,NA,114年現存營運清冊依成立年度回推,可能不含114年前已停辦或撤站之歷史站點
臺東縣,太麻里鄉,96,0,0,FALSE,101,NA,-5,NA,NA,NA,114年現存營運清冊依成立年度回推,可能不含114年前已停辦或撤站之歷史站點
臺東縣,太麻里鄉,97,0,0,FALSE,101,NA,-4,NA,NA,NA,114年現存營運清冊依成立年度回推,可能不含114年前已停辦或撤站之歷史站點
臺東縣,太麻里鄉,98,0,0,FALSE,101,NA,-3,NA,NA,NA,114年現存營運清冊依成立年度回推,可能不含114年前已停辦或撤站之歷史站點
臺東縣,太麻里鄉,99,0,0,FALSE,101,NA,-2,NA,NA,NA,114年現存營運清冊依成立年度回推,可能不含114年前已停辦或撤站之歷史站點
臺東縣,太麻里鄉,100,0,0,FALSE,101,NA,-1,NA,NA,NA,114年現存營運清冊依成立年度回推,可能不含114年前已停辦或撤站之歷史站點
臺東縣,太麻里鄉,101,1,1,TRUE,101,0,0,FALSE,FALSE,FALSE,114年現存營運清冊依成立年度回推,可能不含114年前已停辦或撤站之歷史站點
臺東縣,太麻里鄉,102,0,1,TRUE,101,1,1,TRUE,FALSE,FALSE,114年現存營運清冊依成立年度回推,可能不含114年前已停辦或撤站之歷史站點
臺東縣,太麻里鄉,103,0,1,TRUE,101,2,2,TRUE,FALSE,FALSE,114年現存營運清冊依成立年度回推,可能不含114年前已停辦或撤站之歷史站點
臺東縣,太麻里鄉,104,0,1,TRUE,101,3,3,TRUE,TRUE,FALSE,114年現存營運清冊依成立年度回推,可能不含114年前已停辦或撤站之歷史站點
臺東縣,太麻里鄉,105,0,1,TRUE,101,4,4,TRUE,TRUE,FALSE,114年現存營運清冊依成立年度回推,可能不含114年前已停辦或撤站之歷史站點
臺東縣,太麻里鄉,106,1,2,TRUE,101,5,5,TRUE,TRUE,TRUE,114年現存營運清冊依成立年度回推,可能不含114年前已停辦或撤站之歷史站點
臺東縣,太麻里鄉,107,0,2,TRUE,101,6,6,TRUE,TRUE,TRUE,114年現存營運清冊依成立年度回推,可能不含114年前已停辦或撤站之歷史站點
臺東縣,太麻里鄉,108,1,3,TRUE,101,7,7,TRUE,TRUE,TRUE,114年現存營運清冊依成立年度回推,可能不含114年前已停辦或撤站之歷史站點
臺東縣,太麻里鄉,109,4,7,TRUE,101,8,8,TRUE,TRUE,TRUE,114年現存營運清冊依成立年度回推,可能不含114年前已停辦或撤站之歷史站點
臺東縣,太麻里鄉,110,0,7,TRUE,101,9,9,TRUE,TRUE,TRUE,114年現存營運清冊依成立年度回推,可能不含114年前已停辦或撤站之歷史站點
臺東縣,太麻里鄉,111,0,7,TRUE,101,10,10,TRUE,TRUE,TRUE,114年現存營運清冊依成立年度回推,可能不含114年前已停辦或撤站之歷史站點
臺東縣,太麻里鄉,112,0,7,TRUE,101,11,11,TRUE,TRUE,TRUE,114年現存營運清冊依成立年度回推,可能不含114年前已停辦或撤站之歷史站點
臺東縣,太麻里鄉,113,0,7,TRUE,101,12,12,TRUE,TRUE,TRUE,114年現存營運清冊依成立年度回推,可能不含114年前已停辦或撤站之歷史站點
臺東縣,太麻里鄉,114,0,7,TRUE,101,13,13,TRUE,TRUE,TRUE,114年現存營運清冊依成立年度回推,可能不含114年前已停辦或撤站之歷史站點
臺東縣,延平鄉,90,0,0,FALSE,102,NA,-12,NA,NA,NA,114年現存營運清冊依成立年度回推,可能不含114年前已停辦或撤站之歷史站點
臺東縣,延平鄉,91,0,0,FALSE,102,NA,-11,NA,NA,NA,114年現存營運清冊依成立年度回推,可能不含114年前已停辦或撤站之歷史站點
臺東縣,延平鄉,92,0,0,FALSE,102,NA,-10,NA,NA,NA,114年現存營運清冊依成立年度回推,可能不含114年前已停辦或撤站之歷史站點
臺東縣,延平鄉,93,0,0,FALSE,102,NA,-9,NA,NA,NA,114年現存營運清冊依成立年度回推,可能不含114年前已停辦或撤站之歷史站點
臺東縣,延平鄉,94,0,0,FALSE,102,NA,-8,NA,NA,NA,114年現存營運清冊依成立年度回推,可能不含114年前已停辦或撤站之歷史站點
臺東縣,延平鄉,95,0,0,FALSE,102,NA,-7,NA,NA,NA,114年現存營運清冊依成立年度回推,可能不含114年前已停辦或撤站之歷史站點
臺東縣,延平鄉,96,0,0,FALSE,102,NA,-6,NA,NA,NA,114年現存營運清冊依成立年度回推,可能不含114年前已停辦或撤站之歷史站點
臺東縣,延平鄉,97,0,0,FALSE,102,NA,-5,NA,NA,NA,114年現存營運清冊依成立年度回推,可能不含114年前已停辦或撤站之歷史站點
臺東縣,延平鄉,98,0,0,FALSE,102,NA,-4,NA,NA,NA,114年現存營運清冊依成立年度回推,可能不含114年前已停辦或撤站之歷史站點
臺東縣,延平鄉,99,0,0,FALSE,102,NA,-3,NA,NA,NA,114年現存營運清冊依成立年度回推,可能不含114年前已停辦或撤站之歷史站點
臺東縣,延平鄉,100,0,0,FALSE,102,NA,-2,NA,NA,NA,114年現存營運清冊依成立年度回推,可能不含114年前已停辦或撤站之歷史站點
臺東縣,延平鄉,101,0,0,FALSE,102,NA,-1,NA,NA,NA,114年現存營運清冊依成立年度回推,可能不含114年前已停辦或撤站之歷史站點
臺東縣,延平鄉,102,1,1,TRUE,102,0,0,FALSE,FALSE,FALSE,114年現存營運清冊依成立年度回推,可能不含114年前已停辦或撤站之歷史站點
臺東縣,延平鄉,103,0,1,TRUE,102,1,1,TRUE,FALSE,FALSE,114年現存營運清冊依成立年度回推,可能不含114年前已停辦或撤站之歷史站點
臺東縣,延平鄉,104,1,2,TRUE,102,2,2,TRUE,FALSE,FALSE,114年現存營運清冊依成立年度回推,可能不含114年前已停辦或撤站之歷史站點
臺東縣,延平鄉,105,0,2,TRUE,102,3,3,TRUE,TRUE,FALSE,114年現存營運清冊依成立年度回推,可能不含114年前已停辦或撤站之歷史站點
臺東縣,延平鄉,106,0,2,TRUE,102,4,4,TRUE,TRUE,FALSE,114年現存營運清冊依成立年度回推,可能不含114年前已停辦或撤站之歷史站點
臺東縣,延平鄉,107,0,2,TRUE,102,5,5,TRUE,TRUE,TRUE,114年現存營運清冊依成立年度回推,可能不含114年前已停辦或撤站之歷史站點
臺東縣,延平鄉,108,1,3,TRUE,102,6,6,TRUE,TRUE,TRUE,114年現存營運清冊依成立年度回推,可能不含114年前已停辦或撤站之歷史站點
臺東縣,延平鄉,109,1,4,TRUE,102,7,7,TRUE,TRUE,TRUE,114年現存營運清冊依成立年度回推,可能不含114年前已停辦或撤站之歷史站點
臺東縣,延平鄉,110,0,4,TRUE,102,8,8,TRUE,TRUE,TRUE,114年現存營運清冊依成立年度回推,可能不含114年前已停辦或撤站之歷史站點
臺東縣,延平鄉,111,1,5,TRUE,102,9,9,TRUE,TRUE,TRUE,114年現存營運清冊依成立年度回推,可能不含114年前已停辦或撤站之歷史站點
臺東縣,延平鄉,112,0,5,TRUE,102,10,10,TRUE,TRUE,TRUE,114年現存營運清冊依成立年度回推,可能不含114年前已停辦或撤站之歷史站點
臺東縣,延平鄉,113,0,5,TRUE,102,11,11,TRUE,TRUE,TRUE,114年現存營運清冊依成立年度回推,可能不含114年前已停辦或撤站之歷史站點
臺東縣,延平鄉,114,0,5,TRUE,102,12,12,TRUE,TRUE,TRUE,114年現存營運清冊依成立年度回推,可能不含114年前已停辦或撤站之歷史站點
臺東縣,成功鎮,90,0,0,FALSE,101,NA,-11,NA,NA,NA,114年現存營運清冊依成立年度回推,可能不含114年前已停辦或撤站之歷史站點
臺東縣,成功鎮,91,0,0,FALSE,101,NA,-10,NA,NA,NA,114年現存營運清冊依成立年度回推,可能不含114年前已停辦或撤站之歷史站點
臺東縣,成功鎮,92,0,0,FALSE,101,NA,-9,NA,NA,NA,114年現存營運清冊依成立年度回推,可能不含114年前已停辦或撤站之歷史站點
臺東縣,成功鎮,93,0,0,FALSE,101,NA,-8,NA,NA,NA,114年現存營運清冊依成立年度回推,可能不含114年前已停辦或撤站之歷史站點
臺東縣,成功鎮,94,0,0,FALSE,101,NA,-7,NA,NA,NA,114年現存營運清冊依成立年度回推,可能不含114年前已停辦或撤站之歷史站點
臺東縣,成功鎮,95,0,0,FALSE,101,NA,-6,NA,NA,NA,114年現存營運清冊依成立年度回推,可能不含114年前已停辦或撤站之歷史站點
臺東縣,成功鎮,96,0,0,FALSE,101,NA,-5,NA,NA,NA,114年現存營運清冊依成立年度回推,可能不含114年前已停辦或撤站之歷史站點
臺東縣,成功鎮,97,0,0,FALSE,101,NA,-4,NA,NA,NA,114年現存營運清冊依成立年度回推,可能不含114年前已停辦或撤站之歷史站點
臺東縣,成功鎮,98,0,0,FALSE,101,NA,-3,NA,NA,NA,114年現存營運清冊依成立年度回推,可能不含114年前已停辦或撤站之歷史站點
臺東縣,成功鎮,99,0,0,FALSE,101,NA,-2,NA,NA,NA,114年現存營運清冊依成立年度回推,可能不含114年前已停辦或撤站之歷史站點
臺東縣,成功鎮,100,0,0,FALSE,101,NA,-1,NA,NA,NA,114年現存營運清冊依成立年度回推,可能不含114年前已停辦或撤站之歷史站點
臺東縣,成功鎮,101,1,1,TRUE,101,0,0,FALSE,FALSE,FALSE,114年現存營運清冊依成立年度回推,可能不含114年前已停辦或撤站之歷史站點
臺東縣,成功鎮,102,0,1,TRUE,101,1,1,TRUE,FALSE,FALSE,114年現存營運清冊依成立年度回推,可能不含114年前已停辦或撤站之歷史站點
臺東縣,成功鎮,103,0,1,TRUE,101,2,2,TRUE,FALSE,FALSE,114年現存營運清冊依成立年度回推,可能不含114年前已停辦或撤站之歷史站點
臺東縣,成功鎮,104,0,1,TRUE,101,3,3,TRUE,TRUE,FALSE,114年現存營運清冊依成立年度回推,可能不含114年前已停辦或撤站之歷史站點
臺東縣,成功鎮,105,0,1,TRUE,101,4,4,TRUE,TRUE,FALSE,114年現存營運清冊依成立年度回推,可能不含114年前已停辦或撤站之歷史站點
臺東縣,成功鎮,106,0,1,TRUE,101,5,5,TRUE,TRUE,TRUE,114年現存營運清冊依成立年度回推,可能不含114年前已停辦或撤站之歷史站點
臺東縣,成功鎮,107,1,2,TRUE,101,6,6,TRUE,TRUE,TRUE,114年現存營運清冊依成立年度回推,可能不含114年前已停辦或撤站之歷史站點
臺東縣,成功鎮,108,5,7,TRUE,101,7,7,TRUE,TRUE,TRUE,114年現存營運清冊依成立年度回推,可能不含114年前已停辦或撤站之歷史站點
臺東縣,成功鎮,109,2,9,TRUE,101,8,8,TRUE,TRUE,TRUE,114年現存營運清冊依成立年度回推,可能不含114年前已停辦或撤站之歷史站點
臺東縣,成功鎮,110,0,9,TRUE,101,9,9,TRUE,TRUE,TRUE,114年現存營運清冊依成立年度回推,可能不含114年前已停辦或撤站之歷史站點
臺東縣,成功鎮,111,1,10,TRUE,101,10,10,TRUE,TRUE,TRUE,114年現存營運清冊依成立年度回推,可能不含114年前已停辦或撤站之歷史站點
臺東縣,成功鎮,112,0,10,TRUE,101,11,11,TRUE,TRUE,TRUE,114年現存營運清冊依成立年度回推,可能不含114年前已停辦或撤站之歷史站點
臺東縣,成功鎮,113,1,11,TRUE,101,12,12,TRUE,TRUE,TRUE,114年現存營運清冊依成立年度回推,可能不含114年前已停辦或撤站之歷史站點
臺東縣,成功鎮,114,0,11,TRUE,101,13,13,TRUE,TRUE,TRUE,114年現存營運清冊依成立年度回推,可能不含114年前已停辦或撤站之歷史站點
臺東縣,東河鄉,90,0,0,FALSE,107,NA,-17,NA,NA,NA,114年現存營運清冊依成立年度回推,可能不含114年前已停辦或撤站之歷史站點
臺東縣,東河鄉,91,0,0,FALSE,107,NA,-16,NA,NA,NA,114年現存營運清冊依成立年度回推,可能不含114年前已停辦或撤站之歷史站點
臺東縣,東河鄉,92,0,0,FALSE,107,NA,-15,NA,NA,NA,114年現存營運清冊依成立年度回推,可能不含114年前已停辦或撤站之歷史站點
臺東縣,東河鄉,93,0,0,FALSE,107,NA,-14,NA,NA,NA,114年現存營運清冊依成立年度回推,可能不含114年前已停辦或撤站之歷史站點
臺東縣,東河鄉,94,0,0,FALSE,107,NA,-13,NA,NA,NA,114年現存營運清冊依成立年度回推,可能不含114年前已停辦或撤站之歷史站點
臺東縣,東河鄉,95,0,0,FALSE,107,NA,-12,NA,NA,NA,114年現存營運清冊依成立年度回推,可能不含114年前已停辦或撤站之歷史站點
臺東縣,東河鄉,96,0,0,FALSE,107,NA,-11,NA,NA,NA,114年現存營運清冊依成立年度回推,可能不含114年前已停辦或撤站之歷史站點
臺東縣,東河鄉,97,0,0,FALSE,107,NA,-10,NA,NA,NA,114年現存營運清冊依成立年度回推,可能不含114年前已停辦或撤站之歷史站點
臺東縣,東河鄉,98,0,0,FALSE,107,NA,-9,NA,NA,NA,114年現存營運清冊依成立年度回推,可能不含114年前已停辦或撤站之歷史站點
臺東縣,東河鄉,99,0,0,FALSE,107,NA,-8,NA,NA,NA,114年現存營運清冊依成立年度回推,可能不含114年前已停辦或撤站之歷史站點
臺東縣,東河鄉,100,0,0,FALSE,107,NA,-7,NA,NA,NA,114年現存營運清冊依成立年度回推,可能不含114年前已停辦或撤站之歷史站點
臺東縣,東河鄉,101,0,0,FALSE,107,NA,-6,NA,NA,NA,114年現存營運清冊依成立年度回推,可能不含114年前已停辦或撤站之歷史站點
臺東縣,東河鄉,102,0,0,FALSE,107,NA,-5,NA,NA,NA,114年現存營運清冊依成立年度回推,可能不含114年前已停辦或撤站之歷史站點
臺東縣,東河鄉,103,0,0,FALSE,107,NA,-4,NA,NA,NA,114年現存營運清冊依成立年度回推,可能不含114年前已停辦或撤站之歷史站點
臺東縣,東河鄉,104,0,0,FALSE,107,NA,-3,NA,NA,NA,114年現存營運清冊依成立年度回推,可能不含114年前已停辦或撤站之歷史站點
臺東縣,東河鄉,105,0,0,FALSE,107,NA,-2,NA,NA,NA,114年現存營運清冊依成立年度回推,可能不含114年前已停辦或撤站之歷史站點
臺東縣,東河鄉,106,0,0,FALSE,107,NA,-1,NA,NA,NA,114年現存營運清冊依成立年度回推,可能不含114年前已停辦或撤站之歷史站點
臺東縣,東河鄉,107,2,2,TRUE,107,0,0,FALSE,FALSE,FALSE,114年現存營運清冊依成立年度回推,可能不含114年前已停辦或撤站之歷史站點
臺東縣,東河鄉,108,0,2,TRUE,107,1,1,TRUE,FALSE,FALSE,114年現存營運清冊依成立年度回推,可能不含114年前已停辦或撤站之歷史站點
臺東縣,東河鄉,109,1,3,TRUE,107,2,2,TRUE,FALSE,FALSE,114年現存營運清冊依成立年度回推,可能不含114年前已停辦或撤站之歷史站點
臺東縣,東河鄉,110,0,3,TRUE,107,3,3,TRUE,TRUE,FALSE,114年現存營運清冊依成立年度回推,可能不含114年前已停辦或撤站之歷史站點
臺東縣,東河鄉,111,1,4,TRUE,107,4,4,TRUE,TRUE,FALSE,114年現存營運清冊依成立年度回推,可能不含114年前已停辦或撤站之歷史站點
臺東縣,東河鄉,112,0,4,TRUE,107,5,5,TRUE,TRUE,TRUE,114年現存營運清冊依成立年度回推,可能不含114年前已停辦或撤站之歷史站點
臺東縣,東河鄉,113,1,5,TRUE,107,6,6,TRUE,TRUE,TRUE,114年現存營運清冊依成立年度回推,可能不含114年前已停辦或撤站之歷史站點
臺東縣,東河鄉,114,0,5,TRUE,107,7,7,TRUE,TRUE,TRUE,114年現存營運清冊依成立年度回推,可能不含114年前已停辦或撤站之歷史站點
臺東縣,池上鄉,90,0,0,FALSE,106,NA,-16,NA,NA,NA,114年現存營運清冊依成立年度回推,可能不含114年前已停辦或撤站之歷史站點
臺東縣,池上鄉,91,0,0,FALSE,106,NA,-15,NA,NA,NA,114年現存營運清冊依成立年度回推,可能不含114年前已停辦或撤站之歷史站點
臺東縣,池上鄉,92,0,0,FALSE,106,NA,-14,NA,NA,NA,114年現存營運清冊依成立年度回推,可能不含114年前已停辦或撤站之歷史站點
臺東縣,池上鄉,93,0,0,FALSE,106,NA,-13,NA,NA,NA,114年現存營運清冊依成立年度回推,可能不含114年前已停辦或撤站之歷史站點
臺東縣,池上鄉,94,0,0,FALSE,106,NA,-12,NA,NA,NA,114年現存營運清冊依成立年度回推,可能不含114年前已停辦或撤站之歷史站點
臺東縣,池上鄉,95,0,0,FALSE,106,NA,-11,NA,NA,NA,114年現存營運清冊依成立年度回推,可能不含114年前已停辦或撤站之歷史站點
臺東縣,池上鄉,96,0,0,FALSE,106,NA,-10,NA,NA,NA,114年現存營運清冊依成立年度回推,可能不含114年前已停辦或撤站之歷史站點
臺東縣,池上鄉,97,0,0,FALSE,106,NA,-9,NA,NA,NA,114年現存營運清冊依成立年度回推,可能不含114年前已停辦或撤站之歷史站點
臺東縣,池上鄉,98,0,0,FALSE,106,NA,-8,NA,NA,NA,114年現存營運清冊依成立年度回推,可能不含114年前已停辦或撤站之歷史站點
臺東縣,池上鄉,99,0,0,FALSE,106,NA,-7,NA,NA,NA,114年現存營運清冊依成立年度回推,可能不含114年前已停辦或撤站之歷史站點
臺東縣,池上鄉,100,0,0,FALSE,106,NA,-6,NA,NA,NA,114年現存營運清冊依成立年度回推,可能不含114年前已停辦或撤站之歷史站點
臺東縣,池上鄉,101,0,0,FALSE,106,NA,-5,NA,NA,NA,114年現存營運清冊依成立年度回推,可能不含114年前已停辦或撤站之歷史站點
臺東縣,池上鄉,102,0,0,FALSE,106,NA,-4,NA,NA,NA,114年現存營運清冊依成立年度回推,可能不含114年前已停辦或撤站之歷史站點
臺東縣,池上鄉,103,0,0,FALSE,106,NA,-3,NA,NA,NA,114年現存營運清冊依成立年度回推,可能不含114年前已停辦或撤站之歷史站點
臺東縣,池上鄉,104,0,0,FALSE,106,NA,-2,NA,NA,NA,114年現存營運清冊依成立年度回推,可能不含114年前已停辦或撤站之歷史站點
臺東縣,池上鄉,105,0,0,FALSE,106,NA,-1,NA,NA,NA,114年現存營運清冊依成立年度回推,可能不含114年前已停辦或撤站之歷史站點
臺東縣,池上鄉,106,1,1,TRUE,106,0,0,FALSE,FALSE,FALSE,114年現存營運清冊依成立年度回推,可能不含114年前已停辦或撤站之歷史站點
臺東縣,池上鄉,107,1,2,TRUE,106,1,1,TRUE,FALSE,FALSE,114年現存營運清冊依成立年度回推,可能不含114年前已停辦或撤站之歷史站點
臺東縣,池上鄉,108,2,4,TRUE,106,2,2,TRUE,FALSE,FALSE,114年現存營運清冊依成立年度回推,可能不含114年前已停辦或撤站之歷史站點
臺東縣,池上鄉,109,2,6,TRUE,106,3,3,TRUE,TRUE,FALSE,114年現存營運清冊依成立年度回推,可能不含114年前已停辦或撤站之歷史站點
臺東縣,池上鄉,110,0,6,TRUE,106,4,4,TRUE,TRUE,FALSE,114年現存營運清冊依成立年度回推,可能不含114年前已停辦或撤站之歷史站點
臺東縣,池上鄉,111,2,8,TRUE,106,5,5,TRUE,TRUE,TRUE,114年現存營運清冊依成立年度回推,可能不含114年前已停辦或撤站之歷史站點
臺東縣,池上鄉,112,0,8,TRUE,106,6,6,TRUE,TRUE,TRUE,114年現存營運清冊依成立年度回推,可能不含114年前已停辦或撤站之歷史站點
臺東縣,池上鄉,113,0,8,TRUE,106,7,7,TRUE,TRUE,TRUE,114年現存營運清冊依成立年度回推,可能不含114年前已停辦或撤站之歷史站點
臺東縣,池上鄉,114,0,8,TRUE,106,8,8,TRUE,TRUE,TRUE,114年現存營運清冊依成立年度回推,可能不含114年前已停辦或撤站之歷史站點
臺東縣,海端鄉,90,0,0,FALSE,108,NA,-18,NA,NA,NA,114年現存營運清冊依成立年度回推,可能不含114年前已停辦或撤站之歷史站點
臺東縣,海端鄉,91,0,0,FALSE,108,NA,-17,NA,NA,NA,114年現存營運清冊依成立年度回推,可能不含114年前已停辦或撤站之歷史站點
臺東縣,海端鄉,92,0,0,FALSE,108,NA,-16,NA,NA,NA,114年現存營運清冊依成立年度回推,可能不含114年前已停辦或撤站之歷史站點
臺東縣,海端鄉,93,0,0,FALSE,108,NA,-15,NA,NA,NA,114年現存營運清冊依成立年度回推,可能不含114年前已停辦或撤站之歷史站點
臺東縣,海端鄉,94,0,0,FALSE,108,NA,-14,NA,NA,NA,114年現存營運清冊依成立年度回推,可能不含114年前已停辦或撤站之歷史站點
臺東縣,海端鄉,95,0,0,FALSE,108,NA,-13,NA,NA,NA,114年現存營運清冊依成立年度回推,可能不含114年前已停辦或撤站之歷史站點
臺東縣,海端鄉,96,0,0,FALSE,108,NA,-12,NA,NA,NA,114年現存營運清冊依成立年度回推,可能不含114年前已停辦或撤站之歷史站點
臺東縣,海端鄉,97,0,0,FALSE,108,NA,-11,NA,NA,NA,114年現存營運清冊依成立年度回推,可能不含114年前已停辦或撤站之歷史站點
臺東縣,海端鄉,98,0,0,FALSE,108,NA,-10,NA,NA,NA,114年現存營運清冊依成立年度回推,可能不含114年前已停辦或撤站之歷史站點
臺東縣,海端鄉,99,0,0,FALSE,108,NA,-9,NA,NA,NA,114年現存營運清冊依成立年度回推,可能不含114年前已停辦或撤站之歷史站點
臺東縣,海端鄉,100,0,0,FALSE,108,NA,-8,NA,NA,NA,114年現存營運清冊依成立年度回推,可能不含114年前已停辦或撤站之歷史站點
臺東縣,海端鄉,101,0,0,FALSE,108,NA,-7,NA,NA,NA,114年現存營運清冊依成立年度回推,可能不含114年前已停辦或撤站之歷史站點
臺東縣,海端鄉,102,0,0,FALSE,108,NA,-6,NA,NA,NA,114年現存營運清冊依成立年度回推,可能不含114年前已停辦或撤站之歷史站點
臺東縣,海端鄉,103,0,0,FALSE,108,NA,-5,NA,NA,NA,114年現存營運清冊依成立年度回推,可能不含114年前已停辦或撤站之歷史站點
臺東縣,海端鄉,104,0,0,FALSE,108,NA,-4,NA,NA,NA,114年現存營運清冊依成立年度回推,可能不含114年前已停辦或撤站之歷史站點
臺東縣,海端鄉,105,0,0,FALSE,108,NA,-3,NA,NA,NA,114年現存營運清冊依成立年度回推,可能不含114年前已停辦或撤站之歷史站點
臺東縣,海端鄉,106,0,0,FALSE,108,NA,-2,NA,NA,NA,114年現存營運清冊依成立年度回推,可能不含114年前已停辦或撤站之歷史站點
臺東縣,海端鄉,107,0,0,FALSE,108,NA,-1,NA,NA,NA,114年現存營運清冊依成立年度回推,可能不含114年前已停辦或撤站之歷史站點
臺東縣,海端鄉,108,1,1,TRUE,108,0,0,FALSE,FALSE,FALSE,114年現存營運清冊依成立年度回推,可能不含114年前已停辦或撤站之歷史站點
臺東縣,海端鄉,109,2,3,TRUE,108,1,1,TRUE,FALSE,FALSE,114年現存營運清冊依成立年度回推,可能不含114年前已停辦或撤站之歷史站點
臺東縣,海端鄉,110,0,3,TRUE,108,2,2,TRUE,FALSE,FALSE,114年現存營運清冊依成立年度回推,可能不含114年前已停辦或撤站之歷史站點
臺東縣,海端鄉,111,2,5,TRUE,108,3,3,TRUE,TRUE,FALSE,114年現存營運清冊依成立年度回推,可能不含114年前已停辦或撤站之歷史站點
臺東縣,海端鄉,112,1,6,TRUE,108,4,4,TRUE,TRUE,FALSE,114年現存營運清冊依成立年度回推,可能不含114年前已停辦或撤站之歷史站點
臺東縣,海端鄉,113,0,6,TRUE,108,5,5,TRUE,TRUE,TRUE,114年現存營運清冊依成立年度回推,可能不含114年前已停辦或撤站之歷史站點
臺東縣,海端鄉,114,0,6,TRUE,108,6,6,TRUE,TRUE,TRUE,114年現存營運清冊依成立年度回推,可能不含114年前已停辦或撤站之歷史站點
臺東縣,臺東市,90,0,0,FALSE,107,NA,-17,NA,NA,NA,114年現存營運清冊依成立年度回推,可能不含114年前已停辦或撤站之歷史站點
臺東縣,臺東市,91,0,0,FALSE,107,NA,-16,NA,NA,NA,114年現存營運清冊依成立年度回推,可能不含114年前已停辦或撤站之歷史站點
臺東縣,臺東市,92,0,0,FALSE,107,NA,-15,NA,NA,NA,114年現存營運清冊依成立年度回推,可能不含114年前已停辦或撤站之歷史站點
臺東縣,臺東市,93,0,0,FALSE,107,NA,-14,NA,NA,NA,114年現存營運清冊依成立年度回推,可能不含114年前已停辦或撤站之歷史站點
臺東縣,臺東市,94,0,0,FALSE,107,NA,-13,NA,NA,NA,114年現存營運清冊依成立年度回推,可能不含114年前已停辦或撤站之歷史站點
臺東縣,臺東市,95,0,0,FALSE,107,NA,-12,NA,NA,NA,114年現存營運清冊依成立年度回推,可能不含114年前已停辦或撤站之歷史站點
臺東縣,臺東市,96,0,0,FALSE,107,NA,-11,NA,NA,NA,114年現存營運清冊依成立年度回推,可能不含114年前已停辦或撤站之歷史站點
臺東縣,臺東市,97,0,0,FALSE,107,NA,-10,NA,NA,NA,114年現存營運清冊依成立年度回推,可能不含114年前已停辦或撤站之歷史站點
臺東縣,臺東市,98,0,0,FALSE,107,NA,-9,NA,NA,NA,114年現存營運清冊依成立年度回推,可能不含114年前已停辦或撤站之歷史站點
臺東縣,臺東市,99,0,0,FALSE,107,NA,-8,NA,NA,NA,114年現存營運清冊依成立年度回推,可能不含114年前已停辦或撤站之歷史站點
臺東縣,臺東市,100,0,0,FALSE,107,NA,-7,NA,NA,NA,114年現存營運清冊依成立年度回推,可能不含114年前已停辦或撤站之歷史站點
臺東縣,臺東市,101,0,0,FALSE,107,NA,-6,NA,NA,NA,114年現存營運清冊依成立年度回推,可能不含114年前已停辦或撤站之歷史站點
臺東縣,臺東市,102,0,0,FALSE,107,NA,-5,NA,NA,NA,114年現存營運清冊依成立年度回推,可能不含114年前已停辦或撤站之歷史站點
臺東縣,臺東市,103,0,0,FALSE,107,NA,-4,NA,NA,NA,114年現存營運清冊依成立年度回推,可能不含114年前已停辦或撤站之歷史站點
臺東縣,臺東市,104,0,0,FALSE,107,NA,-3,NA,NA,NA,114年現存營運清冊依成立年度回推,可能不含114年前已停辦或撤站之歷史站點
臺東縣,臺東市,105,0,0,FALSE,107,NA,-2,NA,NA,NA,114年現存營運清冊依成立年度回推,可能不含114年前已停辦或撤站之歷史站點
臺東縣,臺東市,106,0,0,FALSE,107,NA,-1,NA,NA,NA,114年現存營運清冊依成立年度回推,可能不含114年前已停辦或撤站之歷史站點
臺東縣,臺東市,107,9,9,TRUE,107,0,0,FALSE,FALSE,FALSE,114年現存營運清冊依成立年度回推,可能不含114年前已停辦或撤站之歷史站點
臺東縣,臺東市,108,2,11,TRUE,107,1,1,TRUE,FALSE,FALSE,114年現存營運清冊依成立年度回推,可能不含114年前已停辦或撤站之歷史站點
臺東縣,臺東市,109,5,16,TRUE,107,2,2,TRUE,FALSE,FALSE,114年現存營運清冊依成立年度回推,可能不含114年前已停辦或撤站之歷史站點
臺東縣,臺東市,110,0,16,TRUE,107,3,3,TRUE,TRUE,FALSE,114年現存營運清冊依成立年度回推,可能不含114年前已停辦或撤站之歷史站點
臺東縣,臺東市,111,1,17,TRUE,107,4,4,TRUE,TRUE,FALSE,114年現存營運清冊依成立年度回推,可能不含114年前已停辦或撤站之歷史站點
臺東縣,臺東市,112,0,17,TRUE,107,5,5,TRUE,TRUE,TRUE,114年現存營運清冊依成立年度回推,可能不含114年前已停辦或撤站之歷史站點
臺東縣,臺東市,113,0,17,TRUE,107,6,6,TRUE,TRUE,TRUE,114年現存營運清冊依成立年度回推,可能不含114年前已停辦或撤站之歷史站點
臺東縣,臺東市,114,0,17,TRUE,107,7,7,TRUE,TRUE,TRUE,114年現存營運清冊依成立年度回推,可能不含114年前已停辦或撤站之歷史站點
臺東縣,蘭嶼鄉,90,0,0,FALSE,104,NA,-14,NA,NA,NA,114年現存營運清冊依成立年度回推,可能不含114年前已停辦或撤站之歷史站點
臺東縣,蘭嶼鄉,91,0,0,FALSE,104,NA,-13,NA,NA,NA,114年現存營運清冊依成立年度回推,可能不含114年前已停辦或撤站之歷史站點
臺東縣,蘭嶼鄉,92,0,0,FALSE,104,NA,-12,NA,NA,NA,114年現存營運清冊依成立年度回推,可能不含114年前已停辦或撤站之歷史站點
臺東縣,蘭嶼鄉,93,0,0,FALSE,104,NA,-11,NA,NA,NA,114年現存營運清冊依成立年度回推,可能不含114年前已停辦或撤站之歷史站點
臺東縣,蘭嶼鄉,94,0,0,FALSE,104,NA,-10,NA,NA,NA,114年現存營運清冊依成立年度回推,可能不含114年前已停辦或撤站之歷史站點
臺東縣,蘭嶼鄉,95,0,0,FALSE,104,NA,-9,NA,NA,NA,114年現存營運清冊依成立年度回推,可能不含114年前已停辦或撤站之歷史站點
臺東縣,蘭嶼鄉,96,0,0,FALSE,104,NA,-8,NA,NA,NA,114年現存營運清冊依成立年度回推,可能不含114年前已停辦或撤站之歷史站點
臺東縣,蘭嶼鄉,97,0,0,FALSE,104,NA,-7,NA,NA,NA,114年現存營運清冊依成立年度回推,可能不含114年前已停辦或撤站之歷史站點
臺東縣,蘭嶼鄉,98,0,0,FALSE,104,NA,-6,NA,NA,NA,114年現存營運清冊依成立年度回推,可能不含114年前已停辦或撤站之歷史站點
臺東縣,蘭嶼鄉,99,0,0,FALSE,104,NA,-5,NA,NA,NA,114年現存營運清冊依成立年度回推,可能不含114年前已停辦或撤站之歷史站點
臺東縣,蘭嶼鄉,100,0,0,FALSE,104,NA,-4,NA,NA,NA,114年現存營運清冊依成立年度回推,可能不含114年前已停辦或撤站之歷史站點
臺東縣,蘭嶼鄉,101,0,0,FALSE,104,NA,-3,NA,NA,NA,114年現存營運清冊依成立年度回推,可能不含114年前已停辦或撤站之歷史站點
臺東縣,蘭嶼鄉,102,0,0,FALSE,104,NA,-2,NA,NA,NA,114年現存營運清冊依成立年度回推,可能不含114年前已停辦或撤站之歷史站點
臺東縣,蘭嶼鄉,103,0,0,FALSE,104,NA,-1,NA,NA,NA,114年現存營運清冊依成立年度回推,可能不含114年前已停辦或撤站之歷史站點
臺東縣,蘭嶼鄉,104,1,1,TRUE,104,0,0,FALSE,FALSE,FALSE,114年現存營運清冊依成立年度回推,可能不含114年前已停辦或撤站之歷史站點
臺東縣,蘭嶼鄉,105,0,1,TRUE,104,1,1,TRUE,FALSE,FALSE,114年現存營運清冊依成立年度回推,可能不含114年前已停辦或撤站之歷史站點
臺東縣,蘭嶼鄉,106,0,1,TRUE,104,2,2,TRUE,FALSE,FALSE,114年現存營運清冊依成立年度回推,可能不含114年前已停辦或撤站之歷史站點
臺東縣,蘭嶼鄉,107,0,1,TRUE,104,3,3,TRUE,TRUE,FALSE,114年現存營運清冊依成立年度回推,可能不含114年前已停辦或撤站之歷史站點
臺東縣,蘭嶼鄉,108,0,1,TRUE,104,4,4,TRUE,TRUE,FALSE,114年現存營運清冊依成立年度回推,可能不含114年前已停辦或撤站之歷史站點
臺東縣,蘭嶼鄉,109,0,1,TRUE,104,5,5,TRUE,TRUE,TRUE,114年現存營運清冊依成立年度回推,可能不含114年前已停辦或撤站之歷史站點
臺東縣,蘭嶼鄉,110,0,1,TRUE,104,6,6,TRUE,TRUE,TRUE,114年現存營運清冊依成立年度回推,可能不含114年前已停辦或撤站之歷史站點
臺東縣,蘭嶼鄉,111,0,1,TRUE,104,7,7,TRUE,TRUE,TRUE,114年現存營運清冊依成立年度回推,可能不含114年前已停辦或撤站之歷史站點
臺東縣,蘭嶼鄉,112,2,3,TRUE,104,8,8,TRUE,TRUE,TRUE,114年現存營運清冊依成立年度回推,可能不含114年前已停辦或撤站之歷史站點
臺東縣,蘭嶼鄉,113,0,3,TRUE,104,9,9,TRUE,TRUE,TRUE,114年現存營運清冊依成立年度回推,可能不含114年前已停辦或撤站之歷史站點
臺東縣,蘭嶼鄉,114,0,3,TRUE,104,10,10,TRUE,TRUE,TRUE,114年現存營運清冊依成立年度回推,可能不含114年前已停辦或撤站之歷史站點
臺東縣,達仁鄉,90,0,0,FALSE,102,NA,-12,NA,NA,NA,114年現存營運清冊依成立年度回推,可能不含114年前已停辦或撤站之歷史站點
臺東縣,達仁鄉,91,0,0,FALSE,102,NA,-11,NA,NA,NA,114年現存營運清冊依成立年度回推,可能不含114年前已停辦或撤站之歷史站點
臺東縣,達仁鄉,92,0,0,FALSE,102,NA,-10,NA,NA,NA,114年現存營運清冊依成立年度回推,可能不含114年前已停辦或撤站之歷史站點
臺東縣,達仁鄉,93,0,0,FALSE,102,NA,-9,NA,NA,NA,114年現存營運清冊依成立年度回推,可能不含114年前已停辦或撤站之歷史站點
臺東縣,達仁鄉,94,0,0,FALSE,102,NA,-8,NA,NA,NA,114年現存營運清冊依成立年度回推,可能不含114年前已停辦或撤站之歷史站點
臺東縣,達仁鄉,95,0,0,FALSE,102,NA,-7,NA,NA,NA,114年現存營運清冊依成立年度回推,可能不含114年前已停辦或撤站之歷史站點
臺東縣,達仁鄉,96,0,0,FALSE,102,NA,-6,NA,NA,NA,114年現存營運清冊依成立年度回推,可能不含114年前已停辦或撤站之歷史站點
臺東縣,達仁鄉,97,0,0,FALSE,102,NA,-5,NA,NA,NA,114年現存營運清冊依成立年度回推,可能不含114年前已停辦或撤站之歷史站點
臺東縣,達仁鄉,98,0,0,FALSE,102,NA,-4,NA,NA,NA,114年現存營運清冊依成立年度回推,可能不含114年前已停辦或撤站之歷史站點
臺東縣,達仁鄉,99,0,0,FALSE,102,NA,-3,NA,NA,NA,114年現存營運清冊依成立年度回推,可能不含114年前已停辦或撤站之歷史站點
臺東縣,達仁鄉,100,0,0,FALSE,102,NA,-2,NA,NA,NA,114年現存營運清冊依成立年度回推,可能不含114年前已停辦或撤站之歷史站點
臺東縣,達仁鄉,101,0,0,FALSE,102,NA,-1,NA,NA,NA,114年現存營運清冊依成立年度回推,可能不含114年前已停辦或撤站之歷史站點
臺東縣,達仁鄉,102,1,1,TRUE,102,0,0,FALSE,FALSE,FALSE,114年現存營運清冊依成立年度回推,可能不含114年前已停辦或撤站之歷史站點
臺東縣,達仁鄉,103,0,1,TRUE,102,1,1,TRUE,FALSE,FALSE,114年現存營運清冊依成立年度回推,可能不含114年前已停辦或撤站之歷史站點
臺東縣,達仁鄉,104,0,1,TRUE,102,2,2,TRUE,FALSE,FALSE,114年現存營運清冊依成立年度回推,可能不含114年前已停辦或撤站之歷史站點
臺東縣,達仁鄉,105,0,1,TRUE,102,3,3,TRUE,TRUE,FALSE,114年現存營運清冊依成立年度回推,可能不含114年前已停辦或撤站之歷史站點
臺東縣,達仁鄉,106,1,2,TRUE,102,4,4,TRUE,TRUE,FALSE,114年現存營運清冊依成立年度回推,可能不含114年前已停辦或撤站之歷史站點
臺東縣,達仁鄉,107,3,5,TRUE,102,5,5,TRUE,TRUE,TRUE,114年現存營運清冊依成立年度回推,可能不含114年前已停辦或撤站之歷史站點
臺東縣,達仁鄉,108,1,6,TRUE,102,6,6,TRUE,TRUE,TRUE,114年現存營運清冊依成立年度回推,可能不含114年前已停辦或撤站之歷史站點
臺東縣,達仁鄉,109,1,7,TRUE,102,7,7,TRUE,TRUE,TRUE,114年現存營運清冊依成立年度回推,可能不含114年前已停辦或撤站之歷史站點
臺東縣,達仁鄉,110,0,7,TRUE,102,8,8,TRUE,TRUE,TRUE,114年現存營運清冊依成立年度回推,可能不含114年前已停辦或撤站之歷史站點
臺東縣,達仁鄉,111,0,7,TRUE,102,9,9,TRUE,TRUE,TRUE,114年現存營運清冊依成立年度回推,可能不含114年前已停辦或撤站之歷史站點
臺東縣,達仁鄉,112,0,7,TRUE,102,10,10,TRUE,TRUE,TRUE,114年現存營運清冊依成立年度回推,可能不含114年前已停辦或撤站之歷史站點
臺東縣,達仁鄉,113,0,7,TRUE,102,11,11,TRUE,TRUE,TRUE,114年現存營運清冊依成立年度回推,可能不含114年前已停辦或撤站之歷史站點
臺東縣,達仁鄉,114,0,7,TRUE,102,12,12,TRUE,TRUE,TRUE,114年現存營運清冊依成立年度回推,可能不含114年前已停辦或撤站之歷史站點
臺東縣,金峰鄉,90,0,0,FALSE,101,NA,-11,NA,NA,NA,114年現存營運清冊依成立年度回推,可能不含114年前已停辦或撤站之歷史站點
臺東縣,金峰鄉,91,0,0,FALSE,101,NA,-10,NA,NA,NA,114年現存營運清冊依成立年度回推,可能不含114年前已停辦或撤站之歷史站點
臺東縣,金峰鄉,92,0,0,FALSE,101,NA,-9,NA,NA,NA,114年現存營運清冊依成立年度回推,可能不含114年前已停辦或撤站之歷史站點
臺東縣,金峰鄉,93,0,0,FALSE,101,NA,-8,NA,NA,NA,114年現存營運清冊依成立年度回推,可能不含114年前已停辦或撤站之歷史站點
臺東縣,金峰鄉,94,0,0,FALSE,101,NA,-7,NA,NA,NA,114年現存營運清冊依成立年度回推,可能不含114年前已停辦或撤站之歷史站點
臺東縣,金峰鄉,95,0,0,FALSE,101,NA,-6,NA,NA,NA,114年現存營運清冊依成立年度回推,可能不含114年前已停辦或撤站之歷史站點
臺東縣,金峰鄉,96,0,0,FALSE,101,NA,-5,NA,NA,NA,114年現存營運清冊依成立年度回推,可能不含114年前已停辦或撤站之歷史站點
臺東縣,金峰鄉,97,0,0,FALSE,101,NA,-4,NA,NA,NA,114年現存營運清冊依成立年度回推,可能不含114年前已停辦或撤站之歷史站點
臺東縣,金峰鄉,98,0,0,FALSE,101,NA,-3,NA,NA,NA,114年現存營運清冊依成立年度回推,可能不含114年前已停辦或撤站之歷史站點
臺東縣,金峰鄉,99,0,0,FALSE,101,NA,-2,NA,NA,NA,114年現存營運清冊依成立年度回推,可能不含114年前已停辦或撤站之歷史站點
臺東縣,金峰鄉,100,0,0,FALSE,101,NA,-1,NA,NA,NA,114年現存營運清冊依成立年度回推,可能不含114年前已停辦或撤站之歷史站點
臺東縣,金峰鄉,101,2,2,TRUE,101,0,0,FALSE,FALSE,FALSE,114年現存營運清冊依成立年度回推,可能不含114年前已停辦或撤站之歷史站點
臺東縣,金峰鄉,102,0,2,TRUE,101,1,1,TRUE,FALSE,FALSE,114年現存營運清冊依成立年度回推,可能不含114年前已停辦或撤站之歷史站點
臺東縣,金峰鄉,103,0,2,TRUE,101,2,2,TRUE,FALSE,FALSE,114年現存營運清冊依成立年度回推,可能不含114年前已停辦或撤站之歷史站點
臺東縣,金峰鄉,104,0,2,TRUE,101,3,3,TRUE,TRUE,FALSE,114年現存營運清冊依成立年度回推,可能不含114年前已停辦或撤站之歷史站點
臺東縣,金峰鄉,105,0,2,TRUE,101,4,4,TRUE,TRUE,FALSE,114年現存營運清冊依成立年度回推,可能不含114年前已停辦或撤站之歷史站點
臺東縣,金峰鄉,106,1,3,TRUE,101,5,5,TRUE,TRUE,TRUE,114年現存營運清冊依成立年度回推,可能不含114年前已停辦或撤站之歷史站點
臺東縣,金峰鄉,107,0,3,TRUE,101,6,6,TRUE,TRUE,TRUE,114年現存營運清冊依成立年度回推,可能不含114年前已停辦或撤站之歷史站點
臺東縣,金峰鄉,108,1,4,TRUE,101,7,7,TRUE,TRUE,TRUE,114年現存營運清冊依成立年度回推,可能不含114年前已停辦或撤站之歷史站點
臺東縣,金峰鄉,109,0,4,TRUE,101,8,8,TRUE,TRUE,TRUE,114年現存營運清冊依成立年度回推,可能不含114年前已停辦或撤站之歷史站點
臺東縣,金峰鄉,110,0,4,TRUE,101,9,9,TRUE,TRUE,TRUE,114年現存營運清冊依成立年度回推,可能不含114年前已停辦或撤站之歷史站點
臺東縣,金峰鄉,111,1,5,TRUE,101,10,10,TRUE,TRUE,TRUE,114年現存營運清冊依成立年度回推,可能不含114年前已停辦或撤站之歷史站點
臺東縣,金峰鄉,112,0,5,TRUE,101,11,11,TRUE,TRUE,TRUE,114年現存營運清冊依成立年度回推,可能不含114年前已停辦或撤站之歷史站點
臺東縣,金峰鄉,113,0,5,TRUE,101,12,12,TRUE,TRUE,TRUE,114年現存營運清冊依成立年度回推,可能不含114年前已停辦或撤站之歷史站點
臺東縣,金峰鄉,114,0,5,TRUE,101,13,13,TRUE,TRUE,TRUE,114年現存營運清冊依成立年度回推,可能不含114年前已停辦或撤站之歷史站點
臺東縣,長濱鄉,90,0,0,FALSE,101,NA,-11,NA,NA,NA,114年現存營運清冊依成立年度回推,可能不含114年前已停辦或撤站之歷史站點
臺東縣,長濱鄉,91,0,0,FALSE,101,NA,-10,NA,NA,NA,114年現存營運清冊依成立年度回推,可能不含114年前已停辦或撤站之歷史站點
臺東縣,長濱鄉,92,0,0,FALSE,101,NA,-9,NA,NA,NA,114年現存營運清冊依成立年度回推,可能不含114年前已停辦或撤站之歷史站點
臺東縣,長濱鄉,93,0,0,FALSE,101,NA,-8,NA,NA,NA,114年現存營運清冊依成立年度回推,可能不含114年前已停辦或撤站之歷史站點
臺東縣,長濱鄉,94,0,0,FALSE,101,NA,-7,NA,NA,NA,114年現存營運清冊依成立年度回推,可能不含114年前已停辦或撤站之歷史站點
臺東縣,長濱鄉,95,0,0,FALSE,101,NA,-6,NA,NA,NA,114年現存營運清冊依成立年度回推,可能不含114年前已停辦或撤站之歷史站點
臺東縣,長濱鄉,96,0,0,FALSE,101,NA,-5,NA,NA,NA,114年現存營運清冊依成立年度回推,可能不含114年前已停辦或撤站之歷史站點
臺東縣,長濱鄉,97,0,0,FALSE,101,NA,-4,NA,NA,NA,114年現存營運清冊依成立年度回推,可能不含114年前已停辦或撤站之歷史站點
臺東縣,長濱鄉,98,0,0,FALSE,101,NA,-3,NA,NA,NA,114年現存營運清冊依成立年度回推,可能不含114年前已停辦或撤站之歷史站點
臺東縣,長濱鄉,99,0,0,FALSE,101,NA,-2,NA,NA,NA,114年現存營運清冊依成立年度回推,可能不含114年前已停辦或撤站之歷史站點
臺東縣,長濱鄉,100,0,0,FALSE,101,NA,-1,NA,NA,NA,114年現存營運清冊依成立年度回推,可能不含114年前已停辦或撤站之歷史站點
臺東縣,長濱鄉,101,1,1,TRUE,101,0,0,FALSE,FALSE,FALSE,114年現存營運清冊依成立年度回推,可能不含114年前已停辦或撤站之歷史站點
臺東縣,長濱鄉,102,0,1,TRUE,101,1,1,TRUE,FALSE,FALSE,114年現存營運清冊依成立年度回推,可能不含114年前已停辦或撤站之歷史站點
臺東縣,長濱鄉,103,0,1,TRUE,101,2,2,TRUE,FALSE,FALSE,114年現存營運清冊依成立年度回推,可能不含114年前已停辦或撤站之歷史站點
臺東縣,長濱鄉,104,1,2,TRUE,101,3,3,TRUE,TRUE,FALSE,114年現存營運清冊依成立年度回推,可能不含114年前已停辦或撤站之歷史站點
臺東縣,長濱鄉,105,0,2,TRUE,101,4,4,TRUE,TRUE,FALSE,114年現存營運清冊依成立年度回推,可能不含114年前已停辦或撤站之歷史站點
臺東縣,長濱鄉,106,1,3,TRUE,101,5,5,TRUE,TRUE,TRUE,114年現存營運清冊依成立年度回推,可能不含114年前已停辦或撤站之歷史站點
臺東縣,長濱鄉,107,3,6,TRUE,101,6,6,TRUE,TRUE,TRUE,114年現存營運清冊依成立年度回推,可能不含114年前已停辦或撤站之歷史站點
臺東縣,長濱鄉,108,2,8,TRUE,101,7,7,TRUE,TRUE,TRUE,114年現存營運清冊依成立年度回推,可能不含114年前已停辦或撤站之歷史站點
臺東縣,長濱鄉,109,3,11,TRUE,101,8,8,TRUE,TRUE,TRUE,114年現存營運清冊依成立年度回推,可能不含114年前已停辦或撤站之歷史站點
臺東縣,長濱鄉,110,0,11,TRUE,101,9,9,TRUE,TRUE,TRUE,114年現存營運清冊依成立年度回推,可能不含114年前已停辦或撤站之歷史站點
臺東縣,長濱鄉,111,0,11,TRUE,101,10,10,TRUE,TRUE,TRUE,114年現存營運清冊依成立年度回推,可能不含114年前已停辦或撤站之歷史站點
臺東縣,長濱鄉,112,0,11,TRUE,101,11,11,TRUE,TRUE,TRUE,114年現存營運清冊依成立年度回推,可能不含114年前已停辦或撤站之歷史站點
臺東縣,長濱鄉,113,0,11,TRUE,101,12,12,TRUE,TRUE,TRUE,114年現存營運清冊依成立年度回推,可能不含114年前已停辦或撤站之歷史站點
臺東縣,長濱鄉,114,0,11,TRUE,101,13,13,TRUE,TRUE,TRUE,114年現存營運清冊依成立年度回推,可能不含114年前已停辦或撤站之歷史站點
臺東縣,關山鎮,90,0,0,FALSE,104,NA,-14,NA,NA,NA,114年現存營運清冊依成立年度回推,可能不含114年前已停辦或撤站之歷史站點
臺東縣,關山鎮,91,0,0,FALSE,104,NA,-13,NA,NA,NA,114年現存營運清冊依成立年度回推,可能不含114年前已停辦或撤站之歷史站點
臺東縣,關山鎮,92,0,0,FALSE,104,NA,-12,NA,NA,NA,114年現存營運清冊依成立年度回推,可能不含114年前已停辦或撤站之歷史站點
臺東縣,關山鎮,93,0,0,FALSE,104,NA,-11,NA,NA,NA,114年現存營運清冊依成立年度回推,可能不含114年前已停辦或撤站之歷史站點
臺東縣,關山鎮,94,0,0,FALSE,104,NA,-10,NA,NA,NA,114年現存營運清冊依成立年度回推,可能不含114年前已停辦或撤站之歷史站點
臺東縣,關山鎮,95,0,0,FALSE,104,NA,-9,NA,NA,NA,114年現存營運清冊依成立年度回推,可能不含114年前已停辦或撤站之歷史站點
臺東縣,關山鎮,96,0,0,FALSE,104,NA,-8,NA,NA,NA,114年現存營運清冊依成立年度回推,可能不含114年前已停辦或撤站之歷史站點
臺東縣,關山鎮,97,0,0,FALSE,104,NA,-7,NA,NA,NA,114年現存營運清冊依成立年度回推,可能不含114年前已停辦或撤站之歷史站點
臺東縣,關山鎮,98,0,0,FALSE,104,NA,-6,NA,NA,NA,114年現存營運清冊依成立年度回推,可能不含114年前已停辦或撤站之歷史站點
臺東縣,關山鎮,99,0,0,FALSE,104,NA,-5,NA,NA,NA,114年現存營運清冊依成立年度回推,可能不含114年前已停辦或撤站之歷史站點
臺東縣,關山鎮,100,0,0,FALSE,104,NA,-4,NA,NA,NA,114年現存營運清冊依成立年度回推,可能不含114年前已停辦或撤站之歷史站點
臺東縣,關山鎮,101,0,0,FALSE,104,NA,-3,NA,NA,NA,114年現存營運清冊依成立年度回推,可能不含114年前已停辦或撤站之歷史站點
臺東縣,關山鎮,102,0,0,FALSE,104,NA,-2,NA,NA,NA,114年現存營運清冊依成立年度回推,可能不含114年前已停辦或撤站之歷史站點
臺東縣,關山鎮,103,0,0,FALSE,104,NA,-1,NA,NA,NA,114年現存營運清冊依成立年度回推,可能不含114年前已停辦或撤站之歷史站點
臺東縣,關山鎮,104,1,1,TRUE,104,0,0,FALSE,FALSE,FALSE,114年現存營運清冊依成立年度回推,可能不含114年前已停辦或撤站之歷史站點
臺東縣,關山鎮,105,0,1,TRUE,104,1,1,TRUE,FALSE,FALSE,114年現存營運清冊依成立年度回推,可能不含114年前已停辦或撤站之歷史站點
臺東縣,關山鎮,106,0,1,TRUE,104,2,2,TRUE,FALSE,FALSE,114年現存營運清冊依成立年度回推,可能不含114年前已停辦或撤站之歷史站點
臺東縣,關山鎮,107,1,2,TRUE,104,3,3,TRUE,TRUE,FALSE,114年現存營運清冊依成立年度回推,可能不含114年前已停辦或撤站之歷史站點
臺東縣,關山鎮,108,0,2,TRUE,104,4,4,TRUE,TRUE,FALSE,114年現存營運清冊依成立年度回推,可能不含114年前已停辦或撤站之歷史站點
臺東縣,關山鎮,109,1,3,TRUE,104,5,5,TRUE,TRUE,TRUE,114年現存營運清冊依成立年度回推,可能不含114年前已停辦或撤站之歷史站點
臺東縣,關山鎮,110,0,3,TRUE,104,6,6,TRUE,TRUE,TRUE,114年現存營運清冊依成立年度回推,可能不含114年前已停辦或撤站之歷史站點
臺東縣,關山鎮,111,0,3,TRUE,104,7,7,TRUE,TRUE,TRUE,114年現存營運清冊依成立年度回推,可能不含114年前已停辦或撤站之歷史站點
臺東縣,關山鎮,112,0,3,TRUE,104,8,8,TRUE,TRUE,TRUE,114年現存營運清冊依成立年度回推,可能不含114年前已停辦或撤站之歷史站點
臺東縣,關山鎮,113,0,3,TRUE,104,9,9,TRUE,TRUE,TRUE,114年現存營運清冊依成立年度回推,可能不含114年前已停辦或撤站之歷史站點
臺東縣,關山鎮,114,1,4,TRUE,104,10,10,TRUE,TRUE,TRUE,114年現存營運清冊依成立年度回推,可能不含114年前已停辦或撤站之歷史站點
臺東縣,鹿野鄉,90,0,0,FALSE,102,NA,-12,NA,NA,NA,114年現存營運清冊依成立年度回推,可能不含114年前已停辦或撤站之歷史站點
臺東縣,鹿野鄉,91,0,0,FALSE,102,NA,-11,NA,NA,NA,114年現存營運清冊依成立年度回推,可能不含114年前已停辦或撤站之歷史站點
臺東縣,鹿野鄉,92,0,0,FALSE,102,NA,-10,NA,NA,NA,114年現存營運清冊依成立年度回推,可能不含114年前已停辦或撤站之歷史站點
臺東縣,鹿野鄉,93,0,0,FALSE,102,NA,-9,NA,NA,NA,114年現存營運清冊依成立年度回推,可能不含114年前已停辦或撤站之歷史站點
臺東縣,鹿野鄉,94,0,0,FALSE,102,NA,-8,NA,NA,NA,114年現存營運清冊依成立年度回推,可能不含114年前已停辦或撤站之歷史站點
臺東縣,鹿野鄉,95,0,0,FALSE,102,NA,-7,NA,NA,NA,114年現存營運清冊依成立年度回推,可能不含114年前已停辦或撤站之歷史站點
臺東縣,鹿野鄉,96,0,0,FALSE,102,NA,-6,NA,NA,NA,114年現存營運清冊依成立年度回推,可能不含114年前已停辦或撤站之歷史站點
臺東縣,鹿野鄉,97,0,0,FALSE,102,NA,-5,NA,NA,NA,114年現存營運清冊依成立年度回推,可能不含114年前已停辦或撤站之歷史站點
臺東縣,鹿野鄉,98,0,0,FALSE,102,NA,-4,NA,NA,NA,114年現存營運清冊依成立年度回推,可能不含114年前已停辦或撤站之歷史站點
臺東縣,鹿野鄉,99,0,0,FALSE,102,NA,-3,NA,NA,NA,114年現存營運清冊依成立年度回推,可能不含114年前已停辦或撤站之歷史站點
臺東縣,鹿野鄉,100,0,0,FALSE,102,NA,-2,NA,NA,NA,114年現存營運清冊依成立年度回推,可能不含114年前已停辦或撤站之歷史站點
臺東縣,鹿野鄉,101,0,0,FALSE,102,NA,-1,NA,NA,NA,114年現存營運清冊依成立年度回推,可能不含114年前已停辦或撤站之歷史站點
臺東縣,鹿野鄉,102,1,1,TRUE,102,0,0,FALSE,FALSE,FALSE,114年現存營運清冊依成立年度回推,可能不含114年前已停辦或撤站之歷史站點
臺東縣,鹿野鄉,103,0,1,TRUE,102,1,1,TRUE,FALSE,FALSE,114年現存營運清冊依成立年度回推,可能不含114年前已停辦或撤站之歷史站點
臺東縣,鹿野鄉,104,0,1,TRUE,102,2,2,TRUE,FALSE,FALSE,114年現存營運清冊依成立年度回推,可能不含114年前已停辦或撤站之歷史站點
臺東縣,鹿野鄉,105,0,1,TRUE,102,3,3,TRUE,TRUE,FALSE,114年現存營運清冊依成立年度回推,可能不含114年前已停辦或撤站之歷史站點
臺東縣,鹿野鄉,106,0,1,TRUE,102,4,4,TRUE,TRUE,FALSE,114年現存營運清冊依成立年度回推,可能不含114年前已停辦或撤站之歷史站點
臺東縣,鹿野鄉,107,3,4,TRUE,102,5,5,TRUE,TRUE,TRUE,114年現存營運清冊依成立年度回推,可能不含114年前已停辦或撤站之歷史站點
臺東縣,鹿野鄉,108,0,4,TRUE,102,6,6,TRUE,TRUE,TRUE,114年現存營運清冊依成立年度回推,可能不含114年前已停辦或撤站之歷史站點
臺東縣,鹿野鄉,109,1,5,TRUE,102,7,7,TRUE,TRUE,TRUE,114年現存營運清冊依成立年度回推,可能不含114年前已停辦或撤站之歷史站點
臺東縣,鹿野鄉,110,0,5,TRUE,102,8,8,TRUE,TRUE,TRUE,114年現存營運清冊依成立年度回推,可能不含114年前已停辦或撤站之歷史站點
臺東縣,鹿野鄉,111,0,5,TRUE,102,9,9,TRUE,TRUE,TRUE,114年現存營運清冊依成立年度回推,可能不含114年前已停辦或撤站之歷史站點
臺東縣,鹿野鄉,112,0,5,TRUE,102,10,10,TRUE,TRUE,TRUE,114年現存營運清冊依成立年度回推,可能不含114年前已停辦或撤站之歷史站點
臺東縣,鹿野鄉,113,0,5,TRUE,102,11,11,TRUE,TRUE,TRUE,114年現存營運清冊依成立年度回推,可能不含114年前已停辦或撤站之歷史站點
臺東縣,鹿野鄉,114,0,5,TRUE,102,12,12,TRUE,TRUE,TRUE,114年現存營運清冊依成立年度回推,可能不含114年前已停辦或撤站之歷史站點
花蓮縣,光復鄉,90,0,0,FALSE,97,NA,-7,NA,NA,NA,114年現存營運清冊依成立年度回推,可能不含114年前已停辦或撤站之歷史站點
花蓮縣,光復鄉,91,0,0,FALSE,97,NA,-6,NA,NA,NA,114年現存營運清冊依成立年度回推,可能不含114年前已停辦或撤站之歷史站點
花蓮縣,光復鄉,92,0,0,FALSE,97,NA,-5,NA,NA,NA,114年現存營運清冊依成立年度回推,可能不含114年前已停辦或撤站之歷史站點
花蓮縣,光復鄉,93,0,0,FALSE,97,NA,-4,NA,NA,NA,114年現存營運清冊依成立年度回推,可能不含114年前已停辦或撤站之歷史站點
花蓮縣,光復鄉,94,0,0,FALSE,97,NA,-3,NA,NA,NA,114年現存營運清冊依成立年度回推,可能不含114年前已停辦或撤站之歷史站點
花蓮縣,光復鄉,95,0,0,FALSE,97,NA,-2,NA,NA,NA,114年現存營運清冊依成立年度回推,可能不含114年前已停辦或撤站之歷史站點
花蓮縣,光復鄉,96,0,0,FALSE,97,NA,-1,NA,NA,NA,114年現存營運清冊依成立年度回推,可能不含114年前已停辦或撤站之歷史站點
花蓮縣,光復鄉,97,1,1,TRUE,97,0,0,FALSE,FALSE,FALSE,114年現存營運清冊依成立年度回推,可能不含114年前已停辦或撤站之歷史站點
花蓮縣,光復鄉,98,0,1,TRUE,97,1,1,TRUE,FALSE,FALSE,114年現存營運清冊依成立年度回推,可能不含114年前已停辦或撤站之歷史站點
花蓮縣,光復鄉,99,0,1,TRUE,97,2,2,TRUE,FALSE,FALSE,114年現存營運清冊依成立年度回推,可能不含114年前已停辦或撤站之歷史站點
花蓮縣,光復鄉,100,0,1,TRUE,97,3,3,TRUE,TRUE,FALSE,114年現存營運清冊依成立年度回推,可能不含114年前已停辦或撤站之歷史站點
花蓮縣,光復鄉,101,0,1,TRUE,97,4,4,TRUE,TRUE,FALSE,114年現存營運清冊依成立年度回推,可能不含114年前已停辦或撤站之歷史站點
花蓮縣,光復鄉,102,0,1,TRUE,97,5,5,TRUE,TRUE,TRUE,114年現存營運清冊依成立年度回推,可能不含114年前已停辦或撤站之歷史站點
花蓮縣,光復鄉,103,0,1,TRUE,97,6,6,TRUE,TRUE,TRUE,114年現存營運清冊依成立年度回推,可能不含114年前已停辦或撤站之歷史站點
花蓮縣,光復鄉,104,0,1,TRUE,97,7,7,TRUE,TRUE,TRUE,114年現存營運清冊依成立年度回推,可能不含114年前已停辦或撤站之歷史站點
花蓮縣,光復鄉,105,0,1,TRUE,97,8,8,TRUE,TRUE,TRUE,114年現存營運清冊依成立年度回推,可能不含114年前已停辦或撤站之歷史站點
花蓮縣,光復鄉,106,4,5,TRUE,97,9,9,TRUE,TRUE,TRUE,114年現存營運清冊依成立年度回推,可能不含114年前已停辦或撤站之歷史站點
花蓮縣,光復鄉,107,2,7,TRUE,97,10,10,TRUE,TRUE,TRUE,114年現存營運清冊依成立年度回推,可能不含114年前已停辦或撤站之歷史站點
花蓮縣,光復鄉,108,2,9,TRUE,97,11,11,TRUE,TRUE,TRUE,114年現存營運清冊依成立年度回推,可能不含114年前已停辦或撤站之歷史站點
花蓮縣,光復鄉,109,1,10,TRUE,97,12,12,TRUE,TRUE,TRUE,114年現存營運清冊依成立年度回推,可能不含114年前已停辦或撤站之歷史站點
花蓮縣,光復鄉,110,0,10,TRUE,97,13,13,TRUE,TRUE,TRUE,114年現存營運清冊依成立年度回推,可能不含114年前已停辦或撤站之歷史站點
花蓮縣,光復鄉,111,1,11,TRUE,97,14,14,TRUE,TRUE,TRUE,114年現存營運清冊依成立年度回推,可能不含114年前已停辦或撤站之歷史站點
花蓮縣,光復鄉,112,0,11,TRUE,97,15,15,TRUE,TRUE,TRUE,114年現存營運清冊依成立年度回推,可能不含114年前已停辦或撤站之歷史站點
花蓮縣,光復鄉,113,1,12,TRUE,97,16,16,TRUE,TRUE,TRUE,114年現存營運清冊依成立年度回推,可能不含114年前已停辦或撤站之歷史站點
花蓮縣,光復鄉,114,0,12,TRUE,97,17,17,TRUE,TRUE,TRUE,114年現存營運清冊依成立年度回推,可能不含114年前已停辦或撤站之歷史站點
花蓮縣,卓溪鄉,90,0,0,FALSE,98,NA,-8,NA,NA,NA,114年現存營運清冊依成立年度回推,可能不含114年前已停辦或撤站之歷史站點
花蓮縣,卓溪鄉,91,0,0,FALSE,98,NA,-7,NA,NA,NA,114年現存營運清冊依成立年度回推,可能不含114年前已停辦或撤站之歷史站點
花蓮縣,卓溪鄉,92,0,0,FALSE,98,NA,-6,NA,NA,NA,114年現存營運清冊依成立年度回推,可能不含114年前已停辦或撤站之歷史站點
花蓮縣,卓溪鄉,93,0,0,FALSE,98,NA,-5,NA,NA,NA,114年現存營運清冊依成立年度回推,可能不含114年前已停辦或撤站之歷史站點
花蓮縣,卓溪鄉,94,0,0,FALSE,98,NA,-4,NA,NA,NA,114年現存營運清冊依成立年度回推,可能不含114年前已停辦或撤站之歷史站點
花蓮縣,卓溪鄉,95,0,0,FALSE,98,NA,-3,NA,NA,NA,114年現存營運清冊依成立年度回推,可能不含114年前已停辦或撤站之歷史站點
花蓮縣,卓溪鄉,96,0,0,FALSE,98,NA,-2,NA,NA,NA,114年現存營運清冊依成立年度回推,可能不含114年前已停辦或撤站之歷史站點
花蓮縣,卓溪鄉,97,0,0,FALSE,98,NA,-1,NA,NA,NA,114年現存營運清冊依成立年度回推,可能不含114年前已停辦或撤站之歷史站點
花蓮縣,卓溪鄉,98,1,1,TRUE,98,0,0,FALSE,FALSE,FALSE,114年現存營運清冊依成立年度回推,可能不含114年前已停辦或撤站之歷史站點
花蓮縣,卓溪鄉,99,0,1,TRUE,98,1,1,TRUE,FALSE,FALSE,114年現存營運清冊依成立年度回推,可能不含114年前已停辦或撤站之歷史站點
花蓮縣,卓溪鄉,100,0,1,TRUE,98,2,2,TRUE,FALSE,FALSE,114年現存營運清冊依成立年度回推,可能不含114年前已停辦或撤站之歷史站點
花蓮縣,卓溪鄉,101,0,1,TRUE,98,3,3,TRUE,TRUE,FALSE,114年現存營運清冊依成立年度回推,可能不含114年前已停辦或撤站之歷史站點
花蓮縣,卓溪鄉,102,0,1,TRUE,98,4,4,TRUE,TRUE,FALSE,114年現存營運清冊依成立年度回推,可能不含114年前已停辦或撤站之歷史站點
花蓮縣,卓溪鄉,103,0,1,TRUE,98,5,5,TRUE,TRUE,TRUE,114年現存營運清冊依成立年度回推,可能不含114年前已停辦或撤站之歷史站點
花蓮縣,卓溪鄉,104,0,1,TRUE,98,6,6,TRUE,TRUE,TRUE,114年現存營運清冊依成立年度回推,可能不含114年前已停辦或撤站之歷史站點
花蓮縣,卓溪鄉,105,0,1,TRUE,98,7,7,TRUE,TRUE,TRUE,114年現存營運清冊依成立年度回推,可能不含114年前已停辦或撤站之歷史站點
花蓮縣,卓溪鄉,106,1,2,TRUE,98,8,8,TRUE,TRUE,TRUE,114年現存營運清冊依成立年度回推,可能不含114年前已停辦或撤站之歷史站點
花蓮縣,卓溪鄉,107,1,3,TRUE,98,9,9,TRUE,TRUE,TRUE,114年現存營運清冊依成立年度回推,可能不含114年前已停辦或撤站之歷史站點
花蓮縣,卓溪鄉,108,3,6,TRUE,98,10,10,TRUE,TRUE,TRUE,114年現存營運清冊依成立年度回推,可能不含114年前已停辦或撤站之歷史站點
花蓮縣,卓溪鄉,109,0,6,TRUE,98,11,11,TRUE,TRUE,TRUE,114年現存營運清冊依成立年度回推,可能不含114年前已停辦或撤站之歷史站點
花蓮縣,卓溪鄉,110,0,6,TRUE,98,12,12,TRUE,TRUE,TRUE,114年現存營運清冊依成立年度回推,可能不含114年前已停辦或撤站之歷史站點
花蓮縣,卓溪鄉,111,1,7,TRUE,98,13,13,TRUE,TRUE,TRUE,114年現存營運清冊依成立年度回推,可能不含114年前已停辦或撤站之歷史站點
花蓮縣,卓溪鄉,112,0,7,TRUE,98,14,14,TRUE,TRUE,TRUE,114年現存營運清冊依成立年度回推,可能不含114年前已停辦或撤站之歷史站點
花蓮縣,卓溪鄉,113,0,7,TRUE,98,15,15,TRUE,TRUE,TRUE,114年現存營運清冊依成立年度回推,可能不含114年前已停辦或撤站之歷史站點
花蓮縣,卓溪鄉,114,0,7,TRUE,98,16,16,TRUE,TRUE,TRUE,114年現存營運清冊依成立年度回推,可能不含114年前已停辦或撤站之歷史站點
花蓮縣,吉安鄉,90,0,0,FALSE,106,NA,-16,NA,NA,NA,114年現存營運清冊依成立年度回推,可能不含114年前已停辦或撤站之歷史站點
花蓮縣,吉安鄉,91,0,0,FALSE,106,NA,-15,NA,NA,NA,114年現存營運清冊依成立年度回推,可能不含114年前已停辦或撤站之歷史站點
花蓮縣,吉安鄉,92,0,0,FALSE,106,NA,-14,NA,NA,NA,114年現存營運清冊依成立年度回推,可能不含114年前已停辦或撤站之歷史站點
花蓮縣,吉安鄉,93,0,0,FALSE,106,NA,-13,NA,NA,NA,114年現存營運清冊依成立年度回推,可能不含114年前已停辦或撤站之歷史站點
花蓮縣,吉安鄉,94,0,0,FALSE,106,NA,-12,NA,NA,NA,114年現存營運清冊依成立年度回推,可能不含114年前已停辦或撤站之歷史站點
花蓮縣,吉安鄉,95,0,0,FALSE,106,NA,-11,NA,NA,NA,114年現存營運清冊依成立年度回推,可能不含114年前已停辦或撤站之歷史站點
花蓮縣,吉安鄉,96,0,0,FALSE,106,NA,-10,NA,NA,NA,114年現存營運清冊依成立年度回推,可能不含114年前已停辦或撤站之歷史站點
花蓮縣,吉安鄉,97,0,0,FALSE,106,NA,-9,NA,NA,NA,114年現存營運清冊依成立年度回推,可能不含114年前已停辦或撤站之歷史站點
花蓮縣,吉安鄉,98,0,0,FALSE,106,NA,-8,NA,NA,NA,114年現存營運清冊依成立年度回推,可能不含114年前已停辦或撤站之歷史站點
花蓮縣,吉安鄉,99,0,0,FALSE,106,NA,-7,NA,NA,NA,114年現存營運清冊依成立年度回推,可能不含114年前已停辦或撤站之歷史站點
花蓮縣,吉安鄉,100,0,0,FALSE,106,NA,-6,NA,NA,NA,114年現存營運清冊依成立年度回推,可能不含114年前已停辦或撤站之歷史站點
花蓮縣,吉安鄉,101,0,0,FALSE,106,NA,-5,NA,NA,NA,114年現存營運清冊依成立年度回推,可能不含114年前已停辦或撤站之歷史站點
花蓮縣,吉安鄉,102,0,0,FALSE,106,NA,-4,NA,NA,NA,114年現存營運清冊依成立年度回推,可能不含114年前已停辦或撤站之歷史站點
花蓮縣,吉安鄉,103,0,0,FALSE,106,NA,-3,NA,NA,NA,114年現存營運清冊依成立年度回推,可能不含114年前已停辦或撤站之歷史站點
花蓮縣,吉安鄉,104,0,0,FALSE,106,NA,-2,NA,NA,NA,114年現存營運清冊依成立年度回推,可能不含114年前已停辦或撤站之歷史站點
花蓮縣,吉安鄉,105,0,0,FALSE,106,NA,-1,NA,NA,NA,114年現存營運清冊依成立年度回推,可能不含114年前已停辦或撤站之歷史站點
花蓮縣,吉安鄉,106,1,1,TRUE,106,0,0,FALSE,FALSE,FALSE,114年現存營運清冊依成立年度回推,可能不含114年前已停辦或撤站之歷史站點
花蓮縣,吉安鄉,107,1,2,TRUE,106,1,1,TRUE,FALSE,FALSE,114年現存營運清冊依成立年度回推,可能不含114年前已停辦或撤站之歷史站點
花蓮縣,吉安鄉,108,1,3,TRUE,106,2,2,TRUE,FALSE,FALSE,114年現存營運清冊依成立年度回推,可能不含114年前已停辦或撤站之歷史站點
花蓮縣,吉安鄉,109,4,7,TRUE,106,3,3,TRUE,TRUE,FALSE,114年現存營運清冊依成立年度回推,可能不含114年前已停辦或撤站之歷史站點
花蓮縣,吉安鄉,110,0,7,TRUE,106,4,4,TRUE,TRUE,FALSE,114年現存營運清冊依成立年度回推,可能不含114年前已停辦或撤站之歷史站點
花蓮縣,吉安鄉,111,4,11,TRUE,106,5,5,TRUE,TRUE,TRUE,114年現存營運清冊依成立年度回推,可能不含114年前已停辦或撤站之歷史站點
花蓮縣,吉安鄉,112,0,11,TRUE,106,6,6,TRUE,TRUE,TRUE,114年現存營運清冊依成立年度回推,可能不含114年前已停辦或撤站之歷史站點
花蓮縣,吉安鄉,113,0,11,TRUE,106,7,7,TRUE,TRUE,TRUE,114年現存營運清冊依成立年度回推,可能不含114年前已停辦或撤站之歷史站點
花蓮縣,吉安鄉,114,0,11,TRUE,106,8,8,TRUE,TRUE,TRUE,114年現存營運清冊依成立年度回推,可能不含114年前已停辦或撤站之歷史站點
花蓮縣,壽豐鄉,90,0,0,FALSE,106,NA,-16,NA,NA,NA,114年現存營運清冊依成立年度回推,可能不含114年前已停辦或撤站之歷史站點
花蓮縣,壽豐鄉,91,0,0,FALSE,106,NA,-15,NA,NA,NA,114年現存營運清冊依成立年度回推,可能不含114年前已停辦或撤站之歷史站點
花蓮縣,壽豐鄉,92,0,0,FALSE,106,NA,-14,NA,NA,NA,114年現存營運清冊依成立年度回推,可能不含114年前已停辦或撤站之歷史站點
花蓮縣,壽豐鄉,93,0,0,FALSE,106,NA,-13,NA,NA,NA,114年現存營運清冊依成立年度回推,可能不含114年前已停辦或撤站之歷史站點
花蓮縣,壽豐鄉,94,0,0,FALSE,106,NA,-12,NA,NA,NA,114年現存營運清冊依成立年度回推,可能不含114年前已停辦或撤站之歷史站點
花蓮縣,壽豐鄉,95,0,0,FALSE,106,NA,-11,NA,NA,NA,114年現存營運清冊依成立年度回推,可能不含114年前已停辦或撤站之歷史站點
花蓮縣,壽豐鄉,96,0,0,FALSE,106,NA,-10,NA,NA,NA,114年現存營運清冊依成立年度回推,可能不含114年前已停辦或撤站之歷史站點
花蓮縣,壽豐鄉,97,0,0,FALSE,106,NA,-9,NA,NA,NA,114年現存營運清冊依成立年度回推,可能不含114年前已停辦或撤站之歷史站點
花蓮縣,壽豐鄉,98,0,0,FALSE,106,NA,-8,NA,NA,NA,114年現存營運清冊依成立年度回推,可能不含114年前已停辦或撤站之歷史站點
花蓮縣,壽豐鄉,99,0,0,FALSE,106,NA,-7,NA,NA,NA,114年現存營運清冊依成立年度回推,可能不含114年前已停辦或撤站之歷史站點
花蓮縣,壽豐鄉,100,0,0,FALSE,106,NA,-6,NA,NA,NA,114年現存營運清冊依成立年度回推,可能不含114年前已停辦或撤站之歷史站點
花蓮縣,壽豐鄉,101,0,0,FALSE,106,NA,-5,NA,NA,NA,114年現存營運清冊依成立年度回推,可能不含114年前已停辦或撤站之歷史站點
花蓮縣,壽豐鄉,102,0,0,FALSE,106,NA,-4,NA,NA,NA,114年現存營運清冊依成立年度回推,可能不含114年前已停辦或撤站之歷史站點
花蓮縣,壽豐鄉,103,0,0,FALSE,106,NA,-3,NA,NA,NA,114年現存營運清冊依成立年度回推,可能不含114年前已停辦或撤站之歷史站點
花蓮縣,壽豐鄉,104,0,0,FALSE,106,NA,-2,NA,NA,NA,114年現存營運清冊依成立年度回推,可能不含114年前已停辦或撤站之歷史站點
花蓮縣,壽豐鄉,105,0,0,FALSE,106,NA,-1,NA,NA,NA,114年現存營運清冊依成立年度回推,可能不含114年前已停辦或撤站之歷史站點
花蓮縣,壽豐鄉,106,1,1,TRUE,106,0,0,FALSE,FALSE,FALSE,114年現存營運清冊依成立年度回推,可能不含114年前已停辦或撤站之歷史站點
花蓮縣,壽豐鄉,107,1,2,TRUE,106,1,1,TRUE,FALSE,FALSE,114年現存營運清冊依成立年度回推,可能不含114年前已停辦或撤站之歷史站點
花蓮縣,壽豐鄉,108,2,4,TRUE,106,2,2,TRUE,FALSE,FALSE,114年現存營運清冊依成立年度回推,可能不含114年前已停辦或撤站之歷史站點
花蓮縣,壽豐鄉,109,1,5,TRUE,106,3,3,TRUE,TRUE,FALSE,114年現存營運清冊依成立年度回推,可能不含114年前已停辦或撤站之歷史站點
花蓮縣,壽豐鄉,110,0,5,TRUE,106,4,4,TRUE,TRUE,FALSE,114年現存營運清冊依成立年度回推,可能不含114年前已停辦或撤站之歷史站點
花蓮縣,壽豐鄉,111,0,5,TRUE,106,5,5,TRUE,TRUE,TRUE,114年現存營運清冊依成立年度回推,可能不含114年前已停辦或撤站之歷史站點
花蓮縣,壽豐鄉,112,1,6,TRUE,106,6,6,TRUE,TRUE,TRUE,114年現存營運清冊依成立年度回推,可能不含114年前已停辦或撤站之歷史站點
花蓮縣,壽豐鄉,113,0,6,TRUE,106,7,7,TRUE,TRUE,TRUE,114年現存營運清冊依成立年度回推,可能不含114年前已停辦或撤站之歷史站點
花蓮縣,壽豐鄉,114,1,7,TRUE,106,8,8,TRUE,TRUE,TRUE,114年現存營運清冊依成立年度回推,可能不含114年前已停辦或撤站之歷史站點
花蓮縣,富里鄉,90,0,0,FALSE,101,NA,-11,NA,NA,NA,114年現存營運清冊依成立年度回推,可能不含114年前已停辦或撤站之歷史站點
花蓮縣,富里鄉,91,0,0,FALSE,101,NA,-10,NA,NA,NA,114年現存營運清冊依成立年度回推,可能不含114年前已停辦或撤站之歷史站點
花蓮縣,富里鄉,92,0,0,FALSE,101,NA,-9,NA,NA,NA,114年現存營運清冊依成立年度回推,可能不含114年前已停辦或撤站之歷史站點
花蓮縣,富里鄉,93,0,0,FALSE,101,NA,-8,NA,NA,NA,114年現存營運清冊依成立年度回推,可能不含114年前已停辦或撤站之歷史站點
花蓮縣,富里鄉,94,0,0,FALSE,101,NA,-7,NA,NA,NA,114年現存營運清冊依成立年度回推,可能不含114年前已停辦或撤站之歷史站點
花蓮縣,富里鄉,95,0,0,FALSE,101,NA,-6,NA,NA,NA,114年現存營運清冊依成立年度回推,可能不含114年前已停辦或撤站之歷史站點
花蓮縣,富里鄉,96,0,0,FALSE,101,NA,-5,NA,NA,NA,114年現存營運清冊依成立年度回推,可能不含114年前已停辦或撤站之歷史站點
花蓮縣,富里鄉,97,0,0,FALSE,101,NA,-4,NA,NA,NA,114年現存營運清冊依成立年度回推,可能不含114年前已停辦或撤站之歷史站點
花蓮縣,富里鄉,98,0,0,FALSE,101,NA,-3,NA,NA,NA,114年現存營運清冊依成立年度回推,可能不含114年前已停辦或撤站之歷史站點
花蓮縣,富里鄉,99,0,0,FALSE,101,NA,-2,NA,NA,NA,114年現存營運清冊依成立年度回推,可能不含114年前已停辦或撤站之歷史站點
花蓮縣,富里鄉,100,0,0,FALSE,101,NA,-1,NA,NA,NA,114年現存營運清冊依成立年度回推,可能不含114年前已停辦或撤站之歷史站點
花蓮縣,富里鄉,101,1,1,TRUE,101,0,0,FALSE,FALSE,FALSE,114年現存營運清冊依成立年度回推,可能不含114年前已停辦或撤站之歷史站點
花蓮縣,富里鄉,102,0,1,TRUE,101,1,1,TRUE,FALSE,FALSE,114年現存營運清冊依成立年度回推,可能不含114年前已停辦或撤站之歷史站點
花蓮縣,富里鄉,103,0,1,TRUE,101,2,2,TRUE,FALSE,FALSE,114年現存營運清冊依成立年度回推,可能不含114年前已停辦或撤站之歷史站點
花蓮縣,富里鄉,104,0,1,TRUE,101,3,3,TRUE,TRUE,FALSE,114年現存營運清冊依成立年度回推,可能不含114年前已停辦或撤站之歷史站點
花蓮縣,富里鄉,105,0,1,TRUE,101,4,4,TRUE,TRUE,FALSE,114年現存營運清冊依成立年度回推,可能不含114年前已停辦或撤站之歷史站點
花蓮縣,富里鄉,106,1,2,TRUE,101,5,5,TRUE,TRUE,TRUE,114年現存營運清冊依成立年度回推,可能不含114年前已停辦或撤站之歷史站點
花蓮縣,富里鄉,107,0,2,TRUE,101,6,6,TRUE,TRUE,TRUE,114年現存營運清冊依成立年度回推,可能不含114年前已停辦或撤站之歷史站點
花蓮縣,富里鄉,108,0,2,TRUE,101,7,7,TRUE,TRUE,TRUE,114年現存營運清冊依成立年度回推,可能不含114年前已停辦或撤站之歷史站點
花蓮縣,富里鄉,109,2,4,TRUE,101,8,8,TRUE,TRUE,TRUE,114年現存營運清冊依成立年度回推,可能不含114年前已停辦或撤站之歷史站點
花蓮縣,富里鄉,110,0,4,TRUE,101,9,9,TRUE,TRUE,TRUE,114年現存營運清冊依成立年度回推,可能不含114年前已停辦或撤站之歷史站點
花蓮縣,富里鄉,111,0,4,TRUE,101,10,10,TRUE,TRUE,TRUE,114年現存營運清冊依成立年度回推,可能不含114年前已停辦或撤站之歷史站點
花蓮縣,富里鄉,112,0,4,TRUE,101,11,11,TRUE,TRUE,TRUE,114年現存營運清冊依成立年度回推,可能不含114年前已停辦或撤站之歷史站點
花蓮縣,富里鄉,113,1,5,TRUE,101,12,12,TRUE,TRUE,TRUE,114年現存營運清冊依成立年度回推,可能不含114年前已停辦或撤站之歷史站點
花蓮縣,富里鄉,114,0,5,TRUE,101,13,13,TRUE,TRUE,TRUE,114年現存營運清冊依成立年度回推,可能不含114年前已停辦或撤站之歷史站點
花蓮縣,新城鄉,90,0,0,FALSE,95,NA,-5,NA,NA,NA,114年現存營運清冊依成立年度回推,可能不含114年前已停辦或撤站之歷史站點
花蓮縣,新城鄉,91,0,0,FALSE,95,NA,-4,NA,NA,NA,114年現存營運清冊依成立年度回推,可能不含114年前已停辦或撤站之歷史站點
花蓮縣,新城鄉,92,0,0,FALSE,95,NA,-3,NA,NA,NA,114年現存營運清冊依成立年度回推,可能不含114年前已停辦或撤站之歷史站點
花蓮縣,新城鄉,93,0,0,FALSE,95,NA,-2,NA,NA,NA,114年現存營運清冊依成立年度回推,可能不含114年前已停辦或撤站之歷史站點
花蓮縣,新城鄉,94,0,0,FALSE,95,NA,-1,NA,NA,NA,114年現存營運清冊依成立年度回推,可能不含114年前已停辦或撤站之歷史站點
花蓮縣,新城鄉,95,1,1,TRUE,95,0,0,FALSE,FALSE,FALSE,114年現存營運清冊依成立年度回推,可能不含114年前已停辦或撤站之歷史站點
花蓮縣,新城鄉,96,0,1,TRUE,95,1,1,TRUE,FALSE,FALSE,114年現存營運清冊依成立年度回推,可能不含114年前已停辦或撤站之歷史站點
花蓮縣,新城鄉,97,0,1,TRUE,95,2,2,TRUE,FALSE,FALSE,114年現存營運清冊依成立年度回推,可能不含114年前已停辦或撤站之歷史站點
花蓮縣,新城鄉,98,0,1,TRUE,95,3,3,TRUE,TRUE,FALSE,114年現存營運清冊依成立年度回推,可能不含114年前已停辦或撤站之歷史站點
花蓮縣,新城鄉,99,0,1,TRUE,95,4,4,TRUE,TRUE,FALSE,114年現存營運清冊依成立年度回推,可能不含114年前已停辦或撤站之歷史站點
花蓮縣,新城鄉,100,0,1,TRUE,95,5,5,TRUE,TRUE,TRUE,114年現存營運清冊依成立年度回推,可能不含114年前已停辦或撤站之歷史站點
花蓮縣,新城鄉,101,0,1,TRUE,95,6,6,TRUE,TRUE,TRUE,114年現存營運清冊依成立年度回推,可能不含114年前已停辦或撤站之歷史站點
花蓮縣,新城鄉,102,0,1,TRUE,95,7,7,TRUE,TRUE,TRUE,114年現存營運清冊依成立年度回推,可能不含114年前已停辦或撤站之歷史站點
花蓮縣,新城鄉,103,0,1,TRUE,95,8,8,TRUE,TRUE,TRUE,114年現存營運清冊依成立年度回推,可能不含114年前已停辦或撤站之歷史站點
花蓮縣,新城鄉,104,0,1,TRUE,95,9,9,TRUE,TRUE,TRUE,114年現存營運清冊依成立年度回推,可能不含114年前已停辦或撤站之歷史站點
花蓮縣,新城鄉,105,0,1,TRUE,95,10,10,TRUE,TRUE,TRUE,114年現存營運清冊依成立年度回推,可能不含114年前已停辦或撤站之歷史站點
花蓮縣,新城鄉,106,1,2,TRUE,95,11,11,TRUE,TRUE,TRUE,114年現存營運清冊依成立年度回推,可能不含114年前已停辦或撤站之歷史站點
花蓮縣,新城鄉,107,1,3,TRUE,95,12,12,TRUE,TRUE,TRUE,114年現存營運清冊依成立年度回推,可能不含114年前已停辦或撤站之歷史站點
花蓮縣,新城鄉,108,0,3,TRUE,95,13,13,TRUE,TRUE,TRUE,114年現存營運清冊依成立年度回推,可能不含114年前已停辦或撤站之歷史站點
花蓮縣,新城鄉,109,0,3,TRUE,95,14,14,TRUE,TRUE,TRUE,114年現存營運清冊依成立年度回推,可能不含114年前已停辦或撤站之歷史站點
花蓮縣,新城鄉,110,0,3,TRUE,95,15,15,TRUE,TRUE,TRUE,114年現存營運清冊依成立年度回推,可能不含114年前已停辦或撤站之歷史站點
花蓮縣,新城鄉,111,0,3,TRUE,95,16,16,TRUE,TRUE,TRUE,114年現存營運清冊依成立年度回推,可能不含114年前已停辦或撤站之歷史站點
花蓮縣,新城鄉,112,0,3,TRUE,95,17,17,TRUE,TRUE,TRUE,114年現存營運清冊依成立年度回推,可能不含114年前已停辦或撤站之歷史站點
花蓮縣,新城鄉,113,0,3,TRUE,95,18,18,TRUE,TRUE,TRUE,114年現存營運清冊依成立年度回推,可能不含114年前已停辦或撤站之歷史站點
花蓮縣,新城鄉,114,0,3,TRUE,95,19,19,TRUE,TRUE,TRUE,114年現存營運清冊依成立年度回推,可能不含114年前已停辦或撤站之歷史站點
花蓮縣,玉里鎮,90,0,0,FALSE,95,NA,-5,NA,NA,NA,114年現存營運清冊依成立年度回推,可能不含114年前已停辦或撤站之歷史站點
花蓮縣,玉里鎮,91,0,0,FALSE,95,NA,-4,NA,NA,NA,114年現存營運清冊依成立年度回推,可能不含114年前已停辦或撤站之歷史站點
花蓮縣,玉里鎮,92,0,0,FALSE,95,NA,-3,NA,NA,NA,114年現存營運清冊依成立年度回推,可能不含114年前已停辦或撤站之歷史站點
花蓮縣,玉里鎮,93,0,0,FALSE,95,NA,-2,NA,NA,NA,114年現存營運清冊依成立年度回推,可能不含114年前已停辦或撤站之歷史站點
花蓮縣,玉里鎮,94,0,0,FALSE,95,NA,-1,NA,NA,NA,114年現存營運清冊依成立年度回推,可能不含114年前已停辦或撤站之歷史站點
花蓮縣,玉里鎮,95,3,3,TRUE,95,0,0,FALSE,FALSE,FALSE,114年現存營運清冊依成立年度回推,可能不含114年前已停辦或撤站之歷史站點
花蓮縣,玉里鎮,96,0,3,TRUE,95,1,1,TRUE,FALSE,FALSE,114年現存營運清冊依成立年度回推,可能不含114年前已停辦或撤站之歷史站點
花蓮縣,玉里鎮,97,1,4,TRUE,95,2,2,TRUE,FALSE,FALSE,114年現存營運清冊依成立年度回推,可能不含114年前已停辦或撤站之歷史站點
花蓮縣,玉里鎮,98,0,4,TRUE,95,3,3,TRUE,TRUE,FALSE,114年現存營運清冊依成立年度回推,可能不含114年前已停辦或撤站之歷史站點
花蓮縣,玉里鎮,99,1,5,TRUE,95,4,4,TRUE,TRUE,FALSE,114年現存營運清冊依成立年度回推,可能不含114年前已停辦或撤站之歷史站點
花蓮縣,玉里鎮,100,0,5,TRUE,95,5,5,TRUE,TRUE,TRUE,114年現存營運清冊依成立年度回推,可能不含114年前已停辦或撤站之歷史站點
花蓮縣,玉里鎮,101,0,5,TRUE,95,6,6,TRUE,TRUE,TRUE,114年現存營運清冊依成立年度回推,可能不含114年前已停辦或撤站之歷史站點
花蓮縣,玉里鎮,102,0,5,TRUE,95,7,7,TRUE,TRUE,TRUE,114年現存營運清冊依成立年度回推,可能不含114年前已停辦或撤站之歷史站點
花蓮縣,玉里鎮,103,0,5,TRUE,95,8,8,TRUE,TRUE,TRUE,114年現存營運清冊依成立年度回推,可能不含114年前已停辦或撤站之歷史站點
花蓮縣,玉里鎮,104,0,5,TRUE,95,9,9,TRUE,TRUE,TRUE,114年現存營運清冊依成立年度回推,可能不含114年前已停辦或撤站之歷史站點
花蓮縣,玉里鎮,105,0,5,TRUE,95,10,10,TRUE,TRUE,TRUE,114年現存營運清冊依成立年度回推,可能不含114年前已停辦或撤站之歷史站點
花蓮縣,玉里鎮,106,2,7,TRUE,95,11,11,TRUE,TRUE,TRUE,114年現存營運清冊依成立年度回推,可能不含114年前已停辦或撤站之歷史站點
花蓮縣,玉里鎮,107,2,9,TRUE,95,12,12,TRUE,TRUE,TRUE,114年現存營運清冊依成立年度回推,可能不含114年前已停辦或撤站之歷史站點
花蓮縣,玉里鎮,108,1,10,TRUE,95,13,13,TRUE,TRUE,TRUE,114年現存營運清冊依成立年度回推,可能不含114年前已停辦或撤站之歷史站點
花蓮縣,玉里鎮,109,4,14,TRUE,95,14,14,TRUE,TRUE,TRUE,114年現存營運清冊依成立年度回推,可能不含114年前已停辦或撤站之歷史站點
花蓮縣,玉里鎮,110,0,14,TRUE,95,15,15,TRUE,TRUE,TRUE,114年現存營運清冊依成立年度回推,可能不含114年前已停辦或撤站之歷史站點
花蓮縣,玉里鎮,111,1,15,TRUE,95,16,16,TRUE,TRUE,TRUE,114年現存營運清冊依成立年度回推,可能不含114年前已停辦或撤站之歷史站點
花蓮縣,玉里鎮,112,0,15,TRUE,95,17,17,TRUE,TRUE,TRUE,114年現存營運清冊依成立年度回推,可能不含114年前已停辦或撤站之歷史站點
花蓮縣,玉里鎮,113,0,15,TRUE,95,18,18,TRUE,TRUE,TRUE,114年現存營運清冊依成立年度回推,可能不含114年前已停辦或撤站之歷史站點
花蓮縣,玉里鎮,114,0,15,TRUE,95,19,19,TRUE,TRUE,TRUE,114年現存營運清冊依成立年度回推,可能不含114年前已停辦或撤站之歷史站點
花蓮縣,瑞穗鄉,90,0,0,FALSE,97,NA,-7,NA,NA,NA,114年現存營運清冊依成立年度回推,可能不含114年前已停辦或撤站之歷史站點
花蓮縣,瑞穗鄉,91,0,0,FALSE,97,NA,-6,NA,NA,NA,114年現存營運清冊依成立年度回推,可能不含114年前已停辦或撤站之歷史站點
花蓮縣,瑞穗鄉,92,0,0,FALSE,97,NA,-5,NA,NA,NA,114年現存營運清冊依成立年度回推,可能不含114年前已停辦或撤站之歷史站點
花蓮縣,瑞穗鄉,93,0,0,FALSE,97,NA,-4,NA,NA,NA,114年現存營運清冊依成立年度回推,可能不含114年前已停辦或撤站之歷史站點
花蓮縣,瑞穗鄉,94,0,0,FALSE,97,NA,-3,NA,NA,NA,114年現存營運清冊依成立年度回推,可能不含114年前已停辦或撤站之歷史站點
花蓮縣,瑞穗鄉,95,0,0,FALSE,97,NA,-2,NA,NA,NA,114年現存營運清冊依成立年度回推,可能不含114年前已停辦或撤站之歷史站點
花蓮縣,瑞穗鄉,96,0,0,FALSE,97,NA,-1,NA,NA,NA,114年現存營運清冊依成立年度回推,可能不含114年前已停辦或撤站之歷史站點
花蓮縣,瑞穗鄉,97,1,1,TRUE,97,0,0,FALSE,FALSE,FALSE,114年現存營運清冊依成立年度回推,可能不含114年前已停辦或撤站之歷史站點
花蓮縣,瑞穗鄉,98,0,1,TRUE,97,1,1,TRUE,FALSE,FALSE,114年現存營運清冊依成立年度回推,可能不含114年前已停辦或撤站之歷史站點
花蓮縣,瑞穗鄉,99,0,1,TRUE,97,2,2,TRUE,FALSE,FALSE,114年現存營運清冊依成立年度回推,可能不含114年前已停辦或撤站之歷史站點
花蓮縣,瑞穗鄉,100,0,1,TRUE,97,3,3,TRUE,TRUE,FALSE,114年現存營運清冊依成立年度回推,可能不含114年前已停辦或撤站之歷史站點
花蓮縣,瑞穗鄉,101,0,1,TRUE,97,4,4,TRUE,TRUE,FALSE,114年現存營運清冊依成立年度回推,可能不含114年前已停辦或撤站之歷史站點
花蓮縣,瑞穗鄉,102,0,1,TRUE,97,5,5,TRUE,TRUE,TRUE,114年現存營運清冊依成立年度回推,可能不含114年前已停辦或撤站之歷史站點
花蓮縣,瑞穗鄉,103,0,1,TRUE,97,6,6,TRUE,TRUE,TRUE,114年現存營運清冊依成立年度回推,可能不含114年前已停辦或撤站之歷史站點
花蓮縣,瑞穗鄉,104,0,1,TRUE,97,7,7,TRUE,TRUE,TRUE,114年現存營運清冊依成立年度回推,可能不含114年前已停辦或撤站之歷史站點
花蓮縣,瑞穗鄉,105,1,2,TRUE,97,8,8,TRUE,TRUE,TRUE,114年現存營運清冊依成立年度回推,可能不含114年前已停辦或撤站之歷史站點
花蓮縣,瑞穗鄉,106,0,2,TRUE,97,9,9,TRUE,TRUE,TRUE,114年現存營運清冊依成立年度回推,可能不含114年前已停辦或撤站之歷史站點
花蓮縣,瑞穗鄉,107,1,3,TRUE,97,10,10,TRUE,TRUE,TRUE,114年現存營運清冊依成立年度回推,可能不含114年前已停辦或撤站之歷史站點
花蓮縣,瑞穗鄉,108,3,6,TRUE,97,11,11,TRUE,TRUE,TRUE,114年現存營運清冊依成立年度回推,可能不含114年前已停辦或撤站之歷史站點
花蓮縣,瑞穗鄉,109,3,9,TRUE,97,12,12,TRUE,TRUE,TRUE,114年現存營運清冊依成立年度回推,可能不含114年前已停辦或撤站之歷史站點
花蓮縣,瑞穗鄉,110,0,9,TRUE,97,13,13,TRUE,TRUE,TRUE,114年現存營運清冊依成立年度回推,可能不含114年前已停辦或撤站之歷史站點
花蓮縣,瑞穗鄉,111,2,11,TRUE,97,14,14,TRUE,TRUE,TRUE,114年現存營運清冊依成立年度回推,可能不含114年前已停辦或撤站之歷史站點
花蓮縣,瑞穗鄉,112,0,11,TRUE,97,15,15,TRUE,TRUE,TRUE,114年現存營運清冊依成立年度回推,可能不含114年前已停辦或撤站之歷史站點
花蓮縣,瑞穗鄉,113,0,11,TRUE,97,16,16,TRUE,TRUE,TRUE,114年現存營運清冊依成立年度回推,可能不含114年前已停辦或撤站之歷史站點
花蓮縣,瑞穗鄉,114,0,11,TRUE,97,17,17,TRUE,TRUE,TRUE,114年現存營運清冊依成立年度回推,可能不含114年前已停辦或撤站之歷史站點
花蓮縣,秀林鄉,90,0,0,FALSE,97,NA,-7,NA,NA,NA,114年現存營運清冊依成立年度回推,可能不含114年前已停辦或撤站之歷史站點
花蓮縣,秀林鄉,91,0,0,FALSE,97,NA,-6,NA,NA,NA,114年現存營運清冊依成立年度回推,可能不含114年前已停辦或撤站之歷史站點
花蓮縣,秀林鄉,92,0,0,FALSE,97,NA,-5,NA,NA,NA,114年現存營運清冊依成立年度回推,可能不含114年前已停辦或撤站之歷史站點
花蓮縣,秀林鄉,93,0,0,FALSE,97,NA,-4,NA,NA,NA,114年現存營運清冊依成立年度回推,可能不含114年前已停辦或撤站之歷史站點
花蓮縣,秀林鄉,94,0,0,FALSE,97,NA,-3,NA,NA,NA,114年現存營運清冊依成立年度回推,可能不含114年前已停辦或撤站之歷史站點
花蓮縣,秀林鄉,95,0,0,FALSE,97,NA,-2,NA,NA,NA,114年現存營運清冊依成立年度回推,可能不含114年前已停辦或撤站之歷史站點
花蓮縣,秀林鄉,96,0,0,FALSE,97,NA,-1,NA,NA,NA,114年現存營運清冊依成立年度回推,可能不含114年前已停辦或撤站之歷史站點
花蓮縣,秀林鄉,97,1,1,TRUE,97,0,0,FALSE,FALSE,FALSE,114年現存營運清冊依成立年度回推,可能不含114年前已停辦或撤站之歷史站點
花蓮縣,秀林鄉,98,0,1,TRUE,97,1,1,TRUE,FALSE,FALSE,114年現存營運清冊依成立年度回推,可能不含114年前已停辦或撤站之歷史站點
花蓮縣,秀林鄉,99,0,1,TRUE,97,2,2,TRUE,FALSE,FALSE,114年現存營運清冊依成立年度回推,可能不含114年前已停辦或撤站之歷史站點
花蓮縣,秀林鄉,100,0,1,TRUE,97,3,3,TRUE,TRUE,FALSE,114年現存營運清冊依成立年度回推,可能不含114年前已停辦或撤站之歷史站點
花蓮縣,秀林鄉,101,1,2,TRUE,97,4,4,TRUE,TRUE,FALSE,114年現存營運清冊依成立年度回推,可能不含114年前已停辦或撤站之歷史站點
花蓮縣,秀林鄉,102,0,2,TRUE,97,5,5,TRUE,TRUE,TRUE,114年現存營運清冊依成立年度回推,可能不含114年前已停辦或撤站之歷史站點
花蓮縣,秀林鄉,103,0,2,TRUE,97,6,6,TRUE,TRUE,TRUE,114年現存營運清冊依成立年度回推,可能不含114年前已停辦或撤站之歷史站點
花蓮縣,秀林鄉,104,1,3,TRUE,97,7,7,TRUE,TRUE,TRUE,114年現存營運清冊依成立年度回推,可能不含114年前已停辦或撤站之歷史站點
花蓮縣,秀林鄉,105,0,3,TRUE,97,8,8,TRUE,TRUE,TRUE,114年現存營運清冊依成立年度回推,可能不含114年前已停辦或撤站之歷史站點
花蓮縣,秀林鄉,106,0,3,TRUE,97,9,9,TRUE,TRUE,TRUE,114年現存營運清冊依成立年度回推,可能不含114年前已停辦或撤站之歷史站點
花蓮縣,秀林鄉,107,1,4,TRUE,97,10,10,TRUE,TRUE,TRUE,114年現存營運清冊依成立年度回推,可能不含114年前已停辦或撤站之歷史站點
花蓮縣,秀林鄉,108,5,9,TRUE,97,11,11,TRUE,TRUE,TRUE,114年現存營運清冊依成立年度回推,可能不含114年前已停辦或撤站之歷史站點
花蓮縣,秀林鄉,109,3,12,TRUE,97,12,12,TRUE,TRUE,TRUE,114年現存營運清冊依成立年度回推,可能不含114年前已停辦或撤站之歷史站點
花蓮縣,秀林鄉,110,0,12,TRUE,97,13,13,TRUE,TRUE,TRUE,114年現存營運清冊依成立年度回推,可能不含114年前已停辦或撤站之歷史站點
花蓮縣,秀林鄉,111,3,15,TRUE,97,14,14,TRUE,TRUE,TRUE,114年現存營運清冊依成立年度回推,可能不含114年前已停辦或撤站之歷史站點
花蓮縣,秀林鄉,112,0,15,TRUE,97,15,15,TRUE,TRUE,TRUE,114年現存營運清冊依成立年度回推,可能不含114年前已停辦或撤站之歷史站點
花蓮縣,秀林鄉,113,0,15,TRUE,97,16,16,TRUE,TRUE,TRUE,114年現存營運清冊依成立年度回推,可能不含114年前已停辦或撤站之歷史站點
花蓮縣,秀林鄉,114,0,15,TRUE,97,17,17,TRUE,TRUE,TRUE,114年現存營運清冊依成立年度回推,可能不含114年前已停辦或撤站之歷史站點
花蓮縣,花蓮市,90,0,0,FALSE,103,NA,-13,NA,NA,NA,114年現存營運清冊依成立年度回推,可能不含114年前已停辦或撤站之歷史站點
花蓮縣,花蓮市,91,0,0,FALSE,103,NA,-12,NA,NA,NA,114年現存營運清冊依成立年度回推,可能不含114年前已停辦或撤站之歷史站點
花蓮縣,花蓮市,92,0,0,FALSE,103,NA,-11,NA,NA,NA,114年現存營運清冊依成立年度回推,可能不含114年前已停辦或撤站之歷史站點
花蓮縣,花蓮市,93,0,0,FALSE,103,NA,-10,NA,NA,NA,114年現存營運清冊依成立年度回推,可能不含114年前已停辦或撤站之歷史站點
花蓮縣,花蓮市,94,0,0,FALSE,103,NA,-9,NA,NA,NA,114年現存營運清冊依成立年度回推,可能不含114年前已停辦或撤站之歷史站點
花蓮縣,花蓮市,95,0,0,FALSE,103,NA,-8,NA,NA,NA,114年現存營運清冊依成立年度回推,可能不含114年前已停辦或撤站之歷史站點
花蓮縣,花蓮市,96,0,0,FALSE,103,NA,-7,NA,NA,NA,114年現存營運清冊依成立年度回推,可能不含114年前已停辦或撤站之歷史站點
花蓮縣,花蓮市,97,0,0,FALSE,103,NA,-6,NA,NA,NA,114年現存營運清冊依成立年度回推,可能不含114年前已停辦或撤站之歷史站點
花蓮縣,花蓮市,98,0,0,FALSE,103,NA,-5,NA,NA,NA,114年現存營運清冊依成立年度回推,可能不含114年前已停辦或撤站之歷史站點
花蓮縣,花蓮市,99,0,0,FALSE,103,NA,-4,NA,NA,NA,114年現存營運清冊依成立年度回推,可能不含114年前已停辦或撤站之歷史站點
花蓮縣,花蓮市,100,0,0,FALSE,103,NA,-3,NA,NA,NA,114年現存營運清冊依成立年度回推,可能不含114年前已停辦或撤站之歷史站點
花蓮縣,花蓮市,101,0,0,FALSE,103,NA,-2,NA,NA,NA,114年現存營運清冊依成立年度回推,可能不含114年前已停辦或撤站之歷史站點
花蓮縣,花蓮市,102,0,0,FALSE,103,NA,-1,NA,NA,NA,114年現存營運清冊依成立年度回推,可能不含114年前已停辦或撤站之歷史站點
花蓮縣,花蓮市,103,1,1,TRUE,103,0,0,FALSE,FALSE,FALSE,114年現存營運清冊依成立年度回推,可能不含114年前已停辦或撤站之歷史站點
花蓮縣,花蓮市,104,0,1,TRUE,103,1,1,TRUE,FALSE,FALSE,114年現存營運清冊依成立年度回推,可能不含114年前已停辦或撤站之歷史站點
花蓮縣,花蓮市,105,0,1,TRUE,103,2,2,TRUE,FALSE,FALSE,114年現存營運清冊依成立年度回推,可能不含114年前已停辦或撤站之歷史站點
花蓮縣,花蓮市,106,1,2,TRUE,103,3,3,TRUE,TRUE,FALSE,114年現存營運清冊依成立年度回推,可能不含114年前已停辦或撤站之歷史站點
花蓮縣,花蓮市,107,1,3,TRUE,103,4,4,TRUE,TRUE,FALSE,114年現存營運清冊依成立年度回推,可能不含114年前已停辦或撤站之歷史站點
花蓮縣,花蓮市,108,1,4,TRUE,103,5,5,TRUE,TRUE,TRUE,114年現存營運清冊依成立年度回推,可能不含114年前已停辦或撤站之歷史站點
花蓮縣,花蓮市,109,1,5,TRUE,103,6,6,TRUE,TRUE,TRUE,114年現存營運清冊依成立年度回推,可能不含114年前已停辦或撤站之歷史站點
花蓮縣,花蓮市,110,0,5,TRUE,103,7,7,TRUE,TRUE,TRUE,114年現存營運清冊依成立年度回推,可能不含114年前已停辦或撤站之歷史站點
花蓮縣,花蓮市,111,0,5,TRUE,103,8,8,TRUE,TRUE,TRUE,114年現存營運清冊依成立年度回推,可能不含114年前已停辦或撤站之歷史站點
花蓮縣,花蓮市,112,0,5,TRUE,103,9,9,TRUE,TRUE,TRUE,114年現存營運清冊依成立年度回推,可能不含114年前已停辦或撤站之歷史站點
花蓮縣,花蓮市,113,0,5,TRUE,103,10,10,TRUE,TRUE,TRUE,114年現存營運清冊依成立年度回推,可能不含114年前已停辦或撤站之歷史站點
花蓮縣,花蓮市,114,1,6,TRUE,103,11,11,TRUE,TRUE,TRUE,114年現存營運清冊依成立年度回推,可能不含114年前已停辦或撤站之歷史站點
花蓮縣,萬榮鄉,90,0,0,FALSE,106,NA,-16,NA,NA,NA,114年現存營運清冊依成立年度回推,可能不含114年前已停辦或撤站之歷史站點
花蓮縣,萬榮鄉,91,0,0,FALSE,106,NA,-15,NA,NA,NA,114年現存營運清冊依成立年度回推,可能不含114年前已停辦或撤站之歷史站點
花蓮縣,萬榮鄉,92,0,0,FALSE,106,NA,-14,NA,NA,NA,114年現存營運清冊依成立年度回推,可能不含114年前已停辦或撤站之歷史站點
花蓮縣,萬榮鄉,93,0,0,FALSE,106,NA,-13,NA,NA,NA,114年現存營運清冊依成立年度回推,可能不含114年前已停辦或撤站之歷史站點
花蓮縣,萬榮鄉,94,0,0,FALSE,106,NA,-12,NA,NA,NA,114年現存營運清冊依成立年度回推,可能不含114年前已停辦或撤站之歷史站點
花蓮縣,萬榮鄉,95,0,0,FALSE,106,NA,-11,NA,NA,NA,114年現存營運清冊依成立年度回推,可能不含114年前已停辦或撤站之歷史站點
花蓮縣,萬榮鄉,96,0,0,FALSE,106,NA,-10,NA,NA,NA,114年現存營運清冊依成立年度回推,可能不含114年前已停辦或撤站之歷史站點
花蓮縣,萬榮鄉,97,0,0,FALSE,106,NA,-9,NA,NA,NA,114年現存營運清冊依成立年度回推,可能不含114年前已停辦或撤站之歷史站點
花蓮縣,萬榮鄉,98,0,0,FALSE,106,NA,-8,NA,NA,NA,114年現存營運清冊依成立年度回推,可能不含114年前已停辦或撤站之歷史站點
花蓮縣,萬榮鄉,99,0,0,FALSE,106,NA,-7,NA,NA,NA,114年現存營運清冊依成立年度回推,可能不含114年前已停辦或撤站之歷史站點
花蓮縣,萬榮鄉,100,0,0,FALSE,106,NA,-6,NA,NA,NA,114年現存營運清冊依成立年度回推,可能不含114年前已停辦或撤站之歷史站點
花蓮縣,萬榮鄉,101,0,0,FALSE,106,NA,-5,NA,NA,NA,114年現存營運清冊依成立年度回推,可能不含114年前已停辦或撤站之歷史站點
花蓮縣,萬榮鄉,102,0,0,FALSE,106,NA,-4,NA,NA,NA,114年現存營運清冊依成立年度回推,可能不含114年前已停辦或撤站之歷史站點
花蓮縣,萬榮鄉,103,0,0,FALSE,106,NA,-3,NA,NA,NA,114年現存營運清冊依成立年度回推,可能不含114年前已停辦或撤站之歷史站點
花蓮縣,萬榮鄉,104,0,0,FALSE,106,NA,-2,NA,NA,NA,114年現存營運清冊依成立年度回推,可能不含114年前已停辦或撤站之歷史站點
花蓮縣,萬榮鄉,105,0,0,FALSE,106,NA,-1,NA,NA,NA,114年現存營運清冊依成立年度回推,可能不含114年前已停辦或撤站之歷史站點
花蓮縣,萬榮鄉,106,2,2,TRUE,106,0,0,FALSE,FALSE,FALSE,114年現存營運清冊依成立年度回推,可能不含114年前已停辦或撤站之歷史站點
花蓮縣,萬榮鄉,107,2,4,TRUE,106,1,1,TRUE,FALSE,FALSE,114年現存營運清冊依成立年度回推,可能不含114年前已停辦或撤站之歷史站點
花蓮縣,萬榮鄉,108,0,4,TRUE,106,2,2,TRUE,FALSE,FALSE,114年現存營運清冊依成立年度回推,可能不含114年前已停辦或撤站之歷史站點
花蓮縣,萬榮鄉,109,2,6,TRUE,106,3,3,TRUE,TRUE,FALSE,114年現存營運清冊依成立年度回推,可能不含114年前已停辦或撤站之歷史站點
花蓮縣,萬榮鄉,110,0,6,TRUE,106,4,4,TRUE,TRUE,FALSE,114年現存營運清冊依成立年度回推,可能不含114年前已停辦或撤站之歷史站點
花蓮縣,萬榮鄉,111,1,7,TRUE,106,5,5,TRUE,TRUE,TRUE,114年現存營運清冊依成立年度回推,可能不含114年前已停辦或撤站之歷史站點
花蓮縣,萬榮鄉,112,0,7,TRUE,106,6,6,TRUE,TRUE,TRUE,114年現存營運清冊依成立年度回推,可能不含114年前已停辦或撤站之歷史站點
花蓮縣,萬榮鄉,113,0,7,TRUE,106,7,7,TRUE,TRUE,TRUE,114年現存營運清冊依成立年度回推,可能不含114年前已停辦或撤站之歷史站點
花蓮縣,萬榮鄉,114,0,7,TRUE,106,8,8,TRUE,TRUE,TRUE,114年現存營運清冊依成立年度回推,可能不含114年前已停辦或撤站之歷史站點
花蓮縣,豐濱鄉,90,0,0,FALSE,97,NA,-7,NA,NA,NA,114年現存營運清冊依成立年度回推,可能不含114年前已停辦或撤站之歷史站點
花蓮縣,豐濱鄉,91,0,0,FALSE,97,NA,-6,NA,NA,NA,114年現存營運清冊依成立年度回推,可能不含114年前已停辦或撤站之歷史站點
花蓮縣,豐濱鄉,92,0,0,FALSE,97,NA,-5,NA,NA,NA,114年現存營運清冊依成立年度回推,可能不含114年前已停辦或撤站之歷史站點
花蓮縣,豐濱鄉,93,0,0,FALSE,97,NA,-4,NA,NA,NA,114年現存營運清冊依成立年度回推,可能不含114年前已停辦或撤站之歷史站點
花蓮縣,豐濱鄉,94,0,0,FALSE,97,NA,-3,NA,NA,NA,114年現存營運清冊依成立年度回推,可能不含114年前已停辦或撤站之歷史站點
花蓮縣,豐濱鄉,95,0,0,FALSE,97,NA,-2,NA,NA,NA,114年現存營運清冊依成立年度回推,可能不含114年前已停辦或撤站之歷史站點
花蓮縣,豐濱鄉,96,0,0,FALSE,97,NA,-1,NA,NA,NA,114年現存營運清冊依成立年度回推,可能不含114年前已停辦或撤站之歷史站點
花蓮縣,豐濱鄉,97,1,1,TRUE,97,0,0,FALSE,FALSE,FALSE,114年現存營運清冊依成立年度回推,可能不含114年前已停辦或撤站之歷史站點
花蓮縣,豐濱鄉,98,1,2,TRUE,97,1,1,TRUE,FALSE,FALSE,114年現存營運清冊依成立年度回推,可能不含114年前已停辦或撤站之歷史站點
花蓮縣,豐濱鄉,99,0,2,TRUE,97,2,2,TRUE,FALSE,FALSE,114年現存營運清冊依成立年度回推,可能不含114年前已停辦或撤站之歷史站點
花蓮縣,豐濱鄉,100,0,2,TRUE,97,3,3,TRUE,TRUE,FALSE,114年現存營運清冊依成立年度回推,可能不含114年前已停辦或撤站之歷史站點
花蓮縣,豐濱鄉,101,0,2,TRUE,97,4,4,TRUE,TRUE,FALSE,114年現存營運清冊依成立年度回推,可能不含114年前已停辦或撤站之歷史站點
花蓮縣,豐濱鄉,102,0,2,TRUE,97,5,5,TRUE,TRUE,TRUE,114年現存營運清冊依成立年度回推,可能不含114年前已停辦或撤站之歷史站點
花蓮縣,豐濱鄉,103,0,2,TRUE,97,6,6,TRUE,TRUE,TRUE,114年現存營運清冊依成立年度回推,可能不含114年前已停辦或撤站之歷史站點
花蓮縣,豐濱鄉,104,0,2,TRUE,97,7,7,TRUE,TRUE,TRUE,114年現存營運清冊依成立年度回推,可能不含114年前已停辦或撤站之歷史站點
花蓮縣,豐濱鄉,105,0,2,TRUE,97,8,8,TRUE,TRUE,TRUE,114年現存營運清冊依成立年度回推,可能不含114年前已停辦或撤站之歷史站點
花蓮縣,豐濱鄉,106,0,2,TRUE,97,9,9,TRUE,TRUE,TRUE,114年現存營運清冊依成立年度回推,可能不含114年前已停辦或撤站之歷史站點
花蓮縣,豐濱鄉,107,1,3,TRUE,97,10,10,TRUE,TRUE,TRUE,114年現存營運清冊依成立年度回推,可能不含114年前已停辦或撤站之歷史站點
花蓮縣,豐濱鄉,108,1,4,TRUE,97,11,11,TRUE,TRUE,TRUE,114年現存營運清冊依成立年度回推,可能不含114年前已停辦或撤站之歷史站點
花蓮縣,豐濱鄉,109,2,6,TRUE,97,12,12,TRUE,TRUE,TRUE,114年現存營運清冊依成立年度回推,可能不含114年前已停辦或撤站之歷史站點
花蓮縣,豐濱鄉,110,0,6,TRUE,97,13,13,TRUE,TRUE,TRUE,114年現存營運清冊依成立年度回推,可能不含114年前已停辦或撤站之歷史站點
花蓮縣,豐濱鄉,111,1,7,TRUE,97,14,14,TRUE,TRUE,TRUE,114年現存營運清冊依成立年度回推,可能不含114年前已停辦或撤站之歷史站點
花蓮縣,豐濱鄉,112,1,8,TRUE,97,15,15,TRUE,TRUE,TRUE,114年現存營運清冊依成立年度回推,可能不含114年前已停辦或撤站之歷史站點
花蓮縣,豐濱鄉,113,1,9,TRUE,97,16,16,TRUE,TRUE,TRUE,114年現存營運清冊依成立年度回推,可能不含114年前已停辦或撤站之歷史站點
花蓮縣,豐濱鄉,114,0,9,TRUE,97,17,17,TRUE,TRUE,TRUE,114年現存營運清冊依成立年度回推,可能不含114年前已停辦或撤站之歷史站點
花蓮縣,鳳林鎮,90,0,0,FALSE,102,NA,-12,NA,NA,NA,114年現存營運清冊依成立年度回推,可能不含114年前已停辦或撤站之歷史站點
花蓮縣,鳳林鎮,91,0,0,FALSE,102,NA,-11,NA,NA,NA,114年現存營運清冊依成立年度回推,可能不含114年前已停辦或撤站之歷史站點
花蓮縣,鳳林鎮,92,0,0,FALSE,102,NA,-10,NA,NA,NA,114年現存營運清冊依成立年度回推,可能不含114年前已停辦或撤站之歷史站點
花蓮縣,鳳林鎮,93,0,0,FALSE,102,NA,-9,NA,NA,NA,114年現存營運清冊依成立年度回推,可能不含114年前已停辦或撤站之歷史站點
花蓮縣,鳳林鎮,94,0,0,FALSE,102,NA,-8,NA,NA,NA,114年現存營運清冊依成立年度回推,可能不含114年前已停辦或撤站之歷史站點
花蓮縣,鳳林鎮,95,0,0,FALSE,102,NA,-7,NA,NA,NA,114年現存營運清冊依成立年度回推,可能不含114年前已停辦或撤站之歷史站點
花蓮縣,鳳林鎮,96,0,0,FALSE,102,NA,-6,NA,NA,NA,114年現存營運清冊依成立年度回推,可能不含114年前已停辦或撤站之歷史站點
花蓮縣,鳳林鎮,97,0,0,FALSE,102,NA,-5,NA,NA,NA,114年現存營運清冊依成立年度回推,可能不含114年前已停辦或撤站之歷史站點
花蓮縣,鳳林鎮,98,0,0,FALSE,102,NA,-4,NA,NA,NA,114年現存營運清冊依成立年度回推,可能不含114年前已停辦或撤站之歷史站點
花蓮縣,鳳林鎮,99,0,0,FALSE,102,NA,-3,NA,NA,NA,114年現存營運清冊依成立年度回推,可能不含114年前已停辦或撤站之歷史站點
花蓮縣,鳳林鎮,100,0,0,FALSE,102,NA,-2,NA,NA,NA,114年現存營運清冊依成立年度回推,可能不含114年前已停辦或撤站之歷史站點
花蓮縣,鳳林鎮,101,0,0,FALSE,102,NA,-1,NA,NA,NA,114年現存營運清冊依成立年度回推,可能不含114年前已停辦或撤站之歷史站點
花蓮縣,鳳林鎮,102,1,1,TRUE,102,0,0,FALSE,FALSE,FALSE,114年現存營運清冊依成立年度回推,可能不含114年前已停辦或撤站之歷史站點
花蓮縣,鳳林鎮,103,0,1,TRUE,102,1,1,TRUE,FALSE,FALSE,114年現存營運清冊依成立年度回推,可能不含114年前已停辦或撤站之歷史站點
花蓮縣,鳳林鎮,104,1,2,TRUE,102,2,2,TRUE,FALSE,FALSE,114年現存營運清冊依成立年度回推,可能不含114年前已停辦或撤站之歷史站點
花蓮縣,鳳林鎮,105,0,2,TRUE,102,3,3,TRUE,TRUE,FALSE,114年現存營運清冊依成立年度回推,可能不含114年前已停辦或撤站之歷史站點
花蓮縣,鳳林鎮,106,0,2,TRUE,102,4,4,TRUE,TRUE,FALSE,114年現存營運清冊依成立年度回推,可能不含114年前已停辦或撤站之歷史站點
花蓮縣,鳳林鎮,107,0,2,TRUE,102,5,5,TRUE,TRUE,TRUE,114年現存營運清冊依成立年度回推,可能不含114年前已停辦或撤站之歷史站點
花蓮縣,鳳林鎮,108,0,2,TRUE,102,6,6,TRUE,TRUE,TRUE,114年現存營運清冊依成立年度回推,可能不含114年前已停辦或撤站之歷史站點
花蓮縣,鳳林鎮,109,0,2,TRUE,102,7,7,TRUE,TRUE,TRUE,114年現存營運清冊依成立年度回推,可能不含114年前已停辦或撤站之歷史站點
花蓮縣,鳳林鎮,110,0,2,TRUE,102,8,8,TRUE,TRUE,TRUE,114年現存營運清冊依成立年度回推,可能不含114年前已停辦或撤站之歷史站點
花蓮縣,鳳林鎮,111,0,2,TRUE,102,9,9,TRUE,TRUE,TRUE,114年現存營運清冊依成立年度回推,可能不含114年前已停辦或撤站之歷史站點
花蓮縣,鳳林鎮,112,1,3,TRUE,102,10,10,TRUE,TRUE,TRUE,114年現存營運清冊依成立年度回推,可能不含114年前已停辦或撤站之歷史站點
花蓮縣,鳳林鎮,113,0,3,TRUE,102,11,11,TRUE,TRUE,TRUE,114年現存營運清冊依成立年度回推,可能不含114年前已停辦或撤站之歷史站點
花蓮縣,鳳林鎮,114,0,3,TRUE,102,12,12,TRUE,TRUE,TRUE,114年現存營運清冊依成立年度回推,可能不含114年前已停辦或撤站之歷史站點
苗栗縣,南庄鄉,90,0,0,FALSE,97,NA,-7,NA,NA,NA,114年現存營運清冊依成立年度回推,可能不含114年前已停辦或撤站之歷史站點
苗栗縣,南庄鄉,91,0,0,FALSE,97,NA,-6,NA,NA,NA,114年現存營運清冊依成立年度回推,可能不含114年前已停辦或撤站之歷史站點
苗栗縣,南庄鄉,92,0,0,FALSE,97,NA,-5,NA,NA,NA,114年現存營運清冊依成立年度回推,可能不含114年前已停辦或撤站之歷史站點
苗栗縣,南庄鄉,93,0,0,FALSE,97,NA,-4,NA,NA,NA,114年現存營運清冊依成立年度回推,可能不含114年前已停辦或撤站之歷史站點
苗栗縣,南庄鄉,94,0,0,FALSE,97,NA,-3,NA,NA,NA,114年現存營運清冊依成立年度回推,可能不含114年前已停辦或撤站之歷史站點
苗栗縣,南庄鄉,95,0,0,FALSE,97,NA,-2,NA,NA,NA,114年現存營運清冊依成立年度回推,可能不含114年前已停辦或撤站之歷史站點
苗栗縣,南庄鄉,96,0,0,FALSE,97,NA,-1,NA,NA,NA,114年現存營運清冊依成立年度回推,可能不含114年前已停辦或撤站之歷史站點
苗栗縣,南庄鄉,97,1,1,TRUE,97,0,0,FALSE,FALSE,FALSE,114年現存營運清冊依成立年度回推,可能不含114年前已停辦或撤站之歷史站點
苗栗縣,南庄鄉,98,0,1,TRUE,97,1,1,TRUE,FALSE,FALSE,114年現存營運清冊依成立年度回推,可能不含114年前已停辦或撤站之歷史站點
苗栗縣,南庄鄉,99,1,2,TRUE,97,2,2,TRUE,FALSE,FALSE,114年現存營運清冊依成立年度回推,可能不含114年前已停辦或撤站之歷史站點
苗栗縣,南庄鄉,100,0,2,TRUE,97,3,3,TRUE,TRUE,FALSE,114年現存營運清冊依成立年度回推,可能不含114年前已停辦或撤站之歷史站點
苗栗縣,南庄鄉,101,0,2,TRUE,97,4,4,TRUE,TRUE,FALSE,114年現存營運清冊依成立年度回推,可能不含114年前已停辦或撤站之歷史站點
苗栗縣,南庄鄉,102,0,2,TRUE,97,5,5,TRUE,TRUE,TRUE,114年現存營運清冊依成立年度回推,可能不含114年前已停辦或撤站之歷史站點
苗栗縣,南庄鄉,103,0,2,TRUE,97,6,6,TRUE,TRUE,TRUE,114年現存營運清冊依成立年度回推,可能不含114年前已停辦或撤站之歷史站點
苗栗縣,南庄鄉,104,0,2,TRUE,97,7,7,TRUE,TRUE,TRUE,114年現存營運清冊依成立年度回推,可能不含114年前已停辦或撤站之歷史站點
苗栗縣,南庄鄉,105,0,2,TRUE,97,8,8,TRUE,TRUE,TRUE,114年現存營運清冊依成立年度回推,可能不含114年前已停辦或撤站之歷史站點
苗栗縣,南庄鄉,106,0,2,TRUE,97,9,9,TRUE,TRUE,TRUE,114年現存營運清冊依成立年度回推,可能不含114年前已停辦或撤站之歷史站點
苗栗縣,南庄鄉,107,0,2,TRUE,97,10,10,TRUE,TRUE,TRUE,114年現存營運清冊依成立年度回推,可能不含114年前已停辦或撤站之歷史站點
苗栗縣,南庄鄉,108,0,2,TRUE,97,11,11,TRUE,TRUE,TRUE,114年現存營運清冊依成立年度回推,可能不含114年前已停辦或撤站之歷史站點
苗栗縣,南庄鄉,109,2,4,TRUE,97,12,12,TRUE,TRUE,TRUE,114年現存營運清冊依成立年度回推,可能不含114年前已停辦或撤站之歷史站點
苗栗縣,南庄鄉,110,0,4,TRUE,97,13,13,TRUE,TRUE,TRUE,114年現存營運清冊依成立年度回推,可能不含114年前已停辦或撤站之歷史站點
苗栗縣,南庄鄉,111,0,4,TRUE,97,14,14,TRUE,TRUE,TRUE,114年現存營運清冊依成立年度回推,可能不含114年前已停辦或撤站之歷史站點
苗栗縣,南庄鄉,112,0,4,TRUE,97,15,15,TRUE,TRUE,TRUE,114年現存營運清冊依成立年度回推,可能不含114年前已停辦或撤站之歷史站點
苗栗縣,南庄鄉,113,0,4,TRUE,97,16,16,TRUE,TRUE,TRUE,114年現存營運清冊依成立年度回推,可能不含114年前已停辦或撤站之歷史站點
苗栗縣,南庄鄉,114,0,4,TRUE,97,17,17,TRUE,TRUE,TRUE,114年現存營運清冊依成立年度回推,可能不含114年前已停辦或撤站之歷史站點
苗栗縣,大湖鄉,90,0,0,FALSE,112,NA,-22,NA,NA,NA,114年現存營運清冊依成立年度回推,可能不含114年前已停辦或撤站之歷史站點
苗栗縣,大湖鄉,91,0,0,FALSE,112,NA,-21,NA,NA,NA,114年現存營運清冊依成立年度回推,可能不含114年前已停辦或撤站之歷史站點
苗栗縣,大湖鄉,92,0,0,FALSE,112,NA,-20,NA,NA,NA,114年現存營運清冊依成立年度回推,可能不含114年前已停辦或撤站之歷史站點
苗栗縣,大湖鄉,93,0,0,FALSE,112,NA,-19,NA,NA,NA,114年現存營運清冊依成立年度回推,可能不含114年前已停辦或撤站之歷史站點
苗栗縣,大湖鄉,94,0,0,FALSE,112,NA,-18,NA,NA,NA,114年現存營運清冊依成立年度回推,可能不含114年前已停辦或撤站之歷史站點
苗栗縣,大湖鄉,95,0,0,FALSE,112,NA,-17,NA,NA,NA,114年現存營運清冊依成立年度回推,可能不含114年前已停辦或撤站之歷史站點
苗栗縣,大湖鄉,96,0,0,FALSE,112,NA,-16,NA,NA,NA,114年現存營運清冊依成立年度回推,可能不含114年前已停辦或撤站之歷史站點
苗栗縣,大湖鄉,97,0,0,FALSE,112,NA,-15,NA,NA,NA,114年現存營運清冊依成立年度回推,可能不含114年前已停辦或撤站之歷史站點
苗栗縣,大湖鄉,98,0,0,FALSE,112,NA,-14,NA,NA,NA,114年現存營運清冊依成立年度回推,可能不含114年前已停辦或撤站之歷史站點
苗栗縣,大湖鄉,99,0,0,FALSE,112,NA,-13,NA,NA,NA,114年現存營運清冊依成立年度回推,可能不含114年前已停辦或撤站之歷史站點
苗栗縣,大湖鄉,100,0,0,FALSE,112,NA,-12,NA,NA,NA,114年現存營運清冊依成立年度回推,可能不含114年前已停辦或撤站之歷史站點
苗栗縣,大湖鄉,101,0,0,FALSE,112,NA,-11,NA,NA,NA,114年現存營運清冊依成立年度回推,可能不含114年前已停辦或撤站之歷史站點
苗栗縣,大湖鄉,102,0,0,FALSE,112,NA,-10,NA,NA,NA,114年現存營運清冊依成立年度回推,可能不含114年前已停辦或撤站之歷史站點
苗栗縣,大湖鄉,103,0,0,FALSE,112,NA,-9,NA,NA,NA,114年現存營運清冊依成立年度回推,可能不含114年前已停辦或撤站之歷史站點
苗栗縣,大湖鄉,104,0,0,FALSE,112,NA,-8,NA,NA,NA,114年現存營運清冊依成立年度回推,可能不含114年前已停辦或撤站之歷史站點
苗栗縣,大湖鄉,105,0,0,FALSE,112,NA,-7,NA,NA,NA,114年現存營運清冊依成立年度回推,可能不含114年前已停辦或撤站之歷史站點
苗栗縣,大湖鄉,106,0,0,FALSE,112,NA,-6,NA,NA,NA,114年現存營運清冊依成立年度回推,可能不含114年前已停辦或撤站之歷史站點
苗栗縣,大湖鄉,107,0,0,FALSE,112,NA,-5,NA,NA,NA,114年現存營運清冊依成立年度回推,可能不含114年前已停辦或撤站之歷史站點
苗栗縣,大湖鄉,108,0,0,FALSE,112,NA,-4,NA,NA,NA,114年現存營運清冊依成立年度回推,可能不含114年前已停辦或撤站之歷史站點
苗栗縣,大湖鄉,109,0,0,FALSE,112,NA,-3,NA,NA,NA,114年現存營運清冊依成立年度回推,可能不含114年前已停辦或撤站之歷史站點
苗栗縣,大湖鄉,110,0,0,FALSE,112,NA,-2,NA,NA,NA,114年現存營運清冊依成立年度回推,可能不含114年前已停辦或撤站之歷史站點
苗栗縣,大湖鄉,111,0,0,FALSE,112,NA,-1,NA,NA,NA,114年現存營運清冊依成立年度回推,可能不含114年前已停辦或撤站之歷史站點
苗栗縣,大湖鄉,112,1,1,TRUE,112,0,0,FALSE,FALSE,FALSE,114年現存營運清冊依成立年度回推,可能不含114年前已停辦或撤站之歷史站點
苗栗縣,大湖鄉,113,0,1,TRUE,112,1,1,TRUE,FALSE,FALSE,114年現存營運清冊依成立年度回推,可能不含114年前已停辦或撤站之歷史站點
苗栗縣,大湖鄉,114,0,1,TRUE,112,2,2,TRUE,FALSE,FALSE,114年現存營運清冊依成立年度回推,可能不含114年前已停辦或撤站之歷史站點
苗栗縣,泰安鄉,90,0,0,FALSE,95,NA,-5,NA,NA,NA,114年現存營運清冊依成立年度回推,可能不含114年前已停辦或撤站之歷史站點
苗栗縣,泰安鄉,91,0,0,FALSE,95,NA,-4,NA,NA,NA,114年現存營運清冊依成立年度回推,可能不含114年前已停辦或撤站之歷史站點
苗栗縣,泰安鄉,92,0,0,FALSE,95,NA,-3,NA,NA,NA,114年現存營運清冊依成立年度回推,可能不含114年前已停辦或撤站之歷史站點
苗栗縣,泰安鄉,93,0,0,FALSE,95,NA,-2,NA,NA,NA,114年現存營運清冊依成立年度回推,可能不含114年前已停辦或撤站之歷史站點
苗栗縣,泰安鄉,94,0,0,FALSE,95,NA,-1,NA,NA,NA,114年現存營運清冊依成立年度回推,可能不含114年前已停辦或撤站之歷史站點
苗栗縣,泰安鄉,95,1,1,TRUE,95,0,0,FALSE,FALSE,FALSE,114年現存營運清冊依成立年度回推,可能不含114年前已停辦或撤站之歷史站點
苗栗縣,泰安鄉,96,0,1,TRUE,95,1,1,TRUE,FALSE,FALSE,114年現存營運清冊依成立年度回推,可能不含114年前已停辦或撤站之歷史站點
苗栗縣,泰安鄉,97,1,2,TRUE,95,2,2,TRUE,FALSE,FALSE,114年現存營運清冊依成立年度回推,可能不含114年前已停辦或撤站之歷史站點
苗栗縣,泰安鄉,98,0,2,TRUE,95,3,3,TRUE,TRUE,FALSE,114年現存營運清冊依成立年度回推,可能不含114年前已停辦或撤站之歷史站點
苗栗縣,泰安鄉,99,0,2,TRUE,95,4,4,TRUE,TRUE,FALSE,114年現存營運清冊依成立年度回推,可能不含114年前已停辦或撤站之歷史站點
苗栗縣,泰安鄉,100,1,3,TRUE,95,5,5,TRUE,TRUE,TRUE,114年現存營運清冊依成立年度回推,可能不含114年前已停辦或撤站之歷史站點
苗栗縣,泰安鄉,101,2,5,TRUE,95,6,6,TRUE,TRUE,TRUE,114年現存營運清冊依成立年度回推,可能不含114年前已停辦或撤站之歷史站點
苗栗縣,泰安鄉,102,1,6,TRUE,95,7,7,TRUE,TRUE,TRUE,114年現存營運清冊依成立年度回推,可能不含114年前已停辦或撤站之歷史站點
苗栗縣,泰安鄉,103,0,6,TRUE,95,8,8,TRUE,TRUE,TRUE,114年現存營運清冊依成立年度回推,可能不含114年前已停辦或撤站之歷史站點
苗栗縣,泰安鄉,104,0,6,TRUE,95,9,9,TRUE,TRUE,TRUE,114年現存營運清冊依成立年度回推,可能不含114年前已停辦或撤站之歷史站點
苗栗縣,泰安鄉,105,0,6,TRUE,95,10,10,TRUE,TRUE,TRUE,114年現存營運清冊依成立年度回推,可能不含114年前已停辦或撤站之歷史站點
苗栗縣,泰安鄉,106,1,7,TRUE,95,11,11,TRUE,TRUE,TRUE,114年現存營運清冊依成立年度回推,可能不含114年前已停辦或撤站之歷史站點
苗栗縣,泰安鄉,107,0,7,TRUE,95,12,12,TRUE,TRUE,TRUE,114年現存營運清冊依成立年度回推,可能不含114年前已停辦或撤站之歷史站點
苗栗縣,泰安鄉,108,0,7,TRUE,95,13,13,TRUE,TRUE,TRUE,114年現存營運清冊依成立年度回推,可能不含114年前已停辦或撤站之歷史站點
苗栗縣,泰安鄉,109,1,8,TRUE,95,14,14,TRUE,TRUE,TRUE,114年現存營運清冊依成立年度回推,可能不含114年前已停辦或撤站之歷史站點
苗栗縣,泰安鄉,110,0,8,TRUE,95,15,15,TRUE,TRUE,TRUE,114年現存營運清冊依成立年度回推,可能不含114年前已停辦或撤站之歷史站點
苗栗縣,泰安鄉,111,0,8,TRUE,95,16,16,TRUE,TRUE,TRUE,114年現存營運清冊依成立年度回推,可能不含114年前已停辦或撤站之歷史站點
苗栗縣,泰安鄉,112,0,8,TRUE,95,17,17,TRUE,TRUE,TRUE,114年現存營運清冊依成立年度回推,可能不含114年前已停辦或撤站之歷史站點
苗栗縣,泰安鄉,113,0,8,TRUE,95,18,18,TRUE,TRUE,TRUE,114年現存營運清冊依成立年度回推,可能不含114年前已停辦或撤站之歷史站點
苗栗縣,泰安鄉,114,0,8,TRUE,95,19,19,TRUE,TRUE,TRUE,114年現存營運清冊依成立年度回推,可能不含114年前已停辦或撤站之歷史站點
苗栗縣,獅潭鄉,90,0,0,FALSE,106,NA,-16,NA,NA,NA,114年現存營運清冊依成立年度回推,可能不含114年前已停辦或撤站之歷史站點
苗栗縣,獅潭鄉,91,0,0,FALSE,106,NA,-15,NA,NA,NA,114年現存營運清冊依成立年度回推,可能不含114年前已停辦或撤站之歷史站點
苗栗縣,獅潭鄉,92,0,0,FALSE,106,NA,-14,NA,NA,NA,114年現存營運清冊依成立年度回推,可能不含114年前已停辦或撤站之歷史站點
苗栗縣,獅潭鄉,93,0,0,FALSE,106,NA,-13,NA,NA,NA,114年現存營運清冊依成立年度回推,可能不含114年前已停辦或撤站之歷史站點
苗栗縣,獅潭鄉,94,0,0,FALSE,106,NA,-12,NA,NA,NA,114年現存營運清冊依成立年度回推,可能不含114年前已停辦或撤站之歷史站點
苗栗縣,獅潭鄉,95,0,0,FALSE,106,NA,-11,NA,NA,NA,114年現存營運清冊依成立年度回推,可能不含114年前已停辦或撤站之歷史站點
苗栗縣,獅潭鄉,96,0,0,FALSE,106,NA,-10,NA,NA,NA,114年現存營運清冊依成立年度回推,可能不含114年前已停辦或撤站之歷史站點
苗栗縣,獅潭鄉,97,0,0,FALSE,106,NA,-9,NA,NA,NA,114年現存營運清冊依成立年度回推,可能不含114年前已停辦或撤站之歷史站點
苗栗縣,獅潭鄉,98,0,0,FALSE,106,NA,-8,NA,NA,NA,114年現存營運清冊依成立年度回推,可能不含114年前已停辦或撤站之歷史站點
苗栗縣,獅潭鄉,99,0,0,FALSE,106,NA,-7,NA,NA,NA,114年現存營運清冊依成立年度回推,可能不含114年前已停辦或撤站之歷史站點
苗栗縣,獅潭鄉,100,0,0,FALSE,106,NA,-6,NA,NA,NA,114年現存營運清冊依成立年度回推,可能不含114年前已停辦或撤站之歷史站點
苗栗縣,獅潭鄉,101,0,0,FALSE,106,NA,-5,NA,NA,NA,114年現存營運清冊依成立年度回推,可能不含114年前已停辦或撤站之歷史站點
苗栗縣,獅潭鄉,102,0,0,FALSE,106,NA,-4,NA,NA,NA,114年現存營運清冊依成立年度回推,可能不含114年前已停辦或撤站之歷史站點
苗栗縣,獅潭鄉,103,0,0,FALSE,106,NA,-3,NA,NA,NA,114年現存營運清冊依成立年度回推,可能不含114年前已停辦或撤站之歷史站點
苗栗縣,獅潭鄉,104,0,0,FALSE,106,NA,-2,NA,NA,NA,114年現存營運清冊依成立年度回推,可能不含114年前已停辦或撤站之歷史站點
苗栗縣,獅潭鄉,105,0,0,FALSE,106,NA,-1,NA,NA,NA,114年現存營運清冊依成立年度回推,可能不含114年前已停辦或撤站之歷史站點
苗栗縣,獅潭鄉,106,1,1,TRUE,106,0,0,FALSE,FALSE,FALSE,114年現存營運清冊依成立年度回推,可能不含114年前已停辦或撤站之歷史站點
苗栗縣,獅潭鄉,107,0,1,TRUE,106,1,1,TRUE,FALSE,FALSE,114年現存營運清冊依成立年度回推,可能不含114年前已停辦或撤站之歷史站點
苗栗縣,獅潭鄉,108,0,1,TRUE,106,2,2,TRUE,FALSE,FALSE,114年現存營運清冊依成立年度回推,可能不含114年前已停辦或撤站之歷史站點
苗栗縣,獅潭鄉,109,0,1,TRUE,106,3,3,TRUE,TRUE,FALSE,114年現存營運清冊依成立年度回推,可能不含114年前已停辦或撤站之歷史站點
苗栗縣,獅潭鄉,110,0,1,TRUE,106,4,4,TRUE,TRUE,FALSE,114年現存營運清冊依成立年度回推,可能不含114年前已停辦或撤站之歷史站點
苗栗縣,獅潭鄉,111,0,1,TRUE,106,5,5,TRUE,TRUE,TRUE,114年現存營運清冊依成立年度回推,可能不含114年前已停辦或撤站之歷史站點
苗栗縣,獅潭鄉,112,0,1,TRUE,106,6,6,TRUE,TRUE,TRUE,114年現存營運清冊依成立年度回推,可能不含114年前已停辦或撤站之歷史站點
苗栗縣,獅潭鄉,113,0,1,TRUE,106,7,7,TRUE,TRUE,TRUE,114年現存營運清冊依成立年度回推,可能不含114年前已停辦或撤站之歷史站點
苗栗縣,獅潭鄉,114,0,1,TRUE,106,8,8,TRUE,TRUE,TRUE,114年現存營運清冊依成立年度回推,可能不含114年前已停辦或撤站之歷史站點
苗栗縣,苗栗市,90,0,0,FALSE,109,NA,-19,NA,NA,NA,114年現存營運清冊依成立年度回推,可能不含114年前已停辦或撤站之歷史站點
苗栗縣,苗栗市,91,0,0,FALSE,109,NA,-18,NA,NA,NA,114年現存營運清冊依成立年度回推,可能不含114年前已停辦或撤站之歷史站點
苗栗縣,苗栗市,92,0,0,FALSE,109,NA,-17,NA,NA,NA,114年現存營運清冊依成立年度回推,可能不含114年前已停辦或撤站之歷史站點
苗栗縣,苗栗市,93,0,0,FALSE,109,NA,-16,NA,NA,NA,114年現存營運清冊依成立年度回推,可能不含114年前已停辦或撤站之歷史站點
苗栗縣,苗栗市,94,0,0,FALSE,109,NA,-15,NA,NA,NA,114年現存營運清冊依成立年度回推,可能不含114年前已停辦或撤站之歷史站點
苗栗縣,苗栗市,95,0,0,FALSE,109,NA,-14,NA,NA,NA,114年現存營運清冊依成立年度回推,可能不含114年前已停辦或撤站之歷史站點
苗栗縣,苗栗市,96,0,0,FALSE,109,NA,-13,NA,NA,NA,114年現存營運清冊依成立年度回推,可能不含114年前已停辦或撤站之歷史站點
苗栗縣,苗栗市,97,0,0,FALSE,109,NA,-12,NA,NA,NA,114年現存營運清冊依成立年度回推,可能不含114年前已停辦或撤站之歷史站點
苗栗縣,苗栗市,98,0,0,FALSE,109,NA,-11,NA,NA,NA,114年現存營運清冊依成立年度回推,可能不含114年前已停辦或撤站之歷史站點
苗栗縣,苗栗市,99,0,0,FALSE,109,NA,-10,NA,NA,NA,114年現存營運清冊依成立年度回推,可能不含114年前已停辦或撤站之歷史站點
苗栗縣,苗栗市,100,0,0,FALSE,109,NA,-9,NA,NA,NA,114年現存營運清冊依成立年度回推,可能不含114年前已停辦或撤站之歷史站點
苗栗縣,苗栗市,101,0,0,FALSE,109,NA,-8,NA,NA,NA,114年現存營運清冊依成立年度回推,可能不含114年前已停辦或撤站之歷史站點
苗栗縣,苗栗市,102,0,0,FALSE,109,NA,-7,NA,NA,NA,114年現存營運清冊依成立年度回推,可能不含114年前已停辦或撤站之歷史站點
苗栗縣,苗栗市,103,0,0,FALSE,109,NA,-6,NA,NA,NA,114年現存營運清冊依成立年度回推,可能不含114年前已停辦或撤站之歷史站點
苗栗縣,苗栗市,104,0,0,FALSE,109,NA,-5,NA,NA,NA,114年現存營運清冊依成立年度回推,可能不含114年前已停辦或撤站之歷史站點
苗栗縣,苗栗市,105,0,0,FALSE,109,NA,-4,NA,NA,NA,114年現存營運清冊依成立年度回推,可能不含114年前已停辦或撤站之歷史站點
苗栗縣,苗栗市,106,0,0,FALSE,109,NA,-3,NA,NA,NA,114年現存營運清冊依成立年度回推,可能不含114年前已停辦或撤站之歷史站點
苗栗縣,苗栗市,107,0,0,FALSE,109,NA,-2,NA,NA,NA,114年現存營運清冊依成立年度回推,可能不含114年前已停辦或撤站之歷史站點
苗栗縣,苗栗市,108,0,0,FALSE,109,NA,-1,NA,NA,NA,114年現存營運清冊依成立年度回推,可能不含114年前已停辦或撤站之歷史站點
苗栗縣,苗栗市,109,1,1,TRUE,109,0,0,FALSE,FALSE,FALSE,114年現存營運清冊依成立年度回推,可能不含114年前已停辦或撤站之歷史站點
苗栗縣,苗栗市,110,0,1,TRUE,109,1,1,TRUE,FALSE,FALSE,114年現存營運清冊依成立年度回推,可能不含114年前已停辦或撤站之歷史站點
苗栗縣,苗栗市,111,0,1,TRUE,109,2,2,TRUE,FALSE,FALSE,114年現存營運清冊依成立年度回推,可能不含114年前已停辦或撤站之歷史站點
苗栗縣,苗栗市,112,0,1,TRUE,109,3,3,TRUE,TRUE,FALSE,114年現存營運清冊依成立年度回推,可能不含114年前已停辦或撤站之歷史站點
苗栗縣,苗栗市,113,0,1,TRUE,109,4,4,TRUE,TRUE,FALSE,114年現存營運清冊依成立年度回推,可能不含114年前已停辦或撤站之歷史站點
苗栗縣,苗栗市,114,0,1,TRUE,109,5,5,TRUE,TRUE,TRUE,114年現存營運清冊依成立年度回推,可能不含114年前已停辦或撤站之歷史站點
苗栗縣,頭份市,90,0,0,FALSE,109,NA,-19,NA,NA,NA,114年現存營運清冊依成立年度回推,可能不含114年前已停辦或撤站之歷史站點
苗栗縣,頭份市,91,0,0,FALSE,109,NA,-18,NA,NA,NA,114年現存營運清冊依成立年度回推,可能不含114年前已停辦或撤站之歷史站點
苗栗縣,頭份市,92,0,0,FALSE,109,NA,-17,NA,NA,NA,114年現存營運清冊依成立年度回推,可能不含114年前已停辦或撤站之歷史站點
苗栗縣,頭份市,93,0,0,FALSE,109,NA,-16,NA,NA,NA,114年現存營運清冊依成立年度回推,可能不含114年前已停辦或撤站之歷史站點
苗栗縣,頭份市,94,0,0,FALSE,109,NA,-15,NA,NA,NA,114年現存營運清冊依成立年度回推,可能不含114年前已停辦或撤站之歷史站點
苗栗縣,頭份市,95,0,0,FALSE,109,NA,-14,NA,NA,NA,114年現存營運清冊依成立年度回推,可能不含114年前已停辦或撤站之歷史站點
苗栗縣,頭份市,96,0,0,FALSE,109,NA,-13,NA,NA,NA,114年現存營運清冊依成立年度回推,可能不含114年前已停辦或撤站之歷史站點
苗栗縣,頭份市,97,0,0,FALSE,109,NA,-12,NA,NA,NA,114年現存營運清冊依成立年度回推,可能不含114年前已停辦或撤站之歷史站點
苗栗縣,頭份市,98,0,0,FALSE,109,NA,-11,NA,NA,NA,114年現存營運清冊依成立年度回推,可能不含114年前已停辦或撤站之歷史站點
苗栗縣,頭份市,99,0,0,FALSE,109,NA,-10,NA,NA,NA,114年現存營運清冊依成立年度回推,可能不含114年前已停辦或撤站之歷史站點
苗栗縣,頭份市,100,0,0,FALSE,109,NA,-9,NA,NA,NA,114年現存營運清冊依成立年度回推,可能不含114年前已停辦或撤站之歷史站點
苗栗縣,頭份市,101,0,0,FALSE,109,NA,-8,NA,NA,NA,114年現存營運清冊依成立年度回推,可能不含114年前已停辦或撤站之歷史站點
苗栗縣,頭份市,102,0,0,FALSE,109,NA,-7,NA,NA,NA,114年現存營運清冊依成立年度回推,可能不含114年前已停辦或撤站之歷史站點
苗栗縣,頭份市,103,0,0,FALSE,109,NA,-6,NA,NA,NA,114年現存營運清冊依成立年度回推,可能不含114年前已停辦或撤站之歷史站點
苗栗縣,頭份市,104,0,0,FALSE,109,NA,-5,NA,NA,NA,114年現存營運清冊依成立年度回推,可能不含114年前已停辦或撤站之歷史站點
苗栗縣,頭份市,105,0,0,FALSE,109,NA,-4,NA,NA,NA,114年現存營運清冊依成立年度回推,可能不含114年前已停辦或撤站之歷史站點
苗栗縣,頭份市,106,0,0,FALSE,109,NA,-3,NA,NA,NA,114年現存營運清冊依成立年度回推,可能不含114年前已停辦或撤站之歷史站點
苗栗縣,頭份市,107,0,0,FALSE,109,NA,-2,NA,NA,NA,114年現存營運清冊依成立年度回推,可能不含114年前已停辦或撤站之歷史站點
苗栗縣,頭份市,108,0,0,FALSE,109,NA,-1,NA,NA,NA,114年現存營運清冊依成立年度回推,可能不含114年前已停辦或撤站之歷史站點
苗栗縣,頭份市,109,1,1,TRUE,109,0,0,FALSE,FALSE,FALSE,114年現存營運清冊依成立年度回推,可能不含114年前已停辦或撤站之歷史站點
苗栗縣,頭份市,110,0,1,TRUE,109,1,1,TRUE,FALSE,FALSE,114年現存營運清冊依成立年度回推,可能不含114年前已停辦或撤站之歷史站點
苗栗縣,頭份市,111,0,1,TRUE,109,2,2,TRUE,FALSE,FALSE,114年現存營運清冊依成立年度回推,可能不含114年前已停辦或撤站之歷史站點
苗栗縣,頭份市,112,0,1,TRUE,109,3,3,TRUE,TRUE,FALSE,114年現存營運清冊依成立年度回推,可能不含114年前已停辦或撤站之歷史站點
苗栗縣,頭份市,113,0,1,TRUE,109,4,4,TRUE,TRUE,FALSE,114年現存營運清冊依成立年度回推,可能不含114年前已停辦或撤站之歷史站點
苗栗縣,頭份市,114,0,1,TRUE,109,5,5,TRUE,TRUE,TRUE,114年現存營運清冊依成立年度回推,可能不含114年前已停辦或撤站之歷史站點
高雄市,三民區,90,0,0,FALSE,111,NA,-21,NA,NA,NA,114年現存營運清冊依成立年度回推,可能不含114年前已停辦或撤站之歷史站點
高雄市,三民區,91,0,0,FALSE,111,NA,-20,NA,NA,NA,114年現存營運清冊依成立年度回推,可能不含114年前已停辦或撤站之歷史站點
高雄市,三民區,92,0,0,FALSE,111,NA,-19,NA,NA,NA,114年現存營運清冊依成立年度回推,可能不含114年前已停辦或撤站之歷史站點
高雄市,三民區,93,0,0,FALSE,111,NA,-18,NA,NA,NA,114年現存營運清冊依成立年度回推,可能不含114年前已停辦或撤站之歷史站點
高雄市,三民區,94,0,0,FALSE,111,NA,-17,NA,NA,NA,114年現存營運清冊依成立年度回推,可能不含114年前已停辦或撤站之歷史站點
高雄市,三民區,95,0,0,FALSE,111,NA,-16,NA,NA,NA,114年現存營運清冊依成立年度回推,可能不含114年前已停辦或撤站之歷史站點
高雄市,三民區,96,0,0,FALSE,111,NA,-15,NA,NA,NA,114年現存營運清冊依成立年度回推,可能不含114年前已停辦或撤站之歷史站點
高雄市,三民區,97,0,0,FALSE,111,NA,-14,NA,NA,NA,114年現存營運清冊依成立年度回推,可能不含114年前已停辦或撤站之歷史站點
高雄市,三民區,98,0,0,FALSE,111,NA,-13,NA,NA,NA,114年現存營運清冊依成立年度回推,可能不含114年前已停辦或撤站之歷史站點
高雄市,三民區,99,0,0,FALSE,111,NA,-12,NA,NA,NA,114年現存營運清冊依成立年度回推,可能不含114年前已停辦或撤站之歷史站點
高雄市,三民區,100,0,0,FALSE,111,NA,-11,NA,NA,NA,114年現存營運清冊依成立年度回推,可能不含114年前已停辦或撤站之歷史站點
高雄市,三民區,101,0,0,FALSE,111,NA,-10,NA,NA,NA,114年現存營運清冊依成立年度回推,可能不含114年前已停辦或撤站之歷史站點
高雄市,三民區,102,0,0,FALSE,111,NA,-9,NA,NA,NA,114年現存營運清冊依成立年度回推,可能不含114年前已停辦或撤站之歷史站點
高雄市,三民區,103,0,0,FALSE,111,NA,-8,NA,NA,NA,114年現存營運清冊依成立年度回推,可能不含114年前已停辦或撤站之歷史站點
高雄市,三民區,104,0,0,FALSE,111,NA,-7,NA,NA,NA,114年現存營運清冊依成立年度回推,可能不含114年前已停辦或撤站之歷史站點
高雄市,三民區,105,0,0,FALSE,111,NA,-6,NA,NA,NA,114年現存營運清冊依成立年度回推,可能不含114年前已停辦或撤站之歷史站點
高雄市,三民區,106,0,0,FALSE,111,NA,-5,NA,NA,NA,114年現存營運清冊依成立年度回推,可能不含114年前已停辦或撤站之歷史站點
高雄市,三民區,107,0,0,FALSE,111,NA,-4,NA,NA,NA,114年現存營運清冊依成立年度回推,可能不含114年前已停辦或撤站之歷史站點
高雄市,三民區,108,0,0,FALSE,111,NA,-3,NA,NA,NA,114年現存營運清冊依成立年度回推,可能不含114年前已停辦或撤站之歷史站點
高雄市,三民區,109,0,0,FALSE,111,NA,-2,NA,NA,NA,114年現存營運清冊依成立年度回推,可能不含114年前已停辦或撤站之歷史站點
高雄市,三民區,110,0,0,FALSE,111,NA,-1,NA,NA,NA,114年現存營運清冊依成立年度回推,可能不含114年前已停辦或撤站之歷史站點
高雄市,三民區,111,1,1,TRUE,111,0,0,FALSE,FALSE,FALSE,114年現存營運清冊依成立年度回推,可能不含114年前已停辦或撤站之歷史站點
高雄市,三民區,112,0,1,TRUE,111,1,1,TRUE,FALSE,FALSE,114年現存營運清冊依成立年度回推,可能不含114年前已停辦或撤站之歷史站點
高雄市,三民區,113,0,1,TRUE,111,2,2,TRUE,FALSE,FALSE,114年現存營運清冊依成立年度回推,可能不含114年前已停辦或撤站之歷史站點
高雄市,三民區,114,0,1,TRUE,111,3,3,TRUE,TRUE,FALSE,114年現存營運清冊依成立年度回推,可能不含114年前已停辦或撤站之歷史站點
高雄市,仁武區,90,0,0,FALSE,106,NA,-16,NA,NA,NA,114年現存營運清冊依成立年度回推,可能不含114年前已停辦或撤站之歷史站點
高雄市,仁武區,91,0,0,FALSE,106,NA,-15,NA,NA,NA,114年現存營運清冊依成立年度回推,可能不含114年前已停辦或撤站之歷史站點
高雄市,仁武區,92,0,0,FALSE,106,NA,-14,NA,NA,NA,114年現存營運清冊依成立年度回推,可能不含114年前已停辦或撤站之歷史站點
高雄市,仁武區,93,0,0,FALSE,106,NA,-13,NA,NA,NA,114年現存營運清冊依成立年度回推,可能不含114年前已停辦或撤站之歷史站點
高雄市,仁武區,94,0,0,FALSE,106,NA,-12,NA,NA,NA,114年現存營運清冊依成立年度回推,可能不含114年前已停辦或撤站之歷史站點
高雄市,仁武區,95,0,0,FALSE,106,NA,-11,NA,NA,NA,114年現存營運清冊依成立年度回推,可能不含114年前已停辦或撤站之歷史站點
高雄市,仁武區,96,0,0,FALSE,106,NA,-10,NA,NA,NA,114年現存營運清冊依成立年度回推,可能不含114年前已停辦或撤站之歷史站點
高雄市,仁武區,97,0,0,FALSE,106,NA,-9,NA,NA,NA,114年現存營運清冊依成立年度回推,可能不含114年前已停辦或撤站之歷史站點
高雄市,仁武區,98,0,0,FALSE,106,NA,-8,NA,NA,NA,114年現存營運清冊依成立年度回推,可能不含114年前已停辦或撤站之歷史站點
高雄市,仁武區,99,0,0,FALSE,106,NA,-7,NA,NA,NA,114年現存營運清冊依成立年度回推,可能不含114年前已停辦或撤站之歷史站點
高雄市,仁武區,100,0,0,FALSE,106,NA,-6,NA,NA,NA,114年現存營運清冊依成立年度回推,可能不含114年前已停辦或撤站之歷史站點
高雄市,仁武區,101,0,0,FALSE,106,NA,-5,NA,NA,NA,114年現存營運清冊依成立年度回推,可能不含114年前已停辦或撤站之歷史站點
高雄市,仁武區,102,0,0,FALSE,106,NA,-4,NA,NA,NA,114年現存營運清冊依成立年度回推,可能不含114年前已停辦或撤站之歷史站點
高雄市,仁武區,103,0,0,FALSE,106,NA,-3,NA,NA,NA,114年現存營運清冊依成立年度回推,可能不含114年前已停辦或撤站之歷史站點
高雄市,仁武區,104,0,0,FALSE,106,NA,-2,NA,NA,NA,114年現存營運清冊依成立年度回推,可能不含114年前已停辦或撤站之歷史站點
高雄市,仁武區,105,0,0,FALSE,106,NA,-1,NA,NA,NA,114年現存營運清冊依成立年度回推,可能不含114年前已停辦或撤站之歷史站點
高雄市,仁武區,106,1,1,TRUE,106,0,0,FALSE,FALSE,FALSE,114年現存營運清冊依成立年度回推,可能不含114年前已停辦或撤站之歷史站點
高雄市,仁武區,107,0,1,TRUE,106,1,1,TRUE,FALSE,FALSE,114年現存營運清冊依成立年度回推,可能不含114年前已停辦或撤站之歷史站點
高雄市,仁武區,108,0,1,TRUE,106,2,2,TRUE,FALSE,FALSE,114年現存營運清冊依成立年度回推,可能不含114年前已停辦或撤站之歷史站點
高雄市,仁武區,109,0,1,TRUE,106,3,3,TRUE,TRUE,FALSE,114年現存營運清冊依成立年度回推,可能不含114年前已停辦或撤站之歷史站點
高雄市,仁武區,110,0,1,TRUE,106,4,4,TRUE,TRUE,FALSE,114年現存營運清冊依成立年度回推,可能不含114年前已停辦或撤站之歷史站點
高雄市,仁武區,111,0,1,TRUE,106,5,5,TRUE,TRUE,TRUE,114年現存營運清冊依成立年度回推,可能不含114年前已停辦或撤站之歷史站點
高雄市,仁武區,112,0,1,TRUE,106,6,6,TRUE,TRUE,TRUE,114年現存營運清冊依成立年度回推,可能不含114年前已停辦或撤站之歷史站點
高雄市,仁武區,113,0,1,TRUE,106,7,7,TRUE,TRUE,TRUE,114年現存營運清冊依成立年度回推,可能不含114年前已停辦或撤站之歷史站點
高雄市,仁武區,114,0,1,TRUE,106,8,8,TRUE,TRUE,TRUE,114年現存營運清冊依成立年度回推,可能不含114年前已停辦或撤站之歷史站點
高雄市,前鎮區,90,0,0,FALSE,106,NA,-16,NA,NA,NA,114年現存營運清冊依成立年度回推,可能不含114年前已停辦或撤站之歷史站點
高雄市,前鎮區,91,0,0,FALSE,106,NA,-15,NA,NA,NA,114年現存營運清冊依成立年度回推,可能不含114年前已停辦或撤站之歷史站點
高雄市,前鎮區,92,0,0,FALSE,106,NA,-14,NA,NA,NA,114年現存營運清冊依成立年度回推,可能不含114年前已停辦或撤站之歷史站點
高雄市,前鎮區,93,0,0,FALSE,106,NA,-13,NA,NA,NA,114年現存營運清冊依成立年度回推,可能不含114年前已停辦或撤站之歷史站點
高雄市,前鎮區,94,0,0,FALSE,106,NA,-12,NA,NA,NA,114年現存營運清冊依成立年度回推,可能不含114年前已停辦或撤站之歷史站點
高雄市,前鎮區,95,0,0,FALSE,106,NA,-11,NA,NA,NA,114年現存營運清冊依成立年度回推,可能不含114年前已停辦或撤站之歷史站點
高雄市,前鎮區,96,0,0,FALSE,106,NA,-10,NA,NA,NA,114年現存營運清冊依成立年度回推,可能不含114年前已停辦或撤站之歷史站點
高雄市,前鎮區,97,0,0,FALSE,106,NA,-9,NA,NA,NA,114年現存營運清冊依成立年度回推,可能不含114年前已停辦或撤站之歷史站點
高雄市,前鎮區,98,0,0,FALSE,106,NA,-8,NA,NA,NA,114年現存營運清冊依成立年度回推,可能不含114年前已停辦或撤站之歷史站點
高雄市,前鎮區,99,0,0,FALSE,106,NA,-7,NA,NA,NA,114年現存營運清冊依成立年度回推,可能不含114年前已停辦或撤站之歷史站點
高雄市,前鎮區,100,0,0,FALSE,106,NA,-6,NA,NA,NA,114年現存營運清冊依成立年度回推,可能不含114年前已停辦或撤站之歷史站點
高雄市,前鎮區,101,0,0,FALSE,106,NA,-5,NA,NA,NA,114年現存營運清冊依成立年度回推,可能不含114年前已停辦或撤站之歷史站點
高雄市,前鎮區,102,0,0,FALSE,106,NA,-4,NA,NA,NA,114年現存營運清冊依成立年度回推,可能不含114年前已停辦或撤站之歷史站點
高雄市,前鎮區,103,0,0,FALSE,106,NA,-3,NA,NA,NA,114年現存營運清冊依成立年度回推,可能不含114年前已停辦或撤站之歷史站點
高雄市,前鎮區,104,0,0,FALSE,106,NA,-2,NA,NA,NA,114年現存營運清冊依成立年度回推,可能不含114年前已停辦或撤站之歷史站點
高雄市,前鎮區,105,0,0,FALSE,106,NA,-1,NA,NA,NA,114年現存營運清冊依成立年度回推,可能不含114年前已停辦或撤站之歷史站點
高雄市,前鎮區,106,1,1,TRUE,106,0,0,FALSE,FALSE,FALSE,114年現存營運清冊依成立年度回推,可能不含114年前已停辦或撤站之歷史站點
高雄市,前鎮區,107,0,1,TRUE,106,1,1,TRUE,FALSE,FALSE,114年現存營運清冊依成立年度回推,可能不含114年前已停辦或撤站之歷史站點
高雄市,前鎮區,108,0,1,TRUE,106,2,2,TRUE,FALSE,FALSE,114年現存營運清冊依成立年度回推,可能不含114年前已停辦或撤站之歷史站點
高雄市,前鎮區,109,0,1,TRUE,106,3,3,TRUE,TRUE,FALSE,114年現存營運清冊依成立年度回推,可能不含114年前已停辦或撤站之歷史站點
高雄市,前鎮區,110,0,1,TRUE,106,4,4,TRUE,TRUE,FALSE,114年現存營運清冊依成立年度回推,可能不含114年前已停辦或撤站之歷史站點
高雄市,前鎮區,111,1,2,TRUE,106,5,5,TRUE,TRUE,TRUE,114年現存營運清冊依成立年度回推,可能不含114年前已停辦或撤站之歷史站點
高雄市,前鎮區,112,1,3,TRUE,106,6,6,TRUE,TRUE,TRUE,114年現存營運清冊依成立年度回推,可能不含114年前已停辦或撤站之歷史站點
高雄市,前鎮區,113,0,3,TRUE,106,7,7,TRUE,TRUE,TRUE,114年現存營運清冊依成立年度回推,可能不含114年前已停辦或撤站之歷史站點
高雄市,前鎮區,114,0,3,TRUE,106,8,8,TRUE,TRUE,TRUE,114年現存營運清冊依成立年度回推,可能不含114年前已停辦或撤站之歷史站點
高雄市,大寮區,90,0,0,FALSE,106,NA,-16,NA,NA,NA,114年現存營運清冊依成立年度回推,可能不含114年前已停辦或撤站之歷史站點
高雄市,大寮區,91,0,0,FALSE,106,NA,-15,NA,NA,NA,114年現存營運清冊依成立年度回推,可能不含114年前已停辦或撤站之歷史站點
高雄市,大寮區,92,0,0,FALSE,106,NA,-14,NA,NA,NA,114年現存營運清冊依成立年度回推,可能不含114年前已停辦或撤站之歷史站點
高雄市,大寮區,93,0,0,FALSE,106,NA,-13,NA,NA,NA,114年現存營運清冊依成立年度回推,可能不含114年前已停辦或撤站之歷史站點
高雄市,大寮區,94,0,0,FALSE,106,NA,-12,NA,NA,NA,114年現存營運清冊依成立年度回推,可能不含114年前已停辦或撤站之歷史站點
高雄市,大寮區,95,0,0,FALSE,106,NA,-11,NA,NA,NA,114年現存營運清冊依成立年度回推,可能不含114年前已停辦或撤站之歷史站點
高雄市,大寮區,96,0,0,FALSE,106,NA,-10,NA,NA,NA,114年現存營運清冊依成立年度回推,可能不含114年前已停辦或撤站之歷史站點
高雄市,大寮區,97,0,0,FALSE,106,NA,-9,NA,NA,NA,114年現存營運清冊依成立年度回推,可能不含114年前已停辦或撤站之歷史站點
高雄市,大寮區,98,0,0,FALSE,106,NA,-8,NA,NA,NA,114年現存營運清冊依成立年度回推,可能不含114年前已停辦或撤站之歷史站點
高雄市,大寮區,99,0,0,FALSE,106,NA,-7,NA,NA,NA,114年現存營運清冊依成立年度回推,可能不含114年前已停辦或撤站之歷史站點
高雄市,大寮區,100,0,0,FALSE,106,NA,-6,NA,NA,NA,114年現存營運清冊依成立年度回推,可能不含114年前已停辦或撤站之歷史站點
高雄市,大寮區,101,0,0,FALSE,106,NA,-5,NA,NA,NA,114年現存營運清冊依成立年度回推,可能不含114年前已停辦或撤站之歷史站點
高雄市,大寮區,102,0,0,FALSE,106,NA,-4,NA,NA,NA,114年現存營運清冊依成立年度回推,可能不含114年前已停辦或撤站之歷史站點
高雄市,大寮區,103,0,0,FALSE,106,NA,-3,NA,NA,NA,114年現存營運清冊依成立年度回推,可能不含114年前已停辦或撤站之歷史站點
高雄市,大寮區,104,0,0,FALSE,106,NA,-2,NA,NA,NA,114年現存營運清冊依成立年度回推,可能不含114年前已停辦或撤站之歷史站點
高雄市,大寮區,105,0,0,FALSE,106,NA,-1,NA,NA,NA,114年現存營運清冊依成立年度回推,可能不含114年前已停辦或撤站之歷史站點
高雄市,大寮區,106,1,1,TRUE,106,0,0,FALSE,FALSE,FALSE,114年現存營運清冊依成立年度回推,可能不含114年前已停辦或撤站之歷史站點
高雄市,大寮區,107,0,1,TRUE,106,1,1,TRUE,FALSE,FALSE,114年現存營運清冊依成立年度回推,可能不含114年前已停辦或撤站之歷史站點
高雄市,大寮區,108,0,1,TRUE,106,2,2,TRUE,FALSE,FALSE,114年現存營運清冊依成立年度回推,可能不含114年前已停辦或撤站之歷史站點
高雄市,大寮區,109,0,1,TRUE,106,3,3,TRUE,TRUE,FALSE,114年現存營運清冊依成立年度回推,可能不含114年前已停辦或撤站之歷史站點
高雄市,大寮區,110,0,1,TRUE,106,4,4,TRUE,TRUE,FALSE,114年現存營運清冊依成立年度回推,可能不含114年前已停辦或撤站之歷史站點
高雄市,大寮區,111,0,1,TRUE,106,5,5,TRUE,TRUE,TRUE,114年現存營運清冊依成立年度回推,可能不含114年前已停辦或撤站之歷史站點
高雄市,大寮區,112,0,1,TRUE,106,6,6,TRUE,TRUE,TRUE,114年現存營運清冊依成立年度回推,可能不含114年前已停辦或撤站之歷史站點
高雄市,大寮區,113,0,1,TRUE,106,7,7,TRUE,TRUE,TRUE,114年現存營運清冊依成立年度回推,可能不含114年前已停辦或撤站之歷史站點
高雄市,大寮區,114,0,1,TRUE,106,8,8,TRUE,TRUE,TRUE,114年現存營運清冊依成立年度回推,可能不含114年前已停辦或撤站之歷史站點
高雄市,大樹區,90,0,0,FALSE,108,NA,-18,NA,NA,NA,114年現存營運清冊依成立年度回推,可能不含114年前已停辦或撤站之歷史站點
高雄市,大樹區,91,0,0,FALSE,108,NA,-17,NA,NA,NA,114年現存營運清冊依成立年度回推,可能不含114年前已停辦或撤站之歷史站點
高雄市,大樹區,92,0,0,FALSE,108,NA,-16,NA,NA,NA,114年現存營運清冊依成立年度回推,可能不含114年前已停辦或撤站之歷史站點
高雄市,大樹區,93,0,0,FALSE,108,NA,-15,NA,NA,NA,114年現存營運清冊依成立年度回推,可能不含114年前已停辦或撤站之歷史站點
高雄市,大樹區,94,0,0,FALSE,108,NA,-14,NA,NA,NA,114年現存營運清冊依成立年度回推,可能不含114年前已停辦或撤站之歷史站點
高雄市,大樹區,95,0,0,FALSE,108,NA,-13,NA,NA,NA,114年現存營運清冊依成立年度回推,可能不含114年前已停辦或撤站之歷史站點
高雄市,大樹區,96,0,0,FALSE,108,NA,-12,NA,NA,NA,114年現存營運清冊依成立年度回推,可能不含114年前已停辦或撤站之歷史站點
高雄市,大樹區,97,0,0,FALSE,108,NA,-11,NA,NA,NA,114年現存營運清冊依成立年度回推,可能不含114年前已停辦或撤站之歷史站點
高雄市,大樹區,98,0,0,FALSE,108,NA,-10,NA,NA,NA,114年現存營運清冊依成立年度回推,可能不含114年前已停辦或撤站之歷史站點
高雄市,大樹區,99,0,0,FALSE,108,NA,-9,NA,NA,NA,114年現存營運清冊依成立年度回推,可能不含114年前已停辦或撤站之歷史站點
高雄市,大樹區,100,0,0,FALSE,108,NA,-8,NA,NA,NA,114年現存營運清冊依成立年度回推,可能不含114年前已停辦或撤站之歷史站點
高雄市,大樹區,101,0,0,FALSE,108,NA,-7,NA,NA,NA,114年現存營運清冊依成立年度回推,可能不含114年前已停辦或撤站之歷史站點
高雄市,大樹區,102,0,0,FALSE,108,NA,-6,NA,NA,NA,114年現存營運清冊依成立年度回推,可能不含114年前已停辦或撤站之歷史站點
高雄市,大樹區,103,0,0,FALSE,108,NA,-5,NA,NA,NA,114年現存營運清冊依成立年度回推,可能不含114年前已停辦或撤站之歷史站點
高雄市,大樹區,104,0,0,FALSE,108,NA,-4,NA,NA,NA,114年現存營運清冊依成立年度回推,可能不含114年前已停辦或撤站之歷史站點
高雄市,大樹區,105,0,0,FALSE,108,NA,-3,NA,NA,NA,114年現存營運清冊依成立年度回推,可能不含114年前已停辦或撤站之歷史站點
高雄市,大樹區,106,0,0,FALSE,108,NA,-2,NA,NA,NA,114年現存營運清冊依成立年度回推,可能不含114年前已停辦或撤站之歷史站點
高雄市,大樹區,107,0,0,FALSE,108,NA,-1,NA,NA,NA,114年現存營運清冊依成立年度回推,可能不含114年前已停辦或撤站之歷史站點
高雄市,大樹區,108,1,1,TRUE,108,0,0,FALSE,FALSE,FALSE,114年現存營運清冊依成立年度回推,可能不含114年前已停辦或撤站之歷史站點
高雄市,大樹區,109,0,1,TRUE,108,1,1,TRUE,FALSE,FALSE,114年現存營運清冊依成立年度回推,可能不含114年前已停辦或撤站之歷史站點
高雄市,大樹區,110,0,1,TRUE,108,2,2,TRUE,FALSE,FALSE,114年現存營運清冊依成立年度回推,可能不含114年前已停辦或撤站之歷史站點
高雄市,大樹區,111,0,1,TRUE,108,3,3,TRUE,TRUE,FALSE,114年現存營運清冊依成立年度回推,可能不含114年前已停辦或撤站之歷史站點
高雄市,大樹區,112,0,1,TRUE,108,4,4,TRUE,TRUE,FALSE,114年現存營運清冊依成立年度回推,可能不含114年前已停辦或撤站之歷史站點
高雄市,大樹區,113,0,1,TRUE,108,5,5,TRUE,TRUE,TRUE,114年現存營運清冊依成立年度回推,可能不含114年前已停辦或撤站之歷史站點
高雄市,大樹區,114,0,1,TRUE,108,6,6,TRUE,TRUE,TRUE,114年現存營運清冊依成立年度回推,可能不含114年前已停辦或撤站之歷史站點
高雄市,小港區,90,0,0,FALSE,106,NA,-16,NA,NA,NA,114年現存營運清冊依成立年度回推,可能不含114年前已停辦或撤站之歷史站點
高雄市,小港區,91,0,0,FALSE,106,NA,-15,NA,NA,NA,114年現存營運清冊依成立年度回推,可能不含114年前已停辦或撤站之歷史站點
高雄市,小港區,92,0,0,FALSE,106,NA,-14,NA,NA,NA,114年現存營運清冊依成立年度回推,可能不含114年前已停辦或撤站之歷史站點
高雄市,小港區,93,0,0,FALSE,106,NA,-13,NA,NA,NA,114年現存營運清冊依成立年度回推,可能不含114年前已停辦或撤站之歷史站點
高雄市,小港區,94,0,0,FALSE,106,NA,-12,NA,NA,NA,114年現存營運清冊依成立年度回推,可能不含114年前已停辦或撤站之歷史站點
高雄市,小港區,95,0,0,FALSE,106,NA,-11,NA,NA,NA,114年現存營運清冊依成立年度回推,可能不含114年前已停辦或撤站之歷史站點
高雄市,小港區,96,0,0,FALSE,106,NA,-10,NA,NA,NA,114年現存營運清冊依成立年度回推,可能不含114年前已停辦或撤站之歷史站點
高雄市,小港區,97,0,0,FALSE,106,NA,-9,NA,NA,NA,114年現存營運清冊依成立年度回推,可能不含114年前已停辦或撤站之歷史站點
高雄市,小港區,98,0,0,FALSE,106,NA,-8,NA,NA,NA,114年現存營運清冊依成立年度回推,可能不含114年前已停辦或撤站之歷史站點
高雄市,小港區,99,0,0,FALSE,106,NA,-7,NA,NA,NA,114年現存營運清冊依成立年度回推,可能不含114年前已停辦或撤站之歷史站點
高雄市,小港區,100,0,0,FALSE,106,NA,-6,NA,NA,NA,114年現存營運清冊依成立年度回推,可能不含114年前已停辦或撤站之歷史站點
高雄市,小港區,101,0,0,FALSE,106,NA,-5,NA,NA,NA,114年現存營運清冊依成立年度回推,可能不含114年前已停辦或撤站之歷史站點
高雄市,小港區,102,0,0,FALSE,106,NA,-4,NA,NA,NA,114年現存營運清冊依成立年度回推,可能不含114年前已停辦或撤站之歷史站點
高雄市,小港區,103,0,0,FALSE,106,NA,-3,NA,NA,NA,114年現存營運清冊依成立年度回推,可能不含114年前已停辦或撤站之歷史站點
高雄市,小港區,104,0,0,FALSE,106,NA,-2,NA,NA,NA,114年現存營運清冊依成立年度回推,可能不含114年前已停辦或撤站之歷史站點
高雄市,小港區,105,0,0,FALSE,106,NA,-1,NA,NA,NA,114年現存營運清冊依成立年度回推,可能不含114年前已停辦或撤站之歷史站點
高雄市,小港區,106,2,2,TRUE,106,0,0,FALSE,FALSE,FALSE,114年現存營運清冊依成立年度回推,可能不含114年前已停辦或撤站之歷史站點
高雄市,小港區,107,0,2,TRUE,106,1,1,TRUE,FALSE,FALSE,114年現存營運清冊依成立年度回推,可能不含114年前已停辦或撤站之歷史站點
高雄市,小港區,108,0,2,TRUE,106,2,2,TRUE,FALSE,FALSE,114年現存營運清冊依成立年度回推,可能不含114年前已停辦或撤站之歷史站點
高雄市,小港區,109,0,2,TRUE,106,3,3,TRUE,TRUE,FALSE,114年現存營運清冊依成立年度回推,可能不含114年前已停辦或撤站之歷史站點
高雄市,小港區,110,0,2,TRUE,106,4,4,TRUE,TRUE,FALSE,114年現存營運清冊依成立年度回推,可能不含114年前已停辦或撤站之歷史站點
高雄市,小港區,111,0,2,TRUE,106,5,5,TRUE,TRUE,TRUE,114年現存營運清冊依成立年度回推,可能不含114年前已停辦或撤站之歷史站點
高雄市,小港區,112,2,4,TRUE,106,6,6,TRUE,TRUE,TRUE,114年現存營運清冊依成立年度回推,可能不含114年前已停辦或撤站之歷史站點
高雄市,小港區,113,0,4,TRUE,106,7,7,TRUE,TRUE,TRUE,114年現存營運清冊依成立年度回推,可能不含114年前已停辦或撤站之歷史站點
高雄市,小港區,114,0,4,TRUE,106,8,8,TRUE,TRUE,TRUE,114年現存營運清冊依成立年度回推,可能不含114年前已停辦或撤站之歷史站點
高雄市,岡山區,90,0,0,FALSE,106,NA,-16,NA,NA,NA,114年現存營運清冊依成立年度回推,可能不含114年前已停辦或撤站之歷史站點
高雄市,岡山區,91,0,0,FALSE,106,NA,-15,NA,NA,NA,114年現存營運清冊依成立年度回推,可能不含114年前已停辦或撤站之歷史站點
高雄市,岡山區,92,0,0,FALSE,106,NA,-14,NA,NA,NA,114年現存營運清冊依成立年度回推,可能不含114年前已停辦或撤站之歷史站點
高雄市,岡山區,93,0,0,FALSE,106,NA,-13,NA,NA,NA,114年現存營運清冊依成立年度回推,可能不含114年前已停辦或撤站之歷史站點
高雄市,岡山區,94,0,0,FALSE,106,NA,-12,NA,NA,NA,114年現存營運清冊依成立年度回推,可能不含114年前已停辦或撤站之歷史站點
高雄市,岡山區,95,0,0,FALSE,106,NA,-11,NA,NA,NA,114年現存營運清冊依成立年度回推,可能不含114年前已停辦或撤站之歷史站點
高雄市,岡山區,96,0,0,FALSE,106,NA,-10,NA,NA,NA,114年現存營運清冊依成立年度回推,可能不含114年前已停辦或撤站之歷史站點
高雄市,岡山區,97,0,0,FALSE,106,NA,-9,NA,NA,NA,114年現存營運清冊依成立年度回推,可能不含114年前已停辦或撤站之歷史站點
高雄市,岡山區,98,0,0,FALSE,106,NA,-8,NA,NA,NA,114年現存營運清冊依成立年度回推,可能不含114年前已停辦或撤站之歷史站點
高雄市,岡山區,99,0,0,FALSE,106,NA,-7,NA,NA,NA,114年現存營運清冊依成立年度回推,可能不含114年前已停辦或撤站之歷史站點
高雄市,岡山區,100,0,0,FALSE,106,NA,-6,NA,NA,NA,114年現存營運清冊依成立年度回推,可能不含114年前已停辦或撤站之歷史站點
高雄市,岡山區,101,0,0,FALSE,106,NA,-5,NA,NA,NA,114年現存營運清冊依成立年度回推,可能不含114年前已停辦或撤站之歷史站點
高雄市,岡山區,102,0,0,FALSE,106,NA,-4,NA,NA,NA,114年現存營運清冊依成立年度回推,可能不含114年前已停辦或撤站之歷史站點
高雄市,岡山區,103,0,0,FALSE,106,NA,-3,NA,NA,NA,114年現存營運清冊依成立年度回推,可能不含114年前已停辦或撤站之歷史站點
高雄市,岡山區,104,0,0,FALSE,106,NA,-2,NA,NA,NA,114年現存營運清冊依成立年度回推,可能不含114年前已停辦或撤站之歷史站點
高雄市,岡山區,105,0,0,FALSE,106,NA,-1,NA,NA,NA,114年現存營運清冊依成立年度回推,可能不含114年前已停辦或撤站之歷史站點
高雄市,岡山區,106,1,1,TRUE,106,0,0,FALSE,FALSE,FALSE,114年現存營運清冊依成立年度回推,可能不含114年前已停辦或撤站之歷史站點
高雄市,岡山區,107,0,1,TRUE,106,1,1,TRUE,FALSE,FALSE,114年現存營運清冊依成立年度回推,可能不含114年前已停辦或撤站之歷史站點
高雄市,岡山區,108,0,1,TRUE,106,2,2,TRUE,FALSE,FALSE,114年現存營運清冊依成立年度回推,可能不含114年前已停辦或撤站之歷史站點
高雄市,岡山區,109,0,1,TRUE,106,3,3,TRUE,TRUE,FALSE,114年現存營運清冊依成立年度回推,可能不含114年前已停辦或撤站之歷史站點
高雄市,岡山區,110,0,1,TRUE,106,4,4,TRUE,TRUE,FALSE,114年現存營運清冊依成立年度回推,可能不含114年前已停辦或撤站之歷史站點
高雄市,岡山區,111,0,1,TRUE,106,5,5,TRUE,TRUE,TRUE,114年現存營運清冊依成立年度回推,可能不含114年前已停辦或撤站之歷史站點
高雄市,岡山區,112,0,1,TRUE,106,6,6,TRUE,TRUE,TRUE,114年現存營運清冊依成立年度回推,可能不含114年前已停辦或撤站之歷史站點
高雄市,岡山區,113,0,1,TRUE,106,7,7,TRUE,TRUE,TRUE,114年現存營運清冊依成立年度回推,可能不含114年前已停辦或撤站之歷史站點
高雄市,岡山區,114,0,1,TRUE,106,8,8,TRUE,TRUE,TRUE,114年現存營運清冊依成立年度回推,可能不含114年前已停辦或撤站之歷史站點
高雄市,左營區,90,0,0,FALSE,106,NA,-16,NA,NA,NA,114年現存營運清冊依成立年度回推,可能不含114年前已停辦或撤站之歷史站點
高雄市,左營區,91,0,0,FALSE,106,NA,-15,NA,NA,NA,114年現存營運清冊依成立年度回推,可能不含114年前已停辦或撤站之歷史站點
高雄市,左營區,92,0,0,FALSE,106,NA,-14,NA,NA,NA,114年現存營運清冊依成立年度回推,可能不含114年前已停辦或撤站之歷史站點
高雄市,左營區,93,0,0,FALSE,106,NA,-13,NA,NA,NA,114年現存營運清冊依成立年度回推,可能不含114年前已停辦或撤站之歷史站點
高雄市,左營區,94,0,0,FALSE,106,NA,-12,NA,NA,NA,114年現存營運清冊依成立年度回推,可能不含114年前已停辦或撤站之歷史站點
高雄市,左營區,95,0,0,FALSE,106,NA,-11,NA,NA,NA,114年現存營運清冊依成立年度回推,可能不含114年前已停辦或撤站之歷史站點
高雄市,左營區,96,0,0,FALSE,106,NA,-10,NA,NA,NA,114年現存營運清冊依成立年度回推,可能不含114年前已停辦或撤站之歷史站點
高雄市,左營區,97,0,0,FALSE,106,NA,-9,NA,NA,NA,114年現存營運清冊依成立年度回推,可能不含114年前已停辦或撤站之歷史站點
高雄市,左營區,98,0,0,FALSE,106,NA,-8,NA,NA,NA,114年現存營運清冊依成立年度回推,可能不含114年前已停辦或撤站之歷史站點
高雄市,左營區,99,0,0,FALSE,106,NA,-7,NA,NA,NA,114年現存營運清冊依成立年度回推,可能不含114年前已停辦或撤站之歷史站點
高雄市,左營區,100,0,0,FALSE,106,NA,-6,NA,NA,NA,114年現存營運清冊依成立年度回推,可能不含114年前已停辦或撤站之歷史站點
高雄市,左營區,101,0,0,FALSE,106,NA,-5,NA,NA,NA,114年現存營運清冊依成立年度回推,可能不含114年前已停辦或撤站之歷史站點
高雄市,左營區,102,0,0,FALSE,106,NA,-4,NA,NA,NA,114年現存營運清冊依成立年度回推,可能不含114年前已停辦或撤站之歷史站點
高雄市,左營區,103,0,0,FALSE,106,NA,-3,NA,NA,NA,114年現存營運清冊依成立年度回推,可能不含114年前已停辦或撤站之歷史站點
高雄市,左營區,104,0,0,FALSE,106,NA,-2,NA,NA,NA,114年現存營運清冊依成立年度回推,可能不含114年前已停辦或撤站之歷史站點
高雄市,左營區,105,0,0,FALSE,106,NA,-1,NA,NA,NA,114年現存營運清冊依成立年度回推,可能不含114年前已停辦或撤站之歷史站點
高雄市,左營區,106,1,1,TRUE,106,0,0,FALSE,FALSE,FALSE,114年現存營運清冊依成立年度回推,可能不含114年前已停辦或撤站之歷史站點
高雄市,左營區,107,0,1,TRUE,106,1,1,TRUE,FALSE,FALSE,114年現存營運清冊依成立年度回推,可能不含114年前已停辦或撤站之歷史站點
高雄市,左營區,108,0,1,TRUE,106,2,2,TRUE,FALSE,FALSE,114年現存營運清冊依成立年度回推,可能不含114年前已停辦或撤站之歷史站點
高雄市,左營區,109,0,1,TRUE,106,3,3,TRUE,TRUE,FALSE,114年現存營運清冊依成立年度回推,可能不含114年前已停辦或撤站之歷史站點
高雄市,左營區,110,0,1,TRUE,106,4,4,TRUE,TRUE,FALSE,114年現存營運清冊依成立年度回推,可能不含114年前已停辦或撤站之歷史站點
高雄市,左營區,111,0,1,TRUE,106,5,5,TRUE,TRUE,TRUE,114年現存營運清冊依成立年度回推,可能不含114年前已停辦或撤站之歷史站點
高雄市,左營區,112,0,1,TRUE,106,6,6,TRUE,TRUE,TRUE,114年現存營運清冊依成立年度回推,可能不含114年前已停辦或撤站之歷史站點
高雄市,左營區,113,0,1,TRUE,106,7,7,TRUE,TRUE,TRUE,114年現存營運清冊依成立年度回推,可能不含114年前已停辦或撤站之歷史站點
高雄市,左營區,114,0,1,TRUE,106,8,8,TRUE,TRUE,TRUE,114年現存營運清冊依成立年度回推,可能不含114年前已停辦或撤站之歷史站點
高雄市,杉林區,90,0,0,FALSE,106,NA,-16,NA,NA,NA,114年現存營運清冊依成立年度回推,可能不含114年前已停辦或撤站之歷史站點
高雄市,杉林區,91,0,0,FALSE,106,NA,-15,NA,NA,NA,114年現存營運清冊依成立年度回推,可能不含114年前已停辦或撤站之歷史站點
高雄市,杉林區,92,0,0,FALSE,106,NA,-14,NA,NA,NA,114年現存營運清冊依成立年度回推,可能不含114年前已停辦或撤站之歷史站點
高雄市,杉林區,93,0,0,FALSE,106,NA,-13,NA,NA,NA,114年現存營運清冊依成立年度回推,可能不含114年前已停辦或撤站之歷史站點
高雄市,杉林區,94,0,0,FALSE,106,NA,-12,NA,NA,NA,114年現存營運清冊依成立年度回推,可能不含114年前已停辦或撤站之歷史站點
高雄市,杉林區,95,0,0,FALSE,106,NA,-11,NA,NA,NA,114年現存營運清冊依成立年度回推,可能不含114年前已停辦或撤站之歷史站點
高雄市,杉林區,96,0,0,FALSE,106,NA,-10,NA,NA,NA,114年現存營運清冊依成立年度回推,可能不含114年前已停辦或撤站之歷史站點
高雄市,杉林區,97,0,0,FALSE,106,NA,-9,NA,NA,NA,114年現存營運清冊依成立年度回推,可能不含114年前已停辦或撤站之歷史站點
高雄市,杉林區,98,0,0,FALSE,106,NA,-8,NA,NA,NA,114年現存營運清冊依成立年度回推,可能不含114年前已停辦或撤站之歷史站點
高雄市,杉林區,99,0,0,FALSE,106,NA,-7,NA,NA,NA,114年現存營運清冊依成立年度回推,可能不含114年前已停辦或撤站之歷史站點
高雄市,杉林區,100,0,0,FALSE,106,NA,-6,NA,NA,NA,114年現存營運清冊依成立年度回推,可能不含114年前已停辦或撤站之歷史站點
高雄市,杉林區,101,0,0,FALSE,106,NA,-5,NA,NA,NA,114年現存營運清冊依成立年度回推,可能不含114年前已停辦或撤站之歷史站點
高雄市,杉林區,102,0,0,FALSE,106,NA,-4,NA,NA,NA,114年現存營運清冊依成立年度回推,可能不含114年前已停辦或撤站之歷史站點
高雄市,杉林區,103,0,0,FALSE,106,NA,-3,NA,NA,NA,114年現存營運清冊依成立年度回推,可能不含114年前已停辦或撤站之歷史站點
高雄市,杉林區,104,0,0,FALSE,106,NA,-2,NA,NA,NA,114年現存營運清冊依成立年度回推,可能不含114年前已停辦或撤站之歷史站點
高雄市,杉林區,105,0,0,FALSE,106,NA,-1,NA,NA,NA,114年現存營運清冊依成立年度回推,可能不含114年前已停辦或撤站之歷史站點
高雄市,杉林區,106,1,1,TRUE,106,0,0,FALSE,FALSE,FALSE,114年現存營運清冊依成立年度回推,可能不含114年前已停辦或撤站之歷史站點
高雄市,杉林區,107,0,1,TRUE,106,1,1,TRUE,FALSE,FALSE,114年現存營運清冊依成立年度回推,可能不含114年前已停辦或撤站之歷史站點
高雄市,杉林區,108,0,1,TRUE,106,2,2,TRUE,FALSE,FALSE,114年現存營運清冊依成立年度回推,可能不含114年前已停辦或撤站之歷史站點
高雄市,杉林區,109,1,2,TRUE,106,3,3,TRUE,TRUE,FALSE,114年現存營運清冊依成立年度回推,可能不含114年前已停辦或撤站之歷史站點
高雄市,杉林區,110,0,2,TRUE,106,4,4,TRUE,TRUE,FALSE,114年現存營運清冊依成立年度回推,可能不含114年前已停辦或撤站之歷史站點
高雄市,杉林區,111,0,2,TRUE,106,5,5,TRUE,TRUE,TRUE,114年現存營運清冊依成立年度回推,可能不含114年前已停辦或撤站之歷史站點
高雄市,杉林區,112,0,2,TRUE,106,6,6,TRUE,TRUE,TRUE,114年現存營運清冊依成立年度回推,可能不含114年前已停辦或撤站之歷史站點
高雄市,杉林區,113,0,2,TRUE,106,7,7,TRUE,TRUE,TRUE,114年現存營運清冊依成立年度回推,可能不含114年前已停辦或撤站之歷史站點
高雄市,杉林區,114,0,2,TRUE,106,8,8,TRUE,TRUE,TRUE,114年現存營運清冊依成立年度回推,可能不含114年前已停辦或撤站之歷史站點
高雄市,林園區,90,0,0,FALSE,107,NA,-17,NA,NA,NA,114年現存營運清冊依成立年度回推,可能不含114年前已停辦或撤站之歷史站點
高雄市,林園區,91,0,0,FALSE,107,NA,-16,NA,NA,NA,114年現存營運清冊依成立年度回推,可能不含114年前已停辦或撤站之歷史站點
高雄市,林園區,92,0,0,FALSE,107,NA,-15,NA,NA,NA,114年現存營運清冊依成立年度回推,可能不含114年前已停辦或撤站之歷史站點
高雄市,林園區,93,0,0,FALSE,107,NA,-14,NA,NA,NA,114年現存營運清冊依成立年度回推,可能不含114年前已停辦或撤站之歷史站點
高雄市,林園區,94,0,0,FALSE,107,NA,-13,NA,NA,NA,114年現存營運清冊依成立年度回推,可能不含114年前已停辦或撤站之歷史站點
高雄市,林園區,95,0,0,FALSE,107,NA,-12,NA,NA,NA,114年現存營運清冊依成立年度回推,可能不含114年前已停辦或撤站之歷史站點
高雄市,林園區,96,0,0,FALSE,107,NA,-11,NA,NA,NA,114年現存營運清冊依成立年度回推,可能不含114年前已停辦或撤站之歷史站點
高雄市,林園區,97,0,0,FALSE,107,NA,-10,NA,NA,NA,114年現存營運清冊依成立年度回推,可能不含114年前已停辦或撤站之歷史站點
高雄市,林園區,98,0,0,FALSE,107,NA,-9,NA,NA,NA,114年現存營運清冊依成立年度回推,可能不含114年前已停辦或撤站之歷史站點
高雄市,林園區,99,0,0,FALSE,107,NA,-8,NA,NA,NA,114年現存營運清冊依成立年度回推,可能不含114年前已停辦或撤站之歷史站點
高雄市,林園區,100,0,0,FALSE,107,NA,-7,NA,NA,NA,114年現存營運清冊依成立年度回推,可能不含114年前已停辦或撤站之歷史站點
高雄市,林園區,101,0,0,FALSE,107,NA,-6,NA,NA,NA,114年現存營運清冊依成立年度回推,可能不含114年前已停辦或撤站之歷史站點
高雄市,林園區,102,0,0,FALSE,107,NA,-5,NA,NA,NA,114年現存營運清冊依成立年度回推,可能不含114年前已停辦或撤站之歷史站點
高雄市,林園區,103,0,0,FALSE,107,NA,-4,NA,NA,NA,114年現存營運清冊依成立年度回推,可能不含114年前已停辦或撤站之歷史站點
高雄市,林園區,104,0,0,FALSE,107,NA,-3,NA,NA,NA,114年現存營運清冊依成立年度回推,可能不含114年前已停辦或撤站之歷史站點
高雄市,林園區,105,0,0,FALSE,107,NA,-2,NA,NA,NA,114年現存營運清冊依成立年度回推,可能不含114年前已停辦或撤站之歷史站點
高雄市,林園區,106,0,0,FALSE,107,NA,-1,NA,NA,NA,114年現存營運清冊依成立年度回推,可能不含114年前已停辦或撤站之歷史站點
高雄市,林園區,107,1,1,TRUE,107,0,0,FALSE,FALSE,FALSE,114年現存營運清冊依成立年度回推,可能不含114年前已停辦或撤站之歷史站點
高雄市,林園區,108,0,1,TRUE,107,1,1,TRUE,FALSE,FALSE,114年現存營運清冊依成立年度回推,可能不含114年前已停辦或撤站之歷史站點
高雄市,林園區,109,0,1,TRUE,107,2,2,TRUE,FALSE,FALSE,114年現存營運清冊依成立年度回推,可能不含114年前已停辦或撤站之歷史站點
高雄市,林園區,110,0,1,TRUE,107,3,3,TRUE,TRUE,FALSE,114年現存營運清冊依成立年度回推,可能不含114年前已停辦或撤站之歷史站點
高雄市,林園區,111,0,1,TRUE,107,4,4,TRUE,TRUE,FALSE,114年現存營運清冊依成立年度回推,可能不含114年前已停辦或撤站之歷史站點
高雄市,林園區,112,0,1,TRUE,107,5,5,TRUE,TRUE,TRUE,114年現存營運清冊依成立年度回推,可能不含114年前已停辦或撤站之歷史站點
高雄市,林園區,113,0,1,TRUE,107,6,6,TRUE,TRUE,TRUE,114年現存營運清冊依成立年度回推,可能不含114年前已停辦或撤站之歷史站點
高雄市,林園區,114,0,1,TRUE,107,7,7,TRUE,TRUE,TRUE,114年現存營運清冊依成立年度回推,可能不含114年前已停辦或撤站之歷史站點
高雄市,桃源區,90,0,0,FALSE,98,NA,-8,NA,NA,NA,114年現存營運清冊依成立年度回推,可能不含114年前已停辦或撤站之歷史站點
高雄市,桃源區,91,0,0,FALSE,98,NA,-7,NA,NA,NA,114年現存營運清冊依成立年度回推,可能不含114年前已停辦或撤站之歷史站點
高雄市,桃源區,92,0,0,FALSE,98,NA,-6,NA,NA,NA,114年現存營運清冊依成立年度回推,可能不含114年前已停辦或撤站之歷史站點
高雄市,桃源區,93,0,0,FALSE,98,NA,-5,NA,NA,NA,114年現存營運清冊依成立年度回推,可能不含114年前已停辦或撤站之歷史站點
高雄市,桃源區,94,0,0,FALSE,98,NA,-4,NA,NA,NA,114年現存營運清冊依成立年度回推,可能不含114年前已停辦或撤站之歷史站點
高雄市,桃源區,95,0,0,FALSE,98,NA,-3,NA,NA,NA,114年現存營運清冊依成立年度回推,可能不含114年前已停辦或撤站之歷史站點
高雄市,桃源區,96,0,0,FALSE,98,NA,-2,NA,NA,NA,114年現存營運清冊依成立年度回推,可能不含114年前已停辦或撤站之歷史站點
高雄市,桃源區,97,0,0,FALSE,98,NA,-1,NA,NA,NA,114年現存營運清冊依成立年度回推,可能不含114年前已停辦或撤站之歷史站點
高雄市,桃源區,98,1,1,TRUE,98,0,0,FALSE,FALSE,FALSE,114年現存營運清冊依成立年度回推,可能不含114年前已停辦或撤站之歷史站點
高雄市,桃源區,99,0,1,TRUE,98,1,1,TRUE,FALSE,FALSE,114年現存營運清冊依成立年度回推,可能不含114年前已停辦或撤站之歷史站點
高雄市,桃源區,100,0,1,TRUE,98,2,2,TRUE,FALSE,FALSE,114年現存營運清冊依成立年度回推,可能不含114年前已停辦或撤站之歷史站點
高雄市,桃源區,101,0,1,TRUE,98,3,3,TRUE,TRUE,FALSE,114年現存營運清冊依成立年度回推,可能不含114年前已停辦或撤站之歷史站點
高雄市,桃源區,102,0,1,TRUE,98,4,4,TRUE,TRUE,FALSE,114年現存營運清冊依成立年度回推,可能不含114年前已停辦或撤站之歷史站點
高雄市,桃源區,103,0,1,TRUE,98,5,5,TRUE,TRUE,TRUE,114年現存營運清冊依成立年度回推,可能不含114年前已停辦或撤站之歷史站點
高雄市,桃源區,104,0,1,TRUE,98,6,6,TRUE,TRUE,TRUE,114年現存營運清冊依成立年度回推,可能不含114年前已停辦或撤站之歷史站點
高雄市,桃源區,105,0,1,TRUE,98,7,7,TRUE,TRUE,TRUE,114年現存營運清冊依成立年度回推,可能不含114年前已停辦或撤站之歷史站點
高雄市,桃源區,106,3,4,TRUE,98,8,8,TRUE,TRUE,TRUE,114年現存營運清冊依成立年度回推,可能不含114年前已停辦或撤站之歷史站點
高雄市,桃源區,107,0,4,TRUE,98,9,9,TRUE,TRUE,TRUE,114年現存營運清冊依成立年度回推,可能不含114年前已停辦或撤站之歷史站點
高雄市,桃源區,108,2,6,TRUE,98,10,10,TRUE,TRUE,TRUE,114年現存營運清冊依成立年度回推,可能不含114年前已停辦或撤站之歷史站點
高雄市,桃源區,109,2,8,TRUE,98,11,11,TRUE,TRUE,TRUE,114年現存營運清冊依成立年度回推,可能不含114年前已停辦或撤站之歷史站點
高雄市,桃源區,110,0,8,TRUE,98,12,12,TRUE,TRUE,TRUE,114年現存營運清冊依成立年度回推,可能不含114年前已停辦或撤站之歷史站點
高雄市,桃源區,111,0,8,TRUE,98,13,13,TRUE,TRUE,TRUE,114年現存營運清冊依成立年度回推,可能不含114年前已停辦或撤站之歷史站點
高雄市,桃源區,112,0,8,TRUE,98,14,14,TRUE,TRUE,TRUE,114年現存營運清冊依成立年度回推,可能不含114年前已停辦或撤站之歷史站點
高雄市,桃源區,113,0,8,TRUE,98,15,15,TRUE,TRUE,TRUE,114年現存營運清冊依成立年度回推,可能不含114年前已停辦或撤站之歷史站點
高雄市,桃源區,114,0,8,TRUE,98,16,16,TRUE,TRUE,TRUE,114年現存營運清冊依成立年度回推,可能不含114年前已停辦或撤站之歷史站點
高雄市,楠梓區,90,0,0,FALSE,106,NA,-16,NA,NA,NA,114年現存營運清冊依成立年度回推,可能不含114年前已停辦或撤站之歷史站點
高雄市,楠梓區,91,0,0,FALSE,106,NA,-15,NA,NA,NA,114年現存營運清冊依成立年度回推,可能不含114年前已停辦或撤站之歷史站點
高雄市,楠梓區,92,0,0,FALSE,106,NA,-14,NA,NA,NA,114年現存營運清冊依成立年度回推,可能不含114年前已停辦或撤站之歷史站點
高雄市,楠梓區,93,0,0,FALSE,106,NA,-13,NA,NA,NA,114年現存營運清冊依成立年度回推,可能不含114年前已停辦或撤站之歷史站點
高雄市,楠梓區,94,0,0,FALSE,106,NA,-12,NA,NA,NA,114年現存營運清冊依成立年度回推,可能不含114年前已停辦或撤站之歷史站點
高雄市,楠梓區,95,0,0,FALSE,106,NA,-11,NA,NA,NA,114年現存營運清冊依成立年度回推,可能不含114年前已停辦或撤站之歷史站點
高雄市,楠梓區,96,0,0,FALSE,106,NA,-10,NA,NA,NA,114年現存營運清冊依成立年度回推,可能不含114年前已停辦或撤站之歷史站點
高雄市,楠梓區,97,0,0,FALSE,106,NA,-9,NA,NA,NA,114年現存營運清冊依成立年度回推,可能不含114年前已停辦或撤站之歷史站點
高雄市,楠梓區,98,0,0,FALSE,106,NA,-8,NA,NA,NA,114年現存營運清冊依成立年度回推,可能不含114年前已停辦或撤站之歷史站點
高雄市,楠梓區,99,0,0,FALSE,106,NA,-7,NA,NA,NA,114年現存營運清冊依成立年度回推,可能不含114年前已停辦或撤站之歷史站點
高雄市,楠梓區,100,0,0,FALSE,106,NA,-6,NA,NA,NA,114年現存營運清冊依成立年度回推,可能不含114年前已停辦或撤站之歷史站點
高雄市,楠梓區,101,0,0,FALSE,106,NA,-5,NA,NA,NA,114年現存營運清冊依成立年度回推,可能不含114年前已停辦或撤站之歷史站點
高雄市,楠梓區,102,0,0,FALSE,106,NA,-4,NA,NA,NA,114年現存營運清冊依成立年度回推,可能不含114年前已停辦或撤站之歷史站點
高雄市,楠梓區,103,0,0,FALSE,106,NA,-3,NA,NA,NA,114年現存營運清冊依成立年度回推,可能不含114年前已停辦或撤站之歷史站點
高雄市,楠梓區,104,0,0,FALSE,106,NA,-2,NA,NA,NA,114年現存營運清冊依成立年度回推,可能不含114年前已停辦或撤站之歷史站點
高雄市,楠梓區,105,0,0,FALSE,106,NA,-1,NA,NA,NA,114年現存營運清冊依成立年度回推,可能不含114年前已停辦或撤站之歷史站點
高雄市,楠梓區,106,1,1,TRUE,106,0,0,FALSE,FALSE,FALSE,114年現存營運清冊依成立年度回推,可能不含114年前已停辦或撤站之歷史站點
高雄市,楠梓區,107,0,1,TRUE,106,1,1,TRUE,FALSE,FALSE,114年現存營運清冊依成立年度回推,可能不含114年前已停辦或撤站之歷史站點
高雄市,楠梓區,108,0,1,TRUE,106,2,2,TRUE,FALSE,FALSE,114年現存營運清冊依成立年度回推,可能不含114年前已停辦或撤站之歷史站點
高雄市,楠梓區,109,0,1,TRUE,106,3,3,TRUE,TRUE,FALSE,114年現存營運清冊依成立年度回推,可能不含114年前已停辦或撤站之歷史站點
高雄市,楠梓區,110,0,1,TRUE,106,4,4,TRUE,TRUE,FALSE,114年現存營運清冊依成立年度回推,可能不含114年前已停辦或撤站之歷史站點
高雄市,楠梓區,111,0,1,TRUE,106,5,5,TRUE,TRUE,TRUE,114年現存營運清冊依成立年度回推,可能不含114年前已停辦或撤站之歷史站點
高雄市,楠梓區,112,0,1,TRUE,106,6,6,TRUE,TRUE,TRUE,114年現存營運清冊依成立年度回推,可能不含114年前已停辦或撤站之歷史站點
高雄市,楠梓區,113,0,1,TRUE,106,7,7,TRUE,TRUE,TRUE,114年現存營運清冊依成立年度回推,可能不含114年前已停辦或撤站之歷史站點
高雄市,楠梓區,114,0,1,TRUE,106,8,8,TRUE,TRUE,TRUE,114年現存營運清冊依成立年度回推,可能不含114年前已停辦或撤站之歷史站點
高雄市,茂林區,90,0,0,FALSE,98,NA,-8,NA,NA,NA,114年現存營運清冊依成立年度回推,可能不含114年前已停辦或撤站之歷史站點
高雄市,茂林區,91,0,0,FALSE,98,NA,-7,NA,NA,NA,114年現存營運清冊依成立年度回推,可能不含114年前已停辦或撤站之歷史站點
高雄市,茂林區,92,0,0,FALSE,98,NA,-6,NA,NA,NA,114年現存營運清冊依成立年度回推,可能不含114年前已停辦或撤站之歷史站點
高雄市,茂林區,93,0,0,FALSE,98,NA,-5,NA,NA,NA,114年現存營運清冊依成立年度回推,可能不含114年前已停辦或撤站之歷史站點
高雄市,茂林區,94,0,0,FALSE,98,NA,-4,NA,NA,NA,114年現存營運清冊依成立年度回推,可能不含114年前已停辦或撤站之歷史站點
高雄市,茂林區,95,0,0,FALSE,98,NA,-3,NA,NA,NA,114年現存營運清冊依成立年度回推,可能不含114年前已停辦或撤站之歷史站點
高雄市,茂林區,96,0,0,FALSE,98,NA,-2,NA,NA,NA,114年現存營運清冊依成立年度回推,可能不含114年前已停辦或撤站之歷史站點
高雄市,茂林區,97,0,0,FALSE,98,NA,-1,NA,NA,NA,114年現存營運清冊依成立年度回推,可能不含114年前已停辦或撤站之歷史站點
高雄市,茂林區,98,1,1,TRUE,98,0,0,FALSE,FALSE,FALSE,114年現存營運清冊依成立年度回推,可能不含114年前已停辦或撤站之歷史站點
高雄市,茂林區,99,0,1,TRUE,98,1,1,TRUE,FALSE,FALSE,114年現存營運清冊依成立年度回推,可能不含114年前已停辦或撤站之歷史站點
高雄市,茂林區,100,0,1,TRUE,98,2,2,TRUE,FALSE,FALSE,114年現存營運清冊依成立年度回推,可能不含114年前已停辦或撤站之歷史站點
高雄市,茂林區,101,0,1,TRUE,98,3,3,TRUE,TRUE,FALSE,114年現存營運清冊依成立年度回推,可能不含114年前已停辦或撤站之歷史站點
高雄市,茂林區,102,1,2,TRUE,98,4,4,TRUE,TRUE,FALSE,114年現存營運清冊依成立年度回推,可能不含114年前已停辦或撤站之歷史站點
高雄市,茂林區,103,0,2,TRUE,98,5,5,TRUE,TRUE,TRUE,114年現存營運清冊依成立年度回推,可能不含114年前已停辦或撤站之歷史站點
高雄市,茂林區,104,0,2,TRUE,98,6,6,TRUE,TRUE,TRUE,114年現存營運清冊依成立年度回推,可能不含114年前已停辦或撤站之歷史站點
高雄市,茂林區,105,0,2,TRUE,98,7,7,TRUE,TRUE,TRUE,114年現存營運清冊依成立年度回推,可能不含114年前已停辦或撤站之歷史站點
高雄市,茂林區,106,1,3,TRUE,98,8,8,TRUE,TRUE,TRUE,114年現存營運清冊依成立年度回推,可能不含114年前已停辦或撤站之歷史站點
高雄市,茂林區,107,0,3,TRUE,98,9,9,TRUE,TRUE,TRUE,114年現存營運清冊依成立年度回推,可能不含114年前已停辦或撤站之歷史站點
高雄市,茂林區,108,0,3,TRUE,98,10,10,TRUE,TRUE,TRUE,114年現存營運清冊依成立年度回推,可能不含114年前已停辦或撤站之歷史站點
高雄市,茂林區,109,0,3,TRUE,98,11,11,TRUE,TRUE,TRUE,114年現存營運清冊依成立年度回推,可能不含114年前已停辦或撤站之歷史站點
高雄市,茂林區,110,0,3,TRUE,98,12,12,TRUE,TRUE,TRUE,114年現存營運清冊依成立年度回推,可能不含114年前已停辦或撤站之歷史站點
高雄市,茂林區,111,0,3,TRUE,98,13,13,TRUE,TRUE,TRUE,114年現存營運清冊依成立年度回推,可能不含114年前已停辦或撤站之歷史站點
高雄市,茂林區,112,0,3,TRUE,98,14,14,TRUE,TRUE,TRUE,114年現存營運清冊依成立年度回推,可能不含114年前已停辦或撤站之歷史站點
高雄市,茂林區,113,0,3,TRUE,98,15,15,TRUE,TRUE,TRUE,114年現存營運清冊依成立年度回推,可能不含114年前已停辦或撤站之歷史站點
高雄市,茂林區,114,0,3,TRUE,98,16,16,TRUE,TRUE,TRUE,114年現存營運清冊依成立年度回推,可能不含114年前已停辦或撤站之歷史站點
高雄市,那瑪夏區,90,0,0,FALSE,101,NA,-11,NA,NA,NA,114年現存營運清冊依成立年度回推,可能不含114年前已停辦或撤站之歷史站點
高雄市,那瑪夏區,91,0,0,FALSE,101,NA,-10,NA,NA,NA,114年現存營運清冊依成立年度回推,可能不含114年前已停辦或撤站之歷史站點
高雄市,那瑪夏區,92,0,0,FALSE,101,NA,-9,NA,NA,NA,114年現存營運清冊依成立年度回推,可能不含114年前已停辦或撤站之歷史站點
高雄市,那瑪夏區,93,0,0,FALSE,101,NA,-8,NA,NA,NA,114年現存營運清冊依成立年度回推,可能不含114年前已停辦或撤站之歷史站點
高雄市,那瑪夏區,94,0,0,FALSE,101,NA,-7,NA,NA,NA,114年現存營運清冊依成立年度回推,可能不含114年前已停辦或撤站之歷史站點
高雄市,那瑪夏區,95,0,0,FALSE,101,NA,-6,NA,NA,NA,114年現存營運清冊依成立年度回推,可能不含114年前已停辦或撤站之歷史站點
高雄市,那瑪夏區,96,0,0,FALSE,101,NA,-5,NA,NA,NA,114年現存營運清冊依成立年度回推,可能不含114年前已停辦或撤站之歷史站點
高雄市,那瑪夏區,97,0,0,FALSE,101,NA,-4,NA,NA,NA,114年現存營運清冊依成立年度回推,可能不含114年前已停辦或撤站之歷史站點
高雄市,那瑪夏區,98,0,0,FALSE,101,NA,-3,NA,NA,NA,114年現存營運清冊依成立年度回推,可能不含114年前已停辦或撤站之歷史站點
高雄市,那瑪夏區,99,0,0,FALSE,101,NA,-2,NA,NA,NA,114年現存營運清冊依成立年度回推,可能不含114年前已停辦或撤站之歷史站點
高雄市,那瑪夏區,100,0,0,FALSE,101,NA,-1,NA,NA,NA,114年現存營運清冊依成立年度回推,可能不含114年前已停辦或撤站之歷史站點
高雄市,那瑪夏區,101,1,1,TRUE,101,0,0,FALSE,FALSE,FALSE,114年現存營運清冊依成立年度回推,可能不含114年前已停辦或撤站之歷史站點
高雄市,那瑪夏區,102,0,1,TRUE,101,1,1,TRUE,FALSE,FALSE,114年現存營運清冊依成立年度回推,可能不含114年前已停辦或撤站之歷史站點
高雄市,那瑪夏區,103,0,1,TRUE,101,2,2,TRUE,FALSE,FALSE,114年現存營運清冊依成立年度回推,可能不含114年前已停辦或撤站之歷史站點
高雄市,那瑪夏區,104,0,1,TRUE,101,3,3,TRUE,TRUE,FALSE,114年現存營運清冊依成立年度回推,可能不含114年前已停辦或撤站之歷史站點
高雄市,那瑪夏區,105,0,1,TRUE,101,4,4,TRUE,TRUE,FALSE,114年現存營運清冊依成立年度回推,可能不含114年前已停辦或撤站之歷史站點
高雄市,那瑪夏區,106,1,2,TRUE,101,5,5,TRUE,TRUE,TRUE,114年現存營運清冊依成立年度回推,可能不含114年前已停辦或撤站之歷史站點
高雄市,那瑪夏區,107,1,3,TRUE,101,6,6,TRUE,TRUE,TRUE,114年現存營運清冊依成立年度回推,可能不含114年前已停辦或撤站之歷史站點
高雄市,那瑪夏區,108,0,3,TRUE,101,7,7,TRUE,TRUE,TRUE,114年現存營運清冊依成立年度回推,可能不含114年前已停辦或撤站之歷史站點
高雄市,那瑪夏區,109,0,3,TRUE,101,8,8,TRUE,TRUE,TRUE,114年現存營運清冊依成立年度回推,可能不含114年前已停辦或撤站之歷史站點
高雄市,那瑪夏區,110,0,3,TRUE,101,9,9,TRUE,TRUE,TRUE,114年現存營運清冊依成立年度回推,可能不含114年前已停辦或撤站之歷史站點
高雄市,那瑪夏區,111,0,3,TRUE,101,10,10,TRUE,TRUE,TRUE,114年現存營運清冊依成立年度回推,可能不含114年前已停辦或撤站之歷史站點
高雄市,那瑪夏區,112,0,3,TRUE,101,11,11,TRUE,TRUE,TRUE,114年現存營運清冊依成立年度回推,可能不含114年前已停辦或撤站之歷史站點
高雄市,那瑪夏區,113,0,3,TRUE,101,12,12,TRUE,TRUE,TRUE,114年現存營運清冊依成立年度回推,可能不含114年前已停辦或撤站之歷史站點
高雄市,那瑪夏區,114,0,3,TRUE,101,13,13,TRUE,TRUE,TRUE,114年現存營運清冊依成立年度回推,可能不含114年前已停辦或撤站之歷史站點
高雄市,鳳山區,90,0,0,FALSE,106,NA,-16,NA,NA,NA,114年現存營運清冊依成立年度回推,可能不含114年前已停辦或撤站之歷史站點
高雄市,鳳山區,91,0,0,FALSE,106,NA,-15,NA,NA,NA,114年現存營運清冊依成立年度回推,可能不含114年前已停辦或撤站之歷史站點
高雄市,鳳山區,92,0,0,FALSE,106,NA,-14,NA,NA,NA,114年現存營運清冊依成立年度回推,可能不含114年前已停辦或撤站之歷史站點
高雄市,鳳山區,93,0,0,FALSE,106,NA,-13,NA,NA,NA,114年現存營運清冊依成立年度回推,可能不含114年前已停辦或撤站之歷史站點
高雄市,鳳山區,94,0,0,FALSE,106,NA,-12,NA,NA,NA,114年現存營運清冊依成立年度回推,可能不含114年前已停辦或撤站之歷史站點
高雄市,鳳山區,95,0,0,FALSE,106,NA,-11,NA,NA,NA,114年現存營運清冊依成立年度回推,可能不含114年前已停辦或撤站之歷史站點
高雄市,鳳山區,96,0,0,FALSE,106,NA,-10,NA,NA,NA,114年現存營運清冊依成立年度回推,可能不含114年前已停辦或撤站之歷史站點
高雄市,鳳山區,97,0,0,FALSE,106,NA,-9,NA,NA,NA,114年現存營運清冊依成立年度回推,可能不含114年前已停辦或撤站之歷史站點
高雄市,鳳山區,98,0,0,FALSE,106,NA,-8,NA,NA,NA,114年現存營運清冊依成立年度回推,可能不含114年前已停辦或撤站之歷史站點
高雄市,鳳山區,99,0,0,FALSE,106,NA,-7,NA,NA,NA,114年現存營運清冊依成立年度回推,可能不含114年前已停辦或撤站之歷史站點
高雄市,鳳山區,100,0,0,FALSE,106,NA,-6,NA,NA,NA,114年現存營運清冊依成立年度回推,可能不含114年前已停辦或撤站之歷史站點
高雄市,鳳山區,101,0,0,FALSE,106,NA,-5,NA,NA,NA,114年現存營運清冊依成立年度回推,可能不含114年前已停辦或撤站之歷史站點
高雄市,鳳山區,102,0,0,FALSE,106,NA,-4,NA,NA,NA,114年現存營運清冊依成立年度回推,可能不含114年前已停辦或撤站之歷史站點
高雄市,鳳山區,103,0,0,FALSE,106,NA,-3,NA,NA,NA,114年現存營運清冊依成立年度回推,可能不含114年前已停辦或撤站之歷史站點
高雄市,鳳山區,104,0,0,FALSE,106,NA,-2,NA,NA,NA,114年現存營運清冊依成立年度回推,可能不含114年前已停辦或撤站之歷史站點
高雄市,鳳山區,105,0,0,FALSE,106,NA,-1,NA,NA,NA,114年現存營運清冊依成立年度回推,可能不含114年前已停辦或撤站之歷史站點
高雄市,鳳山區,106,1,1,TRUE,106,0,0,FALSE,FALSE,FALSE,114年現存營運清冊依成立年度回推,可能不含114年前已停辦或撤站之歷史站點
高雄市,鳳山區,107,0,1,TRUE,106,1,1,TRUE,FALSE,FALSE,114年現存營運清冊依成立年度回推,可能不含114年前已停辦或撤站之歷史站點
高雄市,鳳山區,108,0,1,TRUE,106,2,2,TRUE,FALSE,FALSE,114年現存營運清冊依成立年度回推,可能不含114年前已停辦或撤站之歷史站點
高雄市,鳳山區,109,0,1,TRUE,106,3,3,TRUE,TRUE,FALSE,114年現存營運清冊依成立年度回推,可能不含114年前已停辦或撤站之歷史站點
高雄市,鳳山區,110,0,1,TRUE,106,4,4,TRUE,TRUE,FALSE,114年現存營運清冊依成立年度回推,可能不含114年前已停辦或撤站之歷史站點
高雄市,鳳山區,111,0,1,TRUE,106,5,5,TRUE,TRUE,TRUE,114年現存營運清冊依成立年度回推,可能不含114年前已停辦或撤站之歷史站點
高雄市,鳳山區,112,0,1,TRUE,106,6,6,TRUE,TRUE,TRUE,114年現存營運清冊依成立年度回推,可能不含114年前已停辦或撤站之歷史站點
高雄市,鳳山區,113,0,1,TRUE,106,7,7,TRUE,TRUE,TRUE,114年現存營運清冊依成立年度回推,可能不含114年前已停辦或撤站之歷史站點
高雄市,鳳山區,114,0,1,TRUE,106,8,8,TRUE,TRUE,TRUE,114年現存營運清冊依成立年度回推,可能不含114年前已停辦或撤站之歷史站點
