"DATA_Y","variable","category","n","share"
2002,"ADMIN_NAME_HARMONIZED","南投縣",745,0.056813848852284
2002,"ADMIN_NAME_HARMONIZED","嘉義市",52,0.00396553038968962
2002,"ADMIN_NAME_HARMONIZED","嘉義縣",105,0.00800732097918097
2002,"ADMIN_NAME_HARMONIZED","基隆市",52,0.00396553038968962
2002,"ADMIN_NAME_HARMONIZED","宜蘭縣",517,0.039426523297491
2002,"ADMIN_NAME_HARMONIZED","屏東縣",1513,0.115381682300008
2002,"ADMIN_NAME_HARMONIZED","彰化縣",52,0.00396553038968962
2002,"ADMIN_NAME_HARMONIZED","新北市",992,0.0756501182033097
2002,"ADMIN_NAME_HARMONIZED","新竹市",53,0.00404179058949134
2002,"ADMIN_NAME_HARMONIZED","新竹縣",568,0.0433157934873789
2002,"ADMIN_NAME_HARMONIZED","桃園市",850,0.064821169831465
2002,"ADMIN_NAME_HARMONIZED","臺中市",1080,0.0823610157858614
2002,"ADMIN_NAME_HARMONIZED","臺北市",419,0.0319530237169221
2002,"ADMIN_NAME_HARMONIZED","臺南市",112,0.00854114237779303
2002,"ADMIN_NAME_HARMONIZED","臺東縣",2287,0.174407076946542
2002,"ADMIN_NAME_HARMONIZED","花蓮縣",2507,0.191184320902921
2002,"ADMIN_NAME_HARMONIZED","苗栗縣",337,0.0256996873331808
2002,"ADMIN_NAME_HARMONIZED","連江縣",9,0.000686341798215511
2002,"ADMIN_NAME_HARMONIZED","金門縣",27,0.00205902539464653
2002,"ADMIN_NAME_HARMONIZED","高雄市",836,0.0637535270342408
2002,"ADMIN_NAME_ORIGINAL","南投縣",745,0.056813848852284
2002,"ADMIN_NAME_ORIGINAL","台中市",252,0.0192175703500343
2002,"ADMIN_NAME_ORIGINAL","台中縣",828,0.063143445435827
2002,"ADMIN_NAME_ORIGINAL","台北市",419,0.0319530237169221
2002,"ADMIN_NAME_ORIGINAL","台北縣",992,0.0756501182033097
2002,"ADMIN_NAME_ORIGINAL","台南市",53,0.00404179058949134
2002,"ADMIN_NAME_ORIGINAL","台南縣",59,0.00449935178830169
2002,"ADMIN_NAME_ORIGINAL","台東縣",2287,0.174407076946542
2002,"ADMIN_NAME_ORIGINAL","嘉義市",52,0.00396553038968962
2002,"ADMIN_NAME_ORIGINAL","嘉義縣",105,0.00800732097918097
2002,"ADMIN_NAME_ORIGINAL","基隆市",52,0.00396553038968962
2002,"ADMIN_NAME_ORIGINAL","宜蘭縣",517,0.039426523297491
2002,"ADMIN_NAME_ORIGINAL","屏東縣",1513,0.115381682300008
2002,"ADMIN_NAME_ORIGINAL","彰化縣",52,0.00396553038968962
2002,"ADMIN_NAME_ORIGINAL","新竹市",53,0.00404179058949134
2002,"ADMIN_NAME_ORIGINAL","新竹縣",568,0.0433157934873789
2002,"ADMIN_NAME_ORIGINAL","桃園縣",850,0.064821169831465
2002,"ADMIN_NAME_ORIGINAL","花蓮縣",2507,0.191184320902921
2002,"ADMIN_NAME_ORIGINAL","苗栗縣",337,0.0256996873331808
2002,"ADMIN_NAME_ORIGINAL","連江縣",9,0.000686341798215511
2002,"ADMIN_NAME_ORIGINAL","金門縣",27,0.00205902539464653
2002,"ADMIN_NAME_ORIGINAL","高雄市",302,0.0230305803401205
2002,"ADMIN_NAME_ORIGINAL","高雄縣",534,0.0407229466941203
2002,"ADMIN_NAME_YEAR_SPECIFIC","南投縣",745,0.056813848852284
2002,"ADMIN_NAME_YEAR_SPECIFIC","嘉義市",52,0.00396553038968962
2002,"ADMIN_NAME_YEAR_SPECIFIC","嘉義縣",105,0.00800732097918097
2002,"ADMIN_NAME_YEAR_SPECIFIC","基隆市",52,0.00396553038968962
2002,"ADMIN_NAME_YEAR_SPECIFIC","宜蘭縣",517,0.039426523297491
2002,"ADMIN_NAME_YEAR_SPECIFIC","屏東縣",1513,0.115381682300008
2002,"ADMIN_NAME_YEAR_SPECIFIC","彰化縣",52,0.00396553038968962
2002,"ADMIN_NAME_YEAR_SPECIFIC","新竹市",53,0.00404179058949134
2002,"ADMIN_NAME_YEAR_SPECIFIC","新竹縣",568,0.0433157934873789
2002,"ADMIN_NAME_YEAR_SPECIFIC","桃園縣",850,0.064821169831465
2002,"ADMIN_NAME_YEAR_SPECIFIC","臺中市",252,0.0192175703500343
2002,"ADMIN_NAME_YEAR_SPECIFIC","臺中縣",828,0.063143445435827
2002,"ADMIN_NAME_YEAR_SPECIFIC","臺北市",419,0.0319530237169221
2002,"ADMIN_NAME_YEAR_SPECIFIC","臺北縣",992,0.0756501182033097
2002,"ADMIN_NAME_YEAR_SPECIFIC","臺南市",53,0.00404179058949134
2002,"ADMIN_NAME_YEAR_SPECIFIC","臺南縣",59,0.00449935178830169
2002,"ADMIN_NAME_YEAR_SPECIFIC","臺東縣",2287,0.174407076946542
2002,"ADMIN_NAME_YEAR_SPECIFIC","花蓮縣",2507,0.191184320902921
2002,"ADMIN_NAME_YEAR_SPECIFIC","苗栗縣",337,0.0256996873331808
2002,"ADMIN_NAME_YEAR_SPECIFIC","連江縣",9,0.000686341798215511
2002,"ADMIN_NAME_YEAR_SPECIFIC","金門縣",27,0.00205902539464653
2002,"ADMIN_NAME_YEAR_SPECIFIC","高雄市",302,0.0230305803401205
2002,"ADMIN_NAME_YEAR_SPECIFIC","高雄縣",534,0.0407229466941203
2002,"AGE_GROUP","15-19歲",122,0.00930374437581026
2002,"AGE_GROUP","20-29歲",1100,0.0838862197818958
2002,"AGE_GROUP","30-39歲",3216,0.245252802562343
2002,"AGE_GROUP","40-49歲",4038,0.307938686799359
2002,"AGE_GROUP","50-59歲",2478,0.188972775108671
2002,"AGE_GROUP","60歲以上",2159,0.164645771371921
2002,"AGE_GROUP_HARMONIZED","15-19歲",122,0.00930374437581026
2002,"AGE_GROUP_HARMONIZED","20-29歲",1100,0.0838862197818958
2002,"AGE_GROUP_HARMONIZED","30-39歲",3216,0.245252802562343
2002,"AGE_GROUP_HARMONIZED","40-49歲",4038,0.307938686799359
2002,"AGE_GROUP_HARMONIZED","50-59歲",2478,0.188972775108671
2002,"AGE_GROUP_HARMONIZED","60歲以上",2159,0.164645771371921
2002,"AGE_MEASURE_TYPE","age_group",13113,1
2002,"CITY","南投縣",745,0.056813848852284
2002,"CITY","嘉義市",52,0.00396553038968962
2002,"CITY","嘉義縣",105,0.00800732097918097
2002,"CITY","基隆市",52,0.00396553038968962
2002,"CITY","宜蘭縣",517,0.039426523297491
2002,"CITY","屏東縣",1513,0.115381682300008
2002,"CITY","彰化縣",52,0.00396553038968962
2002,"CITY","新竹市",53,0.00404179058949134
2002,"CITY","新竹縣",568,0.0433157934873789
2002,"CITY","桃園縣",850,0.064821169831465
2002,"CITY","臺中市",252,0.0192175703500343
2002,"CITY","臺中縣",828,0.063143445435827
2002,"CITY","臺北市",419,0.0319530237169221
2002,"CITY","臺北縣",992,0.0756501182033097
2002,"CITY","臺南市",53,0.00404179058949134
2002,"CITY","臺南縣",59,0.00449935178830169
2002,"CITY","臺東縣",2287,0.174407076946542
2002,"CITY","花蓮縣",2507,0.191184320902921
2002,"CITY","苗栗縣",337,0.0256996873331808
2002,"CITY","連江縣",9,0.000686341798215511
2002,"CITY","金門縣",27,0.00205902539464653
2002,"CITY","高雄市",302,0.0230305803401205
2002,"CITY","高雄縣",534,0.0407229466941203
2002,"COUNTY","三地門",181,0.0149020253581426
2002,"COUNTY","三峽鎮",52,0.00428124485427301
2002,"COUNTY","三民鄉",67,0.00551621933146715
2002,"COUNTY","三重市",52,0.00428124485427301
2002,"COUNTY","中和市",55,0.00452823974971184
2002,"COUNTY","中壢市",55,0.00452823974971184
2002,"COUNTY","五峰鄉",138,0.0113617651901861
2002,"COUNTY","五結冬山鄉",53,0.00436357648608595
2002,"COUNTY","五股鄉",50,0.00411658159064713
2002,"COUNTY","仁愛鄉",337,0.0277457599209616
2002,"COUNTY","來義鄉",190,0.0156430100444591
2002,"COUNTY","信義鄉",231,0.0190186069487897
2002,"COUNTY","光復鄉",213,0.0175366375761568
2002,"COUNTY","內埔鄉",52,0.00428124485427301
2002,"COUNTY","八德市",52,0.00428124485427301
2002,"COUNTY","八里鄉三芝鄉",52,0.00428124485427301
2002,"COUNTY","六龜鄉美濃鎮",57,0.00469290301333772
2002,"COUNTY","北區",46,0.00378725506339536
2002,"COUNTY","北屯區",46,0.00378725506339536
2002,"COUNTY","卑南鄉",185,0.0152313518853944
2002,"COUNTY","卓溪鄉",140,0.011526428453812
2002,"COUNTY","南區東區",53,0.00436357648608595
2002,"COUNTY","南屯區",55,0.00452823974971184
2002,"COUNTY","南庄鄉",63,0.00518689280421538
2002,"COUNTY","南投市",52,0.00428124485427301
2002,"COUNTY","南澳鄉",138,0.0113617651901861
2002,"COUNTY","吉安鄉",380,0.0312860200889182
2002,"COUNTY","后里鄉外埔鄉",52,0.00428124485427301
2002,"COUNTY","和平鄉",146,0.0120204182446896
2002,"COUNTY","土城市",53,0.00436357648608595
2002,"COUNTY","埔里鎮",55,0.00452823974971184
2002,"COUNTY","壽豐鄉",179,0.0147373620945167
2002,"COUNTY","大同鄉",126,0.0103737856084308
2002,"COUNTY","大園鄉",53,0.00436357648608595
2002,"COUNTY","大寮鄉",56,0.00461057138152478
2002,"COUNTY","大樹鄉仁武鄉",53,0.00436357648608595
2002,"COUNTY","大武鄉",115,0.00946813765848839
2002,"COUNTY","大溪鎮",57,0.00469290301333772
2002,"COUNTY","大肚鄉",62,0.00510456117240244
2002,"COUNTY","大里市",67,0.00551621933146715
2002,"COUNTY","大雅鄉",59,0.00485756627696361
2002,"COUNTY","太平市",52,0.00428124485427301
2002,"COUNTY","太麻里",174,0.014325703935452
2002,"COUNTY","宜蘭市",53,0.00436357648608595
2002,"COUNTY","富里鄉",54,0.0044459081178989
2002,"COUNTY","尖石鄉",194,0.0159723365717109
2002,"COUNTY","屏東市",65,0.00535155606784126
2002,"COUNTY","岡山鎮",54,0.0044459081178989
2002,"COUNTY","平鎮市",52,0.00428124485427301
2002,"COUNTY","延平鄉",84,0.00691585707228717
2002,"COUNTY","彰化市",52,0.00428124485427301
2002,"COUNTY","復興鄉",265,0.0218178824304298
2002,"COUNTY","恆春鎮",59,0.00485756627696361
2002,"COUNTY","成功鎮",272,0.0223942038531204
2002,"COUNTY","新城鄉",149,0.0122674131401284
2002,"COUNTY","新埔鎮芎林鄉橫山鄉",52,0.00428124485427301
2002,"COUNTY","新店市",52,0.00428124485427301
2002,"COUNTY","新莊市",54,0.0044459081178989
2002,"COUNTY","春日鄉",113,0.00930347439486251
2002,"COUNTY","東勢鎮",54,0.0044459081178989
2002,"COUNTY","東河鄉",162,0.0133377243536967
2002,"COUNTY","板橋市",52,0.00428124485427301
2002,"COUNTY","枋寮鄉",54,0.0044459081178989
2002,"COUNTY","林口鄉",52,0.00428124485427301
2002,"COUNTY","林園鄉鳥松鄉",47,0.0038695866952083
2002,"COUNTY","桃園市",53,0.00436357648608595
2002,"COUNTY","桃源鄉",101,0.0083154948131072
2002,"COUNTY","梧棲鎮",63,0.00518689280421538
2002,"COUNTY","楊梅鎮",53,0.00436357648608595
2002,"COUNTY","樹林市",52,0.00428124485427301
2002,"COUNTY","水里鄉草屯鎮",52,0.00428124485427301
2002,"COUNTY","永和市",43,0.00354026016795653
2002,"COUNTY","永康市",59,0.00485756627696361
2002,"COUNTY","汐止市",52,0.00428124485427301
2002,"COUNTY","池上鄉",67,0.00551621933146715
2002,"COUNTY","泰安鄉",112,0.00922114276304956
2002,"COUNTY","泰山鄉",52,0.00428124485427301
2002,"COUNTY","泰武鄉",91,0.00749217849497777
2002,"COUNTY","海端鄉",97,0.00798616828585543
2002,"COUNTY","淡水鎮",52,0.00428124485427301
2002,"COUNTY","清水鎮沙鹿鎮",53,0.00436357648608595
2002,"COUNTY","湖口鄉",49,0.00403424995883418
2002,"COUNTY","滿州鄉",70,0.00576321422690598
2002,"COUNTY","潭子鄉",51,0.00419891322246007
2002,"COUNTY","潮州鎮",52,0.00428124485427301
2002,"COUNTY","烏來鄉",60,0.00493989790877655
2002,"COUNTY","烏日鄉霧峰鄉",40,0.0032932652725177
2002,"COUNTY","牡丹鄉",155,0.0127614029310061
2002,"COUNTY","獅子鄉",128,0.0105384488720566
2002,"COUNTY","獅潭鄉",5,0.000411658159064713
2002,"COUNTY","玉里鎮",237,0.0195125967396674
2002,"COUNTY","瑞穗鄉",145,0.0119380866128767
2002,"COUNTY","瑞芳鎮",52,0.00428124485427301
2002,"COUNTY","瑪家鄉",164,0.0135023876173226
2002,"COUNTY","神岡鄉",51,0.00419891322246007
2002,"COUNTY","秀林鄉",353,0.0290630660299687
2002,"COUNTY","竹北市新豐鄉",57,0.00469290301333772
2002,"COUNTY","竹南鎮後龍鎮造橋鄉",52,0.00428124485427301
2002,"COUNTY","竹東鎮",52,0.00428124485427301
2002,"COUNTY","羅東鎮",51,0.00419891322246007
2002,"COUNTY","臺東市",542,0.0446237444426149
2002,"COUNTY","花蓮市",271,0.0223118722213074
2002,"COUNTY","苗栗市",53,0.00436357648608595
2002,"COUNTY","茂林鄉",46,0.00378725506339536
2002,"COUNTY","萬巒鄉",60,0.00493989790877655
2002,"COUNTY","萬榮鄉",190,0.0156430100444591
2002,"COUNTY","蘆洲市",52,0.00428124485427301
2002,"COUNTY","蘆竹鄉",52,0.00428124485427301
2002,"COUNTY","蘇澳鎮",52,0.00428124485427301
2002,"COUNTY","蘭嶼鄉",83,0.00683352544047423
2002,"COUNTY","西屯區",52,0.00428124485427301
2002,"COUNTY","觀音鄉",51,0.00419891322246007
2002,"COUNTY","豐原市",52,0.00428124485427301
2002,"COUNTY","豐濱鄉",131,0.0107854437674955
2002,"COUNTY","達仁鄉",124,0.0102091223448049
2002,"COUNTY","金峰鄉",82,0.00675119380866129
2002,"COUNTY","長濱鄉",153,0.0125967396673802
2002,"COUNTY","關山鎮",69,0.00568088259509303
2002,"COUNTY","關西鎮",26,0.00214062242713651
2002,"COUNTY","阿里山",105,0.00864482134035897
2002,"COUNTY","霧臺鄉",79,0.00650419891322246
2002,"COUNTY","頭份鎮",52,0.00428124485427301
2002,"COUNTY","頭城礁溪員山鄉",44,0.00362259179976947
2002,"COUNTY","魚池鄉",18,0.00148196937263297
2002,"COUNTY","鳳山市",53,0.00436357648608595
2002,"COUNTY","鳳林鎮",65,0.00535155606784126
2002,"COUNTY","鶯歌鎮",53,0.00436357648608595
2002,"COUNTY","鹿野鄉",78,0.00642186728140952
2002,"COUNTY","龍井鄉",26,0.00214062242713651
2002,"COUNTY","龍潭鄉",55,0.00452823974971184
2002,"COUNTY","龜山鄉",52,0.00428124485427301
2002,"COUNTY_MAPPING_STATUS","ambiguous_combined_townships",664,0.0506367726683444
2002,"COUNTY_MAPPING_STATUS","missing",967,0.0737436132082666
2002,"COUNTY_MAPPING_STATUS","single_township",11482,0.875619614123389
2002,"COUNTY_ORIGINAL","三地門",181,0.0149020253581426
2002,"COUNTY_ORIGINAL","三峽鎮",52,0.00428124485427301
2002,"COUNTY_ORIGINAL","三民鄉",67,0.00551621933146715
2002,"COUNTY_ORIGINAL","三重市",52,0.00428124485427301
2002,"COUNTY_ORIGINAL","中和市",55,0.00452823974971184
2002,"COUNTY_ORIGINAL","中壢市",55,0.00452823974971184
2002,"COUNTY_ORIGINAL","五峰鄉",138,0.0113617651901861
2002,"COUNTY_ORIGINAL","五結冬山鄉",53,0.00436357648608595
2002,"COUNTY_ORIGINAL","五股鄉",50,0.00411658159064713
2002,"COUNTY_ORIGINAL","仁愛鄉",337,0.0277457599209616
2002,"COUNTY_ORIGINAL","來義鄉",190,0.0156430100444591
2002,"COUNTY_ORIGINAL","信義鄉",231,0.0190186069487897
2002,"COUNTY_ORIGINAL","光復鄉",213,0.0175366375761568
2002,"COUNTY_ORIGINAL","內埔鄉",52,0.00428124485427301
2002,"COUNTY_ORIGINAL","八德市",52,0.00428124485427301
2002,"COUNTY_ORIGINAL","八里鄉三芝鄉",52,0.00428124485427301
2002,"COUNTY_ORIGINAL","六龜鄉美濃鎮",57,0.00469290301333772
2002,"COUNTY_ORIGINAL","北區",46,0.00378725506339536
2002,"COUNTY_ORIGINAL","北屯區",46,0.00378725506339536
2002,"COUNTY_ORIGINAL","卑南鄉",185,0.0152313518853944
2002,"COUNTY_ORIGINAL","卓溪鄉",140,0.011526428453812
2002,"COUNTY_ORIGINAL","南區東區",53,0.00436357648608595
2002,"COUNTY_ORIGINAL","南屯區",55,0.00452823974971184
2002,"COUNTY_ORIGINAL","南庄鄉",63,0.00518689280421538
2002,"COUNTY_ORIGINAL","南投市",52,0.00428124485427301
2002,"COUNTY_ORIGINAL","南澳鄉",138,0.0113617651901861
2002,"COUNTY_ORIGINAL","台東市",542,0.0446237444426149
2002,"COUNTY_ORIGINAL","吉安鄉",380,0.0312860200889182
2002,"COUNTY_ORIGINAL","后里鄉外埔鄉",52,0.00428124485427301
2002,"COUNTY_ORIGINAL","和平鄉",146,0.0120204182446896
2002,"COUNTY_ORIGINAL","土城市",53,0.00436357648608595
2002,"COUNTY_ORIGINAL","埔里鎮",55,0.00452823974971184
2002,"COUNTY_ORIGINAL","壽豐鄉",179,0.0147373620945167
2002,"COUNTY_ORIGINAL","大同鄉",126,0.0103737856084308
2002,"COUNTY_ORIGINAL","大園鄉",53,0.00436357648608595
2002,"COUNTY_ORIGINAL","大寮鄉",56,0.00461057138152478
2002,"COUNTY_ORIGINAL","大樹鄉仁武鄉",53,0.00436357648608595
2002,"COUNTY_ORIGINAL","大武鄉",115,0.00946813765848839
2002,"COUNTY_ORIGINAL","大溪鎮",57,0.00469290301333772
2002,"COUNTY_ORIGINAL","大肚鄉",62,0.00510456117240244
2002,"COUNTY_ORIGINAL","大里市",67,0.00551621933146715
2002,"COUNTY_ORIGINAL","大雅鄉",59,0.00485756627696361
2002,"COUNTY_ORIGINAL","太平市",52,0.00428124485427301
2002,"COUNTY_ORIGINAL","太麻里",174,0.014325703935452
2002,"COUNTY_ORIGINAL","宜蘭市",53,0.00436357648608595
2002,"COUNTY_ORIGINAL","富里鄉",54,0.0044459081178989
2002,"COUNTY_ORIGINAL","尖石鄉",194,0.0159723365717109
2002,"COUNTY_ORIGINAL","屏東市",65,0.00535155606784126
2002,"COUNTY_ORIGINAL","岡山鎮",54,0.0044459081178989
2002,"COUNTY_ORIGINAL","平鎮市",52,0.00428124485427301
2002,"COUNTY_ORIGINAL","延平鄉",84,0.00691585707228717
2002,"COUNTY_ORIGINAL","彰化市",52,0.00428124485427301
2002,"COUNTY_ORIGINAL","復興鄉",265,0.0218178824304298
2002,"COUNTY_ORIGINAL","恆春鎮",59,0.00485756627696361
2002,"COUNTY_ORIGINAL","成功鎮",272,0.0223942038531204
2002,"COUNTY_ORIGINAL","新城鄉",149,0.0122674131401284
2002,"COUNTY_ORIGINAL","新埔鎮芎林鄉橫山鄉",52,0.00428124485427301
2002,"COUNTY_ORIGINAL","新店市",52,0.00428124485427301
2002,"COUNTY_ORIGINAL","新莊市",54,0.0044459081178989
2002,"COUNTY_ORIGINAL","春日鄉",113,0.00930347439486251
2002,"COUNTY_ORIGINAL","東勢鎮",54,0.0044459081178989
2002,"COUNTY_ORIGINAL","東河鄉",162,0.0133377243536967
2002,"COUNTY_ORIGINAL","板橋市",52,0.00428124485427301
2002,"COUNTY_ORIGINAL","枋寮鄉",54,0.0044459081178989
2002,"COUNTY_ORIGINAL","林口鄉",52,0.00428124485427301
2002,"COUNTY_ORIGINAL","林園鄉鳥松鄉",47,0.0038695866952083
2002,"COUNTY_ORIGINAL","桃園市",53,0.00436357648608595
2002,"COUNTY_ORIGINAL","桃源鄉",101,0.0083154948131072
2002,"COUNTY_ORIGINAL","梧棲鎮",63,0.00518689280421538
2002,"COUNTY_ORIGINAL","楊梅鎮",53,0.00436357648608595
2002,"COUNTY_ORIGINAL","樹林市",52,0.00428124485427301
2002,"COUNTY_ORIGINAL","水里鄉草屯鎮",52,0.00428124485427301
2002,"COUNTY_ORIGINAL","永和市",43,0.00354026016795653
2002,"COUNTY_ORIGINAL","永康市",59,0.00485756627696361
2002,"COUNTY_ORIGINAL","汐止市",52,0.00428124485427301
2002,"COUNTY_ORIGINAL","池上鄉",67,0.00551621933146715
2002,"COUNTY_ORIGINAL","泰安鄉",112,0.00922114276304956
2002,"COUNTY_ORIGINAL","泰山鄉",52,0.00428124485427301
2002,"COUNTY_ORIGINAL","泰武鄉",91,0.00749217849497777
2002,"COUNTY_ORIGINAL","海端鄉",97,0.00798616828585543
2002,"COUNTY_ORIGINAL","淡水鎮",52,0.00428124485427301
2002,"COUNTY_ORIGINAL","清水鎮沙鹿鎮",53,0.00436357648608595
2002,"COUNTY_ORIGINAL","湖口鄉",49,0.00403424995883418
2002,"COUNTY_ORIGINAL","滿州鄉",70,0.00576321422690598
2002,"COUNTY_ORIGINAL","潭子鄉",51,0.00419891322246007
2002,"COUNTY_ORIGINAL","潮州鎮",52,0.00428124485427301
2002,"COUNTY_ORIGINAL","烏來鄉",60,0.00493989790877655
2002,"COUNTY_ORIGINAL","烏日鄉霧峰鄉",40,0.0032932652725177
2002,"COUNTY_ORIGINAL","牡丹鄉",155,0.0127614029310061
2002,"COUNTY_ORIGINAL","獅子鄉",128,0.0105384488720566
2002,"COUNTY_ORIGINAL","獅潭鄉",5,0.000411658159064713
2002,"COUNTY_ORIGINAL","玉里鎮",237,0.0195125967396674
2002,"COUNTY_ORIGINAL","瑞穗鄉",145,0.0119380866128767
2002,"COUNTY_ORIGINAL","瑞芳鎮",52,0.00428124485427301
2002,"COUNTY_ORIGINAL","瑪家鄉",164,0.0135023876173226
2002,"COUNTY_ORIGINAL","神岡鄉",51,0.00419891322246007
2002,"COUNTY_ORIGINAL","秀林鄉",353,0.0290630660299687
2002,"COUNTY_ORIGINAL","竹北市新豐鄉",57,0.00469290301333772
2002,"COUNTY_ORIGINAL","竹南鎮後龍鎮造橋鄉",52,0.00428124485427301
2002,"COUNTY_ORIGINAL","竹東鎮",52,0.00428124485427301
2002,"COUNTY_ORIGINAL","羅東鎮",51,0.00419891322246007
2002,"COUNTY_ORIGINAL","花蓮市",271,0.0223118722213074
2002,"COUNTY_ORIGINAL","苗栗市",53,0.00436357648608595
2002,"COUNTY_ORIGINAL","茂林鄉",46,0.00378725506339536
2002,"COUNTY_ORIGINAL","萬巒鄉",60,0.00493989790877655
2002,"COUNTY_ORIGINAL","萬榮鄉",190,0.0156430100444591
2002,"COUNTY_ORIGINAL","蘆洲市",52,0.00428124485427301
2002,"COUNTY_ORIGINAL","蘆竹鄉",52,0.00428124485427301
2002,"COUNTY_ORIGINAL","蘇澳鎮",52,0.00428124485427301
2002,"COUNTY_ORIGINAL","蘭嶼鄉",83,0.00683352544047423
2002,"COUNTY_ORIGINAL","西屯區",52,0.00428124485427301
2002,"COUNTY_ORIGINAL","觀音鄉",51,0.00419891322246007
2002,"COUNTY_ORIGINAL","豐原市",52,0.00428124485427301
2002,"COUNTY_ORIGINAL","豐濱鄉",131,0.0107854437674955
2002,"COUNTY_ORIGINAL","達仁鄉",124,0.0102091223448049
2002,"COUNTY_ORIGINAL","金峰鄉",82,0.00675119380866129
2002,"COUNTY_ORIGINAL","長濱鄉",153,0.0125967396673802
2002,"COUNTY_ORIGINAL","關山鎮",69,0.00568088259509303
2002,"COUNTY_ORIGINAL","關西鎮",26,0.00214062242713651
2002,"COUNTY_ORIGINAL","阿里山",105,0.00864482134035897
2002,"COUNTY_ORIGINAL","霧台鄉",79,0.00650419891322246
2002,"COUNTY_ORIGINAL","頭份鎮",52,0.00428124485427301
2002,"COUNTY_ORIGINAL","頭城礁溪員山鄉",44,0.00362259179976947
2002,"COUNTY_ORIGINAL","魚池鄉",18,0.00148196937263297
2002,"COUNTY_ORIGINAL","鳳山市",53,0.00436357648608595
2002,"COUNTY_ORIGINAL","鳳林鎮",65,0.00535155606784126
2002,"COUNTY_ORIGINAL","鶯歌鎮",53,0.00436357648608595
2002,"COUNTY_ORIGINAL","鹿野鄉",78,0.00642186728140952
2002,"COUNTY_ORIGINAL","龍井鄉",26,0.00214062242713651
2002,"COUNTY_ORIGINAL","龍潭鄉",55,0.00452823974971184
2002,"COUNTY_ORIGINAL","龜山鄉",52,0.00428124485427301
2002,"EDU","不識字/自修",1098,0.0837336993822924
2002,"EDU","國(初)中",2644,0.201631968275757
2002,"EDU","國小",4619,0.352245862884161
2002,"EDU","專科以上",1234,0.0941050865553268
2002,"EDU","高中職",3518,0.268283382902463
2002,"EXP_ALCOHOL_EXPENDITURE","1,000元至未滿3,000元",3403,0.261688711165795
2002,"EXP_ALCOHOL_EXPENDITURE","1萬元以上（請記錄金額）",96,0.0073823438941864
2002,"EXP_ALCOHOL_EXPENDITURE","3,000元至未滿5,000元",1211,0.0931251922485389
2002,"EXP_ALCOHOL_EXPENDITURE","5,000-6,999 元",404,0.0310673638880345
2002,"EXP_ALCOHOL_EXPENDITURE","7,000-9,999 元",172,0.013226699477084
2002,"EXP_ALCOHOL_EXPENDITURE","未滿1,000元",2550,0.196093509689326
2002,"EXP_ALCOHOL_EXPENDITURE","沒有這項支出",5168,0.397416179637035
2002,"EXP_ALCOHOL_EXPENDITURE_VALUE_SOURCE","missing",109,0.00831236177838786
2002,"EXP_ALCOHOL_EXPENDITURE_VALUE_SOURCE","source_question",13004,0.991687638221612
2002,"EXP_EDU_BOOKS_COMBINED_EXPENDITURE","1千~未滿3千元",1279,0.198540825830487
2002,"EXP_EDU_BOOKS_COMBINED_EXPENDITURE","1萬元以上",233,0.0361688916485563
2002,"EXP_EDU_BOOKS_COMBINED_EXPENDITURE","3千~未滿5千元",641,0.0995032598571872
2002,"EXP_EDU_BOOKS_COMBINED_EXPENDITURE","5千~未滿7千元",351,0.054486184414778
2002,"EXP_EDU_BOOKS_COMBINED_EXPENDITURE","7千~未滿1萬元",278,0.0431542999068612
2002,"EXP_EDU_BOOKS_COMBINED_EXPENDITURE","未滿1千元",1119,0.173703818689848
2002,"EXP_EDU_BOOKS_COMBINED_EXPENDITURE","無此消費",2541,0.394442719652282
2002,"EXP_EDU_BOOKS_COMBINED_EXPENDITURE_VALUE_SOURCE","missing",56,0.00861803631886734
2002,"EXP_EDU_BOOKS_COMBINED_EXPENDITURE_VALUE_SOURCE","source_question",6442,0.991381963681133
2002,"EXP_FOOD_EXPENDITURE","1萬元至未滿2萬元",4269,0.33054587688734
2002,"EXP_FOOD_EXPENDITURE","20,000-29,999 元",3812,0.295160665892373
2002,"EXP_FOOD_EXPENDITURE","3,000-4,999 元",1425,0.110336817653891
2002,"EXP_FOOD_EXPENDITURE","30,000-39,999 元",748,0.0579171506000774
2002,"EXP_FOOD_EXPENDITURE","40,000-49,999 元",153,0.0118466898954704
2002,"EXP_FOOD_EXPENDITURE","5,000元至未滿1萬元",2477,0.191792489353465
2002,"EXP_FOOD_EXPENDITURE","5萬元以上（請記錄金額）",31,0.00240030971738289
2002,"EXP_FOOD_EXPENDITURE_VALUE_SOURCE","missing",198,0.0150995195607412
2002,"EXP_FOOD_EXPENDITURE_VALUE_SOURCE","source_question",12915,0.984900480439259
2002,"EXP_MEDICAL_EXPENDITURE","1,000元至未滿3,000元",4228,0.328413857386982
2002,"EXP_MEDICAL_EXPENDITURE","1萬元以上（請記錄金額）",511,0.0396924032934597
2002,"EXP_MEDICAL_EXPENDITURE","3,000元至未滿5,000元",1805,0.140205064471027
2002,"EXP_MEDICAL_EXPENDITURE","5,000-6,999 元",813,0.0631505359639584
2002,"EXP_MEDICAL_EXPENDITURE","7,000-9,999 元",541,0.0420226813733105
2002,"EXP_MEDICAL_EXPENDITURE","未滿1,000元",3790,0.294391797421159
2002,"EXP_MEDICAL_EXPENDITURE","沒有這項支出",1186,0.0921236600901041
2002,"EXP_MEDICAL_EXPENDITURE_VALUE_SOURCE","missing",239,0.0182261877526119
2002,"EXP_MEDICAL_EXPENDITURE_VALUE_SOURCE","source_question",12874,0.981773812247388
2002,"EXP_TOTAL_REPORTED_EXPENDITURE","2萬元至未滿3萬元",3904,0.298083530579522
2002,"EXP_TOTAL_REPORTED_EXPENDITURE","3萬元至未滿4萬元",2269,0.173245781476674
2002,"EXP_TOTAL_REPORTED_EXPENDITURE","4萬元至未滿5萬元",1198,0.0914713293120562
2002,"EXP_TOTAL_REPORTED_EXPENDITURE","5萬元至未滿6萬元",660,0.0503932198213331
2002,"EXP_TOTAL_REPORTED_EXPENDITURE","6萬元至未滿7萬元",291,0.022218828739406
2002,"EXP_TOTAL_REPORTED_EXPENDITURE","7萬元至未滿8萬元",168,0.0128273650454303
2002,"EXP_TOTAL_REPORTED_EXPENDITURE","8萬元以上（請記錄金額）",168,0.0128273650454303
2002,"EXP_TOTAL_REPORTED_EXPENDITURE","未滿2萬元",4439,0.338932579980148
2002,"EXP_TOTAL_REPORTED_EXPENDITURE_VALUE_SOURCE","missing",16,0.00122016319682758
2002,"EXP_TOTAL_REPORTED_EXPENDITURE_VALUE_SOURCE","source_question",13097,0.998779836803172
2002,"EXP_TRANSPORT_COMM_EXPENDITURE","1,000元至未滿3,000元",4478,0.344886013555145
2002,"EXP_TRANSPORT_COMM_EXPENDITURE","1萬元以上（請記錄金額）",579,0.0445933456561922
2002,"EXP_TRANSPORT_COMM_EXPENDITURE","3,000元至未滿5,000元",3186,0.245378927911275
2002,"EXP_TRANSPORT_COMM_EXPENDITURE","5,000-6,999 元",1665,0.128234750462107
2002,"EXP_TRANSPORT_COMM_EXPENDITURE","7,000-9,999 元",992,0.0764017252002465
2002,"EXP_TRANSPORT_COMM_EXPENDITURE","999 元及以下",2038,0.156962415280345
2002,"EXP_TRANSPORT_COMM_EXPENDITURE","沒有這項支出",46,0.00354282193468885
2002,"EXP_TRANSPORT_COMM_EXPENDITURE_VALUE_SOURCE","missing",129,0.00983756577442233
2002,"EXP_TRANSPORT_COMM_EXPENDITURE_VALUE_SOURCE","source_question",12984,0.990162434225578
2002,"EXP_TRAVEL_EXPENDITURE","1千~未滿3千元",829,0.128090234857849
2002,"EXP_TRAVEL_EXPENDITURE","1萬元以上",44,0.00679851668726823
2002,"EXP_TRAVEL_EXPENDITURE","3千~未滿5千元",365,0.0563967861557478
2002,"EXP_TRAVEL_EXPENDITURE","5千~未滿7千元",119,0.0183868974042027
2002,"EXP_TRAVEL_EXPENDITURE","7千~未滿1萬元",62,0.00957972805933251
2002,"EXP_TRAVEL_EXPENDITURE","未滿1千元",837,0.129326328800989
2002,"EXP_TRAVEL_EXPENDITURE","無此消費",4216,0.651421508034611
2002,"EXP_TRAVEL_EXPENDITURE_VALUE_SOURCE","missing",26,0.00400123114804555
2002,"EXP_TRAVEL_EXPENDITURE_VALUE_SOURCE","source_question",6472,0.995998768851954
2002,"GEOGRAPHY_KEY","南投縣::仁愛鄉",337,0.0256996873331808
2002,"GEOGRAPHY_KEY","南投縣::信義鄉",231,0.0176161061541981
2002,"GEOGRAPHY_KEY","南投縣::南投市",52,0.00396553038968962
2002,"GEOGRAPHY_KEY","南投縣::埔里鎮",55,0.00419431098909479
2002,"GEOGRAPHY_KEY","南投縣::水里鄉草屯鎮",52,0.00396553038968962
2002,"GEOGRAPHY_KEY","南投縣::魚池鄉",18,0.00137268359643102
2002,"GEOGRAPHY_KEY","嘉義市::",52,0.00396553038968962
2002,"GEOGRAPHY_KEY","嘉義縣::阿里山",105,0.00800732097918097
2002,"GEOGRAPHY_KEY","基隆市::",52,0.00396553038968962
2002,"GEOGRAPHY_KEY","宜蘭縣::五結冬山鄉",53,0.00404179058949134
2002,"GEOGRAPHY_KEY","宜蘭縣::南澳鄉",138,0.0105239075726378
2002,"GEOGRAPHY_KEY","宜蘭縣::大同鄉",126,0.00960878517501716
2002,"GEOGRAPHY_KEY","宜蘭縣::宜蘭市",53,0.00404179058949134
2002,"GEOGRAPHY_KEY","宜蘭縣::羅東鎮",51,0.0038892701898879
2002,"GEOGRAPHY_KEY","宜蘭縣::蘇澳鎮",52,0.00396553038968962
2002,"GEOGRAPHY_KEY","宜蘭縣::頭城礁溪員山鄉",44,0.00335544879127583
2002,"GEOGRAPHY_KEY","屏東縣::三地門",181,0.013803096164112
2002,"GEOGRAPHY_KEY","屏東縣::來義鄉",190,0.0144894379623275
2002,"GEOGRAPHY_KEY","屏東縣::內埔鄉",52,0.00396553038968962
2002,"GEOGRAPHY_KEY","屏東縣::屏東市",65,0.00495691298711203
2002,"GEOGRAPHY_KEY","屏東縣::恆春鎮",59,0.00449935178830169
2002,"GEOGRAPHY_KEY","屏東縣::春日鄉",113,0.00861740257759475
2002,"GEOGRAPHY_KEY","屏東縣::枋寮鄉",54,0.00411805078929307
2002,"GEOGRAPHY_KEY","屏東縣::泰武鄉",91,0.00693967818195684
2002,"GEOGRAPHY_KEY","屏東縣::滿州鄉",70,0.00533821398612064
2002,"GEOGRAPHY_KEY","屏東縣::潮州鎮",52,0.00396553038968962
2002,"GEOGRAPHY_KEY","屏東縣::牡丹鄉",155,0.0118203309692671
2002,"GEOGRAPHY_KEY","屏東縣::獅子鄉",128,0.00976130557462061
2002,"GEOGRAPHY_KEY","屏東縣::瑪家鄉",164,0.0125066727674827
2002,"GEOGRAPHY_KEY","屏東縣::萬巒鄉",60,0.00457561198810341
2002,"GEOGRAPHY_KEY","屏東縣::霧臺鄉",79,0.00602455578433616
2002,"GEOGRAPHY_KEY","彰化縣::彰化市",52,0.00396553038968962
2002,"GEOGRAPHY_KEY","新北市::三峽鎮",52,0.00396553038968962
2002,"GEOGRAPHY_KEY","新北市::三重市",52,0.00396553038968962
2002,"GEOGRAPHY_KEY","新北市::中和市",55,0.00419431098909479
2002,"GEOGRAPHY_KEY","新北市::五股鄉",50,0.00381300999008617
2002,"GEOGRAPHY_KEY","新北市::八里鄉三芝鄉",52,0.00396553038968962
2002,"GEOGRAPHY_KEY","新北市::土城市",53,0.00404179058949134
2002,"GEOGRAPHY_KEY","新北市::新店市",52,0.00396553038968962
2002,"GEOGRAPHY_KEY","新北市::新莊市",54,0.00411805078929307
2002,"GEOGRAPHY_KEY","新北市::板橋市",52,0.00396553038968962
2002,"GEOGRAPHY_KEY","新北市::林口鄉",52,0.00396553038968962
2002,"GEOGRAPHY_KEY","新北市::樹林市",52,0.00396553038968962
2002,"GEOGRAPHY_KEY","新北市::永和市",43,0.00327918859147411
2002,"GEOGRAPHY_KEY","新北市::汐止市",52,0.00396553038968962
2002,"GEOGRAPHY_KEY","新北市::泰山鄉",52,0.00396553038968962
2002,"GEOGRAPHY_KEY","新北市::淡水鎮",52,0.00396553038968962
2002,"GEOGRAPHY_KEY","新北市::烏來鄉",60,0.00457561198810341
2002,"GEOGRAPHY_KEY","新北市::瑞芳鎮",52,0.00396553038968962
2002,"GEOGRAPHY_KEY","新北市::蘆洲市",52,0.00396553038968962
2002,"GEOGRAPHY_KEY","新北市::鶯歌鎮",53,0.00404179058949134
2002,"GEOGRAPHY_KEY","新竹市::",53,0.00404179058949134
2002,"GEOGRAPHY_KEY","新竹縣::五峰鄉",138,0.0105239075726378
2002,"GEOGRAPHY_KEY","新竹縣::尖石鄉",194,0.0147944787615344
2002,"GEOGRAPHY_KEY","新竹縣::新埔鎮芎林鄉橫山鄉",52,0.00396553038968962
2002,"GEOGRAPHY_KEY","新竹縣::湖口鄉",49,0.00373674979028445
2002,"GEOGRAPHY_KEY","新竹縣::竹北市新豐鄉",57,0.00434683138869824
2002,"GEOGRAPHY_KEY","新竹縣::竹東鎮",52,0.00396553038968962
2002,"GEOGRAPHY_KEY","新竹縣::關西鎮",26,0.00198276519484481
2002,"GEOGRAPHY_KEY","桃園市::中壢市",55,0.00419431098909479
2002,"GEOGRAPHY_KEY","桃園市::八德市",52,0.00396553038968962
2002,"GEOGRAPHY_KEY","桃園市::大園鄉",53,0.00404179058949134
2002,"GEOGRAPHY_KEY","桃園市::大溪鎮",57,0.00434683138869824
2002,"GEOGRAPHY_KEY","桃園市::平鎮市",52,0.00396553038968962
2002,"GEOGRAPHY_KEY","桃園市::復興鄉",265,0.0202089529474567
2002,"GEOGRAPHY_KEY","桃園市::桃園市",53,0.00404179058949134
2002,"GEOGRAPHY_KEY","桃園市::楊梅鎮",53,0.00404179058949134
2002,"GEOGRAPHY_KEY","桃園市::蘆竹鄉",52,0.00396553038968962
2002,"GEOGRAPHY_KEY","桃園市::觀音鄉",51,0.0038892701898879
2002,"GEOGRAPHY_KEY","桃園市::龍潭鄉",55,0.00419431098909479
2002,"GEOGRAPHY_KEY","桃園市::龜山鄉",52,0.00396553038968962
2002,"GEOGRAPHY_KEY","臺中市::北區",46,0.00350796919087928
2002,"GEOGRAPHY_KEY","臺中市::北屯區",46,0.00350796919087928
2002,"GEOGRAPHY_KEY","臺中市::南區東區",53,0.00404179058949134
2002,"GEOGRAPHY_KEY","臺中市::南屯區",55,0.00419431098909479
2002,"GEOGRAPHY_KEY","臺中市::后里鄉外埔鄉",52,0.00396553038968962
2002,"GEOGRAPHY_KEY","臺中市::和平鄉",146,0.0111339891710516
2002,"GEOGRAPHY_KEY","臺中市::大肚鄉",62,0.00472813238770686
2002,"GEOGRAPHY_KEY","臺中市::大里市",67,0.00510943338671547
2002,"GEOGRAPHY_KEY","臺中市::大雅鄉",59,0.00449935178830169
2002,"GEOGRAPHY_KEY","臺中市::太平市",52,0.00396553038968962
2002,"GEOGRAPHY_KEY","臺中市::東勢鎮",54,0.00411805078929307
2002,"GEOGRAPHY_KEY","臺中市::梧棲鎮",63,0.00480439258750858
2002,"GEOGRAPHY_KEY","臺中市::清水鎮沙鹿鎮",53,0.00404179058949134
2002,"GEOGRAPHY_KEY","臺中市::潭子鄉",51,0.0038892701898879
2002,"GEOGRAPHY_KEY","臺中市::烏日鄉霧峰鄉",40,0.00305040799206894
2002,"GEOGRAPHY_KEY","臺中市::神岡鄉",51,0.0038892701898879
2002,"GEOGRAPHY_KEY","臺中市::西屯區",52,0.00396553038968962
2002,"GEOGRAPHY_KEY","臺中市::豐原市",52,0.00396553038968962
2002,"GEOGRAPHY_KEY","臺中市::龍井鄉",26,0.00198276519484481
2002,"GEOGRAPHY_KEY","臺北市::",419,0.0319530237169221
2002,"GEOGRAPHY_KEY","臺南市::",53,0.00404179058949134
2002,"GEOGRAPHY_KEY","臺南市::永康市",59,0.00449935178830169
2002,"GEOGRAPHY_KEY","臺東縣::卑南鄉",185,0.0141081369633188
2002,"GEOGRAPHY_KEY","臺東縣::大武鄉",115,0.0087699229771982
2002,"GEOGRAPHY_KEY","臺東縣::太麻里",174,0.0132692747654999
2002,"GEOGRAPHY_KEY","臺東縣::延平鄉",84,0.00640585678334477
2002,"GEOGRAPHY_KEY","臺東縣::成功鎮",272,0.0207427743460688
2002,"GEOGRAPHY_KEY","臺東縣::東河鄉",162,0.0123541523678792
2002,"GEOGRAPHY_KEY","臺東縣::池上鄉",67,0.00510943338671547
2002,"GEOGRAPHY_KEY","臺東縣::海端鄉",97,0.00739723938076718
2002,"GEOGRAPHY_KEY","臺東縣::臺東市",542,0.0413330282925341
2002,"GEOGRAPHY_KEY","臺東縣::蘭嶼鄉",83,0.00632959658354305
2002,"GEOGRAPHY_KEY","臺東縣::達仁鄉",124,0.00945626477541371
2002,"GEOGRAPHY_KEY","臺東縣::金峰鄉",82,0.00625333638374133
2002,"GEOGRAPHY_KEY","臺東縣::長濱鄉",153,0.0116678105696637
2002,"GEOGRAPHY_KEY","臺東縣::關山鎮",69,0.00526195378631892
2002,"GEOGRAPHY_KEY","臺東縣::鹿野鄉",78,0.00594829558453443
2002,"GEOGRAPHY_KEY","花蓮縣::光復鄉",213,0.0162434225577671
2002,"GEOGRAPHY_KEY","花蓮縣::卓溪鄉",140,0.0106764279722413
2002,"GEOGRAPHY_KEY","花蓮縣::吉安鄉",380,0.0289788759246549
2002,"GEOGRAPHY_KEY","花蓮縣::壽豐鄉",179,0.0136505757645085
2002,"GEOGRAPHY_KEY","花蓮縣::富里鄉",54,0.00411805078929307
2002,"GEOGRAPHY_KEY","花蓮縣::新城鄉",149,0.0113627697704568
2002,"GEOGRAPHY_KEY","花蓮縣::玉里鎮",237,0.0180736673530085
2002,"GEOGRAPHY_KEY","花蓮縣::瑞穗鄉",145,0.0110577289712499
2002,"GEOGRAPHY_KEY","花蓮縣::秀林鄉",353,0.0269198505300084
2002,"GEOGRAPHY_KEY","花蓮縣::花蓮市",271,0.0206665141462671
2002,"GEOGRAPHY_KEY","花蓮縣::萬榮鄉",190,0.0144894379623275
2002,"GEOGRAPHY_KEY","花蓮縣::豐濱鄉",131,0.00999008617402578
2002,"GEOGRAPHY_KEY","花蓮縣::鳳林鎮",65,0.00495691298711203
2002,"GEOGRAPHY_KEY","苗栗縣::南庄鄉",63,0.00480439258750858
2002,"GEOGRAPHY_KEY","苗栗縣::泰安鄉",112,0.00854114237779303
2002,"GEOGRAPHY_KEY","苗栗縣::獅潭鄉",5,0.000381300999008617
2002,"GEOGRAPHY_KEY","苗栗縣::竹南鎮後龍鎮造橋鄉",52,0.00396553038968962
2002,"GEOGRAPHY_KEY","苗栗縣::苗栗市",53,0.00404179058949134
2002,"GEOGRAPHY_KEY","苗栗縣::頭份鎮",52,0.00396553038968962
2002,"GEOGRAPHY_KEY","連江縣::",9,0.000686341798215511
2002,"GEOGRAPHY_KEY","金門縣::",27,0.00205902539464653
2002,"GEOGRAPHY_KEY","高雄市::",302,0.0230305803401205
2002,"GEOGRAPHY_KEY","高雄市::六龜鄉美濃鎮",57,0.00434683138869824
2002,"GEOGRAPHY_KEY","高雄市::大寮鄉",56,0.00427057118889651
2002,"GEOGRAPHY_KEY","高雄市::大樹鄉仁武鄉",53,0.00404179058949134
2002,"GEOGRAPHY_KEY","高雄市::岡山鎮",54,0.00411805078929307
2002,"GEOGRAPHY_KEY","高雄市::林園鄉鳥松鄉",47,0.003584229390681
2002,"GEOGRAPHY_KEY","高雄市::桃源鄉",101,0.00770228017997407
2002,"GEOGRAPHY_KEY","高雄市::茂林鄉",46,0.00350796919087928
2002,"GEOGRAPHY_KEY","高雄市::那瑪夏區",67,0.00510943338671547
2002,"GEOGRAPHY_KEY","高雄市::鳳山市",53,0.00404179058949134
2002,"GEOGRAPHY_LEVEL","township",13113,1
2002,"HOUSE_BELONG","借用",354,0.0270167137296802
2002,"HOUSE_BELONG","租賃",2072,0.158131725559032
2002,"HOUSE_BELONG","自有/家人所有/自建",10456,0.797985194230329
2002,"HOUSE_BELONG","配住",221,0.0168663664809586
2002,"INC_FAM_ANALYSIS_ELIGIBILITY_REASON","該年度無I1跳答排除規則",13113,1
2002,"INC_FAM_ANALYSIS_ELIGIBLE","TRUE",13113,1
2002,"INC_FAM_GOV_INCOME","10,000-14,999 元",166,0.0126591931670861
2002,"INC_FAM_GOV_INCOME","15,000-19,999 元",61,0.00465187218790513
2002,"INC_FAM_GOV_INCOME","2,000元至未滿4,000元",2701,0.205978799664455
2002,"INC_FAM_GOV_INCOME","20,000-29,999 元",33,0.00251658659345687
2002,"INC_FAM_GOV_INCOME","30,000 元及以上，請記錄________元",11,0.000838862197818958
2002,"INC_FAM_GOV_INCOME","4,000元至未滿6,000元",643,0.0490353084725082
2002,"INC_FAM_GOV_INCOME","6,000元至未滿1萬元",1115,0.0850301227789217
2002,"INC_FAM_GOV_INCOME","未滿2,000元",8383,0.639289254937848
2002,"INC_FAM_GOV_INCOME_VALUE_SOURCE","source_question",13113,1
2002,"INC_FAM_OTHER_INCOME","1萬~未滿2萬元",798,0.0608556394417753
2002,"INC_FAM_OTHER_INCOME","5千~未滿1萬元",838,0.0639060474338443
2002,"INC_FAM_OTHER_INCOME","5萬~未滿6萬元",357,0.0272248913292153
2002,"INC_FAM_OTHER_INCOME","6萬元以上",261,0.0199039121482498
2002,"INC_FAM_OTHER_INCOME","未滿5千元",915,0.069778082818577
2002,"INC_FAM_OTHER_INCOME","無此收入",9944,0.758331426828338
2002,"INC_FAM_OTHER_INCOME_VALUE_SOURCE","source_question",13113,1
2002,"INC_FAM_TOTAL_INCOME","10萬元至未滿12萬元",249,0.0189887897506291
2002,"INC_FAM_TOTAL_INCOME","12萬元至未滿15萬元",128,0.00976130557462061
2002,"INC_FAM_TOTAL_INCOME","15萬元以上（請記錄金額）",109,0.00831236177838786
2002,"INC_FAM_TOTAL_INCOME","2萬元至未滿4萬元",4499,0.343094638907954
2002,"INC_FAM_TOTAL_INCOME","4萬元至未滿6萬元",2538,0.193548387096774
2002,"INC_FAM_TOTAL_INCOME","6萬元至未滿8萬元",1036,0.0790055669945855
2002,"INC_FAM_TOTAL_INCOME","8萬元至未滿10萬元",453,0.0345458705101807
2002,"INC_FAM_TOTAL_INCOME","未滿2萬元",4101,0.312743079386868
2002,"INC_FAM_TOTAL_INCOME_VALUE_SOURCE","source_question",13113,1
2002,"INC_FAM_WORK_INCOME","100,000-129,999元",209,0.0159383817585602
2002,"INC_FAM_WORK_INCOME","12萬元至未滿15萬元",102,0.00777854037977579
2002,"INC_FAM_WORK_INCOME","15萬元以上（請記錄金額）",84,0.00640585678334477
2002,"INC_FAM_WORK_INCOME","2萬元至未滿4萬元",4303,0.328147639746816
2002,"INC_FAM_WORK_INCOME","4萬元至未滿6萬元",2338,0.17829634713643
2002,"INC_FAM_WORK_INCOME","6萬元至未滿8萬元",894,0.0681766186227408
2002,"INC_FAM_WORK_INCOME","8萬元至未滿10萬元",390,0.0297414779226722
2002,"INC_FAM_WORK_INCOME","未滿2萬元",4793,0.365515137649661
2002,"INC_FAM_WORK_INCOME_VALUE_SOURCE","source_question",13113,1
2002,"MALE","男性",7901,0.602531838633417
2002,"MALE","非男性",5212,0.397468161366583
2002,"RACE","卑南族",401,0.0305803401204911
2002,"RACE","噶瑪蘭族",5,0.000381300999008617
2002,"RACE","布農族",1336,0.101883626935103
2002,"RACE","排灣族",2511,0.191489361702128
2002,"RACE","泰雅族",3069,0.234042553191489
2002,"RACE","賽夏族",185,0.0141081369633188
2002,"RACE","邵族",28,0.00213528559444826
2002,"RACE","鄒族",187,0.0142606573629223
2002,"RACE","阿美族",4931,0.376039045222298
2002,"RACE","雅美族/達悟族",124,0.00945626477541371
2002,"RACE","魯凱族",336,0.0256234271333791
2002,"RENT","1,000-2,999元",149,0.0649803750545137
2002,"RENT","10,000-19,999元",489,0.21325774095072
2002,"RENT","20,000元以上",43,0.0187527256868731
2002,"RENT","3,000-4,999元",355,0.154819014391627
2002,"RENT","5,000-6,999元",484,0.211077191452246
2002,"RENT","7,000-9,999元",497,0.216746620148277
2002,"RENT","不需要支付租金",126,0.0549498473615351
2002,"RENT","拒答",43,0.0187527256868731
2002,"RENT","未滿1,000元",107,0.0466637592673354
2002,"RESPONDENT_UNIT","economic_household_head",13113,1
2002,"RESPONDENT_UNIT_SOURCE","91年問卷首頁：訪問對象為經濟戶長",13113,1
2002,"SURVEY_TAG","91_1",6615,0.504461221688401
2002,"SURVEY_TAG","91_2",6498,0.495538778311599
2002,"TOWNSHIP_HARMONIZED","三地門",181,0.0149020253581426
2002,"TOWNSHIP_HARMONIZED","三峽鎮",52,0.00428124485427301
2002,"TOWNSHIP_HARMONIZED","三重市",52,0.00428124485427301
2002,"TOWNSHIP_HARMONIZED","中和市",55,0.00452823974971184
2002,"TOWNSHIP_HARMONIZED","中壢市",55,0.00452823974971184
2002,"TOWNSHIP_HARMONIZED","五峰鄉",138,0.0113617651901861
2002,"TOWNSHIP_HARMONIZED","五結冬山鄉",53,0.00436357648608595
2002,"TOWNSHIP_HARMONIZED","五股鄉",50,0.00411658159064713
2002,"TOWNSHIP_HARMONIZED","仁愛鄉",337,0.0277457599209616
2002,"TOWNSHIP_HARMONIZED","來義鄉",190,0.0156430100444591
2002,"TOWNSHIP_HARMONIZED","信義鄉",231,0.0190186069487897
2002,"TOWNSHIP_HARMONIZED","光復鄉",213,0.0175366375761568
2002,"TOWNSHIP_HARMONIZED","內埔鄉",52,0.00428124485427301
2002,"TOWNSHIP_HARMONIZED","八德市",52,0.00428124485427301
2002,"TOWNSHIP_HARMONIZED","八里鄉三芝鄉",52,0.00428124485427301
2002,"TOWNSHIP_HARMONIZED","六龜鄉美濃鎮",57,0.00469290301333772
2002,"TOWNSHIP_HARMONIZED","北區",46,0.00378725506339536
2002,"TOWNSHIP_HARMONIZED","北屯區",46,0.00378725506339536
2002,"TOWNSHIP_HARMONIZED","卑南鄉",185,0.0152313518853944
2002,"TOWNSHIP_HARMONIZED","卓溪鄉",140,0.011526428453812
2002,"TOWNSHIP_HARMONIZED","南區東區",53,0.00436357648608595
2002,"TOWNSHIP_HARMONIZED","南屯區",55,0.00452823974971184
2002,"TOWNSHIP_HARMONIZED","南庄鄉",63,0.00518689280421538
2002,"TOWNSHIP_HARMONIZED","南投市",52,0.00428124485427301
2002,"TOWNSHIP_HARMONIZED","南澳鄉",138,0.0113617651901861
2002,"TOWNSHIP_HARMONIZED","吉安鄉",380,0.0312860200889182
2002,"TOWNSHIP_HARMONIZED","后里鄉外埔鄉",52,0.00428124485427301
2002,"TOWNSHIP_HARMONIZED","和平鄉",146,0.0120204182446896
2002,"TOWNSHIP_HARMONIZED","土城市",53,0.00436357648608595
2002,"TOWNSHIP_HARMONIZED","埔里鎮",55,0.00452823974971184
2002,"TOWNSHIP_HARMONIZED","壽豐鄉",179,0.0147373620945167
2002,"TOWNSHIP_HARMONIZED","大同鄉",126,0.0103737856084308
2002,"TOWNSHIP_HARMONIZED","大園鄉",53,0.00436357648608595
2002,"TOWNSHIP_HARMONIZED","大寮鄉",56,0.00461057138152478
2002,"TOWNSHIP_HARMONIZED","大樹鄉仁武鄉",53,0.00436357648608595
2002,"TOWNSHIP_HARMONIZED","大武鄉",115,0.00946813765848839
2002,"TOWNSHIP_HARMONIZED","大溪鎮",57,0.00469290301333772
2002,"TOWNSHIP_HARMONIZED","大肚鄉",62,0.00510456117240244
2002,"TOWNSHIP_HARMONIZED","大里市",67,0.00551621933146715
2002,"TOWNSHIP_HARMONIZED","大雅鄉",59,0.00485756627696361
2002,"TOWNSHIP_HARMONIZED","太平市",52,0.00428124485427301
2002,"TOWNSHIP_HARMONIZED","太麻里",174,0.014325703935452
2002,"TOWNSHIP_HARMONIZED","宜蘭市",53,0.00436357648608595
2002,"TOWNSHIP_HARMONIZED","富里鄉",54,0.0044459081178989
2002,"TOWNSHIP_HARMONIZED","尖石鄉",194,0.0159723365717109
2002,"TOWNSHIP_HARMONIZED","屏東市",65,0.00535155606784126
2002,"TOWNSHIP_HARMONIZED","岡山鎮",54,0.0044459081178989
2002,"TOWNSHIP_HARMONIZED","平鎮市",52,0.00428124485427301
2002,"TOWNSHIP_HARMONIZED","延平鄉",84,0.00691585707228717
2002,"TOWNSHIP_HARMONIZED","彰化市",52,0.00428124485427301
2002,"TOWNSHIP_HARMONIZED","復興鄉",265,0.0218178824304298
2002,"TOWNSHIP_HARMONIZED","恆春鎮",59,0.00485756627696361
2002,"TOWNSHIP_HARMONIZED","成功鎮",272,0.0223942038531204
2002,"TOWNSHIP_HARMONIZED","新城鄉",149,0.0122674131401284
2002,"TOWNSHIP_HARMONIZED","新埔鎮芎林鄉橫山鄉",52,0.00428124485427301
2002,"TOWNSHIP_HARMONIZED","新店市",52,0.00428124485427301
2002,"TOWNSHIP_HARMONIZED","新莊市",54,0.0044459081178989
2002,"TOWNSHIP_HARMONIZED","春日鄉",113,0.00930347439486251
2002,"TOWNSHIP_HARMONIZED","東勢鎮",54,0.0044459081178989
2002,"TOWNSHIP_HARMONIZED","東河鄉",162,0.0133377243536967
2002,"TOWNSHIP_HARMONIZED","板橋市",52,0.00428124485427301
2002,"TOWNSHIP_HARMONIZED","枋寮鄉",54,0.0044459081178989
2002,"TOWNSHIP_HARMONIZED","林口鄉",52,0.00428124485427301
2002,"TOWNSHIP_HARMONIZED","林園鄉鳥松鄉",47,0.0038695866952083
2002,"TOWNSHIP_HARMONIZED","桃園市",53,0.00436357648608595
2002,"TOWNSHIP_HARMONIZED","桃源鄉",101,0.0083154948131072
2002,"TOWNSHIP_HARMONIZED","梧棲鎮",63,0.00518689280421538
2002,"TOWNSHIP_HARMONIZED","楊梅鎮",53,0.00436357648608595
2002,"TOWNSHIP_HARMONIZED","樹林市",52,0.00428124485427301
2002,"TOWNSHIP_HARMONIZED","水里鄉草屯鎮",52,0.00428124485427301
2002,"TOWNSHIP_HARMONIZED","永和市",43,0.00354026016795653
2002,"TOWNSHIP_HARMONIZED","永康市",59,0.00485756627696361
2002,"TOWNSHIP_HARMONIZED","汐止市",52,0.00428124485427301
2002,"TOWNSHIP_HARMONIZED","池上鄉",67,0.00551621933146715
2002,"TOWNSHIP_HARMONIZED","泰安鄉",112,0.00922114276304956
2002,"TOWNSHIP_HARMONIZED","泰山鄉",52,0.00428124485427301
2002,"TOWNSHIP_HARMONIZED","泰武鄉",91,0.00749217849497777
2002,"TOWNSHIP_HARMONIZED","海端鄉",97,0.00798616828585543
2002,"TOWNSHIP_HARMONIZED","淡水鎮",52,0.00428124485427301
2002,"TOWNSHIP_HARMONIZED","清水鎮沙鹿鎮",53,0.00436357648608595
2002,"TOWNSHIP_HARMONIZED","湖口鄉",49,0.00403424995883418
2002,"TOWNSHIP_HARMONIZED","滿州鄉",70,0.00576321422690598
2002,"TOWNSHIP_HARMONIZED","潭子鄉",51,0.00419891322246007
2002,"TOWNSHIP_HARMONIZED","潮州鎮",52,0.00428124485427301
2002,"TOWNSHIP_HARMONIZED","烏來鄉",60,0.00493989790877655
2002,"TOWNSHIP_HARMONIZED","烏日鄉霧峰鄉",40,0.0032932652725177
2002,"TOWNSHIP_HARMONIZED","牡丹鄉",155,0.0127614029310061
2002,"TOWNSHIP_HARMONIZED","獅子鄉",128,0.0105384488720566
2002,"TOWNSHIP_HARMONIZED","獅潭鄉",5,0.000411658159064713
2002,"TOWNSHIP_HARMONIZED","玉里鎮",237,0.0195125967396674
2002,"TOWNSHIP_HARMONIZED","瑞穗鄉",145,0.0119380866128767
2002,"TOWNSHIP_HARMONIZED","瑞芳鎮",52,0.00428124485427301
2002,"TOWNSHIP_HARMONIZED","瑪家鄉",164,0.0135023876173226
2002,"TOWNSHIP_HARMONIZED","神岡鄉",51,0.00419891322246007
2002,"TOWNSHIP_HARMONIZED","秀林鄉",353,0.0290630660299687
2002,"TOWNSHIP_HARMONIZED","竹北市新豐鄉",57,0.00469290301333772
2002,"TOWNSHIP_HARMONIZED","竹南鎮後龍鎮造橋鄉",52,0.00428124485427301
2002,"TOWNSHIP_HARMONIZED","竹東鎮",52,0.00428124485427301
2002,"TOWNSHIP_HARMONIZED","羅東鎮",51,0.00419891322246007
2002,"TOWNSHIP_HARMONIZED","臺東市",542,0.0446237444426149
2002,"TOWNSHIP_HARMONIZED","花蓮市",271,0.0223118722213074
2002,"TOWNSHIP_HARMONIZED","苗栗市",53,0.00436357648608595
2002,"TOWNSHIP_HARMONIZED","茂林鄉",46,0.00378725506339536
2002,"TOWNSHIP_HARMONIZED","萬巒鄉",60,0.00493989790877655
2002,"TOWNSHIP_HARMONIZED","萬榮鄉",190,0.0156430100444591
2002,"TOWNSHIP_HARMONIZED","蘆洲市",52,0.00428124485427301
2002,"TOWNSHIP_HARMONIZED","蘆竹鄉",52,0.00428124485427301
2002,"TOWNSHIP_HARMONIZED","蘇澳鎮",52,0.00428124485427301
2002,"TOWNSHIP_HARMONIZED","蘭嶼鄉",83,0.00683352544047423
2002,"TOWNSHIP_HARMONIZED","西屯區",52,0.00428124485427301
2002,"TOWNSHIP_HARMONIZED","觀音鄉",51,0.00419891322246007
2002,"TOWNSHIP_HARMONIZED","豐原市",52,0.00428124485427301
2002,"TOWNSHIP_HARMONIZED","豐濱鄉",131,0.0107854437674955
2002,"TOWNSHIP_HARMONIZED","達仁鄉",124,0.0102091223448049
2002,"TOWNSHIP_HARMONIZED","那瑪夏區",67,0.00551621933146715
2002,"TOWNSHIP_HARMONIZED","金峰鄉",82,0.00675119380866129
2002,"TOWNSHIP_HARMONIZED","長濱鄉",153,0.0125967396673802
2002,"TOWNSHIP_HARMONIZED","關山鎮",69,0.00568088259509303
2002,"TOWNSHIP_HARMONIZED","關西鎮",26,0.00214062242713651
2002,"TOWNSHIP_HARMONIZED","阿里山",105,0.00864482134035897
2002,"TOWNSHIP_HARMONIZED","霧臺鄉",79,0.00650419891322246
2002,"TOWNSHIP_HARMONIZED","頭份鎮",52,0.00428124485427301
2002,"TOWNSHIP_HARMONIZED","頭城礁溪員山鄉",44,0.00362259179976947
2002,"TOWNSHIP_HARMONIZED","魚池鄉",18,0.00148196937263297
2002,"TOWNSHIP_HARMONIZED","鳳山市",53,0.00436357648608595
2002,"TOWNSHIP_HARMONIZED","鳳林鎮",65,0.00535155606784126
2002,"TOWNSHIP_HARMONIZED","鶯歌鎮",53,0.00436357648608595
2002,"TOWNSHIP_HARMONIZED","鹿野鄉",78,0.00642186728140952
2002,"TOWNSHIP_HARMONIZED","龍井鄉",26,0.00214062242713651
2002,"TOWNSHIP_HARMONIZED","龍潭鄉",55,0.00452823974971184
2002,"TOWNSHIP_HARMONIZED","龜山鄉",52,0.00428124485427301
2002,"TOWNSHIP_YEAR_SPECIFIC","三地門",181,0.0149020253581426
2002,"TOWNSHIP_YEAR_SPECIFIC","三峽鎮",52,0.00428124485427301
2002,"TOWNSHIP_YEAR_SPECIFIC","三民鄉",67,0.00551621933146715
2002,"TOWNSHIP_YEAR_SPECIFIC","三重市",52,0.00428124485427301
2002,"TOWNSHIP_YEAR_SPECIFIC","中和市",55,0.00452823974971184
2002,"TOWNSHIP_YEAR_SPECIFIC","中壢市",55,0.00452823974971184
2002,"TOWNSHIP_YEAR_SPECIFIC","五峰鄉",138,0.0113617651901861
2002,"TOWNSHIP_YEAR_SPECIFIC","五結冬山鄉",53,0.00436357648608595
2002,"TOWNSHIP_YEAR_SPECIFIC","五股鄉",50,0.00411658159064713
2002,"TOWNSHIP_YEAR_SPECIFIC","仁愛鄉",337,0.0277457599209616
2002,"TOWNSHIP_YEAR_SPECIFIC","來義鄉",190,0.0156430100444591
2002,"TOWNSHIP_YEAR_SPECIFIC","信義鄉",231,0.0190186069487897
2002,"TOWNSHIP_YEAR_SPECIFIC","光復鄉",213,0.0175366375761568
2002,"TOWNSHIP_YEAR_SPECIFIC","內埔鄉",52,0.00428124485427301
2002,"TOWNSHIP_YEAR_SPECIFIC","八德市",52,0.00428124485427301
2002,"TOWNSHIP_YEAR_SPECIFIC","八里鄉三芝鄉",52,0.00428124485427301
2002,"TOWNSHIP_YEAR_SPECIFIC","六龜鄉美濃鎮",57,0.00469290301333772
2002,"TOWNSHIP_YEAR_SPECIFIC","北區",46,0.00378725506339536
2002,"TOWNSHIP_YEAR_SPECIFIC","北屯區",46,0.00378725506339536
2002,"TOWNSHIP_YEAR_SPECIFIC","卑南鄉",185,0.0152313518853944
2002,"TOWNSHIP_YEAR_SPECIFIC","卓溪鄉",140,0.011526428453812
2002,"TOWNSHIP_YEAR_SPECIFIC","南區東區",53,0.00436357648608595
2002,"TOWNSHIP_YEAR_SPECIFIC","南屯區",55,0.00452823974971184
2002,"TOWNSHIP_YEAR_SPECIFIC","南庄鄉",63,0.00518689280421538
2002,"TOWNSHIP_YEAR_SPECIFIC","南投市",52,0.00428124485427301
2002,"TOWNSHIP_YEAR_SPECIFIC","南澳鄉",138,0.0113617651901861
2002,"TOWNSHIP_YEAR_SPECIFIC","吉安鄉",380,0.0312860200889182
2002,"TOWNSHIP_YEAR_SPECIFIC","后里鄉外埔鄉",52,0.00428124485427301
2002,"TOWNSHIP_YEAR_SPECIFIC","和平鄉",146,0.0120204182446896
2002,"TOWNSHIP_YEAR_SPECIFIC","土城市",53,0.00436357648608595
2002,"TOWNSHIP_YEAR_SPECIFIC","埔里鎮",55,0.00452823974971184
2002,"TOWNSHIP_YEAR_SPECIFIC","壽豐鄉",179,0.0147373620945167
2002,"TOWNSHIP_YEAR_SPECIFIC","大同鄉",126,0.0103737856084308
2002,"TOWNSHIP_YEAR_SPECIFIC","大園鄉",53,0.00436357648608595
2002,"TOWNSHIP_YEAR_SPECIFIC","大寮鄉",56,0.00461057138152478
2002,"TOWNSHIP_YEAR_SPECIFIC","大樹鄉仁武鄉",53,0.00436357648608595
2002,"TOWNSHIP_YEAR_SPECIFIC","大武鄉",115,0.00946813765848839
2002,"TOWNSHIP_YEAR_SPECIFIC","大溪鎮",57,0.00469290301333772
2002,"TOWNSHIP_YEAR_SPECIFIC","大肚鄉",62,0.00510456117240244
2002,"TOWNSHIP_YEAR_SPECIFIC","大里市",67,0.00551621933146715
2002,"TOWNSHIP_YEAR_SPECIFIC","大雅鄉",59,0.00485756627696361
2002,"TOWNSHIP_YEAR_SPECIFIC","太平市",52,0.00428124485427301
2002,"TOWNSHIP_YEAR_SPECIFIC","太麻里",174,0.014325703935452
2002,"TOWNSHIP_YEAR_SPECIFIC","宜蘭市",53,0.00436357648608595
2002,"TOWNSHIP_YEAR_SPECIFIC","富里鄉",54,0.0044459081178989
2002,"TOWNSHIP_YEAR_SPECIFIC","尖石鄉",194,0.0159723365717109
2002,"TOWNSHIP_YEAR_SPECIFIC","屏東市",65,0.00535155606784126
2002,"TOWNSHIP_YEAR_SPECIFIC","岡山鎮",54,0.0044459081178989
2002,"TOWNSHIP_YEAR_SPECIFIC","平鎮市",52,0.00428124485427301
2002,"TOWNSHIP_YEAR_SPECIFIC","延平鄉",84,0.00691585707228717
2002,"TOWNSHIP_YEAR_SPECIFIC","彰化市",52,0.00428124485427301
2002,"TOWNSHIP_YEAR_SPECIFIC","復興鄉",265,0.0218178824304298
2002,"TOWNSHIP_YEAR_SPECIFIC","恆春鎮",59,0.00485756627696361
2002,"TOWNSHIP_YEAR_SPECIFIC","成功鎮",272,0.0223942038531204
2002,"TOWNSHIP_YEAR_SPECIFIC","新城鄉",149,0.0122674131401284
2002,"TOWNSHIP_YEAR_SPECIFIC","新埔鎮芎林鄉橫山鄉",52,0.00428124485427301
2002,"TOWNSHIP_YEAR_SPECIFIC","新店市",52,0.00428124485427301
2002,"TOWNSHIP_YEAR_SPECIFIC","新莊市",54,0.0044459081178989
2002,"TOWNSHIP_YEAR_SPECIFIC","春日鄉",113,0.00930347439486251
2002,"TOWNSHIP_YEAR_SPECIFIC","東勢鎮",54,0.0044459081178989
2002,"TOWNSHIP_YEAR_SPECIFIC","東河鄉",162,0.0133377243536967
2002,"TOWNSHIP_YEAR_SPECIFIC","板橋市",52,0.00428124485427301
2002,"TOWNSHIP_YEAR_SPECIFIC","枋寮鄉",54,0.0044459081178989
2002,"TOWNSHIP_YEAR_SPECIFIC","林口鄉",52,0.00428124485427301
2002,"TOWNSHIP_YEAR_SPECIFIC","林園鄉鳥松鄉",47,0.0038695866952083
2002,"TOWNSHIP_YEAR_SPECIFIC","桃園市",53,0.00436357648608595
2002,"TOWNSHIP_YEAR_SPECIFIC","桃源鄉",101,0.0083154948131072
2002,"TOWNSHIP_YEAR_SPECIFIC","梧棲鎮",63,0.00518689280421538
2002,"TOWNSHIP_YEAR_SPECIFIC","楊梅鎮",53,0.00436357648608595
2002,"TOWNSHIP_YEAR_SPECIFIC","樹林市",52,0.00428124485427301
2002,"TOWNSHIP_YEAR_SPECIFIC","水里鄉草屯鎮",52,0.00428124485427301
2002,"TOWNSHIP_YEAR_SPECIFIC","永和市",43,0.00354026016795653
2002,"TOWNSHIP_YEAR_SPECIFIC","永康市",59,0.00485756627696361
2002,"TOWNSHIP_YEAR_SPECIFIC","汐止市",52,0.00428124485427301
2002,"TOWNSHIP_YEAR_SPECIFIC","池上鄉",67,0.00551621933146715
2002,"TOWNSHIP_YEAR_SPECIFIC","泰安鄉",112,0.00922114276304956
2002,"TOWNSHIP_YEAR_SPECIFIC","泰山鄉",52,0.00428124485427301
2002,"TOWNSHIP_YEAR_SPECIFIC","泰武鄉",91,0.00749217849497777
2002,"TOWNSHIP_YEAR_SPECIFIC","海端鄉",97,0.00798616828585543
2002,"TOWNSHIP_YEAR_SPECIFIC","淡水鎮",52,0.00428124485427301
2002,"TOWNSHIP_YEAR_SPECIFIC","清水鎮沙鹿鎮",53,0.00436357648608595
2002,"TOWNSHIP_YEAR_SPECIFIC","湖口鄉",49,0.00403424995883418
2002,"TOWNSHIP_YEAR_SPECIFIC","滿州鄉",70,0.00576321422690598
2002,"TOWNSHIP_YEAR_SPECIFIC","潭子鄉",51,0.00419891322246007
2002,"TOWNSHIP_YEAR_SPECIFIC","潮州鎮",52,0.00428124485427301
2002,"TOWNSHIP_YEAR_SPECIFIC","烏來鄉",60,0.00493989790877655
2002,"TOWNSHIP_YEAR_SPECIFIC","烏日鄉霧峰鄉",40,0.0032932652725177
2002,"TOWNSHIP_YEAR_SPECIFIC","牡丹鄉",155,0.0127614029310061
2002,"TOWNSHIP_YEAR_SPECIFIC","獅子鄉",128,0.0105384488720566
2002,"TOWNSHIP_YEAR_SPECIFIC","獅潭鄉",5,0.000411658159064713
2002,"TOWNSHIP_YEAR_SPECIFIC","玉里鎮",237,0.0195125967396674
2002,"TOWNSHIP_YEAR_SPECIFIC","瑞穗鄉",145,0.0119380866128767
2002,"TOWNSHIP_YEAR_SPECIFIC","瑞芳鎮",52,0.00428124485427301
2002,"TOWNSHIP_YEAR_SPECIFIC","瑪家鄉",164,0.0135023876173226
2002,"TOWNSHIP_YEAR_SPECIFIC","神岡鄉",51,0.00419891322246007
2002,"TOWNSHIP_YEAR_SPECIFIC","秀林鄉",353,0.0290630660299687
2002,"TOWNSHIP_YEAR_SPECIFIC","竹北市新豐鄉",57,0.00469290301333772
2002,"TOWNSHIP_YEAR_SPECIFIC","竹南鎮後龍鎮造橋鄉",52,0.00428124485427301
2002,"TOWNSHIP_YEAR_SPECIFIC","竹東鎮",52,0.00428124485427301
2002,"TOWNSHIP_YEAR_SPECIFIC","羅東鎮",51,0.00419891322246007
2002,"TOWNSHIP_YEAR_SPECIFIC","臺東市",542,0.0446237444426149
2002,"TOWNSHIP_YEAR_SPECIFIC","花蓮市",271,0.0223118722213074
2002,"TOWNSHIP_YEAR_SPECIFIC","苗栗市",53,0.00436357648608595
2002,"TOWNSHIP_YEAR_SPECIFIC","茂林鄉",46,0.00378725506339536
2002,"TOWNSHIP_YEAR_SPECIFIC","萬巒鄉",60,0.00493989790877655
2002,"TOWNSHIP_YEAR_SPECIFIC","萬榮鄉",190,0.0156430100444591
2002,"TOWNSHIP_YEAR_SPECIFIC","蘆洲市",52,0.00428124485427301
2002,"TOWNSHIP_YEAR_SPECIFIC","蘆竹鄉",52,0.00428124485427301
2002,"TOWNSHIP_YEAR_SPECIFIC","蘇澳鎮",52,0.00428124485427301
2002,"TOWNSHIP_YEAR_SPECIFIC","蘭嶼鄉",83,0.00683352544047423
2002,"TOWNSHIP_YEAR_SPECIFIC","西屯區",52,0.00428124485427301
2002,"TOWNSHIP_YEAR_SPECIFIC","觀音鄉",51,0.00419891322246007
2002,"TOWNSHIP_YEAR_SPECIFIC","豐原市",52,0.00428124485427301
2002,"TOWNSHIP_YEAR_SPECIFIC","豐濱鄉",131,0.0107854437674955
2002,"TOWNSHIP_YEAR_SPECIFIC","達仁鄉",124,0.0102091223448049
2002,"TOWNSHIP_YEAR_SPECIFIC","金峰鄉",82,0.00675119380866129
2002,"TOWNSHIP_YEAR_SPECIFIC","長濱鄉",153,0.0125967396673802
2002,"TOWNSHIP_YEAR_SPECIFIC","關山鎮",69,0.00568088259509303
2002,"TOWNSHIP_YEAR_SPECIFIC","關西鎮",26,0.00214062242713651
2002,"TOWNSHIP_YEAR_SPECIFIC","阿里山",105,0.00864482134035897
2002,"TOWNSHIP_YEAR_SPECIFIC","霧臺鄉",79,0.00650419891322246
2002,"TOWNSHIP_YEAR_SPECIFIC","頭份鎮",52,0.00428124485427301
2002,"TOWNSHIP_YEAR_SPECIFIC","頭城礁溪員山鄉",44,0.00362259179976947
2002,"TOWNSHIP_YEAR_SPECIFIC","魚池鄉",18,0.00148196937263297
2002,"TOWNSHIP_YEAR_SPECIFIC","鳳山市",53,0.00436357648608595
2002,"TOWNSHIP_YEAR_SPECIFIC","鳳林鎮",65,0.00535155606784126
2002,"TOWNSHIP_YEAR_SPECIFIC","鶯歌鎮",53,0.00436357648608595
2002,"TOWNSHIP_YEAR_SPECIFIC","鹿野鄉",78,0.00642186728140952
2002,"TOWNSHIP_YEAR_SPECIFIC","龍井鄉",26,0.00214062242713651
2002,"TOWNSHIP_YEAR_SPECIFIC","龍潭鄉",55,0.00452823974971184
2002,"TOWNSHIP_YEAR_SPECIFIC","龜山鄉",52,0.00428124485427301
2006,"ADMIN_NAME_HARMONIZED","南投縣",378,0.0628637951105937
2006,"ADMIN_NAME_HARMONIZED","嘉義市",7,0.00116414435389988
2006,"ADMIN_NAME_HARMONIZED","嘉義縣",49,0.00814901047729918
2006,"ADMIN_NAME_HARMONIZED","基隆市",14,0.00232828870779977
2006,"ADMIN_NAME_HARMONIZED","宜蘭縣",271,0.0450690171295526
2006,"ADMIN_NAME_HARMONIZED","屏東縣",756,0.125727590221187
2006,"ADMIN_NAME_HARMONIZED","彰化縣",46,0.00765009146848495
2006,"ADMIN_NAME_HARMONIZED","新北市",262,0.0435722601031099
2006,"ADMIN_NAME_HARMONIZED","新竹市",14,0.00232828870779977
2006,"ADMIN_NAME_HARMONIZED","新竹縣",160,0.0266090138034259
2006,"ADMIN_NAME_HARMONIZED","桃園市",312,0.0518875769166805
2006,"ADMIN_NAME_HARMONIZED","澎湖縣",3,0.000498919008814236
2006,"ADMIN_NAME_HARMONIZED","臺中市",277,0.0460668551471811
2006,"ADMIN_NAME_HARMONIZED","臺北市",182,0.030267753201397
2006,"ADMIN_NAME_HARMONIZED","臺南市",48,0.00798270414102777
2006,"ADMIN_NAME_HARMONIZED","臺東縣",1430,0.237818060868119
2006,"ADMIN_NAME_HARMONIZED","花蓮縣",1228,0.204224180941294
2006,"ADMIN_NAME_HARMONIZED","苗栗縣",175,0.0291036088474971
2006,"ADMIN_NAME_HARMONIZED","連江縣",2,0.000332612672542824
2006,"ADMIN_NAME_HARMONIZED","金門縣",3,0.000498919008814236
2006,"ADMIN_NAME_HARMONIZED","雲林縣",20,0.00332612672542824
2006,"ADMIN_NAME_HARMONIZED","高雄市",376,0.0625311824380509
2006,"ADMIN_NAME_ORIGINAL","南投縣",378,0.0628637951105937
2006,"ADMIN_NAME_ORIGINAL","嘉義市",7,0.00116414435389988
2006,"ADMIN_NAME_ORIGINAL","嘉義縣",49,0.00814901047729918
2006,"ADMIN_NAME_ORIGINAL","基隆市",14,0.00232828870779977
2006,"ADMIN_NAME_ORIGINAL","宜蘭縣",271,0.0450690171295526
2006,"ADMIN_NAME_ORIGINAL","屏東縣",756,0.125727590221187
2006,"ADMIN_NAME_ORIGINAL","彰化縣",46,0.00765009146848495
2006,"ADMIN_NAME_ORIGINAL","新竹市",14,0.00232828870779977
2006,"ADMIN_NAME_ORIGINAL","新竹縣",160,0.0266090138034259
2006,"ADMIN_NAME_ORIGINAL","桃園縣",312,0.0518875769166805
2006,"ADMIN_NAME_ORIGINAL","澎湖縣",3,0.000498919008814236
2006,"ADMIN_NAME_ORIGINAL","臺中市",58,0.00964576750374189
2006,"ADMIN_NAME_ORIGINAL","臺中縣",219,0.0364210876434392
2006,"ADMIN_NAME_ORIGINAL","臺北市",182,0.030267753201397
2006,"ADMIN_NAME_ORIGINAL","臺北縣",262,0.0435722601031099
2006,"ADMIN_NAME_ORIGINAL","臺南市",23,0.00382504573424247
2006,"ADMIN_NAME_ORIGINAL","臺南縣",25,0.0041576584067853
2006,"ADMIN_NAME_ORIGINAL","臺東縣",1430,0.237818060868119
2006,"ADMIN_NAME_ORIGINAL","花蓮縣",1228,0.204224180941294
2006,"ADMIN_NAME_ORIGINAL","苗栗縣",175,0.0291036088474971
2006,"ADMIN_NAME_ORIGINAL","連江縣",2,0.000332612672542824
2006,"ADMIN_NAME_ORIGINAL","金門縣",3,0.000498919008814236
2006,"ADMIN_NAME_ORIGINAL","雲林縣",20,0.00332612672542824
2006,"ADMIN_NAME_ORIGINAL","高雄市",131,0.021786130051555
2006,"ADMIN_NAME_ORIGINAL","高雄縣",245,0.0407450523864959
2006,"ADMIN_NAME_YEAR_SPECIFIC","南投縣",378,0.0628637951105937
2006,"ADMIN_NAME_YEAR_SPECIFIC","嘉義市",7,0.00116414435389988
2006,"ADMIN_NAME_YEAR_SPECIFIC","嘉義縣",49,0.00814901047729918
2006,"ADMIN_NAME_YEAR_SPECIFIC","基隆市",14,0.00232828870779977
2006,"ADMIN_NAME_YEAR_SPECIFIC","宜蘭縣",271,0.0450690171295526
2006,"ADMIN_NAME_YEAR_SPECIFIC","屏東縣",756,0.125727590221187
2006,"ADMIN_NAME_YEAR_SPECIFIC","彰化縣",46,0.00765009146848495
2006,"ADMIN_NAME_YEAR_SPECIFIC","新竹市",14,0.00232828870779977
2006,"ADMIN_NAME_YEAR_SPECIFIC","新竹縣",160,0.0266090138034259
2006,"ADMIN_NAME_YEAR_SPECIFIC","桃園縣",312,0.0518875769166805
2006,"ADMIN_NAME_YEAR_SPECIFIC","澎湖縣",3,0.000498919008814236
2006,"ADMIN_NAME_YEAR_SPECIFIC","臺中市",58,0.00964576750374189
2006,"ADMIN_NAME_YEAR_SPECIFIC","臺中縣",219,0.0364210876434392
2006,"ADMIN_NAME_YEAR_SPECIFIC","臺北市",182,0.030267753201397
2006,"ADMIN_NAME_YEAR_SPECIFIC","臺北縣",262,0.0435722601031099
2006,"ADMIN_NAME_YEAR_SPECIFIC","臺南市",23,0.00382504573424247
2006,"ADMIN_NAME_YEAR_SPECIFIC","臺南縣",25,0.0041576584067853
2006,"ADMIN_NAME_YEAR_SPECIFIC","臺東縣",1430,0.237818060868119
2006,"ADMIN_NAME_YEAR_SPECIFIC","花蓮縣",1228,0.204224180941294
2006,"ADMIN_NAME_YEAR_SPECIFIC","苗栗縣",175,0.0291036088474971
2006,"ADMIN_NAME_YEAR_SPECIFIC","連江縣",2,0.000332612672542824
2006,"ADMIN_NAME_YEAR_SPECIFIC","金門縣",3,0.000498919008814236
2006,"ADMIN_NAME_YEAR_SPECIFIC","雲林縣",20,0.00332612672542824
2006,"ADMIN_NAME_YEAR_SPECIFIC","高雄市",131,0.021786130051555
2006,"ADMIN_NAME_YEAR_SPECIFIC","高雄縣",245,0.0407450523864959
2006,"AGE_GROUP","15-19歲",309,0.0513886579078663
2006,"AGE_GROUP","20-29歲",710,0.118077498752702
2006,"AGE_GROUP","30-39歲",1164,0.193580575419923
2006,"AGE_GROUP","40-49歲",1453,0.241643106602362
2006,"AGE_GROUP","50-59歲",1201,0.199733909861966
2006,"AGE_GROUP","60歲以上",1176,0.19557625145518
2006,"AGE_GROUP_HARMONIZED","15-19歲",309,0.0513886579078663
2006,"AGE_GROUP_HARMONIZED","20-29歲",710,0.118077498752702
2006,"AGE_GROUP_HARMONIZED","30-39歲",1164,0.193580575419923
2006,"AGE_GROUP_HARMONIZED","40-49歲",1453,0.241643106602362
2006,"AGE_GROUP_HARMONIZED","50-59歲",1201,0.199733909861966
2006,"AGE_GROUP_HARMONIZED","60歲以上",1176,0.19557625145518
2006,"AGE_MEASURE_TYPE","age_group",6013,1
2006,"CITY","南投縣",378,0.0628637951105937
2006,"CITY","嘉義市",7,0.00116414435389988
2006,"CITY","嘉義縣",49,0.00814901047729918
2006,"CITY","基隆市",14,0.00232828870779977
2006,"CITY","宜蘭縣",271,0.0450690171295526
2006,"CITY","屏東縣",756,0.125727590221187
2006,"CITY","彰化縣",46,0.00765009146848495
2006,"CITY","新竹市",14,0.00232828870779977
2006,"CITY","新竹縣",160,0.0266090138034259
2006,"CITY","桃園縣",312,0.0518875769166805
2006,"CITY","澎湖縣",3,0.000498919008814236
2006,"CITY","臺中市",58,0.00964576750374189
2006,"CITY","臺中縣",219,0.0364210876434392
2006,"CITY","臺北市",182,0.030267753201397
2006,"CITY","臺北縣",262,0.0435722601031099
2006,"CITY","臺南市",23,0.00382504573424247
2006,"CITY","臺南縣",25,0.0041576584067853
2006,"CITY","臺東縣",1430,0.237818060868119
2006,"CITY","花蓮縣",1228,0.204224180941294
2006,"CITY","苗栗縣",175,0.0291036088474971
2006,"CITY","連江縣",2,0.000332612672542824
2006,"CITY","金門縣",3,0.000498919008814236
2006,"CITY","雲林縣",20,0.00332612672542824
2006,"CITY","高雄市",131,0.021786130051555
2006,"CITY","高雄縣",245,0.0407450523864959
2006,"COUNTY","七堵區",4,0.000666000666000666
2006,"COUNTY","三地門鄉",83,0.0138195138195138
2006,"COUNTY","三峽鎮",8,0.00133200133200133
2006,"COUNTY","三星鄉",5,0.000832500832500833
2006,"COUNTY","三民區",7,0.00116550116550117
2006,"COUNTY","三民鄉",69,0.0114885114885115
2006,"COUNTY","三義鄉",2,0.000333000333000333
2006,"COUNTY","三芝鄉",2,0.000333000333000333
2006,"COUNTY","三重市",34,0.00566100566100566
2006,"COUNTY","中區",1,0.000166500166500167
2006,"COUNTY","中和市",18,0.002997002997003
2006,"COUNTY","中埔鄉",2,0.000333000333000333
2006,"COUNTY","中壢市",16,0.00266400266400266
2006,"COUNTY","中寮鄉",1,0.000166500166500167
2006,"COUNTY","中山區",25,0.00416250416250416
2006,"COUNTY","中正區",13,0.00216450216450216
2006,"COUNTY","九如鄉",1,0.000166500166500167
2006,"COUNTY","二水鄉",1,0.000166500166500167
2006,"COUNTY","五峰鄉",34,0.00566100566100566
2006,"COUNTY","五結鄉",3,0.0004995004995005
2006,"COUNTY","五股鄉",6,0.000999000999000999
2006,"COUNTY","仁德鄉",10,0.00166500166500167
2006,"COUNTY","仁愛鄉",171,0.0284715284715285
2006,"COUNTY","來義鄉",57,0.00949050949050949
2006,"COUNTY","信義區",11,0.00183150183150183
2006,"COUNTY","信義鄉",145,0.0241425241425241
2006,"COUNTY","光復鄉",76,0.0126540126540127
2006,"COUNTY","內埔鄉",8,0.00133200133200133
2006,"COUNTY","內湖區",15,0.0024975024975025
2006,"COUNTY","八德市",14,0.00233100233100233
2006,"COUNTY","公館鄉",1,0.000166500166500167
2006,"COUNTY","六龜鄉",2,0.000333000333000333
2006,"COUNTY","冬山鄉",2,0.000333000333000333
2006,"COUNTY","前鎮區",26,0.00432900432900433
2006,"COUNTY","北區",27,0.0044955044955045
2006,"COUNTY","北屯區",23,0.00382950382950383
2006,"COUNTY","北投區",10,0.00166500166500167
2006,"COUNTY","北斗鎮",1,0.000166500166500167
2006,"COUNTY","卑南鄉",116,0.0193140193140193
2006,"COUNTY","卓溪鄉",191,0.0318015318015318
2006,"COUNTY","南區",9,0.0014985014985015
2006,"COUNTY","南屯區",2,0.000333000333000333
2006,"COUNTY","南庄鄉",50,0.00832500832500833
2006,"COUNTY","南投市",5,0.000832500832500833
2006,"COUNTY","南港區",8,0.00133200133200133
2006,"COUNTY","南澳鄉",92,0.0153180153180153
2006,"COUNTY","南竿鄉",1,0.000166500166500167
2006,"COUNTY","吉安鄉",192,0.031968031968032
2006,"COUNTY","和平鄉",41,0.00682650682650683
2006,"COUNTY","和美鎮",3,0.0004995004995005
2006,"COUNTY","員山鄉",4,0.000666000666000666
2006,"COUNTY","員林鎮",6,0.000999000999000999
2006,"COUNTY","國姓鄉",2,0.000333000333000333
2006,"COUNTY","土城市",21,0.0034965034965035
2006,"COUNTY","埔里鎮",35,0.00582750582750583
2006,"COUNTY","埔鹽鄉",1,0.000166500166500167
2006,"COUNTY","士林區",23,0.00382950382950383
2006,"COUNTY","壯圍鄉",3,0.0004995004995005
2006,"COUNTY","壽豐鄉",75,0.0124875124875125
2006,"COUNTY","外埔鄉",1,0.000166500166500167
2006,"COUNTY","大同區",21,0.0034965034965035
2006,"COUNTY","大同鄉",128,0.0213120213120213
2006,"COUNTY","大園鄉",12,0.001998001998002
2006,"COUNTY","大埔鄉",1,0.000166500166500167
2006,"COUNTY","大安區",8,0.00133200133200133
2006,"COUNTY","大寮鄉",3,0.0004995004995005
2006,"COUNTY","大樹鄉",4,0.000666000666000666
2006,"COUNTY","大武鄉",35,0.00582750582750583
2006,"COUNTY","大湖鄉",4,0.000666000666000666
2006,"COUNTY","大溪鎮",31,0.00516150516150516
2006,"COUNTY","大肚鄉",4,0.000666000666000666
2006,"COUNTY","大里市",18,0.002997002997003
2006,"COUNTY","大雅鄉",106,0.0176490176490176
2006,"COUNTY","太平鄉",6,0.000999000999000999
2006,"COUNTY","太麻里",108,0.017982017982018
2006,"COUNTY","學甲鎮",1,0.000166500166500167
2006,"COUNTY","安南區",3,0.0004995004995005
2006,"COUNTY","安平區",5,0.000832500832500833
2006,"COUNTY","安樂區",1,0.000166500166500167
2006,"COUNTY","官田鄉",1,0.000166500166500167
2006,"COUNTY","宜蘭市",16,0.00266400266400266
2006,"COUNTY","富里鄉",39,0.00649350649350649
2006,"COUNTY","小港區",23,0.00382950382950383
2006,"COUNTY","尖石鄉",54,0.00899100899100899
2006,"COUNTY","屏東市",12,0.001998001998002
2006,"COUNTY","岡山鎮",11,0.00183150183150183
2006,"COUNTY","左營區",38,0.00632700632700633
2006,"COUNTY","左鎮鄉",1,0.000166500166500167
2006,"COUNTY","布袋鎮",1,0.000166500166500167
2006,"COUNTY","平鎮市",7,0.00116550116550117
2006,"COUNTY","延平鄉",111,0.0184815184815185
2006,"COUNTY","彰化市",2,0.000333000333000333
2006,"COUNTY","後龍鎮",1,0.000166500166500167
2006,"COUNTY","復興鄉",157,0.0261405261405261
2006,"COUNTY","恆春鎮",2,0.000333000333000333
2006,"COUNTY","成功鎮",176,0.0293040293040293
2006,"COUNTY","文山區",14,0.00233100233100233
2006,"COUNTY","斗六市",1,0.000166500166500167
2006,"COUNTY","斗南鎮",1,0.000166500166500167
2006,"COUNTY","新化鎮",2,0.000333000333000333
2006,"COUNTY","新園鄉",2,0.000333000333000333
2006,"COUNTY","新城鄉",42,0.00699300699300699
2006,"COUNTY","新埔鎮",1,0.000166500166500167
2006,"COUNTY","新屋鄉",5,0.000832500832500833
2006,"COUNTY","新店市",15,0.0024975024975025
2006,"COUNTY","新港鄉",11,0.00183150183150183
2006,"COUNTY","新興區",3,0.0004995004995005
2006,"COUNTY","新莊市",11,0.00183150183150183
2006,"COUNTY","新豐鄉",3,0.0004995004995005
2006,"COUNTY","春日鄉",113,0.0188145188145188
2006,"COUNTY","暖暖區",1,0.000166500166500167
2006,"COUNTY","望安鄉",1,0.000166500166500167
2006,"COUNTY","朴子市",1,0.000166500166500167
2006,"COUNTY","杉林鄉",3,0.0004995004995005
2006,"COUNTY","東勢鎮",2,0.000333000333000333
2006,"COUNTY","東區",23,0.00382950382950383
2006,"COUNTY","東河鄉",38,0.00632700632700633
2006,"COUNTY","東石鄉",1,0.000166500166500167
2006,"COUNTY","松山區",18,0.002997002997003
2006,"COUNTY","板橋市",30,0.004995004995005
2006,"COUNTY","枋寮鄉",3,0.0004995004995005
2006,"COUNTY","枋山鄉",2,0.000333000333000333
2006,"COUNTY","林口鄉",2,0.000333000333000333
2006,"COUNTY","林園鄉",2,0.000333000333000333
2006,"COUNTY","桃園市",16,0.00266400266400266
2006,"COUNTY","桃源鄉",47,0.00782550782550783
2006,"COUNTY","梓官鄉",11,0.00183150183150183
2006,"COUNTY","梧棲鎮",5,0.000832500832500833
2006,"COUNTY","楊梅鎮",13,0.00216450216450216
2006,"COUNTY","楠梓區",18,0.002997002997003
2006,"COUNTY","樹林鎮",44,0.00732600732600733
2006,"COUNTY","橫山鄉",1,0.000166500166500167
2006,"COUNTY","歸仁鄉",3,0.0004995004995005
2006,"COUNTY","民雄鄉",2,0.000333000333000333
2006,"COUNTY","水里鄉",4,0.000666000666000666
2006,"COUNTY","永和市",15,0.0024975024975025
2006,"COUNTY","永安鄉",1,0.000166500166500167
2006,"COUNTY","永康市",5,0.000832500832500833
2006,"COUNTY","汐止鎮",2,0.000333000333000333
2006,"COUNTY","池上鄉",56,0.00932400932400932
2006,"COUNTY","沙鹿鎮",7,0.00116550116550117
2006,"COUNTY","泰安鄉",92,0.0153180153180153
2006,"COUNTY","泰山鄉",1,0.000166500166500167
2006,"COUNTY","泰武鄉",74,0.0123210123210123
2006,"COUNTY","海端鄉",63,0.0104895104895105
2006,"COUNTY","淡水鎮",1,0.000166500166500167
2006,"COUNTY","深坑鄉",12,0.001998001998002
2006,"COUNTY","清水鎮",7,0.00116550116550117
2006,"COUNTY","湖口鄉",31,0.00516150516150516
2006,"COUNTY","滿州鄉",44,0.00732600732600733
2006,"COUNTY","潮州鎮",3,0.0004995004995005
2006,"COUNTY","烏來鄉",20,0.00333000333000333
2006,"COUNTY","烏日鄉",8,0.00133200133200133
2006,"COUNTY","燕巢鄉",1,0.000166500166500167
2006,"COUNTY","牡丹鄉",138,0.022977022977023
2006,"COUNTY","獅子鄉",55,0.00915750915750916
2006,"COUNTY","獅潭鄉",3,0.0004995004995005
2006,"COUNTY","玉里鎮",152,0.0253080253080253
2006,"COUNTY","瑞穗鄉",94,0.0156510156510157
2006,"COUNTY","瑞芳鎮",1,0.000166500166500167
2006,"COUNTY","瑪家鄉",112,0.0186480186480186
2006,"COUNTY","甲仙鄉",3,0.0004995004995005
2006,"COUNTY","白沙鄉",1,0.000166500166500167
2006,"COUNTY","白河鎮",1,0.000166500166500167
2006,"COUNTY","石岡鄉",1,0.000166500166500167
2006,"COUNTY","礁溪鄉",2,0.000333000333000333
2006,"COUNTY","神岡鄉",3,0.0004995004995005
2006,"COUNTY","福興鄉",1,0.000166500166500167
2006,"COUNTY","秀林鄉",140,0.0233100233100233
2006,"COUNTY","竹北市",1,0.000166500166500167
2006,"COUNTY","竹南鎮",2,0.000333000333000333
2006,"COUNTY","竹東鎮",31,0.00516150516150516
2006,"COUNTY","綠島鄉",2,0.000333000333000333
2006,"COUNTY","羅東鎮",8,0.00133200133200133
2006,"COUNTY","臺東市",251,0.0417915417915418
2006,"COUNTY","芎林鄉",2,0.000333000333000333
2006,"COUNTY","花壇鄉",30,0.004995004995005
2006,"COUNTY","花蓮市",63,0.0104895104895105
2006,"COUNTY","苑裡鎮",3,0.0004995004995005
2006,"COUNTY","苓雅區",9,0.0014985014985015
2006,"COUNTY","苗栗市",6,0.000999000999000999
2006,"COUNTY","茂林鄉",47,0.00782550782550783
2006,"COUNTY","草屯鎮",5,0.000832500832500833
2006,"COUNTY","莒光鄉",1,0.000166500166500167
2006,"COUNTY","萬丹鄉",3,0.0004995004995005
2006,"COUNTY","萬巒鄉",5,0.000832500832500833
2006,"COUNTY","萬榮鄉",66,0.010989010989011
2006,"COUNTY","萬華區",24,0.003996003996004
2006,"COUNTY","蘆洲鄉",11,0.00183150183150183
2006,"COUNTY","蘆竹鄉",11,0.00183150183150183
2006,"COUNTY","蘇澳鎮",8,0.00133200133200133
2006,"COUNTY","蘭嶼鄉",49,0.00815850815850816
2006,"COUNTY","虎尾鎮",1,0.000166500166500167
2006,"COUNTY","褒忠鄉",1,0.000166500166500167
2006,"COUNTY","西區",2,0.000333000333000333
2006,"COUNTY","西屯區",3,0.0004995004995005
2006,"COUNTY","觀音鄉",6,0.000999000999000999
2006,"COUNTY","豐原市",3,0.0004995004995005
2006,"COUNTY","豐濱鄉",67,0.0111555111555112
2006,"COUNTY","貢寮鄉",1,0.000166500166500167
2006,"COUNTY","車城鄉",4,0.000666000666000666
2006,"COUNTY","通霄鎮",2,0.000333000333000333
2006,"COUNTY","造橋鄉",1,0.000166500166500167
2006,"COUNTY","達仁鄉",92,0.0153180153180153
2006,"COUNTY","金寧鎮",1,0.000166500166500167
2006,"COUNTY","金峰鄉",113,0.0188145188145188
2006,"COUNTY","金沙鎮",1,0.000166500166500167
2006,"COUNTY","金湖鎮",1,0.000166500166500167
2006,"COUNTY","銅鑼鄉",1,0.000166500166500167
2006,"COUNTY","長治鄉",4,0.000666000666000666
2006,"COUNTY","長濱鄉",112,0.0186480186480186
2006,"COUNTY","關山鎮",55,0.00915750915750916
2006,"COUNTY","關西鎮",2,0.000333000333000333
2006,"COUNTY","阿里山",30,0.004995004995005
2006,"COUNTY","集集鎮",1,0.000166500166500167
2006,"COUNTY","霧峰鄉",1,0.000166500166500167
2006,"COUNTY","霧臺鄉",29,0.00482850482850483
2006,"COUNTY","頭份鎮",7,0.00116550116550117
2006,"COUNTY","香山區",1,0.000166500166500167
2006,"COUNTY","馬公市",1,0.000166500166500167
2006,"COUNTY","魚池鄉",9,0.0014985014985015
2006,"COUNTY","鳳山市",40,0.00666000666000666
2006,"COUNTY","鳳林鎮",31,0.00516150516150516
2006,"COUNTY","鶯歌鎮",7,0.00116550116550117
2006,"COUNTY","鹽埔鄉",1,0.000166500166500167
2006,"COUNTY","鹽埕區",4,0.000666000666000666
2006,"COUNTY","鹽水鎮",1,0.000166500166500167
2006,"COUNTY","鹿港鎮",1,0.000166500166500167
2006,"COUNTY","鹿野鄉",52,0.00865800865800866
2006,"COUNTY","麥寮鄉",16,0.00266400266400266
2006,"COUNTY","鼓山區",3,0.0004995004995005
2006,"COUNTY","龍井鄉",6,0.000999000999000999
2006,"COUNTY","龍潭鄉",9,0.0014985014985015
2006,"COUNTY","龜山鄉",14,0.00233100233100233
2006,"COUNTY_MAPPING_STATUS","missing",7,0.00116414435389988
2006,"COUNTY_MAPPING_STATUS","single_township",6006,0.9988358556461
2006,"COUNTY_ORIGINAL","七堵區",4,0.000666000666000666
2006,"COUNTY_ORIGINAL","三地門鄉",83,0.0138195138195138
2006,"COUNTY_ORIGINAL","三峽鎮",8,0.00133200133200133
2006,"COUNTY_ORIGINAL","三星鄉",5,0.000832500832500833
2006,"COUNTY_ORIGINAL","三民區",7,0.00116550116550117
2006,"COUNTY_ORIGINAL","三民鄉",69,0.0114885114885115
2006,"COUNTY_ORIGINAL","三義鄉",2,0.000333000333000333
2006,"COUNTY_ORIGINAL","三芝鄉",2,0.000333000333000333
2006,"COUNTY_ORIGINAL","三重市",34,0.00566100566100566
2006,"COUNTY_ORIGINAL","中區",1,0.000166500166500167
2006,"COUNTY_ORIGINAL","中和市",18,0.002997002997003
2006,"COUNTY_ORIGINAL","中埔鄉",2,0.000333000333000333
2006,"COUNTY_ORIGINAL","中壢市",16,0.00266400266400266
2006,"COUNTY_ORIGINAL","中寮鄉",1,0.000166500166500167
2006,"COUNTY_ORIGINAL","中山區",25,0.00416250416250416
2006,"COUNTY_ORIGINAL","中正區",13,0.00216450216450216
2006,"COUNTY_ORIGINAL","九如鄉",1,0.000166500166500167
2006,"COUNTY_ORIGINAL","二水鄉",1,0.000166500166500167
2006,"COUNTY_ORIGINAL","五峰鄉",34,0.00566100566100566
2006,"COUNTY_ORIGINAL","五結鄉",3,0.0004995004995005
2006,"COUNTY_ORIGINAL","五股鄉",6,0.000999000999000999
2006,"COUNTY_ORIGINAL","仁德鄉",10,0.00166500166500167
2006,"COUNTY_ORIGINAL","仁愛鄉",171,0.0284715284715285
2006,"COUNTY_ORIGINAL","來義鄉",57,0.00949050949050949
2006,"COUNTY_ORIGINAL","信義區",11,0.00183150183150183
2006,"COUNTY_ORIGINAL","信義鄉",145,0.0241425241425241
2006,"COUNTY_ORIGINAL","光復鄉",76,0.0126540126540127
2006,"COUNTY_ORIGINAL","內埔鄉",8,0.00133200133200133
2006,"COUNTY_ORIGINAL","內湖區",15,0.0024975024975025
2006,"COUNTY_ORIGINAL","八德市",14,0.00233100233100233
2006,"COUNTY_ORIGINAL","公館鄉",1,0.000166500166500167
2006,"COUNTY_ORIGINAL","六龜鄉",2,0.000333000333000333
2006,"COUNTY_ORIGINAL","冬山鄉",2,0.000333000333000333
2006,"COUNTY_ORIGINAL","前鎮區",26,0.00432900432900433
2006,"COUNTY_ORIGINAL","北區",27,0.0044955044955045
2006,"COUNTY_ORIGINAL","北屯區",23,0.00382950382950383
2006,"COUNTY_ORIGINAL","北投區",10,0.00166500166500167
2006,"COUNTY_ORIGINAL","北斗鎮",1,0.000166500166500167
2006,"COUNTY_ORIGINAL","卑南鄉",116,0.0193140193140193
2006,"COUNTY_ORIGINAL","卓溪鄉",191,0.0318015318015318
2006,"COUNTY_ORIGINAL","南區",9,0.0014985014985015
2006,"COUNTY_ORIGINAL","南屯區",2,0.000333000333000333
2006,"COUNTY_ORIGINAL","南庄鄉",50,0.00832500832500833
2006,"COUNTY_ORIGINAL","南投市",5,0.000832500832500833
2006,"COUNTY_ORIGINAL","南港區",8,0.00133200133200133
2006,"COUNTY_ORIGINAL","南澳鄉",92,0.0153180153180153
2006,"COUNTY_ORIGINAL","南竿鄉",1,0.000166500166500167
2006,"COUNTY_ORIGINAL","吉安鄉",192,0.031968031968032
2006,"COUNTY_ORIGINAL","和平鄉",41,0.00682650682650683
2006,"COUNTY_ORIGINAL","和美鎮",3,0.0004995004995005
2006,"COUNTY_ORIGINAL","員山鄉",4,0.000666000666000666
2006,"COUNTY_ORIGINAL","員林鎮",6,0.000999000999000999
2006,"COUNTY_ORIGINAL","國姓鄉",2,0.000333000333000333
2006,"COUNTY_ORIGINAL","土城市",21,0.0034965034965035
2006,"COUNTY_ORIGINAL","埔里鎮",35,0.00582750582750583
2006,"COUNTY_ORIGINAL","埔鹽鄉",1,0.000166500166500167
2006,"COUNTY_ORIGINAL","士林區",23,0.00382950382950383
2006,"COUNTY_ORIGINAL","壯圍鄉",3,0.0004995004995005
2006,"COUNTY_ORIGINAL","壽豐鄉",75,0.0124875124875125
2006,"COUNTY_ORIGINAL","外埔鄉",1,0.000166500166500167
2006,"COUNTY_ORIGINAL","大同區",21,0.0034965034965035
2006,"COUNTY_ORIGINAL","大同鄉",128,0.0213120213120213
2006,"COUNTY_ORIGINAL","大園鄉",12,0.001998001998002
2006,"COUNTY_ORIGINAL","大埔鄉",1,0.000166500166500167
2006,"COUNTY_ORIGINAL","大安區",8,0.00133200133200133
2006,"COUNTY_ORIGINAL","大寮鄉",3,0.0004995004995005
2006,"COUNTY_ORIGINAL","大樹鄉",4,0.000666000666000666
2006,"COUNTY_ORIGINAL","大武鄉",35,0.00582750582750583
2006,"COUNTY_ORIGINAL","大湖鄉",4,0.000666000666000666
2006,"COUNTY_ORIGINAL","大溪鎮",31,0.00516150516150516
2006,"COUNTY_ORIGINAL","大肚鄉",4,0.000666000666000666
2006,"COUNTY_ORIGINAL","大里市",18,0.002997002997003
2006,"COUNTY_ORIGINAL","大雅鄉",106,0.0176490176490176
2006,"COUNTY_ORIGINAL","太平鄉",6,0.000999000999000999
2006,"COUNTY_ORIGINAL","太麻里",108,0.017982017982018
2006,"COUNTY_ORIGINAL","學甲鎮",1,0.000166500166500167
2006,"COUNTY_ORIGINAL","安南區",3,0.0004995004995005
2006,"COUNTY_ORIGINAL","安平區",5,0.000832500832500833
2006,"COUNTY_ORIGINAL","安樂區",1,0.000166500166500167
2006,"COUNTY_ORIGINAL","官田鄉",1,0.000166500166500167
2006,"COUNTY_ORIGINAL","宜蘭市",16,0.00266400266400266
2006,"COUNTY_ORIGINAL","富里鄉",39,0.00649350649350649
2006,"COUNTY_ORIGINAL","小港區",23,0.00382950382950383
2006,"COUNTY_ORIGINAL","尖石鄉",54,0.00899100899100899
2006,"COUNTY_ORIGINAL","屏東市",12,0.001998001998002
2006,"COUNTY_ORIGINAL","岡山鎮",11,0.00183150183150183
2006,"COUNTY_ORIGINAL","左營區",38,0.00632700632700633
2006,"COUNTY_ORIGINAL","左鎮鄉",1,0.000166500166500167
2006,"COUNTY_ORIGINAL","布袋鎮",1,0.000166500166500167
2006,"COUNTY_ORIGINAL","平鎮市",7,0.00116550116550117
2006,"COUNTY_ORIGINAL","延平鄉",111,0.0184815184815185
2006,"COUNTY_ORIGINAL","彰化市",2,0.000333000333000333
2006,"COUNTY_ORIGINAL","後龍鎮",1,0.000166500166500167
2006,"COUNTY_ORIGINAL","復興鄉",157,0.0261405261405261
2006,"COUNTY_ORIGINAL","恆春鎮",2,0.000333000333000333
2006,"COUNTY_ORIGINAL","成功鎮",176,0.0293040293040293
2006,"COUNTY_ORIGINAL","文山區",14,0.00233100233100233
2006,"COUNTY_ORIGINAL","斗六市",1,0.000166500166500167
2006,"COUNTY_ORIGINAL","斗南鎮",1,0.000166500166500167
2006,"COUNTY_ORIGINAL","新化鎮",2,0.000333000333000333
2006,"COUNTY_ORIGINAL","新園鄉",2,0.000333000333000333
2006,"COUNTY_ORIGINAL","新城鄉",42,0.00699300699300699
2006,"COUNTY_ORIGINAL","新埔鎮",1,0.000166500166500167
2006,"COUNTY_ORIGINAL","新屋鄉",5,0.000832500832500833
2006,"COUNTY_ORIGINAL","新店市",15,0.0024975024975025
2006,"COUNTY_ORIGINAL","新港鄉",11,0.00183150183150183
2006,"COUNTY_ORIGINAL","新興區",3,0.0004995004995005
2006,"COUNTY_ORIGINAL","新莊市",11,0.00183150183150183
2006,"COUNTY_ORIGINAL","新豐鄉",3,0.0004995004995005
2006,"COUNTY_ORIGINAL","春日鄉",113,0.0188145188145188
2006,"COUNTY_ORIGINAL","暖暖區",1,0.000166500166500167
2006,"COUNTY_ORIGINAL","望安鄉",1,0.000166500166500167
2006,"COUNTY_ORIGINAL","朴子市",1,0.000166500166500167
2006,"COUNTY_ORIGINAL","杉林鄉",3,0.0004995004995005
2006,"COUNTY_ORIGINAL","東勢鎮",2,0.000333000333000333
2006,"COUNTY_ORIGINAL","東區",23,0.00382950382950383
2006,"COUNTY_ORIGINAL","東河鄉",38,0.00632700632700633
2006,"COUNTY_ORIGINAL","東石鄉",1,0.000166500166500167
2006,"COUNTY_ORIGINAL","松山區",18,0.002997002997003
2006,"COUNTY_ORIGINAL","板橋市",30,0.004995004995005
2006,"COUNTY_ORIGINAL","枋寮鄉",3,0.0004995004995005
2006,"COUNTY_ORIGINAL","枋山鄉",2,0.000333000333000333
2006,"COUNTY_ORIGINAL","林口鄉",2,0.000333000333000333
2006,"COUNTY_ORIGINAL","林園鄉",2,0.000333000333000333
2006,"COUNTY_ORIGINAL","桃園市",16,0.00266400266400266
2006,"COUNTY_ORIGINAL","桃源鄉",47,0.00782550782550783
2006,"COUNTY_ORIGINAL","梓官鄉",11,0.00183150183150183
2006,"COUNTY_ORIGINAL","梧棲鎮",5,0.000832500832500833
2006,"COUNTY_ORIGINAL","楊梅鎮",13,0.00216450216450216
2006,"COUNTY_ORIGINAL","楠梓區",18,0.002997002997003
2006,"COUNTY_ORIGINAL","樹林鎮",44,0.00732600732600733
2006,"COUNTY_ORIGINAL","橫山鄉",1,0.000166500166500167
2006,"COUNTY_ORIGINAL","歸仁鄉",3,0.0004995004995005
2006,"COUNTY_ORIGINAL","民雄鄉",2,0.000333000333000333
2006,"COUNTY_ORIGINAL","水里鄉",4,0.000666000666000666
2006,"COUNTY_ORIGINAL","永和市",15,0.0024975024975025
2006,"COUNTY_ORIGINAL","永安鄉",1,0.000166500166500167
2006,"COUNTY_ORIGINAL","永康市",5,0.000832500832500833
2006,"COUNTY_ORIGINAL","汐止鎮",2,0.000333000333000333
2006,"COUNTY_ORIGINAL","池上鄉",56,0.00932400932400932
2006,"COUNTY_ORIGINAL","沙鹿鎮",7,0.00116550116550117
2006,"COUNTY_ORIGINAL","泰安鄉",92,0.0153180153180153
2006,"COUNTY_ORIGINAL","泰山鄉",1,0.000166500166500167
2006,"COUNTY_ORIGINAL","泰武鄉",74,0.0123210123210123
2006,"COUNTY_ORIGINAL","海端鄉",63,0.0104895104895105
2006,"COUNTY_ORIGINAL","淡水鎮",1,0.000166500166500167
2006,"COUNTY_ORIGINAL","深坑鄉",12,0.001998001998002
2006,"COUNTY_ORIGINAL","清水鎮",7,0.00116550116550117
2006,"COUNTY_ORIGINAL","湖口鄉",31,0.00516150516150516
2006,"COUNTY_ORIGINAL","滿州鄉",44,0.00732600732600733
2006,"COUNTY_ORIGINAL","潮州鎮",3,0.0004995004995005
2006,"COUNTY_ORIGINAL","烏來鄉",20,0.00333000333000333
2006,"COUNTY_ORIGINAL","烏日鄉",8,0.00133200133200133
2006,"COUNTY_ORIGINAL","燕巢鄉",1,0.000166500166500167
2006,"COUNTY_ORIGINAL","牡丹鄉",138,0.022977022977023
2006,"COUNTY_ORIGINAL","獅子鄉",55,0.00915750915750916
2006,"COUNTY_ORIGINAL","獅潭鄉",3,0.0004995004995005
2006,"COUNTY_ORIGINAL","玉里鎮",152,0.0253080253080253
2006,"COUNTY_ORIGINAL","瑞穗鄉",94,0.0156510156510157
2006,"COUNTY_ORIGINAL","瑞芳鎮",1,0.000166500166500167
2006,"COUNTY_ORIGINAL","瑪家鄉",112,0.0186480186480186
2006,"COUNTY_ORIGINAL","甲仙鄉",3,0.0004995004995005
2006,"COUNTY_ORIGINAL","白沙鄉",1,0.000166500166500167
2006,"COUNTY_ORIGINAL","白河鎮",1,0.000166500166500167
2006,"COUNTY_ORIGINAL","石岡鄉",1,0.000166500166500167
2006,"COUNTY_ORIGINAL","礁溪鄉",2,0.000333000333000333
2006,"COUNTY_ORIGINAL","神岡鄉",3,0.0004995004995005
2006,"COUNTY_ORIGINAL","福興鄉",1,0.000166500166500167
2006,"COUNTY_ORIGINAL","秀林鄉",140,0.0233100233100233
2006,"COUNTY_ORIGINAL","竹北市",1,0.000166500166500167
2006,"COUNTY_ORIGINAL","竹南鎮",2,0.000333000333000333
2006,"COUNTY_ORIGINAL","竹東鎮",31,0.00516150516150516
2006,"COUNTY_ORIGINAL","綠島鄉",2,0.000333000333000333
2006,"COUNTY_ORIGINAL","羅東鎮",8,0.00133200133200133
2006,"COUNTY_ORIGINAL","臺東市",251,0.0417915417915418
2006,"COUNTY_ORIGINAL","芎林鄉",2,0.000333000333000333
2006,"COUNTY_ORIGINAL","花壇鄉",30,0.004995004995005
2006,"COUNTY_ORIGINAL","花蓮市",63,0.0104895104895105
2006,"COUNTY_ORIGINAL","苑裡鎮",3,0.0004995004995005
2006,"COUNTY_ORIGINAL","苓雅區",9,0.0014985014985015
2006,"COUNTY_ORIGINAL","苗栗市",6,0.000999000999000999
2006,"COUNTY_ORIGINAL","茂林鄉",47,0.00782550782550783
2006,"COUNTY_ORIGINAL","草屯鎮",5,0.000832500832500833
2006,"COUNTY_ORIGINAL","莒光鄉",1,0.000166500166500167
2006,"COUNTY_ORIGINAL","萬丹鄉",3,0.0004995004995005
2006,"COUNTY_ORIGINAL","萬巒鄉",5,0.000832500832500833
2006,"COUNTY_ORIGINAL","萬榮鄉",66,0.010989010989011
2006,"COUNTY_ORIGINAL","萬華區",24,0.003996003996004
2006,"COUNTY_ORIGINAL","蘆洲鄉",11,0.00183150183150183
2006,"COUNTY_ORIGINAL","蘆竹鄉",11,0.00183150183150183
2006,"COUNTY_ORIGINAL","蘇澳鎮",8,0.00133200133200133
2006,"COUNTY_ORIGINAL","蘭嶼鄉",49,0.00815850815850816
2006,"COUNTY_ORIGINAL","虎尾鎮",1,0.000166500166500167
2006,"COUNTY_ORIGINAL","褒忠鄉",1,0.000166500166500167
2006,"COUNTY_ORIGINAL","西區",2,0.000333000333000333
2006,"COUNTY_ORIGINAL","西屯區",3,0.0004995004995005
2006,"COUNTY_ORIGINAL","觀音鄉",6,0.000999000999000999
2006,"COUNTY_ORIGINAL","豐原市",3,0.0004995004995005
2006,"COUNTY_ORIGINAL","豐濱鄉",67,0.0111555111555112
2006,"COUNTY_ORIGINAL","貢寮鄉",1,0.000166500166500167
2006,"COUNTY_ORIGINAL","車城鄉",4,0.000666000666000666
2006,"COUNTY_ORIGINAL","通霄鎮",2,0.000333000333000333
2006,"COUNTY_ORIGINAL","造橋鄉",1,0.000166500166500167
2006,"COUNTY_ORIGINAL","達仁鄉",92,0.0153180153180153
2006,"COUNTY_ORIGINAL","金寧鎮",1,0.000166500166500167
2006,"COUNTY_ORIGINAL","金峰鄉",113,0.0188145188145188
2006,"COUNTY_ORIGINAL","金沙鎮",1,0.000166500166500167
2006,"COUNTY_ORIGINAL","金湖鎮",1,0.000166500166500167
2006,"COUNTY_ORIGINAL","銅鑼鄉",1,0.000166500166500167
2006,"COUNTY_ORIGINAL","長治鄉",4,0.000666000666000666
2006,"COUNTY_ORIGINAL","長濱鄉",112,0.0186480186480186
2006,"COUNTY_ORIGINAL","關山鎮",55,0.00915750915750916
2006,"COUNTY_ORIGINAL","關西鎮",2,0.000333000333000333
2006,"COUNTY_ORIGINAL","阿里山",30,0.004995004995005
2006,"COUNTY_ORIGINAL","集集鎮",1,0.000166500166500167
2006,"COUNTY_ORIGINAL","霧峰鄉",1,0.000166500166500167
2006,"COUNTY_ORIGINAL","霧臺鄉",29,0.00482850482850483
2006,"COUNTY_ORIGINAL","頭份鎮",7,0.00116550116550117
2006,"COUNTY_ORIGINAL","香山區",1,0.000166500166500167
2006,"COUNTY_ORIGINAL","馬公市",1,0.000166500166500167
2006,"COUNTY_ORIGINAL","魚池鄉",9,0.0014985014985015
2006,"COUNTY_ORIGINAL","鳳山市",40,0.00666000666000666
2006,"COUNTY_ORIGINAL","鳳林鎮",31,0.00516150516150516
2006,"COUNTY_ORIGINAL","鶯歌鎮",7,0.00116550116550117
2006,"COUNTY_ORIGINAL","鹽埔鄉",1,0.000166500166500167
2006,"COUNTY_ORIGINAL","鹽埕區",4,0.000666000666000666
2006,"COUNTY_ORIGINAL","鹽水鎮",1,0.000166500166500167
2006,"COUNTY_ORIGINAL","鹿港鎮",1,0.000166500166500167
2006,"COUNTY_ORIGINAL","鹿野鄉",52,0.00865800865800866
2006,"COUNTY_ORIGINAL","麥寮鄉",16,0.00266400266400266
2006,"COUNTY_ORIGINAL","鼓山區",3,0.0004995004995005
2006,"COUNTY_ORIGINAL","龍井鄉",6,0.000999000999000999
2006,"COUNTY_ORIGINAL","龍潭鄉",9,0.0014985014985015
2006,"COUNTY_ORIGINAL","龜山鄉",14,0.00233100233100233
2006,"EDU","不知道/拒答",11,0.00182936969898553
2006,"EDU","不識字/自修",491,0.0816564111092633
2006,"EDU","國(初)中",1120,0.186263096623981
2006,"EDU","國小",1767,0.293863296191585
2006,"EDU","專科以上",752,0.125062364876102
2006,"EDU","高中職",1872,0.311325461500083
2006,"EXP_ALCOHOL_EXPENDITURE","1,000-1,999 元",961,0.169728011303426
2006,"EXP_ALCOHOL_EXPENDITURE","10,000-14,999 元",2,0.000353232073472271
2006,"EXP_ALCOHOL_EXPENDITURE","15,000-19,999 元",3,0.000529848110208407
2006,"EXP_ALCOHOL_EXPENDITURE","2,000-2,999 元",1140,0.201342281879195
2006,"EXP_ALCOHOL_EXPENDITURE","20,000-29,999 元",4,0.000706464146944543
2006,"EXP_ALCOHOL_EXPENDITURE","3,000-3,999 元",36,0.00635817732250088
2006,"EXP_ALCOHOL_EXPENDITURE","4,000-4,999 元",217,0.0383256799717414
2006,"EXP_ALCOHOL_EXPENDITURE","5,000-6,999 元",132,0.0233133168491699
2006,"EXP_ALCOHOL_EXPENDITURE","7,000-9,999 元",29,0.00512186506534793
2006,"EXP_ALCOHOL_EXPENDITURE","999元及以下",972,0.171670787707524
2006,"EXP_ALCOHOL_EXPENDITURE","沒有這項支出",2166,0.38255033557047
2006,"EXP_ALCOHOL_EXPENDITURE_VALUE_SOURCE","source_question",6013,1
2006,"EXP_CARE_EXPENDITURE","1,000-1,999元",108,0.0179610843173125
2006,"EXP_CARE_EXPENDITURE","10,000-14,999元",29,0.00482288375187095
2006,"EXP_CARE_EXPENDITURE","15,000-19,999元",7,0.00116414435389988
2006,"EXP_CARE_EXPENDITURE","2,000-2,999元",84,0.0139697322467986
2006,"EXP_CARE_EXPENDITURE","20,000-29,999元",4,0.000665225345085648
2006,"EXP_CARE_EXPENDITURE","3,000-3,999元",178,0.0296025278563113
2006,"EXP_CARE_EXPENDITURE","30,000元及以上，請記錄____元",1,0.000166306336271412
2006,"EXP_CARE_EXPENDITURE","4,000-4,999元",63,0.010477299185099
2006,"EXP_CARE_EXPENDITURE","5,000-6,999元",34,0.00565441543322801
2006,"EXP_CARE_EXPENDITURE","7,000-9,999元",33,0.00548810909695659
2006,"EXP_CARE_EXPENDITURE","999元及以下",115,0.0191252286712124
2006,"EXP_CARE_EXPENDITURE","不知道/拒答",71,0.0118077498752702
2006,"EXP_CARE_EXPENDITURE","沒有這項支出",5286,0.879095293530683
2006,"EXP_CARE_EXPENDITURE_VALUE_SOURCE","source_question",6013,1
2006,"EXP_CLEANING_EXPENDITURE","1,000-1,999 元",69,0.0115713566996478
2006,"EXP_CLEANING_EXPENDITURE","10,000-14,999 元",9,0.00150930739560624
2006,"EXP_CLEANING_EXPENDITURE","15,000-19,999 元",4,0.000670803286936106
2006,"EXP_CLEANING_EXPENDITURE","2,000-2,999 元",18,0.00301861479121248
2006,"EXP_CLEANING_EXPENDITURE","20,000-29,999 元",2,0.000335401643468053
2006,"EXP_CLEANING_EXPENDITURE","3,000-3,999 元",10,0.00167700821734026
2006,"EXP_CLEANING_EXPENDITURE","30,000 元及以上，請記錄________元",1,0.000167700821734027
2006,"EXP_CLEANING_EXPENDITURE","4,000-4,999 元",10,0.00167700821734026
2006,"EXP_CLEANING_EXPENDITURE","5,000-6,999 元",1,0.000167700821734027
2006,"EXP_CLEANING_EXPENDITURE","7,000-9,999 元",11,0.00184470903907429
2006,"EXP_CLEANING_EXPENDITURE","999 元及以下",166,0.0278383364078484
2006,"EXP_CLEANING_EXPENDITURE","沒有這項支出",5662,0.949522052658058
2006,"EXP_CLEANING_EXPENDITURE_VALUE_SOURCE","source_question",6013,1
2006,"EXP_CLOTHING_EXPENDITURE","1,000-1,999元",874,0.145351737901214
2006,"EXP_CLOTHING_EXPENDITURE","10,000-14,999元",1,0.000166306336271412
2006,"EXP_CLOTHING_EXPENDITURE","15,000-19,999元",3,0.000498919008814236
2006,"EXP_CLOTHING_EXPENDITURE","2,000-2,999元",472,0.0784965907201064
2006,"EXP_CLOTHING_EXPENDITURE","3,000-3,999元",406,0.0675203725261933
2006,"EXP_CLOTHING_EXPENDITURE","4,000-4,999元",113,0.0187926159986695
2006,"EXP_CLOTHING_EXPENDITURE","5,000-6,999元",18,0.00299351405288541
2006,"EXP_CLOTHING_EXPENDITURE","7,000-9,999元",38,0.00631964077831365
2006,"EXP_CLOTHING_EXPENDITURE","999元及以下",2056,0.341925827374023
2006,"EXP_CLOTHING_EXPENDITURE","不知道/拒答",404,0.0671877598536504
2006,"EXP_CLOTHING_EXPENDITURE","沒有這項支出",1628,0.270746715449859
2006,"EXP_CLOTHING_EXPENDITURE_VALUE_SOURCE","source_question",6013,1
2006,"EXP_EDU_BOOKS_COMBINED_EXPENDITURE","1,000-1,999元",506,0.0841510061533344
2006,"EXP_EDU_BOOKS_COMBINED_EXPENDITURE","10,000-14,999元",59,0.0098120738400133
2006,"EXP_EDU_BOOKS_COMBINED_EXPENDITURE","100000",1,0.000166306336271412
2006,"EXP_EDU_BOOKS_COMBINED_EXPENDITURE","15,000-19,999元",27,0.00449027107932812
2006,"EXP_EDU_BOOKS_COMBINED_EXPENDITURE","2,000-2,999元",389,0.0646931648095792
2006,"EXP_EDU_BOOKS_COMBINED_EXPENDITURE","20,000-29,999元",9,0.00149675702644271
2006,"EXP_EDU_BOOKS_COMBINED_EXPENDITURE","3,000-3,999元",286,0.0475636121736238
2006,"EXP_EDU_BOOKS_COMBINED_EXPENDITURE","30,000元及以上，請記錄____元",3,0.000498919008814236
2006,"EXP_EDU_BOOKS_COMBINED_EXPENDITURE","34166",1,0.000166306336271412
2006,"EXP_EDU_BOOKS_COMBINED_EXPENDITURE","35000",1,0.000166306336271412
2006,"EXP_EDU_BOOKS_COMBINED_EXPENDITURE","4,000-4,999元",198,0.0329286545817396
2006,"EXP_EDU_BOOKS_COMBINED_EXPENDITURE","5,000-6,999元",361,0.0600365873939797
2006,"EXP_EDU_BOOKS_COMBINED_EXPENDITURE","7,000-9,999元",426,0.0708464992516215
2006,"EXP_EDU_BOOKS_COMBINED_EXPENDITURE","999元及以下",614,0.102112090470647
2006,"EXP_EDU_BOOKS_COMBINED_EXPENDITURE","不知道/拒答",268,0.0445700981207384
2006,"EXP_EDU_BOOKS_COMBINED_EXPENDITURE","沒有這項支出",2864,0.476301347081324
2006,"EXP_EDU_BOOKS_COMBINED_EXPENDITURE_VALUE_SOURCE","source_question",6010,0.999501080991186
2006,"EXP_EDU_BOOKS_COMBINED_EXPENDITURE_VALUE_SOURCE","unlabelled_numeric_exact_amount",3,0.000498919008814236
2006,"EXP_FOOD_EXPENDITURE","10,000-14,999元",1012,0.18947762591275
2006,"EXP_FOOD_EXPENDITURE","15,000-19,999 元",501,0.0938026586781502
2006,"EXP_FOOD_EXPENDITURE","2,999 元及以下",709,0.132746676652312
2006,"EXP_FOOD_EXPENDITURE","20,000-29,999 元",340,0.0636584909193035
2006,"EXP_FOOD_EXPENDITURE","3,000-4,999 元",956,0.17899269799663
2006,"EXP_FOOD_EXPENDITURE","30,000-39,999 元",76,0.0142295450290208
2006,"EXP_FOOD_EXPENDITURE","40,000-49,999 元",7,0.00131061598951507
2006,"EXP_FOOD_EXPENDITURE","5,000-9,999 元",1659,0.310615989515072
2006,"EXP_FOOD_EXPENDITURE","50,000-59,999 元",5,0.000936154278225052
2006,"EXP_FOOD_EXPENDITURE","60,000-69,999 元",1,0.00018723085564501
2006,"EXP_FOOD_EXPENDITURE","沒有這項支出",75,0.0140423141733758
2006,"EXP_FOOD_EXPENDITURE_VALUE_SOURCE","source_question",6013,1
2006,"EXP_FURNITURE_EXPENDITURE","1,000-1,999元",442,0.0735074006319641
2006,"EXP_FURNITURE_EXPENDITURE","10,000-14,999元",4,0.000665225345085648
2006,"EXP_FURNITURE_EXPENDITURE","15,000-19,999元",1,0.000166306336271412
2006,"EXP_FURNITURE_EXPENDITURE","2,000-2,999元",181,0.0301014468651256
2006,"EXP_FURNITURE_EXPENDITURE","20,000-29,999元",5,0.00083153168135706
2006,"EXP_FURNITURE_EXPENDITURE","3,000-3,999元",104,0.0172958589722268
2006,"EXP_FURNITURE_EXPENDITURE","33000",1,0.000166306336271412
2006,"EXP_FURNITURE_EXPENDITURE","4,000-4,999元",92,0.0153001829369699
2006,"EXP_FURNITURE_EXPENDITURE","5,000-6,999元",19,0.00315982038915683
2006,"EXP_FURNITURE_EXPENDITURE","7,000-9,999元",26,0.00432396474305671
2006,"EXP_FURNITURE_EXPENDITURE","999元及以下",943,0.156826875103941
2006,"EXP_FURNITURE_EXPENDITURE","不知道/拒答",323,0.0537169466156661
2006,"EXP_FURNITURE_EXPENDITURE","沒有這項支出",3872,0.643938134042907
2006,"EXP_FURNITURE_EXPENDITURE_VALUE_SOURCE","source_question",6012,0.999833693663729
2006,"EXP_FURNITURE_EXPENDITURE_VALUE_SOURCE","unlabelled_numeric_exact_amount",1,0.000166306336271412
2006,"EXP_HOUSING_UTIL_EXPENDITURE","10,000-14,999 元",379,0.0676664881271202
2006,"EXP_HOUSING_UTIL_EXPENDITURE","15,000-19,999 元",101,0.0180324941974647
2006,"EXP_HOUSING_UTIL_EXPENDITURE","20,000-29,999 元",73,0.0130333868951973
2006,"EXP_HOUSING_UTIL_EXPENDITURE","3,000-4,999 元",1293,0.230851633636851
2006,"EXP_HOUSING_UTIL_EXPENDITURE","30,000-39,999 元",9,0.00160685591858597
2006,"EXP_HOUSING_UTIL_EXPENDITURE","40,000-49,999 元",4,0.000714158186038207
2006,"EXP_HOUSING_UTIL_EXPENDITURE","5,000-9,999 元",893,0.15943581503303
2006,"EXP_HOUSING_UTIL_EXPENDITURE","50,000-59,999 元",2,0.000357079093019104
2006,"EXP_HOUSING_UTIL_EXPENDITURE","999 元及以下",2796,0.499196572040707
2006,"EXP_HOUSING_UTIL_EXPENDITURE","沒有這項支出",51,0.00910551687198714
2006,"EXP_HOUSING_UTIL_EXPENDITURE_VALUE_SOURCE","source_question",6013,1
2006,"EXP_LOAN_INTEREST_EXPENDITURE","1,000-1,999元",37,0.00615333444204224
2006,"EXP_LOAN_INTEREST_EXPENDITURE","10,000-14,999元",341,0.0567104606685515
2006,"EXP_LOAN_INTEREST_EXPENDITURE","15,000-19,999元",158,0.0262764011308831
2006,"EXP_LOAN_INTEREST_EXPENDITURE","2,000-2,999元",134,0.0222850490603692
2006,"EXP_LOAN_INTEREST_EXPENDITURE","20,000-29,999元",127,0.0211209047064693
2006,"EXP_LOAN_INTEREST_EXPENDITURE","3,000-3,999元",225,0.0374189256610677
2006,"EXP_LOAN_INTEREST_EXPENDITURE","30,000元及以上，請記錄____元",8,0.0013304506901713
2006,"EXP_LOAN_INTEREST_EXPENDITURE","30000",4,0.000665225345085648
2006,"EXP_LOAN_INTEREST_EXPENDITURE","4,000-4,999元",105,0.0174621653084983
2006,"EXP_LOAN_INTEREST_EXPENDITURE","5,000-6,999元",186,0.0309329785464826
2006,"EXP_LOAN_INTEREST_EXPENDITURE","7,000-9,999元",854,0.142025611175786
2006,"EXP_LOAN_INTEREST_EXPENDITURE","999元及以下",39,0.00648594711458507
2006,"EXP_LOAN_INTEREST_EXPENDITURE","不知道/拒答",206,0.0342591052719109
2006,"EXP_LOAN_INTEREST_EXPENDITURE","沒有這項支出",3589,0.596873440878097
2006,"EXP_LOAN_INTEREST_EXPENDITURE_VALUE_SOURCE","source_question",6009,0.999334774654914
2006,"EXP_LOAN_INTEREST_EXPENDITURE_VALUE_SOURCE","unlabelled_numeric_exact_amount",4,0.000665225345085648
2006,"EXP_MEDICAL_EXPENDITURE","1,000-1,999 元",911,0.172472548277168
2006,"EXP_MEDICAL_EXPENDITURE","10,000-14,999 元",174,0.0329420673987126
2006,"EXP_MEDICAL_EXPENDITURE","15,000-19,999 元",41,0.0077622112836047
2006,"EXP_MEDICAL_EXPENDITURE","2,000-2,999 元",601,0.113782658084059
2006,"EXP_MEDICAL_EXPENDITURE","20,000-29,999 元",23,0.0043544112078758
2006,"EXP_MEDICAL_EXPENDITURE","3,000-3,999 元",366,0.0692919348731541
2006,"EXP_MEDICAL_EXPENDITURE","30,000 元及以上，請記錄________元",7,0.00132525558500568
2006,"EXP_MEDICAL_EXPENDITURE","4,000-4,999 元",210,0.0397576675501704
2006,"EXP_MEDICAL_EXPENDITURE","5,000-6,999 元",341,0.0645588792124195
2006,"EXP_MEDICAL_EXPENDITURE","7,000-9,999 元",335,0.0634229458538432
2006,"EXP_MEDICAL_EXPENDITURE","999元及以下",1829,0.346270352139341
2006,"EXP_MEDICAL_EXPENDITURE","沒有這項支出",444,0.084059068534646
2006,"EXP_MEDICAL_EXPENDITURE_VALUE_SOURCE","source_question",6013,1
2006,"EXP_OTHER_EXPENDITURE","1,000-1,999元",556,0.092466322966905
2006,"EXP_OTHER_EXPENDITURE","10,000-14,999元",8,0.0013304506901713
2006,"EXP_OTHER_EXPENDITURE","15,000-19,999元",1,0.000166306336271412
2006,"EXP_OTHER_EXPENDITURE","2,000-2,999元",285,0.0473973058373524
2006,"EXP_OTHER_EXPENDITURE","20,000-29,999元",1,0.000166306336271412
2006,"EXP_OTHER_EXPENDITURE","3,000-3,999元",83,0.0138034259105272
2006,"EXP_OTHER_EXPENDITURE","4,000-4,999元",47,0.00781639780475636
2006,"EXP_OTHER_EXPENDITURE","5,000-6,999元",30,0.00498919008814236
2006,"EXP_OTHER_EXPENDITURE","7,000-9,999元",12,0.00199567603525694
2006,"EXP_OTHER_EXPENDITURE","999元及以下",1067,0.177448860801597
2006,"EXP_OTHER_EXPENDITURE","不知道/拒答",168,0.0279394644935972
2006,"EXP_OTHER_EXPENDITURE","沒有這項支出",3755,0.624480292699152
2006,"EXP_OTHER_EXPENDITURE_VALUE_SOURCE","source_question",6013,1
2006,"EXP_TAX_INS_GIFT_EXPENDITURE","1,000-1,999元",730,0.152400835073069
2006,"EXP_TAX_INS_GIFT_EXPENDITURE","10,000-14,999 元",19,0.00396659707724426
2006,"EXP_TAX_INS_GIFT_EXPENDITURE","15,000-19,999 元",3,0.000626304801670146
2006,"EXP_TAX_INS_GIFT_EXPENDITURE","2,000-2,999 元",866,0.180793319415449
2006,"EXP_TAX_INS_GIFT_EXPENDITURE","20,000-29,999 元",1,0.000208768267223382
2006,"EXP_TAX_INS_GIFT_EXPENDITURE","3,000-3,999 元",731,0.152609603340292
2006,"EXP_TAX_INS_GIFT_EXPENDITURE","4,000-4,999 元",532,0.111064718162839
2006,"EXP_TAX_INS_GIFT_EXPENDITURE","5,000-6,999 元",804,0.167849686847599
2006,"EXP_TAX_INS_GIFT_EXPENDITURE","7,000-9,999 元",403,0.084133611691023
2006,"EXP_TAX_INS_GIFT_EXPENDITURE","999 元及以下",537,0.112108559498956
2006,"EXP_TAX_INS_GIFT_EXPENDITURE","沒有這項支出",164,0.0342379958246347
2006,"EXP_TAX_INS_GIFT_EXPENDITURE_VALUE_SOURCE","source_question",6013,1
2006,"EXP_TRANSPORT_COMM_EXPENDITURE","1,000-1,999 元",775,0.143226760303086
2006,"EXP_TRANSPORT_COMM_EXPENDITURE","10,000-14,999 元",415,0.0766956200332656
2006,"EXP_TRANSPORT_COMM_EXPENDITURE","15,000-19,999 元",130,0.0240251339863242
2006,"EXP_TRANSPORT_COMM_EXPENDITURE","2,000-2,999 元",764,0.141193864350397
2006,"EXP_TRANSPORT_COMM_EXPENDITURE","20,000-29,999 元",11,0.00203289595268897
2006,"EXP_TRANSPORT_COMM_EXPENDITURE","3,000-3,999 元",618,0.114211790796526
2006,"EXP_TRANSPORT_COMM_EXPENDITURE","30,000 元及以上，請記錄________元",2,0.000369617445943449
2006,"EXP_TRANSPORT_COMM_EXPENDITURE","4,000-4,999 元",470,0.0868600997967104
2006,"EXP_TRANSPORT_COMM_EXPENDITURE","5,000-6,999 元",899,0.16614304195158
2006,"EXP_TRANSPORT_COMM_EXPENDITURE","7,000-9,999 元",516,0.0953613010534097
2006,"EXP_TRANSPORT_COMM_EXPENDITURE","999 元及以下",769,0.142117907965256
2006,"EXP_TRANSPORT_COMM_EXPENDITURE","沒有這項支出",42,0.00776196636481242
2006,"EXP_TRANSPORT_COMM_EXPENDITURE_VALUE_SOURCE","source_question",6013,1
2006,"EXP_TRAVEL_EXPENDITURE","1,000-1,999元",243,0.0404124397139531
2006,"EXP_TRAVEL_EXPENDITURE","10,000-14,999元",14,0.00232828870779977
2006,"EXP_TRAVEL_EXPENDITURE","15,000-19,999元",7,0.00116414435389988
2006,"EXP_TRAVEL_EXPENDITURE","2,000-2,999元",168,0.0279394644935972
2006,"EXP_TRAVEL_EXPENDITURE","20,000-29,999元",7,0.00116414435389988
2006,"EXP_TRAVEL_EXPENDITURE","3,000-3,999元",72,0.0119740562115417
2006,"EXP_TRAVEL_EXPENDITURE","4,000-4,999元",99,0.0164643272908698
2006,"EXP_TRAVEL_EXPENDITURE","5,000-6,999元",115,0.0191252286712124
2006,"EXP_TRAVEL_EXPENDITURE","50000",2,0.000332612672542824
2006,"EXP_TRAVEL_EXPENDITURE","60000",1,0.000166306336271412
2006,"EXP_TRAVEL_EXPENDITURE","7,000-9,999元",11,0.00182936969898553
2006,"EXP_TRAVEL_EXPENDITURE","999元及以下",361,0.0600365873939797
2006,"EXP_TRAVEL_EXPENDITURE","不知道/拒答",82,0.0136371195742558
2006,"EXP_TRAVEL_EXPENDITURE","沒有這項支出",4831,0.803425910527191
2006,"EXP_TRAVEL_EXPENDITURE_VALUE_SOURCE","source_question",6010,0.999501080991186
2006,"EXP_TRAVEL_EXPENDITURE_VALUE_SOURCE","unlabelled_numeric_exact_amount",3,0.000498919008814236
2006,"GEOGRAPHY_KEY","南投縣::中寮鄉",1,0.000166306336271412
2006,"GEOGRAPHY_KEY","南投縣::仁愛鄉",171,0.0284383835024114
2006,"GEOGRAPHY_KEY","南投縣::信義鄉",145,0.0241144187593547
2006,"GEOGRAPHY_KEY","南投縣::南投市",5,0.00083153168135706
2006,"GEOGRAPHY_KEY","南投縣::國姓鄉",2,0.000332612672542824
2006,"GEOGRAPHY_KEY","南投縣::埔里鎮",35,0.00582072176949942
2006,"GEOGRAPHY_KEY","南投縣::水里鄉",4,0.000665225345085648
2006,"GEOGRAPHY_KEY","南投縣::草屯鎮",5,0.00083153168135706
2006,"GEOGRAPHY_KEY","南投縣::集集鎮",1,0.000166306336271412
2006,"GEOGRAPHY_KEY","南投縣::魚池鄉",9,0.00149675702644271
2006,"GEOGRAPHY_KEY","嘉義市::東區",7,0.00116414435389988
2006,"GEOGRAPHY_KEY","嘉義縣::中埔鄉",2,0.000332612672542824
2006,"GEOGRAPHY_KEY","嘉義縣::大埔鄉",1,0.000166306336271412
2006,"GEOGRAPHY_KEY","嘉義縣::布袋鎮",1,0.000166306336271412
2006,"GEOGRAPHY_KEY","嘉義縣::新港鄉",11,0.00182936969898553
2006,"GEOGRAPHY_KEY","嘉義縣::朴子市",1,0.000166306336271412
2006,"GEOGRAPHY_KEY","嘉義縣::東石鄉",1,0.000166306336271412
2006,"GEOGRAPHY_KEY","嘉義縣::民雄鄉",2,0.000332612672542824
2006,"GEOGRAPHY_KEY","嘉義縣::阿里山",30,0.00498919008814236
2006,"GEOGRAPHY_KEY","基隆市::七堵區",4,0.000665225345085648
2006,"GEOGRAPHY_KEY","基隆市::中山區",1,0.000166306336271412
2006,"GEOGRAPHY_KEY","基隆市::中正區",4,0.000665225345085648
2006,"GEOGRAPHY_KEY","基隆市::信義區",3,0.000498919008814236
2006,"GEOGRAPHY_KEY","基隆市::安樂區",1,0.000166306336271412
2006,"GEOGRAPHY_KEY","基隆市::暖暖區",1,0.000166306336271412
2006,"GEOGRAPHY_KEY","宜蘭縣::三星鄉",5,0.00083153168135706
2006,"GEOGRAPHY_KEY","宜蘭縣::五結鄉",3,0.000498919008814236
2006,"GEOGRAPHY_KEY","宜蘭縣::冬山鄉",2,0.000332612672542824
2006,"GEOGRAPHY_KEY","宜蘭縣::南澳鄉",92,0.0153001829369699
2006,"GEOGRAPHY_KEY","宜蘭縣::員山鄉",4,0.000665225345085648
2006,"GEOGRAPHY_KEY","宜蘭縣::壯圍鄉",3,0.000498919008814236
2006,"GEOGRAPHY_KEY","宜蘭縣::大同鄉",128,0.0212872110427407
2006,"GEOGRAPHY_KEY","宜蘭縣::宜蘭市",16,0.00266090138034259
2006,"GEOGRAPHY_KEY","宜蘭縣::礁溪鄉",2,0.000332612672542824
2006,"GEOGRAPHY_KEY","宜蘭縣::羅東鎮",8,0.0013304506901713
2006,"GEOGRAPHY_KEY","宜蘭縣::蘇澳鎮",8,0.0013304506901713
2006,"GEOGRAPHY_KEY","屏東縣::",1,0.000166306336271412
2006,"GEOGRAPHY_KEY","屏東縣::三地門鄉",83,0.0138034259105272
2006,"GEOGRAPHY_KEY","屏東縣::九如鄉",1,0.000166306336271412
2006,"GEOGRAPHY_KEY","屏東縣::來義鄉",57,0.00947946116747048
2006,"GEOGRAPHY_KEY","屏東縣::內埔鄉",8,0.0013304506901713
2006,"GEOGRAPHY_KEY","屏東縣::屏東市",12,0.00199567603525694
2006,"GEOGRAPHY_KEY","屏東縣::恆春鎮",2,0.000332612672542824
2006,"GEOGRAPHY_KEY","屏東縣::新園鄉",2,0.000332612672542824
2006,"GEOGRAPHY_KEY","屏東縣::春日鄉",113,0.0187926159986695
2006,"GEOGRAPHY_KEY","屏東縣::枋寮鄉",3,0.000498919008814236
2006,"GEOGRAPHY_KEY","屏東縣::枋山鄉",2,0.000332612672542824
2006,"GEOGRAPHY_KEY","屏東縣::泰武鄉",74,0.0123066688840845
2006,"GEOGRAPHY_KEY","屏東縣::滿州鄉",44,0.00731747879594213
2006,"GEOGRAPHY_KEY","屏東縣::潮州鎮",3,0.000498919008814236
2006,"GEOGRAPHY_KEY","屏東縣::牡丹鄉",138,0.0229502744054548
2006,"GEOGRAPHY_KEY","屏東縣::獅子鄉",55,0.00914684849492766
2006,"GEOGRAPHY_KEY","屏東縣::瑪家鄉",112,0.0186263096623981
2006,"GEOGRAPHY_KEY","屏東縣::萬丹鄉",3,0.000498919008814236
2006,"GEOGRAPHY_KEY","屏東縣::萬巒鄉",5,0.00083153168135706
2006,"GEOGRAPHY_KEY","屏東縣::車城鄉",4,0.000665225345085648
2006,"GEOGRAPHY_KEY","屏東縣::長治鄉",4,0.000665225345085648
2006,"GEOGRAPHY_KEY","屏東縣::霧臺鄉",29,0.00482288375187095
2006,"GEOGRAPHY_KEY","屏東縣::鹽埔鄉",1,0.000166306336271412
2006,"GEOGRAPHY_KEY","彰化縣::二水鄉",1,0.000166306336271412
2006,"GEOGRAPHY_KEY","彰化縣::北斗鎮",1,0.000166306336271412
2006,"GEOGRAPHY_KEY","彰化縣::和美鎮",3,0.000498919008814236
2006,"GEOGRAPHY_KEY","彰化縣::員林鎮",6,0.000997838017628472
2006,"GEOGRAPHY_KEY","彰化縣::埔鹽鄉",1,0.000166306336271412
2006,"GEOGRAPHY_KEY","彰化縣::彰化市",2,0.000332612672542824
2006,"GEOGRAPHY_KEY","彰化縣::福興鄉",1,0.000166306336271412
2006,"GEOGRAPHY_KEY","彰化縣::花壇鄉",30,0.00498919008814236
2006,"GEOGRAPHY_KEY","彰化縣::鹿港鎮",1,0.000166306336271412
2006,"GEOGRAPHY_KEY","新北市::三峽鎮",8,0.0013304506901713
2006,"GEOGRAPHY_KEY","新北市::三芝鄉",2,0.000332612672542824
2006,"GEOGRAPHY_KEY","新北市::三重市",34,0.00565441543322801
2006,"GEOGRAPHY_KEY","新北市::中和市",18,0.00299351405288541
2006,"GEOGRAPHY_KEY","新北市::五股鄉",6,0.000997838017628472
2006,"GEOGRAPHY_KEY","新北市::土城市",21,0.00349243306169965
2006,"GEOGRAPHY_KEY","新北市::新店市",15,0.00249459504407118
2006,"GEOGRAPHY_KEY","新北市::新莊市",11,0.00182936969898553
2006,"GEOGRAPHY_KEY","新北市::板橋市",30,0.00498919008814236
2006,"GEOGRAPHY_KEY","新北市::林口鄉",2,0.000332612672542824
2006,"GEOGRAPHY_KEY","新北市::樹林鎮",44,0.00731747879594213
2006,"GEOGRAPHY_KEY","新北市::永和市",15,0.00249459504407118
2006,"GEOGRAPHY_KEY","新北市::汐止鎮",2,0.000332612672542824
2006,"GEOGRAPHY_KEY","新北市::泰山鄉",1,0.000166306336271412
2006,"GEOGRAPHY_KEY","新北市::淡水鎮",1,0.000166306336271412
2006,"GEOGRAPHY_KEY","新北市::深坑鄉",12,0.00199567603525694
2006,"GEOGRAPHY_KEY","新北市::烏來鄉",20,0.00332612672542824
2006,"GEOGRAPHY_KEY","新北市::瑞芳鎮",1,0.000166306336271412
2006,"GEOGRAPHY_KEY","新北市::蘆洲鄉",11,0.00182936969898553
2006,"GEOGRAPHY_KEY","新北市::貢寮鄉",1,0.000166306336271412
2006,"GEOGRAPHY_KEY","新北市::鶯歌鎮",7,0.00116414435389988
2006,"GEOGRAPHY_KEY","新竹市::",1,0.000166306336271412
2006,"GEOGRAPHY_KEY","新竹市::北區",7,0.00116414435389988
2006,"GEOGRAPHY_KEY","新竹市::東區",5,0.00083153168135706
2006,"GEOGRAPHY_KEY","新竹市::香山區",1,0.000166306336271412
2006,"GEOGRAPHY_KEY","新竹縣::五峰鄉",34,0.00565441543322801
2006,"GEOGRAPHY_KEY","新竹縣::尖石鄉",54,0.00898054215865625
2006,"GEOGRAPHY_KEY","新竹縣::新埔鎮",1,0.000166306336271412
2006,"GEOGRAPHY_KEY","新竹縣::新豐鄉",3,0.000498919008814236
2006,"GEOGRAPHY_KEY","新竹縣::橫山鄉",1,0.000166306336271412
2006,"GEOGRAPHY_KEY","新竹縣::湖口鄉",31,0.00515549642441377
2006,"GEOGRAPHY_KEY","新竹縣::竹北市",1,0.000166306336271412
2006,"GEOGRAPHY_KEY","新竹縣::竹東鎮",31,0.00515549642441377
2006,"GEOGRAPHY_KEY","新竹縣::芎林鄉",2,0.000332612672542824
2006,"GEOGRAPHY_KEY","新竹縣::關西鎮",2,0.000332612672542824
2006,"GEOGRAPHY_KEY","桃園市::",1,0.000166306336271412
2006,"GEOGRAPHY_KEY","桃園市::中壢市",16,0.00266090138034259
2006,"GEOGRAPHY_KEY","桃園市::八德市",14,0.00232828870779977
2006,"GEOGRAPHY_KEY","桃園市::大園鄉",12,0.00199567603525694
2006,"GEOGRAPHY_KEY","桃園市::大溪鎮",31,0.00515549642441377
2006,"GEOGRAPHY_KEY","桃園市::平鎮市",7,0.00116414435389988
2006,"GEOGRAPHY_KEY","桃園市::復興鄉",157,0.0261100947946117
2006,"GEOGRAPHY_KEY","桃園市::新屋鄉",5,0.00083153168135706
2006,"GEOGRAPHY_KEY","桃園市::桃園市",16,0.00266090138034259
2006,"GEOGRAPHY_KEY","桃園市::楊梅鎮",13,0.00216198237152836
2006,"GEOGRAPHY_KEY","桃園市::蘆竹鄉",11,0.00182936969898553
2006,"GEOGRAPHY_KEY","桃園市::觀音鄉",6,0.000997838017628472
2006,"GEOGRAPHY_KEY","桃園市::龍潭鄉",9,0.00149675702644271
2006,"GEOGRAPHY_KEY","桃園市::龜山鄉",14,0.00232828870779977
2006,"GEOGRAPHY_KEY","澎湖縣::望安鄉",1,0.000166306336271412
2006,"GEOGRAPHY_KEY","澎湖縣::白沙鄉",1,0.000166306336271412
2006,"GEOGRAPHY_KEY","澎湖縣::馬公市",1,0.000166306336271412
2006,"GEOGRAPHY_KEY","臺中市::中區",1,0.000166306336271412
2006,"GEOGRAPHY_KEY","臺中市::北區",14,0.00232828870779977
2006,"GEOGRAPHY_KEY","臺中市::北屯區",23,0.00382504573424247
2006,"GEOGRAPHY_KEY","臺中市::南區",8,0.0013304506901713
2006,"GEOGRAPHY_KEY","臺中市::南屯區",2,0.000332612672542824
2006,"GEOGRAPHY_KEY","臺中市::和平鄉",41,0.00681855978712789
2006,"GEOGRAPHY_KEY","臺中市::外埔鄉",1,0.000166306336271412
2006,"GEOGRAPHY_KEY","臺中市::大肚鄉",4,0.000665225345085648
2006,"GEOGRAPHY_KEY","臺中市::大里市",18,0.00299351405288541
2006,"GEOGRAPHY_KEY","臺中市::大雅鄉",106,0.0176284716447697
2006,"GEOGRAPHY_KEY","臺中市::太平鄉",6,0.000997838017628472
2006,"GEOGRAPHY_KEY","臺中市::東勢鎮",2,0.000332612672542824
2006,"GEOGRAPHY_KEY","臺中市::東區",5,0.00083153168135706
2006,"GEOGRAPHY_KEY","臺中市::梧棲鎮",5,0.00083153168135706
2006,"GEOGRAPHY_KEY","臺中市::沙鹿鎮",7,0.00116414435389988
2006,"GEOGRAPHY_KEY","臺中市::清水鎮",7,0.00116414435389988
2006,"GEOGRAPHY_KEY","臺中市::烏日鄉",8,0.0013304506901713
2006,"GEOGRAPHY_KEY","臺中市::石岡鄉",1,0.000166306336271412
2006,"GEOGRAPHY_KEY","臺中市::神岡鄉",3,0.000498919008814236
2006,"GEOGRAPHY_KEY","臺中市::西區",2,0.000332612672542824
2006,"GEOGRAPHY_KEY","臺中市::西屯區",3,0.000498919008814236
2006,"GEOGRAPHY_KEY","臺中市::豐原市",3,0.000498919008814236
2006,"GEOGRAPHY_KEY","臺中市::霧峰鄉",1,0.000166306336271412
2006,"GEOGRAPHY_KEY","臺中市::龍井鄉",6,0.000997838017628472
2006,"GEOGRAPHY_KEY","臺北市::中山區",24,0.00399135207051389
2006,"GEOGRAPHY_KEY","臺北市::中正區",9,0.00149675702644271
2006,"GEOGRAPHY_KEY","臺北市::信義區",8,0.0013304506901713
2006,"GEOGRAPHY_KEY","臺北市::內湖區",15,0.00249459504407118
2006,"GEOGRAPHY_KEY","臺北市::北投區",10,0.00166306336271412
2006,"GEOGRAPHY_KEY","臺北市::南港區",8,0.0013304506901713
2006,"GEOGRAPHY_KEY","臺北市::士林區",23,0.00382504573424247
2006,"GEOGRAPHY_KEY","臺北市::大同區",21,0.00349243306169965
2006,"GEOGRAPHY_KEY","臺北市::大安區",8,0.0013304506901713
2006,"GEOGRAPHY_KEY","臺北市::文山區",14,0.00232828870779977
2006,"GEOGRAPHY_KEY","臺北市::松山區",18,0.00299351405288541
2006,"GEOGRAPHY_KEY","臺北市::萬華區",24,0.00399135207051389
2006,"GEOGRAPHY_KEY","臺南市::",2,0.000332612672542824
2006,"GEOGRAPHY_KEY","臺南市::仁德鄉",10,0.00166306336271412
2006,"GEOGRAPHY_KEY","臺南市::北區",6,0.000997838017628472
2006,"GEOGRAPHY_KEY","臺南市::南區",1,0.000166306336271412
2006,"GEOGRAPHY_KEY","臺南市::學甲鎮",1,0.000166306336271412
2006,"GEOGRAPHY_KEY","臺南市::安南區",3,0.000498919008814236
2006,"GEOGRAPHY_KEY","臺南市::安平區",5,0.00083153168135706
2006,"GEOGRAPHY_KEY","臺南市::官田鄉",1,0.000166306336271412
2006,"GEOGRAPHY_KEY","臺南市::左鎮鄉",1,0.000166306336271412
2006,"GEOGRAPHY_KEY","臺南市::新化鎮",2,0.000332612672542824
2006,"GEOGRAPHY_KEY","臺南市::東區",6,0.000997838017628472
2006,"GEOGRAPHY_KEY","臺南市::歸仁鄉",3,0.000498919008814236
2006,"GEOGRAPHY_KEY","臺南市::永康市",5,0.00083153168135706
2006,"GEOGRAPHY_KEY","臺南市::白河鎮",1,0.000166306336271412
2006,"GEOGRAPHY_KEY","臺南市::鹽水鎮",1,0.000166306336271412
2006,"GEOGRAPHY_KEY","臺東縣::",1,0.000166306336271412
2006,"GEOGRAPHY_KEY","臺東縣::卑南鄉",116,0.0192915350074838
2006,"GEOGRAPHY_KEY","臺東縣::大武鄉",35,0.00582072176949942
2006,"GEOGRAPHY_KEY","臺東縣::太麻里",108,0.0179610843173125
2006,"GEOGRAPHY_KEY","臺東縣::延平鄉",111,0.0184600033261267
2006,"GEOGRAPHY_KEY","臺東縣::成功鎮",176,0.0292699151837685
2006,"GEOGRAPHY_KEY","臺東縣::東河鄉",38,0.00631964077831365
2006,"GEOGRAPHY_KEY","臺東縣::池上鄉",56,0.00931315483119907
2006,"GEOGRAPHY_KEY","臺東縣::海端鄉",63,0.010477299185099
2006,"GEOGRAPHY_KEY","臺東縣::綠島鄉",2,0.000332612672542824
2006,"GEOGRAPHY_KEY","臺東縣::臺東市",251,0.0417428904041244
2006,"GEOGRAPHY_KEY","臺東縣::蘭嶼鄉",49,0.00814901047729918
2006,"GEOGRAPHY_KEY","臺東縣::達仁鄉",92,0.0153001829369699
2006,"GEOGRAPHY_KEY","臺東縣::金峰鄉",113,0.0187926159986695
2006,"GEOGRAPHY_KEY","臺東縣::長濱鄉",112,0.0186263096623981
2006,"GEOGRAPHY_KEY","臺東縣::關山鎮",55,0.00914684849492766
2006,"GEOGRAPHY_KEY","臺東縣::鹿野鄉",52,0.00864792948611342
2006,"GEOGRAPHY_KEY","花蓮縣::光復鄉",76,0.0126392815566273
2006,"GEOGRAPHY_KEY","花蓮縣::卓溪鄉",191,0.0317645102278397
2006,"GEOGRAPHY_KEY","花蓮縣::吉安鄉",192,0.0319308165641111
2006,"GEOGRAPHY_KEY","花蓮縣::壽豐鄉",75,0.0124729752203559
2006,"GEOGRAPHY_KEY","花蓮縣::富里鄉",39,0.00648594711458507
2006,"GEOGRAPHY_KEY","花蓮縣::新城鄉",42,0.0069848661233993
2006,"GEOGRAPHY_KEY","花蓮縣::玉里鎮",152,0.0252785631132546
2006,"GEOGRAPHY_KEY","花蓮縣::瑞穗鄉",94,0.0156327956095127
2006,"GEOGRAPHY_KEY","花蓮縣::秀林鄉",140,0.0232828870779977
2006,"GEOGRAPHY_KEY","花蓮縣::花蓮市",63,0.010477299185099
2006,"GEOGRAPHY_KEY","花蓮縣::萬榮鄉",66,0.0109762181939132
2006,"GEOGRAPHY_KEY","花蓮縣::豐濱鄉",67,0.0111425245301846
2006,"GEOGRAPHY_KEY","花蓮縣::鳳林鎮",31,0.00515549642441377
2006,"GEOGRAPHY_KEY","苗栗縣::三義鄉",2,0.000332612672542824
2006,"GEOGRAPHY_KEY","苗栗縣::公館鄉",1,0.000166306336271412
2006,"GEOGRAPHY_KEY","苗栗縣::南庄鄉",50,0.0083153168135706
2006,"GEOGRAPHY_KEY","苗栗縣::大湖鄉",4,0.000665225345085648
2006,"GEOGRAPHY_KEY","苗栗縣::後龍鎮",1,0.000166306336271412
2006,"GEOGRAPHY_KEY","苗栗縣::泰安鄉",92,0.0153001829369699
2006,"GEOGRAPHY_KEY","苗栗縣::獅潭鄉",3,0.000498919008814236
2006,"GEOGRAPHY_KEY","苗栗縣::竹南鎮",2,0.000332612672542824
2006,"GEOGRAPHY_KEY","苗栗縣::苑裡鎮",3,0.000498919008814236
2006,"GEOGRAPHY_KEY","苗栗縣::苗栗市",6,0.000997838017628472
2006,"GEOGRAPHY_KEY","苗栗縣::通霄鎮",2,0.000332612672542824
2006,"GEOGRAPHY_KEY","苗栗縣::造橋鄉",1,0.000166306336271412
2006,"GEOGRAPHY_KEY","苗栗縣::銅鑼鄉",1,0.000166306336271412
2006,"GEOGRAPHY_KEY","苗栗縣::頭份鎮",7,0.00116414435389988
2006,"GEOGRAPHY_KEY","連江縣::南竿鄉",1,0.000166306336271412
2006,"GEOGRAPHY_KEY","連江縣::莒光鄉",1,0.000166306336271412
2006,"GEOGRAPHY_KEY","金門縣::金寧鎮",1,0.000166306336271412
2006,"GEOGRAPHY_KEY","金門縣::金沙鎮",1,0.000166306336271412
2006,"GEOGRAPHY_KEY","金門縣::金湖鎮",1,0.000166306336271412
2006,"GEOGRAPHY_KEY","雲林縣::斗六市",1,0.000166306336271412
2006,"GEOGRAPHY_KEY","雲林縣::斗南鎮",1,0.000166306336271412
2006,"GEOGRAPHY_KEY","雲林縣::虎尾鎮",1,0.000166306336271412
2006,"GEOGRAPHY_KEY","雲林縣::褒忠鄉",1,0.000166306336271412
2006,"GEOGRAPHY_KEY","雲林縣::麥寮鄉",16,0.00266090138034259
2006,"GEOGRAPHY_KEY","高雄市::",1,0.000166306336271412
2006,"GEOGRAPHY_KEY","高雄市::三民區",7,0.00116414435389988
2006,"GEOGRAPHY_KEY","高雄市::六龜鄉",2,0.000332612672542824
2006,"GEOGRAPHY_KEY","高雄市::前鎮區",26,0.00432396474305671
2006,"GEOGRAPHY_KEY","高雄市::大寮鄉",3,0.000498919008814236
2006,"GEOGRAPHY_KEY","高雄市::大樹鄉",4,0.000665225345085648
2006,"GEOGRAPHY_KEY","高雄市::小港區",23,0.00382504573424247
2006,"GEOGRAPHY_KEY","高雄市::岡山鎮",11,0.00182936969898553
2006,"GEOGRAPHY_KEY","高雄市::左營區",38,0.00631964077831365
2006,"GEOGRAPHY_KEY","高雄市::新興區",3,0.000498919008814236
2006,"GEOGRAPHY_KEY","高雄市::杉林鄉",3,0.000498919008814236
2006,"GEOGRAPHY_KEY","高雄市::林園鄉",2,0.000332612672542824
2006,"GEOGRAPHY_KEY","高雄市::桃源鄉",47,0.00781639780475636
2006,"GEOGRAPHY_KEY","高雄市::梓官鄉",11,0.00182936969898553
2006,"GEOGRAPHY_KEY","高雄市::楠梓區",18,0.00299351405288541
2006,"GEOGRAPHY_KEY","高雄市::永安鄉",1,0.000166306336271412
2006,"GEOGRAPHY_KEY","高雄市::燕巢鄉",1,0.000166306336271412
2006,"GEOGRAPHY_KEY","高雄市::甲仙鄉",3,0.000498919008814236
2006,"GEOGRAPHY_KEY","高雄市::苓雅區",9,0.00149675702644271
2006,"GEOGRAPHY_KEY","高雄市::茂林鄉",47,0.00781639780475636
2006,"GEOGRAPHY_KEY","高雄市::那瑪夏區",69,0.0114751372027274
2006,"GEOGRAPHY_KEY","高雄市::鳳山市",40,0.00665225345085648
2006,"GEOGRAPHY_KEY","高雄市::鹽埕區",4,0.000665225345085648
2006,"GEOGRAPHY_KEY","高雄市::鼓山區",3,0.000498919008814236
2006,"GEOGRAPHY_LEVEL","township",6013,1
2006,"HAS_INDI_55PLUS","FALSE",2925,0.486931912768437
2006,"HAS_INDI_55PLUS","TRUE",3082,0.513068087231563
2006,"HAS_INDI_65PLUS","FALSE",4116,0.684972541188218
2006,"HAS_INDI_65PLUS","TRUE",1893,0.315027458811782
2006,"HOUSE_BELONG","借用",265,0.0441519493502166
2006,"HOUSE_BELONG","租賃",852,0.141952682439187
2006,"HOUSE_BELONG","自有/家人所有/自建",4797,0.799233588803732
2006,"HOUSE_BELONG","配住",88,0.0146617794068644
2006,"INC_FAM_ANALYSIS_ELIGIBILITY_REASON","該年度無I1跳答排除規則",6013,1
2006,"INC_FAM_ANALYSIS_ELIGIBLE","TRUE",6013,1
2006,"INC_FAM_GOV_INCOME","1,000-1,999 元",52,0.00895625215294523
2006,"INC_FAM_GOV_INCOME","10,000-14,999 元",166,0.0285911126420944
2006,"INC_FAM_GOV_INCOME","15,000-19,999 元",34,0.00585601102307957
2006,"INC_FAM_GOV_INCOME","2,000-3,999 元",1022,0.176024801929039
2006,"INC_FAM_GOV_INCOME","20,000-29,999 元",22,0.00378918360316914
2006,"INC_FAM_GOV_INCOME","30,000 元及以上，請記錄________元",8,0.00137788494660696
2006,"INC_FAM_GOV_INCOME","4,000-5,999元",425,0.0732001377884947
2006,"INC_FAM_GOV_INCOME","6,000-7,999 元",359,0.0618325869789873
2006,"INC_FAM_GOV_INCOME","8,000-9,999 元",112,0.0192903892524974
2006,"INC_FAM_GOV_INCOME","999 元及以下",51,0.00878401653461936
2006,"INC_FAM_GOV_INCOME","沒有這項收入",3555,0.612297623148467
2006,"INC_FAM_GOV_INCOME_VALUE_SOURCE","source_question",6013,1
2006,"INC_FAM_INTEREST_INCOME","10,000-14,999 元",30,0.00512645249487355
2006,"INC_FAM_INTEREST_INCOME","15,000-19,999 元",19,0.00324675324675325
2006,"INC_FAM_INTEREST_INCOME","20,000-29,999 元",16,0.00273410799726589
2006,"INC_FAM_INTEREST_INCOME","30,000 元及以上，請記錄________元",14,0.00239234449760766
2006,"INC_FAM_INTEREST_INCOME","4,999元及以下",105,0.0179425837320574
2006,"INC_FAM_INTEREST_INCOME","5,000-9,999元",80,0.0136705399863295
2006,"INC_FAM_INTEREST_INCOME","沒有這項收入",5588,0.954887218045113
2006,"INC_FAM_INTEREST_INCOME_VALUE_SOURCE","source_question",6013,1
2006,"INC_FAM_OTHER_INCOME","10,000-14,999元",96,0.0159654082820555
2006,"INC_FAM_OTHER_INCOME","15,000-19,999元",84,0.0139697322467986
2006,"INC_FAM_OTHER_INCOME","20,000-24,999元",34,0.00565441543322801
2006,"INC_FAM_OTHER_INCOME","25,000-29,999元",15,0.00249459504407118
2006,"INC_FAM_OTHER_INCOME","30,000-39,999元",6,0.000997838017628472
2006,"INC_FAM_OTHER_INCOME","4,999元及以下",353,0.0587061367038084
2006,"INC_FAM_OTHER_INCOME","40,000-49,999元",2,0.000332612672542824
2006,"INC_FAM_OTHER_INCOME","5,000-9,999元",173,0.0287709961749543
2006,"INC_FAM_OTHER_INCOME","50,000-59,999元",2,0.000332612672542824
2006,"INC_FAM_OTHER_INCOME","不知道/拒答",105,0.0174621653084983
2006,"INC_FAM_OTHER_INCOME","沒有這項收入",5143,0.855313487443872
2006,"INC_FAM_OTHER_INCOME_VALUE_SOURCE","source_question",6013,1
2006,"INC_FAM_RENT_INCOME","10,000-14,999 元",21,0.00354191263282172
2006,"INC_FAM_RENT_INCOME","15,000-19,999 元",17,0.00286726260752235
2006,"INC_FAM_RENT_INCOME","20,000-24,999 元",7,0.00118063754427391
2006,"INC_FAM_RENT_INCOME","25,000-29,999 元",9,0.0015179625569236
2006,"INC_FAM_RENT_INCOME","4,999 元及以下",62,0.0104570753921403
2006,"INC_FAM_RENT_INCOME","5,000-9,999 元",41,0.0069151627593186
2006,"INC_FAM_RENT_INCOME","80,000 元及以上，請記錄_________________元",1,0.000168662506324844
2006,"INC_FAM_RENT_INCOME","沒有這項收入",5771,0.973351324000675
2006,"INC_FAM_RENT_INCOME_VALUE_SOURCE","source_question",6013,1
2006,"INC_FAM_WORK_INCOME","10,000-19,999 元",763,0.146956856702619
2006,"INC_FAM_WORK_INCOME","100,000-129,999元",132,0.0254237288135593
2006,"INC_FAM_WORK_INCOME","130,000-159,999元",52,0.0100154083204931
2006,"INC_FAM_WORK_INCOME","140,000元及以上，請記錄 元",69,0.0132896764252696
2006,"INC_FAM_WORK_INCOME","20,000-29,999 元",761,0.146571648690293
2006,"INC_FAM_WORK_INCOME","30,000-39,999 元",685,0.13193374422188
2006,"INC_FAM_WORK_INCOME","40,000-49,999 元",345,0.0664483821263482
2006,"INC_FAM_WORK_INCOME","50,000-59,999 元",445,0.0857087827426811
2006,"INC_FAM_WORK_INCOME","60,000-69,999 元",286,0.0550847457627119
2006,"INC_FAM_WORK_INCOME","70,000-79,999 元",197,0.0379429892141757
2006,"INC_FAM_WORK_INCOME","80,000-89,999 元",124,0.0238828967642527
2006,"INC_FAM_WORK_INCOME","9,999 元及以下",620,0.119414483821263
2006,"INC_FAM_WORK_INCOME","90,000-99,999 元",100,0.0192604006163328
2006,"INC_FAM_WORK_INCOME","沒有這項收入",613,0.11806625577812
2006,"INC_FAM_WORK_INCOME_VALUE_SOURCE","source_question",6013,1
2006,"INC_PERS_GOV_INCOME","1,000-1,999 元",36,0.00606060606060606
2006,"INC_PERS_GOV_INCOME","10,000-14,999 元",46,0.00774410774410774
2006,"INC_PERS_GOV_INCOME","15,000-19,999 元",14,0.00235690235690236
2006,"INC_PERS_GOV_INCOME","2,000-3,999 元",960,0.161616161616162
2006,"INC_PERS_GOV_INCOME","20,000-29,999 元",11,0.00185185185185185
2006,"INC_PERS_GOV_INCOME","30,000 元及以上，請記錄________元",1,0.000168350168350168
2006,"INC_PERS_GOV_INCOME","4,000-5,999元",352,0.0592592592592593
2006,"INC_PERS_GOV_INCOME","6,000-7,999 元",85,0.0143097643097643
2006,"INC_PERS_GOV_INCOME","8,000-9,999 元",26,0.00437710437710438
2006,"INC_PERS_GOV_INCOME","999 元及以下",26,0.00437710437710438
2006,"INC_PERS_GOV_INCOME","沒有這項收入",4383,0.737878787878788
2006,"INC_PERS_GOV_INCOME_VALUE_SOURCE","source_question",6013,1
2006,"INC_PERS_INTEREST_INCOME","10,000-14,999 元",55,0.00923283531979184
2006,"INC_PERS_INTEREST_INCOME","15,000-19,999 元",6,0.00100721839852275
2006,"INC_PERS_INTEREST_INCOME","20,000-29,999 元",13,0.00218230653013262
2006,"INC_PERS_INTEREST_INCOME","30,000 元及以上，請記錄________元",13,0.00218230653013262
2006,"INC_PERS_INTEREST_INCOME","4,999元及以下",94,0.0157797549101897
2006,"INC_PERS_INTEREST_INCOME","5,000-9,999元",42,0.00705052878965922
2006,"INC_PERS_INTEREST_INCOME","沒有這項收入",5734,0.962565049521571
2006,"INC_PERS_INTEREST_INCOME_VALUE_SOURCE","source_question",6013,1
2006,"INC_PERS_OTHER_INCOME","10,000-14,999 元",86,0.0144222706691263
2006,"INC_PERS_OTHER_INCOME","15,000-19,999 元",33,0.00553412711722287
2006,"INC_PERS_OTHER_INCOME","20,000-24,999 元",29,0.00486332383028677
2006,"INC_PERS_OTHER_INCOME","25,000-29,999 元",12,0.00201240986080832
2006,"INC_PERS_OTHER_INCOME","30,000-39,999 元",12,0.00201240986080832
2006,"INC_PERS_OTHER_INCOME","4,999 元及以下",326,0.0546704678852926
2006,"INC_PERS_OTHER_INCOME","40,000-49,999 元",10,0.00167700821734026
2006,"INC_PERS_OTHER_INCOME","5,000-9,999 元",159,0.0266644306557102
2006,"INC_PERS_OTHER_INCOME","50,000-59,999 元",5,0.000838504108670132
2006,"INC_PERS_OTHER_INCOME","60,000-69,999 元",1,0.000167700821734027
2006,"INC_PERS_OTHER_INCOME","70,000-79,999 元",1,0.000167700821734027
2006,"INC_PERS_OTHER_INCOME","80,000 元及以上，請記錄_________________元",5,0.000838504108670132
2006,"INC_PERS_OTHER_INCOME","沒有這項收入",5284,0.886131142042596
2006,"INC_PERS_OTHER_INCOME_VALUE_SOURCE","source_question",6013,1
2006,"INC_PERS_RENT_INCOME","10,000-14,999 元",13,0.0021768251841929
2006,"INC_PERS_RENT_INCOME","15,000-19,999 元",8,0.00133958472873409
2006,"INC_PERS_RENT_INCOME","20,000-24,999 元",6,0.00100468854655057
2006,"INC_PERS_RENT_INCOME","25,000-29,999 元",3,0.000502344273275285
2006,"INC_PERS_RENT_INCOME","30,000-39,999 元",2,0.000334896182183523
2006,"INC_PERS_RENT_INCOME","4,999 元及以下",48,0.00803750837240455
2006,"INC_PERS_RENT_INCOME","40,000-49,999 元",3,0.000502344273275285
2006,"INC_PERS_RENT_INCOME","5,000-9,999 元",32,0.00535833891493637
2006,"INC_PERS_RENT_INCOME","50,000-59,999 元",1,0.000167448091091762
2006,"INC_PERS_RENT_INCOME","60,000-69,999 元",1,0.000167448091091762
2006,"INC_PERS_RENT_INCOME","沒有這項收入",5855,0.980408573342264
2006,"INC_PERS_RENT_INCOME_VALUE_SOURCE","source_question",6013,1
2006,"INC_PERS_WORK_INCOME","10,000-19,999元",1048,0.182007641542202
2006,"INC_PERS_WORK_INCOME","100,000-129,999元",16,0.00277874261896492
2006,"INC_PERS_WORK_INCOME","130,000-159,999元",2,0.000347342827370615
2006,"INC_PERS_WORK_INCOME","140,000元及以上，請記錄 元",6,0.00104202848211184
2006,"INC_PERS_WORK_INCOME","150000",1,0.000173671413685307
2006,"INC_PERS_WORK_INCOME","20,000-29,999 元",881,0.153004515456756
2006,"INC_PERS_WORK_INCOME","30,000-39,999 元",575,0.0998610628690517
2006,"INC_PERS_WORK_INCOME","40,000-49,999 元",210,0.0364709968739146
2006,"INC_PERS_WORK_INCOME","50,000-59,999 元",196,0.0340395970823203
2006,"INC_PERS_WORK_INCOME","60,000-69,999 元",110,0.0191038555053838
2006,"INC_PERS_WORK_INCOME","70,000-79,999 元",44,0.00764154220215353
2006,"INC_PERS_WORK_INCOME","80,000-89,999 元",22,0.00382077110107676
2006,"INC_PERS_WORK_INCOME","9,999 元及以下",830,0.144147273358805
2006,"INC_PERS_WORK_INCOME","90,000-99,999 元",9,0.00156304272316777
2006,"INC_PERS_WORK_INCOME","沒有這項收入",1808,0.313997915943036
2006,"INC_PERS_WORK_INCOME_VALUE_SOURCE","source_question",6012,0.999833693663729
2006,"INC_PERS_WORK_INCOME_VALUE_SOURCE","unlabelled_numeric_exact_amount",1,0.000166306336271412
2006,"MALE","男性",2468,0.410444037917845
2006,"MALE","非男性",3545,0.589555962082155
2006,"RACE","其他",6,0.000997838017628472
2006,"RACE","卑南族",183,0.0304340595376684
2006,"RACE","噶瑪蘭族",14,0.00232828870779977
2006,"RACE","太魯閣族",248,0.0412439713953102
2006,"RACE","布農族",834,0.138699484450358
2006,"RACE","拒答",27,0.00449027107932812
2006,"RACE","排灣族",1322,0.219856976550807
2006,"RACE","撒奇萊雅族",4,0.000665225345085648
2006,"RACE","泰雅族",1096,0.182271744553467
2006,"RACE","賽夏族",82,0.0136371195742558
2006,"RACE","賽德克族",14,0.00232828870779977
2006,"RACE","邵族",20,0.00332612672542824
2006,"RACE","鄒族",70,0.0116414435389988
2006,"RACE","阿美族",1841,0.306169965075669
2006,"RACE","雅美族/達悟族",64,0.0106436055213704
2006,"RACE","魯凱族",188,0.0312655912190254
2006,"RENT","1,000-2,999元",60,0.00997838017628472
2006,"RENT","10,000-19,999元",175,0.0291036088474971
2006,"RENT","20,000元以上",22,0.00365873939797106
2006,"RENT","3,000-4,999元",162,0.0269416264759687
2006,"RENT","5,000-6,999元",237,0.0394146016963246
2006,"RENT","7,000-9,999元",215,0.0357558622983536
2006,"RENT","不知道/拒答",35,0.00582072176949942
2006,"RENT","不需要支付租金",279,0.0463994678197239
2006,"RENT","未滿1,000元",31,0.00515549642441377
2006,"RENT","自有住宅",4797,0.797771495093963
2006,"RESPONDENT_UNIT","phone_respondent",6013,1
2006,"RESPONDENT_UNIT_SOURCE","95年電話調查S1/S2：接聽電話受訪者",6013,1
2006,"SURVEY_TAG","95",6013,1
2006,"TOWNSHIP_HARMONIZED","七堵區",4,0.000666000666000666
2006,"TOWNSHIP_HARMONIZED","三地門鄉",83,0.0138195138195138
2006,"TOWNSHIP_HARMONIZED","三峽鎮",8,0.00133200133200133
2006,"TOWNSHIP_HARMONIZED","三星鄉",5,0.000832500832500833
2006,"TOWNSHIP_HARMONIZED","三民區",7,0.00116550116550117
2006,"TOWNSHIP_HARMONIZED","三義鄉",2,0.000333000333000333
2006,"TOWNSHIP_HARMONIZED","三芝鄉",2,0.000333000333000333
2006,"TOWNSHIP_HARMONIZED","三重市",34,0.00566100566100566
2006,"TOWNSHIP_HARMONIZED","中區",1,0.000166500166500167
2006,"TOWNSHIP_HARMONIZED","中和市",18,0.002997002997003
2006,"TOWNSHIP_HARMONIZED","中埔鄉",2,0.000333000333000333
2006,"TOWNSHIP_HARMONIZED","中壢市",16,0.00266400266400266
2006,"TOWNSHIP_HARMONIZED","中寮鄉",1,0.000166500166500167
2006,"TOWNSHIP_HARMONIZED","中山區",25,0.00416250416250416
2006,"TOWNSHIP_HARMONIZED","中正區",13,0.00216450216450216
2006,"TOWNSHIP_HARMONIZED","九如鄉",1,0.000166500166500167
2006,"TOWNSHIP_HARMONIZED","二水鄉",1,0.000166500166500167
2006,"TOWNSHIP_HARMONIZED","五峰鄉",34,0.00566100566100566
2006,"TOWNSHIP_HARMONIZED","五結鄉",3,0.0004995004995005
2006,"TOWNSHIP_HARMONIZED","五股鄉",6,0.000999000999000999
2006,"TOWNSHIP_HARMONIZED","仁德鄉",10,0.00166500166500167
2006,"TOWNSHIP_HARMONIZED","仁愛鄉",171,0.0284715284715285
2006,"TOWNSHIP_HARMONIZED","來義鄉",57,0.00949050949050949
2006,"TOWNSHIP_HARMONIZED","信義區",11,0.00183150183150183
2006,"TOWNSHIP_HARMONIZED","信義鄉",145,0.0241425241425241
2006,"TOWNSHIP_HARMONIZED","光復鄉",76,0.0126540126540127
2006,"TOWNSHIP_HARMONIZED","內埔鄉",8,0.00133200133200133
2006,"TOWNSHIP_HARMONIZED","內湖區",15,0.0024975024975025
2006,"TOWNSHIP_HARMONIZED","八德市",14,0.00233100233100233
2006,"TOWNSHIP_HARMONIZED","公館鄉",1,0.000166500166500167
2006,"TOWNSHIP_HARMONIZED","六龜鄉",2,0.000333000333000333
2006,"TOWNSHIP_HARMONIZED","冬山鄉",2,0.000333000333000333
2006,"TOWNSHIP_HARMONIZED","前鎮區",26,0.00432900432900433
2006,"TOWNSHIP_HARMONIZED","北區",27,0.0044955044955045
2006,"TOWNSHIP_HARMONIZED","北屯區",23,0.00382950382950383
2006,"TOWNSHIP_HARMONIZED","北投區",10,0.00166500166500167
2006,"TOWNSHIP_HARMONIZED","北斗鎮",1,0.000166500166500167
2006,"TOWNSHIP_HARMONIZED","卑南鄉",116,0.0193140193140193
2006,"TOWNSHIP_HARMONIZED","卓溪鄉",191,0.0318015318015318
2006,"TOWNSHIP_HARMONIZED","南區",9,0.0014985014985015
2006,"TOWNSHIP_HARMONIZED","南屯區",2,0.000333000333000333
2006,"TOWNSHIP_HARMONIZED","南庄鄉",50,0.00832500832500833
2006,"TOWNSHIP_HARMONIZED","南投市",5,0.000832500832500833
2006,"TOWNSHIP_HARMONIZED","南港區",8,0.00133200133200133
2006,"TOWNSHIP_HARMONIZED","南澳鄉",92,0.0153180153180153
2006,"TOWNSHIP_HARMONIZED","南竿鄉",1,0.000166500166500167
2006,"TOWNSHIP_HARMONIZED","吉安鄉",192,0.031968031968032
2006,"TOWNSHIP_HARMONIZED","和平鄉",41,0.00682650682650683
2006,"TOWNSHIP_HARMONIZED","和美鎮",3,0.0004995004995005
2006,"TOWNSHIP_HARMONIZED","員山鄉",4,0.000666000666000666
2006,"TOWNSHIP_HARMONIZED","員林鎮",6,0.000999000999000999
2006,"TOWNSHIP_HARMONIZED","國姓鄉",2,0.000333000333000333
2006,"TOWNSHIP_HARMONIZED","土城市",21,0.0034965034965035
2006,"TOWNSHIP_HARMONIZED","埔里鎮",35,0.00582750582750583
2006,"TOWNSHIP_HARMONIZED","埔鹽鄉",1,0.000166500166500167
2006,"TOWNSHIP_HARMONIZED","士林區",23,0.00382950382950383
2006,"TOWNSHIP_HARMONIZED","壯圍鄉",3,0.0004995004995005
2006,"TOWNSHIP_HARMONIZED","壽豐鄉",75,0.0124875124875125
2006,"TOWNSHIP_HARMONIZED","外埔鄉",1,0.000166500166500167
2006,"TOWNSHIP_HARMONIZED","大同區",21,0.0034965034965035
2006,"TOWNSHIP_HARMONIZED","大同鄉",128,0.0213120213120213
2006,"TOWNSHIP_HARMONIZED","大園鄉",12,0.001998001998002
2006,"TOWNSHIP_HARMONIZED","大埔鄉",1,0.000166500166500167
2006,"TOWNSHIP_HARMONIZED","大安區",8,0.00133200133200133
2006,"TOWNSHIP_HARMONIZED","大寮鄉",3,0.0004995004995005
2006,"TOWNSHIP_HARMONIZED","大樹鄉",4,0.000666000666000666
2006,"TOWNSHIP_HARMONIZED","大武鄉",35,0.00582750582750583
2006,"TOWNSHIP_HARMONIZED","大湖鄉",4,0.000666000666000666
2006,"TOWNSHIP_HARMONIZED","大溪鎮",31,0.00516150516150516
2006,"TOWNSHIP_HARMONIZED","大肚鄉",4,0.000666000666000666
2006,"TOWNSHIP_HARMONIZED","大里市",18,0.002997002997003
2006,"TOWNSHIP_HARMONIZED","大雅鄉",106,0.0176490176490176
2006,"TOWNSHIP_HARMONIZED","太平鄉",6,0.000999000999000999
2006,"TOWNSHIP_HARMONIZED","太麻里",108,0.017982017982018
2006,"TOWNSHIP_HARMONIZED","學甲鎮",1,0.000166500166500167
2006,"TOWNSHIP_HARMONIZED","安南區",3,0.0004995004995005
2006,"TOWNSHIP_HARMONIZED","安平區",5,0.000832500832500833
2006,"TOWNSHIP_HARMONIZED","安樂區",1,0.000166500166500167
2006,"TOWNSHIP_HARMONIZED","官田鄉",1,0.000166500166500167
2006,"TOWNSHIP_HARMONIZED","宜蘭市",16,0.00266400266400266
2006,"TOWNSHIP_HARMONIZED","富里鄉",39,0.00649350649350649
2006,"TOWNSHIP_HARMONIZED","小港區",23,0.00382950382950383
2006,"TOWNSHIP_HARMONIZED","尖石鄉",54,0.00899100899100899
2006,"TOWNSHIP_HARMONIZED","屏東市",12,0.001998001998002
2006,"TOWNSHIP_HARMONIZED","岡山鎮",11,0.00183150183150183
2006,"TOWNSHIP_HARMONIZED","左營區",38,0.00632700632700633
2006,"TOWNSHIP_HARMONIZED","左鎮鄉",1,0.000166500166500167
2006,"TOWNSHIP_HARMONIZED","布袋鎮",1,0.000166500166500167
2006,"TOWNSHIP_HARMONIZED","平鎮市",7,0.00116550116550117
2006,"TOWNSHIP_HARMONIZED","延平鄉",111,0.0184815184815185
2006,"TOWNSHIP_HARMONIZED","彰化市",2,0.000333000333000333
2006,"TOWNSHIP_HARMONIZED","後龍鎮",1,0.000166500166500167
2006,"TOWNSHIP_HARMONIZED","復興鄉",157,0.0261405261405261
2006,"TOWNSHIP_HARMONIZED","恆春鎮",2,0.000333000333000333
2006,"TOWNSHIP_HARMONIZED","成功鎮",176,0.0293040293040293
2006,"TOWNSHIP_HARMONIZED","文山區",14,0.00233100233100233
2006,"TOWNSHIP_HARMONIZED","斗六市",1,0.000166500166500167
2006,"TOWNSHIP_HARMONIZED","斗南鎮",1,0.000166500166500167
2006,"TOWNSHIP_HARMONIZED","新化鎮",2,0.000333000333000333
2006,"TOWNSHIP_HARMONIZED","新園鄉",2,0.000333000333000333
2006,"TOWNSHIP_HARMONIZED","新城鄉",42,0.00699300699300699
2006,"TOWNSHIP_HARMONIZED","新埔鎮",1,0.000166500166500167
2006,"TOWNSHIP_HARMONIZED","新屋鄉",5,0.000832500832500833
2006,"TOWNSHIP_HARMONIZED","新店市",15,0.0024975024975025
2006,"TOWNSHIP_HARMONIZED","新港鄉",11,0.00183150183150183
2006,"TOWNSHIP_HARMONIZED","新興區",3,0.0004995004995005
2006,"TOWNSHIP_HARMONIZED","新莊市",11,0.00183150183150183
2006,"TOWNSHIP_HARMONIZED","新豐鄉",3,0.0004995004995005
2006,"TOWNSHIP_HARMONIZED","春日鄉",113,0.0188145188145188
2006,"TOWNSHIP_HARMONIZED","暖暖區",1,0.000166500166500167
2006,"TOWNSHIP_HARMONIZED","望安鄉",1,0.000166500166500167
2006,"TOWNSHIP_HARMONIZED","朴子市",1,0.000166500166500167
2006,"TOWNSHIP_HARMONIZED","杉林鄉",3,0.0004995004995005
2006,"TOWNSHIP_HARMONIZED","東勢鎮",2,0.000333000333000333
2006,"TOWNSHIP_HARMONIZED","東區",23,0.00382950382950383
2006,"TOWNSHIP_HARMONIZED","東河鄉",38,0.00632700632700633
2006,"TOWNSHIP_HARMONIZED","東石鄉",1,0.000166500166500167
2006,"TOWNSHIP_HARMONIZED","松山區",18,0.002997002997003
2006,"TOWNSHIP_HARMONIZED","板橋市",30,0.004995004995005
2006,"TOWNSHIP_HARMONIZED","枋寮鄉",3,0.0004995004995005
2006,"TOWNSHIP_HARMONIZED","枋山鄉",2,0.000333000333000333
2006,"TOWNSHIP_HARMONIZED","林口鄉",2,0.000333000333000333
2006,"TOWNSHIP_HARMONIZED","林園鄉",2,0.000333000333000333
2006,"TOWNSHIP_HARMONIZED","桃園市",16,0.00266400266400266
2006,"TOWNSHIP_HARMONIZED","桃源鄉",47,0.00782550782550783
2006,"TOWNSHIP_HARMONIZED","梓官鄉",11,0.00183150183150183
2006,"TOWNSHIP_HARMONIZED","梧棲鎮",5,0.000832500832500833
2006,"TOWNSHIP_HARMONIZED","楊梅鎮",13,0.00216450216450216
2006,"TOWNSHIP_HARMONIZED","楠梓區",18,0.002997002997003
2006,"TOWNSHIP_HARMONIZED","樹林鎮",44,0.00732600732600733
2006,"TOWNSHIP_HARMONIZED","橫山鄉",1,0.000166500166500167
2006,"TOWNSHIP_HARMONIZED","歸仁鄉",3,0.0004995004995005
2006,"TOWNSHIP_HARMONIZED","民雄鄉",2,0.000333000333000333
2006,"TOWNSHIP_HARMONIZED","水里鄉",4,0.000666000666000666
2006,"TOWNSHIP_HARMONIZED","永和市",15,0.0024975024975025
2006,"TOWNSHIP_HARMONIZED","永安鄉",1,0.000166500166500167
2006,"TOWNSHIP_HARMONIZED","永康市",5,0.000832500832500833
2006,"TOWNSHIP_HARMONIZED","汐止鎮",2,0.000333000333000333
2006,"TOWNSHIP_HARMONIZED","池上鄉",56,0.00932400932400932
2006,"TOWNSHIP_HARMONIZED","沙鹿鎮",7,0.00116550116550117
2006,"TOWNSHIP_HARMONIZED","泰安鄉",92,0.0153180153180153
2006,"TOWNSHIP_HARMONIZED","泰山鄉",1,0.000166500166500167
2006,"TOWNSHIP_HARMONIZED","泰武鄉",74,0.0123210123210123
2006,"TOWNSHIP_HARMONIZED","海端鄉",63,0.0104895104895105
2006,"TOWNSHIP_HARMONIZED","淡水鎮",1,0.000166500166500167
2006,"TOWNSHIP_HARMONIZED","深坑鄉",12,0.001998001998002
2006,"TOWNSHIP_HARMONIZED","清水鎮",7,0.00116550116550117
2006,"TOWNSHIP_HARMONIZED","湖口鄉",31,0.00516150516150516
2006,"TOWNSHIP_HARMONIZED","滿州鄉",44,0.00732600732600733
2006,"TOWNSHIP_HARMONIZED","潮州鎮",3,0.0004995004995005
2006,"TOWNSHIP_HARMONIZED","烏來鄉",20,0.00333000333000333
2006,"TOWNSHIP_HARMONIZED","烏日鄉",8,0.00133200133200133
2006,"TOWNSHIP_HARMONIZED","燕巢鄉",1,0.000166500166500167
2006,"TOWNSHIP_HARMONIZED","牡丹鄉",138,0.022977022977023
2006,"TOWNSHIP_HARMONIZED","獅子鄉",55,0.00915750915750916
2006,"TOWNSHIP_HARMONIZED","獅潭鄉",3,0.0004995004995005
2006,"TOWNSHIP_HARMONIZED","玉里鎮",152,0.0253080253080253
2006,"TOWNSHIP_HARMONIZED","瑞穗鄉",94,0.0156510156510157
2006,"TOWNSHIP_HARMONIZED","瑞芳鎮",1,0.000166500166500167
2006,"TOWNSHIP_HARMONIZED","瑪家鄉",112,0.0186480186480186
2006,"TOWNSHIP_HARMONIZED","甲仙鄉",3,0.0004995004995005
2006,"TOWNSHIP_HARMONIZED","白沙鄉",1,0.000166500166500167
2006,"TOWNSHIP_HARMONIZED","白河鎮",1,0.000166500166500167
2006,"TOWNSHIP_HARMONIZED","石岡鄉",1,0.000166500166500167
2006,"TOWNSHIP_HARMONIZED","礁溪鄉",2,0.000333000333000333
2006,"TOWNSHIP_HARMONIZED","神岡鄉",3,0.0004995004995005
2006,"TOWNSHIP_HARMONIZED","福興鄉",1,0.000166500166500167
2006,"TOWNSHIP_HARMONIZED","秀林鄉",140,0.0233100233100233
2006,"TOWNSHIP_HARMONIZED","竹北市",1,0.000166500166500167
2006,"TOWNSHIP_HARMONIZED","竹南鎮",2,0.000333000333000333
2006,"TOWNSHIP_HARMONIZED","竹東鎮",31,0.00516150516150516
2006,"TOWNSHIP_HARMONIZED","綠島鄉",2,0.000333000333000333
2006,"TOWNSHIP_HARMONIZED","羅東鎮",8,0.00133200133200133
2006,"TOWNSHIP_HARMONIZED","臺東市",251,0.0417915417915418
2006,"TOWNSHIP_HARMONIZED","芎林鄉",2,0.000333000333000333
2006,"TOWNSHIP_HARMONIZED","花壇鄉",30,0.004995004995005
2006,"TOWNSHIP_HARMONIZED","花蓮市",63,0.0104895104895105
2006,"TOWNSHIP_HARMONIZED","苑裡鎮",3,0.0004995004995005
2006,"TOWNSHIP_HARMONIZED","苓雅區",9,0.0014985014985015
2006,"TOWNSHIP_HARMONIZED","苗栗市",6,0.000999000999000999
2006,"TOWNSHIP_HARMONIZED","茂林鄉",47,0.00782550782550783
2006,"TOWNSHIP_HARMONIZED","草屯鎮",5,0.000832500832500833
2006,"TOWNSHIP_HARMONIZED","莒光鄉",1,0.000166500166500167
2006,"TOWNSHIP_HARMONIZED","萬丹鄉",3,0.0004995004995005
2006,"TOWNSHIP_HARMONIZED","萬巒鄉",5,0.000832500832500833
2006,"TOWNSHIP_HARMONIZED","萬榮鄉",66,0.010989010989011
2006,"TOWNSHIP_HARMONIZED","萬華區",24,0.003996003996004
2006,"TOWNSHIP_HARMONIZED","蘆洲鄉",11,0.00183150183150183
2006,"TOWNSHIP_HARMONIZED","蘆竹鄉",11,0.00183150183150183
2006,"TOWNSHIP_HARMONIZED","蘇澳鎮",8,0.00133200133200133
2006,"TOWNSHIP_HARMONIZED","蘭嶼鄉",49,0.00815850815850816
2006,"TOWNSHIP_HARMONIZED","虎尾鎮",1,0.000166500166500167
2006,"TOWNSHIP_HARMONIZED","褒忠鄉",1,0.000166500166500167
2006,"TOWNSHIP_HARMONIZED","西區",2,0.000333000333000333
2006,"TOWNSHIP_HARMONIZED","西屯區",3,0.0004995004995005
2006,"TOWNSHIP_HARMONIZED","觀音鄉",6,0.000999000999000999
2006,"TOWNSHIP_HARMONIZED","豐原市",3,0.0004995004995005
2006,"TOWNSHIP_HARMONIZED","豐濱鄉",67,0.0111555111555112
2006,"TOWNSHIP_HARMONIZED","貢寮鄉",1,0.000166500166500167
2006,"TOWNSHIP_HARMONIZED","車城鄉",4,0.000666000666000666
2006,"TOWNSHIP_HARMONIZED","通霄鎮",2,0.000333000333000333
2006,"TOWNSHIP_HARMONIZED","造橋鄉",1,0.000166500166500167
2006,"TOWNSHIP_HARMONIZED","達仁鄉",92,0.0153180153180153
2006,"TOWNSHIP_HARMONIZED","那瑪夏區",69,0.0114885114885115
2006,"TOWNSHIP_HARMONIZED","金寧鎮",1,0.000166500166500167
2006,"TOWNSHIP_HARMONIZED","金峰鄉",113,0.0188145188145188
2006,"TOWNSHIP_HARMONIZED","金沙鎮",1,0.000166500166500167
2006,"TOWNSHIP_HARMONIZED","金湖鎮",1,0.000166500166500167
2006,"TOWNSHIP_HARMONIZED","銅鑼鄉",1,0.000166500166500167
2006,"TOWNSHIP_HARMONIZED","長治鄉",4,0.000666000666000666
2006,"TOWNSHIP_HARMONIZED","長濱鄉",112,0.0186480186480186
2006,"TOWNSHIP_HARMONIZED","關山鎮",55,0.00915750915750916
2006,"TOWNSHIP_HARMONIZED","關西鎮",2,0.000333000333000333
2006,"TOWNSHIP_HARMONIZED","阿里山",30,0.004995004995005
2006,"TOWNSHIP_HARMONIZED","集集鎮",1,0.000166500166500167
2006,"TOWNSHIP_HARMONIZED","霧峰鄉",1,0.000166500166500167
2006,"TOWNSHIP_HARMONIZED","霧臺鄉",29,0.00482850482850483
2006,"TOWNSHIP_HARMONIZED","頭份鎮",7,0.00116550116550117
2006,"TOWNSHIP_HARMONIZED","香山區",1,0.000166500166500167
2006,"TOWNSHIP_HARMONIZED","馬公市",1,0.000166500166500167
2006,"TOWNSHIP_HARMONIZED","魚池鄉",9,0.0014985014985015
2006,"TOWNSHIP_HARMONIZED","鳳山市",40,0.00666000666000666
2006,"TOWNSHIP_HARMONIZED","鳳林鎮",31,0.00516150516150516
2006,"TOWNSHIP_HARMONIZED","鶯歌鎮",7,0.00116550116550117
2006,"TOWNSHIP_HARMONIZED","鹽埔鄉",1,0.000166500166500167
2006,"TOWNSHIP_HARMONIZED","鹽埕區",4,0.000666000666000666
2006,"TOWNSHIP_HARMONIZED","鹽水鎮",1,0.000166500166500167
2006,"TOWNSHIP_HARMONIZED","鹿港鎮",1,0.000166500166500167
2006,"TOWNSHIP_HARMONIZED","鹿野鄉",52,0.00865800865800866
2006,"TOWNSHIP_HARMONIZED","麥寮鄉",16,0.00266400266400266
2006,"TOWNSHIP_HARMONIZED","鼓山區",3,0.0004995004995005
2006,"TOWNSHIP_HARMONIZED","龍井鄉",6,0.000999000999000999
2006,"TOWNSHIP_HARMONIZED","龍潭鄉",9,0.0014985014985015
2006,"TOWNSHIP_HARMONIZED","龜山鄉",14,0.00233100233100233
2006,"TOWNSHIP_YEAR_SPECIFIC","七堵區",4,0.000666000666000666
2006,"TOWNSHIP_YEAR_SPECIFIC","三地門鄉",83,0.0138195138195138
2006,"TOWNSHIP_YEAR_SPECIFIC","三峽鎮",8,0.00133200133200133
2006,"TOWNSHIP_YEAR_SPECIFIC","三星鄉",5,0.000832500832500833
2006,"TOWNSHIP_YEAR_SPECIFIC","三民區",7,0.00116550116550117
2006,"TOWNSHIP_YEAR_SPECIFIC","三民鄉",69,0.0114885114885115
2006,"TOWNSHIP_YEAR_SPECIFIC","三義鄉",2,0.000333000333000333
2006,"TOWNSHIP_YEAR_SPECIFIC","三芝鄉",2,0.000333000333000333
2006,"TOWNSHIP_YEAR_SPECIFIC","三重市",34,0.00566100566100566
2006,"TOWNSHIP_YEAR_SPECIFIC","中區",1,0.000166500166500167
2006,"TOWNSHIP_YEAR_SPECIFIC","中和市",18,0.002997002997003
2006,"TOWNSHIP_YEAR_SPECIFIC","中埔鄉",2,0.000333000333000333
2006,"TOWNSHIP_YEAR_SPECIFIC","中壢市",16,0.00266400266400266
2006,"TOWNSHIP_YEAR_SPECIFIC","中寮鄉",1,0.000166500166500167
2006,"TOWNSHIP_YEAR_SPECIFIC","中山區",25,0.00416250416250416
2006,"TOWNSHIP_YEAR_SPECIFIC","中正區",13,0.00216450216450216
2006,"TOWNSHIP_YEAR_SPECIFIC","九如鄉",1,0.000166500166500167
2006,"TOWNSHIP_YEAR_SPECIFIC","二水鄉",1,0.000166500166500167
2006,"TOWNSHIP_YEAR_SPECIFIC","五峰鄉",34,0.00566100566100566
2006,"TOWNSHIP_YEAR_SPECIFIC","五結鄉",3,0.0004995004995005
2006,"TOWNSHIP_YEAR_SPECIFIC","五股鄉",6,0.000999000999000999
2006,"TOWNSHIP_YEAR_SPECIFIC","仁德鄉",10,0.00166500166500167
2006,"TOWNSHIP_YEAR_SPECIFIC","仁愛鄉",171,0.0284715284715285
2006,"TOWNSHIP_YEAR_SPECIFIC","來義鄉",57,0.00949050949050949
2006,"TOWNSHIP_YEAR_SPECIFIC","信義區",11,0.00183150183150183
2006,"TOWNSHIP_YEAR_SPECIFIC","信義鄉",145,0.0241425241425241
2006,"TOWNSHIP_YEAR_SPECIFIC","光復鄉",76,0.0126540126540127
2006,"TOWNSHIP_YEAR_SPECIFIC","內埔鄉",8,0.00133200133200133
2006,"TOWNSHIP_YEAR_SPECIFIC","內湖區",15,0.0024975024975025
2006,"TOWNSHIP_YEAR_SPECIFIC","八德市",14,0.00233100233100233
2006,"TOWNSHIP_YEAR_SPECIFIC","公館鄉",1,0.000166500166500167
2006,"TOWNSHIP_YEAR_SPECIFIC","六龜鄉",2,0.000333000333000333
2006,"TOWNSHIP_YEAR_SPECIFIC","冬山鄉",2,0.000333000333000333
2006,"TOWNSHIP_YEAR_SPECIFIC","前鎮區",26,0.00432900432900433
2006,"TOWNSHIP_YEAR_SPECIFIC","北區",27,0.0044955044955045
2006,"TOWNSHIP_YEAR_SPECIFIC","北屯區",23,0.00382950382950383
2006,"TOWNSHIP_YEAR_SPECIFIC","北投區",10,0.00166500166500167
2006,"TOWNSHIP_YEAR_SPECIFIC","北斗鎮",1,0.000166500166500167
2006,"TOWNSHIP_YEAR_SPECIFIC","卑南鄉",116,0.0193140193140193
2006,"TOWNSHIP_YEAR_SPECIFIC","卓溪鄉",191,0.0318015318015318
2006,"TOWNSHIP_YEAR_SPECIFIC","南區",9,0.0014985014985015
2006,"TOWNSHIP_YEAR_SPECIFIC","南屯區",2,0.000333000333000333
2006,"TOWNSHIP_YEAR_SPECIFIC","南庄鄉",50,0.00832500832500833
2006,"TOWNSHIP_YEAR_SPECIFIC","南投市",5,0.000832500832500833
2006,"TOWNSHIP_YEAR_SPECIFIC","南港區",8,0.00133200133200133
2006,"TOWNSHIP_YEAR_SPECIFIC","南澳鄉",92,0.0153180153180153
2006,"TOWNSHIP_YEAR_SPECIFIC","南竿鄉",1,0.000166500166500167
2006,"TOWNSHIP_YEAR_SPECIFIC","吉安鄉",192,0.031968031968032
2006,"TOWNSHIP_YEAR_SPECIFIC","和平鄉",41,0.00682650682650683
2006,"TOWNSHIP_YEAR_SPECIFIC","和美鎮",3,0.0004995004995005
2006,"TOWNSHIP_YEAR_SPECIFIC","員山鄉",4,0.000666000666000666
2006,"TOWNSHIP_YEAR_SPECIFIC","員林鎮",6,0.000999000999000999
2006,"TOWNSHIP_YEAR_SPECIFIC","國姓鄉",2,0.000333000333000333
2006,"TOWNSHIP_YEAR_SPECIFIC","土城市",21,0.0034965034965035
2006,"TOWNSHIP_YEAR_SPECIFIC","埔里鎮",35,0.00582750582750583
2006,"TOWNSHIP_YEAR_SPECIFIC","埔鹽鄉",1,0.000166500166500167
2006,"TOWNSHIP_YEAR_SPECIFIC","士林區",23,0.00382950382950383
2006,"TOWNSHIP_YEAR_SPECIFIC","壯圍鄉",3,0.0004995004995005
2006,"TOWNSHIP_YEAR_SPECIFIC","壽豐鄉",75,0.0124875124875125
2006,"TOWNSHIP_YEAR_SPECIFIC","外埔鄉",1,0.000166500166500167
2006,"TOWNSHIP_YEAR_SPECIFIC","大同區",21,0.0034965034965035
2006,"TOWNSHIP_YEAR_SPECIFIC","大同鄉",128,0.0213120213120213
2006,"TOWNSHIP_YEAR_SPECIFIC","大園鄉",12,0.001998001998002
2006,"TOWNSHIP_YEAR_SPECIFIC","大埔鄉",1,0.000166500166500167
2006,"TOWNSHIP_YEAR_SPECIFIC","大安區",8,0.00133200133200133
2006,"TOWNSHIP_YEAR_SPECIFIC","大寮鄉",3,0.0004995004995005
2006,"TOWNSHIP_YEAR_SPECIFIC","大樹鄉",4,0.000666000666000666
2006,"TOWNSHIP_YEAR_SPECIFIC","大武鄉",35,0.00582750582750583
2006,"TOWNSHIP_YEAR_SPECIFIC","大湖鄉",4,0.000666000666000666
2006,"TOWNSHIP_YEAR_SPECIFIC","大溪鎮",31,0.00516150516150516
2006,"TOWNSHIP_YEAR_SPECIFIC","大肚鄉",4,0.000666000666000666
2006,"TOWNSHIP_YEAR_SPECIFIC","大里市",18,0.002997002997003
2006,"TOWNSHIP_YEAR_SPECIFIC","大雅鄉",106,0.0176490176490176
2006,"TOWNSHIP_YEAR_SPECIFIC","太平鄉",6,0.000999000999000999
2006,"TOWNSHIP_YEAR_SPECIFIC","太麻里",108,0.017982017982018
2006,"TOWNSHIP_YEAR_SPECIFIC","學甲鎮",1,0.000166500166500167
2006,"TOWNSHIP_YEAR_SPECIFIC","安南區",3,0.0004995004995005
2006,"TOWNSHIP_YEAR_SPECIFIC","安平區",5,0.000832500832500833
2006,"TOWNSHIP_YEAR_SPECIFIC","安樂區",1,0.000166500166500167
2006,"TOWNSHIP_YEAR_SPECIFIC","官田鄉",1,0.000166500166500167
2006,"TOWNSHIP_YEAR_SPECIFIC","宜蘭市",16,0.00266400266400266
2006,"TOWNSHIP_YEAR_SPECIFIC","富里鄉",39,0.00649350649350649
2006,"TOWNSHIP_YEAR_SPECIFIC","小港區",23,0.00382950382950383
2006,"TOWNSHIP_YEAR_SPECIFIC","尖石鄉",54,0.00899100899100899
2006,"TOWNSHIP_YEAR_SPECIFIC","屏東市",12,0.001998001998002
2006,"TOWNSHIP_YEAR_SPECIFIC","岡山鎮",11,0.00183150183150183
2006,"TOWNSHIP_YEAR_SPECIFIC","左營區",38,0.00632700632700633
2006,"TOWNSHIP_YEAR_SPECIFIC","左鎮鄉",1,0.000166500166500167
2006,"TOWNSHIP_YEAR_SPECIFIC","布袋鎮",1,0.000166500166500167
2006,"TOWNSHIP_YEAR_SPECIFIC","平鎮市",7,0.00116550116550117
2006,"TOWNSHIP_YEAR_SPECIFIC","延平鄉",111,0.0184815184815185
2006,"TOWNSHIP_YEAR_SPECIFIC","彰化市",2,0.000333000333000333
2006,"TOWNSHIP_YEAR_SPECIFIC","後龍鎮",1,0.000166500166500167
2006,"TOWNSHIP_YEAR_SPECIFIC","復興鄉",157,0.0261405261405261
2006,"TOWNSHIP_YEAR_SPECIFIC","恆春鎮",2,0.000333000333000333
2006,"TOWNSHIP_YEAR_SPECIFIC","成功鎮",176,0.0293040293040293
2006,"TOWNSHIP_YEAR_SPECIFIC","文山區",14,0.00233100233100233
2006,"TOWNSHIP_YEAR_SPECIFIC","斗六市",1,0.000166500166500167
2006,"TOWNSHIP_YEAR_SPECIFIC","斗南鎮",1,0.000166500166500167
2006,"TOWNSHIP_YEAR_SPECIFIC","新化鎮",2,0.000333000333000333
2006,"TOWNSHIP_YEAR_SPECIFIC","新園鄉",2,0.000333000333000333
2006,"TOWNSHIP_YEAR_SPECIFIC","新城鄉",42,0.00699300699300699
2006,"TOWNSHIP_YEAR_SPECIFIC","新埔鎮",1,0.000166500166500167
2006,"TOWNSHIP_YEAR_SPECIFIC","新屋鄉",5,0.000832500832500833
2006,"TOWNSHIP_YEAR_SPECIFIC","新店市",15,0.0024975024975025
2006,"TOWNSHIP_YEAR_SPECIFIC","新港鄉",11,0.00183150183150183
2006,"TOWNSHIP_YEAR_SPECIFIC","新興區",3,0.0004995004995005
2006,"TOWNSHIP_YEAR_SPECIFIC","新莊市",11,0.00183150183150183
2006,"TOWNSHIP_YEAR_SPECIFIC","新豐鄉",3,0.0004995004995005
2006,"TOWNSHIP_YEAR_SPECIFIC","春日鄉",113,0.0188145188145188
2006,"TOWNSHIP_YEAR_SPECIFIC","暖暖區",1,0.000166500166500167
2006,"TOWNSHIP_YEAR_SPECIFIC","望安鄉",1,0.000166500166500167
2006,"TOWNSHIP_YEAR_SPECIFIC","朴子市",1,0.000166500166500167
2006,"TOWNSHIP_YEAR_SPECIFIC","杉林鄉",3,0.0004995004995005
2006,"TOWNSHIP_YEAR_SPECIFIC","東勢鎮",2,0.000333000333000333
2006,"TOWNSHIP_YEAR_SPECIFIC","東區",23,0.00382950382950383
2006,"TOWNSHIP_YEAR_SPECIFIC","東河鄉",38,0.00632700632700633
2006,"TOWNSHIP_YEAR_SPECIFIC","東石鄉",1,0.000166500166500167
2006,"TOWNSHIP_YEAR_SPECIFIC","松山區",18,0.002997002997003
2006,"TOWNSHIP_YEAR_SPECIFIC","板橋市",30,0.004995004995005
2006,"TOWNSHIP_YEAR_SPECIFIC","枋寮鄉",3,0.0004995004995005
2006,"TOWNSHIP_YEAR_SPECIFIC","枋山鄉",2,0.000333000333000333
2006,"TOWNSHIP_YEAR_SPECIFIC","林口鄉",2,0.000333000333000333
2006,"TOWNSHIP_YEAR_SPECIFIC","林園鄉",2,0.000333000333000333
2006,"TOWNSHIP_YEAR_SPECIFIC","桃園市",16,0.00266400266400266
2006,"TOWNSHIP_YEAR_SPECIFIC","桃源鄉",47,0.00782550782550783
2006,"TOWNSHIP_YEAR_SPECIFIC","梓官鄉",11,0.00183150183150183
2006,"TOWNSHIP_YEAR_SPECIFIC","梧棲鎮",5,0.000832500832500833
2006,"TOWNSHIP_YEAR_SPECIFIC","楊梅鎮",13,0.00216450216450216
2006,"TOWNSHIP_YEAR_SPECIFIC","楠梓區",18,0.002997002997003
2006,"TOWNSHIP_YEAR_SPECIFIC","樹林鎮",44,0.00732600732600733
2006,"TOWNSHIP_YEAR_SPECIFIC","橫山鄉",1,0.000166500166500167
2006,"TOWNSHIP_YEAR_SPECIFIC","歸仁鄉",3,0.0004995004995005
2006,"TOWNSHIP_YEAR_SPECIFIC","民雄鄉",2,0.000333000333000333
2006,"TOWNSHIP_YEAR_SPECIFIC","水里鄉",4,0.000666000666000666
2006,"TOWNSHIP_YEAR_SPECIFIC","永和市",15,0.0024975024975025
2006,"TOWNSHIP_YEAR_SPECIFIC","永安鄉",1,0.000166500166500167
2006,"TOWNSHIP_YEAR_SPECIFIC","永康市",5,0.000832500832500833
2006,"TOWNSHIP_YEAR_SPECIFIC","汐止鎮",2,0.000333000333000333
2006,"TOWNSHIP_YEAR_SPECIFIC","池上鄉",56,0.00932400932400932
2006,"TOWNSHIP_YEAR_SPECIFIC","沙鹿鎮",7,0.00116550116550117
2006,"TOWNSHIP_YEAR_SPECIFIC","泰安鄉",92,0.0153180153180153
2006,"TOWNSHIP_YEAR_SPECIFIC","泰山鄉",1,0.000166500166500167
2006,"TOWNSHIP_YEAR_SPECIFIC","泰武鄉",74,0.0123210123210123
2006,"TOWNSHIP_YEAR_SPECIFIC","海端鄉",63,0.0104895104895105
2006,"TOWNSHIP_YEAR_SPECIFIC","淡水鎮",1,0.000166500166500167
2006,"TOWNSHIP_YEAR_SPECIFIC","深坑鄉",12,0.001998001998002
2006,"TOWNSHIP_YEAR_SPECIFIC","清水鎮",7,0.00116550116550117
2006,"TOWNSHIP_YEAR_SPECIFIC","湖口鄉",31,0.00516150516150516
2006,"TOWNSHIP_YEAR_SPECIFIC","滿州鄉",44,0.00732600732600733
2006,"TOWNSHIP_YEAR_SPECIFIC","潮州鎮",3,0.0004995004995005
2006,"TOWNSHIP_YEAR_SPECIFIC","烏來鄉",20,0.00333000333000333
2006,"TOWNSHIP_YEAR_SPECIFIC","烏日鄉",8,0.00133200133200133
2006,"TOWNSHIP_YEAR_SPECIFIC","燕巢鄉",1,0.000166500166500167
2006,"TOWNSHIP_YEAR_SPECIFIC","牡丹鄉",138,0.022977022977023
2006,"TOWNSHIP_YEAR_SPECIFIC","獅子鄉",55,0.00915750915750916
2006,"TOWNSHIP_YEAR_SPECIFIC","獅潭鄉",3,0.0004995004995005
2006,"TOWNSHIP_YEAR_SPECIFIC","玉里鎮",152,0.0253080253080253
2006,"TOWNSHIP_YEAR_SPECIFIC","瑞穗鄉",94,0.0156510156510157
2006,"TOWNSHIP_YEAR_SPECIFIC","瑞芳鎮",1,0.000166500166500167
2006,"TOWNSHIP_YEAR_SPECIFIC","瑪家鄉",112,0.0186480186480186
2006,"TOWNSHIP_YEAR_SPECIFIC","甲仙鄉",3,0.0004995004995005
2006,"TOWNSHIP_YEAR_SPECIFIC","白沙鄉",1,0.000166500166500167
2006,"TOWNSHIP_YEAR_SPECIFIC","白河鎮",1,0.000166500166500167
2006,"TOWNSHIP_YEAR_SPECIFIC","石岡鄉",1,0.000166500166500167
2006,"TOWNSHIP_YEAR_SPECIFIC","礁溪鄉",2,0.000333000333000333
2006,"TOWNSHIP_YEAR_SPECIFIC","神岡鄉",3,0.0004995004995005
2006,"TOWNSHIP_YEAR_SPECIFIC","福興鄉",1,0.000166500166500167
2006,"TOWNSHIP_YEAR_SPECIFIC","秀林鄉",140,0.0233100233100233
2006,"TOWNSHIP_YEAR_SPECIFIC","竹北市",1,0.000166500166500167
2006,"TOWNSHIP_YEAR_SPECIFIC","竹南鎮",2,0.000333000333000333
2006,"TOWNSHIP_YEAR_SPECIFIC","竹東鎮",31,0.00516150516150516
2006,"TOWNSHIP_YEAR_SPECIFIC","綠島鄉",2,0.000333000333000333
2006,"TOWNSHIP_YEAR_SPECIFIC","羅東鎮",8,0.00133200133200133
2006,"TOWNSHIP_YEAR_SPECIFIC","臺東市",251,0.0417915417915418
2006,"TOWNSHIP_YEAR_SPECIFIC","芎林鄉",2,0.000333000333000333
2006,"TOWNSHIP_YEAR_SPECIFIC","花壇鄉",30,0.004995004995005
2006,"TOWNSHIP_YEAR_SPECIFIC","花蓮市",63,0.0104895104895105
2006,"TOWNSHIP_YEAR_SPECIFIC","苑裡鎮",3,0.0004995004995005
2006,"TOWNSHIP_YEAR_SPECIFIC","苓雅區",9,0.0014985014985015
2006,"TOWNSHIP_YEAR_SPECIFIC","苗栗市",6,0.000999000999000999
2006,"TOWNSHIP_YEAR_SPECIFIC","茂林鄉",47,0.00782550782550783
2006,"TOWNSHIP_YEAR_SPECIFIC","草屯鎮",5,0.000832500832500833
2006,"TOWNSHIP_YEAR_SPECIFIC","莒光鄉",1,0.000166500166500167
2006,"TOWNSHIP_YEAR_SPECIFIC","萬丹鄉",3,0.0004995004995005
2006,"TOWNSHIP_YEAR_SPECIFIC","萬巒鄉",5,0.000832500832500833
2006,"TOWNSHIP_YEAR_SPECIFIC","萬榮鄉",66,0.010989010989011
2006,"TOWNSHIP_YEAR_SPECIFIC","萬華區",24,0.003996003996004
2006,"TOWNSHIP_YEAR_SPECIFIC","蘆洲鄉",11,0.00183150183150183
2006,"TOWNSHIP_YEAR_SPECIFIC","蘆竹鄉",11,0.00183150183150183
2006,"TOWNSHIP_YEAR_SPECIFIC","蘇澳鎮",8,0.00133200133200133
2006,"TOWNSHIP_YEAR_SPECIFIC","蘭嶼鄉",49,0.00815850815850816
2006,"TOWNSHIP_YEAR_SPECIFIC","虎尾鎮",1,0.000166500166500167
2006,"TOWNSHIP_YEAR_SPECIFIC","褒忠鄉",1,0.000166500166500167
2006,"TOWNSHIP_YEAR_SPECIFIC","西區",2,0.000333000333000333
2006,"TOWNSHIP_YEAR_SPECIFIC","西屯區",3,0.0004995004995005
2006,"TOWNSHIP_YEAR_SPECIFIC","觀音鄉",6,0.000999000999000999
2006,"TOWNSHIP_YEAR_SPECIFIC","豐原市",3,0.0004995004995005
2006,"TOWNSHIP_YEAR_SPECIFIC","豐濱鄉",67,0.0111555111555112
2006,"TOWNSHIP_YEAR_SPECIFIC","貢寮鄉",1,0.000166500166500167
2006,"TOWNSHIP_YEAR_SPECIFIC","車城鄉",4,0.000666000666000666
2006,"TOWNSHIP_YEAR_SPECIFIC","通霄鎮",2,0.000333000333000333
2006,"TOWNSHIP_YEAR_SPECIFIC","造橋鄉",1,0.000166500166500167
2006,"TOWNSHIP_YEAR_SPECIFIC","達仁鄉",92,0.0153180153180153
2006,"TOWNSHIP_YEAR_SPECIFIC","金寧鎮",1,0.000166500166500167
2006,"TOWNSHIP_YEAR_SPECIFIC","金峰鄉",113,0.0188145188145188
2006,"TOWNSHIP_YEAR_SPECIFIC","金沙鎮",1,0.000166500166500167
2006,"TOWNSHIP_YEAR_SPECIFIC","金湖鎮",1,0.000166500166500167
2006,"TOWNSHIP_YEAR_SPECIFIC","銅鑼鄉",1,0.000166500166500167
2006,"TOWNSHIP_YEAR_SPECIFIC","長治鄉",4,0.000666000666000666
2006,"TOWNSHIP_YEAR_SPECIFIC","長濱鄉",112,0.0186480186480186
2006,"TOWNSHIP_YEAR_SPECIFIC","關山鎮",55,0.00915750915750916
2006,"TOWNSHIP_YEAR_SPECIFIC","關西鎮",2,0.000333000333000333
2006,"TOWNSHIP_YEAR_SPECIFIC","阿里山",30,0.004995004995005
2006,"TOWNSHIP_YEAR_SPECIFIC","集集鎮",1,0.000166500166500167
2006,"TOWNSHIP_YEAR_SPECIFIC","霧峰鄉",1,0.000166500166500167
2006,"TOWNSHIP_YEAR_SPECIFIC","霧臺鄉",29,0.00482850482850483
2006,"TOWNSHIP_YEAR_SPECIFIC","頭份鎮",7,0.00116550116550117
2006,"TOWNSHIP_YEAR_SPECIFIC","香山區",1,0.000166500166500167
2006,"TOWNSHIP_YEAR_SPECIFIC","馬公市",1,0.000166500166500167
2006,"TOWNSHIP_YEAR_SPECIFIC","魚池鄉",9,0.0014985014985015
2006,"TOWNSHIP_YEAR_SPECIFIC","鳳山市",40,0.00666000666000666
2006,"TOWNSHIP_YEAR_SPECIFIC","鳳林鎮",31,0.00516150516150516
2006,"TOWNSHIP_YEAR_SPECIFIC","鶯歌鎮",7,0.00116550116550117
2006,"TOWNSHIP_YEAR_SPECIFIC","鹽埔鄉",1,0.000166500166500167
2006,"TOWNSHIP_YEAR_SPECIFIC","鹽埕區",4,0.000666000666000666
2006,"TOWNSHIP_YEAR_SPECIFIC","鹽水鎮",1,0.000166500166500167
2006,"TOWNSHIP_YEAR_SPECIFIC","鹿港鎮",1,0.000166500166500167
2006,"TOWNSHIP_YEAR_SPECIFIC","鹿野鄉",52,0.00865800865800866
2006,"TOWNSHIP_YEAR_SPECIFIC","麥寮鄉",16,0.00266400266400266
2006,"TOWNSHIP_YEAR_SPECIFIC","鼓山區",3,0.0004995004995005
2006,"TOWNSHIP_YEAR_SPECIFIC","龍井鄉",6,0.000999000999000999
2006,"TOWNSHIP_YEAR_SPECIFIC","龍潭鄉",9,0.0014985014985015
2006,"TOWNSHIP_YEAR_SPECIFIC","龜山鄉",14,0.00233100233100233
2010,"ADMIN_NAME_HARMONIZED","南投縣",240,0.0477421921623235
2010,"ADMIN_NAME_HARMONIZED","嘉義市",57,0.0113387706385518
2010,"ADMIN_NAME_HARMONIZED","嘉義縣",52,0.0103441416351701
2010,"ADMIN_NAME_HARMONIZED","基隆市",90,0.0179033220608713
2010,"ADMIN_NAME_HARMONIZED","宜蘭縣",131,0.0260592798886016
2010,"ADMIN_NAME_HARMONIZED","屏東縣",490,0.0974736423314104
2010,"ADMIN_NAME_HARMONIZED","彰化縣",59,0.0117366222399045
2010,"ADMIN_NAME_HARMONIZED","新北市",500,0.0994629003381739
2010,"ADMIN_NAME_HARMONIZED","新竹市",50,0.00994629003381739
2010,"ADMIN_NAME_HARMONIZED","新竹縣",206,0.0409787149393276
2010,"ADMIN_NAME_HARMONIZED","桃園市",561,0.111597374179431
2010,"ADMIN_NAME_HARMONIZED","臺中市",278,0.0553013725880247
2010,"ADMIN_NAME_HARMONIZED","臺北市",160,0.0318281281082156
2010,"ADMIN_NAME_HARMONIZED","臺南市",109,0.0216829122737219
2010,"ADMIN_NAME_HARMONIZED","臺東縣",732,0.145613686095087
2010,"ADMIN_NAME_HARMONIZED","花蓮縣",845,0.168092301571514
2010,"ADMIN_NAME_HARMONIZED","苗栗縣",119,0.0236721702804854
2010,"ADMIN_NAME_HARMONIZED","雲林縣",53,0.0105430674358464
2010,"ADMIN_NAME_HARMONIZED","高雄市",295,0.0586831111995226
2010,"ADMIN_NAME_ORIGINAL","南投縣",240,0.0477421921623235
2010,"ADMIN_NAME_ORIGINAL","嘉義市",57,0.0113387706385518
2010,"ADMIN_NAME_ORIGINAL","嘉義縣",52,0.0103441416351701
2010,"ADMIN_NAME_ORIGINAL","基隆市",90,0.0179033220608713
2010,"ADMIN_NAME_ORIGINAL","宜蘭縣",131,0.0260592798886016
2010,"ADMIN_NAME_ORIGINAL","屏東縣",490,0.0974736423314104
2010,"ADMIN_NAME_ORIGINAL","彰化縣",59,0.0117366222399045
2010,"ADMIN_NAME_ORIGINAL","新竹市",50,0.00994629003381739
2010,"ADMIN_NAME_ORIGINAL","新竹縣",206,0.0409787149393276
2010,"ADMIN_NAME_ORIGINAL","桃園縣",561,0.111597374179431
2010,"ADMIN_NAME_ORIGINAL","臺中市",80,0.0159140640541078
2010,"ADMIN_NAME_ORIGINAL","臺中縣",198,0.0393873085339169
2010,"ADMIN_NAME_ORIGINAL","臺北市",160,0.0318281281082156
2010,"ADMIN_NAME_ORIGINAL","臺北縣",500,0.0994629003381739
2010,"ADMIN_NAME_ORIGINAL","臺南市",57,0.0113387706385518
2010,"ADMIN_NAME_ORIGINAL","臺南縣",52,0.0103441416351701
2010,"ADMIN_NAME_ORIGINAL","臺東縣",732,0.145613686095087
2010,"ADMIN_NAME_ORIGINAL","花蓮縣",845,0.168092301571514
2010,"ADMIN_NAME_ORIGINAL","苗栗縣",119,0.0236721702804854
2010,"ADMIN_NAME_ORIGINAL","雲林縣",53,0.0105430674358464
2010,"ADMIN_NAME_ORIGINAL","高雄市",133,0.0264571314899542
2010,"ADMIN_NAME_ORIGINAL","高雄縣",162,0.0322259797095683
2010,"ADMIN_NAME_YEAR_SPECIFIC","南投縣",240,0.0477421921623235
2010,"ADMIN_NAME_YEAR_SPECIFIC","嘉義市",57,0.0113387706385518
2010,"ADMIN_NAME_YEAR_SPECIFIC","嘉義縣",52,0.0103441416351701
2010,"ADMIN_NAME_YEAR_SPECIFIC","基隆市",90,0.0179033220608713
2010,"ADMIN_NAME_YEAR_SPECIFIC","宜蘭縣",131,0.0260592798886016
2010,"ADMIN_NAME_YEAR_SPECIFIC","屏東縣",490,0.0974736423314104
2010,"ADMIN_NAME_YEAR_SPECIFIC","彰化縣",59,0.0117366222399045
2010,"ADMIN_NAME_YEAR_SPECIFIC","新竹市",50,0.00994629003381739
2010,"ADMIN_NAME_YEAR_SPECIFIC","新竹縣",206,0.0409787149393276
2010,"ADMIN_NAME_YEAR_SPECIFIC","桃園縣",561,0.111597374179431
2010,"ADMIN_NAME_YEAR_SPECIFIC","臺中市",80,0.0159140640541078
2010,"ADMIN_NAME_YEAR_SPECIFIC","臺中縣",198,0.0393873085339169
2010,"ADMIN_NAME_YEAR_SPECIFIC","臺北市",160,0.0318281281082156
2010,"ADMIN_NAME_YEAR_SPECIFIC","臺北縣",500,0.0994629003381739
2010,"ADMIN_NAME_YEAR_SPECIFIC","臺南市",57,0.0113387706385518
2010,"ADMIN_NAME_YEAR_SPECIFIC","臺南縣",52,0.0103441416351701
2010,"ADMIN_NAME_YEAR_SPECIFIC","臺東縣",732,0.145613686095087
2010,"ADMIN_NAME_YEAR_SPECIFIC","花蓮縣",845,0.168092301571514
2010,"ADMIN_NAME_YEAR_SPECIFIC","苗栗縣",119,0.0236721702804854
2010,"ADMIN_NAME_YEAR_SPECIFIC","雲林縣",53,0.0105430674358464
2010,"ADMIN_NAME_YEAR_SPECIFIC","高雄市",133,0.0264571314899542
2010,"ADMIN_NAME_YEAR_SPECIFIC","高雄縣",162,0.0322259797095683
2010,"AGE_GROUP","15-19歲",54,0.0107441305212893
2010,"AGE_GROUP","20-29歲",520,0.103461997612415
2010,"AGE_GROUP","30-39歲",1162,0.231197771587744
2010,"AGE_GROUP","40-49歲",1393,0.277158774373259
2010,"AGE_GROUP","50-59歲",1084,0.215678471945881
2010,"AGE_GROUP","60歲以上",813,0.161758853959411
2010,"AGE_GROUP_HARMONIZED","15-19歲",54,0.0107441305212893
2010,"AGE_GROUP_HARMONIZED","20-29歲",520,0.103461997612415
2010,"AGE_GROUP_HARMONIZED","30-39歲",1162,0.231197771587744
2010,"AGE_GROUP_HARMONIZED","40-49歲",1393,0.277158774373259
2010,"AGE_GROUP_HARMONIZED","50-59歲",1084,0.215678471945881
2010,"AGE_GROUP_HARMONIZED","60歲以上",813,0.161758853959411
2010,"AGE_MEASURE_TYPE","age_group",5027,1
2010,"CITY","南投縣",240,0.0477421921623235
2010,"CITY","嘉義市",57,0.0113387706385518
2010,"CITY","嘉義縣",52,0.0103441416351701
2010,"CITY","基隆市",90,0.0179033220608713
2010,"CITY","宜蘭縣",131,0.0260592798886016
2010,"CITY","屏東縣",490,0.0974736423314104
2010,"CITY","彰化縣",59,0.0117366222399045
2010,"CITY","新竹市",50,0.00994629003381739
2010,"CITY","新竹縣",206,0.0409787149393276
2010,"CITY","桃園縣",561,0.111597374179431
2010,"CITY","臺中市",80,0.0159140640541078
2010,"CITY","臺中縣",198,0.0393873085339169
2010,"CITY","臺北市",160,0.0318281281082156
2010,"CITY","臺北縣",500,0.0994629003381739
2010,"CITY","臺南市",57,0.0113387706385518
2010,"CITY","臺南縣",52,0.0103441416351701
2010,"CITY","臺東縣",732,0.145613686095087
2010,"CITY","花蓮縣",845,0.168092301571514
2010,"CITY","苗栗縣",119,0.0236721702804854
2010,"CITY","雲林縣",53,0.0105430674358464
2010,"CITY","高雄市",133,0.0264571314899542
2010,"CITY","高雄縣",162,0.0322259797095683
2010,"COUNTY","七堵區",18,0.00358066441217426
2010,"COUNTY","三地門鄉",58,0.0115376964392282
2010,"COUNTY","三峽鎮",52,0.0103441416351701
2010,"COUNTY","三民區",17,0.00338173861149791
2010,"COUNTY","三重市",11,0.00218818380743982
2010,"COUNTY","中區",1,0.000198925800676348
2010,"COUNTY","中和市",8,0.00159140640541078
2010,"COUNTY","中埔鄉",10,0.00198925800676348
2010,"COUNTY","中壢市",95,0.018897951064253
2010,"COUNTY","中山區",20,0.00397851601352695
2010,"COUNTY","中正區",55,0.0109409190371991
2010,"COUNTY","中西區",1,0.000198925800676348
2010,"COUNTY","五峰鄉",39,0.00775810622637756
2010,"COUNTY","五結鄉",26,0.00517207081758504
2010,"COUNTY","五股鄉",2,0.000397851601352695
2010,"COUNTY","仁德鄉",14,0.00278496120946887
2010,"COUNTY","仁愛區",2,0.000397851601352695
2010,"COUNTY","仁愛鄉",107,0.0212850606723692
2010,"COUNTY","來義鄉",46,0.009150586831112
2010,"COUNTY","信義區",13,0.00258603540879252
2010,"COUNTY","信義鄉",63,0.0125323254426099
2010,"COUNTY","光復鄉",64,0.0127312512432863
2010,"COUNTY","內埔鄉",24,0.00477421921623235
2010,"COUNTY","內湖區",21,0.0041774418142033
2010,"COUNTY","八德市",54,0.0107419932365228
2010,"COUNTY","公館鄉",16,0.00318281281082156
2010,"COUNTY","六龜鄉",7,0.00139248060473443
2010,"COUNTY","前金區",3,0.000596777402029043
2010,"COUNTY","前鎮區",19,0.00377959021285061
2010,"COUNTY","北區",44,0.0087527352297593
2010,"COUNTY","北屯區",22,0.00437636761487965
2010,"COUNTY","北投區",17,0.00338173861149791
2010,"COUNTY","卑南鄉",61,0.0121344738412572
2010,"COUNTY","卓溪鄉",43,0.00855380942908295
2010,"COUNTY","南區",15,0.00298388701014522
2010,"COUNTY","南屯區",6,0.00119355480405809
2010,"COUNTY","南庄鄉",32,0.00636562562164313
2010,"COUNTY","南投市",4,0.000795703202705391
2010,"COUNTY","南港區",18,0.00358066441217426
2010,"COUNTY","南澳鄉",43,0.00855380942908295
2010,"COUNTY","吉安鄉",152,0.0302367217028049
2010,"COUNTY","和平鄉",41,0.00815595782773026
2010,"COUNTY","和美鎮",26,0.00517207081758504
2010,"COUNTY","土城市",80,0.0159140640541078
2010,"COUNTY","埔里鎮",41,0.00815595782773026
2010,"COUNTY","士林區",12,0.00238710960811617
2010,"COUNTY","壽豐鄉",54,0.0107419932365228
2010,"COUNTY","大同區",10,0.00198925800676348
2010,"COUNTY","大同鄉",34,0.00676347722299582
2010,"COUNTY","大園鄉",10,0.00198925800676348
2010,"COUNTY","大安區",9,0.00179033220608713
2010,"COUNTY","大寮鄉",3,0.000596777402029043
2010,"COUNTY","大林鎮",5,0.000994629003381739
2010,"COUNTY","大武鄉",44,0.0087527352297593
2010,"COUNTY","大溪鎮",62,0.0123333996419336
2010,"COUNTY","大肚鄉",12,0.00238710960811617
2010,"COUNTY","大里市",17,0.00338173861149791
2010,"COUNTY","大雅鄉",13,0.00258603540879252
2010,"COUNTY","太麻里鄉",52,0.0103441416351701
2010,"COUNTY","安南區",12,0.00238710960811617
2010,"COUNTY","安平區",2,0.000397851601352695
2010,"COUNTY","安樂區",10,0.00198925800676348
2010,"COUNTY","宜蘭市",8,0.00159140640541078
2010,"COUNTY","富里鄉",20,0.00397851601352695
2010,"COUNTY","小港區",27,0.00537099661826139
2010,"COUNTY","尖石鄉",53,0.0105430674358464
2010,"COUNTY","屏東市",63,0.0125323254426099
2010,"COUNTY","岡山鎮",73,0.0145215834493734
2010,"COUNTY","左營區",22,0.00437636761487965
2010,"COUNTY","平鎮市",67,0.0133280286453153
2010,"COUNTY","延平鄉",20,0.00397851601352695
2010,"COUNTY","彰化市",17,0.00338173861149791
2010,"COUNTY","復興鄉",64,0.0127312512432863
2010,"COUNTY","恆春鎮",8,0.00159140640541078
2010,"COUNTY","成功鎮",85,0.0169086930574896
2010,"COUNTY","文山區",18,0.00358066441217426
2010,"COUNTY","斗六市",10,0.00198925800676348
2010,"COUNTY","新城鄉",66,0.0131291028446389
2010,"COUNTY","新店市",39,0.00775810622637756
2010,"COUNTY","新營市",5,0.000994629003381739
2010,"COUNTY","新興區",2,0.000397851601352695
2010,"COUNTY","新莊市",19,0.00377959021285061
2010,"COUNTY","旗津區",4,0.000795703202705391
2010,"COUNTY","春日鄉",35,0.00696240302367217
2010,"COUNTY","暖暖區",3,0.000596777402029043
2010,"COUNTY","東勢鎮",24,0.00477421921623235
2010,"COUNTY","東區",100,0.0198925800676348
2010,"COUNTY","東河鄉",46,0.009150586831112
2010,"COUNTY","松山區",10,0.00198925800676348
2010,"COUNTY","板橋市",17,0.00338173861149791
2010,"COUNTY","枋寮鄉",20,0.00397851601352695
2010,"COUNTY","林口鄉",8,0.00159140640541078
2010,"COUNTY","桃園市",82,0.0163119156554605
2010,"COUNTY","桃源鄉",32,0.00636562562164313
2010,"COUNTY","楊梅鎮",12,0.00238710960811617
2010,"COUNTY","楠梓區",18,0.00358066441217426
2010,"COUNTY","樹林市",116,0.0230753928784563
2010,"COUNTY","歸仁鄉",25,0.00497314501690869
2010,"COUNTY","民雄鄉",3,0.000596777402029043
2010,"COUNTY","永和市",8,0.00159140640541078
2010,"COUNTY","永康市",8,0.00159140640541078
2010,"COUNTY","汐止市",40,0.00795703202705391
2010,"COUNTY","池上鄉",21,0.0041774418142033
2010,"COUNTY","泰安鄉",34,0.00676347722299582
2010,"COUNTY","泰山鄉",18,0.00358066441217426
2010,"COUNTY","泰武鄉",33,0.00656455142231947
2010,"COUNTY","海端鄉",30,0.00596777402029043
2010,"COUNTY","湖口鄉",5,0.000994629003381739
2010,"COUNTY","滿州鄉",39,0.00775810622637756
2010,"COUNTY","潭子鄉",52,0.0103441416351701
2010,"COUNTY","烏來鄉",21,0.0041774418142033
2010,"COUNTY","烏日鄉",6,0.00119355480405809
2010,"COUNTY","牡丹鄉",46,0.009150586831112
2010,"COUNTY","獅子鄉",31,0.00616669982096678
2010,"COUNTY","獅潭鄉",14,0.00278496120946887
2010,"COUNTY","玉里鎮",67,0.0133280286453153
2010,"COUNTY","瑞穗鄉",38,0.00755918042570121
2010,"COUNTY","瑪家鄉",41,0.00815595782773026
2010,"COUNTY","神岡鄉",20,0.00397851601352695
2010,"COUNTY","秀林鄉",101,0.0200915058683111
2010,"COUNTY","竹北市",50,0.00994629003381739
2010,"COUNTY","竹南鎮",1,0.000198925800676348
2010,"COUNTY","竹東鎮",17,0.00338173861149791
2010,"COUNTY","羅東鎮",5,0.000994629003381739
2010,"COUNTY","臺東市",189,0.0375969763278297
2010,"COUNTY","花蓮市",115,0.02287646707778
2010,"COUNTY","芳苑鄉",3,0.000596777402029043
2010,"COUNTY","苓雅區",7,0.00139248060473443
2010,"COUNTY","茂林鄉",13,0.00258603540879252
2010,"COUNTY","草屯鎮",14,0.00278496120946887
2010,"COUNTY","莿桐鄉",12,0.00238710960811617
2010,"COUNTY","萬巒鄉",9,0.00179033220608713
2010,"COUNTY","萬榮鄉",62,0.0123333996419336
2010,"COUNTY","萬華區",14,0.00278496120946887
2010,"COUNTY","蘆洲市",52,0.0103441416351701
2010,"COUNTY","蘆竹鄉",44,0.0087527352297593
2010,"COUNTY","蘇澳鎮",15,0.00298388701014522
2010,"COUNTY","蘭嶼鄉",24,0.00477421921623235
2010,"COUNTY","虎尾鎮",13,0.00258603540879252
2010,"COUNTY","西區",21,0.0041774418142033
2010,"COUNTY","西屯區",11,0.00218818380743982
2010,"COUNTY","西螺鎮",16,0.00318281281082156
2010,"COUNTY","豐原市",13,0.00258603540879252
2010,"COUNTY","豐濱鄉",41,0.00815595782773026
2010,"COUNTY","達仁鄉",34,0.00676347722299582
2010,"COUNTY","那瑪夏鄉",18,0.00358066441217426
2010,"COUNTY","金峰鄉",28,0.00556992241893774
2010,"COUNTY","長治鄉",13,0.00258603540879252
2010,"COUNTY","長濱鄉",55,0.0109409190371991
2010,"COUNTY","關山鎮",21,0.0041774418142033
2010,"COUNTY","關西鎮",42,0.0083548836284066
2010,"COUNTY","阿里山鄉",34,0.00676347722299582
2010,"COUNTY","霧臺鄉",24,0.00477421921623235
2010,"COUNTY","頭份鎮",22,0.00437636761487965
2010,"COUNTY","香山區",9,0.00179033220608713
2010,"COUNTY","魚池鄉",11,0.00218818380743982
2010,"COUNTY","鳳山市",16,0.00318281281082156
2010,"COUNTY","鳳林鎮",22,0.00437636761487965
2010,"COUNTY","鶯歌鎮",9,0.00179033220608713
2010,"COUNTY","鹽埕區",2,0.000397851601352695
2010,"COUNTY","鹿港鎮",13,0.00258603540879252
2010,"COUNTY","鹿野鄉",22,0.00437636761487965
2010,"COUNTY","麥寮鄉",2,0.000397851601352695
2010,"COUNTY","鼓山區",12,0.00238710960811617
2010,"COUNTY","龜山鄉",71,0.0141237318480207
2010,"COUNTY_MAPPING_STATUS","single_township",5027,1
2010,"COUNTY_ORIGINAL","七堵區",18,0.00358066441217426
2010,"COUNTY_ORIGINAL","三地門鄉",58,0.0115376964392282
2010,"COUNTY_ORIGINAL","三峽鎮",52,0.0103441416351701
2010,"COUNTY_ORIGINAL","三民區",17,0.00338173861149791
2010,"COUNTY_ORIGINAL","三重市",11,0.00218818380743982
2010,"COUNTY_ORIGINAL","中區",1,0.000198925800676348
2010,"COUNTY_ORIGINAL","中和市",8,0.00159140640541078
2010,"COUNTY_ORIGINAL","中埔鄉",10,0.00198925800676348
2010,"COUNTY_ORIGINAL","中壢市",95,0.018897951064253
2010,"COUNTY_ORIGINAL","中山區",20,0.00397851601352695
2010,"COUNTY_ORIGINAL","中正區",55,0.0109409190371991
2010,"COUNTY_ORIGINAL","中西區",1,0.000198925800676348
2010,"COUNTY_ORIGINAL","五峰鄉",39,0.00775810622637756
2010,"COUNTY_ORIGINAL","五結鄉",26,0.00517207081758504
2010,"COUNTY_ORIGINAL","五股鄉",2,0.000397851601352695
2010,"COUNTY_ORIGINAL","仁德鄉",14,0.00278496120946887
2010,"COUNTY_ORIGINAL","仁愛區",2,0.000397851601352695
2010,"COUNTY_ORIGINAL","仁愛鄉",107,0.0212850606723692
2010,"COUNTY_ORIGINAL","來義鄉",46,0.009150586831112
2010,"COUNTY_ORIGINAL","信義區",13,0.00258603540879252
2010,"COUNTY_ORIGINAL","信義鄉",63,0.0125323254426099
2010,"COUNTY_ORIGINAL","光復鄉",64,0.0127312512432863
2010,"COUNTY_ORIGINAL","內埔鄉",24,0.00477421921623235
2010,"COUNTY_ORIGINAL","內湖區",21,0.0041774418142033
2010,"COUNTY_ORIGINAL","八德市",54,0.0107419932365228
2010,"COUNTY_ORIGINAL","公館鄉",16,0.00318281281082156
2010,"COUNTY_ORIGINAL","六龜鄉",7,0.00139248060473443
2010,"COUNTY_ORIGINAL","前金區",3,0.000596777402029043
2010,"COUNTY_ORIGINAL","前鎮區",19,0.00377959021285061
2010,"COUNTY_ORIGINAL","北區",44,0.0087527352297593
2010,"COUNTY_ORIGINAL","北屯區",22,0.00437636761487965
2010,"COUNTY_ORIGINAL","北投區",17,0.00338173861149791
2010,"COUNTY_ORIGINAL","卑南鄉",61,0.0121344738412572
2010,"COUNTY_ORIGINAL","卓溪鄉",43,0.00855380942908295
2010,"COUNTY_ORIGINAL","南區",15,0.00298388701014522
2010,"COUNTY_ORIGINAL","南屯區",6,0.00119355480405809
2010,"COUNTY_ORIGINAL","南庄鄉",32,0.00636562562164313
2010,"COUNTY_ORIGINAL","南投市",4,0.000795703202705391
2010,"COUNTY_ORIGINAL","南港區",18,0.00358066441217426
2010,"COUNTY_ORIGINAL","南澳鄉",43,0.00855380942908295
2010,"COUNTY_ORIGINAL","吉安鄉",152,0.0302367217028049
2010,"COUNTY_ORIGINAL","和平鄉",41,0.00815595782773026
2010,"COUNTY_ORIGINAL","和美鎮",26,0.00517207081758504
2010,"COUNTY_ORIGINAL","土城市",80,0.0159140640541078
2010,"COUNTY_ORIGINAL","埔里鎮",41,0.00815595782773026
2010,"COUNTY_ORIGINAL","士林區",12,0.00238710960811617
2010,"COUNTY_ORIGINAL","壽豐鄉",54,0.0107419932365228
2010,"COUNTY_ORIGINAL","大同區",10,0.00198925800676348
2010,"COUNTY_ORIGINAL","大同鄉",34,0.00676347722299582
2010,"COUNTY_ORIGINAL","大園鄉",10,0.00198925800676348
2010,"COUNTY_ORIGINAL","大安區",9,0.00179033220608713
2010,"COUNTY_ORIGINAL","大寮鄉",3,0.000596777402029043
2010,"COUNTY_ORIGINAL","大林鎮",5,0.000994629003381739
2010,"COUNTY_ORIGINAL","大武鄉",44,0.0087527352297593
2010,"COUNTY_ORIGINAL","大溪鎮",62,0.0123333996419336
2010,"COUNTY_ORIGINAL","大肚鄉",12,0.00238710960811617
2010,"COUNTY_ORIGINAL","大里市",17,0.00338173861149791
2010,"COUNTY_ORIGINAL","大雅鄉",13,0.00258603540879252
2010,"COUNTY_ORIGINAL","太麻里鄉",52,0.0103441416351701
2010,"COUNTY_ORIGINAL","安南區",12,0.00238710960811617
2010,"COUNTY_ORIGINAL","安平區",2,0.000397851601352695
2010,"COUNTY_ORIGINAL","安樂區",10,0.00198925800676348
2010,"COUNTY_ORIGINAL","宜蘭市",8,0.00159140640541078
2010,"COUNTY_ORIGINAL","富里鄉",20,0.00397851601352695
2010,"COUNTY_ORIGINAL","小港區",27,0.00537099661826139
2010,"COUNTY_ORIGINAL","尖石鄉",53,0.0105430674358464
2010,"COUNTY_ORIGINAL","屏東市",63,0.0125323254426099
2010,"COUNTY_ORIGINAL","岡山鎮",73,0.0145215834493734
2010,"COUNTY_ORIGINAL","左營區",22,0.00437636761487965
2010,"COUNTY_ORIGINAL","平鎮市",67,0.0133280286453153
2010,"COUNTY_ORIGINAL","延平鄉",20,0.00397851601352695
2010,"COUNTY_ORIGINAL","彰化市",17,0.00338173861149791
2010,"COUNTY_ORIGINAL","復興鄉",64,0.0127312512432863
2010,"COUNTY_ORIGINAL","恆春鎮",8,0.00159140640541078
2010,"COUNTY_ORIGINAL","成功鎮",85,0.0169086930574896
2010,"COUNTY_ORIGINAL","文山區",18,0.00358066441217426
2010,"COUNTY_ORIGINAL","斗六市",10,0.00198925800676348
2010,"COUNTY_ORIGINAL","新城鄉",66,0.0131291028446389
2010,"COUNTY_ORIGINAL","新店市",39,0.00775810622637756
2010,"COUNTY_ORIGINAL","新營市",5,0.000994629003381739
2010,"COUNTY_ORIGINAL","新興區",2,0.000397851601352695
2010,"COUNTY_ORIGINAL","新莊市",19,0.00377959021285061
2010,"COUNTY_ORIGINAL","旗津區",4,0.000795703202705391
2010,"COUNTY_ORIGINAL","春日鄉",35,0.00696240302367217
2010,"COUNTY_ORIGINAL","暖暖區",3,0.000596777402029043
2010,"COUNTY_ORIGINAL","東勢鎮",24,0.00477421921623235
2010,"COUNTY_ORIGINAL","東區",100,0.0198925800676348
2010,"COUNTY_ORIGINAL","東河鄉",46,0.009150586831112
2010,"COUNTY_ORIGINAL","松山區",10,0.00198925800676348
2010,"COUNTY_ORIGINAL","板橋市",17,0.00338173861149791
2010,"COUNTY_ORIGINAL","枋寮鄉",20,0.00397851601352695
2010,"COUNTY_ORIGINAL","林口鄉",8,0.00159140640541078
2010,"COUNTY_ORIGINAL","桃園市",82,0.0163119156554605
2010,"COUNTY_ORIGINAL","桃源鄉",32,0.00636562562164313
2010,"COUNTY_ORIGINAL","楊梅鎮",12,0.00238710960811617
2010,"COUNTY_ORIGINAL","楠梓區",18,0.00358066441217426
2010,"COUNTY_ORIGINAL","樹林市",116,0.0230753928784563
2010,"COUNTY_ORIGINAL","歸仁鄉",25,0.00497314501690869
2010,"COUNTY_ORIGINAL","民雄鄉",3,0.000596777402029043
2010,"COUNTY_ORIGINAL","永和市",8,0.00159140640541078
2010,"COUNTY_ORIGINAL","永康市",8,0.00159140640541078
2010,"COUNTY_ORIGINAL","汐止市",40,0.00795703202705391
2010,"COUNTY_ORIGINAL","池上鄉",21,0.0041774418142033
2010,"COUNTY_ORIGINAL","泰安鄉",34,0.00676347722299582
2010,"COUNTY_ORIGINAL","泰山鄉",18,0.00358066441217426
2010,"COUNTY_ORIGINAL","泰武鄉",33,0.00656455142231947
2010,"COUNTY_ORIGINAL","海端鄉",30,0.00596777402029043
2010,"COUNTY_ORIGINAL","湖口鄉",5,0.000994629003381739
2010,"COUNTY_ORIGINAL","滿州鄉",39,0.00775810622637756
2010,"COUNTY_ORIGINAL","潭子鄉",52,0.0103441416351701
2010,"COUNTY_ORIGINAL","烏來鄉",21,0.0041774418142033
2010,"COUNTY_ORIGINAL","烏日鄉",6,0.00119355480405809
2010,"COUNTY_ORIGINAL","牡丹鄉",46,0.009150586831112
2010,"COUNTY_ORIGINAL","獅子鄉",31,0.00616669982096678
2010,"COUNTY_ORIGINAL","獅潭鄉",14,0.00278496120946887
2010,"COUNTY_ORIGINAL","玉里鎮",67,0.0133280286453153
2010,"COUNTY_ORIGINAL","瑞穗鄉",38,0.00755918042570121
2010,"COUNTY_ORIGINAL","瑪家鄉",41,0.00815595782773026
2010,"COUNTY_ORIGINAL","神岡鄉",20,0.00397851601352695
2010,"COUNTY_ORIGINAL","秀林鄉",101,0.0200915058683111
2010,"COUNTY_ORIGINAL","竹北市",50,0.00994629003381739
2010,"COUNTY_ORIGINAL","竹南鎮",1,0.000198925800676348
2010,"COUNTY_ORIGINAL","竹東鎮",17,0.00338173861149791
2010,"COUNTY_ORIGINAL","羅東鎮",5,0.000994629003381739
2010,"COUNTY_ORIGINAL","臺東市",189,0.0375969763278297
2010,"COUNTY_ORIGINAL","花蓮市",115,0.02287646707778
2010,"COUNTY_ORIGINAL","芳苑鄉",3,0.000596777402029043
2010,"COUNTY_ORIGINAL","苓雅區",7,0.00139248060473443
2010,"COUNTY_ORIGINAL","茂林鄉",13,0.00258603540879252
2010,"COUNTY_ORIGINAL","草屯鎮",14,0.00278496120946887
2010,"COUNTY_ORIGINAL","莿桐鄉",12,0.00238710960811617
2010,"COUNTY_ORIGINAL","萬巒鄉",9,0.00179033220608713
2010,"COUNTY_ORIGINAL","萬榮鄉",62,0.0123333996419336
2010,"COUNTY_ORIGINAL","萬華區",14,0.00278496120946887
2010,"COUNTY_ORIGINAL","蘆洲市",52,0.0103441416351701
2010,"COUNTY_ORIGINAL","蘆竹鄉",44,0.0087527352297593
2010,"COUNTY_ORIGINAL","蘇澳鎮",15,0.00298388701014522
2010,"COUNTY_ORIGINAL","蘭嶼鄉",24,0.00477421921623235
2010,"COUNTY_ORIGINAL","虎尾鎮",13,0.00258603540879252
2010,"COUNTY_ORIGINAL","西區",21,0.0041774418142033
2010,"COUNTY_ORIGINAL","西屯區",11,0.00218818380743982
2010,"COUNTY_ORIGINAL","西螺鎮",16,0.00318281281082156
2010,"COUNTY_ORIGINAL","豐原市",13,0.00258603540879252
2010,"COUNTY_ORIGINAL","豐濱鄉",41,0.00815595782773026
2010,"COUNTY_ORIGINAL","達仁鄉",34,0.00676347722299582
2010,"COUNTY_ORIGINAL","那瑪夏鄉",18,0.00358066441217426
2010,"COUNTY_ORIGINAL","金峰鄉",28,0.00556992241893774
2010,"COUNTY_ORIGINAL","長治鄉",13,0.00258603540879252
2010,"COUNTY_ORIGINAL","長濱鄉",55,0.0109409190371991
2010,"COUNTY_ORIGINAL","關山鎮",21,0.0041774418142033
2010,"COUNTY_ORIGINAL","關西鎮",42,0.0083548836284066
2010,"COUNTY_ORIGINAL","阿里山鄉",34,0.00676347722299582
2010,"COUNTY_ORIGINAL","霧臺鄉",24,0.00477421921623235
2010,"COUNTY_ORIGINAL","頭份鎮",22,0.00437636761487965
2010,"COUNTY_ORIGINAL","香山區",9,0.00179033220608713
2010,"COUNTY_ORIGINAL","魚池鄉",11,0.00218818380743982
2010,"COUNTY_ORIGINAL","鳳山市",16,0.00318281281082156
2010,"COUNTY_ORIGINAL","鳳林鎮",22,0.00437636761487965
2010,"COUNTY_ORIGINAL","鶯歌鎮",9,0.00179033220608713
2010,"COUNTY_ORIGINAL","鹽埕區",2,0.000397851601352695
2010,"COUNTY_ORIGINAL","鹿港鎮",13,0.00258603540879252
2010,"COUNTY_ORIGINAL","鹿野鄉",22,0.00437636761487965
2010,"COUNTY_ORIGINAL","麥寮鄉",2,0.000397851601352695
2010,"COUNTY_ORIGINAL","鼓山區",12,0.00238710960811617
2010,"COUNTY_ORIGINAL","龜山鄉",71,0.0141237318480207
2010,"EDU","不識字/自修",242,0.0481592039800995
2010,"EDU","國(初)中",1107,0.220298507462687
2010,"EDU","國小",1359,0.27044776119403
2010,"EDU","專科以上",657,0.130746268656716
2010,"EDU","高中職",1660,0.330348258706468
2010,"EXP_ALCOHOL_EXPENDITURE","1,000-1,999 元",917,0.182669322709163
2010,"EXP_ALCOHOL_EXPENDITURE","10,000-14,999 元",34,0.00677290836653386
2010,"EXP_ALCOHOL_EXPENDITURE","15,000-19,999 元",8,0.00159362549800797
2010,"EXP_ALCOHOL_EXPENDITURE","2,000-2,999 元",548,0.109163346613546
2010,"EXP_ALCOHOL_EXPENDITURE","20,000-29,999 元",2,0.000398406374501992
2010,"EXP_ALCOHOL_EXPENDITURE","3,000-3,999 元",351,0.0699203187250996
2010,"EXP_ALCOHOL_EXPENDITURE","30,000 元及以上，請記錄________元",6,0.00119521912350598
2010,"EXP_ALCOHOL_EXPENDITURE","4,000-4,999 元",107,0.0213147410358566
2010,"EXP_ALCOHOL_EXPENDITURE","5,000-6,999 元",173,0.0344621513944223
2010,"EXP_ALCOHOL_EXPENDITURE","7,000-9,999 元",62,0.0123505976095618
2010,"EXP_ALCOHOL_EXPENDITURE","999 元及以下",1050,0.209163346613546
2010,"EXP_ALCOHOL_EXPENDITURE","沒有這項支出",1762,0.350996015936255
2010,"EXP_ALCOHOL_EXPENDITURE_VALUE_SOURCE","source_question",5027,1
2010,"EXP_CARE_EXPENDITURE","1000 - 1999元",219,0.0435647503481202
2010,"EXP_CARE_EXPENDITURE","10000 - 14999元",52,0.0103441416351701
2010,"EXP_CARE_EXPENDITURE","15000 - 19999元",12,0.00238710960811617
2010,"EXP_CARE_EXPENDITURE","2000 - 2999元",170,0.0338173861149791
2010,"EXP_CARE_EXPENDITURE","20000 - 29999元",17,0.00338173861149791
2010,"EXP_CARE_EXPENDITURE","3000 - 3999元",102,0.0202904316689875
2010,"EXP_CARE_EXPENDITURE","30000 元及以上",8,0.00159140640541078
2010,"EXP_CARE_EXPENDITURE","4000 - 4999元",47,0.00934951263178834
2010,"EXP_CARE_EXPENDITURE","5000 - 6999元",82,0.0163119156554605
2010,"EXP_CARE_EXPENDITURE","7000 - 9999元",23,0.004575293415556
2010,"EXP_CARE_EXPENDITURE","999 元及以下",156,0.0310324249055102
2010,"EXP_CARE_EXPENDITURE","未回答",5,0.000994629003381739
2010,"EXP_CARE_EXPENDITURE","沒有這項支出",4134,0.822359259996021
2010,"EXP_CARE_EXPENDITURE_VALUE_SOURCE","indicator_no_zero",4134,0.822359259996021
2010,"EXP_CARE_EXPENDITURE_VALUE_SOURCE","source_question",893,0.177640740003979
2010,"EXP_CLEANING_EXPENDITURE","1,000-1,999 元",61,0.0121513944223108
2010,"EXP_CLEANING_EXPENDITURE","15,000-19,999 元",6,0.00119521912350598
2010,"EXP_CLEANING_EXPENDITURE","2,000-2,999 元",23,0.00458167330677291
2010,"EXP_CLEANING_EXPENDITURE","20,000-29,999 元",3,0.000597609561752988
2010,"EXP_CLEANING_EXPENDITURE","3,000-3,999 元",6,0.00119521912350598
2010,"EXP_CLEANING_EXPENDITURE","30,000 元及以上，請記錄________元",7,0.00139442231075697
2010,"EXP_CLEANING_EXPENDITURE","4,000-4,999 元",3,0.000597609561752988
2010,"EXP_CLEANING_EXPENDITURE","5,000-6,999 元",2,0.000398406374501992
2010,"EXP_CLEANING_EXPENDITURE","999 元及以下",463,0.0922310756972112
2010,"EXP_CLEANING_EXPENDITURE","沒有這項支出",4446,0.885657370517928
2010,"EXP_CLEANING_EXPENDITURE_VALUE_SOURCE","indicator_no_zero",4446,0.884424109807042
2010,"EXP_CLEANING_EXPENDITURE_VALUE_SOURCE","source_question",581,0.115575890192958
2010,"EXP_CLOTHING_EXPENDITURE","1000 - 1999元",882,0.175452556196539
2010,"EXP_CLOTHING_EXPENDITURE","10000 - 14999元",33,0.00656455142231947
2010,"EXP_CLOTHING_EXPENDITURE","15000 - 19999元",10,0.00198925800676348
2010,"EXP_CLOTHING_EXPENDITURE","2000 - 2999元",559,0.111199522578078
2010,"EXP_CLOTHING_EXPENDITURE","20000 - 29999元",1,0.000198925800676348
2010,"EXP_CLOTHING_EXPENDITURE","3000 - 3999元",211,0.0419733439427094
2010,"EXP_CLOTHING_EXPENDITURE","30000 元及以上",11,0.00218818380743982
2010,"EXP_CLOTHING_EXPENDITURE","4000 - 4999元",97,0.0192958026656057
2010,"EXP_CLOTHING_EXPENDITURE","5000 - 6999元",93,0.0185000994629003
2010,"EXP_CLOTHING_EXPENDITURE","7000 - 9999元",22,0.00437636761487965
2010,"EXP_CLOTHING_EXPENDITURE","999 元及以下",1440,0.286453152973941
2010,"EXP_CLOTHING_EXPENDITURE","未回答",5,0.000994629003381739
2010,"EXP_CLOTHING_EXPENDITURE","沒有這項支出",1663,0.330813606524766
2010,"EXP_CLOTHING_EXPENDITURE_VALUE_SOURCE","indicator_no_zero",1663,0.330813606524766
2010,"EXP_CLOTHING_EXPENDITURE_VALUE_SOURCE","source_question",3364,0.669186393475234
2010,"EXP_EDU_BOOKS_COMBINED_EXPENDITURE","1000 - 1999元",495,0.0984682713347921
2010,"EXP_EDU_BOOKS_COMBINED_EXPENDITURE","10000 - 14999元",119,0.0236721702804854
2010,"EXP_EDU_BOOKS_COMBINED_EXPENDITURE","15000 - 19999元",35,0.00696240302367217
2010,"EXP_EDU_BOOKS_COMBINED_EXPENDITURE","2000 - 2999元",334,0.0664412174259001
2010,"EXP_EDU_BOOKS_COMBINED_EXPENDITURE","20000 - 29999元",26,0.00517207081758504
2010,"EXP_EDU_BOOKS_COMBINED_EXPENDITURE","3000 - 3999元",206,0.0409787149393276
2010,"EXP_EDU_BOOKS_COMBINED_EXPENDITURE","30000 元及以上",38,0.00755918042570121
2010,"EXP_EDU_BOOKS_COMBINED_EXPENDITURE","4000 - 4999元",116,0.0230753928784563
2010,"EXP_EDU_BOOKS_COMBINED_EXPENDITURE","5000 - 6999元",166,0.0330216829122737
2010,"EXP_EDU_BOOKS_COMBINED_EXPENDITURE","7000 - 9999元",115,0.02287646707778
2010,"EXP_EDU_BOOKS_COMBINED_EXPENDITURE","999 元及以下",528,0.105032822757112
2010,"EXP_EDU_BOOKS_COMBINED_EXPENDITURE","未回答",3,0.000596777402029043
2010,"EXP_EDU_BOOKS_COMBINED_EXPENDITURE","沒有這項支出",2846,0.566142828724886
2010,"EXP_EDU_BOOKS_COMBINED_EXPENDITURE_VALUE_SOURCE","indicator_no_zero",2846,0.566142828724886
2010,"EXP_EDU_BOOKS_COMBINED_EXPENDITURE_VALUE_SOURCE","source_question",2181,0.433857171275114
2010,"EXP_FOOD_EXPENDITURE","10,000-14,999 元",1003,0.199681465259805
2010,"EXP_FOOD_EXPENDITURE","15,000-19,999 元",425,0.0846107903643241
2010,"EXP_FOOD_EXPENDITURE","2,999 元及以下",874,0.173999601831575
2010,"EXP_FOOD_EXPENDITURE","20,000-29,999 元",241,0.0479792952418873
2010,"EXP_FOOD_EXPENDITURE","3,000-4,999 元",900,0.179175791359745
2010,"EXP_FOOD_EXPENDITURE","30,000-39,999 元",70,0.0139358948835357
2010,"EXP_FOOD_EXPENDITURE","40,000-49,999 元",9,0.00179175791359745
2010,"EXP_FOOD_EXPENDITURE","5,000-9,999 元",1475,0.29364921361736
2010,"EXP_FOOD_EXPENDITURE","50,000-59,999 元",9,0.00179175791359745
2010,"EXP_FOOD_EXPENDITURE","60,000-69,999 元",4,0.000796336850487756
2010,"EXP_FOOD_EXPENDITURE","70,000 元及以上，請記錄______________元",13,0.00258809476408521
2010,"EXP_FOOD_EXPENDITURE_VALUE_SOURCE","source_question",5027,1
2010,"EXP_FURNITURE_EXPENDITURE","1000 - 1999元",432,0.0859359458921822
2010,"EXP_FURNITURE_EXPENDITURE","10000 - 14999元",23,0.004575293415556
2010,"EXP_FURNITURE_EXPENDITURE","15000 - 19999元",7,0.00139248060473443
2010,"EXP_FURNITURE_EXPENDITURE","2000 - 2999元",213,0.0423711955440621
2010,"EXP_FURNITURE_EXPENDITURE","20000 - 29999元",16,0.00318281281082156
2010,"EXP_FURNITURE_EXPENDITURE","3000 - 3999元",69,0.013725880246668
2010,"EXP_FURNITURE_EXPENDITURE","30000 元及以上",7,0.00139248060473443
2010,"EXP_FURNITURE_EXPENDITURE","4000 - 4999元",30,0.00596777402029043
2010,"EXP_FURNITURE_EXPENDITURE","5000 - 6999元",38,0.00755918042570121
2010,"EXP_FURNITURE_EXPENDITURE","7000 - 9999元",12,0.00238710960811617
2010,"EXP_FURNITURE_EXPENDITURE","999 元及以下",714,0.142033021682912
2010,"EXP_FURNITURE_EXPENDITURE","未回答",8,0.00159140640541078
2010,"EXP_FURNITURE_EXPENDITURE","沒有這項支出",3458,0.68788541873881
2010,"EXP_FURNITURE_EXPENDITURE_VALUE_SOURCE","indicator_no_zero",3458,0.68788541873881
2010,"EXP_FURNITURE_EXPENDITURE_VALUE_SOURCE","source_question",1569,0.31211458126119
2010,"EXP_HOUSING_UTIL_EXPENDITURE","1,000-1,999 元",1234,0.245572139303483
2010,"EXP_HOUSING_UTIL_EXPENDITURE","10,000-14,999 元",366,0.0728358208955224
2010,"EXP_HOUSING_UTIL_EXPENDITURE","15,000-19,999 元",157,0.0312437810945274
2010,"EXP_HOUSING_UTIL_EXPENDITURE","2,000-2,999 元",1026,0.204179104477612
2010,"EXP_HOUSING_UTIL_EXPENDITURE","20,000-29,999 元",64,0.0127363184079602
2010,"EXP_HOUSING_UTIL_EXPENDITURE","3,000-4,999 元",663,0.131940298507463
2010,"EXP_HOUSING_UTIL_EXPENDITURE","30,000-39,999 元",16,0.00318407960199005
2010,"EXP_HOUSING_UTIL_EXPENDITURE","40,000-49,999 元",6,0.00119402985074627
2010,"EXP_HOUSING_UTIL_EXPENDITURE","5,000-9,999 元",616,0.122587064676617
2010,"EXP_HOUSING_UTIL_EXPENDITURE","50,000-59,999 元",9,0.0017910447761194
2010,"EXP_HOUSING_UTIL_EXPENDITURE","60,000-69,999 元",3,0.000597014925373134
2010,"EXP_HOUSING_UTIL_EXPENDITURE","70,000 元及以上，請記錄____________元",8,0.00159203980099502
2010,"EXP_HOUSING_UTIL_EXPENDITURE","999 元及以下",756,0.15044776119403
2010,"EXP_HOUSING_UTIL_EXPENDITURE","沒有這項支出",101,0.0200995024875622
2010,"EXP_HOUSING_UTIL_EXPENDITURE_VALUE_SOURCE","source_question",5027,1
2010,"EXP_LOAN_INTEREST_EXPENDITURE","1000 - 1999元",32,0.00636562562164313
2010,"EXP_LOAN_INTEREST_EXPENDITURE","10000 - 14999元",121,0.0240700218818381
2010,"EXP_LOAN_INTEREST_EXPENDITURE","15000 - 19999元",75,0.0149194350507261
2010,"EXP_LOAN_INTEREST_EXPENDITURE","2000 - 2999元",38,0.00755918042570121
2010,"EXP_LOAN_INTEREST_EXPENDITURE","20000 - 29999元",80,0.0159140640541078
2010,"EXP_LOAN_INTEREST_EXPENDITURE","3000 - 3999元",34,0.00676347722299582
2010,"EXP_LOAN_INTEREST_EXPENDITURE","30000 元及以上",35,0.00696240302367217
2010,"EXP_LOAN_INTEREST_EXPENDITURE","4000 - 4999元",20,0.00397851601352695
2010,"EXP_LOAN_INTEREST_EXPENDITURE","5000 - 6999元",71,0.0141237318480207
2010,"EXP_LOAN_INTEREST_EXPENDITURE","7000 - 9999元",54,0.0107419932365228
2010,"EXP_LOAN_INTEREST_EXPENDITURE","999 元及以下",43,0.00855380942908295
2010,"EXP_LOAN_INTEREST_EXPENDITURE","未回答",8,0.00159140640541078
2010,"EXP_LOAN_INTEREST_EXPENDITURE","沒有這項支出",4416,0.878456335786752
2010,"EXP_LOAN_INTEREST_EXPENDITURE_VALUE_SOURCE","indicator_no_zero",4416,0.878456335786752
2010,"EXP_LOAN_INTEREST_EXPENDITURE_VALUE_SOURCE","source_question",611,0.121543664213248
2010,"EXP_MEDICAL_EXPENDITURE","1,000-1,999 元",1162,0.231520223152022
2010,"EXP_MEDICAL_EXPENDITURE","10,000-14,999 元",166,0.033074317593146
2010,"EXP_MEDICAL_EXPENDITURE","15,000-19,999 元",47,0.00936441522215581
2010,"EXP_MEDICAL_EXPENDITURE","2,000-2,999 元",663,0.132098027495517
2010,"EXP_MEDICAL_EXPENDITURE","20,000-29,999 元",57,0.0113568439928273
2010,"EXP_MEDICAL_EXPENDITURE","3,000-3,999 元",290,0.057780434349472
2010,"EXP_MEDICAL_EXPENDITURE","30,000 元及以上，請記錄________元",28,0.00557880055788006
2010,"EXP_MEDICAL_EXPENDITURE","4,000-4,999 元",151,0.0300856744371389
2010,"EXP_MEDICAL_EXPENDITURE","5,000-6,999 元",234,0.0466228332337119
2010,"EXP_MEDICAL_EXPENDITURE","7,000-9,999 元",137,0.0272962741581988
2010,"EXP_MEDICAL_EXPENDITURE","999 元及以下",1619,0.322574217971707
2010,"EXP_MEDICAL_EXPENDITURE","沒有這項支出",465,0.0926479378362224
2010,"EXP_MEDICAL_EXPENDITURE_VALUE_SOURCE","source_question",5027,1
2010,"EXP_OTHER_EXPENDITURE","1000 - 1999元",131,0.0260592798886016
2010,"EXP_OTHER_EXPENDITURE","10000 - 14999元",41,0.00815595782773026
2010,"EXP_OTHER_EXPENDITURE","15000 - 19999元",17,0.00338173861149791
2010,"EXP_OTHER_EXPENDITURE","2000 - 2999元",84,0.0167097672568132
2010,"EXP_OTHER_EXPENDITURE","20000 - 29999元",5,0.000994629003381739
2010,"EXP_OTHER_EXPENDITURE","3000 - 3999元",39,0.00775810622637756
2010,"EXP_OTHER_EXPENDITURE","30000 元及以上",8,0.00159140640541078
2010,"EXP_OTHER_EXPENDITURE","4000 - 4999元",22,0.00437636761487965
2010,"EXP_OTHER_EXPENDITURE","5000 - 6999元",35,0.00696240302367217
2010,"EXP_OTHER_EXPENDITURE","7000 - 9999元",8,0.00159140640541078
2010,"EXP_OTHER_EXPENDITURE","999 元及以下",123,0.0244678734831908
2010,"EXP_OTHER_EXPENDITURE","未回答",7,0.00139248060473443
2010,"EXP_OTHER_EXPENDITURE","沒有這項支出",4507,0.896558583648299
2010,"EXP_OTHER_EXPENDITURE_VALUE_SOURCE","indicator_no_zero",4507,0.896558583648299
2010,"EXP_OTHER_EXPENDITURE_VALUE_SOURCE","source_question",520,0.103441416351701
2010,"EXP_TAX_INS_GIFT_EXPENDITURE","1,000-1,999 元",1300,0.259015740187288
2010,"EXP_TAX_INS_GIFT_EXPENDITURE","10,000-14,999 元",111,0.0221159593544531
2010,"EXP_TAX_INS_GIFT_EXPENDITURE","15,000-19,999 元",23,0.00458258617254433
2010,"EXP_TAX_INS_GIFT_EXPENDITURE","2,000-2,999 元",1113,0.221757322175732
2010,"EXP_TAX_INS_GIFT_EXPENDITURE","20,000-29,999 元",34,0.00677425782028292
2010,"EXP_TAX_INS_GIFT_EXPENDITURE","3,000-3,999 元",649,0.129308627216577
2010,"EXP_TAX_INS_GIFT_EXPENDITURE","30,000 元及以上，請記錄________元",17,0.00338712891014146
2010,"EXP_TAX_INS_GIFT_EXPENDITURE","4,000-4,999 元",281,0.0559872484558677
2010,"EXP_TAX_INS_GIFT_EXPENDITURE","5,000-6,999 元",376,0.0749153217772465
2010,"EXP_TAX_INS_GIFT_EXPENDITURE","7,000-9,999 元",142,0.0282924885435346
2010,"EXP_TAX_INS_GIFT_EXPENDITURE","999 元及以下",646,0.128710898585376
2010,"EXP_TAX_INS_GIFT_EXPENDITURE","沒有這項支出",327,0.0651524208009564
2010,"EXP_TAX_INS_GIFT_EXPENDITURE_VALUE_SOURCE","source_question",5027,1
2010,"EXP_TRANSPORT_COMM_EXPENDITURE","1,000-1,999 元",1007,0.200398009950249
2010,"EXP_TRANSPORT_COMM_EXPENDITURE","10,000-14,999 元",202,0.0401990049751244
2010,"EXP_TRANSPORT_COMM_EXPENDITURE","15,000-19,999 元",39,0.00776119402985075
2010,"EXP_TRANSPORT_COMM_EXPENDITURE","2,000-2,999 元",878,0.174726368159204
2010,"EXP_TRANSPORT_COMM_EXPENDITURE","20,000-29,999 元",30,0.00597014925373134
2010,"EXP_TRANSPORT_COMM_EXPENDITURE","3,000-3,999 元",693,0.137910447761194
2010,"EXP_TRANSPORT_COMM_EXPENDITURE","30,000 元及以上，請記錄________元",10,0.00199004975124378
2010,"EXP_TRANSPORT_COMM_EXPENDITURE","4,000-4,999 元",370,0.0736318407960199
2010,"EXP_TRANSPORT_COMM_EXPENDITURE","5,000-6,999 元",558,0.111044776119403
2010,"EXP_TRANSPORT_COMM_EXPENDITURE","7,000-9,999 元",322,0.0640796019900498
2010,"EXP_TRANSPORT_COMM_EXPENDITURE","999 元及以下",772,0.15363184079602
2010,"EXP_TRANSPORT_COMM_EXPENDITURE","沒有這項支出",144,0.0286567164179104
2010,"EXP_TRANSPORT_COMM_EXPENDITURE_VALUE_SOURCE","source_question",5027,1
2010,"EXP_TRAVEL_EXPENDITURE","1000 - 1999元",222,0.0441615277501492
2010,"EXP_TRAVEL_EXPENDITURE","10000 - 14999元",24,0.00477421921623235
2010,"EXP_TRAVEL_EXPENDITURE","15000 - 19999元",13,0.00258603540879252
2010,"EXP_TRAVEL_EXPENDITURE","2000 - 2999元",154,0.0306345733041575
2010,"EXP_TRAVEL_EXPENDITURE","20000 - 29999元",12,0.00238710960811617
2010,"EXP_TRAVEL_EXPENDITURE","3000 - 3999元",70,0.0139248060473443
2010,"EXP_TRAVEL_EXPENDITURE","30000 元及以上",12,0.00238710960811617
2010,"EXP_TRAVEL_EXPENDITURE","4000 - 4999元",24,0.00477421921623235
2010,"EXP_TRAVEL_EXPENDITURE","5000 - 6999元",46,0.009150586831112
2010,"EXP_TRAVEL_EXPENDITURE","7000 - 9999元",17,0.00338173861149791
2010,"EXP_TRAVEL_EXPENDITURE","999 元及以下",222,0.0441615277501492
2010,"EXP_TRAVEL_EXPENDITURE","未回答",3,0.000596777402029043
2010,"EXP_TRAVEL_EXPENDITURE","沒有這項支出",4208,0.837079769246071
2010,"EXP_TRAVEL_EXPENDITURE_VALUE_SOURCE","indicator_no_zero",4208,0.837079769246071
2010,"EXP_TRAVEL_EXPENDITURE_VALUE_SOURCE","source_question",819,0.162920230753929
2010,"GEOGRAPHY_KEY","南投縣::仁愛鄉",107,0.0212850606723692
2010,"GEOGRAPHY_KEY","南投縣::信義鄉",63,0.0125323254426099
2010,"GEOGRAPHY_KEY","南投縣::南投市",4,0.000795703202705391
2010,"GEOGRAPHY_KEY","南投縣::埔里鎮",41,0.00815595782773026
2010,"GEOGRAPHY_KEY","南投縣::草屯鎮",14,0.00278496120946887
2010,"GEOGRAPHY_KEY","南投縣::魚池鄉",11,0.00218818380743982
2010,"GEOGRAPHY_KEY","嘉義市::東區",37,0.00736025462502487
2010,"GEOGRAPHY_KEY","嘉義市::西區",20,0.00397851601352695
2010,"GEOGRAPHY_KEY","嘉義縣::中埔鄉",10,0.00198925800676348
2010,"GEOGRAPHY_KEY","嘉義縣::大林鎮",5,0.000994629003381739
2010,"GEOGRAPHY_KEY","嘉義縣::民雄鄉",3,0.000596777402029043
2010,"GEOGRAPHY_KEY","嘉義縣::阿里山鄉",34,0.00676347722299582
2010,"GEOGRAPHY_KEY","基隆市::七堵區",18,0.00358066441217426
2010,"GEOGRAPHY_KEY","基隆市::中山區",5,0.000994629003381739
2010,"GEOGRAPHY_KEY","基隆市::中正區",48,0.00954843843246469
2010,"GEOGRAPHY_KEY","基隆市::仁愛區",2,0.000397851601352695
2010,"GEOGRAPHY_KEY","基隆市::信義區",4,0.000795703202705391
2010,"GEOGRAPHY_KEY","基隆市::安樂區",10,0.00198925800676348
2010,"GEOGRAPHY_KEY","基隆市::暖暖區",3,0.000596777402029043
2010,"GEOGRAPHY_KEY","宜蘭縣::五結鄉",26,0.00517207081758504
2010,"GEOGRAPHY_KEY","宜蘭縣::南澳鄉",43,0.00855380942908295
2010,"GEOGRAPHY_KEY","宜蘭縣::大同鄉",34,0.00676347722299582
2010,"GEOGRAPHY_KEY","宜蘭縣::宜蘭市",8,0.00159140640541078
2010,"GEOGRAPHY_KEY","宜蘭縣::羅東鎮",5,0.000994629003381739
2010,"GEOGRAPHY_KEY","宜蘭縣::蘇澳鎮",15,0.00298388701014522
2010,"GEOGRAPHY_KEY","屏東縣::三地門鄉",58,0.0115376964392282
2010,"GEOGRAPHY_KEY","屏東縣::來義鄉",46,0.009150586831112
2010,"GEOGRAPHY_KEY","屏東縣::內埔鄉",24,0.00477421921623235
2010,"GEOGRAPHY_KEY","屏東縣::屏東市",63,0.0125323254426099
2010,"GEOGRAPHY_KEY","屏東縣::恆春鎮",8,0.00159140640541078
2010,"GEOGRAPHY_KEY","屏東縣::春日鄉",35,0.00696240302367217
2010,"GEOGRAPHY_KEY","屏東縣::枋寮鄉",20,0.00397851601352695
2010,"GEOGRAPHY_KEY","屏東縣::泰武鄉",33,0.00656455142231947
2010,"GEOGRAPHY_KEY","屏東縣::滿州鄉",39,0.00775810622637756
2010,"GEOGRAPHY_KEY","屏東縣::牡丹鄉",46,0.009150586831112
2010,"GEOGRAPHY_KEY","屏東縣::獅子鄉",31,0.00616669982096678
2010,"GEOGRAPHY_KEY","屏東縣::瑪家鄉",41,0.00815595782773026
2010,"GEOGRAPHY_KEY","屏東縣::萬巒鄉",9,0.00179033220608713
2010,"GEOGRAPHY_KEY","屏東縣::長治鄉",13,0.00258603540879252
2010,"GEOGRAPHY_KEY","屏東縣::霧臺鄉",24,0.00477421921623235
2010,"GEOGRAPHY_KEY","彰化縣::和美鎮",26,0.00517207081758504
2010,"GEOGRAPHY_KEY","彰化縣::彰化市",17,0.00338173861149791
2010,"GEOGRAPHY_KEY","彰化縣::芳苑鄉",3,0.000596777402029043
2010,"GEOGRAPHY_KEY","彰化縣::鹿港鎮",13,0.00258603540879252
2010,"GEOGRAPHY_KEY","新北市::三峽鎮",52,0.0103441416351701
2010,"GEOGRAPHY_KEY","新北市::三重市",11,0.00218818380743982
2010,"GEOGRAPHY_KEY","新北市::中和市",8,0.00159140640541078
2010,"GEOGRAPHY_KEY","新北市::五股鄉",2,0.000397851601352695
2010,"GEOGRAPHY_KEY","新北市::土城市",80,0.0159140640541078
2010,"GEOGRAPHY_KEY","新北市::新店市",39,0.00775810622637756
2010,"GEOGRAPHY_KEY","新北市::新莊市",19,0.00377959021285061
2010,"GEOGRAPHY_KEY","新北市::板橋市",17,0.00338173861149791
2010,"GEOGRAPHY_KEY","新北市::林口鄉",8,0.00159140640541078
2010,"GEOGRAPHY_KEY","新北市::樹林市",116,0.0230753928784563
2010,"GEOGRAPHY_KEY","新北市::永和市",8,0.00159140640541078
2010,"GEOGRAPHY_KEY","新北市::汐止市",40,0.00795703202705391
2010,"GEOGRAPHY_KEY","新北市::泰山鄉",18,0.00358066441217426
2010,"GEOGRAPHY_KEY","新北市::烏來鄉",21,0.0041774418142033
2010,"GEOGRAPHY_KEY","新北市::蘆洲市",52,0.0103441416351701
2010,"GEOGRAPHY_KEY","新北市::鶯歌鎮",9,0.00179033220608713
2010,"GEOGRAPHY_KEY","新竹市::北區",17,0.00338173861149791
2010,"GEOGRAPHY_KEY","新竹市::東區",24,0.00477421921623235
2010,"GEOGRAPHY_KEY","新竹市::香山區",9,0.00179033220608713
2010,"GEOGRAPHY_KEY","新竹縣::五峰鄉",39,0.00775810622637756
2010,"GEOGRAPHY_KEY","新竹縣::尖石鄉",53,0.0105430674358464
2010,"GEOGRAPHY_KEY","新竹縣::湖口鄉",5,0.000994629003381739
2010,"GEOGRAPHY_KEY","新竹縣::竹北市",50,0.00994629003381739
2010,"GEOGRAPHY_KEY","新竹縣::竹東鎮",17,0.00338173861149791
2010,"GEOGRAPHY_KEY","新竹縣::關西鎮",42,0.0083548836284066
2010,"GEOGRAPHY_KEY","桃園市::中壢市",95,0.018897951064253
2010,"GEOGRAPHY_KEY","桃園市::八德市",54,0.0107419932365228
2010,"GEOGRAPHY_KEY","桃園市::大園鄉",10,0.00198925800676348
2010,"GEOGRAPHY_KEY","桃園市::大溪鎮",62,0.0123333996419336
2010,"GEOGRAPHY_KEY","桃園市::平鎮市",67,0.0133280286453153
2010,"GEOGRAPHY_KEY","桃園市::復興鄉",64,0.0127312512432863
2010,"GEOGRAPHY_KEY","桃園市::桃園市",82,0.0163119156554605
2010,"GEOGRAPHY_KEY","桃園市::楊梅鎮",12,0.00238710960811617
2010,"GEOGRAPHY_KEY","桃園市::蘆竹鄉",44,0.0087527352297593
2010,"GEOGRAPHY_KEY","桃園市::龜山鄉",71,0.0141237318480207
2010,"GEOGRAPHY_KEY","臺中市::中區",1,0.000198925800676348
2010,"GEOGRAPHY_KEY","臺中市::北區",16,0.00318281281082156
2010,"GEOGRAPHY_KEY","臺中市::北屯區",22,0.00437636761487965
2010,"GEOGRAPHY_KEY","臺中市::南區",10,0.00198925800676348
2010,"GEOGRAPHY_KEY","臺中市::南屯區",6,0.00119355480405809
2010,"GEOGRAPHY_KEY","臺中市::和平鄉",41,0.00815595782773026
2010,"GEOGRAPHY_KEY","臺中市::大肚鄉",12,0.00238710960811617
2010,"GEOGRAPHY_KEY","臺中市::大里市",17,0.00338173861149791
2010,"GEOGRAPHY_KEY","臺中市::大雅鄉",13,0.00258603540879252
2010,"GEOGRAPHY_KEY","臺中市::東勢鎮",24,0.00477421921623235
2010,"GEOGRAPHY_KEY","臺中市::東區",13,0.00258603540879252
2010,"GEOGRAPHY_KEY","臺中市::潭子鄉",52,0.0103441416351701
2010,"GEOGRAPHY_KEY","臺中市::烏日鄉",6,0.00119355480405809
2010,"GEOGRAPHY_KEY","臺中市::神岡鄉",20,0.00397851601352695
2010,"GEOGRAPHY_KEY","臺中市::西區",1,0.000198925800676348
2010,"GEOGRAPHY_KEY","臺中市::西屯區",11,0.00218818380743982
2010,"GEOGRAPHY_KEY","臺中市::豐原市",13,0.00258603540879252
2010,"GEOGRAPHY_KEY","臺北市::中山區",15,0.00298388701014522
2010,"GEOGRAPHY_KEY","臺北市::中正區",7,0.00139248060473443
2010,"GEOGRAPHY_KEY","臺北市::信義區",9,0.00179033220608713
2010,"GEOGRAPHY_KEY","臺北市::內湖區",21,0.0041774418142033
2010,"GEOGRAPHY_KEY","臺北市::北投區",17,0.00338173861149791
2010,"GEOGRAPHY_KEY","臺北市::南港區",18,0.00358066441217426
2010,"GEOGRAPHY_KEY","臺北市::士林區",12,0.00238710960811617
2010,"GEOGRAPHY_KEY","臺北市::大同區",10,0.00198925800676348
2010,"GEOGRAPHY_KEY","臺北市::大安區",9,0.00179033220608713
2010,"GEOGRAPHY_KEY","臺北市::文山區",18,0.00358066441217426
2010,"GEOGRAPHY_KEY","臺北市::松山區",10,0.00198925800676348
2010,"GEOGRAPHY_KEY","臺北市::萬華區",14,0.00278496120946887
2010,"GEOGRAPHY_KEY","臺南市::中西區",1,0.000198925800676348
2010,"GEOGRAPHY_KEY","臺南市::仁德鄉",14,0.00278496120946887
2010,"GEOGRAPHY_KEY","臺南市::北區",11,0.00218818380743982
2010,"GEOGRAPHY_KEY","臺南市::南區",5,0.000994629003381739
2010,"GEOGRAPHY_KEY","臺南市::安南區",12,0.00238710960811617
2010,"GEOGRAPHY_KEY","臺南市::安平區",2,0.000397851601352695
2010,"GEOGRAPHY_KEY","臺南市::新營市",5,0.000994629003381739
2010,"GEOGRAPHY_KEY","臺南市::東區",26,0.00517207081758504
2010,"GEOGRAPHY_KEY","臺南市::歸仁鄉",25,0.00497314501690869
2010,"GEOGRAPHY_KEY","臺南市::永康市",8,0.00159140640541078
2010,"GEOGRAPHY_KEY","臺東縣::卑南鄉",61,0.0121344738412572
2010,"GEOGRAPHY_KEY","臺東縣::大武鄉",44,0.0087527352297593
2010,"GEOGRAPHY_KEY","臺東縣::太麻里鄉",52,0.0103441416351701
2010,"GEOGRAPHY_KEY","臺東縣::延平鄉",20,0.00397851601352695
2010,"GEOGRAPHY_KEY","臺東縣::成功鎮",85,0.0169086930574896
2010,"GEOGRAPHY_KEY","臺東縣::東河鄉",46,0.009150586831112
2010,"GEOGRAPHY_KEY","臺東縣::池上鄉",21,0.0041774418142033
2010,"GEOGRAPHY_KEY","臺東縣::海端鄉",30,0.00596777402029043
2010,"GEOGRAPHY_KEY","臺東縣::臺東市",189,0.0375969763278297
2010,"GEOGRAPHY_KEY","臺東縣::蘭嶼鄉",24,0.00477421921623235
2010,"GEOGRAPHY_KEY","臺東縣::達仁鄉",34,0.00676347722299582
2010,"GEOGRAPHY_KEY","臺東縣::金峰鄉",28,0.00556992241893774
2010,"GEOGRAPHY_KEY","臺東縣::長濱鄉",55,0.0109409190371991
2010,"GEOGRAPHY_KEY","臺東縣::關山鎮",21,0.0041774418142033
2010,"GEOGRAPHY_KEY","臺東縣::鹿野鄉",22,0.00437636761487965
2010,"GEOGRAPHY_KEY","花蓮縣::光復鄉",64,0.0127312512432863
2010,"GEOGRAPHY_KEY","花蓮縣::卓溪鄉",43,0.00855380942908295
2010,"GEOGRAPHY_KEY","花蓮縣::吉安鄉",152,0.0302367217028049
2010,"GEOGRAPHY_KEY","花蓮縣::壽豐鄉",54,0.0107419932365228
2010,"GEOGRAPHY_KEY","花蓮縣::富里鄉",20,0.00397851601352695
2010,"GEOGRAPHY_KEY","花蓮縣::新城鄉",66,0.0131291028446389
2010,"GEOGRAPHY_KEY","花蓮縣::玉里鎮",67,0.0133280286453153
2010,"GEOGRAPHY_KEY","花蓮縣::瑞穗鄉",38,0.00755918042570121
2010,"GEOGRAPHY_KEY","花蓮縣::秀林鄉",101,0.0200915058683111
2010,"GEOGRAPHY_KEY","花蓮縣::花蓮市",115,0.02287646707778
2010,"GEOGRAPHY_KEY","花蓮縣::萬榮鄉",62,0.0123333996419336
2010,"GEOGRAPHY_KEY","花蓮縣::豐濱鄉",41,0.00815595782773026
2010,"GEOGRAPHY_KEY","花蓮縣::鳳林鎮",22,0.00437636761487965
2010,"GEOGRAPHY_KEY","苗栗縣::公館鄉",16,0.00318281281082156
2010,"GEOGRAPHY_KEY","苗栗縣::南庄鄉",32,0.00636562562164313
2010,"GEOGRAPHY_KEY","苗栗縣::泰安鄉",34,0.00676347722299582
2010,"GEOGRAPHY_KEY","苗栗縣::獅潭鄉",14,0.00278496120946887
2010,"GEOGRAPHY_KEY","苗栗縣::竹南鎮",1,0.000198925800676348
2010,"GEOGRAPHY_KEY","苗栗縣::頭份鎮",22,0.00437636761487965
2010,"GEOGRAPHY_KEY","雲林縣::斗六市",10,0.00198925800676348
2010,"GEOGRAPHY_KEY","雲林縣::莿桐鄉",12,0.00238710960811617
2010,"GEOGRAPHY_KEY","雲林縣::虎尾鎮",13,0.00258603540879252
2010,"GEOGRAPHY_KEY","雲林縣::西螺鎮",16,0.00318281281082156
2010,"GEOGRAPHY_KEY","雲林縣::麥寮鄉",2,0.000397851601352695
2010,"GEOGRAPHY_KEY","高雄市::三民區",17,0.00338173861149791
2010,"GEOGRAPHY_KEY","高雄市::六龜鄉",7,0.00139248060473443
2010,"GEOGRAPHY_KEY","高雄市::前金區",3,0.000596777402029043
2010,"GEOGRAPHY_KEY","高雄市::前鎮區",19,0.00377959021285061
2010,"GEOGRAPHY_KEY","高雄市::大寮鄉",3,0.000596777402029043
2010,"GEOGRAPHY_KEY","高雄市::小港區",27,0.00537099661826139
2010,"GEOGRAPHY_KEY","高雄市::岡山鎮",73,0.0145215834493734
2010,"GEOGRAPHY_KEY","高雄市::左營區",22,0.00437636761487965
2010,"GEOGRAPHY_KEY","高雄市::新興區",2,0.000397851601352695
2010,"GEOGRAPHY_KEY","高雄市::旗津區",4,0.000795703202705391
2010,"GEOGRAPHY_KEY","高雄市::桃源鄉",32,0.00636562562164313
2010,"GEOGRAPHY_KEY","高雄市::楠梓區",18,0.00358066441217426
2010,"GEOGRAPHY_KEY","高雄市::苓雅區",7,0.00139248060473443
2010,"GEOGRAPHY_KEY","高雄市::茂林鄉",13,0.00258603540879252
2010,"GEOGRAPHY_KEY","高雄市::那瑪夏區",18,0.00358066441217426
2010,"GEOGRAPHY_KEY","高雄市::鳳山市",16,0.00318281281082156
2010,"GEOGRAPHY_KEY","高雄市::鹽埕區",2,0.000397851601352695
2010,"GEOGRAPHY_KEY","高雄市::鼓山區",12,0.00238710960811617
2010,"GEOGRAPHY_LEVEL","township",5027,1
2010,"HAS_INDI_55PLUS","FALSE",3167,0.629998010741993
2010,"HAS_INDI_55PLUS","TRUE",1860,0.370001989258007
2010,"HAS_INDI_65PLUS","FALSE",4088,0.81320867316491
2010,"HAS_INDI_65PLUS","TRUE",939,0.186791326835091
2010,"HOUSE_BELONG","借用",103,0.0206495589414595
2010,"HOUSE_BELONG","租賃",1078,0.216118684843625
2010,"HOUSE_BELONG","自有/家人所有/自建",3739,0.749599037690457
2010,"HOUSE_BELONG","配住",68,0.0136327185244587
2010,"INC_FAM_ANALYSIS_ELIGIBILITY_REASON","該年度無I1跳答排除規則",5027,1
2010,"INC_FAM_ANALYSIS_ELIGIBLE","TRUE",5027,1
2010,"INC_FAM_GOV_INCOME","1,000-1,999 元",57,0.0113387706385518
2010,"INC_FAM_GOV_INCOME","10,000-14,999 元",99,0.0196936542669584
2010,"INC_FAM_GOV_INCOME","15,000-19,999 元",36,0.00716132882434852
2010,"INC_FAM_GOV_INCOME","2,000-2,999 元",51,0.0101452158344937
2010,"INC_FAM_GOV_INCOME","20,000-29,999 元",22,0.00437636761487965
2010,"INC_FAM_GOV_INCOME","3,000-3,999 元",718,0.142828724885618
2010,"INC_FAM_GOV_INCOME","30,000 元及以上，請記錄________元",6,0.00119355480405809
2010,"INC_FAM_GOV_INCOME","4,000-4,999 元",105,0.0208872090710165
2010,"INC_FAM_GOV_INCOME","5,000-5,999 元",41,0.00815595782773026
2010,"INC_FAM_GOV_INCOME","6,000-7,999 元",351,0.069822956037398
2010,"INC_FAM_GOV_INCOME","8,000-9,999 元",52,0.0103441416351701
2010,"INC_FAM_GOV_INCOME","999 元及以下",35,0.00696240302367217
2010,"INC_FAM_GOV_INCOME","沒有這項收入",3454,0.687089715536105
2010,"INC_FAM_GOV_INCOME_VALUE_SOURCE","source_question",5027,1
2010,"INC_FAM_INTEREST_INCOME","1,000-1,999 元",9,0.00179390073749253
2010,"INC_FAM_INTEREST_INCOME","10,000-14,999 元",29,0.00578034682080925
2010,"INC_FAM_INTEREST_INCOME","15,000-19,999 元",3,0.000597966912497508
2010,"INC_FAM_INTEREST_INCOME","2,000-2,999 元",9,0.00179390073749253
2010,"INC_FAM_INTEREST_INCOME","20,000-29,999 元",3,0.000597966912497508
2010,"INC_FAM_INTEREST_INCOME","3,000-3,999 元",22,0.0043850906916484
2010,"INC_FAM_INTEREST_INCOME","30,000 元及以上，請記錄________元",6,0.00119593382499502
2010,"INC_FAM_INTEREST_INCOME","4,000-4,999 元",1,0.000199322304165836
2010,"INC_FAM_INTEREST_INCOME","5,000-5,999 元",33,0.00657763603747259
2010,"INC_FAM_INTEREST_INCOME","6,000-7,999 元",2,0.000398644608331672
2010,"INC_FAM_INTEREST_INCOME","8,000-9,999 元",5,0.000996611520829181
2010,"INC_FAM_INTEREST_INCOME","999 元及以下",22,0.0043850906916484
2010,"INC_FAM_INTEREST_INCOME","沒有這項收入",4873,0.97129758820012
2010,"INC_FAM_INTEREST_INCOME_VALUE_SOURCE","source_question",5027,1
2010,"INC_FAM_OTHER_INCOME","10000 - 14999元",32,0.00636562562164313
2010,"INC_FAM_OTHER_INCOME","15000 - 19999元",10,0.00198925800676348
2010,"INC_FAM_OTHER_INCOME","20000 - 24999元",14,0.00278496120946887
2010,"INC_FAM_OTHER_INCOME","25000 - 29999元",7,0.00139248060473443
2010,"INC_FAM_OTHER_INCOME","30000 - 39999元",5,0.000994629003381739
2010,"INC_FAM_OTHER_INCOME","40000 - 49999元",6,0.00119355480405809
2010,"INC_FAM_OTHER_INCOME","4999 元及以下",83,0.0165108414561369
2010,"INC_FAM_OTHER_INCOME","5000 - 9999元",57,0.0113387706385518
2010,"INC_FAM_OTHER_INCOME","60000 - 69999元",1,0.000198925800676348
2010,"INC_FAM_OTHER_INCOME","80000 元及以上",4,0.000795703202705391
2010,"INC_FAM_OTHER_INCOME","未回答",10,0.00198925800676348
2010,"INC_FAM_OTHER_INCOME","沒有這項收入",4798,0.954445991645116
2010,"INC_FAM_OTHER_INCOME_VALUE_SOURCE","source_question",5027,1
2010,"INC_FAM_RENT_INCOME","10,000-14,999 元",4,0.000797448165869219
2010,"INC_FAM_RENT_INCOME","15,000-19,999 元",3,0.000598086124401914
2010,"INC_FAM_RENT_INCOME","20,000-24,999 元",5,0.000996810207336523
2010,"INC_FAM_RENT_INCOME","25,000-29,999 元",2,0.000398724082934609
2010,"INC_FAM_RENT_INCOME","4,999 元及以下",17,0.00338915470494418
2010,"INC_FAM_RENT_INCOME","5,000-9,999 元",15,0.00299043062200957
2010,"INC_FAM_RENT_INCOME","沒有這項收入",4970,0.990829346092504
2010,"INC_FAM_RENT_INCOME_VALUE_SOURCE","source_question",5027,1
2010,"INC_FAM_WORK_INCOME","10,000-19,999 元",866,0.172269743385717
2010,"INC_FAM_WORK_INCOME","100,000-129,999元",98,0.0194947284662821
2010,"INC_FAM_WORK_INCOME","130,000-159,999元",29,0.00576884821961408
2010,"INC_FAM_WORK_INCOME","160,000 元及以上，請記錄____________元",12,0.00238710960811617
2010,"INC_FAM_WORK_INCOME","20,000-29,999 元",970,0.192958026656057
2010,"INC_FAM_WORK_INCOME","30,000-39,999 元",675,0.134274915456535
2010,"INC_FAM_WORK_INCOME","40,000-49,999 元",464,0.0923015715138253
2010,"INC_FAM_WORK_INCOME","50,000-59,999 元",377,0.0749950268549831
2010,"INC_FAM_WORK_INCOME","60,000-69,999 元",278,0.0553013725880247
2010,"INC_FAM_WORK_INCOME","70,000-79,999 元",182,0.0362044957230953
2010,"INC_FAM_WORK_INCOME","80,000-89,999 元",105,0.0208872090710165
2010,"INC_FAM_WORK_INCOME","9,999 元及以下",279,0.055500298388701
2010,"INC_FAM_WORK_INCOME","90,000-99,999 元",76,0.0151183608514024
2010,"INC_FAM_WORK_INCOME","沒有這項收入",616,0.12253829321663
2010,"INC_FAM_WORK_INCOME_VALUE_SOURCE","source_question",5027,1
2010,"INC_PERS_GOV_INCOME","1,000-1,999 元",46,0.00915605095541401
2010,"INC_PERS_GOV_INCOME","10,000-14,999 元",68,0.0135350318471338
2010,"INC_PERS_GOV_INCOME","15,000-19,999 元",24,0.00477707006369427
2010,"INC_PERS_GOV_INCOME","2,000-2,999 元",39,0.00776273885350318
2010,"INC_PERS_GOV_INCOME","20,000-29,999 元",12,0.00238853503184713
2010,"INC_PERS_GOV_INCOME","3,000-3,999 元",670,0.133359872611465
2010,"INC_PERS_GOV_INCOME","30,000 元及以上，請記錄________元",5,0.000995222929936306
2010,"INC_PERS_GOV_INCOME","4,000-4,999 元",84,0.0167197452229299
2010,"INC_PERS_GOV_INCOME","5,000-5,999 元",29,0.00577229299363057
2010,"INC_PERS_GOV_INCOME","6,000-7,999 元",263,0.0523487261146497
2010,"INC_PERS_GOV_INCOME","8,000-9,999 元",22,0.00437898089171975
2010,"INC_PERS_GOV_INCOME","999 元及以下",39,0.00776273885350318
2010,"INC_PERS_GOV_INCOME","沒有這項收入",3723,0.741042993630573
2010,"INC_PERS_GOV_INCOME_VALUE_SOURCE","source_question",5027,1
2010,"INC_PERS_INTEREST_INCOME","1,000-1,999 元",7,0.0013949780789159
2010,"INC_PERS_INTEREST_INCOME","10,000-14,999 元",26,0.00518134715025907
2010,"INC_PERS_INTEREST_INCOME","15,000-19,999 元",1,0.000199282582702272
2010,"INC_PERS_INTEREST_INCOME","2,000-2,999 元",8,0.00159426066161817
2010,"INC_PERS_INTEREST_INCOME","20,000-29,999 元",2,0.000398565165404544
2010,"INC_PERS_INTEREST_INCOME","3,000-3,999 元",20,0.00398565165404544
2010,"INC_PERS_INTEREST_INCOME","30,000 元及以上，請記錄________元",9,0.00179354324432045
2010,"INC_PERS_INTEREST_INCOME","4,000-4,999 元",4,0.000797130330809087
2010,"INC_PERS_INTEREST_INCOME","5,000-5,999 元",27,0.00538062973296134
2010,"INC_PERS_INTEREST_INCOME","6,000-7,999 元",2,0.000398565165404544
2010,"INC_PERS_INTEREST_INCOME","8,000-9,999 元",4,0.000797130330809087
2010,"INC_PERS_INTEREST_INCOME","999 元及以下",26,0.00518134715025907
2010,"INC_PERS_INTEREST_INCOME","沒有這項收入",4882,0.972897568752491
2010,"INC_PERS_INTEREST_INCOME_VALUE_SOURCE","source_question",5027,1
2010,"INC_PERS_OTHER_INCOME","10,000-14,999 元",21,0.00418827283605903
2010,"INC_PERS_OTHER_INCOME","15,000-19,999 元",8,0.00159553250897487
2010,"INC_PERS_OTHER_INCOME","20,000-24,999 元",17,0.0033905065815716
2010,"INC_PERS_OTHER_INCOME","25,000-29,999 元",7,0.00139609094535301
2010,"INC_PERS_OTHER_INCOME","30,000-39,999 元",3,0.000598324690865576
2010,"INC_PERS_OTHER_INCOME","4,999 元及以下",82,0.0163542082169924
2010,"INC_PERS_OTHER_INCOME","40,000-49,999 元",4,0.000797766254487435
2010,"INC_PERS_OTHER_INCOME","5,000-9,999 元",52,0.0103709613083367
2010,"INC_PERS_OTHER_INCOME","60,000-69,999 元",1,0.000199441563621859
2010,"INC_PERS_OTHER_INCOME","70,000-79,999 元",1,0.000199441563621859
2010,"INC_PERS_OTHER_INCOME","80,000 元及以上，請記錄_________________元",4,0.000797766254487435
2010,"INC_PERS_OTHER_INCOME","沒有這項收入",4814,0.960111687275628
2010,"INC_PERS_OTHER_INCOME_VALUE_SOURCE","source_question",5027,1
2010,"INC_PERS_RENT_INCOME","10,000-14,999 元",6,0.00119688809096349
2010,"INC_PERS_RENT_INCOME","15,000-19,999 元",3,0.000598444045481747
2010,"INC_PERS_RENT_INCOME","20,000-24,999 元",1,0.000199481348493916
2010,"INC_PERS_RENT_INCOME","4,999 元及以下",16,0.00319170157590265
2010,"INC_PERS_RENT_INCOME","5,000-9,999 元",13,0.00259325753042091
2010,"INC_PERS_RENT_INCOME","沒有這項收入",4974,0.992220227408737
2010,"INC_PERS_RENT_INCOME_VALUE_SOURCE","source_question",5027,1
2010,"INC_PERS_WORK_INCOME","10,000-19,999 元",1105,0.219813009747364
2010,"INC_PERS_WORK_INCOME","100,000-129,999元",8,0.00159140640541078
2010,"INC_PERS_WORK_INCOME","130,000-159,999元",1,0.000198925800676348
2010,"INC_PERS_WORK_INCOME","160,000 元及以上，請記錄____________元",2,0.000397851601352695
2010,"INC_PERS_WORK_INCOME","20,000-29,999 元",1128,0.22438830316292
2010,"INC_PERS_WORK_INCOME","30,000-39,999 元",642,0.127710364034215
2010,"INC_PERS_WORK_INCOME","40,000-49,999 元",261,0.0519196339765268
2010,"INC_PERS_WORK_INCOME","50,000-59,999 元",155,0.0308334991048339
2010,"INC_PERS_WORK_INCOME","60,000-69,999 元",90,0.0179033220608713
2010,"INC_PERS_WORK_INCOME","70,000-79,999 元",40,0.00795703202705391
2010,"INC_PERS_WORK_INCOME","80,000-89,999 元",24,0.00477421921623235
2010,"INC_PERS_WORK_INCOME","9,999 元及以下",348,0.069226178635369
2010,"INC_PERS_WORK_INCOME","90,000-99,999 元",6,0.00119355480405809
2010,"INC_PERS_WORK_INCOME","沒有這項收入",1217,0.242092699423115
2010,"INC_PERS_WORK_INCOME_VALUE_SOURCE","source_question",5027,1
2010,"MALE","男性",2143,0.426297990849413
2010,"MALE","非男性",2884,0.573702009150587
2010,"RACE","其他",28,0.00557213930348259
2010,"RACE","卑南族",125,0.0248756218905473
2010,"RACE","噶瑪蘭族",17,0.00338308457711443
2010,"RACE","太魯閣族",290,0.0577114427860696
2010,"RACE","布農族",457,0.0909452736318408
2010,"RACE","排灣族",883,0.175721393034826
2010,"RACE","撒奇萊雅族",10,0.00199004975124378
2010,"RACE","泰雅族",804,0.16
2010,"RACE","賽夏族",76,0.0151243781094527
2010,"RACE","賽德克族",86,0.0171144278606965
2010,"RACE","邵族",21,0.00417910447761194
2010,"RACE","鄒族",84,0.0167164179104478
2010,"RACE","阿美族",1965,0.391044776119403
2010,"RACE","雅美族/達悟族",35,0.00696517412935323
2010,"RACE","魯凱族",144,0.0286567164179104
2010,"RENT","1,000-2,999元",56,0.0488656195462478
2010,"RENT","10,000-19,999元",252,0.219895287958115
2010,"RENT","20,000元以上",27,0.0235602094240838
2010,"RENT","3,000-4,999元",132,0.115183246073298
2010,"RENT","5,000-6,999元",298,0.260034904013962
2010,"RENT","7,000-9,999元",303,0.264397905759162
2010,"RENT","不需要支付租金",29,0.0253054101221641
2010,"RENT","未回答",14,0.012216404886562
2010,"RENT","未滿1,000元",35,0.0305410122164049
2010,"RESPONDENT_UNIT","household_member",5027,1
2010,"RESPONDENT_UNIT_SOURCE","99年問卷：填表人戶內人口編號",5027,1
2010,"SURVEY_TAG","99",5027,1
2010,"TOWNSHIP_HARMONIZED","七堵區",18,0.00358066441217426
2010,"TOWNSHIP_HARMONIZED","三地門鄉",58,0.0115376964392282
2010,"TOWNSHIP_HARMONIZED","三峽鎮",52,0.0103441416351701
2010,"TOWNSHIP_HARMONIZED","三民區",17,0.00338173861149791
2010,"TOWNSHIP_HARMONIZED","三重市",11,0.00218818380743982
2010,"TOWNSHIP_HARMONIZED","中區",1,0.000198925800676348
2010,"TOWNSHIP_HARMONIZED","中和市",8,0.00159140640541078
2010,"TOWNSHIP_HARMONIZED","中埔鄉",10,0.00198925800676348
2010,"TOWNSHIP_HARMONIZED","中壢市",95,0.018897951064253
2010,"TOWNSHIP_HARMONIZED","中山區",20,0.00397851601352695
2010,"TOWNSHIP_HARMONIZED","中正區",55,0.0109409190371991
2010,"TOWNSHIP_HARMONIZED","中西區",1,0.000198925800676348
2010,"TOWNSHIP_HARMONIZED","五峰鄉",39,0.00775810622637756
2010,"TOWNSHIP_HARMONIZED","五結鄉",26,0.00517207081758504
2010,"TOWNSHIP_HARMONIZED","五股鄉",2,0.000397851601352695
2010,"TOWNSHIP_HARMONIZED","仁德鄉",14,0.00278496120946887
2010,"TOWNSHIP_HARMONIZED","仁愛區",2,0.000397851601352695
2010,"TOWNSHIP_HARMONIZED","仁愛鄉",107,0.0212850606723692
2010,"TOWNSHIP_HARMONIZED","來義鄉",46,0.009150586831112
2010,"TOWNSHIP_HARMONIZED","信義區",13,0.00258603540879252
2010,"TOWNSHIP_HARMONIZED","信義鄉",63,0.0125323254426099
2010,"TOWNSHIP_HARMONIZED","光復鄉",64,0.0127312512432863
2010,"TOWNSHIP_HARMONIZED","內埔鄉",24,0.00477421921623235
2010,"TOWNSHIP_HARMONIZED","內湖區",21,0.0041774418142033
2010,"TOWNSHIP_HARMONIZED","八德市",54,0.0107419932365228
2010,"TOWNSHIP_HARMONIZED","公館鄉",16,0.00318281281082156
2010,"TOWNSHIP_HARMONIZED","六龜鄉",7,0.00139248060473443
2010,"TOWNSHIP_HARMONIZED","前金區",3,0.000596777402029043
2010,"TOWNSHIP_HARMONIZED","前鎮區",19,0.00377959021285061
2010,"TOWNSHIP_HARMONIZED","北區",44,0.0087527352297593
2010,"TOWNSHIP_HARMONIZED","北屯區",22,0.00437636761487965
2010,"TOWNSHIP_HARMONIZED","北投區",17,0.00338173861149791
2010,"TOWNSHIP_HARMONIZED","卑南鄉",61,0.0121344738412572
2010,"TOWNSHIP_HARMONIZED","卓溪鄉",43,0.00855380942908295
2010,"TOWNSHIP_HARMONIZED","南區",15,0.00298388701014522
2010,"TOWNSHIP_HARMONIZED","南屯區",6,0.00119355480405809
2010,"TOWNSHIP_HARMONIZED","南庄鄉",32,0.00636562562164313
2010,"TOWNSHIP_HARMONIZED","南投市",4,0.000795703202705391
2010,"TOWNSHIP_HARMONIZED","南港區",18,0.00358066441217426
2010,"TOWNSHIP_HARMONIZED","南澳鄉",43,0.00855380942908295
2010,"TOWNSHIP_HARMONIZED","吉安鄉",152,0.0302367217028049
2010,"TOWNSHIP_HARMONIZED","和平鄉",41,0.00815595782773026
2010,"TOWNSHIP_HARMONIZED","和美鎮",26,0.00517207081758504
2010,"TOWNSHIP_HARMONIZED","土城市",80,0.0159140640541078
2010,"TOWNSHIP_HARMONIZED","埔里鎮",41,0.00815595782773026
2010,"TOWNSHIP_HARMONIZED","士林區",12,0.00238710960811617
2010,"TOWNSHIP_HARMONIZED","壽豐鄉",54,0.0107419932365228
2010,"TOWNSHIP_HARMONIZED","大同區",10,0.00198925800676348
2010,"TOWNSHIP_HARMONIZED","大同鄉",34,0.00676347722299582
2010,"TOWNSHIP_HARMONIZED","大園鄉",10,0.00198925800676348
2010,"TOWNSHIP_HARMONIZED","大安區",9,0.00179033220608713
2010,"TOWNSHIP_HARMONIZED","大寮鄉",3,0.000596777402029043
2010,"TOWNSHIP_HARMONIZED","大林鎮",5,0.000994629003381739
2010,"TOWNSHIP_HARMONIZED","大武鄉",44,0.0087527352297593
2010,"TOWNSHIP_HARMONIZED","大溪鎮",62,0.0123333996419336
2010,"TOWNSHIP_HARMONIZED","大肚鄉",12,0.00238710960811617
2010,"TOWNSHIP_HARMONIZED","大里市",17,0.00338173861149791
2010,"TOWNSHIP_HARMONIZED","大雅鄉",13,0.00258603540879252
2010,"TOWNSHIP_HARMONIZED","太麻里鄉",52,0.0103441416351701
2010,"TOWNSHIP_HARMONIZED","安南區",12,0.00238710960811617
2010,"TOWNSHIP_HARMONIZED","安平區",2,0.000397851601352695
2010,"TOWNSHIP_HARMONIZED","安樂區",10,0.00198925800676348
2010,"TOWNSHIP_HARMONIZED","宜蘭市",8,0.00159140640541078
2010,"TOWNSHIP_HARMONIZED","富里鄉",20,0.00397851601352695
2010,"TOWNSHIP_HARMONIZED","小港區",27,0.00537099661826139
2010,"TOWNSHIP_HARMONIZED","尖石鄉",53,0.0105430674358464
2010,"TOWNSHIP_HARMONIZED","屏東市",63,0.0125323254426099
2010,"TOWNSHIP_HARMONIZED","岡山鎮",73,0.0145215834493734
2010,"TOWNSHIP_HARMONIZED","左營區",22,0.00437636761487965
2010,"TOWNSHIP_HARMONIZED","平鎮市",67,0.0133280286453153
2010,"TOWNSHIP_HARMONIZED","延平鄉",20,0.00397851601352695
2010,"TOWNSHIP_HARMONIZED","彰化市",17,0.00338173861149791
2010,"TOWNSHIP_HARMONIZED","復興鄉",64,0.0127312512432863
2010,"TOWNSHIP_HARMONIZED","恆春鎮",8,0.00159140640541078
2010,"TOWNSHIP_HARMONIZED","成功鎮",85,0.0169086930574896
2010,"TOWNSHIP_HARMONIZED","文山區",18,0.00358066441217426
2010,"TOWNSHIP_HARMONIZED","斗六市",10,0.00198925800676348
2010,"TOWNSHIP_HARMONIZED","新城鄉",66,0.0131291028446389
2010,"TOWNSHIP_HARMONIZED","新店市",39,0.00775810622637756
2010,"TOWNSHIP_HARMONIZED","新營市",5,0.000994629003381739
2010,"TOWNSHIP_HARMONIZED","新興區",2,0.000397851601352695
2010,"TOWNSHIP_HARMONIZED","新莊市",19,0.00377959021285061
2010,"TOWNSHIP_HARMONIZED","旗津區",4,0.000795703202705391
2010,"TOWNSHIP_HARMONIZED","春日鄉",35,0.00696240302367217
2010,"TOWNSHIP_HARMONIZED","暖暖區",3,0.000596777402029043
2010,"TOWNSHIP_HARMONIZED","東勢鎮",24,0.00477421921623235
2010,"TOWNSHIP_HARMONIZED","東區",100,0.0198925800676348
2010,"TOWNSHIP_HARMONIZED","東河鄉",46,0.009150586831112
2010,"TOWNSHIP_HARMONIZED","松山區",10,0.00198925800676348
2010,"TOWNSHIP_HARMONIZED","板橋市",17,0.00338173861149791
2010,"TOWNSHIP_HARMONIZED","枋寮鄉",20,0.00397851601352695
2010,"TOWNSHIP_HARMONIZED","林口鄉",8,0.00159140640541078
2010,"TOWNSHIP_HARMONIZED","桃園市",82,0.0163119156554605
2010,"TOWNSHIP_HARMONIZED","桃源鄉",32,0.00636562562164313
2010,"TOWNSHIP_HARMONIZED","楊梅鎮",12,0.00238710960811617
2010,"TOWNSHIP_HARMONIZED","楠梓區",18,0.00358066441217426
2010,"TOWNSHIP_HARMONIZED","樹林市",116,0.0230753928784563
2010,"TOWNSHIP_HARMONIZED","歸仁鄉",25,0.00497314501690869
2010,"TOWNSHIP_HARMONIZED","民雄鄉",3,0.000596777402029043
2010,"TOWNSHIP_HARMONIZED","永和市",8,0.00159140640541078
2010,"TOWNSHIP_HARMONIZED","永康市",8,0.00159140640541078
2010,"TOWNSHIP_HARMONIZED","汐止市",40,0.00795703202705391
2010,"TOWNSHIP_HARMONIZED","池上鄉",21,0.0041774418142033
2010,"TOWNSHIP_HARMONIZED","泰安鄉",34,0.00676347722299582
2010,"TOWNSHIP_HARMONIZED","泰山鄉",18,0.00358066441217426
2010,"TOWNSHIP_HARMONIZED","泰武鄉",33,0.00656455142231947
2010,"TOWNSHIP_HARMONIZED","海端鄉",30,0.00596777402029043
2010,"TOWNSHIP_HARMONIZED","湖口鄉",5,0.000994629003381739
2010,"TOWNSHIP_HARMONIZED","滿州鄉",39,0.00775810622637756
2010,"TOWNSHIP_HARMONIZED","潭子鄉",52,0.0103441416351701
2010,"TOWNSHIP_HARMONIZED","烏來鄉",21,0.0041774418142033
2010,"TOWNSHIP_HARMONIZED","烏日鄉",6,0.00119355480405809
2010,"TOWNSHIP_HARMONIZED","牡丹鄉",46,0.009150586831112
2010,"TOWNSHIP_HARMONIZED","獅子鄉",31,0.00616669982096678
2010,"TOWNSHIP_HARMONIZED","獅潭鄉",14,0.00278496120946887
2010,"TOWNSHIP_HARMONIZED","玉里鎮",67,0.0133280286453153
2010,"TOWNSHIP_HARMONIZED","瑞穗鄉",38,0.00755918042570121
2010,"TOWNSHIP_HARMONIZED","瑪家鄉",41,0.00815595782773026
2010,"TOWNSHIP_HARMONIZED","神岡鄉",20,0.00397851601352695
2010,"TOWNSHIP_HARMONIZED","秀林鄉",101,0.0200915058683111
2010,"TOWNSHIP_HARMONIZED","竹北市",50,0.00994629003381739
2010,"TOWNSHIP_HARMONIZED","竹南鎮",1,0.000198925800676348
2010,"TOWNSHIP_HARMONIZED","竹東鎮",17,0.00338173861149791
2010,"TOWNSHIP_HARMONIZED","羅東鎮",5,0.000994629003381739
2010,"TOWNSHIP_HARMONIZED","臺東市",189,0.0375969763278297
2010,"TOWNSHIP_HARMONIZED","花蓮市",115,0.02287646707778
2010,"TOWNSHIP_HARMONIZED","芳苑鄉",3,0.000596777402029043
2010,"TOWNSHIP_HARMONIZED","苓雅區",7,0.00139248060473443
2010,"TOWNSHIP_HARMONIZED","茂林鄉",13,0.00258603540879252
2010,"TOWNSHIP_HARMONIZED","草屯鎮",14,0.00278496120946887
2010,"TOWNSHIP_HARMONIZED","莿桐鄉",12,0.00238710960811617
2010,"TOWNSHIP_HARMONIZED","萬巒鄉",9,0.00179033220608713
2010,"TOWNSHIP_HARMONIZED","萬榮鄉",62,0.0123333996419336
2010,"TOWNSHIP_HARMONIZED","萬華區",14,0.00278496120946887
2010,"TOWNSHIP_HARMONIZED","蘆洲市",52,0.0103441416351701
2010,"TOWNSHIP_HARMONIZED","蘆竹鄉",44,0.0087527352297593
2010,"TOWNSHIP_HARMONIZED","蘇澳鎮",15,0.00298388701014522
2010,"TOWNSHIP_HARMONIZED","蘭嶼鄉",24,0.00477421921623235
2010,"TOWNSHIP_HARMONIZED","虎尾鎮",13,0.00258603540879252
2010,"TOWNSHIP_HARMONIZED","西區",21,0.0041774418142033
2010,"TOWNSHIP_HARMONIZED","西屯區",11,0.00218818380743982
2010,"TOWNSHIP_HARMONIZED","西螺鎮",16,0.00318281281082156
2010,"TOWNSHIP_HARMONIZED","豐原市",13,0.00258603540879252
2010,"TOWNSHIP_HARMONIZED","豐濱鄉",41,0.00815595782773026
2010,"TOWNSHIP_HARMONIZED","達仁鄉",34,0.00676347722299582
2010,"TOWNSHIP_HARMONIZED","那瑪夏區",18,0.00358066441217426
2010,"TOWNSHIP_HARMONIZED","金峰鄉",28,0.00556992241893774
2010,"TOWNSHIP_HARMONIZED","長治鄉",13,0.00258603540879252
2010,"TOWNSHIP_HARMONIZED","長濱鄉",55,0.0109409190371991
2010,"TOWNSHIP_HARMONIZED","關山鎮",21,0.0041774418142033
2010,"TOWNSHIP_HARMONIZED","關西鎮",42,0.0083548836284066
2010,"TOWNSHIP_HARMONIZED","阿里山鄉",34,0.00676347722299582
2010,"TOWNSHIP_HARMONIZED","霧臺鄉",24,0.00477421921623235
2010,"TOWNSHIP_HARMONIZED","頭份鎮",22,0.00437636761487965
2010,"TOWNSHIP_HARMONIZED","香山區",9,0.00179033220608713
2010,"TOWNSHIP_HARMONIZED","魚池鄉",11,0.00218818380743982
2010,"TOWNSHIP_HARMONIZED","鳳山市",16,0.00318281281082156
2010,"TOWNSHIP_HARMONIZED","鳳林鎮",22,0.00437636761487965
2010,"TOWNSHIP_HARMONIZED","鶯歌鎮",9,0.00179033220608713
2010,"TOWNSHIP_HARMONIZED","鹽埕區",2,0.000397851601352695
2010,"TOWNSHIP_HARMONIZED","鹿港鎮",13,0.00258603540879252
2010,"TOWNSHIP_HARMONIZED","鹿野鄉",22,0.00437636761487965
2010,"TOWNSHIP_HARMONIZED","麥寮鄉",2,0.000397851601352695
2010,"TOWNSHIP_HARMONIZED","鼓山區",12,0.00238710960811617
2010,"TOWNSHIP_HARMONIZED","龜山鄉",71,0.0141237318480207
2010,"TOWNSHIP_YEAR_SPECIFIC","七堵區",18,0.00358066441217426
2010,"TOWNSHIP_YEAR_SPECIFIC","三地門鄉",58,0.0115376964392282
2010,"TOWNSHIP_YEAR_SPECIFIC","三峽鎮",52,0.0103441416351701
2010,"TOWNSHIP_YEAR_SPECIFIC","三民區",17,0.00338173861149791
2010,"TOWNSHIP_YEAR_SPECIFIC","三重市",11,0.00218818380743982
2010,"TOWNSHIP_YEAR_SPECIFIC","中區",1,0.000198925800676348
2010,"TOWNSHIP_YEAR_SPECIFIC","中和市",8,0.00159140640541078
2010,"TOWNSHIP_YEAR_SPECIFIC","中埔鄉",10,0.00198925800676348
2010,"TOWNSHIP_YEAR_SPECIFIC","中壢市",95,0.018897951064253
2010,"TOWNSHIP_YEAR_SPECIFIC","中山區",20,0.00397851601352695
2010,"TOWNSHIP_YEAR_SPECIFIC","中正區",55,0.0109409190371991
2010,"TOWNSHIP_YEAR_SPECIFIC","中西區",1,0.000198925800676348
2010,"TOWNSHIP_YEAR_SPECIFIC","五峰鄉",39,0.00775810622637756
2010,"TOWNSHIP_YEAR_SPECIFIC","五結鄉",26,0.00517207081758504
2010,"TOWNSHIP_YEAR_SPECIFIC","五股鄉",2,0.000397851601352695
2010,"TOWNSHIP_YEAR_SPECIFIC","仁德鄉",14,0.00278496120946887
2010,"TOWNSHIP_YEAR_SPECIFIC","仁愛區",2,0.000397851601352695
2010,"TOWNSHIP_YEAR_SPECIFIC","仁愛鄉",107,0.0212850606723692
2010,"TOWNSHIP_YEAR_SPECIFIC","來義鄉",46,0.009150586831112
2010,"TOWNSHIP_YEAR_SPECIFIC","信義區",13,0.00258603540879252
2010,"TOWNSHIP_YEAR_SPECIFIC","信義鄉",63,0.0125323254426099
2010,"TOWNSHIP_YEAR_SPECIFIC","光復鄉",64,0.0127312512432863
2010,"TOWNSHIP_YEAR_SPECIFIC","內埔鄉",24,0.00477421921623235
2010,"TOWNSHIP_YEAR_SPECIFIC","內湖區",21,0.0041774418142033
2010,"TOWNSHIP_YEAR_SPECIFIC","八德市",54,0.0107419932365228
2010,"TOWNSHIP_YEAR_SPECIFIC","公館鄉",16,0.00318281281082156
2010,"TOWNSHIP_YEAR_SPECIFIC","六龜鄉",7,0.00139248060473443
2010,"TOWNSHIP_YEAR_SPECIFIC","前金區",3,0.000596777402029043
2010,"TOWNSHIP_YEAR_SPECIFIC","前鎮區",19,0.00377959021285061
2010,"TOWNSHIP_YEAR_SPECIFIC","北區",44,0.0087527352297593
2010,"TOWNSHIP_YEAR_SPECIFIC","北屯區",22,0.00437636761487965
2010,"TOWNSHIP_YEAR_SPECIFIC","北投區",17,0.00338173861149791
2010,"TOWNSHIP_YEAR_SPECIFIC","卑南鄉",61,0.0121344738412572
2010,"TOWNSHIP_YEAR_SPECIFIC","卓溪鄉",43,0.00855380942908295
2010,"TOWNSHIP_YEAR_SPECIFIC","南區",15,0.00298388701014522
2010,"TOWNSHIP_YEAR_SPECIFIC","南屯區",6,0.00119355480405809
2010,"TOWNSHIP_YEAR_SPECIFIC","南庄鄉",32,0.00636562562164313
2010,"TOWNSHIP_YEAR_SPECIFIC","南投市",4,0.000795703202705391
2010,"TOWNSHIP_YEAR_SPECIFIC","南港區",18,0.00358066441217426
2010,"TOWNSHIP_YEAR_SPECIFIC","南澳鄉",43,0.00855380942908295
2010,"TOWNSHIP_YEAR_SPECIFIC","吉安鄉",152,0.0302367217028049
2010,"TOWNSHIP_YEAR_SPECIFIC","和平鄉",41,0.00815595782773026
2010,"TOWNSHIP_YEAR_SPECIFIC","和美鎮",26,0.00517207081758504
2010,"TOWNSHIP_YEAR_SPECIFIC","土城市",80,0.0159140640541078
2010,"TOWNSHIP_YEAR_SPECIFIC","埔里鎮",41,0.00815595782773026
2010,"TOWNSHIP_YEAR_SPECIFIC","士林區",12,0.00238710960811617
2010,"TOWNSHIP_YEAR_SPECIFIC","壽豐鄉",54,0.0107419932365228
2010,"TOWNSHIP_YEAR_SPECIFIC","大同區",10,0.00198925800676348
2010,"TOWNSHIP_YEAR_SPECIFIC","大同鄉",34,0.00676347722299582
2010,"TOWNSHIP_YEAR_SPECIFIC","大園鄉",10,0.00198925800676348
2010,"TOWNSHIP_YEAR_SPECIFIC","大安區",9,0.00179033220608713
2010,"TOWNSHIP_YEAR_SPECIFIC","大寮鄉",3,0.000596777402029043
2010,"TOWNSHIP_YEAR_SPECIFIC","大林鎮",5,0.000994629003381739
2010,"TOWNSHIP_YEAR_SPECIFIC","大武鄉",44,0.0087527352297593
2010,"TOWNSHIP_YEAR_SPECIFIC","大溪鎮",62,0.0123333996419336
2010,"TOWNSHIP_YEAR_SPECIFIC","大肚鄉",12,0.00238710960811617
2010,"TOWNSHIP_YEAR_SPECIFIC","大里市",17,0.00338173861149791
2010,"TOWNSHIP_YEAR_SPECIFIC","大雅鄉",13,0.00258603540879252
2010,"TOWNSHIP_YEAR_SPECIFIC","太麻里鄉",52,0.0103441416351701
2010,"TOWNSHIP_YEAR_SPECIFIC","安南區",12,0.00238710960811617
2010,"TOWNSHIP_YEAR_SPECIFIC","安平區",2,0.000397851601352695
2010,"TOWNSHIP_YEAR_SPECIFIC","安樂區",10,0.00198925800676348
2010,"TOWNSHIP_YEAR_SPECIFIC","宜蘭市",8,0.00159140640541078
2010,"TOWNSHIP_YEAR_SPECIFIC","富里鄉",20,0.00397851601352695
2010,"TOWNSHIP_YEAR_SPECIFIC","小港區",27,0.00537099661826139
2010,"TOWNSHIP_YEAR_SPECIFIC","尖石鄉",53,0.0105430674358464
2010,"TOWNSHIP_YEAR_SPECIFIC","屏東市",63,0.0125323254426099
2010,"TOWNSHIP_YEAR_SPECIFIC","岡山鎮",73,0.0145215834493734
2010,"TOWNSHIP_YEAR_SPECIFIC","左營區",22,0.00437636761487965
2010,"TOWNSHIP_YEAR_SPECIFIC","平鎮市",67,0.0133280286453153
2010,"TOWNSHIP_YEAR_SPECIFIC","延平鄉",20,0.00397851601352695
2010,"TOWNSHIP_YEAR_SPECIFIC","彰化市",17,0.00338173861149791
2010,"TOWNSHIP_YEAR_SPECIFIC","復興鄉",64,0.0127312512432863
2010,"TOWNSHIP_YEAR_SPECIFIC","恆春鎮",8,0.00159140640541078
2010,"TOWNSHIP_YEAR_SPECIFIC","成功鎮",85,0.0169086930574896
2010,"TOWNSHIP_YEAR_SPECIFIC","文山區",18,0.00358066441217426
2010,"TOWNSHIP_YEAR_SPECIFIC","斗六市",10,0.00198925800676348
2010,"TOWNSHIP_YEAR_SPECIFIC","新城鄉",66,0.0131291028446389
2010,"TOWNSHIP_YEAR_SPECIFIC","新店市",39,0.00775810622637756
2010,"TOWNSHIP_YEAR_SPECIFIC","新營市",5,0.000994629003381739
2010,"TOWNSHIP_YEAR_SPECIFIC","新興區",2,0.000397851601352695
2010,"TOWNSHIP_YEAR_SPECIFIC","新莊市",19,0.00377959021285061
2010,"TOWNSHIP_YEAR_SPECIFIC","旗津區",4,0.000795703202705391
2010,"TOWNSHIP_YEAR_SPECIFIC","春日鄉",35,0.00696240302367217
2010,"TOWNSHIP_YEAR_SPECIFIC","暖暖區",3,0.000596777402029043
2010,"TOWNSHIP_YEAR_SPECIFIC","東勢鎮",24,0.00477421921623235
2010,"TOWNSHIP_YEAR_SPECIFIC","東區",100,0.0198925800676348
2010,"TOWNSHIP_YEAR_SPECIFIC","東河鄉",46,0.009150586831112
2010,"TOWNSHIP_YEAR_SPECIFIC","松山區",10,0.00198925800676348
2010,"TOWNSHIP_YEAR_SPECIFIC","板橋市",17,0.00338173861149791
2010,"TOWNSHIP_YEAR_SPECIFIC","枋寮鄉",20,0.00397851601352695
2010,"TOWNSHIP_YEAR_SPECIFIC","林口鄉",8,0.00159140640541078
2010,"TOWNSHIP_YEAR_SPECIFIC","桃園市",82,0.0163119156554605
2010,"TOWNSHIP_YEAR_SPECIFIC","桃源鄉",32,0.00636562562164313
2010,"TOWNSHIP_YEAR_SPECIFIC","楊梅鎮",12,0.00238710960811617
2010,"TOWNSHIP_YEAR_SPECIFIC","楠梓區",18,0.00358066441217426
2010,"TOWNSHIP_YEAR_SPECIFIC","樹林市",116,0.0230753928784563
2010,"TOWNSHIP_YEAR_SPECIFIC","歸仁鄉",25,0.00497314501690869
2010,"TOWNSHIP_YEAR_SPECIFIC","民雄鄉",3,0.000596777402029043
2010,"TOWNSHIP_YEAR_SPECIFIC","永和市",8,0.00159140640541078
2010,"TOWNSHIP_YEAR_SPECIFIC","永康市",8,0.00159140640541078
2010,"TOWNSHIP_YEAR_SPECIFIC","汐止市",40,0.00795703202705391
2010,"TOWNSHIP_YEAR_SPECIFIC","池上鄉",21,0.0041774418142033
2010,"TOWNSHIP_YEAR_SPECIFIC","泰安鄉",34,0.00676347722299582
2010,"TOWNSHIP_YEAR_SPECIFIC","泰山鄉",18,0.00358066441217426
2010,"TOWNSHIP_YEAR_SPECIFIC","泰武鄉",33,0.00656455142231947
2010,"TOWNSHIP_YEAR_SPECIFIC","海端鄉",30,0.00596777402029043
2010,"TOWNSHIP_YEAR_SPECIFIC","湖口鄉",5,0.000994629003381739
2010,"TOWNSHIP_YEAR_SPECIFIC","滿州鄉",39,0.00775810622637756
2010,"TOWNSHIP_YEAR_SPECIFIC","潭子鄉",52,0.0103441416351701
2010,"TOWNSHIP_YEAR_SPECIFIC","烏來鄉",21,0.0041774418142033
2010,"TOWNSHIP_YEAR_SPECIFIC","烏日鄉",6,0.00119355480405809
2010,"TOWNSHIP_YEAR_SPECIFIC","牡丹鄉",46,0.009150586831112
2010,"TOWNSHIP_YEAR_SPECIFIC","獅子鄉",31,0.00616669982096678
2010,"TOWNSHIP_YEAR_SPECIFIC","獅潭鄉",14,0.00278496120946887
2010,"TOWNSHIP_YEAR_SPECIFIC","玉里鎮",67,0.0133280286453153
2010,"TOWNSHIP_YEAR_SPECIFIC","瑞穗鄉",38,0.00755918042570121
2010,"TOWNSHIP_YEAR_SPECIFIC","瑪家鄉",41,0.00815595782773026
2010,"TOWNSHIP_YEAR_SPECIFIC","神岡鄉",20,0.00397851601352695
2010,"TOWNSHIP_YEAR_SPECIFIC","秀林鄉",101,0.0200915058683111
2010,"TOWNSHIP_YEAR_SPECIFIC","竹北市",50,0.00994629003381739
2010,"TOWNSHIP_YEAR_SPECIFIC","竹南鎮",1,0.000198925800676348
2010,"TOWNSHIP_YEAR_SPECIFIC","竹東鎮",17,0.00338173861149791
2010,"TOWNSHIP_YEAR_SPECIFIC","羅東鎮",5,0.000994629003381739
2010,"TOWNSHIP_YEAR_SPECIFIC","臺東市",189,0.0375969763278297
2010,"TOWNSHIP_YEAR_SPECIFIC","花蓮市",115,0.02287646707778
2010,"TOWNSHIP_YEAR_SPECIFIC","芳苑鄉",3,0.000596777402029043
2010,"TOWNSHIP_YEAR_SPECIFIC","苓雅區",7,0.00139248060473443
2010,"TOWNSHIP_YEAR_SPECIFIC","茂林鄉",13,0.00258603540879252
2010,"TOWNSHIP_YEAR_SPECIFIC","草屯鎮",14,0.00278496120946887
2010,"TOWNSHIP_YEAR_SPECIFIC","莿桐鄉",12,0.00238710960811617
2010,"TOWNSHIP_YEAR_SPECIFIC","萬巒鄉",9,0.00179033220608713
2010,"TOWNSHIP_YEAR_SPECIFIC","萬榮鄉",62,0.0123333996419336
2010,"TOWNSHIP_YEAR_SPECIFIC","萬華區",14,0.00278496120946887
2010,"TOWNSHIP_YEAR_SPECIFIC","蘆洲市",52,0.0103441416351701
2010,"TOWNSHIP_YEAR_SPECIFIC","蘆竹鄉",44,0.0087527352297593
2010,"TOWNSHIP_YEAR_SPECIFIC","蘇澳鎮",15,0.00298388701014522
2010,"TOWNSHIP_YEAR_SPECIFIC","蘭嶼鄉",24,0.00477421921623235
2010,"TOWNSHIP_YEAR_SPECIFIC","虎尾鎮",13,0.00258603540879252
2010,"TOWNSHIP_YEAR_SPECIFIC","西區",21,0.0041774418142033
2010,"TOWNSHIP_YEAR_SPECIFIC","西屯區",11,0.00218818380743982
2010,"TOWNSHIP_YEAR_SPECIFIC","西螺鎮",16,0.00318281281082156
2010,"TOWNSHIP_YEAR_SPECIFIC","豐原市",13,0.00258603540879252
2010,"TOWNSHIP_YEAR_SPECIFIC","豐濱鄉",41,0.00815595782773026
2010,"TOWNSHIP_YEAR_SPECIFIC","達仁鄉",34,0.00676347722299582
2010,"TOWNSHIP_YEAR_SPECIFIC","那瑪夏鄉",18,0.00358066441217426
2010,"TOWNSHIP_YEAR_SPECIFIC","金峰鄉",28,0.00556992241893774
2010,"TOWNSHIP_YEAR_SPECIFIC","長治鄉",13,0.00258603540879252
2010,"TOWNSHIP_YEAR_SPECIFIC","長濱鄉",55,0.0109409190371991
2010,"TOWNSHIP_YEAR_SPECIFIC","關山鎮",21,0.0041774418142033
2010,"TOWNSHIP_YEAR_SPECIFIC","關西鎮",42,0.0083548836284066
2010,"TOWNSHIP_YEAR_SPECIFIC","阿里山鄉",34,0.00676347722299582
2010,"TOWNSHIP_YEAR_SPECIFIC","霧臺鄉",24,0.00477421921623235
2010,"TOWNSHIP_YEAR_SPECIFIC","頭份鎮",22,0.00437636761487965
2010,"TOWNSHIP_YEAR_SPECIFIC","香山區",9,0.00179033220608713
2010,"TOWNSHIP_YEAR_SPECIFIC","魚池鄉",11,0.00218818380743982
2010,"TOWNSHIP_YEAR_SPECIFIC","鳳山市",16,0.00318281281082156
2010,"TOWNSHIP_YEAR_SPECIFIC","鳳林鎮",22,0.00437636761487965
2010,"TOWNSHIP_YEAR_SPECIFIC","鶯歌鎮",9,0.00179033220608713
2010,"TOWNSHIP_YEAR_SPECIFIC","鹽埕區",2,0.000397851601352695
2010,"TOWNSHIP_YEAR_SPECIFIC","鹿港鎮",13,0.00258603540879252
2010,"TOWNSHIP_YEAR_SPECIFIC","鹿野鄉",22,0.00437636761487965
2010,"TOWNSHIP_YEAR_SPECIFIC","麥寮鄉",2,0.000397851601352695
2010,"TOWNSHIP_YEAR_SPECIFIC","鼓山區",12,0.00238710960811617
2010,"TOWNSHIP_YEAR_SPECIFIC","龜山鄉",71,0.0141237318480207
2014,"ADMIN_NAME_HARMONIZED","南投縣",263,0.0504411200613732
2014,"ADMIN_NAME_HARMONIZED","嘉義市",64,0.0122746451860376
2014,"ADMIN_NAME_HARMONIZED","嘉義縣",59,0.0113156885308784
2014,"ADMIN_NAME_HARMONIZED","基隆市",97,0.0186037591100882
2014,"ADMIN_NAME_HARMONIZED","宜蘭縣",25,0.00479478327579593
2014,"ADMIN_NAME_HARMONIZED","屏東縣",547,0.104909858074415
2014,"ADMIN_NAME_HARMONIZED","彰化縣",66,0.0126582278481013
2014,"ADMIN_NAME_HARMONIZED","新北市",624,0.119677790563867
2014,"ADMIN_NAME_HARMONIZED","新竹市",63,0.0120828538550058
2014,"ADMIN_NAME_HARMONIZED","新竹縣",156,0.0299194476409666
2014,"ADMIN_NAME_HARMONIZED","桃園市",492,0.094361334867664
2014,"ADMIN_NAME_HARMONIZED","澎湖縣",50,0.00958956655159187
2014,"ADMIN_NAME_HARMONIZED","臺中市",335,0.0642500958956655
2014,"ADMIN_NAME_HARMONIZED","臺北市",188,0.0360567702339854
2014,"ADMIN_NAME_HARMONIZED","臺南市",99,0.0189873417721519
2014,"ADMIN_NAME_HARMONIZED","臺東縣",715,0.137130801687764
2014,"ADMIN_NAME_HARMONIZED","花蓮縣",827,0.15861143076333
2014,"ADMIN_NAME_HARMONIZED","苗栗縣",119,0.0228231683927886
2014,"ADMIN_NAME_HARMONIZED","雲林縣",52,0.00997314921365554
2014,"ADMIN_NAME_HARMONIZED","高雄市",373,0.0715381664748753
2014,"ADMIN_NAME_ORIGINAL","南投縣",263,0.0504411200613732
2014,"ADMIN_NAME_ORIGINAL","台北市",188,0.0360567702339854
2014,"ADMIN_NAME_ORIGINAL","嘉義市",64,0.0122746451860376
2014,"ADMIN_NAME_ORIGINAL","嘉義縣",59,0.0113156885308784
2014,"ADMIN_NAME_ORIGINAL","基隆市",97,0.0186037591100882
2014,"ADMIN_NAME_ORIGINAL","宜蘭縣",25,0.00479478327579593
2014,"ADMIN_NAME_ORIGINAL","屏東縣",547,0.104909858074415
2014,"ADMIN_NAME_ORIGINAL","彰化縣",66,0.0126582278481013
2014,"ADMIN_NAME_ORIGINAL","新北市",624,0.119677790563867
2014,"ADMIN_NAME_ORIGINAL","新竹市",63,0.0120828538550058
2014,"ADMIN_NAME_ORIGINAL","新竹縣",156,0.0299194476409666
2014,"ADMIN_NAME_ORIGINAL","桃園縣",492,0.094361334867664
2014,"ADMIN_NAME_ORIGINAL","澎湖縣",50,0.00958956655159187
2014,"ADMIN_NAME_ORIGINAL","臺中市",335,0.0642500958956655
2014,"ADMIN_NAME_ORIGINAL","臺南市",99,0.0189873417721519
2014,"ADMIN_NAME_ORIGINAL","臺東縣",715,0.137130801687764
2014,"ADMIN_NAME_ORIGINAL","花蓮縣",827,0.15861143076333
2014,"ADMIN_NAME_ORIGINAL","苗栗縣",119,0.0228231683927886
2014,"ADMIN_NAME_ORIGINAL","雲林縣",52,0.00997314921365554
2014,"ADMIN_NAME_ORIGINAL","高雄市",373,0.0715381664748753
2014,"ADMIN_NAME_YEAR_SPECIFIC","南投縣",263,0.0504411200613732
2014,"ADMIN_NAME_YEAR_SPECIFIC","嘉義市",64,0.0122746451860376
2014,"ADMIN_NAME_YEAR_SPECIFIC","嘉義縣",59,0.0113156885308784
2014,"ADMIN_NAME_YEAR_SPECIFIC","基隆市",97,0.0186037591100882
2014,"ADMIN_NAME_YEAR_SPECIFIC","宜蘭縣",25,0.00479478327579593
2014,"ADMIN_NAME_YEAR_SPECIFIC","屏東縣",547,0.104909858074415
2014,"ADMIN_NAME_YEAR_SPECIFIC","彰化縣",66,0.0126582278481013
2014,"ADMIN_NAME_YEAR_SPECIFIC","新北市",624,0.119677790563867
2014,"ADMIN_NAME_YEAR_SPECIFIC","新竹市",63,0.0120828538550058
2014,"ADMIN_NAME_YEAR_SPECIFIC","新竹縣",156,0.0299194476409666
2014,"ADMIN_NAME_YEAR_SPECIFIC","桃園縣",492,0.094361334867664
2014,"ADMIN_NAME_YEAR_SPECIFIC","澎湖縣",50,0.00958956655159187
2014,"ADMIN_NAME_YEAR_SPECIFIC","臺中市",335,0.0642500958956655
2014,"ADMIN_NAME_YEAR_SPECIFIC","臺北市",188,0.0360567702339854
2014,"ADMIN_NAME_YEAR_SPECIFIC","臺南市",99,0.0189873417721519
2014,"ADMIN_NAME_YEAR_SPECIFIC","臺東縣",715,0.137130801687764
2014,"ADMIN_NAME_YEAR_SPECIFIC","花蓮縣",827,0.15861143076333
2014,"ADMIN_NAME_YEAR_SPECIFIC","苗栗縣",119,0.0228231683927886
2014,"ADMIN_NAME_YEAR_SPECIFIC","雲林縣",52,0.00997314921365554
2014,"ADMIN_NAME_YEAR_SPECIFIC","高雄市",373,0.0715381664748753
2014,"AGE_GROUP","15-19歲",21,0.00402761795166858
2014,"AGE_GROUP","20-29歲",296,0.0567702339854239
2014,"AGE_GROUP","30-39歲",888,0.170310701956272
2014,"AGE_GROUP","40-49歲",1438,0.275795934023782
2014,"AGE_GROUP","50-59歲",1434,0.275028768699655
2014,"AGE_GROUP","60歲以上",1137,0.218066743383199
2014,"AGE_GROUP_HARMONIZED","15-19歲",21,0.00402761795166858
2014,"AGE_GROUP_HARMONIZED","20-29歲",296,0.0567702339854239
2014,"AGE_GROUP_HARMONIZED","30-39歲",888,0.170310701956272
2014,"AGE_GROUP_HARMONIZED","40-49歲",1438,0.275795934023782
2014,"AGE_GROUP_HARMONIZED","50-59歲",1434,0.275028768699655
2014,"AGE_GROUP_HARMONIZED","60歲以上",1137,0.218066743383199
2014,"AGE_MEASURE_TYPE","age_group",5214,1
2014,"CITY","南投縣",263,0.0504411200613732
2014,"CITY","嘉義市",64,0.0122746451860376
2014,"CITY","嘉義縣",59,0.0113156885308784
2014,"CITY","基隆市",97,0.0186037591100882
2014,"CITY","宜蘭縣",25,0.00479478327579593
2014,"CITY","屏東縣",547,0.104909858074415
2014,"CITY","彰化縣",66,0.0126582278481013
2014,"CITY","新北市",624,0.119677790563867
2014,"CITY","新竹市",63,0.0120828538550058
2014,"CITY","新竹縣",156,0.0299194476409666
2014,"CITY","桃園縣",492,0.094361334867664
2014,"CITY","澎湖縣",50,0.00958956655159187
2014,"CITY","臺中市",335,0.0642500958956655
2014,"CITY","臺北市",188,0.0360567702339854
2014,"CITY","臺南市",99,0.0189873417721519
2014,"CITY","臺東縣",715,0.137130801687764
2014,"CITY","花蓮縣",827,0.15861143076333
2014,"CITY","苗栗縣",119,0.0228231683927886
2014,"CITY","雲林縣",52,0.00997314921365554
2014,"CITY","高雄市",373,0.0715381664748753
2014,"COUNTY","七堵區",8,0.0015343306482547
2014,"COUNTY","三地門鄉",61,0.0116992711929421
2014,"COUNTY","三峽區",24,0.0046029919447641
2014,"COUNTY","三重區",27,0.00517836593785961
2014,"COUNTY","中和區",23,0.00441120061373226
2014,"COUNTY","中壢市",25,0.00479478327579593
2014,"COUNTY","中山區",8,0.0015343306482547
2014,"COUNTY","中正區",44,0.00843881856540084
2014,"COUNTY","中西區",13,0.00249328730341389
2014,"COUNTY","五峰鄉",41,0.00786344457230533
2014,"COUNTY","五股區",3,0.000575373993095512
2014,"COUNTY","仁愛鄉",100,0.0191791331031837
2014,"COUNTY","來義鄉",72,0.0138089758342923
2014,"COUNTY","信義區",21,0.00402761795166858
2014,"COUNTY","信義鄉",69,0.0132336018411968
2014,"COUNTY","光復鄉",64,0.0122746451860376
2014,"COUNTY","內埔鄉",39,0.00747986191024166
2014,"COUNTY","內湖區",15,0.00287686996547756
2014,"COUNTY","八德市",28,0.00537015726889145
2014,"COUNTY","八里區",26,0.00498657460682777
2014,"COUNTY","前鎮區",25,0.00479478327579593
2014,"COUNTY","北區",28,0.00537015726889145
2014,"COUNTY","北屯區",45,0.00863060989643268
2014,"COUNTY","北投區",4,0.000767165324127349
2014,"COUNTY","卑南鄉",64,0.0122746451860376
2014,"COUNTY","卓溪鄉",40,0.00767165324127349
2014,"COUNTY","南區",53,0.0101649405446874
2014,"COUNTY","南屯區",40,0.00767165324127349
2014,"COUNTY","南庄鄉",9,0.00172612197928654
2014,"COUNTY","南投市",45,0.00863060989643268
2014,"COUNTY","南澳鄉",5,0.000958956655159187
2014,"COUNTY","吉安鄉",147,0.0281933256616801
2014,"COUNTY","和平區",33,0.00632911392405063
2014,"COUNTY","土城區",38,0.00728807057920982
2014,"COUNTY","埔里鎮",24,0.0046029919447641
2014,"COUNTY","士林區",37,0.00709627924817798
2014,"COUNTY","壽豐鄉",60,0.0115074798619102
2014,"COUNTY","大同區",33,0.00632911392405063
2014,"COUNTY","大同鄉",9,0.00172612197928654
2014,"COUNTY","大寮區",40,0.00767165324127349
2014,"COUNTY","大樹區",12,0.00230149597238205
2014,"COUNTY","大武鄉",40,0.00767165324127349
2014,"COUNTY","大溪鎮",31,0.00594553126198696
2014,"COUNTY","大里區",2,0.000383582662063675
2014,"COUNTY","大雅區",52,0.00997314921365554
2014,"COUNTY","太平區",43,0.00824702723436901
2014,"COUNTY","太麻里鄉",54,0.0103567318757192
2014,"COUNTY","安定區",2,0.000383582662063675
2014,"COUNTY","安樂區",34,0.00652090525508247
2014,"COUNTY","宜蘭市",3,0.000575373993095512
2014,"COUNTY","富里鄉",18,0.00345224395857307
2014,"COUNTY","小港區",59,0.0113156885308784
2014,"COUNTY","尖石鄉",53,0.0101649405446874
2014,"COUNTY","屏東市",71,0.0136171845032605
2014,"COUNTY","岡山區",30,0.00575373993095512
2014,"COUNTY","左營區",32,0.0061373225930188
2014,"COUNTY","平鎮市",62,0.0118910625239739
2014,"COUNTY","延平鄉",27,0.00517836593785961
2014,"COUNTY","彰化市",58,0.0111238971998466
2014,"COUNTY","復興鄉",46,0.00882240122746452
2014,"COUNTY","成功鎮",73,0.0140007671653241
2014,"COUNTY","文山區",22,0.00421940928270042
2014,"COUNTY","斗六市",40,0.00767165324127349
2014,"COUNTY","新城鄉",56,0.0107403145377829
2014,"COUNTY","新店區",66,0.0126582278481013
2014,"COUNTY","新營區",3,0.000575373993095512
2014,"COUNTY","新莊區",87,0.0166858457997698
2014,"COUNTY","春日鄉",28,0.00537015726889145
2014,"COUNTY","東區",92,0.017644802454929
2014,"COUNTY","東河鄉",39,0.00747986191024166
2014,"COUNTY","松山區",16,0.0030686612965094
2014,"COUNTY","板橋區",9,0.00172612197928654
2014,"COUNTY","枋寮鄉",2,0.000383582662063675
2014,"COUNTY","林口區",37,0.00709627924817798
2014,"COUNTY","桃園市",34,0.00652090525508247
2014,"COUNTY","桃源區",28,0.00537015726889145
2014,"COUNTY","梧棲區",8,0.0015343306482547
2014,"COUNTY","楊梅鎮",62,0.0118910625239739
2014,"COUNTY","楠梓區",12,0.00230149597238205
2014,"COUNTY","樹林區",70,0.0134253931722286
2014,"COUNTY","橫山鄉",2,0.000383582662063675
2014,"COUNTY","民雄鄉",25,0.00479478327579593
2014,"COUNTY","水上鄉",1,0.000191791331031837
2014,"COUNTY","永和區",15,0.00287686996547756
2014,"COUNTY","永康區",31,0.00594553126198696
2014,"COUNTY","汐止區",72,0.0138089758342923
2014,"COUNTY","池上鄉",33,0.00632911392405063
2014,"COUNTY","沙鹿區",2,0.000383582662063675
2014,"COUNTY","泰安鄉",53,0.0101649405446874
2014,"COUNTY","泰山區",2,0.000383582662063675
2014,"COUNTY","泰武鄉",35,0.00671269658611431
2014,"COUNTY","海端鄉",30,0.00575373993095512
2014,"COUNTY","淡水區",3,0.000575373993095512
2014,"COUNTY","湖口鄉",6,0.00115074798619102
2014,"COUNTY","滿州鄉",29,0.00556194859992328
2014,"COUNTY","潭子區",14,0.00268507863444572
2014,"COUNTY","潮州鎮",19,0.00364403528960491
2014,"COUNTY","烏來區",30,0.00575373993095512
2014,"COUNTY","牡丹鄉",49,0.00939777522056003
2014,"COUNTY","獅子鄉",34,0.00652090525508247
2014,"COUNTY","獅潭鄉",1,0.000191791331031837
2014,"COUNTY","玉里鎮",57,0.0109321058688147
2014,"COUNTY","瑞穗鄉",49,0.00939777522056003
2014,"COUNTY","瑞芳區",23,0.00441120061373226
2014,"COUNTY","瑪家鄉",65,0.0124664365170694
2014,"COUNTY","番路鄉",2,0.000383582662063675
2014,"COUNTY","秀林鄉",113,0.0216724204065976
2014,"COUNTY","竹北市",15,0.00287686996547756
2014,"COUNTY","竹南鎮",19,0.00364403528960491
2014,"COUNTY","竹東鎮",31,0.00594553126198696
2014,"COUNTY","綠島鄉",4,0.000767165324127349
2014,"COUNTY","羅東鎮",8,0.0015343306482547
2014,"COUNTY","臺東市",162,0.0310701956271577
2014,"COUNTY","花壇鄉",8,0.0015343306482547
2014,"COUNTY","花蓮市",122,0.0233985423858842
2014,"COUNTY","苓雅區",29,0.00556194859992328
2014,"COUNTY","苗栗市",5,0.000958956655159187
2014,"COUNTY","茂林區",17,0.00326045262754124
2014,"COUNTY","萬丹鄉",2,0.000383582662063675
2014,"COUNTY","萬巒鄉",19,0.00364403528960491
2014,"COUNTY","萬榮鄉",43,0.00824702723436901
2014,"COUNTY","萬華區",43,0.00824702723436901
2014,"COUNTY","蘆洲區",55,0.0105485232067511
2014,"COUNTY","蘆竹鄉",36,0.00690448791714614
2014,"COUNTY","蘭嶼鄉",11,0.00210970464135021
2014,"COUNTY","虎尾鎮",11,0.00210970464135021
2014,"COUNTY","西區",40,0.00767165324127349
2014,"COUNTY","西屯區",13,0.00249328730341389
2014,"COUNTY","觀音鄉",15,0.00287686996547756
2014,"COUNTY","豐原區",7,0.00134253931722286
2014,"COUNTY","豐濱鄉",36,0.00690448791714614
2014,"COUNTY","通霄鎮",8,0.0015343306482547
2014,"COUNTY","達仁鄉",52,0.00997314921365554
2014,"COUNTY","那瑪夏區",19,0.00364403528960491
2014,"COUNTY","金峰鄉",28,0.00537015726889145
2014,"COUNTY","長濱鄉",38,0.00728807057920982
2014,"COUNTY","關山鎮",26,0.00498657460682777
2014,"COUNTY","關西鎮",8,0.0015343306482547
2014,"COUNTY","阿里山鄉",31,0.00594553126198696
2014,"COUNTY","霧臺鄉",22,0.00421940928270042
2014,"COUNTY","頭份鎮",24,0.0046029919447641
2014,"COUNTY","馬公市",50,0.00958956655159187
2014,"COUNTY","魚池鄉",25,0.00479478327579593
2014,"COUNTY","鳳山區",58,0.0111238971998466
2014,"COUNTY","鳳林鎮",22,0.00421940928270042
2014,"COUNTY","鶯歌區",14,0.00268507863444572
2014,"COUNTY","鹿野鄉",34,0.00652090525508247
2014,"COUNTY","麥寮鄉",1,0.000191791331031837
2014,"COUNTY","鼓山區",12,0.00230149597238205
2014,"COUNTY","龍井區",40,0.00767165324127349
2014,"COUNTY","龍潭鄉",71,0.0136171845032605
2014,"COUNTY","龜山鄉",82,0.0157268891446107
2014,"COUNTY_MAPPING_STATUS","single_township",5214,1
2014,"COUNTY_ORIGINAL","七堵區",8,0.0015343306482547
2014,"COUNTY_ORIGINAL","三地門鄉",61,0.0116992711929421
2014,"COUNTY_ORIGINAL","三峽區",24,0.0046029919447641
2014,"COUNTY_ORIGINAL","三重區",27,0.00517836593785961
2014,"COUNTY_ORIGINAL","中和區",23,0.00441120061373226
2014,"COUNTY_ORIGINAL","中壢市",25,0.00479478327579593
2014,"COUNTY_ORIGINAL","中山區",8,0.0015343306482547
2014,"COUNTY_ORIGINAL","中正區",44,0.00843881856540084
2014,"COUNTY_ORIGINAL","中西區",13,0.00249328730341389
2014,"COUNTY_ORIGINAL","五峰鄉",41,0.00786344457230533
2014,"COUNTY_ORIGINAL","五股區",3,0.000575373993095512
2014,"COUNTY_ORIGINAL","仁愛鄉",100,0.0191791331031837
2014,"COUNTY_ORIGINAL","來義鄉",72,0.0138089758342923
2014,"COUNTY_ORIGINAL","信義區",21,0.00402761795166858
2014,"COUNTY_ORIGINAL","信義鄉",69,0.0132336018411968
2014,"COUNTY_ORIGINAL","光復鄉",64,0.0122746451860376
2014,"COUNTY_ORIGINAL","內埔鄉",39,0.00747986191024166
2014,"COUNTY_ORIGINAL","內湖區",15,0.00287686996547756
2014,"COUNTY_ORIGINAL","八德市",28,0.00537015726889145
2014,"COUNTY_ORIGINAL","八里區",26,0.00498657460682777
2014,"COUNTY_ORIGINAL","前鎮區",25,0.00479478327579593
2014,"COUNTY_ORIGINAL","北區",28,0.00537015726889145
2014,"COUNTY_ORIGINAL","北屯區",45,0.00863060989643268
2014,"COUNTY_ORIGINAL","北投區",4,0.000767165324127349
2014,"COUNTY_ORIGINAL","卑南鄉",64,0.0122746451860376
2014,"COUNTY_ORIGINAL","卓溪鄉",40,0.00767165324127349
2014,"COUNTY_ORIGINAL","南區",53,0.0101649405446874
2014,"COUNTY_ORIGINAL","南屯區",40,0.00767165324127349
2014,"COUNTY_ORIGINAL","南庄鄉",9,0.00172612197928654
2014,"COUNTY_ORIGINAL","南投市",45,0.00863060989643268
2014,"COUNTY_ORIGINAL","南澳鄉",5,0.000958956655159187
2014,"COUNTY_ORIGINAL","吉安鄉",147,0.0281933256616801
2014,"COUNTY_ORIGINAL","和平區",33,0.00632911392405063
2014,"COUNTY_ORIGINAL","土城區",38,0.00728807057920982
2014,"COUNTY_ORIGINAL","埔里鎮",24,0.0046029919447641
2014,"COUNTY_ORIGINAL","士林區",37,0.00709627924817798
2014,"COUNTY_ORIGINAL","壽豐鄉",60,0.0115074798619102
2014,"COUNTY_ORIGINAL","大同區",33,0.00632911392405063
2014,"COUNTY_ORIGINAL","大同鄉",9,0.00172612197928654
2014,"COUNTY_ORIGINAL","大寮區",40,0.00767165324127349
2014,"COUNTY_ORIGINAL","大樹區",12,0.00230149597238205
2014,"COUNTY_ORIGINAL","大武鄉",40,0.00767165324127349
2014,"COUNTY_ORIGINAL","大溪鎮",31,0.00594553126198696
2014,"COUNTY_ORIGINAL","大里區",2,0.000383582662063675
2014,"COUNTY_ORIGINAL","大雅區",52,0.00997314921365554
2014,"COUNTY_ORIGINAL","太平區",43,0.00824702723436901
2014,"COUNTY_ORIGINAL","太麻里鄉",54,0.0103567318757192
2014,"COUNTY_ORIGINAL","安定區",2,0.000383582662063675
2014,"COUNTY_ORIGINAL","安樂區",34,0.00652090525508247
2014,"COUNTY_ORIGINAL","宜蘭市",3,0.000575373993095512
2014,"COUNTY_ORIGINAL","富里鄉",18,0.00345224395857307
2014,"COUNTY_ORIGINAL","小港區",59,0.0113156885308784
2014,"COUNTY_ORIGINAL","尖石鄉",53,0.0101649405446874
2014,"COUNTY_ORIGINAL","屏東市",71,0.0136171845032605
2014,"COUNTY_ORIGINAL","岡山區",30,0.00575373993095512
2014,"COUNTY_ORIGINAL","左營區",32,0.0061373225930188
2014,"COUNTY_ORIGINAL","平鎮市",62,0.0118910625239739
2014,"COUNTY_ORIGINAL","延平鄉",27,0.00517836593785961
2014,"COUNTY_ORIGINAL","彰化市",58,0.0111238971998466
2014,"COUNTY_ORIGINAL","復興鄉",46,0.00882240122746452
2014,"COUNTY_ORIGINAL","成功鎮",73,0.0140007671653241
2014,"COUNTY_ORIGINAL","文山區",22,0.00421940928270042
2014,"COUNTY_ORIGINAL","斗六市",40,0.00767165324127349
2014,"COUNTY_ORIGINAL","新城鄉",56,0.0107403145377829
2014,"COUNTY_ORIGINAL","新店區",66,0.0126582278481013
2014,"COUNTY_ORIGINAL","新營區",3,0.000575373993095512
2014,"COUNTY_ORIGINAL","新莊區",87,0.0166858457997698
2014,"COUNTY_ORIGINAL","春日鄉",28,0.00537015726889145
2014,"COUNTY_ORIGINAL","東區",92,0.017644802454929
2014,"COUNTY_ORIGINAL","東河鄉",39,0.00747986191024166
2014,"COUNTY_ORIGINAL","松山區",16,0.0030686612965094
2014,"COUNTY_ORIGINAL","板橋區",9,0.00172612197928654
2014,"COUNTY_ORIGINAL","枋寮鄉",2,0.000383582662063675
2014,"COUNTY_ORIGINAL","林口區",37,0.00709627924817798
2014,"COUNTY_ORIGINAL","桃園市",34,0.00652090525508247
2014,"COUNTY_ORIGINAL","桃源區",28,0.00537015726889145
2014,"COUNTY_ORIGINAL","梧棲區",8,0.0015343306482547
2014,"COUNTY_ORIGINAL","楊梅鎮",62,0.0118910625239739
2014,"COUNTY_ORIGINAL","楠梓區",12,0.00230149597238205
2014,"COUNTY_ORIGINAL","樹林區",70,0.0134253931722286
2014,"COUNTY_ORIGINAL","橫山鄉",2,0.000383582662063675
2014,"COUNTY_ORIGINAL","民雄鄉",25,0.00479478327579593
2014,"COUNTY_ORIGINAL","水上鄉",1,0.000191791331031837
2014,"COUNTY_ORIGINAL","永和區",15,0.00287686996547756
2014,"COUNTY_ORIGINAL","永康區",31,0.00594553126198696
2014,"COUNTY_ORIGINAL","汐止區",72,0.0138089758342923
2014,"COUNTY_ORIGINAL","池上鄉",33,0.00632911392405063
2014,"COUNTY_ORIGINAL","沙鹿區",2,0.000383582662063675
2014,"COUNTY_ORIGINAL","泰安鄉",53,0.0101649405446874
2014,"COUNTY_ORIGINAL","泰山區",2,0.000383582662063675
2014,"COUNTY_ORIGINAL","泰武鄉",35,0.00671269658611431
2014,"COUNTY_ORIGINAL","海端鄉",30,0.00575373993095512
2014,"COUNTY_ORIGINAL","淡水區",3,0.000575373993095512
2014,"COUNTY_ORIGINAL","湖口鄉",6,0.00115074798619102
2014,"COUNTY_ORIGINAL","滿州鄉",29,0.00556194859992328
2014,"COUNTY_ORIGINAL","潭子區",14,0.00268507863444572
2014,"COUNTY_ORIGINAL","潮州鎮",19,0.00364403528960491
2014,"COUNTY_ORIGINAL","烏來區",30,0.00575373993095512
2014,"COUNTY_ORIGINAL","牡丹鄉",49,0.00939777522056003
2014,"COUNTY_ORIGINAL","獅子鄉",34,0.00652090525508247
2014,"COUNTY_ORIGINAL","獅潭鄉",1,0.000191791331031837
2014,"COUNTY_ORIGINAL","玉里鎮",57,0.0109321058688147
2014,"COUNTY_ORIGINAL","瑞穗鄉",49,0.00939777522056003
2014,"COUNTY_ORIGINAL","瑞芳區",23,0.00441120061373226
2014,"COUNTY_ORIGINAL","瑪家鄉",65,0.0124664365170694
2014,"COUNTY_ORIGINAL","番路鄉",2,0.000383582662063675
2014,"COUNTY_ORIGINAL","秀林鄉",113,0.0216724204065976
2014,"COUNTY_ORIGINAL","竹北市",15,0.00287686996547756
2014,"COUNTY_ORIGINAL","竹南鎮",19,0.00364403528960491
2014,"COUNTY_ORIGINAL","竹東鎮",31,0.00594553126198696
2014,"COUNTY_ORIGINAL","綠島鄉",4,0.000767165324127349
2014,"COUNTY_ORIGINAL","羅東鎮",8,0.0015343306482547
2014,"COUNTY_ORIGINAL","臺東市",162,0.0310701956271577
2014,"COUNTY_ORIGINAL","花壇鄉",8,0.0015343306482547
2014,"COUNTY_ORIGINAL","花蓮市",122,0.0233985423858842
2014,"COUNTY_ORIGINAL","苓雅區",29,0.00556194859992328
2014,"COUNTY_ORIGINAL","苗栗市",5,0.000958956655159187
2014,"COUNTY_ORIGINAL","茂林區",17,0.00326045262754124
2014,"COUNTY_ORIGINAL","萬丹鄉",2,0.000383582662063675
2014,"COUNTY_ORIGINAL","萬巒鄉",19,0.00364403528960491
2014,"COUNTY_ORIGINAL","萬榮鄉",43,0.00824702723436901
2014,"COUNTY_ORIGINAL","萬華區",43,0.00824702723436901
2014,"COUNTY_ORIGINAL","蘆洲區",55,0.0105485232067511
2014,"COUNTY_ORIGINAL","蘆竹鄉",36,0.00690448791714614
2014,"COUNTY_ORIGINAL","蘭嶼鄉",11,0.00210970464135021
2014,"COUNTY_ORIGINAL","虎尾鎮",11,0.00210970464135021
2014,"COUNTY_ORIGINAL","西區",40,0.00767165324127349
2014,"COUNTY_ORIGINAL","西屯區",13,0.00249328730341389
2014,"COUNTY_ORIGINAL","觀音鄉",15,0.00287686996547756
2014,"COUNTY_ORIGINAL","豐原區",7,0.00134253931722286
2014,"COUNTY_ORIGINAL","豐濱鄉",36,0.00690448791714614
2014,"COUNTY_ORIGINAL","通霄鎮",8,0.0015343306482547
2014,"COUNTY_ORIGINAL","達仁鄉",52,0.00997314921365554
2014,"COUNTY_ORIGINAL","那瑪夏區",19,0.00364403528960491
2014,"COUNTY_ORIGINAL","金峰鄉",28,0.00537015726889145
2014,"COUNTY_ORIGINAL","長濱鄉",38,0.00728807057920982
2014,"COUNTY_ORIGINAL","關山鎮",26,0.00498657460682777
2014,"COUNTY_ORIGINAL","關西鎮",8,0.0015343306482547
2014,"COUNTY_ORIGINAL","阿里山鄉",31,0.00594553126198696
2014,"COUNTY_ORIGINAL","霧臺鄉",22,0.00421940928270042
2014,"COUNTY_ORIGINAL","頭份鎮",24,0.0046029919447641
2014,"COUNTY_ORIGINAL","馬公市",50,0.00958956655159187
2014,"COUNTY_ORIGINAL","魚池鄉",25,0.00479478327579593
2014,"COUNTY_ORIGINAL","鳳山區",58,0.0111238971998466
2014,"COUNTY_ORIGINAL","鳳林鎮",22,0.00421940928270042
2014,"COUNTY_ORIGINAL","鶯歌區",14,0.00268507863444572
2014,"COUNTY_ORIGINAL","鹿野鄉",34,0.00652090525508247
2014,"COUNTY_ORIGINAL","麥寮鄉",1,0.000191791331031837
2014,"COUNTY_ORIGINAL","鼓山區",12,0.00230149597238205
2014,"COUNTY_ORIGINAL","龍井區",40,0.00767165324127349
2014,"COUNTY_ORIGINAL","龍潭鄉",71,0.0136171845032605
2014,"COUNTY_ORIGINAL","龜山鄉",82,0.0157268891446107
2014,"EDU","不識字/自修",196,0.0375911008822401
2014,"EDU","國(初)中",1293,0.247986191024166
2014,"EDU","國小",1199,0.229957805907173
2014,"EDU","專科以上",734,0.140774836977369
2014,"EDU","高中職",1792,0.343690065209053
2014,"EXP_ALCOHOL_EXPENDITURE","1,000-1,999 元",833,0.159762178749521
2014,"EXP_ALCOHOL_EXPENDITURE","10,000-14,999 元",63,0.0120828538550058
2014,"EXP_ALCOHOL_EXPENDITURE","15,000-19,999 元",14,0.00268507863444572
2014,"EXP_ALCOHOL_EXPENDITURE","2,000-2,999 元",631,0.121020329881089
2014,"EXP_ALCOHOL_EXPENDITURE","20,000-29,999 元",6,0.00115074798619102
2014,"EXP_ALCOHOL_EXPENDITURE","3,000-3,999 元",501,0.0960874568469505
2014,"EXP_ALCOHOL_EXPENDITURE","30,000 元及以上，請記錄________元",2,0.000383582662063675
2014,"EXP_ALCOHOL_EXPENDITURE","4,000-4,999 元",184,0.0352896049098581
2014,"EXP_ALCOHOL_EXPENDITURE","499 元及以下",373,0.0715381664748753
2014,"EXP_ALCOHOL_EXPENDITURE","5,000-6,999 元",221,0.0423858841580361
2014,"EXP_ALCOHOL_EXPENDITURE","500-999 元",558,0.107019562715765
2014,"EXP_ALCOHOL_EXPENDITURE","7,000-9,999 元",73,0.0140007671653241
2014,"EXP_ALCOHOL_EXPENDITURE","沒有這項支出",1755,0.336593785960875
2014,"EXP_ALCOHOL_EXPENDITURE_VALUE_SOURCE","source_question",5214,1
2014,"EXP_BOOKS_EXPENDITURE","1,000-1,999元",485,0.0930187955504411
2014,"EXP_BOOKS_EXPENDITURE","10,000-14,999元",7,0.00134253931722286
2014,"EXP_BOOKS_EXPENDITURE","15,000-19,999元",1,0.000191791331031837
2014,"EXP_BOOKS_EXPENDITURE","2,000-2,999元",175,0.0335634829305715
2014,"EXP_BOOKS_EXPENDITURE","20,000-29,999元",1,0.000191791331031837
2014,"EXP_BOOKS_EXPENDITURE","3,000-3,999元",62,0.0118910625239739
2014,"EXP_BOOKS_EXPENDITURE","4,000-4,999元",15,0.00287686996547756
2014,"EXP_BOOKS_EXPENDITURE","5,000-6,999元",19,0.00364403528960491
2014,"EXP_BOOKS_EXPENDITURE","7,000-9,999元",7,0.00134253931722286
2014,"EXP_BOOKS_EXPENDITURE","999元及以下",1154,0.22132719601074
2014,"EXP_BOOKS_EXPENDITURE","沒有這項支出",3288,0.630609896432681
2014,"EXP_BOOKS_EXPENDITURE_VALUE_SOURCE","indicator_no_zero",3288,0.630609896432681
2014,"EXP_BOOKS_EXPENDITURE_VALUE_SOURCE","source_question",1926,0.369390103567319
2014,"EXP_CARE_EXPENDITURE","1,000-1,999元",181,0.0347142309167626
2014,"EXP_CARE_EXPENDITURE","10,000-14,999元",29,0.00556194859992328
2014,"EXP_CARE_EXPENDITURE","15,000-19,999元",18,0.00345224395857307
2014,"EXP_CARE_EXPENDITURE","2,000-2,999元",176,0.0337552742616034
2014,"EXP_CARE_EXPENDITURE","20,000-29,999元",35,0.00671269658611431
2014,"EXP_CARE_EXPENDITURE","3,000-3,999元",118,0.0226313770617568
2014,"EXP_CARE_EXPENDITURE","35000",3,0.000575373993095512
2014,"EXP_CARE_EXPENDITURE","36000",1,0.000191791331031837
2014,"EXP_CARE_EXPENDITURE","4,000-4,999元",67,0.0128500191791331
2014,"EXP_CARE_EXPENDITURE","5,000-6,999元",67,0.0128500191791331
2014,"EXP_CARE_EXPENDITURE","60000",1,0.000191791331031837
2014,"EXP_CARE_EXPENDITURE","7,000-9,999元",25,0.00479478327579593
2014,"EXP_CARE_EXPENDITURE","999元及以下",98,0.0187955504411201
2014,"EXP_CARE_EXPENDITURE","沒有這項支出",4395,0.842922899884925
2014,"EXP_CARE_EXPENDITURE_VALUE_SOURCE","indicator_no_zero",4395,0.842922899884925
2014,"EXP_CARE_EXPENDITURE_VALUE_SOURCE","open_amount",5,0.000958956655159187
2014,"EXP_CARE_EXPENDITURE_VALUE_SOURCE","source_question",814,0.156118143459916
2014,"EXP_CLEANING_EXPENDITURE","1,000-1,999 元",102,0.0195627157652474
2014,"EXP_CLEANING_EXPENDITURE","10,000-14,999 元",2,0.000383582662063675
2014,"EXP_CLEANING_EXPENDITURE","15,000-19,999 元",2,0.000383582662063675
2014,"EXP_CLEANING_EXPENDITURE","2,000-2,999 元",85,0.0163022631377062
2014,"EXP_CLEANING_EXPENDITURE","20,000-29,999 元",13,0.00249328730341389
2014,"EXP_CLEANING_EXPENDITURE","3,000-3,999 元",24,0.0046029919447641
2014,"EXP_CLEANING_EXPENDITURE","4,000-4,999 元",6,0.00115074798619102
2014,"EXP_CLEANING_EXPENDITURE","5,000-6,999 元",3,0.000575373993095512
2014,"EXP_CLEANING_EXPENDITURE","999 元及以下",200,0.0383582662063675
2014,"EXP_CLEANING_EXPENDITURE","沒有這項支出",4777,0.916187188339087
2014,"EXP_CLEANING_EXPENDITURE_VALUE_SOURCE","indicator_no_zero",4777,0.916187188339087
2014,"EXP_CLEANING_EXPENDITURE_VALUE_SOURCE","source_question",437,0.0838128116609129
2014,"EXP_CLOTHING_EXPENDITURE","1,000-1,999元",1282,0.245876486382816
2014,"EXP_CLOTHING_EXPENDITURE","10,000-14,999元",43,0.00824702723436901
2014,"EXP_CLOTHING_EXPENDITURE","15,000-19,999元",8,0.0015343306482547
2014,"EXP_CLOTHING_EXPENDITURE","2,000-2,999元",734,0.140774836977369
2014,"EXP_CLOTHING_EXPENDITURE","20,000-29,999元",9,0.00172612197928654
2014,"EXP_CLOTHING_EXPENDITURE","3,000-3,999元",322,0.0617568085922516
2014,"EXP_CLOTHING_EXPENDITURE","35000",2,0.000383582662063675
2014,"EXP_CLOTHING_EXPENDITURE","4,000-4,999元",132,0.0253164556962025
2014,"EXP_CLOTHING_EXPENDITURE","5,000-6,999元",100,0.0191791331031837
2014,"EXP_CLOTHING_EXPENDITURE","50000",4,0.000767165324127349
2014,"EXP_CLOTHING_EXPENDITURE","7,000-9,999元",53,0.0101649405446874
2014,"EXP_CLOTHING_EXPENDITURE","999元及以下",1702,0.326428845416187
2014,"EXP_CLOTHING_EXPENDITURE","沒有這項支出",823,0.157844265439202
2014,"EXP_CLOTHING_EXPENDITURE_VALUE_SOURCE","indicator_no_zero",823,0.157844265439202
2014,"EXP_CLOTHING_EXPENDITURE_VALUE_SOURCE","open_amount",6,0.00115074798619102
2014,"EXP_CLOTHING_EXPENDITURE_VALUE_SOURCE","source_question",4385,0.841004986574607
2014,"EXP_DINING_LODGING_EXPENDITURE","1,000-1,999 元",510,0.097813578826237
2014,"EXP_DINING_LODGING_EXPENDITURE","10,000-14,999 元",201,0.0385500575373993
2014,"EXP_DINING_LODGING_EXPENDITURE","100000",4,0.000767165324127349
2014,"EXP_DINING_LODGING_EXPENDITURE","15,000-19,999 元",94,0.0180283851169927
2014,"EXP_DINING_LODGING_EXPENDITURE","2,000-2,999 元",543,0.104142692750288
2014,"EXP_DINING_LODGING_EXPENDITURE","20,000-29,999 元",53,0.0101649405446874
2014,"EXP_DINING_LODGING_EXPENDITURE","3,000-3,999 元",473,0.0907172995780591
2014,"EXP_DINING_LODGING_EXPENDITURE","30000",1,0.000191791331031837
2014,"EXP_DINING_LODGING_EXPENDITURE","33000",1,0.000191791331031837
2014,"EXP_DINING_LODGING_EXPENDITURE","35000",3,0.000575373993095512
2014,"EXP_DINING_LODGING_EXPENDITURE","36000",2,0.000383582662063675
2014,"EXP_DINING_LODGING_EXPENDITURE","37000",1,0.000191791331031837
2014,"EXP_DINING_LODGING_EXPENDITURE","4,000-4,999 元",267,0.0512082853855006
2014,"EXP_DINING_LODGING_EXPENDITURE","40000",1,0.000191791331031837
2014,"EXP_DINING_LODGING_EXPENDITURE","43000",1,0.000191791331031837
2014,"EXP_DINING_LODGING_EXPENDITURE","5,000-6,999 元",314,0.0602224779439969
2014,"EXP_DINING_LODGING_EXPENDITURE","7,000-9,999 元",194,0.0372075182201764
2014,"EXP_DINING_LODGING_EXPENDITURE","70000",1,0.000191791331031837
2014,"EXP_DINING_LODGING_EXPENDITURE","80000",1,0.000191791331031837
2014,"EXP_DINING_LODGING_EXPENDITURE","999 元及以下",328,0.0629075565784427
2014,"EXP_DINING_LODGING_EXPENDITURE","沒有這項支出",2221,0.425968546221711
2014,"EXP_DINING_LODGING_EXPENDITURE_VALUE_SOURCE","indicator_no_zero",2221,0.425968546221711
2014,"EXP_DINING_LODGING_EXPENDITURE_VALUE_SOURCE","open_amount",16,0.0030686612965094
2014,"EXP_DINING_LODGING_EXPENDITURE_VALUE_SOURCE","source_question",2977,0.57096279248178
2014,"EXP_EDU_TUITION_EXPENDITURE","1,000-1,999元",343,0.0657844265439202
2014,"EXP_EDU_TUITION_EXPENDITURE","10,000-14,999元",144,0.0276179516685846
2014,"EXP_EDU_TUITION_EXPENDITURE","15,000-19,999元",54,0.0103567318757192
2014,"EXP_EDU_TUITION_EXPENDITURE","2,000-2,999元",390,0.0747986191024166
2014,"EXP_EDU_TUITION_EXPENDITURE","20,000-29,999元",47,0.00901419255849636
2014,"EXP_EDU_TUITION_EXPENDITURE","3,000-3,999元",290,0.0556194859992328
2014,"EXP_EDU_TUITION_EXPENDITURE","30000",2,0.000383582662063675
2014,"EXP_EDU_TUITION_EXPENDITURE","35000",6,0.00115074798619102
2014,"EXP_EDU_TUITION_EXPENDITURE","4,000-4,999元",193,0.0370157268891446
2014,"EXP_EDU_TUITION_EXPENDITURE","40000",2,0.000383582662063675
2014,"EXP_EDU_TUITION_EXPENDITURE","5,000-6,999元",257,0.0492903720751822
2014,"EXP_EDU_TUITION_EXPENDITURE","50000",1,0.000191791331031837
2014,"EXP_EDU_TUITION_EXPENDITURE","55000",1,0.000191791331031837
2014,"EXP_EDU_TUITION_EXPENDITURE","7,000-9,999元",174,0.0333716915995397
2014,"EXP_EDU_TUITION_EXPENDITURE","80000",1,0.000191791331031837
2014,"EXP_EDU_TUITION_EXPENDITURE","999元及以下",256,0.0490985807441504
2014,"EXP_EDU_TUITION_EXPENDITURE","沒有這項支出",3053,0.585538933640199
2014,"EXP_EDU_TUITION_EXPENDITURE_VALUE_SOURCE","indicator_no_zero",3053,0.585538933640199
2014,"EXP_EDU_TUITION_EXPENDITURE_VALUE_SOURCE","open_amount",13,0.00249328730341389
2014,"EXP_EDU_TUITION_EXPENDITURE_VALUE_SOURCE","source_question",2148,0.411967779056387
2014,"EXP_FOOD_EXPENDITURE","10,000-11,999 元",863,0.165674793626416
2014,"EXP_FOOD_EXPENDITURE","12,000-14,999 元",461,0.088500671913995
2014,"EXP_FOOD_EXPENDITURE","15,000-19,999 元",460,0.0883086964868497
2014,"EXP_FOOD_EXPENDITURE","2,999 元及以下",663,0.127279708197351
2014,"EXP_FOOD_EXPENDITURE","20,000-29,999 元",277,0.0531771933192551
2014,"EXP_FOOD_EXPENDITURE","3,000-4,999 元",774,0.148588980610482
2014,"EXP_FOOD_EXPENDITURE","30,000-39,999 元",59,0.0113265502015742
2014,"EXP_FOOD_EXPENDITURE","40,000-49,999 元",8,0.0015358034171626
2014,"EXP_FOOD_EXPENDITURE","5,000-6,999 元",944,0.181224803225187
2014,"EXP_FOOD_EXPENDITURE","50,000-59,999 元",1,0.000191975427145325
2014,"EXP_FOOD_EXPENDITURE","7,000-9,999 元",697,0.133806872720292
2014,"EXP_FOOD_EXPENDITURE","70,000 元及以上，請記錄______________元",2,0.000383950854290651
2014,"EXP_FOOD_EXPENDITURE_VALUE_SOURCE","source_question",5214,1
2014,"EXP_FURNITURE_EXPENDITURE","1,000-1,999元",552,0.105868814729574
2014,"EXP_FURNITURE_EXPENDITURE","10,000-14,999元",32,0.0061373225930188
2014,"EXP_FURNITURE_EXPENDITURE","100000",1,0.000191791331031837
2014,"EXP_FURNITURE_EXPENDITURE","15,000-19,999元",12,0.00230149597238205
2014,"EXP_FURNITURE_EXPENDITURE","2,000-2,999元",332,0.06367472190257
2014,"EXP_FURNITURE_EXPENDITURE","20,000-29,999元",13,0.00249328730341389
2014,"EXP_FURNITURE_EXPENDITURE","3,000-3,999元",115,0.0220560030686613
2014,"EXP_FURNITURE_EXPENDITURE","30000",1,0.000191791331031837
2014,"EXP_FURNITURE_EXPENDITURE","3333",1,0.000191791331031837
2014,"EXP_FURNITURE_EXPENDITURE","35000",2,0.000383582662063675
2014,"EXP_FURNITURE_EXPENDITURE","4,000-4,999元",105,0.0201380897583429
2014,"EXP_FURNITURE_EXPENDITURE","40000",2,0.000383582662063675
2014,"EXP_FURNITURE_EXPENDITURE","5,000-6,999元",46,0.00882240122746452
2014,"EXP_FURNITURE_EXPENDITURE","50000",2,0.000383582662063675
2014,"EXP_FURNITURE_EXPENDITURE","60000",1,0.000191791331031837
2014,"EXP_FURNITURE_EXPENDITURE","7,000-9,999元",24,0.0046029919447641
2014,"EXP_FURNITURE_EXPENDITURE","80000",1,0.000191791331031837
2014,"EXP_FURNITURE_EXPENDITURE","999元及以下",801,0.153624856156502
2014,"EXP_FURNITURE_EXPENDITURE","沒有這項支出",3171,0.608170310701956
2014,"EXP_FURNITURE_EXPENDITURE_VALUE_SOURCE","indicator_no_zero",3171,0.608170310701956
2014,"EXP_FURNITURE_EXPENDITURE_VALUE_SOURCE","open_amount",11,0.00210970464135021
2014,"EXP_FURNITURE_EXPENDITURE_VALUE_SOURCE","source_question",2032,0.389719984656693
2014,"EXP_HOUSING_UTIL_EXPENDITURE","1,000-1,499 元",717,0.137514384349827
2014,"EXP_HOUSING_UTIL_EXPENDITURE","1,500-1,999 元",715,0.137130801687764
2014,"EXP_HOUSING_UTIL_EXPENDITURE","10,000-14,999 元",409,0.0784426543920215
2014,"EXP_HOUSING_UTIL_EXPENDITURE","15,000-19,999 元",200,0.0383582662063675
2014,"EXP_HOUSING_UTIL_EXPENDITURE","2,000-2,499 元",628,0.120444955887994
2014,"EXP_HOUSING_UTIL_EXPENDITURE","2,500-2,999 元",621,0.119102416570771
2014,"EXP_HOUSING_UTIL_EXPENDITURE","20,000-29,999 元",92,0.017644802454929
2014,"EXP_HOUSING_UTIL_EXPENDITURE","3,000-4,999 元",776,0.148830072880706
2014,"EXP_HOUSING_UTIL_EXPENDITURE","30,000-39,999 元",18,0.00345224395857307
2014,"EXP_HOUSING_UTIL_EXPENDITURE","40,000-49,999 元",8,0.0015343306482547
2014,"EXP_HOUSING_UTIL_EXPENDITURE","5,000-9,999 元",610,0.116992711929421
2014,"EXP_HOUSING_UTIL_EXPENDITURE","50,000-59,999 元",2,0.000383582662063675
2014,"EXP_HOUSING_UTIL_EXPENDITURE","60,000-69,999 元",3,0.000575373993095512
2014,"EXP_HOUSING_UTIL_EXPENDITURE","70,000 元及以上，請記錄____________元",3,0.000575373993095512
2014,"EXP_HOUSING_UTIL_EXPENDITURE","999 元及以下",375,0.071921749136939
2014,"EXP_HOUSING_UTIL_EXPENDITURE","沒有這項支出",37,0.00709627924817798
2014,"EXP_HOUSING_UTIL_EXPENDITURE_VALUE_SOURCE","source_question",5214,1
2014,"EXP_LOAN_INTEREST_EXPENDITURE","1,000-1,999元",77,0.0147679324894515
2014,"EXP_LOAN_INTEREST_EXPENDITURE","10,000-14,999元",245,0.0469888761028002
2014,"EXP_LOAN_INTEREST_EXPENDITURE","15,000-19,999元",131,0.0251246643651707
2014,"EXP_LOAN_INTEREST_EXPENDITURE","2,000-2,999元",81,0.0155350978135788
2014,"EXP_LOAN_INTEREST_EXPENDITURE","20,000-29,999元",130,0.0249328730341389
2014,"EXP_LOAN_INTEREST_EXPENDITURE","3,000-3,999元",109,0.0209052550824703
2014,"EXP_LOAN_INTEREST_EXPENDITURE","30000",55,0.0105485232067511
2014,"EXP_LOAN_INTEREST_EXPENDITURE","4,000-4,999元",73,0.0140007671653241
2014,"EXP_LOAN_INTEREST_EXPENDITURE","5,000-6,999元",173,0.0331799002685079
2014,"EXP_LOAN_INTEREST_EXPENDITURE","7,000-9,999元",165,0.0316455696202532
2014,"EXP_LOAN_INTEREST_EXPENDITURE","999元及以下",50,0.00958956655159187
2014,"EXP_LOAN_INTEREST_EXPENDITURE","沒有這項支出",3925,0.752780974299962
2014,"EXP_LOAN_INTEREST_EXPENDITURE_VALUE_SOURCE","indicator_no_zero",3925,0.752780974299962
2014,"EXP_LOAN_INTEREST_EXPENDITURE_VALUE_SOURCE","open_amount",55,0.0105485232067511
2014,"EXP_LOAN_INTEREST_EXPENDITURE_VALUE_SOURCE","source_question",1234,0.236670502493287
2014,"EXP_MEDICAL_EXPENDITURE","1,000-1,999 元",832,0.159570387418489
2014,"EXP_MEDICAL_EXPENDITURE","10,000-14,999 元",103,0.0197545070962792
2014,"EXP_MEDICAL_EXPENDITURE","15,000-19,999 元",23,0.00441120061373226
2014,"EXP_MEDICAL_EXPENDITURE","2,000-2,999 元",538,0.103183736095129
2014,"EXP_MEDICAL_EXPENDITURE","20,000-29,999 元",32,0.0061373225930188
2014,"EXP_MEDICAL_EXPENDITURE","3,000-3,999 元",295,0.056578442654392
2014,"EXP_MEDICAL_EXPENDITURE","30,000 元及以上，請記錄________元",6,0.00115074798619102
2014,"EXP_MEDICAL_EXPENDITURE","4,000-4,999 元",143,0.0274261603375527
2014,"EXP_MEDICAL_EXPENDITURE","499 元及以下",1275,0.244533947065593
2014,"EXP_MEDICAL_EXPENDITURE","5,000-6,999 元",166,0.031837360951285
2014,"EXP_MEDICAL_EXPENDITURE","500-999 元",1124,0.215573456079785
2014,"EXP_MEDICAL_EXPENDITURE","7,000-9,999 元",109,0.0209052550824703
2014,"EXP_MEDICAL_EXPENDITURE","沒有這項支出",568,0.108937476026084
2014,"EXP_MEDICAL_EXPENDITURE_VALUE_SOURCE","source_question",5214,1
2014,"EXP_OTHER_EXPENDITURE","1,000-1,999元",1285,0.246451860375911
2014,"EXP_OTHER_EXPENDITURE","10,000-14,999元",35,0.00671269658611431
2014,"EXP_OTHER_EXPENDITURE","15,000-19,999元",9,0.00172612197928654
2014,"EXP_OTHER_EXPENDITURE","2,000-2,999元",929,0.178174146528577
2014,"EXP_OTHER_EXPENDITURE","20,000-29,999元",12,0.00230149597238205
2014,"EXP_OTHER_EXPENDITURE","3,000-3,999元",458,0.0878404296125815
2014,"EXP_OTHER_EXPENDITURE","30000",2,0.000383582662063675
2014,"EXP_OTHER_EXPENDITURE","35000",1,0.000191791331031837
2014,"EXP_OTHER_EXPENDITURE","4,000-4,999元",182,0.0349060222477944
2014,"EXP_OTHER_EXPENDITURE","5,000-6,999元",108,0.0207134637514384
2014,"EXP_OTHER_EXPENDITURE","50000",2,0.000383582662063675
2014,"EXP_OTHER_EXPENDITURE","7,000-9,999元",44,0.00843881856540084
2014,"EXP_OTHER_EXPENDITURE","999元及以下",1277,0.244917529727656
2014,"EXP_OTHER_EXPENDITURE","沒有這項支出",870,0.166858457997698
2014,"EXP_OTHER_EXPENDITURE_VALUE_SOURCE","indicator_no_zero",870,0.166858457997698
2014,"EXP_OTHER_EXPENDITURE_VALUE_SOURCE","open_amount",5,0.000958956655159187
2014,"EXP_OTHER_EXPENDITURE_VALUE_SOURCE","source_question",4339,0.832182585347142
2014,"EXP_TAX_INS_GIFT_EXPENDITURE","1,000-1,499 元",771,0.147871116225547
2014,"EXP_TAX_INS_GIFT_EXPENDITURE","1,500-1,999 元",550,0.105485232067511
2014,"EXP_TAX_INS_GIFT_EXPENDITURE","10,000-14,999 元",149,0.0285769083237438
2014,"EXP_TAX_INS_GIFT_EXPENDITURE","15,000-19,999 元",26,0.00498657460682777
2014,"EXP_TAX_INS_GIFT_EXPENDITURE","2,000-2,499 元",658,0.126198695818949
2014,"EXP_TAX_INS_GIFT_EXPENDITURE","2,500-2,999 元",530,0.101649405446874
2014,"EXP_TAX_INS_GIFT_EXPENDITURE","20,000-29,999 元",37,0.00709627924817798
2014,"EXP_TAX_INS_GIFT_EXPENDITURE","3,000-3,999 元",568,0.108937476026084
2014,"EXP_TAX_INS_GIFT_EXPENDITURE","30,000 元及以上，請記錄________元",40,0.00767165324127349
2014,"EXP_TAX_INS_GIFT_EXPENDITURE","4,000-4,999 元",387,0.0742232451093211
2014,"EXP_TAX_INS_GIFT_EXPENDITURE","5,000-6,999 元",461,0.088415803605677
2014,"EXP_TAX_INS_GIFT_EXPENDITURE","7,000-9,999 元",198,0.0379746835443038
2014,"EXP_TAX_INS_GIFT_EXPENDITURE","999 元及以下",521,0.0999232834675873
2014,"EXP_TAX_INS_GIFT_EXPENDITURE","沒有這項支出",318,0.0609896432681243
2014,"EXP_TAX_INS_GIFT_EXPENDITURE_VALUE_SOURCE","source_question",5214,1
2014,"EXP_TRANSPORT_COMM_EXPENDITURE","1,000-1,999 元",818,0.156885308784043
2014,"EXP_TRANSPORT_COMM_EXPENDITURE","10,000-14,999 元",358,0.0686612965093978
2014,"EXP_TRANSPORT_COMM_EXPENDITURE","15,000-19,999 元",97,0.0186037591100882
2014,"EXP_TRANSPORT_COMM_EXPENDITURE","2,000-2,999 元",799,0.153241273494438
2014,"EXP_TRANSPORT_COMM_EXPENDITURE","20,000-29,999 元",54,0.0103567318757192
2014,"EXP_TRANSPORT_COMM_EXPENDITURE","3,000-3,999 元",888,0.170310701956272
2014,"EXP_TRANSPORT_COMM_EXPENDITURE","30,000 元及以上，請記錄________元",15,0.00287686996547756
2014,"EXP_TRANSPORT_COMM_EXPENDITURE","4,000-4,999 元",663,0.127157652474108
2014,"EXP_TRANSPORT_COMM_EXPENDITURE","5,000-6,999 元",654,0.125431530494822
2014,"EXP_TRANSPORT_COMM_EXPENDITURE","7,000-9,999 元",387,0.0742232451093211
2014,"EXP_TRANSPORT_COMM_EXPENDITURE","999 元及以下",443,0.0849635596471039
2014,"EXP_TRANSPORT_COMM_EXPENDITURE","沒有這項支出",38,0.00728807057920982
2014,"EXP_TRANSPORT_COMM_EXPENDITURE_VALUE_SOURCE","source_question",5214,1
2014,"EXP_TRAVEL_EXPENDITURE","1,000-1,999元",345,0.0661680092059839
2014,"EXP_TRAVEL_EXPENDITURE","10,000-14,999元",40,0.00767165324127349
2014,"EXP_TRAVEL_EXPENDITURE","15,000-19,999元",11,0.00210970464135021
2014,"EXP_TRAVEL_EXPENDITURE","2,000-2,999元",308,0.0590717299578059
2014,"EXP_TRAVEL_EXPENDITURE","20,000-29,999元",15,0.00287686996547756
2014,"EXP_TRAVEL_EXPENDITURE","3,000-3,999元",170,0.0326045262754124
2014,"EXP_TRAVEL_EXPENDITURE","30000",2,0.000383582662063675
2014,"EXP_TRAVEL_EXPENDITURE","35000",2,0.000383582662063675
2014,"EXP_TRAVEL_EXPENDITURE","4,000-4,999元",105,0.0201380897583429
2014,"EXP_TRAVEL_EXPENDITURE","5,000-6,999元",92,0.017644802454929
2014,"EXP_TRAVEL_EXPENDITURE","50000",4,0.000767165324127349
2014,"EXP_TRAVEL_EXPENDITURE","52000",1,0.000191791331031837
2014,"EXP_TRAVEL_EXPENDITURE","60000",1,0.000191791331031837
2014,"EXP_TRAVEL_EXPENDITURE","7,000-9,999元",34,0.00652090525508247
2014,"EXP_TRAVEL_EXPENDITURE","75000",2,0.000383582662063675
2014,"EXP_TRAVEL_EXPENDITURE","999元及以下",231,0.0443037974683544
2014,"EXP_TRAVEL_EXPENDITURE","沒有這項支出",3851,0.738588415803606
2014,"EXP_TRAVEL_EXPENDITURE_VALUE_SOURCE","indicator_no_zero",3851,0.738588415803606
2014,"EXP_TRAVEL_EXPENDITURE_VALUE_SOURCE","open_amount",12,0.00230149597238205
2014,"EXP_TRAVEL_EXPENDITURE_VALUE_SOURCE","source_question",1351,0.259110088224012
2014,"GEOGRAPHY_KEY","南投縣::仁愛鄉",100,0.0191791331031837
2014,"GEOGRAPHY_KEY","南投縣::信義鄉",69,0.0132336018411968
2014,"GEOGRAPHY_KEY","南投縣::南投市",45,0.00863060989643268
2014,"GEOGRAPHY_KEY","南投縣::埔里鎮",24,0.0046029919447641
2014,"GEOGRAPHY_KEY","南投縣::魚池鄉",25,0.00479478327579593
2014,"GEOGRAPHY_KEY","嘉義市::東區",38,0.00728807057920982
2014,"GEOGRAPHY_KEY","嘉義市::西區",26,0.00498657460682777
2014,"GEOGRAPHY_KEY","嘉義縣::民雄鄉",25,0.00479478327579593
2014,"GEOGRAPHY_KEY","嘉義縣::水上鄉",1,0.000191791331031837
2014,"GEOGRAPHY_KEY","嘉義縣::番路鄉",2,0.000383582662063675
2014,"GEOGRAPHY_KEY","嘉義縣::阿里山鄉",31,0.00594553126198696
2014,"GEOGRAPHY_KEY","基隆市::七堵區",8,0.0015343306482547
2014,"GEOGRAPHY_KEY","基隆市::中正區",39,0.00747986191024166
2014,"GEOGRAPHY_KEY","基隆市::信義區",16,0.0030686612965094
2014,"GEOGRAPHY_KEY","基隆市::安樂區",34,0.00652090525508247
2014,"GEOGRAPHY_KEY","宜蘭縣::南澳鄉",5,0.000958956655159187
2014,"GEOGRAPHY_KEY","宜蘭縣::大同鄉",9,0.00172612197928654
2014,"GEOGRAPHY_KEY","宜蘭縣::宜蘭市",3,0.000575373993095512
2014,"GEOGRAPHY_KEY","宜蘭縣::羅東鎮",8,0.0015343306482547
2014,"GEOGRAPHY_KEY","屏東縣::三地門鄉",61,0.0116992711929421
2014,"GEOGRAPHY_KEY","屏東縣::來義鄉",72,0.0138089758342923
2014,"GEOGRAPHY_KEY","屏東縣::內埔鄉",39,0.00747986191024166
2014,"GEOGRAPHY_KEY","屏東縣::屏東市",71,0.0136171845032605
2014,"GEOGRAPHY_KEY","屏東縣::春日鄉",28,0.00537015726889145
2014,"GEOGRAPHY_KEY","屏東縣::枋寮鄉",2,0.000383582662063675
2014,"GEOGRAPHY_KEY","屏東縣::泰武鄉",35,0.00671269658611431
2014,"GEOGRAPHY_KEY","屏東縣::滿州鄉",29,0.00556194859992328
2014,"GEOGRAPHY_KEY","屏東縣::潮州鎮",19,0.00364403528960491
2014,"GEOGRAPHY_KEY","屏東縣::牡丹鄉",49,0.00939777522056003
2014,"GEOGRAPHY_KEY","屏東縣::獅子鄉",34,0.00652090525508247
2014,"GEOGRAPHY_KEY","屏東縣::瑪家鄉",65,0.0124664365170694
2014,"GEOGRAPHY_KEY","屏東縣::萬丹鄉",2,0.000383582662063675
2014,"GEOGRAPHY_KEY","屏東縣::萬巒鄉",19,0.00364403528960491
2014,"GEOGRAPHY_KEY","屏東縣::霧臺鄉",22,0.00421940928270042
2014,"GEOGRAPHY_KEY","彰化縣::彰化市",58,0.0111238971998466
2014,"GEOGRAPHY_KEY","彰化縣::花壇鄉",8,0.0015343306482547
2014,"GEOGRAPHY_KEY","新北市::三峽區",24,0.0046029919447641
2014,"GEOGRAPHY_KEY","新北市::三重區",27,0.00517836593785961
2014,"GEOGRAPHY_KEY","新北市::中和區",23,0.00441120061373226
2014,"GEOGRAPHY_KEY","新北市::五股區",3,0.000575373993095512
2014,"GEOGRAPHY_KEY","新北市::八里區",26,0.00498657460682777
2014,"GEOGRAPHY_KEY","新北市::土城區",38,0.00728807057920982
2014,"GEOGRAPHY_KEY","新北市::新店區",66,0.0126582278481013
2014,"GEOGRAPHY_KEY","新北市::新莊區",87,0.0166858457997698
2014,"GEOGRAPHY_KEY","新北市::板橋區",9,0.00172612197928654
2014,"GEOGRAPHY_KEY","新北市::林口區",37,0.00709627924817798
2014,"GEOGRAPHY_KEY","新北市::樹林區",70,0.0134253931722286
2014,"GEOGRAPHY_KEY","新北市::永和區",15,0.00287686996547756
2014,"GEOGRAPHY_KEY","新北市::汐止區",72,0.0138089758342923
2014,"GEOGRAPHY_KEY","新北市::泰山區",2,0.000383582662063675
2014,"GEOGRAPHY_KEY","新北市::淡水區",3,0.000575373993095512
2014,"GEOGRAPHY_KEY","新北市::烏來區",30,0.00575373993095512
2014,"GEOGRAPHY_KEY","新北市::瑞芳區",23,0.00441120061373226
2014,"GEOGRAPHY_KEY","新北市::蘆洲區",55,0.0105485232067511
2014,"GEOGRAPHY_KEY","新北市::鶯歌區",14,0.00268507863444572
2014,"GEOGRAPHY_KEY","新竹市::北區",28,0.00537015726889145
2014,"GEOGRAPHY_KEY","新竹市::東區",35,0.00671269658611431
2014,"GEOGRAPHY_KEY","新竹縣::五峰鄉",41,0.00786344457230533
2014,"GEOGRAPHY_KEY","新竹縣::尖石鄉",53,0.0101649405446874
2014,"GEOGRAPHY_KEY","新竹縣::橫山鄉",2,0.000383582662063675
2014,"GEOGRAPHY_KEY","新竹縣::湖口鄉",6,0.00115074798619102
2014,"GEOGRAPHY_KEY","新竹縣::竹北市",15,0.00287686996547756
2014,"GEOGRAPHY_KEY","新竹縣::竹東鎮",31,0.00594553126198696
2014,"GEOGRAPHY_KEY","新竹縣::關西鎮",8,0.0015343306482547
2014,"GEOGRAPHY_KEY","桃園市::中壢市",25,0.00479478327579593
2014,"GEOGRAPHY_KEY","桃園市::八德市",28,0.00537015726889145
2014,"GEOGRAPHY_KEY","桃園市::大溪鎮",31,0.00594553126198696
2014,"GEOGRAPHY_KEY","桃園市::平鎮市",62,0.0118910625239739
2014,"GEOGRAPHY_KEY","桃園市::復興鄉",46,0.00882240122746452
2014,"GEOGRAPHY_KEY","桃園市::桃園市",34,0.00652090525508247
2014,"GEOGRAPHY_KEY","桃園市::楊梅鎮",62,0.0118910625239739
2014,"GEOGRAPHY_KEY","桃園市::蘆竹鄉",36,0.00690448791714614
2014,"GEOGRAPHY_KEY","桃園市::觀音鄉",15,0.00287686996547756
2014,"GEOGRAPHY_KEY","桃園市::龍潭鄉",71,0.0136171845032605
2014,"GEOGRAPHY_KEY","桃園市::龜山鄉",82,0.0157268891446107
2014,"GEOGRAPHY_KEY","澎湖縣::馬公市",50,0.00958956655159187
2014,"GEOGRAPHY_KEY","臺中市::北屯區",45,0.00863060989643268
2014,"GEOGRAPHY_KEY","臺中市::南區",22,0.00421940928270042
2014,"GEOGRAPHY_KEY","臺中市::南屯區",40,0.00767165324127349
2014,"GEOGRAPHY_KEY","臺中市::和平區",33,0.00632911392405063
2014,"GEOGRAPHY_KEY","臺中市::大里區",2,0.000383582662063675
2014,"GEOGRAPHY_KEY","臺中市::大雅區",52,0.00997314921365554
2014,"GEOGRAPHY_KEY","臺中市::太平區",43,0.00824702723436901
2014,"GEOGRAPHY_KEY","臺中市::梧棲區",8,0.0015343306482547
2014,"GEOGRAPHY_KEY","臺中市::沙鹿區",2,0.000383582662063675
2014,"GEOGRAPHY_KEY","臺中市::潭子區",14,0.00268507863444572
2014,"GEOGRAPHY_KEY","臺中市::西區",14,0.00268507863444572
2014,"GEOGRAPHY_KEY","臺中市::西屯區",13,0.00249328730341389
2014,"GEOGRAPHY_KEY","臺中市::豐原區",7,0.00134253931722286
2014,"GEOGRAPHY_KEY","臺中市::龍井區",40,0.00767165324127349
2014,"GEOGRAPHY_KEY","臺北市::中山區",8,0.0015343306482547
2014,"GEOGRAPHY_KEY","臺北市::中正區",5,0.000958956655159187
2014,"GEOGRAPHY_KEY","臺北市::信義區",5,0.000958956655159187
2014,"GEOGRAPHY_KEY","臺北市::內湖區",15,0.00287686996547756
2014,"GEOGRAPHY_KEY","臺北市::北投區",4,0.000767165324127349
2014,"GEOGRAPHY_KEY","臺北市::士林區",37,0.00709627924817798
2014,"GEOGRAPHY_KEY","臺北市::大同區",33,0.00632911392405063
2014,"GEOGRAPHY_KEY","臺北市::文山區",22,0.00421940928270042
2014,"GEOGRAPHY_KEY","臺北市::松山區",16,0.0030686612965094
2014,"GEOGRAPHY_KEY","臺北市::萬華區",43,0.00824702723436901
2014,"GEOGRAPHY_KEY","臺南市::中西區",13,0.00249328730341389
2014,"GEOGRAPHY_KEY","臺南市::南區",31,0.00594553126198696
2014,"GEOGRAPHY_KEY","臺南市::安定區",2,0.000383582662063675
2014,"GEOGRAPHY_KEY","臺南市::新營區",3,0.000575373993095512
2014,"GEOGRAPHY_KEY","臺南市::東區",19,0.00364403528960491
2014,"GEOGRAPHY_KEY","臺南市::永康區",31,0.00594553126198696
2014,"GEOGRAPHY_KEY","臺東縣::卑南鄉",64,0.0122746451860376
2014,"GEOGRAPHY_KEY","臺東縣::大武鄉",40,0.00767165324127349
2014,"GEOGRAPHY_KEY","臺東縣::太麻里鄉",54,0.0103567318757192
2014,"GEOGRAPHY_KEY","臺東縣::延平鄉",27,0.00517836593785961
2014,"GEOGRAPHY_KEY","臺東縣::成功鎮",73,0.0140007671653241
2014,"GEOGRAPHY_KEY","臺東縣::東河鄉",39,0.00747986191024166
2014,"GEOGRAPHY_KEY","臺東縣::池上鄉",33,0.00632911392405063
2014,"GEOGRAPHY_KEY","臺東縣::海端鄉",30,0.00575373993095512
2014,"GEOGRAPHY_KEY","臺東縣::綠島鄉",4,0.000767165324127349
2014,"GEOGRAPHY_KEY","臺東縣::臺東市",162,0.0310701956271577
2014,"GEOGRAPHY_KEY","臺東縣::蘭嶼鄉",11,0.00210970464135021
2014,"GEOGRAPHY_KEY","臺東縣::達仁鄉",52,0.00997314921365554
2014,"GEOGRAPHY_KEY","臺東縣::金峰鄉",28,0.00537015726889145
2014,"GEOGRAPHY_KEY","臺東縣::長濱鄉",38,0.00728807057920982
2014,"GEOGRAPHY_KEY","臺東縣::關山鎮",26,0.00498657460682777
2014,"GEOGRAPHY_KEY","臺東縣::鹿野鄉",34,0.00652090525508247
2014,"GEOGRAPHY_KEY","花蓮縣::光復鄉",64,0.0122746451860376
2014,"GEOGRAPHY_KEY","花蓮縣::卓溪鄉",40,0.00767165324127349
2014,"GEOGRAPHY_KEY","花蓮縣::吉安鄉",147,0.0281933256616801
2014,"GEOGRAPHY_KEY","花蓮縣::壽豐鄉",60,0.0115074798619102
2014,"GEOGRAPHY_KEY","花蓮縣::富里鄉",18,0.00345224395857307
2014,"GEOGRAPHY_KEY","花蓮縣::新城鄉",56,0.0107403145377829
2014,"GEOGRAPHY_KEY","花蓮縣::玉里鎮",57,0.0109321058688147
2014,"GEOGRAPHY_KEY","花蓮縣::瑞穗鄉",49,0.00939777522056003
2014,"GEOGRAPHY_KEY","花蓮縣::秀林鄉",113,0.0216724204065976
2014,"GEOGRAPHY_KEY","花蓮縣::花蓮市",122,0.0233985423858842
2014,"GEOGRAPHY_KEY","花蓮縣::萬榮鄉",43,0.00824702723436901
2014,"GEOGRAPHY_KEY","花蓮縣::豐濱鄉",36,0.00690448791714614
2014,"GEOGRAPHY_KEY","花蓮縣::鳳林鎮",22,0.00421940928270042
2014,"GEOGRAPHY_KEY","苗栗縣::南庄鄉",9,0.00172612197928654
2014,"GEOGRAPHY_KEY","苗栗縣::泰安鄉",53,0.0101649405446874
2014,"GEOGRAPHY_KEY","苗栗縣::獅潭鄉",1,0.000191791331031837
2014,"GEOGRAPHY_KEY","苗栗縣::竹南鎮",19,0.00364403528960491
2014,"GEOGRAPHY_KEY","苗栗縣::苗栗市",5,0.000958956655159187
2014,"GEOGRAPHY_KEY","苗栗縣::通霄鎮",8,0.0015343306482547
2014,"GEOGRAPHY_KEY","苗栗縣::頭份鎮",24,0.0046029919447641
2014,"GEOGRAPHY_KEY","雲林縣::斗六市",40,0.00767165324127349
2014,"GEOGRAPHY_KEY","雲林縣::虎尾鎮",11,0.00210970464135021
2014,"GEOGRAPHY_KEY","雲林縣::麥寮鄉",1,0.000191791331031837
2014,"GEOGRAPHY_KEY","高雄市::前鎮區",25,0.00479478327579593
2014,"GEOGRAPHY_KEY","高雄市::大寮區",40,0.00767165324127349
2014,"GEOGRAPHY_KEY","高雄市::大樹區",12,0.00230149597238205
2014,"GEOGRAPHY_KEY","高雄市::小港區",59,0.0113156885308784
2014,"GEOGRAPHY_KEY","高雄市::岡山區",30,0.00575373993095512
2014,"GEOGRAPHY_KEY","高雄市::左營區",32,0.0061373225930188
2014,"GEOGRAPHY_KEY","高雄市::桃源區",28,0.00537015726889145
2014,"GEOGRAPHY_KEY","高雄市::楠梓區",12,0.00230149597238205
2014,"GEOGRAPHY_KEY","高雄市::苓雅區",29,0.00556194859992328
2014,"GEOGRAPHY_KEY","高雄市::茂林區",17,0.00326045262754124
2014,"GEOGRAPHY_KEY","高雄市::那瑪夏區",19,0.00364403528960491
2014,"GEOGRAPHY_KEY","高雄市::鳳山區",58,0.0111238971998466
2014,"GEOGRAPHY_KEY","高雄市::鼓山區",12,0.00230149597238205
2014,"GEOGRAPHY_LEVEL","township",5214,1
2014,"HAS_INDI_55PLUS","FALSE",2647,0.507671653241274
2014,"HAS_INDI_55PLUS","TRUE",2567,0.492328346758726
2014,"HAS_INDI_65PLUS","FALSE",3845,0.737437667817415
2014,"HAS_INDI_65PLUS","TRUE",1369,0.262562332182585
2014,"HOUSE_BELONG","借用",159,0.0304948216340621
2014,"HOUSE_BELONG","其他",2,0.000383582662063675
2014,"HOUSE_BELONG","租賃",1240,0.237821250479478
2014,"HOUSE_BELONG","自有/家人所有/自建",3789,0.726697353279632
2014,"HOUSE_BELONG","配住",24,0.0046029919447641
2014,"INC_FAM_ANALYSIS_ELIGIBILITY_REASON","I1有其他家人固定收入；I3-I8有詢問",3345,0.641542002301496
2014,"INC_FAM_ANALYSIS_ELIGIBILITY_REASON","I1沒有其他家人固定收入；問卷跳答I9",1869,0.358457997698504
2014,"INC_FAM_ANALYSIS_ELIGIBLE","FALSE",1869,0.358457997698504
2014,"INC_FAM_ANALYSIS_ELIGIBLE","TRUE",3345,0.641542002301496
2014,"INC_FAM_GOV_INCOME","1,000-1,999 元",32,0.00956651718983558
2014,"INC_FAM_GOV_INCOME","10,000-14,999 元",230,0.0687593423019432
2014,"INC_FAM_GOV_INCOME","15,000-19,999 元",55,0.0164424514200299
2014,"INC_FAM_GOV_INCOME","2,000-2,999 元",35,0.0104633781763827
2014,"INC_FAM_GOV_INCOME","20,000-29,999 元",24,0.00717488789237668
2014,"INC_FAM_GOV_INCOME","3,000-3,999 元",468,0.139910313901345
2014,"INC_FAM_GOV_INCOME","30,000 元及以上，請記錄________元",6,0.00179372197309417
2014,"INC_FAM_GOV_INCOME","4,000-4,999 元",89,0.0266068759342302
2014,"INC_FAM_GOV_INCOME","5,000-5,999 元",45,0.0134529147982063
2014,"INC_FAM_GOV_INCOME","6,000-7,999 元",347,0.10373692077728
2014,"INC_FAM_GOV_INCOME","8,000-9,999 元",46,0.0137518684603886
2014,"INC_FAM_GOV_INCOME","999 元及以下",13,0.0038863976083707
2014,"INC_FAM_GOV_INCOME","沒有這項收入",1955,0.584454409566517
2014,"INC_FAM_GOV_INCOME_VALUE_SOURCE","missing",1869,0.358457997698504
2014,"INC_FAM_GOV_INCOME_VALUE_SOURCE","source_question",3345,0.641542002301496
2014,"INC_FAM_INTEREST_INCOME","1,000-1,999 元",87,0.0260089686098655
2014,"INC_FAM_INTEREST_INCOME","10,000-14,999 元",23,0.00687593423019432
2014,"INC_FAM_INTEREST_INCOME","2,000-2,999 元",41,0.0122571001494768
2014,"INC_FAM_INTEREST_INCOME","20,000-29,999 元",5,0.00149476831091181
2014,"INC_FAM_INTEREST_INCOME","3,000-3,999 元",12,0.00358744394618834
2014,"INC_FAM_INTEREST_INCOME","30,000 元及以上，請記錄________元",3,0.000896860986547085
2014,"INC_FAM_INTEREST_INCOME","4,000-4,999 元",16,0.00478325859491779
2014,"INC_FAM_INTEREST_INCOME","5,000-5,999 元",10,0.00298953662182362
2014,"INC_FAM_INTEREST_INCOME","6,000-7,999 元",6,0.00179372197309417
2014,"INC_FAM_INTEREST_INCOME","8,000-9,999 元",8,0.00239162929745889
2014,"INC_FAM_INTEREST_INCOME","999 元及以下",199,0.05949177877429
2014,"INC_FAM_INTEREST_INCOME","沒有這項收入",2935,0.877428998505232
2014,"INC_FAM_INTEREST_INCOME_VALUE_SOURCE","missing",1869,0.358457997698504
2014,"INC_FAM_INTEREST_INCOME_VALUE_SOURCE","source_question",3345,0.641542002301496
2014,"INC_FAM_OTHER_INCOME","10,000-14,999元",5,0.00149476831091181
2014,"INC_FAM_OTHER_INCOME","15,000-19,999元",4,0.00119581464872945
2014,"INC_FAM_OTHER_INCOME","20,000-24,999元",1,0.000298953662182362
2014,"INC_FAM_OTHER_INCOME","25,000-29,999元",2,0.000597907324364724
2014,"INC_FAM_OTHER_INCOME","30,000-39,999元",1,0.000298953662182362
2014,"INC_FAM_OTHER_INCOME","4,999元及以下",73,0.0218236173393124
2014,"INC_FAM_OTHER_INCOME","5,000-9,999元",16,0.00478325859491779
2014,"INC_FAM_OTHER_INCOME","50,000-59,999元",13,0.0038863976083707
2014,"INC_FAM_OTHER_INCOME","沒有這項收入",3230,0.965620328849028
2014,"INC_FAM_OTHER_INCOME_VALUE_SOURCE","missing",1869,0.358457997698504
2014,"INC_FAM_OTHER_INCOME_VALUE_SOURCE","source_question",3345,0.641542002301496
2014,"INC_FAM_RENT_INCOME","10,000-14,999 元",4,0.00119581464872945
2014,"INC_FAM_RENT_INCOME","15,000-19,999 元",3,0.000896860986547085
2014,"INC_FAM_RENT_INCOME","30,000-39,999 元",1,0.000298953662182362
2014,"INC_FAM_RENT_INCOME","4,999 元及以下",13,0.0038863976083707
2014,"INC_FAM_RENT_INCOME","5,000-9,999 元",12,0.00358744394618834
2014,"INC_FAM_RENT_INCOME","50,000-59,999 元",23,0.00687593423019432
2014,"INC_FAM_RENT_INCOME","80,000 元及以上，請記錄_________________元",2,0.000597907324364724
2014,"INC_FAM_RENT_INCOME","沒有這項收入",3287,0.982660687593423
2014,"INC_FAM_RENT_INCOME_VALUE_SOURCE","missing",1869,0.358457997698504
2014,"INC_FAM_RENT_INCOME_VALUE_SOURCE","source_question",3345,0.641542002301496
2014,"INC_FAM_TRANSFER_INCOME","1,000-1,999 元",38,0.0113602391629297
2014,"INC_FAM_TRANSFER_INCOME","10,000-14,999 元",7,0.00209267563527653
2014,"INC_FAM_TRANSFER_INCOME","2,000-2,999 元",11,0.00328849028400598
2014,"INC_FAM_TRANSFER_INCOME","20,000-29,999 元",2,0.000597907324364724
2014,"INC_FAM_TRANSFER_INCOME","3,000-3,999 元",9,0.00269058295964126
2014,"INC_FAM_TRANSFER_INCOME","4,000-4,999 元",5,0.00149476831091181
2014,"INC_FAM_TRANSFER_INCOME","5,000-5,999 元",4,0.00119581464872945
2014,"INC_FAM_TRANSFER_INCOME","6,000-7,999 元",2,0.000597907324364724
2014,"INC_FAM_TRANSFER_INCOME","8,000-9,999 元",3,0.000896860986547085
2014,"INC_FAM_TRANSFER_INCOME","999 元及以下",70,0.0209267563527653
2014,"INC_FAM_TRANSFER_INCOME","沒有這項收入",3194,0.954857997010463
2014,"INC_FAM_TRANSFER_INCOME_VALUE_SOURCE","missing",1869,0.358457997698504
2014,"INC_FAM_TRANSFER_INCOME_VALUE_SOURCE","source_question",3345,0.641542002301496
2014,"INC_FAM_WORK_INCOME","10,000-19,999 元",112,0.0334828101644245
2014,"INC_FAM_WORK_INCOME","100,000-129,999元",281,0.0840059790732436
2014,"INC_FAM_WORK_INCOME","130,000-159,999元",84,0.0251121076233184
2014,"INC_FAM_WORK_INCOME","160,000 元及以上，請記錄____________元",39,0.0116591928251121
2014,"INC_FAM_WORK_INCOME","20,000-29,999 元",225,0.0672645739910314
2014,"INC_FAM_WORK_INCOME","30,000-39,999 元",316,0.0944693572496263
2014,"INC_FAM_WORK_INCOME","40,000-49,999 元",419,0.12526158445441
2014,"INC_FAM_WORK_INCOME","50,000-59,999 元",516,0.154260089686099
2014,"INC_FAM_WORK_INCOME","60,000-69,999 元",416,0.124364723467862
2014,"INC_FAM_WORK_INCOME","70,000-79,999 元",364,0.10881913303438
2014,"INC_FAM_WORK_INCOME","80,000-89,999 元",279,0.0834080717488789
2014,"INC_FAM_WORK_INCOME","9,999 元及以下",42,0.0125560538116592
2014,"INC_FAM_WORK_INCOME","90,000-99,999 元",161,0.0481315396113602
2014,"INC_FAM_WORK_INCOME","沒有這項收入",91,0.0272047832585949
2014,"INC_FAM_WORK_INCOME_VALUE_SOURCE","missing",1869,0.358457997698504
2014,"INC_FAM_WORK_INCOME_VALUE_SOURCE","source_question",3345,0.641542002301496
2014,"INC_PERS_GOV_INCOME","1,000-1,999 元",28,0.00537015726889145
2014,"INC_PERS_GOV_INCOME","10,000-14,999 元",87,0.0166858457997698
2014,"INC_PERS_GOV_INCOME","15,000-19,999 元",31,0.00594553126198696
2014,"INC_PERS_GOV_INCOME","2,000-2,999 元",38,0.00728807057920982
2014,"INC_PERS_GOV_INCOME","20,000-29,999 元",13,0.00249328730341389
2014,"INC_PERS_GOV_INCOME","3,000-3,999 元",628,0.120444955887994
2014,"INC_PERS_GOV_INCOME","30,000 元及以上，請記錄________元",6,0.00115074798619102
2014,"INC_PERS_GOV_INCOME","4,000-4,999 元",97,0.0186037591100882
2014,"INC_PERS_GOV_INCOME","5,000-5,999 元",31,0.00594553126198696
2014,"INC_PERS_GOV_INCOME","6,000-7,999 元",282,0.0540851553509781
2014,"INC_PERS_GOV_INCOME","8,000-9,999 元",44,0.00843881856540084
2014,"INC_PERS_GOV_INCOME","999 元及以下",25,0.00479478327579593
2014,"INC_PERS_GOV_INCOME","沒有這項收入",3904,0.748753356348293
2014,"INC_PERS_GOV_INCOME_VALUE_SOURCE","source_question",5214,1
2014,"INC_PERS_INTEREST_INCOME","1,000-1,999 元",79,0.0151515151515152
2014,"INC_PERS_INTEREST_INCOME","10,000-14,999 元",8,0.0015343306482547
2014,"INC_PERS_INTEREST_INCOME","15,000-19,999 元",1,0.000191791331031837
2014,"INC_PERS_INTEREST_INCOME","2,000-2,999 元",23,0.00441120061373226
2014,"INC_PERS_INTEREST_INCOME","20,000-29,999 元",4,0.000767165324127349
2014,"INC_PERS_INTEREST_INCOME","3,000-3,999 元",23,0.00441120061373226
2014,"INC_PERS_INTEREST_INCOME","30,000 元及以上，請記錄________元",4,0.000767165324127349
2014,"INC_PERS_INTEREST_INCOME","4,000-4,999 元",8,0.0015343306482547
2014,"INC_PERS_INTEREST_INCOME","5,000-5,999 元",12,0.00230149597238205
2014,"INC_PERS_INTEREST_INCOME","6,000-7,999 元",8,0.0015343306482547
2014,"INC_PERS_INTEREST_INCOME","8,000-9,999 元",3,0.000575373993095512
2014,"INC_PERS_INTEREST_INCOME","999 元及以下",276,0.0529344073647871
2014,"INC_PERS_INTEREST_INCOME","沒有這項收入",4765,0.913885692366705
2014,"INC_PERS_INTEREST_INCOME_VALUE_SOURCE","source_question",5214,1
2014,"INC_PERS_OTHER_INCOME","10,000-14,999 元",15,0.00287686996547756
2014,"INC_PERS_OTHER_INCOME","15,000-19,999 元",5,0.000958956655159187
2014,"INC_PERS_OTHER_INCOME","20,000-24,999 元",3,0.000575373993095512
2014,"INC_PERS_OTHER_INCOME","4,999 元及以下",126,0.0241657077100115
2014,"INC_PERS_OTHER_INCOME","5,000-9,999 元",25,0.00479478327579593
2014,"INC_PERS_OTHER_INCOME","50,000-59,999 元",4,0.000767165324127349
2014,"INC_PERS_OTHER_INCOME","80,000 元及以上，請記錄_________________元",1,0.000191791331031837
2014,"INC_PERS_OTHER_INCOME","沒有這項收入",5035,0.965669351745301
2014,"INC_PERS_OTHER_INCOME_VALUE_SOURCE","source_question",5214,1
2014,"INC_PERS_RENT_INCOME","10,000-14,999 元",8,0.0015343306482547
2014,"INC_PERS_RENT_INCOME","15,000-19,999 元",2,0.000383582662063675
2014,"INC_PERS_RENT_INCOME","20,000-24,999 元",1,0.000191791331031837
2014,"INC_PERS_RENT_INCOME","25,000-29,999 元",2,0.000383582662063675
2014,"INC_PERS_RENT_INCOME","4,999 元及以下",13,0.00249328730341389
2014,"INC_PERS_RENT_INCOME","5,000-9,999 元",14,0.00268507863444572
2014,"INC_PERS_RENT_INCOME","50,000-59,999 元",5,0.000958956655159187
2014,"INC_PERS_RENT_INCOME","60,000-69,999 元",1,0.000191791331031837
2014,"INC_PERS_RENT_INCOME","80,000 元及以上，請記錄_________________元",3,0.000575373993095512
2014,"INC_PERS_RENT_INCOME","沒有這項收入",5165,0.99060222477944
2014,"INC_PERS_RENT_INCOME_VALUE_SOURCE","source_question",5214,1
2014,"INC_PERS_TRANSFER_INCOME","1,000-1,999 元",38,0.00728807057920982
2014,"INC_PERS_TRANSFER_INCOME","10,000-14,999 元",21,0.00402761795166858
2014,"INC_PERS_TRANSFER_INCOME","15,000-19,999 元",1,0.000191791331031837
2014,"INC_PERS_TRANSFER_INCOME","2,000-2,999 元",22,0.00421940928270042
2014,"INC_PERS_TRANSFER_INCOME","20,000-29,999 元",3,0.000575373993095512
2014,"INC_PERS_TRANSFER_INCOME","3,000-3,999 元",17,0.00326045262754124
2014,"INC_PERS_TRANSFER_INCOME","30,000 元及以上，請記錄________元",2,0.000383582662063675
2014,"INC_PERS_TRANSFER_INCOME","4,000-4,999 元",5,0.000958956655159187
2014,"INC_PERS_TRANSFER_INCOME","5,000-5,999 元",16,0.0030686612965094
2014,"INC_PERS_TRANSFER_INCOME","6,000-7,999 元",8,0.0015343306482547
2014,"INC_PERS_TRANSFER_INCOME","8,000-9,999 元",5,0.000958956655159187
2014,"INC_PERS_TRANSFER_INCOME","999 元及以下",100,0.0191791331031837
2014,"INC_PERS_TRANSFER_INCOME","沒有這項收入",4976,0.954353663214423
2014,"INC_PERS_TRANSFER_INCOME_VALUE_SOURCE","source_question",5214,1
2014,"INC_PERS_WORK_INCOME","10,000-14,999 元",281,0.0538933640199463
2014,"INC_PERS_WORK_INCOME","100,000-129,999元",28,0.00537015726889145
2014,"INC_PERS_WORK_INCOME","130,000-159,999元",4,0.000767165324127349
2014,"INC_PERS_WORK_INCOME","15,000-19,999 元",394,0.0755657844265439
2014,"INC_PERS_WORK_INCOME","160,000 元及以上，請記錄____________元",5,0.000958956655159187
2014,"INC_PERS_WORK_INCOME","20,000-24,999 元",692,0.132719601074031
2014,"INC_PERS_WORK_INCOME","25,000-29,999 元",571,0.109512850019179
2014,"INC_PERS_WORK_INCOME","30,000-39,999 元",1071,0.205408515535098
2014,"INC_PERS_WORK_INCOME","40,000-49,999 元",520,0.0997314921365554
2014,"INC_PERS_WORK_INCOME","50,000-59,999 元",311,0.0596471039509014
2014,"INC_PERS_WORK_INCOME","60,000-69,999 元",144,0.0276179516685846
2014,"INC_PERS_WORK_INCOME","70,000-79,999 元",60,0.0115074798619102
2014,"INC_PERS_WORK_INCOME","80,000-89,999 元",30,0.00575373993095512
2014,"INC_PERS_WORK_INCOME","9,999 元及以下",254,0.0487149980820867
2014,"INC_PERS_WORK_INCOME","90,000-99,999 元",7,0.00134253931722286
2014,"INC_PERS_WORK_INCOME","沒有這項收入",842,0.161488300728807
2014,"INC_PERS_WORK_INCOME_VALUE_SOURCE","source_question",5214,1
2014,"MALE","男性",3360,0.644418872266974
2014,"MALE","非男性",1854,0.355581127733026
2014,"RACE","卑南族",136,0.0260836210203299
2014,"RACE","卡那卡那富族",3,0.000575373993095512
2014,"RACE","噶瑪蘭族",4,0.000767165324127349
2014,"RACE","太魯閣族",238,0.0456463367855773
2014,"RACE","布農族",458,0.0878404296125815
2014,"RACE","拉阿魯哇族",3,0.000575373993095512
2014,"RACE","排灣族",910,0.174530111238972
2014,"RACE","撒奇萊雅族",16,0.0030686612965094
2014,"RACE","泰雅族",545,0.104526275412351
2014,"RACE","賽夏族",46,0.00882240122746452
2014,"RACE","賽德克族",87,0.0166858457997698
2014,"RACE","邵族",28,0.00537015726889145
2014,"RACE","鄒族",74,0.014192558496356
2014,"RACE","阿美族",1902,0.364787111622555
2014,"RACE","雅美族/達悟族",17,0.00326045262754124
2014,"RACE","非原住民族",643,0.123321825853471
2014,"RACE","魯凱族",104,0.0199462984273111
2014,"RENT","1,000-2,999元",42,0.0332278481012658
2014,"RENT","10,000-19,999元",343,0.271360759493671
2014,"RENT","20000",5,0.00395569620253165
2014,"RENT","22000",3,0.00237341772151899
2014,"RENT","23000",4,0.00316455696202532
2014,"RENT","24000",3,0.00237341772151899
2014,"RENT","25000",12,0.00949367088607595
2014,"RENT","25400",1,0.000791139240506329
2014,"RENT","28000",1,0.000791139240506329
2014,"RENT","3,000-4,999元",120,0.0949367088607595
2014,"RENT","30000",6,0.00474683544303797
2014,"RENT","35000",1,0.000791139240506329
2014,"RENT","40000",1,0.000791139240506329
2014,"RENT","5,000-6,999元",243,0.192246835443038
2014,"RENT","7,000-9,999元",396,0.313291139240506
2014,"RENT","不需要支付租金",60,0.0474683544303797
2014,"RENT","未滿1,000元",23,0.0181962025316456
2014,"RESPONDENT_UNIT","economic_household_head",5214,1
2014,"RESPONDENT_UNIT_SOURCE","103年問卷封面：經濟戶長本人或代答",5214,1
2014,"SURVEY_TAG","103",5214,1
2014,"TOWNSHIP_HARMONIZED","七堵區",8,0.0015343306482547
2014,"TOWNSHIP_HARMONIZED","三地門鄉",61,0.0116992711929421
2014,"TOWNSHIP_HARMONIZED","三峽區",24,0.0046029919447641
2014,"TOWNSHIP_HARMONIZED","三重區",27,0.00517836593785961
2014,"TOWNSHIP_HARMONIZED","中和區",23,0.00441120061373226
2014,"TOWNSHIP_HARMONIZED","中壢市",25,0.00479478327579593
2014,"TOWNSHIP_HARMONIZED","中山區",8,0.0015343306482547
2014,"TOWNSHIP_HARMONIZED","中正區",44,0.00843881856540084
2014,"TOWNSHIP_HARMONIZED","中西區",13,0.00249328730341389
2014,"TOWNSHIP_HARMONIZED","五峰鄉",41,0.00786344457230533
2014,"TOWNSHIP_HARMONIZED","五股區",3,0.000575373993095512
2014,"TOWNSHIP_HARMONIZED","仁愛鄉",100,0.0191791331031837
2014,"TOWNSHIP_HARMONIZED","來義鄉",72,0.0138089758342923
2014,"TOWNSHIP_HARMONIZED","信義區",21,0.00402761795166858
2014,"TOWNSHIP_HARMONIZED","信義鄉",69,0.0132336018411968
2014,"TOWNSHIP_HARMONIZED","光復鄉",64,0.0122746451860376
2014,"TOWNSHIP_HARMONIZED","內埔鄉",39,0.00747986191024166
2014,"TOWNSHIP_HARMONIZED","內湖區",15,0.00287686996547756
2014,"TOWNSHIP_HARMONIZED","八德市",28,0.00537015726889145
2014,"TOWNSHIP_HARMONIZED","八里區",26,0.00498657460682777
2014,"TOWNSHIP_HARMONIZED","前鎮區",25,0.00479478327579593
2014,"TOWNSHIP_HARMONIZED","北區",28,0.00537015726889145
2014,"TOWNSHIP_HARMONIZED","北屯區",45,0.00863060989643268
2014,"TOWNSHIP_HARMONIZED","北投區",4,0.000767165324127349
2014,"TOWNSHIP_HARMONIZED","卑南鄉",64,0.0122746451860376
2014,"TOWNSHIP_HARMONIZED","卓溪鄉",40,0.00767165324127349
2014,"TOWNSHIP_HARMONIZED","南區",53,0.0101649405446874
2014,"TOWNSHIP_HARMONIZED","南屯區",40,0.00767165324127349
2014,"TOWNSHIP_HARMONIZED","南庄鄉",9,0.00172612197928654
2014,"TOWNSHIP_HARMONIZED","南投市",45,0.00863060989643268
2014,"TOWNSHIP_HARMONIZED","南澳鄉",5,0.000958956655159187
2014,"TOWNSHIP_HARMONIZED","吉安鄉",147,0.0281933256616801
2014,"TOWNSHIP_HARMONIZED","和平區",33,0.00632911392405063
2014,"TOWNSHIP_HARMONIZED","土城區",38,0.00728807057920982
2014,"TOWNSHIP_HARMONIZED","埔里鎮",24,0.0046029919447641
2014,"TOWNSHIP_HARMONIZED","士林區",37,0.00709627924817798
2014,"TOWNSHIP_HARMONIZED","壽豐鄉",60,0.0115074798619102
2014,"TOWNSHIP_HARMONIZED","大同區",33,0.00632911392405063
2014,"TOWNSHIP_HARMONIZED","大同鄉",9,0.00172612197928654
2014,"TOWNSHIP_HARMONIZED","大寮區",40,0.00767165324127349
2014,"TOWNSHIP_HARMONIZED","大樹區",12,0.00230149597238205
2014,"TOWNSHIP_HARMONIZED","大武鄉",40,0.00767165324127349
2014,"TOWNSHIP_HARMONIZED","大溪鎮",31,0.00594553126198696
2014,"TOWNSHIP_HARMONIZED","大里區",2,0.000383582662063675
2014,"TOWNSHIP_HARMONIZED","大雅區",52,0.00997314921365554
2014,"TOWNSHIP_HARMONIZED","太平區",43,0.00824702723436901
2014,"TOWNSHIP_HARMONIZED","太麻里鄉",54,0.0103567318757192
2014,"TOWNSHIP_HARMONIZED","安定區",2,0.000383582662063675
2014,"TOWNSHIP_HARMONIZED","安樂區",34,0.00652090525508247
2014,"TOWNSHIP_HARMONIZED","宜蘭市",3,0.000575373993095512
2014,"TOWNSHIP_HARMONIZED","富里鄉",18,0.00345224395857307
2014,"TOWNSHIP_HARMONIZED","小港區",59,0.0113156885308784
2014,"TOWNSHIP_HARMONIZED","尖石鄉",53,0.0101649405446874
2014,"TOWNSHIP_HARMONIZED","屏東市",71,0.0136171845032605
2014,"TOWNSHIP_HARMONIZED","岡山區",30,0.00575373993095512
2014,"TOWNSHIP_HARMONIZED","左營區",32,0.0061373225930188
2014,"TOWNSHIP_HARMONIZED","平鎮市",62,0.0118910625239739
2014,"TOWNSHIP_HARMONIZED","延平鄉",27,0.00517836593785961
2014,"TOWNSHIP_HARMONIZED","彰化市",58,0.0111238971998466
2014,"TOWNSHIP_HARMONIZED","復興鄉",46,0.00882240122746452
2014,"TOWNSHIP_HARMONIZED","成功鎮",73,0.0140007671653241
2014,"TOWNSHIP_HARMONIZED","文山區",22,0.00421940928270042
2014,"TOWNSHIP_HARMONIZED","斗六市",40,0.00767165324127349
2014,"TOWNSHIP_HARMONIZED","新城鄉",56,0.0107403145377829
2014,"TOWNSHIP_HARMONIZED","新店區",66,0.0126582278481013
2014,"TOWNSHIP_HARMONIZED","新營區",3,0.000575373993095512
2014,"TOWNSHIP_HARMONIZED","新莊區",87,0.0166858457997698
2014,"TOWNSHIP_HARMONIZED","春日鄉",28,0.00537015726889145
2014,"TOWNSHIP_HARMONIZED","東區",92,0.017644802454929
2014,"TOWNSHIP_HARMONIZED","東河鄉",39,0.00747986191024166
2014,"TOWNSHIP_HARMONIZED","松山區",16,0.0030686612965094
2014,"TOWNSHIP_HARMONIZED","板橋區",9,0.00172612197928654
2014,"TOWNSHIP_HARMONIZED","枋寮鄉",2,0.000383582662063675
2014,"TOWNSHIP_HARMONIZED","林口區",37,0.00709627924817798
2014,"TOWNSHIP_HARMONIZED","桃園市",34,0.00652090525508247
2014,"TOWNSHIP_HARMONIZED","桃源區",28,0.00537015726889145
2014,"TOWNSHIP_HARMONIZED","梧棲區",8,0.0015343306482547
2014,"TOWNSHIP_HARMONIZED","楊梅鎮",62,0.0118910625239739
2014,"TOWNSHIP_HARMONIZED","楠梓區",12,0.00230149597238205
2014,"TOWNSHIP_HARMONIZED","樹林區",70,0.0134253931722286
2014,"TOWNSHIP_HARMONIZED","橫山鄉",2,0.000383582662063675
2014,"TOWNSHIP_HARMONIZED","民雄鄉",25,0.00479478327579593
2014,"TOWNSHIP_HARMONIZED","水上鄉",1,0.000191791331031837
2014,"TOWNSHIP_HARMONIZED","永和區",15,0.00287686996547756
2014,"TOWNSHIP_HARMONIZED","永康區",31,0.00594553126198696
2014,"TOWNSHIP_HARMONIZED","汐止區",72,0.0138089758342923
2014,"TOWNSHIP_HARMONIZED","池上鄉",33,0.00632911392405063
2014,"TOWNSHIP_HARMONIZED","沙鹿區",2,0.000383582662063675
2014,"TOWNSHIP_HARMONIZED","泰安鄉",53,0.0101649405446874
2014,"TOWNSHIP_HARMONIZED","泰山區",2,0.000383582662063675
2014,"TOWNSHIP_HARMONIZED","泰武鄉",35,0.00671269658611431
2014,"TOWNSHIP_HARMONIZED","海端鄉",30,0.00575373993095512
2014,"TOWNSHIP_HARMONIZED","淡水區",3,0.000575373993095512
2014,"TOWNSHIP_HARMONIZED","湖口鄉",6,0.00115074798619102
2014,"TOWNSHIP_HARMONIZED","滿州鄉",29,0.00556194859992328
2014,"TOWNSHIP_HARMONIZED","潭子區",14,0.00268507863444572
2014,"TOWNSHIP_HARMONIZED","潮州鎮",19,0.00364403528960491
2014,"TOWNSHIP_HARMONIZED","烏來區",30,0.00575373993095512
2014,"TOWNSHIP_HARMONIZED","牡丹鄉",49,0.00939777522056003
2014,"TOWNSHIP_HARMONIZED","獅子鄉",34,0.00652090525508247
2014,"TOWNSHIP_HARMONIZED","獅潭鄉",1,0.000191791331031837
2014,"TOWNSHIP_HARMONIZED","玉里鎮",57,0.0109321058688147
2014,"TOWNSHIP_HARMONIZED","瑞穗鄉",49,0.00939777522056003
2014,"TOWNSHIP_HARMONIZED","瑞芳區",23,0.00441120061373226
2014,"TOWNSHIP_HARMONIZED","瑪家鄉",65,0.0124664365170694
2014,"TOWNSHIP_HARMONIZED","番路鄉",2,0.000383582662063675
2014,"TOWNSHIP_HARMONIZED","秀林鄉",113,0.0216724204065976
2014,"TOWNSHIP_HARMONIZED","竹北市",15,0.00287686996547756
2014,"TOWNSHIP_HARMONIZED","竹南鎮",19,0.00364403528960491
2014,"TOWNSHIP_HARMONIZED","竹東鎮",31,0.00594553126198696
2014,"TOWNSHIP_HARMONIZED","綠島鄉",4,0.000767165324127349
2014,"TOWNSHIP_HARMONIZED","羅東鎮",8,0.0015343306482547
2014,"TOWNSHIP_HARMONIZED","臺東市",162,0.0310701956271577
2014,"TOWNSHIP_HARMONIZED","花壇鄉",8,0.0015343306482547
2014,"TOWNSHIP_HARMONIZED","花蓮市",122,0.0233985423858842
2014,"TOWNSHIP_HARMONIZED","苓雅區",29,0.00556194859992328
2014,"TOWNSHIP_HARMONIZED","苗栗市",5,0.000958956655159187
2014,"TOWNSHIP_HARMONIZED","茂林區",17,0.00326045262754124
2014,"TOWNSHIP_HARMONIZED","萬丹鄉",2,0.000383582662063675
2014,"TOWNSHIP_HARMONIZED","萬巒鄉",19,0.00364403528960491
2014,"TOWNSHIP_HARMONIZED","萬榮鄉",43,0.00824702723436901
2014,"TOWNSHIP_HARMONIZED","萬華區",43,0.00824702723436901
2014,"TOWNSHIP_HARMONIZED","蘆洲區",55,0.0105485232067511
2014,"TOWNSHIP_HARMONIZED","蘆竹鄉",36,0.00690448791714614
2014,"TOWNSHIP_HARMONIZED","蘭嶼鄉",11,0.00210970464135021
2014,"TOWNSHIP_HARMONIZED","虎尾鎮",11,0.00210970464135021
2014,"TOWNSHIP_HARMONIZED","西區",40,0.00767165324127349
2014,"TOWNSHIP_HARMONIZED","西屯區",13,0.00249328730341389
2014,"TOWNSHIP_HARMONIZED","觀音鄉",15,0.00287686996547756
2014,"TOWNSHIP_HARMONIZED","豐原區",7,0.00134253931722286
2014,"TOWNSHIP_HARMONIZED","豐濱鄉",36,0.00690448791714614
2014,"TOWNSHIP_HARMONIZED","通霄鎮",8,0.0015343306482547
2014,"TOWNSHIP_HARMONIZED","達仁鄉",52,0.00997314921365554
2014,"TOWNSHIP_HARMONIZED","那瑪夏區",19,0.00364403528960491
2014,"TOWNSHIP_HARMONIZED","金峰鄉",28,0.00537015726889145
2014,"TOWNSHIP_HARMONIZED","長濱鄉",38,0.00728807057920982
2014,"TOWNSHIP_HARMONIZED","關山鎮",26,0.00498657460682777
2014,"TOWNSHIP_HARMONIZED","關西鎮",8,0.0015343306482547
2014,"TOWNSHIP_HARMONIZED","阿里山鄉",31,0.00594553126198696
2014,"TOWNSHIP_HARMONIZED","霧臺鄉",22,0.00421940928270042
2014,"TOWNSHIP_HARMONIZED","頭份鎮",24,0.0046029919447641
2014,"TOWNSHIP_HARMONIZED","馬公市",50,0.00958956655159187
2014,"TOWNSHIP_HARMONIZED","魚池鄉",25,0.00479478327579593
2014,"TOWNSHIP_HARMONIZED","鳳山區",58,0.0111238971998466
2014,"TOWNSHIP_HARMONIZED","鳳林鎮",22,0.00421940928270042
2014,"TOWNSHIP_HARMONIZED","鶯歌區",14,0.00268507863444572
2014,"TOWNSHIP_HARMONIZED","鹿野鄉",34,0.00652090525508247
2014,"TOWNSHIP_HARMONIZED","麥寮鄉",1,0.000191791331031837
2014,"TOWNSHIP_HARMONIZED","鼓山區",12,0.00230149597238205
2014,"TOWNSHIP_HARMONIZED","龍井區",40,0.00767165324127349
2014,"TOWNSHIP_HARMONIZED","龍潭鄉",71,0.0136171845032605
2014,"TOWNSHIP_HARMONIZED","龜山鄉",82,0.0157268891446107
2014,"TOWNSHIP_YEAR_SPECIFIC","七堵區",8,0.0015343306482547
2014,"TOWNSHIP_YEAR_SPECIFIC","三地門鄉",61,0.0116992711929421
2014,"TOWNSHIP_YEAR_SPECIFIC","三峽區",24,0.0046029919447641
2014,"TOWNSHIP_YEAR_SPECIFIC","三重區",27,0.00517836593785961
2014,"TOWNSHIP_YEAR_SPECIFIC","中和區",23,0.00441120061373226
2014,"TOWNSHIP_YEAR_SPECIFIC","中壢市",25,0.00479478327579593
2014,"TOWNSHIP_YEAR_SPECIFIC","中山區",8,0.0015343306482547
2014,"TOWNSHIP_YEAR_SPECIFIC","中正區",44,0.00843881856540084
2014,"TOWNSHIP_YEAR_SPECIFIC","中西區",13,0.00249328730341389
2014,"TOWNSHIP_YEAR_SPECIFIC","五峰鄉",41,0.00786344457230533
2014,"TOWNSHIP_YEAR_SPECIFIC","五股區",3,0.000575373993095512
2014,"TOWNSHIP_YEAR_SPECIFIC","仁愛鄉",100,0.0191791331031837
2014,"TOWNSHIP_YEAR_SPECIFIC","來義鄉",72,0.0138089758342923
2014,"TOWNSHIP_YEAR_SPECIFIC","信義區",21,0.00402761795166858
2014,"TOWNSHIP_YEAR_SPECIFIC","信義鄉",69,0.0132336018411968
2014,"TOWNSHIP_YEAR_SPECIFIC","光復鄉",64,0.0122746451860376
2014,"TOWNSHIP_YEAR_SPECIFIC","內埔鄉",39,0.00747986191024166
2014,"TOWNSHIP_YEAR_SPECIFIC","內湖區",15,0.00287686996547756
2014,"TOWNSHIP_YEAR_SPECIFIC","八德市",28,0.00537015726889145
2014,"TOWNSHIP_YEAR_SPECIFIC","八里區",26,0.00498657460682777
2014,"TOWNSHIP_YEAR_SPECIFIC","前鎮區",25,0.00479478327579593
2014,"TOWNSHIP_YEAR_SPECIFIC","北區",28,0.00537015726889145
2014,"TOWNSHIP_YEAR_SPECIFIC","北屯區",45,0.00863060989643268
2014,"TOWNSHIP_YEAR_SPECIFIC","北投區",4,0.000767165324127349
2014,"TOWNSHIP_YEAR_SPECIFIC","卑南鄉",64,0.0122746451860376
2014,"TOWNSHIP_YEAR_SPECIFIC","卓溪鄉",40,0.00767165324127349
2014,"TOWNSHIP_YEAR_SPECIFIC","南區",53,0.0101649405446874
2014,"TOWNSHIP_YEAR_SPECIFIC","南屯區",40,0.00767165324127349
2014,"TOWNSHIP_YEAR_SPECIFIC","南庄鄉",9,0.00172612197928654
2014,"TOWNSHIP_YEAR_SPECIFIC","南投市",45,0.00863060989643268
2014,"TOWNSHIP_YEAR_SPECIFIC","南澳鄉",5,0.000958956655159187
2014,"TOWNSHIP_YEAR_SPECIFIC","吉安鄉",147,0.0281933256616801
2014,"TOWNSHIP_YEAR_SPECIFIC","和平區",33,0.00632911392405063
2014,"TOWNSHIP_YEAR_SPECIFIC","土城區",38,0.00728807057920982
2014,"TOWNSHIP_YEAR_SPECIFIC","埔里鎮",24,0.0046029919447641
2014,"TOWNSHIP_YEAR_SPECIFIC","士林區",37,0.00709627924817798
2014,"TOWNSHIP_YEAR_SPECIFIC","壽豐鄉",60,0.0115074798619102
2014,"TOWNSHIP_YEAR_SPECIFIC","大同區",33,0.00632911392405063
2014,"TOWNSHIP_YEAR_SPECIFIC","大同鄉",9,0.00172612197928654
2014,"TOWNSHIP_YEAR_SPECIFIC","大寮區",40,0.00767165324127349
2014,"TOWNSHIP_YEAR_SPECIFIC","大樹區",12,0.00230149597238205
2014,"TOWNSHIP_YEAR_SPECIFIC","大武鄉",40,0.00767165324127349
2014,"TOWNSHIP_YEAR_SPECIFIC","大溪鎮",31,0.00594553126198696
2014,"TOWNSHIP_YEAR_SPECIFIC","大里區",2,0.000383582662063675
2014,"TOWNSHIP_YEAR_SPECIFIC","大雅區",52,0.00997314921365554
2014,"TOWNSHIP_YEAR_SPECIFIC","太平區",43,0.00824702723436901
2014,"TOWNSHIP_YEAR_SPECIFIC","太麻里鄉",54,0.0103567318757192
2014,"TOWNSHIP_YEAR_SPECIFIC","安定區",2,0.000383582662063675
2014,"TOWNSHIP_YEAR_SPECIFIC","安樂區",34,0.00652090525508247
2014,"TOWNSHIP_YEAR_SPECIFIC","宜蘭市",3,0.000575373993095512
2014,"TOWNSHIP_YEAR_SPECIFIC","富里鄉",18,0.00345224395857307
2014,"TOWNSHIP_YEAR_SPECIFIC","小港區",59,0.0113156885308784
2014,"TOWNSHIP_YEAR_SPECIFIC","尖石鄉",53,0.0101649405446874
2014,"TOWNSHIP_YEAR_SPECIFIC","屏東市",71,0.0136171845032605
2014,"TOWNSHIP_YEAR_SPECIFIC","岡山區",30,0.00575373993095512
2014,"TOWNSHIP_YEAR_SPECIFIC","左營區",32,0.0061373225930188
2014,"TOWNSHIP_YEAR_SPECIFIC","平鎮市",62,0.0118910625239739
2014,"TOWNSHIP_YEAR_SPECIFIC","延平鄉",27,0.00517836593785961
2014,"TOWNSHIP_YEAR_SPECIFIC","彰化市",58,0.0111238971998466
2014,"TOWNSHIP_YEAR_SPECIFIC","復興鄉",46,0.00882240122746452
2014,"TOWNSHIP_YEAR_SPECIFIC","成功鎮",73,0.0140007671653241
2014,"TOWNSHIP_YEAR_SPECIFIC","文山區",22,0.00421940928270042
2014,"TOWNSHIP_YEAR_SPECIFIC","斗六市",40,0.00767165324127349
2014,"TOWNSHIP_YEAR_SPECIFIC","新城鄉",56,0.0107403145377829
2014,"TOWNSHIP_YEAR_SPECIFIC","新店區",66,0.0126582278481013
2014,"TOWNSHIP_YEAR_SPECIFIC","新營區",3,0.000575373993095512
2014,"TOWNSHIP_YEAR_SPECIFIC","新莊區",87,0.0166858457997698
2014,"TOWNSHIP_YEAR_SPECIFIC","春日鄉",28,0.00537015726889145
2014,"TOWNSHIP_YEAR_SPECIFIC","東區",92,0.017644802454929
2014,"TOWNSHIP_YEAR_SPECIFIC","東河鄉",39,0.00747986191024166
2014,"TOWNSHIP_YEAR_SPECIFIC","松山區",16,0.0030686612965094
2014,"TOWNSHIP_YEAR_SPECIFIC","板橋區",9,0.00172612197928654
2014,"TOWNSHIP_YEAR_SPECIFIC","枋寮鄉",2,0.000383582662063675
2014,"TOWNSHIP_YEAR_SPECIFIC","林口區",37,0.00709627924817798
2014,"TOWNSHIP_YEAR_SPECIFIC","桃園市",34,0.00652090525508247
2014,"TOWNSHIP_YEAR_SPECIFIC","桃源區",28,0.00537015726889145
2014,"TOWNSHIP_YEAR_SPECIFIC","梧棲區",8,0.0015343306482547
2014,"TOWNSHIP_YEAR_SPECIFIC","楊梅鎮",62,0.0118910625239739
2014,"TOWNSHIP_YEAR_SPECIFIC","楠梓區",12,0.00230149597238205
2014,"TOWNSHIP_YEAR_SPECIFIC","樹林區",70,0.0134253931722286
2014,"TOWNSHIP_YEAR_SPECIFIC","橫山鄉",2,0.000383582662063675
2014,"TOWNSHIP_YEAR_SPECIFIC","民雄鄉",25,0.00479478327579593
2014,"TOWNSHIP_YEAR_SPECIFIC","水上鄉",1,0.000191791331031837
2014,"TOWNSHIP_YEAR_SPECIFIC","永和區",15,0.00287686996547756
2014,"TOWNSHIP_YEAR_SPECIFIC","永康區",31,0.00594553126198696
2014,"TOWNSHIP_YEAR_SPECIFIC","汐止區",72,0.0138089758342923
2014,"TOWNSHIP_YEAR_SPECIFIC","池上鄉",33,0.00632911392405063
2014,"TOWNSHIP_YEAR_SPECIFIC","沙鹿區",2,0.000383582662063675
2014,"TOWNSHIP_YEAR_SPECIFIC","泰安鄉",53,0.0101649405446874
2014,"TOWNSHIP_YEAR_SPECIFIC","泰山區",2,0.000383582662063675
2014,"TOWNSHIP_YEAR_SPECIFIC","泰武鄉",35,0.00671269658611431
2014,"TOWNSHIP_YEAR_SPECIFIC","海端鄉",30,0.00575373993095512
2014,"TOWNSHIP_YEAR_SPECIFIC","淡水區",3,0.000575373993095512
2014,"TOWNSHIP_YEAR_SPECIFIC","湖口鄉",6,0.00115074798619102
2014,"TOWNSHIP_YEAR_SPECIFIC","滿州鄉",29,0.00556194859992328
2014,"TOWNSHIP_YEAR_SPECIFIC","潭子區",14,0.00268507863444572
2014,"TOWNSHIP_YEAR_SPECIFIC","潮州鎮",19,0.00364403528960491
2014,"TOWNSHIP_YEAR_SPECIFIC","烏來區",30,0.00575373993095512
2014,"TOWNSHIP_YEAR_SPECIFIC","牡丹鄉",49,0.00939777522056003
2014,"TOWNSHIP_YEAR_SPECIFIC","獅子鄉",34,0.00652090525508247
2014,"TOWNSHIP_YEAR_SPECIFIC","獅潭鄉",1,0.000191791331031837
2014,"TOWNSHIP_YEAR_SPECIFIC","玉里鎮",57,0.0109321058688147
2014,"TOWNSHIP_YEAR_SPECIFIC","瑞穗鄉",49,0.00939777522056003
2014,"TOWNSHIP_YEAR_SPECIFIC","瑞芳區",23,0.00441120061373226
2014,"TOWNSHIP_YEAR_SPECIFIC","瑪家鄉",65,0.0124664365170694
2014,"TOWNSHIP_YEAR_SPECIFIC","番路鄉",2,0.000383582662063675
2014,"TOWNSHIP_YEAR_SPECIFIC","秀林鄉",113,0.0216724204065976
2014,"TOWNSHIP_YEAR_SPECIFIC","竹北市",15,0.00287686996547756
2014,"TOWNSHIP_YEAR_SPECIFIC","竹南鎮",19,0.00364403528960491
2014,"TOWNSHIP_YEAR_SPECIFIC","竹東鎮",31,0.00594553126198696
2014,"TOWNSHIP_YEAR_SPECIFIC","綠島鄉",4,0.000767165324127349
2014,"TOWNSHIP_YEAR_SPECIFIC","羅東鎮",8,0.0015343306482547
2014,"TOWNSHIP_YEAR_SPECIFIC","臺東市",162,0.0310701956271577
2014,"TOWNSHIP_YEAR_SPECIFIC","花壇鄉",8,0.0015343306482547
2014,"TOWNSHIP_YEAR_SPECIFIC","花蓮市",122,0.0233985423858842
2014,"TOWNSHIP_YEAR_SPECIFIC","苓雅區",29,0.00556194859992328
2014,"TOWNSHIP_YEAR_SPECIFIC","苗栗市",5,0.000958956655159187
2014,"TOWNSHIP_YEAR_SPECIFIC","茂林區",17,0.00326045262754124
2014,"TOWNSHIP_YEAR_SPECIFIC","萬丹鄉",2,0.000383582662063675
2014,"TOWNSHIP_YEAR_SPECIFIC","萬巒鄉",19,0.00364403528960491
2014,"TOWNSHIP_YEAR_SPECIFIC","萬榮鄉",43,0.00824702723436901
2014,"TOWNSHIP_YEAR_SPECIFIC","萬華區",43,0.00824702723436901
2014,"TOWNSHIP_YEAR_SPECIFIC","蘆洲區",55,0.0105485232067511
2014,"TOWNSHIP_YEAR_SPECIFIC","蘆竹鄉",36,0.00690448791714614
2014,"TOWNSHIP_YEAR_SPECIFIC","蘭嶼鄉",11,0.00210970464135021
2014,"TOWNSHIP_YEAR_SPECIFIC","虎尾鎮",11,0.00210970464135021
2014,"TOWNSHIP_YEAR_SPECIFIC","西區",40,0.00767165324127349
2014,"TOWNSHIP_YEAR_SPECIFIC","西屯區",13,0.00249328730341389
2014,"TOWNSHIP_YEAR_SPECIFIC","觀音鄉",15,0.00287686996547756
2014,"TOWNSHIP_YEAR_SPECIFIC","豐原區",7,0.00134253931722286
2014,"TOWNSHIP_YEAR_SPECIFIC","豐濱鄉",36,0.00690448791714614
2014,"TOWNSHIP_YEAR_SPECIFIC","通霄鎮",8,0.0015343306482547
2014,"TOWNSHIP_YEAR_SPECIFIC","達仁鄉",52,0.00997314921365554
2014,"TOWNSHIP_YEAR_SPECIFIC","那瑪夏區",19,0.00364403528960491
2014,"TOWNSHIP_YEAR_SPECIFIC","金峰鄉",28,0.00537015726889145
2014,"TOWNSHIP_YEAR_SPECIFIC","長濱鄉",38,0.00728807057920982
2014,"TOWNSHIP_YEAR_SPECIFIC","關山鎮",26,0.00498657460682777
2014,"TOWNSHIP_YEAR_SPECIFIC","關西鎮",8,0.0015343306482547
2014,"TOWNSHIP_YEAR_SPECIFIC","阿里山鄉",31,0.00594553126198696
2014,"TOWNSHIP_YEAR_SPECIFIC","霧臺鄉",22,0.00421940928270042
2014,"TOWNSHIP_YEAR_SPECIFIC","頭份鎮",24,0.0046029919447641
2014,"TOWNSHIP_YEAR_SPECIFIC","馬公市",50,0.00958956655159187
2014,"TOWNSHIP_YEAR_SPECIFIC","魚池鄉",25,0.00479478327579593
2014,"TOWNSHIP_YEAR_SPECIFIC","鳳山區",58,0.0111238971998466
2014,"TOWNSHIP_YEAR_SPECIFIC","鳳林鎮",22,0.00421940928270042
2014,"TOWNSHIP_YEAR_SPECIFIC","鶯歌區",14,0.00268507863444572
2014,"TOWNSHIP_YEAR_SPECIFIC","鹿野鄉",34,0.00652090525508247
2014,"TOWNSHIP_YEAR_SPECIFIC","麥寮鄉",1,0.000191791331031837
2014,"TOWNSHIP_YEAR_SPECIFIC","鼓山區",12,0.00230149597238205
2014,"TOWNSHIP_YEAR_SPECIFIC","龍井區",40,0.00767165324127349
2014,"TOWNSHIP_YEAR_SPECIFIC","龍潭鄉",71,0.0136171845032605
2014,"TOWNSHIP_YEAR_SPECIFIC","龜山鄉",82,0.0157268891446107
2017,"ADMIN_NAME_HARMONIZED","南投縣",261,0.0492267069030555
2017,"ADMIN_NAME_HARMONIZED","嘉義市",37,0.00697849867974349
2017,"ADMIN_NAME_HARMONIZED","嘉義縣",54,0.010184835910977
2017,"ADMIN_NAME_HARMONIZED","基隆市",85,0.0160316861561675
2017,"ADMIN_NAME_HARMONIZED","宜蘭縣",174,0.032817804602037
2017,"ADMIN_NAME_HARMONIZED","屏東縣",477,0.0899660505469634
2017,"ADMIN_NAME_HARMONIZED","彰化縣",68,0.012825348924934
2017,"ADMIN_NAME_HARMONIZED","新北市",532,0.100339494530366
2017,"ADMIN_NAME_HARMONIZED","新竹市",52,0.00980761976612599
2017,"ADMIN_NAME_HARMONIZED","新竹縣",176,0.033195020746888
2017,"ADMIN_NAME_HARMONIZED","桃園市",639,0.120520558279894
2017,"ADMIN_NAME_HARMONIZED","澎湖縣",36,0.00678989060731799
2017,"ADMIN_NAME_HARMONIZED","臺中市",331,0.0624292719728404
2017,"ADMIN_NAME_HARMONIZED","臺北市",196,0.036967182195398
2017,"ADMIN_NAME_HARMONIZED","臺南市",166,0.031308940022633
2017,"ADMIN_NAME_HARMONIZED","臺東縣",720,0.13579781214636
2017,"ADMIN_NAME_HARMONIZED","花蓮縣",798,0.150509241795549
2017,"ADMIN_NAME_HARMONIZED","苗栗縣",124,0.023387400980762
2017,"ADMIN_NAME_HARMONIZED","雲林縣",36,0.00678989060731799
2017,"ADMIN_NAME_HARMONIZED","高雄市",340,0.0641267446246699
2017,"ADMIN_NAME_ORIGINAL","南投縣",261,0.0492267069030555
2017,"ADMIN_NAME_ORIGINAL","台北市",196,0.036967182195398
2017,"ADMIN_NAME_ORIGINAL","嘉義市",37,0.00697849867974349
2017,"ADMIN_NAME_ORIGINAL","嘉義縣",54,0.010184835910977
2017,"ADMIN_NAME_ORIGINAL","基隆市",85,0.0160316861561675
2017,"ADMIN_NAME_ORIGINAL","宜蘭縣",174,0.032817804602037
2017,"ADMIN_NAME_ORIGINAL","屏東縣",477,0.0899660505469634
2017,"ADMIN_NAME_ORIGINAL","彰化縣",68,0.012825348924934
2017,"ADMIN_NAME_ORIGINAL","新北市",532,0.100339494530366
2017,"ADMIN_NAME_ORIGINAL","新竹市",52,0.00980761976612599
2017,"ADMIN_NAME_ORIGINAL","新竹縣",176,0.033195020746888
2017,"ADMIN_NAME_ORIGINAL","桃園市",639,0.120520558279894
2017,"ADMIN_NAME_ORIGINAL","澎湖縣",36,0.00678989060731799
2017,"ADMIN_NAME_ORIGINAL","臺中市",331,0.0624292719728404
2017,"ADMIN_NAME_ORIGINAL","臺南市",166,0.031308940022633
2017,"ADMIN_NAME_ORIGINAL","臺東縣",720,0.13579781214636
2017,"ADMIN_NAME_ORIGINAL","花蓮縣",798,0.150509241795549
2017,"ADMIN_NAME_ORIGINAL","苗栗縣",124,0.023387400980762
2017,"ADMIN_NAME_ORIGINAL","雲林縣",36,0.00678989060731799
2017,"ADMIN_NAME_ORIGINAL","高雄市",340,0.0641267446246699
2017,"ADMIN_NAME_YEAR_SPECIFIC","南投縣",261,0.0492267069030555
2017,"ADMIN_NAME_YEAR_SPECIFIC","嘉義市",37,0.00697849867974349
2017,"ADMIN_NAME_YEAR_SPECIFIC","嘉義縣",54,0.010184835910977
2017,"ADMIN_NAME_YEAR_SPECIFIC","基隆市",85,0.0160316861561675
2017,"ADMIN_NAME_YEAR_SPECIFIC","宜蘭縣",174,0.032817804602037
2017,"ADMIN_NAME_YEAR_SPECIFIC","屏東縣",477,0.0899660505469634
2017,"ADMIN_NAME_YEAR_SPECIFIC","彰化縣",68,0.012825348924934
2017,"ADMIN_NAME_YEAR_SPECIFIC","新北市",532,0.100339494530366
2017,"ADMIN_NAME_YEAR_SPECIFIC","新竹市",52,0.00980761976612599
2017,"ADMIN_NAME_YEAR_SPECIFIC","新竹縣",176,0.033195020746888
2017,"ADMIN_NAME_YEAR_SPECIFIC","桃園市",639,0.120520558279894
2017,"ADMIN_NAME_YEAR_SPECIFIC","澎湖縣",36,0.00678989060731799
2017,"ADMIN_NAME_YEAR_SPECIFIC","臺中市",331,0.0624292719728404
2017,"ADMIN_NAME_YEAR_SPECIFIC","臺北市",196,0.036967182195398
2017,"ADMIN_NAME_YEAR_SPECIFIC","臺南市",166,0.031308940022633
2017,"ADMIN_NAME_YEAR_SPECIFIC","臺東縣",720,0.13579781214636
2017,"ADMIN_NAME_YEAR_SPECIFIC","花蓮縣",798,0.150509241795549
2017,"ADMIN_NAME_YEAR_SPECIFIC","苗栗縣",124,0.023387400980762
2017,"ADMIN_NAME_YEAR_SPECIFIC","雲林縣",36,0.00678989060731799
2017,"ADMIN_NAME_YEAR_SPECIFIC","高雄市",340,0.0641267446246699
2017,"AGE_GROUP","20-29歲",290,0.0546963410033949
2017,"AGE_GROUP","30-39歲",863,0.162768766503206
2017,"AGE_GROUP","40-49歲",1304,0.245944926442852
2017,"AGE_GROUP","50-59歲",1435,0.270652583930592
2017,"AGE_GROUP","60歲以上",1410,0.265937382119955
2017,"AGE_GROUP_HARMONIZED","20-29歲",290,0.0546963410033949
2017,"AGE_GROUP_HARMONIZED","30-39歲",863,0.162768766503206
2017,"AGE_GROUP_HARMONIZED","40-49歲",1304,0.245944926442852
2017,"AGE_GROUP_HARMONIZED","50-59歲",1435,0.270652583930592
2017,"AGE_GROUP_HARMONIZED","60歲以上",1410,0.265937382119955
2017,"AGE_MEASURE_TYPE","age_group",5302,1
2017,"CITY","南投縣",261,0.0492267069030555
2017,"CITY","嘉義市",37,0.00697849867974349
2017,"CITY","嘉義縣",54,0.010184835910977
2017,"CITY","基隆市",85,0.0160316861561675
2017,"CITY","宜蘭縣",174,0.032817804602037
2017,"CITY","屏東縣",477,0.0899660505469634
2017,"CITY","彰化縣",68,0.012825348924934
2017,"CITY","新北市",532,0.100339494530366
2017,"CITY","新竹市",52,0.00980761976612599
2017,"CITY","新竹縣",176,0.033195020746888
2017,"CITY","桃園市",639,0.120520558279894
2017,"CITY","澎湖縣",36,0.00678989060731799
2017,"CITY","臺中市",331,0.0624292719728404
2017,"CITY","臺北市",196,0.036967182195398
2017,"CITY","臺南市",166,0.031308940022633
2017,"CITY","臺東縣",720,0.13579781214636
2017,"CITY","花蓮縣",798,0.150509241795549
2017,"CITY","苗栗縣",124,0.023387400980762
2017,"CITY","雲林縣",36,0.00678989060731799
2017,"CITY","高雄市",340,0.0641267446246699
2017,"COUNTY","七堵區",10,0.001886080724255
2017,"COUNTY","三地門鄉",54,0.010184835910977
2017,"COUNTY","三峽區",23,0.0043379856657865
2017,"COUNTY","三民區",32,0.00603545831761599
2017,"COUNTY","三重區",21,0.0039607695209355
2017,"COUNTY","中和區",47,0.00886457940399849
2017,"COUNTY","中埔鄉",14,0.002640513013957
2017,"COUNTY","中壢區",68,0.012825348924934
2017,"COUNTY","中山區",3,0.000565824217276499
2017,"COUNTY","中正區",49,0.00924179554884949
2017,"COUNTY","五峰鄉",39,0.00735571482459449
2017,"COUNTY","五結鄉",8,0.001508864579404
2017,"COUNTY","五股區",23,0.0043379856657865
2017,"COUNTY","仁德區",21,0.0039607695209355
2017,"COUNTY","仁愛區",10,0.001886080724255
2017,"COUNTY","仁愛鄉",97,0.0182949830252735
2017,"COUNTY","仁武區",11,0.0020746887966805
2017,"COUNTY","來義鄉",65,0.0122595247076575
2017,"COUNTY","信義鄉",89,0.0167861184458695
2017,"COUNTY","光復鄉",40,0.00754432289701999
2017,"COUNTY","內湖區",14,0.002640513013957
2017,"COUNTY","八德區",49,0.00924179554884949
2017,"COUNTY","八里區",2,0.000377216144851
2017,"COUNTY","六龜區",2,0.000377216144851
2017,"COUNTY","冬山鄉",4,0.000754432289701999
2017,"COUNTY","前鎮區",5,0.000943040362127499
2017,"COUNTY","北區",25,0.0047152018106375
2017,"COUNTY","北屯區",35,0.00660128253489249
2017,"COUNTY","北投區",43,0.00811014711429649
2017,"COUNTY","北港鎮",1,0.0001886080724255
2017,"COUNTY","卑南鄉",71,0.0133911731422105
2017,"COUNTY","卓溪鄉",38,0.00716710675216899
2017,"COUNTY","南區",39,0.00735571482459449
2017,"COUNTY","南屯區",8,0.001508864579404
2017,"COUNTY","南庄鄉",22,0.004149377593361
2017,"COUNTY","南投市",17,0.0032063372312335
2017,"COUNTY","南港區",42,0.00792153904187099
2017,"COUNTY","南澳鄉",61,0.0115050924179555
2017,"COUNTY","吉安鄉",128,0.024141833270464
2017,"COUNTY","和平區",38,0.00716710675216899
2017,"COUNTY","和美鎮",19,0.0035835533760845
2017,"COUNTY","員山鄉",20,0.00377216144851
2017,"COUNTY","員林鎮",14,0.002640513013957
2017,"COUNTY","土城區",54,0.010184835910977
2017,"COUNTY","埔心鄉",17,0.0032063372312335
2017,"COUNTY","埔里鎮",35,0.00660128253489249
2017,"COUNTY","士林區",13,0.0024519049415315
2017,"COUNTY","壯圍鄉",1,0.0001886080724255
2017,"COUNTY","壽豐鄉",60,0.01131648434553
2017,"COUNTY","大同區",14,0.002640513013957
2017,"COUNTY","大同鄉",28,0.00528102602791399
2017,"COUNTY","大園區",69,0.0130139569973595
2017,"COUNTY","大安區",1,0.0001886080724255
2017,"COUNTY","大寮區",14,0.002640513013957
2017,"COUNTY","大武鄉",19,0.0035835533760845
2017,"COUNTY","大溪區",12,0.002263296869106
2017,"COUNTY","大肚區",37,0.00697849867974349
2017,"COUNTY","大里區",1,0.0001886080724255
2017,"COUNTY","大雅區",5,0.000943040362127499
2017,"COUNTY","太保市",6,0.001131648434553
2017,"COUNTY","太平區",75,0.0141456054319125
2017,"COUNTY","太麻里鄉",49,0.00924179554884949
2017,"COUNTY","官田區",20,0.00377216144851
2017,"COUNTY","宜蘭市",38,0.00716710675216899
2017,"COUNTY","富里鄉",17,0.0032063372312335
2017,"COUNTY","小港區",54,0.010184835910977
2017,"COUNTY","尖石鄉",52,0.00980761976612599
2017,"COUNTY","屏東市",58,0.010939268200679
2017,"COUNTY","崙背鄉",1,0.0001886080724255
2017,"COUNTY","左營區",40,0.00754432289701999
2017,"COUNTY","平鎮區",52,0.00980761976612599
2017,"COUNTY","延平鄉",24,0.004526593738212
2017,"COUNTY","彰化市",18,0.003394945303659
2017,"COUNTY","復興區",65,0.0122595247076575
2017,"COUNTY","成功鎮",87,0.0164089023010185
2017,"COUNTY","文山區",34,0.00641267446246699
2017,"COUNTY","斗六市",16,0.003017729158808
2017,"COUNTY","斗南鎮",18,0.003394945303659
2017,"COUNTY","新化區",14,0.002640513013957
2017,"COUNTY","新城鄉",61,0.0115050924179555
2017,"COUNTY","新屋區",41,0.00773293096944549
2017,"COUNTY","新店區",57,0.0107506601282535
2017,"COUNTY","新莊區",45,0.00848736325914749
2017,"COUNTY","春日鄉",46,0.00867597133157299
2017,"COUNTY","暖暖區",21,0.0039607695209355
2017,"COUNTY","東區",132,0.024896265560166
2017,"COUNTY","東河鄉",25,0.0047152018106375
2017,"COUNTY","松山區",25,0.0047152018106375
2017,"COUNTY","板橋區",54,0.010184835910977
2017,"COUNTY","枋寮鄉",9,0.0016974726518295
2017,"COUNTY","桃園區",59,0.0111278762731045
2017,"COUNTY","桃源區",28,0.00528102602791399
2017,"COUNTY","梓官區",23,0.0043379856657865
2017,"COUNTY","楊梅區",19,0.0035835533760845
2017,"COUNTY","樹林區",55,0.0103734439834025
2017,"COUNTY","橋頭區",1,0.0001886080724255
2017,"COUNTY","民雄鄉",7,0.0013202565069785
2017,"COUNTY","永和區",20,0.00377216144851
2017,"COUNTY","永康區",51,0.00961901169370049
2017,"COUNTY","汐止區",54,0.010184835910977
2017,"COUNTY","池上鄉",22,0.004149377593361
2017,"COUNTY","泰安鄉",39,0.00735571482459449
2017,"COUNTY","泰武鄉",31,0.00584685024519049
2017,"COUNTY","海端鄉",22,0.004149377593361
2017,"COUNTY","清水區",23,0.0043379856657865
2017,"COUNTY","湖口鄉",27,0.00509241795548849
2017,"COUNTY","滿州鄉",22,0.004149377593361
2017,"COUNTY","潭子區",11,0.0020746887966805
2017,"COUNTY","潮州鎮",49,0.00924179554884949
2017,"COUNTY","烏來區",20,0.00377216144851
2017,"COUNTY","烏日區",14,0.002640513013957
2017,"COUNTY","牡丹鄉",32,0.00603545831761599
2017,"COUNTY","獅子鄉",24,0.004526593738212
2017,"COUNTY","獅潭鄉",2,0.000377216144851
2017,"COUNTY","玉里鎮",63,0.0118823085628065
2017,"COUNTY","瑞穗鄉",73,0.0137683892870615
2017,"COUNTY","瑞芳區",23,0.0043379856657865
2017,"COUNTY","瑪家鄉",52,0.00980761976612599
2017,"COUNTY","礁溪鄉",1,0.0001886080724255
2017,"COUNTY","秀林鄉",100,0.01886080724255
2017,"COUNTY","竹北市",6,0.001131648434553
2017,"COUNTY","竹東鎮",47,0.00886457940399849
2017,"COUNTY","綠島鄉",2,0.000377216144851
2017,"COUNTY","羅東鎮",9,0.0016974726518295
2017,"COUNTY","臺東市",197,0.0371557902678235
2017,"COUNTY","花蓮市",124,0.023387400980762
2017,"COUNTY","苓雅區",10,0.001886080724255
2017,"COUNTY","苗栗市",28,0.00528102602791399
2017,"COUNTY","茂林區",13,0.0024519049415315
2017,"COUNTY","草屯鎮",17,0.0032063372312335
2017,"COUNTY","萬巒鄉",6,0.001131648434553
2017,"COUNTY","萬榮鄉",50,0.00943040362127499
2017,"COUNTY","萬華區",2,0.000377216144851
2017,"COUNTY","蘆洲區",34,0.00641267446246699
2017,"COUNTY","蘆竹區",42,0.00792153904187099
2017,"COUNTY","蘇澳鎮",4,0.000754432289701999
2017,"COUNTY","蘭嶼鄉",31,0.00584685024519049
2017,"COUNTY","西屯區",18,0.003394945303659
2017,"COUNTY","觀音區",56,0.010562052055828
2017,"COUNTY","豐原區",19,0.0035835533760845
2017,"COUNTY","豐濱鄉",22,0.004149377593361
2017,"COUNTY","達仁鄉",40,0.00754432289701999
2017,"COUNTY","那瑪夏區",17,0.0032063372312335
2017,"COUNTY","金峰鄉",28,0.00528102602791399
2017,"COUNTY","長治鄉",24,0.004526593738212
2017,"COUNTY","長濱鄉",56,0.010562052055828
2017,"COUNTY","關山鎮",22,0.004149377593361
2017,"COUNTY","關西鎮",5,0.000943040362127499
2017,"COUNTY","阿里山鄉",27,0.00509241795548849
2017,"COUNTY","霧臺鄉",5,0.000943040362127499
2017,"COUNTY","頭份鎮",33,0.00622406639004149
2017,"COUNTY","馬公市",36,0.00678989060731799
2017,"COUNTY","魚池鄉",6,0.001131648434553
2017,"COUNTY","鳥松區",8,0.001508864579404
2017,"COUNTY","鳳山區",65,0.0122595247076575
2017,"COUNTY","鳳林鎮",22,0.004149377593361
2017,"COUNTY","鹿野鄉",25,0.0047152018106375
2017,"COUNTY","鼓山區",17,0.0032063372312335
2017,"COUNTY","龍潭區",61,0.0115050924179555
2017,"COUNTY","龜山區",46,0.00867597133157299
2017,"COUNTY_MAPPING_STATUS","single_township",5302,1
2017,"COUNTY_ORIGINAL","七堵區",10,0.001886080724255
2017,"COUNTY_ORIGINAL","三地門鄉",54,0.010184835910977
2017,"COUNTY_ORIGINAL","三峽區",23,0.0043379856657865
2017,"COUNTY_ORIGINAL","三民區",32,0.00603545831761599
2017,"COUNTY_ORIGINAL","三重區",21,0.0039607695209355
2017,"COUNTY_ORIGINAL","中和區",47,0.00886457940399849
2017,"COUNTY_ORIGINAL","中埔鄉",14,0.002640513013957
2017,"COUNTY_ORIGINAL","中壢區",68,0.012825348924934
2017,"COUNTY_ORIGINAL","中山區",3,0.000565824217276499
2017,"COUNTY_ORIGINAL","中正區",49,0.00924179554884949
2017,"COUNTY_ORIGINAL","五峰鄉",39,0.00735571482459449
2017,"COUNTY_ORIGINAL","五結鄉",8,0.001508864579404
2017,"COUNTY_ORIGINAL","五股區",23,0.0043379856657865
2017,"COUNTY_ORIGINAL","仁德區",21,0.0039607695209355
2017,"COUNTY_ORIGINAL","仁愛區",10,0.001886080724255
2017,"COUNTY_ORIGINAL","仁愛鄉",97,0.0182949830252735
2017,"COUNTY_ORIGINAL","仁武區",11,0.0020746887966805
2017,"COUNTY_ORIGINAL","來義鄉",65,0.0122595247076575
2017,"COUNTY_ORIGINAL","信義鄉",89,0.0167861184458695
2017,"COUNTY_ORIGINAL","光復鄉",40,0.00754432289701999
2017,"COUNTY_ORIGINAL","內湖區",14,0.002640513013957
2017,"COUNTY_ORIGINAL","八德區",49,0.00924179554884949
2017,"COUNTY_ORIGINAL","八里區",2,0.000377216144851
2017,"COUNTY_ORIGINAL","六龜區",2,0.000377216144851
2017,"COUNTY_ORIGINAL","冬山鄉",4,0.000754432289701999
2017,"COUNTY_ORIGINAL","前鎮區",5,0.000943040362127499
2017,"COUNTY_ORIGINAL","北區",25,0.0047152018106375
2017,"COUNTY_ORIGINAL","北屯區",35,0.00660128253489249
2017,"COUNTY_ORIGINAL","北投區",43,0.00811014711429649
2017,"COUNTY_ORIGINAL","北港鎮",1,0.0001886080724255
2017,"COUNTY_ORIGINAL","卑南鄉",71,0.0133911731422105
2017,"COUNTY_ORIGINAL","卓溪鄉",38,0.00716710675216899
2017,"COUNTY_ORIGINAL","南區",39,0.00735571482459449
2017,"COUNTY_ORIGINAL","南屯區",8,0.001508864579404
2017,"COUNTY_ORIGINAL","南庄鄉",22,0.004149377593361
2017,"COUNTY_ORIGINAL","南投市",17,0.0032063372312335
2017,"COUNTY_ORIGINAL","南港區",42,0.00792153904187099
2017,"COUNTY_ORIGINAL","南澳鄉",61,0.0115050924179555
2017,"COUNTY_ORIGINAL","吉安鄉",128,0.024141833270464
2017,"COUNTY_ORIGINAL","和平區",38,0.00716710675216899
2017,"COUNTY_ORIGINAL","和美鎮",19,0.0035835533760845
2017,"COUNTY_ORIGINAL","員山鄉",20,0.00377216144851
2017,"COUNTY_ORIGINAL","員林鎮",14,0.002640513013957
2017,"COUNTY_ORIGINAL","土城區",54,0.010184835910977
2017,"COUNTY_ORIGINAL","埔心鄉",17,0.0032063372312335
2017,"COUNTY_ORIGINAL","埔里鎮",35,0.00660128253489249
2017,"COUNTY_ORIGINAL","士林區",13,0.0024519049415315
2017,"COUNTY_ORIGINAL","壯圍鄉",1,0.0001886080724255
2017,"COUNTY_ORIGINAL","壽豐鄉",60,0.01131648434553
2017,"COUNTY_ORIGINAL","大同區",14,0.002640513013957
2017,"COUNTY_ORIGINAL","大同鄉",28,0.00528102602791399
2017,"COUNTY_ORIGINAL","大園區",69,0.0130139569973595
2017,"COUNTY_ORIGINAL","大安區",1,0.0001886080724255
2017,"COUNTY_ORIGINAL","大寮區",14,0.002640513013957
2017,"COUNTY_ORIGINAL","大武鄉",19,0.0035835533760845
2017,"COUNTY_ORIGINAL","大溪區",12,0.002263296869106
2017,"COUNTY_ORIGINAL","大肚區",37,0.00697849867974349
2017,"COUNTY_ORIGINAL","大里區",1,0.0001886080724255
2017,"COUNTY_ORIGINAL","大雅區",5,0.000943040362127499
2017,"COUNTY_ORIGINAL","太保市",6,0.001131648434553
2017,"COUNTY_ORIGINAL","太平區",75,0.0141456054319125
2017,"COUNTY_ORIGINAL","太麻里鄉",49,0.00924179554884949
2017,"COUNTY_ORIGINAL","官田區",20,0.00377216144851
2017,"COUNTY_ORIGINAL","宜蘭市",38,0.00716710675216899
2017,"COUNTY_ORIGINAL","富里鄉",17,0.0032063372312335
2017,"COUNTY_ORIGINAL","小港區",54,0.010184835910977
2017,"COUNTY_ORIGINAL","尖石鄉",52,0.00980761976612599
2017,"COUNTY_ORIGINAL","屏東市",58,0.010939268200679
2017,"COUNTY_ORIGINAL","崙背鄉",1,0.0001886080724255
2017,"COUNTY_ORIGINAL","左營區",40,0.00754432289701999
2017,"COUNTY_ORIGINAL","平鎮區",52,0.00980761976612599
2017,"COUNTY_ORIGINAL","延平鄉",24,0.004526593738212
2017,"COUNTY_ORIGINAL","彰化市",18,0.003394945303659
2017,"COUNTY_ORIGINAL","復興區",65,0.0122595247076575
2017,"COUNTY_ORIGINAL","成功鎮",87,0.0164089023010185
2017,"COUNTY_ORIGINAL","文山區",34,0.00641267446246699
2017,"COUNTY_ORIGINAL","斗六市",16,0.003017729158808
2017,"COUNTY_ORIGINAL","斗南鎮",18,0.003394945303659
2017,"COUNTY_ORIGINAL","新化區",14,0.002640513013957
2017,"COUNTY_ORIGINAL","新城鄉",61,0.0115050924179555
2017,"COUNTY_ORIGINAL","新屋區",41,0.00773293096944549
2017,"COUNTY_ORIGINAL","新店區",57,0.0107506601282535
2017,"COUNTY_ORIGINAL","新莊區",45,0.00848736325914749
2017,"COUNTY_ORIGINAL","春日鄉",46,0.00867597133157299
2017,"COUNTY_ORIGINAL","暖暖區",21,0.0039607695209355
2017,"COUNTY_ORIGINAL","東區",132,0.024896265560166
2017,"COUNTY_ORIGINAL","東河鄉",25,0.0047152018106375
2017,"COUNTY_ORIGINAL","松山區",25,0.0047152018106375
2017,"COUNTY_ORIGINAL","板橋區",54,0.010184835910977
2017,"COUNTY_ORIGINAL","枋寮鄉",9,0.0016974726518295
2017,"COUNTY_ORIGINAL","桃園區",59,0.0111278762731045
2017,"COUNTY_ORIGINAL","桃源區",28,0.00528102602791399
2017,"COUNTY_ORIGINAL","梓官區",23,0.0043379856657865
2017,"COUNTY_ORIGINAL","楊梅區",19,0.0035835533760845
2017,"COUNTY_ORIGINAL","樹林區",55,0.0103734439834025
2017,"COUNTY_ORIGINAL","橋頭區",1,0.0001886080724255
2017,"COUNTY_ORIGINAL","民雄鄉",7,0.0013202565069785
2017,"COUNTY_ORIGINAL","永和區",20,0.00377216144851
2017,"COUNTY_ORIGINAL","永康區",51,0.00961901169370049
2017,"COUNTY_ORIGINAL","汐止區",54,0.010184835910977
2017,"COUNTY_ORIGINAL","池上鄉",22,0.004149377593361
2017,"COUNTY_ORIGINAL","泰安鄉",39,0.00735571482459449
2017,"COUNTY_ORIGINAL","泰武鄉",31,0.00584685024519049
2017,"COUNTY_ORIGINAL","海端鄉",22,0.004149377593361
2017,"COUNTY_ORIGINAL","清水區",23,0.0043379856657865
2017,"COUNTY_ORIGINAL","湖口鄉",27,0.00509241795548849
2017,"COUNTY_ORIGINAL","滿州鄉",22,0.004149377593361
2017,"COUNTY_ORIGINAL","潭子區",11,0.0020746887966805
2017,"COUNTY_ORIGINAL","潮州鎮",49,0.00924179554884949
2017,"COUNTY_ORIGINAL","烏來區",20,0.00377216144851
2017,"COUNTY_ORIGINAL","烏日區",14,0.002640513013957
2017,"COUNTY_ORIGINAL","牡丹鄉",32,0.00603545831761599
2017,"COUNTY_ORIGINAL","獅子鄉",24,0.004526593738212
2017,"COUNTY_ORIGINAL","獅潭鄉",2,0.000377216144851
2017,"COUNTY_ORIGINAL","玉里鎮",63,0.0118823085628065
2017,"COUNTY_ORIGINAL","瑞穗鄉",73,0.0137683892870615
2017,"COUNTY_ORIGINAL","瑞芳區",23,0.0043379856657865
2017,"COUNTY_ORIGINAL","瑪家鄉",52,0.00980761976612599
2017,"COUNTY_ORIGINAL","礁溪鄉",1,0.0001886080724255
2017,"COUNTY_ORIGINAL","秀林鄉",100,0.01886080724255
2017,"COUNTY_ORIGINAL","竹北市",6,0.001131648434553
2017,"COUNTY_ORIGINAL","竹東鎮",47,0.00886457940399849
2017,"COUNTY_ORIGINAL","綠島鄉",2,0.000377216144851
2017,"COUNTY_ORIGINAL","羅東鎮",9,0.0016974726518295
2017,"COUNTY_ORIGINAL","臺東市",197,0.0371557902678235
2017,"COUNTY_ORIGINAL","花蓮市",124,0.023387400980762
2017,"COUNTY_ORIGINAL","苓雅區",10,0.001886080724255
2017,"COUNTY_ORIGINAL","苗栗市",28,0.00528102602791399
2017,"COUNTY_ORIGINAL","茂林區",13,0.0024519049415315
2017,"COUNTY_ORIGINAL","草屯鎮",17,0.0032063372312335
2017,"COUNTY_ORIGINAL","萬巒鄉",6,0.001131648434553
2017,"COUNTY_ORIGINAL","萬榮鄉",50,0.00943040362127499
2017,"COUNTY_ORIGINAL","萬華區",2,0.000377216144851
2017,"COUNTY_ORIGINAL","蘆洲區",34,0.00641267446246699
2017,"COUNTY_ORIGINAL","蘆竹區",42,0.00792153904187099
2017,"COUNTY_ORIGINAL","蘇澳鎮",4,0.000754432289701999
2017,"COUNTY_ORIGINAL","蘭嶼鄉",31,0.00584685024519049
2017,"COUNTY_ORIGINAL","西屯區",18,0.003394945303659
2017,"COUNTY_ORIGINAL","觀音區",56,0.010562052055828
2017,"COUNTY_ORIGINAL","豐原區",19,0.0035835533760845
2017,"COUNTY_ORIGINAL","豐濱鄉",22,0.004149377593361
2017,"COUNTY_ORIGINAL","達仁鄉",40,0.00754432289701999
2017,"COUNTY_ORIGINAL","那瑪夏區",17,0.0032063372312335
2017,"COUNTY_ORIGINAL","金峰鄉",28,0.00528102602791399
2017,"COUNTY_ORIGINAL","長治鄉",24,0.004526593738212
2017,"COUNTY_ORIGINAL","長濱鄉",56,0.010562052055828
2017,"COUNTY_ORIGINAL","關山鎮",22,0.004149377593361
2017,"COUNTY_ORIGINAL","關西鎮",5,0.000943040362127499
2017,"COUNTY_ORIGINAL","阿里山鄉",27,0.00509241795548849
2017,"COUNTY_ORIGINAL","霧臺鄉",5,0.000943040362127499
2017,"COUNTY_ORIGINAL","頭份鎮",33,0.00622406639004149
2017,"COUNTY_ORIGINAL","馬公市",36,0.00678989060731799
2017,"COUNTY_ORIGINAL","魚池鄉",6,0.001131648434553
2017,"COUNTY_ORIGINAL","鳥松區",8,0.001508864579404
2017,"COUNTY_ORIGINAL","鳳山區",65,0.0122595247076575
2017,"COUNTY_ORIGINAL","鳳林鎮",22,0.004149377593361
2017,"COUNTY_ORIGINAL","鹿野鄉",25,0.0047152018106375
2017,"COUNTY_ORIGINAL","鼓山區",17,0.0032063372312335
2017,"COUNTY_ORIGINAL","龍潭區",61,0.0115050924179555
2017,"COUNTY_ORIGINAL","龜山區",46,0.00867597133157299
2017,"EDU","不識字/自修",146,0.027536778574123
2017,"EDU","國(初)中",1195,0.225386646548472
2017,"EDU","國小",1084,0.204451150509242
2017,"EDU","專科以上",984,0.185590343266692
2017,"EDU","高中職",1893,0.357035081101471
2017,"EXP_ALCOHOL_EXPENDITURE","1,000-1,999 元",640,0.12070916635232
2017,"EXP_ALCOHOL_EXPENDITURE","10,000-14,999 元",94,0.017729158807997
2017,"EXP_ALCOHOL_EXPENDITURE","15,000-19,999 元",22,0.004149377593361
2017,"EXP_ALCOHOL_EXPENDITURE","2,000-2,999 元",519,0.0978875895888344
2017,"EXP_ALCOHOL_EXPENDITURE","20,000-29,999 元",8,0.001508864579404
2017,"EXP_ALCOHOL_EXPENDITURE","3,000-3,999 元",498,0.0939268200678989
2017,"EXP_ALCOHOL_EXPENDITURE","4,000-4,999 元",219,0.0413051678611845
2017,"EXP_ALCOHOL_EXPENDITURE","499 元及以下",561,0.105809128630705
2017,"EXP_ALCOHOL_EXPENDITURE","5,000-6,999 元",271,0.0511127876273104
2017,"EXP_ALCOHOL_EXPENDITURE","500-999 元",944,0.178046020369672
2017,"EXP_ALCOHOL_EXPENDITURE","7,000-9,999 元",137,0.0258393059222935
2017,"EXP_ALCOHOL_EXPENDITURE","沒有這項支出",1389,0.261976612599019
2017,"EXP_ALCOHOL_EXPENDITURE_VALUE_SOURCE","source_question",5302,1
2017,"EXP_BOOKS_EXPENDITURE","1,000元~未滿2,000元",255,0.0480950584685025
2017,"EXP_BOOKS_EXPENDITURE","10,000元~未滿15,000元",4,0.000754432289701999
2017,"EXP_BOOKS_EXPENDITURE","2,000元~未滿3,000元",53,0.00999622783855149
2017,"EXP_BOOKS_EXPENDITURE","20,000元~未滿30,000元",1,0.0001886080724255
2017,"EXP_BOOKS_EXPENDITURE","3,000元~未滿4,000元",25,0.0047152018106375
2017,"EXP_BOOKS_EXPENDITURE","4,000元~未滿5,000元",9,0.0016974726518295
2017,"EXP_BOOKS_EXPENDITURE","5,000元~未滿7,000元",8,0.001508864579404
2017,"EXP_BOOKS_EXPENDITURE","7,000元~未滿10,000元",2,0.000377216144851
2017,"EXP_BOOKS_EXPENDITURE","80000",1,0.0001886080724255
2017,"EXP_BOOKS_EXPENDITURE","未滿1,000元",1187,0.223877781969068
2017,"EXP_BOOKS_EXPENDITURE","沒有這項支出",3757,0.708600528102603
2017,"EXP_BOOKS_EXPENDITURE_VALUE_SOURCE","indicator_no_zero",3757,0.708600528102603
2017,"EXP_BOOKS_EXPENDITURE_VALUE_SOURCE","open_amount",1,0.0001886080724255
2017,"EXP_BOOKS_EXPENDITURE_VALUE_SOURCE","source_question",1544,0.291210863824972
2017,"EXP_CARE_EXPENDITURE","1,000元~未滿2,000元",27,0.00509241795548849
2017,"EXP_CARE_EXPENDITURE","10,000元~未滿15,000元",22,0.004149377593361
2017,"EXP_CARE_EXPENDITURE","15,000元~未滿20,000元",27,0.00509241795548849
2017,"EXP_CARE_EXPENDITURE","2,000元~未滿3,000元",25,0.0047152018106375
2017,"EXP_CARE_EXPENDITURE","20,000元~未滿30,000元",49,0.00924179554884949
2017,"EXP_CARE_EXPENDITURE","3,000元~未滿4,000元",22,0.004149377593361
2017,"EXP_CARE_EXPENDITURE","30000",3,0.000565824217276499
2017,"EXP_CARE_EXPENDITURE","33000",1,0.0001886080724255
2017,"EXP_CARE_EXPENDITURE","34000",1,0.0001886080724255
2017,"EXP_CARE_EXPENDITURE","35000",3,0.000565824217276499
2017,"EXP_CARE_EXPENDITURE","4,000元~未滿5,000元",24,0.004526593738212
2017,"EXP_CARE_EXPENDITURE","40000",1,0.0001886080724255
2017,"EXP_CARE_EXPENDITURE","5,000元~未滿7,000元",14,0.002640513013957
2017,"EXP_CARE_EXPENDITURE","65000",1,0.0001886080724255
2017,"EXP_CARE_EXPENDITURE","7,000元~未滿10,000元",21,0.0039607695209355
2017,"EXP_CARE_EXPENDITURE","80414",1,0.0001886080724255
2017,"EXP_CARE_EXPENDITURE","未滿1,000元",19,0.0035835533760845
2017,"EXP_CARE_EXPENDITURE","沒有這項支出",5041,0.950773293096945
2017,"EXP_CARE_EXPENDITURE_VALUE_SOURCE","indicator_no_zero",5041,0.950773293096945
2017,"EXP_CARE_EXPENDITURE_VALUE_SOURCE","open_amount",11,0.0020746887966805
2017,"EXP_CARE_EXPENDITURE_VALUE_SOURCE","source_question",250,0.047152018106375
2017,"EXP_CLEANING_EXPENDITURE","1,000-1,999 元",6,0.001131648434553
2017,"EXP_CLEANING_EXPENDITURE","10,000-14,999 元",1,0.0001886080724255
2017,"EXP_CLEANING_EXPENDITURE","2,000-2,999 元",5,0.000943040362127499
2017,"EXP_CLEANING_EXPENDITURE","20,000-29,999 元",8,0.001508864579404
2017,"EXP_CLEANING_EXPENDITURE","3,000-3,999 元",1,0.0001886080724255
2017,"EXP_CLEANING_EXPENDITURE","32000",1,0.0001886080724255
2017,"EXP_CLEANING_EXPENDITURE","4,000-4,999 元",1,0.0001886080724255
2017,"EXP_CLEANING_EXPENDITURE","5,000-6,999 元",3,0.000565824217276499
2017,"EXP_CLEANING_EXPENDITURE","7,000-9,999 元",3,0.000565824217276499
2017,"EXP_CLEANING_EXPENDITURE","999 元及以下",13,0.0024519049415315
2017,"EXP_CLEANING_EXPENDITURE","沒有這項支出",5260,0.992078460958129
2017,"EXP_CLEANING_EXPENDITURE_VALUE_SOURCE","indicator_no_zero",5260,0.992078460958129
2017,"EXP_CLEANING_EXPENDITURE_VALUE_SOURCE","open_amount",1,0.0001886080724255
2017,"EXP_CLEANING_EXPENDITURE_VALUE_SOURCE","source_question",41,0.00773293096944549
2017,"EXP_CLOTHING_EXPENDITURE","1,000元~未滿2,000元",1444,0.272350056582422
2017,"EXP_CLOTHING_EXPENDITURE","10,000元~未滿15,000元",33,0.00622406639004149
2017,"EXP_CLOTHING_EXPENDITURE","15,000元~未滿20,000元",12,0.002263296869106
2017,"EXP_CLOTHING_EXPENDITURE","2,000元~未滿3,000元",886,0.167106752168993
2017,"EXP_CLOTHING_EXPENDITURE","20,000元~未滿30,000元",5,0.000943040362127499
2017,"EXP_CLOTHING_EXPENDITURE","3,000元~未滿4,000元",204,0.038476046774802
2017,"EXP_CLOTHING_EXPENDITURE","4,000元~未滿5,000元",139,0.0262165220671445
2017,"EXP_CLOTHING_EXPENDITURE","5,000元~未滿7,000元",96,0.018106374952848
2017,"EXP_CLOTHING_EXPENDITURE","7,000元~未滿10,000元",34,0.00641267446246699
2017,"EXP_CLOTHING_EXPENDITURE","未滿1,000元",2449,0.461901169370049
2017,"EXP_CLOTHING_EXPENDITURE_VALUE_SOURCE","source_question",5302,1
2017,"EXP_DINING_LODGING_EXPENDITURE","1,000-1,999 元",616,0.116182572614108
2017,"EXP_DINING_LODGING_EXPENDITURE","10,000-14,999 元",280,0.0528102602791399
2017,"EXP_DINING_LODGING_EXPENDITURE","15,000-19,999 元",139,0.0262165220671445
2017,"EXP_DINING_LODGING_EXPENDITURE","2,000-2,999 元",506,0.0954356846473029
2017,"EXP_DINING_LODGING_EXPENDITURE","20,000-29,999 元",90,0.016974726518295
2017,"EXP_DINING_LODGING_EXPENDITURE","3,000-3,999 元",338,0.0637495284798189
2017,"EXP_DINING_LODGING_EXPENDITURE","30000",12,0.002263296869106
2017,"EXP_DINING_LODGING_EXPENDITURE","35000",1,0.0001886080724255
2017,"EXP_DINING_LODGING_EXPENDITURE","4,000-4,999 元",294,0.0554507732930969
2017,"EXP_DINING_LODGING_EXPENDITURE","40000",3,0.000565824217276499
2017,"EXP_DINING_LODGING_EXPENDITURE","45000",3,0.000565824217276499
2017,"EXP_DINING_LODGING_EXPENDITURE","5,000-6,999 元",348,0.0656356092040739
2017,"EXP_DINING_LODGING_EXPENDITURE","50000",2,0.000377216144851
2017,"EXP_DINING_LODGING_EXPENDITURE","54000",1,0.0001886080724255
2017,"EXP_DINING_LODGING_EXPENDITURE","60000",1,0.0001886080724255
2017,"EXP_DINING_LODGING_EXPENDITURE","7,000-9,999 元",234,0.044134288947567
2017,"EXP_DINING_LODGING_EXPENDITURE","70000",1,0.0001886080724255
2017,"EXP_DINING_LODGING_EXPENDITURE","999 元及以下",596,0.112410411165598
2017,"EXP_DINING_LODGING_EXPENDITURE","沒有這項支出",1837,0.346473029045643
2017,"EXP_DINING_LODGING_EXPENDITURE_VALUE_SOURCE","indicator_no_zero",1837,0.346473029045643
2017,"EXP_DINING_LODGING_EXPENDITURE_VALUE_SOURCE","open_amount",24,0.004526593738212
2017,"EXP_DINING_LODGING_EXPENDITURE_VALUE_SOURCE","source_question",3441,0.649000377216145
2017,"EXP_EDU_TUITION_EXPENDITURE","1,000元~未滿2,000元",430,0.0811014711429649
2017,"EXP_EDU_TUITION_EXPENDITURE","10,000元~未滿15,000元",172,0.032440588457186
2017,"EXP_EDU_TUITION_EXPENDITURE","15,000元~未滿20,000元",52,0.00980761976612599
2017,"EXP_EDU_TUITION_EXPENDITURE","2,000元~未滿3,000元",290,0.0546963410033949
2017,"EXP_EDU_TUITION_EXPENDITURE","20,000元~未滿30,000元",32,0.00603545831761599
2017,"EXP_EDU_TUITION_EXPENDITURE","3,000元~未滿4,000元",234,0.044134288947567
2017,"EXP_EDU_TUITION_EXPENDITURE","30000",5,0.000943040362127499
2017,"EXP_EDU_TUITION_EXPENDITURE","31500",1,0.0001886080724255
2017,"EXP_EDU_TUITION_EXPENDITURE","32000",1,0.0001886080724255
2017,"EXP_EDU_TUITION_EXPENDITURE","33000",1,0.0001886080724255
2017,"EXP_EDU_TUITION_EXPENDITURE","33333",1,0.0001886080724255
2017,"EXP_EDU_TUITION_EXPENDITURE","38000",1,0.0001886080724255
2017,"EXP_EDU_TUITION_EXPENDITURE","4,000元~未滿5,000元",211,0.0397963032817805
2017,"EXP_EDU_TUITION_EXPENDITURE","5,000元~未滿7,000元",254,0.047906450396077
2017,"EXP_EDU_TUITION_EXPENDITURE","55000",1,0.0001886080724255
2017,"EXP_EDU_TUITION_EXPENDITURE","63000",1,0.0001886080724255
2017,"EXP_EDU_TUITION_EXPENDITURE","7,000元~未滿10,000元",184,0.034703885326292
2017,"EXP_EDU_TUITION_EXPENDITURE","80000",2,0.000377216144851
2017,"EXP_EDU_TUITION_EXPENDITURE","未滿1,000元",361,0.0680875141456054
2017,"EXP_EDU_TUITION_EXPENDITURE","沒有這項支出",3068,0.578649566201433
2017,"EXP_EDU_TUITION_EXPENDITURE_VALUE_SOURCE","indicator_no_zero",3068,0.578649566201433
2017,"EXP_EDU_TUITION_EXPENDITURE_VALUE_SOURCE","open_amount",14,0.002640513013957
2017,"EXP_EDU_TUITION_EXPENDITURE_VALUE_SOURCE","source_question",2220,0.41870992078461
2017,"EXP_FOOD_EXPENDITURE","10,000-11,999 元",844,0.159185213127122
2017,"EXP_FOOD_EXPENDITURE","12,000-14,999 元",448,0.0844964164466239
2017,"EXP_FOOD_EXPENDITURE","15,000-19,999 元",462,0.0871369294605809
2017,"EXP_FOOD_EXPENDITURE","20,000-29,999 元",428,0.0807242549981139
2017,"EXP_FOOD_EXPENDITURE","3,000-4,999 元",836,0.157676348547718
2017,"EXP_FOOD_EXPENDITURE","30,000-39,999 元",96,0.018106374952848
2017,"EXP_FOOD_EXPENDITURE","40,000-49,999 元",17,0.0032063372312335
2017,"EXP_FOOD_EXPENDITURE","5,000-6,999 元",807,0.152206714447378
2017,"EXP_FOOD_EXPENDITURE","50,000-59,999 元",4,0.000754432289701999
2017,"EXP_FOOD_EXPENDITURE","60,000-69,999 元",4,0.000754432289701999
2017,"EXP_FOOD_EXPENDITURE","7,000-9,999 元",712,0.134288947566956
2017,"EXP_FOOD_EXPENDITURE","未滿3,000元",644,0.121463598642022
2017,"EXP_FOOD_EXPENDITURE_VALUE_SOURCE","source_question",5302,1
2017,"EXP_FURNITURE_EXPENDITURE","1,000元~未滿2,000元",1088,0.205205582798944
2017,"EXP_FURNITURE_EXPENDITURE","10,000元~未滿15,000元",32,0.00603545831761599
2017,"EXP_FURNITURE_EXPENDITURE","15,000元~未滿20,000元",13,0.0024519049415315
2017,"EXP_FURNITURE_EXPENDITURE","2,000元~未滿3,000元",793,0.149566201433421
2017,"EXP_FURNITURE_EXPENDITURE","20,000元~未滿30,000元",18,0.003394945303659
2017,"EXP_FURNITURE_EXPENDITURE","3,000元~未滿4,000元",652,0.122972463221426
2017,"EXP_FURNITURE_EXPENDITURE","4,000元~未滿5,000元",625,0.117880045265937
2017,"EXP_FURNITURE_EXPENDITURE","5,000元~未滿7,000元",610,0.115050924179555
2017,"EXP_FURNITURE_EXPENDITURE","7,000元~未滿10,000元",567,0.106940777065258
2017,"EXP_FURNITURE_EXPENDITURE","未滿1,000元",904,0.170501697472652
2017,"EXP_FURNITURE_EXPENDITURE_VALUE_SOURCE","source_question",5302,1
2017,"EXP_HOUSING_UTIL_EXPENDITURE","1,000-1,499 元",735,0.138626933232742
2017,"EXP_HOUSING_UTIL_EXPENDITURE","1,500-1,999 元",635,0.119766125990192
2017,"EXP_HOUSING_UTIL_EXPENDITURE","10,000-14,999 元",439,0.0827989437947944
2017,"EXP_HOUSING_UTIL_EXPENDITURE","15,000-19,999 元",220,0.04149377593361
2017,"EXP_HOUSING_UTIL_EXPENDITURE","2,000-2,499 元",520,0.0980761976612599
2017,"EXP_HOUSING_UTIL_EXPENDITURE","2,500-2,999 元",605,0.114107883817427
2017,"EXP_HOUSING_UTIL_EXPENDITURE","20,000-29,999 元",115,0.0216899283289325
2017,"EXP_HOUSING_UTIL_EXPENDITURE","3,000-4,999 元",874,0.164843455299887
2017,"EXP_HOUSING_UTIL_EXPENDITURE","30,000-39,999 元",31,0.00584685024519049
2017,"EXP_HOUSING_UTIL_EXPENDITURE","5,000-9,999 元",693,0.130705394190871
2017,"EXP_HOUSING_UTIL_EXPENDITURE","50,000-59,999 元",3,0.000565824217276499
2017,"EXP_HOUSING_UTIL_EXPENDITURE","60,000-69,999 元",2,0.000377216144851
2017,"EXP_HOUSING_UTIL_EXPENDITURE","70,000 元及以上，請記錄____________元",2,0.000377216144851
2017,"EXP_HOUSING_UTIL_EXPENDITURE","999 元及以下",384,0.0724254998113919
2017,"EXP_HOUSING_UTIL_EXPENDITURE","沒有這項支出",44,0.00829875518672199
2017,"EXP_HOUSING_UTIL_EXPENDITURE_VALUE_SOURCE","source_question",5302,1
2017,"EXP_LOAN_INTEREST_EXPENDITURE","1,000元~未滿2,000元",136,0.025650697849868
2017,"EXP_LOAN_INTEREST_EXPENDITURE","10,000元~未滿15,000元",246,0.046397585816673
2017,"EXP_LOAN_INTEREST_EXPENDITURE","100000",2,0.000377216144851
2017,"EXP_LOAN_INTEREST_EXPENDITURE","135000",1,0.0001886080724255
2017,"EXP_LOAN_INTEREST_EXPENDITURE","15,000元~未滿20,000元",132,0.024896265560166
2017,"EXP_LOAN_INTEREST_EXPENDITURE","2,000元~未滿3,000元",138,0.026027913994719
2017,"EXP_LOAN_INTEREST_EXPENDITURE","20,000元~未滿30,000元",152,0.028668427008676
2017,"EXP_LOAN_INTEREST_EXPENDITURE","200000",1,0.0001886080724255
2017,"EXP_LOAN_INTEREST_EXPENDITURE","3,000元~未滿4,000元",126,0.023764617125613
2017,"EXP_LOAN_INTEREST_EXPENDITURE","30000",7,0.0013202565069785
2017,"EXP_LOAN_INTEREST_EXPENDITURE","31000",3,0.000565824217276499
2017,"EXP_LOAN_INTEREST_EXPENDITURE","32000",1,0.0001886080724255
2017,"EXP_LOAN_INTEREST_EXPENDITURE","34000",2,0.000377216144851
2017,"EXP_LOAN_INTEREST_EXPENDITURE","35000",10,0.001886080724255
2017,"EXP_LOAN_INTEREST_EXPENDITURE","36000",1,0.0001886080724255
2017,"EXP_LOAN_INTEREST_EXPENDITURE","37000",1,0.0001886080724255
2017,"EXP_LOAN_INTEREST_EXPENDITURE","39000",1,0.0001886080724255
2017,"EXP_LOAN_INTEREST_EXPENDITURE","4,000元~未滿5,000元",94,0.017729158807997
2017,"EXP_LOAN_INTEREST_EXPENDITURE","40000",7,0.0013202565069785
2017,"EXP_LOAN_INTEREST_EXPENDITURE","45000",2,0.000377216144851
2017,"EXP_LOAN_INTEREST_EXPENDITURE","46000",1,0.0001886080724255
2017,"EXP_LOAN_INTEREST_EXPENDITURE","5,000元~未滿7,000元",163,0.0307431158053565
2017,"EXP_LOAN_INTEREST_EXPENDITURE","50000",5,0.000943040362127499
2017,"EXP_LOAN_INTEREST_EXPENDITURE","55000",1,0.0001886080724255
2017,"EXP_LOAN_INTEREST_EXPENDITURE","60000",5,0.000943040362127499
2017,"EXP_LOAN_INTEREST_EXPENDITURE","7,000元~未滿10,000元",125,0.0235760090531875
2017,"EXP_LOAN_INTEREST_EXPENDITURE","未滿1,000元",128,0.024141833270464
2017,"EXP_LOAN_INTEREST_EXPENDITURE","沒有這項支出",3811,0.71878536401358
2017,"EXP_LOAN_INTEREST_EXPENDITURE_VALUE_SOURCE","indicator_no_zero",3811,0.71878536401358
2017,"EXP_LOAN_INTEREST_EXPENDITURE_VALUE_SOURCE","open_amount",51,0.00961901169370049
2017,"EXP_LOAN_INTEREST_EXPENDITURE_VALUE_SOURCE","source_question",1440,0.27159562429272
2017,"EXP_MEDICAL_EXPENDITURE","1,000-1,999 元",1006,0.189739720860053
2017,"EXP_MEDICAL_EXPENDITURE","10,000-14,999 元",105,0.0198038476046775
2017,"EXP_MEDICAL_EXPENDITURE","15,000-19,999 元",46,0.00867597133157299
2017,"EXP_MEDICAL_EXPENDITURE","2,000-2,999 元",309,0.0582798943794794
2017,"EXP_MEDICAL_EXPENDITURE","20,000-29,999 元",19,0.0035835533760845
2017,"EXP_MEDICAL_EXPENDITURE","3,000-3,999 元",242,0.045643153526971
2017,"EXP_MEDICAL_EXPENDITURE","30,000 元及以上，請記錄________元",17,0.0032063372312335
2017,"EXP_MEDICAL_EXPENDITURE","4,000-4,999 元",216,0.040739343643908
2017,"EXP_MEDICAL_EXPENDITURE","499 元及以下",1437,0.271029800075443
2017,"EXP_MEDICAL_EXPENDITURE","5,000-6,999 元",164,0.030931723877782
2017,"EXP_MEDICAL_EXPENDITURE","500-999 元",1388,0.261788004526594
2017,"EXP_MEDICAL_EXPENDITURE","7,000-9,999 元",165,0.0311203319502075
2017,"EXP_MEDICAL_EXPENDITURE","沒有這項支出",188,0.035458317615994
2017,"EXP_MEDICAL_EXPENDITURE_VALUE_SOURCE","source_question",5302,1
2017,"EXP_OTHER_EXPENDITURE","1,000元~未滿2,000元",1319,0.248774047529234
2017,"EXP_OTHER_EXPENDITURE","10,000元~未滿15,000元",29,0.00546963410033949
2017,"EXP_OTHER_EXPENDITURE","100000",1,0.0001886080724255
2017,"EXP_OTHER_EXPENDITURE","15,000元~未滿20,000元",8,0.001508864579404
2017,"EXP_OTHER_EXPENDITURE","2,000元~未滿3,000元",867,0.163523198792908
2017,"EXP_OTHER_EXPENDITURE","20,000元~未滿30,000元",14,0.002640513013957
2017,"EXP_OTHER_EXPENDITURE","3,000元~未滿4,000元",502,0.0946812523576009
2017,"EXP_OTHER_EXPENDITURE","35000",1,0.0001886080724255
2017,"EXP_OTHER_EXPENDITURE","36000",1,0.0001886080724255
2017,"EXP_OTHER_EXPENDITURE","4,000元~未滿5,000元",463,0.0873255375330064
2017,"EXP_OTHER_EXPENDITURE","5,000元~未滿7,000元",115,0.0216899283289325
2017,"EXP_OTHER_EXPENDITURE","50000",1,0.0001886080724255
2017,"EXP_OTHER_EXPENDITURE","7,000元~未滿10,000元",60,0.01131648434553
2017,"EXP_OTHER_EXPENDITURE","未滿1,000元",1921,0.362316107129385
2017,"EXP_OTHER_EXPENDITURE_VALUE_SOURCE","open_amount",4,0.000754432289701999
2017,"EXP_OTHER_EXPENDITURE_VALUE_SOURCE","source_question",5298,0.999245567710298
2017,"EXP_TAX_INS_GIFT_EXPENDITURE","1,000-1,499 元",891,0.16804979253112
2017,"EXP_TAX_INS_GIFT_EXPENDITURE","1,500-1,999 元",494,0.0931723877781969
2017,"EXP_TAX_INS_GIFT_EXPENDITURE","10,000-14,999 元",164,0.030931723877782
2017,"EXP_TAX_INS_GIFT_EXPENDITURE","15,000-19,999 元",62,0.011693700490381
2017,"EXP_TAX_INS_GIFT_EXPENDITURE","2,000-2,499 元",487,0.0918521312712184
2017,"EXP_TAX_INS_GIFT_EXPENDITURE","2,500-2,999 元",549,0.103545831761599
2017,"EXP_TAX_INS_GIFT_EXPENDITURE","20,000-29,999 元",46,0.00867597133157299
2017,"EXP_TAX_INS_GIFT_EXPENDITURE","3,000-3,999 元",603,0.113730667672576
2017,"EXP_TAX_INS_GIFT_EXPENDITURE","30,000 元及以上，請記錄________元",22,0.004149377593361
2017,"EXP_TAX_INS_GIFT_EXPENDITURE","4,000-4,999 元",408,0.0769520935496039
2017,"EXP_TAX_INS_GIFT_EXPENDITURE","5,000-6,999 元",520,0.0980761976612599
2017,"EXP_TAX_INS_GIFT_EXPENDITURE","7,000-9,999 元",242,0.045643153526971
2017,"EXP_TAX_INS_GIFT_EXPENDITURE","999 元及以下",614,0.115805356469257
2017,"EXP_TAX_INS_GIFT_EXPENDITURE","沒有這項支出",200,0.0377216144851
2017,"EXP_TAX_INS_GIFT_EXPENDITURE_VALUE_SOURCE","source_question",5302,1
2017,"EXP_TRANSPORT_COMM_EXPENDITURE","1,000-1,999 元",768,0.144850999622784
2017,"EXP_TRANSPORT_COMM_EXPENDITURE","10,000-14,999 元",369,0.0695963787250094
2017,"EXP_TRANSPORT_COMM_EXPENDITURE","15,000-19,999 元",114,0.021501320256507
2017,"EXP_TRANSPORT_COMM_EXPENDITURE","2,000-2,999 元",767,0.144662391550358
2017,"EXP_TRANSPORT_COMM_EXPENDITURE","20,000-29,999 元",75,0.0141456054319125
2017,"EXP_TRANSPORT_COMM_EXPENDITURE","3,000-3,999 元",742,0.139947189739721
2017,"EXP_TRANSPORT_COMM_EXPENDITURE","30,000 元及以上，請記錄________元",21,0.0039607695209355
2017,"EXP_TRANSPORT_COMM_EXPENDITURE","4,000-4,999 元",540,0.10184835910977
2017,"EXP_TRANSPORT_COMM_EXPENDITURE","5,000-6,999 元",751,0.14164466239155
2017,"EXP_TRANSPORT_COMM_EXPENDITURE","7,000-9,999 元",473,0.0892116182572614
2017,"EXP_TRANSPORT_COMM_EXPENDITURE","999 元及以下",632,0.119200301772916
2017,"EXP_TRANSPORT_COMM_EXPENDITURE","沒有這項支出",50,0.00943040362127499
2017,"EXP_TRANSPORT_COMM_EXPENDITURE_VALUE_SOURCE","source_question",5302,1
2017,"EXP_TRAVEL_EXPENDITURE","1,000元~未滿2,000元",404,0.0761976612599019
2017,"EXP_TRAVEL_EXPENDITURE","10,000元~未滿15,000元",45,0.00848736325914749
2017,"EXP_TRAVEL_EXPENDITURE","100000",1,0.0001886080724255
2017,"EXP_TRAVEL_EXPENDITURE","15,000元~未滿20,000元",17,0.0032063372312335
2017,"EXP_TRAVEL_EXPENDITURE","2,000元~未滿3,000元",207,0.0390418709920785
2017,"EXP_TRAVEL_EXPENDITURE","20,000元~未滿30,000元",25,0.0047152018106375
2017,"EXP_TRAVEL_EXPENDITURE","200000",1,0.0001886080724255
2017,"EXP_TRAVEL_EXPENDITURE","3,000元~未滿4,000元",93,0.0175405507355715
2017,"EXP_TRAVEL_EXPENDITURE","30000",2,0.000377216144851
2017,"EXP_TRAVEL_EXPENDITURE","30514",1,0.0001886080724255
2017,"EXP_TRAVEL_EXPENDITURE","35000",2,0.000377216144851
2017,"EXP_TRAVEL_EXPENDITURE","4,000元~未滿5,000元",97,0.0182949830252735
2017,"EXP_TRAVEL_EXPENDITURE","40000",1,0.0001886080724255
2017,"EXP_TRAVEL_EXPENDITURE","5,000元~未滿7,000元",85,0.0160316861561675
2017,"EXP_TRAVEL_EXPENDITURE","50000",4,0.000754432289701999
2017,"EXP_TRAVEL_EXPENDITURE","60000",2,0.000377216144851
2017,"EXP_TRAVEL_EXPENDITURE","66666",1,0.0001886080724255
2017,"EXP_TRAVEL_EXPENDITURE","7,000元~未滿10,000元",42,0.00792153904187099
2017,"EXP_TRAVEL_EXPENDITURE","80000",2,0.000377216144851
2017,"EXP_TRAVEL_EXPENDITURE","未滿1,000元",522,0.0984534138061109
2017,"EXP_TRAVEL_EXPENDITURE","沒有這項支出",3748,0.706903055450773
2017,"EXP_TRAVEL_EXPENDITURE_VALUE_SOURCE","indicator_no_zero",3748,0.706903055450773
2017,"EXP_TRAVEL_EXPENDITURE_VALUE_SOURCE","open_amount",17,0.0032063372312335
2017,"EXP_TRAVEL_EXPENDITURE_VALUE_SOURCE","source_question",1537,0.289890607317993
2017,"GEOGRAPHY_KEY","南投縣::仁愛鄉",97,0.0182949830252735
2017,"GEOGRAPHY_KEY","南投縣::信義鄉",89,0.0167861184458695
2017,"GEOGRAPHY_KEY","南投縣::南投市",17,0.0032063372312335
2017,"GEOGRAPHY_KEY","南投縣::埔里鎮",35,0.00660128253489249
2017,"GEOGRAPHY_KEY","南投縣::草屯鎮",17,0.0032063372312335
2017,"GEOGRAPHY_KEY","南投縣::魚池鄉",6,0.001131648434553
2017,"GEOGRAPHY_KEY","嘉義市::東區",37,0.00697849867974349
2017,"GEOGRAPHY_KEY","嘉義縣::中埔鄉",14,0.002640513013957
2017,"GEOGRAPHY_KEY","嘉義縣::太保市",6,0.001131648434553
2017,"GEOGRAPHY_KEY","嘉義縣::民雄鄉",7,0.0013202565069785
2017,"GEOGRAPHY_KEY","嘉義縣::阿里山鄉",27,0.00509241795548849
2017,"GEOGRAPHY_KEY","基隆市::七堵區",10,0.001886080724255
2017,"GEOGRAPHY_KEY","基隆市::中正區",44,0.00829875518672199
2017,"GEOGRAPHY_KEY","基隆市::仁愛區",10,0.001886080724255
2017,"GEOGRAPHY_KEY","基隆市::暖暖區",21,0.0039607695209355
2017,"GEOGRAPHY_KEY","宜蘭縣::五結鄉",8,0.001508864579404
2017,"GEOGRAPHY_KEY","宜蘭縣::冬山鄉",4,0.000754432289701999
2017,"GEOGRAPHY_KEY","宜蘭縣::南澳鄉",61,0.0115050924179555
2017,"GEOGRAPHY_KEY","宜蘭縣::員山鄉",20,0.00377216144851
2017,"GEOGRAPHY_KEY","宜蘭縣::壯圍鄉",1,0.0001886080724255
2017,"GEOGRAPHY_KEY","宜蘭縣::大同鄉",28,0.00528102602791399
2017,"GEOGRAPHY_KEY","宜蘭縣::宜蘭市",38,0.00716710675216899
2017,"GEOGRAPHY_KEY","宜蘭縣::礁溪鄉",1,0.0001886080724255
2017,"GEOGRAPHY_KEY","宜蘭縣::羅東鎮",9,0.0016974726518295
2017,"GEOGRAPHY_KEY","宜蘭縣::蘇澳鎮",4,0.000754432289701999
2017,"GEOGRAPHY_KEY","屏東縣::三地門鄉",54,0.010184835910977
2017,"GEOGRAPHY_KEY","屏東縣::來義鄉",65,0.0122595247076575
2017,"GEOGRAPHY_KEY","屏東縣::屏東市",58,0.010939268200679
2017,"GEOGRAPHY_KEY","屏東縣::春日鄉",46,0.00867597133157299
2017,"GEOGRAPHY_KEY","屏東縣::枋寮鄉",9,0.0016974726518295
2017,"GEOGRAPHY_KEY","屏東縣::泰武鄉",31,0.00584685024519049
2017,"GEOGRAPHY_KEY","屏東縣::滿州鄉",22,0.004149377593361
2017,"GEOGRAPHY_KEY","屏東縣::潮州鎮",49,0.00924179554884949
2017,"GEOGRAPHY_KEY","屏東縣::牡丹鄉",32,0.00603545831761599
2017,"GEOGRAPHY_KEY","屏東縣::獅子鄉",24,0.004526593738212
2017,"GEOGRAPHY_KEY","屏東縣::瑪家鄉",52,0.00980761976612599
2017,"GEOGRAPHY_KEY","屏東縣::萬巒鄉",6,0.001131648434553
2017,"GEOGRAPHY_KEY","屏東縣::長治鄉",24,0.004526593738212
2017,"GEOGRAPHY_KEY","屏東縣::霧臺鄉",5,0.000943040362127499
2017,"GEOGRAPHY_KEY","彰化縣::和美鎮",19,0.0035835533760845
2017,"GEOGRAPHY_KEY","彰化縣::員林鎮",14,0.002640513013957
2017,"GEOGRAPHY_KEY","彰化縣::埔心鄉",17,0.0032063372312335
2017,"GEOGRAPHY_KEY","彰化縣::彰化市",18,0.003394945303659
2017,"GEOGRAPHY_KEY","新北市::三峽區",23,0.0043379856657865
2017,"GEOGRAPHY_KEY","新北市::三重區",21,0.0039607695209355
2017,"GEOGRAPHY_KEY","新北市::中和區",47,0.00886457940399849
2017,"GEOGRAPHY_KEY","新北市::五股區",23,0.0043379856657865
2017,"GEOGRAPHY_KEY","新北市::八里區",2,0.000377216144851
2017,"GEOGRAPHY_KEY","新北市::土城區",54,0.010184835910977
2017,"GEOGRAPHY_KEY","新北市::新店區",57,0.0107506601282535
2017,"GEOGRAPHY_KEY","新北市::新莊區",45,0.00848736325914749
2017,"GEOGRAPHY_KEY","新北市::板橋區",54,0.010184835910977
2017,"GEOGRAPHY_KEY","新北市::樹林區",55,0.0103734439834025
2017,"GEOGRAPHY_KEY","新北市::永和區",20,0.00377216144851
2017,"GEOGRAPHY_KEY","新北市::汐止區",54,0.010184835910977
2017,"GEOGRAPHY_KEY","新北市::烏來區",20,0.00377216144851
2017,"GEOGRAPHY_KEY","新北市::瑞芳區",23,0.0043379856657865
2017,"GEOGRAPHY_KEY","新北市::蘆洲區",34,0.00641267446246699
2017,"GEOGRAPHY_KEY","新竹市::北區",25,0.0047152018106375
2017,"GEOGRAPHY_KEY","新竹市::東區",27,0.00509241795548849
2017,"GEOGRAPHY_KEY","新竹縣::五峰鄉",39,0.00735571482459449
2017,"GEOGRAPHY_KEY","新竹縣::尖石鄉",52,0.00980761976612599
2017,"GEOGRAPHY_KEY","新竹縣::湖口鄉",27,0.00509241795548849
2017,"GEOGRAPHY_KEY","新竹縣::竹北市",6,0.001131648434553
2017,"GEOGRAPHY_KEY","新竹縣::竹東鎮",47,0.00886457940399849
2017,"GEOGRAPHY_KEY","新竹縣::關西鎮",5,0.000943040362127499
2017,"GEOGRAPHY_KEY","桃園市::中壢區",68,0.012825348924934
2017,"GEOGRAPHY_KEY","桃園市::八德區",49,0.00924179554884949
2017,"GEOGRAPHY_KEY","桃園市::大園區",69,0.0130139569973595
2017,"GEOGRAPHY_KEY","桃園市::大溪區",12,0.002263296869106
2017,"GEOGRAPHY_KEY","桃園市::平鎮區",52,0.00980761976612599
2017,"GEOGRAPHY_KEY","桃園市::復興區",65,0.0122595247076575
2017,"GEOGRAPHY_KEY","桃園市::新屋區",41,0.00773293096944549
2017,"GEOGRAPHY_KEY","桃園市::桃園區",59,0.0111278762731045
2017,"GEOGRAPHY_KEY","桃園市::楊梅區",19,0.0035835533760845
2017,"GEOGRAPHY_KEY","桃園市::蘆竹區",42,0.00792153904187099
2017,"GEOGRAPHY_KEY","桃園市::觀音區",56,0.010562052055828
2017,"GEOGRAPHY_KEY","桃園市::龍潭區",61,0.0115050924179555
2017,"GEOGRAPHY_KEY","桃園市::龜山區",46,0.00867597133157299
2017,"GEOGRAPHY_KEY","澎湖縣::馬公市",36,0.00678989060731799
2017,"GEOGRAPHY_KEY","臺中市::北屯區",35,0.00660128253489249
2017,"GEOGRAPHY_KEY","臺中市::南區",25,0.0047152018106375
2017,"GEOGRAPHY_KEY","臺中市::南屯區",8,0.001508864579404
2017,"GEOGRAPHY_KEY","臺中市::和平區",38,0.00716710675216899
2017,"GEOGRAPHY_KEY","臺中市::大肚區",37,0.00697849867974349
2017,"GEOGRAPHY_KEY","臺中市::大里區",1,0.0001886080724255
2017,"GEOGRAPHY_KEY","臺中市::大雅區",5,0.000943040362127499
2017,"GEOGRAPHY_KEY","臺中市::太平區",75,0.0141456054319125
2017,"GEOGRAPHY_KEY","臺中市::東區",22,0.004149377593361
2017,"GEOGRAPHY_KEY","臺中市::清水區",23,0.0043379856657865
2017,"GEOGRAPHY_KEY","臺中市::潭子區",11,0.0020746887966805
2017,"GEOGRAPHY_KEY","臺中市::烏日區",14,0.002640513013957
2017,"GEOGRAPHY_KEY","臺中市::西屯區",18,0.003394945303659
2017,"GEOGRAPHY_KEY","臺中市::豐原區",19,0.0035835533760845
2017,"GEOGRAPHY_KEY","臺北市::中山區",3,0.000565824217276499
2017,"GEOGRAPHY_KEY","臺北市::中正區",5,0.000943040362127499
2017,"GEOGRAPHY_KEY","臺北市::內湖區",14,0.002640513013957
2017,"GEOGRAPHY_KEY","臺北市::北投區",43,0.00811014711429649
2017,"GEOGRAPHY_KEY","臺北市::南港區",42,0.00792153904187099
2017,"GEOGRAPHY_KEY","臺北市::士林區",13,0.0024519049415315
2017,"GEOGRAPHY_KEY","臺北市::大同區",14,0.002640513013957
2017,"GEOGRAPHY_KEY","臺北市::大安區",1,0.0001886080724255
2017,"GEOGRAPHY_KEY","臺北市::文山區",34,0.00641267446246699
2017,"GEOGRAPHY_KEY","臺北市::松山區",25,0.0047152018106375
2017,"GEOGRAPHY_KEY","臺北市::萬華區",2,0.000377216144851
2017,"GEOGRAPHY_KEY","臺南市::仁德區",21,0.0039607695209355
2017,"GEOGRAPHY_KEY","臺南市::南區",14,0.002640513013957
2017,"GEOGRAPHY_KEY","臺南市::官田區",20,0.00377216144851
2017,"GEOGRAPHY_KEY","臺南市::新化區",14,0.002640513013957
2017,"GEOGRAPHY_KEY","臺南市::東區",46,0.00867597133157299
2017,"GEOGRAPHY_KEY","臺南市::永康區",51,0.00961901169370049
2017,"GEOGRAPHY_KEY","臺東縣::卑南鄉",71,0.0133911731422105
2017,"GEOGRAPHY_KEY","臺東縣::大武鄉",19,0.0035835533760845
2017,"GEOGRAPHY_KEY","臺東縣::太麻里鄉",49,0.00924179554884949
2017,"GEOGRAPHY_KEY","臺東縣::延平鄉",24,0.004526593738212
2017,"GEOGRAPHY_KEY","臺東縣::成功鎮",87,0.0164089023010185
2017,"GEOGRAPHY_KEY","臺東縣::東河鄉",25,0.0047152018106375
2017,"GEOGRAPHY_KEY","臺東縣::池上鄉",22,0.004149377593361
2017,"GEOGRAPHY_KEY","臺東縣::海端鄉",22,0.004149377593361
2017,"GEOGRAPHY_KEY","臺東縣::綠島鄉",2,0.000377216144851
2017,"GEOGRAPHY_KEY","臺東縣::臺東市",197,0.0371557902678235
2017,"GEOGRAPHY_KEY","臺東縣::蘭嶼鄉",31,0.00584685024519049
2017,"GEOGRAPHY_KEY","臺東縣::達仁鄉",40,0.00754432289701999
2017,"GEOGRAPHY_KEY","臺東縣::金峰鄉",28,0.00528102602791399
2017,"GEOGRAPHY_KEY","臺東縣::長濱鄉",56,0.010562052055828
2017,"GEOGRAPHY_KEY","臺東縣::關山鎮",22,0.004149377593361
2017,"GEOGRAPHY_KEY","臺東縣::鹿野鄉",25,0.0047152018106375
2017,"GEOGRAPHY_KEY","花蓮縣::光復鄉",40,0.00754432289701999
2017,"GEOGRAPHY_KEY","花蓮縣::卓溪鄉",38,0.00716710675216899
2017,"GEOGRAPHY_KEY","花蓮縣::吉安鄉",128,0.024141833270464
2017,"GEOGRAPHY_KEY","花蓮縣::壽豐鄉",60,0.01131648434553
2017,"GEOGRAPHY_KEY","花蓮縣::富里鄉",17,0.0032063372312335
2017,"GEOGRAPHY_KEY","花蓮縣::新城鄉",61,0.0115050924179555
2017,"GEOGRAPHY_KEY","花蓮縣::玉里鎮",63,0.0118823085628065
2017,"GEOGRAPHY_KEY","花蓮縣::瑞穗鄉",73,0.0137683892870615
2017,"GEOGRAPHY_KEY","花蓮縣::秀林鄉",100,0.01886080724255
2017,"GEOGRAPHY_KEY","花蓮縣::花蓮市",124,0.023387400980762
2017,"GEOGRAPHY_KEY","花蓮縣::萬榮鄉",50,0.00943040362127499
2017,"GEOGRAPHY_KEY","花蓮縣::豐濱鄉",22,0.004149377593361
2017,"GEOGRAPHY_KEY","花蓮縣::鳳林鎮",22,0.004149377593361
2017,"GEOGRAPHY_KEY","苗栗縣::南庄鄉",22,0.004149377593361
2017,"GEOGRAPHY_KEY","苗栗縣::泰安鄉",39,0.00735571482459449
2017,"GEOGRAPHY_KEY","苗栗縣::獅潭鄉",2,0.000377216144851
2017,"GEOGRAPHY_KEY","苗栗縣::苗栗市",28,0.00528102602791399
2017,"GEOGRAPHY_KEY","苗栗縣::頭份鎮",33,0.00622406639004149
2017,"GEOGRAPHY_KEY","雲林縣::北港鎮",1,0.0001886080724255
2017,"GEOGRAPHY_KEY","雲林縣::崙背鄉",1,0.0001886080724255
2017,"GEOGRAPHY_KEY","雲林縣::斗六市",16,0.003017729158808
2017,"GEOGRAPHY_KEY","雲林縣::斗南鎮",18,0.003394945303659
2017,"GEOGRAPHY_KEY","高雄市::三民區",32,0.00603545831761599
2017,"GEOGRAPHY_KEY","高雄市::仁武區",11,0.0020746887966805
2017,"GEOGRAPHY_KEY","高雄市::六龜區",2,0.000377216144851
2017,"GEOGRAPHY_KEY","高雄市::前鎮區",5,0.000943040362127499
2017,"GEOGRAPHY_KEY","高雄市::大寮區",14,0.002640513013957
2017,"GEOGRAPHY_KEY","高雄市::小港區",54,0.010184835910977
2017,"GEOGRAPHY_KEY","高雄市::左營區",40,0.00754432289701999
2017,"GEOGRAPHY_KEY","高雄市::桃源區",28,0.00528102602791399
2017,"GEOGRAPHY_KEY","高雄市::梓官區",23,0.0043379856657865
2017,"GEOGRAPHY_KEY","高雄市::橋頭區",1,0.0001886080724255
2017,"GEOGRAPHY_KEY","高雄市::苓雅區",10,0.001886080724255
2017,"GEOGRAPHY_KEY","高雄市::茂林區",13,0.0024519049415315
2017,"GEOGRAPHY_KEY","高雄市::那瑪夏區",17,0.0032063372312335
2017,"GEOGRAPHY_KEY","高雄市::鳥松區",8,0.001508864579404
2017,"GEOGRAPHY_KEY","高雄市::鳳山區",65,0.0122595247076575
2017,"GEOGRAPHY_KEY","高雄市::鼓山區",17,0.0032063372312335
2017,"GEOGRAPHY_LEVEL","township",5302,1
2017,"HAS_INDI_55PLUS","FALSE",2489,0.469445492267069
2017,"HAS_INDI_55PLUS","TRUE",2813,0.530554507732931
2017,"HAS_INDI_65PLUS","FALSE",3911,0.73764617125613
2017,"HAS_INDI_65PLUS","TRUE",1391,0.26235382874387
2017,"HOUSE_BELONG","借用",121,0.0228215767634855
2017,"HOUSE_BELONG","其他",1,0.0001886080724255
2017,"HOUSE_BELONG","租賃",1221,0.230290456431535
2017,"HOUSE_BELONG","自有/家人所有/自建",3935,0.742172764994342
2017,"HOUSE_BELONG","配住",24,0.004526593738212
2017,"INC_FAM_ANALYSIS_ELIGIBILITY_REASON","該年度無I1跳答排除規則",5302,1
2017,"INC_FAM_ANALYSIS_ELIGIBLE","TRUE",5302,1
2017,"INC_FAM_GOV_INCOME","1,000-1,999 元",32,0.00603545831761599
2017,"INC_FAM_GOV_INCOME","10,000-14,999 元",179,0.0337608449641645
2017,"INC_FAM_GOV_INCOME","15,000-19,999 元",51,0.00961901169370049
2017,"INC_FAM_GOV_INCOME","2,000-2,999 元",93,0.0175405507355715
2017,"INC_FAM_GOV_INCOME","20,000-29,999 元",40,0.00754432289701999
2017,"INC_FAM_GOV_INCOME","3,000-3,999 元",731,0.13787250094304
2017,"INC_FAM_GOV_INCOME","30,000 元及以上，請記錄________元",16,0.003017729158808
2017,"INC_FAM_GOV_INCOME","4,000-4,999 元",154,0.029045643153527
2017,"INC_FAM_GOV_INCOME","5,000-5,999 元",65,0.0122595247076575
2017,"INC_FAM_GOV_INCOME","6,000-7,999 元",394,0.0743115805356469
2017,"INC_FAM_GOV_INCOME","8,000-9,999 元",86,0.016220294228593
2017,"INC_FAM_GOV_INCOME","999 元及以下",32,0.00603545831761599
2017,"INC_FAM_GOV_INCOME","沒有這項收入",3429,0.646737080347039
2017,"INC_FAM_GOV_INCOME_VALUE_SOURCE","source_question",5302,1
2017,"INC_FAM_INTEREST_INCOME","1,000-1,999 元",122,0.023010184835911
2017,"INC_FAM_INTEREST_INCOME","10,000-14,999 元",13,0.0024519049415315
2017,"INC_FAM_INTEREST_INCOME","15,000-19,999 元",7,0.0013202565069785
2017,"INC_FAM_INTEREST_INCOME","2,000-2,999 元",67,0.0126367408525085
2017,"INC_FAM_INTEREST_INCOME","20,000-29,999 元",8,0.001508864579404
2017,"INC_FAM_INTEREST_INCOME","3,000-3,999 元",22,0.004149377593361
2017,"INC_FAM_INTEREST_INCOME","30,000 元及以上，請記錄________元",5,0.000943040362127499
2017,"INC_FAM_INTEREST_INCOME","4,000-4,999 元",37,0.00697849867974349
2017,"INC_FAM_INTEREST_INCOME","5,000-5,999 元",28,0.00528102602791399
2017,"INC_FAM_INTEREST_INCOME","6,000-7,999 元",8,0.001508864579404
2017,"INC_FAM_INTEREST_INCOME","8,000-9,999 元",14,0.002640513013957
2017,"INC_FAM_INTEREST_INCOME","999 元及以下",564,0.106374952847982
2017,"INC_FAM_INTEREST_INCOME","沒有這項收入",4407,0.831195775179178
2017,"INC_FAM_INTEREST_INCOME_VALUE_SOURCE","source_question",5302,1
2017,"INC_FAM_OTHER_INCOME","10,000元~未滿15,000元",17,0.0032063372312335
2017,"INC_FAM_OTHER_INCOME","15,000元~未滿20,000元",8,0.001508864579404
2017,"INC_FAM_OTHER_INCOME","20,000元~未滿25,000元",6,0.001131648434553
2017,"INC_FAM_OTHER_INCOME","25,000元~未滿30,000元",1,0.0001886080724255
2017,"INC_FAM_OTHER_INCOME","30,000元~未滿40,000元",2,0.000377216144851
2017,"INC_FAM_OTHER_INCOME","40,000元~未滿50,000元",2,0.000377216144851
2017,"INC_FAM_OTHER_INCOME","5,000元~未滿10,000元",35,0.00660128253489249
2017,"INC_FAM_OTHER_INCOME","50,000元~未滿60,000元",2,0.000377216144851
2017,"INC_FAM_OTHER_INCOME","60,000元~未滿70,000元",1,0.0001886080724255
2017,"INC_FAM_OTHER_INCOME","70,000元~未滿80,000元",1,0.0001886080724255
2017,"INC_FAM_OTHER_INCOME","未滿5,000元",222,0.041870992078461
2017,"INC_FAM_OTHER_INCOME","沒有這項收入",5005,0.943983402489627
2017,"INC_FAM_OTHER_INCOME_VALUE_SOURCE","source_question",5302,1
2017,"INC_FAM_RENT_INCOME","10,000-14,999 元",12,0.002263296869106
2017,"INC_FAM_RENT_INCOME","15,000-19,999 元",7,0.0013202565069785
2017,"INC_FAM_RENT_INCOME","20,000-24,999 元",9,0.0016974726518295
2017,"INC_FAM_RENT_INCOME","25,000-29,999 元",4,0.000754432289701999
2017,"INC_FAM_RENT_INCOME","30,000-39,999 元",4,0.000754432289701999
2017,"INC_FAM_RENT_INCOME","4,999 元及以下",23,0.0043379856657865
2017,"INC_FAM_RENT_INCOME","40,000-49,999 元",1,0.0001886080724255
2017,"INC_FAM_RENT_INCOME","5,000-9,999 元",24,0.004526593738212
2017,"INC_FAM_RENT_INCOME","50,000-59,999 元",1,0.0001886080724255
2017,"INC_FAM_RENT_INCOME","60,000-69,999 元",1,0.0001886080724255
2017,"INC_FAM_RENT_INCOME","70,000-79,999 元",4,0.000754432289701999
2017,"INC_FAM_RENT_INCOME","80,000 元及以上，請記錄_________________元",1,0.0001886080724255
2017,"INC_FAM_RENT_INCOME","沒有這項收入",5211,0.982836665409279
2017,"INC_FAM_RENT_INCOME_VALUE_SOURCE","source_question",5302,1
2017,"INC_FAM_TRANSFER_INCOME","1,000-1,999 元",72,0.013579781214636
2017,"INC_FAM_TRANSFER_INCOME","10,000-14,999 元",18,0.003394945303659
2017,"INC_FAM_TRANSFER_INCOME","15,000-19,999 元",5,0.000943040362127499
2017,"INC_FAM_TRANSFER_INCOME","2,000-2,999 元",43,0.00811014711429649
2017,"INC_FAM_TRANSFER_INCOME","20,000-29,999 元",4,0.000754432289701999
2017,"INC_FAM_TRANSFER_INCOME","3,000-3,999 元",17,0.0032063372312335
2017,"INC_FAM_TRANSFER_INCOME","30,000 元及以上，請記錄________元",4,0.000754432289701999
2017,"INC_FAM_TRANSFER_INCOME","4,000-4,999 元",27,0.00509241795548849
2017,"INC_FAM_TRANSFER_INCOME","5,000-5,999 元",10,0.001886080724255
2017,"INC_FAM_TRANSFER_INCOME","6,000-7,999 元",7,0.0013202565069785
2017,"INC_FAM_TRANSFER_INCOME","8,000-9,999 元",9,0.0016974726518295
2017,"INC_FAM_TRANSFER_INCOME","999 元及以下",248,0.046774801961524
2017,"INC_FAM_TRANSFER_INCOME","沒有這項收入",4838,0.912485854394568
2017,"INC_FAM_TRANSFER_INCOME_VALUE_SOURCE","source_question",5302,1
2017,"INC_FAM_WORK_INCOME","10,000-19,999 元",337,0.0635609204073934
2017,"INC_FAM_WORK_INCOME","100,000-129,999元",403,0.0760090531874764
2017,"INC_FAM_WORK_INCOME","130,000-159,999元",161,0.0303658996605055
2017,"INC_FAM_WORK_INCOME","160,000 元及以上，請記錄____________元",63,0.0118823085628065
2017,"INC_FAM_WORK_INCOME","20,000-29,999 元",672,0.126744624669936
2017,"INC_FAM_WORK_INCOME","30,000-39,999 元",556,0.104866088268578
2017,"INC_FAM_WORK_INCOME","40,000-49,999 元",582,0.109769898151641
2017,"INC_FAM_WORK_INCOME","50,000-59,999 元",579,0.109204073934364
2017,"INC_FAM_WORK_INCOME","60,000-69,999 元",484,0.0912863070539419
2017,"INC_FAM_WORK_INCOME","70,000-79,999 元",412,0.0777065258393059
2017,"INC_FAM_WORK_INCOME","80,000-89,999 元",291,0.0548849490758204
2017,"INC_FAM_WORK_INCOME","9,999 元及以下",160,0.03017729158808
2017,"INC_FAM_WORK_INCOME","90,000-99,999 元",231,0.0435684647302905
2017,"INC_FAM_WORK_INCOME","沒有這項收入",371,0.0699735948698604
2017,"INC_FAM_WORK_INCOME_VALUE_SOURCE","source_question",5302,1
2017,"INC_PERS_GOV_INCOME","1,000-1,999 元",27,0.00509241795548849
2017,"INC_PERS_GOV_INCOME","10,000-14,999 元",90,0.016974726518295
2017,"INC_PERS_GOV_INCOME","15,000-19,999 元",32,0.00603545831761599
2017,"INC_PERS_GOV_INCOME","2,000-2,999 元",60,0.01131648434553
2017,"INC_PERS_GOV_INCOME","20,000-29,999 元",22,0.004149377593361
2017,"INC_PERS_GOV_INCOME","3,000-3,999 元",612,0.115428140324406
2017,"INC_PERS_GOV_INCOME","30,000 元及以上，請記錄________元",11,0.0020746887966805
2017,"INC_PERS_GOV_INCOME","4,000-4,999 元",116,0.021878536401358
2017,"INC_PERS_GOV_INCOME","5,000-5,999 元",32,0.00603545831761599
2017,"INC_PERS_GOV_INCOME","6,000-7,999 元",260,0.0490380988306299
2017,"INC_PERS_GOV_INCOME","8,000-9,999 元",36,0.00678989060731799
2017,"INC_PERS_GOV_INCOME","999 元及以下",30,0.00565824217276499
2017,"INC_PERS_GOV_INCOME","沒有這項收入",3974,0.749528479818936
2017,"INC_PERS_GOV_INCOME_VALUE_SOURCE","source_question",5302,1
2017,"INC_PERS_INTEREST_INCOME","1,000-1,999 元",83,0.0156544700113165
2017,"INC_PERS_INTEREST_INCOME","10,000-14,999 元",8,0.001508864579404
2017,"INC_PERS_INTEREST_INCOME","15,000-19,999 元",9,0.0016974726518295
2017,"INC_PERS_INTEREST_INCOME","2,000-2,999 元",33,0.00622406639004149
2017,"INC_PERS_INTEREST_INCOME","20,000-29,999 元",8,0.001508864579404
2017,"INC_PERS_INTEREST_INCOME","3,000-3,999 元",11,0.0020746887966805
2017,"INC_PERS_INTEREST_INCOME","30,000 元及以上，請記錄________元",5,0.000943040362127499
2017,"INC_PERS_INTEREST_INCOME","4,000-4,999 元",20,0.00377216144851
2017,"INC_PERS_INTEREST_INCOME","5,000-5,999 元",15,0.0028291210863825
2017,"INC_PERS_INTEREST_INCOME","6,000-7,999 元",9,0.0016974726518295
2017,"INC_PERS_INTEREST_INCOME","8,000-9,999 元",8,0.001508864579404
2017,"INC_PERS_INTEREST_INCOME","999 元及以下",533,0.100528102602791
2017,"INC_PERS_INTEREST_INCOME","沒有這項收入",4560,0.860052810260279
2017,"INC_PERS_INTEREST_INCOME_VALUE_SOURCE","source_question",5302,1
2017,"INC_PERS_OTHER_INCOME","10,000-14,999 元",16,0.003017729158808
2017,"INC_PERS_OTHER_INCOME","15,000-19,999 元",13,0.0024519049415315
2017,"INC_PERS_OTHER_INCOME","20,000-24,999 元",5,0.000943040362127499
2017,"INC_PERS_OTHER_INCOME","25,000-29,999 元",1,0.0001886080724255
2017,"INC_PERS_OTHER_INCOME","30,000-39,999 元",3,0.000565824217276499
2017,"INC_PERS_OTHER_INCOME","4,999 元及以下",186,0.035081101471143
2017,"INC_PERS_OTHER_INCOME","40,000-49,999 元",2,0.000377216144851
2017,"INC_PERS_OTHER_INCOME","5,000-9,999 元",32,0.00603545831761599
2017,"INC_PERS_OTHER_INCOME","50,000-59,999 元",1,0.0001886080724255
2017,"INC_PERS_OTHER_INCOME","60,000-69,999 元",1,0.0001886080724255
2017,"INC_PERS_OTHER_INCOME","70,000-79,999 元",1,0.0001886080724255
2017,"INC_PERS_OTHER_INCOME","沒有這項收入",5041,0.950773293096945
2017,"INC_PERS_OTHER_INCOME_VALUE_SOURCE","source_question",5302,1
2017,"INC_PERS_RENT_INCOME","10,000-14,999 元",7,0.0013202565069785
2017,"INC_PERS_RENT_INCOME","15,000-19,999 元",8,0.001508864579404
2017,"INC_PERS_RENT_INCOME","20,000-24,999 元",4,0.000754432289701999
2017,"INC_PERS_RENT_INCOME","25,000-29,999 元",3,0.000565824217276499
2017,"INC_PERS_RENT_INCOME","30,000-39,999 元",4,0.000754432289701999
2017,"INC_PERS_RENT_INCOME","4,999 元及以下",24,0.004526593738212
2017,"INC_PERS_RENT_INCOME","40,000-49,999 元",1,0.0001886080724255
2017,"INC_PERS_RENT_INCOME","5,000-9,999 元",22,0.004149377593361
2017,"INC_PERS_RENT_INCOME","50,000-59,999 元",1,0.0001886080724255
2017,"INC_PERS_RENT_INCOME","70,000-79,999 元",3,0.000565824217276499
2017,"INC_PERS_RENT_INCOME","80,000 元及以上，請記錄_________________元",1,0.0001886080724255
2017,"INC_PERS_RENT_INCOME","沒有這項收入",5224,0.985288570350811
2017,"INC_PERS_RENT_INCOME_VALUE_SOURCE","source_question",5302,1
2017,"INC_PERS_TRANSFER_INCOME","1,000-1,999 元",68,0.012825348924934
2017,"INC_PERS_TRANSFER_INCOME","10,000-14,999 元",9,0.0016974726518295
2017,"INC_PERS_TRANSFER_INCOME","15,000-19,999 元",6,0.001131648434553
2017,"INC_PERS_TRANSFER_INCOME","2,000-2,999 元",38,0.00716710675216899
2017,"INC_PERS_TRANSFER_INCOME","20,000-29,999 元",3,0.000565824217276499
2017,"INC_PERS_TRANSFER_INCOME","3,000-3,999 元",23,0.0043379856657865
2017,"INC_PERS_TRANSFER_INCOME","30,000 元及以上，請記錄________元",1,0.0001886080724255
2017,"INC_PERS_TRANSFER_INCOME","4,000-4,999 元",21,0.0039607695209355
2017,"INC_PERS_TRANSFER_INCOME","5,000-5,999 元",14,0.002640513013957
2017,"INC_PERS_TRANSFER_INCOME","6,000-7,999 元",9,0.0016974726518295
2017,"INC_PERS_TRANSFER_INCOME","8,000-9,999 元",10,0.001886080724255
2017,"INC_PERS_TRANSFER_INCOME","999 元及以下",250,0.047152018106375
2017,"INC_PERS_TRANSFER_INCOME","沒有這項收入",4850,0.914749151263674
2017,"INC_PERS_TRANSFER_INCOME_VALUE_SOURCE","source_question",5302,1
2017,"INC_PERS_WORK_INCOME","10,000-14,999 元",261,0.0492267069030555
2017,"INC_PERS_WORK_INCOME","100,000-129,999元",33,0.00622406639004149
2017,"INC_PERS_WORK_INCOME","130,000-159,999元",15,0.0028291210863825
2017,"INC_PERS_WORK_INCOME","15,000-19,999 元",347,0.0654470011316484
2017,"INC_PERS_WORK_INCOME","160,000 元及以上，請記錄____________元",9,0.0016974726518295
2017,"INC_PERS_WORK_INCOME","20,000-24,999 元",646,0.121840814786873
2017,"INC_PERS_WORK_INCOME","25,000-29,999 元",656,0.123726895511128
2017,"INC_PERS_WORK_INCOME","30,000-39,999 元",1118,0.210863824971709
2017,"INC_PERS_WORK_INCOME","40,000-49,999 元",645,0.121652206714447
2017,"INC_PERS_WORK_INCOME","50,000-59,999 元",349,0.0658242172764994
2017,"INC_PERS_WORK_INCOME","60,000-69,999 元",165,0.0311203319502075
2017,"INC_PERS_WORK_INCOME","70,000-79,999 元",77,0.0145228215767635
2017,"INC_PERS_WORK_INCOME","80,000-89,999 元",47,0.00886457940399849
2017,"INC_PERS_WORK_INCOME","9,999 元及以下",261,0.0492267069030555
2017,"INC_PERS_WORK_INCOME","90,000-99,999 元",19,0.0035835533760845
2017,"INC_PERS_WORK_INCOME","沒有這項收入",654,0.123349679366277
2017,"INC_PERS_WORK_INCOME_VALUE_SOURCE","source_question",5302,1
2017,"MALE","男性",3463,0.653149754809506
2017,"MALE","非男性",1839,0.346850245190494
2017,"RACE","卑南族",131,0.0247076574877405
2017,"RACE","卡那卡那富族",1,0.0001886080724255
2017,"RACE","噶瑪蘭族",17,0.0032063372312335
2017,"RACE","太魯閣族",224,0.042248208223312
2017,"RACE","布農族",485,0.0914749151263674
2017,"RACE","拉阿魯哇族",3,0.000565824217276499
2017,"RACE","排灣族",832,0.156921916258016
2017,"RACE","撒奇萊雅族",11,0.0020746887966805
2017,"RACE","泰雅族",661,0.124669935873255
2017,"RACE","賽夏族",64,0.012070916635232
2017,"RACE","賽德克族",81,0.0152772538664655
2017,"RACE","邵族",5,0.000943040362127499
2017,"RACE","鄒族",56,0.010562052055828
2017,"RACE","阿美族",1789,0.337419841569219
2017,"RACE","雅美族/達悟族",34,0.00641267446246699
2017,"RACE","非原住民族",808,0.152395322519804
2017,"RACE","魯凱族",100,0.01886080724255
2017,"RENT","1,000-2,999元",47,0.0377510040160643
2017,"RENT","10,000-19,999元",378,0.303614457831325
2017,"RENT","20,000元以上",1,0.000803212851405623
2017,"RENT","20000",9,0.0072289156626506
2017,"RENT","20500",1,0.000803212851405623
2017,"RENT","21000",3,0.00240963855421687
2017,"RENT","22000",3,0.00240963855421687
2017,"RENT","23000",2,0.00160642570281125
2017,"RENT","24000",3,0.00240963855421687
2017,"RENT","25000",4,0.00321285140562249
2017,"RENT","26000",1,0.000803212851405623
2017,"RENT","27000",1,0.000803212851405623
2017,"RENT","28000",2,0.00160642570281125
2017,"RENT","3,000-4,999元",124,0.0995983935742972
2017,"RENT","30000",5,0.00401606425702811
2017,"RENT","32000",1,0.000803212851405623
2017,"RENT","33000",1,0.000803212851405623
2017,"RENT","35000",2,0.00160642570281125
2017,"RENT","38000",2,0.00160642570281125
2017,"RENT","5,000-6,999元",278,0.223293172690763
2017,"RENT","7,000-9,999元",327,0.262650602409639
2017,"RENT","不需要支付租金",27,0.0216867469879518
2017,"RENT","未滿1,000元",23,0.0184738955823293
2017,"RESPONDENT_UNIT","economic_household_head",5302,1
2017,"RESPONDENT_UNIT_SOURCE","106年問卷G部分：經濟戶長基本資料",5302,1
2017,"SURVEY_TAG","106",5302,1
2017,"TOWNSHIP_HARMONIZED","七堵區",10,0.001886080724255
2017,"TOWNSHIP_HARMONIZED","三地門鄉",54,0.010184835910977
2017,"TOWNSHIP_HARMONIZED","三峽區",23,0.0043379856657865
2017,"TOWNSHIP_HARMONIZED","三民區",32,0.00603545831761599
2017,"TOWNSHIP_HARMONIZED","三重區",21,0.0039607695209355
2017,"TOWNSHIP_HARMONIZED","中和區",47,0.00886457940399849
2017,"TOWNSHIP_HARMONIZED","中埔鄉",14,0.002640513013957
2017,"TOWNSHIP_HARMONIZED","中壢區",68,0.012825348924934
2017,"TOWNSHIP_HARMONIZED","中山區",3,0.000565824217276499
2017,"TOWNSHIP_HARMONIZED","中正區",49,0.00924179554884949
2017,"TOWNSHIP_HARMONIZED","五峰鄉",39,0.00735571482459449
2017,"TOWNSHIP_HARMONIZED","五結鄉",8,0.001508864579404
2017,"TOWNSHIP_HARMONIZED","五股區",23,0.0043379856657865
2017,"TOWNSHIP_HARMONIZED","仁德區",21,0.0039607695209355
2017,"TOWNSHIP_HARMONIZED","仁愛區",10,0.001886080724255
2017,"TOWNSHIP_HARMONIZED","仁愛鄉",97,0.0182949830252735
2017,"TOWNSHIP_HARMONIZED","仁武區",11,0.0020746887966805
2017,"TOWNSHIP_HARMONIZED","來義鄉",65,0.0122595247076575
2017,"TOWNSHIP_HARMONIZED","信義鄉",89,0.0167861184458695
2017,"TOWNSHIP_HARMONIZED","光復鄉",40,0.00754432289701999
2017,"TOWNSHIP_HARMONIZED","內湖區",14,0.002640513013957
2017,"TOWNSHIP_HARMONIZED","八德區",49,0.00924179554884949
2017,"TOWNSHIP_HARMONIZED","八里區",2,0.000377216144851
2017,"TOWNSHIP_HARMONIZED","六龜區",2,0.000377216144851
2017,"TOWNSHIP_HARMONIZED","冬山鄉",4,0.000754432289701999
2017,"TOWNSHIP_HARMONIZED","前鎮區",5,0.000943040362127499
2017,"TOWNSHIP_HARMONIZED","北區",25,0.0047152018106375
2017,"TOWNSHIP_HARMONIZED","北屯區",35,0.00660128253489249
2017,"TOWNSHIP_HARMONIZED","北投區",43,0.00811014711429649
2017,"TOWNSHIP_HARMONIZED","北港鎮",1,0.0001886080724255
2017,"TOWNSHIP_HARMONIZED","卑南鄉",71,0.0133911731422105
2017,"TOWNSHIP_HARMONIZED","卓溪鄉",38,0.00716710675216899
2017,"TOWNSHIP_HARMONIZED","南區",39,0.00735571482459449
2017,"TOWNSHIP_HARMONIZED","南屯區",8,0.001508864579404
2017,"TOWNSHIP_HARMONIZED","南庄鄉",22,0.004149377593361
2017,"TOWNSHIP_HARMONIZED","南投市",17,0.0032063372312335
2017,"TOWNSHIP_HARMONIZED","南港區",42,0.00792153904187099
2017,"TOWNSHIP_HARMONIZED","南澳鄉",61,0.0115050924179555
2017,"TOWNSHIP_HARMONIZED","吉安鄉",128,0.024141833270464
2017,"TOWNSHIP_HARMONIZED","和平區",38,0.00716710675216899
2017,"TOWNSHIP_HARMONIZED","和美鎮",19,0.0035835533760845
2017,"TOWNSHIP_HARMONIZED","員山鄉",20,0.00377216144851
2017,"TOWNSHIP_HARMONIZED","員林鎮",14,0.002640513013957
2017,"TOWNSHIP_HARMONIZED","土城區",54,0.010184835910977
2017,"TOWNSHIP_HARMONIZED","埔心鄉",17,0.0032063372312335
2017,"TOWNSHIP_HARMONIZED","埔里鎮",35,0.00660128253489249
2017,"TOWNSHIP_HARMONIZED","士林區",13,0.0024519049415315
2017,"TOWNSHIP_HARMONIZED","壯圍鄉",1,0.0001886080724255
2017,"TOWNSHIP_HARMONIZED","壽豐鄉",60,0.01131648434553
2017,"TOWNSHIP_HARMONIZED","大同區",14,0.002640513013957
2017,"TOWNSHIP_HARMONIZED","大同鄉",28,0.00528102602791399
2017,"TOWNSHIP_HARMONIZED","大園區",69,0.0130139569973595
2017,"TOWNSHIP_HARMONIZED","大安區",1,0.0001886080724255
2017,"TOWNSHIP_HARMONIZED","大寮區",14,0.002640513013957
2017,"TOWNSHIP_HARMONIZED","大武鄉",19,0.0035835533760845
2017,"TOWNSHIP_HARMONIZED","大溪區",12,0.002263296869106
2017,"TOWNSHIP_HARMONIZED","大肚區",37,0.00697849867974349
2017,"TOWNSHIP_HARMONIZED","大里區",1,0.0001886080724255
2017,"TOWNSHIP_HARMONIZED","大雅區",5,0.000943040362127499
2017,"TOWNSHIP_HARMONIZED","太保市",6,0.001131648434553
2017,"TOWNSHIP_HARMONIZED","太平區",75,0.0141456054319125
2017,"TOWNSHIP_HARMONIZED","太麻里鄉",49,0.00924179554884949
2017,"TOWNSHIP_HARMONIZED","官田區",20,0.00377216144851
2017,"TOWNSHIP_HARMONIZED","宜蘭市",38,0.00716710675216899
2017,"TOWNSHIP_HARMONIZED","富里鄉",17,0.0032063372312335
2017,"TOWNSHIP_HARMONIZED","小港區",54,0.010184835910977
2017,"TOWNSHIP_HARMONIZED","尖石鄉",52,0.00980761976612599
2017,"TOWNSHIP_HARMONIZED","屏東市",58,0.010939268200679
2017,"TOWNSHIP_HARMONIZED","崙背鄉",1,0.0001886080724255
2017,"TOWNSHIP_HARMONIZED","左營區",40,0.00754432289701999
2017,"TOWNSHIP_HARMONIZED","平鎮區",52,0.00980761976612599
2017,"TOWNSHIP_HARMONIZED","延平鄉",24,0.004526593738212
2017,"TOWNSHIP_HARMONIZED","彰化市",18,0.003394945303659
2017,"TOWNSHIP_HARMONIZED","復興區",65,0.0122595247076575
2017,"TOWNSHIP_HARMONIZED","成功鎮",87,0.0164089023010185
2017,"TOWNSHIP_HARMONIZED","文山區",34,0.00641267446246699
2017,"TOWNSHIP_HARMONIZED","斗六市",16,0.003017729158808
2017,"TOWNSHIP_HARMONIZED","斗南鎮",18,0.003394945303659
2017,"TOWNSHIP_HARMONIZED","新化區",14,0.002640513013957
2017,"TOWNSHIP_HARMONIZED","新城鄉",61,0.0115050924179555
2017,"TOWNSHIP_HARMONIZED","新屋區",41,0.00773293096944549
2017,"TOWNSHIP_HARMONIZED","新店區",57,0.0107506601282535
2017,"TOWNSHIP_HARMONIZED","新莊區",45,0.00848736325914749
2017,"TOWNSHIP_HARMONIZED","春日鄉",46,0.00867597133157299
2017,"TOWNSHIP_HARMONIZED","暖暖區",21,0.0039607695209355
2017,"TOWNSHIP_HARMONIZED","東區",132,0.024896265560166
2017,"TOWNSHIP_HARMONIZED","東河鄉",25,0.0047152018106375
2017,"TOWNSHIP_HARMONIZED","松山區",25,0.0047152018106375
2017,"TOWNSHIP_HARMONIZED","板橋區",54,0.010184835910977
2017,"TOWNSHIP_HARMONIZED","枋寮鄉",9,0.0016974726518295
2017,"TOWNSHIP_HARMONIZED","桃園區",59,0.0111278762731045
2017,"TOWNSHIP_HARMONIZED","桃源區",28,0.00528102602791399
2017,"TOWNSHIP_HARMONIZED","梓官區",23,0.0043379856657865
2017,"TOWNSHIP_HARMONIZED","楊梅區",19,0.0035835533760845
2017,"TOWNSHIP_HARMONIZED","樹林區",55,0.0103734439834025
2017,"TOWNSHIP_HARMONIZED","橋頭區",1,0.0001886080724255
2017,"TOWNSHIP_HARMONIZED","民雄鄉",7,0.0013202565069785
2017,"TOWNSHIP_HARMONIZED","永和區",20,0.00377216144851
2017,"TOWNSHIP_HARMONIZED","永康區",51,0.00961901169370049
2017,"TOWNSHIP_HARMONIZED","汐止區",54,0.010184835910977
2017,"TOWNSHIP_HARMONIZED","池上鄉",22,0.004149377593361
2017,"TOWNSHIP_HARMONIZED","泰安鄉",39,0.00735571482459449
2017,"TOWNSHIP_HARMONIZED","泰武鄉",31,0.00584685024519049
2017,"TOWNSHIP_HARMONIZED","海端鄉",22,0.004149377593361
2017,"TOWNSHIP_HARMONIZED","清水區",23,0.0043379856657865
2017,"TOWNSHIP_HARMONIZED","湖口鄉",27,0.00509241795548849
2017,"TOWNSHIP_HARMONIZED","滿州鄉",22,0.004149377593361
2017,"TOWNSHIP_HARMONIZED","潭子區",11,0.0020746887966805
2017,"TOWNSHIP_HARMONIZED","潮州鎮",49,0.00924179554884949
2017,"TOWNSHIP_HARMONIZED","烏來區",20,0.00377216144851
2017,"TOWNSHIP_HARMONIZED","烏日區",14,0.002640513013957
2017,"TOWNSHIP_HARMONIZED","牡丹鄉",32,0.00603545831761599
2017,"TOWNSHIP_HARMONIZED","獅子鄉",24,0.004526593738212
2017,"TOWNSHIP_HARMONIZED","獅潭鄉",2,0.000377216144851
2017,"TOWNSHIP_HARMONIZED","玉里鎮",63,0.0118823085628065
2017,"TOWNSHIP_HARMONIZED","瑞穗鄉",73,0.0137683892870615
2017,"TOWNSHIP_HARMONIZED","瑞芳區",23,0.0043379856657865
2017,"TOWNSHIP_HARMONIZED","瑪家鄉",52,0.00980761976612599
2017,"TOWNSHIP_HARMONIZED","礁溪鄉",1,0.0001886080724255
2017,"TOWNSHIP_HARMONIZED","秀林鄉",100,0.01886080724255
2017,"TOWNSHIP_HARMONIZED","竹北市",6,0.001131648434553
2017,"TOWNSHIP_HARMONIZED","竹東鎮",47,0.00886457940399849
2017,"TOWNSHIP_HARMONIZED","綠島鄉",2,0.000377216144851
2017,"TOWNSHIP_HARMONIZED","羅東鎮",9,0.0016974726518295
2017,"TOWNSHIP_HARMONIZED","臺東市",197,0.0371557902678235
2017,"TOWNSHIP_HARMONIZED","花蓮市",124,0.023387400980762
2017,"TOWNSHIP_HARMONIZED","苓雅區",10,0.001886080724255
2017,"TOWNSHIP_HARMONIZED","苗栗市",28,0.00528102602791399
2017,"TOWNSHIP_HARMONIZED","茂林區",13,0.0024519049415315
2017,"TOWNSHIP_HARMONIZED","草屯鎮",17,0.0032063372312335
2017,"TOWNSHIP_HARMONIZED","萬巒鄉",6,0.001131648434553
2017,"TOWNSHIP_HARMONIZED","萬榮鄉",50,0.00943040362127499
2017,"TOWNSHIP_HARMONIZED","萬華區",2,0.000377216144851
2017,"TOWNSHIP_HARMONIZED","蘆洲區",34,0.00641267446246699
2017,"TOWNSHIP_HARMONIZED","蘆竹區",42,0.00792153904187099
2017,"TOWNSHIP_HARMONIZED","蘇澳鎮",4,0.000754432289701999
2017,"TOWNSHIP_HARMONIZED","蘭嶼鄉",31,0.00584685024519049
2017,"TOWNSHIP_HARMONIZED","西屯區",18,0.003394945303659
2017,"TOWNSHIP_HARMONIZED","觀音區",56,0.010562052055828
2017,"TOWNSHIP_HARMONIZED","豐原區",19,0.0035835533760845
2017,"TOWNSHIP_HARMONIZED","豐濱鄉",22,0.004149377593361
2017,"TOWNSHIP_HARMONIZED","達仁鄉",40,0.00754432289701999
2017,"TOWNSHIP_HARMONIZED","那瑪夏區",17,0.0032063372312335
2017,"TOWNSHIP_HARMONIZED","金峰鄉",28,0.00528102602791399
2017,"TOWNSHIP_HARMONIZED","長治鄉",24,0.004526593738212
2017,"TOWNSHIP_HARMONIZED","長濱鄉",56,0.010562052055828
2017,"TOWNSHIP_HARMONIZED","關山鎮",22,0.004149377593361
2017,"TOWNSHIP_HARMONIZED","關西鎮",5,0.000943040362127499
2017,"TOWNSHIP_HARMONIZED","阿里山鄉",27,0.00509241795548849
2017,"TOWNSHIP_HARMONIZED","霧臺鄉",5,0.000943040362127499
2017,"TOWNSHIP_HARMONIZED","頭份鎮",33,0.00622406639004149
2017,"TOWNSHIP_HARMONIZED","馬公市",36,0.00678989060731799
2017,"TOWNSHIP_HARMONIZED","魚池鄉",6,0.001131648434553
2017,"TOWNSHIP_HARMONIZED","鳥松區",8,0.001508864579404
2017,"TOWNSHIP_HARMONIZED","鳳山區",65,0.0122595247076575
2017,"TOWNSHIP_HARMONIZED","鳳林鎮",22,0.004149377593361
2017,"TOWNSHIP_HARMONIZED","鹿野鄉",25,0.0047152018106375
2017,"TOWNSHIP_HARMONIZED","鼓山區",17,0.0032063372312335
2017,"TOWNSHIP_HARMONIZED","龍潭區",61,0.0115050924179555
2017,"TOWNSHIP_HARMONIZED","龜山區",46,0.00867597133157299
2017,"TOWNSHIP_YEAR_SPECIFIC","七堵區",10,0.001886080724255
2017,"TOWNSHIP_YEAR_SPECIFIC","三地門鄉",54,0.010184835910977
2017,"TOWNSHIP_YEAR_SPECIFIC","三峽區",23,0.0043379856657865
2017,"TOWNSHIP_YEAR_SPECIFIC","三民區",32,0.00603545831761599
2017,"TOWNSHIP_YEAR_SPECIFIC","三重區",21,0.0039607695209355
2017,"TOWNSHIP_YEAR_SPECIFIC","中和區",47,0.00886457940399849
2017,"TOWNSHIP_YEAR_SPECIFIC","中埔鄉",14,0.002640513013957
2017,"TOWNSHIP_YEAR_SPECIFIC","中壢區",68,0.012825348924934
2017,"TOWNSHIP_YEAR_SPECIFIC","中山區",3,0.000565824217276499
2017,"TOWNSHIP_YEAR_SPECIFIC","中正區",49,0.00924179554884949
2017,"TOWNSHIP_YEAR_SPECIFIC","五峰鄉",39,0.00735571482459449
2017,"TOWNSHIP_YEAR_SPECIFIC","五結鄉",8,0.001508864579404
2017,"TOWNSHIP_YEAR_SPECIFIC","五股區",23,0.0043379856657865
2017,"TOWNSHIP_YEAR_SPECIFIC","仁德區",21,0.0039607695209355
2017,"TOWNSHIP_YEAR_SPECIFIC","仁愛區",10,0.001886080724255
2017,"TOWNSHIP_YEAR_SPECIFIC","仁愛鄉",97,0.0182949830252735
2017,"TOWNSHIP_YEAR_SPECIFIC","仁武區",11,0.0020746887966805
2017,"TOWNSHIP_YEAR_SPECIFIC","來義鄉",65,0.0122595247076575
2017,"TOWNSHIP_YEAR_SPECIFIC","信義鄉",89,0.0167861184458695
2017,"TOWNSHIP_YEAR_SPECIFIC","光復鄉",40,0.00754432289701999
2017,"TOWNSHIP_YEAR_SPECIFIC","內湖區",14,0.002640513013957
2017,"TOWNSHIP_YEAR_SPECIFIC","八德區",49,0.00924179554884949
2017,"TOWNSHIP_YEAR_SPECIFIC","八里區",2,0.000377216144851
2017,"TOWNSHIP_YEAR_SPECIFIC","六龜區",2,0.000377216144851
2017,"TOWNSHIP_YEAR_SPECIFIC","冬山鄉",4,0.000754432289701999
2017,"TOWNSHIP_YEAR_SPECIFIC","前鎮區",5,0.000943040362127499
2017,"TOWNSHIP_YEAR_SPECIFIC","北區",25,0.0047152018106375
2017,"TOWNSHIP_YEAR_SPECIFIC","北屯區",35,0.00660128253489249
2017,"TOWNSHIP_YEAR_SPECIFIC","北投區",43,0.00811014711429649
2017,"TOWNSHIP_YEAR_SPECIFIC","北港鎮",1,0.0001886080724255
2017,"TOWNSHIP_YEAR_SPECIFIC","卑南鄉",71,0.0133911731422105
2017,"TOWNSHIP_YEAR_SPECIFIC","卓溪鄉",38,0.00716710675216899
2017,"TOWNSHIP_YEAR_SPECIFIC","南區",39,0.00735571482459449
2017,"TOWNSHIP_YEAR_SPECIFIC","南屯區",8,0.001508864579404
2017,"TOWNSHIP_YEAR_SPECIFIC","南庄鄉",22,0.004149377593361
2017,"TOWNSHIP_YEAR_SPECIFIC","南投市",17,0.0032063372312335
2017,"TOWNSHIP_YEAR_SPECIFIC","南港區",42,0.00792153904187099
2017,"TOWNSHIP_YEAR_SPECIFIC","南澳鄉",61,0.0115050924179555
2017,"TOWNSHIP_YEAR_SPECIFIC","吉安鄉",128,0.024141833270464
2017,"TOWNSHIP_YEAR_SPECIFIC","和平區",38,0.00716710675216899
2017,"TOWNSHIP_YEAR_SPECIFIC","和美鎮",19,0.0035835533760845
2017,"TOWNSHIP_YEAR_SPECIFIC","員山鄉",20,0.00377216144851
2017,"TOWNSHIP_YEAR_SPECIFIC","員林鎮",14,0.002640513013957
2017,"TOWNSHIP_YEAR_SPECIFIC","土城區",54,0.010184835910977
2017,"TOWNSHIP_YEAR_SPECIFIC","埔心鄉",17,0.0032063372312335
2017,"TOWNSHIP_YEAR_SPECIFIC","埔里鎮",35,0.00660128253489249
2017,"TOWNSHIP_YEAR_SPECIFIC","士林區",13,0.0024519049415315
2017,"TOWNSHIP_YEAR_SPECIFIC","壯圍鄉",1,0.0001886080724255
2017,"TOWNSHIP_YEAR_SPECIFIC","壽豐鄉",60,0.01131648434553
2017,"TOWNSHIP_YEAR_SPECIFIC","大同區",14,0.002640513013957
2017,"TOWNSHIP_YEAR_SPECIFIC","大同鄉",28,0.00528102602791399
2017,"TOWNSHIP_YEAR_SPECIFIC","大園區",69,0.0130139569973595
2017,"TOWNSHIP_YEAR_SPECIFIC","大安區",1,0.0001886080724255
2017,"TOWNSHIP_YEAR_SPECIFIC","大寮區",14,0.002640513013957
2017,"TOWNSHIP_YEAR_SPECIFIC","大武鄉",19,0.0035835533760845
2017,"TOWNSHIP_YEAR_SPECIFIC","大溪區",12,0.002263296869106
2017,"TOWNSHIP_YEAR_SPECIFIC","大肚區",37,0.00697849867974349
2017,"TOWNSHIP_YEAR_SPECIFIC","大里區",1,0.0001886080724255
2017,"TOWNSHIP_YEAR_SPECIFIC","大雅區",5,0.000943040362127499
2017,"TOWNSHIP_YEAR_SPECIFIC","太保市",6,0.001131648434553
2017,"TOWNSHIP_YEAR_SPECIFIC","太平區",75,0.0141456054319125
2017,"TOWNSHIP_YEAR_SPECIFIC","太麻里鄉",49,0.00924179554884949
2017,"TOWNSHIP_YEAR_SPECIFIC","官田區",20,0.00377216144851
2017,"TOWNSHIP_YEAR_SPECIFIC","宜蘭市",38,0.00716710675216899
2017,"TOWNSHIP_YEAR_SPECIFIC","富里鄉",17,0.0032063372312335
2017,"TOWNSHIP_YEAR_SPECIFIC","小港區",54,0.010184835910977
2017,"TOWNSHIP_YEAR_SPECIFIC","尖石鄉",52,0.00980761976612599
2017,"TOWNSHIP_YEAR_SPECIFIC","屏東市",58,0.010939268200679
2017,"TOWNSHIP_YEAR_SPECIFIC","崙背鄉",1,0.0001886080724255
2017,"TOWNSHIP_YEAR_SPECIFIC","左營區",40,0.00754432289701999
2017,"TOWNSHIP_YEAR_SPECIFIC","平鎮區",52,0.00980761976612599
2017,"TOWNSHIP_YEAR_SPECIFIC","延平鄉",24,0.004526593738212
2017,"TOWNSHIP_YEAR_SPECIFIC","彰化市",18,0.003394945303659
2017,"TOWNSHIP_YEAR_SPECIFIC","復興區",65,0.0122595247076575
2017,"TOWNSHIP_YEAR_SPECIFIC","成功鎮",87,0.0164089023010185
2017,"TOWNSHIP_YEAR_SPECIFIC","文山區",34,0.00641267446246699
2017,"TOWNSHIP_YEAR_SPECIFIC","斗六市",16,0.003017729158808
2017,"TOWNSHIP_YEAR_SPECIFIC","斗南鎮",18,0.003394945303659
2017,"TOWNSHIP_YEAR_SPECIFIC","新化區",14,0.002640513013957
2017,"TOWNSHIP_YEAR_SPECIFIC","新城鄉",61,0.0115050924179555
2017,"TOWNSHIP_YEAR_SPECIFIC","新屋區",41,0.00773293096944549
2017,"TOWNSHIP_YEAR_SPECIFIC","新店區",57,0.0107506601282535
2017,"TOWNSHIP_YEAR_SPECIFIC","新莊區",45,0.00848736325914749
2017,"TOWNSHIP_YEAR_SPECIFIC","春日鄉",46,0.00867597133157299
2017,"TOWNSHIP_YEAR_SPECIFIC","暖暖區",21,0.0039607695209355
2017,"TOWNSHIP_YEAR_SPECIFIC","東區",132,0.024896265560166
2017,"TOWNSHIP_YEAR_SPECIFIC","東河鄉",25,0.0047152018106375
2017,"TOWNSHIP_YEAR_SPECIFIC","松山區",25,0.0047152018106375
2017,"TOWNSHIP_YEAR_SPECIFIC","板橋區",54,0.010184835910977
2017,"TOWNSHIP_YEAR_SPECIFIC","枋寮鄉",9,0.0016974726518295
2017,"TOWNSHIP_YEAR_SPECIFIC","桃園區",59,0.0111278762731045
2017,"TOWNSHIP_YEAR_SPECIFIC","桃源區",28,0.00528102602791399
2017,"TOWNSHIP_YEAR_SPECIFIC","梓官區",23,0.0043379856657865
2017,"TOWNSHIP_YEAR_SPECIFIC","楊梅區",19,0.0035835533760845
2017,"TOWNSHIP_YEAR_SPECIFIC","樹林區",55,0.0103734439834025
2017,"TOWNSHIP_YEAR_SPECIFIC","橋頭區",1,0.0001886080724255
2017,"TOWNSHIP_YEAR_SPECIFIC","民雄鄉",7,0.0013202565069785
2017,"TOWNSHIP_YEAR_SPECIFIC","永和區",20,0.00377216144851
2017,"TOWNSHIP_YEAR_SPECIFIC","永康區",51,0.00961901169370049
2017,"TOWNSHIP_YEAR_SPECIFIC","汐止區",54,0.010184835910977
2017,"TOWNSHIP_YEAR_SPECIFIC","池上鄉",22,0.004149377593361
2017,"TOWNSHIP_YEAR_SPECIFIC","泰安鄉",39,0.00735571482459449
2017,"TOWNSHIP_YEAR_SPECIFIC","泰武鄉",31,0.00584685024519049
2017,"TOWNSHIP_YEAR_SPECIFIC","海端鄉",22,0.004149377593361
2017,"TOWNSHIP_YEAR_SPECIFIC","清水區",23,0.0043379856657865
2017,"TOWNSHIP_YEAR_SPECIFIC","湖口鄉",27,0.00509241795548849
2017,"TOWNSHIP_YEAR_SPECIFIC","滿州鄉",22,0.004149377593361
2017,"TOWNSHIP_YEAR_SPECIFIC","潭子區",11,0.0020746887966805
2017,"TOWNSHIP_YEAR_SPECIFIC","潮州鎮",49,0.00924179554884949
2017,"TOWNSHIP_YEAR_SPECIFIC","烏來區",20,0.00377216144851
2017,"TOWNSHIP_YEAR_SPECIFIC","烏日區",14,0.002640513013957
2017,"TOWNSHIP_YEAR_SPECIFIC","牡丹鄉",32,0.00603545831761599
2017,"TOWNSHIP_YEAR_SPECIFIC","獅子鄉",24,0.004526593738212
2017,"TOWNSHIP_YEAR_SPECIFIC","獅潭鄉",2,0.000377216144851
2017,"TOWNSHIP_YEAR_SPECIFIC","玉里鎮",63,0.0118823085628065
2017,"TOWNSHIP_YEAR_SPECIFIC","瑞穗鄉",73,0.0137683892870615
2017,"TOWNSHIP_YEAR_SPECIFIC","瑞芳區",23,0.0043379856657865
2017,"TOWNSHIP_YEAR_SPECIFIC","瑪家鄉",52,0.00980761976612599
2017,"TOWNSHIP_YEAR_SPECIFIC","礁溪鄉",1,0.0001886080724255
2017,"TOWNSHIP_YEAR_SPECIFIC","秀林鄉",100,0.01886080724255
2017,"TOWNSHIP_YEAR_SPECIFIC","竹北市",6,0.001131648434553
2017,"TOWNSHIP_YEAR_SPECIFIC","竹東鎮",47,0.00886457940399849
2017,"TOWNSHIP_YEAR_SPECIFIC","綠島鄉",2,0.000377216144851
2017,"TOWNSHIP_YEAR_SPECIFIC","羅東鎮",9,0.0016974726518295
2017,"TOWNSHIP_YEAR_SPECIFIC","臺東市",197,0.0371557902678235
2017,"TOWNSHIP_YEAR_SPECIFIC","花蓮市",124,0.023387400980762
2017,"TOWNSHIP_YEAR_SPECIFIC","苓雅區",10,0.001886080724255
2017,"TOWNSHIP_YEAR_SPECIFIC","苗栗市",28,0.00528102602791399
2017,"TOWNSHIP_YEAR_SPECIFIC","茂林區",13,0.0024519049415315
2017,"TOWNSHIP_YEAR_SPECIFIC","草屯鎮",17,0.0032063372312335
2017,"TOWNSHIP_YEAR_SPECIFIC","萬巒鄉",6,0.001131648434553
2017,"TOWNSHIP_YEAR_SPECIFIC","萬榮鄉",50,0.00943040362127499
2017,"TOWNSHIP_YEAR_SPECIFIC","萬華區",2,0.000377216144851
2017,"TOWNSHIP_YEAR_SPECIFIC","蘆洲區",34,0.00641267446246699
2017,"TOWNSHIP_YEAR_SPECIFIC","蘆竹區",42,0.00792153904187099
2017,"TOWNSHIP_YEAR_SPECIFIC","蘇澳鎮",4,0.000754432289701999
2017,"TOWNSHIP_YEAR_SPECIFIC","蘭嶼鄉",31,0.00584685024519049
2017,"TOWNSHIP_YEAR_SPECIFIC","西屯區",18,0.003394945303659
2017,"TOWNSHIP_YEAR_SPECIFIC","觀音區",56,0.010562052055828
2017,"TOWNSHIP_YEAR_SPECIFIC","豐原區",19,0.0035835533760845
2017,"TOWNSHIP_YEAR_SPECIFIC","豐濱鄉",22,0.004149377593361
2017,"TOWNSHIP_YEAR_SPECIFIC","達仁鄉",40,0.00754432289701999
2017,"TOWNSHIP_YEAR_SPECIFIC","那瑪夏區",17,0.0032063372312335
2017,"TOWNSHIP_YEAR_SPECIFIC","金峰鄉",28,0.00528102602791399
2017,"TOWNSHIP_YEAR_SPECIFIC","長治鄉",24,0.004526593738212
2017,"TOWNSHIP_YEAR_SPECIFIC","長濱鄉",56,0.010562052055828
2017,"TOWNSHIP_YEAR_SPECIFIC","關山鎮",22,0.004149377593361
2017,"TOWNSHIP_YEAR_SPECIFIC","關西鎮",5,0.000943040362127499
2017,"TOWNSHIP_YEAR_SPECIFIC","阿里山鄉",27,0.00509241795548849
2017,"TOWNSHIP_YEAR_SPECIFIC","霧臺鄉",5,0.000943040362127499
2017,"TOWNSHIP_YEAR_SPECIFIC","頭份鎮",33,0.00622406639004149
2017,"TOWNSHIP_YEAR_SPECIFIC","馬公市",36,0.00678989060731799
2017,"TOWNSHIP_YEAR_SPECIFIC","魚池鄉",6,0.001131648434553
2017,"TOWNSHIP_YEAR_SPECIFIC","鳥松區",8,0.001508864579404
2017,"TOWNSHIP_YEAR_SPECIFIC","鳳山區",65,0.0122595247076575
2017,"TOWNSHIP_YEAR_SPECIFIC","鳳林鎮",22,0.004149377593361
2017,"TOWNSHIP_YEAR_SPECIFIC","鹿野鄉",25,0.0047152018106375
2017,"TOWNSHIP_YEAR_SPECIFIC","鼓山區",17,0.0032063372312335
2017,"TOWNSHIP_YEAR_SPECIFIC","龍潭區",61,0.0115050924179555
2017,"TOWNSHIP_YEAR_SPECIFIC","龜山區",46,0.00867597133157299
2021,"ADMIN_NAME_HARMONIZED","中部地區",760,0.140506563135515
2021,"ADMIN_NAME_HARMONIZED","北部地區",2012,0.3719726381956
2021,"ADMIN_NAME_HARMONIZED","南部地區",1098,0.202995008319468
2021,"ADMIN_NAME_HARMONIZED","東部及離島地區",1539,0.284525790349418
2021,"ADMIN_NAME_ORIGINAL","中部地區",760,0.140506563135515
2021,"ADMIN_NAME_ORIGINAL","北部地區",2012,0.3719726381956
2021,"ADMIN_NAME_ORIGINAL","南部地區",1098,0.202995008319468
2021,"ADMIN_NAME_ORIGINAL","東部及離島地區",1539,0.284525790349418
2021,"ADMIN_NAME_YEAR_SPECIFIC","中部地區",760,0.140506563135515
2021,"ADMIN_NAME_YEAR_SPECIFIC","北部地區",2012,0.3719726381956
2021,"ADMIN_NAME_YEAR_SPECIFIC","南部地區",1098,0.202995008319468
2021,"ADMIN_NAME_YEAR_SPECIFIC","東部及離島地區",1539,0.284525790349418
2021,"AGE_GROUP","20-29歲",247,0.0456646330190423
2021,"AGE_GROUP","30-39歲",834,0.154187465335552
2021,"AGE_GROUP","40-49歲",1199,0.22166759105195
2021,"AGE_GROUP","50-59歲",1338,0.247365501941209
2021,"AGE_GROUP","60歲以上",1791,0.331114808652246
2021,"AGE_GROUP_HARMONIZED","20-29歲",247,0.0456646330190423
2021,"AGE_GROUP_HARMONIZED","30-39歲",834,0.154187465335552
2021,"AGE_GROUP_HARMONIZED","40-49歲",1199,0.22166759105195
2021,"AGE_GROUP_HARMONIZED","50-59歲",1338,0.247365501941209
2021,"AGE_GROUP_HARMONIZED","60歲以上",1791,0.331114808652246
2021,"AGE_MEASURE_TYPE","age_group",5409,1
2021,"CITY","中部地區",760,0.140506563135515
2021,"CITY","北部地區",2012,0.3719726381956
2021,"CITY","南部地區",1098,0.202995008319468
2021,"CITY","東部及離島地區",1539,0.284525790349418
2021,"COUNTY_MAPPING_STATUS","deidentified_not_available",5409,1
2021,"EDU","不識字/自修",135,0.0249584026622296
2021,"EDU","國(初)中",1130,0.2089110741357
2021,"EDU","國小",1092,0.201885745978924
2021,"EDU","專科以上",1094,0.202255500092439
2021,"EDU","高中職",1958,0.361989277130708
2021,"EXP_ALCOHOL_EXPENDITURE","1,000-1,999 元",592,0.109447217600296
2021,"EXP_ALCOHOL_EXPENDITURE","10,000-14,999 元",109,0.0201515991865409
2021,"EXP_ALCOHOL_EXPENDITURE","15,000-19,999 元",31,0.00573118875947495
2021,"EXP_ALCOHOL_EXPENDITURE","2,000-2,999 元",509,0.0941024218894435
2021,"EXP_ALCOHOL_EXPENDITURE","20,000-29,999 元",21,0.00388241819190238
2021,"EXP_ALCOHOL_EXPENDITURE","3,000-3,999 元",514,0.0950268071732298
2021,"EXP_ALCOHOL_EXPENDITURE","30,000 元及以上，請記錄________元",1,0.000184877056757256
2021,"EXP_ALCOHOL_EXPENDITURE","4,000-4,999 元",293,0.0541689776298761
2021,"EXP_ALCOHOL_EXPENDITURE","499 元及以下",447,0.0826400443704936
2021,"EXP_ALCOHOL_EXPENDITURE","5,000-6,999 元",260,0.0480680347568867
2021,"EXP_ALCOHOL_EXPENDITURE","500-999 元",545,0.100757995932705
2021,"EXP_ALCOHOL_EXPENDITURE","7,000-9,999 元",191,0.035311517840636
2021,"EXP_ALCOHOL_EXPENDITURE","沒有這項支出",1896,0.350526899611758
2021,"EXP_ALCOHOL_EXPENDITURE_VALUE_SOURCE","source_question",5409,1
2021,"EXP_BOOKS_EXPENDITURE","1,000元-未滿2,000元",280,0.0517655758920318
2021,"EXP_BOOKS_EXPENDITURE","10,000元-未滿15,000元",5,0.000924385283786282
2021,"EXP_BOOKS_EXPENDITURE","2,000元-未滿3,000元",75,0.0138657792567942
2021,"EXP_BOOKS_EXPENDITURE","3,000元-未滿4,000元",20,0.00369754113514513
2021,"EXP_BOOKS_EXPENDITURE","4,000元-未滿5,000元",14,0.00258827879460159
2021,"EXP_BOOKS_EXPENDITURE","5,000元-未滿7,000元",6,0.00110926234054354
2021,"EXP_BOOKS_EXPENDITURE","7,000元-未滿10,000元",4,0.000739508227029026
2021,"EXP_BOOKS_EXPENDITURE","未滿1,000元",1283,0.23719726381956
2021,"EXP_BOOKS_EXPENDITURE","沒有這項支出",3722,0.688112405250508
2021,"EXP_BOOKS_EXPENDITURE_VALUE_SOURCE","indicator_no_zero",3722,0.688112405250508
2021,"EXP_BOOKS_EXPENDITURE_VALUE_SOURCE","source_question",1687,0.311887594749492
2021,"EXP_CARE_EXPENDITURE","1,000元-未滿2,000元",52,0.00961360695137733
2021,"EXP_CARE_EXPENDITURE","10,000元-未滿15,000元",28,0.00517655758920318
2021,"EXP_CARE_EXPENDITURE","100000",4,0.000739508227029026
2021,"EXP_CARE_EXPENDITURE","15,000元-未滿20,000元",15,0.00277315585135885
2021,"EXP_CARE_EXPENDITURE","2,000元-未滿3,000元",26,0.00480680347568867
2021,"EXP_CARE_EXPENDITURE","20,000元-未滿30,000元",37,0.00684045110001849
2021,"EXP_CARE_EXPENDITURE","23000",1,0.000184877056757256
2021,"EXP_CARE_EXPENDITURE","25000",1,0.000184877056757256
2021,"EXP_CARE_EXPENDITURE","3,000元-未滿4,000元",29,0.00536143464596044
2021,"EXP_CARE_EXPENDITURE","30000",6,0.00110926234054354
2021,"EXP_CARE_EXPENDITURE","33000",2,0.000369754113514513
2021,"EXP_CARE_EXPENDITURE","35000",1,0.000184877056757256
2021,"EXP_CARE_EXPENDITURE","38000",1,0.000184877056757256
2021,"EXP_CARE_EXPENDITURE","4,000元-未滿5,000元",19,0.00351266407838787
2021,"EXP_CARE_EXPENDITURE","42000",1,0.000184877056757256
2021,"EXP_CARE_EXPENDITURE","5,000元-未滿7,000元",18,0.00332778702163062
2021,"EXP_CARE_EXPENDITURE","50000",1,0.000184877056757256
2021,"EXP_CARE_EXPENDITURE","7,000元-未滿10,000元",25,0.00462192641893141
2021,"EXP_CARE_EXPENDITURE","未滿1,000元",38,0.00702532815677574
2021,"EXP_CARE_EXPENDITURE","沒有這項支出",5104,0.943612497689037
2021,"EXP_CARE_EXPENDITURE_VALUE_SOURCE","indicator_no_zero",5104,0.943612497689037
2021,"EXP_CARE_EXPENDITURE_VALUE_SOURCE","open_amount",18,0.00332778702163062
2021,"EXP_CARE_EXPENDITURE_VALUE_SOURCE","source_question",287,0.0530597152893326
2021,"EXP_CLEANING_EXPENDITURE","1,000-1,999 元",16,0.0029580329081161
2021,"EXP_CLEANING_EXPENDITURE","15,000-19,999 元",2,0.000369754113514513
2021,"EXP_CLEANING_EXPENDITURE","2,000-2,999 元",7,0.0012941393973008
2021,"EXP_CLEANING_EXPENDITURE","20,000-29,999 元",11,0.00203364762432982
2021,"EXP_CLEANING_EXPENDITURE","3,000-3,999 元",4,0.000739508227029026
2021,"EXP_CLEANING_EXPENDITURE","4,000-4,999 元",1,0.000184877056757256
2021,"EXP_CLEANING_EXPENDITURE","5,000-6,999 元",1,0.000184877056757256
2021,"EXP_CLEANING_EXPENDITURE","7,000-9,999 元",1,0.000184877056757256
2021,"EXP_CLEANING_EXPENDITURE","999 元及以下",47,0.00868922166759105
2021,"EXP_CLEANING_EXPENDITURE","沒有這項支出",5319,0.983361064891847
2021,"EXP_CLEANING_EXPENDITURE_VALUE_SOURCE","indicator_no_zero",5319,0.983361064891847
2021,"EXP_CLEANING_EXPENDITURE_VALUE_SOURCE","source_question",90,0.0166389351081531
2021,"EXP_CLOTHING_EXPENDITURE","1,000元-未滿2,000元",1275,0.235718247365502
2021,"EXP_CLOTHING_EXPENDITURE","10,000元-未滿15,000元",42,0.00776483638380477
2021,"EXP_CLOTHING_EXPENDITURE","15,000元-未滿20,000元",19,0.00351266407838787
2021,"EXP_CLOTHING_EXPENDITURE","18000",1,0.000184877056757256
2021,"EXP_CLOTHING_EXPENDITURE","2,000元-未滿3,000元",636,0.117581808097615
2021,"EXP_CLOTHING_EXPENDITURE","20,000元-未滿30,000元",9,0.00166389351081531
2021,"EXP_CLOTHING_EXPENDITURE","3,000元-未滿4,000元",263,0.0486226659271584
2021,"EXP_CLOTHING_EXPENDITURE","30000",4,0.000739508227029026
2021,"EXP_CLOTHING_EXPENDITURE","35000",2,0.000369754113514513
2021,"EXP_CLOTHING_EXPENDITURE","4,000元-未滿5,000元",177,0.0327232390460344
2021,"EXP_CLOTHING_EXPENDITURE","40000",1,0.000184877056757256
2021,"EXP_CLOTHING_EXPENDITURE","5,000元-未滿7,000元",114,0.0210759844703272
2021,"EXP_CLOTHING_EXPENDITURE","55000",1,0.000184877056757256
2021,"EXP_CLOTHING_EXPENDITURE","7,000元-未滿10,000元",60,0.0110926234054354
2021,"EXP_CLOTHING_EXPENDITURE","未滿1,000元",2046,0.378258458125347
2021,"EXP_CLOTHING_EXPENDITURE","沒有這項支出",759,0.140321686078758
2021,"EXP_CLOTHING_EXPENDITURE_VALUE_SOURCE","indicator_no_zero",759,0.140321686078758
2021,"EXP_CLOTHING_EXPENDITURE_VALUE_SOURCE","open_amount",9,0.00166389351081531
2021,"EXP_CLOTHING_EXPENDITURE_VALUE_SOURCE","source_question",4641,0.858014420410427
2021,"EXP_DINING_LODGING_EXPENDITURE","1,000-1,999 元",566,0.104640414124607
2021,"EXP_DINING_LODGING_EXPENDITURE","10,000-14,999 元",319,0.0589757811055648
2021,"EXP_DINING_LODGING_EXPENDITURE","100000",3,0.000554631170271769
2021,"EXP_DINING_LODGING_EXPENDITURE","110000",1,0.000184877056757256
2021,"EXP_DINING_LODGING_EXPENDITURE","120000",8,0.00147901645405805
2021,"EXP_DINING_LODGING_EXPENDITURE","15,000-19,999 元",154,0.0284710667406175
2021,"EXP_DINING_LODGING_EXPENDITURE","15000",1,0.000184877056757256
2021,"EXP_DINING_LODGING_EXPENDITURE","2,000-2,999 元",550,0.101682381216491
2021,"EXP_DINING_LODGING_EXPENDITURE","20,000-29,999 元",127,0.0234793862081716
2021,"EXP_DINING_LODGING_EXPENDITURE","20000",2,0.000369754113514513
2021,"EXP_DINING_LODGING_EXPENDITURE","25000",1,0.000184877056757256
2021,"EXP_DINING_LODGING_EXPENDITURE","3,000-3,999 元",335,0.0619338140136809
2021,"EXP_DINING_LODGING_EXPENDITURE","30000",24,0.00443704936217415
2021,"EXP_DINING_LODGING_EXPENDITURE","32000",2,0.000369754113514513
2021,"EXP_DINING_LODGING_EXPENDITURE","34000",1,0.000184877056757256
2021,"EXP_DINING_LODGING_EXPENDITURE","35000",1,0.000184877056757256
2021,"EXP_DINING_LODGING_EXPENDITURE","36000",4,0.000739508227029026
2021,"EXP_DINING_LODGING_EXPENDITURE","4,000-4,999 元",343,0.0634128304677389
2021,"EXP_DINING_LODGING_EXPENDITURE","4000",1,0.000184877056757256
2021,"EXP_DINING_LODGING_EXPENDITURE","40000",4,0.000739508227029026
2021,"EXP_DINING_LODGING_EXPENDITURE","45000",1,0.000184877056757256
2021,"EXP_DINING_LODGING_EXPENDITURE","5,000-6,999 元",387,0.0715474209650582
2021,"EXP_DINING_LODGING_EXPENDITURE","60000",3,0.000554631170271769
2021,"EXP_DINING_LODGING_EXPENDITURE","7,000-9,999 元",319,0.0589757811055648
2021,"EXP_DINING_LODGING_EXPENDITURE","75000",1,0.000184877056757256
2021,"EXP_DINING_LODGING_EXPENDITURE","80000",1,0.000184877056757256
2021,"EXP_DINING_LODGING_EXPENDITURE","84000",1,0.000184877056757256
2021,"EXP_DINING_LODGING_EXPENDITURE","90000",1,0.000184877056757256
2021,"EXP_DINING_LODGING_EXPENDITURE","96000",1,0.000184877056757256
2021,"EXP_DINING_LODGING_EXPENDITURE","999 元及以下",495,0.0915141430948419
2021,"EXP_DINING_LODGING_EXPENDITURE","沒有這項支出",1752,0.323904603438713
2021,"EXP_DINING_LODGING_EXPENDITURE_VALUE_SOURCE","indicator_no_zero",1752,0.323904603438713
2021,"EXP_DINING_LODGING_EXPENDITURE_VALUE_SOURCE","open_amount",62,0.0114623775189499
2021,"EXP_DINING_LODGING_EXPENDITURE_VALUE_SOURCE","source_question",3595,0.664633019042337
2021,"EXP_EDU_TUITION_EXPENDITURE","1,000元-未滿2,000元",342,0.0632279534109817
2021,"EXP_EDU_TUITION_EXPENDITURE","10,000元-未滿15,000元",132,0.0244037714919578
2021,"EXP_EDU_TUITION_EXPENDITURE","15,000元-未滿20,000元",34,0.00628581992974672
2021,"EXP_EDU_TUITION_EXPENDITURE","16000",1,0.000184877056757256
2021,"EXP_EDU_TUITION_EXPENDITURE","2,000元-未滿3,000元",287,0.0530597152893326
2021,"EXP_EDU_TUITION_EXPENDITURE","20,000元-未滿30,000元",41,0.00757995932704751
2021,"EXP_EDU_TUITION_EXPENDITURE","20000",1,0.000184877056757256
2021,"EXP_EDU_TUITION_EXPENDITURE","25000",1,0.000184877056757256
2021,"EXP_EDU_TUITION_EXPENDITURE","3,000元-未滿4,000元",183,0.0338325013865779
2021,"EXP_EDU_TUITION_EXPENDITURE","30000",9,0.00166389351081531
2021,"EXP_EDU_TUITION_EXPENDITURE","35000",1,0.000184877056757256
2021,"EXP_EDU_TUITION_EXPENDITURE","4,000元-未滿5,000元",157,0.0290256979108893
2021,"EXP_EDU_TUITION_EXPENDITURE","40000",3,0.000554631170271769
2021,"EXP_EDU_TUITION_EXPENDITURE","45000",1,0.000184877056757256
2021,"EXP_EDU_TUITION_EXPENDITURE","5,000元-未滿7,000元",164,0.0303198373081901
2021,"EXP_EDU_TUITION_EXPENDITURE","50000",1,0.000184877056757256
2021,"EXP_EDU_TUITION_EXPENDITURE","60000",4,0.000739508227029026
2021,"EXP_EDU_TUITION_EXPENDITURE","7,000元-未滿10,000元",170,0.0314290996487336
2021,"EXP_EDU_TUITION_EXPENDITURE","70000",1,0.000184877056757256
2021,"EXP_EDU_TUITION_EXPENDITURE","72000",1,0.000184877056757256
2021,"EXP_EDU_TUITION_EXPENDITURE","73200",1,0.000184877056757256
2021,"EXP_EDU_TUITION_EXPENDITURE","90000",7,0.0012941393973008
2021,"EXP_EDU_TUITION_EXPENDITURE","未滿1,000元",380,0.0702532815677574
2021,"EXP_EDU_TUITION_EXPENDITURE","沒有這項支出",3487,0.644666296912553
2021,"EXP_EDU_TUITION_EXPENDITURE_VALUE_SOURCE","indicator_no_zero",3487,0.644666296912553
2021,"EXP_EDU_TUITION_EXPENDITURE_VALUE_SOURCE","open_amount",32,0.00591606581623221
2021,"EXP_EDU_TUITION_EXPENDITURE_VALUE_SOURCE","source_question",1890,0.349417637271215
2021,"EXP_FOOD_EXPENDITURE","10,000-11,999 元",731,0.135145128489554
2021,"EXP_FOOD_EXPENDITURE","12,000-14,999 元",636,0.117581808097615
2021,"EXP_FOOD_EXPENDITURE","15,000-19,999 元",621,0.114808652246256
2021,"EXP_FOOD_EXPENDITURE","20,000-29,999 元",593,0.109632094657053
2021,"EXP_FOOD_EXPENDITURE","3,000-4,999 元",646,0.119430578665188
2021,"EXP_FOOD_EXPENDITURE","30,000-39,999 元",190,0.0351266407838787
2021,"EXP_FOOD_EXPENDITURE","40,000-49,999 元",36,0.00665557404326123
2021,"EXP_FOOD_EXPENDITURE","5,000-6,999 元",749,0.138472915511185
2021,"EXP_FOOD_EXPENDITURE","50,000-59,999 元",13,0.00240340173784433
2021,"EXP_FOOD_EXPENDITURE","60,000-69,999 元",9,0.00166389351081531
2021,"EXP_FOOD_EXPENDITURE","7,000-9,999 元",732,0.135330005546312
2021,"EXP_FOOD_EXPENDITURE","70,000 元及以上，請記錄______________元",1,0.000184877056757256
2021,"EXP_FOOD_EXPENDITURE","未滿3,000元",452,0.0835644296542799
2021,"EXP_FOOD_EXPENDITURE_VALUE_SOURCE","source_question",5409,1
2021,"EXP_FURNITURE_EXPENDITURE","1,000元-未滿2,000元",649,0.119985209835459
2021,"EXP_FURNITURE_EXPENDITURE","10,000元-未滿15,000元",40,0.00739508227029026
2021,"EXP_FURNITURE_EXPENDITURE","100000",2,0.000369754113514513
2021,"EXP_FURNITURE_EXPENDITURE","125000",6,0.00110926234054354
2021,"EXP_FURNITURE_EXPENDITURE","15,000元-未滿20,000元",23,0.0042521723054169
2021,"EXP_FURNITURE_EXPENDITURE","2,000元-未滿3,000元",364,0.0672952486596413
2021,"EXP_FURNITURE_EXPENDITURE","20,000元-未滿30,000元",36,0.00665557404326123
2021,"EXP_FURNITURE_EXPENDITURE","3,000元-未滿4,000元",176,0.0325383619892771
2021,"EXP_FURNITURE_EXPENDITURE","30000",9,0.00166389351081531
2021,"EXP_FURNITURE_EXPENDITURE","31000",1,0.000184877056757256
2021,"EXP_FURNITURE_EXPENDITURE","33000",1,0.000184877056757256
2021,"EXP_FURNITURE_EXPENDITURE","35000",1,0.000184877056757256
2021,"EXP_FURNITURE_EXPENDITURE","4,000元-未滿5,000元",124,0.0229247550378998
2021,"EXP_FURNITURE_EXPENDITURE","40000",4,0.000739508227029026
2021,"EXP_FURNITURE_EXPENDITURE","44000",1,0.000184877056757256
2021,"EXP_FURNITURE_EXPENDITURE","45000",1,0.000184877056757256
2021,"EXP_FURNITURE_EXPENDITURE","5,000元-未滿7,000元",85,0.0157145498243668
2021,"EXP_FURNITURE_EXPENDITURE","50000",3,0.000554631170271769
2021,"EXP_FURNITURE_EXPENDITURE","51000",1,0.000184877056757256
2021,"EXP_FURNITURE_EXPENDITURE","55000",1,0.000184877056757256
2021,"EXP_FURNITURE_EXPENDITURE","60000",2,0.000369754113514513
2021,"EXP_FURNITURE_EXPENDITURE","7,000元-未滿10,000元",47,0.00868922166759105
2021,"EXP_FURNITURE_EXPENDITURE","未滿1,000元",1150,0.212608615270845
2021,"EXP_FURNITURE_EXPENDITURE","沒有這項支出",2682,0.495840266222962
2021,"EXP_FURNITURE_EXPENDITURE_VALUE_SOURCE","indicator_no_zero",2682,0.495840266222962
2021,"EXP_FURNITURE_EXPENDITURE_VALUE_SOURCE","open_amount",33,0.00610094287298946
2021,"EXP_FURNITURE_EXPENDITURE_VALUE_SOURCE","source_question",2694,0.498058790904049
2021,"EXP_HOUSING_UTIL_EXPENDITURE","1,000-1,499 元",708,0.130892956184138
2021,"EXP_HOUSING_UTIL_EXPENDITURE","1,500-1,999 元",638,0.11795156221113
2021,"EXP_HOUSING_UTIL_EXPENDITURE","10,000-14,999 元",403,0.0745054538731743
2021,"EXP_HOUSING_UTIL_EXPENDITURE","15,000-19,999 元",219,0.0404880754298392
2021,"EXP_HOUSING_UTIL_EXPENDITURE","2,000-2,499 元",558,0.103161397670549
2021,"EXP_HOUSING_UTIL_EXPENDITURE","2,500-2,999 元",706,0.130523202070623
2021,"EXP_HOUSING_UTIL_EXPENDITURE","20,000-29,999 元",145,0.0268071732298022
2021,"EXP_HOUSING_UTIL_EXPENDITURE","3,000-4,999 元",937,0.173229802181549
2021,"EXP_HOUSING_UTIL_EXPENDITURE","30,000-39,999 元",21,0.00388241819190238
2021,"EXP_HOUSING_UTIL_EXPENDITURE","40,000-49,999 元",11,0.00203364762432982
2021,"EXP_HOUSING_UTIL_EXPENDITURE","5,000-9,999 元",617,0.114069144019227
2021,"EXP_HOUSING_UTIL_EXPENDITURE","50,000-59,999 元",6,0.00110926234054354
2021,"EXP_HOUSING_UTIL_EXPENDITURE","60,000-69,999 元",2,0.000369754113514513
2021,"EXP_HOUSING_UTIL_EXPENDITURE","70,000 元及以上，請記錄____________元",8,0.00147901645405805
2021,"EXP_HOUSING_UTIL_EXPENDITURE","999 元及以下",400,0.0739508227029026
2021,"EXP_HOUSING_UTIL_EXPENDITURE","沒有這項支出",30,0.00554631170271769
2021,"EXP_HOUSING_UTIL_EXPENDITURE_VALUE_SOURCE","source_question",5409,1
2021,"EXP_LOAN_INTEREST_EXPENDITURE","1,000元-未滿2,000元",232,0.0428914771676835
2021,"EXP_LOAN_INTEREST_EXPENDITURE","10,000元-未滿15,000元",155,0.0286559437973747
2021,"EXP_LOAN_INTEREST_EXPENDITURE","100000",11,0.00203364762432982
2021,"EXP_LOAN_INTEREST_EXPENDITURE","15,000元-未滿20,000元",76,0.0140506563135515
2021,"EXP_LOAN_INTEREST_EXPENDITURE","15000",1,0.000184877056757256
2021,"EXP_LOAN_INTEREST_EXPENDITURE","2,000元-未滿3,000元",162,0.0299500831946755
2021,"EXP_LOAN_INTEREST_EXPENDITURE","20,000元-未滿30,000元",108,0.0199667221297837
2021,"EXP_LOAN_INTEREST_EXPENDITURE","20000",1,0.000184877056757256
2021,"EXP_LOAN_INTEREST_EXPENDITURE","27000",1,0.000184877056757256
2021,"EXP_LOAN_INTEREST_EXPENDITURE","3,000元-未滿4,000元",103,0.0190423368459974
2021,"EXP_LOAN_INTEREST_EXPENDITURE","30000",10,0.00184877056757256
2021,"EXP_LOAN_INTEREST_EXPENDITURE","33000",1,0.000184877056757256
2021,"EXP_LOAN_INTEREST_EXPENDITURE","35000",5,0.000924385283786282
2021,"EXP_LOAN_INTEREST_EXPENDITURE","36000",2,0.000369754113514513
2021,"EXP_LOAN_INTEREST_EXPENDITURE","38000",2,0.000369754113514513
2021,"EXP_LOAN_INTEREST_EXPENDITURE","4,000元-未滿5,000元",66,0.0122018857459789
2021,"EXP_LOAN_INTEREST_EXPENDITURE","4000",1,0.000184877056757256
2021,"EXP_LOAN_INTEREST_EXPENDITURE","40000",5,0.000924385283786282
2021,"EXP_LOAN_INTEREST_EXPENDITURE","42000",1,0.000184877056757256
2021,"EXP_LOAN_INTEREST_EXPENDITURE","43000",1,0.000184877056757256
2021,"EXP_LOAN_INTEREST_EXPENDITURE","45000",1,0.000184877056757256
2021,"EXP_LOAN_INTEREST_EXPENDITURE","46000",1,0.000184877056757256
2021,"EXP_LOAN_INTEREST_EXPENDITURE","48000",1,0.000184877056757256
2021,"EXP_LOAN_INTEREST_EXPENDITURE","5,000元-未滿7,000元",78,0.014420410427066
2021,"EXP_LOAN_INTEREST_EXPENDITURE","50000",4,0.000739508227029026
2021,"EXP_LOAN_INTEREST_EXPENDITURE","52000",1,0.000184877056757256
2021,"EXP_LOAN_INTEREST_EXPENDITURE","55000",1,0.000184877056757256
2021,"EXP_LOAN_INTEREST_EXPENDITURE","60000",3,0.000554631170271769
2021,"EXP_LOAN_INTEREST_EXPENDITURE","66000",1,0.000184877056757256
2021,"EXP_LOAN_INTEREST_EXPENDITURE","7,000元-未滿10,000元",77,0.0142355333703087
2021,"EXP_LOAN_INTEREST_EXPENDITURE","80000",1,0.000184877056757256
2021,"EXP_LOAN_INTEREST_EXPENDITURE","85000",1,0.000184877056757256
2021,"EXP_LOAN_INTEREST_EXPENDITURE","未滿1,000元",192,0.0354963948973932
2021,"EXP_LOAN_INTEREST_EXPENDITURE","沒有這項支出",4103,0.758550563875023
2021,"EXP_LOAN_INTEREST_EXPENDITURE_VALUE_SOURCE","indicator_no_zero",4103,0.758550563875023
2021,"EXP_LOAN_INTEREST_EXPENDITURE_VALUE_SOURCE","open_amount",57,0.0105379922351636
2021,"EXP_LOAN_INTEREST_EXPENDITURE_VALUE_SOURCE","source_question",1249,0.230911443889813
2021,"EXP_MEDICAL_EXPENDITURE","1,000-1,999 元",765,0.141430948419301
2021,"EXP_MEDICAL_EXPENDITURE","10,000-14,999 元",183,0.0338325013865779
2021,"EXP_MEDICAL_EXPENDITURE","15,000-19,999 元",69,0.0127565169162507
2021,"EXP_MEDICAL_EXPENDITURE","2,000-2,999 元",426,0.0787576261785912
2021,"EXP_MEDICAL_EXPENDITURE","20,000-29,999 元",40,0.00739508227029026
2021,"EXP_MEDICAL_EXPENDITURE","3,000-3,999 元",350,0.0647069698650398
2021,"EXP_MEDICAL_EXPENDITURE","30,000 元及以上，請記錄________元",25,0.00462192641893141
2021,"EXP_MEDICAL_EXPENDITURE","4,000-4,999 元",230,0.042521723054169
2021,"EXP_MEDICAL_EXPENDITURE","499 元及以下",1550,0.286559437973747
2021,"EXP_MEDICAL_EXPENDITURE","5,000-6,999 元",218,0.0403031983730819
2021,"EXP_MEDICAL_EXPENDITURE","500-999 元",1203,0.222407099278979
2021,"EXP_MEDICAL_EXPENDITURE","7,000-9,999 元",223,0.0412275836568682
2021,"EXP_MEDICAL_EXPENDITURE","沒有這項支出",127,0.0234793862081716
2021,"EXP_MEDICAL_EXPENDITURE_VALUE_SOURCE","source_question",5409,1
2021,"EXP_OTHER_EXPENDITURE","1,000元-未滿2,000元",597,0.110371602884082
2021,"EXP_OTHER_EXPENDITURE","10,000元-未滿15,000元",26,0.00480680347568867
2021,"EXP_OTHER_EXPENDITURE","100000",1,0.000184877056757256
2021,"EXP_OTHER_EXPENDITURE","15,000元-未滿20,000元",9,0.00166389351081531
2021,"EXP_OTHER_EXPENDITURE","2,000元-未滿3,000元",408,0.0754298391569606
2021,"EXP_OTHER_EXPENDITURE","20,000元-未滿30,000元",9,0.00166389351081531
2021,"EXP_OTHER_EXPENDITURE","3,000元-未滿4,000元",170,0.0314290996487336
2021,"EXP_OTHER_EXPENDITURE","4,000元-未滿5,000元",103,0.0190423368459974
2021,"EXP_OTHER_EXPENDITURE","5,000元-未滿7,000元",41,0.00757995932704751
2021,"EXP_OTHER_EXPENDITURE","7,000元-未滿10,000元",32,0.00591606581623221
2021,"EXP_OTHER_EXPENDITURE","未滿1,000元",1025,0.189498983176188
2021,"EXP_OTHER_EXPENDITURE","沒有這項支出",2988,0.552412645590682
2021,"EXP_OTHER_EXPENDITURE_VALUE_SOURCE","indicator_no_zero",2988,0.552412645590682
2021,"EXP_OTHER_EXPENDITURE_VALUE_SOURCE","open_amount",1,0.000184877056757256
2021,"EXP_OTHER_EXPENDITURE_VALUE_SOURCE","source_question",2420,0.447402477352561
2021,"EXP_TAX_INS_GIFT_EXPENDITURE","1,000-1,499 元",570,0.105379922351636
2021,"EXP_TAX_INS_GIFT_EXPENDITURE","1,500-1,999 元",518,0.0957663154002588
2021,"EXP_TAX_INS_GIFT_EXPENDITURE","10,000-14,999 元",205,0.0378997966352376
2021,"EXP_TAX_INS_GIFT_EXPENDITURE","15,000-19,999 元",106,0.0195969680162692
2021,"EXP_TAX_INS_GIFT_EXPENDITURE","2,000-2,499 元",414,0.0765391014975042
2021,"EXP_TAX_INS_GIFT_EXPENDITURE","2,500-2,999 元",601,0.111111111111111
2021,"EXP_TAX_INS_GIFT_EXPENDITURE","20,000-29,999 元",61,0.0112775004621926
2021,"EXP_TAX_INS_GIFT_EXPENDITURE","3,000-3,999 元",616,0.11388426696247
2021,"EXP_TAX_INS_GIFT_EXPENDITURE","30,000 元及以上，請記錄________元",15,0.00277315585135885
2021,"EXP_TAX_INS_GIFT_EXPENDITURE","4,000-4,999 元",501,0.0926234054353855
2021,"EXP_TAX_INS_GIFT_EXPENDITURE","5,000-6,999 元",615,0.113699389905713
2021,"EXP_TAX_INS_GIFT_EXPENDITURE","7,000-9,999 元",404,0.0746903309299316
2021,"EXP_TAX_INS_GIFT_EXPENDITURE","999 元及以下",531,0.0981697171381032
2021,"EXP_TAX_INS_GIFT_EXPENDITURE","沒有這項支出",252,0.0465890183028286
2021,"EXP_TAX_INS_GIFT_EXPENDITURE_VALUE_SOURCE","source_question",5409,1
2021,"EXP_TRANSPORT_COMM_EXPENDITURE","1,000-1,999 元",669,0.123682750970605
2021,"EXP_TRANSPORT_COMM_EXPENDITURE","10,000-14,999 元",534,0.0987243483083749
2021,"EXP_TRANSPORT_COMM_EXPENDITURE","15,000-19,999 元",173,0.0319837308190054
2021,"EXP_TRANSPORT_COMM_EXPENDITURE","2,000-2,999 元",626,0.115733037530043
2021,"EXP_TRANSPORT_COMM_EXPENDITURE","20,000-29,999 元",116,0.0214457385838417
2021,"EXP_TRANSPORT_COMM_EXPENDITURE","3,000-3,999 元",594,0.10981697171381
2021,"EXP_TRANSPORT_COMM_EXPENDITURE","30,000 元及以上，請記錄________元",34,0.00628581992974672
2021,"EXP_TRANSPORT_COMM_EXPENDITURE","4,000-4,999 元",758,0.140136809022
2021,"EXP_TRANSPORT_COMM_EXPENDITURE","5,000-6,999 元",796,0.147162137178776
2021,"EXP_TRANSPORT_COMM_EXPENDITURE","7,000-9,999 元",679,0.125531521538177
2021,"EXP_TRANSPORT_COMM_EXPENDITURE","999 元及以下",385,0.0711776668515437
2021,"EXP_TRANSPORT_COMM_EXPENDITURE","沒有這項支出",45,0.00831946755407654
2021,"EXP_TRANSPORT_COMM_EXPENDITURE_VALUE_SOURCE","source_question",5409,1
2021,"EXP_TRAVEL_EXPENDITURE","1,000元-未滿2,000元",378,0.0698835274542429
2021,"EXP_TRAVEL_EXPENDITURE","10,000元-未滿15,000元",23,0.0042521723054169
2021,"EXP_TRAVEL_EXPENDITURE","15,000元-未滿20,000元",7,0.0012941393973008
2021,"EXP_TRAVEL_EXPENDITURE","2,000元-未滿3,000元",182,0.0336476243298207
2021,"EXP_TRAVEL_EXPENDITURE","20,000元-未滿30,000元",5,0.000924385283786282
2021,"EXP_TRAVEL_EXPENDITURE","3,000元-未滿4,000元",71,0.0131262710297652
2021,"EXP_TRAVEL_EXPENDITURE","30000",2,0.000369754113514513
2021,"EXP_TRAVEL_EXPENDITURE","4,000元-未滿5,000元",80,0.0147901645405805
2021,"EXP_TRAVEL_EXPENDITURE","40000",2,0.000369754113514513
2021,"EXP_TRAVEL_EXPENDITURE","5,000元-未滿7,000元",40,0.00739508227029026
2021,"EXP_TRAVEL_EXPENDITURE","50000",2,0.000369754113514513
2021,"EXP_TRAVEL_EXPENDITURE","7,000元-未滿10,000元",21,0.00388241819190238
2021,"EXP_TRAVEL_EXPENDITURE","未滿1,000元",591,0.109262340543539
2021,"EXP_TRAVEL_EXPENDITURE","沒有這項支出",4005,0.740432612312812
2021,"EXP_TRAVEL_EXPENDITURE_VALUE_SOURCE","indicator_no_zero",4005,0.740432612312812
2021,"EXP_TRAVEL_EXPENDITURE_VALUE_SOURCE","open_amount",6,0.00110926234054354
2021,"EXP_TRAVEL_EXPENDITURE_VALUE_SOURCE","source_question",1398,0.258458125346644
2021,"GEOGRAPHY_KEY","REGION::中部地區",760,0.140506563135515
2021,"GEOGRAPHY_KEY","REGION::北部地區",2012,0.3719726381956
2021,"GEOGRAPHY_KEY","REGION::南部地區",1098,0.202995008319468
2021,"GEOGRAPHY_KEY","REGION::東部及離島地區",1539,0.284525790349418
2021,"GEOGRAPHY_LEVEL","deidentified_region",5409,1
2021,"HAS_INDI_55PLUS","FALSE",2306,0.426326492882233
2021,"HAS_INDI_55PLUS","TRUE",3103,0.573673507117767
2021,"HAS_INDI_65PLUS","FALSE",3602,0.665927158439638
2021,"HAS_INDI_65PLUS","TRUE",1807,0.334072841560362
2021,"HOUSE_BELONG","借用",169,0.0312442225919763
2021,"HOUSE_BELONG","租賃",1106,0.204474024773526
2021,"HOUSE_BELONG","自有/家人所有/自建",4103,0.758550563875023
2021,"HOUSE_BELONG","配住",31,0.00573118875947495
2021,"INC_FAM_ANALYSIS_ELIGIBILITY_REASON","該年度無I1跳答排除規則",5409,1
2021,"INC_FAM_ANALYSIS_ELIGIBLE","TRUE",5409,1
2021,"INC_FAM_GOV_INCOME","1,000-1,999 元",71,0.0131262710297652
2021,"INC_FAM_GOV_INCOME","10,000-14,999 元",288,0.0532445923460899
2021,"INC_FAM_GOV_INCOME","15,000-19,999 元",100,0.0184877056757256
2021,"INC_FAM_GOV_INCOME","2,000-2,999 元",106,0.0195969680162692
2021,"INC_FAM_GOV_INCOME","20,000-29,999 元",78,0.014420410427066
2021,"INC_FAM_GOV_INCOME","3,000-3,999 元",714,0.132002218524681
2021,"INC_FAM_GOV_INCOME","30,000 元及以上，請記錄________元",15,0.00277315585135885
2021,"INC_FAM_GOV_INCOME","4,000-4,999 元",284,0.0525050841190608
2021,"INC_FAM_GOV_INCOME","5,000-5,999 元",223,0.0412275836568682
2021,"INC_FAM_GOV_INCOME","6,000-7,999 元",550,0.101682381216491
2021,"INC_FAM_GOV_INCOME","8,000-9,999 元",196,0.0362359031244223
2021,"INC_FAM_GOV_INCOME","999 元及以下",82,0.015159918654095
2021,"INC_FAM_GOV_INCOME","沒有這項收入",2702,0.499537807358107
2021,"INC_FAM_GOV_INCOME_VALUE_SOURCE","source_question",5409,1
2021,"INC_FAM_INTEREST_INCOME","1,000-1,999 元",178,0.0329081161027916
2021,"INC_FAM_INTEREST_INCOME","10,000-14,999 元",49,0.00905897578110556
2021,"INC_FAM_INTEREST_INCOME","15,000-19,999 元",7,0.0012941393973008
2021,"INC_FAM_INTEREST_INCOME","2,000-2,999 元",85,0.0157145498243668
2021,"INC_FAM_INTEREST_INCOME","20,000-29,999 元",4,0.000739508227029026
2021,"INC_FAM_INTEREST_INCOME","3,000-3,999 元",35,0.00647069698650397
2021,"INC_FAM_INTEREST_INCOME","30,000 元及以上，請記錄________元",6,0.00110926234054354
2021,"INC_FAM_INTEREST_INCOME","4,000-4,999 元",36,0.00665557404326123
2021,"INC_FAM_INTEREST_INCOME","5,000-5,999 元",23,0.0042521723054169
2021,"INC_FAM_INTEREST_INCOME","6,000-7,999 元",12,0.00221852468108708
2021,"INC_FAM_INTEREST_INCOME","8,000-9,999 元",22,0.00406729524865964
2021,"INC_FAM_INTEREST_INCOME","999 元及以下",1073,0.198373081900536
2021,"INC_FAM_INTEREST_INCOME","沒有這項收入",3879,0.717138103161398
2021,"INC_FAM_INTEREST_INCOME_VALUE_SOURCE","source_question",5409,1
2021,"INC_FAM_OTHER_INCOME","10,000元-未滿15,000元",22,0.00406729524865964
2021,"INC_FAM_OTHER_INCOME","15,000元-未滿20,000元",5,0.000924385283786282
2021,"INC_FAM_OTHER_INCOME","20,000元-未滿25,000元",13,0.00240340173784433
2021,"INC_FAM_OTHER_INCOME","25,000元-未滿30,000元",6,0.00110926234054354
2021,"INC_FAM_OTHER_INCOME","30,000元-未滿40,000元",2,0.000369754113514513
2021,"INC_FAM_OTHER_INCOME","40,000元-未滿50,000元",1,0.000184877056757256
2021,"INC_FAM_OTHER_INCOME","5,000元-未滿10,000元",42,0.00776483638380477
2021,"INC_FAM_OTHER_INCOME","50,000元-未滿60,000元",42,0.00776483638380477
2021,"INC_FAM_OTHER_INCOME","70,000元-未滿80,000元",3,0.000554631170271769
2021,"INC_FAM_OTHER_INCOME","未滿5,000元",229,0.0423368459974117
2021,"INC_FAM_OTHER_INCOME","沒有這項收入",5044,0.932519874283601
2021,"INC_FAM_OTHER_INCOME_VALUE_SOURCE","source_question",5409,1
2021,"INC_FAM_RENT_INCOME","10,000-14,999 元",22,0.00406729524865964
2021,"INC_FAM_RENT_INCOME","15,000-19,999 元",11,0.00203364762432982
2021,"INC_FAM_RENT_INCOME","20,000-24,999 元",9,0.00166389351081531
2021,"INC_FAM_RENT_INCOME","25,000-29,999 元",4,0.000739508227029026
2021,"INC_FAM_RENT_INCOME","30,000-39,999 元",4,0.000739508227029026
2021,"INC_FAM_RENT_INCOME","4,999 元及以下",65,0.0120170086892217
2021,"INC_FAM_RENT_INCOME","40,000-49,999 元",4,0.000739508227029026
2021,"INC_FAM_RENT_INCOME","5,000-9,999 元",40,0.00739508227029026
2021,"INC_FAM_RENT_INCOME","50,000-59,999 元",21,0.00388241819190238
2021,"INC_FAM_RENT_INCOME","70,000-79,999 元",1,0.000184877056757256
2021,"INC_FAM_RENT_INCOME","80,000 元及以上，請記錄_________________元",1,0.000184877056757256
2021,"INC_FAM_RENT_INCOME","沒有這項收入",5227,0.966352375670179
2021,"INC_FAM_RENT_INCOME_VALUE_SOURCE","source_question",5409,1
2021,"INC_FAM_TRANSFER_INCOME","1,000-1,999 元",163,0.0301349602514328
2021,"INC_FAM_TRANSFER_INCOME","10,000-14,999 元",14,0.00258827879460159
2021,"INC_FAM_TRANSFER_INCOME","15,000-19,999 元",8,0.00147901645405805
2021,"INC_FAM_TRANSFER_INCOME","2,000-2,999 元",68,0.0125716398594934
2021,"INC_FAM_TRANSFER_INCOME","20,000-29,999 元",8,0.00147901645405805
2021,"INC_FAM_TRANSFER_INCOME","3,000-3,999 元",30,0.00554631170271769
2021,"INC_FAM_TRANSFER_INCOME","30,000 元及以上，請記錄________元",2,0.000369754113514513
2021,"INC_FAM_TRANSFER_INCOME","4,000-4,999 元",27,0.00499168053244592
2021,"INC_FAM_TRANSFER_INCOME","5,000-5,999 元",14,0.00258827879460159
2021,"INC_FAM_TRANSFER_INCOME","6,000-7,999 元",13,0.00240340173784433
2021,"INC_FAM_TRANSFER_INCOME","8,000-9,999 元",12,0.00221852468108708
2021,"INC_FAM_TRANSFER_INCOME","999 元及以下",267,0.0493621741541875
2021,"INC_FAM_TRANSFER_INCOME","沒有這項收入",4783,0.884266962469958
2021,"INC_FAM_TRANSFER_INCOME_VALUE_SOURCE","source_question",5409,1
2021,"INC_FAM_WORK_INCOME","10,000-19,999 元",356,0.0658162322055833
2021,"INC_FAM_WORK_INCOME","100,000-129,999元",356,0.0658162322055833
2021,"INC_FAM_WORK_INCOME","130,000-159,999元",228,0.0421519689406545
2021,"INC_FAM_WORK_INCOME","160,000 元及以上，請記錄____________元",84,0.0155296727676095
2021,"INC_FAM_WORK_INCOME","20,000-29,999 元",529,0.0977999630245887
2021,"INC_FAM_WORK_INCOME","30,000-39,999 元",631,0.116657422813829
2021,"INC_FAM_WORK_INCOME","40,000-49,999 元",598,0.110556479940839
2021,"INC_FAM_WORK_INCOME","50,000-59,999 元",607,0.112220373451655
2021,"INC_FAM_WORK_INCOME","60,000-69,999 元",485,0.0896653725272694
2021,"INC_FAM_WORK_INCOME","70,000-79,999 元",430,0.0794971344056203
2021,"INC_FAM_WORK_INCOME","80,000-89,999 元",338,0.0624884451839527
2021,"INC_FAM_WORK_INCOME","9,999 元及以下",180,0.0332778702163062
2021,"INC_FAM_WORK_INCOME","90,000-99,999 元",270,0.0499168053244592
2021,"INC_FAM_WORK_INCOME","沒有這項收入",317,0.0586060269920503
2021,"INC_FAM_WORK_INCOME_VALUE_SOURCE","source_question",5409,1
2021,"INC_PERS_GOV_INCOME","1,000-1,999 元",55,0.0101682381216491
2021,"INC_PERS_GOV_INCOME","10,000-14,999 元",87,0.0160843039378813
2021,"INC_PERS_GOV_INCOME","15,000-19,999 元",39,0.007210205213533
2021,"INC_PERS_GOV_INCOME","2,000-2,999 元",56,0.0103531151784064
2021,"INC_PERS_GOV_INCOME","20,000-29,999 元",36,0.00665557404326123
2021,"INC_PERS_GOV_INCOME","3,000-3,999 元",603,0.111480865224626
2021,"INC_PERS_GOV_INCOME","30,000 元及以上，請記錄________元",3,0.000554631170271769
2021,"INC_PERS_GOV_INCOME","4,000-4,999 元",178,0.0329081161027916
2021,"INC_PERS_GOV_INCOME","5,000-5,999 元",85,0.0157145498243668
2021,"INC_PERS_GOV_INCOME","6,000-7,999 元",297,0.0549084858569052
2021,"INC_PERS_GOV_INCOME","8,000-9,999 元",78,0.014420410427066
2021,"INC_PERS_GOV_INCOME","999 元及以下",101,0.0186725827324829
2021,"INC_PERS_GOV_INCOME","沒有這項收入",3791,0.700868922166759
2021,"INC_PERS_GOV_INCOME_VALUE_SOURCE","source_question",5409,1
2021,"INC_PERS_INTEREST_INCOME","1,000-1,999 元",113,0.02089110741357
2021,"INC_PERS_INTEREST_INCOME","10,000-14,999 元",26,0.00480680347568867
2021,"INC_PERS_INTEREST_INCOME","15,000-19,999 元",6,0.00110926234054354
2021,"INC_PERS_INTEREST_INCOME","2,000-2,999 元",52,0.00961360695137733
2021,"INC_PERS_INTEREST_INCOME","20,000-29,999 元",3,0.000554631170271769
2021,"INC_PERS_INTEREST_INCOME","3,000-3,999 元",21,0.00388241819190238
2021,"INC_PERS_INTEREST_INCOME","30,000 元及以上，請記錄________元",3,0.000554631170271769
2021,"INC_PERS_INTEREST_INCOME","4,000-4,999 元",23,0.0042521723054169
2021,"INC_PERS_INTEREST_INCOME","5,000-5,999 元",15,0.00277315585135885
2021,"INC_PERS_INTEREST_INCOME","6,000-7,999 元",4,0.000739508227029026
2021,"INC_PERS_INTEREST_INCOME","8,000-9,999 元",12,0.00221852468108708
2021,"INC_PERS_INTEREST_INCOME","999 元及以下",946,0.174893695692365
2021,"INC_PERS_INTEREST_INCOME","沒有這項收入",4185,0.773710482529118
2021,"INC_PERS_INTEREST_INCOME_VALUE_SOURCE","source_question",5409,1
2021,"INC_PERS_OTHER_INCOME","10,000-14,999 元",14,0.00258827879460159
2021,"INC_PERS_OTHER_INCOME","15,000-19,999 元",3,0.000554631170271769
2021,"INC_PERS_OTHER_INCOME","20,000-24,999 元",11,0.00203364762432982
2021,"INC_PERS_OTHER_INCOME","25,000-29,999 元",3,0.000554631170271769
2021,"INC_PERS_OTHER_INCOME","30,000-39,999 元",1,0.000184877056757256
2021,"INC_PERS_OTHER_INCOME","4,999 元及以下",179,0.0330929931595489
2021,"INC_PERS_OTHER_INCOME","40,000-49,999 元",1,0.000184877056757256
2021,"INC_PERS_OTHER_INCOME","5,000-9,999 元",34,0.00628581992974672
2021,"INC_PERS_OTHER_INCOME","50,000-59,999 元",8,0.00147901645405805
2021,"INC_PERS_OTHER_INCOME","70,000-79,999 元",1,0.000184877056757256
2021,"INC_PERS_OTHER_INCOME","沒有這項收入",5154,0.9528563505269
2021,"INC_PERS_OTHER_INCOME_VALUE_SOURCE","source_question",5409,1
2021,"INC_PERS_RENT_INCOME","10,000-14,999 元",17,0.00314290996487336
2021,"INC_PERS_RENT_INCOME","15,000-19,999 元",4,0.000739508227029026
2021,"INC_PERS_RENT_INCOME","20,000-24,999 元",6,0.00110926234054354
2021,"INC_PERS_RENT_INCOME","25,000-29,999 元",3,0.000554631170271769
2021,"INC_PERS_RENT_INCOME","30,000-39,999 元",4,0.000739508227029026
2021,"INC_PERS_RENT_INCOME","4,999 元及以下",53,0.00979848400813459
2021,"INC_PERS_RENT_INCOME","40,000-49,999 元",2,0.000369754113514513
2021,"INC_PERS_RENT_INCOME","5,000-9,999 元",25,0.00462192641893141
2021,"INC_PERS_RENT_INCOME","50,000-59,999 元",11,0.00203364762432982
2021,"INC_PERS_RENT_INCOME","70,000-79,999 元",1,0.000184877056757256
2021,"INC_PERS_RENT_INCOME","80,000 元及以上，請記錄_________________元",1,0.000184877056757256
2021,"INC_PERS_RENT_INCOME","沒有這項收入",5282,0.976520613791828
2021,"INC_PERS_RENT_INCOME_VALUE_SOURCE","source_question",5409,1
2021,"INC_PERS_TRANSFER_INCOME","1,000-1,999 元",114,0.0210759844703272
2021,"INC_PERS_TRANSFER_INCOME","10,000-14,999 元",12,0.00221852468108708
2021,"INC_PERS_TRANSFER_INCOME","15,000-19,999 元",4,0.000739508227029026
2021,"INC_PERS_TRANSFER_INCOME","2,000-2,999 元",41,0.00757995932704751
2021,"INC_PERS_TRANSFER_INCOME","20,000-29,999 元",4,0.000739508227029026
2021,"INC_PERS_TRANSFER_INCOME","3,000-3,999 元",12,0.00221852468108708
2021,"INC_PERS_TRANSFER_INCOME","30,000 元及以上，請記錄________元",2,0.000369754113514513
2021,"INC_PERS_TRANSFER_INCOME","4,000-4,999 元",18,0.00332778702163062
2021,"INC_PERS_TRANSFER_INCOME","5,000-5,999 元",11,0.00203364762432982
2021,"INC_PERS_TRANSFER_INCOME","6,000-7,999 元",5,0.000924385283786282
2021,"INC_PERS_TRANSFER_INCOME","8,000-9,999 元",6,0.00110926234054354
2021,"INC_PERS_TRANSFER_INCOME","999 元及以下",196,0.0362359031244223
2021,"INC_PERS_TRANSFER_INCOME","沒有這項收入",4984,0.921427250878166
2021,"INC_PERS_TRANSFER_INCOME_VALUE_SOURCE","source_question",5409,1
2021,"INC_PERS_WORK_INCOME","10,000-14,999 元",323,0.0597152893325938
2021,"INC_PERS_WORK_INCOME","100,000-129,999元",47,0.00868922166759105
2021,"INC_PERS_WORK_INCOME","130,000-159,999元",13,0.00240340173784433
2021,"INC_PERS_WORK_INCOME","15,000-19,999 元",276,0.0510260676650028
2021,"INC_PERS_WORK_INCOME","160,000 元及以上，請記錄____________元",18,0.00332778702163062
2021,"INC_PERS_WORK_INCOME","20,000-24,999 元",406,0.0750600850434461
2021,"INC_PERS_WORK_INCOME","25,000-29,999 元",819,0.151414309484193
2021,"INC_PERS_WORK_INCOME","30,000-39,999 元",1163,0.215012017008689
2021,"INC_PERS_WORK_INCOME","40,000-49,999 元",693,0.128119800332779
2021,"INC_PERS_WORK_INCOME","50,000-59,999 元",401,0.0741356997596598
2021,"INC_PERS_WORK_INCOME","60,000-69,999 元",148,0.0273618044000739
2021,"INC_PERS_WORK_INCOME","70,000-79,999 元",93,0.0171935662784248
2021,"INC_PERS_WORK_INCOME","80,000-89,999 元",43,0.00794971344056203
2021,"INC_PERS_WORK_INCOME","9,999 元及以下",279,0.0515806988352745
2021,"INC_PERS_WORK_INCOME","90,000-99,999 元",51,0.00942872989462008
2021,"INC_PERS_WORK_INCOME","沒有這項收入",636,0.117581808097615
2021,"INC_PERS_WORK_INCOME_VALUE_SOURCE","source_question",5409,1
2021,"MALE","男性",3243,0.599556295063783
2021,"MALE","非男性",2166,0.400443704936217
2021,"RACE","卑南族",141,0.0260676650027732
2021,"RACE","噶瑪蘭族",42,0.00776483638380477
2021,"RACE","太魯閣族",233,0.0430763542244407
2021,"RACE","布農族",476,0.0880014790164541
2021,"RACE","排灣族",809,0.14956553891662
2021,"RACE","泰雅族",671,0.124052505084119
2021,"RACE","賽夏族",73,0.0134960251432797
2021,"RACE","賽德克族",93,0.0171935662784248
2021,"RACE","鄒族",38,0.00702532815677574
2021,"RACE","阿美族",1652,0.305416897762988
2021,"RACE","雅美族/達悟族",37,0.00684045110001849
2021,"RACE","非原住民族",1017,0.18801996672213
2021,"RACE","魯凱族",127,0.0234793862081716
2021,"RENT","1,000-2,999元",37,0.0325131810193322
2021,"RENT","10,000-19,999元",470,0.413005272407733
2021,"RENT","20000",17,0.0149384885764499
2021,"RENT","21000",4,0.00351493848857645
2021,"RENT","22000",7,0.00615114235500879
2021,"RENT","23000",8,0.0070298769771529
2021,"RENT","24000",1,0.000878734622144112
2021,"RENT","25000",3,0.00263620386643234
2021,"RENT","26000",2,0.00175746924428822
2021,"RENT","26500",2,0.00175746924428822
2021,"RENT","28000",3,0.00263620386643234
2021,"RENT","3,000-4,999元",96,0.0843585237258348
2021,"RENT","30000",2,0.00175746924428822
2021,"RENT","33000",1,0.000878734622144112
2021,"RENT","35000",3,0.00263620386643234
2021,"RENT","36000",1,0.000878734622144112
2021,"RENT","40000",2,0.00175746924428822
2021,"RENT","5,000-6,999元",175,0.15377855887522
2021,"RENT","50000",3,0.00263620386643234
2021,"RENT","64000",1,0.000878734622144112
2021,"RENT","65000",1,0.000878734622144112
2021,"RENT","7,000-9,999元",260,0.228471001757469
2021,"RENT","不需要支付租金",24,0.0210896309314587
2021,"RENT","未滿1,000元",15,0.0131810193321617
2021,"RESPONDENT_UNIT","economic_household_head",5409,1
2021,"RESPONDENT_UNIT_SOURCE","110年問卷B部分：經濟戶長基本資料",5409,1
2021,"SURVEY_TAG","110",5409,1
