"DATA_Y","CITY","COUNTY","variable","non_missing_n","mean","median","sd","min","max"
2002,"南投縣","仁愛鄉","N_FAMILY",337,4.56676557863501,5,2.32145003848728,1,14
2002,"南投縣","仁愛鄉","N_INDI",337,4.43916913946587,5,2.30875853529183,0,14
2002,"南投縣","仁愛鄉","N_INDI_16_54",0,,,,,
2002,"南投縣","仁愛鄉","N_INDI_55PLUS",0,,,,,
2002,"南投縣","仁愛鄉","N_INDI_55_64",0,,,,,
2002,"南投縣","仁愛鄉","N_INDI_65PLUS",0,,,,,
2002,"南投縣","仁愛鄉","N_INDI_7_15",0,,,,,
2002,"南投縣","仁愛鄉","N_INDI_UNDER6",0,,,,,
2002,"南投縣","信義鄉","N_FAMILY",231,5.42424242424242,5,2.41230923320936,1,14
2002,"南投縣","信義鄉","N_INDI",231,5.28571428571429,5,2.43805237410561,1,14
2002,"南投縣","信義鄉","N_INDI_16_54",0,,,,,
2002,"南投縣","信義鄉","N_INDI_55PLUS",0,,,,,
2002,"南投縣","信義鄉","N_INDI_55_64",0,,,,,
2002,"南投縣","信義鄉","N_INDI_65PLUS",0,,,,,
2002,"南投縣","信義鄉","N_INDI_7_15",0,,,,,
2002,"南投縣","信義鄉","N_INDI_UNDER6",0,,,,,
2002,"南投縣","南投市","N_FAMILY",52,4.88461538461539,5,2.10185582007571,1,12
2002,"南投縣","南投市","N_INDI",52,4.11538461538461,4,2.46269297962932,1,12
2002,"南投縣","南投市","N_INDI_16_54",0,,,,,
2002,"南投縣","南投市","N_INDI_55PLUS",0,,,,,
2002,"南投縣","南投市","N_INDI_55_64",0,,,,,
2002,"南投縣","南投市","N_INDI_65PLUS",0,,,,,
2002,"南投縣","南投市","N_INDI_7_15",0,,,,,
2002,"南投縣","南投市","N_INDI_UNDER6",0,,,,,
2002,"南投縣","埔里鎮","N_FAMILY",55,4.54545454545455,4,2.02592623369586,1,9
2002,"南投縣","埔里鎮","N_INDI",55,3.92727272727273,4,1.88418904310803,1,9
2002,"南投縣","埔里鎮","N_INDI_16_54",0,,,,,
2002,"南投縣","埔里鎮","N_INDI_55PLUS",0,,,,,
2002,"南投縣","埔里鎮","N_INDI_55_64",0,,,,,
2002,"南投縣","埔里鎮","N_INDI_65PLUS",0,,,,,
2002,"南投縣","埔里鎮","N_INDI_7_15",0,,,,,
2002,"南投縣","埔里鎮","N_INDI_UNDER6",0,,,,,
2002,"南投縣","水里鄉草屯鎮","N_FAMILY",52,4.51923076923077,4,1.72058340100647,1,10
2002,"南投縣","水里鄉草屯鎮","N_INDI",52,3.07692307692308,3,2.00827849258282,1,10
2002,"南投縣","水里鄉草屯鎮","N_INDI_16_54",0,,,,,
2002,"南投縣","水里鄉草屯鎮","N_INDI_55PLUS",0,,,,,
2002,"南投縣","水里鄉草屯鎮","N_INDI_55_64",0,,,,,
2002,"南投縣","水里鄉草屯鎮","N_INDI_65PLUS",0,,,,,
2002,"南投縣","水里鄉草屯鎮","N_INDI_7_15",0,,,,,
2002,"南投縣","水里鄉草屯鎮","N_INDI_UNDER6",0,,,,,
2002,"南投縣","魚池鄉","N_FAMILY",18,4.66666666666667,4.5,2.35147012838902,2,10
2002,"南投縣","魚池鄉","N_INDI",18,4.16666666666667,3.5,2.43141208064005,1,10
2002,"南投縣","魚池鄉","N_INDI_16_54",0,,,,,
2002,"南投縣","魚池鄉","N_INDI_55PLUS",0,,,,,
2002,"南投縣","魚池鄉","N_INDI_55_64",0,,,,,
2002,"南投縣","魚池鄉","N_INDI_65PLUS",0,,,,,
2002,"南投縣","魚池鄉","N_INDI_7_15",0,,,,,
2002,"南投縣","魚池鄉","N_INDI_UNDER6",0,,,,,
2002,"嘉義市","未知地區","N_FAMILY",52,4.61538461538461,4,2.17069471263118,1,11
2002,"嘉義市","未知地區","N_INDI",52,2.90384615384615,2,2.24271907260191,1,11
2002,"嘉義市","未知地區","N_INDI_16_54",0,,,,,
2002,"嘉義市","未知地區","N_INDI_55PLUS",0,,,,,
2002,"嘉義市","未知地區","N_INDI_55_64",0,,,,,
2002,"嘉義市","未知地區","N_INDI_65PLUS",0,,,,,
2002,"嘉義市","未知地區","N_INDI_7_15",0,,,,,
2002,"嘉義市","未知地區","N_INDI_UNDER6",0,,,,,
2002,"嘉義縣","阿里山","N_FAMILY",105,4.32380952380952,4,2.55514277071841,1,18
2002,"嘉義縣","阿里山","N_INDI",105,4.17142857142857,4,2.60346345816913,1,18
2002,"嘉義縣","阿里山","N_INDI_16_54",0,,,,,
2002,"嘉義縣","阿里山","N_INDI_55PLUS",0,,,,,
2002,"嘉義縣","阿里山","N_INDI_55_64",0,,,,,
2002,"嘉義縣","阿里山","N_INDI_65PLUS",0,,,,,
2002,"嘉義縣","阿里山","N_INDI_7_15",0,,,,,
2002,"嘉義縣","阿里山","N_INDI_UNDER6",0,,,,,
2002,"基隆市","未知地區","N_FAMILY",52,4.36538461538461,4,1.83675807915123,1,12
2002,"基隆市","未知地區","N_INDI",52,4.01923076923077,4,2.07213430384045,1,12
2002,"基隆市","未知地區","N_INDI_16_54",0,,,,,
2002,"基隆市","未知地區","N_INDI_55PLUS",0,,,,,
2002,"基隆市","未知地區","N_INDI_55_64",0,,,,,
2002,"基隆市","未知地區","N_INDI_65PLUS",0,,,,,
2002,"基隆市","未知地區","N_INDI_7_15",0,,,,,
2002,"基隆市","未知地區","N_INDI_UNDER6",0,,,,,
2002,"宜蘭縣","五結冬山鄉","N_FAMILY",53,4.94339622641509,5,1.76956203120806,1,11
2002,"宜蘭縣","五結冬山鄉","N_INDI",53,3.84905660377358,4,2.21356157856948,1,11
2002,"宜蘭縣","五結冬山鄉","N_INDI_16_54",0,,,,,
2002,"宜蘭縣","五結冬山鄉","N_INDI_55PLUS",0,,,,,
2002,"宜蘭縣","五結冬山鄉","N_INDI_55_64",0,,,,,
2002,"宜蘭縣","五結冬山鄉","N_INDI_65PLUS",0,,,,,
2002,"宜蘭縣","五結冬山鄉","N_INDI_7_15",0,,,,,
2002,"宜蘭縣","五結冬山鄉","N_INDI_UNDER6",0,,,,,
2002,"宜蘭縣","南澳鄉","N_FAMILY",138,4.88405797101449,5,2.19179779479248,1,12
2002,"宜蘭縣","南澳鄉","N_INDI",138,4.77536231884058,5,2.23449439386945,1,12
2002,"宜蘭縣","南澳鄉","N_INDI_16_54",0,,,,,
2002,"宜蘭縣","南澳鄉","N_INDI_55PLUS",0,,,,,
2002,"宜蘭縣","南澳鄉","N_INDI_55_64",0,,,,,
2002,"宜蘭縣","南澳鄉","N_INDI_65PLUS",0,,,,,
2002,"宜蘭縣","南澳鄉","N_INDI_7_15",0,,,,,
2002,"宜蘭縣","南澳鄉","N_INDI_UNDER6",0,,,,,
2002,"宜蘭縣","大同鄉","N_FAMILY",126,4.73015873015873,5,2.38801238996015,1,13
2002,"宜蘭縣","大同鄉","N_INDI",126,4.45238095238095,4,2.34812995503109,0,13
2002,"宜蘭縣","大同鄉","N_INDI_16_54",0,,,,,
2002,"宜蘭縣","大同鄉","N_INDI_55PLUS",0,,,,,
2002,"宜蘭縣","大同鄉","N_INDI_55_64",0,,,,,
2002,"宜蘭縣","大同鄉","N_INDI_65PLUS",0,,,,,
2002,"宜蘭縣","大同鄉","N_INDI_7_15",0,,,,,
2002,"宜蘭縣","大同鄉","N_INDI_UNDER6",0,,,,,
2002,"宜蘭縣","宜蘭市","N_FAMILY",53,4.56603773584906,5,1.81351161649547,1,8
2002,"宜蘭縣","宜蘭市","N_INDI",53,3.75471698113208,4,1.68597906248244,1,8
2002,"宜蘭縣","宜蘭市","N_INDI_16_54",0,,,,,
2002,"宜蘭縣","宜蘭市","N_INDI_55PLUS",0,,,,,
2002,"宜蘭縣","宜蘭市","N_INDI_55_64",0,,,,,
2002,"宜蘭縣","宜蘭市","N_INDI_65PLUS",0,,,,,
2002,"宜蘭縣","宜蘭市","N_INDI_7_15",0,,,,,
2002,"宜蘭縣","宜蘭市","N_INDI_UNDER6",0,,,,,
2002,"宜蘭縣","羅東鎮","N_FAMILY",51,4.66666666666667,5,1.39522996909709,2,10
2002,"宜蘭縣","羅東鎮","N_INDI",51,3.98039215686275,4,1.60611576268252,1,9
2002,"宜蘭縣","羅東鎮","N_INDI_16_54",0,,,,,
2002,"宜蘭縣","羅東鎮","N_INDI_55PLUS",0,,,,,
2002,"宜蘭縣","羅東鎮","N_INDI_55_64",0,,,,,
2002,"宜蘭縣","羅東鎮","N_INDI_65PLUS",0,,,,,
2002,"宜蘭縣","羅東鎮","N_INDI_7_15",0,,,,,
2002,"宜蘭縣","羅東鎮","N_INDI_UNDER6",0,,,,,
2002,"宜蘭縣","蘇澳鎮","N_FAMILY",52,5.03846153846154,5,1.75969625789803,2,10
2002,"宜蘭縣","蘇澳鎮","N_INDI",52,4.30769230769231,4,2.20105555371233,0,10
2002,"宜蘭縣","蘇澳鎮","N_INDI_16_54",0,,,,,
2002,"宜蘭縣","蘇澳鎮","N_INDI_55PLUS",0,,,,,
2002,"宜蘭縣","蘇澳鎮","N_INDI_55_64",0,,,,,
2002,"宜蘭縣","蘇澳鎮","N_INDI_65PLUS",0,,,,,
2002,"宜蘭縣","蘇澳鎮","N_INDI_7_15",0,,,,,
2002,"宜蘭縣","蘇澳鎮","N_INDI_UNDER6",0,,,,,
2002,"宜蘭縣","頭城礁溪員山鄉","N_FAMILY",44,4.90909090909091,5,1.68188960479163,1,9
2002,"宜蘭縣","頭城礁溪員山鄉","N_INDI",44,2.84090909090909,3,1.7110201202816,1,6
2002,"宜蘭縣","頭城礁溪員山鄉","N_INDI_16_54",0,,,,,
2002,"宜蘭縣","頭城礁溪員山鄉","N_INDI_55PLUS",0,,,,,
2002,"宜蘭縣","頭城礁溪員山鄉","N_INDI_55_64",0,,,,,
2002,"宜蘭縣","頭城礁溪員山鄉","N_INDI_65PLUS",0,,,,,
2002,"宜蘭縣","頭城礁溪員山鄉","N_INDI_7_15",0,,,,,
2002,"宜蘭縣","頭城礁溪員山鄉","N_INDI_UNDER6",0,,,,,
2002,"屏東縣","三地門","N_FAMILY",181,4.67955801104972,4,2.5137558935683,1,16
2002,"屏東縣","三地門","N_INDI",181,4.43646408839779,4,2.49278886325311,1,15
2002,"屏東縣","三地門","N_INDI_16_54",0,,,,,
2002,"屏東縣","三地門","N_INDI_55PLUS",0,,,,,
2002,"屏東縣","三地門","N_INDI_55_64",0,,,,,
2002,"屏東縣","三地門","N_INDI_65PLUS",0,,,,,
2002,"屏東縣","三地門","N_INDI_7_15",0,,,,,
2002,"屏東縣","三地門","N_INDI_UNDER6",0,,,,,
2002,"屏東縣","來義鄉","N_FAMILY",190,5.00526315789474,4,3.10571647097838,1,20
2002,"屏東縣","來義鄉","N_INDI",190,4.81052631578947,4,3.11947199725079,1,20
2002,"屏東縣","來義鄉","N_INDI_16_54",0,,,,,
2002,"屏東縣","來義鄉","N_INDI_55PLUS",0,,,,,
2002,"屏東縣","來義鄉","N_INDI_55_64",0,,,,,
2002,"屏東縣","來義鄉","N_INDI_65PLUS",0,,,,,
2002,"屏東縣","來義鄉","N_INDI_7_15",0,,,,,
2002,"屏東縣","來義鄉","N_INDI_UNDER6",0,,,,,
2002,"屏東縣","內埔鄉","N_FAMILY",52,5.15384615384615,5,2.07113320676894,1,10
2002,"屏東縣","內埔鄉","N_INDI",52,3.78846153846154,4,2.30376110605805,1,10
2002,"屏東縣","內埔鄉","N_INDI_16_54",0,,,,,
2002,"屏東縣","內埔鄉","N_INDI_55PLUS",0,,,,,
2002,"屏東縣","內埔鄉","N_INDI_55_64",0,,,,,
2002,"屏東縣","內埔鄉","N_INDI_65PLUS",0,,,,,
2002,"屏東縣","內埔鄉","N_INDI_7_15",0,,,,,
2002,"屏東縣","內埔鄉","N_INDI_UNDER6",0,,,,,
2002,"屏東縣","屏東市","N_FAMILY",65,4.43076923076923,4,2.06131959228511,1,12
2002,"屏東縣","屏東市","N_INDI",65,4.03076923076923,4,2.33833027212549,1,12
2002,"屏東縣","屏東市","N_INDI_16_54",0,,,,,
2002,"屏東縣","屏東市","N_INDI_55PLUS",0,,,,,
2002,"屏東縣","屏東市","N_INDI_55_64",0,,,,,
2002,"屏東縣","屏東市","N_INDI_65PLUS",0,,,,,
2002,"屏東縣","屏東市","N_INDI_7_15",0,,,,,
2002,"屏東縣","屏東市","N_INDI_UNDER6",0,,,,,
2002,"屏東縣","恆春鎮","N_FAMILY",59,4.59322033898305,5,1.77257502217378,1,11
2002,"屏東縣","恆春鎮","N_INDI",59,3.33898305084746,3,2.09770128286216,1,11
2002,"屏東縣","恆春鎮","N_INDI_16_54",0,,,,,
2002,"屏東縣","恆春鎮","N_INDI_55PLUS",0,,,,,
2002,"屏東縣","恆春鎮","N_INDI_55_64",0,,,,,
2002,"屏東縣","恆春鎮","N_INDI_65PLUS",0,,,,,
2002,"屏東縣","恆春鎮","N_INDI_7_15",0,,,,,
2002,"屏東縣","恆春鎮","N_INDI_UNDER6",0,,,,,
2002,"屏東縣","春日鄉","N_FAMILY",113,5.68141592920354,5,2.94674604656701,1,15
2002,"屏東縣","春日鄉","N_INDI",113,5.45132743362832,5,2.8283991889737,1,14
2002,"屏東縣","春日鄉","N_INDI_16_54",0,,,,,
2002,"屏東縣","春日鄉","N_INDI_55PLUS",0,,,,,
2002,"屏東縣","春日鄉","N_INDI_55_64",0,,,,,
2002,"屏東縣","春日鄉","N_INDI_65PLUS",0,,,,,
2002,"屏東縣","春日鄉","N_INDI_7_15",0,,,,,
2002,"屏東縣","春日鄉","N_INDI_UNDER6",0,,,,,
2002,"屏東縣","枋寮鄉","N_FAMILY",54,4.59259259259259,4,2.60274541929862,1,14
2002,"屏東縣","枋寮鄉","N_INDI",54,3.24074074074074,3,1.94194208554012,1,8
2002,"屏東縣","枋寮鄉","N_INDI_16_54",0,,,,,
2002,"屏東縣","枋寮鄉","N_INDI_55PLUS",0,,,,,
2002,"屏東縣","枋寮鄉","N_INDI_55_64",0,,,,,
2002,"屏東縣","枋寮鄉","N_INDI_65PLUS",0,,,,,
2002,"屏東縣","枋寮鄉","N_INDI_7_15",0,,,,,
2002,"屏東縣","枋寮鄉","N_INDI_UNDER6",0,,,,,
2002,"屏東縣","泰武鄉","N_FAMILY",91,5.82417582417582,5,3.2406906211602,1,17
2002,"屏東縣","泰武鄉","N_INDI",91,5.69230769230769,5,3.30888469861341,1,17
2002,"屏東縣","泰武鄉","N_INDI_16_54",0,,,,,
2002,"屏東縣","泰武鄉","N_INDI_55PLUS",0,,,,,
2002,"屏東縣","泰武鄉","N_INDI_55_64",0,,,,,
2002,"屏東縣","泰武鄉","N_INDI_65PLUS",0,,,,,
2002,"屏東縣","泰武鄉","N_INDI_7_15",0,,,,,
2002,"屏東縣","泰武鄉","N_INDI_UNDER6",0,,,,,
2002,"屏東縣","滿州鄉","N_FAMILY",70,5.15714285714286,4,3.47511115153572,1,20
2002,"屏東縣","滿州鄉","N_INDI",70,4.01428571428571,3,3.57322108225779,0,20
2002,"屏東縣","滿州鄉","N_INDI_16_54",0,,,,,
2002,"屏東縣","滿州鄉","N_INDI_55PLUS",0,,,,,
2002,"屏東縣","滿州鄉","N_INDI_55_64",0,,,,,
2002,"屏東縣","滿州鄉","N_INDI_65PLUS",0,,,,,
2002,"屏東縣","滿州鄉","N_INDI_7_15",0,,,,,
2002,"屏東縣","滿州鄉","N_INDI_UNDER6",0,,,,,
2002,"屏東縣","潮州鎮","N_FAMILY",52,4.03846153846154,4,1.44115338424578,1,8
2002,"屏東縣","潮州鎮","N_INDI",52,3.67307692307692,4,1.73455259356676,1,8
2002,"屏東縣","潮州鎮","N_INDI_16_54",0,,,,,
2002,"屏東縣","潮州鎮","N_INDI_55PLUS",0,,,,,
2002,"屏東縣","潮州鎮","N_INDI_55_64",0,,,,,
2002,"屏東縣","潮州鎮","N_INDI_65PLUS",0,,,,,
2002,"屏東縣","潮州鎮","N_INDI_7_15",0,,,,,
2002,"屏東縣","潮州鎮","N_INDI_UNDER6",0,,,,,
2002,"屏東縣","牡丹鄉","N_FAMILY",155,4.52258064516129,4,2.09927471665492,1,12
2002,"屏東縣","牡丹鄉","N_INDI",155,4.50322580645161,4,2.0931992339708,1,12
2002,"屏東縣","牡丹鄉","N_INDI_16_54",0,,,,,
2002,"屏東縣","牡丹鄉","N_INDI_55PLUS",0,,,,,
2002,"屏東縣","牡丹鄉","N_INDI_55_64",0,,,,,
2002,"屏東縣","牡丹鄉","N_INDI_65PLUS",0,,,,,
2002,"屏東縣","牡丹鄉","N_INDI_7_15",0,,,,,
2002,"屏東縣","牡丹鄉","N_INDI_UNDER6",0,,,,,
2002,"屏東縣","獅子鄉","N_FAMILY",128,4.625,4,2.41060648427885,1,14
2002,"屏東縣","獅子鄉","N_INDI",128,4.578125,4,2.42561584030209,1,14
2002,"屏東縣","獅子鄉","N_INDI_16_54",0,,,,,
2002,"屏東縣","獅子鄉","N_INDI_55PLUS",0,,,,,
2002,"屏東縣","獅子鄉","N_INDI_55_64",0,,,,,
2002,"屏東縣","獅子鄉","N_INDI_65PLUS",0,,,,,
2002,"屏東縣","獅子鄉","N_INDI_7_15",0,,,,,
2002,"屏東縣","獅子鄉","N_INDI_UNDER6",0,,,,,
2002,"屏東縣","瑪家鄉","N_FAMILY",164,5.01219512195122,5,2.11041183105648,1,12
2002,"屏東縣","瑪家鄉","N_INDI",164,4.92073170731707,5,2.15641362143688,1,12
2002,"屏東縣","瑪家鄉","N_INDI_16_54",0,,,,,
2002,"屏東縣","瑪家鄉","N_INDI_55PLUS",0,,,,,
2002,"屏東縣","瑪家鄉","N_INDI_55_64",0,,,,,
2002,"屏東縣","瑪家鄉","N_INDI_65PLUS",0,,,,,
2002,"屏東縣","瑪家鄉","N_INDI_7_15",0,,,,,
2002,"屏東縣","瑪家鄉","N_INDI_UNDER6",0,,,,,
2002,"屏東縣","萬巒鄉","N_FAMILY",60,6.15,5.5,3.96948103169885,1,25
2002,"屏東縣","萬巒鄉","N_INDI",60,5.38333333333333,5,3.29401957671041,0,14
2002,"屏東縣","萬巒鄉","N_INDI_16_54",0,,,,,
2002,"屏東縣","萬巒鄉","N_INDI_55PLUS",0,,,,,
2002,"屏東縣","萬巒鄉","N_INDI_55_64",0,,,,,
2002,"屏東縣","萬巒鄉","N_INDI_65PLUS",0,,,,,
2002,"屏東縣","萬巒鄉","N_INDI_7_15",0,,,,,
2002,"屏東縣","萬巒鄉","N_INDI_UNDER6",0,,,,,
2002,"屏東縣","霧臺鄉","N_FAMILY",79,4.86075949367089,5,2.39515631530563,1,11
2002,"屏東縣","霧臺鄉","N_INDI",79,4.78481012658228,5,2.43726878496249,0,11
2002,"屏東縣","霧臺鄉","N_INDI_16_54",0,,,,,
2002,"屏東縣","霧臺鄉","N_INDI_55PLUS",0,,,,,
2002,"屏東縣","霧臺鄉","N_INDI_55_64",0,,,,,
2002,"屏東縣","霧臺鄉","N_INDI_65PLUS",0,,,,,
2002,"屏東縣","霧臺鄉","N_INDI_7_15",0,,,,,
2002,"屏東縣","霧臺鄉","N_INDI_UNDER6",0,,,,,
2002,"彰化縣","彰化市","N_FAMILY",52,4.84615384615385,5,1.66137924492727,1,9
2002,"彰化縣","彰化市","N_INDI",52,4.05769230769231,5,1.94445880911163,1,7
2002,"彰化縣","彰化市","N_INDI_16_54",0,,,,,
2002,"彰化縣","彰化市","N_INDI_55PLUS",0,,,,,
2002,"彰化縣","彰化市","N_INDI_55_64",0,,,,,
2002,"彰化縣","彰化市","N_INDI_65PLUS",0,,,,,
2002,"彰化縣","彰化市","N_INDI_7_15",0,,,,,
2002,"彰化縣","彰化市","N_INDI_UNDER6",0,,,,,
2002,"新竹市","未知地區","N_FAMILY",53,5.35849056603774,5,2.28788060829098,1,12
2002,"新竹市","未知地區","N_INDI",53,3.66037735849057,4,2.04698085581983,1,9
2002,"新竹市","未知地區","N_INDI_16_54",0,,,,,
2002,"新竹市","未知地區","N_INDI_55PLUS",0,,,,,
2002,"新竹市","未知地區","N_INDI_55_64",0,,,,,
2002,"新竹市","未知地區","N_INDI_65PLUS",0,,,,,
2002,"新竹市","未知地區","N_INDI_7_15",0,,,,,
2002,"新竹市","未知地區","N_INDI_UNDER6",0,,,,,
2002,"新竹縣","五峰鄉","N_FAMILY",138,5.34057971014493,5,2.98780093145589,1,16
2002,"新竹縣","五峰鄉","N_INDI",138,5.00724637681159,5,3.08160631354852,0,16
2002,"新竹縣","五峰鄉","N_INDI_16_54",0,,,,,
2002,"新竹縣","五峰鄉","N_INDI_55PLUS",0,,,,,
2002,"新竹縣","五峰鄉","N_INDI_55_64",0,,,,,
2002,"新竹縣","五峰鄉","N_INDI_65PLUS",0,,,,,
2002,"新竹縣","五峰鄉","N_INDI_7_15",0,,,,,
2002,"新竹縣","五峰鄉","N_INDI_UNDER6",0,,,,,
2002,"新竹縣","尖石鄉","N_FAMILY",194,5.38144329896907,5,2.65432797021247,1,20
2002,"新竹縣","尖石鄉","N_INDI",194,5.04639175257732,5,2.4479900544885,0,16
2002,"新竹縣","尖石鄉","N_INDI_16_54",0,,,,,
2002,"新竹縣","尖石鄉","N_INDI_55PLUS",0,,,,,
2002,"新竹縣","尖石鄉","N_INDI_55_64",0,,,,,
2002,"新竹縣","尖石鄉","N_INDI_65PLUS",0,,,,,
2002,"新竹縣","尖石鄉","N_INDI_7_15",0,,,,,
2002,"新竹縣","尖石鄉","N_INDI_UNDER6",0,,,,,
2002,"新竹縣","新埔鎮芎林鄉橫山鄉","N_FAMILY",52,4.90384615384615,5,2.06994946783652,1,10
2002,"新竹縣","新埔鎮芎林鄉橫山鄉","N_INDI",52,3.90384615384615,4,2.29457685777998,1,10
2002,"新竹縣","新埔鎮芎林鄉橫山鄉","N_INDI_16_54",0,,,,,
2002,"新竹縣","新埔鎮芎林鄉橫山鄉","N_INDI_55PLUS",0,,,,,
2002,"新竹縣","新埔鎮芎林鄉橫山鄉","N_INDI_55_64",0,,,,,
2002,"新竹縣","新埔鎮芎林鄉橫山鄉","N_INDI_65PLUS",0,,,,,
2002,"新竹縣","新埔鎮芎林鄉橫山鄉","N_INDI_7_15",0,,,,,
2002,"新竹縣","新埔鎮芎林鄉橫山鄉","N_INDI_UNDER6",0,,,,,
2002,"新竹縣","湖口鄉","N_FAMILY",49,5.40816326530612,5,1.91396585813918,2,11
2002,"新竹縣","湖口鄉","N_INDI",49,3.02040816326531,3,1.86513846579782,1,7
2002,"新竹縣","湖口鄉","N_INDI_16_54",0,,,,,
2002,"新竹縣","湖口鄉","N_INDI_55PLUS",0,,,,,
2002,"新竹縣","湖口鄉","N_INDI_55_64",0,,,,,
2002,"新竹縣","湖口鄉","N_INDI_65PLUS",0,,,,,
2002,"新竹縣","湖口鄉","N_INDI_7_15",0,,,,,
2002,"新竹縣","湖口鄉","N_INDI_UNDER6",0,,,,,
2002,"新竹縣","竹北市新豐鄉","N_FAMILY",57,4.87719298245614,5,1.87149840119199,1,10
2002,"新竹縣","竹北市新豐鄉","N_INDI",57,3.03508771929825,3,1.8416308017692,1,8
2002,"新竹縣","竹北市新豐鄉","N_INDI_16_54",0,,,,,
2002,"新竹縣","竹北市新豐鄉","N_INDI_55PLUS",0,,,,,
2002,"新竹縣","竹北市新豐鄉","N_INDI_55_64",0,,,,,
2002,"新竹縣","竹北市新豐鄉","N_INDI_65PLUS",0,,,,,
2002,"新竹縣","竹北市新豐鄉","N_INDI_7_15",0,,,,,
2002,"新竹縣","竹北市新豐鄉","N_INDI_UNDER6",0,,,,,
2002,"新竹縣","竹東鎮","N_FAMILY",52,4.84615384615385,5,1.77548242971318,1,8
2002,"新竹縣","竹東鎮","N_INDI",52,4.36538461538461,4.5,1.83675807915123,1,8
2002,"新竹縣","竹東鎮","N_INDI_16_54",0,,,,,
2002,"新竹縣","竹東鎮","N_INDI_55PLUS",0,,,,,
2002,"新竹縣","竹東鎮","N_INDI_55_64",0,,,,,
2002,"新竹縣","竹東鎮","N_INDI_65PLUS",0,,,,,
2002,"新竹縣","竹東鎮","N_INDI_7_15",0,,,,,
2002,"新竹縣","竹東鎮","N_INDI_UNDER6",0,,,,,
2002,"新竹縣","關西鎮","N_FAMILY",26,4.46153846153846,5,1.83805917708368,2,8
2002,"新竹縣","關西鎮","N_INDI",26,4,4,1.87616630392937,1,8
2002,"新竹縣","關西鎮","N_INDI_16_54",0,,,,,
2002,"新竹縣","關西鎮","N_INDI_55PLUS",0,,,,,
2002,"新竹縣","關西鎮","N_INDI_55_64",0,,,,,
2002,"新竹縣","關西鎮","N_INDI_65PLUS",0,,,,,
2002,"新竹縣","關西鎮","N_INDI_7_15",0,,,,,
2002,"新竹縣","關西鎮","N_INDI_UNDER6",0,,,,,
2002,"桃園縣","中壢市","N_FAMILY",55,4.70909090909091,5,1.49904571215759,1,9
2002,"桃園縣","中壢市","N_INDI",55,4.12727272727273,4,1.78527459714336,1,9
2002,"桃園縣","中壢市","N_INDI_16_54",0,,,,,
2002,"桃園縣","中壢市","N_INDI_55PLUS",0,,,,,
2002,"桃園縣","中壢市","N_INDI_55_64",0,,,,,
2002,"桃園縣","中壢市","N_INDI_65PLUS",0,,,,,
2002,"桃園縣","中壢市","N_INDI_7_15",0,,,,,
2002,"桃園縣","中壢市","N_INDI_UNDER6",0,,,,,
2002,"桃園縣","八德市","N_FAMILY",52,4.80769230769231,5,1.53442154315447,1,7
2002,"桃園縣","八德市","N_INDI",52,4.57692307692308,5,1.48649019236793,1,7
2002,"桃園縣","八德市","N_INDI_16_54",0,,,,,
2002,"桃園縣","八德市","N_INDI_55PLUS",0,,,,,
2002,"桃園縣","八德市","N_INDI_55_64",0,,,,,
2002,"桃園縣","八德市","N_INDI_65PLUS",0,,,,,
2002,"桃園縣","八德市","N_INDI_7_15",0,,,,,
2002,"桃園縣","八德市","N_INDI_UNDER6",0,,,,,
2002,"桃園縣","大園鄉","N_FAMILY",53,5.07547169811321,5,1.37069685538995,2,8
2002,"桃園縣","大園鄉","N_INDI",53,4.88679245283019,5,1.46314173768549,1,8
2002,"桃園縣","大園鄉","N_INDI_16_54",0,,,,,
2002,"桃園縣","大園鄉","N_INDI_55PLUS",0,,,,,
2002,"桃園縣","大園鄉","N_INDI_55_64",0,,,,,
2002,"桃園縣","大園鄉","N_INDI_65PLUS",0,,,,,
2002,"桃園縣","大園鄉","N_INDI_7_15",0,,,,,
2002,"桃園縣","大園鄉","N_INDI_UNDER6",0,,,,,
2002,"桃園縣","大溪鎮","N_FAMILY",57,4.71929824561404,5,1.80034109828539,1,10
2002,"桃園縣","大溪鎮","N_INDI",57,4.49122807017544,4,1.76395261332473,1,10
2002,"桃園縣","大溪鎮","N_INDI_16_54",0,,,,,
2002,"桃園縣","大溪鎮","N_INDI_55PLUS",0,,,,,
2002,"桃園縣","大溪鎮","N_INDI_55_64",0,,,,,
2002,"桃園縣","大溪鎮","N_INDI_65PLUS",0,,,,,
2002,"桃園縣","大溪鎮","N_INDI_7_15",0,,,,,
2002,"桃園縣","大溪鎮","N_INDI_UNDER6",0,,,,,
2002,"桃園縣","平鎮市","N_FAMILY",52,4.38461538461539,5,1.8802778909538,1,8
2002,"桃園縣","平鎮市","N_INDI",52,4.05769230769231,5,1.98438474228912,0,8
2002,"桃園縣","平鎮市","N_INDI_16_54",0,,,,,
2002,"桃園縣","平鎮市","N_INDI_55PLUS",0,,,,,
2002,"桃園縣","平鎮市","N_INDI_55_64",0,,,,,
2002,"桃園縣","平鎮市","N_INDI_65PLUS",0,,,,,
2002,"桃園縣","平鎮市","N_INDI_7_15",0,,,,,
2002,"桃園縣","平鎮市","N_INDI_UNDER6",0,,,,,
2002,"桃園縣","復興鄉","N_FAMILY",265,4.78490566037736,4,2.79117903202098,1,20
2002,"桃園縣","復興鄉","N_INDI",265,4.5622641509434,4,2.75874823496081,1,20
2002,"桃園縣","復興鄉","N_INDI_16_54",0,,,,,
2002,"桃園縣","復興鄉","N_INDI_55PLUS",0,,,,,
2002,"桃園縣","復興鄉","N_INDI_55_64",0,,,,,
2002,"桃園縣","復興鄉","N_INDI_65PLUS",0,,,,,
2002,"桃園縣","復興鄉","N_INDI_7_15",0,,,,,
2002,"桃園縣","復興鄉","N_INDI_UNDER6",0,,,,,
2002,"桃園縣","桃園市","N_FAMILY",53,4.52830188679245,4,1.61249655437802,2,9
2002,"桃園縣","桃園市","N_INDI",53,3.39622641509434,4,1.48504885495276,1,6
2002,"桃園縣","桃園市","N_INDI_16_54",0,,,,,
2002,"桃園縣","桃園市","N_INDI_55PLUS",0,,,,,
2002,"桃園縣","桃園市","N_INDI_55_64",0,,,,,
2002,"桃園縣","桃園市","N_INDI_65PLUS",0,,,,,
2002,"桃園縣","桃園市","N_INDI_7_15",0,,,,,
2002,"桃園縣","桃園市","N_INDI_UNDER6",0,,,,,
2002,"桃園縣","楊梅鎮","N_FAMILY",53,4.37735849056604,4,1.66671504525818,1,9
2002,"桃園縣","楊梅鎮","N_INDI",53,3.77358490566038,4,1.83598128692033,1,9
2002,"桃園縣","楊梅鎮","N_INDI_16_54",0,,,,,
2002,"桃園縣","楊梅鎮","N_INDI_55PLUS",0,,,,,
2002,"桃園縣","楊梅鎮","N_INDI_55_64",0,,,,,
2002,"桃園縣","楊梅鎮","N_INDI_65PLUS",0,,,,,
2002,"桃園縣","楊梅鎮","N_INDI_7_15",0,,,,,
2002,"桃園縣","楊梅鎮","N_INDI_UNDER6",0,,,,,
2002,"桃園縣","蘆竹鄉","N_FAMILY",52,4.11538461538461,4,1.76739362942365,1,12
2002,"桃園縣","蘆竹鄉","N_INDI",52,3.76923076923077,4,1.38075547117929,1,7
2002,"桃園縣","蘆竹鄉","N_INDI_16_54",0,,,,,
2002,"桃園縣","蘆竹鄉","N_INDI_55PLUS",0,,,,,
2002,"桃園縣","蘆竹鄉","N_INDI_55_64",0,,,,,
2002,"桃園縣","蘆竹鄉","N_INDI_65PLUS",0,,,,,
2002,"桃園縣","蘆竹鄉","N_INDI_7_15",0,,,,,
2002,"桃園縣","蘆竹鄉","N_INDI_UNDER6",0,,,,,
2002,"桃園縣","觀音鄉","N_FAMILY",51,4.27450980392157,4,1.70971847241058,1,8
2002,"桃園縣","觀音鄉","N_INDI",51,3.74509803921569,4,1.87449339561282,1,8
2002,"桃園縣","觀音鄉","N_INDI_16_54",0,,,,,
2002,"桃園縣","觀音鄉","N_INDI_55PLUS",0,,,,,
2002,"桃園縣","觀音鄉","N_INDI_55_64",0,,,,,
2002,"桃園縣","觀音鄉","N_INDI_65PLUS",0,,,,,
2002,"桃園縣","觀音鄉","N_INDI_7_15",0,,,,,
2002,"桃園縣","觀音鄉","N_INDI_UNDER6",0,,,,,
2002,"桃園縣","龍潭鄉","N_FAMILY",55,4.81818181818182,5,1.50420286618071,2,8
2002,"桃園縣","龍潭鄉","N_INDI",55,4.41818181818182,5,1.58337320523959,1,8
2002,"桃園縣","龍潭鄉","N_INDI_16_54",0,,,,,
2002,"桃園縣","龍潭鄉","N_INDI_55PLUS",0,,,,,
2002,"桃園縣","龍潭鄉","N_INDI_55_64",0,,,,,
2002,"桃園縣","龍潭鄉","N_INDI_65PLUS",0,,,,,
2002,"桃園縣","龍潭鄉","N_INDI_7_15",0,,,,,
2002,"桃園縣","龍潭鄉","N_INDI_UNDER6",0,,,,,
2002,"桃園縣","龜山鄉","N_FAMILY",52,4.65384615384615,5,1.34141592421949,1,8
2002,"桃園縣","龜山鄉","N_INDI",52,4.42307692307692,5,1.58851458356608,1,8
2002,"桃園縣","龜山鄉","N_INDI_16_54",0,,,,,
2002,"桃園縣","龜山鄉","N_INDI_55PLUS",0,,,,,
2002,"桃園縣","龜山鄉","N_INDI_55_64",0,,,,,
2002,"桃園縣","龜山鄉","N_INDI_65PLUS",0,,,,,
2002,"桃園縣","龜山鄉","N_INDI_7_15",0,,,,,
2002,"桃園縣","龜山鄉","N_INDI_UNDER6",0,,,,,
2002,"臺中市","北區","N_FAMILY",46,4.10869565217391,4,1.30346991389334,1,8
2002,"臺中市","北區","N_INDI",46,3.08695652173913,3,1.74898176035876,1,8
2002,"臺中市","北區","N_INDI_16_54",0,,,,,
2002,"臺中市","北區","N_INDI_55PLUS",0,,,,,
2002,"臺中市","北區","N_INDI_55_64",0,,,,,
2002,"臺中市","北區","N_INDI_65PLUS",0,,,,,
2002,"臺中市","北區","N_INDI_7_15",0,,,,,
2002,"臺中市","北區","N_INDI_UNDER6",0,,,,,
2002,"臺中市","北屯區","N_FAMILY",46,3.39130434782609,4,1.10510453742953,1,5
2002,"臺中市","北屯區","N_INDI",46,2.69565217391304,3,1.39633751439481,1,5
2002,"臺中市","北屯區","N_INDI_16_54",0,,,,,
2002,"臺中市","北屯區","N_INDI_55PLUS",0,,,,,
2002,"臺中市","北屯區","N_INDI_55_64",0,,,,,
2002,"臺中市","北屯區","N_INDI_65PLUS",0,,,,,
2002,"臺中市","北屯區","N_INDI_7_15",0,,,,,
2002,"臺中市","北屯區","N_INDI_UNDER6",0,,,,,
2002,"臺中市","南區東區","N_FAMILY",53,4.33962264150943,4,1.23946943094484,1,8
2002,"臺中市","南區東區","N_INDI",53,3.18867924528302,3,1.45518441566676,1,6
2002,"臺中市","南區東區","N_INDI_16_54",0,,,,,
2002,"臺中市","南區東區","N_INDI_55PLUS",0,,,,,
2002,"臺中市","南區東區","N_INDI_55_64",0,,,,,
2002,"臺中市","南區東區","N_INDI_65PLUS",0,,,,,
2002,"臺中市","南區東區","N_INDI_7_15",0,,,,,
2002,"臺中市","南區東區","N_INDI_UNDER6",0,,,,,
2002,"臺中市","南屯區","N_FAMILY",55,4.27272727272727,4,1.04446593573419,3,6
2002,"臺中市","南屯區","N_INDI",55,3.25454545454545,3,1.50576892893301,1,6
2002,"臺中市","南屯區","N_INDI_16_54",0,,,,,
2002,"臺中市","南屯區","N_INDI_55PLUS",0,,,,,
2002,"臺中市","南屯區","N_INDI_55_64",0,,,,,
2002,"臺中市","南屯區","N_INDI_65PLUS",0,,,,,
2002,"臺中市","南屯區","N_INDI_7_15",0,,,,,
2002,"臺中市","南屯區","N_INDI_UNDER6",0,,,,,
2002,"臺中市","西屯區","N_FAMILY",52,4.09615384615385,4,1.69497082379442,1,8
2002,"臺中市","西屯區","N_INDI",52,3.19230769230769,3,1.78268866711528,1,7
2002,"臺中市","西屯區","N_INDI_16_54",0,,,,,
2002,"臺中市","西屯區","N_INDI_55PLUS",0,,,,,
2002,"臺中市","西屯區","N_INDI_55_64",0,,,,,
2002,"臺中市","西屯區","N_INDI_65PLUS",0,,,,,
2002,"臺中市","西屯區","N_INDI_7_15",0,,,,,
2002,"臺中市","西屯區","N_INDI_UNDER6",0,,,,,
2002,"臺中縣","后里鄉外埔鄉","N_FAMILY",52,4.40384615384615,4,1.4178085186213,1,7
2002,"臺中縣","后里鄉外埔鄉","N_INDI",52,3.19230769230769,3,1.85808737355992,1,7
2002,"臺中縣","后里鄉外埔鄉","N_INDI_16_54",0,,,,,
2002,"臺中縣","后里鄉外埔鄉","N_INDI_55PLUS",0,,,,,
2002,"臺中縣","后里鄉外埔鄉","N_INDI_55_64",0,,,,,
2002,"臺中縣","后里鄉外埔鄉","N_INDI_65PLUS",0,,,,,
2002,"臺中縣","后里鄉外埔鄉","N_INDI_7_15",0,,,,,
2002,"臺中縣","后里鄉外埔鄉","N_INDI_UNDER6",0,,,,,
2002,"臺中縣","和平鄉","N_FAMILY",146,4.03424657534247,4,2.04910201883871,1,12
2002,"臺中縣","和平鄉","N_INDI",146,3.82876712328767,4,2.01155143090788,1,12
2002,"臺中縣","和平鄉","N_INDI_16_54",0,,,,,
2002,"臺中縣","和平鄉","N_INDI_55PLUS",0,,,,,
2002,"臺中縣","和平鄉","N_INDI_55_64",0,,,,,
2002,"臺中縣","和平鄉","N_INDI_65PLUS",0,,,,,
2002,"臺中縣","和平鄉","N_INDI_7_15",0,,,,,
2002,"臺中縣","和平鄉","N_INDI_UNDER6",0,,,,,
2002,"臺中縣","大肚鄉","N_FAMILY",62,5.51612903225806,5,3.1244248545296,1,20
2002,"臺中縣","大肚鄉","N_INDI",62,5.17741935483871,5,3.2919384570288,1,20
2002,"臺中縣","大肚鄉","N_INDI_16_54",0,,,,,
2002,"臺中縣","大肚鄉","N_INDI_55PLUS",0,,,,,
2002,"臺中縣","大肚鄉","N_INDI_55_64",0,,,,,
2002,"臺中縣","大肚鄉","N_INDI_65PLUS",0,,,,,
2002,"臺中縣","大肚鄉","N_INDI_7_15",0,,,,,
2002,"臺中縣","大肚鄉","N_INDI_UNDER6",0,,,,,
2002,"臺中縣","大里市","N_FAMILY",67,4.08955223880597,4,1.46402665238596,1,7
2002,"臺中縣","大里市","N_INDI",67,3.2089552238806,3,1.65636800032788,0,6
2002,"臺中縣","大里市","N_INDI_16_54",0,,,,,
2002,"臺中縣","大里市","N_INDI_55PLUS",0,,,,,
2002,"臺中縣","大里市","N_INDI_55_64",0,,,,,
2002,"臺中縣","大里市","N_INDI_65PLUS",0,,,,,
2002,"臺中縣","大里市","N_INDI_7_15",0,,,,,
2002,"臺中縣","大里市","N_INDI_UNDER6",0,,,,,
2002,"臺中縣","大雅鄉","N_FAMILY",59,4.67796610169492,5,1.18089209361488,2,7
2002,"臺中縣","大雅鄉","N_INDI",59,4.06779661016949,4,1.62803463891453,1,7
2002,"臺中縣","大雅鄉","N_INDI_16_54",0,,,,,
2002,"臺中縣","大雅鄉","N_INDI_55PLUS",0,,,,,
2002,"臺中縣","大雅鄉","N_INDI_55_64",0,,,,,
2002,"臺中縣","大雅鄉","N_INDI_65PLUS",0,,,,,
2002,"臺中縣","大雅鄉","N_INDI_7_15",0,,,,,
2002,"臺中縣","大雅鄉","N_INDI_UNDER6",0,,,,,
2002,"臺中縣","太平市","N_FAMILY",52,4.69230769230769,4,1.35093956466996,1,8
2002,"臺中縣","太平市","N_INDI",52,4.05769230769231,4,1.73107086361062,1,7
2002,"臺中縣","太平市","N_INDI_16_54",0,,,,,
2002,"臺中縣","太平市","N_INDI_55PLUS",0,,,,,
2002,"臺中縣","太平市","N_INDI_55_64",0,,,,,
2002,"臺中縣","太平市","N_INDI_65PLUS",0,,,,,
2002,"臺中縣","太平市","N_INDI_7_15",0,,,,,
2002,"臺中縣","太平市","N_INDI_UNDER6",0,,,,,
2002,"臺中縣","東勢鎮","N_FAMILY",54,4.68518518518519,4.5,1.28597769976959,3,8
2002,"臺中縣","東勢鎮","N_INDI",54,4.42592592592593,4.5,1.35426442962698,1,7
2002,"臺中縣","東勢鎮","N_INDI_16_54",0,,,,,
2002,"臺中縣","東勢鎮","N_INDI_55PLUS",0,,,,,
2002,"臺中縣","東勢鎮","N_INDI_55_64",0,,,,,
2002,"臺中縣","東勢鎮","N_INDI_65PLUS",0,,,,,
2002,"臺中縣","東勢鎮","N_INDI_7_15",0,,,,,
2002,"臺中縣","東勢鎮","N_INDI_UNDER6",0,,,,,
2002,"臺中縣","梧棲鎮","N_FAMILY",63,4.52380952380952,4,1.31807708004505,2,8
2002,"臺中縣","梧棲鎮","N_INDI",63,4.11111111111111,4,1.43808913438039,1,8
2002,"臺中縣","梧棲鎮","N_INDI_16_54",0,,,,,
2002,"臺中縣","梧棲鎮","N_INDI_55PLUS",0,,,,,
2002,"臺中縣","梧棲鎮","N_INDI_55_64",0,,,,,
2002,"臺中縣","梧棲鎮","N_INDI_65PLUS",0,,,,,
2002,"臺中縣","梧棲鎮","N_INDI_7_15",0,,,,,
2002,"臺中縣","梧棲鎮","N_INDI_UNDER6",0,,,,,
2002,"臺中縣","清水鎮沙鹿鎮","N_FAMILY",53,4.75471698113208,5,1.50519178917708,1,8
2002,"臺中縣","清水鎮沙鹿鎮","N_INDI",53,3.58490566037736,4,1.93583575932534,1,8
2002,"臺中縣","清水鎮沙鹿鎮","N_INDI_16_54",0,,,,,
2002,"臺中縣","清水鎮沙鹿鎮","N_INDI_55PLUS",0,,,,,
2002,"臺中縣","清水鎮沙鹿鎮","N_INDI_55_64",0,,,,,
2002,"臺中縣","清水鎮沙鹿鎮","N_INDI_65PLUS",0,,,,,
2002,"臺中縣","清水鎮沙鹿鎮","N_INDI_7_15",0,,,,,
2002,"臺中縣","清水鎮沙鹿鎮","N_INDI_UNDER6",0,,,,,
2002,"臺中縣","潭子鄉","N_FAMILY",51,4.01960784313725,4,1.22458476355753,1,8
2002,"臺中縣","潭子鄉","N_INDI",51,2.98039215686275,3,1.51644579300984,1,8
2002,"臺中縣","潭子鄉","N_INDI_16_54",0,,,,,
2002,"臺中縣","潭子鄉","N_INDI_55PLUS",0,,,,,
2002,"臺中縣","潭子鄉","N_INDI_55_64",0,,,,,
2002,"臺中縣","潭子鄉","N_INDI_65PLUS",0,,,,,
2002,"臺中縣","潭子鄉","N_INDI_7_15",0,,,,,
2002,"臺中縣","潭子鄉","N_INDI_UNDER6",0,,,,,
2002,"臺中縣","烏日鄉霧峰鄉","N_FAMILY",40,4.475,5,1.51889804860342,2,8
2002,"臺中縣","烏日鄉霧峰鄉","N_INDI",40,4,4,1.50213523239762,1,8
2002,"臺中縣","烏日鄉霧峰鄉","N_INDI_16_54",0,,,,,
2002,"臺中縣","烏日鄉霧峰鄉","N_INDI_55PLUS",0,,,,,
2002,"臺中縣","烏日鄉霧峰鄉","N_INDI_55_64",0,,,,,
2002,"臺中縣","烏日鄉霧峰鄉","N_INDI_65PLUS",0,,,,,
2002,"臺中縣","烏日鄉霧峰鄉","N_INDI_7_15",0,,,,,
2002,"臺中縣","烏日鄉霧峰鄉","N_INDI_UNDER6",0,,,,,
2002,"臺中縣","神岡鄉","N_FAMILY",51,4.58823529411765,4,1.58967255229793,2,10
2002,"臺中縣","神岡鄉","N_INDI",51,4.29411764705882,4,1.6887168815057,1,10
2002,"臺中縣","神岡鄉","N_INDI_16_54",0,,,,,
2002,"臺中縣","神岡鄉","N_INDI_55PLUS",0,,,,,
2002,"臺中縣","神岡鄉","N_INDI_55_64",0,,,,,
2002,"臺中縣","神岡鄉","N_INDI_65PLUS",0,,,,,
2002,"臺中縣","神岡鄉","N_INDI_7_15",0,,,,,
2002,"臺中縣","神岡鄉","N_INDI_UNDER6",0,,,,,
2002,"臺中縣","豐原市","N_FAMILY",52,4.57692307692308,4,2.042164882112,1,13
2002,"臺中縣","豐原市","N_INDI",52,3.67307692307692,4,1.96759187787722,1,8
2002,"臺中縣","豐原市","N_INDI_16_54",0,,,,,
2002,"臺中縣","豐原市","N_INDI_55PLUS",0,,,,,
2002,"臺中縣","豐原市","N_INDI_55_64",0,,,,,
2002,"臺中縣","豐原市","N_INDI_65PLUS",0,,,,,
2002,"臺中縣","豐原市","N_INDI_7_15",0,,,,,
2002,"臺中縣","豐原市","N_INDI_UNDER6",0,,,,,
2002,"臺中縣","龍井鄉","N_FAMILY",26,4.30769230769231,4,1.1922828781537,2,7
2002,"臺中縣","龍井鄉","N_INDI",26,3.80769230769231,4,1.62528104078601,1,7
2002,"臺中縣","龍井鄉","N_INDI_16_54",0,,,,,
2002,"臺中縣","龍井鄉","N_INDI_55PLUS",0,,,,,
2002,"臺中縣","龍井鄉","N_INDI_55_64",0,,,,,
2002,"臺中縣","龍井鄉","N_INDI_65PLUS",0,,,,,
2002,"臺中縣","龍井鄉","N_INDI_7_15",0,,,,,
2002,"臺中縣","龍井鄉","N_INDI_UNDER6",0,,,,,
2002,"臺北市","未知地區","N_FAMILY",419,4.21002386634845,4,1.97079022583875,1,20
2002,"臺北市","未知地區","N_INDI",419,3.13603818615752,3,1.90770649605576,0,13
2002,"臺北市","未知地區","N_INDI_16_54",0,,,,,
2002,"臺北市","未知地區","N_INDI_55PLUS",0,,,,,
2002,"臺北市","未知地區","N_INDI_55_64",0,,,,,
2002,"臺北市","未知地區","N_INDI_65PLUS",0,,,,,
2002,"臺北市","未知地區","N_INDI_7_15",0,,,,,
2002,"臺北市","未知地區","N_INDI_UNDER6",0,,,,,
2002,"臺北縣","三峽鎮","N_FAMILY",52,4.17307692307692,4,1.97753217019671,1,11
2002,"臺北縣","三峽鎮","N_INDI",52,3.53846153846154,3.5,1.93483584409369,1,8
2002,"臺北縣","三峽鎮","N_INDI_16_54",0,,,,,
2002,"臺北縣","三峽鎮","N_INDI_55PLUS",0,,,,,
2002,"臺北縣","三峽鎮","N_INDI_55_64",0,,,,,
2002,"臺北縣","三峽鎮","N_INDI_65PLUS",0,,,,,
2002,"臺北縣","三峽鎮","N_INDI_7_15",0,,,,,
2002,"臺北縣","三峽鎮","N_INDI_UNDER6",0,,,,,
2002,"臺北縣","三重市","N_FAMILY",52,4.40384615384615,5,1.51151936785364,1,8
2002,"臺北縣","三重市","N_INDI",52,3.15384615384615,3,1.66137924492727,1,8
2002,"臺北縣","三重市","N_INDI_16_54",0,,,,,
2002,"臺北縣","三重市","N_INDI_55PLUS",0,,,,,
2002,"臺北縣","三重市","N_INDI_55_64",0,,,,,
2002,"臺北縣","三重市","N_INDI_65PLUS",0,,,,,
2002,"臺北縣","三重市","N_INDI_7_15",0,,,,,
2002,"臺北縣","三重市","N_INDI_UNDER6",0,,,,,
2002,"臺北縣","中和市","N_FAMILY",55,4.29090909090909,4,1.8426302383512,2,10
2002,"臺北縣","中和市","N_INDI",55,3.41818181818182,3,1.9596948845175,1,10
2002,"臺北縣","中和市","N_INDI_16_54",0,,,,,
2002,"臺北縣","中和市","N_INDI_55PLUS",0,,,,,
2002,"臺北縣","中和市","N_INDI_55_64",0,,,,,
2002,"臺北縣","中和市","N_INDI_65PLUS",0,,,,,
2002,"臺北縣","中和市","N_INDI_7_15",0,,,,,
2002,"臺北縣","中和市","N_INDI_UNDER6",0,,,,,
2002,"臺北縣","五股鄉","N_FAMILY",50,4.64,4,1.7468338705866,1,10
2002,"臺北縣","五股鄉","N_INDI",50,3.88,4,2.1912627987216,1,10
2002,"臺北縣","五股鄉","N_INDI_16_54",0,,,,,
2002,"臺北縣","五股鄉","N_INDI_55PLUS",0,,,,,
2002,"臺北縣","五股鄉","N_INDI_55_64",0,,,,,
2002,"臺北縣","五股鄉","N_INDI_65PLUS",0,,,,,
2002,"臺北縣","五股鄉","N_INDI_7_15",0,,,,,
2002,"臺北縣","五股鄉","N_INDI_UNDER6",0,,,,,
2002,"臺北縣","八里鄉三芝鄉","N_FAMILY",52,4.76923076923077,5,1.57946857053542,1,10
2002,"臺北縣","八里鄉三芝鄉","N_INDI",52,4.17307692307692,5,2.06484252683673,1,10
2002,"臺北縣","八里鄉三芝鄉","N_INDI_16_54",0,,,,,
2002,"臺北縣","八里鄉三芝鄉","N_INDI_55PLUS",0,,,,,
2002,"臺北縣","八里鄉三芝鄉","N_INDI_55_64",0,,,,,
2002,"臺北縣","八里鄉三芝鄉","N_INDI_65PLUS",0,,,,,
2002,"臺北縣","八里鄉三芝鄉","N_INDI_7_15",0,,,,,
2002,"臺北縣","八里鄉三芝鄉","N_INDI_UNDER6",0,,,,,
2002,"臺北縣","土城市","N_FAMILY",53,4.07547169811321,4,0.997093017105487,2,7
2002,"臺北縣","土城市","N_INDI",53,3.15094339622642,3,1.45966574697368,1,6
2002,"臺北縣","土城市","N_INDI_16_54",0,,,,,
2002,"臺北縣","土城市","N_INDI_55PLUS",0,,,,,
2002,"臺北縣","土城市","N_INDI_55_64",0,,,,,
2002,"臺北縣","土城市","N_INDI_65PLUS",0,,,,,
2002,"臺北縣","土城市","N_INDI_7_15",0,,,,,
2002,"臺北縣","土城市","N_INDI_UNDER6",0,,,,,
2002,"臺北縣","新店市","N_FAMILY",52,4.11538461538461,4,1.71102361466894,1,7
2002,"臺北縣","新店市","N_INDI",52,2.73076923076923,2.5,1.81621654379004,1,7
2002,"臺北縣","新店市","N_INDI_16_54",0,,,,,
2002,"臺北縣","新店市","N_INDI_55PLUS",0,,,,,
2002,"臺北縣","新店市","N_INDI_55_64",0,,,,,
2002,"臺北縣","新店市","N_INDI_65PLUS",0,,,,,
2002,"臺北縣","新店市","N_INDI_7_15",0,,,,,
2002,"臺北縣","新店市","N_INDI_UNDER6",0,,,,,
2002,"臺北縣","新莊市","N_FAMILY",54,4.51851851851852,4,1.89079937912604,1,10
2002,"臺北縣","新莊市","N_INDI",54,3.61111111111111,4,2.17547797104814,1,10
2002,"臺北縣","新莊市","N_INDI_16_54",0,,,,,
2002,"臺北縣","新莊市","N_INDI_55PLUS",0,,,,,
2002,"臺北縣","新莊市","N_INDI_55_64",0,,,,,
2002,"臺北縣","新莊市","N_INDI_65PLUS",0,,,,,
2002,"臺北縣","新莊市","N_INDI_7_15",0,,,,,
2002,"臺北縣","新莊市","N_INDI_UNDER6",0,,,,,
2002,"臺北縣","板橋市","N_FAMILY",52,4.65384615384615,4,1.58280732709032,1,12
2002,"臺北縣","板橋市","N_INDI",52,3.05769230769231,3,1.77580096856029,1,8
2002,"臺北縣","板橋市","N_INDI_16_54",0,,,,,
2002,"臺北縣","板橋市","N_INDI_55PLUS",0,,,,,
2002,"臺北縣","板橋市","N_INDI_55_64",0,,,,,
2002,"臺北縣","板橋市","N_INDI_65PLUS",0,,,,,
2002,"臺北縣","板橋市","N_INDI_7_15",0,,,,,
2002,"臺北縣","板橋市","N_INDI_UNDER6",0,,,,,
2002,"臺北縣","林口鄉","N_FAMILY",52,4.21153846153846,4,1.33338046673856,1,6
2002,"臺北縣","林口鄉","N_INDI",52,3.67307692307692,4,1.62964153217159,1,6
2002,"臺北縣","林口鄉","N_INDI_16_54",0,,,,,
2002,"臺北縣","林口鄉","N_INDI_55PLUS",0,,,,,
2002,"臺北縣","林口鄉","N_INDI_55_64",0,,,,,
2002,"臺北縣","林口鄉","N_INDI_65PLUS",0,,,,,
2002,"臺北縣","林口鄉","N_INDI_7_15",0,,,,,
2002,"臺北縣","林口鄉","N_INDI_UNDER6",0,,,,,
2002,"臺北縣","樹林市","N_FAMILY",52,4.09615384615385,4,1.47208822445299,1,8
2002,"臺北縣","樹林市","N_INDI",52,3.48076923076923,3.5,1.85229465126721,1,8
2002,"臺北縣","樹林市","N_INDI_16_54",0,,,,,
2002,"臺北縣","樹林市","N_INDI_55PLUS",0,,,,,
2002,"臺北縣","樹林市","N_INDI_55_64",0,,,,,
2002,"臺北縣","樹林市","N_INDI_65PLUS",0,,,,,
2002,"臺北縣","樹林市","N_INDI_7_15",0,,,,,
2002,"臺北縣","樹林市","N_INDI_UNDER6",0,,,,,
2002,"臺北縣","永和市","N_FAMILY",43,4.02325581395349,4,1.50377892392756,2,8
2002,"臺北縣","永和市","N_INDI",43,2.65116279069767,2,1.83723032916181,1,8
2002,"臺北縣","永和市","N_INDI_16_54",0,,,,,
2002,"臺北縣","永和市","N_INDI_55PLUS",0,,,,,
2002,"臺北縣","永和市","N_INDI_55_64",0,,,,,
2002,"臺北縣","永和市","N_INDI_65PLUS",0,,,,,
2002,"臺北縣","永和市","N_INDI_7_15",0,,,,,
2002,"臺北縣","永和市","N_INDI_UNDER6",0,,,,,
2002,"臺北縣","汐止市","N_FAMILY",52,4.17307692307692,4,1.24807544150677,1,6
2002,"臺北縣","汐止市","N_INDI",52,3.84615384615385,4,1.3916362972093,1,6
2002,"臺北縣","汐止市","N_INDI_16_54",0,,,,,
2002,"臺北縣","汐止市","N_INDI_55PLUS",0,,,,,
2002,"臺北縣","汐止市","N_INDI_55_64",0,,,,,
2002,"臺北縣","汐止市","N_INDI_65PLUS",0,,,,,
2002,"臺北縣","汐止市","N_INDI_7_15",0,,,,,
2002,"臺北縣","汐止市","N_INDI_UNDER6",0,,,,,
2002,"臺北縣","泰山鄉","N_FAMILY",52,4.19230769230769,4,1.04859311046383,3,7
2002,"臺北縣","泰山鄉","N_INDI",52,3.28846153846154,3,1.69586045557004,1,7
2002,"臺北縣","泰山鄉","N_INDI_16_54",0,,,,,
2002,"臺北縣","泰山鄉","N_INDI_55PLUS",0,,,,,
2002,"臺北縣","泰山鄉","N_INDI_55_64",0,,,,,
2002,"臺北縣","泰山鄉","N_INDI_65PLUS",0,,,,,
2002,"臺北縣","泰山鄉","N_INDI_7_15",0,,,,,
2002,"臺北縣","泰山鄉","N_INDI_UNDER6",0,,,,,
2002,"臺北縣","淡水鎮","N_FAMILY",52,4.25,4,1.65535376232133,1,8
2002,"臺北縣","淡水鎮","N_INDI",52,3.48076923076923,3,2.01455862548234,1,7
2002,"臺北縣","淡水鎮","N_INDI_16_54",0,,,,,
2002,"臺北縣","淡水鎮","N_INDI_55PLUS",0,,,,,
2002,"臺北縣","淡水鎮","N_INDI_55_64",0,,,,,
2002,"臺北縣","淡水鎮","N_INDI_65PLUS",0,,,,,
2002,"臺北縣","淡水鎮","N_INDI_7_15",0,,,,,
2002,"臺北縣","淡水鎮","N_INDI_UNDER6",0,,,,,
2002,"臺北縣","烏來鄉","N_FAMILY",60,5.11666666666667,5,2.16357885142365,1,13
2002,"臺北縣","烏來鄉","N_INDI",60,4.7,5,2.28703049270802,1,13
2002,"臺北縣","烏來鄉","N_INDI_16_54",0,,,,,
2002,"臺北縣","烏來鄉","N_INDI_55PLUS",0,,,,,
2002,"臺北縣","烏來鄉","N_INDI_55_64",0,,,,,
2002,"臺北縣","烏來鄉","N_INDI_65PLUS",0,,,,,
2002,"臺北縣","烏來鄉","N_INDI_7_15",0,,,,,
2002,"臺北縣","烏來鄉","N_INDI_UNDER6",0,,,,,
2002,"臺北縣","瑞芳鎮","N_FAMILY",52,3.78846153846154,4,1.74149517078407,1,8
2002,"臺北縣","瑞芳鎮","N_INDI",52,3.40384615384615,3,1.81777298982407,1,8
2002,"臺北縣","瑞芳鎮","N_INDI_16_54",0,,,,,
2002,"臺北縣","瑞芳鎮","N_INDI_55PLUS",0,,,,,
2002,"臺北縣","瑞芳鎮","N_INDI_55_64",0,,,,,
2002,"臺北縣","瑞芳鎮","N_INDI_65PLUS",0,,,,,
2002,"臺北縣","瑞芳鎮","N_INDI_7_15",0,,,,,
2002,"臺北縣","瑞芳鎮","N_INDI_UNDER6",0,,,,,
2002,"臺北縣","蘆洲市","N_FAMILY",52,4.5,5,1.33578206511773,2,7
2002,"臺北縣","蘆洲市","N_INDI",52,3.55769230769231,3.5,1.93434856581158,1,7
2002,"臺北縣","蘆洲市","N_INDI_16_54",0,,,,,
2002,"臺北縣","蘆洲市","N_INDI_55PLUS",0,,,,,
2002,"臺北縣","蘆洲市","N_INDI_55_64",0,,,,,
2002,"臺北縣","蘆洲市","N_INDI_65PLUS",0,,,,,
2002,"臺北縣","蘆洲市","N_INDI_7_15",0,,,,,
2002,"臺北縣","蘆洲市","N_INDI_UNDER6",0,,,,,
2002,"臺北縣","鶯歌鎮","N_FAMILY",53,4.73584905660377,5,1.70012378956794,1,11
2002,"臺北縣","鶯歌鎮","N_INDI",53,3.58490566037736,4,2.11618272317207,1,10
2002,"臺北縣","鶯歌鎮","N_INDI_16_54",0,,,,,
2002,"臺北縣","鶯歌鎮","N_INDI_55PLUS",0,,,,,
2002,"臺北縣","鶯歌鎮","N_INDI_55_64",0,,,,,
2002,"臺北縣","鶯歌鎮","N_INDI_65PLUS",0,,,,,
2002,"臺北縣","鶯歌鎮","N_INDI_7_15",0,,,,,
2002,"臺北縣","鶯歌鎮","N_INDI_UNDER6",0,,,,,
2002,"臺南市","未知地區","N_FAMILY",53,4.83018867924528,4,1.86811143894868,2,13
2002,"臺南市","未知地區","N_INDI",53,3.41509433962264,4,1.85466109556178,1,10
2002,"臺南市","未知地區","N_INDI_16_54",0,,,,,
2002,"臺南市","未知地區","N_INDI_55PLUS",0,,,,,
2002,"臺南市","未知地區","N_INDI_55_64",0,,,,,
2002,"臺南市","未知地區","N_INDI_65PLUS",0,,,,,
2002,"臺南市","未知地區","N_INDI_7_15",0,,,,,
2002,"臺南市","未知地區","N_INDI_UNDER6",0,,,,,
2002,"臺南縣","永康市","N_FAMILY",59,4.59322033898305,5,1.37863805942297,2,8
2002,"臺南縣","永康市","N_INDI",59,3.49152542372881,4,1.60143127099536,1,7
2002,"臺南縣","永康市","N_INDI_16_54",0,,,,,
2002,"臺南縣","永康市","N_INDI_55PLUS",0,,,,,
2002,"臺南縣","永康市","N_INDI_55_64",0,,,,,
2002,"臺南縣","永康市","N_INDI_65PLUS",0,,,,,
2002,"臺南縣","永康市","N_INDI_7_15",0,,,,,
2002,"臺南縣","永康市","N_INDI_UNDER6",0,,,,,
2002,"臺東縣","卑南鄉","N_FAMILY",185,4.05945945945946,4,2.22430490601527,1,13
2002,"臺東縣","卑南鄉","N_INDI",185,3.63783783783784,4,2.18036586371358,0,13
2002,"臺東縣","卑南鄉","N_INDI_16_54",0,,,,,
2002,"臺東縣","卑南鄉","N_INDI_55PLUS",0,,,,,
2002,"臺東縣","卑南鄉","N_INDI_55_64",0,,,,,
2002,"臺東縣","卑南鄉","N_INDI_65PLUS",0,,,,,
2002,"臺東縣","卑南鄉","N_INDI_7_15",0,,,,,
2002,"臺東縣","卑南鄉","N_INDI_UNDER6",0,,,,,
2002,"臺東縣","大武鄉","N_FAMILY",115,3.9304347826087,4,2.27002488250693,1,12
2002,"臺東縣","大武鄉","N_INDI",115,3.67826086956522,3,2.34538676003706,0,12
2002,"臺東縣","大武鄉","N_INDI_16_54",0,,,,,
2002,"臺東縣","大武鄉","N_INDI_55PLUS",0,,,,,
2002,"臺東縣","大武鄉","N_INDI_55_64",0,,,,,
2002,"臺東縣","大武鄉","N_INDI_65PLUS",0,,,,,
2002,"臺東縣","大武鄉","N_INDI_7_15",0,,,,,
2002,"臺東縣","大武鄉","N_INDI_UNDER6",0,,,,,
2002,"臺東縣","太麻里","N_FAMILY",174,4.35632183908046,4,2.38238725900938,1,15
2002,"臺東縣","太麻里","N_INDI",174,4,4,2.39459893223119,1,15
2002,"臺東縣","太麻里","N_INDI_16_54",0,,,,,
2002,"臺東縣","太麻里","N_INDI_55PLUS",0,,,,,
2002,"臺東縣","太麻里","N_INDI_55_64",0,,,,,
2002,"臺東縣","太麻里","N_INDI_65PLUS",0,,,,,
2002,"臺東縣","太麻里","N_INDI_7_15",0,,,,,
2002,"臺東縣","太麻里","N_INDI_UNDER6",0,,,,,
2002,"臺東縣","延平鄉","N_FAMILY",84,5.20238095238095,5,2.2802439200784,1,15
2002,"臺東縣","延平鄉","N_INDI",84,5.09523809523809,5,2.32129506655254,1,15
2002,"臺東縣","延平鄉","N_INDI_16_54",0,,,,,
2002,"臺東縣","延平鄉","N_INDI_55PLUS",0,,,,,
2002,"臺東縣","延平鄉","N_INDI_55_64",0,,,,,
2002,"臺東縣","延平鄉","N_INDI_65PLUS",0,,,,,
2002,"臺東縣","延平鄉","N_INDI_7_15",0,,,,,
2002,"臺東縣","延平鄉","N_INDI_UNDER6",0,,,,,
2002,"臺東縣","成功鎮","N_FAMILY",272,4.08088235294118,4,2.54713542034512,1,20
2002,"臺東縣","成功鎮","N_INDI",272,3.94117647058824,3.5,2.54629375660831,1,20
2002,"臺東縣","成功鎮","N_INDI_16_54",0,,,,,
2002,"臺東縣","成功鎮","N_INDI_55PLUS",0,,,,,
2002,"臺東縣","成功鎮","N_INDI_55_64",0,,,,,
2002,"臺東縣","成功鎮","N_INDI_65PLUS",0,,,,,
2002,"臺東縣","成功鎮","N_INDI_7_15",0,,,,,
2002,"臺東縣","成功鎮","N_INDI_UNDER6",0,,,,,
2002,"臺東縣","東河鄉","N_FAMILY",162,3.96296296296296,4,2.1922757933023,1,10
2002,"臺東縣","東河鄉","N_INDI",162,3.70987654320988,3,2.19168983491959,1,10
2002,"臺東縣","東河鄉","N_INDI_16_54",0,,,,,
2002,"臺東縣","東河鄉","N_INDI_55PLUS",0,,,,,
2002,"臺東縣","東河鄉","N_INDI_55_64",0,,,,,
2002,"臺東縣","東河鄉","N_INDI_65PLUS",0,,,,,
2002,"臺東縣","東河鄉","N_INDI_7_15",0,,,,,
2002,"臺東縣","東河鄉","N_INDI_UNDER6",0,,,,,
2002,"臺東縣","池上鄉","N_FAMILY",67,3.8955223880597,4,2.25048364066825,1,9
2002,"臺東縣","池上鄉","N_INDI",67,3.29850746268657,2,2.30292913201094,0,9
2002,"臺東縣","池上鄉","N_INDI_16_54",0,,,,,
2002,"臺東縣","池上鄉","N_INDI_55PLUS",0,,,,,
2002,"臺東縣","池上鄉","N_INDI_55_64",0,,,,,
2002,"臺東縣","池上鄉","N_INDI_65PLUS",0,,,,,
2002,"臺東縣","池上鄉","N_INDI_7_15",0,,,,,
2002,"臺東縣","池上鄉","N_INDI_UNDER6",0,,,,,
2002,"臺東縣","海端鄉","N_FAMILY",97,5.18556701030928,5,2.50553510962569,1,12
2002,"臺東縣","海端鄉","N_INDI",97,5.07216494845361,5,2.59906803281008,1,12
2002,"臺東縣","海端鄉","N_INDI_16_54",0,,,,,
2002,"臺東縣","海端鄉","N_INDI_55PLUS",0,,,,,
2002,"臺東縣","海端鄉","N_INDI_55_64",0,,,,,
2002,"臺東縣","海端鄉","N_INDI_65PLUS",0,,,,,
2002,"臺東縣","海端鄉","N_INDI_7_15",0,,,,,
2002,"臺東縣","海端鄉","N_INDI_UNDER6",0,,,,,
2002,"臺東縣","臺東市","N_FAMILY",542,4.11623616236162,4,2.3286677276715,1,20
2002,"臺東縣","臺東市","N_INDI",542,3.86531365313653,4,2.34192200979476,0,20
2002,"臺東縣","臺東市","N_INDI_16_54",0,,,,,
2002,"臺東縣","臺東市","N_INDI_55PLUS",0,,,,,
2002,"臺東縣","臺東市","N_INDI_55_64",0,,,,,
2002,"臺東縣","臺東市","N_INDI_65PLUS",0,,,,,
2002,"臺東縣","臺東市","N_INDI_7_15",0,,,,,
2002,"臺東縣","臺東市","N_INDI_UNDER6",0,,,,,
2002,"臺東縣","蘭嶼鄉","N_FAMILY",83,4.75903614457831,5,2.00359653115423,1,10
2002,"臺東縣","蘭嶼鄉","N_INDI",83,4.6144578313253,5,1.99286119412612,1,10
2002,"臺東縣","蘭嶼鄉","N_INDI_16_54",0,,,,,
2002,"臺東縣","蘭嶼鄉","N_INDI_55PLUS",0,,,,,
2002,"臺東縣","蘭嶼鄉","N_INDI_55_64",0,,,,,
2002,"臺東縣","蘭嶼鄉","N_INDI_65PLUS",0,,,,,
2002,"臺東縣","蘭嶼鄉","N_INDI_7_15",0,,,,,
2002,"臺東縣","蘭嶼鄉","N_INDI_UNDER6",0,,,,,
2002,"臺東縣","達仁鄉","N_FAMILY",124,4.07258064516129,4,2.66007331366898,1,20
2002,"臺東縣","達仁鄉","N_INDI",124,3.9758064516129,4,2.68226245260852,0,20
2002,"臺東縣","達仁鄉","N_INDI_16_54",0,,,,,
2002,"臺東縣","達仁鄉","N_INDI_55PLUS",0,,,,,
2002,"臺東縣","達仁鄉","N_INDI_55_64",0,,,,,
2002,"臺東縣","達仁鄉","N_INDI_65PLUS",0,,,,,
2002,"臺東縣","達仁鄉","N_INDI_7_15",0,,,,,
2002,"臺東縣","達仁鄉","N_INDI_UNDER6",0,,,,,
2002,"臺東縣","金峰鄉","N_FAMILY",82,5.29268292682927,5,2.35433828546812,1,12
2002,"臺東縣","金峰鄉","N_INDI",82,5.08536585365854,5,2.42008682382864,1,12
2002,"臺東縣","金峰鄉","N_INDI_16_54",0,,,,,
2002,"臺東縣","金峰鄉","N_INDI_55PLUS",0,,,,,
2002,"臺東縣","金峰鄉","N_INDI_55_64",0,,,,,
2002,"臺東縣","金峰鄉","N_INDI_65PLUS",0,,,,,
2002,"臺東縣","金峰鄉","N_INDI_7_15",0,,,,,
2002,"臺東縣","金峰鄉","N_INDI_UNDER6",0,,,,,
2002,"臺東縣","長濱鄉","N_FAMILY",153,3.69281045751634,3,2.53470917503275,1,20
2002,"臺東縣","長濱鄉","N_INDI",153,3.54248366013072,3,2.56491235128942,0,20
2002,"臺東縣","長濱鄉","N_INDI_16_54",0,,,,,
2002,"臺東縣","長濱鄉","N_INDI_55PLUS",0,,,,,
2002,"臺東縣","長濱鄉","N_INDI_55_64",0,,,,,
2002,"臺東縣","長濱鄉","N_INDI_65PLUS",0,,,,,
2002,"臺東縣","長濱鄉","N_INDI_7_15",0,,,,,
2002,"臺東縣","長濱鄉","N_INDI_UNDER6",0,,,,,
2002,"臺東縣","關山鎮","N_FAMILY",69,4.30434782608696,4,2.39057184782026,1,11
2002,"臺東縣","關山鎮","N_INDI",69,3.94202898550725,4,2.47269832352179,0,11
2002,"臺東縣","關山鎮","N_INDI_16_54",0,,,,,
2002,"臺東縣","關山鎮","N_INDI_55PLUS",0,,,,,
2002,"臺東縣","關山鎮","N_INDI_55_64",0,,,,,
2002,"臺東縣","關山鎮","N_INDI_65PLUS",0,,,,,
2002,"臺東縣","關山鎮","N_INDI_7_15",0,,,,,
2002,"臺東縣","關山鎮","N_INDI_UNDER6",0,,,,,
2002,"臺東縣","鹿野鄉","N_FAMILY",78,4.33333333333333,4,2.61199364901809,1,13
2002,"臺東縣","鹿野鄉","N_INDI",78,4.06410256410256,4,2.68395784311708,0,13
2002,"臺東縣","鹿野鄉","N_INDI_16_54",0,,,,,
2002,"臺東縣","鹿野鄉","N_INDI_55PLUS",0,,,,,
2002,"臺東縣","鹿野鄉","N_INDI_55_64",0,,,,,
2002,"臺東縣","鹿野鄉","N_INDI_65PLUS",0,,,,,
2002,"臺東縣","鹿野鄉","N_INDI_7_15",0,,,,,
2002,"臺東縣","鹿野鄉","N_INDI_UNDER6",0,,,,,
2002,"花蓮縣","光復鄉","N_FAMILY",213,4.21596244131455,4,2.92844356859267,1,20
2002,"花蓮縣","光復鄉","N_INDI",213,4.06103286384977,3,2.77642244078051,0,17
2002,"花蓮縣","光復鄉","N_INDI_16_54",0,,,,,
2002,"花蓮縣","光復鄉","N_INDI_55PLUS",0,,,,,
2002,"花蓮縣","光復鄉","N_INDI_55_64",0,,,,,
2002,"花蓮縣","光復鄉","N_INDI_65PLUS",0,,,,,
2002,"花蓮縣","光復鄉","N_INDI_7_15",0,,,,,
2002,"花蓮縣","光復鄉","N_INDI_UNDER6",0,,,,,
2002,"花蓮縣","卓溪鄉","N_FAMILY",140,4.85714285714286,4,2.68105913939648,1,20
2002,"花蓮縣","卓溪鄉","N_INDI",140,4.7,4,2.70011990141445,0,20
2002,"花蓮縣","卓溪鄉","N_INDI_16_54",0,,,,,
2002,"花蓮縣","卓溪鄉","N_INDI_55PLUS",0,,,,,
2002,"花蓮縣","卓溪鄉","N_INDI_55_64",0,,,,,
2002,"花蓮縣","卓溪鄉","N_INDI_65PLUS",0,,,,,
2002,"花蓮縣","卓溪鄉","N_INDI_7_15",0,,,,,
2002,"花蓮縣","卓溪鄉","N_INDI_UNDER6",0,,,,,
2002,"花蓮縣","吉安鄉","N_FAMILY",380,4.09210526315789,4,1.99059551145121,1,12
2002,"花蓮縣","吉安鄉","N_INDI",380,3.62105263157895,4,1.97973345061429,0,11
2002,"花蓮縣","吉安鄉","N_INDI_16_54",0,,,,,
2002,"花蓮縣","吉安鄉","N_INDI_55PLUS",0,,,,,
2002,"花蓮縣","吉安鄉","N_INDI_55_64",0,,,,,
2002,"花蓮縣","吉安鄉","N_INDI_65PLUS",0,,,,,
2002,"花蓮縣","吉安鄉","N_INDI_7_15",0,,,,,
2002,"花蓮縣","吉安鄉","N_INDI_UNDER6",0,,,,,
2002,"花蓮縣","壽豐鄉","N_FAMILY",179,4.1340782122905,4,2.56683922594034,1,15
2002,"花蓮縣","壽豐鄉","N_INDI",179,3.89944134078212,3,2.45657789761395,1,12
2002,"花蓮縣","壽豐鄉","N_INDI_16_54",0,,,,,
2002,"花蓮縣","壽豐鄉","N_INDI_55PLUS",0,,,,,
2002,"花蓮縣","壽豐鄉","N_INDI_55_64",0,,,,,
2002,"花蓮縣","壽豐鄉","N_INDI_65PLUS",0,,,,,
2002,"花蓮縣","壽豐鄉","N_INDI_7_15",0,,,,,
2002,"花蓮縣","壽豐鄉","N_INDI_UNDER6",0,,,,,
2002,"花蓮縣","富里鄉","N_FAMILY",54,4.05555555555556,3,2.64515696054354,1,12
2002,"花蓮縣","富里鄉","N_INDI",54,3.96296296296296,3,2.68442722862293,0,12
2002,"花蓮縣","富里鄉","N_INDI_16_54",0,,,,,
2002,"花蓮縣","富里鄉","N_INDI_55PLUS",0,,,,,
2002,"花蓮縣","富里鄉","N_INDI_55_64",0,,,,,
2002,"花蓮縣","富里鄉","N_INDI_65PLUS",0,,,,,
2002,"花蓮縣","富里鄉","N_INDI_7_15",0,,,,,
2002,"花蓮縣","富里鄉","N_INDI_UNDER6",0,,,,,
2002,"花蓮縣","新城鄉","N_FAMILY",149,4.0738255033557,4,2.02048281536444,1,14
2002,"花蓮縣","新城鄉","N_INDI",149,3.78523489932886,4,2.05519696691774,1,14
2002,"花蓮縣","新城鄉","N_INDI_16_54",0,,,,,
2002,"花蓮縣","新城鄉","N_INDI_55PLUS",0,,,,,
2002,"花蓮縣","新城鄉","N_INDI_55_64",0,,,,,
2002,"花蓮縣","新城鄉","N_INDI_65PLUS",0,,,,,
2002,"花蓮縣","新城鄉","N_INDI_7_15",0,,,,,
2002,"花蓮縣","新城鄉","N_INDI_UNDER6",0,,,,,
2002,"花蓮縣","玉里鎮","N_FAMILY",237,3.85232067510549,3,2.4819955267963,1,15
2002,"花蓮縣","玉里鎮","N_INDI",237,3.60759493670886,3,2.44992764430853,0,15
2002,"花蓮縣","玉里鎮","N_INDI_16_54",0,,,,,
2002,"花蓮縣","玉里鎮","N_INDI_55PLUS",0,,,,,
2002,"花蓮縣","玉里鎮","N_INDI_55_64",0,,,,,
2002,"花蓮縣","玉里鎮","N_INDI_65PLUS",0,,,,,
2002,"花蓮縣","玉里鎮","N_INDI_7_15",0,,,,,
2002,"花蓮縣","玉里鎮","N_INDI_UNDER6",0,,,,,
2002,"花蓮縣","瑞穗鄉","N_FAMILY",145,3.88275862068966,4,2.3585054362287,1,12
2002,"花蓮縣","瑞穗鄉","N_INDI",145,3.62068965517241,3,2.17328784946411,1,11
2002,"花蓮縣","瑞穗鄉","N_INDI_16_54",0,,,,,
2002,"花蓮縣","瑞穗鄉","N_INDI_55PLUS",0,,,,,
2002,"花蓮縣","瑞穗鄉","N_INDI_55_64",0,,,,,
2002,"花蓮縣","瑞穗鄉","N_INDI_65PLUS",0,,,,,
2002,"花蓮縣","瑞穗鄉","N_INDI_7_15",0,,,,,
2002,"花蓮縣","瑞穗鄉","N_INDI_UNDER6",0,,,,,
2002,"花蓮縣","秀林鄉","N_FAMILY",353,4.8413597733711,5,2.67199073901837,1,20
2002,"花蓮縣","秀林鄉","N_INDI",353,4.65722379603399,4,2.72797173203752,0,20
2002,"花蓮縣","秀林鄉","N_INDI_16_54",0,,,,,
2002,"花蓮縣","秀林鄉","N_INDI_55PLUS",0,,,,,
2002,"花蓮縣","秀林鄉","N_INDI_55_64",0,,,,,
2002,"花蓮縣","秀林鄉","N_INDI_65PLUS",0,,,,,
2002,"花蓮縣","秀林鄉","N_INDI_7_15",0,,,,,
2002,"花蓮縣","秀林鄉","N_INDI_UNDER6",0,,,,,
2002,"花蓮縣","花蓮市","N_FAMILY",271,3.83025830258303,4,1.93236746171807,1,13
2002,"花蓮縣","花蓮市","N_INDI",271,3.21771217712177,3,1.9533020300391,0,13
2002,"花蓮縣","花蓮市","N_INDI_16_54",0,,,,,
2002,"花蓮縣","花蓮市","N_INDI_55PLUS",0,,,,,
2002,"花蓮縣","花蓮市","N_INDI_55_64",0,,,,,
2002,"花蓮縣","花蓮市","N_INDI_65PLUS",0,,,,,
2002,"花蓮縣","花蓮市","N_INDI_7_15",0,,,,,
2002,"花蓮縣","花蓮市","N_INDI_UNDER6",0,,,,,
2002,"花蓮縣","萬榮鄉","N_FAMILY",190,5.09473684210526,5,3.0064258665778,1,20
2002,"花蓮縣","萬榮鄉","N_INDI",190,5.03684210526316,5,3.03832844017678,1,20
2002,"花蓮縣","萬榮鄉","N_INDI_16_54",0,,,,,
2002,"花蓮縣","萬榮鄉","N_INDI_55PLUS",0,,,,,
2002,"花蓮縣","萬榮鄉","N_INDI_55_64",0,,,,,
2002,"花蓮縣","萬榮鄉","N_INDI_65PLUS",0,,,,,
2002,"花蓮縣","萬榮鄉","N_INDI_7_15",0,,,,,
2002,"花蓮縣","萬榮鄉","N_INDI_UNDER6",0,,,,,
2002,"花蓮縣","豐濱鄉","N_FAMILY",131,3.20610687022901,3,1.96788663389828,1,10
2002,"花蓮縣","豐濱鄉","N_INDI",131,3.0763358778626,3,1.92401151688016,1,10
2002,"花蓮縣","豐濱鄉","N_INDI_16_54",0,,,,,
2002,"花蓮縣","豐濱鄉","N_INDI_55PLUS",0,,,,,
2002,"花蓮縣","豐濱鄉","N_INDI_55_64",0,,,,,
2002,"花蓮縣","豐濱鄉","N_INDI_65PLUS",0,,,,,
2002,"花蓮縣","豐濱鄉","N_INDI_7_15",0,,,,,
2002,"花蓮縣","豐濱鄉","N_INDI_UNDER6",0,,,,,
2002,"花蓮縣","鳳林鎮","N_FAMILY",65,4.26153846153846,4,2.49547667714083,1,10
2002,"花蓮縣","鳳林鎮","N_INDI",65,4.03076923076923,3,2.42364157035203,1,10
2002,"花蓮縣","鳳林鎮","N_INDI_16_54",0,,,,,
2002,"花蓮縣","鳳林鎮","N_INDI_55PLUS",0,,,,,
2002,"花蓮縣","鳳林鎮","N_INDI_55_64",0,,,,,
2002,"花蓮縣","鳳林鎮","N_INDI_65PLUS",0,,,,,
2002,"花蓮縣","鳳林鎮","N_INDI_7_15",0,,,,,
2002,"花蓮縣","鳳林鎮","N_INDI_UNDER6",0,,,,,
2002,"苗栗縣","南庄鄉","N_FAMILY",63,5.01587301587302,5,2.61812579783561,1,15
2002,"苗栗縣","南庄鄉","N_INDI",63,4.31746031746032,4,2.7346368327935,1,15
2002,"苗栗縣","南庄鄉","N_INDI_16_54",0,,,,,
2002,"苗栗縣","南庄鄉","N_INDI_55PLUS",0,,,,,
2002,"苗栗縣","南庄鄉","N_INDI_55_64",0,,,,,
2002,"苗栗縣","南庄鄉","N_INDI_65PLUS",0,,,,,
2002,"苗栗縣","南庄鄉","N_INDI_7_15",0,,,,,
2002,"苗栗縣","南庄鄉","N_INDI_UNDER6",0,,,,,
2002,"苗栗縣","泰安鄉","N_FAMILY",112,4.55357142857143,4,2.8055263536417,1,15
2002,"苗栗縣","泰安鄉","N_INDI",112,4.36607142857143,4,2.64062351261829,1,15
2002,"苗栗縣","泰安鄉","N_INDI_16_54",0,,,,,
2002,"苗栗縣","泰安鄉","N_INDI_55PLUS",0,,,,,
2002,"苗栗縣","泰安鄉","N_INDI_55_64",0,,,,,
2002,"苗栗縣","泰安鄉","N_INDI_65PLUS",0,,,,,
2002,"苗栗縣","泰安鄉","N_INDI_7_15",0,,,,,
2002,"苗栗縣","泰安鄉","N_INDI_UNDER6",0,,,,,
2002,"苗栗縣","獅潭鄉","N_FAMILY",5,4.8,4,2.04939015319192,3,7
2002,"苗栗縣","獅潭鄉","N_INDI",5,4.6,4,1.81659021245849,3,7
2002,"苗栗縣","獅潭鄉","N_INDI_16_54",0,,,,,
2002,"苗栗縣","獅潭鄉","N_INDI_55PLUS",0,,,,,
2002,"苗栗縣","獅潭鄉","N_INDI_55_64",0,,,,,
2002,"苗栗縣","獅潭鄉","N_INDI_65PLUS",0,,,,,
2002,"苗栗縣","獅潭鄉","N_INDI_7_15",0,,,,,
2002,"苗栗縣","獅潭鄉","N_INDI_UNDER6",0,,,,,
2002,"苗栗縣","竹南鎮後龍鎮造橋鄉","N_FAMILY",52,5.48076923076923,5,2.37214542271035,2,13
2002,"苗栗縣","竹南鎮後龍鎮造橋鄉","N_INDI",52,3.46153846153846,3,2.35531554408686,1,12
2002,"苗栗縣","竹南鎮後龍鎮造橋鄉","N_INDI_16_54",0,,,,,
2002,"苗栗縣","竹南鎮後龍鎮造橋鄉","N_INDI_55PLUS",0,,,,,
2002,"苗栗縣","竹南鎮後龍鎮造橋鄉","N_INDI_55_64",0,,,,,
2002,"苗栗縣","竹南鎮後龍鎮造橋鄉","N_INDI_65PLUS",0,,,,,
2002,"苗栗縣","竹南鎮後龍鎮造橋鄉","N_INDI_7_15",0,,,,,
2002,"苗栗縣","竹南鎮後龍鎮造橋鄉","N_INDI_UNDER6",0,,,,,
2002,"苗栗縣","苗栗市","N_FAMILY",53,4.56603773584906,4,1.71542138759261,1,9
2002,"苗栗縣","苗栗市","N_INDI",53,3.64150943396226,4,1.66519044444035,1,8
2002,"苗栗縣","苗栗市","N_INDI_16_54",0,,,,,
2002,"苗栗縣","苗栗市","N_INDI_55PLUS",0,,,,,
2002,"苗栗縣","苗栗市","N_INDI_55_64",0,,,,,
2002,"苗栗縣","苗栗市","N_INDI_65PLUS",0,,,,,
2002,"苗栗縣","苗栗市","N_INDI_7_15",0,,,,,
2002,"苗栗縣","苗栗市","N_INDI_UNDER6",0,,,,,
2002,"苗栗縣","頭份鎮","N_FAMILY",52,4.48076923076923,4.5,1.66262708039008,1,11
2002,"苗栗縣","頭份鎮","N_INDI",52,2.88461538461538,2.5,2.22863579263846,1,11
2002,"苗栗縣","頭份鎮","N_INDI_16_54",0,,,,,
2002,"苗栗縣","頭份鎮","N_INDI_55PLUS",0,,,,,
2002,"苗栗縣","頭份鎮","N_INDI_55_64",0,,,,,
2002,"苗栗縣","頭份鎮","N_INDI_65PLUS",0,,,,,
2002,"苗栗縣","頭份鎮","N_INDI_7_15",0,,,,,
2002,"苗栗縣","頭份鎮","N_INDI_UNDER6",0,,,,,
2002,"連江縣","未知地區","N_FAMILY",9,4.66666666666667,5,1.5,2,7
2002,"連江縣","未知地區","N_INDI",9,1.66666666666667,1,1.11803398874989,1,4
2002,"連江縣","未知地區","N_INDI_16_54",0,,,,,
2002,"連江縣","未知地區","N_INDI_55PLUS",0,,,,,
2002,"連江縣","未知地區","N_INDI_55_64",0,,,,,
2002,"連江縣","未知地區","N_INDI_65PLUS",0,,,,,
2002,"連江縣","未知地區","N_INDI_7_15",0,,,,,
2002,"連江縣","未知地區","N_INDI_UNDER6",0,,,,,
2002,"金門縣","未知地區","N_FAMILY",27,5.74074074074074,5,2.19426862868128,2,12
2002,"金門縣","未知地區","N_INDI",27,1.96296296296296,1,2.24433443074713,0,11
2002,"金門縣","未知地區","N_INDI_16_54",0,,,,,
2002,"金門縣","未知地區","N_INDI_55PLUS",0,,,,,
2002,"金門縣","未知地區","N_INDI_55_64",0,,,,,
2002,"金門縣","未知地區","N_INDI_65PLUS",0,,,,,
2002,"金門縣","未知地區","N_INDI_7_15",0,,,,,
2002,"金門縣","未知地區","N_INDI_UNDER6",0,,,,,
2002,"高雄市","未知地區","N_FAMILY",302,3.92715231788079,4,1.44028115448502,1,8
2002,"高雄市","未知地區","N_INDI",302,3.39072847682119,3,1.62608924877053,0,8
2002,"高雄市","未知地區","N_INDI_16_54",0,,,,,
2002,"高雄市","未知地區","N_INDI_55PLUS",0,,,,,
2002,"高雄市","未知地區","N_INDI_55_64",0,,,,,
2002,"高雄市","未知地區","N_INDI_65PLUS",0,,,,,
2002,"高雄市","未知地區","N_INDI_7_15",0,,,,,
2002,"高雄市","未知地區","N_INDI_UNDER6",0,,,,,
2002,"高雄縣","三民鄉","N_FAMILY",67,5.16417910447761,5,2.65488123871445,1,17
2002,"高雄縣","三民鄉","N_INDI",67,5.1044776119403,5,2.66364029989382,1,17
2002,"高雄縣","三民鄉","N_INDI_16_54",0,,,,,
2002,"高雄縣","三民鄉","N_INDI_55PLUS",0,,,,,
2002,"高雄縣","三民鄉","N_INDI_55_64",0,,,,,
2002,"高雄縣","三民鄉","N_INDI_65PLUS",0,,,,,
2002,"高雄縣","三民鄉","N_INDI_7_15",0,,,,,
2002,"高雄縣","三民鄉","N_INDI_UNDER6",0,,,,,
2002,"高雄縣","六龜鄉美濃鎮","N_FAMILY",57,4.29824561403509,4,1.71094076336364,1,11
2002,"高雄縣","六龜鄉美濃鎮","N_INDI",57,3.01754385964912,3,1.76767834087313,0,7
2002,"高雄縣","六龜鄉美濃鎮","N_INDI_16_54",0,,,,,
2002,"高雄縣","六龜鄉美濃鎮","N_INDI_55PLUS",0,,,,,
2002,"高雄縣","六龜鄉美濃鎮","N_INDI_55_64",0,,,,,
2002,"高雄縣","六龜鄉美濃鎮","N_INDI_65PLUS",0,,,,,
2002,"高雄縣","六龜鄉美濃鎮","N_INDI_7_15",0,,,,,
2002,"高雄縣","六龜鄉美濃鎮","N_INDI_UNDER6",0,,,,,
2002,"高雄縣","大寮鄉","N_FAMILY",56,4.21428571428571,4,1.52213111028029,1,8
2002,"高雄縣","大寮鄉","N_INDI",56,2.94642857142857,3,1.68867503582642,1,7
2002,"高雄縣","大寮鄉","N_INDI_16_54",0,,,,,
2002,"高雄縣","大寮鄉","N_INDI_55PLUS",0,,,,,
2002,"高雄縣","大寮鄉","N_INDI_55_64",0,,,,,
2002,"高雄縣","大寮鄉","N_INDI_65PLUS",0,,,,,
2002,"高雄縣","大寮鄉","N_INDI_7_15",0,,,,,
2002,"高雄縣","大寮鄉","N_INDI_UNDER6",0,,,,,
2002,"高雄縣","大樹鄉仁武鄉","N_FAMILY",53,4.9811320754717,5,2.28279995112055,2,13
2002,"高雄縣","大樹鄉仁武鄉","N_INDI",53,3.75471698113208,4,1.97002206525478,1,9
2002,"高雄縣","大樹鄉仁武鄉","N_INDI_16_54",0,,,,,
2002,"高雄縣","大樹鄉仁武鄉","N_INDI_55PLUS",0,,,,,
2002,"高雄縣","大樹鄉仁武鄉","N_INDI_55_64",0,,,,,
2002,"高雄縣","大樹鄉仁武鄉","N_INDI_65PLUS",0,,,,,
2002,"高雄縣","大樹鄉仁武鄉","N_INDI_7_15",0,,,,,
2002,"高雄縣","大樹鄉仁武鄉","N_INDI_UNDER6",0,,,,,
2002,"高雄縣","岡山鎮","N_FAMILY",54,3.68518518518519,4,1.4251656517299,1,8
2002,"高雄縣","岡山鎮","N_INDI",54,2.87037037037037,3,1.62580947961659,1,8
2002,"高雄縣","岡山鎮","N_INDI_16_54",0,,,,,
2002,"高雄縣","岡山鎮","N_INDI_55PLUS",0,,,,,
2002,"高雄縣","岡山鎮","N_INDI_55_64",0,,,,,
2002,"高雄縣","岡山鎮","N_INDI_65PLUS",0,,,,,
2002,"高雄縣","岡山鎮","N_INDI_7_15",0,,,,,
2002,"高雄縣","岡山鎮","N_INDI_UNDER6",0,,,,,
2002,"高雄縣","林園鄉鳥松鄉","N_FAMILY",47,5.25531914893617,5,2.49754736305687,2,12
2002,"高雄縣","林園鄉鳥松鄉","N_INDI",47,3.5531914893617,3,2.66872800378511,1,11
2002,"高雄縣","林園鄉鳥松鄉","N_INDI_16_54",0,,,,,
2002,"高雄縣","林園鄉鳥松鄉","N_INDI_55PLUS",0,,,,,
2002,"高雄縣","林園鄉鳥松鄉","N_INDI_55_64",0,,,,,
2002,"高雄縣","林園鄉鳥松鄉","N_INDI_65PLUS",0,,,,,
2002,"高雄縣","林園鄉鳥松鄉","N_INDI_7_15",0,,,,,
2002,"高雄縣","林園鄉鳥松鄉","N_INDI_UNDER6",0,,,,,
2002,"高雄縣","桃源鄉","N_FAMILY",101,4.98019801980198,5,2.79277710539098,1,15
2002,"高雄縣","桃源鄉","N_INDI",101,4.93069306930693,5,2.77941513899084,1,15
2002,"高雄縣","桃源鄉","N_INDI_16_54",0,,,,,
2002,"高雄縣","桃源鄉","N_INDI_55PLUS",0,,,,,
2002,"高雄縣","桃源鄉","N_INDI_55_64",0,,,,,
2002,"高雄縣","桃源鄉","N_INDI_65PLUS",0,,,,,
2002,"高雄縣","桃源鄉","N_INDI_7_15",0,,,,,
2002,"高雄縣","桃源鄉","N_INDI_UNDER6",0,,,,,
2002,"高雄縣","茂林鄉","N_FAMILY",46,4.15217391304348,4,2.42182108986282,1,14
2002,"高雄縣","茂林鄉","N_INDI",46,4.10869565217391,4,2.42421360325424,0,14
2002,"高雄縣","茂林鄉","N_INDI_16_54",0,,,,,
2002,"高雄縣","茂林鄉","N_INDI_55PLUS",0,,,,,
2002,"高雄縣","茂林鄉","N_INDI_55_64",0,,,,,
2002,"高雄縣","茂林鄉","N_INDI_65PLUS",0,,,,,
2002,"高雄縣","茂林鄉","N_INDI_7_15",0,,,,,
2002,"高雄縣","茂林鄉","N_INDI_UNDER6",0,,,,,
2002,"高雄縣","鳳山市","N_FAMILY",53,4.52830188679245,5,1.72764594824761,1,9
2002,"高雄縣","鳳山市","N_INDI",53,3.07547169811321,3,1.9399549618461,1,7
2002,"高雄縣","鳳山市","N_INDI_16_54",0,,,,,
2002,"高雄縣","鳳山市","N_INDI_55PLUS",0,,,,,
2002,"高雄縣","鳳山市","N_INDI_55_64",0,,,,,
2002,"高雄縣","鳳山市","N_INDI_65PLUS",0,,,,,
2002,"高雄縣","鳳山市","N_INDI_7_15",0,,,,,
2002,"高雄縣","鳳山市","N_INDI_UNDER6",0,,,,,
2006,"南投縣","中寮鄉","N_FAMILY",1,9,9,,9,9
2006,"南投縣","中寮鄉","N_INDI",1,9,9,,9,9
2006,"南投縣","中寮鄉","N_INDI_16_54",1,7,7,,7,7
2006,"南投縣","中寮鄉","N_INDI_55PLUS",1,0,0,,0,0
2006,"南投縣","中寮鄉","N_INDI_55_64",1,0,0,,0,0
2006,"南投縣","中寮鄉","N_INDI_65PLUS",1,0,0,,0,0
2006,"南投縣","中寮鄉","N_INDI_7_15",1,0,0,,0,0
2006,"南投縣","中寮鄉","N_INDI_UNDER6",1,2,2,,2,2
2006,"南投縣","仁愛鄉","N_FAMILY",171,4.70760233918129,5,2.54070406749443,1,21
2006,"南投縣","仁愛鄉","N_INDI",171,4.6374269005848,5,2.54086653564842,1,21
2006,"南投縣","仁愛鄉","N_INDI_16_54",171,2.46783625730994,2,1.44012478915014,0,7
2006,"南投縣","仁愛鄉","N_INDI_55PLUS",171,0.736842105263158,0,0.911230243832777,0,6
2006,"南投縣","仁愛鄉","N_INDI_55_64",171,0.350877192982456,0,0.739424929256643,0,6
2006,"南投縣","仁愛鄉","N_INDI_65PLUS",171,0.385964912280702,0,0.634898397566255,0,2
2006,"南投縣","仁愛鄉","N_INDI_7_15",171,0.888888888888889,0,1.12952069191496,0,5
2006,"南投縣","仁愛鄉","N_INDI_UNDER6",171,0.543859649122807,0,0.965343744420422,0,6
2006,"南投縣","信義鄉","N_FAMILY",145,5.10344827586207,5,2.4543729056835,1,13
2006,"南投縣","信義鄉","N_INDI",145,5.01379310344828,5,2.48323883180524,1,13
2006,"南投縣","信義鄉","N_INDI_16_54",145,2.68275862068965,2,1.75080714828849,0,9
2006,"南投縣","信義鄉","N_INDI_55PLUS",145,0.806896551724138,0,0.930177340649336,0,4
2006,"南投縣","信義鄉","N_INDI_55_64",145,0.43448275862069,0,0.685299945517049,0,2
2006,"南投縣","信義鄉","N_INDI_65PLUS",145,0.372413793103448,0,0.622994867847228,0,2
2006,"南投縣","信義鄉","N_INDI_7_15",145,0.83448275862069,0,1.20769404412482,0,5
2006,"南投縣","信義鄉","N_INDI_UNDER6",145,0.689655172413793,0,1.01733066690421,0,4
2006,"南投縣","南投市","N_FAMILY",5,4,4,2,2,6
2006,"南投縣","南投市","N_INDI",5,3,2,2.34520787991171,1,6
2006,"南投縣","南投市","N_INDI_16_54",5,1.6,1,1.34164078649987,0,3
2006,"南投縣","南投市","N_INDI_55PLUS",5,0.6,1,0.547722557505166,0,1
2006,"南投縣","南投市","N_INDI_55_64",5,0.2,0,0.447213595499958,0,1
2006,"南投縣","南投市","N_INDI_65PLUS",5,0.4,0,0.547722557505166,0,1
2006,"南投縣","南投市","N_INDI_7_15",5,0.8,0,1.09544511501033,0,2
2006,"南投縣","南投市","N_INDI_UNDER6",5,0,0,0,0,0
2006,"南投縣","國姓鄉","N_FAMILY",2,6,6,1.4142135623731,5,7
2006,"南投縣","國姓鄉","N_INDI",2,3,3,2.82842712474619,1,5
2006,"南投縣","國姓鄉","N_INDI_16_54",2,1,1,0,1,1
2006,"南投縣","國姓鄉","N_INDI_55PLUS",2,0,0,0,0,0
2006,"南投縣","國姓鄉","N_INDI_55_64",2,0,0,0,0,0
2006,"南投縣","國姓鄉","N_INDI_65PLUS",2,0,0,0,0,0
2006,"南投縣","國姓鄉","N_INDI_7_15",2,1,1,1.4142135623731,0,2
2006,"南投縣","國姓鄉","N_INDI_UNDER6",2,1,1,1.4142135623731,0,2
2006,"南投縣","埔里鎮","N_FAMILY",35,3.85714285714286,4,1.39627355197066,1,7
2006,"南投縣","埔里鎮","N_INDI",35,3.62857142857143,4,1.49677524513662,1,7
2006,"南投縣","埔里鎮","N_INDI_16_54",35,2.25714285714286,2,1.19663393446335,0,5
2006,"南投縣","埔里鎮","N_INDI_55PLUS",35,0.2,0,0.405839724956714,0,1
2006,"南投縣","埔里鎮","N_INDI_55_64",35,0.114285714285714,0,0.322802851090676,0,1
2006,"南投縣","埔里鎮","N_INDI_65PLUS",35,0.0857142857142857,0,0.284028640998691,0,1
2006,"南投縣","埔里鎮","N_INDI_7_15",35,0.857142857142857,1,0.974463868972459,0,4
2006,"南投縣","埔里鎮","N_INDI_UNDER6",35,0.314285714285714,0,0.631125445320574,0,2
2006,"南投縣","水里鄉","N_FAMILY",4,2.25,2.5,0.957427107756338,1,3
2006,"南投縣","水里鄉","N_INDI",4,2,2,0.816496580927726,1,3
2006,"南投縣","水里鄉","N_INDI_16_54",4,0.75,1,0.5,0,1
2006,"南投縣","水里鄉","N_INDI_55PLUS",4,1.25,1.5,0.957427107756338,0,2
2006,"南投縣","水里鄉","N_INDI_55_64",4,0.5,0,1,0,2
2006,"南投縣","水里鄉","N_INDI_65PLUS",4,0.75,0.5,0.957427107756338,0,2
2006,"南投縣","水里鄉","N_INDI_7_15",4,0,0,0,0,0
2006,"南投縣","水里鄉","N_INDI_UNDER6",4,0,0,0,0,0
2006,"南投縣","草屯鎮","N_FAMILY",5,3.8,4,1.30384048104053,2,5
2006,"南投縣","草屯鎮","N_INDI",5,3.2,3,1.48323969741913,1,5
2006,"南投縣","草屯鎮","N_INDI_16_54",5,1.8,2,0.836660026534076,1,3
2006,"南投縣","草屯鎮","N_INDI_55PLUS",5,0.2,0,0.447213595499958,0,1
2006,"南投縣","草屯鎮","N_INDI_55_64",5,0.2,0,0.447213595499958,0,1
2006,"南投縣","草屯鎮","N_INDI_65PLUS",5,0,0,0,0,0
2006,"南投縣","草屯鎮","N_INDI_7_15",5,1,1,1,0,2
2006,"南投縣","草屯鎮","N_INDI_UNDER6",5,0.2,0,0.447213595499958,0,1
2006,"南投縣","集集鎮","N_FAMILY",1,5,5,,5,5
2006,"南投縣","集集鎮","N_INDI",1,3,3,,3,3
2006,"南投縣","集集鎮","N_INDI_16_54",1,1,1,,1,1
2006,"南投縣","集集鎮","N_INDI_55PLUS",1,0,0,,0,0
2006,"南投縣","集集鎮","N_INDI_55_64",1,0,0,,0,0
2006,"南投縣","集集鎮","N_INDI_65PLUS",1,0,0,,0,0
2006,"南投縣","集集鎮","N_INDI_7_15",1,0,0,,0,0
2006,"南投縣","集集鎮","N_INDI_UNDER6",1,2,2,,2,2
2006,"南投縣","魚池鄉","N_FAMILY",9,3.88888888888889,3,2.26077666104176,1,8
2006,"南投縣","魚池鄉","N_INDI",9,3.55555555555556,3,2.24227067451229,1,8
2006,"南投縣","魚池鄉","N_INDI_16_54",9,1.88888888888889,2,1.45296631451356,0,4
2006,"南投縣","魚池鄉","N_INDI_55PLUS",9,1.33333333333333,1,1.11803398874989,0,4
2006,"南投縣","魚池鄉","N_INDI_55_64",9,0.777777777777778,1,0.666666666666667,0,2
2006,"南投縣","魚池鄉","N_INDI_65PLUS",9,0.555555555555556,0,0.726483157256779,0,2
2006,"南投縣","魚池鄉","N_INDI_7_15",9,0.222222222222222,0,0.440958551844098,0,1
2006,"南投縣","魚池鄉","N_INDI_UNDER6",9,0.111111111111111,0,0.333333333333333,0,1
2006,"嘉義市","東區","N_FAMILY",7,3.57142857142857,3,1.71824938596845,2,7
2006,"嘉義市","東區","N_INDI",7,2.57142857142857,2,1.39727626201154,1,4
2006,"嘉義市","東區","N_INDI_16_54",7,1.28571428571429,1,1.11269728052837,0,3
2006,"嘉義市","東區","N_INDI_55PLUS",7,0.428571428571429,0,0.786795792469443,0,2
2006,"嘉義市","東區","N_INDI_55_64",7,0,0,0,0,0
2006,"嘉義市","東區","N_INDI_65PLUS",7,0.428571428571429,0,0.786795792469443,0,2
2006,"嘉義市","東區","N_INDI_7_15",7,0.428571428571429,0,0.786795792469443,0,2
2006,"嘉義市","東區","N_INDI_UNDER6",7,0.428571428571429,0,0.786795792469443,0,2
2006,"嘉義縣","中埔鄉","N_FAMILY",2,4,4,0,4,4
2006,"嘉義縣","中埔鄉","N_INDI",2,2.5,2.5,2.12132034355964,1,4
2006,"嘉義縣","中埔鄉","N_INDI_16_54",2,2,2,1.4142135623731,1,3
2006,"嘉義縣","中埔鄉","N_INDI_55PLUS",2,0,0,0,0,0
2006,"嘉義縣","中埔鄉","N_INDI_55_64",2,0,0,0,0,0
2006,"嘉義縣","中埔鄉","N_INDI_65PLUS",2,0,0,0,0,0
2006,"嘉義縣","中埔鄉","N_INDI_7_15",2,0.5,0.5,0.707106781186548,0,1
2006,"嘉義縣","中埔鄉","N_INDI_UNDER6",2,0,0,0,0,0
2006,"嘉義縣","大埔鄉","N_FAMILY",1,2,2,,2,2
2006,"嘉義縣","大埔鄉","N_INDI",1,1,1,,1,1
2006,"嘉義縣","大埔鄉","N_INDI_16_54",1,1,1,,1,1
2006,"嘉義縣","大埔鄉","N_INDI_55PLUS",1,0,0,,0,0
2006,"嘉義縣","大埔鄉","N_INDI_55_64",1,0,0,,0,0
2006,"嘉義縣","大埔鄉","N_INDI_65PLUS",1,0,0,,0,0
2006,"嘉義縣","大埔鄉","N_INDI_7_15",1,0,0,,0,0
2006,"嘉義縣","大埔鄉","N_INDI_UNDER6",1,0,0,,0,0
2006,"嘉義縣","布袋鎮","N_FAMILY",1,3,3,,3,3
2006,"嘉義縣","布袋鎮","N_INDI",1,3,3,,3,3
2006,"嘉義縣","布袋鎮","N_INDI_16_54",1,3,3,,3,3
2006,"嘉義縣","布袋鎮","N_INDI_55PLUS",1,0,0,,0,0
2006,"嘉義縣","布袋鎮","N_INDI_55_64",1,0,0,,0,0
2006,"嘉義縣","布袋鎮","N_INDI_65PLUS",1,0,0,,0,0
2006,"嘉義縣","布袋鎮","N_INDI_7_15",1,0,0,,0,0
2006,"嘉義縣","布袋鎮","N_INDI_UNDER6",1,0,0,,0,0
2006,"嘉義縣","新港鄉","N_FAMILY",11,4.09090909090909,4,0.831209414593634,3,6
2006,"嘉義縣","新港鄉","N_INDI",11,4,4,0.894427190999916,3,6
2006,"嘉義縣","新港鄉","N_INDI_16_54",11,1.81818181818182,2,0.750757193529548,0,3
2006,"嘉義縣","新港鄉","N_INDI_55PLUS",11,0.545454545454545,0,1.80906806746658,0,6
2006,"嘉義縣","新港鄉","N_INDI_55_64",11,0.545454545454545,0,1.80906806746658,0,6
2006,"嘉義縣","新港鄉","N_INDI_65PLUS",11,0,0,0,0,0
2006,"嘉義縣","新港鄉","N_INDI_7_15",11,0.545454545454545,0,0.934198732993827,0,3
2006,"嘉義縣","新港鄉","N_INDI_UNDER6",11,1.09090909090909,1,0.700649049745371,0,2
2006,"嘉義縣","朴子市","N_FAMILY",1,6,6,,6,6
2006,"嘉義縣","朴子市","N_INDI",1,1,1,,1,1
2006,"嘉義縣","朴子市","N_INDI_16_54",1,1,1,,1,1
2006,"嘉義縣","朴子市","N_INDI_55PLUS",1,0,0,,0,0
2006,"嘉義縣","朴子市","N_INDI_55_64",1,0,0,,0,0
2006,"嘉義縣","朴子市","N_INDI_65PLUS",1,0,0,,0,0
2006,"嘉義縣","朴子市","N_INDI_7_15",1,0,0,,0,0
2006,"嘉義縣","朴子市","N_INDI_UNDER6",1,0,0,,0,0
2006,"嘉義縣","東石鄉","N_FAMILY",1,6,6,,6,6
2006,"嘉義縣","東石鄉","N_INDI",1,3,3,,3,3
2006,"嘉義縣","東石鄉","N_INDI_16_54",1,1,1,,1,1
2006,"嘉義縣","東石鄉","N_INDI_55PLUS",1,0,0,,0,0
2006,"嘉義縣","東石鄉","N_INDI_55_64",1,0,0,,0,0
2006,"嘉義縣","東石鄉","N_INDI_65PLUS",1,0,0,,0,0
2006,"嘉義縣","東石鄉","N_INDI_7_15",1,0,0,,0,0
2006,"嘉義縣","東石鄉","N_INDI_UNDER6",1,2,2,,2,2
2006,"嘉義縣","民雄鄉","N_FAMILY",2,6.5,6.5,6.36396103067893,2,11
2006,"嘉義縣","民雄鄉","N_INDI",2,1,1,0,1,1
2006,"嘉義縣","民雄鄉","N_INDI_16_54",2,1,1,0,1,1
2006,"嘉義縣","民雄鄉","N_INDI_55PLUS",2,0,0,0,0,0
2006,"嘉義縣","民雄鄉","N_INDI_55_64",2,0,0,0,0,0
2006,"嘉義縣","民雄鄉","N_INDI_65PLUS",2,0,0,0,0,0
2006,"嘉義縣","民雄鄉","N_INDI_7_15",2,0,0,0,0,0
2006,"嘉義縣","民雄鄉","N_INDI_UNDER6",2,0,0,0,0,0
2006,"嘉義縣","阿里山","N_FAMILY",30,4.1,4,1.49366478259301,1,7
2006,"嘉義縣","阿里山","N_INDI",30,4.1,4,1.49366478259301,1,7
2006,"嘉義縣","阿里山","N_INDI_16_54",30,2.4,2,1.30251745636591,0,6
2006,"嘉義縣","阿里山","N_INDI_55PLUS",30,0.6,0,0.723973708800591,0,2
2006,"嘉義縣","阿里山","N_INDI_55_64",30,0.3,0,0.595963433268438,0,2
2006,"嘉義縣","阿里山","N_INDI_65PLUS",30,0.3,0,0.534983080621924,0,2
2006,"嘉義縣","阿里山","N_INDI_7_15",30,0.8,0,1.09544511501033,0,4
2006,"嘉義縣","阿里山","N_INDI_UNDER6",30,0.3,0,0.651258728182957,0,2
2006,"基隆市","七堵區","N_FAMILY",4,3,2.5,2.44948974278318,1,6
2006,"基隆市","七堵區","N_INDI",4,3,2.5,2.44948974278318,1,6
2006,"基隆市","七堵區","N_INDI_16_54",4,2.5,2.5,2.38047614284762,0,5
2006,"基隆市","七堵區","N_INDI_55PLUS",4,0.25,0,0.5,0,1
2006,"基隆市","七堵區","N_INDI_55_64",4,0.25,0,0.5,0,1
2006,"基隆市","七堵區","N_INDI_65PLUS",4,0,0,0,0,0
2006,"基隆市","七堵區","N_INDI_7_15",4,0.25,0,0.5,0,1
2006,"基隆市","七堵區","N_INDI_UNDER6",4,0,0,0,0,0
2006,"基隆市","中山區","N_FAMILY",1,6,6,,6,6
2006,"基隆市","中山區","N_INDI",1,1,1,,1,1
2006,"基隆市","中山區","N_INDI_16_54",1,1,1,,1,1
2006,"基隆市","中山區","N_INDI_55PLUS",1,0,0,,0,0
2006,"基隆市","中山區","N_INDI_55_64",1,0,0,,0,0
2006,"基隆市","中山區","N_INDI_65PLUS",1,0,0,,0,0
2006,"基隆市","中山區","N_INDI_7_15",1,0,0,,0,0
2006,"基隆市","中山區","N_INDI_UNDER6",1,0,0,,0,0
2006,"基隆市","中正區","N_FAMILY",4,7.5,7,2.64575131106459,5,11
2006,"基隆市","中正區","N_INDI",4,5.75,4.5,3.5939764421413,3,11
2006,"基隆市","中正區","N_INDI_16_54",4,3.25,3,0.5,3,4
2006,"基隆市","中正區","N_INDI_55PLUS",4,0.75,0.5,0.957427107756338,0,2
2006,"基隆市","中正區","N_INDI_55_64",4,0.5,0,1,0,2
2006,"基隆市","中正區","N_INDI_65PLUS",4,0.25,0,0.5,0,1
2006,"基隆市","中正區","N_INDI_7_15",4,1.5,0.5,2.38047614284762,0,5
2006,"基隆市","中正區","N_INDI_UNDER6",4,0.25,0,0.5,0,1
2006,"基隆市","信義區","N_FAMILY",3,5,4,3.60555127546399,2,9
2006,"基隆市","信義區","N_INDI",3,4,3,3.60555127546399,1,8
2006,"基隆市","信義區","N_INDI_16_54",3,1.66666666666667,1,1.15470053837925,1,3
2006,"基隆市","信義區","N_INDI_55PLUS",3,0.666666666666667,0,1.15470053837925,0,2
2006,"基隆市","信義區","N_INDI_55_64",3,0,0,0,0,0
2006,"基隆市","信義區","N_INDI_65PLUS",3,0.666666666666667,0,1.15470053837925,0,2
2006,"基隆市","信義區","N_INDI_7_15",3,1.33333333333333,2,1.15470053837925,0,2
2006,"基隆市","信義區","N_INDI_UNDER6",3,0.333333333333333,0,0.577350269189626,0,1
2006,"基隆市","安樂區","N_FAMILY",1,5,5,,5,5
2006,"基隆市","安樂區","N_INDI",1,5,5,,5,5
2006,"基隆市","安樂區","N_INDI_16_54",1,2,2,,2,2
2006,"基隆市","安樂區","N_INDI_55PLUS",1,2,2,,2,2
2006,"基隆市","安樂區","N_INDI_55_64",1,0,0,,0,0
2006,"基隆市","安樂區","N_INDI_65PLUS",1,2,2,,2,2
2006,"基隆市","安樂區","N_INDI_7_15",1,1,1,,1,1
2006,"基隆市","安樂區","N_INDI_UNDER6",1,0,0,,0,0
2006,"基隆市","暖暖區","N_FAMILY",1,4,4,,4,4
2006,"基隆市","暖暖區","N_INDI",1,4,4,,4,4
2006,"基隆市","暖暖區","N_INDI_16_54",1,3,3,,3,3
2006,"基隆市","暖暖區","N_INDI_55PLUS",1,0,0,,0,0
2006,"基隆市","暖暖區","N_INDI_55_64",1,0,0,,0,0
2006,"基隆市","暖暖區","N_INDI_65PLUS",1,0,0,,0,0
2006,"基隆市","暖暖區","N_INDI_7_15",1,1,1,,1,1
2006,"基隆市","暖暖區","N_INDI_UNDER6",1,0,0,,0,0
2006,"宜蘭縣","三星鄉","N_FAMILY",5,4.8,5,3.3466401061363,1,10
2006,"宜蘭縣","三星鄉","N_INDI",5,4.8,5,3.3466401061363,1,10
2006,"宜蘭縣","三星鄉","N_INDI_16_54",5,3.2,3,2.58843582110896,0,7
2006,"宜蘭縣","三星鄉","N_INDI_55PLUS",5,0.4,0,0.547722557505166,0,1
2006,"宜蘭縣","三星鄉","N_INDI_55_64",5,0.2,0,0.447213595499958,0,1
2006,"宜蘭縣","三星鄉","N_INDI_65PLUS",5,0.2,0,0.447213595499958,0,1
2006,"宜蘭縣","三星鄉","N_INDI_7_15",5,1.2,1,1.30384048104053,0,3
2006,"宜蘭縣","三星鄉","N_INDI_UNDER6",5,0,0,0,0,0
2006,"宜蘭縣","五結鄉","N_FAMILY",3,2.33333333333333,2,0.577350269189626,2,3
2006,"宜蘭縣","五結鄉","N_INDI",3,2,2,1,1,3
2006,"宜蘭縣","五結鄉","N_INDI_16_54",3,1.33333333333333,1,0.577350269189626,1,2
2006,"宜蘭縣","五結鄉","N_INDI_55PLUS",3,0.333333333333333,0,0.577350269189626,0,1
2006,"宜蘭縣","五結鄉","N_INDI_55_64",3,0.333333333333333,0,0.577350269189626,0,1
2006,"宜蘭縣","五結鄉","N_INDI_65PLUS",3,0,0,0,0,0
2006,"宜蘭縣","五結鄉","N_INDI_7_15",3,0.333333333333333,0,0.577350269189626,0,1
2006,"宜蘭縣","五結鄉","N_INDI_UNDER6",3,0,0,0,0,0
2006,"宜蘭縣","冬山鄉","N_FAMILY",2,5.5,5.5,0.707106781186548,5,6
2006,"宜蘭縣","冬山鄉","N_INDI",2,5,5,0,5,5
2006,"宜蘭縣","冬山鄉","N_INDI_16_54",2,4,4,0,4,4
2006,"宜蘭縣","冬山鄉","N_INDI_55PLUS",2,0,0,0,0,0
2006,"宜蘭縣","冬山鄉","N_INDI_55_64",2,0,0,0,0,0
2006,"宜蘭縣","冬山鄉","N_INDI_65PLUS",2,0,0,0,0,0
2006,"宜蘭縣","冬山鄉","N_INDI_7_15",2,0.5,0.5,0.707106781186548,0,1
2006,"宜蘭縣","冬山鄉","N_INDI_UNDER6",2,0.5,0.5,0.707106781186548,0,1
2006,"宜蘭縣","南澳鄉","N_FAMILY",92,4.70652173913043,5,2.42032621304323,1,13
2006,"宜蘭縣","南澳鄉","N_INDI",92,4.55434782608696,4.5,2.35042259672214,1,13
2006,"宜蘭縣","南澳鄉","N_INDI_16_54",92,2.43478260869565,2,1.61248118023662,0,7
2006,"宜蘭縣","南澳鄉","N_INDI_55PLUS",92,0.978260869565217,1,1.15766210855019,0,7
2006,"宜蘭縣","南澳鄉","N_INDI_55_64",92,0.445652173913043,0,0.803346440871655,0,5
2006,"宜蘭縣","南澳鄉","N_INDI_65PLUS",92,0.532608695652174,0,0.762458241789677,0,2
2006,"宜蘭縣","南澳鄉","N_INDI_7_15",92,0.75,0,1.11557406500218,0,6
2006,"宜蘭縣","南澳鄉","N_INDI_UNDER6",92,0.391304347826087,0,0.755296633949612,0,4
2006,"宜蘭縣","員山鄉","N_FAMILY",4,5,4,2.70801280154532,3,9
2006,"宜蘭縣","員山鄉","N_INDI",4,3.25,3,0.5,3,4
2006,"宜蘭縣","員山鄉","N_INDI_16_54",4,1.25,1,1.25830573921179,0,3
2006,"宜蘭縣","員山鄉","N_INDI_55PLUS",4,0.5,0,1,0,2
2006,"宜蘭縣","員山鄉","N_INDI_55_64",4,0,0,0,0,0
2006,"宜蘭縣","員山鄉","N_INDI_65PLUS",4,0.5,0,1,0,2
2006,"宜蘭縣","員山鄉","N_INDI_7_15",4,1.25,1.5,0.957427107756338,0,2
2006,"宜蘭縣","員山鄉","N_INDI_UNDER6",4,0.25,0,0.5,0,1
2006,"宜蘭縣","壯圍鄉","N_FAMILY",3,6.66666666666667,6,2.08166599946613,5,9
2006,"宜蘭縣","壯圍鄉","N_INDI",3,2.33333333333333,2,1.52752523165195,1,4
2006,"宜蘭縣","壯圍鄉","N_INDI_16_54",3,1.66666666666667,2,0.577350269189626,1,2
2006,"宜蘭縣","壯圍鄉","N_INDI_55PLUS",3,0,0,0,0,0
2006,"宜蘭縣","壯圍鄉","N_INDI_55_64",3,0,0,0,0,0
2006,"宜蘭縣","壯圍鄉","N_INDI_65PLUS",3,0,0,0,0,0
2006,"宜蘭縣","壯圍鄉","N_INDI_7_15",3,0.666666666666667,0,1.15470053837925,0,2
2006,"宜蘭縣","壯圍鄉","N_INDI_UNDER6",3,0,0,0,0,0
2006,"宜蘭縣","大同鄉","N_FAMILY",128,5.0625,5,2.80536606170344,1,16
2006,"宜蘭縣","大同鄉","N_INDI",128,4.90625,5,2.82128440063942,1,16
2006,"宜蘭縣","大同鄉","N_INDI_16_54",127,2.51181102362205,2,1.76772718273379,0,8
2006,"宜蘭縣","大同鄉","N_INDI_55PLUS",127,0.748031496062992,1,0.796505302815256,0,3
2006,"宜蘭縣","大同鄉","N_INDI_55_64",127,0.322834645669291,0,0.615692792956104,0,3
2006,"宜蘭縣","大同鄉","N_INDI_65PLUS",128,0.421875,0,0.659388585802495,0,2
2006,"宜蘭縣","大同鄉","N_INDI_7_15",128,0.8359375,0,1.14174437442688,0,6
2006,"宜蘭縣","大同鄉","N_INDI_UNDER6",128,0.78125,0,1.10073347056785,0,5
2006,"宜蘭縣","宜蘭市","N_FAMILY",16,3.625,3.5,1.02469507659596,2,5
2006,"宜蘭縣","宜蘭市","N_INDI",16,3.5,3,1.03279555898864,2,5
2006,"宜蘭縣","宜蘭市","N_INDI_16_54",16,2.1875,2,1.27638813323639,0,5
2006,"宜蘭縣","宜蘭市","N_INDI_55PLUS",16,0.375,0,0.718795288428261,0,2
2006,"宜蘭縣","宜蘭市","N_INDI_55_64",16,0.1875,0,0.543905629069357,0,2
2006,"宜蘭縣","宜蘭市","N_INDI_65PLUS",16,0.1875,0,0.543905629069357,0,2
2006,"宜蘭縣","宜蘭市","N_INDI_7_15",16,0.875,0,1.1474609652039,0,3
2006,"宜蘭縣","宜蘭市","N_INDI_UNDER6",16,0.0625,0,0.25,0,1
2006,"宜蘭縣","礁溪鄉","N_FAMILY",2,4,4,0,4,4
2006,"宜蘭縣","礁溪鄉","N_INDI",2,4,4,0,4,4
2006,"宜蘭縣","礁溪鄉","N_INDI_16_54",2,3,3,1.4142135623731,2,4
2006,"宜蘭縣","礁溪鄉","N_INDI_55PLUS",2,1,1,1.4142135623731,0,2
2006,"宜蘭縣","礁溪鄉","N_INDI_55_64",2,1,1,1.4142135623731,0,2
2006,"宜蘭縣","礁溪鄉","N_INDI_65PLUS",2,0,0,0,0,0
2006,"宜蘭縣","礁溪鄉","N_INDI_7_15",2,0,0,0,0,0
2006,"宜蘭縣","礁溪鄉","N_INDI_UNDER6",2,0,0,0,0,0
2006,"宜蘭縣","羅東鎮","N_FAMILY",8,3.375,3.5,1.40788595317336,1,5
2006,"宜蘭縣","羅東鎮","N_INDI",8,3.125,3.5,1.64208056179609,1,5
2006,"宜蘭縣","羅東鎮","N_INDI_16_54",8,1.875,1.5,1.1259916264596,1,4
2006,"宜蘭縣","羅東鎮","N_INDI_55PLUS",8,0.125,0,0.353553390593274,0,1
2006,"宜蘭縣","羅東鎮","N_INDI_55_64",8,0,0,0,0,0
2006,"宜蘭縣","羅東鎮","N_INDI_65PLUS",8,0.125,0,0.353553390593274,0,1
2006,"宜蘭縣","羅東鎮","N_INDI_7_15",8,0.75,0.5,0.886405260427918,0,2
2006,"宜蘭縣","羅東鎮","N_INDI_UNDER6",8,0.375,0,0.744023809142845,0,2
2006,"宜蘭縣","蘇澳鎮","N_FAMILY",8,5.75,6,2.31455024943138,3,9
2006,"宜蘭縣","蘇澳鎮","N_INDI",8,5,4.5,2.20389266007736,3,9
2006,"宜蘭縣","蘇澳鎮","N_INDI_16_54",8,3.25,3.5,1.48804761828569,1,5
2006,"宜蘭縣","蘇澳鎮","N_INDI_55PLUS",8,0.625,1,0.517549169506766,0,1
2006,"宜蘭縣","蘇澳鎮","N_INDI_55_64",8,0.375,0,0.517549169506766,0,1
2006,"宜蘭縣","蘇澳鎮","N_INDI_65PLUS",8,0.25,0,0.462910049886276,0,1
2006,"宜蘭縣","蘇澳鎮","N_INDI_7_15",8,0.375,0,0.744023809142845,0,2
2006,"宜蘭縣","蘇澳鎮","N_INDI_UNDER6",8,0.75,0.5,1.03509833901353,0,3
2006,"屏東縣","三地門鄉","N_FAMILY",83,4.33734939759036,4,2.35960470249623,1,12
2006,"屏東縣","三地門鄉","N_INDI",83,4.24096385542169,4,2.26096440380272,1,11
2006,"屏東縣","三地門鄉","N_INDI_16_54",83,2.2289156626506,2,1.66253773993342,0,8
2006,"屏東縣","三地門鄉","N_INDI_55PLUS",83,1.01204819277108,1,1.01805620506607,0,5
2006,"屏東縣","三地門鄉","N_INDI_55_64",83,0.469879518072289,0,0.686762454007142,0,3
2006,"屏東縣","三地門鄉","N_INDI_65PLUS",83,0.542168674698795,0,0.769878115460685,0,2
2006,"屏東縣","三地門鄉","N_INDI_7_15",83,0.626506024096386,0,1.03252996618056,0,4
2006,"屏東縣","三地門鄉","N_INDI_UNDER6",83,0.373493975903614,0,0.693363019927002,0,3
2006,"屏東縣","九如鄉","N_FAMILY",1,2,2,,2,2
2006,"屏東縣","九如鄉","N_INDI",1,2,2,,2,2
2006,"屏東縣","九如鄉","N_INDI_16_54",1,1,1,,1,1
2006,"屏東縣","九如鄉","N_INDI_55PLUS",1,1,1,,1,1
2006,"屏東縣","九如鄉","N_INDI_55_64",1,0,0,,0,0
2006,"屏東縣","九如鄉","N_INDI_65PLUS",1,1,1,,1,1
2006,"屏東縣","九如鄉","N_INDI_7_15",1,0,0,,0,0
2006,"屏東縣","九如鄉","N_INDI_UNDER6",1,0,0,,0,0
2006,"屏東縣","來義鄉","N_FAMILY",57,4.87719298245614,5,2.13867595420455,1,10
2006,"屏東縣","來義鄉","N_INDI",57,4.84210526315789,5,2.16126181467654,1,10
2006,"屏東縣","來義鄉","N_INDI_16_54",57,2.66666666666667,2,1.62934401056435,0,7
2006,"屏東縣","來義鄉","N_INDI_55PLUS",57,0.912280701754386,1,0.871794163009045,0,3
2006,"屏東縣","來義鄉","N_INDI_55_64",57,0.456140350877193,0,0.628779300328266,0,2
2006,"屏東縣","來義鄉","N_INDI_65PLUS",57,0.456140350877193,0,0.708876763382861,0,2
2006,"屏東縣","來義鄉","N_INDI_7_15",57,0.684210526315789,0,0.869275041482476,0,3
2006,"屏東縣","來義鄉","N_INDI_UNDER6",57,0.578947368421053,0,0.822612745660623,0,3
2006,"屏東縣","內埔鄉","N_FAMILY",8,5.125,4.5,2.4164614034339,1,8
2006,"屏東縣","內埔鄉","N_INDI",8,4.75,4.5,2.25198325291921,1,8
2006,"屏東縣","內埔鄉","N_INDI_16_54",8,2.25,2.5,1.16496474502144,1,4
2006,"屏東縣","內埔鄉","N_INDI_55PLUS",8,0.625,0.5,0.744023809142845,0,2
2006,"屏東縣","內埔鄉","N_INDI_55_64",8,0.5,0.5,0.534522483824849,0,1
2006,"屏東縣","內埔鄉","N_INDI_65PLUS",8,0.125,0,0.353553390593274,0,1
2006,"屏東縣","內埔鄉","N_INDI_7_15",8,1,0.5,1.19522860933439,0,3
2006,"屏東縣","內埔鄉","N_INDI_UNDER6",8,0.875,0.5,0.991031208965115,0,2
2006,"屏東縣","屏東市","N_FAMILY",12,5,4,4.84298930976989,1,19
2006,"屏東縣","屏東市","N_INDI",12,4.66666666666667,4,4.97874269147129,1,19
2006,"屏東縣","屏東市","N_INDI_16_54",12,2.5,2,2.27636073191798,1,9
2006,"屏東縣","屏東市","N_INDI_55PLUS",12,0.416666666666667,0,0.792961461098759,0,2
2006,"屏東縣","屏東市","N_INDI_55_64",12,0.416666666666667,0,0.792961461098759,0,2
2006,"屏東縣","屏東市","N_INDI_65PLUS",12,0,0,0,0,0
2006,"屏東縣","屏東市","N_INDI_7_15",12,1.08333333333333,0.5,1.24011240937215,0,3
2006,"屏東縣","屏東市","N_INDI_UNDER6",12,0.666666666666667,0,1.72328087371066,0,6
2006,"屏東縣","恆春鎮","N_FAMILY",2,1.5,1.5,0.707106781186548,1,2
2006,"屏東縣","恆春鎮","N_INDI",2,1,1,0,1,1
2006,"屏東縣","恆春鎮","N_INDI_16_54",2,0,0,0,0,0
2006,"屏東縣","恆春鎮","N_INDI_55PLUS",2,1,1,0,1,1
2006,"屏東縣","恆春鎮","N_INDI_55_64",2,0,0,0,0,0
2006,"屏東縣","恆春鎮","N_INDI_65PLUS",2,1,1,0,1,1
2006,"屏東縣","恆春鎮","N_INDI_7_15",2,0,0,0,0,0
2006,"屏東縣","恆春鎮","N_INDI_UNDER6",2,0,0,0,0,0
2006,"屏東縣","新園鄉","N_FAMILY",2,4.5,4.5,0.707106781186548,4,5
2006,"屏東縣","新園鄉","N_INDI",2,2.5,2.5,0.707106781186548,2,3
2006,"屏東縣","新園鄉","N_INDI_16_54",2,2,2,0,2,2
2006,"屏東縣","新園鄉","N_INDI_55PLUS",2,0,0,0,0,0
2006,"屏東縣","新園鄉","N_INDI_55_64",2,0,0,0,0,0
2006,"屏東縣","新園鄉","N_INDI_65PLUS",2,0,0,0,0,0
2006,"屏東縣","新園鄉","N_INDI_7_15",2,0.5,0.5,0.707106781186548,0,1
2006,"屏東縣","新園鄉","N_INDI_UNDER6",2,0,0,0,0,0
2006,"屏東縣","春日鄉","N_FAMILY",113,5.06194690265487,5,2.5081409800342,1,11
2006,"屏東縣","春日鄉","N_INDI",113,4.94690265486726,5,2.4922763116584,1,11
2006,"屏東縣","春日鄉","N_INDI_16_54",113,2.44247787610619,2,1.49366551223913,0,6
2006,"屏東縣","春日鄉","N_INDI_55PLUS",113,0.955752212389381,1,0.880233131973869,0,4
2006,"屏東縣","春日鄉","N_INDI_55_64",113,0.389380530973451,0,0.589091739135402,0,2
2006,"屏東縣","春日鄉","N_INDI_65PLUS",113,0.566371681415929,0,0.811481297587169,0,4
2006,"屏東縣","春日鄉","N_INDI_7_15",113,0.831858407079646,1,0.971951781461779,0,4
2006,"屏東縣","春日鄉","N_INDI_UNDER6",113,0.716814159292035,0,1.02180710498495,0,4
2006,"屏東縣","未知地區","N_FAMILY",1,2,2,,2,2
2006,"屏東縣","未知地區","N_INDI",1,2,2,,2,2
2006,"屏東縣","未知地區","N_INDI_16_54",1,1,1,,1,1
2006,"屏東縣","未知地區","N_INDI_55PLUS",1,1,1,,1,1
2006,"屏東縣","未知地區","N_INDI_55_64",1,1,1,,1,1
2006,"屏東縣","未知地區","N_INDI_65PLUS",1,0,0,,0,0
2006,"屏東縣","未知地區","N_INDI_7_15",1,0,0,,0,0
2006,"屏東縣","未知地區","N_INDI_UNDER6",1,0,0,,0,0
2006,"屏東縣","枋寮鄉","N_FAMILY",3,3.66666666666667,2,3.78593889720018,1,8
2006,"屏東縣","枋寮鄉","N_INDI",3,3.33333333333333,1,4.04145188432738,1,8
2006,"屏東縣","枋寮鄉","N_INDI_16_54",3,0.666666666666667,1,0.577350269189626,0,1
2006,"屏東縣","枋寮鄉","N_INDI_55PLUS",3,1.33333333333333,1,1.52752523165195,0,3
2006,"屏東縣","枋寮鄉","N_INDI_55_64",3,0.333333333333333,0,0.577350269189626,0,1
2006,"屏東縣","枋寮鄉","N_INDI_65PLUS",3,1,1,1,0,2
2006,"屏東縣","枋寮鄉","N_INDI_7_15",3,1,0,1.73205080756888,0,3
2006,"屏東縣","枋寮鄉","N_INDI_UNDER6",3,0.333333333333333,0,0.577350269189626,0,1
2006,"屏東縣","枋山鄉","N_FAMILY",2,6,6,0,6,6
2006,"屏東縣","枋山鄉","N_INDI",2,5,5,1.4142135623731,4,6
2006,"屏東縣","枋山鄉","N_INDI_16_54",2,2,2,0,2,2
2006,"屏東縣","枋山鄉","N_INDI_55PLUS",2,0.5,0.5,0.707106781186548,0,1
2006,"屏東縣","枋山鄉","N_INDI_55_64",2,0,0,0,0,0
2006,"屏東縣","枋山鄉","N_INDI_65PLUS",2,0.5,0.5,0.707106781186548,0,1
2006,"屏東縣","枋山鄉","N_INDI_7_15",2,1,1,1.4142135623731,0,2
2006,"屏東縣","枋山鄉","N_INDI_UNDER6",2,1.5,1.5,0.707106781186548,1,2
2006,"屏東縣","泰武鄉","N_FAMILY",74,5.54054054054054,5,3.25698065568168,1,20
2006,"屏東縣","泰武鄉","N_INDI",74,5.31081081081081,5,2.90924683411348,1,14
2006,"屏東縣","泰武鄉","N_INDI_16_54",74,2.81081081081081,3,1.89212988401001,0,7
2006,"屏東縣","泰武鄉","N_INDI_55PLUS",74,1.06756756756757,1,1.05117131120911,0,4
2006,"屏東縣","泰武鄉","N_INDI_55_64",74,0.405405405405405,0,0.700663460906756,0,3
2006,"屏東縣","泰武鄉","N_INDI_65PLUS",74,0.662162162162162,0,0.781235884729946,0,2
2006,"屏東縣","泰武鄉","N_INDI_7_15",74,0.783783783783784,0,1.08880065058749,0,4
2006,"屏東縣","泰武鄉","N_INDI_UNDER6",74,0.648648648648649,0,0.957056452328364,0,3
2006,"屏東縣","滿州鄉","N_FAMILY",44,4.09090909090909,4,2.04391532407985,1,9
2006,"屏東縣","滿州鄉","N_INDI",44,3.45454545454545,3,2.19359050952251,1,9
2006,"屏東縣","滿州鄉","N_INDI_16_54",44,1.79545454545455,1,1.48761625231943,0,6
2006,"屏東縣","滿州鄉","N_INDI_55PLUS",44,0.818181818181818,1,0.755529300763972,0,3
2006,"屏東縣","滿州鄉","N_INDI_55_64",44,0.363636363636364,0,0.650256088762355,0,3
2006,"屏東縣","滿州鄉","N_INDI_65PLUS",44,0.454545454545455,0,0.663133697086354,0,2
2006,"屏東縣","滿州鄉","N_INDI_7_15",44,0.545454545454545,0,0.847830211571443,0,3
2006,"屏東縣","滿州鄉","N_INDI_UNDER6",44,0.295454545454545,0,0.593748261375,0,2
2006,"屏東縣","潮州鎮","N_FAMILY",3,4.33333333333333,4,1.52752523165195,3,6
2006,"屏東縣","潮州鎮","N_INDI",3,4,4,2,2,6
2006,"屏東縣","潮州鎮","N_INDI_16_54",3,2,2,1,1,3
2006,"屏東縣","潮州鎮","N_INDI_55PLUS",3,0.333333333333333,0,0.577350269189626,0,1
2006,"屏東縣","潮州鎮","N_INDI_55_64",3,0.333333333333333,0,0.577350269189626,0,1
2006,"屏東縣","潮州鎮","N_INDI_65PLUS",3,0,0,0,0,0
2006,"屏東縣","潮州鎮","N_INDI_7_15",3,1.66666666666667,2,1.52752523165195,0,3
2006,"屏東縣","潮州鎮","N_INDI_UNDER6",3,0,0,0,0,0
2006,"屏東縣","牡丹鄉","N_FAMILY",138,4.06521739130435,4,2.5089810120484,1,13
2006,"屏東縣","牡丹鄉","N_INDI",138,3.84782608695652,3,2.49934932821004,1,13
2006,"屏東縣","牡丹鄉","N_INDI_16_54",138,2.06521739130435,2,1.67072920719754,0,8
2006,"屏東縣","牡丹鄉","N_INDI_55PLUS",138,0.891304347826087,1,0.84304611582737,0,3
2006,"屏東縣","牡丹鄉","N_INDI_55_64",138,0.398550724637681,0,0.634067567290728,0,2
2006,"屏東縣","牡丹鄉","N_INDI_65PLUS",138,0.492753623188406,0,0.653417482172519,0,2
2006,"屏東縣","牡丹鄉","N_INDI_7_15",138,0.521739130434783,0,0.953038868428253,0,6
2006,"屏東縣","牡丹鄉","N_INDI_UNDER6",138,0.369565217391304,0,0.792999359877888,0,4
2006,"屏東縣","獅子鄉","N_FAMILY",55,4.27272727272727,4,2.29697502731185,1,10
2006,"屏東縣","獅子鄉","N_INDI",55,4.05454545454545,4,2.26419948913503,1,10
2006,"屏東縣","獅子鄉","N_INDI_16_54",55,1.90909090909091,2,1.40465795589673,0,5
2006,"屏東縣","獅子鄉","N_INDI_55PLUS",55,0.963636363636364,1,0.838067361467384,0,3
2006,"屏東縣","獅子鄉","N_INDI_55_64",55,0.490909090909091,0,0.663121889045023,0,2
2006,"屏東縣","獅子鄉","N_INDI_65PLUS",55,0.472727272727273,0,0.689995852229762,0,2
2006,"屏東縣","獅子鄉","N_INDI_7_15",55,0.818181818181818,0,1.23364724369875,0,5
2006,"屏東縣","獅子鄉","N_INDI_UNDER6",55,0.363636363636364,0,0.868451929705239,0,4
2006,"屏東縣","瑪家鄉","N_FAMILY",112,5.05357142857143,5,2.37038517307333,1,12
2006,"屏東縣","瑪家鄉","N_INDI",112,4.9375,5,2.37964813054897,1,12
2006,"屏東縣","瑪家鄉","N_INDI_16_54",112,3,3,1.82574185835055,0,9
2006,"屏東縣","瑪家鄉","N_INDI_55PLUS",112,0.919642857142857,1,1.04094891616959,0,4
2006,"屏東縣","瑪家鄉","N_INDI_55_64",112,0.330357142857143,0,0.676349406703754,0,4
2006,"屏東縣","瑪家鄉","N_INDI_65PLUS",112,0.589285714285714,0,0.833462023525334,0,3
2006,"屏東縣","瑪家鄉","N_INDI_7_15",112,0.580357142857143,0,0.896825159546367,0,4
2006,"屏東縣","瑪家鄉","N_INDI_UNDER6",112,0.4375,0,0.877971146071062,0,4
2006,"屏東縣","萬丹鄉","N_FAMILY",3,4.66666666666667,5,2.51661147842358,2,7
2006,"屏東縣","萬丹鄉","N_INDI",3,2.33333333333333,2,1.52752523165195,1,4
2006,"屏東縣","萬丹鄉","N_INDI_16_54",3,2,2,1,1,3
2006,"屏東縣","萬丹鄉","N_INDI_55PLUS",3,0,0,0,0,0
2006,"屏東縣","萬丹鄉","N_INDI_55_64",3,0,0,0,0,0
2006,"屏東縣","萬丹鄉","N_INDI_65PLUS",3,0,0,0,0,0
2006,"屏東縣","萬丹鄉","N_INDI_7_15",3,0.333333333333333,0,0.577350269189626,0,1
2006,"屏東縣","萬丹鄉","N_INDI_UNDER6",3,0,0,0,0,0
2006,"屏東縣","萬巒鄉","N_FAMILY",5,4.6,5,3.50713558335004,1,10
2006,"屏東縣","萬巒鄉","N_INDI",5,4.4,5,3.71483512420134,1,10
2006,"屏東縣","萬巒鄉","N_INDI_16_54",5,3.4,3,3.20936130717624,0,8
2006,"屏東縣","萬巒鄉","N_INDI_55PLUS",5,0.6,0,0.894427190999916,0,2
2006,"屏東縣","萬巒鄉","N_INDI_55_64",5,0.4,0,0.547722557505166,0,1
2006,"屏東縣","萬巒鄉","N_INDI_65PLUS",5,0.2,0,0.447213595499958,0,1
2006,"屏東縣","萬巒鄉","N_INDI_7_15",5,0,0,0,0,0
2006,"屏東縣","萬巒鄉","N_INDI_UNDER6",5,0.4,0,0.894427190999916,0,2
2006,"屏東縣","車城鄉","N_FAMILY",4,3.25,3.5,2.06155281280883,1,5
2006,"屏東縣","車城鄉","N_INDI",4,2.75,2.5,1.70782512765993,1,5
2006,"屏東縣","車城鄉","N_INDI_16_54",4,2.25,1.5,1.89296944860009,1,5
2006,"屏東縣","車城鄉","N_INDI_55PLUS",4,0.25,0,0.5,0,1
2006,"屏東縣","車城鄉","N_INDI_55_64",4,0,0,0,0,0
2006,"屏東縣","車城鄉","N_INDI_65PLUS",4,0.25,0,0.5,0,1
2006,"屏東縣","車城鄉","N_INDI_7_15",4,0.25,0,0.5,0,1
2006,"屏東縣","車城鄉","N_INDI_UNDER6",4,0,0,0,0,0
2006,"屏東縣","長治鄉","N_FAMILY",4,4.25,4,1.25830573921179,3,6
2006,"屏東縣","長治鄉","N_INDI",4,3.5,3,1.91485421551268,2,6
2006,"屏東縣","長治鄉","N_INDI_16_54",4,2.25,1.5,1.89296944860009,1,5
2006,"屏東縣","長治鄉","N_INDI_55PLUS",4,0,0,0,0,0
2006,"屏東縣","長治鄉","N_INDI_55_64",4,0,0,0,0,0
2006,"屏東縣","長治鄉","N_INDI_65PLUS",4,0,0,0,0,0
2006,"屏東縣","長治鄉","N_INDI_7_15",4,0.75,1,0.5,0,1
2006,"屏東縣","長治鄉","N_INDI_UNDER6",4,0.5,0.5,0.577350269189626,0,1
2006,"屏東縣","霧臺鄉","N_FAMILY",29,4.06896551724138,3,2.65828938662708,1,11
2006,"屏東縣","霧臺鄉","N_INDI",29,4.06896551724138,3,2.65828938662708,1,11
2006,"屏東縣","霧臺鄉","N_INDI_16_54",29,1.51724137931034,1,1.47891585907603,0,6
2006,"屏東縣","霧臺鄉","N_INDI_55PLUS",29,1.3448275862069,1,0.813978854980079,0,3
2006,"屏東縣","霧臺鄉","N_INDI_55_64",29,0.586206896551724,0,0.732765864930867,0,2
2006,"屏東縣","霧臺鄉","N_INDI_65PLUS",29,0.758620689655172,0,0.87240113700199,0,2
2006,"屏東縣","霧臺鄉","N_INDI_7_15",29,0.689655172413793,0,1.19831573098787,0,4
2006,"屏東縣","霧臺鄉","N_INDI_UNDER6",29,0.517241379310345,0,0.949461864696163,0,4
2006,"屏東縣","鹽埔鄉","N_FAMILY",1,6,6,,6,6
2006,"屏東縣","鹽埔鄉","N_INDI",1,6,6,,6,6
2006,"屏東縣","鹽埔鄉","N_INDI_16_54",1,5,5,,5,5
2006,"屏東縣","鹽埔鄉","N_INDI_55PLUS",1,0,0,,0,0
2006,"屏東縣","鹽埔鄉","N_INDI_55_64",1,0,0,,0,0
2006,"屏東縣","鹽埔鄉","N_INDI_65PLUS",1,0,0,,0,0
2006,"屏東縣","鹽埔鄉","N_INDI_7_15",1,0,0,,0,0
2006,"屏東縣","鹽埔鄉","N_INDI_UNDER6",1,1,1,,1,1
2006,"彰化縣","二水鄉","N_FAMILY",1,5,5,,5,5
2006,"彰化縣","二水鄉","N_INDI",1,1,1,,1,1
2006,"彰化縣","二水鄉","N_INDI_16_54",1,1,1,,1,1
2006,"彰化縣","二水鄉","N_INDI_55PLUS",1,0,0,,0,0
2006,"彰化縣","二水鄉","N_INDI_55_64",1,0,0,,0,0
2006,"彰化縣","二水鄉","N_INDI_65PLUS",1,0,0,,0,0
2006,"彰化縣","二水鄉","N_INDI_7_15",1,0,0,,0,0
2006,"彰化縣","二水鄉","N_INDI_UNDER6",1,0,0,,0,0
2006,"彰化縣","北斗鎮","N_FAMILY",1,4,4,,4,4
2006,"彰化縣","北斗鎮","N_INDI",1,4,4,,4,4
2006,"彰化縣","北斗鎮","N_INDI_16_54",1,1,1,,1,1
2006,"彰化縣","北斗鎮","N_INDI_55PLUS",1,2,2,,2,2
2006,"彰化縣","北斗鎮","N_INDI_55_64",1,0,0,,0,0
2006,"彰化縣","北斗鎮","N_INDI_65PLUS",1,2,2,,2,2
2006,"彰化縣","北斗鎮","N_INDI_7_15",1,1,1,,1,1
2006,"彰化縣","北斗鎮","N_INDI_UNDER6",1,0,0,,0,0
2006,"彰化縣","和美鎮","N_FAMILY",3,5.33333333333333,4,2.3094010767585,4,8
2006,"彰化縣","和美鎮","N_INDI",3,4.66666666666667,3,2.88675134594813,3,8
2006,"彰化縣","和美鎮","N_INDI_16_54",3,1.33333333333333,1,0.577350269189626,1,2
2006,"彰化縣","和美鎮","N_INDI_55PLUS",3,0.666666666666667,0,1.15470053837925,0,2
2006,"彰化縣","和美鎮","N_INDI_55_64",3,0,0,0,0,0
2006,"彰化縣","和美鎮","N_INDI_65PLUS",3,0.666666666666667,0,1.15470053837925,0,2
2006,"彰化縣","和美鎮","N_INDI_7_15",3,2,2,2,0,4
2006,"彰化縣","和美鎮","N_INDI_UNDER6",3,0.666666666666667,0,1.15470053837925,0,2
2006,"彰化縣","員林鎮","N_FAMILY",6,3.66666666666667,4,1.86189867250253,1,6
2006,"彰化縣","員林鎮","N_INDI",6,2.5,2,1.97484176581315,1,6
2006,"彰化縣","員林鎮","N_INDI_16_54",6,2,1,1.67332005306815,1,5
2006,"彰化縣","員林鎮","N_INDI_55PLUS",6,0,0,0,0,0
2006,"彰化縣","員林鎮","N_INDI_55_64",6,0,0,0,0,0
2006,"彰化縣","員林鎮","N_INDI_65PLUS",6,0,0,0,0,0
2006,"彰化縣","員林鎮","N_INDI_7_15",6,0.166666666666667,0,0.408248290463863,0,1
2006,"彰化縣","員林鎮","N_INDI_UNDER6",6,0.333333333333333,0,0.816496580927726,0,2
2006,"彰化縣","埔鹽鄉","N_FAMILY",1,4,4,,4,4
2006,"彰化縣","埔鹽鄉","N_INDI",1,3,3,,3,3
2006,"彰化縣","埔鹽鄉","N_INDI_16_54",1,1,1,,1,1
2006,"彰化縣","埔鹽鄉","N_INDI_55PLUS",1,0,0,,0,0
2006,"彰化縣","埔鹽鄉","N_INDI_55_64",1,0,0,,0,0
2006,"彰化縣","埔鹽鄉","N_INDI_65PLUS",1,0,0,,0,0
2006,"彰化縣","埔鹽鄉","N_INDI_7_15",1,2,2,,2,2
2006,"彰化縣","埔鹽鄉","N_INDI_UNDER6",1,0,0,,0,0
2006,"彰化縣","彰化市","N_FAMILY",2,3,3,0,3,3
2006,"彰化縣","彰化市","N_INDI",2,2,2,1.4142135623731,1,3
2006,"彰化縣","彰化市","N_INDI_16_54",2,2,2,1.4142135623731,1,3
2006,"彰化縣","彰化市","N_INDI_55PLUS",2,0,0,0,0,0
2006,"彰化縣","彰化市","N_INDI_55_64",2,0,0,0,0,0
2006,"彰化縣","彰化市","N_INDI_65PLUS",2,0,0,0,0,0
2006,"彰化縣","彰化市","N_INDI_7_15",2,0,0,0,0,0
2006,"彰化縣","彰化市","N_INDI_UNDER6",2,0,0,0,0,0
2006,"彰化縣","福興鄉","N_FAMILY",1,4,4,,4,4
2006,"彰化縣","福興鄉","N_INDI",1,3,3,,3,3
2006,"彰化縣","福興鄉","N_INDI_16_54",1,3,3,,3,3
2006,"彰化縣","福興鄉","N_INDI_55PLUS",1,0,0,,0,0
2006,"彰化縣","福興鄉","N_INDI_55_64",1,0,0,,0,0
2006,"彰化縣","福興鄉","N_INDI_65PLUS",1,0,0,,0,0
2006,"彰化縣","福興鄉","N_INDI_7_15",1,0,0,,0,0
2006,"彰化縣","福興鄉","N_INDI_UNDER6",1,0,0,,0,0
2006,"彰化縣","花壇鄉","N_FAMILY",30,4.33333333333333,4,2.03983321382653,2,11
2006,"彰化縣","花壇鄉","N_INDI",30,4.1,4,2.13912647334502,1,11
2006,"彰化縣","花壇鄉","N_INDI_16_54",30,2.56666666666667,2,1.59056123977396,0,6
2006,"彰化縣","花壇鄉","N_INDI_55PLUS",30,0.366666666666667,0,0.614947899858378,0,2
2006,"彰化縣","花壇鄉","N_INDI_55_64",30,0.233333333333333,0,0.430183067152076,0,1
2006,"彰化縣","花壇鄉","N_INDI_65PLUS",30,0.133333333333333,0,0.34574590364176,0,1
2006,"彰化縣","花壇鄉","N_INDI_7_15",30,0.833333333333333,1,1.05318346089314,0,4
2006,"彰化縣","花壇鄉","N_INDI_UNDER6",30,0.333333333333333,0,0.71115900221876,0,3
2006,"彰化縣","鹿港鎮","N_FAMILY",1,6,6,,6,6
2006,"彰化縣","鹿港鎮","N_INDI",1,6,6,,6,6
2006,"彰化縣","鹿港鎮","N_INDI_16_54",1,3,3,,3,3
2006,"彰化縣","鹿港鎮","N_INDI_55PLUS",1,2,2,,2,2
2006,"彰化縣","鹿港鎮","N_INDI_55_64",1,2,2,,2,2
2006,"彰化縣","鹿港鎮","N_INDI_65PLUS",1,0,0,,0,0
2006,"彰化縣","鹿港鎮","N_INDI_7_15",1,1,1,,1,1
2006,"彰化縣","鹿港鎮","N_INDI_UNDER6",1,0,0,,0,0
2006,"新竹市","北區","N_FAMILY",7,4.14285714285714,4,1.95180014589707,2,7
2006,"新竹市","北區","N_INDI",7,2.42857142857143,2,1.2724180205607,1,4
2006,"新竹市","北區","N_INDI_16_54",7,1.42857142857143,2,0.786795792469443,0,2
2006,"新竹市","北區","N_INDI_55PLUS",7,0.142857142857143,0,0.377964473009227,0,1
2006,"新竹市","北區","N_INDI_55_64",7,0,0,0,0,0
2006,"新竹市","北區","N_INDI_65PLUS",7,0.142857142857143,0,0.377964473009227,0,1
2006,"新竹市","北區","N_INDI_7_15",7,0.714285714285714,1,0.755928946018454,0,2
2006,"新竹市","北區","N_INDI_UNDER6",7,0.142857142857143,0,0.377964473009227,0,1
2006,"新竹市","未知地區","N_FAMILY",1,1,1,,1,1
2006,"新竹市","未知地區","N_INDI",1,1,1,,1,1
2006,"新竹市","未知地區","N_INDI_16_54",1,0,0,,0,0
2006,"新竹市","未知地區","N_INDI_55PLUS",1,1,1,,1,1
2006,"新竹市","未知地區","N_INDI_55_64",1,0,0,,0,0
2006,"新竹市","未知地區","N_INDI_65PLUS",1,1,1,,1,1
2006,"新竹市","未知地區","N_INDI_7_15",1,0,0,,0,0
2006,"新竹市","未知地區","N_INDI_UNDER6",1,0,0,,0,0
2006,"新竹市","東區","N_FAMILY",5,5.6,5,1.81659021245849,4,8
2006,"新竹市","東區","N_INDI",5,4.2,4,1.78885438199983,2,7
2006,"新竹市","東區","N_INDI_16_54",5,2.6,2,1.94935886896179,1,6
2006,"新竹市","東區","N_INDI_55PLUS",5,0.4,0,0.547722557505166,0,1
2006,"新竹市","東區","N_INDI_55_64",5,0,0,0,0,0
2006,"新竹市","東區","N_INDI_65PLUS",5,0.4,0,0.547722557505166,0,1
2006,"新竹市","東區","N_INDI_7_15",5,1.2,1,1.30384048104053,0,3
2006,"新竹市","東區","N_INDI_UNDER6",5,0,0,0,0,0
2006,"新竹市","香山區","N_FAMILY",1,2,2,,2,2
2006,"新竹市","香山區","N_INDI",1,1,1,,1,1
2006,"新竹市","香山區","N_INDI_16_54",1,1,1,,1,1
2006,"新竹市","香山區","N_INDI_55PLUS",1,0,0,,0,0
2006,"新竹市","香山區","N_INDI_55_64",1,0,0,,0,0
2006,"新竹市","香山區","N_INDI_65PLUS",1,0,0,,0,0
2006,"新竹市","香山區","N_INDI_7_15",1,0,0,,0,0
2006,"新竹市","香山區","N_INDI_UNDER6",1,0,0,,0,0
2006,"新竹縣","五峰鄉","N_FAMILY",34,4.05882352941176,3.5,2.63934308253178,1,11
2006,"新竹縣","五峰鄉","N_INDI",34,3.85294117647059,3.5,2.64153712070667,1,11
2006,"新竹縣","五峰鄉","N_INDI_16_54",34,1.70588235294118,1,1.69722432517984,0,7
2006,"新竹縣","五峰鄉","N_INDI_55PLUS",34,1.08823529411765,1,1.05507854249709,0,4
2006,"新竹縣","五峰鄉","N_INDI_55_64",34,0.382352941176471,0,0.652022767884352,0,2
2006,"新竹縣","五峰鄉","N_INDI_65PLUS",34,0.705882352941177,0.5,0.835914007637145,0,3
2006,"新竹縣","五峰鄉","N_INDI_7_15",34,0.676470588235294,0,1.22401693975439,0,4
2006,"新竹縣","五峰鄉","N_INDI_UNDER6",34,0.382352941176471,0,0.817042185118868,0,3
2006,"新竹縣","尖石鄉","N_FAMILY",54,4.81481481481481,5,2.89484951917095,1,13
2006,"新竹縣","尖石鄉","N_INDI",54,4.66666666666667,5,2.94605588592933,1,13
2006,"新竹縣","尖石鄉","N_INDI_16_54",54,2.24074074074074,2,1.43980063065854,0,5
2006,"新竹縣","尖石鄉","N_INDI_55PLUS",54,0.777777777777778,1,0.793051585718144,0,3
2006,"新竹縣","尖石鄉","N_INDI_55_64",54,0.388888888888889,0,0.596108976571973,0,2
2006,"新竹縣","尖石鄉","N_INDI_65PLUS",54,0.388888888888889,0,0.626962328219399,0,2
2006,"新竹縣","尖石鄉","N_INDI_7_15",54,0.833333333333333,0,1.16148895981563,0,4
2006,"新竹縣","尖石鄉","N_INDI_UNDER6",54,0.814814814814815,0,1.18280246160236,0,5
2006,"新竹縣","新埔鎮","N_FAMILY",1,6,6,,6,6
2006,"新竹縣","新埔鎮","N_INDI",1,6,6,,6,6
2006,"新竹縣","新埔鎮","N_INDI_16_54",1,2,2,,2,2
2006,"新竹縣","新埔鎮","N_INDI_55PLUS",1,2,2,,2,2
2006,"新竹縣","新埔鎮","N_INDI_55_64",1,0,0,,0,0
2006,"新竹縣","新埔鎮","N_INDI_65PLUS",1,2,2,,2,2
2006,"新竹縣","新埔鎮","N_INDI_7_15",1,2,2,,2,2
2006,"新竹縣","新埔鎮","N_INDI_UNDER6",1,0,0,,0,0
2006,"新竹縣","新豐鄉","N_FAMILY",3,4.33333333333333,5,1.15470053837925,3,5
2006,"新竹縣","新豐鄉","N_INDI",3,2,2,1,1,3
2006,"新竹縣","新豐鄉","N_INDI_16_54",3,2,2,1,1,3
2006,"新竹縣","新豐鄉","N_INDI_55PLUS",3,0,0,0,0,0
2006,"新竹縣","新豐鄉","N_INDI_55_64",3,0,0,0,0,0
2006,"新竹縣","新豐鄉","N_INDI_65PLUS",3,0,0,0,0,0
2006,"新竹縣","新豐鄉","N_INDI_7_15",3,0,0,0,0,0
2006,"新竹縣","新豐鄉","N_INDI_UNDER6",3,0,0,0,0,0
2006,"新竹縣","橫山鄉","N_FAMILY",1,6,6,,6,6
2006,"新竹縣","橫山鄉","N_INDI",1,3,3,,3,3
2006,"新竹縣","橫山鄉","N_INDI_16_54",1,2,2,,2,2
2006,"新竹縣","橫山鄉","N_INDI_55PLUS",1,0,0,,0,0
2006,"新竹縣","橫山鄉","N_INDI_55_64",1,0,0,,0,0
2006,"新竹縣","橫山鄉","N_INDI_65PLUS",1,0,0,,0,0
2006,"新竹縣","橫山鄉","N_INDI_7_15",1,0,0,,0,0
2006,"新竹縣","橫山鄉","N_INDI_UNDER6",1,1,1,,1,1
2006,"新竹縣","湖口鄉","N_FAMILY",31,3.54838709677419,4,1.56713559671607,1,7
2006,"新竹縣","湖口鄉","N_INDI",31,3.35483870967742,3,1.68420875778062,1,7
2006,"新竹縣","湖口鄉","N_INDI_16_54",31,2.29032258064516,2,1.2959822114802,0,5
2006,"新竹縣","湖口鄉","N_INDI_55PLUS",31,0.419354838709677,0,0.672021505032247,0,2
2006,"新竹縣","湖口鄉","N_INDI_55_64",31,0.354838709677419,0,0.608187860054999,0,2
2006,"新竹縣","湖口鄉","N_INDI_65PLUS",31,0.0645161290322581,0,0.249731038114707,0,1
2006,"新竹縣","湖口鄉","N_INDI_7_15",31,0.387096774193548,0,0.667204084461854,0,2
2006,"新竹縣","湖口鄉","N_INDI_UNDER6",31,0.258064516129032,0,0.575484835333586,0,2
2006,"新竹縣","竹北市","N_FAMILY",1,8,8,,8,8
2006,"新竹縣","竹北市","N_INDI",1,8,8,,8,8
2006,"新竹縣","竹北市","N_INDI_16_54",1,4,4,,4,4
2006,"新竹縣","竹北市","N_INDI_55PLUS",1,2,2,,2,2
2006,"新竹縣","竹北市","N_INDI_55_64",1,1,1,,1,1
2006,"新竹縣","竹北市","N_INDI_65PLUS",1,1,1,,1,1
2006,"新竹縣","竹北市","N_INDI_7_15",1,2,2,,2,2
2006,"新竹縣","竹北市","N_INDI_UNDER6",1,0,0,,0,0
2006,"新竹縣","竹東鎮","N_FAMILY",31,4.38709677419355,4,1.80143312124613,1,10
2006,"新竹縣","竹東鎮","N_INDI",31,4,4,2.0976176963403,1,10
2006,"新竹縣","竹東鎮","N_INDI_16_54",31,2.29032258064516,2,1.59569312812326,0,8
2006,"新竹縣","竹東鎮","N_INDI_55PLUS",31,0.451612903225806,0,0.675214024213526,0,2
2006,"新竹縣","竹東鎮","N_INDI_55_64",31,0.258064516129032,0,0.514311315287014,0,2
2006,"新竹縣","竹東鎮","N_INDI_65PLUS",31,0.193548387096774,0,0.477448415273642,0,2
2006,"新竹縣","竹東鎮","N_INDI_7_15",31,0.870967741935484,1,0.957146296162747,0,3
2006,"新竹縣","竹東鎮","N_INDI_UNDER6",31,0.387096774193548,0,0.803219328902499,0,3
2006,"新竹縣","芎林鄉","N_FAMILY",2,5,5,2.82842712474619,3,7
2006,"新竹縣","芎林鄉","N_INDI",2,5,5,2.82842712474619,3,7
2006,"新竹縣","芎林鄉","N_INDI_16_54",2,3.5,3.5,2.12132034355964,2,5
2006,"新竹縣","芎林鄉","N_INDI_55PLUS",2,0,0,0,0,0
2006,"新竹縣","芎林鄉","N_INDI_55_64",2,0,0,0,0,0
2006,"新竹縣","芎林鄉","N_INDI_65PLUS",2,0,0,0,0,0
2006,"新竹縣","芎林鄉","N_INDI_7_15",2,0,0,0,0,0
2006,"新竹縣","芎林鄉","N_INDI_UNDER6",2,1.5,1.5,0.707106781186548,1,2
2006,"新竹縣","關西鎮","N_FAMILY",2,5,5,1.4142135623731,4,6
2006,"新竹縣","關西鎮","N_INDI",2,5,5,1.4142135623731,4,6
2006,"新竹縣","關西鎮","N_INDI_16_54",2,3,3,0,3,3
2006,"新竹縣","關西鎮","N_INDI_55PLUS",2,0.5,0.5,0.707106781186548,0,1
2006,"新竹縣","關西鎮","N_INDI_55_64",2,0,0,0,0,0
2006,"新竹縣","關西鎮","N_INDI_65PLUS",2,0.5,0.5,0.707106781186548,0,1
2006,"新竹縣","關西鎮","N_INDI_7_15",2,1.5,1.5,0.707106781186548,1,2
2006,"新竹縣","關西鎮","N_INDI_UNDER6",2,0,0,0,0,0
2006,"桃園縣","中壢市","N_FAMILY",16,3.75,4,1.23827837473378,1,5
2006,"桃園縣","中壢市","N_INDI",16,2.5,2,1.50554530541816,1,5
2006,"桃園縣","中壢市","N_INDI_16_54",16,1.625,1,1.02469507659596,0,4
2006,"桃園縣","中壢市","N_INDI_55PLUS",16,0.25,0,0.447213595499958,0,1
2006,"桃園縣","中壢市","N_INDI_55_64",16,0.1875,0,0.403112887414928,0,1
2006,"桃園縣","中壢市","N_INDI_65PLUS",16,0.0625,0,0.25,0,1
2006,"桃園縣","中壢市","N_INDI_7_15",16,0.5,0,0.816496580927726,0,2
2006,"桃園縣","中壢市","N_INDI_UNDER6",16,0.125,0,0.341565025531987,0,1
2006,"桃園縣","八德市","N_FAMILY",14,5.57142857142857,5,2.2434275189912,2,11
2006,"桃園縣","八德市","N_INDI",14,5.35714285714286,5,2.0608863984346,1,9
2006,"桃園縣","八德市","N_INDI_16_54",14,3,3,1.66410058867569,0,7
2006,"桃園縣","八德市","N_INDI_55PLUS",14,0.214285714285714,0,0.42581531362632,0,1
2006,"桃園縣","八德市","N_INDI_55_64",14,0.142857142857143,0,0.363136519601281,0,1
2006,"桃園縣","八德市","N_INDI_65PLUS",14,0.0714285714285714,0,0.267261241912424,0,1
2006,"桃園縣","八德市","N_INDI_7_15",14,1.42857142857143,1,1.39858641350614,0,4
2006,"桃園縣","八德市","N_INDI_UNDER6",14,0.714285714285714,0.5,0.825420305855557,0,2
2006,"桃園縣","大園鄉","N_FAMILY",12,5.08333333333333,4.5,1.56427928995103,4,9
2006,"桃園縣","大園鄉","N_INDI",12,5.08333333333333,4.5,1.56427928995103,4,9
2006,"桃園縣","大園鄉","N_INDI_16_54",12,2.83333333333333,2,1.40345893053447,2,6
2006,"桃園縣","大園鄉","N_INDI_55PLUS",12,0.5,0,0.797724035217466,0,2
2006,"桃園縣","大園鄉","N_INDI_55_64",12,0.166666666666667,0,0.577350269189626,0,2
2006,"桃園縣","大園鄉","N_INDI_65PLUS",12,0.333333333333333,0,0.65133894727893,0,2
2006,"桃園縣","大園鄉","N_INDI_7_15",12,1.08333333333333,1,0.792961461098759,0,2
2006,"桃園縣","大園鄉","N_INDI_UNDER6",12,0.666666666666667,0,1.23091490979333,0,4
2006,"桃園縣","大溪鎮","N_FAMILY",31,5.16129032258065,5,3.43605174770451,1,21
2006,"桃園縣","大溪鎮","N_INDI",31,4.48387096774194,5,2.82690605600228,1,16
2006,"桃園縣","大溪鎮","N_INDI_16_54",31,2.61290322580645,2,1.62639518270394,0,8
2006,"桃園縣","大溪鎮","N_INDI_55PLUS",31,0.354838709677419,0,0.660726221505509,0,2
2006,"桃園縣","大溪鎮","N_INDI_55_64",31,0.193548387096774,0,0.477448415273642,0,2
2006,"桃園縣","大溪鎮","N_INDI_65PLUS",31,0.161290322580645,0,0.454369467397652,0,2
2006,"桃園縣","大溪鎮","N_INDI_7_15",31,1.06451612903226,1,1.20928308985028,0,4
2006,"桃園縣","大溪鎮","N_INDI_UNDER6",31,0.451612903225806,0,0.9605106168915,0,3
2006,"桃園縣","平鎮市","N_FAMILY",7,6.28571428571429,5,4.15187851918806,3,15
2006,"桃園縣","平鎮市","N_INDI",7,4.57142857142857,3,4.31497944595888,1,14
2006,"桃園縣","平鎮市","N_INDI_16_54",7,3,3,1.73205080756888,1,6
2006,"桃園縣","平鎮市","N_INDI_55PLUS",7,0.142857142857143,0,0.377964473009227,0,1
2006,"桃園縣","平鎮市","N_INDI_55_64",7,0.142857142857143,0,0.377964473009227,0,1
2006,"桃園縣","平鎮市","N_INDI_65PLUS",7,0,0,0,0,0
2006,"桃園縣","平鎮市","N_INDI_7_15",7,0.428571428571429,0,0.786795792469443,0,2
2006,"桃園縣","平鎮市","N_INDI_UNDER6",7,1,0,1.91485421551268,0,5
2006,"桃園縣","復興鄉","N_FAMILY",157,4.68152866242038,4,2.85782375638713,1,22
2006,"桃園縣","復興鄉","N_INDI",157,4.55414012738853,4,2.77441355424566,1,19
2006,"桃園縣","復興鄉","N_INDI_16_54",157,2.38216560509554,2,1.60741483742643,0,10
2006,"桃園縣","復興鄉","N_INDI_55PLUS",157,0.707006369426752,0,0.818544255784083,0,3
2006,"桃園縣","復興鄉","N_INDI_55_64",157,0.369426751592357,0,0.62312924333171,0,2
2006,"桃園縣","復興鄉","N_INDI_65PLUS",157,0.337579617834395,0,0.583470388229667,0,2
2006,"桃園縣","復興鄉","N_INDI_7_15",157,0.847133757961783,0,1.31151510101838,0,9
2006,"桃園縣","復興鄉","N_INDI_UNDER6",157,0.617834394904459,0,1.07139396287323,0,6
2006,"桃園縣","新屋鄉","N_FAMILY",5,4.6,5,1.14017542509914,3,6
2006,"桃園縣","新屋鄉","N_INDI",5,4.6,5,1.14017542509914,3,6
2006,"桃園縣","新屋鄉","N_INDI_16_54",5,2.2,2,0.447213595499958,2,3
2006,"桃園縣","新屋鄉","N_INDI_55PLUS",5,0.6,0,0.894427190999916,0,2
2006,"桃園縣","新屋鄉","N_INDI_55_64",5,0.4,0,0.894427190999916,0,2
2006,"桃園縣","新屋鄉","N_INDI_65PLUS",5,0.2,0,0.447213595499958,0,1
2006,"桃園縣","新屋鄉","N_INDI_7_15",5,1.8,2,1.30384048104053,0,3
2006,"桃園縣","新屋鄉","N_INDI_UNDER6",5,0,0,0,0,0
2006,"桃園縣","未知地區","N_FAMILY",1,7,7,,7,7
2006,"桃園縣","未知地區","N_INDI",1,7,7,,7,7
2006,"桃園縣","未知地區","N_INDI_16_54",1,2,2,,2,2
2006,"桃園縣","未知地區","N_INDI_55PLUS",1,2,2,,2,2
2006,"桃園縣","未知地區","N_INDI_55_64",1,0,0,,0,0
2006,"桃園縣","未知地區","N_INDI_65PLUS",1,2,2,,2,2
2006,"桃園縣","未知地區","N_INDI_7_15",1,2,2,,2,2
2006,"桃園縣","未知地區","N_INDI_UNDER6",1,1,1,,1,1
2006,"桃園縣","桃園市","N_FAMILY",16,3.875,4,1.78418982547635,1,8
2006,"桃園縣","桃園市","N_INDI",16,2.8125,3,1.6820126832657,1,5
2006,"桃園縣","桃園市","N_INDI_16_54",16,1.5,1,0.816496580927726,0,3
2006,"桃園縣","桃園市","N_INDI_55PLUS",16,0.5,0,0.730296743340221,0,2
2006,"桃園縣","桃園市","N_INDI_55_64",16,0.25,0,0.683130051063973,0,2
2006,"桃園縣","桃園市","N_INDI_65PLUS",16,0.25,0,0.447213595499958,0,1
2006,"桃園縣","桃園市","N_INDI_7_15",16,0.6875,0,0.946484724300046,0,2
2006,"桃園縣","桃園市","N_INDI_UNDER6",16,0.125,0,0.341565025531987,0,1
2006,"桃園縣","楊梅鎮","N_FAMILY",13,4.38461538461539,4,1.26085034391223,2,7
2006,"桃園縣","楊梅鎮","N_INDI",13,4.07692307692308,4,1.4978617237882,2,7
2006,"桃園縣","楊梅鎮","N_INDI_16_54",13,2.61538461538462,3,1.38675049056307,0,5
2006,"桃園縣","楊梅鎮","N_INDI_55PLUS",13,0.461538461538462,0,0.877058019307029,0,2
2006,"桃園縣","楊梅鎮","N_INDI_55_64",13,0.153846153846154,0,0.554700196225229,0,2
2006,"桃園縣","楊梅鎮","N_INDI_65PLUS",13,0.307692307692308,0,0.751067616198811,0,2
2006,"桃園縣","楊梅鎮","N_INDI_7_15",13,1,1,1.15470053837925,0,4
2006,"桃園縣","楊梅鎮","N_INDI_UNDER6",13,0,0,0,0,0
2006,"桃園縣","蘆竹鄉","N_FAMILY",11,3.72727272727273,3,1.1908743922773,2,6
2006,"桃園縣","蘆竹鄉","N_INDI",11,3.18181818181818,3,1.4709304414677,1,6
2006,"桃園縣","蘆竹鄉","N_INDI_16_54",11,2.09090909090909,1,1.37510330190466,1,4
2006,"桃園縣","蘆竹鄉","N_INDI_55PLUS",11,0.0909090909090909,0,0.301511344577764,0,1
2006,"桃園縣","蘆竹鄉","N_INDI_55_64",11,0.0909090909090909,0,0.301511344577764,0,1
2006,"桃園縣","蘆竹鄉","N_INDI_65PLUS",11,0,0,0,0,0
2006,"桃園縣","蘆竹鄉","N_INDI_7_15",11,0.818181818181818,1,0.750757193529548,0,2
2006,"桃園縣","蘆竹鄉","N_INDI_UNDER6",11,0.181818181818182,0,0.404519917477945,0,1
2006,"桃園縣","觀音鄉","N_FAMILY",6,3.16666666666667,2.5,2.13697605664328,1,7
2006,"桃園縣","觀音鄉","N_INDI",6,3,2.5,2.28035085019828,1,7
2006,"桃園縣","觀音鄉","N_INDI_16_54",6,1.5,1,0.836660026534076,1,3
2006,"桃園縣","觀音鄉","N_INDI_55PLUS",6,0.333333333333333,0,0.816496580927726,0,2
2006,"桃園縣","觀音鄉","N_INDI_55_64",6,0.166666666666667,0,0.408248290463863,0,1
2006,"桃園縣","觀音鄉","N_INDI_65PLUS",6,0.166666666666667,0,0.408248290463863,0,1
2006,"桃園縣","觀音鄉","N_INDI_7_15",6,1,0,1.54919333848297,0,3
2006,"桃園縣","觀音鄉","N_INDI_UNDER6",6,0.166666666666667,0,0.408248290463863,0,1
2006,"桃園縣","龍潭鄉","N_FAMILY",9,2.44444444444444,2,1.66666666666667,1,5
2006,"桃園縣","龍潭鄉","N_INDI",9,2,1,1.58113883008419,1,5
2006,"桃園縣","龍潭鄉","N_INDI_16_54",9,1.55555555555556,1,0.881917103688197,1,3
2006,"桃園縣","龍潭鄉","N_INDI_55PLUS",9,0.222222222222222,0,0.666666666666667,0,2
2006,"桃園縣","龍潭鄉","N_INDI_55_64",9,0.111111111111111,0,0.333333333333333,0,1
2006,"桃園縣","龍潭鄉","N_INDI_65PLUS",9,0.111111111111111,0,0.333333333333333,0,1
2006,"桃園縣","龍潭鄉","N_INDI_7_15",9,0.111111111111111,0,0.333333333333333,0,1
2006,"桃園縣","龍潭鄉","N_INDI_UNDER6",9,0.111111111111111,0,0.333333333333333,0,1
2006,"桃園縣","龜山鄉","N_FAMILY",14,4.14285714285714,4.5,1.16732059119908,1,5
2006,"桃園縣","龜山鄉","N_INDI",14,3.78571428571429,4,1.25137287246211,1,5
2006,"桃園縣","龜山鄉","N_INDI_16_54",14,2.35714285714286,2,1.21573927222163,1,5
2006,"桃園縣","龜山鄉","N_INDI_55PLUS",14,0.142857142857143,0,0.363136519601281,0,1
2006,"桃園縣","龜山鄉","N_INDI_55_64",14,0.0714285714285714,0,0.267261241912424,0,1
2006,"桃園縣","龜山鄉","N_INDI_65PLUS",14,0.0714285714285714,0,0.267261241912424,0,1
2006,"桃園縣","龜山鄉","N_INDI_7_15",14,1.07142857142857,1,1.07161170596054,0,3
2006,"桃園縣","龜山鄉","N_INDI_UNDER6",14,0.214285714285714,0,0.42581531362632,0,1
2006,"澎湖縣","望安鄉","N_FAMILY",1,8,8,,8,8
2006,"澎湖縣","望安鄉","N_INDI",1,8,8,,8,8
2006,"澎湖縣","望安鄉","N_INDI_16_54",1,3,3,,3,3
2006,"澎湖縣","望安鄉","N_INDI_55PLUS",1,1,1,,1,1
2006,"澎湖縣","望安鄉","N_INDI_55_64",1,1,1,,1,1
2006,"澎湖縣","望安鄉","N_INDI_65PLUS",1,0,0,,0,0
2006,"澎湖縣","望安鄉","N_INDI_7_15",1,1,1,,1,1
2006,"澎湖縣","望安鄉","N_INDI_UNDER6",1,3,3,,3,3
2006,"澎湖縣","白沙鄉","N_FAMILY",1,5,5,,5,5
2006,"澎湖縣","白沙鄉","N_INDI",1,3,3,,3,3
2006,"澎湖縣","白沙鄉","N_INDI_16_54",1,3,3,,3,3
2006,"澎湖縣","白沙鄉","N_INDI_55PLUS",1,0,0,,0,0
2006,"澎湖縣","白沙鄉","N_INDI_55_64",1,0,0,,0,0
2006,"澎湖縣","白沙鄉","N_INDI_65PLUS",1,0,0,,0,0
2006,"澎湖縣","白沙鄉","N_INDI_7_15",1,0,0,,0,0
2006,"澎湖縣","白沙鄉","N_INDI_UNDER6",1,0,0,,0,0
2006,"澎湖縣","馬公市","N_FAMILY",1,4,4,,4,4
2006,"澎湖縣","馬公市","N_INDI",1,1,1,,1,1
2006,"澎湖縣","馬公市","N_INDI_16_54",1,1,1,,1,1
2006,"澎湖縣","馬公市","N_INDI_55PLUS",1,0,0,,0,0
2006,"澎湖縣","馬公市","N_INDI_55_64",1,0,0,,0,0
2006,"澎湖縣","馬公市","N_INDI_65PLUS",1,0,0,,0,0
2006,"澎湖縣","馬公市","N_INDI_7_15",1,0,0,,0,0
2006,"澎湖縣","馬公市","N_INDI_UNDER6",1,0,0,,0,0
2006,"臺中市","中區","N_FAMILY",1,5,5,,5,5
2006,"臺中市","中區","N_INDI",1,5,5,,5,5
2006,"臺中市","中區","N_INDI_16_54",1,5,5,,5,5
2006,"臺中市","中區","N_INDI_55PLUS",1,0,0,,0,0
2006,"臺中市","中區","N_INDI_55_64",1,0,0,,0,0
2006,"臺中市","中區","N_INDI_65PLUS",1,0,0,,0,0
2006,"臺中市","中區","N_INDI_7_15",1,0,0,,0,0
2006,"臺中市","中區","N_INDI_UNDER6",1,0,0,,0,0
2006,"臺中市","北區","N_FAMILY",14,4.28571428571429,4,1.58980266935004,2,7
2006,"臺中市","北區","N_INDI",14,3.57142857142857,3.5,1.65084061171111,1,7
2006,"臺中市","北區","N_INDI_16_54",14,1.78571428571429,2,0.892582375303981,0,4
2006,"臺中市","北區","N_INDI_55PLUS",14,0.357142857142857,0,0.633323693776651,0,2
2006,"臺中市","北區","N_INDI_55_64",14,0.142857142857143,0,0.534522483824849,0,2
2006,"臺中市","北區","N_INDI_65PLUS",14,0.214285714285714,0,0.42581531362632,0,1
2006,"臺中市","北區","N_INDI_7_15",14,0.714285714285714,0,1.20438758319299,0,4
2006,"臺中市","北區","N_INDI_UNDER6",14,0.714285714285714,0,0.994490316197694,0,3
2006,"臺中市","北屯區","N_FAMILY",23,4.34782608695652,4,1.46500684615757,1,8
2006,"臺中市","北屯區","N_INDI",23,4.26086956521739,4,1.45281517639337,1,7
2006,"臺中市","北屯區","N_INDI_16_54",23,2.95652173913043,3,1.33069567826092,0,5
2006,"臺中市","北屯區","N_INDI_55PLUS",23,0.0869565217391304,0,0.41702882811415,0,2
2006,"臺中市","北屯區","N_INDI_55_64",23,0.0869565217391304,0,0.41702882811415,0,2
2006,"臺中市","北屯區","N_INDI_65PLUS",23,0,0,0,0,0
2006,"臺中市","北屯區","N_INDI_7_15",23,0.739130434782609,0,0.91539317456032,0,2
2006,"臺中市","北屯區","N_INDI_UNDER6",23,0.478260869565217,0,1.08164711172743,0,3
2006,"臺中市","南區","N_FAMILY",8,4.25,4,0.707106781186548,3,5
2006,"臺中市","南區","N_INDI",8,4,4,0.925820099772551,3,5
2006,"臺中市","南區","N_INDI_16_54",8,2.375,2,0.916125381312904,1,4
2006,"臺中市","南區","N_INDI_55PLUS",8,0.125,0,0.353553390593274,0,1
2006,"臺中市","南區","N_INDI_55_64",8,0.125,0,0.353553390593274,0,1
2006,"臺中市","南區","N_INDI_65PLUS",8,0,0,0,0,0
2006,"臺中市","南區","N_INDI_7_15",8,1.25,1.5,0.886405260427918,0,2
2006,"臺中市","南區","N_INDI_UNDER6",8,0.25,0,0.462910049886276,0,1
2006,"臺中市","南屯區","N_FAMILY",2,3.5,3.5,0.707106781186548,3,4
2006,"臺中市","南屯區","N_INDI",2,2,2,1.4142135623731,1,3
2006,"臺中市","南屯區","N_INDI_16_54",2,2,2,1.4142135623731,1,3
2006,"臺中市","南屯區","N_INDI_55PLUS",2,0,0,0,0,0
2006,"臺中市","南屯區","N_INDI_55_64",2,0,0,0,0,0
2006,"臺中市","南屯區","N_INDI_65PLUS",2,0,0,0,0,0
2006,"臺中市","南屯區","N_INDI_7_15",2,0,0,0,0,0
2006,"臺中市","南屯區","N_INDI_UNDER6",2,0,0,0,0,0
2006,"臺中市","東區","N_FAMILY",5,3.6,4,2.07364413533277,1,6
2006,"臺中市","東區","N_INDI",5,2.2,1,2.16794833886788,1,6
2006,"臺中市","東區","N_INDI_16_54",5,1.4,1,0.894427190999916,1,3
2006,"臺中市","東區","N_INDI_55PLUS",5,0,0,0,0,0
2006,"臺中市","東區","N_INDI_55_64",5,0,0,0,0,0
2006,"臺中市","東區","N_INDI_65PLUS",5,0,0,0,0,0
2006,"臺中市","東區","N_INDI_7_15",5,0.8,0,1.30384048104053,0,3
2006,"臺中市","東區","N_INDI_UNDER6",5,0,0,0,0,0
2006,"臺中市","西區","N_FAMILY",2,4.5,4.5,4.94974746830583,1,8
2006,"臺中市","西區","N_INDI",2,4.5,4.5,4.94974746830583,1,8
2006,"臺中市","西區","N_INDI_16_54",2,2.5,2.5,2.12132034355964,1,4
2006,"臺中市","西區","N_INDI_55PLUS",2,2,2,2.82842712474619,0,4
2006,"臺中市","西區","N_INDI_55_64",2,1,1,1.4142135623731,0,2
2006,"臺中市","西區","N_INDI_65PLUS",2,1,1,1.4142135623731,0,2
2006,"臺中市","西區","N_INDI_7_15",2,0,0,0,0,0
2006,"臺中市","西區","N_INDI_UNDER6",2,0,0,0,0,0
2006,"臺中市","西屯區","N_FAMILY",3,5.66666666666667,4,2.88675134594813,4,9
2006,"臺中市","西屯區","N_INDI",3,4.66666666666667,4,4.04145188432738,1,9
2006,"臺中市","西屯區","N_INDI_16_54",3,3.33333333333333,2,3.21455025366432,1,7
2006,"臺中市","西屯區","N_INDI_55PLUS",3,0,0,0,0,0
2006,"臺中市","西屯區","N_INDI_55_64",3,0,0,0,0,0
2006,"臺中市","西屯區","N_INDI_65PLUS",3,0,0,0,0,0
2006,"臺中市","西屯區","N_INDI_7_15",3,0.333333333333333,0,0.577350269189626,0,1
2006,"臺中市","西屯區","N_INDI_UNDER6",3,1,1,1,0,2
2006,"臺中縣","和平鄉","N_FAMILY",41,4.4390243902439,4,2.07423215296414,1,11
2006,"臺中縣","和平鄉","N_INDI",41,4.39024390243902,4,2.04790196030581,1,11
2006,"臺中縣","和平鄉","N_INDI_16_54",41,2.41463414634146,2,1.34118622413328,0,6
2006,"臺中縣","和平鄉","N_INDI_55PLUS",41,0.853658536585366,1,0.853257745635986,0,3
2006,"臺中縣","和平鄉","N_INDI_55_64",41,0.292682926829268,0,0.512049921346757,0,2
2006,"臺中縣","和平鄉","N_INDI_65PLUS",41,0.560975609756098,0,0.672635878012944,0,2
2006,"臺中縣","和平鄉","N_INDI_7_15",41,0.804878048780488,0,1.07748578169556,0,3
2006,"臺中縣","和平鄉","N_INDI_UNDER6",41,0.317073170731707,0,0.649577723996286,0,2
2006,"臺中縣","外埔鄉","N_FAMILY",1,7,7,,7,7
2006,"臺中縣","外埔鄉","N_INDI",1,6,6,,6,6
2006,"臺中縣","外埔鄉","N_INDI_16_54",1,4,4,,4,4
2006,"臺中縣","外埔鄉","N_INDI_55PLUS",1,1,1,,1,1
2006,"臺中縣","外埔鄉","N_INDI_55_64",1,1,1,,1,1
2006,"臺中縣","外埔鄉","N_INDI_65PLUS",1,0,0,,0,0
2006,"臺中縣","外埔鄉","N_INDI_7_15",1,1,1,,1,1
2006,"臺中縣","外埔鄉","N_INDI_UNDER6",1,0,0,,0,0
2006,"臺中縣","大肚鄉","N_FAMILY",4,6,5.5,1.4142135623731,5,8
2006,"臺中縣","大肚鄉","N_INDI",4,6,5.5,1.4142135623731,5,8
2006,"臺中縣","大肚鄉","N_INDI_16_54",4,4,4,0.816496580927726,3,5
2006,"臺中縣","大肚鄉","N_INDI_55PLUS",4,0,0,0,0,0
2006,"臺中縣","大肚鄉","N_INDI_55_64",4,0,0,0,0,0
2006,"臺中縣","大肚鄉","N_INDI_65PLUS",4,0,0,0,0,0
2006,"臺中縣","大肚鄉","N_INDI_7_15",4,1.5,2,1,0,2
2006,"臺中縣","大肚鄉","N_INDI_UNDER6",4,0.5,0,1,0,2
2006,"臺中縣","大里市","N_FAMILY",18,4.5,4,2.8127859331777,1,11
2006,"臺中縣","大里市","N_INDI",18,4,3,3.04862553408234,1,11
2006,"臺中縣","大里市","N_INDI_16_54",18,3,2,2.67889353805546,0,9
2006,"臺中縣","大里市","N_INDI_55PLUS",18,0.0555555555555556,0,0.235702260395516,0,1
2006,"臺中縣","大里市","N_INDI_55_64",18,0.0555555555555556,0,0.235702260395516,0,1
2006,"臺中縣","大里市","N_INDI_65PLUS",18,0,0,0,0,0
2006,"臺中縣","大里市","N_INDI_7_15",18,0.777777777777778,0.5,0.878203752021909,0,2
2006,"臺中縣","大里市","N_INDI_UNDER6",18,0.166666666666667,0,0.514495755427527,0,2
2006,"臺中縣","大雅鄉","N_FAMILY",106,4.05660377358491,4,2.01815657837611,1,12
2006,"臺中縣","大雅鄉","N_INDI",106,3.71698113207547,4,2.00833841286597,1,12
2006,"臺中縣","大雅鄉","N_INDI_16_54",106,2.34905660377358,2,1.36655599665861,0,6
2006,"臺中縣","大雅鄉","N_INDI_55PLUS",106,0.188679245283019,0,0.499775331374862,0,2
2006,"臺中縣","大雅鄉","N_INDI_55_64",106,0.10377358490566,0,0.336062502208794,0,2
2006,"臺中縣","大雅鄉","N_INDI_65PLUS",106,0.0849056603773585,0,0.341367684143035,0,2
2006,"臺中縣","大雅鄉","N_INDI_7_15",106,0.688679245283019,0,0.939738641955404,0,4
2006,"臺中縣","大雅鄉","N_INDI_UNDER6",106,0.490566037735849,0,1.02581241224763,0,7
2006,"臺中縣","太平鄉","N_FAMILY",6,3.33333333333333,3,1.86189867250253,1,6
2006,"臺中縣","太平鄉","N_INDI",6,2.83333333333333,2.5,1.47196014438797,1,5
2006,"臺中縣","太平鄉","N_INDI_16_54",6,2.5,2,1.22474487139159,1,4
2006,"臺中縣","太平鄉","N_INDI_55PLUS",6,0,0,0,0,0
2006,"臺中縣","太平鄉","N_INDI_55_64",6,0,0,0,0,0
2006,"臺中縣","太平鄉","N_INDI_65PLUS",6,0,0,0,0,0
2006,"臺中縣","太平鄉","N_INDI_7_15",6,0.166666666666667,0,0.408248290463863,0,1
2006,"臺中縣","太平鄉","N_INDI_UNDER6",6,0.166666666666667,0,0.408248290463863,0,1
2006,"臺中縣","東勢鎮","N_FAMILY",2,4,4,0,4,4
2006,"臺中縣","東勢鎮","N_INDI",2,4,4,0,4,4
2006,"臺中縣","東勢鎮","N_INDI_16_54",2,3,3,0,3,3
2006,"臺中縣","東勢鎮","N_INDI_55PLUS",2,0,0,0,0,0
2006,"臺中縣","東勢鎮","N_INDI_55_64",2,0,0,0,0,0
2006,"臺中縣","東勢鎮","N_INDI_65PLUS",2,0,0,0,0,0
2006,"臺中縣","東勢鎮","N_INDI_7_15",2,0.5,0.5,0.707106781186548,0,1
2006,"臺中縣","東勢鎮","N_INDI_UNDER6",2,0.5,0.5,0.707106781186548,0,1
2006,"臺中縣","梧棲鎮","N_FAMILY",5,3.6,4,2.07364413533277,1,6
2006,"臺中縣","梧棲鎮","N_INDI",5,3.6,4,2.07364413533277,1,6
2006,"臺中縣","梧棲鎮","N_INDI_16_54",5,2.2,2,0.836660026534076,1,3
2006,"臺中縣","梧棲鎮","N_INDI_55PLUS",5,0,0,0,0,0
2006,"臺中縣","梧棲鎮","N_INDI_55_64",5,0,0,0,0,0
2006,"臺中縣","梧棲鎮","N_INDI_65PLUS",5,0,0,0,0,0
2006,"臺中縣","梧棲鎮","N_INDI_7_15",5,0.8,0,1.09544511501033,0,2
2006,"臺中縣","梧棲鎮","N_INDI_UNDER6",5,0.6,0,1.34164078649987,0,3
2006,"臺中縣","沙鹿鎮","N_FAMILY",7,5.28571428571429,5,1.79947082168487,2,8
2006,"臺中縣","沙鹿鎮","N_INDI",7,4.71428571428571,5,2.42997158517582,1,8
2006,"臺中縣","沙鹿鎮","N_INDI_16_54",7,3,2,2.3094010767585,1,6
2006,"臺中縣","沙鹿鎮","N_INDI_55PLUS",7,0.857142857142857,0,1.4638501094228,0,4
2006,"臺中縣","沙鹿鎮","N_INDI_55_64",7,0.571428571428571,0,0.786795792469443,0,2
2006,"臺中縣","沙鹿鎮","N_INDI_65PLUS",7,0.285714285714286,0,0.755928946018454,0,2
2006,"臺中縣","沙鹿鎮","N_INDI_7_15",7,0.571428571428571,0,0.786795792469443,0,2
2006,"臺中縣","沙鹿鎮","N_INDI_UNDER6",7,0.285714285714286,0,0.487950036474267,0,1
2006,"臺中縣","清水鎮","N_FAMILY",7,4.57142857142857,5,1.13389341902768,3,6
2006,"臺中縣","清水鎮","N_INDI",7,2.85714285714286,2,2.11570094204982,1,6
2006,"臺中縣","清水鎮","N_INDI_16_54",7,1.57142857142857,2,0.534522483824849,1,2
2006,"臺中縣","清水鎮","N_INDI_55PLUS",7,0.142857142857143,0,0.377964473009227,0,1
2006,"臺中縣","清水鎮","N_INDI_55_64",7,0,0,0,0,0
2006,"臺中縣","清水鎮","N_INDI_65PLUS",7,0.142857142857143,0,0.377964473009227,0,1
2006,"臺中縣","清水鎮","N_INDI_7_15",7,0.571428571428571,0,1.13389341902768,0,3
2006,"臺中縣","清水鎮","N_INDI_UNDER6",7,0.571428571428571,0,1.13389341902768,0,3
2006,"臺中縣","烏日鄉","N_FAMILY",8,6.125,5,3.13676357322093,3,11
2006,"臺中縣","烏日鄉","N_INDI",8,5.375,4.5,3.88908729652601,1,11
2006,"臺中縣","烏日鄉","N_INDI_16_54",8,3.625,3.5,1.99553072067128,1,6
2006,"臺中縣","烏日鄉","N_INDI_55PLUS",8,0.25,0,0.462910049886276,0,1
2006,"臺中縣","烏日鄉","N_INDI_55_64",8,0.25,0,0.462910049886276,0,1
2006,"臺中縣","烏日鄉","N_INDI_65PLUS",8,0,0,0,0,0
2006,"臺中縣","烏日鄉","N_INDI_7_15",8,0.625,0,0.916125381312904,0,2
2006,"臺中縣","烏日鄉","N_INDI_UNDER6",8,0.875,0,1.35620268186054,0,3
2006,"臺中縣","石岡鄉","N_FAMILY",1,3,3,,3,3
2006,"臺中縣","石岡鄉","N_INDI",1,3,3,,3,3
2006,"臺中縣","石岡鄉","N_INDI_16_54",1,2,2,,2,2
2006,"臺中縣","石岡鄉","N_INDI_55PLUS",1,0,0,,0,0
2006,"臺中縣","石岡鄉","N_INDI_55_64",1,0,0,,0,0
2006,"臺中縣","石岡鄉","N_INDI_65PLUS",1,0,0,,0,0
2006,"臺中縣","石岡鄉","N_INDI_7_15",1,0,0,,0,0
2006,"臺中縣","石岡鄉","N_INDI_UNDER6",1,1,1,,1,1
2006,"臺中縣","神岡鄉","N_FAMILY",3,5,6,1.73205080756888,3,6
2006,"臺中縣","神岡鄉","N_INDI",3,4.66666666666667,5,1.52752523165195,3,6
2006,"臺中縣","神岡鄉","N_INDI_16_54",3,3.33333333333333,3,0.577350269189626,3,4
2006,"臺中縣","神岡鄉","N_INDI_55PLUS",3,0,0,0,0,0
2006,"臺中縣","神岡鄉","N_INDI_55_64",3,0,0,0,0,0
2006,"臺中縣","神岡鄉","N_INDI_65PLUS",3,0,0,0,0,0
2006,"臺中縣","神岡鄉","N_INDI_7_15",3,0.666666666666667,0,1.15470053837925,0,2
2006,"臺中縣","神岡鄉","N_INDI_UNDER6",3,0.666666666666667,0,1.15470053837925,0,2
2006,"臺中縣","豐原市","N_FAMILY",3,4,4,0,4,4
2006,"臺中縣","豐原市","N_INDI",3,2.33333333333333,2,1.52752523165195,1,4
2006,"臺中縣","豐原市","N_INDI_16_54",3,1.66666666666667,2,0.577350269189626,1,2
2006,"臺中縣","豐原市","N_INDI_55PLUS",3,0,0,0,0,0
2006,"臺中縣","豐原市","N_INDI_55_64",3,0,0,0,0,0
2006,"臺中縣","豐原市","N_INDI_65PLUS",3,0,0,0,0,0
2006,"臺中縣","豐原市","N_INDI_7_15",3,0.333333333333333,0,0.577350269189626,0,1
2006,"臺中縣","豐原市","N_INDI_UNDER6",3,0.333333333333333,0,0.577350269189626,0,1
2006,"臺中縣","霧峰鄉","N_FAMILY",1,2,2,,2,2
2006,"臺中縣","霧峰鄉","N_INDI",1,1,1,,1,1
2006,"臺中縣","霧峰鄉","N_INDI_16_54",1,1,1,,1,1
2006,"臺中縣","霧峰鄉","N_INDI_55PLUS",1,0,0,,0,0
2006,"臺中縣","霧峰鄉","N_INDI_55_64",1,0,0,,0,0
2006,"臺中縣","霧峰鄉","N_INDI_65PLUS",1,0,0,,0,0
2006,"臺中縣","霧峰鄉","N_INDI_7_15",1,0,0,,0,0
2006,"臺中縣","霧峰鄉","N_INDI_UNDER6",1,0,0,,0,0
2006,"臺中縣","龍井鄉","N_FAMILY",6,4.33333333333333,4.5,1.96638416050035,1,7
2006,"臺中縣","龍井鄉","N_INDI",6,4,4,1.89736659610103,1,7
2006,"臺中縣","龍井鄉","N_INDI_16_54",6,2.16666666666667,2,1.47196014438797,1,5
2006,"臺中縣","龍井鄉","N_INDI_55PLUS",6,0.166666666666667,0,0.408248290463863,0,1
2006,"臺中縣","龍井鄉","N_INDI_55_64",6,0.166666666666667,0,0.408248290463863,0,1
2006,"臺中縣","龍井鄉","N_INDI_65PLUS",6,0,0,0,0,0
2006,"臺中縣","龍井鄉","N_INDI_7_15",6,0.833333333333333,0.5,0.983192080250175,0,2
2006,"臺中縣","龍井鄉","N_INDI_UNDER6",6,0.833333333333333,0.5,0.983192080250175,0,2
2006,"臺北市","中山區","N_FAMILY",24,2.79166666666667,3,1.71892703304344,1,6
2006,"臺北市","中山區","N_INDI",24,2.375,1.5,1.6100904646472,1,5
2006,"臺北市","中山區","N_INDI_16_54",24,1.83333333333333,1,1.0494995356656,1,4
2006,"臺北市","中山區","N_INDI_55PLUS",24,0,0,0,0,0
2006,"臺北市","中山區","N_INDI_55_64",24,0,0,0,0,0
2006,"臺北市","中山區","N_INDI_65PLUS",24,0,0,0,0,0
2006,"臺北市","中山區","N_INDI_7_15",24,0.541666666666667,0,0.883627241233132,0,2
2006,"臺北市","中山區","N_INDI_UNDER6",24,0,0,0,0,0
2006,"臺北市","中正區","N_FAMILY",9,4.44444444444444,5,1.42400062421959,1,6
2006,"臺北市","中正區","N_INDI",9,2.22222222222222,1,1.64147630029935,1,5
2006,"臺北市","中正區","N_INDI_16_54",9,1.33333333333333,1,1.58113883008419,0,5
2006,"臺北市","中正區","N_INDI_55PLUS",9,0.333333333333333,0,0.5,0,1
2006,"臺北市","中正區","N_INDI_55_64",9,0.111111111111111,0,0.333333333333333,0,1
2006,"臺北市","中正區","N_INDI_65PLUS",9,0.222222222222222,0,0.440958551844098,0,1
2006,"臺北市","中正區","N_INDI_7_15",9,0.333333333333333,0,0.707106781186548,0,2
2006,"臺北市","中正區","N_INDI_UNDER6",9,0.222222222222222,0,0.666666666666667,0,2
2006,"臺北市","信義區","N_FAMILY",8,2.875,3,0.991031208965115,1,4
2006,"臺北市","信義區","N_INDI",8,2.25,2.5,1.16496474502144,1,4
2006,"臺北市","信義區","N_INDI_16_54",8,2,1.5,1.19522860933439,1,4
2006,"臺北市","信義區","N_INDI_55PLUS",8,0,0,0,0,0
2006,"臺北市","信義區","N_INDI_55_64",8,0,0,0,0,0
2006,"臺北市","信義區","N_INDI_65PLUS",8,0,0,0,0,0
2006,"臺北市","信義區","N_INDI_7_15",8,0.25,0,0.707106781186548,0,2
2006,"臺北市","信義區","N_INDI_UNDER6",8,0,0,0,0,0
2006,"臺北市","內湖區","N_FAMILY",15,3.4,3,2.35432732279459,1,8
2006,"臺北市","內湖區","N_INDI",15,2.2,2,1.61245154965971,1,7
2006,"臺北市","內湖區","N_INDI_16_54",15,1.33333333333333,1,1.04653623694457,0,4
2006,"臺北市","內湖區","N_INDI_55PLUS",15,0.4,0,0.632455532033676,0,2
2006,"臺北市","內湖區","N_INDI_55_64",15,0.133333333333333,0,0.351865775274498,0,1
2006,"臺北市","內湖區","N_INDI_65PLUS",15,0.266666666666667,0,0.457737708217063,0,1
2006,"臺北市","內湖區","N_INDI_7_15",15,0.333333333333333,0,0.723746864455746,0,2
2006,"臺北市","內湖區","N_INDI_UNDER6",15,0.133333333333333,0,0.516397779494322,0,2
2006,"臺北市","北投區","N_FAMILY",10,4,4,1.49071198499986,1,6
2006,"臺北市","北投區","N_INDI",10,2.9,2.5,2.07899548393502,1,6
2006,"臺北市","北投區","N_INDI_16_54",10,1.4,1,0.843274042711568,0,3
2006,"臺北市","北投區","N_INDI_55PLUS",10,0.4,0,0.699205898780101,0,2
2006,"臺北市","北投區","N_INDI_55_64",10,0.4,0,0.699205898780101,0,2
2006,"臺北市","北投區","N_INDI_65PLUS",10,0,0,0,0,0
2006,"臺北市","北投區","N_INDI_7_15",10,0.6,0,1.07496769977314,0,3
2006,"臺北市","北投區","N_INDI_UNDER6",10,0.5,0,0.97182531580755,0,3
2006,"臺北市","南港區","N_FAMILY",8,3.875,4,1.5526475085203,1,6
2006,"臺北市","南港區","N_INDI",8,2.5,2.5,1.51185789203691,1,5
2006,"臺北市","南港區","N_INDI_16_54",8,1.625,1.5,1.18773493916542,0,4
2006,"臺北市","南港區","N_INDI_55PLUS",8,0.625,0,0.916125381312904,0,2
2006,"臺北市","南港區","N_INDI_55_64",8,0.25,0,0.462910049886276,0,1
2006,"臺北市","南港區","N_INDI_65PLUS",8,0.375,0,0.744023809142845,0,2
2006,"臺北市","南港區","N_INDI_7_15",8,0.25,0,0.462910049886276,0,1
2006,"臺北市","南港區","N_INDI_UNDER6",8,0,0,0,0,0
2006,"臺北市","士林區","N_FAMILY",23,3.34782608695652,4,1.55530457853625,1,6
2006,"臺北市","士林區","N_INDI",23,2.60869565217391,2,1.5591119393827,1,5
2006,"臺北市","士林區","N_INDI_16_54",23,1.8695652173913,1,1.25424181466106,0,5
2006,"臺北市","士林區","N_INDI_55PLUS",23,0.130434782608696,0,0.344350221575091,0,1
2006,"臺北市","士林區","N_INDI_55_64",23,0.0434782608695652,0,0.208514414057075,0,1
2006,"臺北市","士林區","N_INDI_65PLUS",23,0.0869565217391304,0,0.28810406552003,0,1
2006,"臺北市","士林區","N_INDI_7_15",23,0.434782608695652,0,0.727766630709806,0,2
2006,"臺北市","士林區","N_INDI_UNDER6",23,0.173913043478261,0,0.491026190103531,0,2
2006,"臺北市","大同區","N_FAMILY",21,4.04761904761905,4,1.77415305078763,1,7
2006,"臺北市","大同區","N_INDI",21,3.47619047619048,3,1.66189793967763,1,6
2006,"臺北市","大同區","N_INDI_16_54",21,2,1,1.18321595661992,1,4
2006,"臺北市","大同區","N_INDI_55PLUS",21,0.0476190476190476,0,0.218217890235992,0,1
2006,"臺北市","大同區","N_INDI_55_64",21,0,0,0,0,0
2006,"臺北市","大同區","N_INDI_65PLUS",21,0.0476190476190476,0,0.218217890235992,0,1
2006,"臺北市","大同區","N_INDI_7_15",21,0.80952380952381,0,0.928388260322567,0,2
2006,"臺北市","大同區","N_INDI_UNDER6",21,0.619047619047619,0,0.864649667564296,0,2
2006,"臺北市","大安區","N_FAMILY",8,3.75,4,1.16496474502144,2,6
2006,"臺北市","大安區","N_INDI",8,2.625,2,1.92260983338497,1,6
2006,"臺北市","大安區","N_INDI_16_54",8,2.25,1,1.90862703084106,1,6
2006,"臺北市","大安區","N_INDI_55PLUS",8,0.125,0,0.353553390593274,0,1
2006,"臺北市","大安區","N_INDI_55_64",8,0,0,0,0,0
2006,"臺北市","大安區","N_INDI_65PLUS",8,0.125,0,0.353553390593274,0,1
2006,"臺北市","大安區","N_INDI_7_15",8,0.125,0,0.353553390593274,0,1
2006,"臺北市","大安區","N_INDI_UNDER6",8,0.125,0,0.353553390593274,0,1
2006,"臺北市","文山區","N_FAMILY",14,4.07142857142857,3.5,1.49173547429654,2,7
2006,"臺北市","文山區","N_INDI",14,3.35714285714286,3,1.69193302545856,1,7
2006,"臺北市","文山區","N_INDI_16_54",14,1.71428571428571,1.5,0.825420305855557,1,3
2006,"臺北市","文山區","N_INDI_55PLUS",14,0.5,0,0.75955452531275,0,2
2006,"臺北市","文山區","N_INDI_55_64",14,0.357142857142857,0,0.633323693776651,0,2
2006,"臺北市","文山區","N_INDI_65PLUS",14,0.142857142857143,0,0.363136519601281,0,1
2006,"臺北市","文山區","N_INDI_7_15",14,0.571428571428571,0,0.85163062725264,0,2
2006,"臺北市","文山區","N_INDI_UNDER6",14,0.571428571428571,0,1.08940955880384,0,3
2006,"臺北市","松山區","N_FAMILY",18,2.72222222222222,3,1.36362646064933,1,5
2006,"臺北市","松山區","N_INDI",18,2.22222222222222,2,1.26284252455723,1,5
2006,"臺北市","松山區","N_INDI_16_54",18,1.61111111111111,1,0.916443823180533,1,4
2006,"臺北市","松山區","N_INDI_55PLUS",18,0.111111111111111,0,0.323380833381777,0,1
2006,"臺北市","松山區","N_INDI_55_64",18,0.111111111111111,0,0.323380833381777,0,1
2006,"臺北市","松山區","N_INDI_65PLUS",18,0,0,0,0,0
2006,"臺北市","松山區","N_INDI_7_15",18,0.333333333333333,0,0.594088525786005,0,2
2006,"臺北市","松山區","N_INDI_UNDER6",18,0.166666666666667,0,0.514495755427527,0,2
2006,"臺北市","萬華區","N_FAMILY",24,3.125,3,1.62353612993903,1,7
2006,"臺北市","萬華區","N_INDI",24,2.29166666666667,1.5,1.70623324433032,1,7
2006,"臺北市","萬華區","N_INDI_16_54",24,1.625,1,1.20911394075957,0,5
2006,"臺北市","萬華區","N_INDI_55PLUS",24,0.0833333333333333,0,0.28232985128664,0,1
2006,"臺北市","萬華區","N_INDI_55_64",24,0,0,0,0,0
2006,"臺北市","萬華區","N_INDI_65PLUS",24,0.0833333333333333,0,0.28232985128664,0,1
2006,"臺北市","萬華區","N_INDI_7_15",24,0.166666666666667,0,0.56465970257328,0,2
2006,"臺北市","萬華區","N_INDI_UNDER6",24,0.416666666666667,0,0.829702233998107,0,3
2006,"臺北縣","三峽鎮","N_FAMILY",8,3.5,4,1.92724822331886,1,6
2006,"臺北縣","三峽鎮","N_INDI",8,3.375,3.5,1.92260983338497,1,6
2006,"臺北縣","三峽鎮","N_INDI_16_54",8,2,2,1.0690449676497,1,4
2006,"臺北縣","三峽鎮","N_INDI_55PLUS",8,0.25,0,0.707106781186548,0,2
2006,"臺北縣","三峽鎮","N_INDI_55_64",8,0.25,0,0.707106781186548,0,2
2006,"臺北縣","三峽鎮","N_INDI_65PLUS",8,0,0,0,0,0
2006,"臺北縣","三峽鎮","N_INDI_7_15",8,0.5,0,0.755928946018454,0,2
2006,"臺北縣","三峽鎮","N_INDI_UNDER6",8,0.625,0,1.06066017177982,0,3
2006,"臺北縣","三芝鄉","N_FAMILY",2,4.5,4.5,0.707106781186548,4,5
2006,"臺北縣","三芝鄉","N_INDI",2,4.5,4.5,0.707106781186548,4,5
2006,"臺北縣","三芝鄉","N_INDI_16_54",2,3,3,1.4142135623731,2,4
2006,"臺北縣","三芝鄉","N_INDI_55PLUS",2,0,0,0,0,0
2006,"臺北縣","三芝鄉","N_INDI_55_64",2,0,0,0,0,0
2006,"臺北縣","三芝鄉","N_INDI_65PLUS",2,0,0,0,0,0
2006,"臺北縣","三芝鄉","N_INDI_7_15",2,1.5,1.5,2.12132034355964,0,3
2006,"臺北縣","三芝鄉","N_INDI_UNDER6",2,0,0,0,0,0
2006,"臺北縣","三重市","N_FAMILY",34,3.41176470588235,3.5,1.55928590996636,1,7
2006,"臺北縣","三重市","N_INDI",34,2.91176470588235,3,1.48462110376583,1,6
2006,"臺北縣","三重市","N_INDI_16_54",34,1.88235294117647,2,1.03761690490986,1,5
2006,"臺北縣","三重市","N_INDI_55PLUS",34,0,0,0,0,0
2006,"臺北縣","三重市","N_INDI_55_64",34,0,0,0,0,0
2006,"臺北縣","三重市","N_INDI_65PLUS",34,0,0,0,0,0
2006,"臺北縣","三重市","N_INDI_7_15",34,0.529411764705882,0,0.861123090404092,0,3
2006,"臺北縣","三重市","N_INDI_UNDER6",34,0.5,0,0.748736309127626,0,2
2006,"臺北縣","中和市","N_FAMILY",18,2.38888888888889,1.5,1.539246908638,1,5
2006,"臺北縣","中和市","N_INDI",18,1.61111111111111,1,1.09215862287323,1,4
2006,"臺北縣","中和市","N_INDI_16_54",18,1.38888888888889,1,1.14475216371923,0,4
2006,"臺北縣","中和市","N_INDI_55PLUS",18,0.166666666666667,0,0.383482494423685,0,1
2006,"臺北縣","中和市","N_INDI_55_64",18,0.0555555555555556,0,0.235702260395516,0,1
2006,"臺北縣","中和市","N_INDI_65PLUS",18,0.111111111111111,0,0.323380833381777,0,1
2006,"臺北縣","中和市","N_INDI_7_15",18,0.0555555555555556,0,0.235702260395516,0,1
2006,"臺北縣","中和市","N_INDI_UNDER6",18,0,0,0,0,0
2006,"臺北縣","五股鄉","N_FAMILY",6,5.5,4,3.72827037646145,3,13
2006,"臺北縣","五股鄉","N_INDI",6,4.83333333333333,3.5,4.21505239192429,1,13
2006,"臺北縣","五股鄉","N_INDI_16_54",6,2,2,0.632455532033676,1,3
2006,"臺北縣","五股鄉","N_INDI_55PLUS",6,0,0,0,0,0
2006,"臺北縣","五股鄉","N_INDI_55_64",6,0,0,0,0,0
2006,"臺北縣","五股鄉","N_INDI_65PLUS",6,0,0,0,0,0
2006,"臺北縣","五股鄉","N_INDI_7_15",6,2.5,1.5,3.39116499156263,0,9
2006,"臺北縣","五股鄉","N_INDI_UNDER6",6,0.333333333333333,0,0.816496580927726,0,2
2006,"臺北縣","土城市","N_FAMILY",21,3.04761904761905,3,1.80211515936664,1,9
2006,"臺北縣","土城市","N_INDI",21,2.80952380952381,3,1.74982992370823,1,8
2006,"臺北縣","土城市","N_INDI_16_54",21,1.95238095238095,1,1.20317041503648,1,4
2006,"臺北縣","土城市","N_INDI_55PLUS",21,0.333333333333333,0,0.730296743340221,0,2
2006,"臺北縣","土城市","N_INDI_55_64",21,0.19047619047619,0,0.601585207518238,0,2
2006,"臺北縣","土城市","N_INDI_65PLUS",21,0.142857142857143,0,0.478091443733757,0,2
2006,"臺北縣","土城市","N_INDI_7_15",21,0.428571428571429,0,0.810643483377778,0,2
2006,"臺北縣","土城市","N_INDI_UNDER6",21,0.0952380952380952,0,0.300792603759119,0,1
2006,"臺北縣","新店市","N_FAMILY",15,4.46666666666667,4,2.47463320995446,3,13
2006,"臺北縣","新店市","N_INDI",15,4,3,2.39045721866879,2,12
2006,"臺北縣","新店市","N_INDI_16_54",15,2.93333333333333,3,1.83095083286825,1,8
2006,"臺北縣","新店市","N_INDI_55PLUS",15,0.0666666666666667,0,0.258198889747161,0,1
2006,"臺北縣","新店市","N_INDI_55_64",15,0.0666666666666667,0,0.258198889747161,0,1
2006,"臺北縣","新店市","N_INDI_65PLUS",15,0,0,0,0,0
2006,"臺北縣","新店市","N_INDI_7_15",15,0.6,0,0.828078671210825,0,2
2006,"臺北縣","新店市","N_INDI_UNDER6",15,0.4,0,0.736788397613007,0,2
2006,"臺北縣","新莊市","N_FAMILY",11,4,4,1,2,5
2006,"臺北縣","新莊市","N_INDI",11,3.27272727272727,4,1.42062726222673,1,5
2006,"臺北縣","新莊市","N_INDI_16_54",11,2.54545454545455,3,1.57249078621379,0,5
2006,"臺北縣","新莊市","N_INDI_55PLUS",11,0.181818181818182,0,0.404519917477945,0,1
2006,"臺北縣","新莊市","N_INDI_55_64",11,0,0,0,0,0
2006,"臺北縣","新莊市","N_INDI_65PLUS",11,0.181818181818182,0,0.404519917477945,0,1
2006,"臺北縣","新莊市","N_INDI_7_15",11,0.454545454545455,0,0.820199532264724,0,2
2006,"臺北縣","新莊市","N_INDI_UNDER6",11,0.0909090909090909,0,0.301511344577764,0,1
2006,"臺北縣","板橋市","N_FAMILY",30,3.83333333333333,4,1.64176804051321,1,7
2006,"臺北縣","板橋市","N_INDI",30,3.06666666666667,3,1.63861449745337,1,6
2006,"臺北縣","板橋市","N_INDI_16_54",30,2.23333333333333,2,1.406471087346,1,5
2006,"臺北縣","板橋市","N_INDI_55PLUS",30,0.133333333333333,0,0.434172485455305,0,2
2006,"臺北縣","板橋市","N_INDI_55_64",30,0.1,0,0.402577899936449,0,2
2006,"臺北縣","板橋市","N_INDI_65PLUS",30,0.0333333333333333,0,0.182574185835055,0,1
2006,"臺北縣","板橋市","N_INDI_7_15",30,0.533333333333333,0,0.937102406111643,0,3
2006,"臺北縣","板橋市","N_INDI_UNDER6",30,0.166666666666667,0,0.461133037377414,0,2
2006,"臺北縣","林口鄉","N_FAMILY",2,3.5,3.5,0.707106781186548,3,4
2006,"臺北縣","林口鄉","N_INDI",2,3,3,0,3,3
2006,"臺北縣","林口鄉","N_INDI_16_54",2,2.5,2.5,0.707106781186548,2,3
2006,"臺北縣","林口鄉","N_INDI_55PLUS",2,0,0,0,0,0
2006,"臺北縣","林口鄉","N_INDI_55_64",2,0,0,0,0,0
2006,"臺北縣","林口鄉","N_INDI_65PLUS",2,0,0,0,0,0
2006,"臺北縣","林口鄉","N_INDI_7_15",2,0,0,0,0,0
2006,"臺北縣","林口鄉","N_INDI_UNDER6",2,0.5,0.5,0.707106781186548,0,1
2006,"臺北縣","樹林鎮","N_FAMILY",44,4.02272727272727,4,1.6209190095492,1,9
2006,"臺北縣","樹林鎮","N_INDI",44,3.72727272727273,4,1.78317245854497,1,9
2006,"臺北縣","樹林鎮","N_INDI_16_54",44,2.34090909090909,2,1.19967402196813,0,5
2006,"臺北縣","樹林鎮","N_INDI_55PLUS",44,0.522727272727273,0,0.927327652479346,0,4
2006,"臺北縣","樹林鎮","N_INDI_55_64",44,0.409090909090909,0,0.871197567056788,0,4
2006,"臺北縣","樹林鎮","N_INDI_65PLUS",44,0.113636363636364,0,0.386752074356464,0,2
2006,"臺北縣","樹林鎮","N_INDI_7_15",44,0.590909090909091,0,0.92304304160728,0,4
2006,"臺北縣","樹林鎮","N_INDI_UNDER6",44,0.272727272727273,0,0.659937853439012,0,3
2006,"臺北縣","永和市","N_FAMILY",15,2.93333333333333,2,1.98086080374405,1,7
2006,"臺北縣","永和市","N_INDI",15,2.73333333333333,2,2.01659779496722,1,7
2006,"臺北縣","永和市","N_INDI_16_54",15,2.4,2,1.54919333848297,1,6
2006,"臺北縣","永和市","N_INDI_55PLUS",15,0.2,0,0.560611910581388,0,2
2006,"臺北縣","永和市","N_INDI_55_64",15,0.2,0,0.560611910581388,0,2
2006,"臺北縣","永和市","N_INDI_65PLUS",15,0,0,0,0,0
2006,"臺北縣","永和市","N_INDI_7_15",15,0.0666666666666667,0,0.258198889747161,0,1
2006,"臺北縣","永和市","N_INDI_UNDER6",15,0.0666666666666667,0,0.258198889747161,0,1
2006,"臺北縣","汐止鎮","N_FAMILY",2,3.5,3.5,0.707106781186548,3,4
2006,"臺北縣","汐止鎮","N_INDI",2,3.5,3.5,0.707106781186548,3,4
2006,"臺北縣","汐止鎮","N_INDI_16_54",2,1.5,1.5,0.707106781186548,1,2
2006,"臺北縣","汐止鎮","N_INDI_55PLUS",2,1,1,1.4142135623731,0,2
2006,"臺北縣","汐止鎮","N_INDI_55_64",2,0,0,0,0,0
2006,"臺北縣","汐止鎮","N_INDI_65PLUS",2,1,1,1.4142135623731,0,2
2006,"臺北縣","汐止鎮","N_INDI_7_15",2,1,1,1.4142135623731,0,2
2006,"臺北縣","汐止鎮","N_INDI_UNDER6",2,0,0,0,0,0
2006,"臺北縣","泰山鄉","N_FAMILY",1,4,4,,4,4
2006,"臺北縣","泰山鄉","N_INDI",1,4,4,,4,4
2006,"臺北縣","泰山鄉","N_INDI_16_54",1,2,2,,2,2
2006,"臺北縣","泰山鄉","N_INDI_55PLUS",1,0,0,,0,0
2006,"臺北縣","泰山鄉","N_INDI_55_64",1,0,0,,0,0
2006,"臺北縣","泰山鄉","N_INDI_65PLUS",1,0,0,,0,0
2006,"臺北縣","泰山鄉","N_INDI_7_15",1,0,0,,0,0
2006,"臺北縣","泰山鄉","N_INDI_UNDER6",1,2,2,,2,2
2006,"臺北縣","淡水鎮","N_FAMILY",1,3,3,,3,3
2006,"臺北縣","淡水鎮","N_INDI",1,2,2,,2,2
2006,"臺北縣","淡水鎮","N_INDI_16_54",1,1,1,,1,1
2006,"臺北縣","淡水鎮","N_INDI_55PLUS",1,0,0,,0,0
2006,"臺北縣","淡水鎮","N_INDI_55_64",1,0,0,,0,0
2006,"臺北縣","淡水鎮","N_INDI_65PLUS",1,0,0,,0,0
2006,"臺北縣","淡水鎮","N_INDI_7_15",1,1,1,,1,1
2006,"臺北縣","淡水鎮","N_INDI_UNDER6",1,0,0,,0,0
2006,"臺北縣","深坑鄉","N_FAMILY",12,3.25,3,1.71225529107612,1,6
2006,"臺北縣","深坑鄉","N_INDI",12,2.58333333333333,2,1.44337567297406,1,5
2006,"臺北縣","深坑鄉","N_INDI_16_54",12,1.75,2,0.452267016866645,1,2
2006,"臺北縣","深坑鄉","N_INDI_55PLUS",12,0,0,0,0,0
2006,"臺北縣","深坑鄉","N_INDI_55_64",12,0,0,0,0,0
2006,"臺北縣","深坑鄉","N_INDI_65PLUS",12,0,0,0,0,0
2006,"臺北縣","深坑鄉","N_INDI_7_15",12,0.416666666666667,0,0.792961461098759,0,2
2006,"臺北縣","深坑鄉","N_INDI_UNDER6",12,0.416666666666667,0,0.90033663737852,0,3
2006,"臺北縣","烏來鄉","N_FAMILY",20,4.7,4,2.36420677695724,1,11
2006,"臺北縣","烏來鄉","N_INDI",20,4.45,4,1.95945749742385,1,8
2006,"臺北縣","烏來鄉","N_INDI_16_54",20,2.3,2,1.45457535854428,0,5
2006,"臺北縣","烏來鄉","N_INDI_55PLUS",20,0.7,0.5,0.801314709186032,0,2
2006,"臺北縣","烏來鄉","N_INDI_55_64",20,0.35,0,0.5871429486124,0,2
2006,"臺北縣","烏來鄉","N_INDI_65PLUS",20,0.35,0,0.670820393249937,0,2
2006,"臺北縣","烏來鄉","N_INDI_7_15",20,0.75,0,1.06992375527664,0,3
2006,"臺北縣","烏來鄉","N_INDI_UNDER6",20,0.7,0,1.03109548284184,0,3
2006,"臺北縣","瑞芳鎮","N_FAMILY",1,5,5,,5,5
2006,"臺北縣","瑞芳鎮","N_INDI",1,5,5,,5,5
2006,"臺北縣","瑞芳鎮","N_INDI_16_54",1,5,5,,5,5
2006,"臺北縣","瑞芳鎮","N_INDI_55PLUS",1,0,0,,0,0
2006,"臺北縣","瑞芳鎮","N_INDI_55_64",1,0,0,,0,0
2006,"臺北縣","瑞芳鎮","N_INDI_65PLUS",1,0,0,,0,0
2006,"臺北縣","瑞芳鎮","N_INDI_7_15",1,0,0,,0,0
2006,"臺北縣","瑞芳鎮","N_INDI_UNDER6",1,0,0,,0,0
2006,"臺北縣","蘆洲鄉","N_FAMILY",11,3.72727272727273,3,0.904534033733291,3,5
2006,"臺北縣","蘆洲鄉","N_INDI",11,3.45454545454545,3,0.820199532264724,2,5
2006,"臺北縣","蘆洲鄉","N_INDI_16_54",11,2.36363636363636,2,1.2862913567872,1,5
2006,"臺北縣","蘆洲鄉","N_INDI_55PLUS",11,0,0,0,0,0
2006,"臺北縣","蘆洲鄉","N_INDI_55_64",11,0,0,0,0,0
2006,"臺北縣","蘆洲鄉","N_INDI_65PLUS",11,0,0,0,0,0
2006,"臺北縣","蘆洲鄉","N_INDI_7_15",11,0.454545454545455,0,0.820199532264724,0,2
2006,"臺北縣","蘆洲鄉","N_INDI_UNDER6",11,0.636363636363636,1,0.504524979109513,0,1
2006,"臺北縣","貢寮鄉","N_FAMILY",1,4,4,,4,4
2006,"臺北縣","貢寮鄉","N_INDI",1,1,1,,1,1
2006,"臺北縣","貢寮鄉","N_INDI_16_54",1,1,1,,1,1
2006,"臺北縣","貢寮鄉","N_INDI_55PLUS",1,0,0,,0,0
2006,"臺北縣","貢寮鄉","N_INDI_55_64",1,0,0,,0,0
2006,"臺北縣","貢寮鄉","N_INDI_65PLUS",1,0,0,,0,0
2006,"臺北縣","貢寮鄉","N_INDI_7_15",1,0,0,,0,0
2006,"臺北縣","貢寮鄉","N_INDI_UNDER6",1,0,0,,0,0
2006,"臺北縣","鶯歌鎮","N_FAMILY",7,2.85714285714286,2,1.4638501094228,1,5
2006,"臺北縣","鶯歌鎮","N_INDI",7,2.57142857142857,2,1.71824938596845,1,5
2006,"臺北縣","鶯歌鎮","N_INDI_16_54",7,1.57142857142857,1,1.39727626201154,0,4
2006,"臺北縣","鶯歌鎮","N_INDI_55PLUS",7,0.428571428571429,0,0.786795792469443,0,2
2006,"臺北縣","鶯歌鎮","N_INDI_55_64",7,0.285714285714286,0,0.487950036474267,0,1
2006,"臺北縣","鶯歌鎮","N_INDI_65PLUS",7,0.142857142857143,0,0.377964473009227,0,1
2006,"臺北縣","鶯歌鎮","N_INDI_7_15",7,0.571428571428571,0,0.786795792469443,0,2
2006,"臺北縣","鶯歌鎮","N_INDI_UNDER6",7,0,0,0,0,0
2006,"臺南市","北區","N_FAMILY",6,3,3,0.894427190999916,2,4
2006,"臺南市","北區","N_INDI",6,2.5,2.5,1.37840487520902,1,4
2006,"臺南市","北區","N_INDI_16_54",6,1,1,1.09544511501033,0,3
2006,"臺南市","北區","N_INDI_55PLUS",6,0.833333333333333,1,0.408248290463863,0,1
2006,"臺南市","北區","N_INDI_55_64",6,0.333333333333333,0,0.516397779494322,0,1
2006,"臺南市","北區","N_INDI_65PLUS",6,0.5,0.5,0.547722557505166,0,1
2006,"臺南市","北區","N_INDI_7_15",6,0.666666666666667,0.5,0.816496580927726,0,2
2006,"臺南市","北區","N_INDI_UNDER6",6,0,0,0,0,0
2006,"臺南市","南區","N_FAMILY",1,4,4,,4,4
2006,"臺南市","南區","N_INDI",1,3,3,,3,3
2006,"臺南市","南區","N_INDI_16_54",1,2,2,,2,2
2006,"臺南市","南區","N_INDI_55PLUS",1,1,1,,1,1
2006,"臺南市","南區","N_INDI_55_64",1,1,1,,1,1
2006,"臺南市","南區","N_INDI_65PLUS",1,0,0,,0,0
2006,"臺南市","南區","N_INDI_7_15",1,0,0,,0,0
2006,"臺南市","南區","N_INDI_UNDER6",1,0,0,,0,0
2006,"臺南市","安南區","N_FAMILY",3,2.33333333333333,2,1.52752523165195,1,4
2006,"臺南市","安南區","N_INDI",3,2.33333333333333,2,1.52752523165195,1,4
2006,"臺南市","安南區","N_INDI_16_54",3,2,2,1,1,3
2006,"臺南市","安南區","N_INDI_55PLUS",3,0,0,0,0,0
2006,"臺南市","安南區","N_INDI_55_64",3,0,0,0,0,0
2006,"臺南市","安南區","N_INDI_65PLUS",3,0,0,0,0,0
2006,"臺南市","安南區","N_INDI_7_15",3,0.333333333333333,0,0.577350269189626,0,1
2006,"臺南市","安南區","N_INDI_UNDER6",3,0,0,0,0,0
2006,"臺南市","安平區","N_FAMILY",5,3.8,4,1.30384048104053,2,5
2006,"臺南市","安平區","N_INDI",5,3.4,4,0.894427190999916,2,4
2006,"臺南市","安平區","N_INDI_16_54",5,2.2,2,1.30384048104053,1,4
2006,"臺南市","安平區","N_INDI_55PLUS",5,0.4,0,0.547722557505166,0,1
2006,"臺南市","安平區","N_INDI_55_64",5,0.4,0,0.547722557505166,0,1
2006,"臺南市","安平區","N_INDI_65PLUS",5,0,0,0,0,0
2006,"臺南市","安平區","N_INDI_7_15",5,0.8,0,1.09544511501033,0,2
2006,"臺南市","安平區","N_INDI_UNDER6",5,0,0,0,0,0
2006,"臺南市","未知地區","N_FAMILY",2,4,4,0,4,4
2006,"臺南市","未知地區","N_INDI",2,3,3,1.4142135623731,2,4
2006,"臺南市","未知地區","N_INDI_16_54",2,1.5,1.5,0.707106781186548,1,2
2006,"臺南市","未知地區","N_INDI_55PLUS",2,0.5,0.5,0.707106781186548,0,1
2006,"臺南市","未知地區","N_INDI_55_64",2,0.5,0.5,0.707106781186548,0,1
2006,"臺南市","未知地區","N_INDI_65PLUS",2,0,0,0,0,0
2006,"臺南市","未知地區","N_INDI_7_15",2,0,0,0,0,0
2006,"臺南市","未知地區","N_INDI_UNDER6",2,1,1,1.4142135623731,0,2
2006,"臺南市","東區","N_FAMILY",6,3.5,3,0.836660026534076,3,5
2006,"臺南市","東區","N_INDI",6,3.33333333333333,3,1.03279555898864,2,5
2006,"臺南市","東區","N_INDI_16_54",6,1.5,1.5,0.547722557505166,1,2
2006,"臺南市","東區","N_INDI_55PLUS",6,0.333333333333333,0,0.516397779494322,0,1
2006,"臺南市","東區","N_INDI_55_64",6,0.166666666666667,0,0.408248290463863,0,1
2006,"臺南市","東區","N_INDI_65PLUS",6,0.166666666666667,0,0.408248290463863,0,1
2006,"臺南市","東區","N_INDI_7_15",6,1.16666666666667,1,0.752772652709081,0,2
2006,"臺南市","東區","N_INDI_UNDER6",6,0.333333333333333,0,0.516397779494322,0,1
2006,"臺南縣","仁德鄉","N_FAMILY",10,3.3,3,2.31180545125329,1,8
2006,"臺南縣","仁德鄉","N_INDI",10,2.7,2.5,1.56702123647242,1,5
2006,"臺南縣","仁德鄉","N_INDI_16_54",10,2,2,1.05409255338946,1,4
2006,"臺南縣","仁德鄉","N_INDI_55PLUS",10,0,0,0,0,0
2006,"臺南縣","仁德鄉","N_INDI_55_64",10,0,0,0,0,0
2006,"臺南縣","仁德鄉","N_INDI_65PLUS",10,0,0,0,0,0
2006,"臺南縣","仁德鄉","N_INDI_7_15",10,0.3,0,0.674948557710553,0,2
2006,"臺南縣","仁德鄉","N_INDI_UNDER6",10,0.4,0,0.516397779494322,0,1
2006,"臺南縣","學甲鎮","N_FAMILY",1,1,1,,1,1
2006,"臺南縣","學甲鎮","N_INDI",1,1,1,,1,1
2006,"臺南縣","學甲鎮","N_INDI_16_54",1,1,1,,1,1
2006,"臺南縣","學甲鎮","N_INDI_55PLUS",1,0,0,,0,0
2006,"臺南縣","學甲鎮","N_INDI_55_64",1,0,0,,0,0
2006,"臺南縣","學甲鎮","N_INDI_65PLUS",1,0,0,,0,0
2006,"臺南縣","學甲鎮","N_INDI_7_15",1,0,0,,0,0
2006,"臺南縣","學甲鎮","N_INDI_UNDER6",1,0,0,,0,0
2006,"臺南縣","官田鄉","N_FAMILY",1,1,1,,1,1
2006,"臺南縣","官田鄉","N_INDI",1,1,1,,1,1
2006,"臺南縣","官田鄉","N_INDI_16_54",1,0,0,,0,0
2006,"臺南縣","官田鄉","N_INDI_55PLUS",1,1,1,,1,1
2006,"臺南縣","官田鄉","N_INDI_55_64",1,1,1,,1,1
2006,"臺南縣","官田鄉","N_INDI_65PLUS",1,0,0,,0,0
2006,"臺南縣","官田鄉","N_INDI_7_15",1,0,0,,0,0
2006,"臺南縣","官田鄉","N_INDI_UNDER6",1,0,0,,0,0
2006,"臺南縣","左鎮鄉","N_FAMILY",1,5,5,,5,5
2006,"臺南縣","左鎮鄉","N_INDI",1,5,5,,5,5
2006,"臺南縣","左鎮鄉","N_INDI_16_54",1,5,5,,5,5
2006,"臺南縣","左鎮鄉","N_INDI_55PLUS",1,0,0,,0,0
2006,"臺南縣","左鎮鄉","N_INDI_55_64",1,0,0,,0,0
2006,"臺南縣","左鎮鄉","N_INDI_65PLUS",1,0,0,,0,0
2006,"臺南縣","左鎮鄉","N_INDI_7_15",1,0,0,,0,0
2006,"臺南縣","左鎮鄉","N_INDI_UNDER6",1,0,0,,0,0
2006,"臺南縣","新化鎮","N_FAMILY",2,4.5,4.5,2.12132034355964,3,6
2006,"臺南縣","新化鎮","N_INDI",2,4.5,4.5,2.12132034355964,3,6
2006,"臺南縣","新化鎮","N_INDI_16_54",2,3.5,3.5,2.12132034355964,2,5
2006,"臺南縣","新化鎮","N_INDI_55PLUS",2,0,0,0,0,0
2006,"臺南縣","新化鎮","N_INDI_55_64",2,0,0,0,0,0
2006,"臺南縣","新化鎮","N_INDI_65PLUS",2,0,0,0,0,0
2006,"臺南縣","新化鎮","N_INDI_7_15",2,1,1,0,1,1
2006,"臺南縣","新化鎮","N_INDI_UNDER6",2,0,0,0,0,0
2006,"臺南縣","歸仁鄉","N_FAMILY",3,4.33333333333333,5,1.15470053837925,3,5
2006,"臺南縣","歸仁鄉","N_INDI",3,1.66666666666667,1,1.15470053837925,1,3
2006,"臺南縣","歸仁鄉","N_INDI_16_54",3,0.666666666666667,1,0.577350269189626,0,1
2006,"臺南縣","歸仁鄉","N_INDI_55PLUS",3,0.333333333333333,0,0.577350269189626,0,1
2006,"臺南縣","歸仁鄉","N_INDI_55_64",3,0.333333333333333,0,0.577350269189626,0,1
2006,"臺南縣","歸仁鄉","N_INDI_65PLUS",3,0,0,0,0,0
2006,"臺南縣","歸仁鄉","N_INDI_7_15",3,0.333333333333333,0,0.577350269189626,0,1
2006,"臺南縣","歸仁鄉","N_INDI_UNDER6",3,0.333333333333333,0,0.577350269189626,0,1
2006,"臺南縣","永康市","N_FAMILY",5,3.6,3,0.894427190999916,3,5
2006,"臺南縣","永康市","N_INDI",5,3.2,3,0.836660026534076,2,4
2006,"臺南縣","永康市","N_INDI_16_54",5,1.8,2,0.836660026534076,1,3
2006,"臺南縣","永康市","N_INDI_55PLUS",5,0.4,0,0.894427190999916,0,2
2006,"臺南縣","永康市","N_INDI_55_64",5,0.4,0,0.894427190999916,0,2
2006,"臺南縣","永康市","N_INDI_65PLUS",5,0,0,0,0,0
2006,"臺南縣","永康市","N_INDI_7_15",5,0.8,0,1.30384048104053,0,3
2006,"臺南縣","永康市","N_INDI_UNDER6",5,0.2,0,0.447213595499958,0,1
2006,"臺南縣","白河鎮","N_FAMILY",1,4,4,,4,4
2006,"臺南縣","白河鎮","N_INDI",1,3,3,,3,3
2006,"臺南縣","白河鎮","N_INDI_16_54",1,2,2,,2,2
2006,"臺南縣","白河鎮","N_INDI_55PLUS",1,0,0,,0,0
2006,"臺南縣","白河鎮","N_INDI_55_64",1,0,0,,0,0
2006,"臺南縣","白河鎮","N_INDI_65PLUS",1,0,0,,0,0
2006,"臺南縣","白河鎮","N_INDI_7_15",1,1,1,,1,1
2006,"臺南縣","白河鎮","N_INDI_UNDER6",1,0,0,,0,0
2006,"臺南縣","鹽水鎮","N_FAMILY",1,5,5,,5,5
2006,"臺南縣","鹽水鎮","N_INDI",1,3,3,,3,3
2006,"臺南縣","鹽水鎮","N_INDI_16_54",1,3,3,,3,3
2006,"臺南縣","鹽水鎮","N_INDI_55PLUS",1,0,0,,0,0
2006,"臺南縣","鹽水鎮","N_INDI_55_64",1,0,0,,0,0
2006,"臺南縣","鹽水鎮","N_INDI_65PLUS",1,0,0,,0,0
2006,"臺南縣","鹽水鎮","N_INDI_7_15",1,0,0,,0,0
2006,"臺南縣","鹽水鎮","N_INDI_UNDER6",1,0,0,,0,0
2006,"臺東縣","卑南鄉","N_FAMILY",116,4.01724137931035,4,2.19082179784779,1,11
2006,"臺東縣","卑南鄉","N_INDI",116,3.83620689655172,4,2.23390461637968,1,11
2006,"臺東縣","卑南鄉","N_INDI_16_54",116,1.93103448275862,2,1.4727917172088,0,8
2006,"臺東縣","卑南鄉","N_INDI_55PLUS",116,0.879310344827586,1,0.846015442492353,0,3
2006,"臺東縣","卑南鄉","N_INDI_55_64",116,0.344827586206897,0,0.620006287147114,0,2
2006,"臺東縣","卑南鄉","N_INDI_65PLUS",116,0.53448275862069,0,0.665040495435966,0,2
2006,"臺東縣","卑南鄉","N_INDI_7_15",116,0.53448275862069,0,0.908233205857333,0,5
2006,"臺東縣","卑南鄉","N_INDI_UNDER6",116,0.491379310344828,0,0.869739487784529,0,3
2006,"臺東縣","大武鄉","N_FAMILY",35,3.48571428571429,3,2.03457509036146,1,9
2006,"臺東縣","大武鄉","N_INDI",35,3.25714285714286,3,1.83660263630908,1,8
2006,"臺東縣","大武鄉","N_INDI_16_54",35,1.08571428571429,1,1.12122382116278,0,4
2006,"臺東縣","大武鄉","N_INDI_55PLUS",35,1.02857142857143,1,0.8219673059805,0,2
2006,"臺東縣","大武鄉","N_INDI_55_64",35,0.342857142857143,0,0.481593991977935,0,1
2006,"臺東縣","大武鄉","N_INDI_65PLUS",35,0.685714285714286,1,0.758149006440282,0,2
2006,"臺東縣","大武鄉","N_INDI_7_15",35,0.657142857142857,0,0.968408553272027,0,3
2006,"臺東縣","大武鄉","N_INDI_UNDER6",35,0.485714285714286,0,0.919444479705275,0,4
2006,"臺東縣","太麻里","N_FAMILY",108,4.03703703703704,4,2.18288125605922,1,10
2006,"臺東縣","太麻里","N_INDI",108,3.87962962962963,4,2.16046720714122,1,10
2006,"臺東縣","太麻里","N_INDI_16_54",108,2.09259259259259,2,1.63225110903172,0,7
2006,"臺東縣","太麻里","N_INDI_55PLUS",108,0.851851851851852,1,0.840725263389421,0,3
2006,"臺東縣","太麻里","N_INDI_55_64",108,0.398148148148148,0,0.668934357099924,0,2
2006,"臺東縣","太麻里","N_INDI_65PLUS",108,0.453703703703704,0,0.646836431667194,0,2
2006,"臺東縣","太麻里","N_INDI_7_15",108,0.601851851851852,0,0.966154481705645,0,5
2006,"臺東縣","太麻里","N_INDI_UNDER6",108,0.333333333333333,0,0.697123596223234,0,3
2006,"臺東縣","延平鄉","N_FAMILY",111,4.4954954954955,4,2.40784276847696,1,15
2006,"臺東縣","延平鄉","N_INDI",111,4.43243243243243,4,2.39553228710759,1,15
2006,"臺東縣","延平鄉","N_INDI_16_54",110,2.13636363636364,2,1.55909449565188,0,9
2006,"臺東縣","延平鄉","N_INDI_55PLUS",110,0.809090909090909,1,0.861995280276725,0,3
2006,"臺東縣","延平鄉","N_INDI_55_64",110,0.427272727272727,0,0.641945021926317,0,2
2006,"臺東縣","延平鄉","N_INDI_65PLUS",110,0.381818181818182,0,0.663350104495566,0,2
2006,"臺東縣","延平鄉","N_INDI_7_15",110,1.04545454545455,1,1.22950249979311,0,6
2006,"臺東縣","延平鄉","N_INDI_UNDER6",111,0.459459459459459,0,0.817799528488534,0,4
2006,"臺東縣","成功鎮","N_FAMILY",176,3.73863636363636,3,2.25258869839921,1,14
2006,"臺東縣","成功鎮","N_INDI",176,3.64204545454545,3,2.27589714007637,1,14
2006,"臺東縣","成功鎮","N_INDI_16_54",176,1.375,1,1.49523051256797,0,7
2006,"臺東縣","成功鎮","N_INDI_55PLUS",176,1.25,1,0.87831006565368,0,3
2006,"臺東縣","成功鎮","N_INDI_55_64",176,0.596590909090909,0,0.74969690845398,0,3
2006,"臺東縣","成功鎮","N_INDI_65PLUS",176,0.653409090909091,0,0.75539187387533,0,2
2006,"臺東縣","成功鎮","N_INDI_7_15",176,0.727272727272727,0,1.1286125259655,0,6
2006,"臺東縣","成功鎮","N_INDI_UNDER6",176,0.289772727272727,0,0.668566017294118,0,4
2006,"臺東縣","未知地區","N_FAMILY",1,1,1,,1,1
2006,"臺東縣","未知地區","N_INDI",1,1,1,,1,1
2006,"臺東縣","未知地區","N_INDI_16_54",1,0,0,,0,0
2006,"臺東縣","未知地區","N_INDI_55PLUS",1,1,1,,1,1
2006,"臺東縣","未知地區","N_INDI_55_64",1,0,0,,0,0
2006,"臺東縣","未知地區","N_INDI_65PLUS",1,1,1,,1,1
2006,"臺東縣","未知地區","N_INDI_7_15",1,0,0,,0,0
2006,"臺東縣","未知地區","N_INDI_UNDER6",1,0,0,,0,0
2006,"臺東縣","東河鄉","N_FAMILY",38,4.34210526315789,4,2.31652484121616,1,10
2006,"臺東縣","東河鄉","N_INDI",38,4.18421052631579,4,2.34642065717696,1,10
2006,"臺東縣","東河鄉","N_INDI_16_54",38,1.5,1,1.53781171307311,0,5
2006,"臺東縣","東河鄉","N_INDI_55PLUS",38,1.44736842105263,2,0.860463998683194,0,3
2006,"臺東縣","東河鄉","N_INDI_55_64",38,0.789473684210526,1,0.810668550820101,0,2
2006,"臺東縣","東河鄉","N_INDI_65PLUS",38,0.657894736842105,1,0.582460567716411,0,2
2006,"臺東縣","東河鄉","N_INDI_7_15",38,0.710526315789474,0,1.16033300757927,0,4
2006,"臺東縣","東河鄉","N_INDI_UNDER6",38,0.526315789473684,0,1.03288737528069,0,4
2006,"臺東縣","池上鄉","N_FAMILY",56,3.69642857142857,3,2.73641864724443,1,14
2006,"臺東縣","池上鄉","N_INDI",56,3.35714285714286,2.5,2.68618398766436,1,12
2006,"臺東縣","池上鄉","N_INDI_16_54",56,1.14285714285714,1,1.31326894605611,0,5
2006,"臺東縣","池上鄉","N_INDI_55PLUS",56,1.03571428571429,1,0.785419070867977,0,3
2006,"臺東縣","池上鄉","N_INDI_55_64",56,0.446428571428571,0,0.658362786343182,0,2
2006,"臺東縣","池上鄉","N_INDI_65PLUS",56,0.589285714285714,0,0.707795186458643,0,2
2006,"臺東縣","池上鄉","N_INDI_7_15",56,0.892857142857143,0,1.37084673804944,0,5
2006,"臺東縣","池上鄉","N_INDI_UNDER6",56,0.285714285714286,0,0.652666856806768,0,3
2006,"臺東縣","海端鄉","N_FAMILY",63,5.14285714285714,5,2.35452305188191,1,10
2006,"臺東縣","海端鄉","N_INDI",63,5.01587301587302,5,2.38606210537608,1,10
2006,"臺東縣","海端鄉","N_INDI_16_54",62,2.54838709677419,2,1.73372922569457,0,7
2006,"臺東縣","海端鄉","N_INDI_55PLUS",62,0.693548387096774,0,0.801406748354936,0,2
2006,"臺東縣","海端鄉","N_INDI_55_64",62,0.354838709677419,0,0.603182113530859,0,2
2006,"臺東縣","海端鄉","N_INDI_65PLUS",63,0.349206349206349,0,0.675820413221426,0,2
2006,"臺東縣","海端鄉","N_INDI_7_15",63,1,1,1.23131191509628,0,5
2006,"臺東縣","海端鄉","N_INDI_UNDER6",62,0.67741935483871,0,0.971296135024912,0,4
2006,"臺東縣","綠島鄉","N_FAMILY",2,5.5,5.5,2.12132034355964,4,7
2006,"臺東縣","綠島鄉","N_INDI",2,3.5,3.5,0.707106781186548,3,4
2006,"臺東縣","綠島鄉","N_INDI_16_54",2,2.5,2.5,2.12132034355964,1,4
2006,"臺東縣","綠島鄉","N_INDI_55PLUS",2,0,0,0,0,0
2006,"臺東縣","綠島鄉","N_INDI_55_64",2,0,0,0,0,0
2006,"臺東縣","綠島鄉","N_INDI_65PLUS",2,0,0,0,0,0
2006,"臺東縣","綠島鄉","N_INDI_7_15",2,1,1,1.4142135623731,0,2
2006,"臺東縣","綠島鄉","N_INDI_UNDER6",2,0,0,0,0,0
2006,"臺東縣","臺東市","N_FAMILY",251,4.16334661354582,4,2.23454943005933,1,17
2006,"臺東縣","臺東市","N_INDI",251,3.85258964143426,3,2.23566170672852,1,17
2006,"臺東縣","臺東市","N_INDI_16_54",251,2.0597609561753,2,1.39728821029503,0,6
2006,"臺東縣","臺東市","N_INDI_55PLUS",251,0.804780876494024,1,0.813472219435199,0,3
2006,"臺東縣","臺東市","N_INDI_55_64",251,0.358565737051793,0,0.599096264936909,0,2
2006,"臺東縣","臺東市","N_INDI_65PLUS",251,0.446215139442231,0,0.651226241432177,0,3
2006,"臺東縣","臺東市","N_INDI_7_15",251,0.617529880478088,0,1.03784944674244,0,6
2006,"臺東縣","臺東市","N_INDI_UNDER6",251,0.370517928286853,0,0.786236179959489,0,5
2006,"臺東縣","蘭嶼鄉","N_FAMILY",49,4.12244897959184,4,1.98570572111891,1,11
2006,"臺東縣","蘭嶼鄉","N_INDI",49,3.95918367346939,4,1.83665438221999,1,8
2006,"臺東縣","蘭嶼鄉","N_INDI_16_54",49,1.85714285714286,2,1.17260393995586,0,5
2006,"臺東縣","蘭嶼鄉","N_INDI_55PLUS",49,0.673469387755102,0,0.851169663415213,0,3
2006,"臺東縣","蘭嶼鄉","N_INDI_55_64",49,0.428571428571429,0,0.67700320038633,0,2
2006,"臺東縣","蘭嶼鄉","N_INDI_65PLUS",49,0.244897959183673,0,0.521640530957301,0,2
2006,"臺東縣","蘭嶼鄉","N_INDI_7_15",49,0.959183673469388,1,1.07933590063268,0,4
2006,"臺東縣","蘭嶼鄉","N_INDI_UNDER6",49,0.469387755102041,0,0.738862888056329,0,3
2006,"臺東縣","達仁鄉","N_FAMILY",92,4.41304347826087,4,2.61925320248887,1,15
2006,"臺東縣","達仁鄉","N_INDI",92,4.28260869565217,4,2.55629405072455,1,15
2006,"臺東縣","達仁鄉","N_INDI_16_54",92,2.08695652173913,2,1.72028731252931,0,7
2006,"臺東縣","達仁鄉","N_INDI_55PLUS",92,1.07608695652174,1,1.1505726777831,0,6
2006,"臺東縣","達仁鄉","N_INDI_55_64",92,0.510869565217391,0,0.733717992616999,0,3
2006,"臺東縣","達仁鄉","N_INDI_65PLUS",92,0.565217391304348,0,0.760340407080456,0,4
2006,"臺東縣","達仁鄉","N_INDI_7_15",92,0.521739130434783,0,0.954782765345832,0,4
2006,"臺東縣","達仁鄉","N_INDI_UNDER6",92,0.597826086956522,0,0.914592116001801,0,3
2006,"臺東縣","金峰鄉","N_FAMILY",113,4.53982300884956,4,2.19591909748063,1,10
2006,"臺東縣","金峰鄉","N_INDI",113,4.44247787610619,4,2.20768969860117,1,10
2006,"臺東縣","金峰鄉","N_INDI_16_54",113,2.09734513274336,2,1.3885025449454,0,6
2006,"臺東縣","金峰鄉","N_INDI_55PLUS",112,1.05357142857143,1,1.00305197079377,0,4
2006,"臺東縣","金峰鄉","N_INDI_55_64",112,0.330357142857143,0,0.676349406703754,0,3
2006,"臺東縣","金峰鄉","N_INDI_65PLUS",112,0.723214285714286,0,0.851176413560248,0,3
2006,"臺東縣","金峰鄉","N_INDI_7_15",113,0.699115044247788,0,0.962557565553247,0,4
2006,"臺東縣","金峰鄉","N_INDI_UNDER6",112,0.598214285714286,0,0.972225286506172,0,4
2006,"臺東縣","長濱鄉","N_FAMILY",112,3.76785714285714,3,2.59237323130736,1,15
2006,"臺東縣","長濱鄉","N_INDI",112,3.65178571428571,3,2.6018351854117,1,15
2006,"臺東縣","長濱鄉","N_INDI_16_54",112,1.27678571428571,1,1.6506063391982,0,10
2006,"臺東縣","長濱鄉","N_INDI_55PLUS",112,1.40178571428571,1,0.924733430579817,0,4
2006,"臺東縣","長濱鄉","N_INDI_55_64",112,0.776785714285714,1,0.866907327243411,0,4
2006,"臺東縣","長濱鄉","N_INDI_65PLUS",112,0.625,0,0.760808010492022,0,3
2006,"臺東縣","長濱鄉","N_INDI_7_15",112,0.544642857142857,0,1.05598587945397,0,5
2006,"臺東縣","長濱鄉","N_INDI_UNDER6",112,0.428571428571429,0,0.936875059831821,0,6
2006,"臺東縣","關山鎮","N_FAMILY",55,4.03636363636364,4,2.30910946730261,1,11
2006,"臺東縣","關山鎮","N_INDI",55,3.70909090909091,3,2.28256456865978,1,11
2006,"臺東縣","關山鎮","N_INDI_16_54",55,1.8,2,1.35263802609184,0,5
2006,"臺東縣","關山鎮","N_INDI_55PLUS",55,1.03636363636364,1,0.859880188976313,0,3
2006,"臺東縣","關山鎮","N_INDI_55_64",55,0.563636363636364,0,0.713977807613311,0,2
2006,"臺東縣","關山鎮","N_INDI_65PLUS",55,0.472727272727273,0,0.634050630486401,0,2
2006,"臺東縣","關山鎮","N_INDI_7_15",55,0.581818181818182,0,1.01271379253431,0,4
2006,"臺東縣","關山鎮","N_INDI_UNDER6",55,0.290909090909091,0,0.831614388753881,0,5
2006,"臺東縣","鹿野鄉","N_FAMILY",52,3.25,3,2.0757705868934,1,9
2006,"臺東縣","鹿野鄉","N_INDI",52,3.15384615384615,3,2.07113320676894,1,9
2006,"臺東縣","鹿野鄉","N_INDI_16_54",52,1.48076923076923,1,1.55286433147776,0,6
2006,"臺東縣","鹿野鄉","N_INDI_55PLUS",52,0.942307692307692,1,0.826366047611802,0,3
2006,"臺東縣","鹿野鄉","N_INDI_55_64",52,0.384615384615385,0,0.690377735589647,0,2
2006,"臺東縣","鹿野鄉","N_INDI_65PLUS",52,0.557692307692308,0,0.697712271121127,0,2
2006,"臺東縣","鹿野鄉","N_INDI_7_15",52,0.442307692307692,0,0.80228745370412,0,3
2006,"臺東縣","鹿野鄉","N_INDI_UNDER6",52,0.288461538461538,0,0.605094011867236,0,2
2006,"花蓮縣","光復鄉","N_FAMILY",76,4.05263157894737,3,2.4434660455569,1,12
2006,"花蓮縣","光復鄉","N_INDI",76,3.94736842105263,3,2.43252810517292,1,12
2006,"花蓮縣","光復鄉","N_INDI_16_54",76,1.93421052631579,2,1.74612352610606,0,8
2006,"花蓮縣","光復鄉","N_INDI_55PLUS",76,1.14473684210526,1,0.904860171421287,0,4
2006,"花蓮縣","光復鄉","N_INDI_55_64",76,0.447368421052632,0,0.700375838953254,0,3
2006,"花蓮縣","光復鄉","N_INDI_65PLUS",76,0.697368421052632,1,0.712174825766918,0,2
2006,"花蓮縣","光復鄉","N_INDI_7_15",76,0.644736842105263,0,1.00271561097413,0,4
2006,"花蓮縣","光復鄉","N_INDI_UNDER6",76,0.223684210526316,0,0.55614588519024,0,2
2006,"花蓮縣","卓溪鄉","N_FAMILY",191,4.12041884816754,4,2.25975122814804,1,11
2006,"花蓮縣","卓溪鄉","N_INDI",191,4.05759162303665,4,2.26920632096056,1,11
2006,"花蓮縣","卓溪鄉","N_INDI_16_54",190,1.97894736842105,2,1.58016104844228,0,7
2006,"花蓮縣","卓溪鄉","N_INDI_55PLUS",190,0.847368421052632,1,0.764882963729643,0,3
2006,"花蓮縣","卓溪鄉","N_INDI_55_64",190,0.442105263157895,0,0.693366749403591,0,3
2006,"花蓮縣","卓溪鄉","N_INDI_65PLUS",190,0.405263157894737,0,0.624858658481998,0,2
2006,"花蓮縣","卓溪鄉","N_INDI_7_15",190,0.831578947368421,0,1.12830473180272,0,6
2006,"花蓮縣","卓溪鄉","N_INDI_UNDER6",190,0.378947368421053,0,0.779077562933956,0,3
2006,"花蓮縣","吉安鄉","N_FAMILY",192,4.11979166666667,4,2.3021101083863,1,17
2006,"花蓮縣","吉安鄉","N_INDI",192,3.765625,4,2.1396935791289,1,13
2006,"花蓮縣","吉安鄉","N_INDI_16_54",192,2.08854166666667,2,1.54766297666975,0,7
2006,"花蓮縣","吉安鄉","N_INDI_55PLUS",192,0.901041666666667,1,0.935399770814112,0,4
2006,"花蓮縣","吉安鄉","N_INDI_55_64",192,0.442708333333333,0,0.668552361475826,0,2
2006,"花蓮縣","吉安鄉","N_INDI_65PLUS",192,0.458333333333333,0,0.692769941591057,0,2
2006,"花蓮縣","吉安鄉","N_INDI_7_15",192,0.510416666666667,0,0.880204541515217,0,4
2006,"花蓮縣","吉安鄉","N_INDI_UNDER6",192,0.265625,0,0.735961546485792,0,6
2006,"花蓮縣","壽豐鄉","N_FAMILY",75,3.98666666666667,3,2.41891942221546,1,14
2006,"花蓮縣","壽豐鄉","N_INDI",75,3.84,3,2.44971040759537,1,14
2006,"花蓮縣","壽豐鄉","N_INDI_16_54",75,1.8,2,1.66846749557304,0,7
2006,"花蓮縣","壽豐鄉","N_INDI_55PLUS",75,1.01333333333333,1,0.81362275163738,0,3
2006,"花蓮縣","壽豐鄉","N_INDI_55_64",75,0.413333333333333,0,0.679692564312706,0,2
2006,"花蓮縣","壽豐鄉","N_INDI_65PLUS",75,0.6,0,0.697485832462916,0,2
2006,"花蓮縣","壽豐鄉","N_INDI_7_15",75,0.76,0,1.12514263360071,0,5
2006,"花蓮縣","壽豐鄉","N_INDI_UNDER6",75,0.266666666666667,0,0.577350269189626,0,3
2006,"花蓮縣","富里鄉","N_FAMILY",39,3.84615384615385,4,2.12179741999513,1,9
2006,"花蓮縣","富里鄉","N_INDI",39,3.64102564102564,4,2.03246259093144,1,9
2006,"花蓮縣","富里鄉","N_INDI_16_54",39,1.56410256410256,1,1.53545590340753,0,5
2006,"花蓮縣","富里鄉","N_INDI_55PLUS",39,1.05128205128205,1,0.856821480783788,0,3
2006,"花蓮縣","富里鄉","N_INDI_55_64",39,0.435897435897436,0,0.640512615220349,0,2
2006,"花蓮縣","富里鄉","N_INDI_65PLUS",39,0.615384615384615,0,0.71138799153059,0,2
2006,"花蓮縣","富里鄉","N_INDI_7_15",39,0.923076923076923,0,1.26459095497351,0,4
2006,"花蓮縣","富里鄉","N_INDI_UNDER6",39,0.102564102564103,0,0.383534242955656,0,2
2006,"花蓮縣","新城鄉","N_FAMILY",42,3.97619047619048,4,1.64521620253322,1,7
2006,"花蓮縣","新城鄉","N_INDI",42,3.76190476190476,4,1.83209228398843,1,7
2006,"花蓮縣","新城鄉","N_INDI_16_54",42,2.0952380952381,2,1.35807474577017,0,5
2006,"花蓮縣","新城鄉","N_INDI_55PLUS",42,0.666666666666667,0,1.00405681178946,0,4
2006,"花蓮縣","新城鄉","N_INDI_55_64",42,0.285714285714286,0,0.55373297631551,0,2
2006,"花蓮縣","新城鄉","N_INDI_65PLUS",42,0.380952380952381,0,0.730932613502775,0,3
2006,"花蓮縣","新城鄉","N_INDI_7_15",42,0.69047619047619,0,0.840676128528589,0,3
2006,"花蓮縣","新城鄉","N_INDI_UNDER6",42,0.30952380952381,0,0.811144786874044,0,4
2006,"花蓮縣","玉里鎮","N_FAMILY",152,3.70394736842105,3,2.18616606492662,1,13
2006,"花蓮縣","玉里鎮","N_INDI",152,3.44736842105263,3,2.05161694811132,1,12
2006,"花蓮縣","玉里鎮","N_INDI_16_54",152,1.42105263157895,1,1.36428578597772,0,8
2006,"花蓮縣","玉里鎮","N_INDI_55PLUS",152,1.05921052631579,1,0.907901682628095,0,4
2006,"花蓮縣","玉里鎮","N_INDI_55_64",152,0.368421052631579,0,0.627031379870203,0,2
2006,"花蓮縣","玉里鎮","N_INDI_65PLUS",152,0.690789473684211,1,0.765424633319595,0,3
2006,"花蓮縣","玉里鎮","N_INDI_7_15",152,0.644736842105263,0,1.00599458042885,0,4
2006,"花蓮縣","玉里鎮","N_INDI_UNDER6",152,0.322368421052632,0,0.705719056385638,0,3
2006,"花蓮縣","瑞穗鄉","N_FAMILY",94,3.87234042553191,3.5,2.06992827548687,1,12
2006,"花蓮縣","瑞穗鄉","N_INDI",94,3.59574468085106,3,1.8568046835992,1,9
2006,"花蓮縣","瑞穗鄉","N_INDI_16_54",94,1.43617021276596,1,1.35645419042299,0,5
2006,"花蓮縣","瑞穗鄉","N_INDI_55PLUS",94,1.15957446808511,1,0.883580101332157,0,3
2006,"花蓮縣","瑞穗鄉","N_INDI_55_64",94,0.446808510638298,0,0.697414908311682,0,3
2006,"花蓮縣","瑞穗鄉","N_INDI_65PLUS",94,0.712765957446808,0,0.862882645997778,0,3
2006,"花蓮縣","瑞穗鄉","N_INDI_7_15",94,0.734042553191489,0,1.03877028119526,0,4
2006,"花蓮縣","瑞穗鄉","N_INDI_UNDER6",94,0.265957446808511,0,0.589797339257784,0,3
2006,"花蓮縣","秀林鄉","N_FAMILY",140,4.72142857142857,5,2.37210363229419,1,15
2006,"花蓮縣","秀林鄉","N_INDI",140,4.62857142857143,4,2.36686617671096,1,15
2006,"花蓮縣","秀林鄉","N_INDI_16_54",140,2.34285714285714,2,1.50668261336973,0,8
2006,"花蓮縣","秀林鄉","N_INDI_55PLUS",140,0.721428571428571,0,0.882017448259339,0,4
2006,"花蓮縣","秀林鄉","N_INDI_55_64",140,0.371428571428571,0,0.64976871527526,0,2
2006,"花蓮縣","秀林鄉","N_INDI_65PLUS",140,0.35,0,0.610754928538291,0,2
2006,"花蓮縣","秀林鄉","N_INDI_7_15",140,0.914285714285714,1,1.09600789188538,0,6
2006,"花蓮縣","秀林鄉","N_INDI_UNDER6",140,0.65,0,1.06565074522161,0,6
2006,"花蓮縣","花蓮市","N_FAMILY",63,4.07936507936508,4,2.20922981252909,1,13
2006,"花蓮縣","花蓮市","N_INDI",63,3.68253968253968,4,2.27769972266445,1,13
2006,"花蓮縣","花蓮市","N_INDI_16_54",63,1.85714285714286,2,1.53304612283732,0,6
2006,"花蓮縣","花蓮市","N_INDI_55PLUS",63,0.936507936507937,1,0.997949767192328,0,3
2006,"花蓮縣","花蓮市","N_INDI_55_64",63,0.444444444444444,0,0.690436462652845,0,2
2006,"花蓮縣","花蓮市","N_INDI_65PLUS",63,0.492063492063492,0,0.737760689257306,0,3
2006,"花蓮縣","花蓮市","N_INDI_7_15",63,0.523809523809524,0,0.930784318198694,0,3
2006,"花蓮縣","花蓮市","N_INDI_UNDER6",63,0.365079365079365,0,1.02077749149752,0,7
2006,"花蓮縣","萬榮鄉","N_FAMILY",66,4.22727272727273,4,2.22430943161073,1,11
2006,"花蓮縣","萬榮鄉","N_INDI",66,4.09090909090909,4,2.25133992736136,1,11
2006,"花蓮縣","萬榮鄉","N_INDI_16_54",65,2.15384615384615,2,1.50240192307569,0,6
2006,"花蓮縣","萬榮鄉","N_INDI_55PLUS",65,0.815384615384615,1,0.82712430467531,0,3
2006,"花蓮縣","萬榮鄉","N_INDI_55_64",65,0.4,0,0.632455532033676,0,2
2006,"花蓮縣","萬榮鄉","N_INDI_65PLUS",65,0.415384615384615,0,0.658888924921808,0,2
2006,"花蓮縣","萬榮鄉","N_INDI_7_15",65,0.707692307692308,0,0.896574678343167,0,3
2006,"花蓮縣","萬榮鄉","N_INDI_UNDER6",66,0.393939393939394,0,0.92617971139993,0,6
2006,"花蓮縣","豐濱鄉","N_FAMILY",67,4.11940298507463,3,2.51975460601552,1,14
2006,"花蓮縣","豐濱鄉","N_INDI",67,3.98507462686567,3,2.50146949123082,1,14
2006,"花蓮縣","豐濱鄉","N_INDI_16_54",67,1.65671641791045,1,1.71933953850476,0,7
2006,"花蓮縣","豐濱鄉","N_INDI_55PLUS",67,1.44776119402985,1,1.01926268790539,0,4
2006,"花蓮縣","豐濱鄉","N_INDI_55_64",67,0.805970149253731,1,0.857035163702578,0,3
2006,"花蓮縣","豐濱鄉","N_INDI_65PLUS",67,0.641791044776119,0,0.752802693320171,0,3
2006,"花蓮縣","豐濱鄉","N_INDI_7_15",67,0.537313432835821,0,1.07771304170979,0,5
2006,"花蓮縣","豐濱鄉","N_INDI_UNDER6",67,0.343283582089552,0,0.808144879112316,0,5
2006,"花蓮縣","鳳林鎮","N_FAMILY",31,3.96774193548387,3,3.6558981656837,1,20
2006,"花蓮縣","鳳林鎮","N_INDI",31,3.67741935483871,3,3.38020804856933,1,18
2006,"花蓮縣","鳳林鎮","N_INDI_16_54",31,1.38709677419355,1,1.54223688960416,0,7
2006,"花蓮縣","鳳林鎮","N_INDI_55PLUS",31,1.19354838709677,1,0.909921419270539,0,3
2006,"花蓮縣","鳳林鎮","N_INDI_55_64",31,0.225806451612903,0,0.497304562574072,0,2
2006,"花蓮縣","鳳林鎮","N_INDI_65PLUS",31,0.967741935483871,1,0.912281790082499,0,3
2006,"花蓮縣","鳳林鎮","N_INDI_7_15",31,0.645161290322581,0,1.22606109409426,0,5
2006,"花蓮縣","鳳林鎮","N_INDI_UNDER6",31,0.451612903225806,0,1.82279473478538,0,10
2006,"苗栗縣","三義鄉","N_FAMILY",2,7.5,7.5,0.707106781186548,7,8
2006,"苗栗縣","三義鄉","N_INDI",2,2.5,2.5,2.12132034355964,1,4
2006,"苗栗縣","三義鄉","N_INDI_16_54",2,1,1,0,1,1
2006,"苗栗縣","三義鄉","N_INDI_55PLUS",2,0,0,0,0,0
2006,"苗栗縣","三義鄉","N_INDI_55_64",2,0,0,0,0,0
2006,"苗栗縣","三義鄉","N_INDI_65PLUS",2,0,0,0,0,0
2006,"苗栗縣","三義鄉","N_INDI_7_15",2,0,0,0,0,0
2006,"苗栗縣","三義鄉","N_INDI_UNDER6",2,1.5,1.5,2.12132034355964,0,3
2006,"苗栗縣","公館鄉","N_FAMILY",1,4,4,,4,4
2006,"苗栗縣","公館鄉","N_INDI",1,3,3,,3,3
2006,"苗栗縣","公館鄉","N_INDI_16_54",1,1,1,,1,1
2006,"苗栗縣","公館鄉","N_INDI_55PLUS",1,0,0,,0,0
2006,"苗栗縣","公館鄉","N_INDI_55_64",1,0,0,,0,0
2006,"苗栗縣","公館鄉","N_INDI_65PLUS",1,0,0,,0,0
2006,"苗栗縣","公館鄉","N_INDI_7_15",1,1,1,,1,1
2006,"苗栗縣","公館鄉","N_INDI_UNDER6",1,1,1,,1,1
2006,"苗栗縣","南庄鄉","N_FAMILY",50,4.82,5,2.93945712050122,1,17
2006,"苗栗縣","南庄鄉","N_INDI",50,4.48,4.5,2.81569942737255,1,16
2006,"苗栗縣","南庄鄉","N_INDI_16_54",50,2,2,1.65369098611289,0,7
2006,"苗栗縣","南庄鄉","N_INDI_55PLUS",50,0.92,1,0.778276484107214,0,2
2006,"苗栗縣","南庄鄉","N_INDI_55_64",50,0.46,0,0.676425177242955,0,2
2006,"苗栗縣","南庄鄉","N_INDI_65PLUS",50,0.46,0,0.676425177242955,0,2
2006,"苗栗縣","南庄鄉","N_INDI_7_15",50,1.02,0.5,1.49133551981204,0,8
2006,"苗栗縣","南庄鄉","N_INDI_UNDER6",50,0.54,0,0.787918984750724,0,3
2006,"苗栗縣","大湖鄉","N_FAMILY",4,7,5.5,4.24264068711928,4,13
2006,"苗栗縣","大湖鄉","N_INDI",4,7,5.5,4.24264068711928,4,13
2006,"苗栗縣","大湖鄉","N_INDI_16_54",4,3,3,0,3,3
2006,"苗栗縣","大湖鄉","N_INDI_55PLUS",4,1.25,0.5,1.89296944860009,0,4
2006,"苗栗縣","大湖鄉","N_INDI_55_64",4,0.75,0.5,0.957427107756338,0,2
2006,"苗栗縣","大湖鄉","N_INDI_65PLUS",4,0.5,0,1,0,2
2006,"苗栗縣","大湖鄉","N_INDI_7_15",4,1.75,1.5,2.06155281280883,0,4
2006,"苗栗縣","大湖鄉","N_INDI_UNDER6",4,1,1,0.816496580927726,0,2
2006,"苗栗縣","後龍鎮","N_FAMILY",1,9,9,,9,9
2006,"苗栗縣","後龍鎮","N_INDI",1,6,6,,6,6
2006,"苗栗縣","後龍鎮","N_INDI_16_54",1,4,4,,4,4
2006,"苗栗縣","後龍鎮","N_INDI_55PLUS",1,0,0,,0,0
2006,"苗栗縣","後龍鎮","N_INDI_55_64",1,0,0,,0,0
2006,"苗栗縣","後龍鎮","N_INDI_65PLUS",1,0,0,,0,0
2006,"苗栗縣","後龍鎮","N_INDI_7_15",1,0,0,,0,0
2006,"苗栗縣","後龍鎮","N_INDI_UNDER6",1,2,2,,2,2
2006,"苗栗縣","泰安鄉","N_FAMILY",92,5.18478260869565,5,3.26462675727404,1,21
2006,"苗栗縣","泰安鄉","N_INDI",92,5.03260869565217,4,3.23596237008141,1,21
2006,"苗栗縣","泰安鄉","N_INDI_16_54",92,1.96739130434783,2,1.6670767133744,0,10
2006,"苗栗縣","泰安鄉","N_INDI_55PLUS",92,1.33695652173913,1,0.940857382111382,0,4
2006,"苗栗縣","泰安鄉","N_INDI_55_64",92,0.66304347826087,0,0.78833771299946,0,3
2006,"苗栗縣","泰安鄉","N_INDI_65PLUS",92,0.673913043478261,1,0.757507417033632,0,3
2006,"苗栗縣","泰安鄉","N_INDI_7_15",92,0.793478260869565,0,1.17237472423612,0,6
2006,"苗栗縣","泰安鄉","N_INDI_UNDER6",92,0.934782608695652,0,1.41269244785328,0,7
2006,"苗栗縣","獅潭鄉","N_FAMILY",3,6.33333333333333,4,4.93288286231625,3,12
2006,"苗栗縣","獅潭鄉","N_INDI",3,6,4,5.29150262212918,2,12
2006,"苗栗縣","獅潭鄉","N_INDI_16_54",3,2.66666666666667,3,1.52752523165195,1,4
2006,"苗栗縣","獅潭鄉","N_INDI_55PLUS",3,0.666666666666667,1,0.577350269189626,0,1
2006,"苗栗縣","獅潭鄉","N_INDI_55_64",3,0.666666666666667,1,0.577350269189626,0,1
2006,"苗栗縣","獅潭鄉","N_INDI_65PLUS",3,0,0,0,0,0
2006,"苗栗縣","獅潭鄉","N_INDI_7_15",3,0.666666666666667,0,1.15470053837925,0,2
2006,"苗栗縣","獅潭鄉","N_INDI_UNDER6",3,2,0,3.46410161513775,0,6
2006,"苗栗縣","竹南鎮","N_FAMILY",2,4,4,0,4,4
2006,"苗栗縣","竹南鎮","N_INDI",2,3.5,3.5,0.707106781186548,3,4
2006,"苗栗縣","竹南鎮","N_INDI_16_54",2,2,2,1.4142135623731,1,3
2006,"苗栗縣","竹南鎮","N_INDI_55PLUS",2,0,0,0,0,0
2006,"苗栗縣","竹南鎮","N_INDI_55_64",2,0,0,0,0,0
2006,"苗栗縣","竹南鎮","N_INDI_65PLUS",2,0,0,0,0,0
2006,"苗栗縣","竹南鎮","N_INDI_7_15",2,1.5,1.5,0.707106781186548,1,2
2006,"苗栗縣","竹南鎮","N_INDI_UNDER6",2,0,0,0,0,0
2006,"苗栗縣","苑裡鎮","N_FAMILY",3,4,3,1.73205080756888,3,6
2006,"苗栗縣","苑裡鎮","N_INDI",3,3.33333333333333,3,2.51661147842358,1,6
2006,"苗栗縣","苑裡鎮","N_INDI_16_54",3,1.66666666666667,1,2.08166599946613,0,4
2006,"苗栗縣","苑裡鎮","N_INDI_55PLUS",3,1.33333333333333,2,1.15470053837925,0,2
2006,"苗栗縣","苑裡鎮","N_INDI_55_64",3,0.333333333333333,0,0.577350269189626,0,1
2006,"苗栗縣","苑裡鎮","N_INDI_65PLUS",3,1,1,1,0,2
2006,"苗栗縣","苑裡鎮","N_INDI_7_15",3,0.333333333333333,0,0.577350269189626,0,1
2006,"苗栗縣","苑裡鎮","N_INDI_UNDER6",3,0,0,0,0,0
2006,"苗栗縣","苗栗市","N_FAMILY",6,6.66666666666667,6,2.80475786239502,4,12
2006,"苗栗縣","苗栗市","N_INDI",6,6.33333333333333,6,2.42212028327799,4,11
2006,"苗栗縣","苗栗市","N_INDI_16_54",6,3.16666666666667,2.5,1.94079021706795,2,7
2006,"苗栗縣","苗栗市","N_INDI_55PLUS",6,0.5,0,0.836660026534076,0,2
2006,"苗栗縣","苗栗市","N_INDI_55_64",6,0.166666666666667,0,0.408248290463863,0,1
2006,"苗栗縣","苗栗市","N_INDI_65PLUS",6,0.333333333333333,0,0.816496580927726,0,2
2006,"苗栗縣","苗栗市","N_INDI_7_15",6,1.83333333333333,2,0.752772652709081,1,3
2006,"苗栗縣","苗栗市","N_INDI_UNDER6",6,0.833333333333333,0.5,1.16904519445001,0,3
2006,"苗栗縣","通霄鎮","N_FAMILY",2,2.5,2.5,0.707106781186548,2,3
2006,"苗栗縣","通霄鎮","N_INDI",2,2.5,2.5,0.707106781186548,2,3
2006,"苗栗縣","通霄鎮","N_INDI_16_54",2,2,2,0,2,2
2006,"苗栗縣","通霄鎮","N_INDI_55PLUS",2,0,0,0,0,0
2006,"苗栗縣","通霄鎮","N_INDI_55_64",2,0,0,0,0,0
2006,"苗栗縣","通霄鎮","N_INDI_65PLUS",2,0,0,0,0,0
2006,"苗栗縣","通霄鎮","N_INDI_7_15",2,0.5,0.5,0.707106781186548,0,1
2006,"苗栗縣","通霄鎮","N_INDI_UNDER6",2,0,0,0,0,0
2006,"苗栗縣","造橋鄉","N_FAMILY",1,5,5,,5,5
2006,"苗栗縣","造橋鄉","N_INDI",1,5,5,,5,5
2006,"苗栗縣","造橋鄉","N_INDI_16_54",1,5,5,,5,5
2006,"苗栗縣","造橋鄉","N_INDI_55PLUS",1,0,0,,0,0
2006,"苗栗縣","造橋鄉","N_INDI_55_64",1,0,0,,0,0
2006,"苗栗縣","造橋鄉","N_INDI_65PLUS",1,0,0,,0,0
2006,"苗栗縣","造橋鄉","N_INDI_7_15",1,0,0,,0,0
2006,"苗栗縣","造橋鄉","N_INDI_UNDER6",1,0,0,,0,0
2006,"苗栗縣","銅鑼鄉","N_FAMILY",1,7,7,,7,7
2006,"苗栗縣","銅鑼鄉","N_INDI",1,7,7,,7,7
2006,"苗栗縣","銅鑼鄉","N_INDI_16_54",1,1,1,,1,1
2006,"苗栗縣","銅鑼鄉","N_INDI_55PLUS",1,2,2,,2,2
2006,"苗栗縣","銅鑼鄉","N_INDI_55_64",1,0,0,,0,0
2006,"苗栗縣","銅鑼鄉","N_INDI_65PLUS",1,2,2,,2,2
2006,"苗栗縣","銅鑼鄉","N_INDI_7_15",1,3,3,,3,3
2006,"苗栗縣","銅鑼鄉","N_INDI_UNDER6",1,1,1,,1,1
2006,"苗栗縣","頭份鎮","N_FAMILY",7,5.28571428571429,6,1.97604704011871,3,8
2006,"苗栗縣","頭份鎮","N_INDI",7,5,6,1.63299316185545,3,7
2006,"苗栗縣","頭份鎮","N_INDI_16_54",7,3.14285714285714,3,1.4638501094228,2,6
2006,"苗栗縣","頭份鎮","N_INDI_55PLUS",7,0.285714285714286,0,0.755928946018454,0,2
2006,"苗栗縣","頭份鎮","N_INDI_55_64",7,0.285714285714286,0,0.755928946018454,0,2
2006,"苗栗縣","頭份鎮","N_INDI_65PLUS",7,0,0,0,0,0
2006,"苗栗縣","頭份鎮","N_INDI_7_15",7,0.857142857142857,1,1.0690449676497,0,3
2006,"苗栗縣","頭份鎮","N_INDI_UNDER6",7,0.714285714285714,0,1.25356634105602,0,3
2006,"連江縣","南竿鄉","N_FAMILY",1,5,5,,5,5
2006,"連江縣","南竿鄉","N_INDI",1,5,5,,5,5
2006,"連江縣","南竿鄉","N_INDI_16_54",1,2,2,,2,2
2006,"連江縣","南竿鄉","N_INDI_55PLUS",1,0,0,,0,0
2006,"連江縣","南竿鄉","N_INDI_55_64",1,0,0,,0,0
2006,"連江縣","南竿鄉","N_INDI_65PLUS",1,0,0,,0,0
2006,"連江縣","南竿鄉","N_INDI_7_15",1,3,3,,3,3
2006,"連江縣","南竿鄉","N_INDI_UNDER6",1,0,0,,0,0
2006,"連江縣","莒光鄉","N_FAMILY",1,5,5,,5,5
2006,"連江縣","莒光鄉","N_INDI",1,1,1,,1,1
2006,"連江縣","莒光鄉","N_INDI_16_54",1,1,1,,1,1
2006,"連江縣","莒光鄉","N_INDI_55PLUS",1,0,0,,0,0
2006,"連江縣","莒光鄉","N_INDI_55_64",1,0,0,,0,0
2006,"連江縣","莒光鄉","N_INDI_65PLUS",1,0,0,,0,0
2006,"連江縣","莒光鄉","N_INDI_7_15",1,0,0,,0,0
2006,"連江縣","莒光鄉","N_INDI_UNDER6",1,0,0,,0,0
2006,"金門縣","金寧鎮","N_FAMILY",1,4,4,,4,4
2006,"金門縣","金寧鎮","N_INDI",1,3,3,,3,3
2006,"金門縣","金寧鎮","N_INDI_16_54",1,1,1,,1,1
2006,"金門縣","金寧鎮","N_INDI_55PLUS",1,0,0,,0,0
2006,"金門縣","金寧鎮","N_INDI_55_64",1,0,0,,0,0
2006,"金門縣","金寧鎮","N_INDI_65PLUS",1,0,0,,0,0
2006,"金門縣","金寧鎮","N_INDI_7_15",1,0,0,,0,0
2006,"金門縣","金寧鎮","N_INDI_UNDER6",1,2,2,,2,2
2006,"金門縣","金沙鎮","N_FAMILY",1,2,2,,2,2
2006,"金門縣","金沙鎮","N_INDI",1,2,2,,2,2
2006,"金門縣","金沙鎮","N_INDI_16_54",1,1,1,,1,1
2006,"金門縣","金沙鎮","N_INDI_55PLUS",1,0,0,,0,0
2006,"金門縣","金沙鎮","N_INDI_55_64",1,0,0,,0,0
2006,"金門縣","金沙鎮","N_INDI_65PLUS",1,0,0,,0,0
2006,"金門縣","金沙鎮","N_INDI_7_15",1,1,1,,1,1
2006,"金門縣","金沙鎮","N_INDI_UNDER6",1,0,0,,0,0
2006,"金門縣","金湖鎮","N_FAMILY",1,2,2,,2,2
2006,"金門縣","金湖鎮","N_INDI",1,1,1,,1,1
2006,"金門縣","金湖鎮","N_INDI_16_54",1,1,1,,1,1
2006,"金門縣","金湖鎮","N_INDI_55PLUS",1,0,0,,0,0
2006,"金門縣","金湖鎮","N_INDI_55_64",1,0,0,,0,0
2006,"金門縣","金湖鎮","N_INDI_65PLUS",1,0,0,,0,0
2006,"金門縣","金湖鎮","N_INDI_7_15",1,0,0,,0,0
2006,"金門縣","金湖鎮","N_INDI_UNDER6",1,0,0,,0,0
2006,"雲林縣","斗六市","N_FAMILY",1,2,2,,2,2
2006,"雲林縣","斗六市","N_INDI",1,1,1,,1,1
2006,"雲林縣","斗六市","N_INDI_16_54",1,1,1,,1,1
2006,"雲林縣","斗六市","N_INDI_55PLUS",1,0,0,,0,0
2006,"雲林縣","斗六市","N_INDI_55_64",1,0,0,,0,0
2006,"雲林縣","斗六市","N_INDI_65PLUS",1,0,0,,0,0
2006,"雲林縣","斗六市","N_INDI_7_15",1,0,0,,0,0
2006,"雲林縣","斗六市","N_INDI_UNDER6",1,0,0,,0,0
2006,"雲林縣","斗南鎮","N_FAMILY",1,5,5,,5,5
2006,"雲林縣","斗南鎮","N_INDI",1,3,3,,3,3
2006,"雲林縣","斗南鎮","N_INDI_16_54",1,1,1,,1,1
2006,"雲林縣","斗南鎮","N_INDI_55PLUS",1,0,0,,0,0
2006,"雲林縣","斗南鎮","N_INDI_55_64",1,0,0,,0,0
2006,"雲林縣","斗南鎮","N_INDI_65PLUS",1,0,0,,0,0
2006,"雲林縣","斗南鎮","N_INDI_7_15",1,2,2,,2,2
2006,"雲林縣","斗南鎮","N_INDI_UNDER6",1,0,0,,0,0
2006,"雲林縣","虎尾鎮","N_FAMILY",1,4,4,,4,4
2006,"雲林縣","虎尾鎮","N_INDI",1,1,1,,1,1
2006,"雲林縣","虎尾鎮","N_INDI_16_54",1,1,1,,1,1
2006,"雲林縣","虎尾鎮","N_INDI_55PLUS",1,0,0,,0,0
2006,"雲林縣","虎尾鎮","N_INDI_55_64",1,0,0,,0,0
2006,"雲林縣","虎尾鎮","N_INDI_65PLUS",1,0,0,,0,0
2006,"雲林縣","虎尾鎮","N_INDI_7_15",1,0,0,,0,0
2006,"雲林縣","虎尾鎮","N_INDI_UNDER6",1,0,0,,0,0
2006,"雲林縣","褒忠鄉","N_FAMILY",1,13,13,,13,13
2006,"雲林縣","褒忠鄉","N_INDI",1,13,13,,13,13
2006,"雲林縣","褒忠鄉","N_INDI_16_54",1,7,7,,7,7
2006,"雲林縣","褒忠鄉","N_INDI_55PLUS",1,1,1,,1,1
2006,"雲林縣","褒忠鄉","N_INDI_55_64",1,1,1,,1,1
2006,"雲林縣","褒忠鄉","N_INDI_65PLUS",1,0,0,,0,0
2006,"雲林縣","褒忠鄉","N_INDI_7_15",1,4,4,,4,4
2006,"雲林縣","褒忠鄉","N_INDI_UNDER6",1,1,1,,1,1
2006,"雲林縣","麥寮鄉","N_FAMILY",16,3.3125,4,1.74045013334673,1,7
2006,"雲林縣","麥寮鄉","N_INDI",16,3.0625,3,1.69189243156886,1,7
2006,"雲林縣","麥寮鄉","N_INDI_16_54",16,1.9375,2,1.28937969582276,1,6
2006,"雲林縣","麥寮鄉","N_INDI_55PLUS",16,0,0,0,0,0
2006,"雲林縣","麥寮鄉","N_INDI_55_64",16,0,0,0,0,0
2006,"雲林縣","麥寮鄉","N_INDI_65PLUS",16,0,0,0,0,0
2006,"雲林縣","麥寮鄉","N_INDI_7_15",16,0.5,0,0.816496580927726,0,2
2006,"雲林縣","麥寮鄉","N_INDI_UNDER6",16,0.625,0,0.806225774829855,0,2
2006,"高雄市","三民區","N_FAMILY",7,2.57142857142857,3,1.51185789203691,1,4
2006,"高雄市","三民區","N_INDI",7,2.14285714285714,3,1.0690449676497,1,3
2006,"高雄市","三民區","N_INDI_16_54",7,1.71428571428571,1,0.951189731211342,1,3
2006,"高雄市","三民區","N_INDI_55PLUS",7,0.142857142857143,0,0.377964473009227,0,1
2006,"高雄市","三民區","N_INDI_55_64",7,0.142857142857143,0,0.377964473009227,0,1
2006,"高雄市","三民區","N_INDI_65PLUS",7,0,0,0,0,0
2006,"高雄市","三民區","N_INDI_7_15",7,0.285714285714286,0,0.755928946018454,0,2
2006,"高雄市","三民區","N_INDI_UNDER6",7,0,0,0,0,0
2006,"高雄市","前鎮區","N_FAMILY",26,3.65384615384615,3,1.93788147609306,1,10
2006,"高雄市","前鎮區","N_INDI",26,3.57692307692308,3,1.98339258691923,1,10
2006,"高雄市","前鎮區","N_INDI_16_54",26,2.34615384615385,2,1.41258083499126,0,7
2006,"高雄市","前鎮區","N_INDI_55PLUS",26,0.269230769230769,0,0.666794859469826,0,2
2006,"高雄市","前鎮區","N_INDI_55_64",26,0.153846153846154,0,0.543492976389406,0,2
2006,"高雄市","前鎮區","N_INDI_65PLUS",26,0.115384615384615,0,0.431455497304005,0,2
2006,"高雄市","前鎮區","N_INDI_7_15",26,0.538461538461538,0,0.859337848847319,0,3
2006,"高雄市","前鎮區","N_INDI_UNDER6",26,0.423076923076923,0,0.702741882803461,0,3
2006,"高雄市","小港區","N_FAMILY",23,4.52173913043478,4,1.72862439312018,1,8
2006,"高雄市","小港區","N_INDI",23,4.21739130434783,4,1.88188787558786,1,8
2006,"高雄市","小港區","N_INDI_16_54",23,2.34782608695652,2,1.22877232346961,1,5
2006,"高雄市","小港區","N_INDI_55PLUS",23,0.173913043478261,0,0.491026190103531,0,2
2006,"高雄市","小港區","N_INDI_55_64",23,0.0869565217391304,0,0.28810406552003,0,1
2006,"高雄市","小港區","N_INDI_65PLUS",23,0.0869565217391304,0,0.28810406552003,0,1
2006,"高雄市","小港區","N_INDI_7_15",23,1.04347826086957,0,1.39734361198686,0,5
2006,"高雄市","小港區","N_INDI_UNDER6",23,0.652173913043478,0,1.02729546303848,0,3
2006,"高雄市","左營區","N_FAMILY",38,3.63157894736842,4,1.96484030891694,1,10
2006,"高雄市","左營區","N_INDI",38,3.13157894736842,3,2.00231018780644,1,10
2006,"高雄市","左營區","N_INDI_16_54",38,1.52631578947368,1,1.20217914987435,0,6
2006,"高雄市","左營區","N_INDI_55PLUS",38,0.368421052631579,0,0.589138291092418,0,2
2006,"高雄市","左營區","N_INDI_55_64",38,0.184210526315789,0,0.456500386779075,0,2
2006,"高雄市","左營區","N_INDI_65PLUS",38,0.184210526315789,0,0.456500386779075,0,2
2006,"高雄市","左營區","N_INDI_7_15",38,0.578947368421053,0,1.00354988691815,0,3
2006,"高雄市","左營區","N_INDI_UNDER6",38,0.657894736842105,0,0.937977000509642,0,3
2006,"高雄市","新興區","N_FAMILY",3,2.33333333333333,2,0.577350269189626,2,3
2006,"高雄市","新興區","N_INDI",3,2.33333333333333,2,0.577350269189626,2,3
2006,"高雄市","新興區","N_INDI_16_54",3,1.33333333333333,2,1.15470053837925,0,2
2006,"高雄市","新興區","N_INDI_55PLUS",3,0.666666666666667,0,1.15470053837925,0,2
2006,"高雄市","新興區","N_INDI_55_64",3,0.333333333333333,0,0.577350269189626,0,1
2006,"高雄市","新興區","N_INDI_65PLUS",3,0.333333333333333,0,0.577350269189626,0,1
2006,"高雄市","新興區","N_INDI_7_15",3,0.333333333333333,0,0.577350269189626,0,1
2006,"高雄市","新興區","N_INDI_UNDER6",3,0,0,0,0,0
2006,"高雄市","楠梓區","N_FAMILY",18,3.55555555555556,3.5,2.17532207817391,1,8
2006,"高雄市","楠梓區","N_INDI",18,3.38888888888889,3,2.25281233099715,1,8
2006,"高雄市","楠梓區","N_INDI_16_54",18,1.77777777777778,2,1.26284252455723,0,5
2006,"高雄市","楠梓區","N_INDI_55PLUS",18,0.388888888888889,0,0.607684988914186,0,2
2006,"高雄市","楠梓區","N_INDI_55_64",18,0.166666666666667,0,0.383482494423685,0,1
2006,"高雄市","楠梓區","N_INDI_65PLUS",18,0.222222222222222,0,0.548318880553316,0,2
2006,"高雄市","楠梓區","N_INDI_7_15",18,0.888888888888889,0,1.1826634392157,0,3
2006,"高雄市","楠梓區","N_INDI_UNDER6",18,0.333333333333333,0,0.594088525786005,0,2
2006,"高雄市","苓雅區","N_FAMILY",9,3.33333333333333,3,1.3228756555323,1,5
2006,"高雄市","苓雅區","N_INDI",9,3.11111111111111,3,1.36422546197874,1,5
2006,"高雄市","苓雅區","N_INDI_16_54",9,2.44444444444444,3,1.23603308118261,1,4
2006,"高雄市","苓雅區","N_INDI_55PLUS",9,0.111111111111111,0,0.333333333333333,0,1
2006,"高雄市","苓雅區","N_INDI_55_64",9,0.111111111111111,0,0.333333333333333,0,1
2006,"高雄市","苓雅區","N_INDI_65PLUS",9,0,0,0,0,0
2006,"高雄市","苓雅區","N_INDI_7_15",9,0.111111111111111,0,0.333333333333333,0,1
2006,"高雄市","苓雅區","N_INDI_UNDER6",9,0.444444444444444,0,0.726483157256779,0,2
2006,"高雄市","鹽埕區","N_FAMILY",4,3.25,3,1.25830573921179,2,5
2006,"高雄市","鹽埕區","N_INDI",4,3,2.5,1.4142135623731,2,5
2006,"高雄市","鹽埕區","N_INDI_16_54",4,3,2.5,1.4142135623731,2,5
2006,"高雄市","鹽埕區","N_INDI_55PLUS",4,0,0,0,0,0
2006,"高雄市","鹽埕區","N_INDI_55_64",4,0,0,0,0,0
2006,"高雄市","鹽埕區","N_INDI_65PLUS",4,0,0,0,0,0
2006,"高雄市","鹽埕區","N_INDI_7_15",4,0,0,0,0,0
2006,"高雄市","鹽埕區","N_INDI_UNDER6",4,0,0,0,0,0
2006,"高雄市","鼓山區","N_FAMILY",3,5.66666666666667,5,3.05505046330389,3,9
2006,"高雄市","鼓山區","N_INDI",3,5,5,3,2,8
2006,"高雄市","鼓山區","N_INDI_16_54",3,3.33333333333333,3,1.52752523165195,2,5
2006,"高雄市","鼓山區","N_INDI_55PLUS",3,1,1,1,0,2
2006,"高雄市","鼓山區","N_INDI_55_64",3,1,1,1,0,2
2006,"高雄市","鼓山區","N_INDI_65PLUS",3,0,0,0,0,0
2006,"高雄市","鼓山區","N_INDI_7_15",3,0.666666666666667,0,1.15470053837925,0,2
2006,"高雄市","鼓山區","N_INDI_UNDER6",3,0,0,0,0,0
2006,"高雄縣","三民鄉","N_FAMILY",69,4.59420289855072,4,2.30293189460043,1,12
2006,"高雄縣","三民鄉","N_INDI",69,4.50724637681159,4,2.33025616116364,1,12
2006,"高雄縣","三民鄉","N_INDI_16_54",69,2.42028985507246,2,1.68388379071445,0,8
2006,"高雄縣","三民鄉","N_INDI_55PLUS",69,0.565217391304348,0,0.848497995934498,0,3
2006,"高雄縣","三民鄉","N_INDI_55_64",69,0.391304347826087,0,0.711613562189889,0,2
2006,"高雄縣","三民鄉","N_INDI_65PLUS",69,0.173913043478261,0,0.418559214277714,0,2
2006,"高雄縣","三民鄉","N_INDI_7_15",69,0.840579710144927,0,1.24408232664266,0,6
2006,"高雄縣","三民鄉","N_INDI_UNDER6",69,0.681159420289855,0,1.28901186074939,0,7
2006,"高雄縣","六龜鄉","N_FAMILY",2,1.5,1.5,0.707106781186548,1,2
2006,"高雄縣","六龜鄉","N_INDI",2,1.5,1.5,0.707106781186548,1,2
2006,"高雄縣","六龜鄉","N_INDI_16_54",2,1.5,1.5,0.707106781186548,1,2
2006,"高雄縣","六龜鄉","N_INDI_55PLUS",2,0,0,0,0,0
2006,"高雄縣","六龜鄉","N_INDI_55_64",2,0,0,0,0,0
2006,"高雄縣","六龜鄉","N_INDI_65PLUS",2,0,0,0,0,0
2006,"高雄縣","六龜鄉","N_INDI_7_15",2,0,0,0,0,0
2006,"高雄縣","六龜鄉","N_INDI_UNDER6",2,0,0,0,0,0
2006,"高雄縣","大寮鄉","N_FAMILY",3,6,6,4,2,10
2006,"高雄縣","大寮鄉","N_INDI",3,1.33333333333333,1,0.577350269189626,1,2
2006,"高雄縣","大寮鄉","N_INDI_16_54",3,1.33333333333333,1,0.577350269189626,1,2
2006,"高雄縣","大寮鄉","N_INDI_55PLUS",3,0,0,0,0,0
2006,"高雄縣","大寮鄉","N_INDI_55_64",3,0,0,0,0,0
2006,"高雄縣","大寮鄉","N_INDI_65PLUS",3,0,0,0,0,0
2006,"高雄縣","大寮鄉","N_INDI_7_15",3,0,0,0,0,0
2006,"高雄縣","大寮鄉","N_INDI_UNDER6",3,0,0,0,0,0
2006,"高雄縣","大樹鄉","N_FAMILY",4,3.75,4,1.5,2,5
2006,"高雄縣","大樹鄉","N_INDI",4,3.75,4,1.5,2,5
2006,"高雄縣","大樹鄉","N_INDI_16_54",4,2.5,2.5,0.577350269189626,2,3
2006,"高雄縣","大樹鄉","N_INDI_55PLUS",4,0,0,0,0,0
2006,"高雄縣","大樹鄉","N_INDI_55_64",4,0,0,0,0,0
2006,"高雄縣","大樹鄉","N_INDI_65PLUS",4,0,0,0,0,0
2006,"高雄縣","大樹鄉","N_INDI_7_15",4,0.75,0.5,0.957427107756338,0,2
2006,"高雄縣","大樹鄉","N_INDI_UNDER6",4,0.5,0,1,0,2
2006,"高雄縣","岡山鎮","N_FAMILY",11,4.27272727272727,4,1.27207775634268,2,6
2006,"高雄縣","岡山鎮","N_INDI",11,3.09090909090909,3,1.51357493732854,1,6
2006,"高雄縣","岡山鎮","N_INDI_16_54",11,1.63636363636364,1,1.74772579501061,0,6
2006,"高雄縣","岡山鎮","N_INDI_55PLUS",11,0.181818181818182,0,0.404519917477945,0,1
2006,"高雄縣","岡山鎮","N_INDI_55_64",11,0.181818181818182,0,0.404519917477945,0,1
2006,"高雄縣","岡山鎮","N_INDI_65PLUS",11,0,0,0,0,0
2006,"高雄縣","岡山鎮","N_INDI_7_15",11,1,1,1.18321595661992,0,3
2006,"高雄縣","岡山鎮","N_INDI_UNDER6",11,0.272727272727273,0,0.467099366496914,0,1
2006,"高雄縣","未知地區","N_FAMILY",1,11,11,,11,11
2006,"高雄縣","未知地區","N_INDI",1,1,1,,1,1
2006,"高雄縣","未知地區","N_INDI_16_54",1,1,1,,1,1
2006,"高雄縣","未知地區","N_INDI_55PLUS",1,0,0,,0,0
2006,"高雄縣","未知地區","N_INDI_55_64",1,0,0,,0,0
2006,"高雄縣","未知地區","N_INDI_65PLUS",1,0,0,,0,0
2006,"高雄縣","未知地區","N_INDI_7_15",1,0,0,,0,0
2006,"高雄縣","未知地區","N_INDI_UNDER6",1,0,0,,0,0
2006,"高雄縣","杉林鄉","N_FAMILY",3,4.33333333333333,4,1.52752523165195,3,6
2006,"高雄縣","杉林鄉","N_INDI",3,4,4,2,2,6
2006,"高雄縣","杉林鄉","N_INDI_16_54",3,3,3,1,2,4
2006,"高雄縣","杉林鄉","N_INDI_55PLUS",3,0.333333333333333,0,0.577350269189626,0,1
2006,"高雄縣","杉林鄉","N_INDI_55_64",3,0.333333333333333,0,0.577350269189626,0,1
2006,"高雄縣","杉林鄉","N_INDI_65PLUS",3,0,0,0,0,0
2006,"高雄縣","杉林鄉","N_INDI_7_15",3,0.666666666666667,0,1.15470053837925,0,2
2006,"高雄縣","杉林鄉","N_INDI_UNDER6",3,0,0,0,0,0
2006,"高雄縣","林園鄉","N_FAMILY",2,4,4,0,4,4
2006,"高雄縣","林園鄉","N_INDI",2,3,3,1.4142135623731,2,4
2006,"高雄縣","林園鄉","N_INDI_16_54",2,1.5,1.5,0.707106781186548,1,2
2006,"高雄縣","林園鄉","N_INDI_55PLUS",2,0.5,0.5,0.707106781186548,0,1
2006,"高雄縣","林園鄉","N_INDI_55_64",2,0.5,0.5,0.707106781186548,0,1
2006,"高雄縣","林園鄉","N_INDI_65PLUS",2,0,0,0,0,0
2006,"高雄縣","林園鄉","N_INDI_7_15",2,0,0,0,0,0
2006,"高雄縣","林園鄉","N_INDI_UNDER6",2,1,1,1.4142135623731,0,2
2006,"高雄縣","桃源鄉","N_FAMILY",47,4.80851063829787,5,2.22279003949248,1,11
2006,"高雄縣","桃源鄉","N_INDI",47,4.68085106382979,4,2.32291405237626,1,11
2006,"高雄縣","桃源鄉","N_INDI_16_54",47,2.46808510638298,3,1.36495045028377,0,6
2006,"高雄縣","桃源鄉","N_INDI_55PLUS",47,0.680851063829787,0,0.836825860507466,0,3
2006,"高雄縣","桃源鄉","N_INDI_55_64",47,0.425531914893617,0,0.68349106578124,0,3
2006,"高雄縣","桃源鄉","N_INDI_65PLUS",47,0.25531914893617,0,0.530302830071525,0,2
2006,"高雄縣","桃源鄉","N_INDI_7_15",47,0.808510638297872,0,1.13517472074721,0,5
2006,"高雄縣","桃源鄉","N_INDI_UNDER6",47,0.723404255319149,0,0.948732052234992,0,4
2006,"高雄縣","梓官鄉","N_FAMILY",11,4.54545454545455,4,2.01809991643805,2,9
2006,"高雄縣","梓官鄉","N_INDI",11,3.09090909090909,3,1.44599761096244,1,5
2006,"高雄縣","梓官鄉","N_INDI_16_54",11,2.36363636363636,3,1.02691063610494,1,4
2006,"高雄縣","梓官鄉","N_INDI_55PLUS",11,0,0,0,0,0
2006,"高雄縣","梓官鄉","N_INDI_55_64",11,0,0,0,0,0
2006,"高雄縣","梓官鄉","N_INDI_65PLUS",11,0,0,0,0,0
2006,"高雄縣","梓官鄉","N_INDI_7_15",11,0.636363636363636,1,0.674199862463242,0,2
2006,"高雄縣","梓官鄉","N_INDI_UNDER6",11,0.0909090909090909,0,0.301511344577764,0,1
2006,"高雄縣","永安鄉","N_FAMILY",1,4,4,,4,4
2006,"高雄縣","永安鄉","N_INDI",1,4,4,,4,4
2006,"高雄縣","永安鄉","N_INDI_16_54",1,4,4,,4,4
2006,"高雄縣","永安鄉","N_INDI_55PLUS",1,0,0,,0,0
2006,"高雄縣","永安鄉","N_INDI_55_64",1,0,0,,0,0
2006,"高雄縣","永安鄉","N_INDI_65PLUS",1,0,0,,0,0
2006,"高雄縣","永安鄉","N_INDI_7_15",1,0,0,,0,0
2006,"高雄縣","永安鄉","N_INDI_UNDER6",1,0,0,,0,0
2006,"高雄縣","燕巢鄉","N_FAMILY",1,6,6,,6,6
2006,"高雄縣","燕巢鄉","N_INDI",1,6,6,,6,6
2006,"高雄縣","燕巢鄉","N_INDI_16_54",1,2,2,,2,2
2006,"高雄縣","燕巢鄉","N_INDI_55PLUS",1,0,0,,0,0
2006,"高雄縣","燕巢鄉","N_INDI_55_64",1,0,0,,0,0
2006,"高雄縣","燕巢鄉","N_INDI_65PLUS",1,0,0,,0,0
2006,"高雄縣","燕巢鄉","N_INDI_7_15",1,3,3,,3,3
2006,"高雄縣","燕巢鄉","N_INDI_UNDER6",1,1,1,,1,1
2006,"高雄縣","甲仙鄉","N_FAMILY",3,3.33333333333333,3,1.52752523165195,2,5
2006,"高雄縣","甲仙鄉","N_INDI",3,2,2,1,1,3
2006,"高雄縣","甲仙鄉","N_INDI_16_54",3,1.66666666666667,1,1.15470053837925,1,3
2006,"高雄縣","甲仙鄉","N_INDI_55PLUS",3,0.333333333333333,0,0.577350269189626,0,1
2006,"高雄縣","甲仙鄉","N_INDI_55_64",3,0.333333333333333,0,0.577350269189626,0,1
2006,"高雄縣","甲仙鄉","N_INDI_65PLUS",3,0,0,0,0,0
2006,"高雄縣","甲仙鄉","N_INDI_7_15",3,0,0,0,0,0
2006,"高雄縣","甲仙鄉","N_INDI_UNDER6",3,0,0,0,0,0
2006,"高雄縣","茂林鄉","N_FAMILY",47,4.14893617021277,4,3.14143918419744,1,17
2006,"高雄縣","茂林鄉","N_INDI",47,4.02127659574468,3,3.17249978039625,1,17
2006,"高雄縣","茂林鄉","N_INDI_16_54",47,1.74468085106383,1,1.75037989797473,0,7
2006,"高雄縣","茂林鄉","N_INDI_55PLUS",47,1,1,0.807572853087248,0,2
2006,"高雄縣","茂林鄉","N_INDI_55_64",47,0.382978723404255,0,0.533780262938489,0,2
2006,"高雄縣","茂林鄉","N_INDI_65PLUS",47,0.617021276595745,0,0.738776647113371,0,2
2006,"高雄縣","茂林鄉","N_INDI_7_15",47,0.808510638297872,0,1.32924133105645,0,7
2006,"高雄縣","茂林鄉","N_INDI_UNDER6",47,0.468085106382979,0,1.11999735694151,0,5
2006,"高雄縣","鳳山市","N_FAMILY",40,3.7,4,1.87014328259519,1,10
2006,"高雄縣","鳳山市","N_INDI",40,2.975,3,2.08151202439292,1,10
2006,"高雄縣","鳳山市","N_INDI_16_54",40,1.95,2,1.29990137692965,0,4
2006,"高雄縣","鳳山市","N_INDI_55PLUS",40,0.45,0,0.638507875982989,0,3
2006,"高雄縣","鳳山市","N_INDI_55_64",40,0.2,0,0.464095480892257,0,2
2006,"高雄縣","鳳山市","N_INDI_65PLUS",40,0.25,0,0.438529009653515,0,1
2006,"高雄縣","鳳山市","N_INDI_7_15",40,0.425,0,0.930604986568222,0,5
2006,"高雄縣","鳳山市","N_INDI_UNDER6",40,0.15,0,0.36162028533979,0,1
2010,"南投縣","仁愛鄉","N_FAMILY",107,3.72897196261682,3,2.30082058150198,1,12
2010,"南投縣","仁愛鄉","N_INDI",107,3.64485981308411,3,2.21168567339441,1,11
2010,"南投縣","仁愛鄉","N_INDI_16_54",107,2.24299065420561,2,1.74745702835565,0,9
2010,"南投縣","仁愛鄉","N_INDI_55PLUS",107,0.476635514018692,0,0.731318199755,0,4
2010,"南投縣","仁愛鄉","N_INDI_55_64",107,0.252336448598131,0,0.567906747990974,0,3
2010,"南投縣","仁愛鄉","N_INDI_65PLUS",107,0.224299065420561,0,0.441019642204788,0,2
2010,"南投縣","仁愛鄉","N_INDI_7_15",107,0.700934579439252,0,1.34033896917293,0,6
2010,"南投縣","仁愛鄉","N_INDI_UNDER6",107,0.224299065420561,0,0.554712422774405,0,3
2010,"南投縣","信義鄉","N_FAMILY",63,3.57142857142857,3,2.14562033825761,1,9
2010,"南投縣","信義鄉","N_INDI",63,3.47619047619048,3,2.1616685823474,1,9
2010,"南投縣","信義鄉","N_INDI_16_54",63,2.63492063492063,2,1.75335243224633,0,7
2010,"南投縣","信義鄉","N_INDI_55PLUS",63,0.380952380952381,0,0.607176740718916,0,2
2010,"南投縣","信義鄉","N_INDI_55_64",63,0.253968253968254,0,0.506991568557937,0,2
2010,"南投縣","信義鄉","N_INDI_65PLUS",63,0.126984126984127,0,0.38066425355887,0,2
2010,"南投縣","信義鄉","N_INDI_7_15",63,0.222222222222222,0,0.633587951081989,0,3
2010,"南投縣","信義鄉","N_INDI_UNDER6",63,0.238095238095238,0,0.688951651337149,0,3
2010,"南投縣","南投市","N_FAMILY",4,3.5,3,1.73205080756888,2,6
2010,"南投縣","南投市","N_INDI",4,3.5,3,1.73205080756888,2,6
2010,"南投縣","南投市","N_INDI_16_54",4,2,2,0.816496580927726,1,3
2010,"南投縣","南投市","N_INDI_55PLUS",4,0.5,0,1,0,2
2010,"南投縣","南投市","N_INDI_55_64",4,0.25,0,0.5,0,1
2010,"南投縣","南投市","N_INDI_65PLUS",4,0.25,0,0.5,0,1
2010,"南投縣","南投市","N_INDI_7_15",4,1,0.5,1.4142135623731,0,3
2010,"南投縣","南投市","N_INDI_UNDER6",4,0,0,0,0,0
2010,"南投縣","埔里鎮","N_FAMILY",41,3.80487804878049,4,1.47002571737915,1,7
2010,"南投縣","埔里鎮","N_INDI",41,3.51219512195122,4,1.50203114514167,1,7
2010,"南投縣","埔里鎮","N_INDI_16_54",41,2.26829268292683,2,1.16241967988981,0,5
2010,"南投縣","埔里鎮","N_INDI_55PLUS",41,0.292682926829268,0,0.558744236615663,0,2
2010,"南投縣","埔里鎮","N_INDI_55_64",41,0.170731707317073,0,0.441726104299386,0,2
2010,"南投縣","埔里鎮","N_INDI_65PLUS",41,0.121951219512195,0,0.399695005674296,0,2
2010,"南投縣","埔里鎮","N_INDI_7_15",41,0.658536585365854,0,0.883452208598772,0,3
2010,"南投縣","埔里鎮","N_INDI_UNDER6",41,0.292682926829268,0,0.679849337685358,0,3
2010,"南投縣","草屯鎮","N_FAMILY",14,4.28571428571429,5,1.72887564301513,1,7
2010,"南投縣","草屯鎮","N_INDI",14,2.78571428571429,2,1.88836809598501,1,7
2010,"南投縣","草屯鎮","N_INDI_16_54",14,1.85714285714286,1,1.35062053300541,0,4
2010,"南投縣","草屯鎮","N_INDI_55PLUS",14,0.142857142857143,0,0.363136519601281,0,1
2010,"南投縣","草屯鎮","N_INDI_55_64",14,0.142857142857143,0,0.363136519601281,0,1
2010,"南投縣","草屯鎮","N_INDI_65PLUS",14,0,0,0,0,0
2010,"南投縣","草屯鎮","N_INDI_7_15",14,0.5,0,0.94053994312596,0,3
2010,"南投縣","草屯鎮","N_INDI_UNDER6",14,0.285714285714286,0,0.611249845502127,0,2
2010,"南投縣","魚池鄉","N_FAMILY",11,2.18181818181818,2,1.25045446283996,1,4
2010,"南投縣","魚池鄉","N_INDI",11,1.90909090909091,2,1.04446593573419,1,4
2010,"南投縣","魚池鄉","N_INDI_16_54",11,1.27272727272727,1,1.1037127426019,0,4
2010,"南投縣","魚池鄉","N_INDI_55PLUS",11,0.363636363636364,0,0.504524979109513,0,1
2010,"南投縣","魚池鄉","N_INDI_55_64",11,0.181818181818182,0,0.404519917477945,0,1
2010,"南投縣","魚池鄉","N_INDI_65PLUS",11,0.181818181818182,0,0.404519917477945,0,1
2010,"南投縣","魚池鄉","N_INDI_7_15",11,0.272727272727273,0,0.646669790682863,0,2
2010,"南投縣","魚池鄉","N_INDI_UNDER6",11,0,0,0,0,0
2010,"嘉義市","東區","N_FAMILY",37,3.43243243243243,3,1.25920037547071,1,7
2010,"嘉義市","東區","N_INDI",37,2.78378378378378,3,1.51171600682314,1,7
2010,"嘉義市","東區","N_INDI_16_54",37,1.78378378378378,2,1.05764768170626,0,4
2010,"嘉義市","東區","N_INDI_55PLUS",37,0.108108108108108,0,0.314800093867678,0,1
2010,"嘉義市","東區","N_INDI_55_64",37,0.0810810810810811,0,0.27672473069203,0,1
2010,"嘉義市","東區","N_INDI_65PLUS",37,0.027027027027027,0,0.164398987305357,0,1
2010,"嘉義市","東區","N_INDI_7_15",37,0.540540540540541,0,0.900450337781496,0,4
2010,"嘉義市","東區","N_INDI_UNDER6",37,0.351351351351351,0,0.753370803500884,0,3
2010,"嘉義市","西區","N_FAMILY",20,4.45,5,1.50350467767462,1,7
2010,"嘉義市","西區","N_INDI",20,2.05,1.5,1.356271980176,1,5
2010,"嘉義市","西區","N_INDI_16_54",20,1.85,1,1.34848843251679,1,5
2010,"嘉義市","西區","N_INDI_55PLUS",20,0,0,0,0,0
2010,"嘉義市","西區","N_INDI_55_64",20,0,0,0,0,0
2010,"嘉義市","西區","N_INDI_65PLUS",20,0,0,0,0,0
2010,"嘉義市","西區","N_INDI_7_15",20,0,0,0,0,0
2010,"嘉義市","西區","N_INDI_UNDER6",20,0.2,0,0.615587011251092,0,2
2010,"嘉義縣","中埔鄉","N_FAMILY",10,2.3,2,1.63639169448448,1,6
2010,"嘉義縣","中埔鄉","N_INDI",10,1.3,1,0.483045891539648,1,2
2010,"嘉義縣","中埔鄉","N_INDI_16_54",10,1.1,1,0.316227766016838,1,2
2010,"嘉義縣","中埔鄉","N_INDI_55PLUS",10,0.1,0,0.316227766016838,0,1
2010,"嘉義縣","中埔鄉","N_INDI_55_64",10,0.1,0,0.316227766016838,0,1
2010,"嘉義縣","中埔鄉","N_INDI_65PLUS",10,0,0,0,0,0
2010,"嘉義縣","中埔鄉","N_INDI_7_15",10,0,0,0,0,0
2010,"嘉義縣","中埔鄉","N_INDI_UNDER6",10,0.1,0,0.316227766016838,0,1
2010,"嘉義縣","大林鎮","N_FAMILY",5,3,3,1,2,4
2010,"嘉義縣","大林鎮","N_INDI",5,2.4,3,1.34164078649987,1,4
2010,"嘉義縣","大林鎮","N_INDI_16_54",5,2.4,3,1.34164078649987,1,4
2010,"嘉義縣","大林鎮","N_INDI_55PLUS",5,0,0,0,0,0
2010,"嘉義縣","大林鎮","N_INDI_55_64",5,0,0,0,0,0
2010,"嘉義縣","大林鎮","N_INDI_65PLUS",5,0,0,0,0,0
2010,"嘉義縣","大林鎮","N_INDI_7_15",5,0,0,0,0,0
2010,"嘉義縣","大林鎮","N_INDI_UNDER6",5,0,0,0,0,0
2010,"嘉義縣","民雄鄉","N_FAMILY",3,4.33333333333333,4,0.577350269189626,4,5
2010,"嘉義縣","民雄鄉","N_INDI",3,1.66666666666667,1,1.15470053837925,1,3
2010,"嘉義縣","民雄鄉","N_INDI_16_54",3,1,1,0,1,1
2010,"嘉義縣","民雄鄉","N_INDI_55PLUS",3,0,0,0,0,0
2010,"嘉義縣","民雄鄉","N_INDI_55_64",3,0,0,0,0,0
2010,"嘉義縣","民雄鄉","N_INDI_65PLUS",3,0,0,0,0,0
2010,"嘉義縣","民雄鄉","N_INDI_7_15",3,0.666666666666667,0,1.15470053837925,0,2
2010,"嘉義縣","民雄鄉","N_INDI_UNDER6",3,0,0,0,0,0
2010,"嘉義縣","阿里山鄉","N_FAMILY",34,2.64705882352941,2.5,1.2524485821703,1,6
2010,"嘉義縣","阿里山鄉","N_INDI",34,2.61764705882353,2,1.25564678208273,1,6
2010,"嘉義縣","阿里山鄉","N_INDI_16_54",34,1.23529411764706,1,1.10258164074585,0,4
2010,"嘉義縣","阿里山鄉","N_INDI_55PLUS",34,0.823529411764706,1,0.86936369051247,0,2
2010,"嘉義縣","阿里山鄉","N_INDI_55_64",34,0.441176470588235,0,0.746351792533165,0,2
2010,"嘉義縣","阿里山鄉","N_INDI_65PLUS",34,0.382352941176471,0,0.603761235285532,0,2
2010,"嘉義縣","阿里山鄉","N_INDI_7_15",34,0.382352941176471,0,0.779071159559737,0,3
2010,"嘉義縣","阿里山鄉","N_INDI_UNDER6",34,0.176470588235294,0,0.386952994975947,0,1
2010,"基隆市","七堵區","N_FAMILY",18,4.27777777777778,4,1.63798856404668,2,7
2010,"基隆市","七堵區","N_INDI",18,3.44444444444444,3,1.50380780304424,1,7
2010,"基隆市","七堵區","N_INDI_16_54",18,1.94444444444444,2,1.05564155136453,0,4
2010,"基隆市","七堵區","N_INDI_55PLUS",18,0.555555555555556,0,0.704792186494566,0,2
2010,"基隆市","七堵區","N_INDI_55_64",18,0.333333333333333,0,0.485071250072666,0,1
2010,"基隆市","七堵區","N_INDI_65PLUS",18,0.222222222222222,0,0.548318880553316,0,2
2010,"基隆市","七堵區","N_INDI_7_15",18,0.944444444444444,0,1.43372087784044,0,4
2010,"基隆市","七堵區","N_INDI_UNDER6",18,0,0,0,0,0
2010,"基隆市","中山區","N_FAMILY",5,3.8,4,1.48323969741913,2,6
2010,"基隆市","中山區","N_INDI",5,2.4,1,1.94935886896179,1,5
2010,"基隆市","中山區","N_INDI_16_54",5,1.8,1,1.6431676725155,0,4
2010,"基隆市","中山區","N_INDI_55PLUS",5,0.4,0,0.547722557505166,0,1
2010,"基隆市","中山區","N_INDI_55_64",5,0.4,0,0.547722557505166,0,1
2010,"基隆市","中山區","N_INDI_65PLUS",5,0,0,0,0,0
2010,"基隆市","中山區","N_INDI_7_15",5,0.2,0,0.447213595499958,0,1
2010,"基隆市","中山區","N_INDI_UNDER6",5,0,0,0,0,0
2010,"基隆市","中正區","N_FAMILY",48,3.72916666666667,4,1.79526070332634,1,8
2010,"基隆市","中正區","N_INDI",48,3.10416666666667,3,1.76538324852832,1,7
2010,"基隆市","中正區","N_INDI_16_54",48,1.83333333333333,2,1.29373832951189,0,5
2010,"基隆市","中正區","N_INDI_55PLUS",48,0.729166666666667,0,0.961815290210272,0,4
2010,"基隆市","中正區","N_INDI_55_64",48,0.541666666666667,0,0.824061899485953,0,3
2010,"基隆市","中正區","N_INDI_65PLUS",48,0.1875,0,0.490603189310569,0,2
2010,"基隆市","中正區","N_INDI_7_15",48,0.3125,0,0.689009464777656,0,3
2010,"基隆市","中正區","N_INDI_UNDER6",48,0.229166666666667,0,0.472187455263057,0,2
2010,"基隆市","仁愛區","N_FAMILY",2,3.5,3.5,2.12132034355964,2,5
2010,"基隆市","仁愛區","N_INDI",2,3,3,1.4142135623731,2,4
2010,"基隆市","仁愛區","N_INDI_16_54",2,0.5,0.5,0.707106781186548,0,1
2010,"基隆市","仁愛區","N_INDI_55PLUS",2,1,1,1.4142135623731,0,2
2010,"基隆市","仁愛區","N_INDI_55_64",2,1,1,1.4142135623731,0,2
2010,"基隆市","仁愛區","N_INDI_65PLUS",2,0,0,0,0,0
2010,"基隆市","仁愛區","N_INDI_7_15",2,1.5,1.5,2.12132034355964,0,3
2010,"基隆市","仁愛區","N_INDI_UNDER6",2,0,0,0,0,0
2010,"基隆市","信義區","N_FAMILY",4,3.5,4,1.73205080756888,1,5
2010,"基隆市","信義區","N_INDI",4,1.75,1.5,0.957427107756338,1,3
2010,"基隆市","信義區","N_INDI_16_54",4,1,1,0.816496580927726,0,2
2010,"基隆市","信義區","N_INDI_55PLUS",4,0.25,0,0.5,0,1
2010,"基隆市","信義區","N_INDI_55_64",4,0,0,0,0,0
2010,"基隆市","信義區","N_INDI_65PLUS",4,0.25,0,0.5,0,1
2010,"基隆市","信義區","N_INDI_7_15",4,0.5,0,1,0,2
2010,"基隆市","信義區","N_INDI_UNDER6",4,0,0,0,0,0
2010,"基隆市","安樂區","N_FAMILY",10,5,5,1.9436506316151,2,9
2010,"基隆市","安樂區","N_INDI",10,2.8,2,1.81352940116473,1,6
2010,"基隆市","安樂區","N_INDI_16_54",10,1.9,2,0.994428926011753,1,4
2010,"基隆市","安樂區","N_INDI_55PLUS",10,0.2,0,0.632455532033676,0,2
2010,"基隆市","安樂區","N_INDI_55_64",10,0,0,0,0,0
2010,"基隆市","安樂區","N_INDI_65PLUS",10,0.2,0,0.632455532033676,0,2
2010,"基隆市","安樂區","N_INDI_7_15",10,0.7,0.5,0.823272602348565,0,2
2010,"基隆市","安樂區","N_INDI_UNDER6",10,0,0,0,0,0
2010,"基隆市","暖暖區","N_FAMILY",3,1.66666666666667,2,0.577350269189626,1,2
2010,"基隆市","暖暖區","N_INDI",3,1.33333333333333,1,0.577350269189626,1,2
2010,"基隆市","暖暖區","N_INDI_16_54",3,0.333333333333333,0,0.577350269189626,0,1
2010,"基隆市","暖暖區","N_INDI_55PLUS",3,0.666666666666667,1,0.577350269189626,0,1
2010,"基隆市","暖暖區","N_INDI_55_64",3,0.666666666666667,1,0.577350269189626,0,1
2010,"基隆市","暖暖區","N_INDI_65PLUS",3,0,0,0,0,0
2010,"基隆市","暖暖區","N_INDI_7_15",3,0,0,0,0,0
2010,"基隆市","暖暖區","N_INDI_UNDER6",3,0.333333333333333,0,0.577350269189626,0,1
2010,"宜蘭縣","五結鄉","N_FAMILY",26,2.92307692307692,3,1.01678225488359,1,4
2010,"宜蘭縣","五結鄉","N_INDI",26,2.07692307692308,2,1.09263267105014,1,4
2010,"宜蘭縣","五結鄉","N_INDI_16_54",26,1.65384615384615,1,1.12932927677654,0,4
2010,"宜蘭縣","五結鄉","N_INDI_55PLUS",26,0.0769230769230769,0,0.271746488194703,0,1
2010,"宜蘭縣","五結鄉","N_INDI_55_64",26,0,0,0,0,0
2010,"宜蘭縣","五結鄉","N_INDI_65PLUS",26,0.0769230769230769,0,0.271746488194703,0,1
2010,"宜蘭縣","五結鄉","N_INDI_7_15",26,0.153846153846154,0,0.36794648440312,0,1
2010,"宜蘭縣","五結鄉","N_INDI_UNDER6",26,0.192307692307692,0,0.49146562599887,0,2
2010,"宜蘭縣","南澳鄉","N_FAMILY",43,3.55813953488372,4,2.03893442736986,1,8
2010,"宜蘭縣","南澳鄉","N_INDI",43,3.51162790697674,4,2.03974896942008,1,8
2010,"宜蘭縣","南澳鄉","N_INDI_16_54",43,1.97674418604651,2,1.56583116667312,0,8
2010,"宜蘭縣","南澳鄉","N_INDI_55PLUS",43,0.651162790697674,0,0.752257584121435,0,2
2010,"宜蘭縣","南澳鄉","N_INDI_55_64",43,0.302325581395349,0,0.557839528083046,0,2
2010,"宜蘭縣","南澳鄉","N_INDI_65PLUS",43,0.348837209302326,0,0.650410893213724,0,2
2010,"宜蘭縣","南澳鄉","N_INDI_7_15",43,0.627906976744186,0,1.04706519135638,0,3
2010,"宜蘭縣","南澳鄉","N_INDI_UNDER6",43,0.255813953488372,0,0.620791478518081,0,2
2010,"宜蘭縣","大同鄉","N_FAMILY",34,3.47058823529412,4,1.74486769694937,1,8
2010,"宜蘭縣","大同鄉","N_INDI",34,3.26470588235294,3,1.78051445628932,1,8
2010,"宜蘭縣","大同鄉","N_INDI_16_54",34,2,2,1.04446593573419,0,4
2010,"宜蘭縣","大同鄉","N_INDI_55PLUS",34,0.235294117647059,0,0.495973088799014,0,2
2010,"宜蘭縣","大同鄉","N_INDI_55_64",34,0.176470588235294,0,0.458626951810419,0,2
2010,"宜蘭縣","大同鄉","N_INDI_65PLUS",34,0.0588235294117647,0,0.238832573610613,0,1
2010,"宜蘭縣","大同鄉","N_INDI_7_15",34,0.823529411764706,0.5,1.08629445852581,0,4
2010,"宜蘭縣","大同鄉","N_INDI_UNDER6",34,0.205882352941176,0,0.538201931502558,0,2
2010,"宜蘭縣","宜蘭市","N_FAMILY",8,2.625,2.5,1.40788595317336,1,5
2010,"宜蘭縣","宜蘭市","N_INDI",8,2.25,2,1.28173988892331,1,4
2010,"宜蘭縣","宜蘭市","N_INDI_16_54",8,1.5,1.5,1.19522860933439,0,3
2010,"宜蘭縣","宜蘭市","N_INDI_55PLUS",8,0.5,0.5,0.534522483824849,0,1
2010,"宜蘭縣","宜蘭市","N_INDI_55_64",8,0.375,0,0.517549169506766,0,1
2010,"宜蘭縣","宜蘭市","N_INDI_65PLUS",8,0.125,0,0.353553390593274,0,1
2010,"宜蘭縣","宜蘭市","N_INDI_7_15",8,0,0,0,0,0
2010,"宜蘭縣","宜蘭市","N_INDI_UNDER6",8,0.25,0,0.707106781186548,0,2
2010,"宜蘭縣","羅東鎮","N_FAMILY",5,2.8,3,1.09544511501033,1,4
2010,"宜蘭縣","羅東鎮","N_INDI",5,2.4,3,0.894427190999916,1,3
2010,"宜蘭縣","羅東鎮","N_INDI_16_54",5,1.4,1,0.894427190999916,1,3
2010,"宜蘭縣","羅東鎮","N_INDI_55PLUS",5,0,0,0,0,0
2010,"宜蘭縣","羅東鎮","N_INDI_55_64",5,0,0,0,0,0
2010,"宜蘭縣","羅東鎮","N_INDI_65PLUS",5,0,0,0,0,0
2010,"宜蘭縣","羅東鎮","N_INDI_7_15",5,1,1,1,0,2
2010,"宜蘭縣","羅東鎮","N_INDI_UNDER6",5,0,0,0,0,0
2010,"宜蘭縣","蘇澳鎮","N_FAMILY",15,3.73333333333333,4,1.48644670591441,1,6
2010,"宜蘭縣","蘇澳鎮","N_INDI",15,2.6,2,1.54919333848297,1,6
2010,"宜蘭縣","蘇澳鎮","N_INDI_16_54",15,1.53333333333333,1,0.990430401872025,0,4
2010,"宜蘭縣","蘇澳鎮","N_INDI_55PLUS",15,0.333333333333333,0,0.617213399848368,0,2
2010,"宜蘭縣","蘇澳鎮","N_INDI_55_64",15,0.333333333333333,0,0.617213399848368,0,2
2010,"宜蘭縣","蘇澳鎮","N_INDI_65PLUS",15,0,0,0,0,0
2010,"宜蘭縣","蘇澳鎮","N_INDI_7_15",15,0.266666666666667,0,0.593616839704664,0,2
2010,"宜蘭縣","蘇澳鎮","N_INDI_UNDER6",15,0.466666666666667,0,0.743223352957207,0,2
2010,"屏東縣","三地門鄉","N_FAMILY",58,2.91379310344828,3,1.69916886554451,1,8
2010,"屏東縣","三地門鄉","N_INDI",58,2.86206896551724,3,1.72136498124863,1,8
2010,"屏東縣","三地門鄉","N_INDI_16_54",58,1.91379310344828,2,1.41773828726591,0,6
2010,"屏東縣","三地門鄉","N_INDI_55PLUS",58,0.603448275862069,0,0.815198935410996,0,3
2010,"屏東縣","三地門鄉","N_INDI_55_64",58,0.362068965517241,0,0.612681075620483,0,2
2010,"屏東縣","三地門鄉","N_INDI_65PLUS",58,0.241379310344828,0,0.539991709734485,0,2
2010,"屏東縣","三地門鄉","N_INDI_7_15",58,0.172413793103448,0,0.464075426207768,0,2
2010,"屏東縣","三地門鄉","N_INDI_UNDER6",58,0.172413793103448,0,0.381038794105574,0,1
2010,"屏東縣","來義鄉","N_FAMILY",46,2.80434782608696,2,1.84534929204794,1,7
2010,"屏東縣","來義鄉","N_INDI",46,2.69565217391304,2,1.87224838353832,1,7
2010,"屏東縣","來義鄉","N_INDI_16_54",46,1.6304347826087,1,1.19923486073735,0,4
2010,"屏東縣","來義鄉","N_INDI_55PLUS",46,0.543478260869565,0,0.721311205425553,0,3
2010,"屏東縣","來義鄉","N_INDI_55_64",46,0.326086956521739,0,0.634362245832141,0,3
2010,"屏東縣","來義鄉","N_INDI_65PLUS",46,0.217391304347826,0,0.41702882811415,0,1
2010,"屏東縣","來義鄉","N_INDI_7_15",46,0.0652173913043478,0,0.32674651493804,0,2
2010,"屏東縣","來義鄉","N_INDI_UNDER6",46,0.456521739130435,0,0.808469658308707,0,2
2010,"屏東縣","內埔鄉","N_FAMILY",24,4.70833333333333,4,3.11349330812034,1,17
2010,"屏東縣","內埔鄉","N_INDI",24,3.54166666666667,3,1.71892703304344,1,7
2010,"屏東縣","內埔鄉","N_INDI_16_54",24,1.95833333333333,2,1.04170289792063,0,4
2010,"屏東縣","內埔鄉","N_INDI_55PLUS",24,0.541666666666667,0.5,0.588229965875272,0,2
2010,"屏東縣","內埔鄉","N_INDI_55_64",24,0.458333333333333,0,0.508977377704051,0,1
2010,"屏東縣","內埔鄉","N_INDI_65PLUS",24,0.0833333333333333,0,0.28232985128664,0,1
2010,"屏東縣","內埔鄉","N_INDI_7_15",24,0.541666666666667,0,0.977092700273386,0,3
2010,"屏東縣","內埔鄉","N_INDI_UNDER6",24,0.5,0,1.0215078369105,0,3
2010,"屏東縣","屏東市","N_FAMILY",63,3.92063492063492,4,1.54816840066751,1,8
2010,"屏東縣","屏東市","N_INDI",63,3.46031746031746,4,1.52215251689514,1,7
2010,"屏東縣","屏東市","N_INDI_16_54",63,2.31746031746032,2,1.42359604665265,0,6
2010,"屏東縣","屏東市","N_INDI_55PLUS",63,0.365079365079365,0,0.655044625458087,0,2
2010,"屏東縣","屏東市","N_INDI_55_64",63,0.222222222222222,0,0.521920907505875,0,2
2010,"屏東縣","屏東市","N_INDI_65PLUS",63,0.142857142857143,0,0.470317081001772,0,2
2010,"屏東縣","屏東市","N_INDI_7_15",63,0.46031746031746,0,0.667817746660521,0,2
2010,"屏東縣","屏東市","N_INDI_UNDER6",63,0.317460317460317,0,0.590936840285279,0,2
2010,"屏東縣","恆春鎮","N_FAMILY",8,3.5,4,1.60356745147455,1,5
2010,"屏東縣","恆春鎮","N_INDI",8,2.625,2,1.50594061730772,1,5
2010,"屏東縣","恆春鎮","N_INDI_16_54",8,1.125,1,1.1259916264596,0,3
2010,"屏東縣","恆春鎮","N_INDI_55PLUS",8,0.75,1,0.707106781186548,0,2
2010,"屏東縣","恆春鎮","N_INDI_55_64",8,0.5,0.5,0.534522483824849,0,1
2010,"屏東縣","恆春鎮","N_INDI_65PLUS",8,0.25,0,0.462910049886276,0,1
2010,"屏東縣","恆春鎮","N_INDI_7_15",8,0.25,0,0.462910049886276,0,1
2010,"屏東縣","恆春鎮","N_INDI_UNDER6",8,0.5,0,0.925820099772551,0,2
2010,"屏東縣","春日鄉","N_FAMILY",35,2.6,2,1.85027819847846,1,8
2010,"屏東縣","春日鄉","N_INDI",35,2.54285714285714,2,1.8205179796656,1,8
2010,"屏東縣","春日鄉","N_INDI_16_54",35,1.17142857142857,1,0.954423579836489,0,4
2010,"屏東縣","春日鄉","N_INDI_55PLUS",35,0.742857142857143,1,0.852085922996072,0,4
2010,"屏東縣","春日鄉","N_INDI_55_64",35,0.428571428571429,0,0.55760592693039,0,2
2010,"屏東縣","春日鄉","N_INDI_65PLUS",35,0.314285714285714,0,0.631125445320574,0,2
2010,"屏東縣","春日鄉","N_INDI_7_15",35,0.457142857142857,0,0.885931120110267,0,4
2010,"屏東縣","春日鄉","N_INDI_UNDER6",35,0.171428571428571,0,0.45281565433046,0,2
2010,"屏東縣","枋寮鄉","N_FAMILY",20,4.5,4,2.58538401911898,1,11
2010,"屏東縣","枋寮鄉","N_INDI",20,2.1,1.5,1.41048703794488,1,5
2010,"屏東縣","枋寮鄉","N_INDI_16_54",20,1.3,1,1.12857618729367,0,4
2010,"屏東縣","枋寮鄉","N_INDI_55PLUS",20,0.4,0,0.598243041616119,0,2
2010,"屏東縣","枋寮鄉","N_INDI_55_64",20,0.25,0,0.444261658319319,0,1
2010,"屏東縣","枋寮鄉","N_INDI_65PLUS",20,0.15,0,0.489360484929593,0,2
2010,"屏東縣","枋寮鄉","N_INDI_7_15",20,0.05,0,0.223606797749979,0,1
2010,"屏東縣","枋寮鄉","N_INDI_UNDER6",20,0.35,0,0.5871429486124,0,2
2010,"屏東縣","泰武鄉","N_FAMILY",33,4.78787878787879,4,3.89516989165408,1,18
2010,"屏東縣","泰武鄉","N_INDI",33,4.6969696969697,3,3.8445159682726,1,18
2010,"屏東縣","泰武鄉","N_INDI_16_54",33,2.48484848484848,2,2.27927088288684,0,9
2010,"屏東縣","泰武鄉","N_INDI_55PLUS",33,1,1,1.03077640640442,0,4
2010,"屏東縣","泰武鄉","N_INDI_55_64",33,0.515151515151515,0,0.712443511849015,0,2
2010,"屏東縣","泰武鄉","N_INDI_65PLUS",33,0.484848484848485,0,0.667139983493538,0,2
2010,"屏東縣","泰武鄉","N_INDI_7_15",33,0.696969696969697,0,1.13150476371204,0,5
2010,"屏東縣","泰武鄉","N_INDI_UNDER6",33,0.515151515151515,0,1.06422542610847,0,4
2010,"屏東縣","滿州鄉","N_FAMILY",39,2.94871794871795,3,1.7312714820817,1,8
2010,"屏東縣","滿州鄉","N_INDI",39,2.17948717948718,2,1.18924555633072,1,6
2010,"屏東縣","滿州鄉","N_INDI_16_54",39,1.05128205128205,1,0.971941029961179,0,3
2010,"屏東縣","滿州鄉","N_INDI_55PLUS",39,0.769230769230769,1,0.626667815199797,0,2
2010,"屏東縣","滿州鄉","N_INDI_55_64",39,0.282051282051282,0,0.455880752454893,0,1
2010,"屏東縣","滿州鄉","N_INDI_65PLUS",39,0.487179487179487,0,0.64366528044657,0,2
2010,"屏東縣","滿州鄉","N_INDI_7_15",39,0.153846153846154,0,0.431549322573637,0,2
2010,"屏東縣","滿州鄉","N_INDI_UNDER6",39,0.205128205128205,0,0.522115493348035,0,2
2010,"屏東縣","牡丹鄉","N_FAMILY",46,2.21739130434783,2,1.33188326946406,1,5
2010,"屏東縣","牡丹鄉","N_INDI",46,2.06521739130435,2,1.23652153529422,1,5
2010,"屏東縣","牡丹鄉","N_INDI_16_54",46,1.10869565217391,1,1.03769532821676,0,4
2010,"屏東縣","牡丹鄉","N_INDI_55PLUS",46,0.543478260869565,0,0.721311205425553,0,2
2010,"屏東縣","牡丹鄉","N_INDI_55_64",46,0.304347826086957,0,0.591403799536561,0,2
2010,"屏東縣","牡丹鄉","N_INDI_65PLUS",46,0.239130434782609,0,0.52428925895267,0,2
2010,"屏東縣","牡丹鄉","N_INDI_7_15",46,0.217391304347826,0,0.554298093819196,0,2
2010,"屏東縣","牡丹鄉","N_INDI_UNDER6",46,0.195652173913043,0,0.499758395733659,0,2
2010,"屏東縣","獅子鄉","N_FAMILY",31,2.90322580645161,3,1.35042804842705,1,6
2010,"屏東縣","獅子鄉","N_INDI",31,2.80645161290323,3,1.40046075367382,1,6
2010,"屏東縣","獅子鄉","N_INDI_16_54",31,1.12903225806452,1,1.11779352547391,0,3
2010,"屏東縣","獅子鄉","N_INDI_55PLUS",31,1.03225806451613,1,0.795146567945891,0,2
2010,"屏東縣","獅子鄉","N_INDI_55_64",31,0.483870967741935,0,0.569851895491889,0,2
2010,"屏東縣","獅子鄉","N_INDI_65PLUS",31,0.548387096774194,0,0.675214024213526,0,2
2010,"屏東縣","獅子鄉","N_INDI_7_15",31,0.32258064516129,0,0.652538467534982,0,2
2010,"屏東縣","獅子鄉","N_INDI_UNDER6",31,0.32258064516129,0,0.652538467534982,0,2
2010,"屏東縣","瑪家鄉","N_FAMILY",41,2.92682926829268,3,1.48980273698297,1,6
2010,"屏東縣","瑪家鄉","N_INDI",41,2.82926829268293,3,1.54761815420326,1,6
2010,"屏東縣","瑪家鄉","N_INDI_16_54",41,1.63414634146341,2,1.13481490915866,0,5
2010,"屏東縣","瑪家鄉","N_INDI_55PLUS",41,0.780487804878049,1,0.821954838234779,0,3
2010,"屏東縣","瑪家鄉","N_INDI_55_64",41,0.317073170731707,0,0.567407454579331,0,2
2010,"屏東縣","瑪家鄉","N_INDI_65PLUS",41,0.463414634146341,0,0.674446475845554,0,2
2010,"屏東縣","瑪家鄉","N_INDI_7_15",41,0.24390243902439,0,0.62371819778158,0,2
2010,"屏東縣","瑪家鄉","N_INDI_UNDER6",41,0.170731707317073,0,0.543251278157274,0,3
2010,"屏東縣","萬巒鄉","N_FAMILY",9,4.77777777777778,4,1.48136573621926,3,8
2010,"屏東縣","萬巒鄉","N_INDI",9,4.44444444444444,4,1.66666666666667,3,8
2010,"屏東縣","萬巒鄉","N_INDI_16_54",9,2.55555555555556,3,0.881917103688197,1,4
2010,"屏東縣","萬巒鄉","N_INDI_55PLUS",9,0.444444444444444,0,0.881917103688197,0,2
2010,"屏東縣","萬巒鄉","N_INDI_55_64",9,0.333333333333333,0,0.707106781186548,0,2
2010,"屏東縣","萬巒鄉","N_INDI_65PLUS",9,0.111111111111111,0,0.333333333333333,0,1
2010,"屏東縣","萬巒鄉","N_INDI_7_15",9,0.777777777777778,0,0.97182531580755,0,2
2010,"屏東縣","萬巒鄉","N_INDI_UNDER6",9,0.666666666666667,0,0.866025403784439,0,2
2010,"屏東縣","長治鄉","N_FAMILY",13,4.30769230769231,5,1.9741924671713,1,7
2010,"屏東縣","長治鄉","N_INDI",13,3.38461538461538,3,2.21880078490092,1,7
2010,"屏東縣","長治鄉","N_INDI_16_54",13,1.61538461538462,1,1.44559454541846,0,4
2010,"屏東縣","長治鄉","N_INDI_55PLUS",13,0.769230769230769,1,0.926808695996298,0,3
2010,"屏東縣","長治鄉","N_INDI_55_64",13,0.307692307692308,0,0.630425171956115,0,2
2010,"屏東縣","長治鄉","N_INDI_65PLUS",13,0.461538461538462,0,0.877058019307029,0,3
2010,"屏東縣","長治鄉","N_INDI_7_15",13,0.692307692307692,0,0.947330933431342,0,3
2010,"屏東縣","長治鄉","N_INDI_UNDER6",13,0.307692307692308,0,0.630425171956115,0,2
2010,"屏東縣","霧臺鄉","N_FAMILY",24,3,2,2.20670913746948,1,8
2010,"屏東縣","霧臺鄉","N_INDI",24,3,2,2.20670913746948,1,8
2010,"屏東縣","霧臺鄉","N_INDI_16_54",24,1.95833333333333,2,1.80528611887825,0,8
2010,"屏東縣","霧臺鄉","N_INDI_55PLUS",24,0.541666666666667,0,0.779027636204913,0,2
2010,"屏東縣","霧臺鄉","N_INDI_55_64",24,0.333333333333333,0,0.701964118163034,0,2
2010,"屏東縣","霧臺鄉","N_INDI_65PLUS",24,0.208333333333333,0,0.508977377704051,0,2
2010,"屏東縣","霧臺鄉","N_INDI_7_15",24,0.208333333333333,0,0.588229965875272,0,2
2010,"屏東縣","霧臺鄉","N_INDI_UNDER6",24,0.291666666666667,0,0.69025305168635,0,2
2010,"彰化縣","和美鎮","N_FAMILY",26,5.26923076923077,5,3.09267123771916,1,17
2010,"彰化縣","和美鎮","N_INDI",26,3.88461538461538,4,3.46787454302399,1,17
2010,"彰化縣","和美鎮","N_INDI_16_54",26,2.61538461538462,2,2.91310038380998,0,15
2010,"彰化縣","和美鎮","N_INDI_55PLUS",26,0.153846153846154,0,0.36794648440312,0,1
2010,"彰化縣","和美鎮","N_INDI_55_64",26,0.115384615384615,0,0.325812593608421,0,1
2010,"彰化縣","和美鎮","N_INDI_65PLUS",26,0.0384615384615385,0,0.196116135138184,0,1
2010,"彰化縣","和美鎮","N_INDI_7_15",26,0.807692307692308,0,1.1320505560877,0,3
2010,"彰化縣","和美鎮","N_INDI_UNDER6",26,0.307692307692308,0,0.679366220486757,0,2
2010,"彰化縣","彰化市","N_FAMILY",17,4,4,1.2747548783982,2,6
2010,"彰化縣","彰化市","N_INDI",17,2.94117647058824,3,1.19742370504837,1,5
2010,"彰化縣","彰化市","N_INDI_16_54",17,2.05882352941176,2,1.2485285456936,0,4
2010,"彰化縣","彰化市","N_INDI_55PLUS",17,0.235294117647059,0,0.664211164155071,0,2
2010,"彰化縣","彰化市","N_INDI_55_64",17,0.117647058823529,0,0.485071250072666,0,2
2010,"彰化縣","彰化市","N_INDI_65PLUS",17,0.117647058823529,0,0.485071250072666,0,2
2010,"彰化縣","彰化市","N_INDI_7_15",17,0.411764705882353,0,0.618346942400842,0,2
2010,"彰化縣","彰化市","N_INDI_UNDER6",17,0.235294117647059,0,0.752446988556825,0,3
2010,"彰化縣","芳苑鄉","N_FAMILY",3,3.33333333333333,4,1.15470053837925,2,4
2010,"彰化縣","芳苑鄉","N_INDI",3,3,3,1,2,4
2010,"彰化縣","芳苑鄉","N_INDI_16_54",3,2,2,1,1,3
2010,"彰化縣","芳苑鄉","N_INDI_55PLUS",3,0.666666666666667,1,0.577350269189626,0,1
2010,"彰化縣","芳苑鄉","N_INDI_55_64",3,0.666666666666667,1,0.577350269189626,0,1
2010,"彰化縣","芳苑鄉","N_INDI_65PLUS",3,0,0,0,0,0
2010,"彰化縣","芳苑鄉","N_INDI_7_15",3,0,0,0,0,0
2010,"彰化縣","芳苑鄉","N_INDI_UNDER6",3,0.333333333333333,0,0.577350269189626,0,1
2010,"彰化縣","鹿港鎮","N_FAMILY",13,5.69230769230769,5,2.13637603527623,3,9
2010,"彰化縣","鹿港鎮","N_INDI",13,4.38461538461539,4,2.29268625337403,1,9
2010,"彰化縣","鹿港鎮","N_INDI_16_54",13,2.84615384615385,3,1.2810252304407,1,5
2010,"彰化縣","鹿港鎮","N_INDI_55PLUS",13,0.153846153846154,0,0.375533808099405,0,1
2010,"彰化縣","鹿港鎮","N_INDI_55_64",13,0.153846153846154,0,0.375533808099405,0,1
2010,"彰化縣","鹿港鎮","N_INDI_65PLUS",13,0,0,0,0,0
2010,"彰化縣","鹿港鎮","N_INDI_7_15",13,1.15384615384615,0,1.46322439872551,0,4
2010,"彰化縣","鹿港鎮","N_INDI_UNDER6",13,0.230769230769231,0,0.599144689515278,0,2
2010,"新竹市","北區","N_FAMILY",17,4.17647058823529,4,1.13111085429585,2,7
2010,"新竹市","北區","N_INDI",17,3.82352941176471,4,1.38000426256801,1,7
2010,"新竹市","北區","N_INDI_16_54",17,2.64705882352941,3,1.41161151129605,0,5
2010,"新竹市","北區","N_INDI_55PLUS",17,0.294117647058824,0,0.469668218313862,0,1
2010,"新竹市","北區","N_INDI_55_64",17,0.235294117647059,0,0.437237316097603,0,1
2010,"新竹市","北區","N_INDI_65PLUS",17,0.0588235294117647,0,0.242535625036333,0,1
2010,"新竹市","北區","N_INDI_7_15",17,0.764705882352941,0,1.03255821656129,0,3
2010,"新竹市","北區","N_INDI_UNDER6",17,0.117647058823529,0,0.485071250072666,0,2
2010,"新竹市","東區","N_FAMILY",24,4.08333333333333,4,1.2128538629009,2,8
2010,"新竹市","東區","N_INDI",24,4,4,1.2853691738343,2,8
2010,"新竹市","東區","N_INDI_16_54",24,2.91666666666667,2.5,1.24818709114169,1,6
2010,"新竹市","東區","N_INDI_55PLUS",24,0.166666666666667,0,0.481543412343077,0,2
2010,"新竹市","東區","N_INDI_55_64",24,0.125,0,0.448427203146441,0,2
2010,"新竹市","東區","N_INDI_65PLUS",24,0.0416666666666667,0,0.204124145231932,0,1
2010,"新竹市","東區","N_INDI_7_15",24,0.75,0,0.989070710093681,0,3
2010,"新竹市","東區","N_INDI_UNDER6",24,0.166666666666667,0,0.481543412343077,0,2
2010,"新竹市","香山區","N_FAMILY",9,5.11111111111111,4,1.69148192751537,3,8
2010,"新竹市","香山區","N_INDI",9,4.55555555555556,4,2.00693242979872,2,8
2010,"新竹市","香山區","N_INDI_16_54",9,3.11111111111111,3,1.69148192751537,1,7
2010,"新竹市","香山區","N_INDI_55PLUS",9,0.333333333333333,0,0.707106781186548,0,2
2010,"新竹市","香山區","N_INDI_55_64",9,0.333333333333333,0,0.707106781186548,0,2
2010,"新竹市","香山區","N_INDI_65PLUS",9,0,0,0,0,0
2010,"新竹市","香山區","N_INDI_7_15",9,0.888888888888889,0,1.53659074288215,0,4
2010,"新竹市","香山區","N_INDI_UNDER6",9,0.222222222222222,0,0.440958551844098,0,1
2010,"新竹縣","五峰鄉","N_FAMILY",39,2.28205128205128,2,1.1227015807445,1,5
2010,"新竹縣","五峰鄉","N_INDI",39,2.28205128205128,2,1.1227015807445,1,5
2010,"新竹縣","五峰鄉","N_INDI_16_54",39,1.66666666666667,2,1.1316809419558,0,4
2010,"新竹縣","五峰鄉","N_INDI_55PLUS",39,0.384615384615385,0,0.543641939795352,0,2
2010,"新竹縣","五峰鄉","N_INDI_55_64",39,0.153846153846154,0,0.365517768195196,0,1
2010,"新竹縣","五峰鄉","N_INDI_65PLUS",39,0.230769230769231,0,0.426832794918354,0,1
2010,"新竹縣","五峰鄉","N_INDI_7_15",39,0.153846153846154,0,0.431549322573637,0,2
2010,"新竹縣","五峰鄉","N_INDI_UNDER6",39,0.0769230769230769,0,0.269952762399508,0,1
2010,"新竹縣","尖石鄉","N_FAMILY",53,2.47169811320755,2,1.30978233049068,1,7
2010,"新竹縣","尖石鄉","N_INDI",53,2.41509433962264,2,1.30728671247787,1,7
2010,"新竹縣","尖石鄉","N_INDI_16_54",53,1.58490566037736,1,1.1837678154642,0,5
2010,"新竹縣","尖石鄉","N_INDI_55PLUS",53,0.584905660377358,0,0.718812114751482,0,2
2010,"新竹縣","尖石鄉","N_INDI_55_64",53,0.339622641509434,0,0.61841597359753,0,2
2010,"新竹縣","尖石鄉","N_INDI_65PLUS",53,0.245283018867925,0,0.515366202040933,0,2
2010,"新竹縣","尖石鄉","N_INDI_7_15",53,0.132075471698113,0,0.520271225459028,0,3
2010,"新竹縣","尖石鄉","N_INDI_UNDER6",53,0.113207547169811,0,0.375211599710523,0,2
2010,"新竹縣","湖口鄉","N_FAMILY",5,4.4,5,1.94935886896179,1,6
2010,"新竹縣","湖口鄉","N_INDI",5,2.4,1,1.94935886896179,1,5
2010,"新竹縣","湖口鄉","N_INDI_16_54",5,1.2,1,1.09544511501033,0,3
2010,"新竹縣","湖口鄉","N_INDI_55PLUS",5,0.2,0,0.447213595499958,0,1
2010,"新竹縣","湖口鄉","N_INDI_55_64",5,0.2,0,0.447213595499958,0,1
2010,"新竹縣","湖口鄉","N_INDI_65PLUS",5,0,0,0,0,0
2010,"新竹縣","湖口鄉","N_INDI_7_15",5,0.6,0,0.894427190999916,0,2
2010,"新竹縣","湖口鄉","N_INDI_UNDER6",5,0.4,0,0.894427190999916,0,2
2010,"新竹縣","竹北市","N_FAMILY",50,3.92,4,1.6015298808276,1,9
2010,"新竹縣","竹北市","N_INDI",50,2.4,2,1.64130361329658,1,9
2010,"新竹縣","竹北市","N_INDI_16_54",50,1.94,2,1.1141025490483,0,5
2010,"新竹縣","竹北市","N_INDI_55PLUS",50,0.08,0,0.27404751561787,0,1
2010,"新竹縣","竹北市","N_INDI_55_64",50,0.04,0,0.197948663722157,0,1
2010,"新竹縣","竹北市","N_INDI_65PLUS",50,0.04,0,0.197948663722157,0,1
2010,"新竹縣","竹北市","N_INDI_7_15",50,0.28,0,0.701019665507731,0,3
2010,"新竹縣","竹北市","N_INDI_UNDER6",50,0.1,0,0.416496563917521,0,2
2010,"新竹縣","竹東鎮","N_FAMILY",17,2.88235294117647,3,1.21872643265298,1,5
2010,"新竹縣","竹東鎮","N_INDI",17,2.41176470588235,2,1.22774302733775,1,5
2010,"新竹縣","竹東鎮","N_INDI_16_54",17,1.88235294117647,2,1.11143786045242,0,4
2010,"新竹縣","竹東鎮","N_INDI_55PLUS",17,0.176470588235294,0,0.392952623996688,0,1
2010,"新竹縣","竹東鎮","N_INDI_55_64",17,0.0588235294117647,0,0.242535625036333,0,1
2010,"新竹縣","竹東鎮","N_INDI_65PLUS",17,0.117647058823529,0,0.332105582077536,0,1
2010,"新竹縣","竹東鎮","N_INDI_7_15",17,0.176470588235294,0,0.392952623996688,0,1
2010,"新竹縣","竹東鎮","N_INDI_UNDER6",17,0.176470588235294,0,0.392952623996688,0,1
2010,"新竹縣","關西鎮","N_FAMILY",42,3.57142857142857,4,1.36404808481972,1,8
2010,"新竹縣","關西鎮","N_INDI",42,2.26190476190476,2,1.28896865199679,1,8
2010,"新竹縣","關西鎮","N_INDI_16_54",42,1.9047619047619,2,1.37591696802663,0,8
2010,"新竹縣","關西鎮","N_INDI_55PLUS",42,0.285714285714286,0,0.673024273316994,0,3
2010,"新竹縣","關西鎮","N_INDI_55_64",42,0.166666666666667,0,0.437100572602125,0,2
2010,"新竹縣","關西鎮","N_INDI_65PLUS",42,0.119047619047619,0,0.395238794900238,0,2
2010,"新竹縣","關西鎮","N_INDI_7_15",42,0.0238095238095238,0,0.154303349962092,0,1
2010,"新竹縣","關西鎮","N_INDI_UNDER6",42,0.0476190476190476,0,0.215540268704521,0,1
2010,"桃園縣","中壢市","N_FAMILY",95,3.72631578947368,4,2.14596159700305,1,13
2010,"桃園縣","中壢市","N_INDI",95,2.4,2,1.59387124069509,1,8
2010,"桃園縣","中壢市","N_INDI_16_54",95,1.36842105263158,1,1.02160315794247,0,5
2010,"桃園縣","中壢市","N_INDI_55PLUS",95,0.326315789473684,0,0.514514959837881,0,2
2010,"桃園縣","中壢市","N_INDI_55_64",95,0.242105263157895,0,0.454663529406092,0,2
2010,"桃園縣","中壢市","N_INDI_65PLUS",95,0.0842105263157895,0,0.279176520637485,0,1
2010,"桃園縣","中壢市","N_INDI_7_15",95,0.589473684210526,0,1.05683929455375,0,4
2010,"桃園縣","中壢市","N_INDI_UNDER6",95,0.115789473684211,0,0.458098704748522,0,3
2010,"桃園縣","八德市","N_FAMILY",54,3.68518518518519,4,1.7996233785662,1,8
2010,"桃園縣","八德市","N_INDI",54,2.62962962962963,2,1.62870820783691,1,7
2010,"桃園縣","八德市","N_INDI_16_54",54,1.5,1,1.04158804734759,0,5
2010,"桃園縣","八德市","N_INDI_55PLUS",54,0.296296296296296,0,0.570654362217708,0,2
2010,"桃園縣","八德市","N_INDI_55_64",54,0.222222222222222,0,0.501569862575519,0,2
2010,"桃園縣","八德市","N_INDI_65PLUS",54,0.0740740740740741,0,0.328050378773257,0,2
2010,"桃園縣","八德市","N_INDI_7_15",54,0.537037037037037,0,0.817565714004436,0,3
2010,"桃園縣","八德市","N_INDI_UNDER6",54,0.296296296296296,0,0.536572969931859,0,2
2010,"桃園縣","大園鄉","N_FAMILY",10,4.3,3.5,2.21359436211787,3,10
2010,"桃園縣","大園鄉","N_INDI",10,3.4,3,2.06559111797729,1,8
2010,"桃園縣","大園鄉","N_INDI_16_54",10,2.6,2,1.34989711542111,1,5
2010,"桃園縣","大園鄉","N_INDI_55PLUS",10,0,0,0,0,0
2010,"桃園縣","大園鄉","N_INDI_55_64",10,0,0,0,0,0
2010,"桃園縣","大園鄉","N_INDI_65PLUS",10,0,0,0,0,0
2010,"桃園縣","大園鄉","N_INDI_7_15",10,0.5,0,0.707106781186548,0,2
2010,"桃園縣","大園鄉","N_INDI_UNDER6",10,0.3,0,0.948683298050514,0,3
2010,"桃園縣","大溪鎮","N_FAMILY",62,3.54838709677419,3,1.7803795815098,1,9
2010,"桃園縣","大溪鎮","N_INDI",62,3.53225806451613,3,1.78993306895184,1,9
2010,"桃園縣","大溪鎮","N_INDI_16_54",62,2.2258064516129,2,1.22031109764669,0,6
2010,"桃園縣","大溪鎮","N_INDI_55PLUS",62,0.370967741935484,0,0.65870889532359,0,3
2010,"桃園縣","大溪鎮","N_INDI_55_64",62,0.290322580645161,0,0.611021632366204,0,3
2010,"桃園縣","大溪鎮","N_INDI_65PLUS",62,0.0806451612903226,0,0.328852306117044,0,2
2010,"桃園縣","大溪鎮","N_INDI_7_15",62,0.725806451612903,0,1.08898139860838,0,5
2010,"桃園縣","大溪鎮","N_INDI_UNDER6",62,0.209677419354839,0,0.448571385264906,0,2
2010,"桃園縣","平鎮市","N_FAMILY",67,4.29850746268657,4,2.06716703649261,1,11
2010,"桃園縣","平鎮市","N_INDI",67,3.22388059701493,3,2.15899033306177,1,11
2010,"桃園縣","平鎮市","N_INDI_16_54",67,1.94029850746269,2,1.07139949563184,0,4
2010,"桃園縣","平鎮市","N_INDI_55PLUS",67,0.253731343283582,0,0.471724225487524,0,2
2010,"桃園縣","平鎮市","N_INDI_55_64",67,0.238805970149254,0,0.463502876288221,0,2
2010,"桃園縣","平鎮市","N_INDI_65PLUS",67,0.0149253731343284,0,0.122169444356305,0,1
2010,"桃園縣","平鎮市","N_INDI_7_15",67,0.582089552238806,0,0.987025739299997,0,3
2010,"桃園縣","平鎮市","N_INDI_UNDER6",67,0.447761194029851,0,0.94200916951003,0,4
2010,"桃園縣","復興鄉","N_FAMILY",64,2.375,2,1.50659923995775,1,8
2010,"桃園縣","復興鄉","N_INDI",64,2.375,2,1.50659923995775,1,8
2010,"桃園縣","復興鄉","N_INDI_16_54",64,1.40625,1,1.09426716798076,0,4
2010,"桃園縣","復興鄉","N_INDI_55PLUS",64,0.4375,0,0.587569651393003,0,2
2010,"桃園縣","復興鄉","N_INDI_55_64",64,0.1875,0,0.431865646362311,0,2
2010,"桃園縣","復興鄉","N_INDI_65PLUS",64,0.25,0,0.50395263067897,0,2
2010,"桃園縣","復興鄉","N_INDI_7_15",64,0.1875,0,0.613990331344173,0,4
2010,"桃園縣","復興鄉","N_INDI_UNDER6",64,0.34375,0,0.647798469543466,0,3
2010,"桃園縣","桃園市","N_FAMILY",82,4.08536585365854,4,1.66445200645215,1,8
2010,"桃園縣","桃園市","N_INDI",82,2.98780487804878,3,1.54355611894145,1,7
2010,"桃園縣","桃園市","N_INDI_16_54",82,2,2,1.21716123890037,0,6
2010,"桃園縣","桃園市","N_INDI_55PLUS",82,0.231707317073171,0,0.504272620952294,0,2
2010,"桃園縣","桃園市","N_INDI_55_64",82,0.195121951219512,0,0.456476694474773,0,2
2010,"桃園縣","桃園市","N_INDI_65PLUS",82,0.0365853658536585,0,0.188896859388666,0,1
2010,"桃園縣","桃園市","N_INDI_7_15",82,0.536585365853659,0,0.819441573647996,0,4
2010,"桃園縣","桃園市","N_INDI_UNDER6",82,0.219512195121951,0,0.609075199474478,0,3
2010,"桃園縣","楊梅鎮","N_FAMILY",12,3.41666666666667,3.5,0.668557923421521,2,4
2010,"桃園縣","楊梅鎮","N_INDI",12,2.41666666666667,3,0.996204919895622,1,4
2010,"桃園縣","楊梅鎮","N_INDI_16_54",12,1.58333333333333,1.5,0.668557923421521,1,3
2010,"桃園縣","楊梅鎮","N_INDI_55PLUS",12,0.166666666666667,0,0.389249472080761,0,1
2010,"桃園縣","楊梅鎮","N_INDI_55_64",12,0.0833333333333333,0,0.288675134594813,0,1
2010,"桃園縣","楊梅鎮","N_INDI_65PLUS",12,0.0833333333333333,0,0.288675134594813,0,1
2010,"桃園縣","楊梅鎮","N_INDI_7_15",12,0.333333333333333,0,0.492365963917331,0,1
2010,"桃園縣","楊梅鎮","N_INDI_UNDER6",12,0.333333333333333,0,0.65133894727893,0,2
2010,"桃園縣","蘆竹鄉","N_FAMILY",44,4.31818181818182,4,2.0547475063887,1,11
2010,"桃園縣","蘆竹鄉","N_INDI",44,3.25,3,1.9662856022886,1,9
2010,"桃園縣","蘆竹鄉","N_INDI_16_54",44,2.15909090909091,2,1.49329013704766,0,6
2010,"桃園縣","蘆竹鄉","N_INDI_55PLUS",44,0.181818181818182,0,0.445793114636243,0,2
2010,"桃園縣","蘆竹鄉","N_INDI_55_64",44,0.159090909090909,0,0.428256705139369,0,2
2010,"桃園縣","蘆竹鄉","N_INDI_65PLUS",44,0.0227272727272727,0,0.150755672288882,0,1
2010,"桃園縣","蘆竹鄉","N_INDI_7_15",44,0.613636363636364,0,0.841258998111015,0,3
2010,"桃園縣","蘆竹鄉","N_INDI_UNDER6",44,0.295454545454545,0,0.667502999019322,0,3
2010,"桃園縣","龜山鄉","N_FAMILY",71,4.56338028169014,4,1.94004708607216,1,12
2010,"桃園縣","龜山鄉","N_INDI",71,3.77464788732394,4,1.77439875610699,1,8
2010,"桃園縣","龜山鄉","N_INDI_16_54",71,2.19718309859155,2,1.3482233633284,0,6
2010,"桃園縣","龜山鄉","N_INDI_55PLUS",71,0.436619718309859,0,0.769645453925696,0,3
2010,"桃園縣","龜山鄉","N_INDI_55_64",71,0.323943661971831,0,0.649717474584672,0,2
2010,"桃園縣","龜山鄉","N_INDI_65PLUS",71,0.112676056338028,0,0.398185017105218,0,2
2010,"桃園縣","龜山鄉","N_INDI_7_15",71,0.690140845070423,0,0.979672675595194,0,3
2010,"桃園縣","龜山鄉","N_INDI_UNDER6",71,0.450704225352113,0,0.78900900582161,0,3
2010,"臺中市","中區","N_FAMILY",1,3,3,,3,3
2010,"臺中市","中區","N_INDI",1,3,3,,3,3
2010,"臺中市","中區","N_INDI_16_54",1,2,2,,2,2
2010,"臺中市","中區","N_INDI_55PLUS",1,0,0,,0,0
2010,"臺中市","中區","N_INDI_55_64",1,0,0,,0,0
2010,"臺中市","中區","N_INDI_65PLUS",1,0,0,,0,0
2010,"臺中市","中區","N_INDI_7_15",1,1,1,,1,1
2010,"臺中市","中區","N_INDI_UNDER6",1,0,0,,0,0
2010,"臺中市","北區","N_FAMILY",16,3.625,4,1.25830573921179,1,6
2010,"臺中市","北區","N_INDI",16,2.875,3,1.02469507659596,1,4
2010,"臺中市","北區","N_INDI_16_54",16,1.9375,2,0.928708781050335,1,4
2010,"臺中市","北區","N_INDI_55PLUS",16,0.1875,0,0.543905629069357,0,2
2010,"臺中市","北區","N_INDI_55_64",16,0,0,0,0,0
2010,"臺中市","北區","N_INDI_65PLUS",16,0.1875,0,0.543905629069357,0,2
2010,"臺中市","北區","N_INDI_7_15",16,0.625,0,0.885061203156784,0,3
2010,"臺中市","北區","N_INDI_UNDER6",16,0.125,0,0.5,0,2
2010,"臺中市","北屯區","N_FAMILY",22,3.63636363636364,4,1.1358007263791,2,6
2010,"臺中市","北屯區","N_INDI",22,2.81818181818182,3,1.46827931806048,1,5
2010,"臺中市","北屯區","N_INDI_16_54",22,2,2,1.15470053837925,0,4
2010,"臺中市","北屯區","N_INDI_55PLUS",22,0.227272727272727,0,0.428932027228889,0,1
2010,"臺中市","北屯區","N_INDI_55_64",22,0.0909090909090909,0,0.29424494316825,0,1
2010,"臺中市","北屯區","N_INDI_65PLUS",22,0.136363636363636,0,0.351250086657104,0,1
2010,"臺中市","北屯區","N_INDI_7_15",22,0.454545454545455,0,0.595800600015101,0,2
2010,"臺中市","北屯區","N_INDI_UNDER6",22,0.136363636363636,0,0.351250086657104,0,1
2010,"臺中市","南區","N_FAMILY",10,4.1,4,1.3703203194063,2,6
2010,"臺中市","南區","N_INDI",10,2.9,3,1.59513148186739,1,5
2010,"臺中市","南區","N_INDI_16_54",10,2.2,2.5,0.918936583472681,1,3
2010,"臺中市","南區","N_INDI_55PLUS",10,0.1,0,0.316227766016838,0,1
2010,"臺中市","南區","N_INDI_55_64",10,0.1,0,0.316227766016838,0,1
2010,"臺中市","南區","N_INDI_65PLUS",10,0,0,0,0,0
2010,"臺中市","南區","N_INDI_7_15",10,0.6,0,1.07496769977314,0,3
2010,"臺中市","南區","N_INDI_UNDER6",10,0,0,0,0,0
2010,"臺中市","南屯區","N_FAMILY",6,4.16666666666667,4,1.72240142436851,2,7
2010,"臺中市","南屯區","N_INDI",6,3.83333333333333,3,1.83484785926972,2,7
2010,"臺中市","南屯區","N_INDI_16_54",6,2.66666666666667,3,1.50554530541816,1,5
2010,"臺中市","南屯區","N_INDI_55PLUS",6,0.333333333333333,0,0.516397779494322,0,1
2010,"臺中市","南屯區","N_INDI_55_64",6,0.333333333333333,0,0.516397779494322,0,1
2010,"臺中市","南屯區","N_INDI_65PLUS",6,0,0,0,0,0
2010,"臺中市","南屯區","N_INDI_7_15",6,0.5,0,0.836660026534076,0,2
2010,"臺中市","南屯區","N_INDI_UNDER6",6,0.333333333333333,0,0.816496580927726,0,2
2010,"臺中市","東區","N_FAMILY",13,4.61538461538461,5,2.06310694255297,2,10
2010,"臺中市","東區","N_INDI",13,3.07692307692308,3,1.75411603861406,1,6
2010,"臺中市","東區","N_INDI_16_54",13,2.23076923076923,2,1.42325016270543,0,5
2010,"臺中市","東區","N_INDI_55PLUS",13,0.0769230769230769,0,0.277350098112615,0,1
2010,"臺中市","東區","N_INDI_55_64",13,0.0769230769230769,0,0.277350098112615,0,1
2010,"臺中市","東區","N_INDI_65PLUS",13,0,0,0,0,0
2010,"臺中市","東區","N_INDI_7_15",13,0.769230769230769,1,0.832050294337844,0,2
2010,"臺中市","東區","N_INDI_UNDER6",13,0,0,0,0,0
2010,"臺中市","西區","N_FAMILY",1,4,4,,4,4
2010,"臺中市","西區","N_INDI",1,3,3,,3,3
2010,"臺中市","西區","N_INDI_16_54",1,3,3,,3,3
2010,"臺中市","西區","N_INDI_55PLUS",1,0,0,,0,0
2010,"臺中市","西區","N_INDI_55_64",1,0,0,,0,0
2010,"臺中市","西區","N_INDI_65PLUS",1,0,0,,0,0
2010,"臺中市","西區","N_INDI_7_15",1,0,0,,0,0
2010,"臺中市","西區","N_INDI_UNDER6",1,0,0,,0,0
2010,"臺中市","西屯區","N_FAMILY",11,3.54545454545455,4,1.29333958136573,2,6
2010,"臺中市","西屯區","N_INDI",11,2.72727272727273,2,1.67874411932904,1,6
2010,"臺中市","西屯區","N_INDI_16_54",11,1.90909090909091,2,1.13618180363404,1,4
2010,"臺中市","西屯區","N_INDI_55PLUS",11,0,0,0,0,0
2010,"臺中市","西屯區","N_INDI_55_64",11,0,0,0,0,0
2010,"臺中市","西屯區","N_INDI_65PLUS",11,0,0,0,0,0
2010,"臺中市","西屯區","N_INDI_7_15",11,0.636363636363636,0,0.80903983495589,0,2
2010,"臺中市","西屯區","N_INDI_UNDER6",11,0.181818181818182,0,0.603022689155527,0,2
2010,"臺中縣","和平鄉","N_FAMILY",41,3.85365853658537,3,2.3933342391918,1,10
2010,"臺中縣","和平鄉","N_INDI",41,3.70731707317073,3,2.46215253831911,1,10
2010,"臺中縣","和平鄉","N_INDI_16_54",41,2.19512195121951,2,1.81960864192169,0,7
2010,"臺中縣","和平鄉","N_INDI_55PLUS",41,0.829268292682927,1,0.771441476211587,0,2
2010,"臺中縣","和平鄉","N_INDI_55_64",41,0.292682926829268,0,0.512049921346757,0,2
2010,"臺中縣","和平鄉","N_INDI_65PLUS",41,0.536585365853659,0,0.674446475845554,0,2
2010,"臺中縣","和平鄉","N_INDI_7_15",41,0.463414634146341,0,0.674446475845554,0,2
2010,"臺中縣","和平鄉","N_INDI_UNDER6",41,0.219512195121951,0,0.570622253419511,0,2
2010,"臺中縣","大肚鄉","N_FAMILY",12,3.75,3.5,1.81533868615599,1,7
2010,"臺中縣","大肚鄉","N_INDI",12,2.83333333333333,3,1.6966991126266,1,7
2010,"臺中縣","大肚鄉","N_INDI_16_54",12,2,2,1.04446593573419,1,4
2010,"臺中縣","大肚鄉","N_INDI_55PLUS",12,0.333333333333333,0,0.65133894727893,0,2
2010,"臺中縣","大肚鄉","N_INDI_55_64",12,0.166666666666667,0,0.577350269189626,0,2
2010,"臺中縣","大肚鄉","N_INDI_65PLUS",12,0.166666666666667,0,0.389249472080761,0,1
2010,"臺中縣","大肚鄉","N_INDI_7_15",12,0.333333333333333,0,0.65133894727893,0,2
2010,"臺中縣","大肚鄉","N_INDI_UNDER6",12,0.166666666666667,0,0.389249472080761,0,1
2010,"臺中縣","大里市","N_FAMILY",17,4,4,1.54110350074224,1,7
2010,"臺中縣","大里市","N_INDI",17,3.58823529411765,3,1.73417211982446,1,7
2010,"臺中縣","大里市","N_INDI_16_54",17,2.52941176470588,3,1.32842232831014,0,5
2010,"臺中縣","大里市","N_INDI_55PLUS",17,0.235294117647059,0,0.562295714538387,0,2
2010,"臺中縣","大里市","N_INDI_55_64",17,0.235294117647059,0,0.562295714538387,0,2
2010,"臺中縣","大里市","N_INDI_65PLUS",17,0,0,0,0,0
2010,"臺中縣","大里市","N_INDI_7_15",17,0.705882352941177,0,1.10480235123488,0,3
2010,"臺中縣","大里市","N_INDI_UNDER6",17,0.117647058823529,0,0.332105582077536,0,1
2010,"臺中縣","大雅鄉","N_FAMILY",13,4.53846153846154,4,2.29548050944258,2,10
2010,"臺中縣","大雅鄉","N_INDI",13,3.69230769230769,4,1.75045781557356,1,8
2010,"臺中縣","大雅鄉","N_INDI_16_54",13,1.84615384615385,1,1.72463299700515,0,5
2010,"臺中縣","大雅鄉","N_INDI_55PLUS",13,0.923076923076923,1,1.03774904332554,0,3
2010,"臺中縣","大雅鄉","N_INDI_55_64",13,0.846153846153846,1,0.898717034272917,0,2
2010,"臺中縣","大雅鄉","N_INDI_65PLUS",13,0.0769230769230769,0,0.277350098112615,0,1
2010,"臺中縣","大雅鄉","N_INDI_7_15",13,0.615384615384615,0,1.12089707663561,0,3
2010,"臺中縣","大雅鄉","N_INDI_UNDER6",13,0.307692307692308,0,0.480384461415261,0,1
2010,"臺中縣","東勢鎮","N_FAMILY",24,4.79166666666667,5,1.76879144853366,2,8
2010,"臺中縣","東勢鎮","N_INDI",24,3.66666666666667,4,1.80979620920163,1,7
2010,"臺中縣","東勢鎮","N_INDI_16_54",24,2.125,2,0.9469631093315,0,4
2010,"臺中縣","東勢鎮","N_INDI_55PLUS",24,0.166666666666667,0,0.481543412343077,0,2
2010,"臺中縣","東勢鎮","N_INDI_55_64",24,0.125,0,0.448427203146441,0,2
2010,"臺中縣","東勢鎮","N_INDI_65PLUS",24,0.0416666666666667,0,0.204124145231932,0,1
2010,"臺中縣","東勢鎮","N_INDI_7_15",24,1,1,1.06321906614239,0,3
2010,"臺中縣","東勢鎮","N_INDI_UNDER6",24,0.375,0,0.710939366337732,0,2
2010,"臺中縣","潭子鄉","N_FAMILY",52,3.5,3,1.67449143581789,1,9
2010,"臺中縣","潭子鄉","N_INDI",52,2.75,2,1.69051564241651,1,9
2010,"臺中縣","潭子鄉","N_INDI_16_54",52,1.73076923076923,2,1.03118786663226,0,4
2010,"臺中縣","潭子鄉","N_INDI_55PLUS",52,0.173076923076923,0,0.473665466715671,0,2
2010,"臺中縣","潭子鄉","N_INDI_55_64",52,0.115384615384615,0,0.378534125891649,0,2
2010,"臺中縣","潭子鄉","N_INDI_65PLUS",52,0.0576923076923077,0,0.307645169843285,0,2
2010,"臺中縣","潭子鄉","N_INDI_7_15",52,0.576923076923077,0,1.14354374979373,0,6
2010,"臺中縣","潭子鄉","N_INDI_UNDER6",52,0.269230769230769,0,0.660225291773525,0,3
2010,"臺中縣","烏日鄉","N_FAMILY",6,4.5,4,1.22474487139159,3,6
2010,"臺中縣","烏日鄉","N_INDI",6,4,3.5,1.67332005306815,2,6
2010,"臺中縣","烏日鄉","N_INDI_16_54",6,3.16666666666667,3,1.72240142436851,1,6
2010,"臺中縣","烏日鄉","N_INDI_55PLUS",6,0,0,0,0,0
2010,"臺中縣","烏日鄉","N_INDI_55_64",6,0,0,0,0,0
2010,"臺中縣","烏日鄉","N_INDI_65PLUS",6,0,0,0,0,0
2010,"臺中縣","烏日鄉","N_INDI_7_15",6,0.666666666666667,0,1.03279555898864,0,2
2010,"臺中縣","烏日鄉","N_INDI_UNDER6",6,0.166666666666667,0,0.408248290463863,0,1
2010,"臺中縣","神岡鄉","N_FAMILY",20,3.85,4,1.78517285024817,1,8
2010,"臺中縣","神岡鄉","N_INDI",20,3.7,3.5,1.83819133074363,1,8
2010,"臺中縣","神岡鄉","N_INDI_16_54",20,2.85,2.5,1.72520021721355,0,7
2010,"臺中縣","神岡鄉","N_INDI_55PLUS",20,0.15,0,0.366347548532523,0,1
2010,"臺中縣","神岡鄉","N_INDI_55_64",20,0.05,0,0.223606797749979,0,1
2010,"臺中縣","神岡鄉","N_INDI_65PLUS",20,0.1,0,0.307793505625546,0,1
2010,"臺中縣","神岡鄉","N_INDI_7_15",20,0.55,0,0.825577947481897,0,3
2010,"臺中縣","神岡鄉","N_INDI_UNDER6",20,0.15,0,0.489360484929593,0,2
2010,"臺中縣","豐原市","N_FAMILY",13,3.46153846153846,3,1.7134460703207,1,6
2010,"臺中縣","豐原市","N_INDI",13,2.92307692307692,3,1.60527975036225,1,5
2010,"臺中縣","豐原市","N_INDI_16_54",13,1.84615384615385,1,1.46322439872551,0,5
2010,"臺中縣","豐原市","N_INDI_55PLUS",13,0.538461538461538,0,1.39136531360295,0,5
2010,"臺中縣","豐原市","N_INDI_55_64",13,0.538461538461538,0,1.39136531360295,0,5
2010,"臺中縣","豐原市","N_INDI_65PLUS",13,0,0,0,0,0
2010,"臺中縣","豐原市","N_INDI_7_15",13,0.0769230769230769,0,0.277350098112615,0,1
2010,"臺中縣","豐原市","N_INDI_UNDER6",13,0.461538461538462,0,0.776250025806185,0,2
2010,"臺北市","中山區","N_FAMILY",15,3.73333333333333,3,2.01659779496722,1,8
2010,"臺北市","中山區","N_INDI",15,2.53333333333333,2,1.80739222823013,1,7
2010,"臺北市","中山區","N_INDI_16_54",15,1.8,2,1.08232553856433,0,4
2010,"臺北市","中山區","N_INDI_55PLUS",15,0.333333333333333,0,0.617213399848368,0,2
2010,"臺北市","中山區","N_INDI_55_64",15,0.2,0,0.560611910581388,0,2
2010,"臺北市","中山區","N_INDI_65PLUS",15,0.133333333333333,0,0.351865775274498,0,1
2010,"臺北市","中山區","N_INDI_7_15",15,0.2,0,0.560611910581388,0,2
2010,"臺北市","中山區","N_INDI_UNDER6",15,0.2,0,0.560611910581388,0,2
2010,"臺北市","中正區","N_FAMILY",7,3.71428571428571,4,1.11269728052837,2,5
2010,"臺北市","中正區","N_INDI",7,2.57142857142857,2,1.51185789203691,1,5
2010,"臺北市","中正區","N_INDI_16_54",7,1.28571428571429,1,0.951189731211342,0,3
2010,"臺北市","中正區","N_INDI_55PLUS",7,0.285714285714286,0,0.487950036474267,0,1
2010,"臺北市","中正區","N_INDI_55_64",7,0.285714285714286,0,0.487950036474267,0,1
2010,"臺北市","中正區","N_INDI_65PLUS",7,0,0,0,0,0
2010,"臺北市","中正區","N_INDI_7_15",7,0.714285714285714,0,0.951189731211342,0,2
2010,"臺北市","中正區","N_INDI_UNDER6",7,0.285714285714286,0,0.487950036474267,0,1
2010,"臺北市","信義區","N_FAMILY",9,3.77777777777778,4,1.39443337755679,1,5
2010,"臺北市","信義區","N_INDI",9,1.66666666666667,1,1.11803398874989,1,4
2010,"臺北市","信義區","N_INDI_16_54",9,1,1,0.5,0,2
2010,"臺北市","信義區","N_INDI_55PLUS",9,0.222222222222222,0,0.440958551844098,0,1
2010,"臺北市","信義區","N_INDI_55_64",9,0,0,0,0,0
2010,"臺北市","信義區","N_INDI_65PLUS",9,0.222222222222222,0,0.440958551844098,0,1
2010,"臺北市","信義區","N_INDI_7_15",9,0.333333333333333,0,0.707106781186548,0,2
2010,"臺北市","信義區","N_INDI_UNDER6",9,0.111111111111111,0,0.333333333333333,0,1
2010,"臺北市","內湖區","N_FAMILY",21,4.23809523809524,4,1.86828161433875,1,8
2010,"臺北市","內湖區","N_INDI",21,3.33333333333333,3,1.79814719456816,1,8
2010,"臺北市","內湖區","N_INDI_16_54",21,1.9047619047619,2,1.22085060121056,0,4
2010,"臺北市","內湖區","N_INDI_55PLUS",21,0.476190476190476,0,0.601585207518238,0,2
2010,"臺北市","內湖區","N_INDI_55_64",21,0.285714285714286,0,0.462910049886276,0,1
2010,"臺北市","內湖區","N_INDI_65PLUS",21,0.19047619047619,0,0.511766315719159,0,2
2010,"臺北市","內湖區","N_INDI_7_15",21,0.714285714285714,0,0.902377811277357,0,3
2010,"臺北市","內湖區","N_INDI_UNDER6",21,0.238095238095238,0,0.436435780471985,0,1
2010,"臺北市","北投區","N_FAMILY",17,4.47058823529412,4,1.80684971216561,1,8
2010,"臺北市","北投區","N_INDI",17,3.11764705882353,3,1.7278003697323,1,7
2010,"臺北市","北投區","N_INDI_16_54",17,2,2,1.06066017177982,1,4
2010,"臺北市","北投區","N_INDI_55PLUS",17,0.294117647058824,0,0.587867532097255,0,2
2010,"臺北市","北投區","N_INDI_55_64",17,0.294117647058824,0,0.587867532097255,0,2
2010,"臺北市","北投區","N_INDI_65PLUS",17,0,0,0,0,0
2010,"臺北市","北投區","N_INDI_7_15",17,0.588235294117647,0,0.795206225564457,0,2
2010,"臺北市","北投區","N_INDI_UNDER6",17,0.235294117647059,0,0.562295714538387,0,2
2010,"臺北市","南港區","N_FAMILY",18,4.55555555555556,4.5,1.75640750404382,2,9
2010,"臺北市","南港區","N_INDI",18,3.77777777777778,3.5,2.01627366126828,1,9
2010,"臺北市","南港區","N_INDI_16_54",18,2.38888888888889,2,1.57699971609863,0,6
2010,"臺北市","南港區","N_INDI_55PLUS",18,0.111111111111111,0,0.323380833381777,0,1
2010,"臺北市","南港區","N_INDI_55_64",18,0.111111111111111,0,0.323380833381777,0,1
2010,"臺北市","南港區","N_INDI_65PLUS",18,0,0,0,0,0
2010,"臺北市","南港區","N_INDI_7_15",18,0.944444444444444,1,1.05564155136453,0,3
2010,"臺北市","南港區","N_INDI_UNDER6",18,0.333333333333333,0,0.594088525786005,0,2
2010,"臺北市","士林區","N_FAMILY",12,4.41666666666667,4.5,1.24011240937215,2,7
2010,"臺北市","士林區","N_INDI",12,3.08333333333333,3,1.72986249234563,1,7
2010,"臺北市","士林區","N_INDI_16_54",12,2.08333333333333,1.5,1.62135371797393,0,6
2010,"臺北市","士林區","N_INDI_55PLUS",12,0.416666666666667,0,0.668557923421521,0,2
2010,"臺北市","士林區","N_INDI_55_64",12,0.25,0,0.452267016866645,0,1
2010,"臺北市","士林區","N_INDI_65PLUS",12,0.166666666666667,0,0.389249472080761,0,1
2010,"臺北市","士林區","N_INDI_7_15",12,0.25,0,0.452267016866645,0,1
2010,"臺北市","士林區","N_INDI_UNDER6",12,0.333333333333333,0,0.887625364598595,0,3
2010,"臺北市","大同區","N_FAMILY",10,3.9,4,1.72884033065199,1,7
2010,"臺北市","大同區","N_INDI",10,2.4,2,1.50554530541816,1,5
2010,"臺北市","大同區","N_INDI_16_54",10,2,1.5,1.15470053837925,1,4
2010,"臺北市","大同區","N_INDI_55PLUS",10,0,0,0,0,0
2010,"臺北市","大同區","N_INDI_55_64",10,0,0,0,0,0
2010,"臺北市","大同區","N_INDI_65PLUS",10,0,0,0,0,0
2010,"臺北市","大同區","N_INDI_7_15",10,0.4,0,0.699205898780101,0,2
2010,"臺北市","大同區","N_INDI_UNDER6",10,0,0,0,0,0
2010,"臺北市","大安區","N_FAMILY",9,2.44444444444444,2,1.58989866902824,1,5
2010,"臺北市","大安區","N_INDI",9,1.44444444444444,1,1.0137937550497,1,4
2010,"臺北市","大安區","N_INDI_16_54",9,0.888888888888889,1,0.927960727138337,0,3
2010,"臺北市","大安區","N_INDI_55PLUS",9,0.333333333333333,0,0.5,0,1
2010,"臺北市","大安區","N_INDI_55_64",9,0.333333333333333,0,0.5,0,1
2010,"臺北市","大安區","N_INDI_65PLUS",9,0,0,0,0,0
2010,"臺北市","大安區","N_INDI_7_15",9,0.111111111111111,0,0.333333333333333,0,1
2010,"臺北市","大安區","N_INDI_UNDER6",9,0.111111111111111,0,0.333333333333333,0,1
2010,"臺北市","文山區","N_FAMILY",18,4.16666666666667,4,1.85504082720253,2,8
2010,"臺北市","文山區","N_INDI",18,3,2.5,2.02919862478357,1,8
2010,"臺北市","文山區","N_INDI_16_54",18,1.94444444444444,2,1.10996673093875,0,5
2010,"臺北市","文山區","N_INDI_55PLUS",18,0.222222222222222,0,0.548318880553316,0,2
2010,"臺北市","文山區","N_INDI_55_64",18,0.222222222222222,0,0.548318880553316,0,2
2010,"臺北市","文山區","N_INDI_65PLUS",18,0,0,0,0,0
2010,"臺北市","文山區","N_INDI_7_15",18,0.666666666666667,0,0.90748521297303,0,3
2010,"臺北市","文山區","N_INDI_UNDER6",18,0.166666666666667,0,0.383482494423685,0,1
2010,"臺北市","松山區","N_FAMILY",10,4.1,4,1.59513148186739,2,6
2010,"臺北市","松山區","N_INDI",10,3,2.5,1.82574185835055,1,6
2010,"臺北市","松山區","N_INDI_16_54",10,1.9,2,0.994428926011753,1,4
2010,"臺北市","松山區","N_INDI_55PLUS",10,0.2,0,0.421637021355784,0,1
2010,"臺北市","松山區","N_INDI_55_64",10,0.2,0,0.421637021355784,0,1
2010,"臺北市","松山區","N_INDI_65PLUS",10,0,0,0,0,0
2010,"臺北市","松山區","N_INDI_7_15",10,0.5,0,0.707106781186548,0,2
2010,"臺北市","松山區","N_INDI_UNDER6",10,0.4,0,0.699205898780101,0,2
2010,"臺北市","萬華區","N_FAMILY",14,4.28571428571429,4,2.1989008243131,1,9
2010,"臺北市","萬華區","N_INDI",14,2.14285714285714,2,1.29241234531773,1,5
2010,"臺北市","萬華區","N_INDI_16_54",14,1.57142857142857,1,0.937614461876991,1,4
2010,"臺北市","萬華區","N_INDI_55PLUS",14,0.0714285714285714,0,0.267261241912424,0,1
2010,"臺北市","萬華區","N_INDI_55_64",14,0.0714285714285714,0,0.267261241912424,0,1
2010,"臺北市","萬華區","N_INDI_65PLUS",14,0,0,0,0,0
2010,"臺北市","萬華區","N_INDI_7_15",14,0.285714285714286,0,0.611249845502127,0,2
2010,"臺北市","萬華區","N_INDI_UNDER6",14,0.214285714285714,0,0.42581531362632,0,1
2010,"臺北縣","三峽鎮","N_FAMILY",52,3.15384615384615,3,1.33408726798975,1,5
2010,"臺北縣","三峽鎮","N_INDI",52,2.28846153846154,2,1.30363802358282,1,5
2010,"臺北縣","三峽鎮","N_INDI_16_54",52,1.55769230769231,2,0.978463411971607,0,5
2010,"臺北縣","三峽鎮","N_INDI_55PLUS",52,0.211538461538462,0,0.412383719156125,0,1
2010,"臺北縣","三峽鎮","N_INDI_55_64",52,0.192307692307692,0,0.397958591720272,0,1
2010,"臺北縣","三峽鎮","N_INDI_65PLUS",52,0.0192307692307692,0,0.138675049056307,0,1
2010,"臺北縣","三峽鎮","N_INDI_7_15",52,0.230769230769231,0,0.546481961217982,0,2
2010,"臺北縣","三峽鎮","N_INDI_UNDER6",52,0.288461538461538,0,0.636674523969741,0,3
2010,"臺北縣","三重市","N_FAMILY",11,4.81818181818182,5,1.4709304414677,3,7
2010,"臺北縣","三重市","N_INDI",11,2.90909090909091,2,1.64039906452945,1,6
2010,"臺北縣","三重市","N_INDI_16_54",11,1.90909090909091,2,0.943879807448539,1,4
2010,"臺北縣","三重市","N_INDI_55PLUS",11,0,0,0,0,0
2010,"臺北縣","三重市","N_INDI_55_64",11,0,0,0,0,0
2010,"臺北縣","三重市","N_INDI_65PLUS",11,0,0,0,0,0
2010,"臺北縣","三重市","N_INDI_7_15",11,0.727272727272727,0,0.904534033733291,0,2
2010,"臺北縣","三重市","N_INDI_UNDER6",11,0.272727272727273,0,0.467099366496914,0,1
2010,"臺北縣","中和市","N_FAMILY",8,4.125,4,1.45773797371133,2,7
2010,"臺北縣","中和市","N_INDI",8,3,3,2.07019667802706,1,7
2010,"臺北縣","中和市","N_INDI_16_54",8,2,1.5,1.8516401995451,0,6
2010,"臺北縣","中和市","N_INDI_55PLUS",8,0.125,0,0.353553390593274,0,1
2010,"臺北縣","中和市","N_INDI_55_64",8,0.125,0,0.353553390593274,0,1
2010,"臺北縣","中和市","N_INDI_65PLUS",8,0,0,0,0,0
2010,"臺北縣","中和市","N_INDI_7_15",8,0.25,0,0.462910049886276,0,1
2010,"臺北縣","中和市","N_INDI_UNDER6",8,0.625,0.5,0.744023809142845,0,2
2010,"臺北縣","五股鄉","N_FAMILY",2,5.5,5.5,0.707106781186548,5,6
2010,"臺北縣","五股鄉","N_INDI",2,2,2,1.4142135623731,1,3
2010,"臺北縣","五股鄉","N_INDI_16_54",2,2,2,1.4142135623731,1,3
2010,"臺北縣","五股鄉","N_INDI_55PLUS",2,0,0,0,0,0
2010,"臺北縣","五股鄉","N_INDI_55_64",2,0,0,0,0,0
2010,"臺北縣","五股鄉","N_INDI_65PLUS",2,0,0,0,0,0
2010,"臺北縣","五股鄉","N_INDI_7_15",2,0,0,0,0,0
2010,"臺北縣","五股鄉","N_INDI_UNDER6",2,0,0,0,0,0
2010,"臺北縣","土城市","N_FAMILY",80,3.725,4,1.54243765645508,1,11
2010,"臺北縣","土城市","N_INDI",80,2.975,3,1.3868733617454,1,6
2010,"臺北縣","土城市","N_INDI_16_54",80,2.125,2,1.24651412681703,0,5
2010,"臺北縣","土城市","N_INDI_55PLUS",80,0.35,0,0.618286730419357,0,2
2010,"臺北縣","土城市","N_INDI_55_64",80,0.2875,0,0.555610053585759,0,2
2010,"臺北縣","土城市","N_INDI_65PLUS",80,0.0625,0,0.290949993528402,0,2
2010,"臺北縣","土城市","N_INDI_7_15",80,0.2875,0,0.640287712228167,0,3
2010,"臺北縣","土城市","N_INDI_UNDER6",80,0.2125,0,0.544099534825631,0,2
2010,"臺北縣","新店市","N_FAMILY",39,3.48717948717949,3,1.57064845595688,1,8
2010,"臺北縣","新店市","N_INDI",39,2.71794871794872,2,1.60506956643331,1,7
2010,"臺北縣","新店市","N_INDI_16_54",39,2.07692307692308,2,1.24360713428857,0,5
2010,"臺北縣","新店市","N_INDI_55PLUS",39,0.256410256410256,0,0.49831023511298,0,2
2010,"臺北縣","新店市","N_INDI_55_64",39,0.128205128205128,0,0.33868842842937,0,1
2010,"臺北縣","新店市","N_INDI_65PLUS",39,0.128205128205128,0,0.33868842842937,0,1
2010,"臺北縣","新店市","N_INDI_7_15",39,0.256410256410256,0,0.63734435532172,0,2
2010,"臺北縣","新店市","N_INDI_UNDER6",39,0.128205128205128,0,0.409073869245305,0,2
2010,"臺北縣","新莊市","N_FAMILY",19,4.15789473684211,4,0.958190302064658,2,6
2010,"臺北縣","新莊市","N_INDI",19,3.63157894736842,3,1.11607080200484,2,5
2010,"臺北縣","新莊市","N_INDI_16_54",19,2.78947368421053,3,1.35724178507659,1,5
2010,"臺北縣","新莊市","N_INDI_55PLUS",19,0,0,0,0,0
2010,"臺北縣","新莊市","N_INDI_55_64",19,0,0,0,0,0
2010,"臺北縣","新莊市","N_INDI_65PLUS",19,0,0,0,0,0
2010,"臺北縣","新莊市","N_INDI_7_15",19,0.842105263157895,1,0.958190302064658,0,3
2010,"臺北縣","新莊市","N_INDI_UNDER6",19,0,0,0,0,0
2010,"臺北縣","板橋市","N_FAMILY",17,2.88235294117647,3,1.79869233546125,1,6
2010,"臺北縣","板橋市","N_INDI",17,2.58823529411765,1,1.80481382451944,1,5
2010,"臺北縣","板橋市","N_INDI_16_54",17,1.94117647058824,1,1.14403825522216,1,4
2010,"臺北縣","板橋市","N_INDI_55PLUS",17,0.0588235294117647,0,0.242535625036333,0,1
2010,"臺北縣","板橋市","N_INDI_55_64",17,0.0588235294117647,0,0.242535625036333,0,1
2010,"臺北縣","板橋市","N_INDI_65PLUS",17,0,0,0,0,0
2010,"臺北縣","板橋市","N_INDI_7_15",17,0.470588235294118,0,0.717430053979439,0,2
2010,"臺北縣","板橋市","N_INDI_UNDER6",17,0.117647058823529,0,0.485071250072666,0,2
2010,"臺北縣","林口鄉","N_FAMILY",8,3.875,4,1.24642345475822,2,5
2010,"臺北縣","林口鄉","N_INDI",8,3.25,4,1.16496474502144,1,4
2010,"臺北縣","林口鄉","N_INDI_16_54",8,2.375,2.5,0.744023809142845,1,3
2010,"臺北縣","林口鄉","N_INDI_55PLUS",8,0,0,0,0,0
2010,"臺北縣","林口鄉","N_INDI_55_64",8,0,0,0,0,0
2010,"臺北縣","林口鄉","N_INDI_65PLUS",8,0,0,0,0,0
2010,"臺北縣","林口鄉","N_INDI_7_15",8,0.875,1,0.83452296039628,0,2
2010,"臺北縣","林口鄉","N_INDI_UNDER6",8,0,0,0,0,0
2010,"臺北縣","樹林市","N_FAMILY",116,4.08620689655172,4,1.54113998188942,1,10
2010,"臺北縣","樹林市","N_INDI",116,3.44827586206897,3,1.74627468124829,1,10
2010,"臺北縣","樹林市","N_INDI_16_54",116,2.27586206896552,2,1.19844977327816,0,6
2010,"臺北縣","樹林市","N_INDI_55PLUS",116,0.258620689655172,0,0.561375479323427,0,2
2010,"臺北縣","樹林市","N_INDI_55_64",116,0.224137931034483,0,0.512219499425982,0,2
2010,"臺北縣","樹林市","N_INDI_65PLUS",116,0.0344827586206897,0,0.225775359026684,0,2
2010,"臺北縣","樹林市","N_INDI_7_15",116,0.629310344827586,0,0.964862435915027,0,5
2010,"臺北縣","樹林市","N_INDI_UNDER6",116,0.28448275862069,0,0.669925816564901,0,3
2010,"臺北縣","永和市","N_FAMILY",8,2.75,3,1.28173988892331,1,4
2010,"臺北縣","永和市","N_INDI",8,1.75,1,1.16496474502144,1,4
2010,"臺北縣","永和市","N_INDI_16_54",8,1.125,1,1.35620268186054,0,4
2010,"臺北縣","永和市","N_INDI_55PLUS",8,0.5,0.5,0.534522483824849,0,1
2010,"臺北縣","永和市","N_INDI_55_64",8,0.375,0,0.517549169506766,0,1
2010,"臺北縣","永和市","N_INDI_65PLUS",8,0.125,0,0.353553390593274,0,1
2010,"臺北縣","永和市","N_INDI_7_15",8,0.125,0,0.353553390593274,0,1
2010,"臺北縣","永和市","N_INDI_UNDER6",8,0,0,0,0,0
2010,"臺北縣","汐止市","N_FAMILY",40,3.5,4,1.24034734589208,1,6
2010,"臺北縣","汐止市","N_INDI",40,2.85,3,1.54504999504207,1,6
2010,"臺北縣","汐止市","N_INDI_16_54",40,1.95,1,1.44913767461894,0,5
2010,"臺北縣","汐止市","N_INDI_55PLUS",40,0.2,0,0.464095480892257,0,2
2010,"臺北縣","汐止市","N_INDI_55_64",40,0.2,0,0.464095480892257,0,2
2010,"臺北縣","汐止市","N_INDI_65PLUS",40,0,0,0,0,0
2010,"臺北縣","汐止市","N_INDI_7_15",40,0.425,0,0.812955986445414,0,3
2010,"臺北縣","汐止市","N_INDI_UNDER6",40,0.275,0,0.598609499868932,0,2
2010,"臺北縣","泰山鄉","N_FAMILY",18,2.38888888888889,2,1.41997882705379,1,5
2010,"臺北縣","泰山鄉","N_INDI",18,1.77777777777778,1,1.35279908318905,1,5
2010,"臺北縣","泰山鄉","N_INDI_16_54",18,1.27777777777778,1,0.574513149960142,1,3
2010,"臺北縣","泰山鄉","N_INDI_55PLUS",18,0.166666666666667,0,0.514495755427527,0,2
2010,"臺北縣","泰山鄉","N_INDI_55_64",18,0.166666666666667,0,0.514495755427527,0,2
2010,"臺北縣","泰山鄉","N_INDI_65PLUS",18,0,0,0,0,0
2010,"臺北縣","泰山鄉","N_INDI_7_15",18,0.277777777777778,0,0.669113158068688,0,2
2010,"臺北縣","泰山鄉","N_INDI_UNDER6",18,0.0555555555555556,0,0.235702260395516,0,1
2010,"臺北縣","烏來鄉","N_FAMILY",21,3.76190476190476,3,1.37494588638106,2,6
2010,"臺北縣","烏來鄉","N_INDI",21,3.52380952380952,3,1.4359334113756,1,6
2010,"臺北縣","烏來鄉","N_INDI_16_54",21,2.52380952380952,2,1.07791686224159,1,4
2010,"臺北縣","烏來鄉","N_INDI_55PLUS",21,0.0952380952380952,0,0.300792603759119,0,1
2010,"臺北縣","烏來鄉","N_INDI_55_64",21,0.0952380952380952,0,0.300792603759119,0,1
2010,"臺北縣","烏來鄉","N_INDI_65PLUS",21,0,0,0,0,0
2010,"臺北縣","烏來鄉","N_INDI_7_15",21,0.571428571428571,0,0.810643483377778,0,2
2010,"臺北縣","烏來鄉","N_INDI_UNDER6",21,0.333333333333333,0,0.658280588604383,0,2
2010,"臺北縣","蘆洲市","N_FAMILY",52,4.28846153846154,4,1.51251690590504,1,10
2010,"臺北縣","蘆洲市","N_INDI",52,3.01923076923077,3,1.48839148096303,1,6
2010,"臺北縣","蘆洲市","N_INDI_16_54",52,2.26923076923077,2,1.2385219624955,1,5
2010,"臺北縣","蘆洲市","N_INDI_55PLUS",52,0,0,0,0,0
2010,"臺北縣","蘆洲市","N_INDI_55_64",52,0,0,0,0,0
2010,"臺北縣","蘆洲市","N_INDI_65PLUS",52,0,0,0,0,0
2010,"臺北縣","蘆洲市","N_INDI_7_15",52,0.480769230769231,0,0.851535743331979,0,3
2010,"臺北縣","蘆洲市","N_INDI_UNDER6",52,0.269230769230769,0,0.68928450016807,0,3
2010,"臺北縣","鶯歌鎮","N_FAMILY",9,4.11111111111111,4,1.05409255338946,3,6
2010,"臺北縣","鶯歌鎮","N_INDI",9,2.77777777777778,3,1.20185042515466,1,5
2010,"臺北縣","鶯歌鎮","N_INDI_16_54",9,1.33333333333333,1,0.707106781186548,0,2
2010,"臺北縣","鶯歌鎮","N_INDI_55PLUS",9,0.333333333333333,0,0.707106781186548,0,2
2010,"臺北縣","鶯歌鎮","N_INDI_55_64",9,0.222222222222222,0,0.666666666666667,0,2
2010,"臺北縣","鶯歌鎮","N_INDI_65PLUS",9,0.111111111111111,0,0.333333333333333,0,1
2010,"臺北縣","鶯歌鎮","N_INDI_7_15",9,0.888888888888889,1,0.927960727138337,0,2
2010,"臺北縣","鶯歌鎮","N_INDI_UNDER6",9,0.222222222222222,0,0.440958551844098,0,1
2010,"臺南市","中西區","N_FAMILY",1,3,3,,3,3
2010,"臺南市","中西區","N_INDI",1,3,3,,3,3
2010,"臺南市","中西區","N_INDI_16_54",1,2,2,,2,2
2010,"臺南市","中西區","N_INDI_55PLUS",1,0,0,,0,0
2010,"臺南市","中西區","N_INDI_55_64",1,0,0,,0,0
2010,"臺南市","中西區","N_INDI_65PLUS",1,0,0,,0,0
2010,"臺南市","中西區","N_INDI_7_15",1,1,1,,1,1
2010,"臺南市","中西區","N_INDI_UNDER6",1,0,0,,0,0
2010,"臺南市","北區","N_FAMILY",11,4.27272727272727,4,2.61116483933547,1,9
2010,"臺南市","北區","N_INDI",11,2.09090909090909,2,1.13618180363404,1,4
2010,"臺南市","北區","N_INDI_16_54",11,1.27272727272727,1,1.00904995821903,0,4
2010,"臺南市","北區","N_INDI_55PLUS",11,0.272727272727273,0,0.646669790682863,0,2
2010,"臺南市","北區","N_INDI_55_64",11,0.272727272727273,0,0.646669790682863,0,2
2010,"臺南市","北區","N_INDI_65PLUS",11,0,0,0,0,0
2010,"臺南市","北區","N_INDI_7_15",11,0.363636363636364,0,0.80903983495589,0,2
2010,"臺南市","北區","N_INDI_UNDER6",11,0.181818181818182,0,0.603022689155527,0,2
2010,"臺南市","南區","N_FAMILY",5,2.8,2,1.30384048104053,2,5
2010,"臺南市","南區","N_INDI",5,1.6,1,0.894427190999916,1,3
2010,"臺南市","南區","N_INDI_16_54",5,1,1,0.707106781186548,0,2
2010,"臺南市","南區","N_INDI_55PLUS",5,0.2,0,0.447213595499958,0,1
2010,"臺南市","南區","N_INDI_55_64",5,0,0,0,0,0
2010,"臺南市","南區","N_INDI_65PLUS",5,0.2,0,0.447213595499958,0,1
2010,"臺南市","南區","N_INDI_7_15",5,0.2,0,0.447213595499958,0,1
2010,"臺南市","南區","N_INDI_UNDER6",5,0.2,0,0.447213595499958,0,1
2010,"臺南市","安南區","N_FAMILY",12,4.66666666666667,5,2.05971460217775,1,9
2010,"臺南市","安南區","N_INDI",12,1.75,1,1.13818036595899,1,4
2010,"臺南市","安南區","N_INDI_16_54",12,1.33333333333333,1,0.492365963917331,1,2
2010,"臺南市","安南區","N_INDI_55PLUS",12,0,0,0,0,0
2010,"臺南市","安南區","N_INDI_55_64",12,0,0,0,0,0
2010,"臺南市","安南區","N_INDI_65PLUS",12,0,0,0,0,0
2010,"臺南市","安南區","N_INDI_7_15",12,0.333333333333333,0,0.65133894727893,0,2
2010,"臺南市","安南區","N_INDI_UNDER6",12,0.0833333333333333,0,0.288675134594813,0,1
2010,"臺南市","安平區","N_FAMILY",2,4.5,4.5,2.12132034355964,3,6
2010,"臺南市","安平區","N_INDI",2,1.5,1.5,0.707106781186548,1,2
2010,"臺南市","安平區","N_INDI_16_54",2,1.5,1.5,0.707106781186548,1,2
2010,"臺南市","安平區","N_INDI_55PLUS",2,0,0,0,0,0
2010,"臺南市","安平區","N_INDI_55_64",2,0,0,0,0,0
2010,"臺南市","安平區","N_INDI_65PLUS",2,0,0,0,0,0
2010,"臺南市","安平區","N_INDI_7_15",2,0,0,0,0,0
2010,"臺南市","安平區","N_INDI_UNDER6",2,0,0,0,0,0
2010,"臺南市","東區","N_FAMILY",26,3.30769230769231,3.5,1.04954202466526,2,5
2010,"臺南市","東區","N_INDI",26,2.5,2,1.33416640641263,1,5
2010,"臺南市","東區","N_INDI_16_54",26,1.57692307692308,1,1.10174686468633,0,4
2010,"臺南市","東區","N_INDI_55PLUS",26,0.115384615384615,0,0.325812593608421,0,1
2010,"臺南市","東區","N_INDI_55_64",26,0.0769230769230769,0,0.271746488194703,0,1
2010,"臺南市","東區","N_INDI_65PLUS",26,0.0384615384615385,0,0.196116135138184,0,1
2010,"臺南市","東區","N_INDI_7_15",26,0.538461538461538,0,0.811456430414806,0,3
2010,"臺南市","東區","N_INDI_UNDER6",26,0.269230769230769,0,0.603833904824319,0,2
2010,"臺南縣","仁德鄉","N_FAMILY",14,4.78571428571429,4.5,1.88836809598501,3,9
2010,"臺南縣","仁德鄉","N_INDI",14,2.28571428571429,1,1.85756546332813,1,7
2010,"臺南縣","仁德鄉","N_INDI_16_54",14,1.35714285714286,1,1.08181776206978,0,4
2010,"臺南縣","仁德鄉","N_INDI_55PLUS",14,0.5,0,1.34450448407296,0,5
2010,"臺南縣","仁德鄉","N_INDI_55_64",14,0.5,0,1.34450448407296,0,5
2010,"臺南縣","仁德鄉","N_INDI_65PLUS",14,0,0,0,0,0
2010,"臺南縣","仁德鄉","N_INDI_7_15",14,0.285714285714286,0,0.825420305855557,0,3
2010,"臺南縣","仁德鄉","N_INDI_UNDER6",14,0.142857142857143,0,0.363136519601281,0,1
2010,"臺南縣","新營市","N_FAMILY",5,5.2,5,1.78885438199983,3,7
2010,"臺南縣","新營市","N_INDI",5,1.4,1,0.547722557505166,1,2
2010,"臺南縣","新營市","N_INDI_16_54",5,1.2,1,0.447213595499958,1,2
2010,"臺南縣","新營市","N_INDI_55PLUS",5,0,0,0,0,0
2010,"臺南縣","新營市","N_INDI_55_64",5,0,0,0,0,0
2010,"臺南縣","新營市","N_INDI_65PLUS",5,0,0,0,0,0
2010,"臺南縣","新營市","N_INDI_7_15",5,0,0,0,0,0
2010,"臺南縣","新營市","N_INDI_UNDER6",5,0.2,0,0.447213595499958,0,1
2010,"臺南縣","歸仁鄉","N_FAMILY",25,3.48,4,1.22882057274445,1,5
2010,"臺南縣","歸仁鄉","N_INDI",25,2.52,2,1.35769412362775,1,5
2010,"臺南縣","歸仁鄉","N_INDI_16_54",25,1.68,2,1.06926766215636,0,4
2010,"臺南縣","歸仁鄉","N_INDI_55PLUS",25,0.2,0,0.408248290463863,0,1
2010,"臺南縣","歸仁鄉","N_INDI_55_64",25,0.2,0,0.408248290463863,0,1
2010,"臺南縣","歸仁鄉","N_INDI_65PLUS",25,0,0,0,0,0
2010,"臺南縣","歸仁鄉","N_INDI_7_15",25,0.48,0,0.822597511950204,0,3
2010,"臺南縣","歸仁鄉","N_INDI_UNDER6",25,0.16,0,0.472581562625261,0,2
2010,"臺南縣","永康市","N_FAMILY",8,4.625,5,1.18773493916542,3,6
2010,"臺南縣","永康市","N_INDI",8,2.875,2.5,1.45773797371133,1,5
2010,"臺南縣","永康市","N_INDI_16_54",8,2,2,1.0690449676497,1,4
2010,"臺南縣","永康市","N_INDI_55PLUS",8,0.125,0,0.353553390593274,0,1
2010,"臺南縣","永康市","N_INDI_55_64",8,0.125,0,0.353553390593274,0,1
2010,"臺南縣","永康市","N_INDI_65PLUS",8,0,0,0,0,0
2010,"臺南縣","永康市","N_INDI_7_15",8,0.375,0,0.517549169506766,0,1
2010,"臺南縣","永康市","N_INDI_UNDER6",8,0.375,0,0.744023809142845,0,2
2010,"臺東縣","卑南鄉","N_FAMILY",61,3.39344262295082,3,1.96874484993688,1,9
2010,"臺東縣","卑南鄉","N_INDI",61,3.14754098360656,3,1.84242653018395,1,9
2010,"臺東縣","卑南鄉","N_INDI_16_54",61,1.88524590163934,2,1.30509719504893,0,5
2010,"臺東縣","卑南鄉","N_INDI_55PLUS",61,0.524590163934426,0,0.721261796600217,0,2
2010,"臺東縣","卑南鄉","N_INDI_55_64",61,0.180327868852459,0,0.500273149433103,0,2
2010,"臺東縣","卑南鄉","N_INDI_65PLUS",61,0.344262295081967,0,0.574028045239352,0,2
2010,"臺東縣","卑南鄉","N_INDI_7_15",61,0.426229508196721,0,0.694238585152651,0,2
2010,"臺東縣","卑南鄉","N_INDI_UNDER6",61,0.311475409836066,0,0.671837867508657,0,3
2010,"臺東縣","大武鄉","N_FAMILY",44,2.25,2,1.2781709315395,1,6
2010,"臺東縣","大武鄉","N_INDI",44,1.72727272727273,1,1.06451509571558,1,5
2010,"臺東縣","大武鄉","N_INDI_16_54",44,0.886363636363636,1,0.841258998111015,0,3
2010,"臺東縣","大武鄉","N_INDI_55PLUS",44,0.386363636363636,0,0.53769140846768,0,2
2010,"臺東縣","大武鄉","N_INDI_55_64",44,0.181818181818182,0,0.445793114636243,0,2
2010,"臺東縣","大武鄉","N_INDI_65PLUS",44,0.204545454545455,0,0.408032457358392,0,1
2010,"臺東縣","大武鄉","N_INDI_7_15",44,0.227272727272727,0,0.565012301312325,0,2
2010,"臺東縣","大武鄉","N_INDI_UNDER6",44,0.227272727272727,0,0.475621325026849,0,2
2010,"臺東縣","太麻里鄉","N_FAMILY",52,3.03846153846154,2,2.4250452873195,1,13
2010,"臺東縣","太麻里鄉","N_INDI",52,2.82692307692308,2,2.34078212039124,1,13
2010,"臺東縣","太麻里鄉","N_INDI_16_54",52,1.32692307692308,1,1.24807544150677,0,6
2010,"臺東縣","太麻里鄉","N_INDI_55PLUS",52,0.769230769230769,1,0.703364034699814,0,3
2010,"臺東縣","太麻里鄉","N_INDI_55_64",52,0.269230769230769,0,0.564136842507123,0,2
2010,"臺東縣","太麻里鄉","N_INDI_65PLUS",52,0.5,0,0.577350269189626,0,2
2010,"臺東縣","太麻里鄉","N_INDI_7_15",52,0.346153846153846,0,0.710829821188447,0,3
2010,"臺東縣","太麻里鄉","N_INDI_UNDER6",52,0.384615384615385,0,0.866678268863052,0,4
2010,"臺東縣","延平鄉","N_FAMILY",20,4,3.5,2.47088307248537,1,8
2010,"臺東縣","延平鄉","N_INDI",20,3.65,3,2.27746396354874,1,7
2010,"臺東縣","延平鄉","N_INDI_16_54",20,1.95,2,1.7614288458372,0,6
2010,"臺東縣","延平鄉","N_INDI_55PLUS",20,0.8,1,0.767771895949914,0,2
2010,"臺東縣","延平鄉","N_INDI_55_64",20,0.4,0,0.753937034925052,0,2
2010,"臺東縣","延平鄉","N_INDI_65PLUS",20,0.4,0,0.598243041616119,0,2
2010,"臺東縣","延平鄉","N_INDI_7_15",20,0.5,0,0.945905302926917,0,3
2010,"臺東縣","延平鄉","N_INDI_UNDER6",20,0.4,0,0.753937034925052,0,3
2010,"臺東縣","成功鎮","N_FAMILY",85,2.43529411764706,2,1.39255724703673,1,8
2010,"臺東縣","成功鎮","N_INDI",85,2.36470588235294,2,1.37881124457965,1,8
2010,"臺東縣","成功鎮","N_INDI_16_54",85,0.870588235294118,1,1.03265994142401,0,4
2010,"臺東縣","成功鎮","N_INDI_55PLUS",85,1.10588235294118,1,0.816839574675653,0,3
2010,"臺東縣","成功鎮","N_INDI_55_64",85,0.435294117647059,0,0.606454544748358,0,2
2010,"臺東縣","成功鎮","N_INDI_65PLUS",85,0.670588235294118,1,0.713613128718209,0,3
2010,"臺東縣","成功鎮","N_INDI_7_15",85,0.235294117647059,0,0.590541696917601,0,3
2010,"臺東縣","成功鎮","N_INDI_UNDER6",85,0.152941176470588,0,0.422742811404094,0,2
2010,"臺東縣","東河鄉","N_FAMILY",46,2.23913043478261,2,1.250507143499,1,6
2010,"臺東縣","東河鄉","N_INDI",46,2.19565217391304,2,1.25820975494534,1,6
2010,"臺東縣","東河鄉","N_INDI_16_54",46,1.04347826086957,1,1.24644421792786,0,5
2010,"臺東縣","東河鄉","N_INDI_55PLUS",46,1.04347826086957,1,0.815312393820251,0,3
2010,"臺東縣","東河鄉","N_INDI_55_64",46,0.326086956521739,0,0.559934433704795,0,2
2010,"臺東縣","東河鄉","N_INDI_65PLUS",46,0.717391304347826,1,0.719970477118823,0,2
2010,"臺東縣","東河鄉","N_INDI_7_15",46,0.0652173913043478,0,0.249637418228338,0,1
2010,"臺東縣","東河鄉","N_INDI_UNDER6",46,0.0434782608695652,0,0.294883912309794,0,2
2010,"臺東縣","池上鄉","N_FAMILY",21,1.95238095238095,2,1.4309504001254,1,7
2010,"臺東縣","池上鄉","N_INDI",21,1.85714285714286,1,1.45896244933563,1,7
2010,"臺東縣","池上鄉","N_INDI_16_54",21,0.904761904761905,1,0.700340053457026,0,2
2010,"臺東縣","池上鄉","N_INDI_55PLUS",21,0.428571428571429,0,0.50709255283711,0,1
2010,"臺東縣","池上鄉","N_INDI_55_64",21,0.142857142857143,0,0.358568582800318,0,1
2010,"臺東縣","池上鄉","N_INDI_65PLUS",21,0.285714285714286,0,0.462910049886276,0,1
2010,"臺東縣","池上鄉","N_INDI_7_15",21,0.19047619047619,0,0.601585207518238,0,2
2010,"臺東縣","池上鄉","N_INDI_UNDER6",21,0.333333333333333,0,0.856348838577675,0,3
2010,"臺東縣","海端鄉","N_FAMILY",30,2.9,3,1.74889127439506,1,6
2010,"臺東縣","海端鄉","N_INDI",30,2.86666666666667,3,1.71671967332515,1,6
2010,"臺東縣","海端鄉","N_INDI_16_54",30,1.46666666666667,1,0.973204211243257,0,4
2010,"臺東縣","海端鄉","N_INDI_55PLUS",30,0.533333333333333,0.5,0.571346463723366,0,2
2010,"臺東縣","海端鄉","N_INDI_55_64",30,0.233333333333333,0,0.430183067152076,0,1
2010,"臺東縣","海端鄉","N_INDI_65PLUS",30,0.3,0,0.466091599699399,0,1
2010,"臺東縣","海端鄉","N_INDI_7_15",30,0.533333333333333,0,0.819307248726686,0,3
2010,"臺東縣","海端鄉","N_INDI_UNDER6",30,0.333333333333333,0,0.758098043578903,0,3
2010,"臺東縣","臺東市","N_FAMILY",189,3.00529100529101,3,1.7057392310784,1,8
2010,"臺東縣","臺東市","N_INDI",189,2.61904761904762,2,1.55154594931209,1,8
2010,"臺東縣","臺東市","N_INDI_16_54",189,1.23809523809524,1,1.06762241882574,0,6
2010,"臺東縣","臺東市","N_INDI_55PLUS",189,0.698412698412698,1,0.757268059461408,0,3
2010,"臺東縣","臺東市","N_INDI_55_64",189,0.328042328042328,0,0.544124201938286,0,2
2010,"臺東縣","臺東市","N_INDI_65PLUS",189,0.37037037037037,0,0.565281299179905,0,2
2010,"臺東縣","臺東市","N_INDI_7_15",189,0.502645502645503,0,0.835542495604532,0,3
2010,"臺東縣","臺東市","N_INDI_UNDER6",189,0.17989417989418,0,0.494026002220735,0,3
2010,"臺東縣","蘭嶼鄉","N_FAMILY",24,1.66666666666667,1,0.963086824686154,1,4
2010,"臺東縣","蘭嶼鄉","N_INDI",24,1.625,1,0.875388112682647,1,4
2010,"臺東縣","蘭嶼鄉","N_INDI_16_54",24,1.04166666666667,1,0.954584665735822,0,3
2010,"臺東縣","蘭嶼鄉","N_INDI_55PLUS",24,0.416666666666667,0,0.583592075121765,0,2
2010,"臺東縣","蘭嶼鄉","N_INDI_55_64",24,0.25,0,0.531609533071195,0,2
2010,"臺東縣","蘭嶼鄉","N_INDI_65PLUS",24,0.166666666666667,0,0.380693493813441,0,1
2010,"臺東縣","蘭嶼鄉","N_INDI_7_15",24,0.0833333333333333,0,0.28232985128664,0,1
2010,"臺東縣","蘭嶼鄉","N_INDI_UNDER6",24,0.0833333333333333,0,0.28232985128664,0,1
2010,"臺東縣","達仁鄉","N_FAMILY",34,2.97058823529412,3,1.74920404613324,1,8
2010,"臺東縣","達仁鄉","N_INDI",34,2.88235294117647,3,1.71913836561884,1,8
2010,"臺東縣","達仁鄉","N_INDI_16_54",34,1.26470588235294,1,0.898106544580817,0,3
2010,"臺東縣","達仁鄉","N_INDI_55PLUS",34,0.852941176470588,0,1.01898205120471,0,3
2010,"臺東縣","達仁鄉","N_INDI_55_64",34,0.529411764705882,0,0.825182959240576,0,2
2010,"臺東縣","達仁鄉","N_INDI_65PLUS",34,0.323529411764706,0,0.534879665611333,0,2
2010,"臺東縣","達仁鄉","N_INDI_7_15",34,0.558823529411765,0,0.859569182809418,0,3
2010,"臺東縣","達仁鄉","N_INDI_UNDER6",34,0.205882352941176,0,0.478597177663036,0,2
2010,"臺東縣","金峰鄉","N_FAMILY",28,3.64285714285714,3,2.1119463677654,1,9
2010,"臺東縣","金峰鄉","N_INDI",28,3.5,3,1.9340994650588,1,8
2010,"臺東縣","金峰鄉","N_INDI_16_54",28,1.75,1,1.40435829552939,0,5
2010,"臺東縣","金峰鄉","N_INDI_55PLUS",28,1.03571428571429,1,0.744468135135953,0,2
2010,"臺東縣","金峰鄉","N_INDI_55_64",28,0.5,0,0.693888666488711,0,2
2010,"臺東縣","金峰鄉","N_INDI_65PLUS",28,0.535714285714286,0,0.637247719560185,0,2
2010,"臺東縣","金峰鄉","N_INDI_7_15",28,0.392857142857143,0,0.785954749158543,0,3
2010,"臺東縣","金峰鄉","N_INDI_UNDER6",28,0.321428571428571,0,0.611832186419303,0,2
2010,"臺東縣","長濱鄉","N_FAMILY",55,2.10909090909091,2,1.34264425768466,1,6
2010,"臺東縣","長濱鄉","N_INDI",55,2.01818181818182,2,1.20939086428924,1,6
2010,"臺東縣","長濱鄉","N_INDI_16_54",55,0.654545454545455,0,0.865344757204635,0,3
2010,"臺東縣","長濱鄉","N_INDI_55PLUS",55,1.03636363636364,1,0.881153208262318,0,4
2010,"臺東縣","長濱鄉","N_INDI_55_64",55,0.618181818181818,1,0.680166349231026,0,2
2010,"臺東縣","長濱鄉","N_INDI_65PLUS",55,0.418181818181818,0,0.629253204965693,0,2
2010,"臺東縣","長濱鄉","N_INDI_7_15",55,0.2,0,0.523520843972878,0,2
2010,"臺東縣","長濱鄉","N_INDI_UNDER6",55,0.127272727272727,0,0.432672378602318,0,2
2010,"臺東縣","關山鎮","N_FAMILY",21,3.14285714285714,4,1.35224680756563,1,5
2010,"臺東縣","關山鎮","N_INDI",21,2.9047619047619,3,1.4108423691101,1,5
2010,"臺東縣","關山鎮","N_INDI_16_54",21,1.80952380952381,2,1.28914885172534,0,5
2010,"臺東縣","關山鎮","N_INDI_55PLUS",21,0.428571428571429,0,0.676123403782813,0,2
2010,"臺東縣","關山鎮","N_INDI_55_64",21,0.238095238095238,0,0.538958431120797,0,2
2010,"臺東縣","關山鎮","N_INDI_65PLUS",21,0.19047619047619,0,0.511766315719159,0,2
2010,"臺東縣","關山鎮","N_INDI_7_15",21,0.523809523809524,0,0.813575295780767,0,2
2010,"臺東縣","關山鎮","N_INDI_UNDER6",21,0.142857142857143,0,0.358568582800318,0,1
2010,"臺東縣","鹿野鄉","N_FAMILY",22,1.86363636363636,1,1.08212553384331,1,4
2010,"臺東縣","鹿野鄉","N_INDI",22,1.5,1,0.740012869900955,1,3
2010,"臺東縣","鹿野鄉","N_INDI_16_54",22,0.636363636363636,0.5,0.726731400270092,0,2
2010,"臺東縣","鹿野鄉","N_INDI_55PLUS",22,0.636363636363636,1,0.581087203147976,0,2
2010,"臺東縣","鹿野鄉","N_INDI_55_64",22,0.181818181818182,0,0.501081082343218,0,2
2010,"臺東縣","鹿野鄉","N_INDI_65PLUS",22,0.454545454545455,0,0.509647191437625,0,1
2010,"臺東縣","鹿野鄉","N_INDI_7_15",22,0.136363636363636,0,0.351250086657104,0,1
2010,"臺東縣","鹿野鄉","N_INDI_UNDER6",22,0.0909090909090909,0,0.426401432711221,0,2
2010,"花蓮縣","光復鄉","N_FAMILY",64,3.15625,2.5,2.38526395331505,1,15
2010,"花蓮縣","光復鄉","N_INDI",64,2.703125,2,1.87447082479719,1,10
2010,"花蓮縣","光復鄉","N_INDI_16_54",64,1.078125,1,1.23833846054184,0,6
2010,"花蓮縣","光復鄉","N_INDI_55PLUS",64,1.015625,1,0.806564092258411,0,3
2010,"花蓮縣","光復鄉","N_INDI_55_64",64,0.421875,0,0.612169898089561,0,2
2010,"花蓮縣","光復鄉","N_INDI_65PLUS",64,0.59375,0,0.683565581902647,0,2
2010,"花蓮縣","光復鄉","N_INDI_7_15",64,0.390625,0,0.953143296077323,0,6
2010,"花蓮縣","光復鄉","N_INDI_UNDER6",64,0.21875,0,0.518506708104347,0,2
2010,"花蓮縣","卓溪鄉","N_FAMILY",43,2.76744186046512,3,1.46119991954306,1,7
2010,"花蓮縣","卓溪鄉","N_INDI",43,2.74418604651163,3,1.46536235167464,1,7
2010,"花蓮縣","卓溪鄉","N_INDI_16_54",43,1.32558139534884,1,1.06281141615636,0,4
2010,"花蓮縣","卓溪鄉","N_INDI_55PLUS",43,0.883720930232558,1,0.793104278425137,0,2
2010,"花蓮縣","卓溪鄉","N_INDI_55_64",43,0.465116279069767,0,0.701998413012123,0,2
2010,"花蓮縣","卓溪鄉","N_INDI_65PLUS",43,0.418604651162791,0,0.66305778458,0,2
2010,"花蓮縣","卓溪鄉","N_INDI_7_15",43,0.418604651162791,0,0.626120258475231,0,2
2010,"花蓮縣","卓溪鄉","N_INDI_UNDER6",43,0.116279069767442,0,0.390927001198153,0,2
2010,"花蓮縣","吉安鄉","N_FAMILY",152,3.40131578947368,3,1.85308001500224,1,11
2010,"花蓮縣","吉安鄉","N_INDI",152,2.93421052631579,3,1.6544983939302,1,9
2010,"花蓮縣","吉安鄉","N_INDI_16_54",152,1.51315789473684,1,1.24478696869011,0,6
2010,"花蓮縣","吉安鄉","N_INDI_55PLUS",152,0.75,1,0.799420319783103,0,4
2010,"花蓮縣","吉安鄉","N_INDI_55_64",152,0.342105263157895,0,0.652100662179161,0,4
2010,"花蓮縣","吉安鄉","N_INDI_65PLUS",152,0.407894736842105,0,0.60193136347073,0,2
2010,"花蓮縣","吉安鄉","N_INDI_7_15",152,0.388157894736842,0,0.737360085327345,0,3
2010,"花蓮縣","吉安鄉","N_INDI_UNDER6",152,0.282894736842105,0,0.665296459914499,0,3
2010,"花蓮縣","壽豐鄉","N_FAMILY",54,3.38888888888889,3,2.31823506928827,1,11
2010,"花蓮縣","壽豐鄉","N_INDI",54,2.87037037037037,2,2.14604767303864,1,10
2010,"花蓮縣","壽豐鄉","N_INDI_16_54",54,1.33333333333333,1,1.30311672828921,0,5
2010,"花蓮縣","壽豐鄉","N_INDI_55PLUS",54,0.851851851851852,1,0.762503508371945,0,2
2010,"花蓮縣","壽豐鄉","N_INDI_55_64",54,0.277777777777778,0,0.529031392108708,0,2
2010,"花蓮縣","壽豐鄉","N_INDI_65PLUS",54,0.574074074074074,0,0.716433826931537,0,2
2010,"花蓮縣","壽豐鄉","N_INDI_7_15",54,0.555555555555556,0,1.02177549257785,0,4
2010,"花蓮縣","壽豐鄉","N_INDI_UNDER6",54,0.12962962962963,0,0.584268492696937,0,4
2010,"花蓮縣","富里鄉","N_FAMILY",20,3.4,3,2.18608036641406,1,10
2010,"花蓮縣","富里鄉","N_INDI",20,2.5,2,1.5727950313141,1,5
2010,"花蓮縣","富里鄉","N_INDI_16_54",20,1.1,1,0.911909506128991,0,3
2010,"花蓮縣","富里鄉","N_INDI_55PLUS",20,0.55,0.5,0.604805318829299,0,2
2010,"花蓮縣","富里鄉","N_INDI_55_64",20,0.25,0,0.444261658319319,0,1
2010,"花蓮縣","富里鄉","N_INDI_65PLUS",20,0.3,0,0.470162345981627,0,1
2010,"花蓮縣","富里鄉","N_INDI_7_15",20,0.45,0,0.759154654516248,0,2
2010,"花蓮縣","富里鄉","N_INDI_UNDER6",20,0.4,0,0.882579950158088,0,3
2010,"花蓮縣","新城鄉","N_FAMILY",66,3.03030303030303,3,1.62641367592057,1,8
2010,"花蓮縣","新城鄉","N_INDI",66,2.65151515151515,2,1.50376373187591,1,7
2010,"花蓮縣","新城鄉","N_INDI_16_54",66,1.57575757575758,1,1.25343351283408,0,5
2010,"花蓮縣","新城鄉","N_INDI_55PLUS",66,0.621212121212121,0,0.75986135405696,0,3
2010,"花蓮縣","新城鄉","N_INDI_55_64",66,0.409090909090909,0,0.655797171440934,0,3
2010,"花蓮縣","新城鄉","N_INDI_65PLUS",66,0.212121212121212,0,0.511863909652421,0,2
2010,"花蓮縣","新城鄉","N_INDI_7_15",66,0.272727272727273,0,0.59602412303929,0,2
2010,"花蓮縣","新城鄉","N_INDI_UNDER6",66,0.181818181818182,0,0.523570314404736,0,2
2010,"花蓮縣","玉里鎮","N_FAMILY",67,2.35820895522388,2,1.35625925537759,1,6
2010,"花蓮縣","玉里鎮","N_INDI",67,2.1044776119403,2,1.11646531461287,1,5
2010,"花蓮縣","玉里鎮","N_INDI_16_54",67,1,1,0.904534033733291,0,3
2010,"花蓮縣","玉里鎮","N_INDI_55PLUS",67,0.880597014925373,1,0.862034029766692,0,3
2010,"花蓮縣","玉里鎮","N_INDI_55_64",67,0.298507462686567,0,0.577741825877015,0,2
2010,"花蓮縣","玉里鎮","N_INDI_65PLUS",67,0.582089552238806,0,0.741604602061153,0,3
2010,"花蓮縣","玉里鎮","N_INDI_7_15",67,0.17910447761194,0,0.649600649684524,0,4
2010,"花蓮縣","玉里鎮","N_INDI_UNDER6",67,0.0447761194029851,0,0.208372904428249,0,1
2010,"花蓮縣","瑞穗鄉","N_FAMILY",38,3.31578947368421,2,2.71238663390345,1,12
2010,"花蓮縣","瑞穗鄉","N_INDI",38,2.63157894736842,2,1.92313163287973,1,11
2010,"花蓮縣","瑞穗鄉","N_INDI_16_54",38,1.10526315789474,1,1.35146514456879,0,6
2010,"花蓮縣","瑞穗鄉","N_INDI_55PLUS",38,1.02631578947368,1,0.82156219370315,0,2
2010,"花蓮縣","瑞穗鄉","N_INDI_55_64",38,0.710526315789474,0,0.89768154037911,0,2
2010,"花蓮縣","瑞穗鄉","N_INDI_65PLUS",38,0.315789473684211,0,0.574468645576995,0,2
2010,"花蓮縣","瑞穗鄉","N_INDI_7_15",38,0.447368421052632,0,1.05772239808385,0,5
2010,"花蓮縣","瑞穗鄉","N_INDI_UNDER6",38,0.0526315789473684,0,0.226294285921414,0,1
2010,"花蓮縣","秀林鄉","N_FAMILY",101,3.87128712871287,4,2.10077779089857,1,9
2010,"花蓮縣","秀林鄉","N_INDI",101,3.75247524752475,4,2.10905637949325,1,9
2010,"花蓮縣","秀林鄉","N_INDI_16_54",101,2.14851485148515,2,1.45179983891624,0,6
2010,"花蓮縣","秀林鄉","N_INDI_55PLUS",101,0.722772277227723,1,0.763135792388067,0,3
2010,"花蓮縣","秀林鄉","N_INDI_55_64",101,0.346534653465347,0,0.623468420440946,0,3
2010,"花蓮縣","秀林鄉","N_INDI_65PLUS",101,0.376237623762376,0,0.563053907694722,0,2
2010,"花蓮縣","秀林鄉","N_INDI_7_15",101,0.475247524752475,0,0.901044498412155,0,4
2010,"花蓮縣","秀林鄉","N_INDI_UNDER6",101,0.405940594059406,0,0.737268171316003,0,3
2010,"花蓮縣","花蓮市","N_FAMILY",115,3.50434782608696,3,1.81308070210394,1,10
2010,"花蓮縣","花蓮市","N_INDI",115,2.86086956521739,3,1.72131608421722,1,10
2010,"花蓮縣","花蓮市","N_INDI_16_54",115,1.51304347826087,1,1.13450829747535,0,4
2010,"花蓮縣","花蓮市","N_INDI_55PLUS",115,0.521739130434783,0,0.705216478981672,0,3
2010,"花蓮縣","花蓮市","N_INDI_55_64",115,0.217391304347826,0,0.473557064044217,0,2
2010,"花蓮縣","花蓮市","N_INDI_65PLUS",115,0.304347826086957,0,0.594918733112675,0,3
2010,"花蓮縣","花蓮市","N_INDI_7_15",115,0.530434782608696,0,0.851435723799521,0,3
2010,"花蓮縣","花蓮市","N_INDI_UNDER6",115,0.295652173913043,0,0.648532933377371,0,4
2010,"花蓮縣","萬榮鄉","N_FAMILY",62,3.29032258064516,2,2.42518950940559,1,10
2010,"花蓮縣","萬榮鄉","N_INDI",62,3.24193548387097,2,2.39319721581867,1,10
2010,"花蓮縣","萬榮鄉","N_INDI_16_54",62,1.70967741935484,1,1.6633670846119,0,7
2010,"花蓮縣","萬榮鄉","N_INDI_55PLUS",62,0.580645161290323,0,0.666490369779631,0,2
2010,"花蓮縣","萬榮鄉","N_INDI_55_64",62,0.274193548387097,0,0.51754004640204,0,2
2010,"花蓮縣","萬榮鄉","N_INDI_65PLUS",62,0.306451612903226,0,0.49880873424391,0,2
2010,"花蓮縣","萬榮鄉","N_INDI_7_15",62,0.709677419354839,0,1.24646512348799,0,6
2010,"花蓮縣","萬榮鄉","N_INDI_UNDER6",62,0.241935483870968,0,0.591898414826693,0,2
2010,"花蓮縣","豐濱鄉","N_FAMILY",41,2.68292682926829,2,1.99297546886864,1,9
2010,"花蓮縣","豐濱鄉","N_INDI",41,2.5609756097561,2,1.88479150687556,1,9
2010,"花蓮縣","豐濱鄉","N_INDI_16_54",41,0.926829268292683,1,1.08143987124664,0,4
2010,"花蓮縣","豐濱鄉","N_INDI_55PLUS",41,1.14634146341463,1,0.760295192992699,0,3
2010,"花蓮縣","豐濱鄉","N_INDI_55_64",41,0.439024390243902,0,0.634380819689754,0,2
2010,"花蓮縣","豐濱鄉","N_INDI_65PLUS",41,0.707317073170732,1,0.679849337685358,0,2
2010,"花蓮縣","豐濱鄉","N_INDI_7_15",41,0.170731707317073,0,0.495097920839416,0,2
2010,"花蓮縣","豐濱鄉","N_INDI_UNDER6",41,0.317073170731707,0,0.878607545786055,0,4
2010,"花蓮縣","鳳林鎮","N_FAMILY",22,2.77272727272727,2,1.57152695481082,1,6
2010,"花蓮縣","鳳林鎮","N_INDI",22,1.95454545454545,1.5,1.21409471377894,1,5
2010,"花蓮縣","鳳林鎮","N_INDI_16_54",22,0.954545454545455,0.5,1.32655201923643,0,5
2010,"花蓮縣","鳳林鎮","N_INDI_55PLUS",22,0.818181818181818,1,0.5884898863365,0,2
2010,"花蓮縣","鳳林鎮","N_INDI_55_64",22,0.454545454545455,0,0.509647191437625,0,1
2010,"花蓮縣","鳳林鎮","N_INDI_65PLUS",22,0.363636363636364,0,0.657951694959769,0,2
2010,"花蓮縣","鳳林鎮","N_INDI_7_15",22,0.181818181818182,0,0.501081082343218,0,2
2010,"花蓮縣","鳳林鎮","N_INDI_UNDER6",22,0,0,0,0,0
2010,"苗栗縣","公館鄉","N_FAMILY",16,4.625,4.5,2.70493376382245,1,9
2010,"苗栗縣","公館鄉","N_INDI",16,2.375,1,2.06155281280883,1,8
2010,"苗栗縣","公館鄉","N_INDI_16_54",16,1.5,1,1.09544511501033,0,4
2010,"苗栗縣","公館鄉","N_INDI_55PLUS",16,0.1875,0,0.403112887414928,0,1
2010,"苗栗縣","公館鄉","N_INDI_55_64",16,0.125,0,0.341565025531987,0,1
2010,"苗栗縣","公館鄉","N_INDI_65PLUS",16,0.0625,0,0.25,0,1
2010,"苗栗縣","公館鄉","N_INDI_7_15",16,0.5,0,1.09544511501033,0,4
2010,"苗栗縣","公館鄉","N_INDI_UNDER6",16,0.1875,0,0.543905629069357,0,2
2010,"苗栗縣","南庄鄉","N_FAMILY",32,3.90625,4,1.88986046591942,1,8
2010,"苗栗縣","南庄鄉","N_INDI",32,3.4375,3,1.99899168130722,1,8
2010,"苗栗縣","南庄鄉","N_INDI_16_54",32,1.90625,2,1.27909683358119,0,5
2010,"苗栗縣","南庄鄉","N_INDI_55PLUS",32,0.40625,0,0.5599179087296,0,2
2010,"苗栗縣","南庄鄉","N_INDI_55_64",32,0.09375,0,0.296144581080299,0,1
2010,"苗栗縣","南庄鄉","N_INDI_65PLUS",32,0.3125,0,0.535061045658012,0,2
2010,"苗栗縣","南庄鄉","N_INDI_7_15",32,0.46875,0,0.802591568487018,0,3
2010,"苗栗縣","南庄鄉","N_INDI_UNDER6",32,0.65625,0,1.03516789973664,0,4
2010,"苗栗縣","泰安鄉","N_FAMILY",34,4.14705882352941,4,2.3111371062115,1,10
2010,"苗栗縣","泰安鄉","N_INDI",34,4.08823529411765,4,2.3531751220596,1,10
2010,"苗栗縣","泰安鄉","N_INDI_16_54",34,2.70588235294118,3,1.88341102169676,0,7
2010,"苗栗縣","泰安鄉","N_INDI_55PLUS",34,0.588235294117647,0,0.70141186875164,0,2
2010,"苗栗縣","泰安鄉","N_INDI_55_64",34,0.264705882352941,0,0.447811075519899,0,1
2010,"苗栗縣","泰安鄉","N_INDI_65PLUS",34,0.323529411764706,0,0.588814331763887,0,2
2010,"苗栗縣","泰安鄉","N_INDI_7_15",34,0.529411764705882,0,0.825182959240576,0,2
2010,"苗栗縣","泰安鄉","N_INDI_UNDER6",34,0.264705882352941,0,0.665551652227332,0,3
2010,"苗栗縣","獅潭鄉","N_FAMILY",14,4.64285714285714,4,1.73680267056552,2,8
2010,"苗栗縣","獅潭鄉","N_INDI",14,4.64285714285714,4,1.73680267056552,2,8
2010,"苗栗縣","獅潭鄉","N_INDI_16_54",14,3.21428571428571,3,1.47692880035521,1,6
2010,"苗栗縣","獅潭鄉","N_INDI_55PLUS",14,0.285714285714286,0,0.611249845502127,0,2
2010,"苗栗縣","獅潭鄉","N_INDI_55_64",14,0.142857142857143,0,0.534522483824849,0,2
2010,"苗栗縣","獅潭鄉","N_INDI_65PLUS",14,0.142857142857143,0,0.363136519601281,0,1
2010,"苗栗縣","獅潭鄉","N_INDI_7_15",14,0.714285714285714,0.5,0.825420305855557,0,2
2010,"苗栗縣","獅潭鄉","N_INDI_UNDER6",14,0.428571428571429,0,0.646206172658864,0,2
2010,"苗栗縣","竹南鎮","N_FAMILY",1,8,8,,8,8
2010,"苗栗縣","竹南鎮","N_INDI",1,8,8,,8,8
2010,"苗栗縣","竹南鎮","N_INDI_16_54",1,3,3,,3,3
2010,"苗栗縣","竹南鎮","N_INDI_55PLUS",1,2,2,,2,2
2010,"苗栗縣","竹南鎮","N_INDI_55_64",1,1,1,,1,1
2010,"苗栗縣","竹南鎮","N_INDI_65PLUS",1,1,1,,1,1
2010,"苗栗縣","竹南鎮","N_INDI_7_15",1,1,1,,1,1
2010,"苗栗縣","竹南鎮","N_INDI_UNDER6",1,2,2,,2,2
2010,"苗栗縣","頭份鎮","N_FAMILY",22,4.63636363636364,4,2.10544542387126,2,12
2010,"苗栗縣","頭份鎮","N_INDI",22,3.59090909090909,3,1.76362966928707,1,9
2010,"苗栗縣","頭份鎮","N_INDI_16_54",22,1.90909090909091,2,1.1916012000302,0,5
2010,"苗栗縣","頭份鎮","N_INDI_55PLUS",22,0.318181818181818,0,0.56790036318955,0,2
2010,"苗栗縣","頭份鎮","N_INDI_55_64",22,0.181818181818182,0,0.394771016975861,0,1
2010,"苗栗縣","頭份鎮","N_INDI_65PLUS",22,0.136363636363636,0,0.351250086657104,0,1
2010,"苗栗縣","頭份鎮","N_INDI_7_15",22,1.18181818181818,1,1.2960145368219,0,4
2010,"苗栗縣","頭份鎮","N_INDI_UNDER6",22,0.181818181818182,0,0.394771016975861,0,1
2010,"雲林縣","斗六市","N_FAMILY",10,4.4,4,2.22111083319436,2,9
2010,"雲林縣","斗六市","N_INDI",10,2.2,2,1.54919333848297,1,6
2010,"雲林縣","斗六市","N_INDI_16_54",10,1.4,1,0.843274042711568,0,3
2010,"雲林縣","斗六市","N_INDI_55PLUS",10,0.2,0,0.421637021355784,0,1
2010,"雲林縣","斗六市","N_INDI_55_64",10,0,0,0,0,0
2010,"雲林縣","斗六市","N_INDI_65PLUS",10,0.2,0,0.421637021355784,0,1
2010,"雲林縣","斗六市","N_INDI_7_15",10,0.5,0,0.707106781186548,0,2
2010,"雲林縣","斗六市","N_INDI_UNDER6",10,0.1,0,0.316227766016838,0,1
2010,"雲林縣","莿桐鄉","N_FAMILY",12,4.83333333333333,5,1.85047086554812,1,8
2010,"雲林縣","莿桐鄉","N_INDI",12,3.08333333333333,3,1.97522534195852,1,7
2010,"雲林縣","莿桐鄉","N_INDI_16_54",12,2.16666666666667,1,1.64224532179869,1,5
2010,"雲林縣","莿桐鄉","N_INDI_55PLUS",12,0.0833333333333333,0,0.288675134594813,0,1
2010,"雲林縣","莿桐鄉","N_INDI_55_64",12,0.0833333333333333,0,0.288675134594813,0,1
2010,"雲林縣","莿桐鄉","N_INDI_65PLUS",12,0,0,0,0,0
2010,"雲林縣","莿桐鄉","N_INDI_7_15",12,0.666666666666667,0,1.07308673997732,0,3
2010,"雲林縣","莿桐鄉","N_INDI_UNDER6",12,0.166666666666667,0,0.577350269189626,0,2
2010,"雲林縣","虎尾鎮","N_FAMILY",13,4.53846153846154,4,1.12660142429822,3,7
2010,"雲林縣","虎尾鎮","N_INDI",13,1.92307692307692,1,1.3821202589704,1,5
2010,"雲林縣","虎尾鎮","N_INDI_16_54",13,1.69230769230769,1,1.18213192894698,1,4
2010,"雲林縣","虎尾鎮","N_INDI_55PLUS",13,0,0,0,0,0
2010,"雲林縣","虎尾鎮","N_INDI_55_64",13,0,0,0,0,0
2010,"雲林縣","虎尾鎮","N_INDI_65PLUS",13,0,0,0,0,0
2010,"雲林縣","虎尾鎮","N_INDI_7_15",13,0.153846153846154,0,0.554700196225229,0,2
2010,"雲林縣","虎尾鎮","N_INDI_UNDER6",13,0.0769230769230769,0,0.277350098112615,0,1
2010,"雲林縣","西螺鎮","N_FAMILY",16,4.4375,4.5,1.67207455974108,1,7
2010,"雲林縣","西螺鎮","N_INDI",16,2.375,1,1.82117178395303,1,6
2010,"雲林縣","西螺鎮","N_INDI_16_54",16,1.4375,1,1.20933866224478,0,4
2010,"雲林縣","西螺鎮","N_INDI_55PLUS",16,0.3125,0,0.602079728939615,0,2
2010,"雲林縣","西螺鎮","N_INDI_55_64",16,0.1875,0,0.403112887414928,0,1
2010,"雲林縣","西螺鎮","N_INDI_65PLUS",16,0.125,0,0.5,0,2
2010,"雲林縣","西螺鎮","N_INDI_7_15",16,0.5625,0,0.813941029804985,0,2
2010,"雲林縣","西螺鎮","N_INDI_UNDER6",16,0.0625,0,0.25,0,1
2010,"雲林縣","麥寮鄉","N_FAMILY",2,4,4,0,4,4
2010,"雲林縣","麥寮鄉","N_INDI",2,4,4,0,4,4
2010,"雲林縣","麥寮鄉","N_INDI_16_54",2,2,2,0,2,2
2010,"雲林縣","麥寮鄉","N_INDI_55PLUS",2,0,0,0,0,0
2010,"雲林縣","麥寮鄉","N_INDI_55_64",2,0,0,0,0,0
2010,"雲林縣","麥寮鄉","N_INDI_65PLUS",2,0,0,0,0,0
2010,"雲林縣","麥寮鄉","N_INDI_7_15",2,2,2,0,2,2
2010,"雲林縣","麥寮鄉","N_INDI_UNDER6",2,0,0,0,0,0
2010,"高雄市","三民區","N_FAMILY",17,3.70588235294118,4,1.68688714361516,1,8
2010,"高雄市","三民區","N_INDI",17,2.58823529411765,2,1.73417211982446,1,7
2010,"高雄市","三民區","N_INDI_16_54",17,1.47058823529412,1,1.2307338795828,0,5
2010,"高雄市","三民區","N_INDI_55PLUS",17,0.235294117647059,0,0.437237316097603,0,1
2010,"高雄市","三民區","N_INDI_55_64",17,0.176470588235294,0,0.392952623996688,0,1
2010,"高雄市","三民區","N_INDI_65PLUS",17,0.0588235294117647,0,0.242535625036333,0,1
2010,"高雄市","三民區","N_INDI_7_15",17,0.411764705882353,0,0.795206225564457,0,2
2010,"高雄市","三民區","N_INDI_UNDER6",17,0.470588235294118,0,0.799816155346303,0,3
2010,"高雄市","前金區","N_FAMILY",3,3,4,1.73205080756888,1,4
2010,"高雄市","前金區","N_INDI",3,2.33333333333333,3,1.15470053837925,1,3
2010,"高雄市","前金區","N_INDI_16_54",3,1.33333333333333,1,1.52752523165195,0,3
2010,"高雄市","前金區","N_INDI_55PLUS",3,0.333333333333333,0,0.577350269189626,0,1
2010,"高雄市","前金區","N_INDI_55_64",3,0.333333333333333,0,0.577350269189626,0,1
2010,"高雄市","前金區","N_INDI_65PLUS",3,0,0,0,0,0
2010,"高雄市","前金區","N_INDI_7_15",3,0.333333333333333,0,0.577350269189626,0,1
2010,"高雄市","前金區","N_INDI_UNDER6",3,0.333333333333333,0,0.577350269189626,0,1
2010,"高雄市","前鎮區","N_FAMILY",19,3.26315789473684,3,1.8511889651776,1,6
2010,"高雄市","前鎮區","N_INDI",19,2.57894736842105,2,1.46499106837187,1,5
2010,"高雄市","前鎮區","N_INDI_16_54",19,1.36842105263158,1,0.895080773250814,0,3
2010,"高雄市","前鎮區","N_INDI_55PLUS",19,0.526315789473684,1,0.512989176042577,0,1
2010,"高雄市","前鎮區","N_INDI_55_64",19,0.421052631578947,0,0.507257273501788,0,1
2010,"高雄市","前鎮區","N_INDI_65PLUS",19,0.105263157894737,0,0.315301767642306,0,1
2010,"高雄市","前鎮區","N_INDI_7_15",19,0.631578947368421,0,0.83069758608784,0,2
2010,"高雄市","前鎮區","N_INDI_UNDER6",19,0.0526315789473684,0,0.229415733870562,0,1
2010,"高雄市","小港區","N_FAMILY",27,2.96296296296296,3,1.60483599644904,1,7
2010,"高雄市","小港區","N_INDI",27,2.22222222222222,2,1.15470053837925,1,4
2010,"高雄市","小港區","N_INDI_16_54",27,1.2962962962963,1,0.775331929653101,0,3
2010,"高雄市","小港區","N_INDI_55PLUS",27,0.259259259259259,0,0.52569313896348,0,2
2010,"高雄市","小港區","N_INDI_55_64",27,0.222222222222222,0,0.506369683541833,0,2
2010,"高雄市","小港區","N_INDI_65PLUS",27,0.037037037037037,0,0.192450089729875,0,1
2010,"高雄市","小港區","N_INDI_7_15",27,0.444444444444444,0,0.751067616198811,0,2
2010,"高雄市","小港區","N_INDI_UNDER6",27,0.222222222222222,0,0.423659272868162,0,1
2010,"高雄市","左營區","N_FAMILY",22,3.45454545454545,4,1.50324324702965,1,6
2010,"高雄市","左營區","N_INDI",22,2.77272727272727,3,1.37777661406645,1,5
2010,"高雄市","左營區","N_INDI_16_54",22,1.31818181818182,1,0.716231117019509,0,3
2010,"高雄市","左營區","N_INDI_55PLUS",22,0.136363636363636,0,0.351250086657104,0,1
2010,"高雄市","左營區","N_INDI_55_64",22,0.0454545454545455,0,0.21320071635561,0,1
2010,"高雄市","左營區","N_INDI_65PLUS",22,0.0909090909090909,0,0.29424494316825,0,1
2010,"高雄市","左營區","N_INDI_7_15",22,0.909090909090909,1,0.971454035826165,0,3
2010,"高雄市","左營區","N_INDI_UNDER6",22,0.409090909090909,0,0.796366206088088,0,3
2010,"高雄市","新興區","N_FAMILY",2,5.5,5.5,3.53553390593274,3,8
2010,"高雄市","新興區","N_INDI",2,1,1,0,1,1
2010,"高雄市","新興區","N_INDI_16_54",2,1,1,0,1,1
2010,"高雄市","新興區","N_INDI_55PLUS",2,0,0,0,0,0
2010,"高雄市","新興區","N_INDI_55_64",2,0,0,0,0,0
2010,"高雄市","新興區","N_INDI_65PLUS",2,0,0,0,0,0
2010,"高雄市","新興區","N_INDI_7_15",2,0,0,0,0,0
2010,"高雄市","新興區","N_INDI_UNDER6",2,0,0,0,0,0
2010,"高雄市","旗津區","N_FAMILY",4,2.5,2.5,1.29099444873581,1,4
2010,"高雄市","旗津區","N_INDI",4,2,2,0.816496580927726,1,3
2010,"高雄市","旗津區","N_INDI_16_54",4,1.5,1.5,0.577350269189626,1,2
2010,"高雄市","旗津區","N_INDI_55PLUS",4,0.25,0,0.5,0,1
2010,"高雄市","旗津區","N_INDI_55_64",4,0,0,0,0,0
2010,"高雄市","旗津區","N_INDI_65PLUS",4,0.25,0,0.5,0,1
2010,"高雄市","旗津區","N_INDI_7_15",4,0.25,0,0.5,0,1
2010,"高雄市","旗津區","N_INDI_UNDER6",4,0,0,0,0,0
2010,"高雄市","楠梓區","N_FAMILY",18,2.72222222222222,2,1.77583635823851,1,7
2010,"高雄市","楠梓區","N_INDI",18,2.16666666666667,1.5,1.75733755838702,1,7
2010,"高雄市","楠梓區","N_INDI_16_54",18,1.16666666666667,1,0.857492925712544,0,4
2010,"高雄市","楠梓區","N_INDI_55PLUS",18,0.166666666666667,0,0.383482494423685,0,1
2010,"高雄市","楠梓區","N_INDI_55_64",18,0.166666666666667,0,0.383482494423685,0,1
2010,"高雄市","楠梓區","N_INDI_65PLUS",18,0,0,0,0,0
2010,"高雄市","楠梓區","N_INDI_7_15",18,0.555555555555556,0,0.855585263892997,0,2
2010,"高雄市","楠梓區","N_INDI_UNDER6",18,0.277777777777778,0,0.460888598962477,0,1
2010,"高雄市","苓雅區","N_FAMILY",7,3,2,2.51661147842358,1,7
2010,"高雄市","苓雅區","N_INDI",7,2.85714285714286,1,2.60950643025148,1,7
2010,"高雄市","苓雅區","N_INDI_16_54",7,2,1,2.44948974278318,0,6
2010,"高雄市","苓雅區","N_INDI_55PLUS",7,0.428571428571429,0,0.786795792469443,0,2
2010,"高雄市","苓雅區","N_INDI_55_64",7,0.285714285714286,0,0.755928946018454,0,2
2010,"高雄市","苓雅區","N_INDI_65PLUS",7,0.142857142857143,0,0.377964473009227,0,1
2010,"高雄市","苓雅區","N_INDI_7_15",7,0.285714285714286,0,0.755928946018454,0,2
2010,"高雄市","苓雅區","N_INDI_UNDER6",7,0.142857142857143,0,0.377964473009227,0,1
2010,"高雄市","鹽埕區","N_FAMILY",2,2.5,2.5,2.12132034355964,1,4
2010,"高雄市","鹽埕區","N_INDI",2,2,2,1.4142135623731,1,3
2010,"高雄市","鹽埕區","N_INDI_16_54",2,1,1,1.4142135623731,0,2
2010,"高雄市","鹽埕區","N_INDI_55PLUS",2,1,1,0,1,1
2010,"高雄市","鹽埕區","N_INDI_55_64",2,0.5,0.5,0.707106781186548,0,1
2010,"高雄市","鹽埕區","N_INDI_65PLUS",2,0.5,0.5,0.707106781186548,0,1
2010,"高雄市","鹽埕區","N_INDI_7_15",2,0,0,0,0,0
2010,"高雄市","鹽埕區","N_INDI_UNDER6",2,0,0,0,0,0
2010,"高雄市","鼓山區","N_FAMILY",12,3.66666666666667,3,3.28449064359739,1,13
2010,"高雄市","鼓山區","N_INDI",12,2.33333333333333,1.5,1.6143297699233,1,5
2010,"高雄市","鼓山區","N_INDI_16_54",12,1.41666666666667,1,1.31137217055151,0,5
2010,"高雄市","鼓山區","N_INDI_55PLUS",12,0.166666666666667,0,0.389249472080761,0,1
2010,"高雄市","鼓山區","N_INDI_55_64",12,0.166666666666667,0,0.389249472080761,0,1
2010,"高雄市","鼓山區","N_INDI_65PLUS",12,0,0,0,0,0
2010,"高雄市","鼓山區","N_INDI_7_15",12,0.666666666666667,0,1.07308673997732,0,3
2010,"高雄市","鼓山區","N_INDI_UNDER6",12,0.0833333333333333,0,0.288675134594813,0,1
2010,"高雄縣","六龜鄉","N_FAMILY",7,4.42857142857143,5,1.98805959477601,1,7
2010,"高雄縣","六龜鄉","N_INDI",7,2.85714285714286,3,1.57359158493889,1,5
2010,"高雄縣","六龜鄉","N_INDI_16_54",7,1.85714285714286,1,1.21498579258791,1,4
2010,"高雄縣","六龜鄉","N_INDI_55PLUS",7,0,0,0,0,0
2010,"高雄縣","六龜鄉","N_INDI_55_64",7,0,0,0,0,0
2010,"高雄縣","六龜鄉","N_INDI_65PLUS",7,0,0,0,0,0
2010,"高雄縣","六龜鄉","N_INDI_7_15",7,0.428571428571429,0,0.786795792469443,0,2
2010,"高雄縣","六龜鄉","N_INDI_UNDER6",7,0.571428571428571,0,1.13389341902768,0,3
2010,"高雄縣","大寮鄉","N_FAMILY",3,3,3,0,3,3
2010,"高雄縣","大寮鄉","N_INDI",3,2.66666666666667,3,0.577350269189626,2,3
2010,"高雄縣","大寮鄉","N_INDI_16_54",3,1.33333333333333,1,0.577350269189626,1,2
2010,"高雄縣","大寮鄉","N_INDI_55PLUS",3,0.333333333333333,0,0.577350269189626,0,1
2010,"高雄縣","大寮鄉","N_INDI_55_64",3,0.333333333333333,0,0.577350269189626,0,1
2010,"高雄縣","大寮鄉","N_INDI_65PLUS",3,0,0,0,0,0
2010,"高雄縣","大寮鄉","N_INDI_7_15",3,1,1,1,0,2
2010,"高雄縣","大寮鄉","N_INDI_UNDER6",3,0,0,0,0,0
2010,"高雄縣","岡山鎮","N_FAMILY",73,3.97260273972603,4,2.02739983133656,1,9
2010,"高雄縣","岡山鎮","N_INDI",73,2.46575342465753,2,1.81874645307651,1,9
2010,"高雄縣","岡山鎮","N_INDI_16_54",73,1.34246575342466,1,1.15733383835185,0,5
2010,"高雄縣","岡山鎮","N_INDI_55PLUS",73,0.452054794520548,0,0.553802408867072,0,2
2010,"高雄縣","岡山鎮","N_INDI_55_64",73,0.36986301369863,0,0.513886317818242,0,2
2010,"高雄縣","岡山鎮","N_INDI_65PLUS",73,0.0821917808219178,0,0.276557441167003,0,1
2010,"高雄縣","岡山鎮","N_INDI_7_15",73,0.493150684931507,0,0.883856569422904,0,3
2010,"高雄縣","岡山鎮","N_INDI_UNDER6",73,0.178082191780822,0,0.694071437113898,0,4
2010,"高雄縣","桃源鄉","N_FAMILY",32,3.59375,3.5,1.96517051710286,1,8
2010,"高雄縣","桃源鄉","N_INDI",32,3.40625,3,1.98151742115041,1,8
2010,"高雄縣","桃源鄉","N_INDI_16_54",32,1.84375,2,1.08090090859132,0,5
2010,"高雄縣","桃源鄉","N_INDI_55PLUS",32,0.46875,0,0.621360370217975,0,2
2010,"高雄縣","桃源鄉","N_INDI_55_64",32,0.15625,0,0.447889315243931,0,2
2010,"高雄縣","桃源鄉","N_INDI_65PLUS",32,0.3125,0,0.535061045658012,0,2
2010,"高雄縣","桃源鄉","N_INDI_7_15",32,0.6875,0,1.14828062210279,0,3
2010,"高雄縣","桃源鄉","N_INDI_UNDER6",32,0.40625,0,0.712078964450505,0,2
2010,"高雄縣","茂林鄉","N_FAMILY",13,3.38461538461538,3,2.21880078490092,1,10
2010,"高雄縣","茂林鄉","N_INDI",13,3.30769230769231,3,2.17503315624595,1,10
2010,"高雄縣","茂林鄉","N_INDI_16_54",13,2.30769230769231,2,1.03155347127648,1,5
2010,"高雄縣","茂林鄉","N_INDI_55PLUS",13,0.153846153846154,0,0.554700196225229,0,2
2010,"高雄縣","茂林鄉","N_INDI_55_64",13,0,0,0,0,0
2010,"高雄縣","茂林鄉","N_INDI_65PLUS",13,0.153846153846154,0,0.554700196225229,0,2
2010,"高雄縣","茂林鄉","N_INDI_7_15",13,0.615384615384615,0,0.960768922830523,0,3
2010,"高雄縣","茂林鄉","N_INDI_UNDER6",13,0.230769230769231,0,0.438529009653515,0,1
2010,"高雄縣","那瑪夏鄉","N_FAMILY",18,3.33333333333333,3,2.19625349442288,1,10
2010,"高雄縣","那瑪夏鄉","N_INDI",18,3.33333333333333,3,2.19625349442288,1,10
2010,"高雄縣","那瑪夏鄉","N_INDI_16_54",18,1.83333333333333,2,1.15044748327106,0,5
2010,"高雄縣","那瑪夏鄉","N_INDI_55PLUS",18,0.222222222222222,0,0.427792631946499,0,1
2010,"高雄縣","那瑪夏鄉","N_INDI_55_64",18,0.0555555555555556,0,0.235702260395516,0,1
2010,"高雄縣","那瑪夏鄉","N_INDI_65PLUS",18,0.166666666666667,0,0.383482494423685,0,1
2010,"高雄縣","那瑪夏鄉","N_INDI_7_15",18,1,0,1.57181049598675,0,5
2010,"高雄縣","那瑪夏鄉","N_INDI_UNDER6",18,0.277777777777778,0,0.574513149960142,0,2
2010,"高雄縣","鳳山市","N_FAMILY",16,3.875,4,1.62788205960997,1,7
2010,"高雄縣","鳳山市","N_INDI",16,1.5,1,0.632455532033676,1,3
2010,"高雄縣","鳳山市","N_INDI_16_54",16,0.8125,1,0.655108133567785,0,2
2010,"高雄縣","鳳山市","N_INDI_55PLUS",16,0.5,0.5,0.516397779494322,0,1
2010,"高雄縣","鳳山市","N_INDI_55_64",16,0.25,0,0.447213595499958,0,1
2010,"高雄縣","鳳山市","N_INDI_65PLUS",16,0.25,0,0.447213595499958,0,1
2010,"高雄縣","鳳山市","N_INDI_7_15",16,0,0,0,0,0
2010,"高雄縣","鳳山市","N_INDI_UNDER6",16,0.1875,0,0.543905629069357,0,2
2014,"南投縣","仁愛鄉","N_FAMILY",100,4.98,5,2.89541609158931,1,17
2014,"南投縣","仁愛鄉","N_INDI",100,4.91,5,2.87481224683377,1,17
2014,"南投縣","仁愛鄉","N_INDI_16_54",100,2.55,2,1.87150347382132,0,10
2014,"南投縣","仁愛鄉","N_INDI_55PLUS",100,0.98,1,0.816249120221655,0,3
2014,"南投縣","仁愛鄉","N_INDI_55_64",100,0.73,1,0.789514618821801,0,3
2014,"南投縣","仁愛鄉","N_INDI_65PLUS",100,0.25,0,0.5,0,2
2014,"南投縣","仁愛鄉","N_INDI_7_15",100,0.7,0,1.20185042515466,0,5
2014,"南投縣","仁愛鄉","N_INDI_UNDER6",100,0.68,0,0.919815528277603,0,4
2014,"南投縣","信義鄉","N_FAMILY",69,3.88405797101449,4,2.83640323133147,1,19
2014,"南投縣","信義鄉","N_INDI",69,3.82608695652174,3,2.83858146915554,1,19
2014,"南投縣","信義鄉","N_INDI_16_54",69,2.01449275362319,2,1.69334991366043,0,6
2014,"南投縣","信義鄉","N_INDI_55PLUS",69,0.956521739130435,1,0.914503764644997,0,4
2014,"南投縣","信義鄉","N_INDI_55_64",69,0.565217391304348,0,0.794804098496738,0,2
2014,"南投縣","信義鄉","N_INDI_65PLUS",69,0.391304347826087,0,0.599445609178324,0,2
2014,"南投縣","信義鄉","N_INDI_7_15",69,0.492753623188406,0,1.00912292153074,0,5
2014,"南投縣","信義鄉","N_INDI_UNDER6",69,0.36231884057971,0,1.04277647614368,0,6
2014,"南投縣","南投市","N_FAMILY",45,4.2,4,1.63206506109173,2,10
2014,"南投縣","南投市","N_INDI",45,2.93333333333333,3,1.33824851612437,1,6
2014,"南投縣","南投市","N_INDI_16_54",45,2.06666666666667,2,1.15601195338268,0,4
2014,"南投縣","南投市","N_INDI_55PLUS",45,0.422222222222222,0,0.811533029879782,0,4
2014,"南投縣","南投市","N_INDI_55_64",45,0.288888888888889,0,0.726830673735519,0,4
2014,"南投縣","南投市","N_INDI_65PLUS",45,0.133333333333333,0,0.404519917477945,0,2
2014,"南投縣","南投市","N_INDI_7_15",45,0.222222222222222,0,0.471404520791032,0,2
2014,"南投縣","南投市","N_INDI_UNDER6",45,0.222222222222222,0,0.517374881180723,0,2
2014,"南投縣","埔里鎮","N_FAMILY",24,4.75,4,2.11104754544525,1,11
2014,"南投縣","埔里鎮","N_INDI",24,4.125,4,2.41935133239578,1,11
2014,"南投縣","埔里鎮","N_INDI_16_54",24,2.29166666666667,2,1.45898018780441,0,6
2014,"南投縣","埔里鎮","N_INDI_55PLUS",24,0.833333333333333,1,0.761386987626881,0,2
2014,"南投縣","埔里鎮","N_INDI_55_64",24,0.541666666666667,0,0.721060008759246,0,2
2014,"南投縣","埔里鎮","N_INDI_65PLUS",24,0.291666666666667,0,0.550032937090187,0,2
2014,"南投縣","埔里鎮","N_INDI_7_15",24,0.5,0,0.932504808240314,0,3
2014,"南投縣","埔里鎮","N_INDI_UNDER6",24,0.5,0,0.780189497605494,0,2
2014,"南投縣","魚池鄉","N_FAMILY",25,3.76,3,1.98494332412792,2,12
2014,"南投縣","魚池鄉","N_INDI",25,2.88,3,1.56311654502578,1,9
2014,"南投縣","魚池鄉","N_INDI_16_54",25,1.44,1,1.19303534454489,0,6
2014,"南投縣","魚池鄉","N_INDI_55PLUS",25,0.84,1,0.850490054811538,0,3
2014,"南投縣","魚池鄉","N_INDI_55_64",25,0.32,0,0.556776436283002,0,2
2014,"南投縣","魚池鄉","N_INDI_65PLUS",25,0.52,0,0.714142842854285,0,2
2014,"南投縣","魚池鄉","N_INDI_7_15",25,0.48,0,0.77028133388609,0,2
2014,"南投縣","魚池鄉","N_INDI_UNDER6",25,0.12,0,0.33166247903554,0,1
2014,"嘉義市","東區","N_FAMILY",38,3.34210526315789,3.5,1.72855690146236,1,7
2014,"嘉義市","東區","N_INDI",38,2.05263157894737,1,1.39395157582054,1,6
2014,"嘉義市","東區","N_INDI_16_54",38,1.36842105263158,1,1.07605517369794,0,4
2014,"嘉義市","東區","N_INDI_55PLUS",38,0.447368421052632,0,0.601680907667423,0,2
2014,"嘉義市","東區","N_INDI_55_64",38,0.368421052631579,0,0.541322336484687,0,2
2014,"嘉義市","東區","N_INDI_65PLUS",38,0.0789473684210526,0,0.273276312733094,0,1
2014,"嘉義市","東區","N_INDI_7_15",38,0.184210526315789,0,0.512295478394548,0,2
2014,"嘉義市","東區","N_INDI_UNDER6",38,0.0526315789473684,0,0.226294285921414,0,1
2014,"嘉義市","西區","N_FAMILY",26,3.88461538461538,4,1.96625375934894,1,8
2014,"嘉義市","西區","N_INDI",26,2.34615384615385,2,1.74223552236333,1,8
2014,"嘉義市","西區","N_INDI_16_54",26,1.57692307692308,1,1.33185815830596,0,5
2014,"嘉義市","西區","N_INDI_55PLUS",26,0.230769230769231,0,0.514407799916938,0,2
2014,"嘉義市","西區","N_INDI_55_64",26,0.192307692307692,0,0.49146562599887,0,2
2014,"嘉義市","西區","N_INDI_65PLUS",26,0.0384615384615385,0,0.196116135138184,0,1
2014,"嘉義市","西區","N_INDI_7_15",26,0.423076923076923,0,0.757526338714473,0,3
2014,"嘉義市","西區","N_INDI_UNDER6",26,0.115384615384615,0,0.325812593608421,0,1
2014,"嘉義縣","民雄鄉","N_FAMILY",25,3.44,3,1.78138522878498,1,7
2014,"嘉義縣","民雄鄉","N_INDI",25,2.24,2,1.45143607047182,1,5
2014,"嘉義縣","民雄鄉","N_INDI_16_54",25,1.68,1,1.46401275039985,0,5
2014,"嘉義縣","民雄鄉","N_INDI_55PLUS",25,0.36,0,0.489897948556636,0,1
2014,"嘉義縣","民雄鄉","N_INDI_55_64",25,0.24,0,0.435889894354067,0,1
2014,"嘉義縣","民雄鄉","N_INDI_65PLUS",25,0.12,0,0.33166247903554,0,1
2014,"嘉義縣","民雄鄉","N_INDI_7_15",25,0.16,0,0.374165738677394,0,1
2014,"嘉義縣","民雄鄉","N_INDI_UNDER6",25,0.04,0,0.2,0,1
2014,"嘉義縣","水上鄉","N_FAMILY",1,4,4,,4,4
2014,"嘉義縣","水上鄉","N_INDI",1,1,1,,1,1
2014,"嘉義縣","水上鄉","N_INDI_16_54",1,0,0,,0,0
2014,"嘉義縣","水上鄉","N_INDI_55PLUS",1,1,1,,1,1
2014,"嘉義縣","水上鄉","N_INDI_55_64",1,0,0,,0,0
2014,"嘉義縣","水上鄉","N_INDI_65PLUS",1,1,1,,1,1
2014,"嘉義縣","水上鄉","N_INDI_7_15",1,0,0,,0,0
2014,"嘉義縣","水上鄉","N_INDI_UNDER6",1,0,0,,0,0
2014,"嘉義縣","番路鄉","N_FAMILY",2,2,2,1.4142135623731,1,3
2014,"嘉義縣","番路鄉","N_INDI",2,2,2,1.4142135623731,1,3
2014,"嘉義縣","番路鄉","N_INDI_16_54",2,0.5,0.5,0.707106781186548,0,1
2014,"嘉義縣","番路鄉","N_INDI_55PLUS",2,1,1,0,1,1
2014,"嘉義縣","番路鄉","N_INDI_55_64",2,0,0,0,0,0
2014,"嘉義縣","番路鄉","N_INDI_65PLUS",2,1,1,0,1,1
2014,"嘉義縣","番路鄉","N_INDI_7_15",2,0.5,0.5,0.707106781186548,0,1
2014,"嘉義縣","番路鄉","N_INDI_UNDER6",2,0,0,0,0,0
2014,"嘉義縣","阿里山鄉","N_FAMILY",31,2.93548387096774,3,1.52611672491475,1,6
2014,"嘉義縣","阿里山鄉","N_INDI",31,2.93548387096774,3,1.52611672491475,1,6
2014,"嘉義縣","阿里山鄉","N_INDI_16_54",31,1.83870967741935,2,1.41649271544305,0,5
2014,"嘉義縣","阿里山鄉","N_INDI_55PLUS",31,0.838709677419355,1,0.898026510133874,0,3
2014,"嘉義縣","阿里山鄉","N_INDI_55_64",31,0.290322580645161,0,0.642575463121999,0,2
2014,"嘉義縣","阿里山鄉","N_INDI_65PLUS",31,0.548387096774194,0,0.767624460154806,0,2
2014,"嘉義縣","阿里山鄉","N_INDI_7_15",31,0.161290322580645,0,0.373878250552983,0,1
2014,"嘉義縣","阿里山鄉","N_INDI_UNDER6",31,0.0967741935483871,0,0.396218686222429,0,2
2014,"基隆市","七堵區","N_FAMILY",8,4.125,4,0.83452296039628,3,5
2014,"基隆市","七堵區","N_INDI",8,4,4,1.0690449676497,2,5
2014,"基隆市","七堵區","N_INDI_16_54",8,2.5,2,1.0690449676497,1,4
2014,"基隆市","七堵區","N_INDI_55PLUS",8,0,0,0,0,0
2014,"基隆市","七堵區","N_INDI_55_64",8,0,0,0,0,0
2014,"基隆市","七堵區","N_INDI_65PLUS",8,0,0,0,0,0
2014,"基隆市","七堵區","N_INDI_7_15",8,1,1,1.0690449676497,0,3
2014,"基隆市","七堵區","N_INDI_UNDER6",8,0.5,0,0.755928946018454,0,2
2014,"基隆市","中正區","N_FAMILY",39,4.43589743589744,4,2.82651796008401,1,15
2014,"基隆市","中正區","N_INDI",39,4.07692307692308,3,2.77568972352739,1,14
2014,"基隆市","中正區","N_INDI_16_54",39,2.23076923076923,2,1.36616132324612,0,6
2014,"基隆市","中正區","N_INDI_55PLUS",39,0.846153846153846,1,0.812354004323288,0,3
2014,"基隆市","中正區","N_INDI_55_64",39,0.58974358974359,0,0.677376856858741,0,2
2014,"基隆市","中正區","N_INDI_65PLUS",39,0.256410256410256,0,0.49831023511298,0,2
2014,"基隆市","中正區","N_INDI_7_15",39,0.717948717948718,0,1.27627578995991,0,5
2014,"基隆市","中正區","N_INDI_UNDER6",39,0.282051282051282,0,0.759110211425468,0,3
2014,"基隆市","信義區","N_FAMILY",16,4.3125,4,2.1203380233664,1,8
2014,"基隆市","信義區","N_INDI",16,3.375,3.5,2.02895703913776,1,7
2014,"基隆市","信義區","N_INDI_16_54",16,2.625,3,1.99582898398969,0,5
2014,"基隆市","信義區","N_INDI_55PLUS",16,0.375,0,0.5,0,1
2014,"基隆市","信義區","N_INDI_55_64",16,0.1875,0,0.403112887414928,0,1
2014,"基隆市","信義區","N_INDI_65PLUS",16,0.1875,0,0.403112887414928,0,1
2014,"基隆市","信義區","N_INDI_7_15",16,0.1875,0,0.403112887414928,0,1
2014,"基隆市","信義區","N_INDI_UNDER6",16,0.1875,0,0.543905629069357,0,2
2014,"基隆市","安樂區","N_FAMILY",34,4.32352941176471,5,1.75327551872582,1,7
2014,"基隆市","安樂區","N_INDI",34,3.26470588235294,3,1.95880024395596,0,7
2014,"基隆市","安樂區","N_INDI_16_54",34,2.17647058823529,2,1.33644912237035,0,5
2014,"基隆市","安樂區","N_INDI_55PLUS",34,0.558823529411765,0,1.02072987761991,0,5
2014,"基隆市","安樂區","N_INDI_55_64",34,0.235294117647059,0,0.495973088799014,0,2
2014,"基隆市","安樂區","N_INDI_65PLUS",34,0.323529411764706,0,0.842815923512908,0,4
2014,"基隆市","安樂區","N_INDI_7_15",34,0.352941176470588,0,0.691171729797524,0,2
2014,"基隆市","安樂區","N_INDI_UNDER6",34,0.176470588235294,0,0.5205235263972,0,2
2014,"宜蘭縣","南澳鄉","N_FAMILY",5,5,4,2.44948974278318,2,8
2014,"宜蘭縣","南澳鄉","N_INDI",5,5,4,2.44948974278318,2,8
2014,"宜蘭縣","南澳鄉","N_INDI_16_54",5,3,4,1.73205080756888,0,4
2014,"宜蘭縣","南澳鄉","N_INDI_55PLUS",5,1,1,1,0,2
2014,"宜蘭縣","南澳鄉","N_INDI_55_64",5,0.6,0,0.894427190999916,0,2
2014,"宜蘭縣","南澳鄉","N_INDI_65PLUS",5,0.4,0,0.894427190999916,0,2
2014,"宜蘭縣","南澳鄉","N_INDI_7_15",5,0.8,0,1.09544511501033,0,2
2014,"宜蘭縣","南澳鄉","N_INDI_UNDER6",5,0.2,0,0.447213595499958,0,1
2014,"宜蘭縣","大同鄉","N_FAMILY",9,5.55555555555556,4,3.81153220867642,2,14
2014,"宜蘭縣","大同鄉","N_INDI",9,5.55555555555556,4,3.81153220867642,2,14
2014,"宜蘭縣","大同鄉","N_INDI_16_54",9,2.77777777777778,3,2.58736244937667,0,6
2014,"宜蘭縣","大同鄉","N_INDI_55PLUS",9,1.11111111111111,1,1.16666666666667,0,3
2014,"宜蘭縣","大同鄉","N_INDI_55_64",9,0.333333333333333,0,0.5,0,1
2014,"宜蘭縣","大同鄉","N_INDI_65PLUS",9,0.777777777777778,1,0.833333333333333,0,2
2014,"宜蘭縣","大同鄉","N_INDI_7_15",9,1,0,1.80277563773199,0,5
2014,"宜蘭縣","大同鄉","N_INDI_UNDER6",9,0.666666666666667,0,1.11803398874989,0,3
2014,"宜蘭縣","宜蘭市","N_FAMILY",3,4,4,1,3,5
2014,"宜蘭縣","宜蘭市","N_INDI",3,4,4,1,3,5
2014,"宜蘭縣","宜蘭市","N_INDI_16_54",3,3.66666666666667,3,1.15470053837925,3,5
2014,"宜蘭縣","宜蘭市","N_INDI_55PLUS",3,0,0,0,0,0
2014,"宜蘭縣","宜蘭市","N_INDI_55_64",3,0,0,0,0,0
2014,"宜蘭縣","宜蘭市","N_INDI_65PLUS",3,0,0,0,0,0
2014,"宜蘭縣","宜蘭市","N_INDI_7_15",3,0.333333333333333,0,0.577350269189626,0,1
2014,"宜蘭縣","宜蘭市","N_INDI_UNDER6",3,0,0,0,0,0
2014,"宜蘭縣","羅東鎮","N_FAMILY",8,4.25,4.5,1.28173988892331,2,6
2014,"宜蘭縣","羅東鎮","N_INDI",8,4.25,4.5,1.28173988892331,2,6
2014,"宜蘭縣","羅東鎮","N_INDI_16_54",8,2.5,2,0.925820099772551,2,4
2014,"宜蘭縣","羅東鎮","N_INDI_55PLUS",8,1,1,0.755928946018454,0,2
2014,"宜蘭縣","羅東鎮","N_INDI_55_64",8,0.875,1,0.83452296039628,0,2
2014,"宜蘭縣","羅東鎮","N_INDI_65PLUS",8,0.125,0,0.353553390593274,0,1
2014,"宜蘭縣","羅東鎮","N_INDI_7_15",8,0.625,0,0.916125381312904,0,2
2014,"宜蘭縣","羅東鎮","N_INDI_UNDER6",8,0.125,0,0.353553390593274,0,1
2014,"屏東縣","三地門鄉","N_FAMILY",61,4.01639344262295,4,1.75586449058281,1,8
2014,"屏東縣","三地門鄉","N_INDI",61,3.72131147540984,3,1.79936236429264,1,8
2014,"屏東縣","三地門鄉","N_INDI_16_54",61,2.08196721311475,2,1.40588147873156,0,5
2014,"屏東縣","三地門鄉","N_INDI_55PLUS",61,1.04918032786885,1,0.825151087340913,0,3
2014,"屏東縣","三地門鄉","N_INDI_55_64",61,0.442622950819672,0,0.64613182772389,0,2
2014,"屏東縣","三地門鄉","N_INDI_65PLUS",61,0.60655737704918,0,0.758917837550947,0,3
2014,"屏東縣","三地門鄉","N_INDI_7_15",61,0.377049180327869,0,0.710960252668401,0,3
2014,"屏東縣","三地門鄉","N_INDI_UNDER6",61,0.213114754098361,0,0.580653485260663,0,3
2014,"屏東縣","來義鄉","N_FAMILY",72,4.31944444444444,4,1.59952800158548,1,9
2014,"屏東縣","來義鄉","N_INDI",72,4.19444444444444,4,1.65843035316733,1,8
2014,"屏東縣","來義鄉","N_INDI_16_54",72,2.59722222222222,2.5,1.41082058054351,0,5
2014,"屏東縣","來義鄉","N_INDI_55PLUS",72,0.972222222222222,1,0.992538674482908,0,5
2014,"屏東縣","來義鄉","N_INDI_55_64",72,0.444444444444444,0,0.748498758339856,0,4
2014,"屏東縣","來義鄉","N_INDI_65PLUS",72,0.527777777777778,0,0.691441079791446,0,2
2014,"屏東縣","來義鄉","N_INDI_7_15",72,0.361111111111111,0,0.7180873569902,0,3
2014,"屏東縣","來義鄉","N_INDI_UNDER6",72,0.263888888888889,0,0.530560574008007,0,2
2014,"屏東縣","內埔鄉","N_FAMILY",39,4.58974358974359,5,2.2090477672035,1,11
2014,"屏東縣","內埔鄉","N_INDI",39,3.61538461538462,3,2.21971293325801,1,11
2014,"屏東縣","內埔鄉","N_INDI_16_54",39,2.23076923076923,2,1.459299371572,0,7
2014,"屏東縣","內埔鄉","N_INDI_55PLUS",39,0.82051282051282,1,1.02268467311326,0,6
2014,"屏東縣","內埔鄉","N_INDI_55_64",39,0.358974358974359,0,0.668351447383765,0,3
2014,"屏東縣","內埔鄉","N_INDI_65PLUS",39,0.461538461538462,0,0.642616110587841,0,3
2014,"屏東縣","內埔鄉","N_INDI_7_15",39,0.358974358974359,0,0.706629490021002,0,3
2014,"屏東縣","內埔鄉","N_INDI_UNDER6",39,0.205128205128205,0,0.522115493348035,0,2
2014,"屏東縣","屏東市","N_FAMILY",71,4.1830985915493,4,1.68446565630876,2,13
2014,"屏東縣","屏東市","N_INDI",71,3.26760563380282,3,1.47316710795748,1,7
2014,"屏東縣","屏東市","N_INDI_16_54",71,2.16901408450704,2,1.26475198577155,0,4
2014,"屏東縣","屏東市","N_INDI_55PLUS",71,0.507042253521127,0,0.714607573359967,0,3
2014,"屏東縣","屏東市","N_INDI_55_64",71,0.225352112676056,0,0.4839475502452,0,2
2014,"屏東縣","屏東市","N_INDI_65PLUS",71,0.28169014084507,0,0.512224799744055,0,2
2014,"屏東縣","屏東市","N_INDI_7_15",71,0.352112676056338,0,0.678203331274116,0,2
2014,"屏東縣","屏東市","N_INDI_UNDER6",71,0.23943661971831,0,0.572333287826355,0,3
2014,"屏東縣","春日鄉","N_FAMILY",28,3.78571428571429,3,2.52919461426467,1,12
2014,"屏東縣","春日鄉","N_INDI",28,3.75,3,2.48886408717801,1,12
2014,"屏東縣","春日鄉","N_INDI_16_54",28,1.82142857142857,2,1.51666230594175,0,5
2014,"屏東縣","春日鄉","N_INDI_55PLUS",28,0.892857142857143,1,0.831744517143901,0,2
2014,"屏東縣","春日鄉","N_INDI_55_64",28,0.392857142857143,0,0.628890010655795,0,2
2014,"屏東縣","春日鄉","N_INDI_65PLUS",28,0.5,0,0.693888666488711,0,2
2014,"屏東縣","春日鄉","N_INDI_7_15",28,0.571428571428571,0,1.31736469341247,0,6
2014,"屏東縣","春日鄉","N_INDI_UNDER6",28,0.464285714285714,0,0.88116685505926,0,3
2014,"屏東縣","枋寮鄉","N_FAMILY",2,4.5,4.5,0.707106781186548,4,5
2014,"屏東縣","枋寮鄉","N_INDI",2,3,3,0,3,3
2014,"屏東縣","枋寮鄉","N_INDI_16_54",2,3,3,0,3,3
2014,"屏東縣","枋寮鄉","N_INDI_55PLUS",2,0,0,0,0,0
2014,"屏東縣","枋寮鄉","N_INDI_55_64",2,0,0,0,0,0
2014,"屏東縣","枋寮鄉","N_INDI_65PLUS",2,0,0,0,0,0
2014,"屏東縣","枋寮鄉","N_INDI_7_15",2,0,0,0,0,0
2014,"屏東縣","枋寮鄉","N_INDI_UNDER6",2,0,0,0,0,0
2014,"屏東縣","泰武鄉","N_FAMILY",35,4.94285714285714,4,2.68922531096025,2,17
2014,"屏東縣","泰武鄉","N_INDI",35,4.77142857142857,4,2.70169570156699,2,17
2014,"屏東縣","泰武鄉","N_INDI_16_54",35,2.62857142857143,2,1.41599506242314,0,6
2014,"屏東縣","泰武鄉","N_INDI_55PLUS",35,1.25714285714286,1,1.09390980225162,0,4
2014,"屏東縣","泰武鄉","N_INDI_55_64",35,0.571428571428571,0,0.948240298587624,0,4
2014,"屏東縣","泰武鄉","N_INDI_65PLUS",35,0.685714285714286,1,0.758149006440282,0,3
2014,"屏東縣","泰武鄉","N_INDI_7_15",35,0.4,0,1.4183669151113,0,8
2014,"屏東縣","泰武鄉","N_INDI_UNDER6",35,0.485714285714286,0,1.03955387975206,0,4
2014,"屏東縣","滿州鄉","N_FAMILY",29,4.31034482758621,4,2.07198056175145,2,10
2014,"屏東縣","滿州鄉","N_INDI",29,3.72413793103448,3,2.10266075866029,1,10
2014,"屏東縣","滿州鄉","N_INDI_16_54",29,2,2,1.53529894715748,0,5
2014,"屏東縣","滿州鄉","N_INDI_55PLUS",29,0.758620689655172,1,0.739457929538017,0,3
2014,"屏東縣","滿州鄉","N_INDI_55_64",29,0.310344827586207,0,0.470823615430758,0,1
2014,"屏東縣","滿州鄉","N_INDI_65PLUS",29,0.448275862068966,0,0.736119501971158,0,3
2014,"屏東縣","滿州鄉","N_INDI_7_15",29,0.448275862068966,0,0.827483573274666,0,3
2014,"屏東縣","滿州鄉","N_INDI_UNDER6",29,0.517241379310345,0,1.05629709210905,0,4
2014,"屏東縣","潮州鎮","N_FAMILY",19,4.31578947368421,4,1.52943822580375,2,8
2014,"屏東縣","潮州鎮","N_INDI",19,4,4,1.33333333333333,2,7
2014,"屏東縣","潮州鎮","N_INDI_16_54",19,2.36842105263158,2,1.34207659641441,0,5
2014,"屏東縣","潮州鎮","N_INDI_55PLUS",19,0.842105263157895,0,1.11868761873192,0,4
2014,"屏東縣","潮州鎮","N_INDI_55_64",19,0.473684210526316,0,0.84119102419206,0,3
2014,"屏東縣","潮州鎮","N_INDI_65PLUS",19,0.368421052631579,0,0.597264720370147,0,2
2014,"屏東縣","潮州鎮","N_INDI_7_15",19,0.684210526315789,0,0.820069887194403,0,2
2014,"屏東縣","潮州鎮","N_INDI_UNDER6",19,0.105263157894737,0,0.315301767642306,0,1
2014,"屏東縣","牡丹鄉","N_FAMILY",49,3.16326530612245,3,1.73621881752068,1,8
2014,"屏東縣","牡丹鄉","N_INDI",49,3.08163265306122,2,1.69357529472757,1,8
2014,"屏東縣","牡丹鄉","N_INDI_16_54",49,1.40816326530612,1,1.27342005616991,0,5
2014,"屏東縣","牡丹鄉","N_INDI_55PLUS",49,1.10204081632653,1,0.895472360432928,0,3
2014,"屏東縣","牡丹鄉","N_INDI_55_64",49,0.612244897959184,0,0.758735969958485,0,2
2014,"屏東縣","牡丹鄉","N_INDI_65PLUS",49,0.489795918367347,0,0.649437223665993,0,2
2014,"屏東縣","牡丹鄉","N_INDI_7_15",49,0.448979591836735,0,0.843139581410751,0,3
2014,"屏東縣","牡丹鄉","N_INDI_UNDER6",49,0.122448979591837,0,0.439348621124903,0,2
2014,"屏東縣","獅子鄉","N_FAMILY",34,3.5,4,1.39805059083906,1,6
2014,"屏東縣","獅子鄉","N_INDI",34,3.44117647058824,4,1.3749088448151,1,6
2014,"屏東縣","獅子鄉","N_INDI_16_54",34,2.08823529411765,2,1.28788403060692,0,5
2014,"屏東縣","獅子鄉","N_INDI_55PLUS",34,0.794117647058823,1,0.769864677786549,0,2
2014,"屏東縣","獅子鄉","N_INDI_55_64",34,0.382352941176471,0,0.603761235285532,0,2
2014,"屏東縣","獅子鄉","N_INDI_65PLUS",34,0.411764705882353,0,0.60890597666105,0,2
2014,"屏東縣","獅子鄉","N_INDI_7_15",34,0.323529411764706,0,0.638207159076591,0,2
2014,"屏東縣","獅子鄉","N_INDI_UNDER6",34,0.235294117647059,0,0.654069940167729,0,3
2014,"屏東縣","瑪家鄉","N_FAMILY",65,4.98461538461538,5,1.99602971305154,1,10
2014,"屏東縣","瑪家鄉","N_INDI",65,4.90769230769231,5,1.95034513710937,1,10
2014,"屏東縣","瑪家鄉","N_INDI_16_54",65,2.93846153846154,3,1.46710730560305,0,5
2014,"屏東縣","瑪家鄉","N_INDI_55PLUS",65,0.923076923076923,1,0.834934359465093,0,3
2014,"屏東縣","瑪家鄉","N_INDI_55_64",65,0.476923076923077,0,0.709482476609102,0,2
2014,"屏東縣","瑪家鄉","N_INDI_65PLUS",65,0.446153846153846,0,0.662164283589457,0,2
2014,"屏東縣","瑪家鄉","N_INDI_7_15",65,0.569230769230769,0,0.84722397365659,0,3
2014,"屏東縣","瑪家鄉","N_INDI_UNDER6",65,0.476923076923077,0,0.709482476609102,0,3
2014,"屏東縣","萬丹鄉","N_FAMILY",2,7,7,2.82842712474619,5,9
2014,"屏東縣","萬丹鄉","N_INDI",2,3,3,2.82842712474619,1,5
2014,"屏東縣","萬丹鄉","N_INDI_16_54",2,1.5,1.5,0.707106781186548,1,2
2014,"屏東縣","萬丹鄉","N_INDI_55PLUS",2,0,0,0,0,0
2014,"屏東縣","萬丹鄉","N_INDI_55_64",2,0,0,0,0,0
2014,"屏東縣","萬丹鄉","N_INDI_65PLUS",2,0,0,0,0,0
2014,"屏東縣","萬丹鄉","N_INDI_7_15",2,1,1,1.4142135623731,0,2
2014,"屏東縣","萬丹鄉","N_INDI_UNDER6",2,0.5,0.5,0.707106781186548,0,1
2014,"屏東縣","萬巒鄉","N_FAMILY",19,4.57894736842105,4,2.52357307257618,2,11
2014,"屏東縣","萬巒鄉","N_INDI",19,4.36842105263158,4,2.60790521120751,1,11
2014,"屏東縣","萬巒鄉","N_INDI_16_54",19,2.36842105263158,2,1.64013977438881,0,5
2014,"屏東縣","萬巒鄉","N_INDI_55PLUS",19,1.31578947368421,1,1.4162796168894,0,4
2014,"屏東縣","萬巒鄉","N_INDI_55_64",19,0.789473684210526,0,1.22832077643609,0,4
2014,"屏東縣","萬巒鄉","N_INDI_65PLUS",19,0.526315789473684,0,0.964274111134126,0,3
2014,"屏東縣","萬巒鄉","N_INDI_7_15",19,0.210526315789474,0,0.713282503517759,0,3
2014,"屏東縣","萬巒鄉","N_INDI_UNDER6",19,0.473684210526316,0,0.904827856717728,0,3
2014,"屏東縣","霧臺鄉","N_FAMILY",22,3.86363636363636,4,1.20694239991391,2,6
2014,"屏東縣","霧臺鄉","N_INDI",22,3.86363636363636,4,1.20694239991391,2,6
2014,"屏東縣","霧臺鄉","N_INDI_16_54",22,2.5,2.5,1.47196014438797,0,6
2014,"屏東縣","霧臺鄉","N_INDI_55PLUS",22,0.909090909090909,1,0.921132372943677,0,2
2014,"屏東縣","霧臺鄉","N_INDI_55_64",22,0.272727272727273,0,0.631085095901019,0,2
2014,"屏東縣","霧臺鄉","N_INDI_65PLUS",22,0.636363636363636,0,0.789542033951723,0,2
2014,"屏東縣","霧臺鄉","N_INDI_7_15",22,0.409090909090909,0,0.796366206088088,0,3
2014,"屏東縣","霧臺鄉","N_INDI_UNDER6",22,0.0454545454545455,0,0.21320071635561,0,1
2014,"彰化縣","彰化市","N_FAMILY",58,4.87931034482759,4.5,2.15274273205542,1,11
2014,"彰化縣","彰化市","N_INDI",58,4.01724137931035,4,1.93301309486625,1,10
2014,"彰化縣","彰化市","N_INDI_16_54",58,2.5,3,1.37967705349108,0,5
2014,"彰化縣","彰化市","N_INDI_55PLUS",58,0.551724137931034,0,0.820192826987792,0,3
2014,"彰化縣","彰化市","N_INDI_55_64",58,0.396551724137931,0,0.699364502819519,0,2
2014,"彰化縣","彰化市","N_INDI_65PLUS",58,0.155172413793103,0,0.451186511320518,0,2
2014,"彰化縣","彰化市","N_INDI_7_15",58,0.706896551724138,0,1.0261257521796,0,5
2014,"彰化縣","彰化市","N_INDI_UNDER6",58,0.258620689655172,0,0.54805380794821,0,2
2014,"彰化縣","花壇鄉","N_FAMILY",8,5.625,5,2.50356888118884,3,10
2014,"彰化縣","花壇鄉","N_INDI",8,4.75,4.5,3.10529501704059,1,10
2014,"彰化縣","花壇鄉","N_INDI_16_54",8,3,3.5,2.50713268211203,0,7
2014,"彰化縣","花壇鄉","N_INDI_55PLUS",8,1,1,0.534522483824849,0,2
2014,"彰化縣","花壇鄉","N_INDI_55_64",8,0.875,1,0.640869944461656,0,2
2014,"彰化縣","花壇鄉","N_INDI_65PLUS",8,0.125,0,0.353553390593274,0,1
2014,"彰化縣","花壇鄉","N_INDI_7_15",8,0.625,0.5,0.744023809142845,0,2
2014,"彰化縣","花壇鄉","N_INDI_UNDER6",8,0.125,0,0.353553390593274,0,1
2014,"新北市","三峽區","N_FAMILY",24,4.79166666666667,4,2.16652730878476,1,11
2014,"新北市","三峽區","N_INDI",24,4.41666666666667,4,2.14509889640602,1,11
2014,"新北市","三峽區","N_INDI_16_54",24,2.83333333333333,2,1.27404411454121,1,5
2014,"新北市","三峽區","N_INDI_55PLUS",24,0.375,0,0.710939366337732,0,2
2014,"新北市","三峽區","N_INDI_55_64",24,0.333333333333333,0,0.701964118163034,0,2
2014,"新北市","三峽區","N_INDI_65PLUS",24,0.0416666666666667,0,0.204124145231932,0,1
2014,"新北市","三峽區","N_INDI_7_15",24,0.75,1,0.896854406292881,0,3
2014,"新北市","三峽區","N_INDI_UNDER6",24,0.458333333333333,0,1.10253331475513,0,5
2014,"新北市","三重區","N_FAMILY",27,4.18518518518519,4,1.71053381314896,2,9
2014,"新北市","三重區","N_INDI",27,3.07407407407407,3,1.97923695331785,1,9
2014,"新北市","三重區","N_INDI_16_54",27,2.14814814814815,2,1.51158866259981,0,6
2014,"新北市","三重區","N_INDI_55PLUS",27,0.37037037037037,0,0.629294363562392,0,2
2014,"新北市","三重區","N_INDI_55_64",27,0.37037037037037,0,0.629294363562392,0,2
2014,"新北市","三重區","N_INDI_65PLUS",27,0,0,0,0,0
2014,"新北市","三重區","N_INDI_7_15",27,0.259259259259259,0,0.52569313896348,0,2
2014,"新北市","三重區","N_INDI_UNDER6",27,0.296296296296296,0,0.724027985796491,0,3
2014,"新北市","中和區","N_FAMILY",23,4.8695652173913,5,1.71369743341135,2,9
2014,"新北市","中和區","N_INDI",23,3.56521739130435,3,1.9499670616454,1,8
2014,"新北市","中和區","N_INDI_16_54",23,2.47826086956522,3,1.37740088630036,0,5
2014,"新北市","中和區","N_INDI_55PLUS",23,0.391304347826087,0,0.722315118514615,0,2
2014,"新北市","中和區","N_INDI_55_64",23,0.347826086956522,0,0.647280721183483,0,2
2014,"新北市","中和區","N_INDI_65PLUS",23,0.0434782608695652,0,0.208514414057075,0,1
2014,"新北市","中和區","N_INDI_7_15",23,0.434782608695652,0,0.8434823356733,0,3
2014,"新北市","中和區","N_INDI_UNDER6",23,0.260869565217391,0,0.619192384874173,0,2
2014,"新北市","五股區","N_FAMILY",3,7,6,1.73205080756888,6,9
2014,"新北市","五股區","N_INDI",3,6,6,0,6,6
2014,"新北市","五股區","N_INDI_16_54",3,4.66666666666667,5,0.577350269189626,4,5
2014,"新北市","五股區","N_INDI_55PLUS",3,1,1,1,0,2
2014,"新北市","五股區","N_INDI_55_64",3,0.333333333333333,0,0.577350269189626,0,1
2014,"新北市","五股區","N_INDI_65PLUS",3,0.666666666666667,1,0.577350269189626,0,1
2014,"新北市","五股區","N_INDI_7_15",3,0.333333333333333,0,0.577350269189626,0,1
2014,"新北市","五股區","N_INDI_UNDER6",3,0,0,0,0,0
2014,"新北市","八里區","N_FAMILY",26,4.34615384615385,4,1.6719403743509,1,9
2014,"新北市","八里區","N_INDI",26,3.61538461538462,4,1.91993589636577,1,9
2014,"新北市","八里區","N_INDI_16_54",26,2.34615384615385,2,1.52163879267867,0,5
2014,"新北市","八里區","N_INDI_55PLUS",26,0.461538461538462,0,0.646886032050112,0,2
2014,"新北市","八里區","N_INDI_55_64",26,0.346153846153846,0,0.561591146105969,0,2
2014,"新北市","八里區","N_INDI_65PLUS",26,0.115384615384615,0,0.325812593608421,0,1
2014,"新北市","八里區","N_INDI_7_15",26,0.692307692307692,0,1.15824801382884,0,4
2014,"新北市","八里區","N_INDI_UNDER6",26,0.115384615384615,0,0.325812593608421,0,1
2014,"新北市","土城區","N_FAMILY",38,4.05263157894737,4,1.08919430726378,3,7
2014,"新北市","土城區","N_INDI",38,3.10526315789474,3,0.980608572326128,2,5
2014,"新北市","土城區","N_INDI_16_54",38,2.55263157894737,2.5,0.860463998683194,1,5
2014,"新北市","土城區","N_INDI_55PLUS",38,0.394736842105263,0,0.547202896517668,0,2
2014,"新北市","土城區","N_INDI_55_64",38,0.368421052631579,0,0.541322336484687,0,2
2014,"新北市","土城區","N_INDI_65PLUS",38,0.0263157894736842,0,0.162221421130763,0,1
2014,"新北市","土城區","N_INDI_7_15",38,0.0263157894736842,0,0.162221421130763,0,1
2014,"新北市","土城區","N_INDI_UNDER6",38,0.131578947368421,0,0.414014794851125,0,2
2014,"新北市","新店區","N_FAMILY",66,3.59090909090909,3.5,1.82273904396039,1,10
2014,"新北市","新店區","N_INDI",66,3.09090909090909,3,1.82905837672135,1,9
2014,"新北市","新店區","N_INDI_16_54",66,2.1969696969697,2,1.36121774632634,0,6
2014,"新北市","新店區","N_INDI_55PLUS",66,0.484848484848485,0,0.661988246291759,0,2
2014,"新北市","新店區","N_INDI_55_64",66,0.363636363636364,0,0.54452134623309,0,2
2014,"新北市","新店區","N_INDI_65PLUS",66,0.121212121212121,0,0.372730115402202,0,2
2014,"新北市","新店區","N_INDI_7_15",66,0.257575757575758,0,0.686364022291066,0,3
2014,"新北市","新店區","N_INDI_UNDER6",66,0.151515151515152,0,0.588150274947437,0,3
2014,"新北市","新莊區","N_FAMILY",87,4.08045977011494,4,1.56426958067884,1,8
2014,"新北市","新莊區","N_INDI",87,3.16091954022989,3,1.74458339945014,1,8
2014,"新北市","新莊區","N_INDI_16_54",87,2.32183908045977,2,1.41827157232794,0,6
2014,"新北市","新莊區","N_INDI_55PLUS",87,0.195402298850575,0,0.426970955380855,0,2
2014,"新北市","新莊區","N_INDI_55_64",87,0.172413793103448,0,0.379929508508414,0,1
2014,"新北市","新莊區","N_INDI_65PLUS",87,0.0229885057471264,0,0.150735521828017,0,1
2014,"新北市","新莊區","N_INDI_7_15",87,0.459770114942529,0,0.832544400675723,0,4
2014,"新北市","新莊區","N_INDI_UNDER6",87,0.183908045977011,0,0.41843383606858,0,2
2014,"新北市","板橋區","N_FAMILY",9,3.44444444444444,3,0.726483157256779,3,5
2014,"新北市","板橋區","N_INDI",9,2.55555555555556,2,0.726483157256779,2,4
2014,"新北市","板橋區","N_INDI_16_54",9,2.33333333333333,2,1.11803398874989,0,4
2014,"新北市","板橋區","N_INDI_55PLUS",9,0.222222222222222,0,0.666666666666667,0,2
2014,"新北市","板橋區","N_INDI_55_64",9,0.111111111111111,0,0.333333333333333,0,1
2014,"新北市","板橋區","N_INDI_65PLUS",9,0.111111111111111,0,0.333333333333333,0,1
2014,"新北市","板橋區","N_INDI_7_15",9,0,0,0,0,0
2014,"新北市","板橋區","N_INDI_UNDER6",9,0,0,0,0,0
2014,"新北市","林口區","N_FAMILY",37,4.27027027027027,4,1.85065526906686,1,10
2014,"新北市","林口區","N_INDI",37,3.64864864864865,4,2.00300075187505,1,10
2014,"新北市","林口區","N_INDI_16_54",37,2.45945945945946,2,1.81956335718513,0,10
2014,"新北市","林口區","N_INDI_55PLUS",37,0.405405405405405,0,0.956250184007519,0,5
2014,"新北市","林口區","N_INDI_55_64",37,0.216216216216216,0,0.534121039920059,0,2
2014,"新北市","林口區","N_INDI_65PLUS",37,0.189189189189189,0,0.616343962313155,0,3
2014,"新北市","林口區","N_INDI_7_15",37,0.405405405405405,0,1.01268234186517,0,4
2014,"新北市","林口區","N_INDI_UNDER6",37,0.378378378378378,0,0.758337045827958,0,3
2014,"新北市","樹林區","N_FAMILY",70,4.37142857142857,4,1.57122151845035,1,10
2014,"新北市","樹林區","N_INDI",70,3.48571428571429,4,1.77537795235437,1,10
2014,"新北市","樹林區","N_INDI_16_54",70,2.25714285714286,2,1.33715807533234,0,6
2014,"新北市","樹林區","N_INDI_55PLUS",70,0.542857142857143,0,0.828578567828171,0,3
2014,"新北市","樹林區","N_INDI_55_64",70,0.442857142857143,0,0.734959612135238,0,2
2014,"新北市","樹林區","N_INDI_65PLUS",70,0.1,0,0.346828278939973,0,2
2014,"新北市","樹林區","N_INDI_7_15",70,0.428571428571429,0,0.753185093240094,0,3
2014,"新北市","樹林區","N_INDI_UNDER6",70,0.257142857142857,0,0.629831223900827,0,3
2014,"新北市","永和區","N_FAMILY",15,3.66666666666667,4,1.11269728052837,2,6
2014,"新北市","永和區","N_INDI",15,2,2,0.925820099772551,1,3
2014,"新北市","永和區","N_INDI_16_54",15,1.46666666666667,1,1.06009882737862,0,3
2014,"新北市","永和區","N_INDI_55PLUS",15,0.2,0,0.414039335605413,0,1
2014,"新北市","永和區","N_INDI_55_64",15,0.133333333333333,0,0.351865775274498,0,1
2014,"新北市","永和區","N_INDI_65PLUS",15,0.0666666666666667,0,0.258198889747161,0,1
2014,"新北市","永和區","N_INDI_7_15",15,0.333333333333333,0,0.723746864455746,0,2
2014,"新北市","永和區","N_INDI_UNDER6",15,0,0,0,0,0
2014,"新北市","汐止區","N_FAMILY",72,3.875,4,1.49117120053191,1,8
2014,"新北市","汐止區","N_INDI",72,3.19444444444444,3,1.56222024099586,1,8
2014,"新北市","汐止區","N_INDI_16_54",72,2.01388888888889,2,1.48696737942715,0,6
2014,"新北市","汐止區","N_INDI_55PLUS",72,0.680555555555556,0,0.90111650446354,0,4
2014,"新北市","汐止區","N_INDI_55_64",72,0.305555555555556,0,0.596678338071385,0,2
2014,"新北市","汐止區","N_INDI_65PLUS",72,0.375,0,0.615240706358547,0,2
2014,"新北市","汐止區","N_INDI_7_15",72,0.291666666666667,0,0.63772262061579,0,2
2014,"新北市","汐止區","N_INDI_UNDER6",72,0.208333333333333,0,0.529083714987325,0,2
2014,"新北市","泰山區","N_FAMILY",2,4.5,4.5,2.12132034355964,3,6
2014,"新北市","泰山區","N_INDI",2,2.5,2.5,0.707106781186548,2,3
2014,"新北市","泰山區","N_INDI_16_54",2,2,2,1.4142135623731,1,3
2014,"新北市","泰山區","N_INDI_55PLUS",2,0.5,0.5,0.707106781186548,0,1
2014,"新北市","泰山區","N_INDI_55_64",2,0.5,0.5,0.707106781186548,0,1
2014,"新北市","泰山區","N_INDI_65PLUS",2,0,0,0,0,0
2014,"新北市","泰山區","N_INDI_7_15",2,0,0,0,0,0
2014,"新北市","泰山區","N_INDI_UNDER6",2,0,0,0,0,0
2014,"新北市","淡水區","N_FAMILY",3,3.66666666666667,4,1.52752523165195,2,5
2014,"新北市","淡水區","N_INDI",3,2.33333333333333,3,1.15470053837925,1,3
2014,"新北市","淡水區","N_INDI_16_54",3,1.33333333333333,1,1.52752523165195,0,3
2014,"新北市","淡水區","N_INDI_55PLUS",3,0.333333333333333,0,0.577350269189626,0,1
2014,"新北市","淡水區","N_INDI_55_64",3,0.333333333333333,0,0.577350269189626,0,1
2014,"新北市","淡水區","N_INDI_65PLUS",3,0,0,0,0,0
2014,"新北市","淡水區","N_INDI_7_15",3,0.666666666666667,0,1.15470053837925,0,2
2014,"新北市","淡水區","N_INDI_UNDER6",3,0,0,0,0,0
2014,"新北市","烏來區","N_FAMILY",30,4,4,1.9826836567538,1,10
2014,"新北市","烏來區","N_INDI",30,3.46666666666667,3.5,1.92503172089106,1,10
2014,"新北市","烏來區","N_INDI_16_54",30,2.06666666666667,2,1.63861449745337,0,5
2014,"新北市","烏來區","N_INDI_55PLUS",30,0.866666666666667,1,0.68144538746106,0,2
2014,"新北市","烏來區","N_INDI_55_64",30,0.533333333333333,0,0.68144538746106,0,2
2014,"新北市","烏來區","N_INDI_65PLUS",30,0.333333333333333,0,0.546672273590534,0,2
2014,"新北市","烏來區","N_INDI_7_15",30,0.366666666666667,0,0.889917986664224,0,3
2014,"新北市","烏來區","N_INDI_UNDER6",30,0.166666666666667,0,0.461133037377414,0,2
2014,"新北市","瑞芳區","N_FAMILY",23,3.8695652173913,3,1.8660689801653,1,10
2014,"新北市","瑞芳區","N_INDI",23,3.73913043478261,3,1.88817832613987,1,10
2014,"新北市","瑞芳區","N_INDI_16_54",23,1.95652173913043,2,1.39734361198686,0,6
2014,"新北市","瑞芳區","N_INDI_55PLUS",23,1.08695652173913,1,0.848155403763253,0,2
2014,"新北市","瑞芳區","N_INDI_55_64",23,0.826086956521739,1,0.834057656228299,0,2
2014,"新北市","瑞芳區","N_INDI_65PLUS",23,0.260869565217391,0,0.540823555863717,0,2
2014,"新北市","瑞芳區","N_INDI_7_15",23,0.304347826086957,0,0.926124996899135,0,4
2014,"新北市","瑞芳區","N_INDI_UNDER6",23,0.391304347826087,0,1.03305066472527,0,4
2014,"新北市","蘆洲區","N_FAMILY",55,4.4,4,1.43501193697448,2,9
2014,"新北市","蘆洲區","N_INDI",55,3.2,3,1.47070152069105,1,7
2014,"新北市","蘆洲區","N_INDI_16_54",55,2.52727272727273,2,1.28890630430589,1,6
2014,"新北市","蘆洲區","N_INDI_55PLUS",55,0.4,0,0.626572096883186,0,2
2014,"新北市","蘆洲區","N_INDI_55_64",55,0.254545454545455,0,0.551703819433131,0,2
2014,"新北市","蘆洲區","N_INDI_65PLUS",55,0.145454545454545,0,0.355807991196553,0,1
2014,"新北市","蘆洲區","N_INDI_7_15",55,0.2,0,0.590040802104522,0,3
2014,"新北市","蘆洲區","N_INDI_UNDER6",55,0.0727272727272727,0,0.262081797702299,0,1
2014,"新北市","鶯歌區","N_FAMILY",14,4.71428571428571,5,1.48989268733698,1,8
2014,"新北市","鶯歌區","N_INDI",14,4.14285714285714,4.5,1.79130991422233,1,8
2014,"新北市","鶯歌區","N_INDI_16_54",14,2.14285714285714,2,1.35062053300541,0,4
2014,"新北市","鶯歌區","N_INDI_55PLUS",14,0.285714285714286,0,0.611249845502127,0,2
2014,"新北市","鶯歌區","N_INDI_55_64",14,0.214285714285714,0,0.578934223521839,0,2
2014,"新北市","鶯歌區","N_INDI_65PLUS",14,0.0714285714285714,0,0.267261241912424,0,1
2014,"新北市","鶯歌區","N_INDI_7_15",14,1.42857142857143,1.5,1.28388147753274,0,3
2014,"新北市","鶯歌區","N_INDI_UNDER6",14,0.285714285714286,0,0.611249845502127,0,2
2014,"新竹市","北區","N_FAMILY",28,4.57142857142857,4.5,1.39916830927232,3,8
2014,"新竹市","北區","N_INDI",28,3.57142857142857,3,1.77281052085584,1,7
2014,"新竹市","北區","N_INDI_16_54",28,2.5,2,1.52752523165195,1,7
2014,"新竹市","北區","N_INDI_55PLUS",28,0.321428571428571,0,0.669636243353583,0,2
2014,"新竹市","北區","N_INDI_55_64",28,0.142857142857143,0,0.448395139423033,0,2
2014,"新竹市","北區","N_INDI_65PLUS",28,0.178571428571429,0,0.547964004533647,0,2
2014,"新竹市","北區","N_INDI_7_15",28,0.357142857142857,0,0.78004205557496,0,3
2014,"新竹市","北區","N_INDI_UNDER6",28,0.392857142857143,0,0.785954749158543,0,3
2014,"新竹市","東區","N_FAMILY",35,4.37142857142857,4,1.98650912089398,1,11
2014,"新竹市","東區","N_INDI",35,2.48571428571429,2,1.57874537997421,1,6
2014,"新竹市","東區","N_INDI_16_54",35,1.71428571428571,1,1.29640744710433,0,5
2014,"新竹市","東區","N_INDI_55PLUS",35,0.285714285714286,0,0.518562978841732,0,2
2014,"新竹市","東區","N_INDI_55_64",35,0.0571428571428571,0,0.235504107976803,0,1
2014,"新竹市","東區","N_INDI_65PLUS",35,0.228571428571429,0,0.426042961498036,0,1
2014,"新竹市","東區","N_INDI_7_15",35,0.285714285714286,0,0.621735170188031,0,2
2014,"新竹市","東區","N_INDI_UNDER6",35,0.2,0,0.531368931324057,0,2
2014,"新竹縣","五峰鄉","N_FAMILY",41,3.34146341463415,3,2.12849425765682,1,12
2014,"新竹縣","五峰鄉","N_INDI",41,3.26829268292683,3,2.04968766210736,1,12
2014,"新竹縣","五峰鄉","N_INDI_16_54",41,1.82926829268293,2,1.65684095531814,0,5
2014,"新竹縣","五峰鄉","N_INDI_55PLUS",41,1.1219512195122,1,0.899864488443108,0,3
2014,"新竹縣","五峰鄉","N_INDI_55_64",41,0.707317073170732,1,0.749796720419088,0,2
2014,"新竹縣","五峰鄉","N_INDI_65PLUS",41,0.414634146341463,0,0.546608166610121,0,2
2014,"新竹縣","五峰鄉","N_INDI_7_15",41,0.146341463414634,0,0.572755428160925,0,3
2014,"新竹縣","五峰鄉","N_INDI_UNDER6",41,0.170731707317073,0,0.441726104299386,0,2
2014,"新竹縣","尖石鄉","N_FAMILY",53,4.33962264150943,4,2.11172000826901,1,10
2014,"新竹縣","尖石鄉","N_INDI",53,4.09433962264151,4,2.05935156844049,1,9
2014,"新竹縣","尖石鄉","N_INDI_16_54",53,2.43396226415094,2,1.77058697310182,0,7
2014,"新竹縣","尖石鄉","N_INDI_55PLUS",53,0.792452830188679,1,0.793204080976879,0,2
2014,"新竹縣","尖石鄉","N_INDI_55_64",53,0.30188679245283,0,0.574620465390229,0,2
2014,"新竹縣","尖石鄉","N_INDI_65PLUS",53,0.490566037735849,0,0.668599037869311,0,2
2014,"新竹縣","尖石鄉","N_INDI_7_15",53,0.622641509433962,0,1.07821817212722,0,4
2014,"新竹縣","尖石鄉","N_INDI_UNDER6",53,0.245283018867925,0,0.617241393290106,0,2
2014,"新竹縣","橫山鄉","N_FAMILY",2,2,2,0,2,2
2014,"新竹縣","橫山鄉","N_INDI",2,1,1,0,1,1
2014,"新竹縣","橫山鄉","N_INDI_16_54",2,0.5,0.5,0.707106781186548,0,1
2014,"新竹縣","橫山鄉","N_INDI_55PLUS",2,0.5,0.5,0.707106781186548,0,1
2014,"新竹縣","橫山鄉","N_INDI_55_64",2,0.5,0.5,0.707106781186548,0,1
2014,"新竹縣","橫山鄉","N_INDI_65PLUS",2,0,0,0,0,0
2014,"新竹縣","橫山鄉","N_INDI_7_15",2,0,0,0,0,0
2014,"新竹縣","橫山鄉","N_INDI_UNDER6",2,0,0,0,0,0
2014,"新竹縣","湖口鄉","N_FAMILY",6,5.16666666666667,5,2.56255081250434,2,9
2014,"新竹縣","湖口鄉","N_INDI",6,3.16666666666667,2.5,1.94079021706795,1,6
2014,"新竹縣","湖口鄉","N_INDI_16_54",6,2.16666666666667,2,2.04124145231932,0,6
2014,"新竹縣","湖口鄉","N_INDI_55PLUS",6,0.333333333333333,0,0.516397779494322,0,1
2014,"新竹縣","湖口鄉","N_INDI_55_64",6,0.333333333333333,0,0.516397779494322,0,1
2014,"新竹縣","湖口鄉","N_INDI_65PLUS",6,0,0,0,0,0
2014,"新竹縣","湖口鄉","N_INDI_7_15",6,0.5,0,1.22474487139159,0,3
2014,"新竹縣","湖口鄉","N_INDI_UNDER6",6,0.166666666666667,0,0.408248290463863,0,1
2014,"新竹縣","竹北市","N_FAMILY",15,5,5,1.96396101212393,2,8
2014,"新竹縣","竹北市","N_INDI",15,3.06666666666667,2,2.31352133173242,1,8
2014,"新竹縣","竹北市","N_INDI_16_54",15,1.93333333333333,1,2.01659779496722,0,7
2014,"新竹縣","竹北市","N_INDI_55PLUS",15,0.533333333333333,0,0.639940473422184,0,2
2014,"新竹縣","竹北市","N_INDI_55_64",15,0.4,0,0.632455532033676,0,2
2014,"新竹縣","竹北市","N_INDI_65PLUS",15,0.133333333333333,0,0.351865775274498,0,1
2014,"新竹縣","竹北市","N_INDI_7_15",15,0.4,0,0.632455532033676,0,2
2014,"新竹縣","竹北市","N_INDI_UNDER6",15,0.2,0,0.560611910581388,0,2
2014,"新竹縣","竹東鎮","N_FAMILY",31,5,5,2.04939015319192,2,11
2014,"新竹縣","竹東鎮","N_INDI",31,4.2258064516129,4,2.40429722815011,1,11
2014,"新竹縣","竹東鎮","N_INDI_16_54",31,2.35483870967742,2,1.45025025649079,0,6
2014,"新竹縣","竹東鎮","N_INDI_55PLUS",31,0.354838709677419,0,0.608187860054999,0,2
2014,"新竹縣","竹東鎮","N_INDI_55_64",31,0.290322580645161,0,0.528743692608355,0,2
2014,"新竹縣","竹東鎮","N_INDI_65PLUS",31,0.0645161290322581,0,0.249731038114707,0,1
2014,"新竹縣","竹東鎮","N_INDI_7_15",31,1.19354838709677,1,1.2759141778534,0,5
2014,"新竹縣","竹東鎮","N_INDI_UNDER6",31,0.32258064516129,0,0.652538467534982,0,2
2014,"新竹縣","關西鎮","N_FAMILY",8,4.25,4,1.48804761828569,2,7
2014,"新竹縣","關西鎮","N_INDI",8,3.375,3.5,1.40788595317336,1,5
2014,"新竹縣","關西鎮","N_INDI_16_54",8,2.125,2,0.991031208965115,1,4
2014,"新竹縣","關西鎮","N_INDI_55PLUS",8,0.625,1,0.517549169506766,0,1
2014,"新竹縣","關西鎮","N_INDI_55_64",8,0.25,0,0.462910049886276,0,1
2014,"新竹縣","關西鎮","N_INDI_65PLUS",8,0.375,0,0.517549169506766,0,1
2014,"新竹縣","關西鎮","N_INDI_7_15",8,0.25,0,0.462910049886276,0,1
2014,"新竹縣","關西鎮","N_INDI_UNDER6",8,0.375,0,0.744023809142845,0,2
2014,"桃園縣","中壢市","N_FAMILY",25,3.72,4,1.54164414397962,1,7
2014,"桃園縣","中壢市","N_INDI",25,2.44,2,1.4456832294801,1,6
2014,"桃園縣","中壢市","N_INDI_16_54",25,1.4,1,1.22474487139159,0,4
2014,"桃園縣","中壢市","N_INDI_55PLUS",25,0.6,1,0.577350269189626,0,2
2014,"桃園縣","中壢市","N_INDI_55_64",25,0.4,0,0.5,0,1
2014,"桃園縣","中壢市","N_INDI_65PLUS",25,0.2,0,0.408248290463863,0,1
2014,"桃園縣","中壢市","N_INDI_7_15",25,0.32,0,0.627162924074226,0,2
2014,"桃園縣","中壢市","N_INDI_UNDER6",25,0.12,0,0.6,0,3
2014,"桃園縣","八德市","N_FAMILY",28,4.39285714285714,4,2.26632817267125,1,12
2014,"桃園縣","八德市","N_INDI",28,3.71428571428571,4,2.27477541190404,1,12
2014,"桃園縣","八德市","N_INDI_16_54",28,2.25,2,1.37773297418192,0,5
2014,"桃園縣","八德市","N_INDI_55PLUS",28,0.285714285714286,0,0.534522483824849,0,2
2014,"桃園縣","八德市","N_INDI_55_64",28,0.285714285714286,0,0.534522483824849,0,2
2014,"桃園縣","八德市","N_INDI_65PLUS",28,0,0,0,0,0
2014,"桃園縣","八德市","N_INDI_7_15",28,0.964285714285714,1,1.07089934019281,0,4
2014,"桃園縣","八德市","N_INDI_UNDER6",28,0.214285714285714,0,0.498675494362064,0,2
2014,"桃園縣","大溪鎮","N_FAMILY",31,3.25806451612903,3,1.34083908891619,1,7
2014,"桃園縣","大溪鎮","N_INDI",31,2.87096774193548,3,1.54363068734874,1,7
2014,"桃園縣","大溪鎮","N_INDI_16_54",31,1.90322580645161,2,1.24779375191248,0,5
2014,"桃園縣","大溪鎮","N_INDI_55PLUS",31,0.419354838709677,0,0.620440356971675,0,2
2014,"桃園縣","大溪鎮","N_INDI_55_64",31,0.193548387096774,0,0.401609664451249,0,1
2014,"桃園縣","大溪鎮","N_INDI_65PLUS",31,0.225806451612903,0,0.425023718503241,0,1
2014,"桃園縣","大溪鎮","N_INDI_7_15",31,0.290322580645161,0,0.588418693737533,0,2
2014,"桃園縣","大溪鎮","N_INDI_UNDER6",31,0.258064516129032,0,0.681554201096478,0,3
2014,"桃園縣","平鎮市","N_FAMILY",62,4.12903225806452,4,1.72240654144843,1,9
2014,"桃園縣","平鎮市","N_INDI",62,3.53225806451613,3,1.70551412310606,1,9
2014,"桃園縣","平鎮市","N_INDI_16_54",62,2.38709677419355,2,1.31017254163026,0,6
2014,"桃園縣","平鎮市","N_INDI_55PLUS",62,0.419354838709677,0,0.779835777095728,0,3
2014,"桃園縣","平鎮市","N_INDI_55_64",62,0.290322580645161,0,0.583575659168166,0,2
2014,"桃園縣","平鎮市","N_INDI_65PLUS",62,0.129032258064516,0,0.383421651549289,0,2
2014,"桃園縣","平鎮市","N_INDI_7_15",62,0.403225806451613,0,0.798762925072672,0,3
2014,"桃園縣","平鎮市","N_INDI_UNDER6",62,0.32258064516129,0,0.719156918702455,0,3
2014,"桃園縣","復興鄉","N_FAMILY",46,4.67391304347826,4,2.98927228473261,1,14
2014,"桃園縣","復興鄉","N_INDI",46,4.5,4,3.01662062579967,1,14
2014,"桃園縣","復興鄉","N_INDI_16_54",46,2.5,2,1.88266949952573,0,5
2014,"桃園縣","復興鄉","N_INDI_55PLUS",46,1.02173913043478,1,1.10532308870971,0,6
2014,"桃園縣","復興鄉","N_INDI_55_64",46,0.521739130434783,0,0.809365469839254,0,4
2014,"桃園縣","復興鄉","N_INDI_65PLUS",46,0.5,0,0.658280588604383,0,2
2014,"桃園縣","復興鄉","N_INDI_7_15",46,0.695652173913043,0,1.57578291253574,0,8
2014,"桃園縣","復興鄉","N_INDI_UNDER6",46,0.282608695652174,0,0.750201261240709,0,4
2014,"桃園縣","桃園市","N_FAMILY",34,3.44117647058824,4,0.894128201457549,2,5
2014,"桃園縣","桃園市","N_INDI",34,3.17647058823529,3,0.999108336871284,1,5
2014,"桃園縣","桃園市","N_INDI_16_54",34,2.61764705882353,3,1.20641482092297,1,5
2014,"桃園縣","桃園市","N_INDI_55PLUS",34,0.0882352941176471,0,0.287902241281237,0,1
2014,"桃園縣","桃園市","N_INDI_55_64",34,0.0588235294117647,0,0.238832573610613,0,1
2014,"桃園縣","桃園市","N_INDI_65PLUS",34,0.0294117647058824,0,0.171498585142509,0,1
2014,"桃園縣","桃園市","N_INDI_7_15",34,0.352941176470588,0,0.691171729797524,0,2
2014,"桃園縣","桃園市","N_INDI_UNDER6",34,0.117647058823529,0,0.409338407999805,0,2
2014,"桃園縣","楊梅鎮","N_FAMILY",62,3.80645161290323,4,1.22593169222993,2,7
2014,"桃園縣","楊梅鎮","N_INDI",62,3.41935483870968,3,1.16715131833633,1,7
2014,"桃園縣","楊梅鎮","N_INDI_16_54",62,2.48387096774194,2,0.936367860385534,1,5
2014,"桃園縣","楊梅鎮","N_INDI_55PLUS",62,0.32258064516129,0,0.594350273397852,0,2
2014,"桃園縣","楊梅鎮","N_INDI_55_64",62,0.241935483870968,0,0.50197916065973,0,2
2014,"桃園縣","楊梅鎮","N_INDI_65PLUS",62,0.0806451612903226,0,0.274512211008174,0,1
2014,"桃園縣","楊梅鎮","N_INDI_7_15",62,0.306451612903226,0,0.589212023889293,0,2
2014,"桃園縣","楊梅鎮","N_INDI_UNDER6",62,0.306451612903226,0,0.642452005668532,0,2
2014,"桃園縣","蘆竹鄉","N_FAMILY",36,4.02777777777778,4,1.36247906638935,2,8
2014,"桃園縣","蘆竹鄉","N_INDI",36,3.88888888888889,4,1.40971684649847,2,8
2014,"桃園縣","蘆竹鄉","N_INDI_16_54",36,3.11111111111111,3,1.236995848885,1,8
2014,"桃園縣","蘆竹鄉","N_INDI_55PLUS",36,0.527777777777778,0,0.844684594089453,0,3
2014,"桃園縣","蘆竹鄉","N_INDI_55_64",36,0.444444444444444,0,0.734630886692453,0,2
2014,"桃園縣","蘆竹鄉","N_INDI_65PLUS",36,0.0833333333333333,0,0.5,0,3
2014,"桃園縣","蘆竹鄉","N_INDI_7_15",36,0.166666666666667,0,0.560611910581388,0,3
2014,"桃園縣","蘆竹鄉","N_INDI_UNDER6",36,0.0833333333333333,0,0.280305955290694,0,1
2014,"桃園縣","觀音鄉","N_FAMILY",15,5.13333333333333,4,2.61497518881064,2,12
2014,"桃園縣","觀音鄉","N_INDI",15,3.2,3,2.11119465164699,1,9
2014,"桃園縣","觀音鄉","N_INDI_16_54",15,2.26666666666667,2,1.33452327853522,0,5
2014,"桃園縣","觀音鄉","N_INDI_55PLUS",15,0.133333333333333,0,0.516397779494322,0,2
2014,"桃園縣","觀音鄉","N_INDI_55_64",15,0.0666666666666667,0,0.258198889747161,0,1
2014,"桃園縣","觀音鄉","N_INDI_65PLUS",15,0.0666666666666667,0,0.258198889747161,0,1
2014,"桃園縣","觀音鄉","N_INDI_7_15",15,0.6,0,1.35224680756563,0,5
2014,"桃園縣","觀音鄉","N_INDI_UNDER6",15,0.2,0,0.560611910581388,0,2
2014,"桃園縣","龍潭鄉","N_FAMILY",71,3.95774647887324,4,1.80029060922563,1,10
2014,"桃園縣","龍潭鄉","N_INDI",71,3.19718309859155,3,1.81753143663014,1,10
2014,"桃園縣","龍潭鄉","N_INDI_16_54",71,1.88732394366197,2,1.35803740506709,0,5
2014,"桃園縣","龍潭鄉","N_INDI_55PLUS",71,0.549295774647887,0,0.671644727396139,0,3
2014,"桃園縣","龍潭鄉","N_INDI_55_64",71,0.323943661971831,0,0.580015957596339,0,3
2014,"桃園縣","龍潭鄉","N_INDI_65PLUS",71,0.225352112676056,0,0.45346863487666,0,2
2014,"桃園縣","龍潭鄉","N_INDI_7_15",71,0.563380281690141,0,1.09194968965996,0,6
2014,"桃園縣","龍潭鄉","N_INDI_UNDER6",71,0.197183098591549,0,0.466590009992228,0,2
2014,"桃園縣","龜山鄉","N_FAMILY",82,4.30487804878049,4,1.52095668715567,1,8
2014,"桃園縣","龜山鄉","N_INDI",82,3.92682926829268,4,1.52979049485383,1,8
2014,"桃園縣","龜山鄉","N_INDI_16_54",82,2.57317073170732,3,1.23758514165147,0,5
2014,"桃園縣","龜山鄉","N_INDI_55PLUS",82,0.353658536585366,0,0.635803199994902,0,2
2014,"桃園縣","龜山鄉","N_INDI_55_64",82,0.25609756097561,0,0.583962107889517,0,2
2014,"桃園縣","龜山鄉","N_INDI_65PLUS",82,0.0975609756097561,0,0.337373884898316,0,2
2014,"桃園縣","龜山鄉","N_INDI_7_15",82,0.51219512195122,0,0.835092993106998,0,4
2014,"桃園縣","龜山鄉","N_INDI_UNDER6",82,0.48780487804878,0,0.757577400014644,0,3
2014,"澎湖縣","馬公市","N_FAMILY",50,3.46,3,1.5011560171265,1,8
2014,"澎湖縣","馬公市","N_INDI",50,2.14,2,1.32495668007736,1,5
2014,"澎湖縣","馬公市","N_INDI_16_54",50,1.22,1,0.815412753876019,0,4
2014,"澎湖縣","馬公市","N_INDI_55PLUS",50,0.32,0,0.551065757771026,0,2
2014,"澎湖縣","馬公市","N_INDI_55_64",50,0.2,0,0.404061017820884,0,1
2014,"澎湖縣","馬公市","N_INDI_65PLUS",50,0.12,0,0.385449644663773,0,2
2014,"澎湖縣","馬公市","N_INDI_7_15",50,0.22,0,0.615778916064352,0,3
2014,"澎湖縣","馬公市","N_INDI_UNDER6",50,0.38,0,0.666700679404459,0,2
2014,"臺中市","北屯區","N_FAMILY",45,4.2,4,1.28982028346447,2,7
2014,"臺中市","北屯區","N_INDI",45,3.26666666666667,3,1.35512495230648,1,6
2014,"臺中市","北屯區","N_INDI_16_54",45,2.44444444444444,2,1.25327852878244,0,6
2014,"臺中市","北屯區","N_INDI_55PLUS",45,0.288888888888889,0,0.661342375304756,0,3
2014,"臺中市","北屯區","N_INDI_55_64",45,0.2,0,0.457264594180338,0,2
2014,"臺中市","北屯區","N_INDI_65PLUS",45,0.0888888888888889,0,0.287799032014152,0,1
2014,"臺中市","北屯區","N_INDI_7_15",45,0.444444444444444,0,0.784959627090219,0,3
2014,"臺中市","北屯區","N_INDI_UNDER6",45,0.0888888888888889,0,0.358165922838603,0,2
2014,"臺中市","南區","N_FAMILY",22,4.27272727272727,4,1.42032250468547,2,7
2014,"臺中市","南區","N_INDI",22,3.18181818181818,3,1.53177033080039,1,7
2014,"臺中市","南區","N_INDI_16_54",22,2.40909090909091,2,1.40268758728823,1,6
2014,"臺中市","南區","N_INDI_55PLUS",22,0.0909090909090909,0,0.29424494316825,0,1
2014,"臺中市","南區","N_INDI_55_64",22,0.0909090909090909,0,0.29424494316825,0,1
2014,"臺中市","南區","N_INDI_65PLUS",22,0,0,0,0,0
2014,"臺中市","南區","N_INDI_7_15",22,0.272727272727273,0,0.631085095901019,0,2
2014,"臺中市","南區","N_INDI_UNDER6",22,0.409090909090909,0,0.796366206088088,0,3
2014,"臺中市","南屯區","N_FAMILY",40,3.875,4,1.38096027533426,1,7
2014,"臺中市","南屯區","N_INDI",40,2.925,3,1.11832062738779,1,5
2014,"臺中市","南屯區","N_INDI_16_54",40,2.425,2,1.10679718105893,1,5
2014,"臺中市","南屯區","N_INDI_55PLUS",40,0.175,0,0.446496331853885,0,2
2014,"臺中市","南屯區","N_INDI_55_64",40,0.15,0,0.36162028533979,0,1
2014,"臺中市","南屯區","N_INDI_65PLUS",40,0.025,0,0.158113883008419,0,1
2014,"臺中市","南屯區","N_INDI_7_15",40,0.225,0,0.65973965339095,0,3
2014,"臺中市","南屯區","N_INDI_UNDER6",40,0.1,0,0.378932373372537,0,2
2014,"臺中市","和平區","N_FAMILY",33,4.39393939393939,4,1.7489174140628,1,9
2014,"臺中市","和平區","N_INDI",33,4.3030303030303,4,1.74077655955698,1,9
2014,"臺中市","和平區","N_INDI_16_54",33,2.36363636363636,2,1.49620732642116,0,5
2014,"臺中市","和平區","N_INDI_55PLUS",33,1.18181818181818,1,0.882274951990076,0,2
2014,"臺中市","和平區","N_INDI_55_64",33,0.363636363636364,0,0.548758930347711,0,2
2014,"臺中市","和平區","N_INDI_65PLUS",33,0.818181818181818,1,0.768706114785807,0,2
2014,"臺中市","和平區","N_INDI_7_15",33,0.393939393939394,0,0.704423254309596,0,2
2014,"臺中市","和平區","N_INDI_UNDER6",33,0.363636363636364,0,0.78334945180064,0,3
2014,"臺中市","大里區","N_FAMILY",2,5.5,5.5,2.12132034355964,4,7
2014,"臺中市","大里區","N_INDI",2,5.5,5.5,2.12132034355964,4,7
2014,"臺中市","大里區","N_INDI_16_54",2,3.5,3.5,3.53553390593274,1,6
2014,"臺中市","大里區","N_INDI_55PLUS",2,1,1,1.4142135623731,0,2
2014,"臺中市","大里區","N_INDI_55_64",2,1,1,1.4142135623731,0,2
2014,"臺中市","大里區","N_INDI_65PLUS",2,0,0,0,0,0
2014,"臺中市","大里區","N_INDI_7_15",2,0.5,0.5,0.707106781186548,0,1
2014,"臺中市","大里區","N_INDI_UNDER6",2,0.5,0.5,0.707106781186548,0,1
2014,"臺中市","大雅區","N_FAMILY",52,4.65384615384615,4,2.02808337401244,1,12
2014,"臺中市","大雅區","N_INDI",52,3.46153846153846,3,2.12788709030342,1,12
2014,"臺中市","大雅區","N_INDI_16_54",52,2.25,2,1.31171194829281,0,6
2014,"臺中市","大雅區","N_INDI_55PLUS",52,0.365384615384615,0,0.627126848783047,0,2
2014,"臺中市","大雅區","N_INDI_55_64",52,0.307692307692308,0,0.543714946166432,0,2
2014,"臺中市","大雅區","N_INDI_65PLUS",52,0.0576923076923077,0,0.235435477898709,0,1
2014,"臺中市","大雅區","N_INDI_7_15",52,0.5,0,0.896616734523426,0,3
2014,"臺中市","大雅區","N_INDI_UNDER6",52,0.346153846153846,0,0.737898855511587,0,4
2014,"臺中市","太平區","N_FAMILY",43,4.51162790697674,4,2.44337874014122,1,14
2014,"臺中市","太平區","N_INDI",43,3.74418604651163,4,2.31035993130543,1,14
2014,"臺中市","太平區","N_INDI_16_54",43,2.86046511627907,3,1.94668699453881,0,10
2014,"臺中市","太平區","N_INDI_55PLUS",43,0.232558139534884,0,0.527221346049067,0,2
2014,"臺中市","太平區","N_INDI_55_64",43,0.209302325581395,0,0.514464100968123,0,2
2014,"臺中市","太平區","N_INDI_65PLUS",43,0.0232558139534884,0,0.152498570332605,0,1
2014,"臺中市","太平區","N_INDI_7_15",43,0.395348837209302,0,0.760311179518621,0,3
2014,"臺中市","太平區","N_INDI_UNDER6",43,0.255813953488372,0,0.69326773690888,0,3
2014,"臺中市","梧棲區","N_FAMILY",8,3,2,2.61861468283191,1,7
2014,"臺中市","梧棲區","N_INDI",8,2.875,2,2.4164614034339,1,7
2014,"臺中市","梧棲區","N_INDI_16_54",8,2.125,2,1.88509188862809,0,5
2014,"臺中市","梧棲區","N_INDI_55PLUS",8,0.25,0,0.462910049886276,0,1
2014,"臺中市","梧棲區","N_INDI_55_64",8,0.125,0,0.353553390593274,0,1
2014,"臺中市","梧棲區","N_INDI_65PLUS",8,0.125,0,0.353553390593274,0,1
2014,"臺中市","梧棲區","N_INDI_7_15",8,0.25,0,0.462910049886276,0,1
2014,"臺中市","梧棲區","N_INDI_UNDER6",8,0.25,0,0.462910049886276,0,1
2014,"臺中市","沙鹿區","N_FAMILY",2,3,3,0,3,3
2014,"臺中市","沙鹿區","N_INDI",2,2,2,0,2,2
2014,"臺中市","沙鹿區","N_INDI_16_54",2,1.5,1.5,0.707106781186548,1,2
2014,"臺中市","沙鹿區","N_INDI_55PLUS",2,0.5,0.5,0.707106781186548,0,1
2014,"臺中市","沙鹿區","N_INDI_55_64",2,0,0,0,0,0
2014,"臺中市","沙鹿區","N_INDI_65PLUS",2,0.5,0.5,0.707106781186548,0,1
2014,"臺中市","沙鹿區","N_INDI_7_15",2,0,0,0,0,0
2014,"臺中市","沙鹿區","N_INDI_UNDER6",2,0,0,0,0,0
2014,"臺中市","潭子區","N_FAMILY",14,5.85714285714286,6,1.56190922897601,4,8
2014,"臺中市","潭子區","N_INDI",14,4.92857142857143,5,1.73046395354122,2,8
2014,"臺中市","潭子區","N_INDI_16_54",14,3.21428571428571,3.5,1.76192951175568,0,6
2014,"臺中市","潭子區","N_INDI_55PLUS",14,0.714285714285714,0,1.58980266935004,0,6
2014,"臺中市","潭子區","N_INDI_55_64",14,0.571428571428571,0,1.60356745147455,0,6
2014,"臺中市","潭子區","N_INDI_65PLUS",14,0.142857142857143,0,0.363136519601281,0,1
2014,"臺中市","潭子區","N_INDI_7_15",14,0.5,0,0.94053994312596,0,3
2014,"臺中市","潭子區","N_INDI_UNDER6",14,0.5,0,0.75955452531275,0,2
2014,"臺中市","西區","N_FAMILY",14,3.28571428571429,3.5,2.01641614403725,1,8
2014,"臺中市","西區","N_INDI",14,2.57142857142857,2,1.50457178749844,1,6
2014,"臺中市","西區","N_INDI_16_54",14,1.71428571428571,1.5,1.48989268733698,0,4
2014,"臺中市","西區","N_INDI_55PLUS",14,0.428571428571429,0,0.646206172658864,0,2
2014,"臺中市","西區","N_INDI_55_64",14,0.285714285714286,0,0.611249845502127,0,2
2014,"臺中市","西區","N_INDI_65PLUS",14,0.142857142857143,0,0.363136519601281,0,1
2014,"臺中市","西區","N_INDI_7_15",14,0.357142857142857,0,0.744946343668492,0,2
2014,"臺中市","西區","N_INDI_UNDER6",14,0.0714285714285714,0,0.267261241912424,0,1
2014,"臺中市","西屯區","N_FAMILY",13,3.92307692307692,3,1.93483584409369,2,8
2014,"臺中市","西屯區","N_INDI",13,2.76923076923077,2,2.04751256218556,1,8
2014,"臺中市","西屯區","N_INDI_16_54",13,1.53846153846154,1,1.19828937903056,0,4
2014,"臺中市","西屯區","N_INDI_55PLUS",13,0.0769230769230769,0,0.277350098112615,0,1
2014,"臺中市","西屯區","N_INDI_55_64",13,0.0769230769230769,0,0.277350098112615,0,1
2014,"臺中市","西屯區","N_INDI_65PLUS",13,0,0,0,0,0
2014,"臺中市","西屯區","N_INDI_7_15",13,0.923076923076923,0,1.32045058354705,0,4
2014,"臺中市","西屯區","N_INDI_UNDER6",13,0.230769230769231,0,0.599144689515278,0,2
2014,"臺中市","豐原區","N_FAMILY",7,4.57142857142857,5,1.39727626201154,3,7
2014,"臺中市","豐原區","N_INDI",7,3.14285714285714,3,2.03540097839643,1,7
2014,"臺中市","豐原區","N_INDI_16_54",7,2.28571428571429,2,1.11269728052837,1,4
2014,"臺中市","豐原區","N_INDI_55PLUS",7,0.285714285714286,0,0.755928946018454,0,2
2014,"臺中市","豐原區","N_INDI_55_64",7,0.142857142857143,0,0.377964473009227,0,1
2014,"臺中市","豐原區","N_INDI_65PLUS",7,0.142857142857143,0,0.377964473009227,0,1
2014,"臺中市","豐原區","N_INDI_7_15",7,0.285714285714286,0,0.487950036474267,0,1
2014,"臺中市","豐原區","N_INDI_UNDER6",7,0.285714285714286,0,0.755928946018454,0,2
2014,"臺中市","龍井區","N_FAMILY",40,4.15,4,2.23664125477558,1,11
2014,"臺中市","龍井區","N_INDI",40,3.625,4,1.73482430943752,1,9
2014,"臺中市","龍井區","N_INDI_16_54",40,2.375,2,1.64375274202755,0,6
2014,"臺中市","龍井區","N_INDI_55PLUS",40,0.25,0,0.630425171956115,0,3
2014,"臺中市","龍井區","N_INDI_55_64",40,0.175,0,0.549475274168981,0,3
2014,"臺中市","龍井區","N_INDI_65PLUS",40,0.075,0,0.266746782836918,0,1
2014,"臺中市","龍井區","N_INDI_7_15",40,0.625,0,1.16986740427697,0,4
2014,"臺中市","龍井區","N_INDI_UNDER6",40,0.375,0,0.896932093018853,0,5
2014,"臺北市","中山區","N_FAMILY",8,3,2.5,1.4142135623731,2,6
2014,"臺北市","中山區","N_INDI",8,2,2,0.755928946018454,1,3
2014,"臺北市","中山區","N_INDI_16_54",8,1.375,2,0.916125381312904,0,2
2014,"臺北市","中山區","N_INDI_55PLUS",8,0.625,0.5,0.744023809142845,0,2
2014,"臺北市","中山區","N_INDI_55_64",8,0.5,0.5,0.534522483824849,0,1
2014,"臺北市","中山區","N_INDI_65PLUS",8,0.125,0,0.353553390593274,0,1
2014,"臺北市","中山區","N_INDI_7_15",8,0,0,0,0,0
2014,"臺北市","中山區","N_INDI_UNDER6",8,0,0,0,0,0
2014,"臺北市","中正區","N_FAMILY",5,3.8,4,1.30384048104053,2,5
2014,"臺北市","中正區","N_INDI",5,2.2,2,1.30384048104053,1,4
2014,"臺北市","中正區","N_INDI_16_54",5,1.2,1,1.30384048104053,0,3
2014,"臺北市","中正區","N_INDI_55PLUS",5,0.6,1,0.547722557505166,0,1
2014,"臺北市","中正區","N_INDI_55_64",5,0.2,0,0.447213595499958,0,1
2014,"臺北市","中正區","N_INDI_65PLUS",5,0.4,0,0.547722557505166,0,1
2014,"臺北市","中正區","N_INDI_7_15",5,0,0,0,0,0
2014,"臺北市","中正區","N_INDI_UNDER6",5,0.4,0,0.894427190999916,0,2
2014,"臺北市","信義區","N_FAMILY",5,4.2,4,0.836660026534076,3,5
2014,"臺北市","信義區","N_INDI",5,3,3,1.22474487139159,2,5
2014,"臺北市","信義區","N_INDI_16_54",5,2.4,3,0.894427190999916,1,3
2014,"臺北市","信義區","N_INDI_55PLUS",5,0.2,0,0.447213595499958,0,1
2014,"臺北市","信義區","N_INDI_55_64",5,0.2,0,0.447213595499958,0,1
2014,"臺北市","信義區","N_INDI_65PLUS",5,0,0,0,0,0
2014,"臺北市","信義區","N_INDI_7_15",5,0.4,0,0.894427190999916,0,2
2014,"臺北市","信義區","N_INDI_UNDER6",5,0,0,0,0,0
2014,"臺北市","內湖區","N_FAMILY",15,4.66666666666667,4,1.67616341969505,2,8
2014,"臺北市","內湖區","N_INDI",15,3.26666666666667,3,1.86955558762988,1,7
2014,"臺北市","內湖區","N_INDI_16_54",15,1.8,1,1.14642300844222,0,4
2014,"臺北市","內湖區","N_INDI_55PLUS",15,0.8,1,0.861891607371335,0,2
2014,"臺北市","內湖區","N_INDI_55_64",15,0.6,0,0.828078671210825,0,2
2014,"臺北市","內湖區","N_INDI_65PLUS",15,0.2,0,0.414039335605413,0,1
2014,"臺北市","內湖區","N_INDI_7_15",15,0.4,0,0.632455532033676,0,2
2014,"臺北市","內湖區","N_INDI_UNDER6",15,0.266666666666667,0,0.457737708217063,0,1
2014,"臺北市","北投區","N_FAMILY",4,4.25,4.5,0.957427107756338,3,5
2014,"臺北市","北投區","N_INDI",4,2.25,2.5,0.957427107756338,1,3
2014,"臺北市","北投區","N_INDI_16_54",4,2,2.5,1.4142135623731,0,3
2014,"臺北市","北投區","N_INDI_55PLUS",4,0.25,0,0.5,0,1
2014,"臺北市","北投區","N_INDI_55_64",4,0.25,0,0.5,0,1
2014,"臺北市","北投區","N_INDI_65PLUS",4,0,0,0,0,0
2014,"臺北市","北投區","N_INDI_7_15",4,0,0,0,0,0
2014,"臺北市","北投區","N_INDI_UNDER6",4,0,0,0,0,0
2014,"臺北市","士林區","N_FAMILY",37,4.75675675675676,5,1.72248859704991,2,11
2014,"臺北市","士林區","N_INDI",37,2.43243243243243,2,1.38525048959346,1,5
2014,"臺北市","士林區","N_INDI_16_54",37,1.54054054054054,1,1.09530803872687,0,4
2014,"臺北市","士林區","N_INDI_55PLUS",37,0.459459459459459,0,0.605282055215886,0,2
2014,"臺北市","士林區","N_INDI_55_64",37,0.324324324324324,0,0.47457899787625,0,1
2014,"臺北市","士林區","N_INDI_65PLUS",37,0.135135135135135,0,0.419136822142455,0,2
2014,"臺北市","士林區","N_INDI_7_15",37,0.297297297297297,0,0.617560832130229,0,2
2014,"臺北市","士林區","N_INDI_UNDER6",37,0.135135135135135,0,0.346583496606691,0,1
2014,"臺北市","大同區","N_FAMILY",33,3.51515151515152,3,1.20211303860151,2,6
2014,"臺北市","大同區","N_INDI",33,2.27272727272727,2,1.25679968751804,1,6
2014,"臺北市","大同區","N_INDI_16_54",33,2,2,1.19895788082818,1,5
2014,"臺北市","大同區","N_INDI_55PLUS",33,0.0909090909090909,0,0.291937104060571,0,1
2014,"臺北市","大同區","N_INDI_55_64",33,0.0909090909090909,0,0.291937104060571,0,1
2014,"臺北市","大同區","N_INDI_65PLUS",33,0,0,0,0,0
2014,"臺北市","大同區","N_INDI_7_15",33,0.0303030303030303,0,0.174077655955698,0,1
2014,"臺北市","大同區","N_INDI_UNDER6",33,0.151515151515152,0,0.36410954062721,0,1
2014,"臺北市","文山區","N_FAMILY",22,3.45454545454545,3.5,1.18431305092758,2,6
2014,"臺北市","文山區","N_INDI",22,2.04545454545455,1.5,1.21409471377894,1,4
2014,"臺北市","文山區","N_INDI_16_54",22,1.18181818181818,1,0.906923823984585,0,3
2014,"臺北市","文山區","N_INDI_55PLUS",22,0.409090909090909,0,0.590326052690247,0,2
2014,"臺北市","文山區","N_INDI_55_64",22,0.318181818181818,0,0.56790036318955,0,2
2014,"臺北市","文山區","N_INDI_65PLUS",22,0.0909090909090909,0,0.29424494316825,0,1
2014,"臺北市","文山區","N_INDI_7_15",22,0.272727272727273,0,0.702500173314209,0,3
2014,"臺北市","文山區","N_INDI_UNDER6",22,0.181818181818182,0,0.501081082343218,0,2
2014,"臺北市","松山區","N_FAMILY",16,3.9375,4,0.997914491994847,2,6
2014,"臺北市","松山區","N_INDI",16,2.9375,3,0.928708781050335,1,4
2014,"臺北市","松山區","N_INDI_16_54",16,2.375,2,1.08781125813871,1,4
2014,"臺北市","松山區","N_INDI_55PLUS",16,0.25,0,0.447213595499958,0,1
2014,"臺北市","松山區","N_INDI_55_64",16,0.25,0,0.447213595499958,0,1
2014,"臺北市","松山區","N_INDI_65PLUS",16,0,0,0,0,0
2014,"臺北市","松山區","N_INDI_7_15",16,0.25,0,0.577350269189626,0,2
2014,"臺北市","松山區","N_INDI_UNDER6",16,0.0625,0,0.25,0,1
2014,"臺北市","萬華區","N_FAMILY",43,3.69767441860465,4,1.66954347511001,1,8
2014,"臺北市","萬華區","N_INDI",43,2.51162790697674,2,1.51770649372908,1,7
2014,"臺北市","萬華區","N_INDI_16_54",43,1.67441860465116,1,1.30422263350276,0,5
2014,"臺北市","萬華區","N_INDI_55PLUS",43,0.372093023255814,0,0.578308527557224,0,2
2014,"臺北市","萬華區","N_INDI_55_64",43,0.348837209302326,0,0.572534920134116,0,2
2014,"臺北市","萬華區","N_INDI_65PLUS",43,0.0232558139534884,0,0.152498570332605,0,1
2014,"臺北市","萬華區","N_INDI_7_15",43,0.232558139534884,0,0.570597402157456,0,2
2014,"臺北市","萬華區","N_INDI_UNDER6",43,0.232558139534884,0,0.61090133652488,0,2
2014,"臺南市","中西區","N_FAMILY",13,3.84615384615385,4,1.77229389239642,1,7
2014,"臺南市","中西區","N_INDI",13,1.84615384615385,2,0.898717034272917,1,3
2014,"臺南市","中西區","N_INDI_16_54",13,1.38461538461538,1,0.960768922830523,0,3
2014,"臺南市","中西區","N_INDI_55PLUS",13,0.307692307692308,0,0.630425171956115,0,2
2014,"臺南市","中西區","N_INDI_55_64",13,0.153846153846154,0,0.375533808099405,0,1
2014,"臺南市","中西區","N_INDI_65PLUS",13,0.153846153846154,0,0.375533808099405,0,1
2014,"臺南市","中西區","N_INDI_7_15",13,0.153846153846154,0,0.554700196225229,0,2
2014,"臺南市","中西區","N_INDI_UNDER6",13,0,0,0,0,0
2014,"臺南市","南區","N_FAMILY",31,3.74193548387097,4,1.84332565282578,1,8
2014,"臺南市","南區","N_INDI",31,2.06451612903226,2,1.18139702248278,1,5
2014,"臺南市","南區","N_INDI_16_54",31,1.35483870967742,1,1.05034556525537,0,4
2014,"臺南市","南區","N_INDI_55PLUS",31,0.193548387096774,0,0.401609664451249,0,1
2014,"臺南市","南區","N_INDI_55_64",31,0.0967741935483871,0,0.300537153518764,0,1
2014,"臺南市","南區","N_INDI_65PLUS",31,0.0967741935483871,0,0.300537153518764,0,1
2014,"臺南市","南區","N_INDI_7_15",31,0.258064516129032,0,0.514311315287014,0,2
2014,"臺南市","南區","N_INDI_UNDER6",31,0.258064516129032,0,0.681554201096478,0,3
2014,"臺南市","安定區","N_FAMILY",2,5.5,5.5,2.12132034355964,4,7
2014,"臺南市","安定區","N_INDI",2,5.5,5.5,2.12132034355964,4,7
2014,"臺南市","安定區","N_INDI_16_54",2,4,4,2.82842712474619,2,6
2014,"臺南市","安定區","N_INDI_55PLUS",2,0,0,0,0,0
2014,"臺南市","安定區","N_INDI_55_64",2,0,0,0,0,0
2014,"臺南市","安定區","N_INDI_65PLUS",2,0,0,0,0,0
2014,"臺南市","安定區","N_INDI_7_15",2,1,1,0,1,1
2014,"臺南市","安定區","N_INDI_UNDER6",2,0.5,0.5,0.707106781186548,0,1
2014,"臺南市","新營區","N_FAMILY",3,5.33333333333333,5,2.51661147842358,3,8
2014,"臺南市","新營區","N_INDI",3,3,3,1,2,4
2014,"臺南市","新營區","N_INDI_16_54",3,2.33333333333333,2,1.52752523165195,1,4
2014,"臺南市","新營區","N_INDI_55PLUS",3,0,0,0,0,0
2014,"臺南市","新營區","N_INDI_55_64",3,0,0,0,0,0
2014,"臺南市","新營區","N_INDI_65PLUS",3,0,0,0,0,0
2014,"臺南市","新營區","N_INDI_7_15",3,0.666666666666667,1,0.577350269189626,0,1
2014,"臺南市","新營區","N_INDI_UNDER6",3,0,0,0,0,0
2014,"臺南市","東區","N_FAMILY",19,4.10526315789474,4,1.88251418298052,1,8
2014,"臺南市","東區","N_INDI",19,3,3,1.56347191994114,1,6
2014,"臺南市","東區","N_INDI_16_54",19,2.26315789473684,2,1.52177182050536,0,5
2014,"臺南市","東區","N_INDI_55PLUS",19,0.263157894736842,0,0.452413928358864,0,1
2014,"臺南市","東區","N_INDI_55_64",19,0.105263157894737,0,0.315301767642306,0,1
2014,"臺南市","東區","N_INDI_65PLUS",19,0.157894736842105,0,0.374634324632678,0,1
2014,"臺南市","東區","N_INDI_7_15",19,0.315789473684211,0,0.671038298207203,0,2
2014,"臺南市","東區","N_INDI_UNDER6",19,0.157894736842105,0,0.501459857121279,0,2
2014,"臺南市","永康區","N_FAMILY",31,3.74193548387097,4,1.78825318743337,1,7
2014,"臺南市","永康區","N_INDI",31,2.70967741935484,2,1.98651366950741,0,7
2014,"臺南市","永康區","N_INDI_16_54",31,1.90322580645161,2,1.70009487401297,0,6
2014,"臺南市","永康區","N_INDI_55PLUS",31,0.354838709677419,0,0.48637345711392,0,1
2014,"臺南市","永康區","N_INDI_55_64",31,0.290322580645161,0,0.461414375379064,0,1
2014,"臺南市","永康區","N_INDI_65PLUS",31,0.0645161290322581,0,0.249731038114707,0,1
2014,"臺南市","永康區","N_INDI_7_15",31,0.32258064516129,0,0.747756501105966,0,3
2014,"臺南市","永康區","N_INDI_UNDER6",31,0.129032258064516,0,0.427546136603678,0,2
2014,"臺東縣","卑南鄉","N_FAMILY",64,3.140625,3,1.99894565462864,1,9
2014,"臺東縣","卑南鄉","N_INDI",64,2.953125,2,1.93078393076532,1,9
2014,"臺東縣","卑南鄉","N_INDI_16_54",64,1.546875,1,1.3907824393667,0,5
2014,"臺東縣","卑南鄉","N_INDI_55PLUS",64,0.9375,1,0.794325110362489,0,4
2014,"臺東縣","卑南鄉","N_INDI_55_64",64,0.40625,0,0.583333333333333,0,2
2014,"臺東縣","卑南鄉","N_INDI_65PLUS",64,0.53125,0,0.590096844352082,0,2
2014,"臺東縣","卑南鄉","N_INDI_7_15",64,0.265625,0,0.597406763662616,0,2
2014,"臺東縣","卑南鄉","N_INDI_UNDER6",64,0.203125,0,0.670931300152117,0,3
2014,"臺東縣","大武鄉","N_FAMILY",40,3.875,4,1.84234382492269,1,11
2014,"臺東縣","大武鄉","N_INDI",40,3.575,3,1.7958284996068,0,9
2014,"臺東縣","大武鄉","N_INDI_16_54",40,1.7,1,1.38119234999775,0,5
2014,"臺東縣","大武鄉","N_INDI_55PLUS",40,0.95,1,0.875595035770913,0,3
2014,"臺東縣","大武鄉","N_INDI_55_64",40,0.425,0,0.594310632754562,0,2
2014,"臺東縣","大武鄉","N_INDI_65PLUS",40,0.525,0,0.816103940087071,0,3
2014,"臺東縣","大武鄉","N_INDI_7_15",40,0.625,0,1.07863874326001,0,5
2014,"臺東縣","大武鄉","N_INDI_UNDER6",40,0.3,0,0.6076436202502,0,3
2014,"臺東縣","太麻里鄉","N_FAMILY",54,4.51851851851852,4.5,2.07173922687651,1,11
2014,"臺東縣","太麻里鄉","N_INDI",54,4.09259259259259,4,1.99308728489926,1,11
2014,"臺東縣","太麻里鄉","N_INDI_16_54",54,2.38888888888889,2,1.45908561010314,0,5
2014,"臺東縣","太麻里鄉","N_INDI_55PLUS",54,0.907407407407407,1,0.807243586686188,0,3
2014,"臺東縣","太麻里鄉","N_INDI_55_64",54,0.555555555555556,0.5,0.603970093807497,0,2
2014,"臺東縣","太麻里鄉","N_INDI_65PLUS",54,0.351851851851852,0,0.587845680154027,0,2
2014,"臺東縣","太麻里鄉","N_INDI_7_15",54,0.537037037037037,0,0.96569386459261,0,4
2014,"臺東縣","太麻里鄉","N_INDI_UNDER6",54,0.259259259259259,0,0.555765159620948,0,2
2014,"臺東縣","延平鄉","N_FAMILY",27,3.51851851851852,3,1.76221823433226,1,9
2014,"臺東縣","延平鄉","N_INDI",27,3.51851851851852,3,1.76221823433226,1,9
2014,"臺東縣","延平鄉","N_INDI_16_54",27,2.11111111111111,2,1.08604197869474,1,4
2014,"臺東縣","延平鄉","N_INDI_55PLUS",27,0.888888888888889,1,0.751067616198811,0,2
2014,"臺東縣","延平鄉","N_INDI_55_64",27,0.592592592592593,0,0.693888666488711,0,2
2014,"臺東縣","延平鄉","N_INDI_65PLUS",27,0.296296296296296,0,0.465321626968075,0,1
2014,"臺東縣","延平鄉","N_INDI_7_15",27,0.37037037037037,0,0.883530860030809,0,4
2014,"臺東縣","延平鄉","N_INDI_UNDER6",27,0.148148148148148,0,0.362013992898246,0,1
2014,"臺東縣","成功鎮","N_FAMILY",73,2.76712328767123,2,1.82969751556861,1,9
2014,"臺東縣","成功鎮","N_INDI",73,2.6027397260274,2,1.8313604993389,1,9
2014,"臺東縣","成功鎮","N_INDI_16_54",73,0.876712328767123,0,1.16601416847991,0,6
2014,"臺東縣","成功鎮","N_INDI_55PLUS",73,1.16438356164384,1,0.76401168239572,0,3
2014,"臺東縣","成功鎮","N_INDI_55_64",73,0.328767123287671,0,0.52848826646672,0,2
2014,"臺東縣","成功鎮","N_INDI_65PLUS",73,0.835616438356164,1,0.816729566117495,0,3
2014,"臺東縣","成功鎮","N_INDI_7_15",73,0.342465753424658,0,0.900912779139267,0,5
2014,"臺東縣","成功鎮","N_INDI_UNDER6",73,0.219178082191781,0,0.506803033799614,0,2
2014,"臺東縣","東河鄉","N_FAMILY",39,2.53846153846154,2,1.31481745473326,1,7
2014,"臺東縣","東河鄉","N_INDI",39,2.48717948717949,2,1.25387388923068,1,7
2014,"臺東縣","東河鄉","N_INDI_16_54",39,1,0,1.27733274731701,0,5
2014,"臺東縣","東河鄉","N_INDI_55PLUS",39,1.33333333333333,1,0.772328445721233,0,3
2014,"臺東縣","東河鄉","N_INDI_55_64",39,0.41025641025641,0,0.59462277816536,0,2
2014,"臺東縣","東河鄉","N_INDI_65PLUS",39,0.923076923076923,1,0.80735485528247,0,2
2014,"臺東縣","東河鄉","N_INDI_7_15",39,0.0769230769230769,0,0.269952762399508,0,1
2014,"臺東縣","東河鄉","N_INDI_UNDER6",39,0.0769230769230769,0,0.269952762399508,0,1
2014,"臺東縣","池上鄉","N_FAMILY",33,2.42424242424242,2,1.1734112405265,1,5
2014,"臺東縣","池上鄉","N_INDI",33,2.27272727272727,2,1.06866526777352,1,5
2014,"臺東縣","池上鄉","N_INDI_16_54",33,1.06060606060606,1,0.863835702672749,0,3
2014,"臺東縣","池上鄉","N_INDI_55PLUS",33,1.03030303030303,1,0.683961278365252,0,2
2014,"臺東縣","池上鄉","N_INDI_55_64",33,0.575757575757576,0,0.662867965279617,0,2
2014,"臺東縣","池上鄉","N_INDI_65PLUS",33,0.454545454545455,0,0.665719023448946,0,2
2014,"臺東縣","池上鄉","N_INDI_7_15",33,0.151515151515152,0,0.565752381856018,0,3
2014,"臺東縣","池上鄉","N_INDI_UNDER6",33,0.0303030303030303,0,0.174077655955698,0,1
2014,"臺東縣","海端鄉","N_FAMILY",30,4.06666666666667,4,2.21177621449108,1,12
2014,"臺東縣","海端鄉","N_INDI",30,4.06666666666667,4,2.21177621449108,1,12
2014,"臺東縣","海端鄉","N_INDI_16_54",30,2.23333333333333,2,1.59056123977396,0,6
2014,"臺東縣","海端鄉","N_INDI_55PLUS",30,0.466666666666667,0,0.68144538746106,0,2
2014,"臺東縣","海端鄉","N_INDI_55_64",30,0.4,0,0.621455466265865,0,2
2014,"臺東縣","海端鄉","N_INDI_65PLUS",30,0.0666666666666667,0,0.253708131702462,0,1
2014,"臺東縣","海端鄉","N_INDI_7_15",30,0.866666666666667,0,1.25212463115859,0,5
2014,"臺東縣","海端鄉","N_INDI_UNDER6",30,0.5,0,0.900191550497008,0,3
2014,"臺東縣","綠島鄉","N_FAMILY",4,5,5,0.816496580927726,4,6
2014,"臺東縣","綠島鄉","N_INDI",4,3,3.5,1.4142135623731,1,4
2014,"臺東縣","綠島鄉","N_INDI_16_54",4,2.25,2.5,0.957427107756338,1,3
2014,"臺東縣","綠島鄉","N_INDI_55PLUS",4,0.25,0,0.5,0,1
2014,"臺東縣","綠島鄉","N_INDI_55_64",4,0.25,0,0.5,0,1
2014,"臺東縣","綠島鄉","N_INDI_65PLUS",4,0,0,0,0,0
2014,"臺東縣","綠島鄉","N_INDI_7_15",4,0.5,0.5,0.577350269189626,0,1
2014,"臺東縣","綠島鄉","N_INDI_UNDER6",4,0,0,0,0,0
2014,"臺東縣","臺東市","N_FAMILY",162,3.96296296296296,4,1.89765755862323,1,11
2014,"臺東縣","臺東市","N_INDI",162,3.66049382716049,3,1.85218883522391,0,8
2014,"臺東縣","臺東市","N_INDI_16_54",162,1.92592592592593,2,1.42102908889916,0,6
2014,"臺東縣","臺東市","N_INDI_55PLUS",162,1.07407407407407,1,0.909272834547834,0,4
2014,"臺東縣","臺東市","N_INDI_55_64",162,0.450617283950617,0,0.640772720007352,0,3
2014,"臺東縣","臺東市","N_INDI_65PLUS",162,0.623456790123457,0,0.772311462439682,0,4
2014,"臺東縣","臺東市","N_INDI_7_15",162,0.444444444444444,0,0.713664325986899,0,3
2014,"臺東縣","臺東市","N_INDI_UNDER6",162,0.216049382716049,0,0.519425576212049,0,2
2014,"臺東縣","蘭嶼鄉","N_FAMILY",11,3.72727272727273,4,1.73729151790418,1,6
2014,"臺東縣","蘭嶼鄉","N_INDI",11,3.54545454545455,4,1.69491217257039,1,6
2014,"臺東縣","蘭嶼鄉","N_INDI_16_54",11,1.81818181818182,2,1.40129809949074,0,4
2014,"臺東縣","蘭嶼鄉","N_INDI_55PLUS",11,1,1,1,0,3
2014,"臺東縣","蘭嶼鄉","N_INDI_55_64",11,0.545454545454545,0,0.687551650952329,0,2
2014,"臺東縣","蘭嶼鄉","N_INDI_65PLUS",11,0.454545454545455,0,0.522232967867094,0,1
2014,"臺東縣","蘭嶼鄉","N_INDI_7_15",11,0.636363636363636,0,1.20604537831105,0,4
2014,"臺東縣","蘭嶼鄉","N_INDI_UNDER6",11,0.0909090909090909,0,0.301511344577764,0,1
2014,"臺東縣","達仁鄉","N_FAMILY",52,3.98076923076923,3,2.47727225553719,1,11
2014,"臺東縣","達仁鄉","N_INDI",52,3.94230769230769,3,2.47666332730196,1,11
2014,"臺東縣","達仁鄉","N_INDI_16_54",52,1.80769230769231,2,1.60926802918084,0,6
2014,"臺東縣","達仁鄉","N_INDI_55PLUS",52,1.26923076923077,1,1.13957998136886,0,7
2014,"臺東縣","達仁鄉","N_INDI_55_64",52,0.673076923076923,0,1.13277645798751,0,7
2014,"臺東縣","達仁鄉","N_INDI_65PLUS",52,0.596153846153846,0,0.747797167230694,0,2
2014,"臺東縣","達仁鄉","N_INDI_7_15",52,0.557692307692308,0,1.07399677836559,0,4
2014,"臺東縣","達仁鄉","N_INDI_UNDER6",52,0.307692307692308,0,0.672672793996313,0,3
2014,"臺東縣","金峰鄉","N_FAMILY",28,4.53571428571429,4.5,2.20239167736556,1,9
2014,"臺東縣","金峰鄉","N_INDI",28,4.46428571428571,4,2.25227691964184,1,9
2014,"臺東縣","金峰鄉","N_INDI_16_54",28,2.42857142857143,2,1.83441526516745,0,6
2014,"臺東縣","金峰鄉","N_INDI_55PLUS",28,1.25,1,1.00461896222362,0,4
2014,"臺東縣","金峰鄉","N_INDI_55_64",28,0.714285714285714,0,0.896790278846066,0,3
2014,"臺東縣","金峰鄉","N_INDI_65PLUS",28,0.535714285714286,0,0.637247719560185,0,2
2014,"臺東縣","金峰鄉","N_INDI_7_15",28,0.392857142857143,0,0.785954749158543,0,3
2014,"臺東縣","金峰鄉","N_INDI_UNDER6",28,0.392857142857143,0,0.737326788914382,0,2
2014,"臺東縣","長濱鄉","N_FAMILY",38,2.78947368421053,2,1.78821811863914,1,8
2014,"臺東縣","長濱鄉","N_INDI",38,2.60526315789474,2,1.63640135307195,1,8
2014,"臺東縣","長濱鄉","N_INDI_16_54",38,0.973684210526316,1,1.05232925957362,0,4
2014,"臺東縣","長濱鄉","N_INDI_55PLUS",38,1.26315789473684,1,0.723512846644974,0,2
2014,"臺東縣","長濱鄉","N_INDI_55_64",38,0.368421052631579,0,0.541322336484687,0,2
2014,"臺東縣","長濱鄉","N_INDI_65PLUS",38,0.894736842105263,1,0.727434354211468,0,2
2014,"臺東縣","長濱鄉","N_INDI_7_15",38,0.263157894736842,0,0.601089574937173,0,2
2014,"臺東縣","長濱鄉","N_INDI_UNDER6",38,0.105263157894737,0,0.452588571842829,0,2
2014,"臺東縣","關山鎮","N_FAMILY",26,3.07692307692308,3,1.59807576599051,1,7
2014,"臺東縣","關山鎮","N_INDI",26,2.80769230769231,3,1.54968979526177,1,7
2014,"臺東縣","關山鎮","N_INDI_16_54",26,1.65384615384615,1.5,1.38397421052006,0,5
2014,"臺東縣","關山鎮","N_INDI_55PLUS",26,0.769230769230769,0.5,0.908083357746074,0,3
2014,"臺東縣","關山鎮","N_INDI_55_64",26,0.153846153846154,0,0.464095480892257,0,2
2014,"臺東縣","關山鎮","N_INDI_65PLUS",26,0.615384615384615,0,0.8038369524685,0,2
2014,"臺東縣","關山鎮","N_INDI_7_15",26,0.230769230769231,0,0.815239464584109,0,4
2014,"臺東縣","關山鎮","N_INDI_UNDER6",26,0.153846153846154,0,0.464095480892257,0,2
2014,"臺東縣","鹿野鄉","N_FAMILY",34,3,2.5,1.90692517849118,1,8
2014,"臺東縣","鹿野鄉","N_INDI",34,2.97058823529412,2.5,1.88270105961021,1,8
2014,"臺東縣","鹿野鄉","N_INDI_16_54",34,1.47058823529412,1,1.28476608217917,0,4
2014,"臺東縣","鹿野鄉","N_INDI_55PLUS",34,1.05882352941176,1,0.982920092025989,0,4
2014,"臺東縣","鹿野鄉","N_INDI_55_64",34,0.617647058823529,0,0.853325256200633,0,3
2014,"臺東縣","鹿野鄉","N_INDI_65PLUS",34,0.441176470588235,0,0.660173368900433,0,2
2014,"臺東縣","鹿野鄉","N_INDI_7_15",34,0.323529411764706,0,0.767545803007739,0,3
2014,"臺東縣","鹿野鄉","N_INDI_UNDER6",34,0.117647058823529,0,0.327034970083864,0,1
2014,"花蓮縣","光復鄉","N_FAMILY",64,4.84375,5,2.40514494827697,1,15
2014,"花蓮縣","光復鄉","N_INDI",64,4.84375,5,2.40514494827697,1,15
2014,"花蓮縣","光復鄉","N_INDI_16_54",64,2.828125,3,1.7866763281544,0,8
2014,"花蓮縣","光復鄉","N_INDI_55PLUS",64,1.328125,1,0.926757232641844,0,4
2014,"花蓮縣","光復鄉","N_INDI_55_64",64,0.5,0,0.666666666666667,0,2
2014,"花蓮縣","光復鄉","N_INDI_65PLUS",64,0.828125,1,0.864735715200232,0,3
2014,"花蓮縣","光復鄉","N_INDI_7_15",64,0.328125,0,0.735811559296027,0,3
2014,"花蓮縣","光復鄉","N_INDI_UNDER6",64,0.359375,0,0.763600234062508,0,4
2014,"花蓮縣","卓溪鄉","N_FAMILY",40,3.9,3,2.20488967105805,1,11
2014,"花蓮縣","卓溪鄉","N_INDI",40,3.8,3,2.1267526708757,1,10
2014,"花蓮縣","卓溪鄉","N_INDI_16_54",40,2.025,2,1.59305383236742,0,6
2014,"花蓮縣","卓溪鄉","N_INDI_55PLUS",40,0.95,1,0.814924882490751,0,2
2014,"花蓮縣","卓溪鄉","N_INDI_55_64",40,0.475,0,0.640012019117911,0,2
2014,"花蓮縣","卓溪鄉","N_INDI_65PLUS",40,0.475,0,0.678894274462111,0,2
2014,"花蓮縣","卓溪鄉","N_INDI_7_15",40,0.675,0,1.16327345375244,0,5
2014,"花蓮縣","卓溪鄉","N_INDI_UNDER6",40,0.15,0,0.42667467941194,0,2
2014,"花蓮縣","吉安鄉","N_FAMILY",147,4.04081632653061,4,1.71567132521645,1,8
2014,"花蓮縣","吉安鄉","N_INDI",147,3.61904761904762,4,1.61046803940223,1,7
2014,"花蓮縣","吉安鄉","N_INDI_16_54",147,2.13605442176871,2,1.5108713614966,0,6
2014,"花蓮縣","吉安鄉","N_INDI_55PLUS",147,0.904761904761905,1,0.838568033633505,0,3
2014,"花蓮縣","吉安鄉","N_INDI_55_64",147,0.45578231292517,0,0.694708892586276,0,2
2014,"花蓮縣","吉安鄉","N_INDI_65PLUS",147,0.448979591836735,0,0.684302199017842,0,2
2014,"花蓮縣","吉安鄉","N_INDI_7_15",147,0.380952380952381,0,0.70549053500183,0,3
2014,"花蓮縣","吉安鄉","N_INDI_UNDER6",147,0.197278911564626,0,0.50530684808007,0,3
2014,"花蓮縣","壽豐鄉","N_FAMILY",60,3.46666666666667,3,2.23581530017512,1,13
2014,"花蓮縣","壽豐鄉","N_INDI",60,3.3,2.5,2.23455148497032,1,13
2014,"花蓮縣","壽豐鄉","N_INDI_16_54",60,1.4,1,1.47521902998866,0,5
2014,"花蓮縣","壽豐鄉","N_INDI_55PLUS",60,1.26666666666667,1,1.0229016001629,0,5
2014,"花蓮縣","壽豐鄉","N_INDI_55_64",60,0.4,0,0.588015911234047,0,2
2014,"花蓮縣","壽豐鄉","N_INDI_65PLUS",60,0.866666666666667,1,0.853043736170197,0,4
2014,"花蓮縣","壽豐鄉","N_INDI_7_15",60,0.466666666666667,0,0.92912692144733,0,4
2014,"花蓮縣","壽豐鄉","N_INDI_UNDER6",60,0.166666666666667,0,0.717024611701238,0,5
2014,"花蓮縣","富里鄉","N_FAMILY",18,3.44444444444444,2.5,2.43073995565674,1,11
2014,"花蓮縣","富里鄉","N_INDI",18,3.22222222222222,2,2.48656520846482,1,11
2014,"花蓮縣","富里鄉","N_INDI_16_54",18,1.38888888888889,1.5,1.14475216371923,0,4
2014,"花蓮縣","富里鄉","N_INDI_55PLUS",18,1.05555555555556,1,0.872604096080652,0,3
2014,"花蓮縣","富里鄉","N_INDI_55_64",18,0.388888888888889,0,0.607684988914186,0,2
2014,"花蓮縣","富里鄉","N_INDI_65PLUS",18,0.666666666666667,0.5,0.76696498884737,0,2
2014,"花蓮縣","富里鄉","N_INDI_7_15",18,0.5,0,1.29478592370913,0,5
2014,"花蓮縣","富里鄉","N_INDI_UNDER6",18,0.277777777777778,0,0.574513149960142,0,2
2014,"花蓮縣","新城鄉","N_FAMILY",56,3.83928571428571,3.5,2.33375846467208,1,13
2014,"花蓮縣","新城鄉","N_INDI",56,3.25,3,2.29822065559819,0,13
2014,"花蓮縣","新城鄉","N_INDI_16_54",56,1.71428571428571,1,1.30334235667429,0,5
2014,"花蓮縣","新城鄉","N_INDI_55PLUS",56,0.821428571428571,1,0.765319727770221,0,2
2014,"花蓮縣","新城鄉","N_INDI_55_64",56,0.321428571428571,0,0.635528208576224,0,2
2014,"花蓮縣","新城鄉","N_INDI_65PLUS",56,0.5,0,0.603022689155527,0,2
2014,"花蓮縣","新城鄉","N_INDI_7_15",56,0.589285714285714,0,1.44947370654801,0,9
2014,"花蓮縣","新城鄉","N_INDI_UNDER6",56,0.125,0,0.333711906235957,0,1
2014,"花蓮縣","玉里鎮","N_FAMILY",57,4.7719298245614,5,2.39804640622654,1,12
2014,"花蓮縣","玉里鎮","N_INDI",57,4.70175438596491,5,2.39765445116012,1,12
2014,"花蓮縣","玉里鎮","N_INDI_16_54",57,2.78947368421053,3,1.82968422436831,0,7
2014,"花蓮縣","玉里鎮","N_INDI_55PLUS",57,1.21052631578947,1,0.860582072645833,0,3
2014,"花蓮縣","玉里鎮","N_INDI_55_64",57,0.596491228070175,0,0.728492796385774,0,3
2014,"花蓮縣","玉里鎮","N_INDI_65PLUS",57,0.614035087719298,0,0.750104420466917,0,2
2014,"花蓮縣","玉里鎮","N_INDI_7_15",57,0.421052631578947,0,0.754684617691689,0,3
2014,"花蓮縣","玉里鎮","N_INDI_UNDER6",57,0.280701754385965,0,0.72590795276655,0,4
2014,"花蓮縣","瑞穗鄉","N_FAMILY",49,4.55102040816327,4,2.11208057463287,1,9
2014,"花蓮縣","瑞穗鄉","N_INDI",49,4.36734693877551,4,2.14761376833899,1,9
2014,"花蓮縣","瑞穗鄉","N_INDI_16_54",49,2.51020408163265,2,1.76920943950012,0,6
2014,"花蓮縣","瑞穗鄉","N_INDI_55PLUS",49,1.22448979591837,1,0.84816729193128,0,3
2014,"花蓮縣","瑞穗鄉","N_INDI_55_64",49,0.428571428571429,0,0.612372435695794,0,2
2014,"花蓮縣","瑞穗鄉","N_INDI_65PLUS",49,0.795918367346939,1,0.676374891016276,0,2
2014,"花蓮縣","瑞穗鄉","N_INDI_7_15",49,0.448979591836735,0,0.792181179029244,0,3
2014,"花蓮縣","瑞穗鄉","N_INDI_UNDER6",49,0.183673469387755,0,0.52731510929405,0,2
2014,"花蓮縣","秀林鄉","N_FAMILY",113,4.19469026548673,4,2.25538406247792,1,10
2014,"花蓮縣","秀林鄉","N_INDI",113,4.02654867256637,4,2.27745227718211,1,10
2014,"花蓮縣","秀林鄉","N_INDI_16_54",113,2.25663716814159,2,1.52232646830639,0,7
2014,"花蓮縣","秀林鄉","N_INDI_55PLUS",113,0.805309734513274,1,0.833006678497988,0,3
2014,"花蓮縣","秀林鄉","N_INDI_55_64",113,0.451327433628319,0,0.654532963844094,0,2
2014,"花蓮縣","秀林鄉","N_INDI_65PLUS",113,0.353982300884956,0,0.639759357413575,0,3
2014,"花蓮縣","秀林鄉","N_INDI_7_15",113,0.601769911504425,0,0.986876593537568,0,4
2014,"花蓮縣","秀林鄉","N_INDI_UNDER6",113,0.36283185840708,0,0.802473262824007,0,4
2014,"花蓮縣","花蓮市","N_FAMILY",122,3.5327868852459,3,1.69678561559236,1,8
2014,"花蓮縣","花蓮市","N_INDI",122,3.05737704918033,3,1.59699708041086,1,7
2014,"花蓮縣","花蓮市","N_INDI_16_54",122,1.81147540983607,2,1.31320041343148,0,6
2014,"花蓮縣","花蓮市","N_INDI_55PLUS",122,0.655737704918033,0,0.779600361737432,0,3
2014,"花蓮縣","花蓮市","N_INDI_55_64",122,0.336065573770492,0,0.597662882639016,0,2
2014,"花蓮縣","花蓮市","N_INDI_65PLUS",122,0.319672131147541,0,0.578776044593607,0,2
2014,"花蓮縣","花蓮市","N_INDI_7_15",122,0.483606557377049,0,0.805288373556172,0,3
2014,"花蓮縣","花蓮市","N_INDI_UNDER6",122,0.10655737704918,0,0.335437965817931,0,2
2014,"花蓮縣","萬榮鄉","N_FAMILY",43,4.02325581395349,4,2.50226918057365,1,10
2014,"花蓮縣","萬榮鄉","N_INDI",43,3.88372093023256,4,2.47087127804075,1,10
2014,"花蓮縣","萬榮鄉","N_INDI_16_54",43,2.44186046511628,2,1.82968024244409,0,7
2014,"花蓮縣","萬榮鄉","N_INDI_55PLUS",43,0.651162790697674,0,0.841872089883825,0,3
2014,"花蓮縣","萬榮鄉","N_INDI_55_64",43,0.441860465116279,0,0.700419111994667,0,2
2014,"花蓮縣","萬榮鄉","N_INDI_65PLUS",43,0.209302325581395,0,0.411625091493271,0,1
2014,"花蓮縣","萬榮鄉","N_INDI_7_15",43,0.488372093023256,0,1.00882045746165,0,4
2014,"花蓮縣","萬榮鄉","N_INDI_UNDER6",43,0.302325581395349,0,0.59900249307575,0,2
2014,"花蓮縣","豐濱鄉","N_FAMILY",36,4.86111111111111,5,2.12673831794508,1,9
2014,"花蓮縣","豐濱鄉","N_INDI",36,4.83333333333333,5,2.10441712323661,1,9
2014,"花蓮縣","豐濱鄉","N_INDI_16_54",36,2.80555555555556,3,1.67023427688529,0,7
2014,"花蓮縣","豐濱鄉","N_INDI_55PLUS",36,1.5,1,0.94112394811432,0,4
2014,"花蓮縣","豐濱鄉","N_INDI_55_64",36,0.666666666666667,0.5,0.792824967172092,0,3
2014,"花蓮縣","豐濱鄉","N_INDI_65PLUS",36,0.833333333333333,1,0.810643483377778,0,3
2014,"花蓮縣","豐濱鄉","N_INDI_7_15",36,0.388888888888889,0,0.64488217208496,0,2
2014,"花蓮縣","豐濱鄉","N_INDI_UNDER6",36,0.138888888888889,0,0.592947975447511,0,3
2014,"花蓮縣","鳳林鎮","N_FAMILY",22,2.68181818181818,2.5,1.42716380867668,1,6
2014,"花蓮縣","鳳林鎮","N_INDI",22,2.59090909090909,2,1.46901622115233,1,6
2014,"花蓮縣","鳳林鎮","N_INDI_16_54",22,0.818181818181818,1,0.957992128229099,0,4
2014,"花蓮縣","鳳林鎮","N_INDI_55PLUS",22,1.31818181818182,1,0.716231117019509,0,2
2014,"花蓮縣","鳳林鎮","N_INDI_55_64",22,0.636363636363636,1,0.657951694959769,0,2
2014,"花蓮縣","鳳林鎮","N_INDI_65PLUS",22,0.681818181818182,1,0.476731294622796,0,1
2014,"花蓮縣","鳳林鎮","N_INDI_7_15",22,0.318181818181818,0,0.893700900022652,0,3
2014,"花蓮縣","鳳林鎮","N_INDI_UNDER6",22,0.136363636363636,0,0.351250086657104,0,1
2014,"苗栗縣","南庄鄉","N_FAMILY",9,4.66666666666667,3,3.24037034920393,2,12
2014,"苗栗縣","南庄鄉","N_INDI",9,3.66666666666667,3,2.78388218141501,1,10
2014,"苗栗縣","南庄鄉","N_INDI_16_54",9,2.22222222222222,2,1.71593835683117,0,6
2014,"苗栗縣","南庄鄉","N_INDI_55PLUS",9,0.777777777777778,1,0.666666666666667,0,2
2014,"苗栗縣","南庄鄉","N_INDI_55_64",9,0.222222222222222,0,0.440958551844098,0,1
2014,"苗栗縣","南庄鄉","N_INDI_65PLUS",9,0.555555555555556,0,0.726483157256779,0,2
2014,"苗栗縣","南庄鄉","N_INDI_7_15",9,0.555555555555556,0,1.13038833052088,0,3
2014,"苗栗縣","南庄鄉","N_INDI_UNDER6",9,0.111111111111111,0,0.333333333333333,0,1
2014,"苗栗縣","泰安鄉","N_FAMILY",53,4.28301886792453,4,2.5296500099251,1,13
2014,"苗栗縣","泰安鄉","N_INDI",53,4.05660377358491,4,2.41322553330617,1,12
2014,"苗栗縣","泰安鄉","N_INDI_16_54",53,2.05660377358491,2,1.70310908385927,0,9
2014,"苗栗縣","泰安鄉","N_INDI_55PLUS",53,1.16981132075472,1,0.97538649256045,0,3
2014,"苗栗縣","泰安鄉","N_INDI_55_64",53,0.547169811320755,0,0.748486620194095,0,2
2014,"苗栗縣","泰安鄉","N_INDI_65PLUS",53,0.622641509433962,0,0.739709274864629,0,3
2014,"苗栗縣","泰安鄉","N_INDI_7_15",53,0.509433962264151,0,0.799582619713223,0,3
2014,"苗栗縣","泰安鄉","N_INDI_UNDER6",53,0.320754716981132,0,0.80320475657639,0,4
2014,"苗栗縣","獅潭鄉","N_FAMILY",1,6,6,,6,6
2014,"苗栗縣","獅潭鄉","N_INDI",1,6,6,,6,6
2014,"苗栗縣","獅潭鄉","N_INDI_16_54",1,2,2,,2,2
2014,"苗栗縣","獅潭鄉","N_INDI_55PLUS",1,4,4,,4,4
2014,"苗栗縣","獅潭鄉","N_INDI_55_64",1,3,3,,3,3
2014,"苗栗縣","獅潭鄉","N_INDI_65PLUS",1,1,1,,1,1
2014,"苗栗縣","獅潭鄉","N_INDI_7_15",1,0,0,,0,0
2014,"苗栗縣","獅潭鄉","N_INDI_UNDER6",1,0,0,,0,0
2014,"苗栗縣","竹南鎮","N_FAMILY",19,5.31578947368421,5,2.2124052165246,2,10
2014,"苗栗縣","竹南鎮","N_INDI",19,2.36842105263158,2,1.67366949862967,1,6
2014,"苗栗縣","竹南鎮","N_INDI_16_54",19,1.31578947368421,1,1.05686284083011,0,3
2014,"苗栗縣","竹南鎮","N_INDI_55PLUS",19,0.315789473684211,0,0.582392725357819,0,2
2014,"苗栗縣","竹南鎮","N_INDI_55_64",19,0.105263157894737,0,0.458831467741124,0,2
2014,"苗栗縣","竹南鎮","N_INDI_65PLUS",19,0.210526315789474,0,0.418853908291695,0,1
2014,"苗栗縣","竹南鎮","N_INDI_7_15",19,0.421052631578947,0,0.901590537370498,0,3
2014,"苗栗縣","竹南鎮","N_INDI_UNDER6",19,0.315789473684211,0,0.671038298207203,0,2
2014,"苗栗縣","苗栗市","N_FAMILY",5,3.4,4,1.34164078649987,2,5
2014,"苗栗縣","苗栗市","N_INDI",5,2.2,2,1.30384048104053,1,4
2014,"苗栗縣","苗栗市","N_INDI_16_54",5,1.4,1,1.51657508881031,0,4
2014,"苗栗縣","苗栗市","N_INDI_55PLUS",5,0.4,0,0.894427190999916,0,2
2014,"苗栗縣","苗栗市","N_INDI_55_64",5,0.4,0,0.894427190999916,0,2
2014,"苗栗縣","苗栗市","N_INDI_65PLUS",5,0,0,0,0,0
2014,"苗栗縣","苗栗市","N_INDI_7_15",5,0.4,0,0.894427190999916,0,2
2014,"苗栗縣","苗栗市","N_INDI_UNDER6",5,0,0,0,0,0
2014,"苗栗縣","通霄鎮","N_FAMILY",8,5.625,5,2.13390989232709,3,10
2014,"苗栗縣","通霄鎮","N_INDI",8,3.875,3.5,2.99702233177246,1,10
2014,"苗栗縣","通霄鎮","N_INDI_16_54",8,2.625,2,2.32609421256197,0,7
2014,"苗栗縣","通霄鎮","N_INDI_55PLUS",8,0.375,0,0.517549169506766,0,1
2014,"苗栗縣","通霄鎮","N_INDI_55_64",8,0.25,0,0.462910049886276,0,1
2014,"苗栗縣","通霄鎮","N_INDI_65PLUS",8,0.125,0,0.353553390593274,0,1
2014,"苗栗縣","通霄鎮","N_INDI_7_15",8,0.75,1,0.707106781186548,0,2
2014,"苗栗縣","通霄鎮","N_INDI_UNDER6",8,0.125,0,0.353553390593274,0,1
2014,"苗栗縣","頭份鎮","N_FAMILY",24,5.375,5,1.97401599042024,2,9
2014,"苗栗縣","頭份鎮","N_INDI",24,4.16666666666667,4,1.99274044791428,1,8
2014,"苗栗縣","頭份鎮","N_INDI_16_54",24,2.125,2,1.29589653371207,0,5
2014,"苗栗縣","頭份鎮","N_INDI_55PLUS",24,0.791666666666667,0.5,0.977092700273386,0,3
2014,"苗栗縣","頭份鎮","N_INDI_55_64",24,0.541666666666667,0,0.721060008759246,0,2
2014,"苗栗縣","頭份鎮","N_INDI_65PLUS",24,0.25,0,0.531609533071195,0,2
2014,"苗栗縣","頭份鎮","N_INDI_7_15",24,0.791666666666667,0,1.28466428254256,0,5
2014,"苗栗縣","頭份鎮","N_INDI_UNDER6",24,0.458333333333333,0,0.931532942621143,0,3
2014,"雲林縣","斗六市","N_FAMILY",40,3.725,3.5,1.69444794731318,1,7
2014,"雲林縣","斗六市","N_INDI",40,2.475,2,1.46738036248449,1,7
2014,"雲林縣","斗六市","N_INDI_16_54",40,1.65,1,1.05125078127353,0,4
2014,"雲林縣","斗六市","N_INDI_55PLUS",40,0.325,0,0.572332161042958,0,2
2014,"雲林縣","斗六市","N_INDI_55_64",40,0.275,0,0.505736325340815,0,2
2014,"雲林縣","斗六市","N_INDI_65PLUS",40,0.05,0,0.220721427863152,0,1
2014,"雲林縣","斗六市","N_INDI_7_15",40,0.425,0,0.843907274041104,0,3
2014,"雲林縣","斗六市","N_INDI_UNDER6",40,0.075,0,0.266746782836918,0,1
2014,"雲林縣","虎尾鎮","N_FAMILY",11,5,4,2.60768096208106,3,12
2014,"雲林縣","虎尾鎮","N_INDI",11,2.36363636363636,2,1.12006493318265,1,4
2014,"雲林縣","虎尾鎮","N_INDI_16_54",11,1.27272727272727,1,1.27207775634268,0,4
2014,"雲林縣","虎尾鎮","N_INDI_55PLUS",11,0.363636363636364,0,0.504524979109513,0,1
2014,"雲林縣","虎尾鎮","N_INDI_55_64",11,0.363636363636364,0,0.504524979109513,0,1
2014,"雲林縣","虎尾鎮","N_INDI_65PLUS",11,0,0,0,0,0
2014,"雲林縣","虎尾鎮","N_INDI_7_15",11,0.727272727272727,0,1.1037127426019,0,3
2014,"雲林縣","虎尾鎮","N_INDI_UNDER6",11,0,0,0,0,0
2014,"雲林縣","麥寮鄉","N_FAMILY",1,5,5,,5,5
2014,"雲林縣","麥寮鄉","N_INDI",1,5,5,,5,5
2014,"雲林縣","麥寮鄉","N_INDI_16_54",1,4,4,,4,4
2014,"雲林縣","麥寮鄉","N_INDI_55PLUS",1,0,0,,0,0
2014,"雲林縣","麥寮鄉","N_INDI_55_64",1,0,0,,0,0
2014,"雲林縣","麥寮鄉","N_INDI_65PLUS",1,0,0,,0,0
2014,"雲林縣","麥寮鄉","N_INDI_7_15",1,1,1,,1,1
2014,"雲林縣","麥寮鄉","N_INDI_UNDER6",1,0,0,,0,0
2014,"高雄市","前鎮區","N_FAMILY",25,4.68,5,1.84210025061975,1,9
2014,"高雄市","前鎮區","N_INDI",25,4.08,4,2.01907569612104,1,9
2014,"高雄市","前鎮區","N_INDI_16_54",25,2.48,2,1.71075032271418,0,6
2014,"高雄市","前鎮區","N_INDI_55PLUS",25,0.8,1,1,0,4
2014,"高雄市","前鎮區","N_INDI_55_64",25,0.36,0,0.568624070307733,0,2
2014,"高雄市","前鎮區","N_INDI_65PLUS",25,0.44,0,0.711805216802087,0,2
2014,"高雄市","前鎮區","N_INDI_7_15",25,0.48,0,0.822597511950204,0,3
2014,"高雄市","前鎮區","N_INDI_UNDER6",25,0.32,0,0.9,0,4
2014,"高雄市","大寮區","N_FAMILY",40,4.075,4,1.88635450892279,1,9
2014,"高雄市","大寮區","N_INDI",40,2.775,2,1.95444923056901,1,8
2014,"高雄市","大寮區","N_INDI_16_54",40,1.675,1.5,1.57524926802403,0,5
2014,"高雄市","大寮區","N_INDI_55PLUS",40,0.65,1,0.662164283589457,0,2
2014,"高雄市","大寮區","N_INDI_55_64",40,0.45,0,0.597001052268969,0,2
2014,"高雄市","大寮區","N_INDI_65PLUS",40,0.2,0,0.464095480892257,0,2
2014,"高雄市","大寮區","N_INDI_7_15",40,0.275,0,0.640012019117911,0,3
2014,"高雄市","大寮區","N_INDI_UNDER6",40,0.175,0,0.500640615253123,0,2
2014,"高雄市","大樹區","N_FAMILY",12,4.25,4,1.28805702866407,2,7
2014,"高雄市","大樹區","N_INDI",12,3.66666666666667,4,1.87487373312218,1,7
2014,"高雄市","大樹區","N_INDI_16_54",12,2.75,3,1.81533868615599,0,6
2014,"高雄市","大樹區","N_INDI_55PLUS",12,0.5,0.5,0.522232967867094,0,1
2014,"高雄市","大樹區","N_INDI_55_64",12,0.25,0,0.452267016866645,0,1
2014,"高雄市","大樹區","N_INDI_65PLUS",12,0.25,0,0.452267016866645,0,1
2014,"高雄市","大樹區","N_INDI_7_15",12,0.333333333333333,0,0.65133894727893,0,2
2014,"高雄市","大樹區","N_INDI_UNDER6",12,0.0833333333333333,0,0.288675134594813,0,1
2014,"高雄市","小港區","N_FAMILY",59,3.86440677966102,4,1.49086444628431,1,8
2014,"高雄市","小港區","N_INDI",59,3.42372881355932,3,1.44082579088268,1,7
2014,"高雄市","小港區","N_INDI_16_54",59,2.49152542372881,2,1.10442497686122,0,5
2014,"高雄市","小港區","N_INDI_55PLUS",59,0.372881355932203,0,0.613028240468515,0,2
2014,"高雄市","小港區","N_INDI_55_64",59,0.254237288135593,0,0.511698333105418,0,2
2014,"高雄市","小港區","N_INDI_65PLUS",59,0.11864406779661,0,0.326144973197179,0,1
2014,"高雄市","小港區","N_INDI_7_15",59,0.372881355932203,0,0.716752857053728,0,3
2014,"高雄市","小港區","N_INDI_UNDER6",59,0.186440677966102,0,0.434486469420944,0,2
2014,"高雄市","岡山區","N_FAMILY",30,4.56666666666667,5,2.07917976753986,1,9
2014,"高雄市","岡山區","N_INDI",30,3.1,3,1.80707422132554,1,6
2014,"高雄市","岡山區","N_INDI_16_54",30,2.06666666666667,2,1.46059348668044,0,5
2014,"高雄市","岡山區","N_INDI_55PLUS",30,0.4,0,0.563241847975046,0,2
2014,"高雄市","岡山區","N_INDI_55_64",30,0.333333333333333,0,0.546672273590534,0,2
2014,"高雄市","岡山區","N_INDI_65PLUS",30,0.0666666666666667,0,0.253708131702462,0,1
2014,"高雄市","岡山區","N_INDI_7_15",30,0.466666666666667,0,0.860366134304153,0,3
2014,"高雄市","岡山區","N_INDI_UNDER6",30,0.166666666666667,0,0.379049021789452,0,1
2014,"高雄市","左營區","N_FAMILY",32,3.6875,4,1.46876072405145,1,7
2014,"高雄市","左營區","N_INDI",32,2.9375,3,1.66438015198529,1,7
2014,"高雄市","左營區","N_INDI_16_54",32,1.6875,2,1.06066017177982,0,5
2014,"高雄市","左營區","N_INDI_55PLUS",32,0.3125,0,0.592289162160598,0,2
2014,"高雄市","左營區","N_INDI_55_64",32,0.125,0,0.336010752516124,0,1
2014,"高雄市","左營區","N_INDI_65PLUS",32,0.1875,0,0.470929074859885,0,2
2014,"高雄市","左營區","N_INDI_7_15",32,0.6875,0,0.820601667542903,0,2
2014,"高雄市","左營區","N_INDI_UNDER6",32,0.25,0,0.567961834247065,0,2
2014,"高雄市","桃源區","N_FAMILY",28,4.89285714285714,5,1.91174315868055,1,9
2014,"高雄市","桃源區","N_INDI",28,4.85714285714286,5,1.91899444567713,1,9
2014,"高雄市","桃源區","N_INDI_16_54",28,3.10714285714286,3,1.68521425639207,0,6
2014,"高雄市","桃源區","N_INDI_55PLUS",28,0.928571428571429,0,1.63137232457084,0,8
2014,"高雄市","桃源區","N_INDI_55_64",28,0.571428571428571,0,1.23013312825381,0,6
2014,"高雄市","桃源區","N_INDI_65PLUS",28,0.357142857142857,0,0.67846699279881,0,2
2014,"高雄市","桃源區","N_INDI_7_15",28,0.5,0,0.962250448649376,0,4
2014,"高雄市","桃源區","N_INDI_UNDER6",28,0.321428571428571,0,0.772373514927102,0,3
2014,"高雄市","楠梓區","N_FAMILY",12,4.91666666666667,5,1.62135371797393,2,8
2014,"高雄市","楠梓區","N_INDI",12,3.75,3.5,1.86474468152418,1,7
2014,"高雄市","楠梓區","N_INDI_16_54",12,2.66666666666667,2.5,1.66969421987344,1,6
2014,"高雄市","楠梓區","N_INDI_55PLUS",12,0.333333333333333,0,0.492365963917331,0,1
2014,"高雄市","楠梓區","N_INDI_55_64",12,0.166666666666667,0,0.389249472080761,0,1
2014,"高雄市","楠梓區","N_INDI_65PLUS",12,0.166666666666667,0,0.389249472080761,0,1
2014,"高雄市","楠梓區","N_INDI_7_15",12,0.666666666666667,0.5,0.778498944161523,0,2
2014,"高雄市","楠梓區","N_INDI_UNDER6",12,0.0833333333333333,0,0.288675134594813,0,1
2014,"高雄市","苓雅區","N_FAMILY",29,3.58620689655172,4,1.47641557688377,1,8
2014,"高雄市","苓雅區","N_INDI",29,2.86206896551724,3,1.45710422048651,1,7
2014,"高雄市","苓雅區","N_INDI_16_54",29,1.68965517241379,2,0.890563556561721,0,4
2014,"高雄市","苓雅區","N_INDI_55PLUS",29,0.379310344827586,0,0.561489925074877,0,2
2014,"高雄市","苓雅區","N_INDI_55_64",29,0.137931034482759,0,0.350931203171798,0,1
2014,"高雄市","苓雅區","N_INDI_65PLUS",29,0.241379310344828,0,0.435494170355693,0,1
2014,"高雄市","苓雅區","N_INDI_7_15",29,0.413793103448276,0,0.732765864930867,0,2
2014,"高雄市","苓雅區","N_INDI_UNDER6",29,0.379310344827586,0,0.820008410385801,0,4
2014,"高雄市","茂林區","N_FAMILY",17,5.52941176470588,6,1.50489397711365,3,9
2014,"高雄市","茂林區","N_INDI",17,5.52941176470588,6,1.50489397711365,3,9
2014,"高雄市","茂林區","N_INDI_16_54",17,3.47058823529412,4,1.17885787199006,2,5
2014,"高雄市","茂林區","N_INDI_55PLUS",17,0.705882352941177,1,0.685994340570035,0,2
2014,"高雄市","茂林區","N_INDI_55_64",17,0.235294117647059,0,0.437237316097603,0,1
2014,"高雄市","茂林區","N_INDI_65PLUS",17,0.470588235294118,0,0.514495755427527,0,1
2014,"高雄市","茂林區","N_INDI_7_15",17,1.05882352941176,1,1.19742370504837,0,3
2014,"高雄市","茂林區","N_INDI_UNDER6",17,0.294117647058824,0,0.587867532097255,0,2
2014,"高雄市","那瑪夏區","N_FAMILY",19,5.84210526315789,6,2.1924911730403,3,10
2014,"高雄市","那瑪夏區","N_INDI",19,5.84210526315789,6,2.1924911730403,3,10
2014,"高雄市","那瑪夏區","N_INDI_16_54",19,3.78947368421053,4,1.71849247140306,0,8
2014,"高雄市","那瑪夏區","N_INDI_55PLUS",19,1.05263157894737,1,1.02597835208515,0,3
2014,"高雄市","那瑪夏區","N_INDI_55_64",19,0.631578947368421,0,0.895080773250814,0,3
2014,"高雄市","那瑪夏區","N_INDI_65PLUS",19,0.421052631578947,0,0.692482608982125,0,2
2014,"高雄市","那瑪夏區","N_INDI_7_15",19,0.526315789473684,0,0.772328445721233,0,3
2014,"高雄市","那瑪夏區","N_INDI_UNDER6",19,0.473684210526316,0,0.772328445721233,0,3
2014,"高雄市","鳳山區","N_FAMILY",58,4.13793103448276,4,1.90519397052787,1,12
2014,"高雄市","鳳山區","N_INDI",58,2.6551724137931,2,1.90614632948289,1,10
2014,"高雄市","鳳山區","N_INDI_16_54",58,1.44827586206897,1,0.994236263232456,0,4
2014,"高雄市","鳳山區","N_INDI_55PLUS",58,0.5,0,0.628280862437543,0,2
2014,"高雄市","鳳山區","N_INDI_55_64",58,0.310344827586207,0,0.56837399818683,0,2
2014,"高雄市","鳳山區","N_INDI_65PLUS",58,0.189655172413793,0,0.437572913291558,0,2
2014,"高雄市","鳳山區","N_INDI_7_15",58,0.517241379310345,0,0.995452454834816,0,5
2014,"高雄市","鳳山區","N_INDI_UNDER6",58,0.189655172413793,0,0.51151294513722,0,2
2014,"高雄市","鼓山區","N_FAMILY",12,3.75,3.5,2.26133508433323,1,10
2014,"高雄市","鼓山區","N_INDI",12,3,3,1.20604537831105,1,5
2014,"高雄市","鼓山區","N_INDI_16_54",12,2.08333333333333,2,1.31137217055151,0,5
2014,"高雄市","鼓山區","N_INDI_55PLUS",12,0.583333333333333,0.5,0.668557923421521,0,2
2014,"高雄市","鼓山區","N_INDI_55_64",12,0.333333333333333,0,0.492365963917331,0,1
2014,"高雄市","鼓山區","N_INDI_65PLUS",12,0.25,0,0.452267016866645,0,1
2014,"高雄市","鼓山區","N_INDI_7_15",12,0.25,0,0.452267016866645,0,1
2014,"高雄市","鼓山區","N_INDI_UNDER6",12,0.0833333333333333,0,0.288675134594813,0,1
2017,"南投縣","仁愛鄉","N_FAMILY",97,3.71134020618557,3,2.26365653169176,1,10
2017,"南投縣","仁愛鄉","N_INDI",97,3.64948453608247,3,2.28692496011476,1,10
2017,"南投縣","仁愛鄉","N_INDI_16_54",97,2.08247422680412,2,1.47669466978327,0,7
2017,"南投縣","仁愛鄉","N_INDI_55PLUS",97,0.969072164948454,1,0.809495833932849,0,2
2017,"南投縣","仁愛鄉","N_INDI_55_64",97,0.556701030927835,0,0.706651024270886,0,2
2017,"南投縣","仁愛鄉","N_INDI_65PLUS",97,0.412371134020619,0,0.625042953850434,0,2
2017,"南投縣","仁愛鄉","N_INDI_7_15",97,0.288659793814433,0,0.691597831212228,0,3
2017,"南投縣","仁愛鄉","N_INDI_UNDER6",97,0.309278350515464,0,0.682532428140903,0,4
2017,"南投縣","信義鄉","N_FAMILY",89,3.82022471910112,3,2.34308362164443,1,10
2017,"南投縣","信義鄉","N_INDI",89,3.71910112359551,3,2.29618638400988,1,10
2017,"南投縣","信義鄉","N_INDI_16_54",89,2.06741573033708,2,1.8389581586581,0,8
2017,"南投縣","信義鄉","N_INDI_55PLUS",89,0.921348314606742,1,0.868969074419949,0,4
2017,"南投縣","信義鄉","N_INDI_55_64",89,0.51685393258427,0,0.74027574025067,0,3
2017,"南投縣","信義鄉","N_INDI_65PLUS",89,0.404494382022472,0,0.634591871771204,0,2
2017,"南投縣","信義鄉","N_INDI_7_15",89,0.393258426966292,0,0.887001813159081,0,4
2017,"南投縣","信義鄉","N_INDI_UNDER6",89,0.337078651685393,0,0.796923348440156,0,5
2017,"南投縣","南投市","N_FAMILY",17,4.41176470588235,4,2.76267134150562,1,11
2017,"南投縣","南投市","N_INDI",17,2.47058823529412,2,1.50489397711365,1,6
2017,"南投縣","南投市","N_INDI_16_54",17,1.88235294117647,1,1.61564046670262,0,5
2017,"南投縣","南投市","N_INDI_55PLUS",17,0.294117647058824,0,0.587867532097255,0,2
2017,"南投縣","南投市","N_INDI_55_64",17,0.117647058823529,0,0.332105582077536,0,1
2017,"南投縣","南投市","N_INDI_65PLUS",17,0.176470588235294,0,0.392952623996688,0,1
2017,"南投縣","南投市","N_INDI_7_15",17,0.294117647058824,0,0.587867532097255,0,2
2017,"南投縣","南投市","N_INDI_UNDER6",17,0,0,0,0,0
2017,"南投縣","埔里鎮","N_FAMILY",35,2.68571428571429,2,1.65869240795323,1,7
2017,"南投縣","埔里鎮","N_INDI",35,2.25714285714286,2,1.37931903793262,1,5
2017,"南投縣","埔里鎮","N_INDI_16_54",35,1.48571428571429,1,1.17251435640097,0,5
2017,"南投縣","埔里鎮","N_INDI_55PLUS",35,0.285714285714286,0,0.458349248514106,0,1
2017,"南投縣","埔里鎮","N_INDI_55_64",35,0.257142857142857,0,0.44343957363116,0,1
2017,"南投縣","埔里鎮","N_INDI_65PLUS",35,0.0285714285714286,0,0.169030850945703,0,1
2017,"南投縣","埔里鎮","N_INDI_7_15",35,0.485714285714286,0,0.950895199626262,0,3
2017,"南投縣","埔里鎮","N_INDI_UNDER6",35,0,0,0,0,0
2017,"南投縣","草屯鎮","N_FAMILY",17,4.29411764705882,4,2.1143765594837,1,8
2017,"南投縣","草屯鎮","N_INDI",17,1.88235294117647,2,0.992619825334483,1,4
2017,"南投縣","草屯鎮","N_INDI_16_54",17,1.29411764705882,1,0.77174363314129,0,3
2017,"南投縣","草屯鎮","N_INDI_55PLUS",17,0.352941176470588,0,0.492592183071889,0,1
2017,"南投縣","草屯鎮","N_INDI_55_64",17,0.235294117647059,0,0.437237316097603,0,1
2017,"南投縣","草屯鎮","N_INDI_65PLUS",17,0.117647058823529,0,0.332105582077536,0,1
2017,"南投縣","草屯鎮","N_INDI_7_15",17,0.117647058823529,0,0.485071250072666,0,2
2017,"南投縣","草屯鎮","N_INDI_UNDER6",17,0.117647058823529,0,0.485071250072666,0,2
2017,"南投縣","魚池鄉","N_FAMILY",6,2.5,2,0.836660026534076,2,4
2017,"南投縣","魚池鄉","N_INDI",6,2.5,2,0.836660026534076,2,4
2017,"南投縣","魚池鄉","N_INDI_16_54",6,1,1,0.894427190999916,0,2
2017,"南投縣","魚池鄉","N_INDI_55PLUS",6,0.666666666666667,0.5,0.816496580927726,0,2
2017,"南投縣","魚池鄉","N_INDI_55_64",6,0.5,0.5,0.547722557505166,0,1
2017,"南投縣","魚池鄉","N_INDI_65PLUS",6,0.166666666666667,0,0.408248290463863,0,1
2017,"南投縣","魚池鄉","N_INDI_7_15",6,0.666666666666667,0,1.03279555898864,0,2
2017,"南投縣","魚池鄉","N_INDI_UNDER6",6,0.166666666666667,0,0.408248290463863,0,1
2017,"嘉義市","東區","N_FAMILY",37,3.94594594594595,4,1.80963387865468,1,8
2017,"嘉義市","東區","N_INDI",37,2.56756756756757,3,1.38525048959346,1,5
2017,"嘉義市","東區","N_INDI_16_54",37,1.54054054054054,1,1.2155153135512,0,4
2017,"嘉義市","東區","N_INDI_55PLUS",37,0.432432432432432,0,0.688821075805956,0,3
2017,"嘉義市","東區","N_INDI_55_64",37,0.324324324324324,0,0.529887517102244,0,2
2017,"嘉義市","東區","N_INDI_65PLUS",37,0.108108108108108,0,0.314800093867678,0,1
2017,"嘉義市","東區","N_INDI_7_15",37,0.378378378378378,0,0.720777024827734,0,2
2017,"嘉義市","東區","N_INDI_UNDER6",37,0.216216216216216,0,0.534121039920059,0,2
2017,"嘉義縣","中埔鄉","N_FAMILY",14,3.35714285714286,3,1.73680267056552,1,6
2017,"嘉義縣","中埔鄉","N_INDI",14,3,3,1.79743406854583,1,6
2017,"嘉義縣","中埔鄉","N_INDI_16_54",14,1.92857142857143,2,1.49173547429654,0,4
2017,"嘉義縣","中埔鄉","N_INDI_55PLUS",14,0.571428571428571,1,0.513552591013095,0,1
2017,"嘉義縣","中埔鄉","N_INDI_55_64",14,0.357142857142857,0,0.497245158098847,0,1
2017,"嘉義縣","中埔鄉","N_INDI_65PLUS",14,0.214285714285714,0,0.42581531362632,0,1
2017,"嘉義縣","中埔鄉","N_INDI_7_15",14,0.285714285714286,0,0.611249845502127,0,2
2017,"嘉義縣","中埔鄉","N_INDI_UNDER6",14,0.214285714285714,0,0.578934223521839,0,2
2017,"嘉義縣","太保市","N_FAMILY",6,4.16666666666667,4,2.2286019533929,2,8
2017,"嘉義縣","太保市","N_INDI",6,1.83333333333333,1.5,1.16904519445001,1,4
2017,"嘉義縣","太保市","N_INDI_16_54",6,0.666666666666667,0.5,0.816496580927726,0,2
2017,"嘉義縣","太保市","N_INDI_55PLUS",6,0.666666666666667,0.5,0.816496580927726,0,2
2017,"嘉義縣","太保市","N_INDI_55_64",6,0.666666666666667,0.5,0.816496580927726,0,2
2017,"嘉義縣","太保市","N_INDI_65PLUS",6,0,0,0,0,0
2017,"嘉義縣","太保市","N_INDI_7_15",6,0.333333333333333,0,0.816496580927726,0,2
2017,"嘉義縣","太保市","N_INDI_UNDER6",6,0.166666666666667,0,0.408248290463863,0,1
2017,"嘉義縣","民雄鄉","N_FAMILY",7,2.57142857142857,3,0.975900072948533,1,4
2017,"嘉義縣","民雄鄉","N_INDI",7,2.28571428571429,2,0.755928946018454,1,3
2017,"嘉義縣","民雄鄉","N_INDI_16_54",7,1.28571428571429,1,0.755928946018454,0,2
2017,"嘉義縣","民雄鄉","N_INDI_55PLUS",7,0.857142857142857,1,0.690065559342354,0,2
2017,"嘉義縣","民雄鄉","N_INDI_55_64",7,0.571428571428571,0,0.786795792469443,0,2
2017,"嘉義縣","民雄鄉","N_INDI_65PLUS",7,0.285714285714286,0,0.487950036474267,0,1
2017,"嘉義縣","民雄鄉","N_INDI_7_15",7,0,0,0,0,0
2017,"嘉義縣","民雄鄉","N_INDI_UNDER6",7,0.142857142857143,0,0.377964473009227,0,1
2017,"嘉義縣","阿里山鄉","N_FAMILY",27,3.18518518518519,3,1.68789894513944,1,7
2017,"嘉義縣","阿里山鄉","N_INDI",27,3.18518518518519,3,1.68789894513944,1,7
2017,"嘉義縣","阿里山鄉","N_INDI_16_54",27,1.18518518518519,1,1.07549763211973,0,3
2017,"嘉義縣","阿里山鄉","N_INDI_55PLUS",27,1.22222222222222,1,0.891555828241729,0,3
2017,"嘉義縣","阿里山鄉","N_INDI_55_64",27,0.666666666666667,0,0.784464540552736,0,2
2017,"嘉義縣","阿里山鄉","N_INDI_65PLUS",27,0.555555555555556,0,0.697982440452113,0,2
2017,"嘉義縣","阿里山鄉","N_INDI_7_15",27,0.481481481481481,0,0.802417998224519,0,3
2017,"嘉義縣","阿里山鄉","N_INDI_UNDER6",27,0.296296296296296,0,0.775331929653101,0,3
2017,"基隆市","七堵區","N_FAMILY",10,4.5,4,2.22361067735439,1,9
2017,"基隆市","七堵區","N_INDI",10,4.2,3.5,2.29975844142138,1,9
2017,"基隆市","七堵區","N_INDI_16_54",10,2.4,2.5,1.50554530541816,0,5
2017,"基隆市","七堵區","N_INDI_55PLUS",10,0.5,0,0.97182531580755,0,3
2017,"基隆市","七堵區","N_INDI_55_64",10,0.3,0,0.483045891539648,0,1
2017,"基隆市","七堵區","N_INDI_65PLUS",10,0.2,0,0.632455532033676,0,2
2017,"基隆市","七堵區","N_INDI_7_15",10,0.8,0,1.61932770686548,0,5
2017,"基隆市","七堵區","N_INDI_UNDER6",10,0.5,0,0.707106781186548,0,2
2017,"基隆市","中正區","N_FAMILY",44,3.40909090909091,3,1.85920940710032,1,8
2017,"基隆市","中正區","N_INDI",44,3.18181818181818,3,1.833445444711,1,8
2017,"基隆市","中正區","N_INDI_16_54",44,1.34090909090909,1,1.23783723275686,0,5
2017,"基隆市","中正區","N_INDI_55PLUS",44,1.11363636363636,1,0.784023881070465,0,2
2017,"基隆市","中正區","N_INDI_55_64",44,0.636363636363636,0,0.809562301807217,0,2
2017,"基隆市","中正區","N_INDI_65PLUS",44,0.477272727272727,0,0.730996018938555,0,2
2017,"基隆市","中正區","N_INDI_7_15",44,0.454545454545455,0,0.819941729482224,0,3
2017,"基隆市","中正區","N_INDI_UNDER6",44,0.272727272727273,0,0.544043276477856,0,2
2017,"基隆市","仁愛區","N_FAMILY",10,4.2,5,1.75119007154183,2,6
2017,"基隆市","仁愛區","N_INDI",10,2,1,1.33333333333333,1,4
2017,"基隆市","仁愛區","N_INDI_16_54",10,1.5,1,1.17851130197758,0,4
2017,"基隆市","仁愛區","N_INDI_55PLUS",10,0.1,0,0.316227766016838,0,1
2017,"基隆市","仁愛區","N_INDI_55_64",10,0.1,0,0.316227766016838,0,1
2017,"基隆市","仁愛區","N_INDI_65PLUS",10,0,0,0,0,0
2017,"基隆市","仁愛區","N_INDI_7_15",10,0.2,0,0.421637021355784,0,1
2017,"基隆市","仁愛區","N_INDI_UNDER6",10,0.2,0,0.632455532033676,0,2
2017,"基隆市","暖暖區","N_FAMILY",21,3.19047619047619,3,1.5039630187956,1,7
2017,"基隆市","暖暖區","N_INDI",21,2.04761904761905,2,1.16086995293144,1,4
2017,"基隆市","暖暖區","N_INDI_16_54",21,1.0952380952381,1,1.04425867986634,0,3
2017,"基隆市","暖暖區","N_INDI_55PLUS",21,0.666666666666667,1,0.730296743340221,0,2
2017,"基隆市","暖暖區","N_INDI_55_64",21,0.333333333333333,0,0.577350269189626,0,2
2017,"基隆市","暖暖區","N_INDI_65PLUS",21,0.333333333333333,0,0.577350269189626,0,2
2017,"基隆市","暖暖區","N_INDI_7_15",21,0.0952380952380952,0,0.300792603759119,0,1
2017,"基隆市","暖暖區","N_INDI_UNDER6",21,0.19047619047619,0,0.679635756787974,0,3
2017,"宜蘭縣","五結鄉","N_FAMILY",8,3.125,3,1.64208056179609,1,6
2017,"宜蘭縣","五結鄉","N_INDI",8,2,1.5,1.4142135623731,1,5
2017,"宜蘭縣","五結鄉","N_INDI_16_54",8,0.875,1,0.640869944461656,0,2
2017,"宜蘭縣","五結鄉","N_INDI_55PLUS",8,0.75,1,0.707106781186548,0,2
2017,"宜蘭縣","五結鄉","N_INDI_55_64",8,0.5,0,0.755928946018454,0,2
2017,"宜蘭縣","五結鄉","N_INDI_65PLUS",8,0.25,0,0.462910049886276,0,1
2017,"宜蘭縣","五結鄉","N_INDI_7_15",8,0,0,0,0,0
2017,"宜蘭縣","五結鄉","N_INDI_UNDER6",8,0.375,0,0.744023809142845,0,2
2017,"宜蘭縣","冬山鄉","N_FAMILY",4,5.5,5.5,2.08166599946613,3,8
2017,"宜蘭縣","冬山鄉","N_INDI",4,5,5.5,2.94392028877595,1,8
2017,"宜蘭縣","冬山鄉","N_INDI_16_54",4,2,2.5,1.4142135623731,0,3
2017,"宜蘭縣","冬山鄉","N_INDI_55PLUS",4,0.75,0.5,0.957427107756338,0,2
2017,"宜蘭縣","冬山鄉","N_INDI_55_64",4,0.5,0,1,0,2
2017,"宜蘭縣","冬山鄉","N_INDI_65PLUS",4,0.25,0,0.5,0,1
2017,"宜蘭縣","冬山鄉","N_INDI_7_15",4,0,0,0,0,0
2017,"宜蘭縣","冬山鄉","N_INDI_UNDER6",4,2.25,2,2.21735578260835,0,5
2017,"宜蘭縣","南澳鄉","N_FAMILY",61,4.68852459016393,4,2.99188337343196,1,15
2017,"宜蘭縣","南澳鄉","N_INDI",61,4.54098360655738,4,2.85525113017987,1,14
2017,"宜蘭縣","南澳鄉","N_INDI_16_54",61,2.34426229508197,2,1.76904160401086,0,8
2017,"宜蘭縣","南澳鄉","N_INDI_55PLUS",61,1.09836065573771,1,0.888911657267599,0,3
2017,"宜蘭縣","南澳鄉","N_INDI_55_64",61,0.704918032786885,0,0.823493822990028,0,3
2017,"宜蘭縣","南澳鄉","N_INDI_65PLUS",61,0.39344262295082,0,0.689895850221615,0,2
2017,"宜蘭縣","南澳鄉","N_INDI_7_15",61,0.557377049180328,0,1.20449976012083,0,6
2017,"宜蘭縣","南澳鄉","N_INDI_UNDER6",61,0.540983606557377,0,0.886449293375981,0,3
2017,"宜蘭縣","員山鄉","N_FAMILY",20,2.9,2.5,2.07491280729932,1,7
2017,"宜蘭縣","員山鄉","N_INDI",20,1.35,1,0.93330200448673,1,4
2017,"宜蘭縣","員山鄉","N_INDI_16_54",20,0.9,1,1.0711528467276,0,4
2017,"宜蘭縣","員山鄉","N_INDI_55PLUS",20,0.45,0,0.51041778553404,0,1
2017,"宜蘭縣","員山鄉","N_INDI_55_64",20,0.25,0,0.444261658319319,0,1
2017,"宜蘭縣","員山鄉","N_INDI_65PLUS",20,0.2,0,0.410391340834062,0,1
2017,"宜蘭縣","員山鄉","N_INDI_7_15",20,0,0,0,0,0
2017,"宜蘭縣","員山鄉","N_INDI_UNDER6",20,0,0,0,0,0
2017,"宜蘭縣","壯圍鄉","N_FAMILY",1,2,2,,2,2
2017,"宜蘭縣","壯圍鄉","N_INDI",1,2,2,,2,2
2017,"宜蘭縣","壯圍鄉","N_INDI_16_54",1,1,1,,1,1
2017,"宜蘭縣","壯圍鄉","N_INDI_55PLUS",1,1,1,,1,1
2017,"宜蘭縣","壯圍鄉","N_INDI_55_64",1,1,1,,1,1
2017,"宜蘭縣","壯圍鄉","N_INDI_65PLUS",1,0,0,,0,0
2017,"宜蘭縣","壯圍鄉","N_INDI_7_15",1,0,0,,0,0
2017,"宜蘭縣","壯圍鄉","N_INDI_UNDER6",1,0,0,,0,0
2017,"宜蘭縣","大同鄉","N_FAMILY",28,3.60714285714286,3,1.72861078270825,1,7
2017,"宜蘭縣","大同鄉","N_INDI",28,3.57142857142857,3,1.70898651856442,1,7
2017,"宜蘭縣","大同鄉","N_INDI_16_54",28,1.57142857142857,1.5,1.23013312825381,0,4
2017,"宜蘭縣","大同鄉","N_INDI_55PLUS",28,1,1,0.769800358919501,0,2
2017,"宜蘭縣","大同鄉","N_INDI_55_64",28,0.571428571428571,0,0.690065559342354,0,2
2017,"宜蘭縣","大同鄉","N_INDI_65PLUS",28,0.428571428571429,0,0.690065559342354,0,2
2017,"宜蘭縣","大同鄉","N_INDI_7_15",28,0.678571428571429,0,1.09048312190214,0,3
2017,"宜蘭縣","大同鄉","N_INDI_UNDER6",28,0.321428571428571,0,0.547964004533647,0,2
2017,"宜蘭縣","宜蘭市","N_FAMILY",38,2.52631578947368,2,1.37027994980042,1,7
2017,"宜蘭縣","宜蘭市","N_INDI",38,1.89473684210526,1.5,1.18068861456013,1,5
2017,"宜蘭縣","宜蘭市","N_INDI_16_54",38,1.23684210526316,1,0.913390195957414,0,4
2017,"宜蘭縣","宜蘭市","N_INDI_55PLUS",38,0.315789473684211,0,0.471069120876076,0,1
2017,"宜蘭縣","宜蘭市","N_INDI_55_64",38,0.236842105263158,0,0.430851484182746,0,1
2017,"宜蘭縣","宜蘭市","N_INDI_65PLUS",38,0.0789473684210526,0,0.273276312733094,0,1
2017,"宜蘭縣","宜蘭市","N_INDI_7_15",38,0.131578947368421,0,0.342569987450104,0,1
2017,"宜蘭縣","宜蘭市","N_INDI_UNDER6",38,0.210526315789474,0,0.5280200004833,0,2
2017,"宜蘭縣","礁溪鄉","N_FAMILY",1,4,4,,4,4
2017,"宜蘭縣","礁溪鄉","N_INDI",1,2,2,,2,2
2017,"宜蘭縣","礁溪鄉","N_INDI_16_54",1,2,2,,2,2
2017,"宜蘭縣","礁溪鄉","N_INDI_55PLUS",1,0,0,,0,0
2017,"宜蘭縣","礁溪鄉","N_INDI_55_64",1,0,0,,0,0
2017,"宜蘭縣","礁溪鄉","N_INDI_65PLUS",1,0,0,,0,0
2017,"宜蘭縣","礁溪鄉","N_INDI_7_15",1,0,0,,0,0
2017,"宜蘭縣","礁溪鄉","N_INDI_UNDER6",1,0,0,,0,0
2017,"宜蘭縣","羅東鎮","N_FAMILY",9,3,3,1.80277563773199,1,5
2017,"宜蘭縣","羅東鎮","N_INDI",9,2.44444444444444,2,1.42400062421959,1,5
2017,"宜蘭縣","羅東鎮","N_INDI_16_54",9,1.33333333333333,1,0.707106781186548,0,2
2017,"宜蘭縣","羅東鎮","N_INDI_55PLUS",9,0.222222222222222,0,0.440958551844098,0,1
2017,"宜蘭縣","羅東鎮","N_INDI_55_64",9,0.222222222222222,0,0.440958551844098,0,1
2017,"宜蘭縣","羅東鎮","N_INDI_65PLUS",9,0,0,0,0,0
2017,"宜蘭縣","羅東鎮","N_INDI_7_15",9,0.333333333333333,0,0.707106781186548,0,2
2017,"宜蘭縣","羅東鎮","N_INDI_UNDER6",9,0.555555555555556,0,0.881917103688197,0,2
2017,"宜蘭縣","蘇澳鎮","N_FAMILY",4,4,4,0.816496580927726,3,5
2017,"宜蘭縣","蘇澳鎮","N_INDI",4,2.5,2,1,2,4
2017,"宜蘭縣","蘇澳鎮","N_INDI_16_54",4,1.5,1.5,0.577350269189626,1,2
2017,"宜蘭縣","蘇澳鎮","N_INDI_55PLUS",4,0.75,1,0.5,0,1
2017,"宜蘭縣","蘇澳鎮","N_INDI_55_64",4,0.5,0.5,0.577350269189626,0,1
2017,"宜蘭縣","蘇澳鎮","N_INDI_65PLUS",4,0.25,0,0.5,0,1
2017,"宜蘭縣","蘇澳鎮","N_INDI_7_15",4,0.25,0,0.5,0,1
2017,"宜蘭縣","蘇澳鎮","N_INDI_UNDER6",4,0,0,0,0,0
2017,"屏東縣","三地門鄉","N_FAMILY",54,3.81481481481481,4,2.2576835187244,1,9
2017,"屏東縣","三地門鄉","N_INDI",54,3.75925925925926,4,2.25652249724505,1,9
2017,"屏東縣","三地門鄉","N_INDI_16_54",54,2.03703703703704,2,1.61318813560803,0,7
2017,"屏東縣","三地門鄉","N_INDI_55PLUS",54,0.907407407407407,1,0.733781071625707,0,3
2017,"屏東縣","三地門鄉","N_INDI_55_64",54,0.518518518518518,0,0.636640378352416,0,2
2017,"屏東縣","三地門鄉","N_INDI_65PLUS",54,0.388888888888889,0,0.563569040041308,0,2
2017,"屏東縣","三地門鄉","N_INDI_7_15",54,0.425925925925926,0,0.837828546693646,0,3
2017,"屏東縣","三地門鄉","N_INDI_UNDER6",54,0.388888888888889,0,0.684509648667933,0,2
2017,"屏東縣","來義鄉","N_FAMILY",65,3.66153846153846,3,2.03313891462287,1,11
2017,"屏東縣","來義鄉","N_INDI",65,3.64615384615385,3,2.01890107198484,1,11
2017,"屏東縣","來義鄉","N_INDI_16_54",65,1.83076923076923,2,1.72816042702593,0,9
2017,"屏東縣","來義鄉","N_INDI_55PLUS",65,1.21538461538462,1,0.892543901096532,0,3
2017,"屏東縣","來義鄉","N_INDI_55_64",65,0.646153846153846,0,0.758921299254105,0,3
2017,"屏東縣","來義鄉","N_INDI_65PLUS",65,0.569230769230769,0,0.728209078176358,0,2
2017,"屏東縣","來義鄉","N_INDI_7_15",65,0.230769230769231,0,0.552529149944563,0,3
2017,"屏東縣","來義鄉","N_INDI_UNDER6",65,0.369230769230769,0,0.719575195193985,0,3
2017,"屏東縣","屏東市","N_FAMILY",58,2.94827586206897,3,1.39450568231314,1,6
2017,"屏東縣","屏東市","N_INDI",58,2.27586206896552,2,1.13621568634851,1,5
2017,"屏東縣","屏東市","N_INDI_16_54",58,1.39655172413793,1,0.954024810674723,0,4
2017,"屏東縣","屏東市","N_INDI_55PLUS",58,0.275862068965517,0,0.522917035728703,0,2
2017,"屏東縣","屏東市","N_INDI_55_64",58,0.206896551724138,0,0.486974933237775,0,2
2017,"屏東縣","屏東市","N_INDI_65PLUS",58,0.0689655172413793,0,0.255608593705383,0,1
2017,"屏東縣","屏東市","N_INDI_7_15",58,0.482758620689655,0,0.90304318465145,0,3
2017,"屏東縣","屏東市","N_INDI_UNDER6",58,0.120689655172414,0,0.422091127056978,0,2
2017,"屏東縣","春日鄉","N_FAMILY",46,3.54347826086957,3,1.74746192759837,1,9
2017,"屏東縣","春日鄉","N_INDI",46,3.47826086956522,3,1.74787655850409,1,9
2017,"屏東縣","春日鄉","N_INDI_16_54",46,2,2,1.44529889257859,0,6
2017,"屏東縣","春日鄉","N_INDI_55PLUS",46,0.934782608695652,1,0.853806481145685,0,3
2017,"屏東縣","春日鄉","N_INDI_55_64",46,0.630434782608696,0,0.74113113705932,0,2
2017,"屏東縣","春日鄉","N_INDI_65PLUS",46,0.304347826086957,0,0.552552268714767,0,2
2017,"屏東縣","春日鄉","N_INDI_7_15",46,0.304347826086957,0,0.591403799536561,0,2
2017,"屏東縣","春日鄉","N_INDI_UNDER6",46,0.239130434782609,0,0.565087313162828,0,3
2017,"屏東縣","枋寮鄉","N_FAMILY",9,4.22222222222222,4,1.71593835683117,2,7
2017,"屏東縣","枋寮鄉","N_INDI",9,3.22222222222222,3,1.71593835683117,1,6
2017,"屏東縣","枋寮鄉","N_INDI_16_54",9,2,2,1.22474487139159,0,4
2017,"屏東縣","枋寮鄉","N_INDI_55PLUS",9,0.333333333333333,0,0.5,0,1
2017,"屏東縣","枋寮鄉","N_INDI_55_64",9,0.333333333333333,0,0.5,0,1
2017,"屏東縣","枋寮鄉","N_INDI_65PLUS",9,0,0,0,0,0
2017,"屏東縣","枋寮鄉","N_INDI_7_15",9,0.666666666666667,0,0.866025403784439,0,2
2017,"屏東縣","枋寮鄉","N_INDI_UNDER6",9,0.222222222222222,0,0.440958551844098,0,1
2017,"屏東縣","泰武鄉","N_FAMILY",31,3.90322580645161,3,2.21140737555186,1,9
2017,"屏東縣","泰武鄉","N_INDI",31,3.90322580645161,3,2.21140737555186,1,9
2017,"屏東縣","泰武鄉","N_INDI_16_54",31,2.09677419354839,2,1.5780755940845,0,6
2017,"屏東縣","泰武鄉","N_INDI_55PLUS",31,1.06451612903226,1,1.0307112065937,0,4
2017,"屏東縣","泰武鄉","N_INDI_55_64",31,0.548387096774194,0,0.767624460154806,0,2
2017,"屏東縣","泰武鄉","N_INDI_65PLUS",31,0.516129032258065,0,0.811211757883866,0,2
2017,"屏東縣","泰武鄉","N_INDI_7_15",31,0.32258064516129,0,0.701764289686765,0,2
2017,"屏東縣","泰武鄉","N_INDI_UNDER6",31,0.419354838709677,0,0.847513757936987,0,3
2017,"屏東縣","滿州鄉","N_FAMILY",22,3.54545454545455,3,1.7654696590095,1,7
2017,"屏東縣","滿州鄉","N_INDI",22,3,3,1.77281052085584,1,7
2017,"屏東縣","滿州鄉","N_INDI_16_54",22,1.68181818181818,1.5,1.80966620537926,0,7
2017,"屏東縣","滿州鄉","N_INDI_55PLUS",22,0.954545454545455,1,1.04550159879055,0,4
2017,"屏東縣","滿州鄉","N_INDI_55_64",22,0.636363636363636,0,0.953462589245592,0,4
2017,"屏東縣","滿州鄉","N_INDI_65PLUS",22,0.318181818181818,0,0.646334988801409,0,2
2017,"屏東縣","滿州鄉","N_INDI_7_15",22,0.272727272727273,0,0.631085095901019,0,2
2017,"屏東縣","滿州鄉","N_INDI_UNDER6",22,0.0909090909090909,0,0.29424494316825,0,1
2017,"屏東縣","潮州鎮","N_FAMILY",49,2.63265306122449,2,1.34928804607931,1,6
2017,"屏東縣","潮州鎮","N_INDI",49,2.44897959183673,2,1.30800778045908,1,6
2017,"屏東縣","潮州鎮","N_INDI_16_54",49,1.61224489795918,1,1.15138189672621,0,4
2017,"屏東縣","潮州鎮","N_INDI_55PLUS",49,0.326530612244898,0,0.625425025550652,0,2
2017,"屏東縣","潮州鎮","N_INDI_55_64",49,0.183673469387755,0,0.44127983316311,0,2
2017,"屏東縣","潮州鎮","N_INDI_65PLUS",49,0.142857142857143,0,0.5,0,2
2017,"屏東縣","潮州鎮","N_INDI_7_15",49,0.306122448979592,0,0.619276514459045,0,2
2017,"屏東縣","潮州鎮","N_INDI_UNDER6",49,0.204081632653061,0,0.539273888233625,0,2
2017,"屏東縣","牡丹鄉","N_FAMILY",32,2.75,2,2.06350781828638,1,7
2017,"屏東縣","牡丹鄉","N_INDI",32,2.65625,2,2.00980459650411,1,7
2017,"屏東縣","牡丹鄉","N_INDI_16_54",32,1.59375,1,1.66286528851315,0,5
2017,"屏東縣","牡丹鄉","N_INDI_55PLUS",32,0.5625,0,0.800705334226059,0,2
2017,"屏東縣","牡丹鄉","N_INDI_55_64",32,0.3125,0,0.592289162160598,0,2
2017,"屏東縣","牡丹鄉","N_INDI_65PLUS",32,0.25,0,0.508000508000762,0,2
2017,"屏東縣","牡丹鄉","N_INDI_7_15",32,0.25,0,0.567961834247065,0,2
2017,"屏東縣","牡丹鄉","N_INDI_UNDER6",32,0.25,0,0.672021505032247,0,3
2017,"屏東縣","獅子鄉","N_FAMILY",24,3.08333333333333,3,2.06243137786589,1,9
2017,"屏東縣","獅子鄉","N_INDI",24,3,2.5,2.0216222500109,1,9
2017,"屏東縣","獅子鄉","N_INDI_16_54",24,1.5,1,1.56037899521099,0,6
2017,"屏東縣","獅子鄉","N_INDI_55PLUS",24,1.08333333333333,1,0.775531608229039,0,2
2017,"屏東縣","獅子鄉","N_INDI_55_64",24,0.666666666666667,0.5,0.761386987626881,0,2
2017,"屏東縣","獅子鄉","N_INDI_65PLUS",24,0.416666666666667,0,0.653862548158294,0,2
2017,"屏東縣","獅子鄉","N_INDI_7_15",24,0.291666666666667,0,0.624093545570845,0,2
2017,"屏東縣","獅子鄉","N_INDI_UNDER6",24,0.125,0,0.448427203146441,0,2
2017,"屏東縣","瑪家鄉","N_FAMILY",52,3.25,3,1.49344975036415,1,7
2017,"屏東縣","瑪家鄉","N_INDI",52,3.21153846153846,3,1.48636335332231,1,7
2017,"屏東縣","瑪家鄉","N_INDI_16_54",52,1.76923076923077,2,1.21454235091739,0,4
2017,"屏東縣","瑪家鄉","N_INDI_55PLUS",52,0.826923076923077,1,0.856833061878218,0,4
2017,"屏東縣","瑪家鄉","N_INDI_55_64",52,0.326923076923077,0,0.584812818927992,0,2
2017,"屏東縣","瑪家鄉","N_INDI_65PLUS",52,0.5,0,0.641688947919748,0,2
2017,"屏東縣","瑪家鄉","N_INDI_7_15",52,0.365384615384615,0,0.627126848783047,0,3
2017,"屏東縣","瑪家鄉","N_INDI_UNDER6",52,0.25,0,0.479991829995829,0,2
2017,"屏東縣","萬巒鄉","N_FAMILY",6,3.5,3,2.16794833886788,1,7
2017,"屏東縣","萬巒鄉","N_INDI",6,3.33333333333333,3,1.86189867250253,1,6
2017,"屏東縣","萬巒鄉","N_INDI_16_54",6,1.16666666666667,1,0.983192080250175,0,3
2017,"屏東縣","萬巒鄉","N_INDI_55PLUS",6,1.33333333333333,2,1.03279555898864,0,2
2017,"屏東縣","萬巒鄉","N_INDI_55_64",6,0.5,0,0.836660026534076,0,2
2017,"屏東縣","萬巒鄉","N_INDI_65PLUS",6,0.833333333333333,0.5,0.983192080250175,0,2
2017,"屏東縣","萬巒鄉","N_INDI_7_15",6,0.5,0,1.22474487139159,0,3
2017,"屏東縣","萬巒鄉","N_INDI_UNDER6",6,0.333333333333333,0,0.816496580927726,0,2
2017,"屏東縣","長治鄉","N_FAMILY",24,2.875,2.5,1.65009881127056,1,7
2017,"屏東縣","長治鄉","N_INDI",24,2.29166666666667,2,1.62799334115364,1,7
2017,"屏東縣","長治鄉","N_INDI_16_54",24,1.625,1,1.27901116696352,0,5
2017,"屏東縣","長治鄉","N_INDI_55PLUS",24,0.25,0,0.531609533071195,0,2
2017,"屏東縣","長治鄉","N_INDI_55_64",24,0.125,0,0.337831962346088,0,1
2017,"屏東縣","長治鄉","N_INDI_65PLUS",24,0.125,0,0.448427203146441,0,2
2017,"屏東縣","長治鄉","N_INDI_7_15",24,0.25,0,0.675663924692176,0,3
2017,"屏東縣","長治鄉","N_INDI_UNDER6",24,0.166666666666667,0,0.380693493813441,0,1
2017,"屏東縣","霧臺鄉","N_FAMILY",5,3.4,4,1.51657508881031,1,5
2017,"屏東縣","霧臺鄉","N_INDI",5,3.4,4,1.51657508881031,1,5
2017,"屏東縣","霧臺鄉","N_INDI_16_54",5,1.4,2,0.894427190999916,0,2
2017,"屏東縣","霧臺鄉","N_INDI_55PLUS",5,1.2,1,0.836660026534076,0,2
2017,"屏東縣","霧臺鄉","N_INDI_55_64",5,1,1,1,0,2
2017,"屏東縣","霧臺鄉","N_INDI_65PLUS",5,0.2,0,0.447213595499958,0,1
2017,"屏東縣","霧臺鄉","N_INDI_7_15",5,0.4,0,0.547722557505166,0,1
2017,"屏東縣","霧臺鄉","N_INDI_UNDER6",5,0.4,0,0.894427190999916,0,2
2017,"彰化縣","和美鎮","N_FAMILY",19,3.84210526315789,4,1.67541563316678,2,8
2017,"彰化縣","和美鎮","N_INDI",19,2.42105263157895,2,1.50243467129871,1,6
2017,"彰化縣","和美鎮","N_INDI_16_54",19,1.68421052631579,1,1.10818327700728,0,4
2017,"彰化縣","和美鎮","N_INDI_55PLUS",19,0.210526315789474,0,0.418853908291695,0,1
2017,"彰化縣","和美鎮","N_INDI_55_64",19,0.157894736842105,0,0.374634324632678,0,1
2017,"彰化縣","和美鎮","N_INDI_65PLUS",19,0.0526315789473684,0,0.229415733870562,0,1
2017,"彰化縣","和美鎮","N_INDI_7_15",19,0.315789473684211,0,0.477566932940919,0,1
2017,"彰化縣","和美鎮","N_INDI_UNDER6",19,0.210526315789474,0,0.713282503517759,0,3
2017,"彰化縣","員林鎮","N_FAMILY",14,3.71428571428571,3.5,1.58980266935004,2,8
2017,"彰化縣","員林鎮","N_INDI",14,1.57142857142857,1,1.15786844704368,1,5
2017,"彰化縣","員林鎮","N_INDI_16_54",14,1,1,0.960768922830523,0,4
2017,"彰化縣","員林鎮","N_INDI_55PLUS",14,0.285714285714286,0,0.468807230938495,0,1
2017,"彰化縣","員林鎮","N_INDI_55_64",14,0.285714285714286,0,0.468807230938495,0,1
2017,"彰化縣","員林鎮","N_INDI_65PLUS",14,0,0,0,0,0
2017,"彰化縣","員林鎮","N_INDI_7_15",14,0.142857142857143,0,0.363136519601281,0,1
2017,"彰化縣","員林鎮","N_INDI_UNDER6",14,0.142857142857143,0,0.534522483824849,0,2
2017,"彰化縣","埔心鄉","N_FAMILY",17,3.29411764705882,4,1.21267812518166,2,5
2017,"彰化縣","埔心鄉","N_INDI",17,2,2,1.11803398874989,1,5
2017,"彰化縣","埔心鄉","N_INDI_16_54",17,1.58823529411765,1,0.939336436627724,0,4
2017,"彰化縣","埔心鄉","N_INDI_55PLUS",17,0.176470588235294,0,0.392952623996688,0,1
2017,"彰化縣","埔心鄉","N_INDI_55_64",17,0.0588235294117647,0,0.242535625036333,0,1
2017,"彰化縣","埔心鄉","N_INDI_65PLUS",17,0.117647058823529,0,0.332105582077536,0,1
2017,"彰化縣","埔心鄉","N_INDI_7_15",17,0.235294117647059,0,0.437237316097603,0,1
2017,"彰化縣","埔心鄉","N_INDI_UNDER6",17,0,0,0,0,0
2017,"彰化縣","彰化市","N_FAMILY",18,3.16666666666667,3,1.82305496674256,1,7
2017,"彰化縣","彰化市","N_INDI",18,2.22222222222222,2,1.43713585896539,1,6
2017,"彰化縣","彰化市","N_INDI_16_54",18,1.27777777777778,1,1.07405529245092,0,3
2017,"彰化縣","彰化市","N_INDI_55PLUS",18,0.5,0,0.707106781186548,0,2
2017,"彰化縣","彰化市","N_INDI_55_64",18,0.444444444444444,0,0.615698763455199,0,2
2017,"彰化縣","彰化市","N_INDI_65PLUS",18,0.0555555555555556,0,0.235702260395516,0,1
2017,"彰化縣","彰化市","N_INDI_7_15",18,0.222222222222222,0,0.427792631946499,0,1
2017,"彰化縣","彰化市","N_INDI_UNDER6",18,0.222222222222222,0,0.548318880553316,0,2
2017,"新北市","三峽區","N_FAMILY",23,4.26086956521739,4,2.26067952986683,1,10
2017,"新北市","三峽區","N_INDI",23,2.95652173913043,3,1.69164419398743,1,6
2017,"新北市","三峽區","N_INDI_16_54",23,1.78260869565217,2,1.44463023702923,0,5
2017,"新北市","三峽區","N_INDI_55PLUS",23,0.608695652173913,1,0.656376446504361,0,2
2017,"新北市","三峽區","N_INDI_55_64",23,0.565217391304348,0,0.66237087637185,0,2
2017,"新北市","三峽區","N_INDI_65PLUS",23,0.0434782608695652,0,0.208514414057075,0,1
2017,"新北市","三峽區","N_INDI_7_15",23,0.347826086956522,0,0.884651736929383,0,3
2017,"新北市","三峽區","N_INDI_UNDER6",23,0.217391304347826,0,0.518434859512082,0,2
2017,"新北市","三重區","N_FAMILY",21,4.38095238095238,4,1.8835124230063,2,10
2017,"新北市","三重區","N_INDI",21,3.0952380952381,3,1.30018313728343,1,5
2017,"新北市","三重區","N_INDI_16_54",21,2.38095238095238,2,1.4309504001254,0,4
2017,"新北市","三重區","N_INDI_55PLUS",21,0.476190476190476,0,0.601585207518238,0,2
2017,"新北市","三重區","N_INDI_55_64",21,0.428571428571429,0,0.597614304667197,0,2
2017,"新北市","三重區","N_INDI_65PLUS",21,0.0476190476190476,0,0.218217890235992,0,1
2017,"新北市","三重區","N_INDI_7_15",21,0.19047619047619,0,0.402373908081478,0,1
2017,"新北市","三重區","N_INDI_UNDER6",21,0.0476190476190476,0,0.218217890235992,0,1
2017,"新北市","中和區","N_FAMILY",47,3.63829787234043,4,1.49529016981718,1,7
2017,"新北市","中和區","N_INDI",47,2.46808510638298,2,1.57219126823163,1,7
2017,"新北市","中和區","N_INDI_16_54",47,1.59574468085106,1,1.29647640311337,0,5
2017,"新北市","中和區","N_INDI_55PLUS",47,0.617021276595745,1,0.677373170845247,0,2
2017,"新北市","中和區","N_INDI_55_64",47,0.340425531914894,0,0.522393976956126,0,2
2017,"新北市","中和區","N_INDI_65PLUS",47,0.276595744680851,0,0.497914243514425,0,2
2017,"新北市","中和區","N_INDI_7_15",47,0.0851063829787234,0,0.282056672846969,0,1
2017,"新北市","中和區","N_INDI_UNDER6",47,0.170212765957447,0,0.524161812726227,0,2
2017,"新北市","五股區","N_FAMILY",23,3.34782608695652,3,1.070628347882,1,5
2017,"新北市","五股區","N_INDI",23,2.43478260869565,2,1.27300956778957,1,5
2017,"新北市","五股區","N_INDI_16_54",23,1.78260869565217,1,1.41281542702153,0,5
2017,"新北市","五股區","N_INDI_55PLUS",23,0.391304347826087,0,0.583027399541909,0,2
2017,"新北市","五股區","N_INDI_55_64",23,0.217391304347826,0,0.42174116783665,0,1
2017,"新北市","五股區","N_INDI_65PLUS",23,0.173913043478261,0,0.38755338788159,0,1
2017,"新北市","五股區","N_INDI_7_15",23,0.217391304347826,0,0.518434859512082,0,2
2017,"新北市","五股區","N_INDI_UNDER6",23,0.0434782608695652,0,0.208514414057075,0,1
2017,"新北市","八里區","N_FAMILY",2,5.5,5.5,0.707106781186548,5,6
2017,"新北市","八里區","N_INDI",2,5.5,5.5,0.707106781186548,5,6
2017,"新北市","八里區","N_INDI_16_54",2,4,4,2.82842712474619,2,6
2017,"新北市","八里區","N_INDI_55PLUS",2,0.5,0.5,0.707106781186548,0,1
2017,"新北市","八里區","N_INDI_55_64",2,0.5,0.5,0.707106781186548,0,1
2017,"新北市","八里區","N_INDI_65PLUS",2,0,0,0,0,0
2017,"新北市","八里區","N_INDI_7_15",2,0,0,0,0,0
2017,"新北市","八里區","N_INDI_UNDER6",2,1,1,1.4142135623731,0,2
2017,"新北市","土城區","N_FAMILY",54,3.85185185185185,4,1.44597564382796,1,7
2017,"新北市","土城區","N_INDI",54,2.7962962962963,2,1.54650707627452,1,7
2017,"新北市","土城區","N_INDI_16_54",54,1.88888888888889,2,1.29828139907917,0,5
2017,"新北市","土城區","N_INDI_55PLUS",54,0.481481481481481,0,0.665617623268278,0,2
2017,"新北市","土城區","N_INDI_55_64",54,0.388888888888889,0,0.563569040041308,0,2
2017,"新北市","土城區","N_INDI_65PLUS",54,0.0925925925925926,0,0.292582419835719,0,1
2017,"新北市","土城區","N_INDI_7_15",54,0.314814814814815,0,0.577047595371084,0,2
2017,"新北市","土城區","N_INDI_UNDER6",54,0.111111111111111,0,0.462424564645328,0,2
2017,"新北市","新店區","N_FAMILY",57,3.92982456140351,4,1.19312987442403,1,7
2017,"新北市","新店區","N_INDI",57,3.29824561403509,3,1.17966266789496,1,6
2017,"新北市","新店區","N_INDI_16_54",57,2,2,1.22474487139159,0,6
2017,"新北市","新店區","N_INDI_55PLUS",57,0.894736842105263,1,0.859489269573087,0,3
2017,"新北市","新店區","N_INDI_55_64",57,0.631578947368421,0,0.747175131205348,0,2
2017,"新北市","新店區","N_INDI_65PLUS",57,0.263157894736842,0,0.551825405536469,0,2
2017,"新北市","新店區","N_INDI_7_15",57,0.263157894736842,0,0.613139339484966,0,3
2017,"新北市","新店區","N_INDI_UNDER6",57,0.140350877192982,0,0.580596875490709,0,3
2017,"新北市","新莊區","N_FAMILY",45,4.08888888888889,4,1.34539994429203,2,7
2017,"新北市","新莊區","N_INDI",45,3.2,3,1.58973983005797,1,7
2017,"新北市","新莊區","N_INDI_16_54",45,2.13333333333333,2,1.42382327810467,0,6
2017,"新北市","新莊區","N_INDI_55PLUS",45,0.577777777777778,0,0.753443274358971,0,3
2017,"新北市","新莊區","N_INDI_55_64",45,0.466666666666667,0,0.660578259075816,0,2
2017,"新北市","新莊區","N_INDI_65PLUS",45,0.111111111111111,0,0.317820863081864,0,1
2017,"新北市","新莊區","N_INDI_7_15",45,0.333333333333333,0,0.768706114785807,0,4
2017,"新北市","新莊區","N_INDI_UNDER6",45,0.155555555555556,0,0.562282505651399,0,3
2017,"新北市","板橋區","N_FAMILY",54,3.92592592592593,4,1.65804899957014,1,9
2017,"新北市","板橋區","N_INDI",54,2.33333333333333,2,1.47941854972926,1,9
2017,"新北市","板橋區","N_INDI_16_54",54,1.61111111111111,1,1.17226867077389,0,6
2017,"新北市","板橋區","N_INDI_55PLUS",54,0.259259259259259,0,0.442343040499889,0,1
2017,"新北市","板橋區","N_INDI_55_64",54,0.166666666666667,0,0.376177396931639,0,1
2017,"新北市","板橋區","N_INDI_65PLUS",54,0.0925925925925926,0,0.292582419835719,0,1
2017,"新北市","板橋區","N_INDI_7_15",54,0.314814814814815,0,0.608867618107708,0,2
2017,"新北市","板橋區","N_INDI_UNDER6",54,0.148148148148148,0,0.407820132726283,0,2
2017,"新北市","樹林區","N_FAMILY",55,3.94545454545455,4,1.43266369135441,1,7
2017,"新北市","樹林區","N_INDI",55,3.32727272727273,3,1.52818635491668,1,7
2017,"新北市","樹林區","N_INDI_16_54",55,1.98181818181818,2,1.13023938943972,0,4
2017,"新北市","樹林區","N_INDI_55PLUS",55,0.436363636363636,0,0.739460172559244,0,4
2017,"新北市","樹林區","N_INDI_55_64",55,0.418181818181818,0,0.737636593525392,0,4
2017,"新北市","樹林區","N_INDI_65PLUS",55,0.0181818181818182,0,0.134839972492648,0,1
2017,"新北市","樹林區","N_INDI_7_15",55,0.509090909090909,0,0.879240566093247,0,3
2017,"新北市","樹林區","N_INDI_UNDER6",55,0.4,0,0.807373427759331,0,3
2017,"新北市","永和區","N_FAMILY",20,3.5,4,1.84960877797953,1,8
2017,"新北市","永和區","N_INDI",20,1.85,1,1.18210338847862,1,4
2017,"新北市","永和區","N_INDI_16_54",20,1.35,1,1.22581873821025,0,4
2017,"新北市","永和區","N_INDI_55PLUS",20,0.3,0,0.470162345981627,0,1
2017,"新北市","永和區","N_INDI_55_64",20,0.2,0,0.410391340834062,0,1
2017,"新北市","永和區","N_INDI_65PLUS",20,0.1,0,0.307793505625546,0,1
2017,"新北市","永和區","N_INDI_7_15",20,0.15,0,0.366347548532523,0,1
2017,"新北市","永和區","N_INDI_UNDER6",20,0.05,0,0.223606797749979,0,1
2017,"新北市","汐止區","N_FAMILY",54,3.7037037037037,4,1.64408177767535,1,9
2017,"新北市","汐止區","N_INDI",54,2.92592592592593,3,1.65804899957014,1,8
2017,"新北市","汐止區","N_INDI_16_54",54,1.31481481481481,1,1.14634898822097,0,5
2017,"新北市","汐止區","N_INDI_55PLUS",54,1.07407407407407,1,1.06135996511154,0,4
2017,"新北市","汐止區","N_INDI_55_64",54,0.574074074074074,0,0.923525890206226,0,4
2017,"新北市","汐止區","N_INDI_65PLUS",54,0.5,0,0.746058827161039,0,3
2017,"新北市","汐止區","N_INDI_7_15",54,0.314814814814815,0,0.667975654117245,0,3
2017,"新北市","汐止區","N_INDI_UNDER6",54,0.222222222222222,0,0.603970093807497,0,3
2017,"新北市","烏來區","N_FAMILY",20,4.15,4,1.98082917247458,1,8
2017,"新北市","烏來區","N_INDI",20,3.45,3,1.84889725312998,1,7
2017,"新北市","烏來區","N_INDI_16_54",20,2.3,2,1.45457535854428,0,5
2017,"新北市","烏來區","N_INDI_55PLUS",20,0.9,1,0.85224162622679,0,3
2017,"新北市","烏來區","N_INDI_55_64",20,0.25,0,0.444261658319319,0,1
2017,"新北市","烏來區","N_INDI_65PLUS",20,0.65,0,0.812727700887249,0,2
2017,"新北市","烏來區","N_INDI_7_15",20,0.1,0,0.307793505625546,0,1
2017,"新北市","烏來區","N_INDI_UNDER6",20,0.15,0,0.489360484929593,0,2
2017,"新北市","瑞芳區","N_FAMILY",23,4.21739130434783,4,1.73090942305773,2,8
2017,"新北市","瑞芳區","N_INDI",23,3.39130434782609,3,1.80250155553539,1,7
2017,"新北市","瑞芳區","N_INDI_16_54",23,1.39130434782609,1,0.782718481539738,0,3
2017,"新北市","瑞芳區","N_INDI_55PLUS",23,1.21739130434783,1,1.20440561497176,0,4
2017,"新北市","瑞芳區","N_INDI_55_64",23,0.826086956521739,0,1.02921743939238,0,3
2017,"新北市","瑞芳區","N_INDI_65PLUS",23,0.391304347826087,0,0.656376446504361,0,2
2017,"新北市","瑞芳區","N_INDI_7_15",23,0.478260869565217,0,0.94722394478868,0,3
2017,"新北市","瑞芳區","N_INDI_UNDER6",23,0.304347826086957,0,0.764840007553312,0,3
2017,"新北市","蘆洲區","N_FAMILY",34,4.47058823529412,4.5,1.44043962392057,2,9
2017,"新北市","蘆洲區","N_INDI",34,3.64705882352941,4,1.59321198234176,1,9
2017,"新北市","蘆洲區","N_INDI_16_54",34,2.67647058823529,2.5,1.2485285456936,1,6
2017,"新北市","蘆洲區","N_INDI_55PLUS",34,0.411764705882353,0,0.70141186875164,0,2
2017,"新北市","蘆洲區","N_INDI_55_64",34,0.352941176470588,0,0.645842317803069,0,2
2017,"新北市","蘆洲區","N_INDI_65PLUS",34,0.0588235294117647,0,0.238832573610613,0,1
2017,"新北市","蘆洲區","N_INDI_7_15",34,0.264705882352941,0,0.618346942400842,0,2
2017,"新北市","蘆洲區","N_INDI_UNDER6",34,0.294117647058824,0,0.675520529473199,0,3
2017,"新竹市","北區","N_FAMILY",25,4.12,4,2.63502055652956,1,10
2017,"新竹市","北區","N_INDI",25,3.16,3,2.19241115365405,1,7
2017,"新竹市","北區","N_INDI_16_54",25,2.08,2,1.52534149181967,0,6
2017,"新竹市","北區","N_INDI_55PLUS",25,0.48,0,0.77028133388609,0,2
2017,"新竹市","北區","N_INDI_55_64",25,0.32,0,0.627162924074226,0,2
2017,"新竹市","北區","N_INDI_65PLUS",25,0.16,0,0.472581562625261,0,2
2017,"新竹市","北區","N_INDI_7_15",25,0.48,0,0.871779788708135,0,2
2017,"新竹市","北區","N_INDI_UNDER6",25,0.12,0,0.33166247903554,0,1
2017,"新竹市","東區","N_FAMILY",27,3.07407407407407,3,1.356634011241,1,6
2017,"新竹市","東區","N_INDI",27,1.96296296296296,2,1.19233066791575,1,5
2017,"新竹市","東區","N_INDI_16_54",27,1.25925925925926,1,1.22764917917233,0,4
2017,"新竹市","東區","N_INDI_55PLUS",27,0.518518518518518,1,0.509175077217316,0,1
2017,"新竹市","東區","N_INDI_55_64",27,0.148148148148148,0,0.362013992898246,0,1
2017,"新竹市","東區","N_INDI_65PLUS",27,0.37037037037037,0,0.492102877623411,0,1
2017,"新竹市","東區","N_INDI_7_15",27,0.0740740740740741,0,0.266880256341812,0,1
2017,"新竹市","東區","N_INDI_UNDER6",27,0.111111111111111,0,0.423659272868162,0,2
2017,"新竹縣","五峰鄉","N_FAMILY",39,2.35897435897436,1,2.45471811531203,1,14
2017,"新竹縣","五峰鄉","N_INDI",39,2.30769230769231,1,2.41871917120401,1,14
2017,"新竹縣","五峰鄉","N_INDI_16_54",39,0.538461538461538,0,0.969160077108384,0,4
2017,"新竹縣","五峰鄉","N_INDI_55PLUS",39,1.07692307692308,1,0.57968300705124,0,2
2017,"新竹縣","五峰鄉","N_INDI_55_64",39,0.641025641025641,1,0.706629490021002,0,2
2017,"新竹縣","五峰鄉","N_INDI_65PLUS",39,0.435897435897436,0,0.640512615220349,0,2
2017,"新竹縣","五峰鄉","N_INDI_7_15",39,0.384615384615385,0,1.13822078644894,0,6
2017,"新竹縣","五峰鄉","N_INDI_UNDER6",39,0.307692307692308,0,0.922064221814184,0,5
2017,"新竹縣","尖石鄉","N_FAMILY",52,2.88461538461538,2,2.13884563105526,1,9
2017,"新竹縣","尖石鄉","N_INDI",52,2.80769230769231,2,2.12398498516222,1,9
2017,"新竹縣","尖石鄉","N_INDI_16_54",52,1.34615384615385,1,1.71366612375644,0,7
2017,"新竹縣","尖石鄉","N_INDI_55PLUS",52,0.826923076923077,1,0.833634937879341,0,3
2017,"新竹縣","尖石鄉","N_INDI_55_64",52,0.403846153846154,0,0.602596193105882,0,2
2017,"新竹縣","尖石鄉","N_INDI_65PLUS",52,0.423076923076923,0,0.636970582820417,0,2
2017,"新竹縣","尖石鄉","N_INDI_7_15",52,0.326923076923077,0,0.648411447872046,0,2
2017,"新竹縣","尖石鄉","N_INDI_UNDER6",52,0.307692307692308,0,0.728642614957309,0,3
2017,"新竹縣","湖口鄉","N_FAMILY",27,3.2962962962963,3,1.77189196612015,1,6
2017,"新竹縣","湖口鄉","N_INDI",27,2,1,1.54421999229883,1,6
2017,"新竹縣","湖口鄉","N_INDI_16_54",27,1,1,0.9198662110078,0,3
2017,"新竹縣","湖口鄉","N_INDI_55PLUS",27,0.518518518518518,0,0.579812328415269,0,2
2017,"新竹縣","湖口鄉","N_INDI_55_64",27,0.333333333333333,0,0.554700196225229,0,2
2017,"新竹縣","湖口鄉","N_INDI_65PLUS",27,0.185185185185185,0,0.39584739066357,0,1
2017,"新竹縣","湖口鄉","N_INDI_7_15",27,0.407407407407407,0,0.797074422703197,0,3
2017,"新竹縣","湖口鄉","N_INDI_UNDER6",27,0.0740740740740741,0,0.266880256341812,0,1
2017,"新竹縣","竹北市","N_FAMILY",6,5.66666666666667,4,2.87518115371304,4,11
2017,"新竹縣","竹北市","N_INDI",6,3.83333333333333,3,3.71034589582517,1,11
2017,"新竹縣","竹北市","N_INDI_16_54",6,1.5,1,1.37840487520902,0,4
2017,"新竹縣","竹北市","N_INDI_55PLUS",6,0.5,0,0.836660026534076,0,2
2017,"新竹縣","竹北市","N_INDI_55_64",6,0.5,0,0.836660026534076,0,2
2017,"新竹縣","竹北市","N_INDI_65PLUS",6,0,0,0,0,0
2017,"新竹縣","竹北市","N_INDI_7_15",6,0.833333333333333,1,0.752772652709081,0,2
2017,"新竹縣","竹北市","N_INDI_UNDER6",6,1,0.5,1.54919333848297,0,4
2017,"新竹縣","竹東鎮","N_FAMILY",47,3.59574468085106,4,1.65055424772994,1,7
2017,"新竹縣","竹東鎮","N_INDI",47,2.80851063829787,3,1.48380090473229,1,6
2017,"新竹縣","竹東鎮","N_INDI_16_54",47,1.61702127659574,1,1.03321346524078,0,4
2017,"新竹縣","竹東鎮","N_INDI_55PLUS",47,0.446808510638298,0,0.685518231080243,0,2
2017,"新竹縣","竹東鎮","N_INDI_55_64",47,0.191489361702128,0,0.449071402879727,0,2
2017,"新竹縣","竹東鎮","N_INDI_65PLUS",47,0.25531914893617,0,0.606776411308976,0,2
2017,"新竹縣","竹東鎮","N_INDI_7_15",47,0.574468085106383,0,0.972327571638279,0,3
2017,"新竹縣","竹東鎮","N_INDI_UNDER6",47,0.170212765957447,0,0.480902635728771,0,2
2017,"新竹縣","關西鎮","N_FAMILY",5,3.4,4,1.81659021245849,1,5
2017,"新竹縣","關西鎮","N_INDI",5,3.4,4,1.81659021245849,1,5
2017,"新竹縣","關西鎮","N_INDI_16_54",5,1.8,2,1.48323969741913,0,4
2017,"新竹縣","關西鎮","N_INDI_55PLUS",5,0.6,1,0.547722557505166,0,1
2017,"新竹縣","關西鎮","N_INDI_55_64",5,0,0,0,0,0
2017,"新竹縣","關西鎮","N_INDI_65PLUS",5,0.6,1,0.547722557505166,0,1
2017,"新竹縣","關西鎮","N_INDI_7_15",5,0.6,0,0.894427190999916,0,2
2017,"新竹縣","關西鎮","N_INDI_UNDER6",5,0.4,0,0.547722557505166,0,1
2017,"桃園市","中壢區","N_FAMILY",68,3.54411764705882,3,1.58758075154274,1,9
2017,"桃園市","中壢區","N_INDI",68,2.85294117647059,3,1.47885298313993,1,9
2017,"桃園市","中壢區","N_INDI_16_54",68,1.76470588235294,2,1.25920665688401,0,5
2017,"桃園市","中壢區","N_INDI_55PLUS",68,0.544117647058823,0,0.656399576373292,0,3
2017,"桃園市","中壢區","N_INDI_55_64",68,0.426470588235294,0,0.630474269968399,0,3
2017,"桃園市","中壢區","N_INDI_65PLUS",68,0.117647058823529,0,0.36770412199825,0,2
2017,"桃園市","中壢區","N_INDI_7_15",68,0.382352941176471,0,0.792302741865343,0,3
2017,"桃園市","中壢區","N_INDI_UNDER6",68,0.161764705882353,0,0.44420964922779,0,2
2017,"桃園市","八德區","N_FAMILY",49,4.36734693877551,4,3.25124256727986,1,22
2017,"桃園市","八德區","N_INDI",49,3.18367346938776,3,2.06834746222432,1,11
2017,"桃園市","八德區","N_INDI_16_54",49,1.93877551020408,2,1.32928808116265,0,6
2017,"桃園市","八德區","N_INDI_55PLUS",49,0.448979591836735,0,0.678884639494441,0,3
2017,"桃園市","八德區","N_INDI_55_64",49,0.26530612244898,0,0.49055708995325,0,2
2017,"桃園市","八德區","N_INDI_65PLUS",49,0.183673469387755,0,0.44127983316311,0,2
2017,"桃園市","八德區","N_INDI_7_15",49,0.489795918367347,0,0.868966075756888,0,4
2017,"桃園市","八德區","N_INDI_UNDER6",49,0.306122448979592,0,0.769309258162072,0,4
2017,"桃園市","大園區","N_FAMILY",69,4.02898550724638,4,2.24899333358122,1,10
2017,"桃園市","大園區","N_INDI",69,3.47826086956522,3,2.04801694366393,1,10
2017,"桃園市","大園區","N_INDI_16_54",69,1.88405797101449,2,1.19479547701021,0,5
2017,"桃園市","大園區","N_INDI_55PLUS",69,0.710144927536232,1,0.787801282710347,0,3
2017,"桃園市","大園區","N_INDI_55_64",69,0.507246376811594,0,0.677868380548152,0,2
2017,"桃園市","大園區","N_INDI_65PLUS",69,0.202898550724638,0,0.472157443361214,0,2
2017,"桃園市","大園區","N_INDI_7_15",69,0.463768115942029,0,1.10586285375782,0,6
2017,"桃園市","大園區","N_INDI_UNDER6",69,0.420289855072464,0,0.847241147376195,0,4
2017,"桃園市","大溪區","N_FAMILY",12,3.41666666666667,2.5,2.46644143115812,1,9
2017,"桃園市","大溪區","N_INDI",12,3.16666666666667,2.5,2.20879783565357,1,8
2017,"桃園市","大溪區","N_INDI_16_54",12,2.08333333333333,1,2.27469611690055,0,6
2017,"桃園市","大溪區","N_INDI_55PLUS",12,0.75,0.5,0.965307299163423,0,3
2017,"桃園市","大溪區","N_INDI_55_64",12,0.416666666666667,0,0.668557923421521,0,2
2017,"桃園市","大溪區","N_INDI_65PLUS",12,0.333333333333333,0,0.492365963917331,0,1
2017,"桃園市","大溪區","N_INDI_7_15",12,0.166666666666667,0,0.389249472080761,0,1
2017,"桃園市","大溪區","N_INDI_UNDER6",12,0.166666666666667,0,0.577350269189626,0,2
2017,"桃園市","平鎮區","N_FAMILY",52,3.67307692307692,3,1.81195543647484,1,8
2017,"桃園市","平鎮區","N_INDI",52,2.59615384615385,2,1.58744603594697,1,8
2017,"桃園市","平鎮區","N_INDI_16_54",52,1.53846153846154,1,1.12827368501425,0,4
2017,"桃園市","平鎮區","N_INDI_55PLUS",52,0.538461538461538,0,0.699062073642556,0,2
2017,"桃園市","平鎮區","N_INDI_55_64",52,0.423076923076923,0,0.636970582820417,0,2
2017,"桃園市","平鎮區","N_INDI_65PLUS",52,0.115384615384615,0,0.322602539032236,0,1
2017,"桃園市","平鎮區","N_INDI_7_15",52,0.288461538461538,0,0.666760928479321,0,3
2017,"桃園市","平鎮區","N_INDI_UNDER6",52,0.230769230769231,0,0.614063438486343,0,3
2017,"桃園市","復興區","N_FAMILY",65,3.89230769230769,4,2.29212699339416,1,11
2017,"桃園市","復興區","N_INDI",65,3.8,4,2.21641602593015,1,11
2017,"桃園市","復興區","N_INDI_16_54",65,2.12307692307692,2,1.53610396282784,0,6
2017,"桃園市","復興區","N_INDI_55PLUS",65,0.784615384615385,1,0.760187223902517,0,2
2017,"桃園市","復興區","N_INDI_55_64",65,0.369230769230769,0,0.574707283352544,0,2
2017,"桃園市","復興區","N_INDI_65PLUS",65,0.415384615384615,0,0.583424901238039,0,2
2017,"桃園市","復興區","N_INDI_7_15",65,0.507692307692308,0,0.868243142124459,0,3
2017,"桃園市","復興區","N_INDI_UNDER6",65,0.384615384615385,0,0.743562112660816,0,3
2017,"桃園市","新屋區","N_FAMILY",41,3.82926829268293,4,1.78749040590978,1,8
2017,"桃園市","新屋區","N_INDI",41,3.17073170731707,3,1.73064206328735,1,7
2017,"桃園市","新屋區","N_INDI_16_54",41,2.02439024390244,2,1.54090565704148,0,5
2017,"桃園市","新屋區","N_INDI_55PLUS",41,0.536585365853659,0,0.777739062141338,0,2
2017,"桃園市","新屋區","N_INDI_55_64",41,0.463414634146341,0,0.744901368491485,0,2
2017,"桃園市","新屋區","N_INDI_65PLUS",41,0.0731707317073171,0,0.263651654881875,0,1
2017,"桃園市","新屋區","N_INDI_7_15",41,0.292682926829268,0,0.642024237822233,0,2
2017,"桃園市","新屋區","N_INDI_UNDER6",41,0.317073170731707,0,0.878607545786055,0,4
2017,"桃園市","桃園區","N_FAMILY",59,3.66101694915254,4,1.46934385416646,1,8
2017,"桃園市","桃園區","N_INDI",59,2.66101694915254,3,1.46934385416646,1,7
2017,"桃園市","桃園區","N_INDI_16_54",59,1.61016949152542,1,1.27329262493284,0,5
2017,"桃園市","桃園區","N_INDI_55PLUS",59,0.423728813559322,0,0.531860424732696,0,2
2017,"桃園市","桃園區","N_INDI_55_64",59,0.322033898305085,0,0.506532429642337,0,2
2017,"桃園市","桃園區","N_INDI_65PLUS",59,0.101694915254237,0,0.304841126187198,0,1
2017,"桃園市","桃園區","N_INDI_7_15",59,0.440677966101695,0,0.676481425202546,0,2
2017,"桃園市","桃園區","N_INDI_UNDER6",59,0.186440677966102,0,0.434486469420944,0,2
2017,"桃園市","楊梅區","N_FAMILY",19,4.10526315789474,4,2.05195670417031,1,7
2017,"桃園市","楊梅區","N_INDI",19,3.26315789473684,4,2.15618246143909,1,7
2017,"桃園市","楊梅區","N_INDI_16_54",19,1.73684210526316,1,1.40799720892865,0,4
2017,"桃園市","楊梅區","N_INDI_55PLUS",19,0.736842105263158,1,0.65337629647495,0,2
2017,"桃園市","楊梅區","N_INDI_55_64",19,0.526315789473684,0,0.611775290321498,0,2
2017,"桃園市","楊梅區","N_INDI_65PLUS",19,0.210526315789474,0,0.418853908291695,0,1
2017,"桃園市","楊梅區","N_INDI_7_15",19,0.578947368421053,0,0.837707816583391,0,2
2017,"桃園市","楊梅區","N_INDI_UNDER6",19,0.210526315789474,0,0.535303379031311,0,2
2017,"桃園市","蘆竹區","N_FAMILY",42,3.54761904761905,3.5,1.54923082335028,1,8
2017,"桃園市","蘆竹區","N_INDI",42,2.95238095238095,3,1.51339355306464,1,8
2017,"桃園市","蘆竹區","N_INDI_16_54",42,1.80952380952381,2,1.27333047533595,0,5
2017,"桃園市","蘆竹區","N_INDI_55PLUS",42,0.666666666666667,0,0.845841092919672,0,3
2017,"桃園市","蘆竹區","N_INDI_55_64",42,0.571428571428571,0,0.769632701211116,0,2
2017,"桃園市","蘆竹區","N_INDI_65PLUS",42,0.0952380952380952,0,0.297101757186175,0,1
2017,"桃園市","蘆竹區","N_INDI_7_15",42,0.214285714285714,0,0.71689419179539,0,4
2017,"桃園市","蘆竹區","N_INDI_UNDER6",42,0.261904761904762,0,0.586827926311216,0,2
2017,"桃園市","觀音區","N_FAMILY",56,3.64285714285714,4,1.85304242632656,1,8
2017,"桃園市","觀音區","N_INDI",56,2.58928571428571,2,1.59290227645567,1,6
2017,"桃園市","觀音區","N_INDI_16_54",56,1.55357142857143,1,1.14287743488479,0,5
2017,"桃園市","觀音區","N_INDI_55PLUS",56,0.232142857142857,0,0.426020547032073,0,1
2017,"桃園市","觀音區","N_INDI_55_64",56,0.160714285714286,0,0.370590963648147,0,1
2017,"桃園市","觀音區","N_INDI_65PLUS",56,0.0714285714285714,0,0.259870097418821,0,1
2017,"桃園市","觀音區","N_INDI_7_15",56,0.535714285714286,0,0.873119500605537,0,3
2017,"桃園市","觀音區","N_INDI_UNDER6",56,0.267857142857143,0,0.587477548617707,0,2
2017,"桃園市","龍潭區","N_FAMILY",61,3.9672131147541,4,2.05724097692965,1,10
2017,"桃園市","龍潭區","N_INDI",61,2.91803278688525,3,1.80088017338942,1,7
2017,"桃園市","龍潭區","N_INDI_16_54",61,1.65573770491803,1,1.23673287201453,0,5
2017,"桃園市","龍潭區","N_INDI_55PLUS",61,0.524590163934426,0,0.721261796600217,0,3
2017,"桃園市","龍潭區","N_INDI_55_64",61,0.327868852459016,0,0.569248377992414,0,2
2017,"桃園市","龍潭區","N_INDI_65PLUS",61,0.19672131147541,0,0.5105445501667,0,2
2017,"桃園市","龍潭區","N_INDI_7_15",61,0.327868852459016,0,0.676296568955017,0,3
2017,"桃園市","龍潭區","N_INDI_UNDER6",61,0.409836065573771,0,0.667758668490543,0,2
2017,"桃園市","龜山區","N_FAMILY",46,3.41304347826087,3,1.84482564013841,1,11
2017,"桃園市","龜山區","N_INDI",46,2.69565217391304,2.5,1.41216249013728,1,6
2017,"桃園市","龜山區","N_INDI_16_54",46,1.80434782608696,2,1.36005825393851,0,5
2017,"桃園市","龜山區","N_INDI_55PLUS",46,0.456521739130435,0,0.656811210458207,0,2
2017,"桃園市","龜山區","N_INDI_55_64",46,0.282608695652174,0,0.544183117801796,0,2
2017,"桃園市","龜山區","N_INDI_65PLUS",46,0.173913043478261,0,0.48553969175602,0,2
2017,"桃園市","龜山區","N_INDI_7_15",46,0.260869565217391,0,0.574834569775249,0,2
2017,"桃園市","龜山區","N_INDI_UNDER6",46,0.173913043478261,0,0.437383524868149,0,2
2017,"澎湖縣","馬公市","N_FAMILY",36,3.19444444444444,3.5,1.67023427688529,1,6
2017,"澎湖縣","馬公市","N_INDI",36,2.47222222222222,2,1.44392542567843,1,6
2017,"澎湖縣","馬公市","N_INDI_16_54",36,1.5,1,0.971008312455224,0,5
2017,"澎湖縣","馬公市","N_INDI_55PLUS",36,0.333333333333333,0,0.534522483824849,0,2
2017,"澎湖縣","馬公市","N_INDI_55_64",36,0.305555555555556,0,0.467176592151157,0,1
2017,"澎湖縣","馬公市","N_INDI_65PLUS",36,0.0277777777777778,0,0.166666666666667,0,1
2017,"澎湖縣","馬公市","N_INDI_7_15",36,0.305555555555556,0,0.576662537832728,0,2
2017,"澎湖縣","馬公市","N_INDI_UNDER6",36,0.333333333333333,0,0.676123403782813,0,3
2017,"臺中市","北屯區","N_FAMILY",35,3.11428571428571,3,1.47072268292973,1,6
2017,"臺中市","北屯區","N_INDI",35,2.68571428571429,2,1.47072268292973,1,6
2017,"臺中市","北屯區","N_INDI_16_54",35,1.8,2,1.15809173668938,0,4
2017,"臺中市","北屯區","N_INDI_55PLUS",35,0.371428571428571,0,0.490240894309911,0,1
2017,"臺中市","北屯區","N_INDI_55_64",35,0.2,0,0.405839724956714,0,1
2017,"臺中市","北屯區","N_INDI_65PLUS",35,0.171428571428571,0,0.382385260431097,0,1
2017,"臺中市","北屯區","N_INDI_7_15",35,0.228571428571429,0,0.546954901125811,0,2
2017,"臺中市","北屯區","N_INDI_UNDER6",35,0.285714285714286,0,0.5724780279076,0,2
2017,"臺中市","南區","N_FAMILY",25,3.96,4,1.54056266777218,1,8
2017,"臺中市","南區","N_INDI",25,3.24,3,1.16476034731041,1,6
2017,"臺中市","南區","N_INDI_16_54",25,1.84,2,0.986576572463249,0,3
2017,"臺中市","南區","N_INDI_55PLUS",25,0.32,0,0.476095228569523,0,1
2017,"臺中市","南區","N_INDI_55_64",25,0.16,0,0.374165738677394,0,1
2017,"臺中市","南區","N_INDI_65PLUS",25,0.16,0,0.374165738677394,0,1
2017,"臺中市","南區","N_INDI_7_15",25,0.68,0,0.802080627701064,0,2
2017,"臺中市","南區","N_INDI_UNDER6",25,0.4,0,0.816496580927726,0,3
2017,"臺中市","南屯區","N_FAMILY",8,4.125,4,1.45773797371133,2,7
2017,"臺中市","南屯區","N_INDI",8,3.375,3.5,1.50594061730772,1,6
2017,"臺中市","南屯區","N_INDI_16_54",8,1.75,1,1.16496474502144,1,4
2017,"臺中市","南屯區","N_INDI_55PLUS",8,0.25,0,0.462910049886276,0,1
2017,"臺中市","南屯區","N_INDI_55_64",8,0.25,0,0.462910049886276,0,1
2017,"臺中市","南屯區","N_INDI_65PLUS",8,0,0,0,0,0
2017,"臺中市","南屯區","N_INDI_7_15",8,0.625,0,1.06066017177982,0,3
2017,"臺中市","南屯區","N_INDI_UNDER6",8,0.75,0,1.03509833901353,0,2
2017,"臺中市","和平區","N_FAMILY",38,3.63157894736842,3.5,1.99216102452912,1,9
2017,"臺中市","和平區","N_INDI",38,3.57894736842105,3.5,2.03525121561653,1,9
2017,"臺中市","和平區","N_INDI_16_54",38,1.84210526315789,1.5,1.63618402106314,0,6
2017,"臺中市","和平區","N_INDI_55PLUS",38,0.868421052631579,1,1.01797500716888,0,4
2017,"臺中市","和平區","N_INDI_55_64",38,0.394736842105263,0,0.823291800235921,0,4
2017,"臺中市","和平區","N_INDI_65PLUS",38,0.473684210526316,0,0.687213020408978,0,2
2017,"臺中市","和平區","N_INDI_7_15",38,0.605263157894737,0,0.945529272181417,0,3
2017,"臺中市","和平區","N_INDI_UNDER6",38,0.263157894736842,0,0.685139974900209,0,3
2017,"臺中市","大肚區","N_FAMILY",37,3.83783783783784,4,1.72423112516071,1,9
2017,"臺中市","大肚區","N_INDI",37,3.08108108108108,3,1.51617901278141,1,7
2017,"臺中市","大肚區","N_INDI_16_54",37,2.05405405405405,2,1.33220673124511,0,5
2017,"臺中市","大肚區","N_INDI_55PLUS",37,0.324324324324324,0,0.579945114934453,0,2
2017,"臺中市","大肚區","N_INDI_55_64",37,0.27027027027027,0,0.560190872662001,0,2
2017,"臺中市","大肚區","N_INDI_65PLUS",37,0.0540540540540541,0,0.229243435135126,0,1
2017,"臺中市","大肚區","N_INDI_7_15",37,0.648648648648649,0,1.05977503420449,0,4
2017,"臺中市","大肚區","N_INDI_UNDER6",37,0.0540540540540541,0,0.229243435135126,0,1
2017,"臺中市","大里區","N_FAMILY",1,3,3,,3,3
2017,"臺中市","大里區","N_INDI",1,3,3,,3,3
2017,"臺中市","大里區","N_INDI_16_54",1,2,2,,2,2
2017,"臺中市","大里區","N_INDI_55PLUS",1,1,1,,1,1
2017,"臺中市","大里區","N_INDI_55_64",1,0,0,,0,0
2017,"臺中市","大里區","N_INDI_65PLUS",1,1,1,,1,1
2017,"臺中市","大里區","N_INDI_7_15",1,0,0,,0,0
2017,"臺中市","大里區","N_INDI_UNDER6",1,0,0,,0,0
2017,"臺中市","大雅區","N_FAMILY",5,3.8,4,2.68328157299975,1,8
2017,"臺中市","大雅區","N_INDI",5,3.2,2,2.94957624075052,1,8
2017,"臺中市","大雅區","N_INDI_16_54",5,1.6,1,1.51657508881031,0,4
2017,"臺中市","大雅區","N_INDI_55PLUS",5,0.6,1,0.547722557505166,0,1
2017,"臺中市","大雅區","N_INDI_55_64",5,0.2,0,0.447213595499958,0,1
2017,"臺中市","大雅區","N_INDI_65PLUS",5,0.4,0,0.547722557505166,0,1
2017,"臺中市","大雅區","N_INDI_7_15",5,0,0,0,0,0
2017,"臺中市","大雅區","N_INDI_UNDER6",5,1,0,2.23606797749979,0,5
2017,"臺中市","太平區","N_FAMILY",75,4.01333333333333,4,2.38516435681255,1,16
2017,"臺中市","太平區","N_INDI",75,2.89333333333333,3,1.6811621891734,1,8
2017,"臺中市","太平區","N_INDI_16_54",75,2.13333333333333,2,1.48263218574203,0,6
2017,"臺中市","太平區","N_INDI_55PLUS",75,0.266666666666667,0,0.528468806344593,0,2
2017,"臺中市","太平區","N_INDI_55_64",75,0.186666666666667,0,0.484721523098526,0,2
2017,"臺中市","太平區","N_INDI_65PLUS",75,0.08,0,0.273120110198049,0,1
2017,"臺中市","太平區","N_INDI_7_15",75,0.293333333333333,0,0.5875586993869,0,2
2017,"臺中市","太平區","N_INDI_UNDER6",75,0.2,0,0.493196961916072,0,3
2017,"臺中市","東區","N_FAMILY",22,3.59090909090909,3,1.65210085328869,1,8
2017,"臺中市","東區","N_INDI",22,2.59090909090909,2.5,1.22120513892711,1,5
2017,"臺中市","東區","N_INDI_16_54",22,1.5,1,1.14434427054266,0,4
2017,"臺中市","東區","N_INDI_55PLUS",22,0.772727272727273,0,1.02035559543011,0,3
2017,"臺中市","東區","N_INDI_55_64",22,0.590909090909091,0,0.734139659030241,0,2
2017,"臺中市","東區","N_INDI_65PLUS",22,0.181818181818182,0,0.394771016975861,0,1
2017,"臺中市","東區","N_INDI_7_15",22,0.227272727272727,0,0.528413454806725,0,2
2017,"臺中市","東區","N_INDI_UNDER6",22,0.0909090909090909,0,0.426401432711221,0,2
2017,"臺中市","清水區","N_FAMILY",23,4.78260869565217,4,1.92959067112763,3,10
2017,"臺中市","清水區","N_INDI",23,3.78260869565217,3,2.10964283360371,1,9
2017,"臺中市","清水區","N_INDI_16_54",23,2.26086956521739,2,1.35570817804999,0,5
2017,"臺中市","清水區","N_INDI_55PLUS",23,0.565217391304348,0,0.66237087637185,0,2
2017,"臺中市","清水區","N_INDI_55_64",23,0.521739130434783,0,0.593109312122548,0,2
2017,"臺中市","清水區","N_INDI_65PLUS",23,0.0434782608695652,0,0.208514414057075,0,1
2017,"臺中市","清水區","N_INDI_7_15",23,0.652173913043478,0,1.11227431427577,0,3
2017,"臺中市","清水區","N_INDI_UNDER6",23,0.304347826086957,0,0.634950435338042,0,2
2017,"臺中市","潭子區","N_FAMILY",11,3.45454545454545,3,1.50755672288882,1,7
2017,"臺中市","潭子區","N_INDI",11,2.54545454545455,2,1.86352549559357,1,7
2017,"臺中市","潭子區","N_INDI_16_54",11,1.54545454545455,1,1.21355975243384,0,4
2017,"臺中市","潭子區","N_INDI_55PLUS",11,0.727272727272727,1,0.786245393106896,0,2
2017,"臺中市","潭子區","N_INDI_55_64",11,0.727272727272727,1,0.786245393106896,0,2
2017,"臺中市","潭子區","N_INDI_65PLUS",11,0,0,0,0,0
2017,"臺中市","潭子區","N_INDI_7_15",11,0.181818181818182,0,0.404519917477945,0,1
2017,"臺中市","潭子區","N_INDI_UNDER6",11,0.0909090909090909,0,0.301511344577764,0,1
2017,"臺中市","烏日區","N_FAMILY",14,4.28571428571429,4,1.43733575268066,1,6
2017,"臺中市","烏日區","N_INDI",14,3.57142857142857,4,1.86935964825003,1,6
2017,"臺中市","烏日區","N_INDI_16_54",14,1.78571428571429,2,1.36880472443164,0,4
2017,"臺中市","烏日區","N_INDI_55PLUS",14,0.571428571428571,0,0.755928946018454,0,2
2017,"臺中市","烏日區","N_INDI_55_64",14,0.357142857142857,0,0.633323693776651,0,2
2017,"臺中市","烏日區","N_INDI_65PLUS",14,0.214285714285714,0,0.578934223521839,0,2
2017,"臺中市","烏日區","N_INDI_7_15",14,0.642857142857143,0,0.928782731664065,0,3
2017,"臺中市","烏日區","N_INDI_UNDER6",14,0.571428571428571,0,0.937614461876991,0,2
2017,"臺中市","西屯區","N_FAMILY",18,3.66666666666667,3.5,2.42535625036333,1,10
2017,"臺中市","西屯區","N_INDI",18,2,2,1.08465228909328,1,4
2017,"臺中市","西屯區","N_INDI_16_54",18,1.05555555555556,1,0.802365782965103,0,3
2017,"臺中市","西屯區","N_INDI_55PLUS",18,0.277777777777778,0,0.460888598962477,0,1
2017,"臺中市","西屯區","N_INDI_55_64",18,0.222222222222222,0,0.427792631946499,0,1
2017,"臺中市","西屯區","N_INDI_65PLUS",18,0.0555555555555556,0,0.235702260395516,0,1
2017,"臺中市","西屯區","N_INDI_7_15",18,0.444444444444444,0,0.783823376129674,0,3
2017,"臺中市","西屯區","N_INDI_UNDER6",18,0.222222222222222,0,0.548318880553316,0,2
2017,"臺中市","豐原區","N_FAMILY",19,4.15789473684211,4,1.74047113336644,1,8
2017,"臺中市","豐原區","N_INDI",19,3.31578947368421,4,1.73373814436217,1,6
2017,"臺中市","豐原區","N_INDI_16_54",19,2.15789473684211,2,1.25888654041475,1,5
2017,"臺中市","豐原區","N_INDI_55PLUS",19,0.210526315789474,0,0.418853908291695,0,1
2017,"臺中市","豐原區","N_INDI_55_64",19,0.105263157894737,0,0.315301767642306,0,1
2017,"臺中市","豐原區","N_INDI_65PLUS",19,0.105263157894737,0,0.315301767642306,0,1
2017,"臺中市","豐原區","N_INDI_7_15",19,0.631578947368421,0,0.760885910252682,0,2
2017,"臺中市","豐原區","N_INDI_UNDER6",19,0.315789473684211,0,0.671038298207203,0,2
2017,"臺北市","中山區","N_FAMILY",3,3.66666666666667,4,0.577350269189626,3,4
2017,"臺北市","中山區","N_INDI",3,2.66666666666667,3,0.577350269189626,2,3
2017,"臺北市","中山區","N_INDI_16_54",3,1.33333333333333,1,0.577350269189626,1,2
2017,"臺北市","中山區","N_INDI_55PLUS",3,0.333333333333333,0,0.577350269189626,0,1
2017,"臺北市","中山區","N_INDI_55_64",3,0,0,0,0,0
2017,"臺北市","中山區","N_INDI_65PLUS",3,0.333333333333333,0,0.577350269189626,0,1
2017,"臺北市","中山區","N_INDI_7_15",3,0.666666666666667,0,1.15470053837925,0,2
2017,"臺北市","中山區","N_INDI_UNDER6",3,0.333333333333333,0,0.577350269189626,0,1
2017,"臺北市","中正區","N_FAMILY",5,1.8,1,1.30384048104053,1,4
2017,"臺北市","中正區","N_INDI",5,1.4,1,0.894427190999916,1,3
2017,"臺北市","中正區","N_INDI_16_54",5,0.8,1,0.836660026534076,0,2
2017,"臺北市","中正區","N_INDI_55PLUS",5,0.6,1,0.547722557505166,0,1
2017,"臺北市","中正區","N_INDI_55_64",5,0.4,0,0.547722557505166,0,1
2017,"臺北市","中正區","N_INDI_65PLUS",5,0.2,0,0.447213595499958,0,1
2017,"臺北市","中正區","N_INDI_7_15",5,0,0,0,0,0
2017,"臺北市","中正區","N_INDI_UNDER6",5,0,0,0,0,0
2017,"臺北市","內湖區","N_FAMILY",14,3.5,4,1.22474487139159,1,5
2017,"臺北市","內湖區","N_INDI",14,3,3,1.10940039245046,1,5
2017,"臺北市","內湖區","N_INDI_16_54",14,2.35714285714286,2.5,1.33630620956212,0,5
2017,"臺北市","內湖區","N_INDI_55PLUS",14,0.357142857142857,0,0.497245158098847,0,1
2017,"臺北市","內湖區","N_INDI_55_64",14,0.214285714285714,0,0.42581531362632,0,1
2017,"臺北市","內湖區","N_INDI_65PLUS",14,0.142857142857143,0,0.363136519601281,0,1
2017,"臺北市","內湖區","N_INDI_7_15",14,0.142857142857143,0,0.363136519601281,0,1
2017,"臺北市","內湖區","N_INDI_UNDER6",14,0.142857142857143,0,0.534522483824849,0,2
2017,"臺北市","北投區","N_FAMILY",43,3.90697674418605,4,1.34188839022746,1,7
2017,"臺北市","北投區","N_INDI",43,3,3,1.23442679969674,1,5
2017,"臺北市","北投區","N_INDI_16_54",43,1.62790697674419,1,1.11319479778128,0,4
2017,"臺北市","北投區","N_INDI_55PLUS",43,0.767441860465116,1,0.750784012512304,0,2
2017,"臺北市","北投區","N_INDI_55_64",43,0.465116279069767,0,0.701998413012123,0,2
2017,"臺北市","北投區","N_INDI_65PLUS",43,0.302325581395349,0,0.59900249307575,0,2
2017,"臺北市","北投區","N_INDI_7_15",43,0.372093023255814,0,0.655498930802713,0,2
2017,"臺北市","北投區","N_INDI_UNDER6",43,0.232558139534884,0,0.527221346049067,0,2
2017,"臺北市","南港區","N_FAMILY",42,3.85714285714286,4,1.27969944206478,1,6
2017,"臺北市","南港區","N_INDI",42,3.21428571428571,3,1.29794799184984,1,6
2017,"臺北市","南港區","N_INDI_16_54",42,2.21428571428571,2,1.25980475230779,0,6
2017,"臺北市","南港區","N_INDI_55PLUS",42,0.571428571428571,0,0.769632701211116,0,2
2017,"臺北市","南港區","N_INDI_55_64",42,0.30952380952381,0,0.562576617572035,0,2
2017,"臺北市","南港區","N_INDI_65PLUS",42,0.261904761904762,0,0.627014754932929,0,2
2017,"臺北市","南港區","N_INDI_7_15",42,0.238095238095238,0,0.655540135123136,0,3
2017,"臺北市","南港區","N_INDI_UNDER6",42,0.19047619047619,0,0.633922948233718,0,3
2017,"臺北市","士林區","N_FAMILY",13,4.30769230769231,5,1.65250392761083,2,6
2017,"臺北市","士林區","N_INDI",13,3.53846153846154,4,1.98390963400489,1,6
2017,"臺北市","士林區","N_INDI_16_54",13,2.07692307692308,1,1.44115338424578,1,5
2017,"臺北市","士林區","N_INDI_55PLUS",13,0.769230769230769,1,0.926808695996298,0,3
2017,"臺北市","士林區","N_INDI_55_64",13,0.615384615384615,1,0.650443635587991,0,2
2017,"臺北市","士林區","N_INDI_65PLUS",13,0.153846153846154,0,0.375533808099405,0,1
2017,"臺北市","士林區","N_INDI_7_15",13,0.384615384615385,0,0.960768922830523,0,3
2017,"臺北市","士林區","N_INDI_UNDER6",13,0.307692307692308,0,0.630425171956115,0,2
2017,"臺北市","大同區","N_FAMILY",14,2.85714285714286,3,1.35062053300541,1,5
2017,"臺北市","大同區","N_INDI",14,2.21428571428571,2,1.25137287246211,1,5
2017,"臺北市","大同區","N_INDI_16_54",14,1.5,1.5,0.75955452531275,0,3
2017,"臺北市","大同區","N_INDI_55PLUS",14,0.214285714285714,0,0.42581531362632,0,1
2017,"臺北市","大同區","N_INDI_55_64",14,0.214285714285714,0,0.42581531362632,0,1
2017,"臺北市","大同區","N_INDI_65PLUS",14,0,0,0,0,0
2017,"臺北市","大同區","N_INDI_7_15",14,0.285714285714286,0,0.825420305855557,0,3
2017,"臺北市","大同區","N_INDI_UNDER6",14,0.214285714285714,0,0.578934223521839,0,2
2017,"臺北市","大安區","N_FAMILY",1,2,2,,2,2
2017,"臺北市","大安區","N_INDI",1,1,1,,1,1
2017,"臺北市","大安區","N_INDI_16_54",1,1,1,,1,1
2017,"臺北市","大安區","N_INDI_55PLUS",1,0,0,,0,0
2017,"臺北市","大安區","N_INDI_55_64",1,0,0,,0,0
2017,"臺北市","大安區","N_INDI_65PLUS",1,0,0,,0,0
2017,"臺北市","大安區","N_INDI_7_15",1,0,0,,0,0
2017,"臺北市","大安區","N_INDI_UNDER6",1,0,0,,0,0
2017,"臺北市","文山區","N_FAMILY",34,3.26470588235294,3,1.30984207998896,1,6
2017,"臺北市","文山區","N_INDI",34,1.85294117647059,2,0.925476222741125,1,4
2017,"臺北市","文山區","N_INDI_16_54",34,1.29411764705882,1,1.14228404270768,0,4
2017,"臺北市","文山區","N_INDI_55PLUS",34,0.558823529411765,0,0.746351792533165,0,3
2017,"臺北市","文山區","N_INDI_55_64",34,0.411764705882353,0,0.60890597666105,0,2
2017,"臺北市","文山區","N_INDI_65PLUS",34,0.147058823529412,0,0.557720085172333,0,3
2017,"臺北市","文山區","N_INDI_7_15",34,0,0,0,0,0
2017,"臺北市","文山區","N_INDI_UNDER6",34,0,0,0,0,0
2017,"臺北市","松山區","N_FAMILY",25,2.12,2,1.05356537528527,1,4
2017,"臺北市","松山區","N_INDI",25,1.32,1,0.690410505906933,1,3
2017,"臺北市","松山區","N_INDI_16_54",25,0.96,1,0.789514618821801,0,3
2017,"臺北市","松山區","N_INDI_55PLUS",25,0.36,0,0.568624070307733,0,2
2017,"臺北市","松山區","N_INDI_55_64",25,0.28,0,0.458257569495584,0,1
2017,"臺北市","松山區","N_INDI_65PLUS",25,0.08,0,0.276887462097269,0,1
2017,"臺北市","松山區","N_INDI_7_15",25,0,0,0,0,0
2017,"臺北市","松山區","N_INDI_UNDER6",25,0,0,0,0,0
2017,"臺北市","萬華區","N_FAMILY",2,6,6,1.4142135623731,5,7
2017,"臺北市","萬華區","N_INDI",2,6,6,1.4142135623731,5,7
2017,"臺北市","萬華區","N_INDI_16_54",2,3,3,1.4142135623731,2,4
2017,"臺北市","萬華區","N_INDI_55PLUS",2,0,0,0,0,0
2017,"臺北市","萬華區","N_INDI_55_64",2,0,0,0,0,0
2017,"臺北市","萬華區","N_INDI_65PLUS",2,0,0,0,0,0
2017,"臺北市","萬華區","N_INDI_7_15",2,3,3,0,3,3
2017,"臺北市","萬華區","N_INDI_UNDER6",2,0,0,0,0,0
2017,"臺南市","仁德區","N_FAMILY",21,3.80952380952381,3,1.88730091980711,1,8
2017,"臺南市","仁德區","N_INDI",21,2.33333333333333,2,1.74164673034842,1,7
2017,"臺南市","仁德區","N_INDI_16_54",21,1.47619047619048,1,1.20909253653505,0,4
2017,"臺南市","仁德區","N_INDI_55PLUS",21,0.476190476190476,0,0.601585207518238,0,2
2017,"臺南市","仁德區","N_INDI_55_64",21,0.380952380952381,0,0.589592272353571,0,2
2017,"臺南市","仁德區","N_INDI_65PLUS",21,0.0952380952380952,0,0.300792603759119,0,1
2017,"臺南市","仁德區","N_INDI_7_15",21,0.238095238095238,0,0.624880941040924,0,2
2017,"臺南市","仁德區","N_INDI_UNDER6",21,0.142857142857143,0,0.358568582800318,0,1
2017,"臺南市","南區","N_FAMILY",14,4,4,0.784464540552736,3,5
2017,"臺南市","南區","N_INDI",14,2.78571428571429,3,0.974961255922229,1,4
2017,"臺南市","南區","N_INDI_16_54",14,2.07142857142857,2.5,1.38476800135706,0,4
2017,"臺南市","南區","N_INDI_55PLUS",14,0.214285714285714,0,0.42581531362632,0,1
2017,"臺南市","南區","N_INDI_55_64",14,0.142857142857143,0,0.363136519601281,0,1
2017,"臺南市","南區","N_INDI_65PLUS",14,0.0714285714285714,0,0.267261241912424,0,1
2017,"臺南市","南區","N_INDI_7_15",14,0.5,0,0.75955452531275,0,2
2017,"臺南市","南區","N_INDI_UNDER6",14,0,0,0,0,0
2017,"臺南市","官田區","N_FAMILY",20,2.7,3,1.30182058752551,1,5
2017,"臺南市","官田區","N_INDI",20,1.95,2,0.998683343734455,1,4
2017,"臺南市","官田區","N_INDI_16_54",20,0.75,1,0.850696309223401,0,3
2017,"臺南市","官田區","N_INDI_55PLUS",20,0.75,1,0.638666373658505,0,2
2017,"臺南市","官田區","N_INDI_55_64",20,0.3,0,0.571240570577479,0,2
2017,"臺南市","官田區","N_INDI_65PLUS",20,0.45,0,0.604805318829299,0,2
2017,"臺南市","官田區","N_INDI_7_15",20,0.4,0,0.820782681668123,0,3
2017,"臺南市","官田區","N_INDI_UNDER6",20,0.05,0,0.223606797749979,0,1
2017,"臺南市","新化區","N_FAMILY",14,3.42857142857143,3.5,1.28388147753274,1,6
2017,"臺南市","新化區","N_INDI",14,2.14285714285714,2,0.770328886519643,1,4
2017,"臺南市","新化區","N_INDI_16_54",14,1.35714285714286,1,0.744946343668492,0,3
2017,"臺南市","新化區","N_INDI_55PLUS",14,0.428571428571429,0,0.513552591013095,0,1
2017,"臺南市","新化區","N_INDI_55_64",14,0.214285714285714,0,0.42581531362632,0,1
2017,"臺南市","新化區","N_INDI_65PLUS",14,0.214285714285714,0,0.42581531362632,0,1
2017,"臺南市","新化區","N_INDI_7_15",14,0.214285714285714,0,0.578934223521839,0,2
2017,"臺南市","新化區","N_INDI_UNDER6",14,0.142857142857143,0,0.363136519601281,0,1
2017,"臺南市","東區","N_FAMILY",46,3.47826086956522,3,1.77312192267114,1,7
2017,"臺南市","東區","N_INDI",46,2.39130434782609,2,1.54169114747504,1,6
2017,"臺南市","東區","N_INDI_16_54",46,1.21739130434783,1,1.05225775207959,0,5
2017,"臺南市","東區","N_INDI_55PLUS",46,0.565217391304348,0,0.654969852166019,0,2
2017,"臺南市","東區","N_INDI_55_64",46,0.304347826086957,0,0.465215133860612,0,1
2017,"臺南市","東區","N_INDI_65PLUS",46,0.260869565217391,0,0.49147318718299,0,2
2017,"臺南市","東區","N_INDI_7_15",46,0.347826086956522,0,0.604332186222402,0,2
2017,"臺南市","東區","N_INDI_UNDER6",46,0.260869565217391,0,0.574834569775249,0,2
2017,"臺南市","永康區","N_FAMILY",51,3.2156862745098,3,1.71246869157011,1,8
2017,"臺南市","永康區","N_INDI",51,2.15686274509804,2,1.51489338264589,1,8
2017,"臺南市","永康區","N_INDI_16_54",51,1.19607843137255,1,1.1835473432548,0,4
2017,"臺南市","永康區","N_INDI_55PLUS",51,0.549019607843137,1,0.576670633557703,0,2
2017,"臺南市","永康區","N_INDI_55_64",51,0.372549019607843,0,0.527665966828466,0,2
2017,"臺南市","永康區","N_INDI_65PLUS",51,0.176470588235294,0,0.385013368751849,0,1
2017,"臺南市","永康區","N_INDI_7_15",51,0.156862745098039,0,0.463575194315133,0,2
2017,"臺南市","永康區","N_INDI_UNDER6",51,0.254901960784314,0,0.770535846146095,0,4
2017,"臺東縣","卑南鄉","N_FAMILY",71,3.92957746478873,4,1.90730882705728,1,10
2017,"臺東縣","卑南鄉","N_INDI",71,3.88732394366197,4,1.90899596478394,1,10
2017,"臺東縣","卑南鄉","N_INDI_16_54",71,2.32394366197183,2,1.60155859700413,0,7
2017,"臺東縣","卑南鄉","N_INDI_55PLUS",71,0.887323943661972,1,0.837501313852238,0,3
2017,"臺東縣","卑南鄉","N_INDI_55_64",71,0.549295774647887,0,0.732680643632217,0,2
2017,"臺東縣","卑南鄉","N_INDI_65PLUS",71,0.338028169014085,0,0.584163919554654,0,2
2017,"臺東縣","卑南鄉","N_INDI_7_15",71,0.295774647887324,0,0.744395559155847,0,4
2017,"臺東縣","卑南鄉","N_INDI_UNDER6",71,0.380281690140845,0,0.662596562948668,0,2
2017,"臺東縣","大武鄉","N_FAMILY",19,3.10526315789474,3,1.28645666861885,1,6
2017,"臺東縣","大武鄉","N_INDI",19,3.05263157894737,3,1.35292621998583,1,6
2017,"臺東縣","大武鄉","N_INDI_16_54",19,1.47368421052632,1,1.38918125577748,0,5
2017,"臺東縣","大武鄉","N_INDI_55PLUS",19,1.15789473684211,1,0.764719112901873,0,2
2017,"臺東縣","大武鄉","N_INDI_55_64",19,0.684210526315789,1,0.671038298207203,0,2
2017,"臺東縣","大武鄉","N_INDI_65PLUS",19,0.473684210526316,0,0.611775290321498,0,2
2017,"臺東縣","大武鄉","N_INDI_7_15",19,0.157894736842105,0,0.374634324632678,0,1
2017,"臺東縣","大武鄉","N_INDI_UNDER6",19,0.263157894736842,0,0.452413928358864,0,1
2017,"臺東縣","太麻里鄉","N_FAMILY",49,3.06122448979592,3,1.62542511446116,1,7
2017,"臺東縣","太麻里鄉","N_INDI",49,2.83673469387755,3,1.62464020087924,1,7
2017,"臺東縣","太麻里鄉","N_INDI_16_54",49,1.3469387755102,1,1.09069970676632,0,4
2017,"臺東縣","太麻里鄉","N_INDI_55PLUS",49,1.02040816326531,1,0.946260092820841,0,3
2017,"臺東縣","太麻里鄉","N_INDI_55_64",49,0.448979591836735,0,0.614451804788759,0,2
2017,"臺東縣","太麻里鄉","N_INDI_65PLUS",49,0.571428571428571,0,0.763762615825973,0,2
2017,"臺東縣","太麻里鄉","N_INDI_7_15",49,0.285714285714286,0,0.763762615825973,0,4
2017,"臺東縣","太麻里鄉","N_INDI_UNDER6",49,0.183673469387755,0,0.56544486128752,0,3
2017,"臺東縣","延平鄉","N_FAMILY",24,3.125,3,1.56906230651913,1,7
2017,"臺東縣","延平鄉","N_INDI",24,3.125,3,1.56906230651913,1,7
2017,"臺東縣","延平鄉","N_INDI_16_54",24,1.54166666666667,2,1.06236678619288,0,4
2017,"臺東縣","延平鄉","N_INDI_55PLUS",24,0.791666666666667,1,0.779027636204913,0,2
2017,"臺東縣","延平鄉","N_INDI_55_64",24,0.5,0,0.659380473395787,0,2
2017,"臺東縣","延平鄉","N_INDI_65PLUS",24,0.291666666666667,0,0.550032937090187,0,2
2017,"臺東縣","延平鄉","N_INDI_7_15",24,0.541666666666667,0,0.883627241233132,0,3
2017,"臺東縣","延平鄉","N_INDI_UNDER6",24,0.25,0,0.675663924692176,0,2
2017,"臺東縣","成功鎮","N_FAMILY",87,2.58620689655172,2,1.45914696438461,1,6
2017,"臺東縣","成功鎮","N_INDI",87,2.51724137931034,2,1.40482614140333,1,6
2017,"臺東縣","成功鎮","N_INDI_16_54",87,1.2183908045977,1,1.27976458006134,0,5
2017,"臺東縣","成功鎮","N_INDI_55PLUS",87,1.18390804597701,1,0.707579162013626,0,3
2017,"臺東縣","成功鎮","N_INDI_55_64",87,0.379310344827586,0,0.554922565525092,0,2
2017,"臺東縣","成功鎮","N_INDI_65PLUS",87,0.804597701149425,1,0.66190494047651,0,2
2017,"臺東縣","成功鎮","N_INDI_7_15",87,0.0804597701149425,0,0.348364644716307,0,2
2017,"臺東縣","成功鎮","N_INDI_UNDER6",87,0.0344827586206897,0,0.238614014582321,0,2
2017,"臺東縣","東河鄉","N_FAMILY",25,3.12,3,1.30128141972954,1,7
2017,"臺東縣","東河鄉","N_INDI",25,3.08,3,1.35154232884755,1,7
2017,"臺東縣","東河鄉","N_INDI_16_54",25,1.12,1,1.26885775404495,0,4
2017,"臺東縣","東河鄉","N_INDI_55PLUS",25,1.68,2,0.748331477354788,0,4
2017,"臺東縣","東河鄉","N_INDI_55_64",25,0.44,0,0.768114574786861,0,2
2017,"臺東縣","東河鄉","N_INDI_65PLUS",25,1.24,1,0.925562891794321,0,4
2017,"臺東縣","東河鄉","N_INDI_7_15",25,0.12,0,0.439696865275764,0,2
2017,"臺東縣","東河鄉","N_INDI_UNDER6",25,0.16,0,0.472581562625261,0,2
2017,"臺東縣","池上鄉","N_FAMILY",22,3.86363636363636,3.5,2.21026726557704,1,9
2017,"臺東縣","池上鄉","N_INDI",22,3.81818181818182,3.5,2.19602158971874,1,9
2017,"臺東縣","池上鄉","N_INDI_16_54",22,1.63636363636364,2,1.04860245067761,0,4
2017,"臺東縣","池上鄉","N_INDI_55PLUS",22,1.36363636363636,1,1.1358007263791,0,4
2017,"臺東縣","池上鄉","N_INDI_55_64",22,0.454545454545455,0,0.670981706320262,0,2
2017,"臺東縣","池上鄉","N_INDI_65PLUS",22,0.909090909090909,1,0.867897893330058,0,2
2017,"臺東縣","池上鄉","N_INDI_7_15",22,0.590909090909091,0,0.908116360757433,0,3
2017,"臺東縣","池上鄉","N_INDI_UNDER6",22,0.227272727272727,0,0.611930449037204,0,2
2017,"臺東縣","海端鄉","N_FAMILY",22,3.95454545454545,3,2.95163026345124,1,13
2017,"臺東縣","海端鄉","N_INDI",22,3.81818181818182,3,2.95419578350399,1,13
2017,"臺東縣","海端鄉","N_INDI_16_54",22,1.54545454545455,2,1.47122471584125,0,5
2017,"臺東縣","海端鄉","N_INDI_55PLUS",22,1,1,0.816496580927726,0,2
2017,"臺東縣","海端鄉","N_INDI_55_64",22,0.590909090909091,1,0.590326052690247,0,2
2017,"臺東縣","海端鄉","N_INDI_65PLUS",22,0.409090909090909,0,0.666125321334465,0,2
2017,"臺東縣","海端鄉","N_INDI_7_15",22,0.636363636363636,0,1.09307145000004,0,3
2017,"臺東縣","海端鄉","N_INDI_UNDER6",22,0.636363636363636,0,1.2552918289217,0,5
2017,"臺東縣","綠島鄉","N_FAMILY",2,4,4,2.82842712474619,2,6
2017,"臺東縣","綠島鄉","N_INDI",2,1,1,0,1,1
2017,"臺東縣","綠島鄉","N_INDI_16_54",2,1,1,0,1,1
2017,"臺東縣","綠島鄉","N_INDI_55PLUS",2,0,0,0,0,0
2017,"臺東縣","綠島鄉","N_INDI_55_64",2,0,0,0,0,0
2017,"臺東縣","綠島鄉","N_INDI_65PLUS",2,0,0,0,0,0
2017,"臺東縣","綠島鄉","N_INDI_7_15",2,0,0,0,0,0
2017,"臺東縣","綠島鄉","N_INDI_UNDER6",2,0,0,0,0,0
2017,"臺東縣","臺東市","N_FAMILY",197,3.23857868020305,3,1.96108414678403,1,11
2017,"臺東縣","臺東市","N_INDI",197,3.02030456852792,3,1.9350668154444,1,11
2017,"臺東縣","臺東市","N_INDI_16_54",197,1.57360406091371,1,1.40004143728172,0,6
2017,"臺東縣","臺東市","N_INDI_55PLUS",197,0.908629441624365,1,0.834080606970745,0,3
2017,"臺東縣","臺東市","N_INDI_55_64",197,0.350253807106599,0,0.575133025027931,0,2
2017,"臺東縣","臺東市","N_INDI_65PLUS",197,0.558375634517767,0,0.73045512861058,0,3
2017,"臺東縣","臺東市","N_INDI_7_15",197,0.34010152284264,0,0.74987481257773,0,4
2017,"臺東縣","臺東市","N_INDI_UNDER6",197,0.197969543147208,0,0.603050019151197,0,4
2017,"臺東縣","蘭嶼鄉","N_FAMILY",31,4.09677419354839,5,2.28553186676067,1,8
2017,"臺東縣","蘭嶼鄉","N_INDI",31,3.96774193548387,4,2.22836069742972,1,8
2017,"臺東縣","蘭嶼鄉","N_INDI_16_54",31,2.29032258064516,2,1.53174298077053,0,6
2017,"臺東縣","蘭嶼鄉","N_INDI_55PLUS",31,0.967741935483871,1,0.874980798560438,0,2
2017,"臺東縣","蘭嶼鄉","N_INDI_55_64",31,0.580645161290323,0,0.764817779970589,0,2
2017,"臺東縣","蘭嶼鄉","N_INDI_65PLUS",31,0.387096774193548,0,0.667204084461854,0,2
2017,"臺東縣","蘭嶼鄉","N_INDI_7_15",31,0.419354838709677,0,0.719916363123157,0,2
2017,"臺東縣","蘭嶼鄉","N_INDI_UNDER6",31,0.290322580645161,0,0.692509850091043,0,3
2017,"臺東縣","達仁鄉","N_FAMILY",40,2.85,2,1.87493589634009,1,7
2017,"臺東縣","達仁鄉","N_INDI",40,2.7,2,1.80028487774175,1,7
2017,"臺東縣","達仁鄉","N_INDI_16_54",40,1.2,1,1.2236976331741,0,5
2017,"臺東縣","達仁鄉","N_INDI_55PLUS",40,0.925,1,0.828576165200558,0,3
2017,"臺東縣","達仁鄉","N_INDI_55_64",40,0.525,0,0.678894274462111,0,2
2017,"臺東縣","達仁鄉","N_INDI_65PLUS",40,0.4,0,0.632455532033676,0,2
2017,"臺東縣","達仁鄉","N_INDI_7_15",40,0.35,0,0.802240452476528,0,3
2017,"臺東縣","達仁鄉","N_INDI_UNDER6",40,0.225,0,0.53048115556564,0,2
2017,"臺東縣","金峰鄉","N_FAMILY",28,3.82142857142857,3.5,1.70084012854152,1,8
2017,"臺東縣","金峰鄉","N_INDI",28,3.71428571428571,3,1.71824938596845,1,8
2017,"臺東縣","金峰鄉","N_INDI_16_54",28,1.85714285714286,2,1.38013111868471,0,6
2017,"臺東縣","金峰鄉","N_INDI_55PLUS",28,1.14285714285714,1,1.07889812495025,0,4
2017,"臺東縣","金峰鄉","N_INDI_55_64",28,0.821428571428571,0.5,1.02029666813398,0,4
2017,"臺東縣","金峰鄉","N_INDI_65PLUS",28,0.321428571428571,0,0.475594865605671,0,1
2017,"臺東縣","金峰鄉","N_INDI_7_15",28,0.5,0,0.962250448649376,0,3
2017,"臺東縣","金峰鄉","N_INDI_UNDER6",28,0.214285714285714,0,0.568112068830898,0,2
2017,"臺東縣","長濱鄉","N_FAMILY",56,2.35714285714286,2,1.28528131237798,1,6
2017,"臺東縣","長濱鄉","N_INDI",56,2.26785714285714,2,1.27195013379344,1,6
2017,"臺東縣","長濱鄉","N_INDI_16_54",56,0.589285714285714,0,0.929844282452922,0,4
2017,"臺東縣","長濱鄉","N_INDI_55PLUS",56,1.35714285714286,2,0.79609436235049,0,3
2017,"臺東縣","長濱鄉","N_INDI_55_64",56,0.446428571428571,0,0.685423369024718,0,2
2017,"臺東縣","長濱鄉","N_INDI_65PLUS",56,0.910714285714286,1,0.815236401058239,0,2
2017,"臺東縣","長濱鄉","N_INDI_7_15",56,0.142857142857143,0,0.483493778415228,0,2
2017,"臺東縣","長濱鄉","N_INDI_UNDER6",56,0.178571428571429,0,0.575472702366351,0,3
2017,"臺東縣","關山鎮","N_FAMILY",22,3.40909090909091,3,1.89382683648218,1,7
2017,"臺東縣","關山鎮","N_INDI",22,3.31818181818182,3,1.91202619120245,1,7
2017,"臺東縣","關山鎮","N_INDI_16_54",22,1.63636363636364,1.5,1.81384764796917,0,6
2017,"臺東縣","關山鎮","N_INDI_55PLUS",22,1.13636363636364,1,0.888843793949921,0,3
2017,"臺東縣","關山鎮","N_INDI_55_64",22,0.318181818181818,0,0.646334988801409,0,2
2017,"臺東縣","關山鎮","N_INDI_65PLUS",22,0.818181818181818,1,0.732663999932122,0,2
2017,"臺東縣","關山鎮","N_INDI_7_15",22,0.363636363636364,0,0.84771145952778,0,3
2017,"臺東縣","關山鎮","N_INDI_UNDER6",22,0.181818181818182,0,0.664498639244989,0,3
2017,"臺東縣","鹿野鄉","N_FAMILY",25,2.44,2,1.6350331291241,1,7
2017,"臺東縣","鹿野鄉","N_INDI",25,2.44,2,1.6350331291241,1,7
2017,"臺東縣","鹿野鄉","N_INDI_16_54",25,1.28,1,0.842614977317636,0,3
2017,"臺東縣","鹿野鄉","N_INDI_55PLUS",25,0.88,1,0.881286937760152,0,2
2017,"臺東縣","鹿野鄉","N_INDI_55_64",25,0.56,0,0.711805216802087,0,2
2017,"臺東縣","鹿野鄉","N_INDI_65PLUS",25,0.32,0,0.627162924074226,0,2
2017,"臺東縣","鹿野鄉","N_INDI_7_15",25,0.12,0,0.33166247903554,0,1
2017,"臺東縣","鹿野鄉","N_INDI_UNDER6",25,0.16,0,0.553774924194538,0,2
2017,"花蓮縣","光復鄉","N_FAMILY",40,2.8,2,1.69766053204146,1,8
2017,"花蓮縣","光復鄉","N_INDI",40,2.8,2,1.69766053204146,1,8
2017,"花蓮縣","光復鄉","N_INDI_16_54",40,0.875,0,1.3622662114173,0,5
2017,"花蓮縣","光復鄉","N_INDI_55PLUS",40,1.55,2,0.714322343383161,0,3
2017,"花蓮縣","光復鄉","N_INDI_55_64",40,0.475,0,0.750640751932333,0,2
2017,"花蓮縣","光復鄉","N_INDI_65PLUS",40,1.075,1,0.729857731131422,0,2
2017,"花蓮縣","光復鄉","N_INDI_7_15",40,0.25,0,0.543020989347369,0,2
2017,"花蓮縣","光復鄉","N_INDI_UNDER6",40,0.125,0,0.40430377003132,0,2
2017,"花蓮縣","卓溪鄉","N_FAMILY",38,3.18421052631579,3,1.94318299979621,1,7
2017,"花蓮縣","卓溪鄉","N_INDI",38,3.18421052631579,3,1.94318299979621,1,7
2017,"花蓮縣","卓溪鄉","N_INDI_16_54",38,1.39473684210526,1,1.3262316801437,0,5
2017,"花蓮縣","卓溪鄉","N_INDI_55PLUS",38,0.842105263157895,1,0.637830604872556,0,2
2017,"花蓮縣","卓溪鄉","N_INDI_55_64",38,0.473684210526316,0,0.603451429123771,0,2
2017,"花蓮縣","卓溪鄉","N_INDI_65PLUS",38,0.368421052631579,0,0.541322336484687,0,2
2017,"花蓮縣","卓溪鄉","N_INDI_7_15",38,0.631578947368421,0,0.942138241752151,0,3
2017,"花蓮縣","卓溪鄉","N_INDI_UNDER6",38,0.315789473684211,0,0.808911953846271,0,3
2017,"花蓮縣","吉安鄉","N_FAMILY",128,3.453125,3,1.91084503300437,1,10
2017,"花蓮縣","吉安鄉","N_INDI",128,3.0390625,3,1.83321216194653,1,10
2017,"花蓮縣","吉安鄉","N_INDI_16_54",128,1.3828125,1,1.44789335835391,0,8
2017,"花蓮縣","吉安鄉","N_INDI_55PLUS",128,1.15625,1,0.798004400753559,0,4
2017,"花蓮縣","吉安鄉","N_INDI_55_64",128,0.46875,0,0.613977608660941,0,2
2017,"花蓮縣","吉安鄉","N_INDI_65PLUS",128,0.6875,1,0.750328012261472,0,2
2017,"花蓮縣","吉安鄉","N_INDI_7_15",128,0.3125,0,0.729037765134376,0,4
2017,"花蓮縣","吉安鄉","N_INDI_UNDER6",128,0.1875,0,0.528703659014308,0,3
2017,"花蓮縣","壽豐鄉","N_FAMILY",60,2.38333333333333,2,1.30308196168547,1,6
2017,"花蓮縣","壽豐鄉","N_INDI",60,2.31666666666667,2,1.29525426686007,1,6
2017,"花蓮縣","壽豐鄉","N_INDI_16_54",60,1.26666666666667,1,1.30015209888151,0,5
2017,"花蓮縣","壽豐鄉","N_INDI_55PLUS",60,0.933333333333333,1,0.841037830759331,0,3
2017,"花蓮縣","壽豐鄉","N_INDI_55_64",60,0.516666666666667,0,0.700887250456953,0,2
2017,"花蓮縣","壽豐鄉","N_INDI_65PLUS",60,0.416666666666667,0,0.618682763281733,0,2
2017,"花蓮縣","壽豐鄉","N_INDI_7_15",60,0.0666666666666667,0,0.311729275562848,0,2
2017,"花蓮縣","壽豐鄉","N_INDI_UNDER6",60,0.05,0,0.219784177651083,0,1
2017,"花蓮縣","富里鄉","N_FAMILY",17,2.23529411764706,1,1.67814673690599,1,6
2017,"花蓮縣","富里鄉","N_INDI",17,1.94117647058824,1,1.43486010795888,1,6
2017,"花蓮縣","富里鄉","N_INDI_16_54",17,0.411764705882353,0,0.618346942400842,0,2
2017,"花蓮縣","富里鄉","N_INDI_55PLUS",17,1.23529411764706,1,0.831370236770739,0,3
2017,"花蓮縣","富里鄉","N_INDI_55_64",17,0.529411764705882,0,0.799816155346303,0,2
2017,"花蓮縣","富里鄉","N_INDI_65PLUS",17,0.705882352941177,1,0.685994340570035,0,2
2017,"花蓮縣","富里鄉","N_INDI_7_15",17,0.176470588235294,0,0.528594139870924,0,2
2017,"花蓮縣","富里鄉","N_INDI_UNDER6",17,0.117647058823529,0,0.332105582077536,0,1
2017,"花蓮縣","新城鄉","N_FAMILY",61,2.91803278688525,3,1.7916015364957,1,7
2017,"花蓮縣","新城鄉","N_INDI",61,2.68852459016393,2,1.73724862552406,1,7
2017,"花蓮縣","新城鄉","N_INDI_16_54",61,1.39344262295082,1,1.26857779323396,0,4
2017,"花蓮縣","新城鄉","N_INDI_55PLUS",61,0.852459016393443,1,0.909872986992699,0,5
2017,"花蓮縣","新城鄉","N_INDI_55_64",61,0.442622950819672,0,0.827135421478539,0,5
2017,"花蓮縣","新城鄉","N_INDI_65PLUS",61,0.409836065573771,0,0.615820568573018,0,2
2017,"花蓮縣","新城鄉","N_INDI_7_15",61,0.163934426229508,0,0.522185403499959,0,3
2017,"花蓮縣","新城鄉","N_INDI_UNDER6",61,0.278688524590164,0,0.686322264950016,0,3
2017,"花蓮縣","玉里鎮","N_FAMILY",63,2.95238095238095,2,2.04330986572602,1,9
2017,"花蓮縣","玉里鎮","N_INDI",63,2.61904761904762,2,1.71735516296437,1,8
2017,"花蓮縣","玉里鎮","N_INDI_16_54",63,1.07936507936508,1,1.2482450558308,0,5
2017,"花蓮縣","玉里鎮","N_INDI_55PLUS",63,1.06349206349206,1,0.948224416628698,0,6
2017,"花蓮縣","玉里鎮","N_INDI_55_64",63,0.634920634920635,1,0.903426939788201,0,6
2017,"花蓮縣","玉里鎮","N_INDI_65PLUS",63,0.428571428571429,0,0.665128794568432,0,2
2017,"花蓮縣","玉里鎮","N_INDI_7_15",63,0.301587301587302,0,0.663201439619644,0,3
2017,"花蓮縣","玉里鎮","N_INDI_UNDER6",63,0.174603174603175,0,0.493168901894889,0,2
2017,"花蓮縣","瑞穗鄉","N_FAMILY",73,2.80821917808219,2,2.07268970614524,1,9
2017,"花蓮縣","瑞穗鄉","N_INDI",73,2.75342465753425,2,1.9984773503693,1,8
2017,"花蓮縣","瑞穗鄉","N_INDI_16_54",73,1.12328767123288,1,1.23541722011738,0,6
2017,"花蓮縣","瑞穗鄉","N_INDI_55PLUS",73,1.08219178082192,1,0.795009165871939,0,3
2017,"花蓮縣","瑞穗鄉","N_INDI_55_64",73,0.397260273972603,0,0.594879213402866,0,2
2017,"花蓮縣","瑞穗鄉","N_INDI_65PLUS",73,0.684931506849315,1,0.664093206493033,0,2
2017,"花蓮縣","瑞穗鄉","N_INDI_7_15",73,0.356164383561644,0,0.839475084232513,0,5
2017,"花蓮縣","瑞穗鄉","N_INDI_UNDER6",73,0.191780821917808,0,0.615935021973714,0,3
2017,"花蓮縣","秀林鄉","N_FAMILY",100,2.98,3,1.95907626139969,1,10
2017,"花蓮縣","秀林鄉","N_INDI",100,2.89,3,1.8743079530937,1,7
2017,"花蓮縣","秀林鄉","N_INDI_16_54",100,1.66,1,1.45796315648118,0,5
2017,"花蓮縣","秀林鄉","N_INDI_55PLUS",100,0.76,1,0.74018834621925,0,3
2017,"花蓮縣","秀林鄉","N_INDI_55_64",100,0.37,0,0.597215762238964,0,2
2017,"花蓮縣","秀林鄉","N_INDI_65PLUS",100,0.39,0,0.584220105194208,0,2
2017,"花蓮縣","秀林鄉","N_INDI_7_15",100,0.32,0,0.789834402794905,0,4
2017,"花蓮縣","秀林鄉","N_INDI_UNDER6",100,0.15,0,0.435194139889245,0,2
2017,"花蓮縣","花蓮市","N_FAMILY",124,3.2741935483871,3,1.87555394387386,1,12
2017,"花蓮縣","花蓮市","N_INDI",124,2.33870967741935,2,1.42502087717808,1,7
2017,"花蓮縣","花蓮市","N_INDI_16_54",124,1.16129032258065,1,1.05450714241371,0,4
2017,"花蓮縣","花蓮市","N_INDI_55PLUS",124,0.580645161290323,0.5,0.638809540601413,0,2
2017,"花蓮縣","花蓮市","N_INDI_55_64",124,0.266129032258065,0,0.495653809288772,0,2
2017,"花蓮縣","花蓮市","N_INDI_65PLUS",124,0.314516129032258,0,0.49986885245676,0,2
2017,"花蓮縣","花蓮市","N_INDI_7_15",124,0.314516129032258,0,0.725459601827752,0,3
2017,"花蓮縣","花蓮市","N_INDI_UNDER6",124,0.282258064516129,0,0.592095409129028,0,3
2017,"花蓮縣","萬榮鄉","N_FAMILY",50,2.72,2,1.70281879151444,1,7
2017,"花蓮縣","萬榮鄉","N_INDI",50,2.7,2,1.69332422730424,1,7
2017,"花蓮縣","萬榮鄉","N_INDI_16_54",50,1.36,1,1.10213151554205,0,4
2017,"花蓮縣","萬榮鄉","N_INDI_55PLUS",50,0.88,1,0.773014243341068,0,3
2017,"花蓮縣","萬榮鄉","N_INDI_55_64",50,0.54,0,0.676425177242955,0,2
2017,"花蓮縣","萬榮鄉","N_INDI_65PLUS",50,0.34,0,0.626294577622371,0,2
2017,"花蓮縣","萬榮鄉","N_INDI_7_15",50,0.26,0,0.664247310717867,0,3
2017,"花蓮縣","萬榮鄉","N_INDI_UNDER6",50,0.2,0,0.494871659305394,0,2
2017,"花蓮縣","豐濱鄉","N_FAMILY",22,2.36363636363636,2,1.46532799986424,1,7
2017,"花蓮縣","豐濱鄉","N_INDI",22,2.36363636363636,2,1.46532799986424,1,7
2017,"花蓮縣","豐濱鄉","N_INDI_16_54",22,0.818181818181818,0,1.33225064266893,0,4
2017,"花蓮縣","豐濱鄉","N_INDI_55PLUS",22,1.36363636363636,1,0.581087203147976,0,2
2017,"花蓮縣","豐濱鄉","N_INDI_55_64",22,0.363636363636364,0,0.581087203147976,0,2
2017,"花蓮縣","豐濱鄉","N_INDI_65PLUS",22,1,1,0.690065559342354,0,2
2017,"花蓮縣","豐濱鄉","N_INDI_7_15",22,0.136363636363636,0,0.467562529096076,0,2
2017,"花蓮縣","豐濱鄉","N_INDI_UNDER6",22,0.0454545454545455,0,0.21320071635561,0,1
2017,"花蓮縣","鳳林鎮","N_FAMILY",22,2.5,3,1.37147817370616,1,5
2017,"花蓮縣","鳳林鎮","N_INDI",22,2.36363636363636,2,1.32899727848998,1,5
2017,"花蓮縣","鳳林鎮","N_INDI_16_54",22,1.04545454545455,0,1.32655201923643,0,4
2017,"花蓮縣","鳳林鎮","N_INDI_55PLUS",22,1.13636363636364,1,0.639602149066831,0,3
2017,"花蓮縣","鳳林鎮","N_INDI_55_64",22,0.545454545454545,0.5,0.595800600015101,0,2
2017,"花蓮縣","鳳林鎮","N_INDI_65PLUS",22,0.590909090909091,0,0.734139659030241,0,2
2017,"花蓮縣","鳳林鎮","N_INDI_7_15",22,0.136363636363636,0,0.351250086657104,0,1
2017,"花蓮縣","鳳林鎮","N_INDI_UNDER6",22,0.0454545454545455,0,0.21320071635561,0,1
2017,"苗栗縣","南庄鄉","N_FAMILY",22,4.45454545454545,4.5,2.30377067160759,1,11
2017,"苗栗縣","南庄鄉","N_INDI",22,4.36363636363636,4,2.32062090512031,1,11
2017,"苗栗縣","南庄鄉","N_INDI_16_54",22,2.27272727272727,2,1.8304779022565,0,7
2017,"苗栗縣","南庄鄉","N_INDI_55PLUS",22,1.04545454545455,1,0.843872746402686,0,3
2017,"苗栗縣","南庄鄉","N_INDI_55_64",22,0.545454545454545,0,0.670981706320262,0,2
2017,"苗栗縣","南庄鄉","N_INDI_65PLUS",22,0.5,0,0.740012869900955,0,2
2017,"苗栗縣","南庄鄉","N_INDI_7_15",22,0.636363636363636,0,1.21676599250615,0,4
2017,"苗栗縣","南庄鄉","N_INDI_UNDER6",22,0.409090909090909,0,0.908116360757433,0,3
2017,"苗栗縣","泰安鄉","N_FAMILY",39,3.71794871794872,3,2.84650032541085,1,16
2017,"苗栗縣","泰安鄉","N_INDI",39,3.64102564102564,3,2.87902742612464,1,16
2017,"苗栗縣","泰安鄉","N_INDI_16_54",39,1.48717948717949,1,1.53677370302364,0,6
2017,"苗栗縣","泰安鄉","N_INDI_55PLUS",39,1.1025641025641,1,1.04616773825816,0,4
2017,"苗栗縣","泰安鄉","N_INDI_55_64",39,0.512820512820513,0,0.64366528044657,0,2
2017,"苗栗縣","泰安鄉","N_INDI_65PLUS",39,0.58974358974359,0,0.751067616198811,0,2
2017,"苗栗縣","泰安鄉","N_INDI_7_15",39,0.871794871794872,0,2.19064382724982,0,12
2017,"苗栗縣","泰安鄉","N_INDI_UNDER6",39,0.179487179487179,0,0.601392895123474,0,3
2017,"苗栗縣","獅潭鄉","N_FAMILY",2,2,2,1.4142135623731,1,3
2017,"苗栗縣","獅潭鄉","N_INDI",2,2,2,1.4142135623731,1,3
2017,"苗栗縣","獅潭鄉","N_INDI_16_54",2,0.5,0.5,0.707106781186548,0,1
2017,"苗栗縣","獅潭鄉","N_INDI_55PLUS",2,1.5,1.5,0.707106781186548,1,2
2017,"苗栗縣","獅潭鄉","N_INDI_55_64",2,0,0,0,0,0
2017,"苗栗縣","獅潭鄉","N_INDI_65PLUS",2,1.5,1.5,0.707106781186548,1,2
2017,"苗栗縣","獅潭鄉","N_INDI_7_15",2,0,0,0,0,0
2017,"苗栗縣","獅潭鄉","N_INDI_UNDER6",2,0,0,0,0,0
2017,"苗栗縣","苗栗市","N_FAMILY",28,4.14285714285714,4,2.22301573134311,1,11
2017,"苗栗縣","苗栗市","N_INDI",28,2.67857142857143,3,1.63420773484735,1,7
2017,"苗栗縣","苗栗市","N_INDI_16_54",28,1.92857142857143,2,1.35888220481425,0,5
2017,"苗栗縣","苗栗市","N_INDI_55PLUS",28,0.535714285714286,0,0.692934867183583,0,2
2017,"苗栗縣","苗栗市","N_INDI_55_64",28,0.321428571428571,0,0.475594865605671,0,1
2017,"苗栗縣","苗栗市","N_INDI_65PLUS",28,0.214285714285714,0,0.498675494362064,0,2
2017,"苗栗縣","苗栗市","N_INDI_7_15",28,0.178571428571429,0,0.475594865605671,0,2
2017,"苗栗縣","苗栗市","N_INDI_UNDER6",28,0.0357142857142857,0,0.188982236504614,0,1
2017,"苗栗縣","頭份鎮","N_FAMILY",33,4.6969696969697,4,1.89546907922631,2,11
2017,"苗栗縣","頭份鎮","N_INDI",33,3.21212121212121,3,2.07300469966869,1,11
2017,"苗栗縣","頭份鎮","N_INDI_16_54",33,2,2,1.2747548783982,0,5
2017,"苗栗縣","頭份鎮","N_INDI_55PLUS",33,0.606060606060606,0,0.704423254309596,0,2
2017,"苗栗縣","頭份鎮","N_INDI_55_64",33,0.333333333333333,0,0.540061724867322,0,2
2017,"苗栗縣","頭份鎮","N_INDI_65PLUS",33,0.272727272727273,0,0.452267016866645,0,1
2017,"苗栗縣","頭份鎮","N_INDI_7_15",33,0.363636363636364,0,0.78334945180064,0,3
2017,"苗栗縣","頭份鎮","N_INDI_UNDER6",33,0.242424242424242,0,0.867118180753892,0,4
2017,"雲林縣","北港鎮","N_FAMILY",1,4,4,,4,4
2017,"雲林縣","北港鎮","N_INDI",1,3,3,,3,3
2017,"雲林縣","北港鎮","N_INDI_16_54",1,1,1,,1,1
2017,"雲林縣","北港鎮","N_INDI_55PLUS",1,0,0,,0,0
2017,"雲林縣","北港鎮","N_INDI_55_64",1,0,0,,0,0
2017,"雲林縣","北港鎮","N_INDI_65PLUS",1,0,0,,0,0
2017,"雲林縣","北港鎮","N_INDI_7_15",1,2,2,,2,2
2017,"雲林縣","北港鎮","N_INDI_UNDER6",1,0,0,,0,0
2017,"雲林縣","崙背鄉","N_FAMILY",1,2,2,,2,2
2017,"雲林縣","崙背鄉","N_INDI",1,1,1,,1,1
2017,"雲林縣","崙背鄉","N_INDI_16_54",1,1,1,,1,1
2017,"雲林縣","崙背鄉","N_INDI_55PLUS",1,0,0,,0,0
2017,"雲林縣","崙背鄉","N_INDI_55_64",1,0,0,,0,0
2017,"雲林縣","崙背鄉","N_INDI_65PLUS",1,0,0,,0,0
2017,"雲林縣","崙背鄉","N_INDI_7_15",1,0,0,,0,0
2017,"雲林縣","崙背鄉","N_INDI_UNDER6",1,0,0,,0,0
2017,"雲林縣","斗六市","N_FAMILY",16,4,4,2.12916258968951,1,7
2017,"雲林縣","斗六市","N_INDI",16,2.5625,2.5,1.26326297077581,1,5
2017,"雲林縣","斗六市","N_INDI_16_54",16,1.5,1,1.211060141639,0,4
2017,"雲林縣","斗六市","N_INDI_55PLUS",16,0.375,0,0.5,0,1
2017,"雲林縣","斗六市","N_INDI_55_64",16,0.3125,0,0.478713553878169,0,1
2017,"雲林縣","斗六市","N_INDI_65PLUS",16,0.0625,0,0.25,0,1
2017,"雲林縣","斗六市","N_INDI_7_15",16,0.5,0,0.632455532033676,0,2
2017,"雲林縣","斗六市","N_INDI_UNDER6",16,0.1875,0,0.403112887414928,0,1
2017,"雲林縣","斗南鎮","N_FAMILY",18,2.72222222222222,2,1.87257468414812,1,8
2017,"雲林縣","斗南鎮","N_INDI",18,1.38888888888889,1,0.777544316035229,1,4
2017,"雲林縣","斗南鎮","N_INDI_16_54",18,1.05555555555556,1,0.639137490706142,0,3
2017,"雲林縣","斗南鎮","N_INDI_55PLUS",18,0.166666666666667,0,0.383482494423685,0,1
2017,"雲林縣","斗南鎮","N_INDI_55_64",18,0.166666666666667,0,0.383482494423685,0,1
2017,"雲林縣","斗南鎮","N_INDI_65PLUS",18,0,0,0,0,0
2017,"雲林縣","斗南鎮","N_INDI_7_15",18,0.111111111111111,0,0.323380833381777,0,1
2017,"雲林縣","斗南鎮","N_INDI_UNDER6",18,0.0555555555555556,0,0.235702260395516,0,1
2017,"高雄市","三民區","N_FAMILY",32,3.15625,3,1.62856309117439,1,7
2017,"高雄市","三民區","N_INDI",32,1.78125,1,1.06965098317463,1,4
2017,"高雄市","三民區","N_INDI_16_54",32,1.3125,1,0.997981834471692,0,4
2017,"高雄市","三民區","N_INDI_55PLUS",32,0.25,0,0.508000508000762,0,2
2017,"高雄市","三民區","N_INDI_55_64",32,0.15625,0,0.447889315243931,0,2
2017,"高雄市","三民區","N_INDI_65PLUS",32,0.09375,0,0.296144581080299,0,1
2017,"高雄市","三民區","N_INDI_7_15",32,0.15625,0,0.447889315243931,0,2
2017,"高雄市","三民區","N_INDI_UNDER6",32,0.0625,0,0.245934688418982,0,1
2017,"高雄市","仁武區","N_FAMILY",11,4.18181818181818,4,1.66241882918727,2,7
2017,"高雄市","仁武區","N_INDI",11,3.90909090909091,3,1.75809814598307,2,7
2017,"高雄市","仁武區","N_INDI_16_54",11,2.18181818181818,2,1.25045446283996,0,4
2017,"高雄市","仁武區","N_INDI_55PLUS",11,1.09090909090909,1,1.13618180363404,0,3
2017,"高雄市","仁武區","N_INDI_55_64",11,0.454545454545455,0,0.687551650952329,0,2
2017,"高雄市","仁武區","N_INDI_65PLUS",11,0.636363636363636,0,1.02691063610494,0,3
2017,"高雄市","仁武區","N_INDI_7_15",11,0.363636363636364,0,0.924416277737175,0,3
2017,"高雄市","仁武區","N_INDI_UNDER6",11,0.272727272727273,0,0.467099366496914,0,1
2017,"高雄市","六龜區","N_FAMILY",2,4,4,2.82842712474619,2,6
2017,"高雄市","六龜區","N_INDI",2,3,3,2.82842712474619,1,5
2017,"高雄市","六龜區","N_INDI_16_54",2,1,1,0,1,1
2017,"高雄市","六龜區","N_INDI_55PLUS",2,0.5,0.5,0.707106781186548,0,1
2017,"高雄市","六龜區","N_INDI_55_64",2,0.5,0.5,0.707106781186548,0,1
2017,"高雄市","六龜區","N_INDI_65PLUS",2,0,0,0,0,0
2017,"高雄市","六龜區","N_INDI_7_15",2,1,1,1.4142135623731,0,2
2017,"高雄市","六龜區","N_INDI_UNDER6",2,0.5,0.5,0.707106781186548,0,1
2017,"高雄市","前鎮區","N_FAMILY",5,3.8,4,1.48323969741913,2,6
2017,"高雄市","前鎮區","N_INDI",5,2.6,2,1.81659021245849,1,5
2017,"高雄市","前鎮區","N_INDI_16_54",5,1.4,0,1.94935886896179,0,4
2017,"高雄市","前鎮區","N_INDI_55PLUS",5,1,1,0.707106781186548,0,2
2017,"高雄市","前鎮區","N_INDI_55_64",5,0.8,1,0.447213595499958,0,1
2017,"高雄市","前鎮區","N_INDI_65PLUS",5,0.2,0,0.447213595499958,0,1
2017,"高雄市","前鎮區","N_INDI_7_15",5,0.2,0,0.447213595499958,0,1
2017,"高雄市","前鎮區","N_INDI_UNDER6",5,0,0,0,0,0
2017,"高雄市","大寮區","N_FAMILY",14,4.07142857142857,3,2.7863481949922,2,10
2017,"高雄市","大寮區","N_INDI",14,3.14285714285714,2,2.85164305828554,1,10
2017,"高雄市","大寮區","N_INDI_16_54",14,1.42857142857143,1,1.60356745147455,0,5
2017,"高雄市","大寮區","N_INDI_55PLUS",14,0.714285714285714,1,0.726273039202563,0,2
2017,"高雄市","大寮區","N_INDI_55_64",14,0.428571428571429,0,0.646206172658864,0,2
2017,"高雄市","大寮區","N_INDI_65PLUS",14,0.285714285714286,0,0.468807230938495,0,1
2017,"高雄市","大寮區","N_INDI_7_15",14,0.642857142857143,0,1.27744594087896,0,4
2017,"高雄市","大寮區","N_INDI_UNDER6",14,0.357142857142857,0,0.633323693776651,0,2
2017,"高雄市","小港區","N_FAMILY",54,3.40740740740741,3,1.49866001177301,1,8
2017,"高雄市","小港區","N_INDI",54,2.98148148148148,3,1.48566408174982,1,8
2017,"高雄市","小港區","N_INDI_16_54",54,1.87037037037037,2,1.09967913495721,0,5
2017,"高雄市","小港區","N_INDI_55PLUS",54,0.648148148148148,0,0.850247631129772,0,4
2017,"高雄市","小港區","N_INDI_55_64",54,0.277777777777778,0,0.452108964435865,0,1
2017,"高雄市","小港區","N_INDI_65PLUS",54,0.37037037037037,0,0.784190396025562,0,4
2017,"高雄市","小港區","N_INDI_7_15",54,0.333333333333333,0,0.513956168750047,0,2
2017,"高雄市","小港區","N_INDI_UNDER6",54,0.12962962962963,0,0.390756223591297,0,2
2017,"高雄市","左營區","N_FAMILY",40,3.425,4,1.50021365999681,1,6
2017,"高雄市","左營區","N_INDI",40,2.725,2,1.39573526253259,1,6
2017,"高雄市","左營區","N_INDI_16_54",40,1.65,1,1.18862126550912,0,4
2017,"高雄市","左營區","N_INDI_55PLUS",40,0.525,0,0.750640751932333,0,2
2017,"高雄市","左營區","N_INDI_55_64",40,0.325,0,0.655841600638603,0,2
2017,"高雄市","左營區","N_INDI_65PLUS",40,0.2,0,0.464095480892257,0,2
2017,"高雄市","左營區","N_INDI_7_15",40,0.35,0,0.735544452107173,0,2
2017,"高雄市","左營區","N_INDI_UNDER6",40,0.2,0,0.6076436202502,0,3
2017,"高雄市","桃源區","N_FAMILY",28,3.42857142857143,3.5,1.95180014589707,1,9
2017,"高雄市","桃源區","N_INDI",28,3.21428571428571,3,1.8530683834825,1,9
2017,"高雄市","桃源區","N_INDI_16_54",28,2.25,2,1.69148192751537,0,5
2017,"高雄市","桃源區","N_INDI_55PLUS",28,0.571428571428571,0.5,0.634126487474228,0,2
2017,"高雄市","桃源區","N_INDI_55_64",28,0.357142857142857,0,0.487950036474267,0,1
2017,"高雄市","桃源區","N_INDI_65PLUS",28,0.214285714285714,0,0.417855447018672,0,1
2017,"高雄市","桃源區","N_INDI_7_15",28,0.214285714285714,0,0.568112068830898,0,2
2017,"高雄市","桃源區","N_INDI_UNDER6",28,0.178571428571429,0,0.547964004533647,0,2
2017,"高雄市","梓官區","N_FAMILY",23,4.65217391304348,5,1.77376578478911,1,9
2017,"高雄市","梓官區","N_INDI",23,3.47826086956522,3,1.64785163766731,1,8
2017,"高雄市","梓官區","N_INDI_16_54",23,2.69565217391304,2,1.22232203049976,1,6
2017,"高雄市","梓官區","N_INDI_55PLUS",23,0.130434782608696,0,0.344350221575091,0,1
2017,"高雄市","梓官區","N_INDI_55_64",23,0.0869565217391304,0,0.28810406552003,0,1
2017,"高雄市","梓官區","N_INDI_65PLUS",23,0.0434782608695652,0,0.208514414057075,0,1
2017,"高雄市","梓官區","N_INDI_7_15",23,0.391304347826087,0,0.583027399541909,0,2
2017,"高雄市","梓官區","N_INDI_UNDER6",23,0.260869565217391,0,0.540823555863717,0,2
2017,"高雄市","橋頭區","N_FAMILY",1,4,4,,4,4
2017,"高雄市","橋頭區","N_INDI",1,3,3,,3,3
2017,"高雄市","橋頭區","N_INDI_16_54",1,1,1,,1,1
2017,"高雄市","橋頭區","N_INDI_55PLUS",1,1,1,,1,1
2017,"高雄市","橋頭區","N_INDI_55_64",1,1,1,,1,1
2017,"高雄市","橋頭區","N_INDI_65PLUS",1,0,0,,0,0
2017,"高雄市","橋頭區","N_INDI_7_15",1,1,1,,1,1
2017,"高雄市","橋頭區","N_INDI_UNDER6",1,0,0,,0,0
2017,"高雄市","苓雅區","N_FAMILY",10,4.6,4,2.83627298482435,1,10
2017,"高雄市","苓雅區","N_INDI",10,3.1,2,2.76686746259295,1,10
2017,"高雄市","苓雅區","N_INDI_16_54",10,1.5,1,1.64991582276861,0,6
2017,"高雄市","苓雅區","N_INDI_55PLUS",10,0.5,0.5,0.52704627669473,0,1
2017,"高雄市","苓雅區","N_INDI_55_64",10,0.3,0,0.483045891539648,0,1
2017,"高雄市","苓雅區","N_INDI_65PLUS",10,0.2,0,0.421637021355784,0,1
2017,"高雄市","苓雅區","N_INDI_7_15",10,0.6,0,1.07496769977314,0,3
2017,"高雄市","苓雅區","N_INDI_UNDER6",10,0.5,0,1.08012344973464,0,3
2017,"高雄市","茂林區","N_FAMILY",13,3.69230769230769,3,1.70218562367208,1,7
2017,"高雄市","茂林區","N_INDI",13,3.61538461538462,3,1.75776664826239,1,7
2017,"高雄市","茂林區","N_INDI_16_54",13,3,3,1.68325082306035,0,6
2017,"高雄市","茂林區","N_INDI_55PLUS",13,0.461538461538462,0,0.776250025806185,0,2
2017,"高雄市","茂林區","N_INDI_55_64",13,0.384615384615385,0,0.767947647788304,0,2
2017,"高雄市","茂林區","N_INDI_65PLUS",13,0.0769230769230769,0,0.277350098112615,0,1
2017,"高雄市","茂林區","N_INDI_7_15",13,0.0769230769230769,0,0.277350098112615,0,1
2017,"高雄市","茂林區","N_INDI_UNDER6",13,0.0769230769230769,0,0.277350098112615,0,1
2017,"高雄市","那瑪夏區","N_FAMILY",17,4.23529411764706,3,3.13307779517015,1,11
2017,"高雄市","那瑪夏區","N_INDI",17,4.17647058823529,3,3.18659877686317,1,11
2017,"高雄市","那瑪夏區","N_INDI_16_54",17,2.88235294117647,3,1.83311050339227,0,5
2017,"高雄市","那瑪夏區","N_INDI_55PLUS",17,0.529411764705882,0,0.717430053979439,0,2
2017,"高雄市","那瑪夏區","N_INDI_55_64",17,0.176470588235294,0,0.528594139870924,0,2
2017,"高雄市","那瑪夏區","N_INDI_65PLUS",17,0.352941176470588,0,0.606339062590832,0,2
2017,"高雄市","那瑪夏區","N_INDI_7_15",17,0.411764705882353,0,1.06412073618386,0,4
2017,"高雄市","那瑪夏區","N_INDI_UNDER6",17,0.352941176470588,0,1.05718827974185,0,4
2017,"高雄市","鳥松區","N_FAMILY",8,4.875,4.5,1.35620268186054,3,7
2017,"高雄市","鳥松區","N_INDI",8,2.75,3,1.38873014965883,1,5
2017,"高雄市","鳥松區","N_INDI_16_54",8,1.875,1.5,1.35620268186054,0,4
2017,"高雄市","鳥松區","N_INDI_55PLUS",8,0.5,0.5,0.534522483824849,0,1
2017,"高雄市","鳥松區","N_INDI_55_64",8,0.125,0,0.353553390593274,0,1
2017,"高雄市","鳥松區","N_INDI_65PLUS",8,0.375,0,0.517549169506766,0,1
2017,"高雄市","鳥松區","N_INDI_7_15",8,0.125,0,0.353553390593274,0,1
2017,"高雄市","鳥松區","N_INDI_UNDER6",8,0.25,0,0.462910049886276,0,1
2017,"高雄市","鳳山區","N_FAMILY",65,3.90769230769231,3,1.77414659874717,1,8
2017,"高雄市","鳳山區","N_INDI",65,2.24615384615385,2,1.13234779924789,1,6
2017,"高雄市","鳳山區","N_INDI_16_54",65,1.12307692307692,1,0.780778703997096,0,3
2017,"高雄市","鳳山區","N_INDI_55PLUS",65,0.615384615384615,1,0.654128898142113,0,2
2017,"高雄市","鳳山區","N_INDI_55_64",65,0.446153846153846,0,0.559876359977396,0,2
2017,"高雄市","鳳山區","N_INDI_65PLUS",65,0.169230769230769,0,0.453087697403562,0,2
2017,"高雄市","鳳山區","N_INDI_7_15",65,0.353846153846154,0,0.716562306056869,0,2
2017,"高雄市","鳳山區","N_INDI_UNDER6",65,0.153846153846154,0,0.441261304060914,0,2
2017,"高雄市","鼓山區","N_FAMILY",17,3.70588235294118,4,1.6494205756247,1,8
2017,"高雄市","鼓山區","N_INDI",17,2.35294117647059,2,1.11474080342631,1,4
2017,"高雄市","鼓山區","N_INDI_16_54",17,1.35294117647059,1,1.11474080342631,0,4
2017,"高雄市","鼓山區","N_INDI_55PLUS",17,0.470588235294118,0,0.624264272846798,0,2
2017,"高雄市","鼓山區","N_INDI_55_64",17,0.352941176470588,0,0.606339062590832,0,2
2017,"高雄市","鼓山區","N_INDI_65PLUS",17,0.117647058823529,0,0.332105582077536,0,1
2017,"高雄市","鼓山區","N_INDI_7_15",17,0.470588235294118,0,0.943242218283799,0,3
2017,"高雄市","鼓山區","N_INDI_UNDER6",17,0.0588235294117647,0,0.242535625036333,0,1
2021,"中部地區","未知地區","N_FAMILY",760,3.79605263157895,3,2.13058168985543,1,15
2021,"中部地區","未知地區","N_INDI",760,2.90657894736842,3,1.96757881928435,1,13
2021,"中部地區","未知地區","N_INDI_16_54",760,1.53157894736842,1,1.25279245677034,0,8
2021,"中部地區","未知地區","N_INDI_55PLUS",760,0.688157894736842,1,0.802740218934106,0,6
2021,"中部地區","未知地區","N_INDI_55_64",760,0.372368421052632,0,0.628296038120507,0,6
2021,"中部地區","未知地區","N_INDI_65PLUS",760,0.315789473684211,0,0.578729841692194,0,3
2021,"中部地區","未知地區","N_INDI_7_15",760,0.415789473684211,0,0.826608326745052,0,6
2021,"中部地區","未知地區","N_INDI_UNDER6",760,0.271052631578947,0,0.677283535901771,0,5
2021,"北部地區","未知地區","N_FAMILY",2012,3.88916500994036,4,2.05739183487642,1,21
2021,"北部地區","未知地區","N_INDI",2012,2.81461232604374,2,1.95267866073012,1,20
2021,"北部地區","未知地區","N_INDI_16_54",2012,1.54025844930417,1,1.28483080083563,0,10
2021,"北部地區","未知地區","N_INDI_55PLUS",2012,0.670974155069582,0,0.795369771505178,0,6
2021,"北部地區","未知地區","N_INDI_55_64",2012,0.362823061630219,0,0.624837787009205,0,4
2021,"北部地區","未知地區","N_INDI_65PLUS",2012,0.308151093439364,0,0.559243256040651,0,3
2021,"北部地區","未知地區","N_INDI_7_15",2012,0.381709741550696,0,0.784879140559528,0,7
2021,"北部地區","未知地區","N_INDI_UNDER6",2012,0.221669980119284,0,0.584541109534099,0,5
2021,"南部地區","未知地區","N_FAMILY",1098,3.38706739526412,3,1.94324587191095,1,13
2021,"南部地區","未知地區","N_INDI",1098,2.56284153005464,2,1.75795209395897,1,13
2021,"南部地區","未知地區","N_INDI_16_54",1098,1.31238615664845,1,1.22040220377864,0,8
2021,"南部地區","未知地區","N_INDI_55PLUS",1098,0.743169398907104,1,0.799711530996835,0,5
2021,"南部地區","未知地區","N_INDI_55_64",1098,0.342440801457195,0,0.592602728058029,0,4
2021,"南部地區","未知地區","N_INDI_65PLUS",1098,0.400728597449909,0,0.612598971314399,0,3
2021,"南部地區","未知地區","N_INDI_7_15",1098,0.322404371584699,0,0.727045476778779,0,5
2021,"南部地區","未知地區","N_INDI_UNDER6",1098,0.18488160291439,0,0.520735958588752,0,4
2021,"東部及離島地區","未知地區","N_FAMILY",1539,3.11825860948668,3,1.97060269689109,1,15
2021,"東部及離島地區","未知地區","N_INDI",1539,2.83300844704353,2,1.84969740098785,1,15
2021,"東部及離島地區","未知地區","N_INDI_16_54",1539,1.2722547108512,1,1.26648435611616,0,8
2021,"東部及離島地區","未知地區","N_INDI_55PLUS",1539,1.08706952566602,1,0.898030167516114,0,7
2021,"東部及離島地區","未知地區","N_INDI_55_64",1539,0.48862897985705,0,0.71330974890663,0,7
2021,"東部及離島地區","未知地區","N_INDI_65PLUS",1539,0.598440545808967,0,0.715714497145258,0,5
2021,"東部及離島地區","未知地區","N_INDI_7_15",1539,0.284600389863548,0,0.700800688846333,0,6
2021,"東部及離島地區","未知地區","N_INDI_UNDER6",1539,0.189083820662768,0,0.542100504711811,0,4
