domain,concept_id,concept_label,harmonized_year,source_dataset,source_question_ids,source_question_texts,base_question_ids_103,base_question_texts_103,source_option_code,source_option_text,source_min_value,source_max_value,base_option_code_103,base_option_text_103,base_min_value_103,base_max_value_103,comparison_level,mapping_relation,total_construction_rule,note
expenditure,EXP_TOTAL_SYN,家庭總支出（合成）,91,91_1,23,請問您每個月家庭平均支出是多少?,J1;J2;J3;J4;J5;J6;J7-1;J7-2;J7-3;J7-4;J7-5;J7-6;J7-7;J7-8;J7-9;J7-10,請問您全家每個月用在支付「買菜、水果、非酒精飲料費、零食等」的費用是多少？【過去ㄧ年 | 請問您全家每個月用在支付「房租、水電瓦斯、住宅裝修、建築物保險等」的費用是多少？【過 | 請問您全家每個月用在支付「上下班上下學通勤、搭乘交通工具、汽機車保養/油錢、汽機車保險、 | 請問您全家每個月用在支付「看病就醫、繳醫療保險費、購買醫療用品/設備等」的費用是多少？ | 請問您全家每個月用在支付「抽煙、飲酒、吃檳榔等」的費用是多少？【過去ㄧ年平均每個月的 | 請問您全家每個月用在支付「繳各種稅、勞健保、農漁保險、買彩券、紅白包禮金、捐款」的費 | 打掃家庭/洗衣洗碗/請佣人 □(1)有 □(2)沒有           ○11 | 各項學費/補習費/家教費 □(1)有 □(2)沒有           ○11 | 報紙雜誌書籍文具 □(1)有 □(2)沒有           ○11 | 國內外跟團旅遊/運動娛樂 | 各項貸款/跟會的利息 □(1)有 □(2)沒有           ○11 | 外食費/學生住宿費/自助旅 | 買衣服/鞋子/襪子各項衣物 □(1)有 □(2)沒有           ○11 | 買家具/家庭電器/廚房用具 □(1)有 □(2)沒有           ○11 | 兒童/老人/身心障礙者照顧 □(1)有 □(2)沒有           ○11 | 其他費用 □(1)有 □(2)沒有           ○11,,,,,,,,,derived_total,reported_total_in_source,use_reported_total,若問卷無總支出題，後續 R 以所有可比對支出分項加總為總支出。
expenditure,EXP_TOTAL_SYN,家庭總支出（合成）,91,91_2,23,請問您每個月家庭平均支出是多少?,J1;J2;J3;J4;J5;J6;J7-1;J7-2;J7-3;J7-4;J7-5;J7-6;J7-7;J7-8;J7-9;J7-10,請問您全家每個月用在支付「買菜、水果、非酒精飲料費、零食等」的費用是多少？【過去ㄧ年 | 請問您全家每個月用在支付「房租、水電瓦斯、住宅裝修、建築物保險等」的費用是多少？【過 | 請問您全家每個月用在支付「上下班上下學通勤、搭乘交通工具、汽機車保養/油錢、汽機車保險、 | 請問您全家每個月用在支付「看病就醫、繳醫療保險費、購買醫療用品/設備等」的費用是多少？ | 請問您全家每個月用在支付「抽煙、飲酒、吃檳榔等」的費用是多少？【過去ㄧ年平均每個月的 | 請問您全家每個月用在支付「繳各種稅、勞健保、農漁保險、買彩券、紅白包禮金、捐款」的費 | 打掃家庭/洗衣洗碗/請佣人 □(1)有 □(2)沒有           ○11 | 各項學費/補習費/家教費 □(1)有 □(2)沒有           ○11 | 報紙雜誌書籍文具 □(1)有 □(2)沒有           ○11 | 國內外跟團旅遊/運動娛樂 | 各項貸款/跟會的利息 □(1)有 □(2)沒有           ○11 | 外食費/學生住宿費/自助旅 | 買衣服/鞋子/襪子各項衣物 □(1)有 □(2)沒有           ○11 | 買家具/家庭電器/廚房用具 □(1)有 □(2)沒有           ○11 | 兒童/老人/身心障礙者照顧 □(1)有 □(2)沒有           ○11 | 其他費用 □(1)有 □(2)沒有           ○11,,,,,,,,,derived_total,reported_total_in_source,use_reported_total,若問卷無總支出題，後續 R 以所有可比對支出分項加總為總支出。
expenditure,EXP_TOTAL_SYN,家庭總支出（合成）,95,95,Q12-1;Q12-2;Q12-3;Q12-4;Q12-5;Q12-6;Q12-7;Q12-8;Q12-9;Q12-10;Q12-11;Q12-12;Q12-13;Q12-14,請問您全家每個月用在支付「吃飯、蔬菜魚肉、水果、飲料費等」的費用 | 請問您全家每個月用在支付「房租、水電瓦斯、住宅裝修等」的費用是多 | 請問您全家每個月用在支付「上下班上下學通勤、搭乘交通工具、汽機車 | 請問您全家每個月用在支付「看病就醫、繳保險費、購買醫療設備等」的 | 請問您全家每個月用在支付「抽煙、飲酒、吃檳榔等」的費用是多少？【過 | 請問您全家每個月用在支付「繳各種稅、勞健保、農漁保險、紅白包禮金、 | 請問您全家每個月用在支付「打掃家庭、洗衣洗碗、請傭人等」的費用是 | 請問您全家每個月用在支付「各項學費、補習費、報紙雜誌書籍文具等」 | 請問您全家每個月用在支付「國內外旅遊、運動娛樂消遣」的費用是多少？ | 請問您全家每個月用在支付「利息、各項貸款、跟會」的費用是多少？ | 請問您全家每個月用在支付「買衣服、鞋子、襪子各項衣物」的費用是 | 請問您全家每個月用在支付購買「傢俱、家庭電器、廚房用具等」的費 | 請問您全家每個月用在支付「兒童照顧、老人照顧、身心障礙者照顧等」 | 請問您全家每個月用在支付其他費用，像是「牙膏洗髮精理髮沐浴用品、,J1;J2;J3;J4;J5;J6;J7-1;J7-2;J7-3;J7-4;J7-5;J7-6;J7-7;J7-8;J7-9;J7-10,請問您全家每個月用在支付「買菜、水果、非酒精飲料費、零食等」的費用是多少？【過去ㄧ年 | 請問您全家每個月用在支付「房租、水電瓦斯、住宅裝修、建築物保險等」的費用是多少？【過 | 請問您全家每個月用在支付「上下班上下學通勤、搭乘交通工具、汽機車保養/油錢、汽機車保險、 | 請問您全家每個月用在支付「看病就醫、繳醫療保險費、購買醫療用品/設備等」的費用是多少？ | 請問您全家每個月用在支付「抽煙、飲酒、吃檳榔等」的費用是多少？【過去ㄧ年平均每個月的 | 請問您全家每個月用在支付「繳各種稅、勞健保、農漁保險、買彩券、紅白包禮金、捐款」的費 | 打掃家庭/洗衣洗碗/請佣人 □(1)有 □(2)沒有           ○11 | 各項學費/補習費/家教費 □(1)有 □(2)沒有           ○11 | 報紙雜誌書籍文具 □(1)有 □(2)沒有           ○11 | 國內外跟團旅遊/運動娛樂 | 各項貸款/跟會的利息 □(1)有 □(2)沒有           ○11 | 外食費/學生住宿費/自助旅 | 買衣服/鞋子/襪子各項衣物 □(1)有 □(2)沒有           ○11 | 買家具/家庭電器/廚房用具 □(1)有 □(2)沒有           ○11 | 兒童/老人/身心障礙者照顧 □(1)有 □(2)沒有           ○11 | 其他費用 □(1)有 □(2)沒有           ○11,,,,,,,,,derived_total,derived_total_from_components,sum_of_component_amounts,若問卷無總支出題，後續 R 以所有可比對支出分項加總為總支出。
expenditure,EXP_TOTAL_SYN,家庭總支出（合成）,99,99,J1;J2;J3;J4;J5;J6;J7-1;J7-2;J7-3;J7-4;J7-5;J7-6;J7-7;J7-8,請問您全家每個月用在支付「吃飯、蔬菜魚肉、水果、飲料費等」的費用是多少？【過去ㄧ年 | 請問您全家每個月用在支付「房租、水電瓦斯、住宅裝修等」的費用是多少？【過去ㄧ年帄均 | 請問您全家每個月用在支付「上下班上下學通勤、搭乘交通工具、汽機車保養油錢、市內電話、 | 請問您全家每個月用在支付「看病就醫、繳保險費、購買醫療設備等」的費用是多少？【過去 | 請問您全家每個月用在支付「抽煙、飲酒、吃檳榔等」的費用是多少？【過去ㄧ年帄均每個月 | 請問您全家每個月用在支付「繳各種稅、勞健保、農漁保險、紅白包禮金、捐款」的費用是多 | 打掃家庭/洗衣洗碗/請傭人 1 沒有 2 有 1 2 3 4 5 6 7 8 9 ) ! | 各項學費/補習費/報紙雜誌書 1 沒有 2 有 1 2 3 4 5 6 7 8 9 ) ! | 國內外旅遊/運動娛樂消遣 1 沒有 2 有 1 2 3 4 5 6 7 8 9 ) ! | 利息/各項貸款/跟會 1 沒有 2 有 1 2 3 4 5 6 7 8 9 ) ! | 買衣服/鞋子/襪子各項衣物 1 沒有 2 有 1 2 3 4 5 6 7 8 9 ) ! | 購買傢俱/家庭電器/廚房用具 1 沒有 2 有 1 2 3 4 5 6 7 8 9 ) ! | 兒童照顧/老人照顧/ 身心障礙 1 沒有 2 有 1 2 3 4 5 6 7 8 9 ) ! | 其他費用 1 沒有 2 有 1 2 3 4 5 6 7 8 9 ) !,J1;J2;J3;J4;J5;J6;J7-1;J7-2;J7-3;J7-4;J7-5;J7-6;J7-7;J7-8;J7-9;J7-10,請問您全家每個月用在支付「買菜、水果、非酒精飲料費、零食等」的費用是多少？【過去ㄧ年 | 請問您全家每個月用在支付「房租、水電瓦斯、住宅裝修、建築物保險等」的費用是多少？【過 | 請問您全家每個月用在支付「上下班上下學通勤、搭乘交通工具、汽機車保養/油錢、汽機車保險、 | 請問您全家每個月用在支付「看病就醫、繳醫療保險費、購買醫療用品/設備等」的費用是多少？ | 請問您全家每個月用在支付「抽煙、飲酒、吃檳榔等」的費用是多少？【過去ㄧ年平均每個月的 | 請問您全家每個月用在支付「繳各種稅、勞健保、農漁保險、買彩券、紅白包禮金、捐款」的費 | 打掃家庭/洗衣洗碗/請佣人 □(1)有 □(2)沒有           ○11 | 各項學費/補習費/家教費 □(1)有 □(2)沒有           ○11 | 報紙雜誌書籍文具 □(1)有 □(2)沒有           ○11 | 國內外跟團旅遊/運動娛樂 | 各項貸款/跟會的利息 □(1)有 □(2)沒有           ○11 | 外食費/學生住宿費/自助旅 | 買衣服/鞋子/襪子各項衣物 □(1)有 □(2)沒有           ○11 | 買家具/家庭電器/廚房用具 □(1)有 □(2)沒有           ○11 | 兒童/老人/身心障礙者照顧 □(1)有 □(2)沒有           ○11 | 其他費用 □(1)有 □(2)沒有           ○11,,,,,,,,,derived_total,derived_total_from_components,sum_of_component_amounts,若問卷無總支出題，後續 R 以所有可比對支出分項加總為總支出。
expenditure,EXP_TOTAL_SYN,家庭總支出（合成）,103,103,J1;J2;J3;J4;J5;J6;J7-1;J7-2;J7-3;J7-4;J7-5;J7-6;J7-7;J7-8;J7-9;J7-10,請問您全家每個月用在支付「買菜、水果、非酒精飲料費、零食等」的費用是多少？【過去ㄧ年 | 請問您全家每個月用在支付「房租、水電瓦斯、住宅裝修、建築物保險等」的費用是多少？【過 | 請問您全家每個月用在支付「上下班上下學通勤、搭乘交通工具、汽機車保養/油錢、汽機車保險、 | 請問您全家每個月用在支付「看病就醫、繳醫療保險費、購買醫療用品/設備等」的費用是多少？ | 請問您全家每個月用在支付「抽煙、飲酒、吃檳榔等」的費用是多少？【過去ㄧ年平均每個月的 | 請問您全家每個月用在支付「繳各種稅、勞健保、農漁保險、買彩券、紅白包禮金、捐款」的費 | 打掃家庭/洗衣洗碗/請佣人 □(1)有 □(2)沒有           ○11 | 各項學費/補習費/家教費 □(1)有 □(2)沒有           ○11 | 報紙雜誌書籍文具 □(1)有 □(2)沒有           ○11 | 國內外跟團旅遊/運動娛樂 | 各項貸款/跟會的利息 □(1)有 □(2)沒有           ○11 | 外食費/學生住宿費/自助旅 | 買衣服/鞋子/襪子各項衣物 □(1)有 □(2)沒有           ○11 | 買家具/家庭電器/廚房用具 □(1)有 □(2)沒有           ○11 | 兒童/老人/身心障礙者照顧 □(1)有 □(2)沒有           ○11 | 其他費用 □(1)有 □(2)沒有           ○11,J1;J2;J3;J4;J5;J6;J7-1;J7-2;J7-3;J7-4;J7-5;J7-6;J7-7;J7-8;J7-9;J7-10,請問您全家每個月用在支付「買菜、水果、非酒精飲料費、零食等」的費用是多少？【過去ㄧ年 | 請問您全家每個月用在支付「房租、水電瓦斯、住宅裝修、建築物保險等」的費用是多少？【過 | 請問您全家每個月用在支付「上下班上下學通勤、搭乘交通工具、汽機車保養/油錢、汽機車保險、 | 請問您全家每個月用在支付「看病就醫、繳醫療保險費、購買醫療用品/設備等」的費用是多少？ | 請問您全家每個月用在支付「抽煙、飲酒、吃檳榔等」的費用是多少？【過去ㄧ年平均每個月的 | 請問您全家每個月用在支付「繳各種稅、勞健保、農漁保險、買彩券、紅白包禮金、捐款」的費 | 打掃家庭/洗衣洗碗/請佣人 □(1)有 □(2)沒有           ○11 | 各項學費/補習費/家教費 □(1)有 □(2)沒有           ○11 | 報紙雜誌書籍文具 □(1)有 □(2)沒有           ○11 | 國內外跟團旅遊/運動娛樂 | 各項貸款/跟會的利息 □(1)有 □(2)沒有           ○11 | 外食費/學生住宿費/自助旅 | 買衣服/鞋子/襪子各項衣物 □(1)有 □(2)沒有           ○11 | 買家具/家庭電器/廚房用具 □(1)有 □(2)沒有           ○11 | 兒童/老人/身心障礙者照顧 □(1)有 □(2)沒有           ○11 | 其他費用 □(1)有 □(2)沒有           ○11,,,,,,,,,derived_total,derived_total_from_components,sum_of_component_amounts,若問卷無總支出題，後續 R 以所有可比對支出分項加總為總支出。
expenditure,EXP_TOTAL_SYN,家庭總支出（合成）,106,106,M1;M2;M3;M4;M5;M6;M7-1;M7-2;M7-3;M7-4;M7-5;M7-6;M7-7;M7-8;M7-9;M7-10,請問您全家每個月用在支付「買米/肉/菜、水果、非酒精飲料費、糖果零食等」的費用是多 | 請問您全家每個月用在支付「房租、水電瓦斯、住宅裝修、建築物保險等」的費用是多少？ | 請問您全家每個月用在支付「上下班上下學通勤、搭乘交通工具、汽機車保養/油錢、汽機車保 | 請問您全家每個月用在支付「看病就醫、繳醫療保險費、購買醫療用品/設備等」的費用是多 | 請問您全家每個月用在支付「抽煙、喝酒、吃檳榔等」的費用是多少？【106年平均每個月的金 | 請問您全家每個月用在支付「繳各種稅、勞健保、農漁保險、買彩券、紅白包禮金、捐款」的 | 請家庭佣人(打掃家庭/洗衣洗碗) □(1)有 □(2)沒有           ○11 | 各項學費/補習費/家教費 □(1)有 □(2)沒有           ○11 | 報紙雜誌書籍文具 □(1)有 □(2)沒有           ○11 | 國內外跟團旅遊/運動/電影/展 | 各項貸款/跟會的利息 □(1)有 □(2)沒有           ○11 | 外食費/學生住宿費/自助旅行住 | 買衣服/鞋子/襪子各項衣物 □(1)有 □(2)沒有           ○11 | 買家具/家庭電器/廚房用具 □(1)有 □(2)沒有           ○11 | 保姆費/安養院/身障者照顧 □(1)有 □(2)沒有           ○11 | 其他費用 □(1)有 □(2)沒有           ○11,J1;J2;J3;J4;J5;J6;J7-1;J7-2;J7-3;J7-4;J7-5;J7-6;J7-7;J7-8;J7-9;J7-10,請問您全家每個月用在支付「買菜、水果、非酒精飲料費、零食等」的費用是多少？【過去ㄧ年 | 請問您全家每個月用在支付「房租、水電瓦斯、住宅裝修、建築物保險等」的費用是多少？【過 | 請問您全家每個月用在支付「上下班上下學通勤、搭乘交通工具、汽機車保養/油錢、汽機車保險、 | 請問您全家每個月用在支付「看病就醫、繳醫療保險費、購買醫療用品/設備等」的費用是多少？ | 請問您全家每個月用在支付「抽煙、飲酒、吃檳榔等」的費用是多少？【過去ㄧ年平均每個月的 | 請問您全家每個月用在支付「繳各種稅、勞健保、農漁保險、買彩券、紅白包禮金、捐款」的費 | 打掃家庭/洗衣洗碗/請佣人 □(1)有 □(2)沒有           ○11 | 各項學費/補習費/家教費 □(1)有 □(2)沒有           ○11 | 報紙雜誌書籍文具 □(1)有 □(2)沒有           ○11 | 國內外跟團旅遊/運動娛樂 | 各項貸款/跟會的利息 □(1)有 □(2)沒有           ○11 | 外食費/學生住宿費/自助旅 | 買衣服/鞋子/襪子各項衣物 □(1)有 □(2)沒有           ○11 | 買家具/家庭電器/廚房用具 □(1)有 □(2)沒有           ○11 | 兒童/老人/身心障礙者照顧 □(1)有 □(2)沒有           ○11 | 其他費用 □(1)有 □(2)沒有           ○11,,,,,,,,,derived_total,derived_total_from_components,sum_of_component_amounts,若問卷無總支出題，後續 R 以所有可比對支出分項加總為總支出。
expenditure,EXP_TOTAL_SYN,家庭總支出（合成）,110,110,H1;H2;H3;H4;H5;H6;H7-1;H7-2;H7-3;H7-4;H7-5;H7-6;H7-7;H7-8;H7-9;H7-10,請問您全家每個月用在支付「買米/肉/菜、水果、非酒精飲料費、糖果零食等」的費用是多少？ | 請問您全家每個月用在支付「房租、水電瓦斯、住宅裝修、建築物保險等」的費用是多少？ | 請問您全家每個月用在支付「上下班上下學通勤、搭乘交通工具、汽機車保養/油錢、汽機車保 | 請問您全家每個月用在支付「看病就醫、繳醫療保險費、購買醫療用品/設備等」的費用是多 | 請問您全家每個月用在支付「抽煙、喝酒、吃檳榔等」的費用是多少？【110年平均每個月的金 | 請問您全家每個月用在支付「繳各種稅、勞健保、農漁保險、買彩券、紅白包禮金、捐款」的費 | 請家庭佣人(打掃家庭/洗衣洗碗) □(1)有 □(2)沒有           ○11 | 各項學費/補習費/家教費 □(1)有 □(2)沒有           ○11 | 報紙雜誌書籍文具 □(1)有 □(2)沒有           ○11 | 國內外跟團旅遊/運動/電影/展覽 | 各項貸款/跟會的利息 □(1)有 □(2)沒有           ○11 | 外食費/學生住宿費/自助旅行住 | 買衣服/鞋子/襪子各項衣物 □(1)有 □(2)沒有           ○11 | 買家具/家庭電器/廚房用具 □(1)有 □(2)沒有           ○11 | 保姆費/安養院/身障者照顧 □(1)有 □(2)沒有           ○11 | 其他費用 □(1)有 □(2)沒有           ○11,J1;J2;J3;J4;J5;J6;J7-1;J7-2;J7-3;J7-4;J7-5;J7-6;J7-7;J7-8;J7-9;J7-10,請問您全家每個月用在支付「買菜、水果、非酒精飲料費、零食等」的費用是多少？【過去ㄧ年 | 請問您全家每個月用在支付「房租、水電瓦斯、住宅裝修、建築物保險等」的費用是多少？【過 | 請問您全家每個月用在支付「上下班上下學通勤、搭乘交通工具、汽機車保養/油錢、汽機車保險、 | 請問您全家每個月用在支付「看病就醫、繳醫療保險費、購買醫療用品/設備等」的費用是多少？ | 請問您全家每個月用在支付「抽煙、飲酒、吃檳榔等」的費用是多少？【過去ㄧ年平均每個月的 | 請問您全家每個月用在支付「繳各種稅、勞健保、農漁保險、買彩券、紅白包禮金、捐款」的費 | 打掃家庭/洗衣洗碗/請佣人 □(1)有 □(2)沒有           ○11 | 各項學費/補習費/家教費 □(1)有 □(2)沒有           ○11 | 報紙雜誌書籍文具 □(1)有 □(2)沒有           ○11 | 國內外跟團旅遊/運動娛樂 | 各項貸款/跟會的利息 □(1)有 □(2)沒有           ○11 | 外食費/學生住宿費/自助旅 | 買衣服/鞋子/襪子各項衣物 □(1)有 □(2)沒有           ○11 | 買家具/家庭電器/廚房用具 □(1)有 □(2)沒有           ○11 | 兒童/老人/身心障礙者照顧 □(1)有 □(2)沒有           ○11 | 其他費用 □(1)有 □(2)沒有           ○11,,,,,,,,,derived_total,derived_total_from_components,sum_of_component_amounts,若問卷無總支出題，後續 R 以所有可比對支出分項加總為總支出。
expenditure,EXP_FOOD,食品飲食支出,91,91_1,23-1,請問每個月家庭平均支出中，食品消費是多少?(日常生活吃的部分，但不包含酒、菸、檳,J1,請問您全家每個月用在支付「買菜、水果、非酒精飲料費、零食等」的費用是多少？【過去ㄧ年,1,"未滿3,000元",0,2999,1,"2,999 元及以下",0,999,option,source_bin_spans_multiple_base_bins,source_question,91 食品消費；95 之後為買菜/飲料/零食等。
expenditure,EXP_FOOD,食品飲食支出,91,91_1,23-1,請問每個月家庭平均支出中，食品消費是多少?(日常生活吃的部分，但不包含酒、菸、檳,J1,請問您全家每個月用在支付「買菜、水果、非酒精飲料費、零食等」的費用是多少？【過去ㄧ年,2,"3,000元至未滿5,000元",3000,4999,2,"3,000-4,999 元",3000,4999,option,exact_range,source_question,91 食品消費；95 之後為買菜/飲料/零食等。
expenditure,EXP_FOOD,食品飲食支出,91,91_1,23-1,請問每個月家庭平均支出中，食品消費是多少?(日常生活吃的部分，但不包含酒、菸、檳,J1,請問您全家每個月用在支付「買菜、水果、非酒精飲料費、零食等」的費用是多少？【過去ㄧ年,3,"5,000元至未滿1萬元",5000,9999,3,"5,000-6,999 元",5000,6999,option,source_bin_spans_multiple_base_bins,source_question,91 食品消費；95 之後為買菜/飲料/零食等。
expenditure,EXP_FOOD,食品飲食支出,91,91_1,23-1,請問每個月家庭平均支出中，食品消費是多少?(日常生活吃的部分，但不包含酒、菸、檳,J1,請問您全家每個月用在支付「買菜、水果、非酒精飲料費、零食等」的費用是多少？【過去ㄧ年,3,"5,000元至未滿1萬元",5000,9999,4,"7,000-9,999 元",7000,9999,option,source_bin_spans_multiple_base_bins,source_question,91 食品消費；95 之後為買菜/飲料/零食等。
expenditure,EXP_FOOD,食品飲食支出,91,91_1,23-1,請問每個月家庭平均支出中，食品消費是多少?(日常生活吃的部分，但不包含酒、菸、檳,J1,請問您全家每個月用在支付「買菜、水果、非酒精飲料費、零食等」的費用是多少？【過去ㄧ年,4,1萬元至未滿2萬元,10000,19999,5,"10,000-11,999 元",10000,11999,option,source_bin_spans_multiple_base_bins,source_question,91 食品消費；95 之後為買菜/飲料/零食等。
expenditure,EXP_FOOD,食品飲食支出,91,91_1,23-1,請問每個月家庭平均支出中，食品消費是多少?(日常生活吃的部分，但不包含酒、菸、檳,J1,請問您全家每個月用在支付「買菜、水果、非酒精飲料費、零食等」的費用是多少？【過去ㄧ年,4,1萬元至未滿2萬元,10000,19999,6,"12,000-14,999 元",12000,14999,option,source_bin_spans_multiple_base_bins,source_question,91 食品消費；95 之後為買菜/飲料/零食等。
expenditure,EXP_FOOD,食品飲食支出,91,91_1,23-1,請問每個月家庭平均支出中，食品消費是多少?(日常生活吃的部分，但不包含酒、菸、檳,J1,請問您全家每個月用在支付「買菜、水果、非酒精飲料費、零食等」的費用是多少？【過去ㄧ年,4,1萬元至未滿2萬元,10000,19999,7,"15,000-19,999 元",15000,19999,option,source_bin_spans_multiple_base_bins,source_question,91 食品消費；95 之後為買菜/飲料/零食等。
expenditure,EXP_FOOD,食品飲食支出,91,91_1,23-1,請問每個月家庭平均支出中，食品消費是多少?(日常生活吃的部分，但不包含酒、菸、檳,J1,請問您全家每個月用在支付「買菜、水果、非酒精飲料費、零食等」的費用是多少？【過去ㄧ年,5,2萬元至未滿3萬元,20000,29999,8,"20,000-29,999 元",20000,29999,option,exact_range,source_question,91 食品消費；95 之後為買菜/飲料/零食等。
expenditure,EXP_FOOD,食品飲食支出,91,91_1,23-1,請問每個月家庭平均支出中，食品消費是多少?(日常生活吃的部分，但不包含酒、菸、檳,J1,請問您全家每個月用在支付「買菜、水果、非酒精飲料費、零食等」的費用是多少？【過去ㄧ年,6,3萬元至未滿4萬元,30000,39999,9,"30,000-39,999 元",30000,39999,option,exact_range,source_question,91 食品消費；95 之後為買菜/飲料/零食等。
expenditure,EXP_FOOD,食品飲食支出,91,91_1,23-1,請問每個月家庭平均支出中，食品消費是多少?(日常生活吃的部分，但不包含酒、菸、檳,J1,請問您全家每個月用在支付「買菜、水果、非酒精飲料費、零食等」的費用是多少？【過去ㄧ年,7,4萬元至未滿5萬元,40000,49999,10,"40,000-49,999 元",40000,49999,option,exact_range,source_question,91 食品消費；95 之後為買菜/飲料/零食等。
expenditure,EXP_FOOD,食品飲食支出,91,91_1,23-1,請問每個月家庭平均支出中，食品消費是多少?(日常生活吃的部分，但不包含酒、菸、檳,J1,請問您全家每個月用在支付「買菜、水果、非酒精飲料費、零食等」的費用是多少？【過去ㄧ年,8,5萬元以上（請記錄金額）,50000,,11,"50,000-59,999 元",50000,59999,option,source_bin_spans_multiple_base_bins,source_question,91 食品消費；95 之後為買菜/飲料/零食等。
expenditure,EXP_FOOD,食品飲食支出,91,91_1,23-1,請問每個月家庭平均支出中，食品消費是多少?(日常生活吃的部分，但不包含酒、菸、檳,J1,請問您全家每個月用在支付「買菜、水果、非酒精飲料費、零食等」的費用是多少？【過去ㄧ年,8,5萬元以上（請記錄金額）,50000,,12,"60,000-69,999 元",60000,69999,option,source_bin_spans_multiple_base_bins,source_question,91 食品消費；95 之後為買菜/飲料/零食等。
expenditure,EXP_FOOD,食品飲食支出,91,91_1,23-1,請問每個月家庭平均支出中，食品消費是多少?(日常生活吃的部分，但不包含酒、菸、檳,J1,請問您全家每個月用在支付「買菜、水果、非酒精飲料費、零食等」的費用是多少？【過去ㄧ年,8,5萬元以上（請記錄金額）,50000,,13,"70,000 元及以上，請記錄______________元",70000,,option,source_bin_spans_multiple_base_bins,source_question,91 食品消費；95 之後為買菜/飲料/零食等。
expenditure,EXP_FOOD,食品飲食支出,91,91_2,23-1,請問每個月家庭平均支出中，食品消費是多少?(日常生活吃的部分，但不包含酒、菸、檳,J1,請問您全家每個月用在支付「買菜、水果、非酒精飲料費、零食等」的費用是多少？【過去ㄧ年,1,"未滿3,000元",0,2999,1,"2,999 元及以下",0,999,option,source_bin_spans_multiple_base_bins,source_question,91 食品消費；95 之後為買菜/飲料/零食等。
expenditure,EXP_FOOD,食品飲食支出,91,91_2,23-1,請問每個月家庭平均支出中，食品消費是多少?(日常生活吃的部分，但不包含酒、菸、檳,J1,請問您全家每個月用在支付「買菜、水果、非酒精飲料費、零食等」的費用是多少？【過去ㄧ年,2,"3,000元至未滿5,000元",3000,4999,2,"3,000-4,999 元",3000,4999,option,exact_range,source_question,91 食品消費；95 之後為買菜/飲料/零食等。
expenditure,EXP_FOOD,食品飲食支出,91,91_2,23-1,請問每個月家庭平均支出中，食品消費是多少?(日常生活吃的部分，但不包含酒、菸、檳,J1,請問您全家每個月用在支付「買菜、水果、非酒精飲料費、零食等」的費用是多少？【過去ㄧ年,3,"5,000元至未滿1萬元",5000,9999,3,"5,000-6,999 元",5000,6999,option,source_bin_spans_multiple_base_bins,source_question,91 食品消費；95 之後為買菜/飲料/零食等。
expenditure,EXP_FOOD,食品飲食支出,91,91_2,23-1,請問每個月家庭平均支出中，食品消費是多少?(日常生活吃的部分，但不包含酒、菸、檳,J1,請問您全家每個月用在支付「買菜、水果、非酒精飲料費、零食等」的費用是多少？【過去ㄧ年,3,"5,000元至未滿1萬元",5000,9999,4,"7,000-9,999 元",7000,9999,option,source_bin_spans_multiple_base_bins,source_question,91 食品消費；95 之後為買菜/飲料/零食等。
expenditure,EXP_FOOD,食品飲食支出,91,91_2,23-1,請問每個月家庭平均支出中，食品消費是多少?(日常生活吃的部分，但不包含酒、菸、檳,J1,請問您全家每個月用在支付「買菜、水果、非酒精飲料費、零食等」的費用是多少？【過去ㄧ年,4,1萬元至未滿2萬元,10000,19999,5,"10,000-11,999 元",10000,11999,option,source_bin_spans_multiple_base_bins,source_question,91 食品消費；95 之後為買菜/飲料/零食等。
expenditure,EXP_FOOD,食品飲食支出,91,91_2,23-1,請問每個月家庭平均支出中，食品消費是多少?(日常生活吃的部分，但不包含酒、菸、檳,J1,請問您全家每個月用在支付「買菜、水果、非酒精飲料費、零食等」的費用是多少？【過去ㄧ年,4,1萬元至未滿2萬元,10000,19999,6,"12,000-14,999 元",12000,14999,option,source_bin_spans_multiple_base_bins,source_question,91 食品消費；95 之後為買菜/飲料/零食等。
expenditure,EXP_FOOD,食品飲食支出,91,91_2,23-1,請問每個月家庭平均支出中，食品消費是多少?(日常生活吃的部分，但不包含酒、菸、檳,J1,請問您全家每個月用在支付「買菜、水果、非酒精飲料費、零食等」的費用是多少？【過去ㄧ年,4,1萬元至未滿2萬元,10000,19999,7,"15,000-19,999 元",15000,19999,option,source_bin_spans_multiple_base_bins,source_question,91 食品消費；95 之後為買菜/飲料/零食等。
expenditure,EXP_FOOD,食品飲食支出,91,91_2,23-1,請問每個月家庭平均支出中，食品消費是多少?(日常生活吃的部分，但不包含酒、菸、檳,J1,請問您全家每個月用在支付「買菜、水果、非酒精飲料費、零食等」的費用是多少？【過去ㄧ年,5,2萬元至未滿3萬元,20000,29999,8,"20,000-29,999 元",20000,29999,option,exact_range,source_question,91 食品消費；95 之後為買菜/飲料/零食等。
expenditure,EXP_FOOD,食品飲食支出,91,91_2,23-1,請問每個月家庭平均支出中，食品消費是多少?(日常生活吃的部分，但不包含酒、菸、檳,J1,請問您全家每個月用在支付「買菜、水果、非酒精飲料費、零食等」的費用是多少？【過去ㄧ年,6,3萬元至未滿4萬元,30000,39999,9,"30,000-39,999 元",30000,39999,option,exact_range,source_question,91 食品消費；95 之後為買菜/飲料/零食等。
expenditure,EXP_FOOD,食品飲食支出,91,91_2,23-1,請問每個月家庭平均支出中，食品消費是多少?(日常生活吃的部分，但不包含酒、菸、檳,J1,請問您全家每個月用在支付「買菜、水果、非酒精飲料費、零食等」的費用是多少？【過去ㄧ年,7,4萬元至未滿5萬元,40000,49999,10,"40,000-49,999 元",40000,49999,option,exact_range,source_question,91 食品消費；95 之後為買菜/飲料/零食等。
expenditure,EXP_FOOD,食品飲食支出,91,91_2,23-1,請問每個月家庭平均支出中，食品消費是多少?(日常生活吃的部分，但不包含酒、菸、檳,J1,請問您全家每個月用在支付「買菜、水果、非酒精飲料費、零食等」的費用是多少？【過去ㄧ年,8,5萬元以上（請記錄金額）,50000,,11,"50,000-59,999 元",50000,59999,option,source_bin_spans_multiple_base_bins,source_question,91 食品消費；95 之後為買菜/飲料/零食等。
expenditure,EXP_FOOD,食品飲食支出,91,91_2,23-1,請問每個月家庭平均支出中，食品消費是多少?(日常生活吃的部分，但不包含酒、菸、檳,J1,請問您全家每個月用在支付「買菜、水果、非酒精飲料費、零食等」的費用是多少？【過去ㄧ年,8,5萬元以上（請記錄金額）,50000,,12,"60,000-69,999 元",60000,69999,option,source_bin_spans_multiple_base_bins,source_question,91 食品消費；95 之後為買菜/飲料/零食等。
expenditure,EXP_FOOD,食品飲食支出,91,91_2,23-1,請問每個月家庭平均支出中，食品消費是多少?(日常生活吃的部分，但不包含酒、菸、檳,J1,請問您全家每個月用在支付「買菜、水果、非酒精飲料費、零食等」的費用是多少？【過去ㄧ年,8,5萬元以上（請記錄金額）,50000,,13,"70,000 元及以上，請記錄______________元",70000,,option,source_bin_spans_multiple_base_bins,source_question,91 食品消費；95 之後為買菜/飲料/零食等。
expenditure,EXP_FOOD,食品飲食支出,95,95,Q12-1,請問您全家每個月用在支付「吃飯、蔬菜魚肉、水果、飲料費等」的費用,J1,請問您全家每個月用在支付「買菜、水果、非酒精飲料費、零食等」的費用是多少？【過去ㄧ年,1,"2,999元及以下",0,999,1,"2,999 元及以下",0,999,option,exact_range,source_question,91 食品消費；95 之後為買菜/飲料/零食等。
expenditure,EXP_FOOD,食品飲食支出,95,95,Q12-1,請問您全家每個月用在支付「吃飯、蔬菜魚肉、水果、飲料費等」的費用,J1,請問您全家每個月用在支付「買菜、水果、非酒精飲料費、零食等」的費用是多少？【過去ㄧ年,2,"3,000-4,999元",3000,4999,2,"3,000-4,999 元",3000,4999,option,exact_range,source_question,91 食品消費；95 之後為買菜/飲料/零食等。
expenditure,EXP_FOOD,食品飲食支出,95,95,Q12-1,請問您全家每個月用在支付「吃飯、蔬菜魚肉、水果、飲料費等」的費用,J1,請問您全家每個月用在支付「買菜、水果、非酒精飲料費、零食等」的費用是多少？【過去ㄧ年,3,"5,000-9,999 元",5000,9999,3,"5,000-6,999 元",5000,6999,option,source_bin_spans_multiple_base_bins,source_question,91 食品消費；95 之後為買菜/飲料/零食等。
expenditure,EXP_FOOD,食品飲食支出,95,95,Q12-1,請問您全家每個月用在支付「吃飯、蔬菜魚肉、水果、飲料費等」的費用,J1,請問您全家每個月用在支付「買菜、水果、非酒精飲料費、零食等」的費用是多少？【過去ㄧ年,3,"5,000-9,999 元",5000,9999,4,"7,000-9,999 元",7000,9999,option,source_bin_spans_multiple_base_bins,source_question,91 食品消費；95 之後為買菜/飲料/零食等。
expenditure,EXP_FOOD,食品飲食支出,95,95,Q12-1,請問您全家每個月用在支付「吃飯、蔬菜魚肉、水果、飲料費等」的費用,J1,請問您全家每個月用在支付「買菜、水果、非酒精飲料費、零食等」的費用是多少？【過去ㄧ年,4,"10,000-14,999元",10000,14999,5,"10,000-11,999 元",10000,11999,option,source_bin_spans_multiple_base_bins,source_question,91 食品消費；95 之後為買菜/飲料/零食等。
expenditure,EXP_FOOD,食品飲食支出,95,95,Q12-1,請問您全家每個月用在支付「吃飯、蔬菜魚肉、水果、飲料費等」的費用,J1,請問您全家每個月用在支付「買菜、水果、非酒精飲料費、零食等」的費用是多少？【過去ㄧ年,4,"10,000-14,999元",10000,14999,6,"12,000-14,999 元",12000,14999,option,source_bin_spans_multiple_base_bins,source_question,91 食品消費；95 之後為買菜/飲料/零食等。
expenditure,EXP_FOOD,食品飲食支出,95,95,Q12-1,請問您全家每個月用在支付「吃飯、蔬菜魚肉、水果、飲料費等」的費用,J1,請問您全家每個月用在支付「買菜、水果、非酒精飲料費、零食等」的費用是多少？【過去ㄧ年,5,"15,000-19,999 元",15000,19999,7,"15,000-19,999 元",15000,19999,option,exact_range,source_question,91 食品消費；95 之後為買菜/飲料/零食等。
expenditure,EXP_FOOD,食品飲食支出,95,95,Q12-1,請問您全家每個月用在支付「吃飯、蔬菜魚肉、水果、飲料費等」的費用,J1,請問您全家每個月用在支付「買菜、水果、非酒精飲料費、零食等」的費用是多少？【過去ㄧ年,6,"20,000-29,999元",20000,29999,8,"20,000-29,999 元",20000,29999,option,exact_range,source_question,91 食品消費；95 之後為買菜/飲料/零食等。
expenditure,EXP_FOOD,食品飲食支出,95,95,Q12-1,請問您全家每個月用在支付「吃飯、蔬菜魚肉、水果、飲料費等」的費用,J1,請問您全家每個月用在支付「買菜、水果、非酒精飲料費、零食等」的費用是多少？【過去ㄧ年,7,"30,000-39,999 元",30000,39999,9,"30,000-39,999 元",30000,39999,option,exact_range,source_question,91 食品消費；95 之後為買菜/飲料/零食等。
expenditure,EXP_FOOD,食品飲食支出,95,95,Q12-1,請問您全家每個月用在支付「吃飯、蔬菜魚肉、水果、飲料費等」的費用,J1,請問您全家每個月用在支付「買菜、水果、非酒精飲料費、零食等」的費用是多少？【過去ㄧ年,8,"40,000-49,999元",40000,49999,10,"40,000-49,999 元",40000,49999,option,exact_range,source_question,91 食品消費；95 之後為買菜/飲料/零食等。
expenditure,EXP_FOOD,食品飲食支出,95,95,Q12-1,請問您全家每個月用在支付「吃飯、蔬菜魚肉、水果、飲料費等」的費用,J1,請問您全家每個月用在支付「買菜、水果、非酒精飲料費、零食等」的費用是多少？【過去ㄧ年,9,"50,000-59,999 元",50000,59999,11,"50,000-59,999 元",50000,59999,option,exact_range,source_question,91 食品消費；95 之後為買菜/飲料/零食等。
expenditure,EXP_FOOD,食品飲食支出,95,95,Q12-1,請問您全家每個月用在支付「吃飯、蔬菜魚肉、水果、飲料費等」的費用,J1,請問您全家每個月用在支付「買菜、水果、非酒精飲料費、零食等」的費用是多少？【過去ㄧ年,10,"60,000-69,999元",60000,69999,12,"60,000-69,999 元",60000,69999,option,exact_range,source_question,91 食品消費；95 之後為買菜/飲料/零食等。
expenditure,EXP_FOOD,食品飲食支出,95,95,Q12-1,請問您全家每個月用在支付「吃飯、蔬菜魚肉、水果、飲料費等」的費用,J1,請問您全家每個月用在支付「買菜、水果、非酒精飲料費、零食等」的費用是多少？【過去ㄧ年,90,"70,000元及以上，請記錄 元",70000,,13,"70,000 元及以上，請記錄______________元",70000,,option,exact_open_upper,source_question,91 食品消費；95 之後為買菜/飲料/零食等。
expenditure,EXP_FOOD,食品飲食支出,95,95,Q12-1,請問您全家每個月用在支付「吃飯、蔬菜魚肉、水果、飲料費等」的費用,J1,請問您全家每個月用在支付「買菜、水果、非酒精飲料費、零食等」的費用是多少？【過去ㄧ年,95,沒有這項支出,0,0,,,,,option,no_matching_103_option_bin,source_question,91 食品消費；95 之後為買菜/飲料/零食等。
expenditure,EXP_FOOD,食品飲食支出,99,99,J1,請問您全家每個月用在支付「吃飯、蔬菜魚肉、水果、飲料費等」的費用是多少？【過去ㄧ年,J1,請問您全家每個月用在支付「買菜、水果、非酒精飲料費、零食等」的費用是多少？【過去ㄧ年,1,"2,999 元及以下",0,999,1,"2,999 元及以下",0,999,option,exact_range,source_question,91 食品消費；95 之後為買菜/飲料/零食等。
expenditure,EXP_FOOD,食品飲食支出,99,99,J1,請問您全家每個月用在支付「吃飯、蔬菜魚肉、水果、飲料費等」的費用是多少？【過去ㄧ年,J1,請問您全家每個月用在支付「買菜、水果、非酒精飲料費、零食等」的費用是多少？【過去ㄧ年,2,"3,000-4,999 元",3000,4999,2,"3,000-4,999 元",3000,4999,option,exact_range,source_question,91 食品消費；95 之後為買菜/飲料/零食等。
expenditure,EXP_FOOD,食品飲食支出,99,99,J1,請問您全家每個月用在支付「吃飯、蔬菜魚肉、水果、飲料費等」的費用是多少？【過去ㄧ年,J1,請問您全家每個月用在支付「買菜、水果、非酒精飲料費、零食等」的費用是多少？【過去ㄧ年,3,"5,000-9,999 元",5000,9999,3,"5,000-6,999 元",5000,6999,option,source_bin_spans_multiple_base_bins,source_question,91 食品消費；95 之後為買菜/飲料/零食等。
expenditure,EXP_FOOD,食品飲食支出,99,99,J1,請問您全家每個月用在支付「吃飯、蔬菜魚肉、水果、飲料費等」的費用是多少？【過去ㄧ年,J1,請問您全家每個月用在支付「買菜、水果、非酒精飲料費、零食等」的費用是多少？【過去ㄧ年,3,"5,000-9,999 元",5000,9999,4,"7,000-9,999 元",7000,9999,option,source_bin_spans_multiple_base_bins,source_question,91 食品消費；95 之後為買菜/飲料/零食等。
expenditure,EXP_FOOD,食品飲食支出,99,99,J1,請問您全家每個月用在支付「吃飯、蔬菜魚肉、水果、飲料費等」的費用是多少？【過去ㄧ年,J1,請問您全家每個月用在支付「買菜、水果、非酒精飲料費、零食等」的費用是多少？【過去ㄧ年,4,"10,000-14,999 元",10000,14999,5,"10,000-11,999 元",10000,11999,option,source_bin_spans_multiple_base_bins,source_question,91 食品消費；95 之後為買菜/飲料/零食等。
expenditure,EXP_FOOD,食品飲食支出,99,99,J1,請問您全家每個月用在支付「吃飯、蔬菜魚肉、水果、飲料費等」的費用是多少？【過去ㄧ年,J1,請問您全家每個月用在支付「買菜、水果、非酒精飲料費、零食等」的費用是多少？【過去ㄧ年,4,"10,000-14,999 元",10000,14999,6,"12,000-14,999 元",12000,14999,option,source_bin_spans_multiple_base_bins,source_question,91 食品消費；95 之後為買菜/飲料/零食等。
expenditure,EXP_FOOD,食品飲食支出,99,99,J1,請問您全家每個月用在支付「吃飯、蔬菜魚肉、水果、飲料費等」的費用是多少？【過去ㄧ年,J1,請問您全家每個月用在支付「買菜、水果、非酒精飲料費、零食等」的費用是多少？【過去ㄧ年,5,"15,000-19,999 元",15000,19999,7,"15,000-19,999 元",15000,19999,option,exact_range,source_question,91 食品消費；95 之後為買菜/飲料/零食等。
expenditure,EXP_FOOD,食品飲食支出,99,99,J1,請問您全家每個月用在支付「吃飯、蔬菜魚肉、水果、飲料費等」的費用是多少？【過去ㄧ年,J1,請問您全家每個月用在支付「買菜、水果、非酒精飲料費、零食等」的費用是多少？【過去ㄧ年,6,"20,000-29,999 元",20000,29999,8,"20,000-29,999 元",20000,29999,option,exact_range,source_question,91 食品消費；95 之後為買菜/飲料/零食等。
expenditure,EXP_FOOD,食品飲食支出,99,99,J1,請問您全家每個月用在支付「吃飯、蔬菜魚肉、水果、飲料費等」的費用是多少？【過去ㄧ年,J1,請問您全家每個月用在支付「買菜、水果、非酒精飲料費、零食等」的費用是多少？【過去ㄧ年,7,"30,000-39,999 元",30000,39999,9,"30,000-39,999 元",30000,39999,option,exact_range,source_question,91 食品消費；95 之後為買菜/飲料/零食等。
expenditure,EXP_FOOD,食品飲食支出,99,99,J1,請問您全家每個月用在支付「吃飯、蔬菜魚肉、水果、飲料費等」的費用是多少？【過去ㄧ年,J1,請問您全家每個月用在支付「買菜、水果、非酒精飲料費、零食等」的費用是多少？【過去ㄧ年,8,"40,000-49,999 元",40000,49999,10,"40,000-49,999 元",40000,49999,option,exact_range,source_question,91 食品消費；95 之後為買菜/飲料/零食等。
expenditure,EXP_FOOD,食品飲食支出,99,99,J1,請問您全家每個月用在支付「吃飯、蔬菜魚肉、水果、飲料費等」的費用是多少？【過去ㄧ年,J1,請問您全家每個月用在支付「買菜、水果、非酒精飲料費、零食等」的費用是多少？【過去ㄧ年,9,"50,000-59,999 元",50000,59999,11,"50,000-59,999 元",50000,59999,option,exact_range,source_question,91 食品消費；95 之後為買菜/飲料/零食等。
expenditure,EXP_FOOD,食品飲食支出,99,99,J1,請問您全家每個月用在支付「吃飯、蔬菜魚肉、水果、飲料費等」的費用是多少？【過去ㄧ年,J1,請問您全家每個月用在支付「買菜、水果、非酒精飲料費、零食等」的費用是多少？【過去ㄧ年,10,"60,000-69,999 元",60000,69999,12,"60,000-69,999 元",60000,69999,option,exact_range,source_question,91 食品消費；95 之後為買菜/飲料/零食等。
expenditure,EXP_FOOD,食品飲食支出,99,99,J1,請問您全家每個月用在支付「吃飯、蔬菜魚肉、水果、飲料費等」的費用是多少？【過去ㄧ年,J1,請問您全家每個月用在支付「買菜、水果、非酒精飲料費、零食等」的費用是多少？【過去ㄧ年,11,"70,000 元及以上，請記錄 元",70000,,13,"70,000 元及以上，請記錄______________元",70000,,option,exact_open_upper,source_question,91 食品消費；95 之後為買菜/飲料/零食等。
expenditure,EXP_FOOD,食品飲食支出,103,103,J1,請問您全家每個月用在支付「買菜、水果、非酒精飲料費、零食等」的費用是多少？【過去ㄧ年,J1,請問您全家每個月用在支付「買菜、水果、非酒精飲料費、零食等」的費用是多少？【過去ㄧ年,1,"2,999 元及以下",0,999,1,"2,999 元及以下",0,999,option,exact_range,source_question,91 食品消費；95 之後為買菜/飲料/零食等。
expenditure,EXP_FOOD,食品飲食支出,103,103,J1,請問您全家每個月用在支付「買菜、水果、非酒精飲料費、零食等」的費用是多少？【過去ㄧ年,J1,請問您全家每個月用在支付「買菜、水果、非酒精飲料費、零食等」的費用是多少？【過去ㄧ年,2,"3,000-4,999 元",3000,4999,2,"3,000-4,999 元",3000,4999,option,exact_range,source_question,91 食品消費；95 之後為買菜/飲料/零食等。
expenditure,EXP_FOOD,食品飲食支出,103,103,J1,請問您全家每個月用在支付「買菜、水果、非酒精飲料費、零食等」的費用是多少？【過去ㄧ年,J1,請問您全家每個月用在支付「買菜、水果、非酒精飲料費、零食等」的費用是多少？【過去ㄧ年,3,"5,000-6,999 元",5000,6999,3,"5,000-6,999 元",5000,6999,option,exact_range,source_question,91 食品消費；95 之後為買菜/飲料/零食等。
expenditure,EXP_FOOD,食品飲食支出,103,103,J1,請問您全家每個月用在支付「買菜、水果、非酒精飲料費、零食等」的費用是多少？【過去ㄧ年,J1,請問您全家每個月用在支付「買菜、水果、非酒精飲料費、零食等」的費用是多少？【過去ㄧ年,4,"7,000-9,999 元",7000,9999,4,"7,000-9,999 元",7000,9999,option,exact_range,source_question,91 食品消費；95 之後為買菜/飲料/零食等。
expenditure,EXP_FOOD,食品飲食支出,103,103,J1,請問您全家每個月用在支付「買菜、水果、非酒精飲料費、零食等」的費用是多少？【過去ㄧ年,J1,請問您全家每個月用在支付「買菜、水果、非酒精飲料費、零食等」的費用是多少？【過去ㄧ年,5,"10,000-11,999 元",10000,11999,5,"10,000-11,999 元",10000,11999,option,exact_range,source_question,91 食品消費；95 之後為買菜/飲料/零食等。
expenditure,EXP_FOOD,食品飲食支出,103,103,J1,請問您全家每個月用在支付「買菜、水果、非酒精飲料費、零食等」的費用是多少？【過去ㄧ年,J1,請問您全家每個月用在支付「買菜、水果、非酒精飲料費、零食等」的費用是多少？【過去ㄧ年,6,"12,000-14,999 元",12000,14999,6,"12,000-14,999 元",12000,14999,option,exact_range,source_question,91 食品消費；95 之後為買菜/飲料/零食等。
expenditure,EXP_FOOD,食品飲食支出,103,103,J1,請問您全家每個月用在支付「買菜、水果、非酒精飲料費、零食等」的費用是多少？【過去ㄧ年,J1,請問您全家每個月用在支付「買菜、水果、非酒精飲料費、零食等」的費用是多少？【過去ㄧ年,7,"15,000-19,999 元",15000,19999,7,"15,000-19,999 元",15000,19999,option,exact_range,source_question,91 食品消費；95 之後為買菜/飲料/零食等。
expenditure,EXP_FOOD,食品飲食支出,103,103,J1,請問您全家每個月用在支付「買菜、水果、非酒精飲料費、零食等」的費用是多少？【過去ㄧ年,J1,請問您全家每個月用在支付「買菜、水果、非酒精飲料費、零食等」的費用是多少？【過去ㄧ年,8,"20,000-29,999 元",20000,29999,8,"20,000-29,999 元",20000,29999,option,exact_range,source_question,91 食品消費；95 之後為買菜/飲料/零食等。
expenditure,EXP_FOOD,食品飲食支出,103,103,J1,請問您全家每個月用在支付「買菜、水果、非酒精飲料費、零食等」的費用是多少？【過去ㄧ年,J1,請問您全家每個月用在支付「買菜、水果、非酒精飲料費、零食等」的費用是多少？【過去ㄧ年,9,"30,000-39,999 元",30000,39999,9,"30,000-39,999 元",30000,39999,option,exact_range,source_question,91 食品消費；95 之後為買菜/飲料/零食等。
expenditure,EXP_FOOD,食品飲食支出,103,103,J1,請問您全家每個月用在支付「買菜、水果、非酒精飲料費、零食等」的費用是多少？【過去ㄧ年,J1,請問您全家每個月用在支付「買菜、水果、非酒精飲料費、零食等」的費用是多少？【過去ㄧ年,10,"40,000-49,999 元",40000,49999,10,"40,000-49,999 元",40000,49999,option,exact_range,source_question,91 食品消費；95 之後為買菜/飲料/零食等。
expenditure,EXP_FOOD,食品飲食支出,103,103,J1,請問您全家每個月用在支付「買菜、水果、非酒精飲料費、零食等」的費用是多少？【過去ㄧ年,J1,請問您全家每個月用在支付「買菜、水果、非酒精飲料費、零食等」的費用是多少？【過去ㄧ年,11,"50,000-59,999 元",50000,59999,11,"50,000-59,999 元",50000,59999,option,exact_range,source_question,91 食品消費；95 之後為買菜/飲料/零食等。
expenditure,EXP_FOOD,食品飲食支出,103,103,J1,請問您全家每個月用在支付「買菜、水果、非酒精飲料費、零食等」的費用是多少？【過去ㄧ年,J1,請問您全家每個月用在支付「買菜、水果、非酒精飲料費、零食等」的費用是多少？【過去ㄧ年,12,"60,000-69,999 元",60000,69999,12,"60,000-69,999 元",60000,69999,option,exact_range,source_question,91 食品消費；95 之後為買菜/飲料/零食等。
expenditure,EXP_FOOD,食品飲食支出,103,103,J1,請問您全家每個月用在支付「買菜、水果、非酒精飲料費、零食等」的費用是多少？【過去ㄧ年,J1,請問您全家每個月用在支付「買菜、水果、非酒精飲料費、零食等」的費用是多少？【過去ㄧ年,13,"70,000 元及以上，請記錄______________元",70000,,13,"70,000 元及以上，請記錄______________元",70000,,option,exact_open_upper,source_question,91 食品消費；95 之後為買菜/飲料/零食等。
expenditure,EXP_FOOD,食品飲食支出,106,106,M1,請問您全家每個月用在支付「買米/肉/菜、水果、非酒精飲料費、糖果零食等」的費用是多,J1,請問您全家每個月用在支付「買菜、水果、非酒精飲料費、零食等」的費用是多少？【過去ㄧ年,1,"未滿3,000元",0,2999,1,"2,999 元及以下",0,999,option,source_bin_spans_multiple_base_bins,source_question,91 食品消費；95 之後為買菜/飲料/零食等。
expenditure,EXP_FOOD,食品飲食支出,106,106,M1,請問您全家每個月用在支付「買米/肉/菜、水果、非酒精飲料費、糖果零食等」的費用是多,J1,請問您全家每個月用在支付「買菜、水果、非酒精飲料費、零食等」的費用是多少？【過去ㄧ年,2,"3,000 元-未滿5,000元",3000,4999,2,"3,000-4,999 元",3000,4999,option,exact_range,source_question,91 食品消費；95 之後為買菜/飲料/零食等。
expenditure,EXP_FOOD,食品飲食支出,106,106,M1,請問您全家每個月用在支付「買米/肉/菜、水果、非酒精飲料費、糖果零食等」的費用是多,J1,請問您全家每個月用在支付「買菜、水果、非酒精飲料費、零食等」的費用是多少？【過去ㄧ年,3,"5,000 元-未滿7,000元",5000,6999,3,"5,000-6,999 元",5000,6999,option,exact_range,source_question,91 食品消費；95 之後為買菜/飲料/零食等。
expenditure,EXP_FOOD,食品飲食支出,106,106,M1,請問您全家每個月用在支付「買米/肉/菜、水果、非酒精飲料費、糖果零食等」的費用是多,J1,請問您全家每個月用在支付「買菜、水果、非酒精飲料費、零食等」的費用是多少？【過去ㄧ年,4,"7,000 元-未滿10,000元",7000,9999,4,"7,000-9,999 元",7000,9999,option,exact_range,source_question,91 食品消費；95 之後為買菜/飲料/零食等。
expenditure,EXP_FOOD,食品飲食支出,106,106,M1,請問您全家每個月用在支付「買米/肉/菜、水果、非酒精飲料費、糖果零食等」的費用是多,J1,請問您全家每個月用在支付「買菜、水果、非酒精飲料費、零食等」的費用是多少？【過去ㄧ年,5,"10,000 元-未滿12,000元",10000,11999,5,"10,000-11,999 元",10000,11999,option,exact_range,source_question,91 食品消費；95 之後為買菜/飲料/零食等。
expenditure,EXP_FOOD,食品飲食支出,106,106,M1,請問您全家每個月用在支付「買米/肉/菜、水果、非酒精飲料費、糖果零食等」的費用是多,J1,請問您全家每個月用在支付「買菜、水果、非酒精飲料費、零食等」的費用是多少？【過去ㄧ年,6,"12,000 元-未滿15,000元",12000,14999,6,"12,000-14,999 元",12000,14999,option,exact_range,source_question,91 食品消費；95 之後為買菜/飲料/零食等。
expenditure,EXP_FOOD,食品飲食支出,106,106,M1,請問您全家每個月用在支付「買米/肉/菜、水果、非酒精飲料費、糖果零食等」的費用是多,J1,請問您全家每個月用在支付「買菜、水果、非酒精飲料費、零食等」的費用是多少？【過去ㄧ年,7,"15,000 元-未滿20,000元",15000,19999,7,"15,000-19,999 元",15000,19999,option,exact_range,source_question,91 食品消費；95 之後為買菜/飲料/零食等。
expenditure,EXP_FOOD,食品飲食支出,106,106,M1,請問您全家每個月用在支付「買米/肉/菜、水果、非酒精飲料費、糖果零食等」的費用是多,J1,請問您全家每個月用在支付「買菜、水果、非酒精飲料費、零食等」的費用是多少？【過去ㄧ年,8,"20,000 元-未滿30,000元",20000,29999,8,"20,000-29,999 元",20000,29999,option,exact_range,source_question,91 食品消費；95 之後為買菜/飲料/零食等。
expenditure,EXP_FOOD,食品飲食支出,106,106,M1,請問您全家每個月用在支付「買米/肉/菜、水果、非酒精飲料費、糖果零食等」的費用是多,J1,請問您全家每個月用在支付「買菜、水果、非酒精飲料費、零食等」的費用是多少？【過去ㄧ年,9,"30,000 元-未滿40,000元",30000,39999,9,"30,000-39,999 元",30000,39999,option,exact_range,source_question,91 食品消費；95 之後為買菜/飲料/零食等。
expenditure,EXP_FOOD,食品飲食支出,106,106,M1,請問您全家每個月用在支付「買米/肉/菜、水果、非酒精飲料費、糖果零食等」的費用是多,J1,請問您全家每個月用在支付「買菜、水果、非酒精飲料費、零食等」的費用是多少？【過去ㄧ年,10,"40,000 元-未滿50,000元",40000,49999,10,"40,000-49,999 元",40000,49999,option,exact_range,source_question,91 食品消費；95 之後為買菜/飲料/零食等。
expenditure,EXP_FOOD,食品飲食支出,106,106,M1,請問您全家每個月用在支付「買米/肉/菜、水果、非酒精飲料費、糖果零食等」的費用是多,J1,請問您全家每個月用在支付「買菜、水果、非酒精飲料費、零食等」的費用是多少？【過去ㄧ年,11,"50,000元-未滿60,000元",50000,59999,11,"50,000-59,999 元",50000,59999,option,exact_range,source_question,91 食品消費；95 之後為買菜/飲料/零食等。
expenditure,EXP_FOOD,食品飲食支出,106,106,M1,請問您全家每個月用在支付「買米/肉/菜、水果、非酒精飲料費、糖果零食等」的費用是多,J1,請問您全家每個月用在支付「買菜、水果、非酒精飲料費、零食等」的費用是多少？【過去ㄧ年,12,"60,000元-未滿70,000元",60000,69999,12,"60,000-69,999 元",60000,69999,option,exact_range,source_question,91 食品消費；95 之後為買菜/飲料/零食等。
expenditure,EXP_FOOD,食品飲食支出,106,106,M1,請問您全家每個月用在支付「買米/肉/菜、水果、非酒精飲料費、糖果零食等」的費用是多,J1,請問您全家每個月用在支付「買菜、水果、非酒精飲料費、零食等」的費用是多少？【過去ㄧ年,13,"70,000 元以上，請記錄______________元",70000,,13,"70,000 元及以上，請記錄______________元",70000,,option,exact_open_upper,source_question,91 食品消費；95 之後為買菜/飲料/零食等。
expenditure,EXP_FOOD,食品飲食支出,110,110,H1,請問您全家每個月用在支付「買米/肉/菜、水果、非酒精飲料費、糖果零食等」的費用是多少？,J1,請問您全家每個月用在支付「買菜、水果、非酒精飲料費、零食等」的費用是多少？【過去ㄧ年,1,"未滿3,000元",0,2999,1,"2,999 元及以下",0,999,option,source_bin_spans_multiple_base_bins,source_question,91 食品消費；95 之後為買菜/飲料/零食等。
expenditure,EXP_FOOD,食品飲食支出,110,110,H1,請問您全家每個月用在支付「買米/肉/菜、水果、非酒精飲料費、糖果零食等」的費用是多少？,J1,請問您全家每個月用在支付「買菜、水果、非酒精飲料費、零食等」的費用是多少？【過去ㄧ年,2,"3,000 元-未滿5,000元",3000,4999,2,"3,000-4,999 元",3000,4999,option,exact_range,source_question,91 食品消費；95 之後為買菜/飲料/零食等。
expenditure,EXP_FOOD,食品飲食支出,110,110,H1,請問您全家每個月用在支付「買米/肉/菜、水果、非酒精飲料費、糖果零食等」的費用是多少？,J1,請問您全家每個月用在支付「買菜、水果、非酒精飲料費、零食等」的費用是多少？【過去ㄧ年,3,"5,000 元-未滿7,000元",5000,6999,3,"5,000-6,999 元",5000,6999,option,exact_range,source_question,91 食品消費；95 之後為買菜/飲料/零食等。
expenditure,EXP_FOOD,食品飲食支出,110,110,H1,請問您全家每個月用在支付「買米/肉/菜、水果、非酒精飲料費、糖果零食等」的費用是多少？,J1,請問您全家每個月用在支付「買菜、水果、非酒精飲料費、零食等」的費用是多少？【過去ㄧ年,4,"7,000 元-未滿10,000元",7000,9999,4,"7,000-9,999 元",7000,9999,option,exact_range,source_question,91 食品消費；95 之後為買菜/飲料/零食等。
expenditure,EXP_FOOD,食品飲食支出,110,110,H1,請問您全家每個月用在支付「買米/肉/菜、水果、非酒精飲料費、糖果零食等」的費用是多少？,J1,請問您全家每個月用在支付「買菜、水果、非酒精飲料費、零食等」的費用是多少？【過去ㄧ年,5,"10,000 元-未滿12,000元",10000,11999,5,"10,000-11,999 元",10000,11999,option,exact_range,source_question,91 食品消費；95 之後為買菜/飲料/零食等。
expenditure,EXP_FOOD,食品飲食支出,110,110,H1,請問您全家每個月用在支付「買米/肉/菜、水果、非酒精飲料費、糖果零食等」的費用是多少？,J1,請問您全家每個月用在支付「買菜、水果、非酒精飲料費、零食等」的費用是多少？【過去ㄧ年,6,"12,000 元-未滿15,000元",12000,14999,6,"12,000-14,999 元",12000,14999,option,exact_range,source_question,91 食品消費；95 之後為買菜/飲料/零食等。
expenditure,EXP_FOOD,食品飲食支出,110,110,H1,請問您全家每個月用在支付「買米/肉/菜、水果、非酒精飲料費、糖果零食等」的費用是多少？,J1,請問您全家每個月用在支付「買菜、水果、非酒精飲料費、零食等」的費用是多少？【過去ㄧ年,7,"15,000 元-未滿20,000元",15000,19999,7,"15,000-19,999 元",15000,19999,option,exact_range,source_question,91 食品消費；95 之後為買菜/飲料/零食等。
expenditure,EXP_FOOD,食品飲食支出,110,110,H1,請問您全家每個月用在支付「買米/肉/菜、水果、非酒精飲料費、糖果零食等」的費用是多少？,J1,請問您全家每個月用在支付「買菜、水果、非酒精飲料費、零食等」的費用是多少？【過去ㄧ年,8,"20,000 元-未滿30,000元",20000,29999,8,"20,000-29,999 元",20000,29999,option,exact_range,source_question,91 食品消費；95 之後為買菜/飲料/零食等。
expenditure,EXP_FOOD,食品飲食支出,110,110,H1,請問您全家每個月用在支付「買米/肉/菜、水果、非酒精飲料費、糖果零食等」的費用是多少？,J1,請問您全家每個月用在支付「買菜、水果、非酒精飲料費、零食等」的費用是多少？【過去ㄧ年,9,"30,000 元-未滿40,000元",30000,39999,9,"30,000-39,999 元",30000,39999,option,exact_range,source_question,91 食品消費；95 之後為買菜/飲料/零食等。
expenditure,EXP_FOOD,食品飲食支出,110,110,H1,請問您全家每個月用在支付「買米/肉/菜、水果、非酒精飲料費、糖果零食等」的費用是多少？,J1,請問您全家每個月用在支付「買菜、水果、非酒精飲料費、零食等」的費用是多少？【過去ㄧ年,10,"40,000 元-未滿50,000元",40000,49999,10,"40,000-49,999 元",40000,49999,option,exact_range,source_question,91 食品消費；95 之後為買菜/飲料/零食等。
expenditure,EXP_FOOD,食品飲食支出,110,110,H1,請問您全家每個月用在支付「買米/肉/菜、水果、非酒精飲料費、糖果零食等」的費用是多少？,J1,請問您全家每個月用在支付「買菜、水果、非酒精飲料費、零食等」的費用是多少？【過去ㄧ年,11,"50,000 元-未滿60,000元",50000,59999,11,"50,000-59,999 元",50000,59999,option,exact_range,source_question,91 食品消費；95 之後為買菜/飲料/零食等。
expenditure,EXP_FOOD,食品飲食支出,110,110,H1,請問您全家每個月用在支付「買米/肉/菜、水果、非酒精飲料費、糖果零食等」的費用是多少？,J1,請問您全家每個月用在支付「買菜、水果、非酒精飲料費、零食等」的費用是多少？【過去ㄧ年,12,"60,000元-未滿70,000元",60000,69999,12,"60,000-69,999 元",60000,69999,option,exact_range,source_question,91 食品消費；95 之後為買菜/飲料/零食等。
expenditure,EXP_FOOD,食品飲食支出,110,110,H1,請問您全家每個月用在支付「買米/肉/菜、水果、非酒精飲料費、糖果零食等」的費用是多少？,J1,請問您全家每個月用在支付「買菜、水果、非酒精飲料費、零食等」的費用是多少？【過去ㄧ年,13,"70,000 元以上，請記錄______________元",70000,,13,"70,000 元及以上，請記錄______________元",70000,,option,exact_open_upper,source_question,91 食品消費；95 之後為買菜/飲料/零食等。
expenditure,EXP_HOUSING_UTIL,房租水電住宅相關支出,91,91_1,,,J2,請問您全家每個月用在支付「房租、水電瓦斯、住宅裝修、建築物保險等」的費用是多少？【過,,,,,,,,,option,not_available_in_source_dataset,source_question,91 無可直接對照之房租水電住宅支出分項。
expenditure,EXP_HOUSING_UTIL,房租水電住宅相關支出,91,91_2,,,J2,請問您全家每個月用在支付「房租、水電瓦斯、住宅裝修、建築物保險等」的費用是多少？【過,,,,,,,,,option,not_available_in_source_dataset,source_question,91 無可直接對照之房租水電住宅支出分項。
expenditure,EXP_HOUSING_UTIL,房租水電住宅相關支出,95,95,Q12-2,請問您全家每個月用在支付「房租、水電瓦斯、住宅裝修等」的費用是多,J2,請問您全家每個月用在支付「房租、水電瓦斯、住宅裝修、建築物保險等」的費用是多少？【過,1,"2,999元及以下",0,999,1,999 元及以下,0,999,option,exact_range,source_question,91 無可直接對照之房租水電住宅支出分項。
expenditure,EXP_HOUSING_UTIL,房租水電住宅相關支出,95,95,Q12-2,請問您全家每個月用在支付「房租、水電瓦斯、住宅裝修等」的費用是多,J2,請問您全家每個月用在支付「房租、水電瓦斯、住宅裝修、建築物保險等」的費用是多少？【過,2,"3,000-4,999元",3000,4999,6,"3,000-4,999 元",3000,4999,option,exact_range,source_question,91 無可直接對照之房租水電住宅支出分項。
expenditure,EXP_HOUSING_UTIL,房租水電住宅相關支出,95,95,Q12-2,請問您全家每個月用在支付「房租、水電瓦斯、住宅裝修等」的費用是多,J2,請問您全家每個月用在支付「房租、水電瓦斯、住宅裝修、建築物保險等」的費用是多少？【過,3,"5,000-9,999 元",5000,9999,7,"5,000-9,999 元",5000,9999,option,exact_range,source_question,91 無可直接對照之房租水電住宅支出分項。
expenditure,EXP_HOUSING_UTIL,房租水電住宅相關支出,95,95,Q12-2,請問您全家每個月用在支付「房租、水電瓦斯、住宅裝修等」的費用是多,J2,請問您全家每個月用在支付「房租、水電瓦斯、住宅裝修、建築物保險等」的費用是多少？【過,4,"10,000-14,999元",10000,14999,8,"10,000-14,999 元",10000,14999,option,exact_range,source_question,91 無可直接對照之房租水電住宅支出分項。
expenditure,EXP_HOUSING_UTIL,房租水電住宅相關支出,95,95,Q12-2,請問您全家每個月用在支付「房租、水電瓦斯、住宅裝修等」的費用是多,J2,請問您全家每個月用在支付「房租、水電瓦斯、住宅裝修、建築物保險等」的費用是多少？【過,5,"15,000-19,999 元",15000,19999,9,"15,000-19,999 元",15000,19999,option,exact_range,source_question,91 無可直接對照之房租水電住宅支出分項。
expenditure,EXP_HOUSING_UTIL,房租水電住宅相關支出,95,95,Q12-2,請問您全家每個月用在支付「房租、水電瓦斯、住宅裝修等」的費用是多,J2,請問您全家每個月用在支付「房租、水電瓦斯、住宅裝修、建築物保險等」的費用是多少？【過,6,"20,000-29,999元 8",20000,29999,10,"20,000-29,999 元",20000,29999,option,exact_range,source_question,91 無可直接對照之房租水電住宅支出分項。
expenditure,EXP_HOUSING_UTIL,房租水電住宅相關支出,95,95,Q12-2,請問您全家每個月用在支付「房租、水電瓦斯、住宅裝修等」的費用是多,J2,請問您全家每個月用在支付「房租、水電瓦斯、住宅裝修、建築物保險等」的費用是多少？【過,7,"30,000-39,999 元",30000,39999,11,"30,000-39,999 元",30000,39999,option,exact_range,source_question,91 無可直接對照之房租水電住宅支出分項。
expenditure,EXP_HOUSING_UTIL,房租水電住宅相關支出,95,95,Q12-2,請問您全家每個月用在支付「房租、水電瓦斯、住宅裝修等」的費用是多,J2,請問您全家每個月用在支付「房租、水電瓦斯、住宅裝修、建築物保險等」的費用是多少？【過,8,"40,000-49,999元",40000,49999,12,"40,000-49,999 元",40000,49999,option,exact_range,source_question,91 無可直接對照之房租水電住宅支出分項。
expenditure,EXP_HOUSING_UTIL,房租水電住宅相關支出,95,95,Q12-2,請問您全家每個月用在支付「房租、水電瓦斯、住宅裝修等」的費用是多,J2,請問您全家每個月用在支付「房租、水電瓦斯、住宅裝修、建築物保險等」的費用是多少？【過,9,"50,000-59,999 元",50000,59999,13,"50,000-59,999 元",50000,59999,option,exact_range,source_question,91 無可直接對照之房租水電住宅支出分項。
expenditure,EXP_HOUSING_UTIL,房租水電住宅相關支出,95,95,Q12-2,請問您全家每個月用在支付「房租、水電瓦斯、住宅裝修等」的費用是多,J2,請問您全家每個月用在支付「房租、水電瓦斯、住宅裝修、建築物保險等」的費用是多少？【過,10,"60,000-69,999元",60000,69999,14,"60,000-69,999 元",60000,69999,option,exact_range,source_question,91 無可直接對照之房租水電住宅支出分項。
expenditure,EXP_HOUSING_UTIL,房租水電住宅相關支出,95,95,Q12-2,請問您全家每個月用在支付「房租、水電瓦斯、住宅裝修等」的費用是多,J2,請問您全家每個月用在支付「房租、水電瓦斯、住宅裝修、建築物保險等」的費用是多少？【過,90,"70,000元及以上，請記錄 元",70000,,15,"70,000 元及以上，請記錄____________元",70000,,option,exact_open_upper,source_question,91 無可直接對照之房租水電住宅支出分項。
expenditure,EXP_HOUSING_UTIL,房租水電住宅相關支出,95,95,Q12-2,請問您全家每個月用在支付「房租、水電瓦斯、住宅裝修等」的費用是多,J2,請問您全家每個月用在支付「房租、水電瓦斯、住宅裝修、建築物保險等」的費用是多少？【過,95,沒有這項支出,0,0,16,沒有這項支出,0,0,option,exact_none,source_question,91 無可直接對照之房租水電住宅支出分項。
expenditure,EXP_HOUSING_UTIL,房租水電住宅相關支出,99,99,J2,請問您全家每個月用在支付「房租、水電瓦斯、住宅裝修等」的費用是多少？【過去ㄧ年帄均,J2,請問您全家每個月用在支付「房租、水電瓦斯、住宅裝修、建築物保險等」的費用是多少？【過,1,999 元及以下,0,999,1,999 元及以下,0,999,option,exact_range,source_question,91 無可直接對照之房租水電住宅支出分項。
expenditure,EXP_HOUSING_UTIL,房租水電住宅相關支出,99,99,J2,請問您全家每個月用在支付「房租、水電瓦斯、住宅裝修等」的費用是多少？【過去ㄧ年帄均,J2,請問您全家每個月用在支付「房租、水電瓦斯、住宅裝修、建築物保險等」的費用是多少？【過,2,"1,000-1,999 元",1000,1999,2,"1,000-1,499 元",1000,1499,option,source_bin_spans_multiple_base_bins,source_question,91 無可直接對照之房租水電住宅支出分項。
expenditure,EXP_HOUSING_UTIL,房租水電住宅相關支出,99,99,J2,請問您全家每個月用在支付「房租、水電瓦斯、住宅裝修等」的費用是多少？【過去ㄧ年帄均,J2,請問您全家每個月用在支付「房租、水電瓦斯、住宅裝修、建築物保險等」的費用是多少？【過,2,"1,000-1,999 元",1000,1999,3,"1,500-1,999 元",1500,1999,option,source_bin_spans_multiple_base_bins,source_question,91 無可直接對照之房租水電住宅支出分項。
expenditure,EXP_HOUSING_UTIL,房租水電住宅相關支出,99,99,J2,請問您全家每個月用在支付「房租、水電瓦斯、住宅裝修等」的費用是多少？【過去ㄧ年帄均,J2,請問您全家每個月用在支付「房租、水電瓦斯、住宅裝修、建築物保險等」的費用是多少？【過,3,"2,000-2,999 元",2000,2999,4,"2,000-2,499 元",2000,2499,option,source_bin_spans_multiple_base_bins,source_question,91 無可直接對照之房租水電住宅支出分項。
expenditure,EXP_HOUSING_UTIL,房租水電住宅相關支出,99,99,J2,請問您全家每個月用在支付「房租、水電瓦斯、住宅裝修等」的費用是多少？【過去ㄧ年帄均,J2,請問您全家每個月用在支付「房租、水電瓦斯、住宅裝修、建築物保險等」的費用是多少？【過,3,"2,000-2,999 元",2000,2999,5,"2,500-2,999 元",2500,2999,option,source_bin_spans_multiple_base_bins,source_question,91 無可直接對照之房租水電住宅支出分項。
expenditure,EXP_HOUSING_UTIL,房租水電住宅相關支出,99,99,J2,請問您全家每個月用在支付「房租、水電瓦斯、住宅裝修等」的費用是多少？【過去ㄧ年帄均,J2,請問您全家每個月用在支付「房租、水電瓦斯、住宅裝修、建築物保險等」的費用是多少？【過,4,"3,000-4,999 元",3000,4999,6,"3,000-4,999 元",3000,4999,option,exact_range,source_question,91 無可直接對照之房租水電住宅支出分項。
expenditure,EXP_HOUSING_UTIL,房租水電住宅相關支出,99,99,J2,請問您全家每個月用在支付「房租、水電瓦斯、住宅裝修等」的費用是多少？【過去ㄧ年帄均,J2,請問您全家每個月用在支付「房租、水電瓦斯、住宅裝修、建築物保險等」的費用是多少？【過,5,"5,000-9,999 元",5000,9999,7,"5,000-9,999 元",5000,9999,option,exact_range,source_question,91 無可直接對照之房租水電住宅支出分項。
expenditure,EXP_HOUSING_UTIL,房租水電住宅相關支出,99,99,J2,請問您全家每個月用在支付「房租、水電瓦斯、住宅裝修等」的費用是多少？【過去ㄧ年帄均,J2,請問您全家每個月用在支付「房租、水電瓦斯、住宅裝修、建築物保險等」的費用是多少？【過,6,"10,000-14,999 元",10000,14999,8,"10,000-14,999 元",10000,14999,option,exact_range,source_question,91 無可直接對照之房租水電住宅支出分項。
expenditure,EXP_HOUSING_UTIL,房租水電住宅相關支出,99,99,J2,請問您全家每個月用在支付「房租、水電瓦斯、住宅裝修等」的費用是多少？【過去ㄧ年帄均,J2,請問您全家每個月用在支付「房租、水電瓦斯、住宅裝修、建築物保險等」的費用是多少？【過,7,"15,000-19,999 元",15000,19999,9,"15,000-19,999 元",15000,19999,option,exact_range,source_question,91 無可直接對照之房租水電住宅支出分項。
expenditure,EXP_HOUSING_UTIL,房租水電住宅相關支出,99,99,J2,請問您全家每個月用在支付「房租、水電瓦斯、住宅裝修等」的費用是多少？【過去ㄧ年帄均,J2,請問您全家每個月用在支付「房租、水電瓦斯、住宅裝修、建築物保險等」的費用是多少？【過,8,"20,000-29,999 元",20000,29999,10,"20,000-29,999 元",20000,29999,option,exact_range,source_question,91 無可直接對照之房租水電住宅支出分項。
expenditure,EXP_HOUSING_UTIL,房租水電住宅相關支出,99,99,J2,請問您全家每個月用在支付「房租、水電瓦斯、住宅裝修等」的費用是多少？【過去ㄧ年帄均,J2,請問您全家每個月用在支付「房租、水電瓦斯、住宅裝修、建築物保險等」的費用是多少？【過,9,"30,000-39,999 元",30000,39999,11,"30,000-39,999 元",30000,39999,option,exact_range,source_question,91 無可直接對照之房租水電住宅支出分項。
expenditure,EXP_HOUSING_UTIL,房租水電住宅相關支出,99,99,J2,請問您全家每個月用在支付「房租、水電瓦斯、住宅裝修等」的費用是多少？【過去ㄧ年帄均,J2,請問您全家每個月用在支付「房租、水電瓦斯、住宅裝修、建築物保險等」的費用是多少？【過,10,"40,000-49,999 元",40000,49999,12,"40,000-49,999 元",40000,49999,option,exact_range,source_question,91 無可直接對照之房租水電住宅支出分項。
expenditure,EXP_HOUSING_UTIL,房租水電住宅相關支出,99,99,J2,請問您全家每個月用在支付「房租、水電瓦斯、住宅裝修等」的費用是多少？【過去ㄧ年帄均,J2,請問您全家每個月用在支付「房租、水電瓦斯、住宅裝修、建築物保險等」的費用是多少？【過,11,"50,000-59,999 元",50000,59999,13,"50,000-59,999 元",50000,59999,option,exact_range,source_question,91 無可直接對照之房租水電住宅支出分項。
expenditure,EXP_HOUSING_UTIL,房租水電住宅相關支出,99,99,J2,請問您全家每個月用在支付「房租、水電瓦斯、住宅裝修等」的費用是多少？【過去ㄧ年帄均,J2,請問您全家每個月用在支付「房租、水電瓦斯、住宅裝修、建築物保險等」的費用是多少？【過,12,"60,000-69,999 元",60000,69999,14,"60,000-69,999 元",60000,69999,option,exact_range,source_question,91 無可直接對照之房租水電住宅支出分項。
expenditure,EXP_HOUSING_UTIL,房租水電住宅相關支出,99,99,J2,請問您全家每個月用在支付「房租、水電瓦斯、住宅裝修等」的費用是多少？【過去ㄧ年帄均,J2,請問您全家每個月用在支付「房租、水電瓦斯、住宅裝修、建築物保險等」的費用是多少？【過,13,"70,000 元及以上，請記錄 元",70000,,15,"70,000 元及以上，請記錄____________元",70000,,option,exact_open_upper,source_question,91 無可直接對照之房租水電住宅支出分項。
expenditure,EXP_HOUSING_UTIL,房租水電住宅相關支出,99,99,J2,請問您全家每個月用在支付「房租、水電瓦斯、住宅裝修等」的費用是多少？【過去ㄧ年帄均,J2,請問您全家每個月用在支付「房租、水電瓦斯、住宅裝修、建築物保險等」的費用是多少？【過,14,沒有這項支出,0,0,16,沒有這項支出,0,0,option,exact_none,source_question,91 無可直接對照之房租水電住宅支出分項。
expenditure,EXP_HOUSING_UTIL,房租水電住宅相關支出,103,103,J2,請問您全家每個月用在支付「房租、水電瓦斯、住宅裝修、建築物保險等」的費用是多少？【過,J2,請問您全家每個月用在支付「房租、水電瓦斯、住宅裝修、建築物保險等」的費用是多少？【過,1,999 元及以下,0,999,1,999 元及以下,0,999,option,exact_range,source_question,91 無可直接對照之房租水電住宅支出分項。
expenditure,EXP_HOUSING_UTIL,房租水電住宅相關支出,103,103,J2,請問您全家每個月用在支付「房租、水電瓦斯、住宅裝修、建築物保險等」的費用是多少？【過,J2,請問您全家每個月用在支付「房租、水電瓦斯、住宅裝修、建築物保險等」的費用是多少？【過,2,"1,000-1,499 元",1000,1499,2,"1,000-1,499 元",1000,1499,option,exact_range,source_question,91 無可直接對照之房租水電住宅支出分項。
expenditure,EXP_HOUSING_UTIL,房租水電住宅相關支出,103,103,J2,請問您全家每個月用在支付「房租、水電瓦斯、住宅裝修、建築物保險等」的費用是多少？【過,J2,請問您全家每個月用在支付「房租、水電瓦斯、住宅裝修、建築物保險等」的費用是多少？【過,3,"1,500-1,999 元",1500,1999,3,"1,500-1,999 元",1500,1999,option,exact_range,source_question,91 無可直接對照之房租水電住宅支出分項。
expenditure,EXP_HOUSING_UTIL,房租水電住宅相關支出,103,103,J2,請問您全家每個月用在支付「房租、水電瓦斯、住宅裝修、建築物保險等」的費用是多少？【過,J2,請問您全家每個月用在支付「房租、水電瓦斯、住宅裝修、建築物保險等」的費用是多少？【過,4,"2,000-2,499 元",2000,2499,4,"2,000-2,499 元",2000,2499,option,exact_range,source_question,91 無可直接對照之房租水電住宅支出分項。
expenditure,EXP_HOUSING_UTIL,房租水電住宅相關支出,103,103,J2,請問您全家每個月用在支付「房租、水電瓦斯、住宅裝修、建築物保險等」的費用是多少？【過,J2,請問您全家每個月用在支付「房租、水電瓦斯、住宅裝修、建築物保險等」的費用是多少？【過,5,"2,500-2,999 元",2500,2999,5,"2,500-2,999 元",2500,2999,option,exact_range,source_question,91 無可直接對照之房租水電住宅支出分項。
expenditure,EXP_HOUSING_UTIL,房租水電住宅相關支出,103,103,J2,請問您全家每個月用在支付「房租、水電瓦斯、住宅裝修、建築物保險等」的費用是多少？【過,J2,請問您全家每個月用在支付「房租、水電瓦斯、住宅裝修、建築物保險等」的費用是多少？【過,6,"3,000-4,999 元",3000,4999,6,"3,000-4,999 元",3000,4999,option,exact_range,source_question,91 無可直接對照之房租水電住宅支出分項。
expenditure,EXP_HOUSING_UTIL,房租水電住宅相關支出,103,103,J2,請問您全家每個月用在支付「房租、水電瓦斯、住宅裝修、建築物保險等」的費用是多少？【過,J2,請問您全家每個月用在支付「房租、水電瓦斯、住宅裝修、建築物保險等」的費用是多少？【過,7,"5,000-9,999 元",5000,9999,7,"5,000-9,999 元",5000,9999,option,exact_range,source_question,91 無可直接對照之房租水電住宅支出分項。
expenditure,EXP_HOUSING_UTIL,房租水電住宅相關支出,103,103,J2,請問您全家每個月用在支付「房租、水電瓦斯、住宅裝修、建築物保險等」的費用是多少？【過,J2,請問您全家每個月用在支付「房租、水電瓦斯、住宅裝修、建築物保險等」的費用是多少？【過,8,"10,000-14,999 元",10000,14999,8,"10,000-14,999 元",10000,14999,option,exact_range,source_question,91 無可直接對照之房租水電住宅支出分項。
expenditure,EXP_HOUSING_UTIL,房租水電住宅相關支出,103,103,J2,請問您全家每個月用在支付「房租、水電瓦斯、住宅裝修、建築物保險等」的費用是多少？【過,J2,請問您全家每個月用在支付「房租、水電瓦斯、住宅裝修、建築物保險等」的費用是多少？【過,9,"15,000-19,999 元",15000,19999,9,"15,000-19,999 元",15000,19999,option,exact_range,source_question,91 無可直接對照之房租水電住宅支出分項。
expenditure,EXP_HOUSING_UTIL,房租水電住宅相關支出,103,103,J2,請問您全家每個月用在支付「房租、水電瓦斯、住宅裝修、建築物保險等」的費用是多少？【過,J2,請問您全家每個月用在支付「房租、水電瓦斯、住宅裝修、建築物保險等」的費用是多少？【過,10,"20,000-29,999 元",20000,29999,10,"20,000-29,999 元",20000,29999,option,exact_range,source_question,91 無可直接對照之房租水電住宅支出分項。
expenditure,EXP_HOUSING_UTIL,房租水電住宅相關支出,103,103,J2,請問您全家每個月用在支付「房租、水電瓦斯、住宅裝修、建築物保險等」的費用是多少？【過,J2,請問您全家每個月用在支付「房租、水電瓦斯、住宅裝修、建築物保險等」的費用是多少？【過,11,"30,000-39,999 元",30000,39999,11,"30,000-39,999 元",30000,39999,option,exact_range,source_question,91 無可直接對照之房租水電住宅支出分項。
expenditure,EXP_HOUSING_UTIL,房租水電住宅相關支出,103,103,J2,請問您全家每個月用在支付「房租、水電瓦斯、住宅裝修、建築物保險等」的費用是多少？【過,J2,請問您全家每個月用在支付「房租、水電瓦斯、住宅裝修、建築物保險等」的費用是多少？【過,12,"40,000-49,999 元",40000,49999,12,"40,000-49,999 元",40000,49999,option,exact_range,source_question,91 無可直接對照之房租水電住宅支出分項。
expenditure,EXP_HOUSING_UTIL,房租水電住宅相關支出,103,103,J2,請問您全家每個月用在支付「房租、水電瓦斯、住宅裝修、建築物保險等」的費用是多少？【過,J2,請問您全家每個月用在支付「房租、水電瓦斯、住宅裝修、建築物保險等」的費用是多少？【過,13,"50,000-59,999 元",50000,59999,13,"50,000-59,999 元",50000,59999,option,exact_range,source_question,91 無可直接對照之房租水電住宅支出分項。
expenditure,EXP_HOUSING_UTIL,房租水電住宅相關支出,103,103,J2,請問您全家每個月用在支付「房租、水電瓦斯、住宅裝修、建築物保險等」的費用是多少？【過,J2,請問您全家每個月用在支付「房租、水電瓦斯、住宅裝修、建築物保險等」的費用是多少？【過,14,"60,000-69,999 元",60000,69999,14,"60,000-69,999 元",60000,69999,option,exact_range,source_question,91 無可直接對照之房租水電住宅支出分項。
expenditure,EXP_HOUSING_UTIL,房租水電住宅相關支出,103,103,J2,請問您全家每個月用在支付「房租、水電瓦斯、住宅裝修、建築物保險等」的費用是多少？【過,J2,請問您全家每個月用在支付「房租、水電瓦斯、住宅裝修、建築物保險等」的費用是多少？【過,15,"70,000 元及以上，請記錄____________元",70000,,15,"70,000 元及以上，請記錄____________元",70000,,option,exact_open_upper,source_question,91 無可直接對照之房租水電住宅支出分項。
expenditure,EXP_HOUSING_UTIL,房租水電住宅相關支出,103,103,J2,請問您全家每個月用在支付「房租、水電瓦斯、住宅裝修、建築物保險等」的費用是多少？【過,J2,請問您全家每個月用在支付「房租、水電瓦斯、住宅裝修、建築物保險等」的費用是多少？【過,16,沒有這項支出,0,0,16,沒有這項支出,0,0,option,exact_none,source_question,91 無可直接對照之房租水電住宅支出分項。
expenditure,EXP_HOUSING_UTIL,房租水電住宅相關支出,106,106,M2,請問您全家每個月用在支付「房租、水電瓦斯、住宅裝修、建築物保險等」的費用是多少？,J2,請問您全家每個月用在支付「房租、水電瓦斯、住宅裝修、建築物保險等」的費用是多少？【過,1,"未滿1,000元",0,999,1,999 元及以下,0,999,option,exact_range,source_question,91 無可直接對照之房租水電住宅支出分項。
expenditure,EXP_HOUSING_UTIL,房租水電住宅相關支出,106,106,M2,請問您全家每個月用在支付「房租、水電瓦斯、住宅裝修、建築物保險等」的費用是多少？,J2,請問您全家每個月用在支付「房租、水電瓦斯、住宅裝修、建築物保險等」的費用是多少？【過,2,"1,000 元-未滿1,500元",1000,1499,2,"1,000-1,499 元",1000,1499,option,exact_range,source_question,91 無可直接對照之房租水電住宅支出分項。
expenditure,EXP_HOUSING_UTIL,房租水電住宅相關支出,106,106,M2,請問您全家每個月用在支付「房租、水電瓦斯、住宅裝修、建築物保險等」的費用是多少？,J2,請問您全家每個月用在支付「房租、水電瓦斯、住宅裝修、建築物保險等」的費用是多少？【過,3,"1,500 元-未滿2,000元",1500,1999,3,"1,500-1,999 元",1500,1999,option,exact_range,source_question,91 無可直接對照之房租水電住宅支出分項。
expenditure,EXP_HOUSING_UTIL,房租水電住宅相關支出,106,106,M2,請問您全家每個月用在支付「房租、水電瓦斯、住宅裝修、建築物保險等」的費用是多少？,J2,請問您全家每個月用在支付「房租、水電瓦斯、住宅裝修、建築物保險等」的費用是多少？【過,4,"2,000 元-未滿2,500元",2000,2499,4,"2,000-2,499 元",2000,2499,option,exact_range,source_question,91 無可直接對照之房租水電住宅支出分項。
expenditure,EXP_HOUSING_UTIL,房租水電住宅相關支出,106,106,M2,請問您全家每個月用在支付「房租、水電瓦斯、住宅裝修、建築物保險等」的費用是多少？,J2,請問您全家每個月用在支付「房租、水電瓦斯、住宅裝修、建築物保險等」的費用是多少？【過,5,"2,500 元-未滿3,000元",2500,2999,5,"2,500-2,999 元",2500,2999,option,exact_range,source_question,91 無可直接對照之房租水電住宅支出分項。
expenditure,EXP_HOUSING_UTIL,房租水電住宅相關支出,106,106,M2,請問您全家每個月用在支付「房租、水電瓦斯、住宅裝修、建築物保險等」的費用是多少？,J2,請問您全家每個月用在支付「房租、水電瓦斯、住宅裝修、建築物保險等」的費用是多少？【過,6,"3,000 元-未滿5,000元",3000,4999,6,"3,000-4,999 元",3000,4999,option,exact_range,source_question,91 無可直接對照之房租水電住宅支出分項。
expenditure,EXP_HOUSING_UTIL,房租水電住宅相關支出,106,106,M2,請問您全家每個月用在支付「房租、水電瓦斯、住宅裝修、建築物保險等」的費用是多少？,J2,請問您全家每個月用在支付「房租、水電瓦斯、住宅裝修、建築物保險等」的費用是多少？【過,7,"5,000 元-未滿10,000元",5000,9999,7,"5,000-9,999 元",5000,9999,option,exact_range,source_question,91 無可直接對照之房租水電住宅支出分項。
expenditure,EXP_HOUSING_UTIL,房租水電住宅相關支出,106,106,M2,請問您全家每個月用在支付「房租、水電瓦斯、住宅裝修、建築物保險等」的費用是多少？,J2,請問您全家每個月用在支付「房租、水電瓦斯、住宅裝修、建築物保險等」的費用是多少？【過,8,"10,000 元-未滿15,000元",10000,14999,8,"10,000-14,999 元",10000,14999,option,exact_range,source_question,91 無可直接對照之房租水電住宅支出分項。
expenditure,EXP_HOUSING_UTIL,房租水電住宅相關支出,106,106,M2,請問您全家每個月用在支付「房租、水電瓦斯、住宅裝修、建築物保險等」的費用是多少？,J2,請問您全家每個月用在支付「房租、水電瓦斯、住宅裝修、建築物保險等」的費用是多少？【過,9,"15,000 元-未滿20,000元",15000,19999,9,"15,000-19,999 元",15000,19999,option,exact_range,source_question,91 無可直接對照之房租水電住宅支出分項。
expenditure,EXP_HOUSING_UTIL,房租水電住宅相關支出,106,106,M2,請問您全家每個月用在支付「房租、水電瓦斯、住宅裝修、建築物保險等」的費用是多少？,J2,請問您全家每個月用在支付「房租、水電瓦斯、住宅裝修、建築物保險等」的費用是多少？【過,10,"20,000 元-未滿30,000元",20000,29999,10,"20,000-29,999 元",20000,29999,option,exact_range,source_question,91 無可直接對照之房租水電住宅支出分項。
expenditure,EXP_HOUSING_UTIL,房租水電住宅相關支出,106,106,M2,請問您全家每個月用在支付「房租、水電瓦斯、住宅裝修、建築物保險等」的費用是多少？,J2,請問您全家每個月用在支付「房租、水電瓦斯、住宅裝修、建築物保險等」的費用是多少？【過,11,"30,000元-未滿40,000元",30000,39999,11,"30,000-39,999 元",30000,39999,option,exact_range,source_question,91 無可直接對照之房租水電住宅支出分項。
expenditure,EXP_HOUSING_UTIL,房租水電住宅相關支出,106,106,M2,請問您全家每個月用在支付「房租、水電瓦斯、住宅裝修、建築物保險等」的費用是多少？,J2,請問您全家每個月用在支付「房租、水電瓦斯、住宅裝修、建築物保險等」的費用是多少？【過,12,"40,000元-未滿50,000元",40000,49999,12,"40,000-49,999 元",40000,49999,option,exact_range,source_question,91 無可直接對照之房租水電住宅支出分項。
expenditure,EXP_HOUSING_UTIL,房租水電住宅相關支出,106,106,M2,請問您全家每個月用在支付「房租、水電瓦斯、住宅裝修、建築物保險等」的費用是多少？,J2,請問您全家每個月用在支付「房租、水電瓦斯、住宅裝修、建築物保險等」的費用是多少？【過,13,"50,000 元-未滿60,000元",50000,59999,13,"50,000-59,999 元",50000,59999,option,exact_range,source_question,91 無可直接對照之房租水電住宅支出分項。
expenditure,EXP_HOUSING_UTIL,房租水電住宅相關支出,106,106,M2,請問您全家每個月用在支付「房租、水電瓦斯、住宅裝修、建築物保險等」的費用是多少？,J2,請問您全家每個月用在支付「房租、水電瓦斯、住宅裝修、建築物保險等」的費用是多少？【過,14,"60,000元-未滿70,000元",60000,69999,14,"60,000-69,999 元",60000,69999,option,exact_range,source_question,91 無可直接對照之房租水電住宅支出分項。
expenditure,EXP_HOUSING_UTIL,房租水電住宅相關支出,106,106,M2,請問您全家每個月用在支付「房租、水電瓦斯、住宅裝修、建築物保險等」的費用是多少？,J2,請問您全家每個月用在支付「房租、水電瓦斯、住宅裝修、建築物保險等」的費用是多少？【過,15,"70,000元以上，請記錄____________元",70000,,15,"70,000 元及以上，請記錄____________元",70000,,option,exact_open_upper,source_question,91 無可直接對照之房租水電住宅支出分項。
expenditure,EXP_HOUSING_UTIL,房租水電住宅相關支出,106,106,M2,請問您全家每個月用在支付「房租、水電瓦斯、住宅裝修、建築物保險等」的費用是多少？,J2,請問您全家每個月用在支付「房租、水電瓦斯、住宅裝修、建築物保險等」的費用是多少？【過,16,沒有這項支出,0,0,16,沒有這項支出,0,0,option,exact_none,source_question,91 無可直接對照之房租水電住宅支出分項。
expenditure,EXP_HOUSING_UTIL,房租水電住宅相關支出,110,110,H2,請問您全家每個月用在支付「房租、水電瓦斯、住宅裝修、建築物保險等」的費用是多少？,J2,請問您全家每個月用在支付「房租、水電瓦斯、住宅裝修、建築物保險等」的費用是多少？【過,1,"未滿1,000元",0,999,1,999 元及以下,0,999,option,exact_range,source_question,91 無可直接對照之房租水電住宅支出分項。
expenditure,EXP_HOUSING_UTIL,房租水電住宅相關支出,110,110,H2,請問您全家每個月用在支付「房租、水電瓦斯、住宅裝修、建築物保險等」的費用是多少？,J2,請問您全家每個月用在支付「房租、水電瓦斯、住宅裝修、建築物保險等」的費用是多少？【過,2,"1,000 元-未滿1,500元",1000,1499,2,"1,000-1,499 元",1000,1499,option,exact_range,source_question,91 無可直接對照之房租水電住宅支出分項。
expenditure,EXP_HOUSING_UTIL,房租水電住宅相關支出,110,110,H2,請問您全家每個月用在支付「房租、水電瓦斯、住宅裝修、建築物保險等」的費用是多少？,J2,請問您全家每個月用在支付「房租、水電瓦斯、住宅裝修、建築物保險等」的費用是多少？【過,3,"1,500 元-未滿2,000元",1500,1999,3,"1,500-1,999 元",1500,1999,option,exact_range,source_question,91 無可直接對照之房租水電住宅支出分項。
expenditure,EXP_HOUSING_UTIL,房租水電住宅相關支出,110,110,H2,請問您全家每個月用在支付「房租、水電瓦斯、住宅裝修、建築物保險等」的費用是多少？,J2,請問您全家每個月用在支付「房租、水電瓦斯、住宅裝修、建築物保險等」的費用是多少？【過,4,"2,000 元-未滿2,500元",2000,2499,4,"2,000-2,499 元",2000,2499,option,exact_range,source_question,91 無可直接對照之房租水電住宅支出分項。
expenditure,EXP_HOUSING_UTIL,房租水電住宅相關支出,110,110,H2,請問您全家每個月用在支付「房租、水電瓦斯、住宅裝修、建築物保險等」的費用是多少？,J2,請問您全家每個月用在支付「房租、水電瓦斯、住宅裝修、建築物保險等」的費用是多少？【過,5,"2,500 元-未滿3,000元",2500,2999,5,"2,500-2,999 元",2500,2999,option,exact_range,source_question,91 無可直接對照之房租水電住宅支出分項。
expenditure,EXP_HOUSING_UTIL,房租水電住宅相關支出,110,110,H2,請問您全家每個月用在支付「房租、水電瓦斯、住宅裝修、建築物保險等」的費用是多少？,J2,請問您全家每個月用在支付「房租、水電瓦斯、住宅裝修、建築物保險等」的費用是多少？【過,6,"3,000 元-未滿5,000元",3000,4999,6,"3,000-4,999 元",3000,4999,option,exact_range,source_question,91 無可直接對照之房租水電住宅支出分項。
expenditure,EXP_HOUSING_UTIL,房租水電住宅相關支出,110,110,H2,請問您全家每個月用在支付「房租、水電瓦斯、住宅裝修、建築物保險等」的費用是多少？,J2,請問您全家每個月用在支付「房租、水電瓦斯、住宅裝修、建築物保險等」的費用是多少？【過,7,"5,000 元-未滿10,000元",5000,9999,7,"5,000-9,999 元",5000,9999,option,exact_range,source_question,91 無可直接對照之房租水電住宅支出分項。
expenditure,EXP_HOUSING_UTIL,房租水電住宅相關支出,110,110,H2,請問您全家每個月用在支付「房租、水電瓦斯、住宅裝修、建築物保險等」的費用是多少？,J2,請問您全家每個月用在支付「房租、水電瓦斯、住宅裝修、建築物保險等」的費用是多少？【過,8,"10,000 元-未滿15,000元",10000,14999,8,"10,000-14,999 元",10000,14999,option,exact_range,source_question,91 無可直接對照之房租水電住宅支出分項。
expenditure,EXP_HOUSING_UTIL,房租水電住宅相關支出,110,110,H2,請問您全家每個月用在支付「房租、水電瓦斯、住宅裝修、建築物保險等」的費用是多少？,J2,請問您全家每個月用在支付「房租、水電瓦斯、住宅裝修、建築物保險等」的費用是多少？【過,9,"15,000 元-未滿20,000元",15000,19999,9,"15,000-19,999 元",15000,19999,option,exact_range,source_question,91 無可直接對照之房租水電住宅支出分項。
expenditure,EXP_HOUSING_UTIL,房租水電住宅相關支出,110,110,H2,請問您全家每個月用在支付「房租、水電瓦斯、住宅裝修、建築物保險等」的費用是多少？,J2,請問您全家每個月用在支付「房租、水電瓦斯、住宅裝修、建築物保險等」的費用是多少？【過,10,"20,000 元-未滿30,000元",20000,29999,10,"20,000-29,999 元",20000,29999,option,exact_range,source_question,91 無可直接對照之房租水電住宅支出分項。
expenditure,EXP_HOUSING_UTIL,房租水電住宅相關支出,110,110,H2,請問您全家每個月用在支付「房租、水電瓦斯、住宅裝修、建築物保險等」的費用是多少？,J2,請問您全家每個月用在支付「房租、水電瓦斯、住宅裝修、建築物保險等」的費用是多少？【過,11,"30,000元-未滿40,000元",30000,39999,11,"30,000-39,999 元",30000,39999,option,exact_range,source_question,91 無可直接對照之房租水電住宅支出分項。
expenditure,EXP_HOUSING_UTIL,房租水電住宅相關支出,110,110,H2,請問您全家每個月用在支付「房租、水電瓦斯、住宅裝修、建築物保險等」的費用是多少？,J2,請問您全家每個月用在支付「房租、水電瓦斯、住宅裝修、建築物保險等」的費用是多少？【過,12,"40,000元-未滿50,000元",40000,49999,12,"40,000-49,999 元",40000,49999,option,exact_range,source_question,91 無可直接對照之房租水電住宅支出分項。
expenditure,EXP_HOUSING_UTIL,房租水電住宅相關支出,110,110,H2,請問您全家每個月用在支付「房租、水電瓦斯、住宅裝修、建築物保險等」的費用是多少？,J2,請問您全家每個月用在支付「房租、水電瓦斯、住宅裝修、建築物保險等」的費用是多少？【過,13,"50,000 元-未滿60,000元",50000,59999,13,"50,000-59,999 元",50000,59999,option,exact_range,source_question,91 無可直接對照之房租水電住宅支出分項。
expenditure,EXP_HOUSING_UTIL,房租水電住宅相關支出,110,110,H2,請問您全家每個月用在支付「房租、水電瓦斯、住宅裝修、建築物保險等」的費用是多少？,J2,請問您全家每個月用在支付「房租、水電瓦斯、住宅裝修、建築物保險等」的費用是多少？【過,14,"60,000元-未滿70,000元",60000,69999,14,"60,000-69,999 元",60000,69999,option,exact_range,source_question,91 無可直接對照之房租水電住宅支出分項。
expenditure,EXP_HOUSING_UTIL,房租水電住宅相關支出,110,110,H2,請問您全家每個月用在支付「房租、水電瓦斯、住宅裝修、建築物保險等」的費用是多少？,J2,請問您全家每個月用在支付「房租、水電瓦斯、住宅裝修、建築物保險等」的費用是多少？【過,15,"70,000元以上，請記錄____________元",70000,,15,"70,000 元及以上，請記錄____________元",70000,,option,exact_open_upper,source_question,91 無可直接對照之房租水電住宅支出分項。
expenditure,EXP_HOUSING_UTIL,房租水電住宅相關支出,110,110,H2,請問您全家每個月用在支付「房租、水電瓦斯、住宅裝修、建築物保險等」的費用是多少？,J2,請問您全家每個月用在支付「房租、水電瓦斯、住宅裝修、建築物保險等」的費用是多少？【過,16,沒有這項支出,0,0,16,沒有這項支出,0,0,option,exact_none,source_question,91 無可直接對照之房租水電住宅支出分項。
expenditure,EXP_TRANSPORT_COMM,交通與通訊支出,91,91_1,23-4,請問每個月家庭平均支出中，運輸交通與通訊花費是多少?(油錢、電話費、公車費、汽機,J3,請問您全家每個月用在支付「上下班上下學通勤、搭乘交通工具、汽機車保養/油錢、汽機車保險、,1,"未滿1,000元",0,999,1,999 元及以下,0,999,option,exact_range,source_question,以 103 年 J3 為基準。
expenditure,EXP_TRANSPORT_COMM,交通與通訊支出,91,91_1,23-4,請問每個月家庭平均支出中，運輸交通與通訊花費是多少?(油錢、電話費、公車費、汽機,J3,請問您全家每個月用在支付「上下班上下學通勤、搭乘交通工具、汽機車保養/油錢、汽機車保險、,2,"1,000元至未滿3,000元",1000,2999,2,"1,000-1,999 元",1000,1999,option,source_bin_spans_multiple_base_bins,source_question,以 103 年 J3 為基準。
expenditure,EXP_TRANSPORT_COMM,交通與通訊支出,91,91_1,23-4,請問每個月家庭平均支出中，運輸交通與通訊花費是多少?(油錢、電話費、公車費、汽機,J3,請問您全家每個月用在支付「上下班上下學通勤、搭乘交通工具、汽機車保養/油錢、汽機車保險、,2,"1,000元至未滿3,000元",1000,2999,3,"2,000-2,999 元",2000,2999,option,source_bin_spans_multiple_base_bins,source_question,以 103 年 J3 為基準。
expenditure,EXP_TRANSPORT_COMM,交通與通訊支出,91,91_1,23-4,請問每個月家庭平均支出中，運輸交通與通訊花費是多少?(油錢、電話費、公車費、汽機,J3,請問您全家每個月用在支付「上下班上下學通勤、搭乘交通工具、汽機車保養/油錢、汽機車保險、,3,"3,000元至未滿5,000元",3000,4999,4,"3,000-3,999 元",3000,3999,option,source_bin_spans_multiple_base_bins,source_question,以 103 年 J3 為基準。
expenditure,EXP_TRANSPORT_COMM,交通與通訊支出,91,91_1,23-4,請問每個月家庭平均支出中，運輸交通與通訊花費是多少?(油錢、電話費、公車費、汽機,J3,請問您全家每個月用在支付「上下班上下學通勤、搭乘交通工具、汽機車保養/油錢、汽機車保險、,3,"3,000元至未滿5,000元",3000,4999,5,"4,000-4,999 元",4000,4999,option,source_bin_spans_multiple_base_bins,source_question,以 103 年 J3 為基準。
expenditure,EXP_TRANSPORT_COMM,交通與通訊支出,91,91_1,23-4,請問每個月家庭平均支出中，運輸交通與通訊花費是多少?(油錢、電話費、公車費、汽機,J3,請問您全家每個月用在支付「上下班上下學通勤、搭乘交通工具、汽機車保養/油錢、汽機車保險、,4,"5,000元至未滿7,000元",5000,6999,6,"5,000-6,999 元",5000,6999,option,exact_range,source_question,以 103 年 J3 為基準。
expenditure,EXP_TRANSPORT_COMM,交通與通訊支出,91,91_1,23-4,請問每個月家庭平均支出中，運輸交通與通訊花費是多少?(油錢、電話費、公車費、汽機,J3,請問您全家每個月用在支付「上下班上下學通勤、搭乘交通工具、汽機車保養/油錢、汽機車保險、,5,"7,000元至未滿1萬元",7000,9999,7,"7,000-9,999 元",7000,9999,option,exact_range,source_question,以 103 年 J3 為基準。
expenditure,EXP_TRANSPORT_COMM,交通與通訊支出,91,91_1,23-4,請問每個月家庭平均支出中，運輸交通與通訊花費是多少?(油錢、電話費、公車費、汽機,J3,請問您全家每個月用在支付「上下班上下學通勤、搭乘交通工具、汽機車保養/油錢、汽機車保險、,6,1萬元以上（請記錄金額）,10000,,8,"10,000-14,999 元",10000,14999,option,source_bin_spans_multiple_base_bins,source_question,以 103 年 J3 為基準。
expenditure,EXP_TRANSPORT_COMM,交通與通訊支出,91,91_1,23-4,請問每個月家庭平均支出中，運輸交通與通訊花費是多少?(油錢、電話費、公車費、汽機,J3,請問您全家每個月用在支付「上下班上下學通勤、搭乘交通工具、汽機車保養/油錢、汽機車保險、,6,1萬元以上（請記錄金額）,10000,,9,"15,000-19,999 元",15000,19999,option,source_bin_spans_multiple_base_bins,source_question,以 103 年 J3 為基準。
expenditure,EXP_TRANSPORT_COMM,交通與通訊支出,91,91_1,23-4,請問每個月家庭平均支出中，運輸交通與通訊花費是多少?(油錢、電話費、公車費、汽機,J3,請問您全家每個月用在支付「上下班上下學通勤、搭乘交通工具、汽機車保養/油錢、汽機車保險、,6,1萬元以上（請記錄金額）,10000,,10,"20,000-29,999 元",20000,29999,option,source_bin_spans_multiple_base_bins,source_question,以 103 年 J3 為基準。
expenditure,EXP_TRANSPORT_COMM,交通與通訊支出,91,91_1,23-4,請問每個月家庭平均支出中，運輸交通與通訊花費是多少?(油錢、電話費、公車費、汽機,J3,請問您全家每個月用在支付「上下班上下學通勤、搭乘交通工具、汽機車保養/油錢、汽機車保險、,6,1萬元以上（請記錄金額）,10000,,11,"30,000 元及以上，請記錄________元",30000,,option,source_bin_spans_multiple_base_bins,source_question,以 103 年 J3 為基準。
expenditure,EXP_TRANSPORT_COMM,交通與通訊支出,91,91_1,23-4,請問每個月家庭平均支出中，運輸交通與通訊花費是多少?(油錢、電話費、公車費、汽機,J3,請問您全家每個月用在支付「上下班上下學通勤、搭乘交通工具、汽機車保養/油錢、汽機車保險、,7,無,0,0,12,沒有這項支出,0,0,option,exact_none,source_question,以 103 年 J3 為基準。
expenditure,EXP_TRANSPORT_COMM,交通與通訊支出,91,91_2,23-4,請問每個月家庭平均支出中，運輸交通與通訊花費是多少?(油錢、電話費、公車費、汽機,J3,請問您全家每個月用在支付「上下班上下學通勤、搭乘交通工具、汽機車保養/油錢、汽機車保險、,1,"未滿1,000元",0,999,1,999 元及以下,0,999,option,exact_range,source_question,以 103 年 J3 為基準。
expenditure,EXP_TRANSPORT_COMM,交通與通訊支出,91,91_2,23-4,請問每個月家庭平均支出中，運輸交通與通訊花費是多少?(油錢、電話費、公車費、汽機,J3,請問您全家每個月用在支付「上下班上下學通勤、搭乘交通工具、汽機車保養/油錢、汽機車保險、,2,"1,000元至未滿3,000元",1000,2999,2,"1,000-1,999 元",1000,1999,option,source_bin_spans_multiple_base_bins,source_question,以 103 年 J3 為基準。
expenditure,EXP_TRANSPORT_COMM,交通與通訊支出,91,91_2,23-4,請問每個月家庭平均支出中，運輸交通與通訊花費是多少?(油錢、電話費、公車費、汽機,J3,請問您全家每個月用在支付「上下班上下學通勤、搭乘交通工具、汽機車保養/油錢、汽機車保險、,2,"1,000元至未滿3,000元",1000,2999,3,"2,000-2,999 元",2000,2999,option,source_bin_spans_multiple_base_bins,source_question,以 103 年 J3 為基準。
expenditure,EXP_TRANSPORT_COMM,交通與通訊支出,91,91_2,23-4,請問每個月家庭平均支出中，運輸交通與通訊花費是多少?(油錢、電話費、公車費、汽機,J3,請問您全家每個月用在支付「上下班上下學通勤、搭乘交通工具、汽機車保養/油錢、汽機車保險、,3,"3,000元至未滿5,000元",3000,4999,4,"3,000-3,999 元",3000,3999,option,source_bin_spans_multiple_base_bins,source_question,以 103 年 J3 為基準。
expenditure,EXP_TRANSPORT_COMM,交通與通訊支出,91,91_2,23-4,請問每個月家庭平均支出中，運輸交通與通訊花費是多少?(油錢、電話費、公車費、汽機,J3,請問您全家每個月用在支付「上下班上下學通勤、搭乘交通工具、汽機車保養/油錢、汽機車保險、,3,"3,000元至未滿5,000元",3000,4999,5,"4,000-4,999 元",4000,4999,option,source_bin_spans_multiple_base_bins,source_question,以 103 年 J3 為基準。
expenditure,EXP_TRANSPORT_COMM,交通與通訊支出,91,91_2,23-4,請問每個月家庭平均支出中，運輸交通與通訊花費是多少?(油錢、電話費、公車費、汽機,J3,請問您全家每個月用在支付「上下班上下學通勤、搭乘交通工具、汽機車保養/油錢、汽機車保險、,4,"5,000元至未滿7,000元",5000,6999,6,"5,000-6,999 元",5000,6999,option,exact_range,source_question,以 103 年 J3 為基準。
expenditure,EXP_TRANSPORT_COMM,交通與通訊支出,91,91_2,23-4,請問每個月家庭平均支出中，運輸交通與通訊花費是多少?(油錢、電話費、公車費、汽機,J3,請問您全家每個月用在支付「上下班上下學通勤、搭乘交通工具、汽機車保養/油錢、汽機車保險、,5,"7,000元至未滿1萬元",7000,9999,7,"7,000-9,999 元",7000,9999,option,exact_range,source_question,以 103 年 J3 為基準。
expenditure,EXP_TRANSPORT_COMM,交通與通訊支出,91,91_2,23-4,請問每個月家庭平均支出中，運輸交通與通訊花費是多少?(油錢、電話費、公車費、汽機,J3,請問您全家每個月用在支付「上下班上下學通勤、搭乘交通工具、汽機車保養/油錢、汽機車保險、,6,1萬元以上（請記錄金額）,10000,,8,"10,000-14,999 元",10000,14999,option,source_bin_spans_multiple_base_bins,source_question,以 103 年 J3 為基準。
expenditure,EXP_TRANSPORT_COMM,交通與通訊支出,91,91_2,23-4,請問每個月家庭平均支出中，運輸交通與通訊花費是多少?(油錢、電話費、公車費、汽機,J3,請問您全家每個月用在支付「上下班上下學通勤、搭乘交通工具、汽機車保養/油錢、汽機車保險、,6,1萬元以上（請記錄金額）,10000,,9,"15,000-19,999 元",15000,19999,option,source_bin_spans_multiple_base_bins,source_question,以 103 年 J3 為基準。
expenditure,EXP_TRANSPORT_COMM,交通與通訊支出,91,91_2,23-4,請問每個月家庭平均支出中，運輸交通與通訊花費是多少?(油錢、電話費、公車費、汽機,J3,請問您全家每個月用在支付「上下班上下學通勤、搭乘交通工具、汽機車保養/油錢、汽機車保險、,6,1萬元以上（請記錄金額）,10000,,10,"20,000-29,999 元",20000,29999,option,source_bin_spans_multiple_base_bins,source_question,以 103 年 J3 為基準。
expenditure,EXP_TRANSPORT_COMM,交通與通訊支出,91,91_2,23-4,請問每個月家庭平均支出中，運輸交通與通訊花費是多少?(油錢、電話費、公車費、汽機,J3,請問您全家每個月用在支付「上下班上下學通勤、搭乘交通工具、汽機車保養/油錢、汽機車保險、,6,1萬元以上（請記錄金額）,10000,,11,"30,000 元及以上，請記錄________元",30000,,option,source_bin_spans_multiple_base_bins,source_question,以 103 年 J3 為基準。
expenditure,EXP_TRANSPORT_COMM,交通與通訊支出,91,91_2,23-4,請問每個月家庭平均支出中，運輸交通與通訊花費是多少?(油錢、電話費、公車費、汽機,J3,請問您全家每個月用在支付「上下班上下學通勤、搭乘交通工具、汽機車保養/油錢、汽機車保險、,7,無,0,0,12,沒有這項支出,0,0,option,exact_none,source_question,以 103 年 J3 為基準。
expenditure,EXP_TRANSPORT_COMM,交通與通訊支出,95,95,Q12-3,請問您全家每個月用在支付「上下班上下學通勤、搭乘交通工具、汽機車,J3,請問您全家每個月用在支付「上下班上下學通勤、搭乘交通工具、汽機車保養/油錢、汽機車保險、,1,999元及以下,0,999,1,999 元及以下,0,999,option,exact_range,source_question,以 103 年 J3 為基準。
expenditure,EXP_TRANSPORT_COMM,交通與通訊支出,95,95,Q12-3,請問您全家每個月用在支付「上下班上下學通勤、搭乘交通工具、汽機車,J3,請問您全家每個月用在支付「上下班上下學通勤、搭乘交通工具、汽機車保養/油錢、汽機車保險、,2,"1,000-1,999元",1000,1999,2,"1,000-1,999 元",1000,1999,option,exact_range,source_question,以 103 年 J3 為基準。
expenditure,EXP_TRANSPORT_COMM,交通與通訊支出,95,95,Q12-3,請問您全家每個月用在支付「上下班上下學通勤、搭乘交通工具、汽機車,J3,請問您全家每個月用在支付「上下班上下學通勤、搭乘交通工具、汽機車保養/油錢、汽機車保險、,3,"2,000-2,999 元",2000,2999,3,"2,000-2,999 元",2000,2999,option,exact_range,source_question,以 103 年 J3 為基準。
expenditure,EXP_TRANSPORT_COMM,交通與通訊支出,95,95,Q12-3,請問您全家每個月用在支付「上下班上下學通勤、搭乘交通工具、汽機車,J3,請問您全家每個月用在支付「上下班上下學通勤、搭乘交通工具、汽機車保養/油錢、汽機車保險、,4,"3,000-3,999元",3000,3999,4,"3,000-3,999 元",3000,3999,option,exact_range,source_question,以 103 年 J3 為基準。
expenditure,EXP_TRANSPORT_COMM,交通與通訊支出,95,95,Q12-3,請問您全家每個月用在支付「上下班上下學通勤、搭乘交通工具、汽機車,J3,請問您全家每個月用在支付「上下班上下學通勤、搭乘交通工具、汽機車保養/油錢、汽機車保險、,5,"4,000-4,999 元",4000,4999,5,"4,000-4,999 元",4000,4999,option,exact_range,source_question,以 103 年 J3 為基準。
expenditure,EXP_TRANSPORT_COMM,交通與通訊支出,95,95,Q12-3,請問您全家每個月用在支付「上下班上下學通勤、搭乘交通工具、汽機車,J3,請問您全家每個月用在支付「上下班上下學通勤、搭乘交通工具、汽機車保養/油錢、汽機車保險、,6,"5,000-6,999元",5000,6999,6,"5,000-6,999 元",5000,6999,option,exact_range,source_question,以 103 年 J3 為基準。
expenditure,EXP_TRANSPORT_COMM,交通與通訊支出,95,95,Q12-3,請問您全家每個月用在支付「上下班上下學通勤、搭乘交通工具、汽機車,J3,請問您全家每個月用在支付「上下班上下學通勤、搭乘交通工具、汽機車保養/油錢、汽機車保險、,7,"7,000-9,999 元",7000,9999,7,"7,000-9,999 元",7000,9999,option,exact_range,source_question,以 103 年 J3 為基準。
expenditure,EXP_TRANSPORT_COMM,交通與通訊支出,95,95,Q12-3,請問您全家每個月用在支付「上下班上下學通勤、搭乘交通工具、汽機車,J3,請問您全家每個月用在支付「上下班上下學通勤、搭乘交通工具、汽機車保養/油錢、汽機車保險、,8,"10,000-14,999元",10000,14999,8,"10,000-14,999 元",10000,14999,option,exact_range,source_question,以 103 年 J3 為基準。
expenditure,EXP_TRANSPORT_COMM,交通與通訊支出,95,95,Q12-3,請問您全家每個月用在支付「上下班上下學通勤、搭乘交通工具、汽機車,J3,請問您全家每個月用在支付「上下班上下學通勤、搭乘交通工具、汽機車保養/油錢、汽機車保險、,9,"15,000-19,999 元",15000,19999,9,"15,000-19,999 元",15000,19999,option,exact_range,source_question,以 103 年 J3 為基準。
expenditure,EXP_TRANSPORT_COMM,交通與通訊支出,95,95,Q12-3,請問您全家每個月用在支付「上下班上下學通勤、搭乘交通工具、汽機車,J3,請問您全家每個月用在支付「上下班上下學通勤、搭乘交通工具、汽機車保養/油錢、汽機車保險、,10,"20,000-29,999元",20000,29999,10,"20,000-29,999 元",20000,29999,option,exact_range,source_question,以 103 年 J3 為基準。
expenditure,EXP_TRANSPORT_COMM,交通與通訊支出,95,95,Q12-3,請問您全家每個月用在支付「上下班上下學通勤、搭乘交通工具、汽機車,J3,請問您全家每個月用在支付「上下班上下學通勤、搭乘交通工具、汽機車保養/油錢、汽機車保險、,90,"30,000元及以上，請記錄 元",30000,,11,"30,000 元及以上，請記錄________元",30000,,option,exact_open_upper,source_question,以 103 年 J3 為基準。
expenditure,EXP_TRANSPORT_COMM,交通與通訊支出,95,95,Q12-3,請問您全家每個月用在支付「上下班上下學通勤、搭乘交通工具、汽機車,J3,請問您全家每個月用在支付「上下班上下學通勤、搭乘交通工具、汽機車保養/油錢、汽機車保險、,95,沒有這項支出,0,0,12,沒有這項支出,0,0,option,exact_none,source_question,以 103 年 J3 為基準。
expenditure,EXP_TRANSPORT_COMM,交通與通訊支出,99,99,J3,請問您全家每個月用在支付「上下班上下學通勤、搭乘交通工具、汽機車保養油錢、市內電話、,J3,請問您全家每個月用在支付「上下班上下學通勤、搭乘交通工具、汽機車保養/油錢、汽機車保險、,1,999 元及以下,0,999,1,999 元及以下,0,999,option,exact_range,source_question,以 103 年 J3 為基準。
expenditure,EXP_TRANSPORT_COMM,交通與通訊支出,99,99,J3,請問您全家每個月用在支付「上下班上下學通勤、搭乘交通工具、汽機車保養油錢、市內電話、,J3,請問您全家每個月用在支付「上下班上下學通勤、搭乘交通工具、汽機車保養/油錢、汽機車保險、,2,"1,000-1,999 元",1000,1999,2,"1,000-1,999 元",1000,1999,option,exact_range,source_question,以 103 年 J3 為基準。
expenditure,EXP_TRANSPORT_COMM,交通與通訊支出,99,99,J3,請問您全家每個月用在支付「上下班上下學通勤、搭乘交通工具、汽機車保養油錢、市內電話、,J3,請問您全家每個月用在支付「上下班上下學通勤、搭乘交通工具、汽機車保養/油錢、汽機車保險、,3,"2,000-2,999 元",2000,2999,3,"2,000-2,999 元",2000,2999,option,exact_range,source_question,以 103 年 J3 為基準。
expenditure,EXP_TRANSPORT_COMM,交通與通訊支出,99,99,J3,請問您全家每個月用在支付「上下班上下學通勤、搭乘交通工具、汽機車保養油錢、市內電話、,J3,請問您全家每個月用在支付「上下班上下學通勤、搭乘交通工具、汽機車保養/油錢、汽機車保險、,4,"3,000-3,999 元",3000,3999,4,"3,000-3,999 元",3000,3999,option,exact_range,source_question,以 103 年 J3 為基準。
expenditure,EXP_TRANSPORT_COMM,交通與通訊支出,99,99,J3,請問您全家每個月用在支付「上下班上下學通勤、搭乘交通工具、汽機車保養油錢、市內電話、,J3,請問您全家每個月用在支付「上下班上下學通勤、搭乘交通工具、汽機車保養/油錢、汽機車保險、,5,"4,000-4,999 元",4000,4999,5,"4,000-4,999 元",4000,4999,option,exact_range,source_question,以 103 年 J3 為基準。
expenditure,EXP_TRANSPORT_COMM,交通與通訊支出,99,99,J3,請問您全家每個月用在支付「上下班上下學通勤、搭乘交通工具、汽機車保養油錢、市內電話、,J3,請問您全家每個月用在支付「上下班上下學通勤、搭乘交通工具、汽機車保養/油錢、汽機車保險、,6,"5,000-6,999 元",5000,6999,6,"5,000-6,999 元",5000,6999,option,exact_range,source_question,以 103 年 J3 為基準。
expenditure,EXP_TRANSPORT_COMM,交通與通訊支出,99,99,J3,請問您全家每個月用在支付「上下班上下學通勤、搭乘交通工具、汽機車保養油錢、市內電話、,J3,請問您全家每個月用在支付「上下班上下學通勤、搭乘交通工具、汽機車保養/油錢、汽機車保險、,7,"7,000-9,999 元",7000,9999,7,"7,000-9,999 元",7000,9999,option,exact_range,source_question,以 103 年 J3 為基準。
expenditure,EXP_TRANSPORT_COMM,交通與通訊支出,99,99,J3,請問您全家每個月用在支付「上下班上下學通勤、搭乘交通工具、汽機車保養油錢、市內電話、,J3,請問您全家每個月用在支付「上下班上下學通勤、搭乘交通工具、汽機車保養/油錢、汽機車保險、,8,"10,000-14,999 元",10000,14999,8,"10,000-14,999 元",10000,14999,option,exact_range,source_question,以 103 年 J3 為基準。
expenditure,EXP_TRANSPORT_COMM,交通與通訊支出,99,99,J3,請問您全家每個月用在支付「上下班上下學通勤、搭乘交通工具、汽機車保養油錢、市內電話、,J3,請問您全家每個月用在支付「上下班上下學通勤、搭乘交通工具、汽機車保養/油錢、汽機車保險、,9,"15,000-19,999 元",15000,19999,9,"15,000-19,999 元",15000,19999,option,exact_range,source_question,以 103 年 J3 為基準。
expenditure,EXP_TRANSPORT_COMM,交通與通訊支出,99,99,J3,請問您全家每個月用在支付「上下班上下學通勤、搭乘交通工具、汽機車保養油錢、市內電話、,J3,請問您全家每個月用在支付「上下班上下學通勤、搭乘交通工具、汽機車保養/油錢、汽機車保險、,10,"20,000-29,999 元",20000,29999,10,"20,000-29,999 元",20000,29999,option,exact_range,source_question,以 103 年 J3 為基準。
expenditure,EXP_TRANSPORT_COMM,交通與通訊支出,99,99,J3,請問您全家每個月用在支付「上下班上下學通勤、搭乘交通工具、汽機車保養油錢、市內電話、,J3,請問您全家每個月用在支付「上下班上下學通勤、搭乘交通工具、汽機車保養/油錢、汽機車保險、,11,"30,000 元及以上，請記錄 元",30000,,11,"30,000 元及以上，請記錄________元",30000,,option,exact_open_upper,source_question,以 103 年 J3 為基準。
expenditure,EXP_TRANSPORT_COMM,交通與通訊支出,99,99,J3,請問您全家每個月用在支付「上下班上下學通勤、搭乘交通工具、汽機車保養油錢、市內電話、,J3,請問您全家每個月用在支付「上下班上下學通勤、搭乘交通工具、汽機車保養/油錢、汽機車保險、,12,沒有這項支出,0,0,12,沒有這項支出,0,0,option,exact_none,source_question,以 103 年 J3 為基準。
expenditure,EXP_TRANSPORT_COMM,交通與通訊支出,103,103,J3,請問您全家每個月用在支付「上下班上下學通勤、搭乘交通工具、汽機車保養/油錢、汽機車保險、,J3,請問您全家每個月用在支付「上下班上下學通勤、搭乘交通工具、汽機車保養/油錢、汽機車保險、,1,999 元及以下,0,999,1,999 元及以下,0,999,option,exact_range,source_question,以 103 年 J3 為基準。
expenditure,EXP_TRANSPORT_COMM,交通與通訊支出,103,103,J3,請問您全家每個月用在支付「上下班上下學通勤、搭乘交通工具、汽機車保養/油錢、汽機車保險、,J3,請問您全家每個月用在支付「上下班上下學通勤、搭乘交通工具、汽機車保養/油錢、汽機車保險、,2,"1,000-1,999 元",1000,1999,2,"1,000-1,999 元",1000,1999,option,exact_range,source_question,以 103 年 J3 為基準。
expenditure,EXP_TRANSPORT_COMM,交通與通訊支出,103,103,J3,請問您全家每個月用在支付「上下班上下學通勤、搭乘交通工具、汽機車保養/油錢、汽機車保險、,J3,請問您全家每個月用在支付「上下班上下學通勤、搭乘交通工具、汽機車保養/油錢、汽機車保險、,3,"2,000-2,999 元",2000,2999,3,"2,000-2,999 元",2000,2999,option,exact_range,source_question,以 103 年 J3 為基準。
expenditure,EXP_TRANSPORT_COMM,交通與通訊支出,103,103,J3,請問您全家每個月用在支付「上下班上下學通勤、搭乘交通工具、汽機車保養/油錢、汽機車保險、,J3,請問您全家每個月用在支付「上下班上下學通勤、搭乘交通工具、汽機車保養/油錢、汽機車保險、,4,"3,000-3,999 元",3000,3999,4,"3,000-3,999 元",3000,3999,option,exact_range,source_question,以 103 年 J3 為基準。
expenditure,EXP_TRANSPORT_COMM,交通與通訊支出,103,103,J3,請問您全家每個月用在支付「上下班上下學通勤、搭乘交通工具、汽機車保養/油錢、汽機車保險、,J3,請問您全家每個月用在支付「上下班上下學通勤、搭乘交通工具、汽機車保養/油錢、汽機車保險、,5,"4,000-4,999 元",4000,4999,5,"4,000-4,999 元",4000,4999,option,exact_range,source_question,以 103 年 J3 為基準。
expenditure,EXP_TRANSPORT_COMM,交通與通訊支出,103,103,J3,請問您全家每個月用在支付「上下班上下學通勤、搭乘交通工具、汽機車保養/油錢、汽機車保險、,J3,請問您全家每個月用在支付「上下班上下學通勤、搭乘交通工具、汽機車保養/油錢、汽機車保險、,6,"5,000-6,999 元",5000,6999,6,"5,000-6,999 元",5000,6999,option,exact_range,source_question,以 103 年 J3 為基準。
expenditure,EXP_TRANSPORT_COMM,交通與通訊支出,103,103,J3,請問您全家每個月用在支付「上下班上下學通勤、搭乘交通工具、汽機車保養/油錢、汽機車保險、,J3,請問您全家每個月用在支付「上下班上下學通勤、搭乘交通工具、汽機車保養/油錢、汽機車保險、,7,"7,000-9,999 元",7000,9999,7,"7,000-9,999 元",7000,9999,option,exact_range,source_question,以 103 年 J3 為基準。
expenditure,EXP_TRANSPORT_COMM,交通與通訊支出,103,103,J3,請問您全家每個月用在支付「上下班上下學通勤、搭乘交通工具、汽機車保養/油錢、汽機車保險、,J3,請問您全家每個月用在支付「上下班上下學通勤、搭乘交通工具、汽機車保養/油錢、汽機車保險、,8,"10,000-14,999 元",10000,14999,8,"10,000-14,999 元",10000,14999,option,exact_range,source_question,以 103 年 J3 為基準。
expenditure,EXP_TRANSPORT_COMM,交通與通訊支出,103,103,J3,請問您全家每個月用在支付「上下班上下學通勤、搭乘交通工具、汽機車保養/油錢、汽機車保險、,J3,請問您全家每個月用在支付「上下班上下學通勤、搭乘交通工具、汽機車保養/油錢、汽機車保險、,9,"15,000-19,999 元",15000,19999,9,"15,000-19,999 元",15000,19999,option,exact_range,source_question,以 103 年 J3 為基準。
expenditure,EXP_TRANSPORT_COMM,交通與通訊支出,103,103,J3,請問您全家每個月用在支付「上下班上下學通勤、搭乘交通工具、汽機車保養/油錢、汽機車保險、,J3,請問您全家每個月用在支付「上下班上下學通勤、搭乘交通工具、汽機車保養/油錢、汽機車保險、,10,"20,000-29,999 元",20000,29999,10,"20,000-29,999 元",20000,29999,option,exact_range,source_question,以 103 年 J3 為基準。
expenditure,EXP_TRANSPORT_COMM,交通與通訊支出,103,103,J3,請問您全家每個月用在支付「上下班上下學通勤、搭乘交通工具、汽機車保養/油錢、汽機車保險、,J3,請問您全家每個月用在支付「上下班上下學通勤、搭乘交通工具、汽機車保養/油錢、汽機車保險、,11,"30,000 元及以上，請記錄________元",30000,,11,"30,000 元及以上，請記錄________元",30000,,option,exact_open_upper,source_question,以 103 年 J3 為基準。
expenditure,EXP_TRANSPORT_COMM,交通與通訊支出,103,103,J3,請問您全家每個月用在支付「上下班上下學通勤、搭乘交通工具、汽機車保養/油錢、汽機車保險、,J3,請問您全家每個月用在支付「上下班上下學通勤、搭乘交通工具、汽機車保養/油錢、汽機車保險、,12,沒有這項支出,0,0,12,沒有這項支出,0,0,option,exact_none,source_question,以 103 年 J3 為基準。
expenditure,EXP_TRANSPORT_COMM,交通與通訊支出,106,106,M3,請問您全家每個月用在支付「上下班上下學通勤、搭乘交通工具、汽機車保養/油錢、汽機車保,J3,請問您全家每個月用在支付「上下班上下學通勤、搭乘交通工具、汽機車保養/油錢、汽機車保險、,1,"未滿1,000元",0,999,1,999 元及以下,0,999,option,exact_range,source_question,以 103 年 J3 為基準。
expenditure,EXP_TRANSPORT_COMM,交通與通訊支出,106,106,M3,請問您全家每個月用在支付「上下班上下學通勤、搭乘交通工具、汽機車保養/油錢、汽機車保,J3,請問您全家每個月用在支付「上下班上下學通勤、搭乘交通工具、汽機車保養/油錢、汽機車保險、,2,"1,000 元-未滿2,000元",1000,1999,2,"1,000-1,999 元",1000,1999,option,exact_range,source_question,以 103 年 J3 為基準。
expenditure,EXP_TRANSPORT_COMM,交通與通訊支出,106,106,M3,請問您全家每個月用在支付「上下班上下學通勤、搭乘交通工具、汽機車保養/油錢、汽機車保,J3,請問您全家每個月用在支付「上下班上下學通勤、搭乘交通工具、汽機車保養/油錢、汽機車保險、,3,"2,000 元-未滿3,000元",2000,2999,3,"2,000-2,999 元",2000,2999,option,exact_range,source_question,以 103 年 J3 為基準。
expenditure,EXP_TRANSPORT_COMM,交通與通訊支出,106,106,M3,請問您全家每個月用在支付「上下班上下學通勤、搭乘交通工具、汽機車保養/油錢、汽機車保,J3,請問您全家每個月用在支付「上下班上下學通勤、搭乘交通工具、汽機車保養/油錢、汽機車保險、,4,"3,000 元-未滿4,000元",3000,3999,4,"3,000-3,999 元",3000,3999,option,exact_range,source_question,以 103 年 J3 為基準。
expenditure,EXP_TRANSPORT_COMM,交通與通訊支出,106,106,M3,請問您全家每個月用在支付「上下班上下學通勤、搭乘交通工具、汽機車保養/油錢、汽機車保,J3,請問您全家每個月用在支付「上下班上下學通勤、搭乘交通工具、汽機車保養/油錢、汽機車保險、,5,"4,000 元-未滿5,000元",4000,4999,5,"4,000-4,999 元",4000,4999,option,exact_range,source_question,以 103 年 J3 為基準。
expenditure,EXP_TRANSPORT_COMM,交通與通訊支出,106,106,M3,請問您全家每個月用在支付「上下班上下學通勤、搭乘交通工具、汽機車保養/油錢、汽機車保,J3,請問您全家每個月用在支付「上下班上下學通勤、搭乘交通工具、汽機車保養/油錢、汽機車保險、,6,"5,000 元-未滿7,000元",5000,6999,6,"5,000-6,999 元",5000,6999,option,exact_range,source_question,以 103 年 J3 為基準。
expenditure,EXP_TRANSPORT_COMM,交通與通訊支出,106,106,M3,請問您全家每個月用在支付「上下班上下學通勤、搭乘交通工具、汽機車保養/油錢、汽機車保,J3,請問您全家每個月用在支付「上下班上下學通勤、搭乘交通工具、汽機車保養/油錢、汽機車保險、,7,"7,000 元-未滿10,000元",7000,9999,7,"7,000-9,999 元",7000,9999,option,exact_range,source_question,以 103 年 J3 為基準。
expenditure,EXP_TRANSPORT_COMM,交通與通訊支出,106,106,M3,請問您全家每個月用在支付「上下班上下學通勤、搭乘交通工具、汽機車保養/油錢、汽機車保,J3,請問您全家每個月用在支付「上下班上下學通勤、搭乘交通工具、汽機車保養/油錢、汽機車保險、,8,"10,000元-未滿15,000元",10000,14999,8,"10,000-14,999 元",10000,14999,option,exact_range,source_question,以 103 年 J3 為基準。
expenditure,EXP_TRANSPORT_COMM,交通與通訊支出,106,106,M3,請問您全家每個月用在支付「上下班上下學通勤、搭乘交通工具、汽機車保養/油錢、汽機車保,J3,請問您全家每個月用在支付「上下班上下學通勤、搭乘交通工具、汽機車保養/油錢、汽機車保險、,9,"15,000元-未滿20,000元",15000,19999,9,"15,000-19,999 元",15000,19999,option,exact_range,source_question,以 103 年 J3 為基準。
expenditure,EXP_TRANSPORT_COMM,交通與通訊支出,106,106,M3,請問您全家每個月用在支付「上下班上下學通勤、搭乘交通工具、汽機車保養/油錢、汽機車保,J3,請問您全家每個月用在支付「上下班上下學通勤、搭乘交通工具、汽機車保養/油錢、汽機車保險、,10,"20,000元-未滿30,000元",20000,29999,10,"20,000-29,999 元",20000,29999,option,exact_range,source_question,以 103 年 J3 為基準。
expenditure,EXP_TRANSPORT_COMM,交通與通訊支出,106,106,M3,請問您全家每個月用在支付「上下班上下學通勤、搭乘交通工具、汽機車保養/油錢、汽機車保,J3,請問您全家每個月用在支付「上下班上下學通勤、搭乘交通工具、汽機車保養/油錢、汽機車保險、,11,"30,000元以上，請記錄________元",30000,,11,"30,000 元及以上，請記錄________元",30000,,option,exact_open_upper,source_question,以 103 年 J3 為基準。
expenditure,EXP_TRANSPORT_COMM,交通與通訊支出,106,106,M3,請問您全家每個月用在支付「上下班上下學通勤、搭乘交通工具、汽機車保養/油錢、汽機車保,J3,請問您全家每個月用在支付「上下班上下學通勤、搭乘交通工具、汽機車保養/油錢、汽機車保險、,12,沒有這項支出,0,0,12,沒有這項支出,0,0,option,exact_none,source_question,以 103 年 J3 為基準。
expenditure,EXP_TRANSPORT_COMM,交通與通訊支出,110,110,H3,請問您全家每個月用在支付「上下班上下學通勤、搭乘交通工具、汽機車保養/油錢、汽機車保,J3,請問您全家每個月用在支付「上下班上下學通勤、搭乘交通工具、汽機車保養/油錢、汽機車保險、,1,"未滿1,000元",0,999,1,999 元及以下,0,999,option,exact_range,source_question,以 103 年 J3 為基準。
expenditure,EXP_TRANSPORT_COMM,交通與通訊支出,110,110,H3,請問您全家每個月用在支付「上下班上下學通勤、搭乘交通工具、汽機車保養/油錢、汽機車保,J3,請問您全家每個月用在支付「上下班上下學通勤、搭乘交通工具、汽機車保養/油錢、汽機車保險、,2,"1,000 元-未滿2,000元",1000,1999,2,"1,000-1,999 元",1000,1999,option,exact_range,source_question,以 103 年 J3 為基準。
expenditure,EXP_TRANSPORT_COMM,交通與通訊支出,110,110,H3,請問您全家每個月用在支付「上下班上下學通勤、搭乘交通工具、汽機車保養/油錢、汽機車保,J3,請問您全家每個月用在支付「上下班上下學通勤、搭乘交通工具、汽機車保養/油錢、汽機車保險、,3,"2,000 元-未滿3,000元",2000,2999,3,"2,000-2,999 元",2000,2999,option,exact_range,source_question,以 103 年 J3 為基準。
expenditure,EXP_TRANSPORT_COMM,交通與通訊支出,110,110,H3,請問您全家每個月用在支付「上下班上下學通勤、搭乘交通工具、汽機車保養/油錢、汽機車保,J3,請問您全家每個月用在支付「上下班上下學通勤、搭乘交通工具、汽機車保養/油錢、汽機車保險、,4,"3,000 元-未滿4,000元",3000,3999,4,"3,000-3,999 元",3000,3999,option,exact_range,source_question,以 103 年 J3 為基準。
expenditure,EXP_TRANSPORT_COMM,交通與通訊支出,110,110,H3,請問您全家每個月用在支付「上下班上下學通勤、搭乘交通工具、汽機車保養/油錢、汽機車保,J3,請問您全家每個月用在支付「上下班上下學通勤、搭乘交通工具、汽機車保養/油錢、汽機車保險、,5,"4,000 元-未滿5,000元",4000,4999,5,"4,000-4,999 元",4000,4999,option,exact_range,source_question,以 103 年 J3 為基準。
expenditure,EXP_TRANSPORT_COMM,交通與通訊支出,110,110,H3,請問您全家每個月用在支付「上下班上下學通勤、搭乘交通工具、汽機車保養/油錢、汽機車保,J3,請問您全家每個月用在支付「上下班上下學通勤、搭乘交通工具、汽機車保養/油錢、汽機車保險、,6,"5,000 元-未滿7,000元",5000,6999,6,"5,000-6,999 元",5000,6999,option,exact_range,source_question,以 103 年 J3 為基準。
expenditure,EXP_TRANSPORT_COMM,交通與通訊支出,110,110,H3,請問您全家每個月用在支付「上下班上下學通勤、搭乘交通工具、汽機車保養/油錢、汽機車保,J3,請問您全家每個月用在支付「上下班上下學通勤、搭乘交通工具、汽機車保養/油錢、汽機車保險、,7,"7,000 元-未滿10,000元",7000,9999,7,"7,000-9,999 元",7000,9999,option,exact_range,source_question,以 103 年 J3 為基準。
expenditure,EXP_TRANSPORT_COMM,交通與通訊支出,110,110,H3,請問您全家每個月用在支付「上下班上下學通勤、搭乘交通工具、汽機車保養/油錢、汽機車保,J3,請問您全家每個月用在支付「上下班上下學通勤、搭乘交通工具、汽機車保養/油錢、汽機車保險、,8,"10,000元-未滿15,000元",10000,14999,8,"10,000-14,999 元",10000,14999,option,exact_range,source_question,以 103 年 J3 為基準。
expenditure,EXP_TRANSPORT_COMM,交通與通訊支出,110,110,H3,請問您全家每個月用在支付「上下班上下學通勤、搭乘交通工具、汽機車保養/油錢、汽機車保,J3,請問您全家每個月用在支付「上下班上下學通勤、搭乘交通工具、汽機車保養/油錢、汽機車保險、,9,"15,000元-未滿20,000元",15000,19999,9,"15,000-19,999 元",15000,19999,option,exact_range,source_question,以 103 年 J3 為基準。
expenditure,EXP_TRANSPORT_COMM,交通與通訊支出,110,110,H3,請問您全家每個月用在支付「上下班上下學通勤、搭乘交通工具、汽機車保養/油錢、汽機車保,J3,請問您全家每個月用在支付「上下班上下學通勤、搭乘交通工具、汽機車保養/油錢、汽機車保險、,10,"20,000元-未滿30,000元",20000,29999,10,"20,000-29,999 元",20000,29999,option,exact_range,source_question,以 103 年 J3 為基準。
expenditure,EXP_TRANSPORT_COMM,交通與通訊支出,110,110,H3,請問您全家每個月用在支付「上下班上下學通勤、搭乘交通工具、汽機車保養/油錢、汽機車保,J3,請問您全家每個月用在支付「上下班上下學通勤、搭乘交通工具、汽機車保養/油錢、汽機車保險、,11,"30,000元以上，請記錄________元",30000,,11,"30,000 元及以上，請記錄________元",30000,,option,exact_open_upper,source_question,以 103 年 J3 為基準。
expenditure,EXP_TRANSPORT_COMM,交通與通訊支出,110,110,H3,請問您全家每個月用在支付「上下班上下學通勤、搭乘交通工具、汽機車保養/油錢、汽機車保,J3,請問您全家每個月用在支付「上下班上下學通勤、搭乘交通工具、汽機車保養/油錢、汽機車保險、,12,沒有這項支出,0,0,12,沒有這項支出,0,0,option,exact_none,source_question,以 103 年 J3 為基準。
expenditure,EXP_MEDICAL,醫療保健支出,91,91_1,23-3,請問每個月家庭平均支出中，醫療保健費用是多少?(包括看病的掛號費或藥費及個人買的,J4,請問您全家每個月用在支付「看病就醫、繳醫療保險費、購買醫療用品/設備等」的費用是多少？,1,"未滿1,000元",0,999,1,499 元及以下,0,499,option,source_bin_spans_multiple_base_bins,source_question,以 103 年 J4 為基準。
expenditure,EXP_MEDICAL,醫療保健支出,91,91_1,23-3,請問每個月家庭平均支出中，醫療保健費用是多少?(包括看病的掛號費或藥費及個人買的,J4,請問您全家每個月用在支付「看病就醫、繳醫療保險費、購買醫療用品/設備等」的費用是多少？,1,"未滿1,000元",0,999,2,500-999 元,500,999,option,source_bin_spans_multiple_base_bins,source_question,以 103 年 J4 為基準。
expenditure,EXP_MEDICAL,醫療保健支出,91,91_1,23-3,請問每個月家庭平均支出中，醫療保健費用是多少?(包括看病的掛號費或藥費及個人買的,J4,請問您全家每個月用在支付「看病就醫、繳醫療保險費、購買醫療用品/設備等」的費用是多少？,2,"1,000元至未滿3,000元",1000,2999,3,"1,000-1,999 元",1000,1999,option,source_bin_spans_multiple_base_bins,source_question,以 103 年 J4 為基準。
expenditure,EXP_MEDICAL,醫療保健支出,91,91_1,23-3,請問每個月家庭平均支出中，醫療保健費用是多少?(包括看病的掛號費或藥費及個人買的,J4,請問您全家每個月用在支付「看病就醫、繳醫療保險費、購買醫療用品/設備等」的費用是多少？,2,"1,000元至未滿3,000元",1000,2999,4,"2,000-2,999 元",2000,2999,option,source_bin_spans_multiple_base_bins,source_question,以 103 年 J4 為基準。
expenditure,EXP_MEDICAL,醫療保健支出,91,91_1,23-3,請問每個月家庭平均支出中，醫療保健費用是多少?(包括看病的掛號費或藥費及個人買的,J4,請問您全家每個月用在支付「看病就醫、繳醫療保險費、購買醫療用品/設備等」的費用是多少？,3,"3,000元至未滿5,000元",3000,4999,5,"3,000-3,999 元",3000,3999,option,source_bin_spans_multiple_base_bins,source_question,以 103 年 J4 為基準。
expenditure,EXP_MEDICAL,醫療保健支出,91,91_1,23-3,請問每個月家庭平均支出中，醫療保健費用是多少?(包括看病的掛號費或藥費及個人買的,J4,請問您全家每個月用在支付「看病就醫、繳醫療保險費、購買醫療用品/設備等」的費用是多少？,3,"3,000元至未滿5,000元",3000,4999,6,"4,000-4,999 元",4000,4999,option,source_bin_spans_multiple_base_bins,source_question,以 103 年 J4 為基準。
expenditure,EXP_MEDICAL,醫療保健支出,91,91_1,23-3,請問每個月家庭平均支出中，醫療保健費用是多少?(包括看病的掛號費或藥費及個人買的,J4,請問您全家每個月用在支付「看病就醫、繳醫療保險費、購買醫療用品/設備等」的費用是多少？,4,"5,000元至未滿7,000元",5000,6999,7,"5,000-6,999 元",5000,6999,option,exact_range,source_question,以 103 年 J4 為基準。
expenditure,EXP_MEDICAL,醫療保健支出,91,91_1,23-3,請問每個月家庭平均支出中，醫療保健費用是多少?(包括看病的掛號費或藥費及個人買的,J4,請問您全家每個月用在支付「看病就醫、繳醫療保險費、購買醫療用品/設備等」的費用是多少？,5,"7,000元至未滿1萬元",7000,9999,8,"7,000-9,999 元",7000,9999,option,exact_range,source_question,以 103 年 J4 為基準。
expenditure,EXP_MEDICAL,醫療保健支出,91,91_1,23-3,請問每個月家庭平均支出中，醫療保健費用是多少?(包括看病的掛號費或藥費及個人買的,J4,請問您全家每個月用在支付「看病就醫、繳醫療保險費、購買醫療用品/設備等」的費用是多少？,6,1萬元以上（請記錄金額）,10000,,9,"10,000-14,999 元",10000,14999,option,source_bin_spans_multiple_base_bins,source_question,以 103 年 J4 為基準。
expenditure,EXP_MEDICAL,醫療保健支出,91,91_1,23-3,請問每個月家庭平均支出中，醫療保健費用是多少?(包括看病的掛號費或藥費及個人買的,J4,請問您全家每個月用在支付「看病就醫、繳醫療保險費、購買醫療用品/設備等」的費用是多少？,6,1萬元以上（請記錄金額）,10000,,10,"15,000-19,999 元",15000,19999,option,source_bin_spans_multiple_base_bins,source_question,以 103 年 J4 為基準。
expenditure,EXP_MEDICAL,醫療保健支出,91,91_1,23-3,請問每個月家庭平均支出中，醫療保健費用是多少?(包括看病的掛號費或藥費及個人買的,J4,請問您全家每個月用在支付「看病就醫、繳醫療保險費、購買醫療用品/設備等」的費用是多少？,6,1萬元以上（請記錄金額）,10000,,11,"20,000-29,999 元",20000,29999,option,source_bin_spans_multiple_base_bins,source_question,以 103 年 J4 為基準。
expenditure,EXP_MEDICAL,醫療保健支出,91,91_1,23-3,請問每個月家庭平均支出中，醫療保健費用是多少?(包括看病的掛號費或藥費及個人買的,J4,請問您全家每個月用在支付「看病就醫、繳醫療保險費、購買醫療用品/設備等」的費用是多少？,6,1萬元以上（請記錄金額）,10000,,12,"30,000 元及以上，請記錄________元",30000,,option,source_bin_spans_multiple_base_bins,source_question,以 103 年 J4 為基準。
expenditure,EXP_MEDICAL,醫療保健支出,91,91_1,23-3,請問每個月家庭平均支出中，醫療保健費用是多少?(包括看病的掛號費或藥費及個人買的,J4,請問您全家每個月用在支付「看病就醫、繳醫療保險費、購買醫療用品/設備等」的費用是多少？,7,無,0,0,13,沒有這項支出,0,0,option,exact_none,source_question,以 103 年 J4 為基準。
expenditure,EXP_MEDICAL,醫療保健支出,91,91_2,23-3,請問每個月家庭平均支出中，醫療保健費用是多少?(包括看病的掛號費或藥費及個人買的,J4,請問您全家每個月用在支付「看病就醫、繳醫療保險費、購買醫療用品/設備等」的費用是多少？,1,"未滿1,000元",0,999,1,499 元及以下,0,499,option,source_bin_spans_multiple_base_bins,source_question,以 103 年 J4 為基準。
expenditure,EXP_MEDICAL,醫療保健支出,91,91_2,23-3,請問每個月家庭平均支出中，醫療保健費用是多少?(包括看病的掛號費或藥費及個人買的,J4,請問您全家每個月用在支付「看病就醫、繳醫療保險費、購買醫療用品/設備等」的費用是多少？,1,"未滿1,000元",0,999,2,500-999 元,500,999,option,source_bin_spans_multiple_base_bins,source_question,以 103 年 J4 為基準。
expenditure,EXP_MEDICAL,醫療保健支出,91,91_2,23-3,請問每個月家庭平均支出中，醫療保健費用是多少?(包括看病的掛號費或藥費及個人買的,J4,請問您全家每個月用在支付「看病就醫、繳醫療保險費、購買醫療用品/設備等」的費用是多少？,2,"1,000元至未滿3,000元",1000,2999,3,"1,000-1,999 元",1000,1999,option,source_bin_spans_multiple_base_bins,source_question,以 103 年 J4 為基準。
expenditure,EXP_MEDICAL,醫療保健支出,91,91_2,23-3,請問每個月家庭平均支出中，醫療保健費用是多少?(包括看病的掛號費或藥費及個人買的,J4,請問您全家每個月用在支付「看病就醫、繳醫療保險費、購買醫療用品/設備等」的費用是多少？,2,"1,000元至未滿3,000元",1000,2999,4,"2,000-2,999 元",2000,2999,option,source_bin_spans_multiple_base_bins,source_question,以 103 年 J4 為基準。
expenditure,EXP_MEDICAL,醫療保健支出,91,91_2,23-3,請問每個月家庭平均支出中，醫療保健費用是多少?(包括看病的掛號費或藥費及個人買的,J4,請問您全家每個月用在支付「看病就醫、繳醫療保險費、購買醫療用品/設備等」的費用是多少？,3,"3,000元至未滿5,000元",3000,4999,5,"3,000-3,999 元",3000,3999,option,source_bin_spans_multiple_base_bins,source_question,以 103 年 J4 為基準。
expenditure,EXP_MEDICAL,醫療保健支出,91,91_2,23-3,請問每個月家庭平均支出中，醫療保健費用是多少?(包括看病的掛號費或藥費及個人買的,J4,請問您全家每個月用在支付「看病就醫、繳醫療保險費、購買醫療用品/設備等」的費用是多少？,3,"3,000元至未滿5,000元",3000,4999,6,"4,000-4,999 元",4000,4999,option,source_bin_spans_multiple_base_bins,source_question,以 103 年 J4 為基準。
expenditure,EXP_MEDICAL,醫療保健支出,91,91_2,23-3,請問每個月家庭平均支出中，醫療保健費用是多少?(包括看病的掛號費或藥費及個人買的,J4,請問您全家每個月用在支付「看病就醫、繳醫療保險費、購買醫療用品/設備等」的費用是多少？,4,"5,000元至未滿7,000元",5000,6999,7,"5,000-6,999 元",5000,6999,option,exact_range,source_question,以 103 年 J4 為基準。
expenditure,EXP_MEDICAL,醫療保健支出,91,91_2,23-3,請問每個月家庭平均支出中，醫療保健費用是多少?(包括看病的掛號費或藥費及個人買的,J4,請問您全家每個月用在支付「看病就醫、繳醫療保險費、購買醫療用品/設備等」的費用是多少？,5,"7,000元至未滿1萬元",7000,9999,8,"7,000-9,999 元",7000,9999,option,exact_range,source_question,以 103 年 J4 為基準。
expenditure,EXP_MEDICAL,醫療保健支出,91,91_2,23-3,請問每個月家庭平均支出中，醫療保健費用是多少?(包括看病的掛號費或藥費及個人買的,J4,請問您全家每個月用在支付「看病就醫、繳醫療保險費、購買醫療用品/設備等」的費用是多少？,6,1萬元以上（請記錄金額）,10000,,9,"10,000-14,999 元",10000,14999,option,source_bin_spans_multiple_base_bins,source_question,以 103 年 J4 為基準。
expenditure,EXP_MEDICAL,醫療保健支出,91,91_2,23-3,請問每個月家庭平均支出中，醫療保健費用是多少?(包括看病的掛號費或藥費及個人買的,J4,請問您全家每個月用在支付「看病就醫、繳醫療保險費、購買醫療用品/設備等」的費用是多少？,6,1萬元以上（請記錄金額）,10000,,10,"15,000-19,999 元",15000,19999,option,source_bin_spans_multiple_base_bins,source_question,以 103 年 J4 為基準。
expenditure,EXP_MEDICAL,醫療保健支出,91,91_2,23-3,請問每個月家庭平均支出中，醫療保健費用是多少?(包括看病的掛號費或藥費及個人買的,J4,請問您全家每個月用在支付「看病就醫、繳醫療保險費、購買醫療用品/設備等」的費用是多少？,6,1萬元以上（請記錄金額）,10000,,11,"20,000-29,999 元",20000,29999,option,source_bin_spans_multiple_base_bins,source_question,以 103 年 J4 為基準。
expenditure,EXP_MEDICAL,醫療保健支出,91,91_2,23-3,請問每個月家庭平均支出中，醫療保健費用是多少?(包括看病的掛號費或藥費及個人買的,J4,請問您全家每個月用在支付「看病就醫、繳醫療保險費、購買醫療用品/設備等」的費用是多少？,6,1萬元以上（請記錄金額）,10000,,12,"30,000 元及以上，請記錄________元",30000,,option,source_bin_spans_multiple_base_bins,source_question,以 103 年 J4 為基準。
expenditure,EXP_MEDICAL,醫療保健支出,91,91_2,23-3,請問每個月家庭平均支出中，醫療保健費用是多少?(包括看病的掛號費或藥費及個人買的,J4,請問您全家每個月用在支付「看病就醫、繳醫療保險費、購買醫療用品/設備等」的費用是多少？,7,無,0,0,13,沒有這項支出,0,0,option,exact_none,source_question,以 103 年 J4 為基準。
expenditure,EXP_MEDICAL,醫療保健支出,95,95,Q12-4,請問您全家每個月用在支付「看病就醫、繳保險費、購買醫療設備等」的,J4,請問您全家每個月用在支付「看病就醫、繳醫療保險費、購買醫療用品/設備等」的費用是多少？,1,999元及以下,0,999,1,499 元及以下,0,499,option,source_bin_spans_multiple_base_bins,source_question,以 103 年 J4 為基準。
expenditure,EXP_MEDICAL,醫療保健支出,95,95,Q12-4,請問您全家每個月用在支付「看病就醫、繳保險費、購買醫療設備等」的,J4,請問您全家每個月用在支付「看病就醫、繳醫療保險費、購買醫療用品/設備等」的費用是多少？,1,999元及以下,0,999,2,500-999 元,500,999,option,source_bin_spans_multiple_base_bins,source_question,以 103 年 J4 為基準。
expenditure,EXP_MEDICAL,醫療保健支出,95,95,Q12-4,請問您全家每個月用在支付「看病就醫、繳保險費、購買醫療設備等」的,J4,請問您全家每個月用在支付「看病就醫、繳醫療保險費、購買醫療用品/設備等」的費用是多少？,2,"1,000-1,999元",1000,1999,3,"1,000-1,999 元",1000,1999,option,exact_range,source_question,以 103 年 J4 為基準。
expenditure,EXP_MEDICAL,醫療保健支出,95,95,Q12-4,請問您全家每個月用在支付「看病就醫、繳保險費、購買醫療設備等」的,J4,請問您全家每個月用在支付「看病就醫、繳醫療保險費、購買醫療用品/設備等」的費用是多少？,3,"2,000-2,999 元",2000,2999,4,"2,000-2,999 元",2000,2999,option,exact_range,source_question,以 103 年 J4 為基準。
expenditure,EXP_MEDICAL,醫療保健支出,95,95,Q12-4,請問您全家每個月用在支付「看病就醫、繳保險費、購買醫療設備等」的,J4,請問您全家每個月用在支付「看病就醫、繳醫療保險費、購買醫療用品/設備等」的費用是多少？,4,"3,000-3,999元",3000,3999,5,"3,000-3,999 元",3000,3999,option,exact_range,source_question,以 103 年 J4 為基準。
expenditure,EXP_MEDICAL,醫療保健支出,95,95,Q12-4,請問您全家每個月用在支付「看病就醫、繳保險費、購買醫療設備等」的,J4,請問您全家每個月用在支付「看病就醫、繳醫療保險費、購買醫療用品/設備等」的費用是多少？,5,"4,000-4,999 元",4000,4999,6,"4,000-4,999 元",4000,4999,option,exact_range,source_question,以 103 年 J4 為基準。
expenditure,EXP_MEDICAL,醫療保健支出,95,95,Q12-4,請問您全家每個月用在支付「看病就醫、繳保險費、購買醫療設備等」的,J4,請問您全家每個月用在支付「看病就醫、繳醫療保險費、購買醫療用品/設備等」的費用是多少？,6,"5,000-6,999元",5000,6999,7,"5,000-6,999 元",5000,6999,option,exact_range,source_question,以 103 年 J4 為基準。
expenditure,EXP_MEDICAL,醫療保健支出,95,95,Q12-4,請問您全家每個月用在支付「看病就醫、繳保險費、購買醫療設備等」的,J4,請問您全家每個月用在支付「看病就醫、繳醫療保險費、購買醫療用品/設備等」的費用是多少？,7,"7,000-9,999 元",7000,9999,8,"7,000-9,999 元",7000,9999,option,exact_range,source_question,以 103 年 J4 為基準。
expenditure,EXP_MEDICAL,醫療保健支出,95,95,Q12-4,請問您全家每個月用在支付「看病就醫、繳保險費、購買醫療設備等」的,J4,請問您全家每個月用在支付「看病就醫、繳醫療保險費、購買醫療用品/設備等」的費用是多少？,8,"10,000-14,999元",10000,14999,9,"10,000-14,999 元",10000,14999,option,exact_range,source_question,以 103 年 J4 為基準。
expenditure,EXP_MEDICAL,醫療保健支出,95,95,Q12-4,請問您全家每個月用在支付「看病就醫、繳保險費、購買醫療設備等」的,J4,請問您全家每個月用在支付「看病就醫、繳醫療保險費、購買醫療用品/設備等」的費用是多少？,9,"15,000-19,999 元",15000,19999,10,"15,000-19,999 元",15000,19999,option,exact_range,source_question,以 103 年 J4 為基準。
expenditure,EXP_MEDICAL,醫療保健支出,95,95,Q12-4,請問您全家每個月用在支付「看病就醫、繳保險費、購買醫療設備等」的,J4,請問您全家每個月用在支付「看病就醫、繳醫療保險費、購買醫療用品/設備等」的費用是多少？,10,"20,000-29,999元",20000,29999,11,"20,000-29,999 元",20000,29999,option,exact_range,source_question,以 103 年 J4 為基準。
expenditure,EXP_MEDICAL,醫療保健支出,95,95,Q12-4,請問您全家每個月用在支付「看病就醫、繳保險費、購買醫療設備等」的,J4,請問您全家每個月用在支付「看病就醫、繳醫療保險費、購買醫療用品/設備等」的費用是多少？,90,"30,000元及以上，請記錄 元",30000,,12,"30,000 元及以上，請記錄________元",30000,,option,exact_open_upper,source_question,以 103 年 J4 為基準。
expenditure,EXP_MEDICAL,醫療保健支出,95,95,Q12-4,請問您全家每個月用在支付「看病就醫、繳保險費、購買醫療設備等」的,J4,請問您全家每個月用在支付「看病就醫、繳醫療保險費、購買醫療用品/設備等」的費用是多少？,95,沒有這項支出,0,0,13,沒有這項支出,0,0,option,exact_none,source_question,以 103 年 J4 為基準。
expenditure,EXP_MEDICAL,醫療保健支出,99,99,J4,請問您全家每個月用在支付「看病就醫、繳保險費、購買醫療設備等」的費用是多少？【過去,J4,請問您全家每個月用在支付「看病就醫、繳醫療保險費、購買醫療用品/設備等」的費用是多少？,1,999 元及以下,0,999,1,499 元及以下,0,499,option,source_bin_spans_multiple_base_bins,source_question,以 103 年 J4 為基準。
expenditure,EXP_MEDICAL,醫療保健支出,99,99,J4,請問您全家每個月用在支付「看病就醫、繳保險費、購買醫療設備等」的費用是多少？【過去,J4,請問您全家每個月用在支付「看病就醫、繳醫療保險費、購買醫療用品/設備等」的費用是多少？,1,999 元及以下,0,999,2,500-999 元,500,999,option,source_bin_spans_multiple_base_bins,source_question,以 103 年 J4 為基準。
expenditure,EXP_MEDICAL,醫療保健支出,99,99,J4,請問您全家每個月用在支付「看病就醫、繳保險費、購買醫療設備等」的費用是多少？【過去,J4,請問您全家每個月用在支付「看病就醫、繳醫療保險費、購買醫療用品/設備等」的費用是多少？,2,"1,000-1,999 元",1000,1999,3,"1,000-1,999 元",1000,1999,option,exact_range,source_question,以 103 年 J4 為基準。
expenditure,EXP_MEDICAL,醫療保健支出,99,99,J4,請問您全家每個月用在支付「看病就醫、繳保險費、購買醫療設備等」的費用是多少？【過去,J4,請問您全家每個月用在支付「看病就醫、繳醫療保險費、購買醫療用品/設備等」的費用是多少？,3,"2,000-2,999 元",2000,2999,4,"2,000-2,999 元",2000,2999,option,exact_range,source_question,以 103 年 J4 為基準。
expenditure,EXP_MEDICAL,醫療保健支出,99,99,J4,請問您全家每個月用在支付「看病就醫、繳保險費、購買醫療設備等」的費用是多少？【過去,J4,請問您全家每個月用在支付「看病就醫、繳醫療保險費、購買醫療用品/設備等」的費用是多少？,4,"3,000-3,999 元",3000,3999,5,"3,000-3,999 元",3000,3999,option,exact_range,source_question,以 103 年 J4 為基準。
expenditure,EXP_MEDICAL,醫療保健支出,99,99,J4,請問您全家每個月用在支付「看病就醫、繳保險費、購買醫療設備等」的費用是多少？【過去,J4,請問您全家每個月用在支付「看病就醫、繳醫療保險費、購買醫療用品/設備等」的費用是多少？,5,"4,000-4,999 元",4000,4999,6,"4,000-4,999 元",4000,4999,option,exact_range,source_question,以 103 年 J4 為基準。
expenditure,EXP_MEDICAL,醫療保健支出,99,99,J4,請問您全家每個月用在支付「看病就醫、繳保險費、購買醫療設備等」的費用是多少？【過去,J4,請問您全家每個月用在支付「看病就醫、繳醫療保險費、購買醫療用品/設備等」的費用是多少？,6,"5,000-6,999 元",5000,6999,7,"5,000-6,999 元",5000,6999,option,exact_range,source_question,以 103 年 J4 為基準。
expenditure,EXP_MEDICAL,醫療保健支出,99,99,J4,請問您全家每個月用在支付「看病就醫、繳保險費、購買醫療設備等」的費用是多少？【過去,J4,請問您全家每個月用在支付「看病就醫、繳醫療保險費、購買醫療用品/設備等」的費用是多少？,7,"7,000-9,999 元",7000,9999,8,"7,000-9,999 元",7000,9999,option,exact_range,source_question,以 103 年 J4 為基準。
expenditure,EXP_MEDICAL,醫療保健支出,99,99,J4,請問您全家每個月用在支付「看病就醫、繳保險費、購買醫療設備等」的費用是多少？【過去,J4,請問您全家每個月用在支付「看病就醫、繳醫療保險費、購買醫療用品/設備等」的費用是多少？,8,"10,000-14,999 元",10000,14999,9,"10,000-14,999 元",10000,14999,option,exact_range,source_question,以 103 年 J4 為基準。
expenditure,EXP_MEDICAL,醫療保健支出,99,99,J4,請問您全家每個月用在支付「看病就醫、繳保險費、購買醫療設備等」的費用是多少？【過去,J4,請問您全家每個月用在支付「看病就醫、繳醫療保險費、購買醫療用品/設備等」的費用是多少？,9,"15,000-19,999 元",15000,19999,10,"15,000-19,999 元",15000,19999,option,exact_range,source_question,以 103 年 J4 為基準。
expenditure,EXP_MEDICAL,醫療保健支出,99,99,J4,請問您全家每個月用在支付「看病就醫、繳保險費、購買醫療設備等」的費用是多少？【過去,J4,請問您全家每個月用在支付「看病就醫、繳醫療保險費、購買醫療用品/設備等」的費用是多少？,10,"20,000-29,999 元",20000,29999,11,"20,000-29,999 元",20000,29999,option,exact_range,source_question,以 103 年 J4 為基準。
expenditure,EXP_MEDICAL,醫療保健支出,99,99,J4,請問您全家每個月用在支付「看病就醫、繳保險費、購買醫療設備等」的費用是多少？【過去,J4,請問您全家每個月用在支付「看病就醫、繳醫療保險費、購買醫療用品/設備等」的費用是多少？,11,"30,000 元及以上，請記錄 元",30000,,12,"30,000 元及以上，請記錄________元",30000,,option,exact_open_upper,source_question,以 103 年 J4 為基準。
expenditure,EXP_MEDICAL,醫療保健支出,99,99,J4,請問您全家每個月用在支付「看病就醫、繳保險費、購買醫療設備等」的費用是多少？【過去,J4,請問您全家每個月用在支付「看病就醫、繳醫療保險費、購買醫療用品/設備等」的費用是多少？,12,沒有這項支出,0,0,13,沒有這項支出,0,0,option,exact_none,source_question,以 103 年 J4 為基準。
expenditure,EXP_MEDICAL,醫療保健支出,103,103,J4,請問您全家每個月用在支付「看病就醫、繳醫療保險費、購買醫療用品/設備等」的費用是多少？,J4,請問您全家每個月用在支付「看病就醫、繳醫療保險費、購買醫療用品/設備等」的費用是多少？,1,499 元及以下,0,499,1,499 元及以下,0,499,option,exact_range,source_question,以 103 年 J4 為基準。
expenditure,EXP_MEDICAL,醫療保健支出,103,103,J4,請問您全家每個月用在支付「看病就醫、繳醫療保險費、購買醫療用品/設備等」的費用是多少？,J4,請問您全家每個月用在支付「看病就醫、繳醫療保險費、購買醫療用品/設備等」的費用是多少？,2,500-999 元,500,999,2,500-999 元,500,999,option,exact_range,source_question,以 103 年 J4 為基準。
expenditure,EXP_MEDICAL,醫療保健支出,103,103,J4,請問您全家每個月用在支付「看病就醫、繳醫療保險費、購買醫療用品/設備等」的費用是多少？,J4,請問您全家每個月用在支付「看病就醫、繳醫療保險費、購買醫療用品/設備等」的費用是多少？,3,"1,000-1,999 元",1000,1999,3,"1,000-1,999 元",1000,1999,option,exact_range,source_question,以 103 年 J4 為基準。
expenditure,EXP_MEDICAL,醫療保健支出,103,103,J4,請問您全家每個月用在支付「看病就醫、繳醫療保險費、購買醫療用品/設備等」的費用是多少？,J4,請問您全家每個月用在支付「看病就醫、繳醫療保險費、購買醫療用品/設備等」的費用是多少？,4,"2,000-2,999 元",2000,2999,4,"2,000-2,999 元",2000,2999,option,exact_range,source_question,以 103 年 J4 為基準。
expenditure,EXP_MEDICAL,醫療保健支出,103,103,J4,請問您全家每個月用在支付「看病就醫、繳醫療保險費、購買醫療用品/設備等」的費用是多少？,J4,請問您全家每個月用在支付「看病就醫、繳醫療保險費、購買醫療用品/設備等」的費用是多少？,5,"3,000-3,999 元",3000,3999,5,"3,000-3,999 元",3000,3999,option,exact_range,source_question,以 103 年 J4 為基準。
expenditure,EXP_MEDICAL,醫療保健支出,103,103,J4,請問您全家每個月用在支付「看病就醫、繳醫療保險費、購買醫療用品/設備等」的費用是多少？,J4,請問您全家每個月用在支付「看病就醫、繳醫療保險費、購買醫療用品/設備等」的費用是多少？,6,"4,000-4,999 元",4000,4999,6,"4,000-4,999 元",4000,4999,option,exact_range,source_question,以 103 年 J4 為基準。
expenditure,EXP_MEDICAL,醫療保健支出,103,103,J4,請問您全家每個月用在支付「看病就醫、繳醫療保險費、購買醫療用品/設備等」的費用是多少？,J4,請問您全家每個月用在支付「看病就醫、繳醫療保險費、購買醫療用品/設備等」的費用是多少？,7,"5,000-6,999 元",5000,6999,7,"5,000-6,999 元",5000,6999,option,exact_range,source_question,以 103 年 J4 為基準。
expenditure,EXP_MEDICAL,醫療保健支出,103,103,J4,請問您全家每個月用在支付「看病就醫、繳醫療保險費、購買醫療用品/設備等」的費用是多少？,J4,請問您全家每個月用在支付「看病就醫、繳醫療保險費、購買醫療用品/設備等」的費用是多少？,8,"7,000-9,999 元",7000,9999,8,"7,000-9,999 元",7000,9999,option,exact_range,source_question,以 103 年 J4 為基準。
expenditure,EXP_MEDICAL,醫療保健支出,103,103,J4,請問您全家每個月用在支付「看病就醫、繳醫療保險費、購買醫療用品/設備等」的費用是多少？,J4,請問您全家每個月用在支付「看病就醫、繳醫療保險費、購買醫療用品/設備等」的費用是多少？,9,"10,000-14,999 元",10000,14999,9,"10,000-14,999 元",10000,14999,option,exact_range,source_question,以 103 年 J4 為基準。
expenditure,EXP_MEDICAL,醫療保健支出,103,103,J4,請問您全家每個月用在支付「看病就醫、繳醫療保險費、購買醫療用品/設備等」的費用是多少？,J4,請問您全家每個月用在支付「看病就醫、繳醫療保險費、購買醫療用品/設備等」的費用是多少？,10,"15,000-19,999 元",15000,19999,10,"15,000-19,999 元",15000,19999,option,exact_range,source_question,以 103 年 J4 為基準。
expenditure,EXP_MEDICAL,醫療保健支出,103,103,J4,請問您全家每個月用在支付「看病就醫、繳醫療保險費、購買醫療用品/設備等」的費用是多少？,J4,請問您全家每個月用在支付「看病就醫、繳醫療保險費、購買醫療用品/設備等」的費用是多少？,11,"20,000-29,999 元",20000,29999,11,"20,000-29,999 元",20000,29999,option,exact_range,source_question,以 103 年 J4 為基準。
expenditure,EXP_MEDICAL,醫療保健支出,103,103,J4,請問您全家每個月用在支付「看病就醫、繳醫療保險費、購買醫療用品/設備等」的費用是多少？,J4,請問您全家每個月用在支付「看病就醫、繳醫療保險費、購買醫療用品/設備等」的費用是多少？,12,"30,000 元及以上，請記錄________元",30000,,12,"30,000 元及以上，請記錄________元",30000,,option,exact_open_upper,source_question,以 103 年 J4 為基準。
expenditure,EXP_MEDICAL,醫療保健支出,103,103,J4,請問您全家每個月用在支付「看病就醫、繳醫療保險費、購買醫療用品/設備等」的費用是多少？,J4,請問您全家每個月用在支付「看病就醫、繳醫療保險費、購買醫療用品/設備等」的費用是多少？,13,沒有這項支出,0,0,13,沒有這項支出,0,0,option,exact_none,source_question,以 103 年 J4 為基準。
expenditure,EXP_MEDICAL,醫療保健支出,106,106,M4,請問您全家每個月用在支付「看病就醫、繳醫療保險費、購買醫療用品/設備等」的費用是多,J4,請問您全家每個月用在支付「看病就醫、繳醫療保險費、購買醫療用品/設備等」的費用是多少？,1,未滿500元,0,499,1,499 元及以下,0,499,option,exact_range,source_question,以 103 年 J4 為基準。
expenditure,EXP_MEDICAL,醫療保健支出,106,106,M4,請問您全家每個月用在支付「看病就醫、繳醫療保險費、購買醫療用品/設備等」的費用是多,J4,請問您全家每個月用在支付「看病就醫、繳醫療保險費、購買醫療用品/設備等」的費用是多少？,2,"500元-未滿1,000 元",500,999,2,500-999 元,500,999,option,exact_range,source_question,以 103 年 J4 為基準。
expenditure,EXP_MEDICAL,醫療保健支出,106,106,M4,請問您全家每個月用在支付「看病就醫、繳醫療保險費、購買醫療用品/設備等」的費用是多,J4,請問您全家每個月用在支付「看病就醫、繳醫療保險費、購買醫療用品/設備等」的費用是多少？,3,"1,000 元-未滿2,000元",1000,1999,3,"1,000-1,999 元",1000,1999,option,exact_range,source_question,以 103 年 J4 為基準。
expenditure,EXP_MEDICAL,醫療保健支出,106,106,M4,請問您全家每個月用在支付「看病就醫、繳醫療保險費、購買醫療用品/設備等」的費用是多,J4,請問您全家每個月用在支付「看病就醫、繳醫療保險費、購買醫療用品/設備等」的費用是多少？,4,"2,000 元-未滿3,000元",2000,2999,4,"2,000-2,999 元",2000,2999,option,exact_range,source_question,以 103 年 J4 為基準。
expenditure,EXP_MEDICAL,醫療保健支出,106,106,M4,請問您全家每個月用在支付「看病就醫、繳醫療保險費、購買醫療用品/設備等」的費用是多,J4,請問您全家每個月用在支付「看病就醫、繳醫療保險費、購買醫療用品/設備等」的費用是多少？,5,"3,000 元-未滿4,000元",3000,3999,5,"3,000-3,999 元",3000,3999,option,exact_range,source_question,以 103 年 J4 為基準。
expenditure,EXP_MEDICAL,醫療保健支出,106,106,M4,請問您全家每個月用在支付「看病就醫、繳醫療保險費、購買醫療用品/設備等」的費用是多,J4,請問您全家每個月用在支付「看病就醫、繳醫療保險費、購買醫療用品/設備等」的費用是多少？,6,"4,000 元-未滿5,000元",4000,4999,6,"4,000-4,999 元",4000,4999,option,exact_range,source_question,以 103 年 J4 為基準。
expenditure,EXP_MEDICAL,醫療保健支出,106,106,M4,請問您全家每個月用在支付「看病就醫、繳醫療保險費、購買醫療用品/設備等」的費用是多,J4,請問您全家每個月用在支付「看病就醫、繳醫療保險費、購買醫療用品/設備等」的費用是多少？,7,"5,000 元-未滿7,000元",5000,6999,7,"5,000-6,999 元",5000,6999,option,exact_range,source_question,以 103 年 J4 為基準。
expenditure,EXP_MEDICAL,醫療保健支出,106,106,M4,請問您全家每個月用在支付「看病就醫、繳醫療保險費、購買醫療用品/設備等」的費用是多,J4,請問您全家每個月用在支付「看病就醫、繳醫療保險費、購買醫療用品/設備等」的費用是多少？,8,"7,000 元-未滿10,000元",7000,9999,8,"7,000-9,999 元",7000,9999,option,exact_range,source_question,以 103 年 J4 為基準。
expenditure,EXP_MEDICAL,醫療保健支出,106,106,M4,請問您全家每個月用在支付「看病就醫、繳醫療保險費、購買醫療用品/設備等」的費用是多,J4,請問您全家每個月用在支付「看病就醫、繳醫療保險費、購買醫療用品/設備等」的費用是多少？,9,"10,000元-未滿15,000元",10000,14999,9,"10,000-14,999 元",10000,14999,option,exact_range,source_question,以 103 年 J4 為基準。
expenditure,EXP_MEDICAL,醫療保健支出,106,106,M4,請問您全家每個月用在支付「看病就醫、繳醫療保險費、購買醫療用品/設備等」的費用是多,J4,請問您全家每個月用在支付「看病就醫、繳醫療保險費、購買醫療用品/設備等」的費用是多少？,10,"15,000元-未滿20,000元",15000,19999,10,"15,000-19,999 元",15000,19999,option,exact_range,source_question,以 103 年 J4 為基準。
expenditure,EXP_MEDICAL,醫療保健支出,106,106,M4,請問您全家每個月用在支付「看病就醫、繳醫療保險費、購買醫療用品/設備等」的費用是多,J4,請問您全家每個月用在支付「看病就醫、繳醫療保險費、購買醫療用品/設備等」的費用是多少？,11,"20,000 元-未滿30,000元",20000,29999,11,"20,000-29,999 元",20000,29999,option,exact_range,source_question,以 103 年 J4 為基準。
expenditure,EXP_MEDICAL,醫療保健支出,106,106,M4,請問您全家每個月用在支付「看病就醫、繳醫療保險費、購買醫療用品/設備等」的費用是多,J4,請問您全家每個月用在支付「看病就醫、繳醫療保險費、購買醫療用品/設備等」的費用是多少？,12,"30,000 元以上，請記錄________元",30000,,12,"30,000 元及以上，請記錄________元",30000,,option,exact_open_upper,source_question,以 103 年 J4 為基準。
expenditure,EXP_MEDICAL,醫療保健支出,106,106,M4,請問您全家每個月用在支付「看病就醫、繳醫療保險費、購買醫療用品/設備等」的費用是多,J4,請問您全家每個月用在支付「看病就醫、繳醫療保險費、購買醫療用品/設備等」的費用是多少？,13,沒有這項支出,0,0,13,沒有這項支出,0,0,option,exact_none,source_question,以 103 年 J4 為基準。
expenditure,EXP_MEDICAL,醫療保健支出,110,110,H4,請問您全家每個月用在支付「看病就醫、繳醫療保險費、購買醫療用品/設備等」的費用是多,J4,請問您全家每個月用在支付「看病就醫、繳醫療保險費、購買醫療用品/設備等」的費用是多少？,1,未滿500元,0,499,1,499 元及以下,0,499,option,exact_range,source_question,以 103 年 J4 為基準。
expenditure,EXP_MEDICAL,醫療保健支出,110,110,H4,請問您全家每個月用在支付「看病就醫、繳醫療保險費、購買醫療用品/設備等」的費用是多,J4,請問您全家每個月用在支付「看病就醫、繳醫療保險費、購買醫療用品/設備等」的費用是多少？,2,"500元-未滿1,000 元",500,999,2,500-999 元,500,999,option,exact_range,source_question,以 103 年 J4 為基準。
expenditure,EXP_MEDICAL,醫療保健支出,110,110,H4,請問您全家每個月用在支付「看病就醫、繳醫療保險費、購買醫療用品/設備等」的費用是多,J4,請問您全家每個月用在支付「看病就醫、繳醫療保險費、購買醫療用品/設備等」的費用是多少？,3,"1,000 元-未滿2,000元",1000,1999,3,"1,000-1,999 元",1000,1999,option,exact_range,source_question,以 103 年 J4 為基準。
expenditure,EXP_MEDICAL,醫療保健支出,110,110,H4,請問您全家每個月用在支付「看病就醫、繳醫療保險費、購買醫療用品/設備等」的費用是多,J4,請問您全家每個月用在支付「看病就醫、繳醫療保險費、購買醫療用品/設備等」的費用是多少？,4,"2,000 元-未滿3,000元",2000,2999,4,"2,000-2,999 元",2000,2999,option,exact_range,source_question,以 103 年 J4 為基準。
expenditure,EXP_MEDICAL,醫療保健支出,110,110,H4,請問您全家每個月用在支付「看病就醫、繳醫療保險費、購買醫療用品/設備等」的費用是多,J4,請問您全家每個月用在支付「看病就醫、繳醫療保險費、購買醫療用品/設備等」的費用是多少？,5,"3,000 元-未滿4,000元",3000,3999,5,"3,000-3,999 元",3000,3999,option,exact_range,source_question,以 103 年 J4 為基準。
expenditure,EXP_MEDICAL,醫療保健支出,110,110,H4,請問您全家每個月用在支付「看病就醫、繳醫療保險費、購買醫療用品/設備等」的費用是多,J4,請問您全家每個月用在支付「看病就醫、繳醫療保險費、購買醫療用品/設備等」的費用是多少？,6,"4,000 元-未滿5,000元",4000,4999,6,"4,000-4,999 元",4000,4999,option,exact_range,source_question,以 103 年 J4 為基準。
expenditure,EXP_MEDICAL,醫療保健支出,110,110,H4,請問您全家每個月用在支付「看病就醫、繳醫療保險費、購買醫療用品/設備等」的費用是多,J4,請問您全家每個月用在支付「看病就醫、繳醫療保險費、購買醫療用品/設備等」的費用是多少？,7,"5,000 元-未滿7,000元",5000,6999,7,"5,000-6,999 元",5000,6999,option,exact_range,source_question,以 103 年 J4 為基準。
expenditure,EXP_MEDICAL,醫療保健支出,110,110,H4,請問您全家每個月用在支付「看病就醫、繳醫療保險費、購買醫療用品/設備等」的費用是多,J4,請問您全家每個月用在支付「看病就醫、繳醫療保險費、購買醫療用品/設備等」的費用是多少？,8,"7,000 元-未滿10,000元",7000,9999,8,"7,000-9,999 元",7000,9999,option,exact_range,source_question,以 103 年 J4 為基準。
expenditure,EXP_MEDICAL,醫療保健支出,110,110,H4,請問您全家每個月用在支付「看病就醫、繳醫療保險費、購買醫療用品/設備等」的費用是多,J4,請問您全家每個月用在支付「看病就醫、繳醫療保險費、購買醫療用品/設備等」的費用是多少？,9,"10,000元-未滿15,000元",10000,14999,9,"10,000-14,999 元",10000,14999,option,exact_range,source_question,以 103 年 J4 為基準。
expenditure,EXP_MEDICAL,醫療保健支出,110,110,H4,請問您全家每個月用在支付「看病就醫、繳醫療保險費、購買醫療用品/設備等」的費用是多,J4,請問您全家每個月用在支付「看病就醫、繳醫療保險費、購買醫療用品/設備等」的費用是多少？,10,"15,000元-未滿20,000元",15000,19999,10,"15,000-19,999 元",15000,19999,option,exact_range,source_question,以 103 年 J4 為基準。
expenditure,EXP_MEDICAL,醫療保健支出,110,110,H4,請問您全家每個月用在支付「看病就醫、繳醫療保險費、購買醫療用品/設備等」的費用是多,J4,請問您全家每個月用在支付「看病就醫、繳醫療保險費、購買醫療用品/設備等」的費用是多少？,11,"20,000 元-未滿30,000元",20000,29999,11,"20,000-29,999 元",20000,29999,option,exact_range,source_question,以 103 年 J4 為基準。
expenditure,EXP_MEDICAL,醫療保健支出,110,110,H4,請問您全家每個月用在支付「看病就醫、繳醫療保險費、購買醫療用品/設備等」的費用是多,J4,請問您全家每個月用在支付「看病就醫、繳醫療保險費、購買醫療用品/設備等」的費用是多少？,12,"30,000 元以上，請記錄________元",30000,,12,"30,000 元及以上，請記錄________元",30000,,option,exact_open_upper,source_question,以 103 年 J4 為基準。
expenditure,EXP_MEDICAL,醫療保健支出,110,110,H4,請問您全家每個月用在支付「看病就醫、繳醫療保險費、購買醫療用品/設備等」的費用是多,J4,請問您全家每個月用在支付「看病就醫、繳醫療保險費、購買醫療用品/設備等」的費用是多少？,13,沒有這項支出,0,0,13,沒有這項支出,0,0,option,exact_none,source_question,以 103 年 J4 為基準。
expenditure,EXP_ALCOHOL,菸酒檳榔支出,91,91_1,23-2,請問每個月家庭平均支出中，酒、菸、檳榔等消費是多少?,J5,請問您全家每個月用在支付「抽煙、飲酒、吃檳榔等」的費用是多少？【過去ㄧ年平均每個月的,1,"未滿1,000元",0,999,1,499 元及以下,0,499,option,source_bin_spans_multiple_base_bins,source_question,以 103 年 J5 為基準。
expenditure,EXP_ALCOHOL,菸酒檳榔支出,91,91_1,23-2,請問每個月家庭平均支出中，酒、菸、檳榔等消費是多少?,J5,請問您全家每個月用在支付「抽煙、飲酒、吃檳榔等」的費用是多少？【過去ㄧ年平均每個月的,1,"未滿1,000元",0,999,2,500-999 元,500,999,option,source_bin_spans_multiple_base_bins,source_question,以 103 年 J5 為基準。
expenditure,EXP_ALCOHOL,菸酒檳榔支出,91,91_1,23-2,請問每個月家庭平均支出中，酒、菸、檳榔等消費是多少?,J5,請問您全家每個月用在支付「抽煙、飲酒、吃檳榔等」的費用是多少？【過去ㄧ年平均每個月的,2,"1,000元至未滿3,000元",1000,2999,3,"1,000-1,999 元",1000,1999,option,source_bin_spans_multiple_base_bins,source_question,以 103 年 J5 為基準。
expenditure,EXP_ALCOHOL,菸酒檳榔支出,91,91_1,23-2,請問每個月家庭平均支出中，酒、菸、檳榔等消費是多少?,J5,請問您全家每個月用在支付「抽煙、飲酒、吃檳榔等」的費用是多少？【過去ㄧ年平均每個月的,2,"1,000元至未滿3,000元",1000,2999,4,"2,000-2,999 元",2000,2999,option,source_bin_spans_multiple_base_bins,source_question,以 103 年 J5 為基準。
expenditure,EXP_ALCOHOL,菸酒檳榔支出,91,91_1,23-2,請問每個月家庭平均支出中，酒、菸、檳榔等消費是多少?,J5,請問您全家每個月用在支付「抽煙、飲酒、吃檳榔等」的費用是多少？【過去ㄧ年平均每個月的,3,"3,000元至未滿5,000元",3000,4999,5,"3,000-3,999 元",3000,3999,option,source_bin_spans_multiple_base_bins,source_question,以 103 年 J5 為基準。
expenditure,EXP_ALCOHOL,菸酒檳榔支出,91,91_1,23-2,請問每個月家庭平均支出中，酒、菸、檳榔等消費是多少?,J5,請問您全家每個月用在支付「抽煙、飲酒、吃檳榔等」的費用是多少？【過去ㄧ年平均每個月的,3,"3,000元至未滿5,000元",3000,4999,6,"4,000-4,999 元",4000,4999,option,source_bin_spans_multiple_base_bins,source_question,以 103 年 J5 為基準。
expenditure,EXP_ALCOHOL,菸酒檳榔支出,91,91_1,23-2,請問每個月家庭平均支出中，酒、菸、檳榔等消費是多少?,J5,請問您全家每個月用在支付「抽煙、飲酒、吃檳榔等」的費用是多少？【過去ㄧ年平均每個月的,4,"5,000元至未滿7,000元",5000,6999,7,"5,000-6,999 元",5000,6999,option,exact_range,source_question,以 103 年 J5 為基準。
expenditure,EXP_ALCOHOL,菸酒檳榔支出,91,91_1,23-2,請問每個月家庭平均支出中，酒、菸、檳榔等消費是多少?,J5,請問您全家每個月用在支付「抽煙、飲酒、吃檳榔等」的費用是多少？【過去ㄧ年平均每個月的,5,"7,000元至未滿1萬元",7000,9999,8,"7,000-9,999 元",7000,9999,option,exact_range,source_question,以 103 年 J5 為基準。
expenditure,EXP_ALCOHOL,菸酒檳榔支出,91,91_1,23-2,請問每個月家庭平均支出中，酒、菸、檳榔等消費是多少?,J5,請問您全家每個月用在支付「抽煙、飲酒、吃檳榔等」的費用是多少？【過去ㄧ年平均每個月的,6,1萬元以上（請記錄金額）,10000,,9,"10,000-14,999 元",10000,14999,option,source_bin_spans_multiple_base_bins,source_question,以 103 年 J5 為基準。
expenditure,EXP_ALCOHOL,菸酒檳榔支出,91,91_1,23-2,請問每個月家庭平均支出中，酒、菸、檳榔等消費是多少?,J5,請問您全家每個月用在支付「抽煙、飲酒、吃檳榔等」的費用是多少？【過去ㄧ年平均每個月的,6,1萬元以上（請記錄金額）,10000,,10,"15,000-19,999 元",15000,19999,option,source_bin_spans_multiple_base_bins,source_question,以 103 年 J5 為基準。
expenditure,EXP_ALCOHOL,菸酒檳榔支出,91,91_1,23-2,請問每個月家庭平均支出中，酒、菸、檳榔等消費是多少?,J5,請問您全家每個月用在支付「抽煙、飲酒、吃檳榔等」的費用是多少？【過去ㄧ年平均每個月的,6,1萬元以上（請記錄金額）,10000,,11,"20,000-29,999 元",20000,29999,option,source_bin_spans_multiple_base_bins,source_question,以 103 年 J5 為基準。
expenditure,EXP_ALCOHOL,菸酒檳榔支出,91,91_1,23-2,請問每個月家庭平均支出中，酒、菸、檳榔等消費是多少?,J5,請問您全家每個月用在支付「抽煙、飲酒、吃檳榔等」的費用是多少？【過去ㄧ年平均每個月的,6,1萬元以上（請記錄金額）,10000,,12,"30,000 元及以上，請記錄________元",30000,,option,source_bin_spans_multiple_base_bins,source_question,以 103 年 J5 為基準。
expenditure,EXP_ALCOHOL,菸酒檳榔支出,91,91_1,23-2,請問每個月家庭平均支出中，酒、菸、檳榔等消費是多少?,J5,請問您全家每個月用在支付「抽煙、飲酒、吃檳榔等」的費用是多少？【過去ㄧ年平均每個月的,7,無,0,0,13,沒有這項支出,0,0,option,exact_none,source_question,以 103 年 J5 為基準。
expenditure,EXP_ALCOHOL,菸酒檳榔支出,91,91_2,23-2,請問每個月家庭平均支出中，酒、菸、檳榔等消費是多少?,J5,請問您全家每個月用在支付「抽煙、飲酒、吃檳榔等」的費用是多少？【過去ㄧ年平均每個月的,1,"未滿1,000元",0,999,1,499 元及以下,0,499,option,source_bin_spans_multiple_base_bins,source_question,以 103 年 J5 為基準。
expenditure,EXP_ALCOHOL,菸酒檳榔支出,91,91_2,23-2,請問每個月家庭平均支出中，酒、菸、檳榔等消費是多少?,J5,請問您全家每個月用在支付「抽煙、飲酒、吃檳榔等」的費用是多少？【過去ㄧ年平均每個月的,1,"未滿1,000元",0,999,2,500-999 元,500,999,option,source_bin_spans_multiple_base_bins,source_question,以 103 年 J5 為基準。
expenditure,EXP_ALCOHOL,菸酒檳榔支出,91,91_2,23-2,請問每個月家庭平均支出中，酒、菸、檳榔等消費是多少?,J5,請問您全家每個月用在支付「抽煙、飲酒、吃檳榔等」的費用是多少？【過去ㄧ年平均每個月的,2,"1,000元至未滿3,000元",1000,2999,3,"1,000-1,999 元",1000,1999,option,source_bin_spans_multiple_base_bins,source_question,以 103 年 J5 為基準。
expenditure,EXP_ALCOHOL,菸酒檳榔支出,91,91_2,23-2,請問每個月家庭平均支出中，酒、菸、檳榔等消費是多少?,J5,請問您全家每個月用在支付「抽煙、飲酒、吃檳榔等」的費用是多少？【過去ㄧ年平均每個月的,2,"1,000元至未滿3,000元",1000,2999,4,"2,000-2,999 元",2000,2999,option,source_bin_spans_multiple_base_bins,source_question,以 103 年 J5 為基準。
expenditure,EXP_ALCOHOL,菸酒檳榔支出,91,91_2,23-2,請問每個月家庭平均支出中，酒、菸、檳榔等消費是多少?,J5,請問您全家每個月用在支付「抽煙、飲酒、吃檳榔等」的費用是多少？【過去ㄧ年平均每個月的,3,"3,000元至未滿5,000元",3000,4999,5,"3,000-3,999 元",3000,3999,option,source_bin_spans_multiple_base_bins,source_question,以 103 年 J5 為基準。
expenditure,EXP_ALCOHOL,菸酒檳榔支出,91,91_2,23-2,請問每個月家庭平均支出中，酒、菸、檳榔等消費是多少?,J5,請問您全家每個月用在支付「抽煙、飲酒、吃檳榔等」的費用是多少？【過去ㄧ年平均每個月的,3,"3,000元至未滿5,000元",3000,4999,6,"4,000-4,999 元",4000,4999,option,source_bin_spans_multiple_base_bins,source_question,以 103 年 J5 為基準。
expenditure,EXP_ALCOHOL,菸酒檳榔支出,91,91_2,23-2,請問每個月家庭平均支出中，酒、菸、檳榔等消費是多少?,J5,請問您全家每個月用在支付「抽煙、飲酒、吃檳榔等」的費用是多少？【過去ㄧ年平均每個月的,4,"5,000元至未滿7,000元",5000,6999,7,"5,000-6,999 元",5000,6999,option,exact_range,source_question,以 103 年 J5 為基準。
expenditure,EXP_ALCOHOL,菸酒檳榔支出,91,91_2,23-2,請問每個月家庭平均支出中，酒、菸、檳榔等消費是多少?,J5,請問您全家每個月用在支付「抽煙、飲酒、吃檳榔等」的費用是多少？【過去ㄧ年平均每個月的,5,"7,000元至未滿1萬元",7000,9999,8,"7,000-9,999 元",7000,9999,option,exact_range,source_question,以 103 年 J5 為基準。
expenditure,EXP_ALCOHOL,菸酒檳榔支出,91,91_2,23-2,請問每個月家庭平均支出中，酒、菸、檳榔等消費是多少?,J5,請問您全家每個月用在支付「抽煙、飲酒、吃檳榔等」的費用是多少？【過去ㄧ年平均每個月的,6,1萬元以上（請記錄金額）,10000,,9,"10,000-14,999 元",10000,14999,option,source_bin_spans_multiple_base_bins,source_question,以 103 年 J5 為基準。
expenditure,EXP_ALCOHOL,菸酒檳榔支出,91,91_2,23-2,請問每個月家庭平均支出中，酒、菸、檳榔等消費是多少?,J5,請問您全家每個月用在支付「抽煙、飲酒、吃檳榔等」的費用是多少？【過去ㄧ年平均每個月的,6,1萬元以上（請記錄金額）,10000,,10,"15,000-19,999 元",15000,19999,option,source_bin_spans_multiple_base_bins,source_question,以 103 年 J5 為基準。
expenditure,EXP_ALCOHOL,菸酒檳榔支出,91,91_2,23-2,請問每個月家庭平均支出中，酒、菸、檳榔等消費是多少?,J5,請問您全家每個月用在支付「抽煙、飲酒、吃檳榔等」的費用是多少？【過去ㄧ年平均每個月的,6,1萬元以上（請記錄金額）,10000,,11,"20,000-29,999 元",20000,29999,option,source_bin_spans_multiple_base_bins,source_question,以 103 年 J5 為基準。
expenditure,EXP_ALCOHOL,菸酒檳榔支出,91,91_2,23-2,請問每個月家庭平均支出中，酒、菸、檳榔等消費是多少?,J5,請問您全家每個月用在支付「抽煙、飲酒、吃檳榔等」的費用是多少？【過去ㄧ年平均每個月的,6,1萬元以上（請記錄金額）,10000,,12,"30,000 元及以上，請記錄________元",30000,,option,source_bin_spans_multiple_base_bins,source_question,以 103 年 J5 為基準。
expenditure,EXP_ALCOHOL,菸酒檳榔支出,91,91_2,23-2,請問每個月家庭平均支出中，酒、菸、檳榔等消費是多少?,J5,請問您全家每個月用在支付「抽煙、飲酒、吃檳榔等」的費用是多少？【過去ㄧ年平均每個月的,7,無,0,0,13,沒有這項支出,0,0,option,exact_none,source_question,以 103 年 J5 為基準。
expenditure,EXP_ALCOHOL,菸酒檳榔支出,95,95,Q12-5,請問您全家每個月用在支付「抽煙、飲酒、吃檳榔等」的費用是多少？【過,J5,請問您全家每個月用在支付「抽煙、飲酒、吃檳榔等」的費用是多少？【過去ㄧ年平均每個月的,1,999元及以下,0,999,1,499 元及以下,0,499,option,source_bin_spans_multiple_base_bins,source_question,以 103 年 J5 為基準。
expenditure,EXP_ALCOHOL,菸酒檳榔支出,95,95,Q12-5,請問您全家每個月用在支付「抽煙、飲酒、吃檳榔等」的費用是多少？【過,J5,請問您全家每個月用在支付「抽煙、飲酒、吃檳榔等」的費用是多少？【過去ㄧ年平均每個月的,1,999元及以下,0,999,2,500-999 元,500,999,option,source_bin_spans_multiple_base_bins,source_question,以 103 年 J5 為基準。
expenditure,EXP_ALCOHOL,菸酒檳榔支出,95,95,Q12-5,請問您全家每個月用在支付「抽煙、飲酒、吃檳榔等」的費用是多少？【過,J5,請問您全家每個月用在支付「抽煙、飲酒、吃檳榔等」的費用是多少？【過去ㄧ年平均每個月的,2,"1,000-1,999元",1000,1999,3,"1,000-1,999 元",1000,1999,option,exact_range,source_question,以 103 年 J5 為基準。
expenditure,EXP_ALCOHOL,菸酒檳榔支出,95,95,Q12-5,請問您全家每個月用在支付「抽煙、飲酒、吃檳榔等」的費用是多少？【過,J5,請問您全家每個月用在支付「抽煙、飲酒、吃檳榔等」的費用是多少？【過去ㄧ年平均每個月的,3,"2,000-2,999 元",2000,2999,4,"2,000-2,999 元",2000,2999,option,exact_range,source_question,以 103 年 J5 為基準。
expenditure,EXP_ALCOHOL,菸酒檳榔支出,95,95,Q12-5,請問您全家每個月用在支付「抽煙、飲酒、吃檳榔等」的費用是多少？【過,J5,請問您全家每個月用在支付「抽煙、飲酒、吃檳榔等」的費用是多少？【過去ㄧ年平均每個月的,4,"3,000-3,999元",3000,3999,5,"3,000-3,999 元",3000,3999,option,exact_range,source_question,以 103 年 J5 為基準。
expenditure,EXP_ALCOHOL,菸酒檳榔支出,95,95,Q12-5,請問您全家每個月用在支付「抽煙、飲酒、吃檳榔等」的費用是多少？【過,J5,請問您全家每個月用在支付「抽煙、飲酒、吃檳榔等」的費用是多少？【過去ㄧ年平均每個月的,5,"4,000-4,999 元",4000,4999,6,"4,000-4,999 元",4000,4999,option,exact_range,source_question,以 103 年 J5 為基準。
expenditure,EXP_ALCOHOL,菸酒檳榔支出,95,95,Q12-5,請問您全家每個月用在支付「抽煙、飲酒、吃檳榔等」的費用是多少？【過,J5,請問您全家每個月用在支付「抽煙、飲酒、吃檳榔等」的費用是多少？【過去ㄧ年平均每個月的,6,"5,000-6,999元",5000,6999,7,"5,000-6,999 元",5000,6999,option,exact_range,source_question,以 103 年 J5 為基準。
expenditure,EXP_ALCOHOL,菸酒檳榔支出,95,95,Q12-5,請問您全家每個月用在支付「抽煙、飲酒、吃檳榔等」的費用是多少？【過,J5,請問您全家每個月用在支付「抽煙、飲酒、吃檳榔等」的費用是多少？【過去ㄧ年平均每個月的,7,"7,000-9,999 元",7000,9999,8,"7,000-9,999 元",7000,9999,option,exact_range,source_question,以 103 年 J5 為基準。
expenditure,EXP_ALCOHOL,菸酒檳榔支出,95,95,Q12-5,請問您全家每個月用在支付「抽煙、飲酒、吃檳榔等」的費用是多少？【過,J5,請問您全家每個月用在支付「抽煙、飲酒、吃檳榔等」的費用是多少？【過去ㄧ年平均每個月的,8,"10,000-14,999元",10000,14999,9,"10,000-14,999 元",10000,14999,option,exact_range,source_question,以 103 年 J5 為基準。
expenditure,EXP_ALCOHOL,菸酒檳榔支出,95,95,Q12-5,請問您全家每個月用在支付「抽煙、飲酒、吃檳榔等」的費用是多少？【過,J5,請問您全家每個月用在支付「抽煙、飲酒、吃檳榔等」的費用是多少？【過去ㄧ年平均每個月的,9,"15,000-19,999 元",15000,19999,10,"15,000-19,999 元",15000,19999,option,exact_range,source_question,以 103 年 J5 為基準。
expenditure,EXP_ALCOHOL,菸酒檳榔支出,95,95,Q12-5,請問您全家每個月用在支付「抽煙、飲酒、吃檳榔等」的費用是多少？【過,J5,請問您全家每個月用在支付「抽煙、飲酒、吃檳榔等」的費用是多少？【過去ㄧ年平均每個月的,10,"20,000-29,999元",20000,29999,11,"20,000-29,999 元",20000,29999,option,exact_range,source_question,以 103 年 J5 為基準。
expenditure,EXP_ALCOHOL,菸酒檳榔支出,95,95,Q12-5,請問您全家每個月用在支付「抽煙、飲酒、吃檳榔等」的費用是多少？【過,J5,請問您全家每個月用在支付「抽煙、飲酒、吃檳榔等」的費用是多少？【過去ㄧ年平均每個月的,90,"30,000元及以上，請記錄 元",30000,,12,"30,000 元及以上，請記錄________元",30000,,option,exact_open_upper,source_question,以 103 年 J5 為基準。
expenditure,EXP_ALCOHOL,菸酒檳榔支出,95,95,Q12-5,請問您全家每個月用在支付「抽煙、飲酒、吃檳榔等」的費用是多少？【過,J5,請問您全家每個月用在支付「抽煙、飲酒、吃檳榔等」的費用是多少？【過去ㄧ年平均每個月的,95,沒有這項支出,0,0,13,沒有這項支出,0,0,option,exact_none,source_question,以 103 年 J5 為基準。
expenditure,EXP_ALCOHOL,菸酒檳榔支出,99,99,J5,請問您全家每個月用在支付「抽煙、飲酒、吃檳榔等」的費用是多少？【過去ㄧ年帄均每個月,J5,請問您全家每個月用在支付「抽煙、飲酒、吃檳榔等」的費用是多少？【過去ㄧ年平均每個月的,1,999 元及以下,0,999,1,499 元及以下,0,499,option,source_bin_spans_multiple_base_bins,source_question,以 103 年 J5 為基準。
expenditure,EXP_ALCOHOL,菸酒檳榔支出,99,99,J5,請問您全家每個月用在支付「抽煙、飲酒、吃檳榔等」的費用是多少？【過去ㄧ年帄均每個月,J5,請問您全家每個月用在支付「抽煙、飲酒、吃檳榔等」的費用是多少？【過去ㄧ年平均每個月的,1,999 元及以下,0,999,2,500-999 元,500,999,option,source_bin_spans_multiple_base_bins,source_question,以 103 年 J5 為基準。
expenditure,EXP_ALCOHOL,菸酒檳榔支出,99,99,J5,請問您全家每個月用在支付「抽煙、飲酒、吃檳榔等」的費用是多少？【過去ㄧ年帄均每個月,J5,請問您全家每個月用在支付「抽煙、飲酒、吃檳榔等」的費用是多少？【過去ㄧ年平均每個月的,2,"1,000-1,999 元",1000,1999,3,"1,000-1,999 元",1000,1999,option,exact_range,source_question,以 103 年 J5 為基準。
expenditure,EXP_ALCOHOL,菸酒檳榔支出,99,99,J5,請問您全家每個月用在支付「抽煙、飲酒、吃檳榔等」的費用是多少？【過去ㄧ年帄均每個月,J5,請問您全家每個月用在支付「抽煙、飲酒、吃檳榔等」的費用是多少？【過去ㄧ年平均每個月的,3,"2,000-2,999 元",2000,2999,4,"2,000-2,999 元",2000,2999,option,exact_range,source_question,以 103 年 J5 為基準。
expenditure,EXP_ALCOHOL,菸酒檳榔支出,99,99,J5,請問您全家每個月用在支付「抽煙、飲酒、吃檳榔等」的費用是多少？【過去ㄧ年帄均每個月,J5,請問您全家每個月用在支付「抽煙、飲酒、吃檳榔等」的費用是多少？【過去ㄧ年平均每個月的,4,"3,000-3,999 元",3000,3999,5,"3,000-3,999 元",3000,3999,option,exact_range,source_question,以 103 年 J5 為基準。
expenditure,EXP_ALCOHOL,菸酒檳榔支出,99,99,J5,請問您全家每個月用在支付「抽煙、飲酒、吃檳榔等」的費用是多少？【過去ㄧ年帄均每個月,J5,請問您全家每個月用在支付「抽煙、飲酒、吃檳榔等」的費用是多少？【過去ㄧ年平均每個月的,5,"4,000-4,999 元",4000,4999,6,"4,000-4,999 元",4000,4999,option,exact_range,source_question,以 103 年 J5 為基準。
expenditure,EXP_ALCOHOL,菸酒檳榔支出,99,99,J5,請問您全家每個月用在支付「抽煙、飲酒、吃檳榔等」的費用是多少？【過去ㄧ年帄均每個月,J5,請問您全家每個月用在支付「抽煙、飲酒、吃檳榔等」的費用是多少？【過去ㄧ年平均每個月的,6,"5,000-6,999 元",5000,6999,7,"5,000-6,999 元",5000,6999,option,exact_range,source_question,以 103 年 J5 為基準。
expenditure,EXP_ALCOHOL,菸酒檳榔支出,99,99,J5,請問您全家每個月用在支付「抽煙、飲酒、吃檳榔等」的費用是多少？【過去ㄧ年帄均每個月,J5,請問您全家每個月用在支付「抽煙、飲酒、吃檳榔等」的費用是多少？【過去ㄧ年平均每個月的,7,"7,000-9,999 元",7000,9999,8,"7,000-9,999 元",7000,9999,option,exact_range,source_question,以 103 年 J5 為基準。
expenditure,EXP_ALCOHOL,菸酒檳榔支出,99,99,J5,請問您全家每個月用在支付「抽煙、飲酒、吃檳榔等」的費用是多少？【過去ㄧ年帄均每個月,J5,請問您全家每個月用在支付「抽煙、飲酒、吃檳榔等」的費用是多少？【過去ㄧ年平均每個月的,8,"10,000-14,999 元",10000,14999,9,"10,000-14,999 元",10000,14999,option,exact_range,source_question,以 103 年 J5 為基準。
expenditure,EXP_ALCOHOL,菸酒檳榔支出,99,99,J5,請問您全家每個月用在支付「抽煙、飲酒、吃檳榔等」的費用是多少？【過去ㄧ年帄均每個月,J5,請問您全家每個月用在支付「抽煙、飲酒、吃檳榔等」的費用是多少？【過去ㄧ年平均每個月的,9,"15,000-19,999 元",15000,19999,10,"15,000-19,999 元",15000,19999,option,exact_range,source_question,以 103 年 J5 為基準。
expenditure,EXP_ALCOHOL,菸酒檳榔支出,99,99,J5,請問您全家每個月用在支付「抽煙、飲酒、吃檳榔等」的費用是多少？【過去ㄧ年帄均每個月,J5,請問您全家每個月用在支付「抽煙、飲酒、吃檳榔等」的費用是多少？【過去ㄧ年平均每個月的,10,"20,000-29,999 元",20000,29999,11,"20,000-29,999 元",20000,29999,option,exact_range,source_question,以 103 年 J5 為基準。
expenditure,EXP_ALCOHOL,菸酒檳榔支出,99,99,J5,請問您全家每個月用在支付「抽煙、飲酒、吃檳榔等」的費用是多少？【過去ㄧ年帄均每個月,J5,請問您全家每個月用在支付「抽煙、飲酒、吃檳榔等」的費用是多少？【過去ㄧ年平均每個月的,11,"30,000 元及以上，請記錄 元",30000,,12,"30,000 元及以上，請記錄________元",30000,,option,exact_open_upper,source_question,以 103 年 J5 為基準。
expenditure,EXP_ALCOHOL,菸酒檳榔支出,99,99,J5,請問您全家每個月用在支付「抽煙、飲酒、吃檳榔等」的費用是多少？【過去ㄧ年帄均每個月,J5,請問您全家每個月用在支付「抽煙、飲酒、吃檳榔等」的費用是多少？【過去ㄧ年平均每個月的,12,沒有這項支出,0,0,13,沒有這項支出,0,0,option,exact_none,source_question,以 103 年 J5 為基準。
expenditure,EXP_ALCOHOL,菸酒檳榔支出,103,103,J5,請問您全家每個月用在支付「抽煙、飲酒、吃檳榔等」的費用是多少？【過去ㄧ年平均每個月的,J5,請問您全家每個月用在支付「抽煙、飲酒、吃檳榔等」的費用是多少？【過去ㄧ年平均每個月的,1,499 元及以下,0,499,1,499 元及以下,0,499,option,exact_range,source_question,以 103 年 J5 為基準。
expenditure,EXP_ALCOHOL,菸酒檳榔支出,103,103,J5,請問您全家每個月用在支付「抽煙、飲酒、吃檳榔等」的費用是多少？【過去ㄧ年平均每個月的,J5,請問您全家每個月用在支付「抽煙、飲酒、吃檳榔等」的費用是多少？【過去ㄧ年平均每個月的,2,500-999 元,500,999,2,500-999 元,500,999,option,exact_range,source_question,以 103 年 J5 為基準。
expenditure,EXP_ALCOHOL,菸酒檳榔支出,103,103,J5,請問您全家每個月用在支付「抽煙、飲酒、吃檳榔等」的費用是多少？【過去ㄧ年平均每個月的,J5,請問您全家每個月用在支付「抽煙、飲酒、吃檳榔等」的費用是多少？【過去ㄧ年平均每個月的,3,"1,000-1,999 元",1000,1999,3,"1,000-1,999 元",1000,1999,option,exact_range,source_question,以 103 年 J5 為基準。
expenditure,EXP_ALCOHOL,菸酒檳榔支出,103,103,J5,請問您全家每個月用在支付「抽煙、飲酒、吃檳榔等」的費用是多少？【過去ㄧ年平均每個月的,J5,請問您全家每個月用在支付「抽煙、飲酒、吃檳榔等」的費用是多少？【過去ㄧ年平均每個月的,4,"2,000-2,999 元",2000,2999,4,"2,000-2,999 元",2000,2999,option,exact_range,source_question,以 103 年 J5 為基準。
expenditure,EXP_ALCOHOL,菸酒檳榔支出,103,103,J5,請問您全家每個月用在支付「抽煙、飲酒、吃檳榔等」的費用是多少？【過去ㄧ年平均每個月的,J5,請問您全家每個月用在支付「抽煙、飲酒、吃檳榔等」的費用是多少？【過去ㄧ年平均每個月的,5,"3,000-3,999 元",3000,3999,5,"3,000-3,999 元",3000,3999,option,exact_range,source_question,以 103 年 J5 為基準。
expenditure,EXP_ALCOHOL,菸酒檳榔支出,103,103,J5,請問您全家每個月用在支付「抽煙、飲酒、吃檳榔等」的費用是多少？【過去ㄧ年平均每個月的,J5,請問您全家每個月用在支付「抽煙、飲酒、吃檳榔等」的費用是多少？【過去ㄧ年平均每個月的,6,"4,000-4,999 元",4000,4999,6,"4,000-4,999 元",4000,4999,option,exact_range,source_question,以 103 年 J5 為基準。
expenditure,EXP_ALCOHOL,菸酒檳榔支出,103,103,J5,請問您全家每個月用在支付「抽煙、飲酒、吃檳榔等」的費用是多少？【過去ㄧ年平均每個月的,J5,請問您全家每個月用在支付「抽煙、飲酒、吃檳榔等」的費用是多少？【過去ㄧ年平均每個月的,7,"5,000-6,999 元",5000,6999,7,"5,000-6,999 元",5000,6999,option,exact_range,source_question,以 103 年 J5 為基準。
expenditure,EXP_ALCOHOL,菸酒檳榔支出,103,103,J5,請問您全家每個月用在支付「抽煙、飲酒、吃檳榔等」的費用是多少？【過去ㄧ年平均每個月的,J5,請問您全家每個月用在支付「抽煙、飲酒、吃檳榔等」的費用是多少？【過去ㄧ年平均每個月的,8,"7,000-9,999 元",7000,9999,8,"7,000-9,999 元",7000,9999,option,exact_range,source_question,以 103 年 J5 為基準。
expenditure,EXP_ALCOHOL,菸酒檳榔支出,103,103,J5,請問您全家每個月用在支付「抽煙、飲酒、吃檳榔等」的費用是多少？【過去ㄧ年平均每個月的,J5,請問您全家每個月用在支付「抽煙、飲酒、吃檳榔等」的費用是多少？【過去ㄧ年平均每個月的,9,"10,000-14,999 元",10000,14999,9,"10,000-14,999 元",10000,14999,option,exact_range,source_question,以 103 年 J5 為基準。
expenditure,EXP_ALCOHOL,菸酒檳榔支出,103,103,J5,請問您全家每個月用在支付「抽煙、飲酒、吃檳榔等」的費用是多少？【過去ㄧ年平均每個月的,J5,請問您全家每個月用在支付「抽煙、飲酒、吃檳榔等」的費用是多少？【過去ㄧ年平均每個月的,10,"15,000-19,999 元",15000,19999,10,"15,000-19,999 元",15000,19999,option,exact_range,source_question,以 103 年 J5 為基準。
expenditure,EXP_ALCOHOL,菸酒檳榔支出,103,103,J5,請問您全家每個月用在支付「抽煙、飲酒、吃檳榔等」的費用是多少？【過去ㄧ年平均每個月的,J5,請問您全家每個月用在支付「抽煙、飲酒、吃檳榔等」的費用是多少？【過去ㄧ年平均每個月的,11,"20,000-29,999 元",20000,29999,11,"20,000-29,999 元",20000,29999,option,exact_range,source_question,以 103 年 J5 為基準。
expenditure,EXP_ALCOHOL,菸酒檳榔支出,103,103,J5,請問您全家每個月用在支付「抽煙、飲酒、吃檳榔等」的費用是多少？【過去ㄧ年平均每個月的,J5,請問您全家每個月用在支付「抽煙、飲酒、吃檳榔等」的費用是多少？【過去ㄧ年平均每個月的,12,"30,000 元及以上，請記錄________元",30000,,12,"30,000 元及以上，請記錄________元",30000,,option,exact_open_upper,source_question,以 103 年 J5 為基準。
expenditure,EXP_ALCOHOL,菸酒檳榔支出,103,103,J5,請問您全家每個月用在支付「抽煙、飲酒、吃檳榔等」的費用是多少？【過去ㄧ年平均每個月的,J5,請問您全家每個月用在支付「抽煙、飲酒、吃檳榔等」的費用是多少？【過去ㄧ年平均每個月的,13,沒有這項支出,0,0,13,沒有這項支出,0,0,option,exact_none,source_question,以 103 年 J5 為基準。
expenditure,EXP_ALCOHOL,菸酒檳榔支出,106,106,M5,請問您全家每個月用在支付「抽煙、喝酒、吃檳榔等」的費用是多少？【106年平均每個月的金,J5,請問您全家每個月用在支付「抽煙、飲酒、吃檳榔等」的費用是多少？【過去ㄧ年平均每個月的,1,未滿500元,0,499,1,499 元及以下,0,499,option,exact_range,source_question,以 103 年 J5 為基準。
expenditure,EXP_ALCOHOL,菸酒檳榔支出,106,106,M5,請問您全家每個月用在支付「抽煙、喝酒、吃檳榔等」的費用是多少？【106年平均每個月的金,J5,請問您全家每個月用在支付「抽煙、飲酒、吃檳榔等」的費用是多少？【過去ㄧ年平均每個月的,2,"500元-未滿1,000 元",500,999,2,500-999 元,500,999,option,exact_range,source_question,以 103 年 J5 為基準。
expenditure,EXP_ALCOHOL,菸酒檳榔支出,106,106,M5,請問您全家每個月用在支付「抽煙、喝酒、吃檳榔等」的費用是多少？【106年平均每個月的金,J5,請問您全家每個月用在支付「抽煙、飲酒、吃檳榔等」的費用是多少？【過去ㄧ年平均每個月的,3,"1,000 元-未滿2,000元",1000,1999,3,"1,000-1,999 元",1000,1999,option,exact_range,source_question,以 103 年 J5 為基準。
expenditure,EXP_ALCOHOL,菸酒檳榔支出,106,106,M5,請問您全家每個月用在支付「抽煙、喝酒、吃檳榔等」的費用是多少？【106年平均每個月的金,J5,請問您全家每個月用在支付「抽煙、飲酒、吃檳榔等」的費用是多少？【過去ㄧ年平均每個月的,4,"2,000 元-未滿3,000元",2000,2999,4,"2,000-2,999 元",2000,2999,option,exact_range,source_question,以 103 年 J5 為基準。
expenditure,EXP_ALCOHOL,菸酒檳榔支出,106,106,M5,請問您全家每個月用在支付「抽煙、喝酒、吃檳榔等」的費用是多少？【106年平均每個月的金,J5,請問您全家每個月用在支付「抽煙、飲酒、吃檳榔等」的費用是多少？【過去ㄧ年平均每個月的,5,"3,000 元-未滿4,000元",3000,3999,5,"3,000-3,999 元",3000,3999,option,exact_range,source_question,以 103 年 J5 為基準。
expenditure,EXP_ALCOHOL,菸酒檳榔支出,106,106,M5,請問您全家每個月用在支付「抽煙、喝酒、吃檳榔等」的費用是多少？【106年平均每個月的金,J5,請問您全家每個月用在支付「抽煙、飲酒、吃檳榔等」的費用是多少？【過去ㄧ年平均每個月的,6,"4,000 元-未滿5,000元",4000,4999,6,"4,000-4,999 元",4000,4999,option,exact_range,source_question,以 103 年 J5 為基準。
expenditure,EXP_ALCOHOL,菸酒檳榔支出,106,106,M5,請問您全家每個月用在支付「抽煙、喝酒、吃檳榔等」的費用是多少？【106年平均每個月的金,J5,請問您全家每個月用在支付「抽煙、飲酒、吃檳榔等」的費用是多少？【過去ㄧ年平均每個月的,7,"5,000 元-未滿7,000元",5000,6999,7,"5,000-6,999 元",5000,6999,option,exact_range,source_question,以 103 年 J5 為基準。
expenditure,EXP_ALCOHOL,菸酒檳榔支出,106,106,M5,請問您全家每個月用在支付「抽煙、喝酒、吃檳榔等」的費用是多少？【106年平均每個月的金,J5,請問您全家每個月用在支付「抽煙、飲酒、吃檳榔等」的費用是多少？【過去ㄧ年平均每個月的,8,"7,000 元-未滿10,000元",7000,9999,8,"7,000-9,999 元",7000,9999,option,exact_range,source_question,以 103 年 J5 為基準。
expenditure,EXP_ALCOHOL,菸酒檳榔支出,106,106,M5,請問您全家每個月用在支付「抽煙、喝酒、吃檳榔等」的費用是多少？【106年平均每個月的金,J5,請問您全家每個月用在支付「抽煙、飲酒、吃檳榔等」的費用是多少？【過去ㄧ年平均每個月的,9,"10,000 元-未滿15,000元",10000,14999,9,"10,000-14,999 元",10000,14999,option,exact_range,source_question,以 103 年 J5 為基準。
expenditure,EXP_ALCOHOL,菸酒檳榔支出,106,106,M5,請問您全家每個月用在支付「抽煙、喝酒、吃檳榔等」的費用是多少？【106年平均每個月的金,J5,請問您全家每個月用在支付「抽煙、飲酒、吃檳榔等」的費用是多少？【過去ㄧ年平均每個月的,10,"15,000 元-未滿20,000元",15000,19999,10,"15,000-19,999 元",15000,19999,option,exact_range,source_question,以 103 年 J5 為基準。
expenditure,EXP_ALCOHOL,菸酒檳榔支出,106,106,M5,請問您全家每個月用在支付「抽煙、喝酒、吃檳榔等」的費用是多少？【106年平均每個月的金,J5,請問您全家每個月用在支付「抽煙、飲酒、吃檳榔等」的費用是多少？【過去ㄧ年平均每個月的,11,"20,000元-未滿30,000元",20000,29999,11,"20,000-29,999 元",20000,29999,option,exact_range,source_question,以 103 年 J5 為基準。
expenditure,EXP_ALCOHOL,菸酒檳榔支出,106,106,M5,請問您全家每個月用在支付「抽煙、喝酒、吃檳榔等」的費用是多少？【106年平均每個月的金,J5,請問您全家每個月用在支付「抽煙、飲酒、吃檳榔等」的費用是多少？【過去ㄧ年平均每個月的,12,"30,000 元以上，請記錄________元",30000,,12,"30,000 元及以上，請記錄________元",30000,,option,exact_open_upper,source_question,以 103 年 J5 為基準。
expenditure,EXP_ALCOHOL,菸酒檳榔支出,106,106,M5,請問您全家每個月用在支付「抽煙、喝酒、吃檳榔等」的費用是多少？【106年平均每個月的金,J5,請問您全家每個月用在支付「抽煙、飲酒、吃檳榔等」的費用是多少？【過去ㄧ年平均每個月的,13,沒有這項支出,0,0,13,沒有這項支出,0,0,option,exact_none,source_question,以 103 年 J5 為基準。
expenditure,EXP_ALCOHOL,菸酒檳榔支出,110,110,H5,請問您全家每個月用在支付「抽煙、喝酒、吃檳榔等」的費用是多少？【110年平均每個月的金,J5,請問您全家每個月用在支付「抽煙、飲酒、吃檳榔等」的費用是多少？【過去ㄧ年平均每個月的,1,未滿500元,0,499,1,499 元及以下,0,499,option,exact_range,source_question,以 103 年 J5 為基準。
expenditure,EXP_ALCOHOL,菸酒檳榔支出,110,110,H5,請問您全家每個月用在支付「抽煙、喝酒、吃檳榔等」的費用是多少？【110年平均每個月的金,J5,請問您全家每個月用在支付「抽煙、飲酒、吃檳榔等」的費用是多少？【過去ㄧ年平均每個月的,2,"500元-未滿1,000 元",500,999,2,500-999 元,500,999,option,exact_range,source_question,以 103 年 J5 為基準。
expenditure,EXP_ALCOHOL,菸酒檳榔支出,110,110,H5,請問您全家每個月用在支付「抽煙、喝酒、吃檳榔等」的費用是多少？【110年平均每個月的金,J5,請問您全家每個月用在支付「抽煙、飲酒、吃檳榔等」的費用是多少？【過去ㄧ年平均每個月的,3,"1,000 元-未滿2,000元",1000,1999,3,"1,000-1,999 元",1000,1999,option,exact_range,source_question,以 103 年 J5 為基準。
expenditure,EXP_ALCOHOL,菸酒檳榔支出,110,110,H5,請問您全家每個月用在支付「抽煙、喝酒、吃檳榔等」的費用是多少？【110年平均每個月的金,J5,請問您全家每個月用在支付「抽煙、飲酒、吃檳榔等」的費用是多少？【過去ㄧ年平均每個月的,4,"2,000 元-未滿3,000元",2000,2999,4,"2,000-2,999 元",2000,2999,option,exact_range,source_question,以 103 年 J5 為基準。
expenditure,EXP_ALCOHOL,菸酒檳榔支出,110,110,H5,請問您全家每個月用在支付「抽煙、喝酒、吃檳榔等」的費用是多少？【110年平均每個月的金,J5,請問您全家每個月用在支付「抽煙、飲酒、吃檳榔等」的費用是多少？【過去ㄧ年平均每個月的,5,"3,000 元-未滿4,000元",3000,3999,5,"3,000-3,999 元",3000,3999,option,exact_range,source_question,以 103 年 J5 為基準。
expenditure,EXP_ALCOHOL,菸酒檳榔支出,110,110,H5,請問您全家每個月用在支付「抽煙、喝酒、吃檳榔等」的費用是多少？【110年平均每個月的金,J5,請問您全家每個月用在支付「抽煙、飲酒、吃檳榔等」的費用是多少？【過去ㄧ年平均每個月的,6,"4,000 元-未滿5,000元",4000,4999,6,"4,000-4,999 元",4000,4999,option,exact_range,source_question,以 103 年 J5 為基準。
expenditure,EXP_ALCOHOL,菸酒檳榔支出,110,110,H5,請問您全家每個月用在支付「抽煙、喝酒、吃檳榔等」的費用是多少？【110年平均每個月的金,J5,請問您全家每個月用在支付「抽煙、飲酒、吃檳榔等」的費用是多少？【過去ㄧ年平均每個月的,7,"5,000 元-未滿7,000元",5000,6999,7,"5,000-6,999 元",5000,6999,option,exact_range,source_question,以 103 年 J5 為基準。
expenditure,EXP_ALCOHOL,菸酒檳榔支出,110,110,H5,請問您全家每個月用在支付「抽煙、喝酒、吃檳榔等」的費用是多少？【110年平均每個月的金,J5,請問您全家每個月用在支付「抽煙、飲酒、吃檳榔等」的費用是多少？【過去ㄧ年平均每個月的,8,"7,000 元-未滿10,000元",7000,9999,8,"7,000-9,999 元",7000,9999,option,exact_range,source_question,以 103 年 J5 為基準。
expenditure,EXP_ALCOHOL,菸酒檳榔支出,110,110,H5,請問您全家每個月用在支付「抽煙、喝酒、吃檳榔等」的費用是多少？【110年平均每個月的金,J5,請問您全家每個月用在支付「抽煙、飲酒、吃檳榔等」的費用是多少？【過去ㄧ年平均每個月的,9,"10,000 元-未滿15,000元",10000,14999,9,"10,000-14,999 元",10000,14999,option,exact_range,source_question,以 103 年 J5 為基準。
expenditure,EXP_ALCOHOL,菸酒檳榔支出,110,110,H5,請問您全家每個月用在支付「抽煙、喝酒、吃檳榔等」的費用是多少？【110年平均每個月的金,J5,請問您全家每個月用在支付「抽煙、飲酒、吃檳榔等」的費用是多少？【過去ㄧ年平均每個月的,10,"15,000 元-未滿20,000元",15000,19999,10,"15,000-19,999 元",15000,19999,option,exact_range,source_question,以 103 年 J5 為基準。
expenditure,EXP_ALCOHOL,菸酒檳榔支出,110,110,H5,請問您全家每個月用在支付「抽煙、喝酒、吃檳榔等」的費用是多少？【110年平均每個月的金,J5,請問您全家每個月用在支付「抽煙、飲酒、吃檳榔等」的費用是多少？【過去ㄧ年平均每個月的,11,"20,000元-未滿30,000元",20000,29999,11,"20,000-29,999 元",20000,29999,option,exact_range,source_question,以 103 年 J5 為基準。
expenditure,EXP_ALCOHOL,菸酒檳榔支出,110,110,H5,請問您全家每個月用在支付「抽煙、喝酒、吃檳榔等」的費用是多少？【110年平均每個月的金,J5,請問您全家每個月用在支付「抽煙、飲酒、吃檳榔等」的費用是多少？【過去ㄧ年平均每個月的,12,"30,000 元以上，請記錄________元",30000,,12,"30,000 元及以上，請記錄________元",30000,,option,exact_open_upper,source_question,以 103 年 J5 為基準。
expenditure,EXP_ALCOHOL,菸酒檳榔支出,110,110,H5,請問您全家每個月用在支付「抽煙、喝酒、吃檳榔等」的費用是多少？【110年平均每個月的金,J5,請問您全家每個月用在支付「抽煙、飲酒、吃檳榔等」的費用是多少？【過去ㄧ年平均每個月的,13,沒有這項支出,0,0,13,沒有這項支出,0,0,option,exact_none,source_question,以 103 年 J5 為基準。
expenditure,EXP_TAX_INS_GIFT,稅保險紅白包捐款等支出,91,91_1,,,J6,請問您全家每個月用在支付「繳各種稅、勞健保、農漁保險、買彩券、紅白包禮金、捐款」的費,,,,,,,,,option,not_available_in_source_dataset,source_question,91 無可直接對照之分項。
expenditure,EXP_TAX_INS_GIFT,稅保險紅白包捐款等支出,91,91_2,,,J6,請問您全家每個月用在支付「繳各種稅、勞健保、農漁保險、買彩券、紅白包禮金、捐款」的費,,,,,,,,,option,not_available_in_source_dataset,source_question,91 無可直接對照之分項。
expenditure,EXP_TAX_INS_GIFT,稅保險紅白包捐款等支出,95,95,Q12-6,請問您全家每個月用在支付「繳各種稅、勞健保、農漁保險、紅白包禮金、,J6,請問您全家每個月用在支付「繳各種稅、勞健保、農漁保險、買彩券、紅白包禮金、捐款」的費,1,999元及以下,0,999,1,999 元及以下,0,999,option,exact_range,source_question,91 無可直接對照之分項。
expenditure,EXP_TAX_INS_GIFT,稅保險紅白包捐款等支出,95,95,Q12-6,請問您全家每個月用在支付「繳各種稅、勞健保、農漁保險、紅白包禮金、,J6,請問您全家每個月用在支付「繳各種稅、勞健保、農漁保險、買彩券、紅白包禮金、捐款」的費,2,"1,000-1,999元",1000,1999,2,"1,000-1,499 元",1000,1499,option,source_bin_spans_multiple_base_bins,source_question,91 無可直接對照之分項。
expenditure,EXP_TAX_INS_GIFT,稅保險紅白包捐款等支出,95,95,Q12-6,請問您全家每個月用在支付「繳各種稅、勞健保、農漁保險、紅白包禮金、,J6,請問您全家每個月用在支付「繳各種稅、勞健保、農漁保險、買彩券、紅白包禮金、捐款」的費,2,"1,000-1,999元",1000,1999,3,"1,500-1,999 元",1500,1999,option,source_bin_spans_multiple_base_bins,source_question,91 無可直接對照之分項。
expenditure,EXP_TAX_INS_GIFT,稅保險紅白包捐款等支出,95,95,Q12-6,請問您全家每個月用在支付「繳各種稅、勞健保、農漁保險、紅白包禮金、,J6,請問您全家每個月用在支付「繳各種稅、勞健保、農漁保險、買彩券、紅白包禮金、捐款」的費,3,"2,000-2,999 元",2000,2999,4,"2,000-2,499 元",2000,2499,option,source_bin_spans_multiple_base_bins,source_question,91 無可直接對照之分項。
expenditure,EXP_TAX_INS_GIFT,稅保險紅白包捐款等支出,95,95,Q12-6,請問您全家每個月用在支付「繳各種稅、勞健保、農漁保險、紅白包禮金、,J6,請問您全家每個月用在支付「繳各種稅、勞健保、農漁保險、買彩券、紅白包禮金、捐款」的費,3,"2,000-2,999 元",2000,2999,5,"2,500-2,999 元",2500,2999,option,source_bin_spans_multiple_base_bins,source_question,91 無可直接對照之分項。
expenditure,EXP_TAX_INS_GIFT,稅保險紅白包捐款等支出,95,95,Q12-6,請問您全家每個月用在支付「繳各種稅、勞健保、農漁保險、紅白包禮金、,J6,請問您全家每個月用在支付「繳各種稅、勞健保、農漁保險、買彩券、紅白包禮金、捐款」的費,4,"3,000-3,999元",3000,3999,6,"3,000-3,999 元",3000,3999,option,exact_range,source_question,91 無可直接對照之分項。
expenditure,EXP_TAX_INS_GIFT,稅保險紅白包捐款等支出,95,95,Q12-6,請問您全家每個月用在支付「繳各種稅、勞健保、農漁保險、紅白包禮金、,J6,請問您全家每個月用在支付「繳各種稅、勞健保、農漁保險、買彩券、紅白包禮金、捐款」的費,5,"4,000-4,999 元",4000,4999,7,"4,000-4,999 元",4000,4999,option,exact_range,source_question,91 無可直接對照之分項。
expenditure,EXP_TAX_INS_GIFT,稅保險紅白包捐款等支出,95,95,Q12-6,請問您全家每個月用在支付「繳各種稅、勞健保、農漁保險、紅白包禮金、,J6,請問您全家每個月用在支付「繳各種稅、勞健保、農漁保險、買彩券、紅白包禮金、捐款」的費,6,"5,000-6,999元",5000,6999,8,"5,000-6,999 元",5000,6999,option,exact_range,source_question,91 無可直接對照之分項。
expenditure,EXP_TAX_INS_GIFT,稅保險紅白包捐款等支出,95,95,Q12-6,請問您全家每個月用在支付「繳各種稅、勞健保、農漁保險、紅白包禮金、,J6,請問您全家每個月用在支付「繳各種稅、勞健保、農漁保險、買彩券、紅白包禮金、捐款」的費,7,"7,000-9,999 元",7000,9999,9,"7,000-9,999 元",7000,9999,option,exact_range,source_question,91 無可直接對照之分項。
expenditure,EXP_TAX_INS_GIFT,稅保險紅白包捐款等支出,95,95,Q12-6,請問您全家每個月用在支付「繳各種稅、勞健保、農漁保險、紅白包禮金、,J6,請問您全家每個月用在支付「繳各種稅、勞健保、農漁保險、買彩券、紅白包禮金、捐款」的費,8,"10,000-14,999元",10000,14999,10,"10,000-14,999 元",10000,14999,option,exact_range,source_question,91 無可直接對照之分項。
expenditure,EXP_TAX_INS_GIFT,稅保險紅白包捐款等支出,95,95,Q12-6,請問您全家每個月用在支付「繳各種稅、勞健保、農漁保險、紅白包禮金、,J6,請問您全家每個月用在支付「繳各種稅、勞健保、農漁保險、買彩券、紅白包禮金、捐款」的費,9,"15,000-19,999 元",15000,19999,11,"15,000-19,999 元",15000,19999,option,exact_range,source_question,91 無可直接對照之分項。
expenditure,EXP_TAX_INS_GIFT,稅保險紅白包捐款等支出,95,95,Q12-6,請問您全家每個月用在支付「繳各種稅、勞健保、農漁保險、紅白包禮金、,J6,請問您全家每個月用在支付「繳各種稅、勞健保、農漁保險、買彩券、紅白包禮金、捐款」的費,10,"20,000-29,999元",20000,29999,12,"20,000-29,999 元",20000,29999,option,exact_range,source_question,91 無可直接對照之分項。
expenditure,EXP_TAX_INS_GIFT,稅保險紅白包捐款等支出,95,95,Q12-6,請問您全家每個月用在支付「繳各種稅、勞健保、農漁保險、紅白包禮金、,J6,請問您全家每個月用在支付「繳各種稅、勞健保、農漁保險、買彩券、紅白包禮金、捐款」的費,90,"30,000元及以上，請記錄 元",30000,,13,"30,000 元及以上，請記錄________元",30000,,option,exact_open_upper,source_question,91 無可直接對照之分項。
expenditure,EXP_TAX_INS_GIFT,稅保險紅白包捐款等支出,95,95,Q12-6,請問您全家每個月用在支付「繳各種稅、勞健保、農漁保險、紅白包禮金、,J6,請問您全家每個月用在支付「繳各種稅、勞健保、農漁保險、買彩券、紅白包禮金、捐款」的費,95,沒有這項支出,0,0,14,沒有這項支出,0,0,option,exact_none,source_question,91 無可直接對照之分項。
expenditure,EXP_TAX_INS_GIFT,稅保險紅白包捐款等支出,99,99,J6,請問您全家每個月用在支付「繳各種稅、勞健保、農漁保險、紅白包禮金、捐款」的費用是多,J6,請問您全家每個月用在支付「繳各種稅、勞健保、農漁保險、買彩券、紅白包禮金、捐款」的費,1,999 元及以下,0,999,1,999 元及以下,0,999,option,exact_range,source_question,91 無可直接對照之分項。
expenditure,EXP_TAX_INS_GIFT,稅保險紅白包捐款等支出,99,99,J6,請問您全家每個月用在支付「繳各種稅、勞健保、農漁保險、紅白包禮金、捐款」的費用是多,J6,請問您全家每個月用在支付「繳各種稅、勞健保、農漁保險、買彩券、紅白包禮金、捐款」的費,2,"1,000-1,999 元",1000,1999,2,"1,000-1,499 元",1000,1499,option,source_bin_spans_multiple_base_bins,source_question,91 無可直接對照之分項。
expenditure,EXP_TAX_INS_GIFT,稅保險紅白包捐款等支出,99,99,J6,請問您全家每個月用在支付「繳各種稅、勞健保、農漁保險、紅白包禮金、捐款」的費用是多,J6,請問您全家每個月用在支付「繳各種稅、勞健保、農漁保險、買彩券、紅白包禮金、捐款」的費,2,"1,000-1,999 元",1000,1999,3,"1,500-1,999 元",1500,1999,option,source_bin_spans_multiple_base_bins,source_question,91 無可直接對照之分項。
expenditure,EXP_TAX_INS_GIFT,稅保險紅白包捐款等支出,99,99,J6,請問您全家每個月用在支付「繳各種稅、勞健保、農漁保險、紅白包禮金、捐款」的費用是多,J6,請問您全家每個月用在支付「繳各種稅、勞健保、農漁保險、買彩券、紅白包禮金、捐款」的費,3,"2,000-2,999 元",2000,2999,4,"2,000-2,499 元",2000,2499,option,source_bin_spans_multiple_base_bins,source_question,91 無可直接對照之分項。
expenditure,EXP_TAX_INS_GIFT,稅保險紅白包捐款等支出,99,99,J6,請問您全家每個月用在支付「繳各種稅、勞健保、農漁保險、紅白包禮金、捐款」的費用是多,J6,請問您全家每個月用在支付「繳各種稅、勞健保、農漁保險、買彩券、紅白包禮金、捐款」的費,3,"2,000-2,999 元",2000,2999,5,"2,500-2,999 元",2500,2999,option,source_bin_spans_multiple_base_bins,source_question,91 無可直接對照之分項。
expenditure,EXP_TAX_INS_GIFT,稅保險紅白包捐款等支出,99,99,J6,請問您全家每個月用在支付「繳各種稅、勞健保、農漁保險、紅白包禮金、捐款」的費用是多,J6,請問您全家每個月用在支付「繳各種稅、勞健保、農漁保險、買彩券、紅白包禮金、捐款」的費,4,"3,000-3,999 元",3000,3999,6,"3,000-3,999 元",3000,3999,option,exact_range,source_question,91 無可直接對照之分項。
expenditure,EXP_TAX_INS_GIFT,稅保險紅白包捐款等支出,99,99,J6,請問您全家每個月用在支付「繳各種稅、勞健保、農漁保險、紅白包禮金、捐款」的費用是多,J6,請問您全家每個月用在支付「繳各種稅、勞健保、農漁保險、買彩券、紅白包禮金、捐款」的費,5,"4,000-4,999 元",4000,4999,7,"4,000-4,999 元",4000,4999,option,exact_range,source_question,91 無可直接對照之分項。
expenditure,EXP_TAX_INS_GIFT,稅保險紅白包捐款等支出,99,99,J6,請問您全家每個月用在支付「繳各種稅、勞健保、農漁保險、紅白包禮金、捐款」的費用是多,J6,請問您全家每個月用在支付「繳各種稅、勞健保、農漁保險、買彩券、紅白包禮金、捐款」的費,6,"5,000-6,999 元",5000,6999,8,"5,000-6,999 元",5000,6999,option,exact_range,source_question,91 無可直接對照之分項。
expenditure,EXP_TAX_INS_GIFT,稅保險紅白包捐款等支出,99,99,J6,請問您全家每個月用在支付「繳各種稅、勞健保、農漁保險、紅白包禮金、捐款」的費用是多,J6,請問您全家每個月用在支付「繳各種稅、勞健保、農漁保險、買彩券、紅白包禮金、捐款」的費,7,"7,000-9,999 元",7000,9999,9,"7,000-9,999 元",7000,9999,option,exact_range,source_question,91 無可直接對照之分項。
expenditure,EXP_TAX_INS_GIFT,稅保險紅白包捐款等支出,99,99,J6,請問您全家每個月用在支付「繳各種稅、勞健保、農漁保險、紅白包禮金、捐款」的費用是多,J6,請問您全家每個月用在支付「繳各種稅、勞健保、農漁保險、買彩券、紅白包禮金、捐款」的費,8,"10,000-14,999 元",10000,14999,10,"10,000-14,999 元",10000,14999,option,exact_range,source_question,91 無可直接對照之分項。
expenditure,EXP_TAX_INS_GIFT,稅保險紅白包捐款等支出,99,99,J6,請問您全家每個月用在支付「繳各種稅、勞健保、農漁保險、紅白包禮金、捐款」的費用是多,J6,請問您全家每個月用在支付「繳各種稅、勞健保、農漁保險、買彩券、紅白包禮金、捐款」的費,9,"15,000-19,999 元",15000,19999,11,"15,000-19,999 元",15000,19999,option,exact_range,source_question,91 無可直接對照之分項。
expenditure,EXP_TAX_INS_GIFT,稅保險紅白包捐款等支出,99,99,J6,請問您全家每個月用在支付「繳各種稅、勞健保、農漁保險、紅白包禮金、捐款」的費用是多,J6,請問您全家每個月用在支付「繳各種稅、勞健保、農漁保險、買彩券、紅白包禮金、捐款」的費,10,"20,000-29,999 元",20000,29999,12,"20,000-29,999 元",20000,29999,option,exact_range,source_question,91 無可直接對照之分項。
expenditure,EXP_TAX_INS_GIFT,稅保險紅白包捐款等支出,99,99,J6,請問您全家每個月用在支付「繳各種稅、勞健保、農漁保險、紅白包禮金、捐款」的費用是多,J6,請問您全家每個月用在支付「繳各種稅、勞健保、農漁保險、買彩券、紅白包禮金、捐款」的費,11,"30,000 元及以上，請記錄 元",30000,,13,"30,000 元及以上，請記錄________元",30000,,option,exact_open_upper,source_question,91 無可直接對照之分項。
expenditure,EXP_TAX_INS_GIFT,稅保險紅白包捐款等支出,99,99,J6,請問您全家每個月用在支付「繳各種稅、勞健保、農漁保險、紅白包禮金、捐款」的費用是多,J6,請問您全家每個月用在支付「繳各種稅、勞健保、農漁保險、買彩券、紅白包禮金、捐款」的費,12,沒有這項支出,0,0,14,沒有這項支出,0,0,option,exact_none,source_question,91 無可直接對照之分項。
expenditure,EXP_TAX_INS_GIFT,稅保險紅白包捐款等支出,103,103,J6,請問您全家每個月用在支付「繳各種稅、勞健保、農漁保險、買彩券、紅白包禮金、捐款」的費,J6,請問您全家每個月用在支付「繳各種稅、勞健保、農漁保險、買彩券、紅白包禮金、捐款」的費,1,999 元及以下,0,999,1,999 元及以下,0,999,option,exact_range,source_question,91 無可直接對照之分項。
expenditure,EXP_TAX_INS_GIFT,稅保險紅白包捐款等支出,103,103,J6,請問您全家每個月用在支付「繳各種稅、勞健保、農漁保險、買彩券、紅白包禮金、捐款」的費,J6,請問您全家每個月用在支付「繳各種稅、勞健保、農漁保險、買彩券、紅白包禮金、捐款」的費,2,"1,000-1,499 元",1000,1499,2,"1,000-1,499 元",1000,1499,option,exact_range,source_question,91 無可直接對照之分項。
expenditure,EXP_TAX_INS_GIFT,稅保險紅白包捐款等支出,103,103,J6,請問您全家每個月用在支付「繳各種稅、勞健保、農漁保險、買彩券、紅白包禮金、捐款」的費,J6,請問您全家每個月用在支付「繳各種稅、勞健保、農漁保險、買彩券、紅白包禮金、捐款」的費,3,"1,500-1,999 元",1500,1999,3,"1,500-1,999 元",1500,1999,option,exact_range,source_question,91 無可直接對照之分項。
expenditure,EXP_TAX_INS_GIFT,稅保險紅白包捐款等支出,103,103,J6,請問您全家每個月用在支付「繳各種稅、勞健保、農漁保險、買彩券、紅白包禮金、捐款」的費,J6,請問您全家每個月用在支付「繳各種稅、勞健保、農漁保險、買彩券、紅白包禮金、捐款」的費,4,"2,000-2,499 元",2000,2499,4,"2,000-2,499 元",2000,2499,option,exact_range,source_question,91 無可直接對照之分項。
expenditure,EXP_TAX_INS_GIFT,稅保險紅白包捐款等支出,103,103,J6,請問您全家每個月用在支付「繳各種稅、勞健保、農漁保險、買彩券、紅白包禮金、捐款」的費,J6,請問您全家每個月用在支付「繳各種稅、勞健保、農漁保險、買彩券、紅白包禮金、捐款」的費,5,"2,500-2,999 元",2500,2999,5,"2,500-2,999 元",2500,2999,option,exact_range,source_question,91 無可直接對照之分項。
expenditure,EXP_TAX_INS_GIFT,稅保險紅白包捐款等支出,103,103,J6,請問您全家每個月用在支付「繳各種稅、勞健保、農漁保險、買彩券、紅白包禮金、捐款」的費,J6,請問您全家每個月用在支付「繳各種稅、勞健保、農漁保險、買彩券、紅白包禮金、捐款」的費,6,"3,000-3,999 元",3000,3999,6,"3,000-3,999 元",3000,3999,option,exact_range,source_question,91 無可直接對照之分項。
expenditure,EXP_TAX_INS_GIFT,稅保險紅白包捐款等支出,103,103,J6,請問您全家每個月用在支付「繳各種稅、勞健保、農漁保險、買彩券、紅白包禮金、捐款」的費,J6,請問您全家每個月用在支付「繳各種稅、勞健保、農漁保險、買彩券、紅白包禮金、捐款」的費,7,"4,000-4,999 元",4000,4999,7,"4,000-4,999 元",4000,4999,option,exact_range,source_question,91 無可直接對照之分項。
expenditure,EXP_TAX_INS_GIFT,稅保險紅白包捐款等支出,103,103,J6,請問您全家每個月用在支付「繳各種稅、勞健保、農漁保險、買彩券、紅白包禮金、捐款」的費,J6,請問您全家每個月用在支付「繳各種稅、勞健保、農漁保險、買彩券、紅白包禮金、捐款」的費,8,"5,000-6,999 元",5000,6999,8,"5,000-6,999 元",5000,6999,option,exact_range,source_question,91 無可直接對照之分項。
expenditure,EXP_TAX_INS_GIFT,稅保險紅白包捐款等支出,103,103,J6,請問您全家每個月用在支付「繳各種稅、勞健保、農漁保險、買彩券、紅白包禮金、捐款」的費,J6,請問您全家每個月用在支付「繳各種稅、勞健保、農漁保險、買彩券、紅白包禮金、捐款」的費,9,"7,000-9,999 元",7000,9999,9,"7,000-9,999 元",7000,9999,option,exact_range,source_question,91 無可直接對照之分項。
expenditure,EXP_TAX_INS_GIFT,稅保險紅白包捐款等支出,103,103,J6,請問您全家每個月用在支付「繳各種稅、勞健保、農漁保險、買彩券、紅白包禮金、捐款」的費,J6,請問您全家每個月用在支付「繳各種稅、勞健保、農漁保險、買彩券、紅白包禮金、捐款」的費,10,"10,000-14,999 元",10000,14999,10,"10,000-14,999 元",10000,14999,option,exact_range,source_question,91 無可直接對照之分項。
expenditure,EXP_TAX_INS_GIFT,稅保險紅白包捐款等支出,103,103,J6,請問您全家每個月用在支付「繳各種稅、勞健保、農漁保險、買彩券、紅白包禮金、捐款」的費,J6,請問您全家每個月用在支付「繳各種稅、勞健保、農漁保險、買彩券、紅白包禮金、捐款」的費,11,"15,000-19,999 元",15000,19999,11,"15,000-19,999 元",15000,19999,option,exact_range,source_question,91 無可直接對照之分項。
expenditure,EXP_TAX_INS_GIFT,稅保險紅白包捐款等支出,103,103,J6,請問您全家每個月用在支付「繳各種稅、勞健保、農漁保險、買彩券、紅白包禮金、捐款」的費,J6,請問您全家每個月用在支付「繳各種稅、勞健保、農漁保險、買彩券、紅白包禮金、捐款」的費,12,"20,000-29,999 元",20000,29999,12,"20,000-29,999 元",20000,29999,option,exact_range,source_question,91 無可直接對照之分項。
expenditure,EXP_TAX_INS_GIFT,稅保險紅白包捐款等支出,103,103,J6,請問您全家每個月用在支付「繳各種稅、勞健保、農漁保險、買彩券、紅白包禮金、捐款」的費,J6,請問您全家每個月用在支付「繳各種稅、勞健保、農漁保險、買彩券、紅白包禮金、捐款」的費,13,"30,000 元及以上，請記錄________元",30000,,13,"30,000 元及以上，請記錄________元",30000,,option,exact_open_upper,source_question,91 無可直接對照之分項。
expenditure,EXP_TAX_INS_GIFT,稅保險紅白包捐款等支出,103,103,J6,請問您全家每個月用在支付「繳各種稅、勞健保、農漁保險、買彩券、紅白包禮金、捐款」的費,J6,請問您全家每個月用在支付「繳各種稅、勞健保、農漁保險、買彩券、紅白包禮金、捐款」的費,14,沒有這項支出,0,0,14,沒有這項支出,0,0,option,exact_none,source_question,91 無可直接對照之分項。
expenditure,EXP_TAX_INS_GIFT,稅保險紅白包捐款等支出,106,106,M6,請問您全家每個月用在支付「繳各種稅、勞健保、農漁保險、買彩券、紅白包禮金、捐款」的,J6,請問您全家每個月用在支付「繳各種稅、勞健保、農漁保險、買彩券、紅白包禮金、捐款」的費,1,"未滿1,000元",0,999,1,999 元及以下,0,999,option,exact_range,source_question,91 無可直接對照之分項。
expenditure,EXP_TAX_INS_GIFT,稅保險紅白包捐款等支出,106,106,M6,請問您全家每個月用在支付「繳各種稅、勞健保、農漁保險、買彩券、紅白包禮金、捐款」的,J6,請問您全家每個月用在支付「繳各種稅、勞健保、農漁保險、買彩券、紅白包禮金、捐款」的費,2,"1,000 元-未滿1,500元",1000,1499,2,"1,000-1,499 元",1000,1499,option,exact_range,source_question,91 無可直接對照之分項。
expenditure,EXP_TAX_INS_GIFT,稅保險紅白包捐款等支出,106,106,M6,請問您全家每個月用在支付「繳各種稅、勞健保、農漁保險、買彩券、紅白包禮金、捐款」的,J6,請問您全家每個月用在支付「繳各種稅、勞健保、農漁保險、買彩券、紅白包禮金、捐款」的費,3,"1,500 元-未滿2,000元",1500,1999,3,"1,500-1,999 元",1500,1999,option,exact_range,source_question,91 無可直接對照之分項。
expenditure,EXP_TAX_INS_GIFT,稅保險紅白包捐款等支出,106,106,M6,請問您全家每個月用在支付「繳各種稅、勞健保、農漁保險、買彩券、紅白包禮金、捐款」的,J6,請問您全家每個月用在支付「繳各種稅、勞健保、農漁保險、買彩券、紅白包禮金、捐款」的費,4,"2,000 元-未滿2,500元",2000,2499,4,"2,000-2,499 元",2000,2499,option,exact_range,source_question,91 無可直接對照之分項。
expenditure,EXP_TAX_INS_GIFT,稅保險紅白包捐款等支出,106,106,M6,請問您全家每個月用在支付「繳各種稅、勞健保、農漁保險、買彩券、紅白包禮金、捐款」的,J6,請問您全家每個月用在支付「繳各種稅、勞健保、農漁保險、買彩券、紅白包禮金、捐款」的費,5,"2,500 元-未滿3,000元",2500,2999,5,"2,500-2,999 元",2500,2999,option,exact_range,source_question,91 無可直接對照之分項。
expenditure,EXP_TAX_INS_GIFT,稅保險紅白包捐款等支出,106,106,M6,請問您全家每個月用在支付「繳各種稅、勞健保、農漁保險、買彩券、紅白包禮金、捐款」的,J6,請問您全家每個月用在支付「繳各種稅、勞健保、農漁保險、買彩券、紅白包禮金、捐款」的費,6,"3,000 元-未滿4,000元",3000,3999,6,"3,000-3,999 元",3000,3999,option,exact_range,source_question,91 無可直接對照之分項。
expenditure,EXP_TAX_INS_GIFT,稅保險紅白包捐款等支出,106,106,M6,請問您全家每個月用在支付「繳各種稅、勞健保、農漁保險、買彩券、紅白包禮金、捐款」的,J6,請問您全家每個月用在支付「繳各種稅、勞健保、農漁保險、買彩券、紅白包禮金、捐款」的費,7,"4,000 元-未滿5,000元",4000,4999,7,"4,000-4,999 元",4000,4999,option,exact_range,source_question,91 無可直接對照之分項。
expenditure,EXP_TAX_INS_GIFT,稅保險紅白包捐款等支出,106,106,M6,請問您全家每個月用在支付「繳各種稅、勞健保、農漁保險、買彩券、紅白包禮金、捐款」的,J6,請問您全家每個月用在支付「繳各種稅、勞健保、農漁保險、買彩券、紅白包禮金、捐款」的費,8,"5,000 元-未滿7,000元",5000,6999,8,"5,000-6,999 元",5000,6999,option,exact_range,source_question,91 無可直接對照之分項。
expenditure,EXP_TAX_INS_GIFT,稅保險紅白包捐款等支出,106,106,M6,請問您全家每個月用在支付「繳各種稅、勞健保、農漁保險、買彩券、紅白包禮金、捐款」的,J6,請問您全家每個月用在支付「繳各種稅、勞健保、農漁保險、買彩券、紅白包禮金、捐款」的費,9,"7,000 元-未滿10,000元",7000,9999,9,"7,000-9,999 元",7000,9999,option,exact_range,source_question,91 無可直接對照之分項。
expenditure,EXP_TAX_INS_GIFT,稅保險紅白包捐款等支出,106,106,M6,請問您全家每個月用在支付「繳各種稅、勞健保、農漁保險、買彩券、紅白包禮金、捐款」的,J6,請問您全家每個月用在支付「繳各種稅、勞健保、農漁保險、買彩券、紅白包禮金、捐款」的費,10,"10,000元-未滿15,000元",10000,14999,10,"10,000-14,999 元",10000,14999,option,exact_range,source_question,91 無可直接對照之分項。
expenditure,EXP_TAX_INS_GIFT,稅保險紅白包捐款等支出,106,106,M6,請問您全家每個月用在支付「繳各種稅、勞健保、農漁保險、買彩券、紅白包禮金、捐款」的,J6,請問您全家每個月用在支付「繳各種稅、勞健保、農漁保險、買彩券、紅白包禮金、捐款」的費,11,"15,000元-未滿20,000元",15000,19999,11,"15,000-19,999 元",15000,19999,option,exact_range,source_question,91 無可直接對照之分項。
expenditure,EXP_TAX_INS_GIFT,稅保險紅白包捐款等支出,106,106,M6,請問您全家每個月用在支付「繳各種稅、勞健保、農漁保險、買彩券、紅白包禮金、捐款」的,J6,請問您全家每個月用在支付「繳各種稅、勞健保、農漁保險、買彩券、紅白包禮金、捐款」的費,12,"20,000元-未滿30,000元",20000,29999,12,"20,000-29,999 元",20000,29999,option,exact_range,source_question,91 無可直接對照之分項。
expenditure,EXP_TAX_INS_GIFT,稅保險紅白包捐款等支出,106,106,M6,請問您全家每個月用在支付「繳各種稅、勞健保、農漁保險、買彩券、紅白包禮金、捐款」的,J6,請問您全家每個月用在支付「繳各種稅、勞健保、農漁保險、買彩券、紅白包禮金、捐款」的費,13,"30,000 元以上，請記錄________元",30000,,13,"30,000 元及以上，請記錄________元",30000,,option,exact_open_upper,source_question,91 無可直接對照之分項。
expenditure,EXP_TAX_INS_GIFT,稅保險紅白包捐款等支出,106,106,M6,請問您全家每個月用在支付「繳各種稅、勞健保、農漁保險、買彩券、紅白包禮金、捐款」的,J6,請問您全家每個月用在支付「繳各種稅、勞健保、農漁保險、買彩券、紅白包禮金、捐款」的費,14,沒有這項支出,0,0,14,沒有這項支出,0,0,option,exact_none,source_question,91 無可直接對照之分項。
expenditure,EXP_TAX_INS_GIFT,稅保險紅白包捐款等支出,110,110,H6,請問您全家每個月用在支付「繳各種稅、勞健保、農漁保險、買彩券、紅白包禮金、捐款」的費,J6,請問您全家每個月用在支付「繳各種稅、勞健保、農漁保險、買彩券、紅白包禮金、捐款」的費,1,"未滿1,000元",0,999,1,999 元及以下,0,999,option,exact_range,source_question,91 無可直接對照之分項。
expenditure,EXP_TAX_INS_GIFT,稅保險紅白包捐款等支出,110,110,H6,請問您全家每個月用在支付「繳各種稅、勞健保、農漁保險、買彩券、紅白包禮金、捐款」的費,J6,請問您全家每個月用在支付「繳各種稅、勞健保、農漁保險、買彩券、紅白包禮金、捐款」的費,2,"1,000 元-未滿1,500元",1000,1499,2,"1,000-1,499 元",1000,1499,option,exact_range,source_question,91 無可直接對照之分項。
expenditure,EXP_TAX_INS_GIFT,稅保險紅白包捐款等支出,110,110,H6,請問您全家每個月用在支付「繳各種稅、勞健保、農漁保險、買彩券、紅白包禮金、捐款」的費,J6,請問您全家每個月用在支付「繳各種稅、勞健保、農漁保險、買彩券、紅白包禮金、捐款」的費,3,"1,500 元-未滿2,000元",1500,1999,3,"1,500-1,999 元",1500,1999,option,exact_range,source_question,91 無可直接對照之分項。
expenditure,EXP_TAX_INS_GIFT,稅保險紅白包捐款等支出,110,110,H6,請問您全家每個月用在支付「繳各種稅、勞健保、農漁保險、買彩券、紅白包禮金、捐款」的費,J6,請問您全家每個月用在支付「繳各種稅、勞健保、農漁保險、買彩券、紅白包禮金、捐款」的費,4,"2,000 元-未滿2,500元",2000,2499,4,"2,000-2,499 元",2000,2499,option,exact_range,source_question,91 無可直接對照之分項。
expenditure,EXP_TAX_INS_GIFT,稅保險紅白包捐款等支出,110,110,H6,請問您全家每個月用在支付「繳各種稅、勞健保、農漁保險、買彩券、紅白包禮金、捐款」的費,J6,請問您全家每個月用在支付「繳各種稅、勞健保、農漁保險、買彩券、紅白包禮金、捐款」的費,5,"2,500 元-未滿3,000元",2500,2999,5,"2,500-2,999 元",2500,2999,option,exact_range,source_question,91 無可直接對照之分項。
expenditure,EXP_TAX_INS_GIFT,稅保險紅白包捐款等支出,110,110,H6,請問您全家每個月用在支付「繳各種稅、勞健保、農漁保險、買彩券、紅白包禮金、捐款」的費,J6,請問您全家每個月用在支付「繳各種稅、勞健保、農漁保險、買彩券、紅白包禮金、捐款」的費,6,"3,000 元-未滿4,000元",3000,3999,6,"3,000-3,999 元",3000,3999,option,exact_range,source_question,91 無可直接對照之分項。
expenditure,EXP_TAX_INS_GIFT,稅保險紅白包捐款等支出,110,110,H6,請問您全家每個月用在支付「繳各種稅、勞健保、農漁保險、買彩券、紅白包禮金、捐款」的費,J6,請問您全家每個月用在支付「繳各種稅、勞健保、農漁保險、買彩券、紅白包禮金、捐款」的費,7,"4,000 元-未滿5,000元",4000,4999,7,"4,000-4,999 元",4000,4999,option,exact_range,source_question,91 無可直接對照之分項。
expenditure,EXP_TAX_INS_GIFT,稅保險紅白包捐款等支出,110,110,H6,請問您全家每個月用在支付「繳各種稅、勞健保、農漁保險、買彩券、紅白包禮金、捐款」的費,J6,請問您全家每個月用在支付「繳各種稅、勞健保、農漁保險、買彩券、紅白包禮金、捐款」的費,8,"5,000 元-未滿7,000元",5000,6999,8,"5,000-6,999 元",5000,6999,option,exact_range,source_question,91 無可直接對照之分項。
expenditure,EXP_TAX_INS_GIFT,稅保險紅白包捐款等支出,110,110,H6,請問您全家每個月用在支付「繳各種稅、勞健保、農漁保險、買彩券、紅白包禮金、捐款」的費,J6,請問您全家每個月用在支付「繳各種稅、勞健保、農漁保險、買彩券、紅白包禮金、捐款」的費,9,"7,000 元-未滿10,000元",7000,9999,9,"7,000-9,999 元",7000,9999,option,exact_range,source_question,91 無可直接對照之分項。
expenditure,EXP_TAX_INS_GIFT,稅保險紅白包捐款等支出,110,110,H6,請問您全家每個月用在支付「繳各種稅、勞健保、農漁保險、買彩券、紅白包禮金、捐款」的費,J6,請問您全家每個月用在支付「繳各種稅、勞健保、農漁保險、買彩券、紅白包禮金、捐款」的費,10,"10,000元-未滿15,000元",10000,14999,10,"10,000-14,999 元",10000,14999,option,exact_range,source_question,91 無可直接對照之分項。
expenditure,EXP_TAX_INS_GIFT,稅保險紅白包捐款等支出,110,110,H6,請問您全家每個月用在支付「繳各種稅、勞健保、農漁保險、買彩券、紅白包禮金、捐款」的費,J6,請問您全家每個月用在支付「繳各種稅、勞健保、農漁保險、買彩券、紅白包禮金、捐款」的費,11,"15,000元-未滿20,000元",15000,19999,11,"15,000-19,999 元",15000,19999,option,exact_range,source_question,91 無可直接對照之分項。
expenditure,EXP_TAX_INS_GIFT,稅保險紅白包捐款等支出,110,110,H6,請問您全家每個月用在支付「繳各種稅、勞健保、農漁保險、買彩券、紅白包禮金、捐款」的費,J6,請問您全家每個月用在支付「繳各種稅、勞健保、農漁保險、買彩券、紅白包禮金、捐款」的費,12,"20,000元-未滿30,000元",20000,29999,12,"20,000-29,999 元",20000,29999,option,exact_range,source_question,91 無可直接對照之分項。
expenditure,EXP_TAX_INS_GIFT,稅保險紅白包捐款等支出,110,110,H6,請問您全家每個月用在支付「繳各種稅、勞健保、農漁保險、買彩券、紅白包禮金、捐款」的費,J6,請問您全家每個月用在支付「繳各種稅、勞健保、農漁保險、買彩券、紅白包禮金、捐款」的費,13,"30,000 元以上，請記錄________元",30000,,13,"30,000 元及以上，請記錄________元",30000,,option,exact_open_upper,source_question,91 無可直接對照之分項。
expenditure,EXP_TAX_INS_GIFT,稅保險紅白包捐款等支出,110,110,H6,請問您全家每個月用在支付「繳各種稅、勞健保、農漁保險、買彩券、紅白包禮金、捐款」的費,J6,請問您全家每個月用在支付「繳各種稅、勞健保、農漁保險、買彩券、紅白包禮金、捐款」的費,14,沒有這項支出,0,0,14,沒有這項支出,0,0,option,exact_none,source_question,91 無可直接對照之分項。
expenditure,EXP_CLEANING,家務清潔/請傭人支出,91,91_1,,,J7-1,打掃家庭/洗衣洗碗/請佣人 □(1)有 □(2)沒有           ○11,,,,,,,,,option,not_available_in_source_dataset,source_question,95 起穩定出現。
expenditure,EXP_CLEANING,家務清潔/請傭人支出,91,91_2,,,J7-1,打掃家庭/洗衣洗碗/請佣人 □(1)有 □(2)沒有           ○11,,,,,,,,,option,not_available_in_source_dataset,source_question,95 起穩定出現。
expenditure,EXP_CLEANING,家務清潔/請傭人支出,95,95,Q12-7,請問您全家每個月用在支付「打掃家庭、洗衣洗碗、請傭人等」的費用是,J7-1,打掃家庭/洗衣洗碗/請佣人 □(1)有 □(2)沒有           ○11,1,999元及以下,0,999,1,999 元及以下,0,999,option,exact_range,source_question,95 起穩定出現。
expenditure,EXP_CLEANING,家務清潔/請傭人支出,95,95,Q12-7,請問您全家每個月用在支付「打掃家庭、洗衣洗碗、請傭人等」的費用是,J7-1,打掃家庭/洗衣洗碗/請佣人 □(1)有 □(2)沒有           ○11,2,"1,000-1,999元",1000,1999,2,"1,000-1,999 元",1000,1999,option,exact_range,source_question,95 起穩定出現。
expenditure,EXP_CLEANING,家務清潔/請傭人支出,95,95,Q12-7,請問您全家每個月用在支付「打掃家庭、洗衣洗碗、請傭人等」的費用是,J7-1,打掃家庭/洗衣洗碗/請佣人 □(1)有 □(2)沒有           ○11,3,"2,000-2,999 元",2000,2999,3,"2,000-2,999 元",2000,2999,option,exact_range,source_question,95 起穩定出現。
expenditure,EXP_CLEANING,家務清潔/請傭人支出,95,95,Q12-7,請問您全家每個月用在支付「打掃家庭、洗衣洗碗、請傭人等」的費用是,J7-1,打掃家庭/洗衣洗碗/請佣人 □(1)有 □(2)沒有           ○11,4,"3,000-3,999元",3000,3999,4,"3,000-3,999 元",3000,3999,option,exact_range,source_question,95 起穩定出現。
expenditure,EXP_CLEANING,家務清潔/請傭人支出,95,95,Q12-7,請問您全家每個月用在支付「打掃家庭、洗衣洗碗、請傭人等」的費用是,J7-1,打掃家庭/洗衣洗碗/請佣人 □(1)有 □(2)沒有           ○11,5,"4,000-4,999 元",4000,4999,5,"4,000-4,999 元",4000,4999,option,exact_range,source_question,95 起穩定出現。
expenditure,EXP_CLEANING,家務清潔/請傭人支出,95,95,Q12-7,請問您全家每個月用在支付「打掃家庭、洗衣洗碗、請傭人等」的費用是,J7-1,打掃家庭/洗衣洗碗/請佣人 □(1)有 □(2)沒有           ○11,6,"5,000-6,999元",5000,6999,6,"5,000-6,999 元",5000,6999,option,exact_range,source_question,95 起穩定出現。
expenditure,EXP_CLEANING,家務清潔/請傭人支出,95,95,Q12-7,請問您全家每個月用在支付「打掃家庭、洗衣洗碗、請傭人等」的費用是,J7-1,打掃家庭/洗衣洗碗/請佣人 □(1)有 □(2)沒有           ○11,7,"7,000-9,999 元",7000,9999,7,"7,000-9,999 元",7000,9999,option,exact_range,source_question,95 起穩定出現。
expenditure,EXP_CLEANING,家務清潔/請傭人支出,95,95,Q12-7,請問您全家每個月用在支付「打掃家庭、洗衣洗碗、請傭人等」的費用是,J7-1,打掃家庭/洗衣洗碗/請佣人 □(1)有 □(2)沒有           ○11,8,"10,000-14,999元",10000,14999,8,"10,000-14,999 元",10000,14999,option,exact_range,source_question,95 起穩定出現。
expenditure,EXP_CLEANING,家務清潔/請傭人支出,95,95,Q12-7,請問您全家每個月用在支付「打掃家庭、洗衣洗碗、請傭人等」的費用是,J7-1,打掃家庭/洗衣洗碗/請佣人 □(1)有 □(2)沒有           ○11,9,"15,000-19,999 元",15000,19999,9,"15,000-19,999 元",15000,19999,option,exact_range,source_question,95 起穩定出現。
expenditure,EXP_CLEANING,家務清潔/請傭人支出,95,95,Q12-7,請問您全家每個月用在支付「打掃家庭、洗衣洗碗、請傭人等」的費用是,J7-1,打掃家庭/洗衣洗碗/請佣人 □(1)有 □(2)沒有           ○11,10,"20,000-29,999元",20000,29999,10,"20,000-29,999 元",20000,29999,option,exact_range,source_question,95 起穩定出現。
expenditure,EXP_CLEANING,家務清潔/請傭人支出,95,95,Q12-7,請問您全家每個月用在支付「打掃家庭、洗衣洗碗、請傭人等」的費用是,J7-1,打掃家庭/洗衣洗碗/請佣人 □(1)有 □(2)沒有           ○11,90,"30,000元及以上，請記錄 元",30000,,11,"30,000 元及以上，請記錄________元",30000,,option,exact_open_upper,source_question,95 起穩定出現。
expenditure,EXP_CLEANING,家務清潔/請傭人支出,95,95,Q12-7,請問您全家每個月用在支付「打掃家庭、洗衣洗碗、請傭人等」的費用是,J7-1,打掃家庭/洗衣洗碗/請佣人 □(1)有 □(2)沒有           ○11,95,沒有這項支出,0,0,,,,,option,no_matching_103_option_bin,source_question,95 起穩定出現。
expenditure,EXP_CLEANING,家務清潔/請傭人支出,99,99,J7-1,打掃家庭/洗衣洗碗/請傭人 1 沒有 2 有 1 2 3 4 5 6 7 8 9 ) !,J7-1,打掃家庭/洗衣洗碗/請佣人 □(1)有 □(2)沒有           ○11,1,999 元及以下,0,999,1,999 元及以下,0,999,option,exact_range,source_question,95 起穩定出現。
expenditure,EXP_CLEANING,家務清潔/請傭人支出,99,99,J7-1,打掃家庭/洗衣洗碗/請傭人 1 沒有 2 有 1 2 3 4 5 6 7 8 9 ) !,J7-1,打掃家庭/洗衣洗碗/請佣人 □(1)有 □(2)沒有           ○11,2,"1,000-1,999 元",1000,1999,2,"1,000-1,999 元",1000,1999,option,exact_range,source_question,95 起穩定出現。
expenditure,EXP_CLEANING,家務清潔/請傭人支出,99,99,J7-1,打掃家庭/洗衣洗碗/請傭人 1 沒有 2 有 1 2 3 4 5 6 7 8 9 ) !,J7-1,打掃家庭/洗衣洗碗/請佣人 □(1)有 □(2)沒有           ○11,3,"2,000-2,999 元",2000,2999,3,"2,000-2,999 元",2000,2999,option,exact_range,source_question,95 起穩定出現。
expenditure,EXP_CLEANING,家務清潔/請傭人支出,99,99,J7-1,打掃家庭/洗衣洗碗/請傭人 1 沒有 2 有 1 2 3 4 5 6 7 8 9 ) !,J7-1,打掃家庭/洗衣洗碗/請佣人 □(1)有 □(2)沒有           ○11,4,"3,000-3,999 元",3000,3999,4,"3,000-3,999 元",3000,3999,option,exact_range,source_question,95 起穩定出現。
expenditure,EXP_CLEANING,家務清潔/請傭人支出,99,99,J7-1,打掃家庭/洗衣洗碗/請傭人 1 沒有 2 有 1 2 3 4 5 6 7 8 9 ) !,J7-1,打掃家庭/洗衣洗碗/請佣人 □(1)有 □(2)沒有           ○11,5,"4,000-4,999 元",4000,4999,5,"4,000-4,999 元",4000,4999,option,exact_range,source_question,95 起穩定出現。
expenditure,EXP_CLEANING,家務清潔/請傭人支出,99,99,J7-1,打掃家庭/洗衣洗碗/請傭人 1 沒有 2 有 1 2 3 4 5 6 7 8 9 ) !,J7-1,打掃家庭/洗衣洗碗/請佣人 □(1)有 □(2)沒有           ○11,6,"5,000-6,999 元",5000,6999,6,"5,000-6,999 元",5000,6999,option,exact_range,source_question,95 起穩定出現。
expenditure,EXP_CLEANING,家務清潔/請傭人支出,99,99,J7-1,打掃家庭/洗衣洗碗/請傭人 1 沒有 2 有 1 2 3 4 5 6 7 8 9 ) !,J7-1,打掃家庭/洗衣洗碗/請佣人 □(1)有 □(2)沒有           ○11,7,"7,000-9,999 元",7000,9999,7,"7,000-9,999 元",7000,9999,option,exact_range,source_question,95 起穩定出現。
expenditure,EXP_CLEANING,家務清潔/請傭人支出,99,99,J7-1,打掃家庭/洗衣洗碗/請傭人 1 沒有 2 有 1 2 3 4 5 6 7 8 9 ) !,J7-1,打掃家庭/洗衣洗碗/請佣人 □(1)有 □(2)沒有           ○11,8,"10,000-14,999 元",10000,14999,8,"10,000-14,999 元",10000,14999,option,exact_range,source_question,95 起穩定出現。
expenditure,EXP_CLEANING,家務清潔/請傭人支出,99,99,J7-1,打掃家庭/洗衣洗碗/請傭人 1 沒有 2 有 1 2 3 4 5 6 7 8 9 ) !,J7-1,打掃家庭/洗衣洗碗/請佣人 □(1)有 □(2)沒有           ○11,9,"15,000-19,999 元",15000,19999,9,"15,000-19,999 元",15000,19999,option,exact_range,source_question,95 起穩定出現。
expenditure,EXP_CLEANING,家務清潔/請傭人支出,99,99,J7-1,打掃家庭/洗衣洗碗/請傭人 1 沒有 2 有 1 2 3 4 5 6 7 8 9 ) !,J7-1,打掃家庭/洗衣洗碗/請佣人 □(1)有 □(2)沒有           ○11,10,"20,000-29,999 元",20000,29999,10,"20,000-29,999 元",20000,29999,option,exact_range,source_question,95 起穩定出現。
expenditure,EXP_CLEANING,家務清潔/請傭人支出,99,99,J7-1,打掃家庭/洗衣洗碗/請傭人 1 沒有 2 有 1 2 3 4 5 6 7 8 9 ) !,J7-1,打掃家庭/洗衣洗碗/請佣人 □(1)有 □(2)沒有           ○11,11,"30,000 元及以上，請記錄________元",30000,,11,"30,000 元及以上，請記錄________元",30000,,option,exact_open_upper,source_question,95 起穩定出現。
expenditure,EXP_CLEANING,家務清潔/請傭人支出,103,103,J7-1,打掃家庭/洗衣洗碗/請佣人 □(1)有 □(2)沒有           ○11,J7-1,打掃家庭/洗衣洗碗/請佣人 □(1)有 □(2)沒有           ○11,1,999 元及以下,0,999,1,999 元及以下,0,999,option,exact_range,source_question,95 起穩定出現。
expenditure,EXP_CLEANING,家務清潔/請傭人支出,103,103,J7-1,打掃家庭/洗衣洗碗/請佣人 □(1)有 □(2)沒有           ○11,J7-1,打掃家庭/洗衣洗碗/請佣人 □(1)有 □(2)沒有           ○11,2,"1,000-1,999 元",1000,1999,2,"1,000-1,999 元",1000,1999,option,exact_range,source_question,95 起穩定出現。
expenditure,EXP_CLEANING,家務清潔/請傭人支出,103,103,J7-1,打掃家庭/洗衣洗碗/請佣人 □(1)有 □(2)沒有           ○11,J7-1,打掃家庭/洗衣洗碗/請佣人 □(1)有 □(2)沒有           ○11,3,"2,000-2,999 元",2000,2999,3,"2,000-2,999 元",2000,2999,option,exact_range,source_question,95 起穩定出現。
expenditure,EXP_CLEANING,家務清潔/請傭人支出,103,103,J7-1,打掃家庭/洗衣洗碗/請佣人 □(1)有 □(2)沒有           ○11,J7-1,打掃家庭/洗衣洗碗/請佣人 □(1)有 □(2)沒有           ○11,4,"3,000-3,999 元",3000,3999,4,"3,000-3,999 元",3000,3999,option,exact_range,source_question,95 起穩定出現。
expenditure,EXP_CLEANING,家務清潔/請傭人支出,103,103,J7-1,打掃家庭/洗衣洗碗/請佣人 □(1)有 □(2)沒有           ○11,J7-1,打掃家庭/洗衣洗碗/請佣人 □(1)有 □(2)沒有           ○11,5,"4,000-4,999 元",4000,4999,5,"4,000-4,999 元",4000,4999,option,exact_range,source_question,95 起穩定出現。
expenditure,EXP_CLEANING,家務清潔/請傭人支出,103,103,J7-1,打掃家庭/洗衣洗碗/請佣人 □(1)有 □(2)沒有           ○11,J7-1,打掃家庭/洗衣洗碗/請佣人 □(1)有 □(2)沒有           ○11,6,"5,000-6,999 元",5000,6999,6,"5,000-6,999 元",5000,6999,option,exact_range,source_question,95 起穩定出現。
expenditure,EXP_CLEANING,家務清潔/請傭人支出,103,103,J7-1,打掃家庭/洗衣洗碗/請佣人 □(1)有 □(2)沒有           ○11,J7-1,打掃家庭/洗衣洗碗/請佣人 □(1)有 □(2)沒有           ○11,7,"7,000-9,999 元",7000,9999,7,"7,000-9,999 元",7000,9999,option,exact_range,source_question,95 起穩定出現。
expenditure,EXP_CLEANING,家務清潔/請傭人支出,103,103,J7-1,打掃家庭/洗衣洗碗/請佣人 □(1)有 □(2)沒有           ○11,J7-1,打掃家庭/洗衣洗碗/請佣人 □(1)有 □(2)沒有           ○11,8,"10,000-14,999 元",10000,14999,8,"10,000-14,999 元",10000,14999,option,exact_range,source_question,95 起穩定出現。
expenditure,EXP_CLEANING,家務清潔/請傭人支出,103,103,J7-1,打掃家庭/洗衣洗碗/請佣人 □(1)有 □(2)沒有           ○11,J7-1,打掃家庭/洗衣洗碗/請佣人 □(1)有 □(2)沒有           ○11,9,"15,000-19,999 元",15000,19999,9,"15,000-19,999 元",15000,19999,option,exact_range,source_question,95 起穩定出現。
expenditure,EXP_CLEANING,家務清潔/請傭人支出,103,103,J7-1,打掃家庭/洗衣洗碗/請佣人 □(1)有 □(2)沒有           ○11,J7-1,打掃家庭/洗衣洗碗/請佣人 □(1)有 □(2)沒有           ○11,10,"20,000-29,999 元",20000,29999,10,"20,000-29,999 元",20000,29999,option,exact_range,source_question,95 起穩定出現。
expenditure,EXP_CLEANING,家務清潔/請傭人支出,103,103,J7-1,打掃家庭/洗衣洗碗/請佣人 □(1)有 □(2)沒有           ○11,J7-1,打掃家庭/洗衣洗碗/請佣人 □(1)有 □(2)沒有           ○11,11,"30,000 元及以上，請記錄________元",30000,,11,"30,000 元及以上，請記錄________元",30000,,option,exact_open_upper,source_question,95 起穩定出現。
expenditure,EXP_CLEANING,家務清潔/請傭人支出,106,106,M7-1,請家庭佣人(打掃家庭/洗衣洗碗) □(1)有 □(2)沒有           ○11,J7-1,打掃家庭/洗衣洗碗/請佣人 □(1)有 □(2)沒有           ○11,1,999 元及以下,0,999,1,999 元及以下,0,999,option,exact_range,source_question,95 起穩定出現。
expenditure,EXP_CLEANING,家務清潔/請傭人支出,106,106,M7-1,請家庭佣人(打掃家庭/洗衣洗碗) □(1)有 □(2)沒有           ○11,J7-1,打掃家庭/洗衣洗碗/請佣人 □(1)有 □(2)沒有           ○11,2,"1,000-1,999 元",1000,1999,2,"1,000-1,999 元",1000,1999,option,exact_range,source_question,95 起穩定出現。
expenditure,EXP_CLEANING,家務清潔/請傭人支出,106,106,M7-1,請家庭佣人(打掃家庭/洗衣洗碗) □(1)有 □(2)沒有           ○11,J7-1,打掃家庭/洗衣洗碗/請佣人 □(1)有 □(2)沒有           ○11,3,"2,000-2,999 元",2000,2999,3,"2,000-2,999 元",2000,2999,option,exact_range,source_question,95 起穩定出現。
expenditure,EXP_CLEANING,家務清潔/請傭人支出,106,106,M7-1,請家庭佣人(打掃家庭/洗衣洗碗) □(1)有 □(2)沒有           ○11,J7-1,打掃家庭/洗衣洗碗/請佣人 □(1)有 □(2)沒有           ○11,4,"3,000-3,999 元",3000,3999,4,"3,000-3,999 元",3000,3999,option,exact_range,source_question,95 起穩定出現。
expenditure,EXP_CLEANING,家務清潔/請傭人支出,106,106,M7-1,請家庭佣人(打掃家庭/洗衣洗碗) □(1)有 □(2)沒有           ○11,J7-1,打掃家庭/洗衣洗碗/請佣人 □(1)有 □(2)沒有           ○11,5,"4,000-4,999 元",4000,4999,5,"4,000-4,999 元",4000,4999,option,exact_range,source_question,95 起穩定出現。
expenditure,EXP_CLEANING,家務清潔/請傭人支出,106,106,M7-1,請家庭佣人(打掃家庭/洗衣洗碗) □(1)有 □(2)沒有           ○11,J7-1,打掃家庭/洗衣洗碗/請佣人 □(1)有 □(2)沒有           ○11,6,"5,000-6,999 元",5000,6999,6,"5,000-6,999 元",5000,6999,option,exact_range,source_question,95 起穩定出現。
expenditure,EXP_CLEANING,家務清潔/請傭人支出,106,106,M7-1,請家庭佣人(打掃家庭/洗衣洗碗) □(1)有 □(2)沒有           ○11,J7-1,打掃家庭/洗衣洗碗/請佣人 □(1)有 □(2)沒有           ○11,7,"7,000-9,999 元",7000,9999,7,"7,000-9,999 元",7000,9999,option,exact_range,source_question,95 起穩定出現。
expenditure,EXP_CLEANING,家務清潔/請傭人支出,106,106,M7-1,請家庭佣人(打掃家庭/洗衣洗碗) □(1)有 □(2)沒有           ○11,J7-1,打掃家庭/洗衣洗碗/請佣人 □(1)有 □(2)沒有           ○11,8,"10,000-14,999 元",10000,14999,8,"10,000-14,999 元",10000,14999,option,exact_range,source_question,95 起穩定出現。
expenditure,EXP_CLEANING,家務清潔/請傭人支出,106,106,M7-1,請家庭佣人(打掃家庭/洗衣洗碗) □(1)有 □(2)沒有           ○11,J7-1,打掃家庭/洗衣洗碗/請佣人 □(1)有 □(2)沒有           ○11,9,"15,000-19,999 元",15000,19999,9,"15,000-19,999 元",15000,19999,option,exact_range,source_question,95 起穩定出現。
expenditure,EXP_CLEANING,家務清潔/請傭人支出,106,106,M7-1,請家庭佣人(打掃家庭/洗衣洗碗) □(1)有 □(2)沒有           ○11,J7-1,打掃家庭/洗衣洗碗/請佣人 □(1)有 □(2)沒有           ○11,10,"20,000-29,999 元",20000,29999,10,"20,000-29,999 元",20000,29999,option,exact_range,source_question,95 起穩定出現。
expenditure,EXP_CLEANING,家務清潔/請傭人支出,106,106,M7-1,請家庭佣人(打掃家庭/洗衣洗碗) □(1)有 □(2)沒有           ○11,J7-1,打掃家庭/洗衣洗碗/請佣人 □(1)有 □(2)沒有           ○11,11,"30,000 元及以上，請記錄________元",30000,,11,"30,000 元及以上，請記錄________元",30000,,option,exact_open_upper,source_question,95 起穩定出現。
expenditure,EXP_CLEANING,家務清潔/請傭人支出,110,110,H7-1,請家庭佣人(打掃家庭/洗衣洗碗) □(1)有 □(2)沒有           ○11,J7-1,打掃家庭/洗衣洗碗/請佣人 □(1)有 □(2)沒有           ○11,1,999 元及以下,0,999,1,999 元及以下,0,999,option,exact_range,source_question,95 起穩定出現。
expenditure,EXP_CLEANING,家務清潔/請傭人支出,110,110,H7-1,請家庭佣人(打掃家庭/洗衣洗碗) □(1)有 □(2)沒有           ○11,J7-1,打掃家庭/洗衣洗碗/請佣人 □(1)有 □(2)沒有           ○11,2,"1,000-1,999 元",1000,1999,2,"1,000-1,999 元",1000,1999,option,exact_range,source_question,95 起穩定出現。
expenditure,EXP_CLEANING,家務清潔/請傭人支出,110,110,H7-1,請家庭佣人(打掃家庭/洗衣洗碗) □(1)有 □(2)沒有           ○11,J7-1,打掃家庭/洗衣洗碗/請佣人 □(1)有 □(2)沒有           ○11,3,"2,000-2,999 元",2000,2999,3,"2,000-2,999 元",2000,2999,option,exact_range,source_question,95 起穩定出現。
expenditure,EXP_CLEANING,家務清潔/請傭人支出,110,110,H7-1,請家庭佣人(打掃家庭/洗衣洗碗) □(1)有 □(2)沒有           ○11,J7-1,打掃家庭/洗衣洗碗/請佣人 □(1)有 □(2)沒有           ○11,4,"3,000-3,999 元",3000,3999,4,"3,000-3,999 元",3000,3999,option,exact_range,source_question,95 起穩定出現。
expenditure,EXP_CLEANING,家務清潔/請傭人支出,110,110,H7-1,請家庭佣人(打掃家庭/洗衣洗碗) □(1)有 □(2)沒有           ○11,J7-1,打掃家庭/洗衣洗碗/請佣人 □(1)有 □(2)沒有           ○11,5,"4,000-4,999 元",4000,4999,5,"4,000-4,999 元",4000,4999,option,exact_range,source_question,95 起穩定出現。
expenditure,EXP_CLEANING,家務清潔/請傭人支出,110,110,H7-1,請家庭佣人(打掃家庭/洗衣洗碗) □(1)有 □(2)沒有           ○11,J7-1,打掃家庭/洗衣洗碗/請佣人 □(1)有 □(2)沒有           ○11,6,"5,000-6,999 元",5000,6999,6,"5,000-6,999 元",5000,6999,option,exact_range,source_question,95 起穩定出現。
expenditure,EXP_CLEANING,家務清潔/請傭人支出,110,110,H7-1,請家庭佣人(打掃家庭/洗衣洗碗) □(1)有 □(2)沒有           ○11,J7-1,打掃家庭/洗衣洗碗/請佣人 □(1)有 □(2)沒有           ○11,7,"7,000-9,999 元",7000,9999,7,"7,000-9,999 元",7000,9999,option,exact_range,source_question,95 起穩定出現。
expenditure,EXP_CLEANING,家務清潔/請傭人支出,110,110,H7-1,請家庭佣人(打掃家庭/洗衣洗碗) □(1)有 □(2)沒有           ○11,J7-1,打掃家庭/洗衣洗碗/請佣人 □(1)有 □(2)沒有           ○11,8,"10,000-14,999 元",10000,14999,8,"10,000-14,999 元",10000,14999,option,exact_range,source_question,95 起穩定出現。
expenditure,EXP_CLEANING,家務清潔/請傭人支出,110,110,H7-1,請家庭佣人(打掃家庭/洗衣洗碗) □(1)有 □(2)沒有           ○11,J7-1,打掃家庭/洗衣洗碗/請佣人 □(1)有 □(2)沒有           ○11,9,"15,000-19,999 元",15000,19999,9,"15,000-19,999 元",15000,19999,option,exact_range,source_question,95 起穩定出現。
expenditure,EXP_CLEANING,家務清潔/請傭人支出,110,110,H7-1,請家庭佣人(打掃家庭/洗衣洗碗) □(1)有 □(2)沒有           ○11,J7-1,打掃家庭/洗衣洗碗/請佣人 □(1)有 □(2)沒有           ○11,10,"20,000-29,999 元",20000,29999,10,"20,000-29,999 元",20000,29999,option,exact_range,source_question,95 起穩定出現。
expenditure,EXP_CLEANING,家務清潔/請傭人支出,110,110,H7-1,請家庭佣人(打掃家庭/洗衣洗碗) □(1)有 □(2)沒有           ○11,J7-1,打掃家庭/洗衣洗碗/請佣人 □(1)有 □(2)沒有           ○11,11,"30,000 元及以上，請記錄________元",30000,,11,"30,000 元及以上，請記錄________元",30000,,option,exact_open_upper,source_question,95 起穩定出現。
expenditure,EXP_EDU_BOOKS_COMBINED,教育、書報雜誌與文具合併支出,91,91_1,,,,,,,,,,,,,concept,not_available_in_source_dataset,source_question,91_2、95、99 問卷為不可分拆的教育與書報文具合併題；總支出僅納入一次。
expenditure,EXP_EDU_BOOKS_COMBINED,教育、書報雜誌與文具合併支出,91,91_2,23-5,請問每個月家庭平均支出中，教育書報雜誌文具花費多少?,,,,,,,,,,,concept,conceptual_match_requires_manual_recode,source_question,91_2、95、99 問卷為不可分拆的教育與書報文具合併題；總支出僅納入一次。
expenditure,EXP_EDU_BOOKS_COMBINED,教育、書報雜誌與文具合併支出,95,95,Q12-8,請問您全家每個月用在支付「各項學費、補習費、報紙雜誌書籍文具等」,,,,,,,,,,,concept,conceptual_match_requires_manual_recode,source_question,91_2、95、99 問卷為不可分拆的教育與書報文具合併題；總支出僅納入一次。
expenditure,EXP_EDU_BOOKS_COMBINED,教育、書報雜誌與文具合併支出,99,99,J7-2,各項學費/補習費/報紙雜誌書 1 沒有 2 有 1 2 3 4 5 6 7 8 9 ) !,,,,,,,,,,,concept,conceptual_match_requires_manual_recode,source_question,91_2、95、99 問卷為不可分拆的教育與書報文具合併題；總支出僅納入一次。
expenditure,EXP_EDU_BOOKS_COMBINED,教育、書報雜誌與文具合併支出,103,103,,,,,,,,,,,,,concept,not_available_in_source_dataset,source_question,91_2、95、99 問卷為不可分拆的教育與書報文具合併題；總支出僅納入一次。
expenditure,EXP_EDU_BOOKS_COMBINED,教育、書報雜誌與文具合併支出,106,106,,,,,,,,,,,,,concept,not_available_in_source_dataset,source_question,91_2、95、99 問卷為不可分拆的教育與書報文具合併題；總支出僅納入一次。
expenditure,EXP_EDU_BOOKS_COMBINED,教育、書報雜誌與文具合併支出,110,110,,,,,,,,,,,,,concept,not_available_in_source_dataset,source_question,91_2、95、99 問卷為不可分拆的教育與書報文具合併題；總支出僅納入一次。
expenditure,EXP_EDU_TUITION,學費補習家教支出,91,91_1,,,J7-2,各項學費/補習費/家教費 □(1)有 □(2)沒有           ○11,,,,,,,,,concept,not_available_in_source_dataset,source_question,103 起才可與書報雜誌文具分拆。
expenditure,EXP_EDU_TUITION,學費補習家教支出,91,91_2,,,J7-2,各項學費/補習費/家教費 □(1)有 □(2)沒有           ○11,,,,,,,,,concept,not_available_in_source_dataset,source_question,103 起才可與書報雜誌文具分拆。
expenditure,EXP_EDU_TUITION,學費補習家教支出,95,95,,,J7-2,各項學費/補習費/家教費 □(1)有 □(2)沒有           ○11,,,,,,,,,concept,not_available_in_source_dataset,source_question,103 起才可與書報雜誌文具分拆。
expenditure,EXP_EDU_TUITION,學費補習家教支出,99,99,,,J7-2,各項學費/補習費/家教費 □(1)有 □(2)沒有           ○11,,,,,,,,,concept,not_available_in_source_dataset,source_question,103 起才可與書報雜誌文具分拆。
expenditure,EXP_EDU_TUITION,學費補習家教支出,103,103,J7-2,各項學費/補習費/家教費 □(1)有 □(2)沒有           ○11,J7-2,各項學費/補習費/家教費 □(1)有 □(2)沒有           ○11,,,,,,,,,concept,conceptual_match_requires_manual_recode,source_question,103 起才可與書報雜誌文具分拆。
expenditure,EXP_EDU_TUITION,學費補習家教支出,106,106,M7-2,各項學費/補習費/家教費 □(1)有 □(2)沒有           ○11,J7-2,各項學費/補習費/家教費 □(1)有 □(2)沒有           ○11,,,,,,,,,concept,conceptual_match_requires_manual_recode,source_question,103 起才可與書報雜誌文具分拆。
expenditure,EXP_EDU_TUITION,學費補習家教支出,110,110,H7-2,各項學費/補習費/家教費 □(1)有 □(2)沒有           ○11,J7-2,各項學費/補習費/家教費 □(1)有 □(2)沒有           ○11,,,,,,,,,concept,conceptual_match_requires_manual_recode,source_question,103 起才可與書報雜誌文具分拆。
expenditure,EXP_BOOKS,書報雜誌文具支出,91,91_1,,,J7-3,報紙雜誌書籍文具 □(1)有 □(2)沒有           ○11,,,,,,,,,concept,not_available_in_source_dataset,source_question,103 起才可與學費補習家教分拆。
expenditure,EXP_BOOKS,書報雜誌文具支出,91,91_2,,,J7-3,報紙雜誌書籍文具 □(1)有 □(2)沒有           ○11,,,,,,,,,concept,not_available_in_source_dataset,source_question,103 起才可與學費補習家教分拆。
expenditure,EXP_BOOKS,書報雜誌文具支出,95,95,,,J7-3,報紙雜誌書籍文具 □(1)有 □(2)沒有           ○11,,,,,,,,,concept,not_available_in_source_dataset,source_question,103 起才可與學費補習家教分拆。
expenditure,EXP_BOOKS,書報雜誌文具支出,99,99,,,J7-3,報紙雜誌書籍文具 □(1)有 □(2)沒有           ○11,,,,,,,,,concept,not_available_in_source_dataset,source_question,103 起才可與學費補習家教分拆。
expenditure,EXP_BOOKS,書報雜誌文具支出,103,103,J7-3,報紙雜誌書籍文具 □(1)有 □(2)沒有           ○11,J7-3,報紙雜誌書籍文具 □(1)有 □(2)沒有           ○11,,,,,,,,,concept,conceptual_match_requires_manual_recode,source_question,103 起才可與學費補習家教分拆。
expenditure,EXP_BOOKS,書報雜誌文具支出,106,106,M7-3,報紙雜誌書籍文具 □(1)有 □(2)沒有           ○11,J7-3,報紙雜誌書籍文具 □(1)有 □(2)沒有           ○11,,,,,,,,,concept,conceptual_match_requires_manual_recode,source_question,103 起才可與學費補習家教分拆。
expenditure,EXP_BOOKS,書報雜誌文具支出,110,110,H7-3,報紙雜誌書籍文具 □(1)有 □(2)沒有           ○11,J7-3,報紙雜誌書籍文具 □(1)有 □(2)沒有           ○11,,,,,,,,,concept,conceptual_match_requires_manual_recode,source_question,103 起才可與學費補習家教分拆。
expenditure,EXP_TRAVEL,旅遊娛樂消遣支出,91,91_1,,,J7-4,國內外跟團旅遊/運動娛樂,,,,,,,,,concept,not_available_in_source_dataset,source_question,各年文字略有不同，但屬同概念。
expenditure,EXP_TRAVEL,旅遊娛樂消遣支出,91,91_2,23-6,請問每個月家庭平均支出中，旅遊娛樂消遣支出是多少?,J7-4,國內外跟團旅遊/運動娛樂,,,,,,,,,concept,conceptual_match_requires_manual_recode,source_question,各年文字略有不同，但屬同概念。
expenditure,EXP_TRAVEL,旅遊娛樂消遣支出,95,95,Q12-9,請問您全家每個月用在支付「國內外旅遊、運動娛樂消遣」的費用是多少？,J7-4,國內外跟團旅遊/運動娛樂,,,,,,,,,concept,conceptual_match_requires_manual_recode,source_question,各年文字略有不同，但屬同概念。
expenditure,EXP_TRAVEL,旅遊娛樂消遣支出,99,99,J7-3,國內外旅遊/運動娛樂消遣 1 沒有 2 有 1 2 3 4 5 6 7 8 9 ) !,J7-4,國內外跟團旅遊/運動娛樂,,,,,,,,,concept,conceptual_match_requires_manual_recode,source_question,各年文字略有不同，但屬同概念。
expenditure,EXP_TRAVEL,旅遊娛樂消遣支出,103,103,J7-4,國內外跟團旅遊/運動娛樂,J7-4,國內外跟團旅遊/運動娛樂,,,,,,,,,concept,conceptual_match_requires_manual_recode,source_question,各年文字略有不同，但屬同概念。
expenditure,EXP_TRAVEL,旅遊娛樂消遣支出,106,106,M7-4,國內外跟團旅遊/運動/電影/展,J7-4,國內外跟團旅遊/運動娛樂,,,,,,,,,concept,conceptual_match_requires_manual_recode,source_question,各年文字略有不同，但屬同概念。
expenditure,EXP_TRAVEL,旅遊娛樂消遣支出,110,110,H7-4,國內外跟團旅遊/運動/電影/展覽,J7-4,國內外跟團旅遊/運動娛樂,,,,,,,,,concept,conceptual_match_requires_manual_recode,source_question,各年文字略有不同，但屬同概念。
expenditure,EXP_LOAN_INTEREST,貸款/跟會/利息支出,91,91_1,,,J7-5,各項貸款/跟會的利息 □(1)有 □(2)沒有           ○11,,,,,,,,,concept,not_available_in_source_dataset,source_question,91 無獨立分項。
expenditure,EXP_LOAN_INTEREST,貸款/跟會/利息支出,91,91_2,,,J7-5,各項貸款/跟會的利息 □(1)有 □(2)沒有           ○11,,,,,,,,,concept,not_available_in_source_dataset,source_question,91 無獨立分項。
expenditure,EXP_LOAN_INTEREST,貸款/跟會/利息支出,95,95,Q12-10,請問您全家每個月用在支付「利息、各項貸款、跟會」的費用是多少？,J7-5,各項貸款/跟會的利息 □(1)有 □(2)沒有           ○11,,,,,,,,,concept,conceptual_match_requires_manual_recode,source_question,91 無獨立分項。
expenditure,EXP_LOAN_INTEREST,貸款/跟會/利息支出,99,99,J7-4,利息/各項貸款/跟會 1 沒有 2 有 1 2 3 4 5 6 7 8 9 ) !,J7-5,各項貸款/跟會的利息 □(1)有 □(2)沒有           ○11,,,,,,,,,concept,conceptual_match_requires_manual_recode,source_question,91 無獨立分項。
expenditure,EXP_LOAN_INTEREST,貸款/跟會/利息支出,103,103,J7-5,各項貸款/跟會的利息 □(1)有 □(2)沒有           ○11,J7-5,各項貸款/跟會的利息 □(1)有 □(2)沒有           ○11,,,,,,,,,concept,conceptual_match_requires_manual_recode,source_question,91 無獨立分項。
expenditure,EXP_LOAN_INTEREST,貸款/跟會/利息支出,106,106,M7-5,各項貸款/跟會的利息 □(1)有 □(2)沒有           ○11,J7-5,各項貸款/跟會的利息 □(1)有 □(2)沒有           ○11,,,,,,,,,concept,conceptual_match_requires_manual_recode,source_question,91 無獨立分項。
expenditure,EXP_LOAN_INTEREST,貸款/跟會/利息支出,110,110,H7-5,各項貸款/跟會的利息 □(1)有 □(2)沒有           ○11,J7-5,各項貸款/跟會的利息 □(1)有 □(2)沒有           ○11,,,,,,,,,concept,conceptual_match_requires_manual_recode,source_question,91 無獨立分項。
expenditure,EXP_DINING_LODGING,外食與住宿服務支出,91,91_1,,,J7-6,外食費/學生住宿費/自助旅,,,,,,,,,option,not_available_in_source_dataset,source_question,103 起新增。
expenditure,EXP_DINING_LODGING,外食與住宿服務支出,91,91_2,,,J7-6,外食費/學生住宿費/自助旅,,,,,,,,,option,not_available_in_source_dataset,source_question,103 起新增。
expenditure,EXP_DINING_LODGING,外食與住宿服務支出,95,95,,,J7-6,外食費/學生住宿費/自助旅,,,,,,,,,option,not_available_in_source_dataset,source_question,103 起新增。
expenditure,EXP_DINING_LODGING,外食與住宿服務支出,99,99,,,J7-6,外食費/學生住宿費/自助旅,,,,,,,,,option,not_available_in_source_dataset,source_question,103 起新增。
expenditure,EXP_DINING_LODGING,外食與住宿服務支出,103,103,J7-6,外食費/學生住宿費/自助旅,J7-6,外食費/學生住宿費/自助旅,1,999 元及以下,0,999,1,999 元及以下,0,999,option,exact_range,source_question,103 起新增。
expenditure,EXP_DINING_LODGING,外食與住宿服務支出,103,103,J7-6,外食費/學生住宿費/自助旅,J7-6,外食費/學生住宿費/自助旅,2,"1,000-1,999 元",1000,1999,2,"1,000-1,999 元",1000,1999,option,exact_range,source_question,103 起新增。
expenditure,EXP_DINING_LODGING,外食與住宿服務支出,103,103,J7-6,外食費/學生住宿費/自助旅,J7-6,外食費/學生住宿費/自助旅,3,"2,000-2,999 元",2000,2999,3,"2,000-2,999 元",2000,2999,option,exact_range,source_question,103 起新增。
expenditure,EXP_DINING_LODGING,外食與住宿服務支出,103,103,J7-6,外食費/學生住宿費/自助旅,J7-6,外食費/學生住宿費/自助旅,4,"3,000-3,999 元",3000,3999,4,"3,000-3,999 元",3000,3999,option,exact_range,source_question,103 起新增。
expenditure,EXP_DINING_LODGING,外食與住宿服務支出,103,103,J7-6,外食費/學生住宿費/自助旅,J7-6,外食費/學生住宿費/自助旅,5,"4,000-4,999 元",4000,4999,5,"4,000-4,999 元",4000,4999,option,exact_range,source_question,103 起新增。
expenditure,EXP_DINING_LODGING,外食與住宿服務支出,103,103,J7-6,外食費/學生住宿費/自助旅,J7-6,外食費/學生住宿費/自助旅,6,"5,000-6,999 元",5000,6999,6,"5,000-6,999 元",5000,6999,option,exact_range,source_question,103 起新增。
expenditure,EXP_DINING_LODGING,外食與住宿服務支出,103,103,J7-6,外食費/學生住宿費/自助旅,J7-6,外食費/學生住宿費/自助旅,7,"7,000-9,999 元",7000,9999,7,"7,000-9,999 元",7000,9999,option,exact_range,source_question,103 起新增。
expenditure,EXP_DINING_LODGING,外食與住宿服務支出,103,103,J7-6,外食費/學生住宿費/自助旅,J7-6,外食費/學生住宿費/自助旅,8,"10,000-14,999 元",10000,14999,8,"10,000-14,999 元",10000,14999,option,exact_range,source_question,103 起新增。
expenditure,EXP_DINING_LODGING,外食與住宿服務支出,103,103,J7-6,外食費/學生住宿費/自助旅,J7-6,外食費/學生住宿費/自助旅,9,"15,000-19,999 元",15000,19999,9,"15,000-19,999 元",15000,19999,option,exact_range,source_question,103 起新增。
expenditure,EXP_DINING_LODGING,外食與住宿服務支出,103,103,J7-6,外食費/學生住宿費/自助旅,J7-6,外食費/學生住宿費/自助旅,10,"20,000-29,999 元",20000,29999,10,"20,000-29,999 元",20000,29999,option,exact_range,source_question,103 起新增。
expenditure,EXP_DINING_LODGING,外食與住宿服務支出,103,103,J7-6,外食費/學生住宿費/自助旅,J7-6,外食費/學生住宿費/自助旅,11,"30,000 元及以上，請記錄________元",30000,,11,"30,000 元及以上，請記錄________元",30000,,option,exact_open_upper,source_question,103 起新增。
expenditure,EXP_DINING_LODGING,外食與住宿服務支出,106,106,M7-6,外食費/學生住宿費/自助旅行住,J7-6,外食費/學生住宿費/自助旅,1,999 元及以下,0,999,1,999 元及以下,0,999,option,exact_range,source_question,103 起新增。
expenditure,EXP_DINING_LODGING,外食與住宿服務支出,106,106,M7-6,外食費/學生住宿費/自助旅行住,J7-6,外食費/學生住宿費/自助旅,2,"1,000-1,999 元",1000,1999,2,"1,000-1,999 元",1000,1999,option,exact_range,source_question,103 起新增。
expenditure,EXP_DINING_LODGING,外食與住宿服務支出,106,106,M7-6,外食費/學生住宿費/自助旅行住,J7-6,外食費/學生住宿費/自助旅,3,"2,000-2,999 元",2000,2999,3,"2,000-2,999 元",2000,2999,option,exact_range,source_question,103 起新增。
expenditure,EXP_DINING_LODGING,外食與住宿服務支出,106,106,M7-6,外食費/學生住宿費/自助旅行住,J7-6,外食費/學生住宿費/自助旅,4,"3,000-3,999 元",3000,3999,4,"3,000-3,999 元",3000,3999,option,exact_range,source_question,103 起新增。
expenditure,EXP_DINING_LODGING,外食與住宿服務支出,106,106,M7-6,外食費/學生住宿費/自助旅行住,J7-6,外食費/學生住宿費/自助旅,5,"4,000-4,999 元",4000,4999,5,"4,000-4,999 元",4000,4999,option,exact_range,source_question,103 起新增。
expenditure,EXP_DINING_LODGING,外食與住宿服務支出,106,106,M7-6,外食費/學生住宿費/自助旅行住,J7-6,外食費/學生住宿費/自助旅,6,"5,000-6,999 元",5000,6999,6,"5,000-6,999 元",5000,6999,option,exact_range,source_question,103 起新增。
expenditure,EXP_DINING_LODGING,外食與住宿服務支出,106,106,M7-6,外食費/學生住宿費/自助旅行住,J7-6,外食費/學生住宿費/自助旅,7,"7,000-9,999 元",7000,9999,7,"7,000-9,999 元",7000,9999,option,exact_range,source_question,103 起新增。
expenditure,EXP_DINING_LODGING,外食與住宿服務支出,106,106,M7-6,外食費/學生住宿費/自助旅行住,J7-6,外食費/學生住宿費/自助旅,8,"10,000-14,999 元",10000,14999,8,"10,000-14,999 元",10000,14999,option,exact_range,source_question,103 起新增。
expenditure,EXP_DINING_LODGING,外食與住宿服務支出,106,106,M7-6,外食費/學生住宿費/自助旅行住,J7-6,外食費/學生住宿費/自助旅,9,"15,000-19,999 元",15000,19999,9,"15,000-19,999 元",15000,19999,option,exact_range,source_question,103 起新增。
expenditure,EXP_DINING_LODGING,外食與住宿服務支出,106,106,M7-6,外食費/學生住宿費/自助旅行住,J7-6,外食費/學生住宿費/自助旅,10,"20,000-29,999 元",20000,29999,10,"20,000-29,999 元",20000,29999,option,exact_range,source_question,103 起新增。
expenditure,EXP_DINING_LODGING,外食與住宿服務支出,106,106,M7-6,外食費/學生住宿費/自助旅行住,J7-6,外食費/學生住宿費/自助旅,11,"30,000 元及以上，請記錄________元",30000,,11,"30,000 元及以上，請記錄________元",30000,,option,exact_open_upper,source_question,103 起新增。
expenditure,EXP_DINING_LODGING,外食與住宿服務支出,110,110,H7-6,外食費/學生住宿費/自助旅行住,J7-6,外食費/學生住宿費/自助旅,1,999 元及以下,0,999,1,999 元及以下,0,999,option,exact_range,source_question,103 起新增。
expenditure,EXP_DINING_LODGING,外食與住宿服務支出,110,110,H7-6,外食費/學生住宿費/自助旅行住,J7-6,外食費/學生住宿費/自助旅,2,"1,000-1,999 元",1000,1999,2,"1,000-1,999 元",1000,1999,option,exact_range,source_question,103 起新增。
expenditure,EXP_DINING_LODGING,外食與住宿服務支出,110,110,H7-6,外食費/學生住宿費/自助旅行住,J7-6,外食費/學生住宿費/自助旅,3,"2,000-2,999 元",2000,2999,3,"2,000-2,999 元",2000,2999,option,exact_range,source_question,103 起新增。
expenditure,EXP_DINING_LODGING,外食與住宿服務支出,110,110,H7-6,外食費/學生住宿費/自助旅行住,J7-6,外食費/學生住宿費/自助旅,4,"3,000-3,999 元",3000,3999,4,"3,000-3,999 元",3000,3999,option,exact_range,source_question,103 起新增。
expenditure,EXP_DINING_LODGING,外食與住宿服務支出,110,110,H7-6,外食費/學生住宿費/自助旅行住,J7-6,外食費/學生住宿費/自助旅,5,"4,000-4,999 元",4000,4999,5,"4,000-4,999 元",4000,4999,option,exact_range,source_question,103 起新增。
expenditure,EXP_DINING_LODGING,外食與住宿服務支出,110,110,H7-6,外食費/學生住宿費/自助旅行住,J7-6,外食費/學生住宿費/自助旅,6,"5,000-6,999 元",5000,6999,6,"5,000-6,999 元",5000,6999,option,exact_range,source_question,103 起新增。
expenditure,EXP_DINING_LODGING,外食與住宿服務支出,110,110,H7-6,外食費/學生住宿費/自助旅行住,J7-6,外食費/學生住宿費/自助旅,7,"7,000-9,999 元",7000,9999,7,"7,000-9,999 元",7000,9999,option,exact_range,source_question,103 起新增。
expenditure,EXP_DINING_LODGING,外食與住宿服務支出,110,110,H7-6,外食費/學生住宿費/自助旅行住,J7-6,外食費/學生住宿費/自助旅,8,"10,000-14,999 元",10000,14999,8,"10,000-14,999 元",10000,14999,option,exact_range,source_question,103 起新增。
expenditure,EXP_DINING_LODGING,外食與住宿服務支出,110,110,H7-6,外食費/學生住宿費/自助旅行住,J7-6,外食費/學生住宿費/自助旅,9,"15,000-19,999 元",15000,19999,9,"15,000-19,999 元",15000,19999,option,exact_range,source_question,103 起新增。
expenditure,EXP_DINING_LODGING,外食與住宿服務支出,110,110,H7-6,外食費/學生住宿費/自助旅行住,J7-6,外食費/學生住宿費/自助旅,10,"20,000-29,999 元",20000,29999,10,"20,000-29,999 元",20000,29999,option,exact_range,source_question,103 起新增。
expenditure,EXP_DINING_LODGING,外食與住宿服務支出,110,110,H7-6,外食費/學生住宿費/自助旅行住,J7-6,外食費/學生住宿費/自助旅,11,"30,000 元及以上，請記錄________元",30000,,11,"30,000 元及以上，請記錄________元",30000,,option,exact_open_upper,source_question,103 起新增。
expenditure,EXP_CLOTHING,衣著鞋襪支出,91,91_1,,,J7-7,買衣服/鞋子/襪子各項衣物 □(1)有 □(2)沒有           ○11,,,,,,,,,concept,not_available_in_source_dataset,source_question,95 起穩定出現。
expenditure,EXP_CLOTHING,衣著鞋襪支出,91,91_2,,,J7-7,買衣服/鞋子/襪子各項衣物 □(1)有 □(2)沒有           ○11,,,,,,,,,concept,not_available_in_source_dataset,source_question,95 起穩定出現。
expenditure,EXP_CLOTHING,衣著鞋襪支出,95,95,Q12-11,請問您全家每個月用在支付「買衣服、鞋子、襪子各項衣物」的費用是,J7-7,買衣服/鞋子/襪子各項衣物 □(1)有 □(2)沒有           ○11,,,,,,,,,concept,conceptual_match_requires_manual_recode,source_question,95 起穩定出現。
expenditure,EXP_CLOTHING,衣著鞋襪支出,99,99,J7-5,買衣服/鞋子/襪子各項衣物 1 沒有 2 有 1 2 3 4 5 6 7 8 9 ) !,J7-7,買衣服/鞋子/襪子各項衣物 □(1)有 □(2)沒有           ○11,,,,,,,,,concept,conceptual_match_requires_manual_recode,source_question,95 起穩定出現。
expenditure,EXP_CLOTHING,衣著鞋襪支出,103,103,J7-7,買衣服/鞋子/襪子各項衣物 □(1)有 □(2)沒有           ○11,J7-7,買衣服/鞋子/襪子各項衣物 □(1)有 □(2)沒有           ○11,,,,,,,,,concept,conceptual_match_requires_manual_recode,source_question,95 起穩定出現。
expenditure,EXP_CLOTHING,衣著鞋襪支出,106,106,M7-7,買衣服/鞋子/襪子各項衣物 □(1)有 □(2)沒有           ○11,J7-7,買衣服/鞋子/襪子各項衣物 □(1)有 □(2)沒有           ○11,,,,,,,,,concept,conceptual_match_requires_manual_recode,source_question,95 起穩定出現。
expenditure,EXP_CLOTHING,衣著鞋襪支出,110,110,H7-7,買衣服/鞋子/襪子各項衣物 □(1)有 □(2)沒有           ○11,J7-7,買衣服/鞋子/襪子各項衣物 □(1)有 □(2)沒有           ○11,,,,,,,,,concept,conceptual_match_requires_manual_recode,source_question,95 起穩定出現。
expenditure,EXP_FURNITURE,家具家電廚具支出,91,91_1,,,J7-8,買家具/家庭電器/廚房用具 □(1)有 □(2)沒有           ○11,,,,,,,,,concept,not_available_in_source_dataset,source_question,95 起穩定出現。
expenditure,EXP_FURNITURE,家具家電廚具支出,91,91_2,,,J7-8,買家具/家庭電器/廚房用具 □(1)有 □(2)沒有           ○11,,,,,,,,,concept,not_available_in_source_dataset,source_question,95 起穩定出現。
expenditure,EXP_FURNITURE,家具家電廚具支出,95,95,Q12-12,請問您全家每個月用在支付購買「傢俱、家庭電器、廚房用具等」的費,J7-8,買家具/家庭電器/廚房用具 □(1)有 □(2)沒有           ○11,,,,,,,,,concept,conceptual_match_requires_manual_recode,source_question,95 起穩定出現。
expenditure,EXP_FURNITURE,家具家電廚具支出,99,99,J7-6,購買傢俱/家庭電器/廚房用具 1 沒有 2 有 1 2 3 4 5 6 7 8 9 ) !,J7-8,買家具/家庭電器/廚房用具 □(1)有 □(2)沒有           ○11,,,,,,,,,concept,conceptual_match_requires_manual_recode,source_question,95 起穩定出現。
expenditure,EXP_FURNITURE,家具家電廚具支出,103,103,J7-8,買家具/家庭電器/廚房用具 □(1)有 □(2)沒有           ○11,J7-8,買家具/家庭電器/廚房用具 □(1)有 □(2)沒有           ○11,,,,,,,,,concept,conceptual_match_requires_manual_recode,source_question,95 起穩定出現。
expenditure,EXP_FURNITURE,家具家電廚具支出,106,106,M7-8,買家具/家庭電器/廚房用具 □(1)有 □(2)沒有           ○11,J7-8,買家具/家庭電器/廚房用具 □(1)有 □(2)沒有           ○11,,,,,,,,,concept,conceptual_match_requires_manual_recode,source_question,95 起穩定出現。
expenditure,EXP_FURNITURE,家具家電廚具支出,110,110,H7-8,買家具/家庭電器/廚房用具 □(1)有 □(2)沒有           ○11,J7-8,買家具/家庭電器/廚房用具 □(1)有 □(2)沒有           ○11,,,,,,,,,concept,conceptual_match_requires_manual_recode,source_question,95 起穩定出現。
expenditure,EXP_CARE,兒童老人身障照顧支出,91,91_1,,,J7-9,兒童/老人/身心障礙者照顧 □(1)有 □(2)沒有           ○11,,,,,,,,,concept,not_available_in_source_dataset,source_question,106/110 文案改成保姆費/安養院/身障者照顧。
expenditure,EXP_CARE,兒童老人身障照顧支出,91,91_2,,,J7-9,兒童/老人/身心障礙者照顧 □(1)有 □(2)沒有           ○11,,,,,,,,,concept,not_available_in_source_dataset,source_question,106/110 文案改成保姆費/安養院/身障者照顧。
expenditure,EXP_CARE,兒童老人身障照顧支出,95,95,Q12-13,請問您全家每個月用在支付「兒童照顧、老人照顧、身心障礙者照顧等」,J7-9,兒童/老人/身心障礙者照顧 □(1)有 □(2)沒有           ○11,,,,,,,,,concept,conceptual_match_requires_manual_recode,source_question,106/110 文案改成保姆費/安養院/身障者照顧。
expenditure,EXP_CARE,兒童老人身障照顧支出,99,99,J7-7,兒童照顧/老人照顧/ 身心障礙 1 沒有 2 有 1 2 3 4 5 6 7 8 9 ) !,J7-9,兒童/老人/身心障礙者照顧 □(1)有 □(2)沒有           ○11,,,,,,,,,concept,conceptual_match_requires_manual_recode,source_question,106/110 文案改成保姆費/安養院/身障者照顧。
expenditure,EXP_CARE,兒童老人身障照顧支出,103,103,J7-9,兒童/老人/身心障礙者照顧 □(1)有 □(2)沒有           ○11,J7-9,兒童/老人/身心障礙者照顧 □(1)有 □(2)沒有           ○11,,,,,,,,,concept,conceptual_match_requires_manual_recode,source_question,106/110 文案改成保姆費/安養院/身障者照顧。
expenditure,EXP_CARE,兒童老人身障照顧支出,106,106,M7-9,保姆費/安養院/身障者照顧 □(1)有 □(2)沒有           ○11,J7-9,兒童/老人/身心障礙者照顧 □(1)有 □(2)沒有           ○11,,,,,,,,,concept,conceptual_match_requires_manual_recode,source_question,106/110 文案改成保姆費/安養院/身障者照顧。
expenditure,EXP_CARE,兒童老人身障照顧支出,110,110,H7-9,保姆費/安養院/身障者照顧 □(1)有 □(2)沒有           ○11,J7-9,兒童/老人/身心障礙者照顧 □(1)有 □(2)沒有           ○11,,,,,,,,,concept,conceptual_match_requires_manual_recode,source_question,106/110 文案改成保姆費/安養院/身障者照顧。
expenditure,EXP_OTHER,其他支出,91,91_1,,,J7-10,其他費用 □(1)有 □(2)沒有           ○11,,,,,,,,,concept,not_available_in_source_dataset,source_question,95 起穩定出現。
expenditure,EXP_OTHER,其他支出,91,91_2,,,J7-10,其他費用 □(1)有 □(2)沒有           ○11,,,,,,,,,concept,not_available_in_source_dataset,source_question,95 起穩定出現。
expenditure,EXP_OTHER,其他支出,95,95,Q12-14,請問您全家每個月用在支付其他費用，像是「牙膏洗髮精理髮沐浴用品、,J7-10,其他費用 □(1)有 □(2)沒有           ○11,,,,,,,,,concept,conceptual_match_requires_manual_recode,source_question,95 起穩定出現。
expenditure,EXP_OTHER,其他支出,99,99,J7-8,其他費用 1 沒有 2 有 1 2 3 4 5 6 7 8 9 ) !,J7-10,其他費用 □(1)有 □(2)沒有           ○11,,,,,,,,,concept,conceptual_match_requires_manual_recode,source_question,95 起穩定出現。
expenditure,EXP_OTHER,其他支出,103,103,J7-10,其他費用 □(1)有 □(2)沒有           ○11,J7-10,其他費用 □(1)有 □(2)沒有           ○11,,,,,,,,,concept,conceptual_match_requires_manual_recode,source_question,95 起穩定出現。
expenditure,EXP_OTHER,其他支出,106,106,M7-10,其他費用 □(1)有 □(2)沒有           ○11,J7-10,其他費用 □(1)有 □(2)沒有           ○11,,,,,,,,,concept,conceptual_match_requires_manual_recode,source_question,95 起穩定出現。
expenditure,EXP_OTHER,其他支出,110,110,H7-10,其他費用 □(1)有 □(2)沒有           ○11,J7-10,其他費用 □(1)有 □(2)沒有           ○11,,,,,,,,,concept,conceptual_match_requires_manual_recode,source_question,95 起穩定出現。
