domain,concept_id,concept_label,harmonized_year,source_dataset,source_question_ids,source_question_texts,base_question_ids_103,base_question_texts_103,source_option_code,source_option_text,source_min_value,source_max_value,base_option_code_103,base_option_text_103,base_min_value_103,base_max_value_103,comparison_level,mapping_relation,total_construction_rule,note
income,INC_PERS_WORK,個人工作/營業收入,91,91_1,,,H1,請問您個人每個月「工作薪水、兼差薪水、加班費、退休金，以及從事農林漁業或自己做生意等」,,,,,,,,,option,not_available_in_source_dataset,source_question,95+ 同概念；106/110 對象為經濟戶長。
income,INC_PERS_WORK,個人工作/營業收入,91,91_2,,,H1,請問您個人每個月「工作薪水、兼差薪水、加班費、退休金，以及從事農林漁業或自己做生意等」,,,,,,,,,option,not_available_in_source_dataset,source_question,95+ 同概念；106/110 對象為經濟戶長。
income,INC_PERS_WORK,個人工作/營業收入,95,95,Q10-1,請問您個人每個月「工作薪水、兼差薪水、加班費、退休金，以及從事農,H1,請問您個人每個月「工作薪水、兼差薪水、加班費、退休金，以及從事農林漁業或自己做生意等」,1,"9,999元及以下",0,9999,1,"9,999 元及以下",0,9999,option,exact_range,source_question,95+ 同概念；106/110 對象為經濟戶長。
income,INC_PERS_WORK,個人工作/營業收入,95,95,Q10-1,請問您個人每個月「工作薪水、兼差薪水、加班費、退休金，以及從事農,H1,請問您個人每個月「工作薪水、兼差薪水、加班費、退休金，以及從事農林漁業或自己做生意等」,2,"10,000-19,999元",10000,19999,2,"10,000-14,999 元",10000,14999,option,source_bin_spans_multiple_base_bins,source_question,95+ 同概念；106/110 對象為經濟戶長。
income,INC_PERS_WORK,個人工作/營業收入,95,95,Q10-1,請問您個人每個月「工作薪水、兼差薪水、加班費、退休金，以及從事農,H1,請問您個人每個月「工作薪水、兼差薪水、加班費、退休金，以及從事農林漁業或自己做生意等」,2,"10,000-19,999元",10000,19999,3,"15,000-19,999 元",15000,19999,option,source_bin_spans_multiple_base_bins,source_question,95+ 同概念；106/110 對象為經濟戶長。
income,INC_PERS_WORK,個人工作/營業收入,95,95,Q10-1,請問您個人每個月「工作薪水、兼差薪水、加班費、退休金，以及從事農,H1,請問您個人每個月「工作薪水、兼差薪水、加班費、退休金，以及從事農林漁業或自己做生意等」,3,"20,000-29,999 元",20000,29999,4,"20,000-24,999 元",20000,24999,option,source_bin_spans_multiple_base_bins,source_question,95+ 同概念；106/110 對象為經濟戶長。
income,INC_PERS_WORK,個人工作/營業收入,95,95,Q10-1,請問您個人每個月「工作薪水、兼差薪水、加班費、退休金，以及從事農,H1,請問您個人每個月「工作薪水、兼差薪水、加班費、退休金，以及從事農林漁業或自己做生意等」,3,"20,000-29,999 元",20000,29999,5,"25,000-29,999 元",25000,29999,option,source_bin_spans_multiple_base_bins,source_question,95+ 同概念；106/110 對象為經濟戶長。
income,INC_PERS_WORK,個人工作/營業收入,95,95,Q10-1,請問您個人每個月「工作薪水、兼差薪水、加班費、退休金，以及從事農,H1,請問您個人每個月「工作薪水、兼差薪水、加班費、退休金，以及從事農林漁業或自己做生意等」,4,"30,000-39,999元",30000,39999,6,"30,000-39,999 元",30000,39999,option,exact_range,source_question,95+ 同概念；106/110 對象為經濟戶長。
income,INC_PERS_WORK,個人工作/營業收入,95,95,Q10-1,請問您個人每個月「工作薪水、兼差薪水、加班費、退休金，以及從事農,H1,請問您個人每個月「工作薪水、兼差薪水、加班費、退休金，以及從事農林漁業或自己做生意等」,5,"40,000-49,999 元",40000,49999,7,"40,000-49,999 元",40000,49999,option,exact_range,source_question,95+ 同概念；106/110 對象為經濟戶長。
income,INC_PERS_WORK,個人工作/營業收入,95,95,Q10-1,請問您個人每個月「工作薪水、兼差薪水、加班費、退休金，以及從事農,H1,請問您個人每個月「工作薪水、兼差薪水、加班費、退休金，以及從事農林漁業或自己做生意等」,6,"50,000-59,999元",50000,59999,8,"50,000-59,999 元",50000,59999,option,exact_range,source_question,95+ 同概念；106/110 對象為經濟戶長。
income,INC_PERS_WORK,個人工作/營業收入,95,95,Q10-1,請問您個人每個月「工作薪水、兼差薪水、加班費、退休金，以及從事農,H1,請問您個人每個月「工作薪水、兼差薪水、加班費、退休金，以及從事農林漁業或自己做生意等」,7,"60,000-69,999 元",60000,69999,9,"60,000-69,999 元",60000,69999,option,exact_range,source_question,95+ 同概念；106/110 對象為經濟戶長。
income,INC_PERS_WORK,個人工作/營業收入,95,95,Q10-1,請問您個人每個月「工作薪水、兼差薪水、加班費、退休金，以及從事農,H1,請問您個人每個月「工作薪水、兼差薪水、加班費、退休金，以及從事農林漁業或自己做生意等」,8,"70,000-79,999元",70000,79999,10,"70,000-79,999 元",70000,79999,option,exact_range,source_question,95+ 同概念；106/110 對象為經濟戶長。
income,INC_PERS_WORK,個人工作/營業收入,95,95,Q10-1,請問您個人每個月「工作薪水、兼差薪水、加班費、退休金，以及從事農,H1,請問您個人每個月「工作薪水、兼差薪水、加班費、退休金，以及從事農林漁業或自己做生意等」,9,"80,000-89,999 元",80000,89999,11,"80,000-89,999 元",80000,89999,option,exact_range,source_question,95+ 同概念；106/110 對象為經濟戶長。
income,INC_PERS_WORK,個人工作/營業收入,95,95,Q10-1,請問您個人每個月「工作薪水、兼差薪水、加班費、退休金，以及從事農,H1,請問您個人每個月「工作薪水、兼差薪水、加班費、退休金，以及從事農林漁業或自己做生意等」,10,"90,000-99,999元",90000,99999,12,"90,000-99,999 元",90000,99999,option,exact_range,source_question,95+ 同概念；106/110 對象為經濟戶長。
income,INC_PERS_WORK,個人工作/營業收入,95,95,Q10-1,請問您個人每個月「工作薪水、兼差薪水、加班費、退休金，以及從事農,H1,請問您個人每個月「工作薪水、兼差薪水、加班費、退休金，以及從事農林漁業或自己做生意等」,11,"100,000-129,999 元",100000,129999,13,"100,000-129,999元",100000,129999,option,exact_range,source_question,95+ 同概念；106/110 對象為經濟戶長。
income,INC_PERS_WORK,個人工作/營業收入,95,95,Q10-1,請問您個人每個月「工作薪水、兼差薪水、加班費、退休金，以及從事農,H1,請問您個人每個月「工作薪水、兼差薪水、加班費、退休金，以及從事農林漁業或自己做生意等」,12,"130,000-139,999元",130000,139999,14,"130,000-159,999元",130000,159999,option,source_bin_within_base_bin,source_question,95+ 同概念；106/110 對象為經濟戶長。
income,INC_PERS_WORK,個人工作/營業收入,95,95,Q10-1,請問您個人每個月「工作薪水、兼差薪水、加班費、退休金，以及從事農,H1,請問您個人每個月「工作薪水、兼差薪水、加班費、退休金，以及從事農林漁業或自己做生意等」,90,"140,000元及以上，請記錄 元",140000,,14,"130,000-159,999元",130000,159999,option,partial_overlap,source_question,95+ 同概念；106/110 對象為經濟戶長。
income,INC_PERS_WORK,個人工作/營業收入,95,95,Q10-1,請問您個人每個月「工作薪水、兼差薪水、加班費、退休金，以及從事農,H1,請問您個人每個月「工作薪水、兼差薪水、加班費、退休金，以及從事農林漁業或自己做生意等」,90,"140,000元及以上，請記錄 元",140000,,15,"160,000 元及以上，請記錄____________元",160000,,option,source_bin_spans_multiple_base_bins,source_question,95+ 同概念；106/110 對象為經濟戶長。
income,INC_PERS_WORK,個人工作/營業收入,95,95,Q10-1,請問您個人每個月「工作薪水、兼差薪水、加班費、退休金，以及從事農,H1,請問您個人每個月「工作薪水、兼差薪水、加班費、退休金，以及從事農林漁業或自己做生意等」,95,沒有這項收入,0,0,16,沒有這項收入,0,0,option,exact_none,source_question,95+ 同概念；106/110 對象為經濟戶長。
income,INC_PERS_WORK,個人工作/營業收入,99,99,H1,請問您個人每個月「工作薪水、兼差薪水、加班費、退休金，以及從事農林漁業或自己做生意,H1,請問您個人每個月「工作薪水、兼差薪水、加班費、退休金，以及從事農林漁業或自己做生意等」,1,"9,999 元及以下",0,9999,1,"9,999 元及以下",0,9999,option,exact_range,source_question,95+ 同概念；106/110 對象為經濟戶長。
income,INC_PERS_WORK,個人工作/營業收入,99,99,H1,請問您個人每個月「工作薪水、兼差薪水、加班費、退休金，以及從事農林漁業或自己做生意,H1,請問您個人每個月「工作薪水、兼差薪水、加班費、退休金，以及從事農林漁業或自己做生意等」,2,"10,000-19,999 元",10000,19999,2,"10,000-14,999 元",10000,14999,option,source_bin_spans_multiple_base_bins,source_question,95+ 同概念；106/110 對象為經濟戶長。
income,INC_PERS_WORK,個人工作/營業收入,99,99,H1,請問您個人每個月「工作薪水、兼差薪水、加班費、退休金，以及從事農林漁業或自己做生意,H1,請問您個人每個月「工作薪水、兼差薪水、加班費、退休金，以及從事農林漁業或自己做生意等」,2,"10,000-19,999 元",10000,19999,3,"15,000-19,999 元",15000,19999,option,source_bin_spans_multiple_base_bins,source_question,95+ 同概念；106/110 對象為經濟戶長。
income,INC_PERS_WORK,個人工作/營業收入,99,99,H1,請問您個人每個月「工作薪水、兼差薪水、加班費、退休金，以及從事農林漁業或自己做生意,H1,請問您個人每個月「工作薪水、兼差薪水、加班費、退休金，以及從事農林漁業或自己做生意等」,3,"20,000-29,999 元",20000,29999,4,"20,000-24,999 元",20000,24999,option,source_bin_spans_multiple_base_bins,source_question,95+ 同概念；106/110 對象為經濟戶長。
income,INC_PERS_WORK,個人工作/營業收入,99,99,H1,請問您個人每個月「工作薪水、兼差薪水、加班費、退休金，以及從事農林漁業或自己做生意,H1,請問您個人每個月「工作薪水、兼差薪水、加班費、退休金，以及從事農林漁業或自己做生意等」,3,"20,000-29,999 元",20000,29999,5,"25,000-29,999 元",25000,29999,option,source_bin_spans_multiple_base_bins,source_question,95+ 同概念；106/110 對象為經濟戶長。
income,INC_PERS_WORK,個人工作/營業收入,99,99,H1,請問您個人每個月「工作薪水、兼差薪水、加班費、退休金，以及從事農林漁業或自己做生意,H1,請問您個人每個月「工作薪水、兼差薪水、加班費、退休金，以及從事農林漁業或自己做生意等」,4,"30,000-39,999 元",30000,39999,6,"30,000-39,999 元",30000,39999,option,exact_range,source_question,95+ 同概念；106/110 對象為經濟戶長。
income,INC_PERS_WORK,個人工作/營業收入,99,99,H1,請問您個人每個月「工作薪水、兼差薪水、加班費、退休金，以及從事農林漁業或自己做生意,H1,請問您個人每個月「工作薪水、兼差薪水、加班費、退休金，以及從事農林漁業或自己做生意等」,5,"40,000-49,999 元",40000,49999,7,"40,000-49,999 元",40000,49999,option,exact_range,source_question,95+ 同概念；106/110 對象為經濟戶長。
income,INC_PERS_WORK,個人工作/營業收入,99,99,H1,請問您個人每個月「工作薪水、兼差薪水、加班費、退休金，以及從事農林漁業或自己做生意,H1,請問您個人每個月「工作薪水、兼差薪水、加班費、退休金，以及從事農林漁業或自己做生意等」,6,"50,000-59,999 元",50000,59999,8,"50,000-59,999 元",50000,59999,option,exact_range,source_question,95+ 同概念；106/110 對象為經濟戶長。
income,INC_PERS_WORK,個人工作/營業收入,99,99,H1,請問您個人每個月「工作薪水、兼差薪水、加班費、退休金，以及從事農林漁業或自己做生意,H1,請問您個人每個月「工作薪水、兼差薪水、加班費、退休金，以及從事農林漁業或自己做生意等」,7,"60,000-69,999 元",60000,69999,9,"60,000-69,999 元",60000,69999,option,exact_range,source_question,95+ 同概念；106/110 對象為經濟戶長。
income,INC_PERS_WORK,個人工作/營業收入,99,99,H1,請問您個人每個月「工作薪水、兼差薪水、加班費、退休金，以及從事農林漁業或自己做生意,H1,請問您個人每個月「工作薪水、兼差薪水、加班費、退休金，以及從事農林漁業或自己做生意等」,8,"70,000-79,999 元",70000,79999,10,"70,000-79,999 元",70000,79999,option,exact_range,source_question,95+ 同概念；106/110 對象為經濟戶長。
income,INC_PERS_WORK,個人工作/營業收入,99,99,H1,請問您個人每個月「工作薪水、兼差薪水、加班費、退休金，以及從事農林漁業或自己做生意,H1,請問您個人每個月「工作薪水、兼差薪水、加班費、退休金，以及從事農林漁業或自己做生意等」,9,"80,000-89,999 元",80000,89999,11,"80,000-89,999 元",80000,89999,option,exact_range,source_question,95+ 同概念；106/110 對象為經濟戶長。
income,INC_PERS_WORK,個人工作/營業收入,99,99,H1,請問您個人每個月「工作薪水、兼差薪水、加班費、退休金，以及從事農林漁業或自己做生意,H1,請問您個人每個月「工作薪水、兼差薪水、加班費、退休金，以及從事農林漁業或自己做生意等」,10,"90,000-99,999 元",90000,99999,12,"90,000-99,999 元",90000,99999,option,exact_range,source_question,95+ 同概念；106/110 對象為經濟戶長。
income,INC_PERS_WORK,個人工作/營業收入,99,99,H1,請問您個人每個月「工作薪水、兼差薪水、加班費、退休金，以及從事農林漁業或自己做生意,H1,請問您個人每個月「工作薪水、兼差薪水、加班費、退休金，以及從事農林漁業或自己做生意等」,11,"100,000-129,999 元",100000,129999,13,"100,000-129,999元",100000,129999,option,exact_range,source_question,95+ 同概念；106/110 對象為經濟戶長。
income,INC_PERS_WORK,個人工作/營業收入,99,99,H1,請問您個人每個月「工作薪水、兼差薪水、加班費、退休金，以及從事農林漁業或自己做生意,H1,請問您個人每個月「工作薪水、兼差薪水、加班費、退休金，以及從事農林漁業或自己做生意等」,12,"130,000-159,999 元",130000,159999,14,"130,000-159,999元",130000,159999,option,exact_range,source_question,95+ 同概念；106/110 對象為經濟戶長。
income,INC_PERS_WORK,個人工作/營業收入,99,99,H1,請問您個人每個月「工作薪水、兼差薪水、加班費、退休金，以及從事農林漁業或自己做生意,H1,請問您個人每個月「工作薪水、兼差薪水、加班費、退休金，以及從事農林漁業或自己做生意等」,13,"160,000 元及以上，請記錄 元",160000,,15,"160,000 元及以上，請記錄____________元",160000,,option,exact_open_upper,source_question,95+ 同概念；106/110 對象為經濟戶長。
income,INC_PERS_WORK,個人工作/營業收入,99,99,H1,請問您個人每個月「工作薪水、兼差薪水、加班費、退休金，以及從事農林漁業或自己做生意,H1,請問您個人每個月「工作薪水、兼差薪水、加班費、退休金，以及從事農林漁業或自己做生意等」,14,沒有這項收入,0,0,16,沒有這項收入,0,0,option,exact_none,source_question,95+ 同概念；106/110 對象為經濟戶長。
income,INC_PERS_WORK,個人工作/營業收入,103,103,H1,請問您個人每個月「工作薪水、兼差薪水、加班費、退休金，以及從事農林漁業或自己做生意等」,H1,請問您個人每個月「工作薪水、兼差薪水、加班費、退休金，以及從事農林漁業或自己做生意等」,1,"9,999 元及以下",0,9999,1,"9,999 元及以下",0,9999,option,exact_range,source_question,95+ 同概念；106/110 對象為經濟戶長。
income,INC_PERS_WORK,個人工作/營業收入,103,103,H1,請問您個人每個月「工作薪水、兼差薪水、加班費、退休金，以及從事農林漁業或自己做生意等」,H1,請問您個人每個月「工作薪水、兼差薪水、加班費、退休金，以及從事農林漁業或自己做生意等」,2,"10,000-14,999 元",10000,14999,2,"10,000-14,999 元",10000,14999,option,exact_range,source_question,95+ 同概念；106/110 對象為經濟戶長。
income,INC_PERS_WORK,個人工作/營業收入,103,103,H1,請問您個人每個月「工作薪水、兼差薪水、加班費、退休金，以及從事農林漁業或自己做生意等」,H1,請問您個人每個月「工作薪水、兼差薪水、加班費、退休金，以及從事農林漁業或自己做生意等」,3,"15,000-19,999 元",15000,19999,3,"15,000-19,999 元",15000,19999,option,exact_range,source_question,95+ 同概念；106/110 對象為經濟戶長。
income,INC_PERS_WORK,個人工作/營業收入,103,103,H1,請問您個人每個月「工作薪水、兼差薪水、加班費、退休金，以及從事農林漁業或自己做生意等」,H1,請問您個人每個月「工作薪水、兼差薪水、加班費、退休金，以及從事農林漁業或自己做生意等」,4,"20,000-24,999 元",20000,24999,4,"20,000-24,999 元",20000,24999,option,exact_range,source_question,95+ 同概念；106/110 對象為經濟戶長。
income,INC_PERS_WORK,個人工作/營業收入,103,103,H1,請問您個人每個月「工作薪水、兼差薪水、加班費、退休金，以及從事農林漁業或自己做生意等」,H1,請問您個人每個月「工作薪水、兼差薪水、加班費、退休金，以及從事農林漁業或自己做生意等」,5,"25,000-29,999 元",25000,29999,5,"25,000-29,999 元",25000,29999,option,exact_range,source_question,95+ 同概念；106/110 對象為經濟戶長。
income,INC_PERS_WORK,個人工作/營業收入,103,103,H1,請問您個人每個月「工作薪水、兼差薪水、加班費、退休金，以及從事農林漁業或自己做生意等」,H1,請問您個人每個月「工作薪水、兼差薪水、加班費、退休金，以及從事農林漁業或自己做生意等」,6,"30,000-39,999 元",30000,39999,6,"30,000-39,999 元",30000,39999,option,exact_range,source_question,95+ 同概念；106/110 對象為經濟戶長。
income,INC_PERS_WORK,個人工作/營業收入,103,103,H1,請問您個人每個月「工作薪水、兼差薪水、加班費、退休金，以及從事農林漁業或自己做生意等」,H1,請問您個人每個月「工作薪水、兼差薪水、加班費、退休金，以及從事農林漁業或自己做生意等」,7,"40,000-49,999 元",40000,49999,7,"40,000-49,999 元",40000,49999,option,exact_range,source_question,95+ 同概念；106/110 對象為經濟戶長。
income,INC_PERS_WORK,個人工作/營業收入,103,103,H1,請問您個人每個月「工作薪水、兼差薪水、加班費、退休金，以及從事農林漁業或自己做生意等」,H1,請問您個人每個月「工作薪水、兼差薪水、加班費、退休金，以及從事農林漁業或自己做生意等」,8,"50,000-59,999 元",50000,59999,8,"50,000-59,999 元",50000,59999,option,exact_range,source_question,95+ 同概念；106/110 對象為經濟戶長。
income,INC_PERS_WORK,個人工作/營業收入,103,103,H1,請問您個人每個月「工作薪水、兼差薪水、加班費、退休金，以及從事農林漁業或自己做生意等」,H1,請問您個人每個月「工作薪水、兼差薪水、加班費、退休金，以及從事農林漁業或自己做生意等」,9,"60,000-69,999 元",60000,69999,9,"60,000-69,999 元",60000,69999,option,exact_range,source_question,95+ 同概念；106/110 對象為經濟戶長。
income,INC_PERS_WORK,個人工作/營業收入,103,103,H1,請問您個人每個月「工作薪水、兼差薪水、加班費、退休金，以及從事農林漁業或自己做生意等」,H1,請問您個人每個月「工作薪水、兼差薪水、加班費、退休金，以及從事農林漁業或自己做生意等」,10,"70,000-79,999 元",70000,79999,10,"70,000-79,999 元",70000,79999,option,exact_range,source_question,95+ 同概念；106/110 對象為經濟戶長。
income,INC_PERS_WORK,個人工作/營業收入,103,103,H1,請問您個人每個月「工作薪水、兼差薪水、加班費、退休金，以及從事農林漁業或自己做生意等」,H1,請問您個人每個月「工作薪水、兼差薪水、加班費、退休金，以及從事農林漁業或自己做生意等」,11,"80,000-89,999 元",80000,89999,11,"80,000-89,999 元",80000,89999,option,exact_range,source_question,95+ 同概念；106/110 對象為經濟戶長。
income,INC_PERS_WORK,個人工作/營業收入,103,103,H1,請問您個人每個月「工作薪水、兼差薪水、加班費、退休金，以及從事農林漁業或自己做生意等」,H1,請問您個人每個月「工作薪水、兼差薪水、加班費、退休金，以及從事農林漁業或自己做生意等」,12,"90,000-99,999 元",90000,99999,12,"90,000-99,999 元",90000,99999,option,exact_range,source_question,95+ 同概念；106/110 對象為經濟戶長。
income,INC_PERS_WORK,個人工作/營業收入,103,103,H1,請問您個人每個月「工作薪水、兼差薪水、加班費、退休金，以及從事農林漁業或自己做生意等」,H1,請問您個人每個月「工作薪水、兼差薪水、加班費、退休金，以及從事農林漁業或自己做生意等」,13,"100,000-129,999元",100000,129999,13,"100,000-129,999元",100000,129999,option,exact_range,source_question,95+ 同概念；106/110 對象為經濟戶長。
income,INC_PERS_WORK,個人工作/營業收入,103,103,H1,請問您個人每個月「工作薪水、兼差薪水、加班費、退休金，以及從事農林漁業或自己做生意等」,H1,請問您個人每個月「工作薪水、兼差薪水、加班費、退休金，以及從事農林漁業或自己做生意等」,14,"130,000-159,999元",130000,159999,14,"130,000-159,999元",130000,159999,option,exact_range,source_question,95+ 同概念；106/110 對象為經濟戶長。
income,INC_PERS_WORK,個人工作/營業收入,103,103,H1,請問您個人每個月「工作薪水、兼差薪水、加班費、退休金，以及從事農林漁業或自己做生意等」,H1,請問您個人每個月「工作薪水、兼差薪水、加班費、退休金，以及從事農林漁業或自己做生意等」,15,"160,000 元及以上，請記錄____________元",160000,,15,"160,000 元及以上，請記錄____________元",160000,,option,exact_open_upper,source_question,95+ 同概念；106/110 對象為經濟戶長。
income,INC_PERS_WORK,個人工作/營業收入,103,103,H1,請問您個人每個月「工作薪水、兼差薪水、加班費、退休金，以及從事農林漁業或自己做生意等」,H1,請問您個人每個月「工作薪水、兼差薪水、加班費、退休金，以及從事農林漁業或自己做生意等」,16,沒有這項收入,0,0,16,沒有這項收入,0,0,option,exact_none,source_question,95+ 同概念；106/110 對象為經濟戶長。
income,INC_PERS_WORK,個人工作/營業收入,106,106,J1,請問經濟戶長個人每個月「工作薪水、兼差薪水、加班費、退休金、年終獎金，以及從事農林漁,H1,請問您個人每個月「工作薪水、兼差薪水、加班費、退休金，以及從事農林漁業或自己做生意等」,1,"未滿10,000元",0,9999,1,"9,999 元及以下",0,9999,option,exact_range,source_question,95+ 同概念；106/110 對象為經濟戶長。
income,INC_PERS_WORK,個人工作/營業收入,106,106,J1,請問經濟戶長個人每個月「工作薪水、兼差薪水、加班費、退休金、年終獎金，以及從事農林漁,H1,請問您個人每個月「工作薪水、兼差薪水、加班費、退休金，以及從事農林漁業或自己做生意等」,2,"10,000 元-未滿15,000元",10000,14999,2,"10,000-14,999 元",10000,14999,option,exact_range,source_question,95+ 同概念；106/110 對象為經濟戶長。
income,INC_PERS_WORK,個人工作/營業收入,106,106,J1,請問經濟戶長個人每個月「工作薪水、兼差薪水、加班費、退休金、年終獎金，以及從事農林漁,H1,請問您個人每個月「工作薪水、兼差薪水、加班費、退休金，以及從事農林漁業或自己做生意等」,3,"15,000 元-未滿20,000元",15000,19999,3,"15,000-19,999 元",15000,19999,option,exact_range,source_question,95+ 同概念；106/110 對象為經濟戶長。
income,INC_PERS_WORK,個人工作/營業收入,106,106,J1,請問經濟戶長個人每個月「工作薪水、兼差薪水、加班費、退休金、年終獎金，以及從事農林漁,H1,請問您個人每個月「工作薪水、兼差薪水、加班費、退休金，以及從事農林漁業或自己做生意等」,4,"20,000 元-未滿25,000元",20000,24999,4,"20,000-24,999 元",20000,24999,option,exact_range,source_question,95+ 同概念；106/110 對象為經濟戶長。
income,INC_PERS_WORK,個人工作/營業收入,106,106,J1,請問經濟戶長個人每個月「工作薪水、兼差薪水、加班費、退休金、年終獎金，以及從事農林漁,H1,請問您個人每個月「工作薪水、兼差薪水、加班費、退休金，以及從事農林漁業或自己做生意等」,5,"25,000 元-未滿30,000元",25000,29999,5,"25,000-29,999 元",25000,29999,option,exact_range,source_question,95+ 同概念；106/110 對象為經濟戶長。
income,INC_PERS_WORK,個人工作/營業收入,106,106,J1,請問經濟戶長個人每個月「工作薪水、兼差薪水、加班費、退休金、年終獎金，以及從事農林漁,H1,請問您個人每個月「工作薪水、兼差薪水、加班費、退休金，以及從事農林漁業或自己做生意等」,6,"30,000 元-未滿40,000元",30000,39999,6,"30,000-39,999 元",30000,39999,option,exact_range,source_question,95+ 同概念；106/110 對象為經濟戶長。
income,INC_PERS_WORK,個人工作/營業收入,106,106,J1,請問經濟戶長個人每個月「工作薪水、兼差薪水、加班費、退休金、年終獎金，以及從事農林漁,H1,請問您個人每個月「工作薪水、兼差薪水、加班費、退休金，以及從事農林漁業或自己做生意等」,7,"40,000 元-未滿50,000元",40000,49999,7,"40,000-49,999 元",40000,49999,option,exact_range,source_question,95+ 同概念；106/110 對象為經濟戶長。
income,INC_PERS_WORK,個人工作/營業收入,106,106,J1,請問經濟戶長個人每個月「工作薪水、兼差薪水、加班費、退休金、年終獎金，以及從事農林漁,H1,請問您個人每個月「工作薪水、兼差薪水、加班費、退休金，以及從事農林漁業或自己做生意等」,8,"50,000 元-未滿60,000元",50000,59999,8,"50,000-59,999 元",50000,59999,option,exact_range,source_question,95+ 同概念；106/110 對象為經濟戶長。
income,INC_PERS_WORK,個人工作/營業收入,106,106,J1,請問經濟戶長個人每個月「工作薪水、兼差薪水、加班費、退休金、年終獎金，以及從事農林漁,H1,請問您個人每個月「工作薪水、兼差薪水、加班費、退休金，以及從事農林漁業或自己做生意等」,9,"60,000 元-未滿70,000元",60000,69999,9,"60,000-69,999 元",60000,69999,option,exact_range,source_question,95+ 同概念；106/110 對象為經濟戶長。
income,INC_PERS_WORK,個人工作/營業收入,106,106,J1,請問經濟戶長個人每個月「工作薪水、兼差薪水、加班費、退休金、年終獎金，以及從事農林漁,H1,請問您個人每個月「工作薪水、兼差薪水、加班費、退休金，以及從事農林漁業或自己做生意等」,10,"70,000 元-未滿80,000元",70000,79999,10,"70,000-79,999 元",70000,79999,option,exact_range,source_question,95+ 同概念；106/110 對象為經濟戶長。
income,INC_PERS_WORK,個人工作/營業收入,106,106,J1,請問經濟戶長個人每個月「工作薪水、兼差薪水、加班費、退休金、年終獎金，以及從事農林漁,H1,請問您個人每個月「工作薪水、兼差薪水、加班費、退休金，以及從事農林漁業或自己做生意等」,11,"80,000元-未滿90,000元",80000,89999,11,"80,000-89,999 元",80000,89999,option,exact_range,source_question,95+ 同概念；106/110 對象為經濟戶長。
income,INC_PERS_WORK,個人工作/營業收入,106,106,J1,請問經濟戶長個人每個月「工作薪水、兼差薪水、加班費、退休金、年終獎金，以及從事農林漁,H1,請問您個人每個月「工作薪水、兼差薪水、加班費、退休金，以及從事農林漁業或自己做生意等」,12,"90,000元-未滿100,000元",90000,99999,12,"90,000-99,999 元",90000,99999,option,exact_range,source_question,95+ 同概念；106/110 對象為經濟戶長。
income,INC_PERS_WORK,個人工作/營業收入,106,106,J1,請問經濟戶長個人每個月「工作薪水、兼差薪水、加班費、退休金、年終獎金，以及從事農林漁,H1,請問您個人每個月「工作薪水、兼差薪水、加班費、退休金，以及從事農林漁業或自己做生意等」,13,"100,000元-未滿130,000元",100000,129999,13,"100,000-129,999元",100000,129999,option,exact_range,source_question,95+ 同概念；106/110 對象為經濟戶長。
income,INC_PERS_WORK,個人工作/營業收入,106,106,J1,請問經濟戶長個人每個月「工作薪水、兼差薪水、加班費、退休金、年終獎金，以及從事農林漁,H1,請問您個人每個月「工作薪水、兼差薪水、加班費、退休金，以及從事農林漁業或自己做生意等」,14,"130,000元-未滿160,000元",130000,159999,14,"130,000-159,999元",130000,159999,option,exact_range,source_question,95+ 同概念；106/110 對象為經濟戶長。
income,INC_PERS_WORK,個人工作/營業收入,106,106,J1,請問經濟戶長個人每個月「工作薪水、兼差薪水、加班費、退休金、年終獎金，以及從事農林漁,H1,請問您個人每個月「工作薪水、兼差薪水、加班費、退休金，以及從事農林漁業或自己做生意等」,15,"160,000元以上，請記錄____________元",160000,,15,"160,000 元及以上，請記錄____________元",160000,,option,exact_open_upper,source_question,95+ 同概念；106/110 對象為經濟戶長。
income,INC_PERS_WORK,個人工作/營業收入,106,106,J1,請問經濟戶長個人每個月「工作薪水、兼差薪水、加班費、退休金、年終獎金，以及從事農林漁,H1,請問您個人每個月「工作薪水、兼差薪水、加班費、退休金，以及從事農林漁業或自己做生意等」,16,沒有這項收入,0,0,16,沒有這項收入,0,0,option,exact_none,source_question,95+ 同概念；106/110 對象為經濟戶長。
income,INC_PERS_WORK,個人工作/營業收入,110,110,E1,請問經濟戶長個人每個月「工作薪水、兼差薪水、加班費、退休金、年終獎金，以及從事農林漁,H1,請問您個人每個月「工作薪水、兼差薪水、加班費、退休金，以及從事農林漁業或自己做生意等」,1,"未滿10,000元",0,9999,1,"9,999 元及以下",0,9999,option,exact_range,source_question,95+ 同概念；106/110 對象為經濟戶長。
income,INC_PERS_WORK,個人工作/營業收入,110,110,E1,請問經濟戶長個人每個月「工作薪水、兼差薪水、加班費、退休金、年終獎金，以及從事農林漁,H1,請問您個人每個月「工作薪水、兼差薪水、加班費、退休金，以及從事農林漁業或自己做生意等」,2,"10,000 元-未滿15,000元",10000,14999,2,"10,000-14,999 元",10000,14999,option,exact_range,source_question,95+ 同概念；106/110 對象為經濟戶長。
income,INC_PERS_WORK,個人工作/營業收入,110,110,E1,請問經濟戶長個人每個月「工作薪水、兼差薪水、加班費、退休金、年終獎金，以及從事農林漁,H1,請問您個人每個月「工作薪水、兼差薪水、加班費、退休金，以及從事農林漁業或自己做生意等」,3,"15,000 元-未滿20,000元",15000,19999,3,"15,000-19,999 元",15000,19999,option,exact_range,source_question,95+ 同概念；106/110 對象為經濟戶長。
income,INC_PERS_WORK,個人工作/營業收入,110,110,E1,請問經濟戶長個人每個月「工作薪水、兼差薪水、加班費、退休金、年終獎金，以及從事農林漁,H1,請問您個人每個月「工作薪水、兼差薪水、加班費、退休金，以及從事農林漁業或自己做生意等」,4,"20,000 元-未滿25,000元",20000,24999,4,"20,000-24,999 元",20000,24999,option,exact_range,source_question,95+ 同概念；106/110 對象為經濟戶長。
income,INC_PERS_WORK,個人工作/營業收入,110,110,E1,請問經濟戶長個人每個月「工作薪水、兼差薪水、加班費、退休金、年終獎金，以及從事農林漁,H1,請問您個人每個月「工作薪水、兼差薪水、加班費、退休金，以及從事農林漁業或自己做生意等」,5,"25,000 元-未滿30,000元",25000,29999,5,"25,000-29,999 元",25000,29999,option,exact_range,source_question,95+ 同概念；106/110 對象為經濟戶長。
income,INC_PERS_WORK,個人工作/營業收入,110,110,E1,請問經濟戶長個人每個月「工作薪水、兼差薪水、加班費、退休金、年終獎金，以及從事農林漁,H1,請問您個人每個月「工作薪水、兼差薪水、加班費、退休金，以及從事農林漁業或自己做生意等」,6,"30,000 元-未滿40,000元",30000,39999,6,"30,000-39,999 元",30000,39999,option,exact_range,source_question,95+ 同概念；106/110 對象為經濟戶長。
income,INC_PERS_WORK,個人工作/營業收入,110,110,E1,請問經濟戶長個人每個月「工作薪水、兼差薪水、加班費、退休金、年終獎金，以及從事農林漁,H1,請問您個人每個月「工作薪水、兼差薪水、加班費、退休金，以及從事農林漁業或自己做生意等」,7,"40,000 元-未滿50,000元",40000,49999,7,"40,000-49,999 元",40000,49999,option,exact_range,source_question,95+ 同概念；106/110 對象為經濟戶長。
income,INC_PERS_WORK,個人工作/營業收入,110,110,E1,請問經濟戶長個人每個月「工作薪水、兼差薪水、加班費、退休金、年終獎金，以及從事農林漁,H1,請問您個人每個月「工作薪水、兼差薪水、加班費、退休金，以及從事農林漁業或自己做生意等」,8,"50,000 元-未滿60,000元",50000,59999,8,"50,000-59,999 元",50000,59999,option,exact_range,source_question,95+ 同概念；106/110 對象為經濟戶長。
income,INC_PERS_WORK,個人工作/營業收入,110,110,E1,請問經濟戶長個人每個月「工作薪水、兼差薪水、加班費、退休金、年終獎金，以及從事農林漁,H1,請問您個人每個月「工作薪水、兼差薪水、加班費、退休金，以及從事農林漁業或自己做生意等」,9,"60,000 元-未滿70,000元",60000,69999,9,"60,000-69,999 元",60000,69999,option,exact_range,source_question,95+ 同概念；106/110 對象為經濟戶長。
income,INC_PERS_WORK,個人工作/營業收入,110,110,E1,請問經濟戶長個人每個月「工作薪水、兼差薪水、加班費、退休金、年終獎金，以及從事農林漁,H1,請問您個人每個月「工作薪水、兼差薪水、加班費、退休金，以及從事農林漁業或自己做生意等」,10,"70,000 元-未滿80,000元",70000,79999,10,"70,000-79,999 元",70000,79999,option,exact_range,source_question,95+ 同概念；106/110 對象為經濟戶長。
income,INC_PERS_WORK,個人工作/營業收入,110,110,E1,請問經濟戶長個人每個月「工作薪水、兼差薪水、加班費、退休金、年終獎金，以及從事農林漁,H1,請問您個人每個月「工作薪水、兼差薪水、加班費、退休金，以及從事農林漁業或自己做生意等」,11,"80,000 元-未滿90,000元",80000,89999,11,"80,000-89,999 元",80000,89999,option,exact_range,source_question,95+ 同概念；106/110 對象為經濟戶長。
income,INC_PERS_WORK,個人工作/營業收入,110,110,E1,請問經濟戶長個人每個月「工作薪水、兼差薪水、加班費、退休金、年終獎金，以及從事農林漁,H1,請問您個人每個月「工作薪水、兼差薪水、加班費、退休金，以及從事農林漁業或自己做生意等」,12,"90,000元-未滿100,000元",90000,99999,12,"90,000-99,999 元",90000,99999,option,exact_range,source_question,95+ 同概念；106/110 對象為經濟戶長。
income,INC_PERS_WORK,個人工作/營業收入,110,110,E1,請問經濟戶長個人每個月「工作薪水、兼差薪水、加班費、退休金、年終獎金，以及從事農林漁,H1,請問您個人每個月「工作薪水、兼差薪水、加班費、退休金，以及從事農林漁業或自己做生意等」,13,"100,000元-未滿130,000元",100000,129999,13,"100,000-129,999元",100000,129999,option,exact_range,source_question,95+ 同概念；106/110 對象為經濟戶長。
income,INC_PERS_WORK,個人工作/營業收入,110,110,E1,請問經濟戶長個人每個月「工作薪水、兼差薪水、加班費、退休金、年終獎金，以及從事農林漁,H1,請問您個人每個月「工作薪水、兼差薪水、加班費、退休金，以及從事農林漁業或自己做生意等」,14,"130,000元-未滿160,000元",130000,159999,14,"130,000-159,999元",130000,159999,option,exact_range,source_question,95+ 同概念；106/110 對象為經濟戶長。
income,INC_PERS_WORK,個人工作/營業收入,110,110,E1,請問經濟戶長個人每個月「工作薪水、兼差薪水、加班費、退休金、年終獎金，以及從事農林漁,H1,請問您個人每個月「工作薪水、兼差薪水、加班費、退休金，以及從事農林漁業或自己做生意等」,15,"160,000元以上，請記錄____________元",160000,,15,"160,000 元及以上，請記錄____________元",160000,,option,exact_open_upper,source_question,95+ 同概念；106/110 對象為經濟戶長。
income,INC_PERS_WORK,個人工作/營業收入,110,110,E1,請問經濟戶長個人每個月「工作薪水、兼差薪水、加班費、退休金、年終獎金，以及從事農林漁,H1,請問您個人每個月「工作薪水、兼差薪水、加班費、退休金，以及從事農林漁業或自己做生意等」,16,沒有這項收入,0,0,16,沒有這項收入,0,0,option,exact_none,source_question,95+ 同概念；106/110 對象為經濟戶長。
income,INC_PERS_GOV,個人政府津貼補助/保險收入,91,91_1,,,H2,請問您個人每個月接受「政府津貼補助、各種社會保險、私人保險」收入總共是多少？,,,,,,,,,option,not_available_in_source_dataset,source_question,95+ 同概念；106/110 對象為經濟戶長。106/110 原始 question_options 有抽取錯位，已在建表時修補。
income,INC_PERS_GOV,個人政府津貼補助/保險收入,91,91_2,,,H2,請問您個人每個月接受「政府津貼補助、各種社會保險、私人保險」收入總共是多少？,,,,,,,,,option,not_available_in_source_dataset,source_question,95+ 同概念；106/110 對象為經濟戶長。106/110 原始 question_options 有抽取錯位，已在建表時修補。
income,INC_PERS_GOV,個人政府津貼補助/保險收入,95,95,Q10-2,請問您個人每個月接受「政府津貼補助、各種保險」收入總共是多少？,H2,請問您個人每個月接受「政府津貼補助、各種社會保險、私人保險」收入總共是多少？,1,999元及以下,0,999,1,999 元及以下,0,999,option,exact_range,source_question,95+ 同概念；106/110 對象為經濟戶長。106/110 原始 question_options 有抽取錯位，已在建表時修補。
income,INC_PERS_GOV,個人政府津貼補助/保險收入,95,95,Q10-2,請問您個人每個月接受「政府津貼補助、各種保險」收入總共是多少？,H2,請問您個人每個月接受「政府津貼補助、各種社會保險、私人保險」收入總共是多少？,2,"1,000-1,999元",1000,1999,2,"1,000-1,999 元",1000,1999,option,exact_range,source_question,95+ 同概念；106/110 對象為經濟戶長。106/110 原始 question_options 有抽取錯位，已在建表時修補。
income,INC_PERS_GOV,個人政府津貼補助/保險收入,95,95,Q10-2,請問您個人每個月接受「政府津貼補助、各種保險」收入總共是多少？,H2,請問您個人每個月接受「政府津貼補助、各種社會保險、私人保險」收入總共是多少？,3,"2,000-3,999 元",2000,3999,3,"2,000-2,999 元",2000,2999,option,source_bin_spans_multiple_base_bins,source_question,95+ 同概念；106/110 對象為經濟戶長。106/110 原始 question_options 有抽取錯位，已在建表時修補。
income,INC_PERS_GOV,個人政府津貼補助/保險收入,95,95,Q10-2,請問您個人每個月接受「政府津貼補助、各種保險」收入總共是多少？,H2,請問您個人每個月接受「政府津貼補助、各種社會保險、私人保險」收入總共是多少？,3,"2,000-3,999 元",2000,3999,4,"3,000-3,999 元",3000,3999,option,source_bin_spans_multiple_base_bins,source_question,95+ 同概念；106/110 對象為經濟戶長。106/110 原始 question_options 有抽取錯位，已在建表時修補。
income,INC_PERS_GOV,個人政府津貼補助/保險收入,95,95,Q10-2,請問您個人每個月接受「政府津貼補助、各種保險」收入總共是多少？,H2,請問您個人每個月接受「政府津貼補助、各種社會保險、私人保險」收入總共是多少？,4,"4,000-5,999元",4000,5999,5,"4,000-4,999 元",4000,4999,option,source_bin_spans_multiple_base_bins,source_question,95+ 同概念；106/110 對象為經濟戶長。106/110 原始 question_options 有抽取錯位，已在建表時修補。
income,INC_PERS_GOV,個人政府津貼補助/保險收入,95,95,Q10-2,請問您個人每個月接受「政府津貼補助、各種保險」收入總共是多少？,H2,請問您個人每個月接受「政府津貼補助、各種社會保險、私人保險」收入總共是多少？,4,"4,000-5,999元",4000,5999,6,"5,000-5,999 元",5000,5999,option,source_bin_spans_multiple_base_bins,source_question,95+ 同概念；106/110 對象為經濟戶長。106/110 原始 question_options 有抽取錯位，已在建表時修補。
income,INC_PERS_GOV,個人政府津貼補助/保險收入,95,95,Q10-2,請問您個人每個月接受「政府津貼補助、各種保險」收入總共是多少？,H2,請問您個人每個月接受「政府津貼補助、各種社會保險、私人保險」收入總共是多少？,5,"6,000-7,999 元",6000,7999,7,"6,000-7,999 元",6000,7999,option,exact_range,source_question,95+ 同概念；106/110 對象為經濟戶長。106/110 原始 question_options 有抽取錯位，已在建表時修補。
income,INC_PERS_GOV,個人政府津貼補助/保險收入,95,95,Q10-2,請問您個人每個月接受「政府津貼補助、各種保險」收入總共是多少？,H2,請問您個人每個月接受「政府津貼補助、各種社會保險、私人保險」收入總共是多少？,6,"8,000-9,999元",8000,9999,8,"8,000-9,999 元",8000,9999,option,exact_range,source_question,95+ 同概念；106/110 對象為經濟戶長。106/110 原始 question_options 有抽取錯位，已在建表時修補。
income,INC_PERS_GOV,個人政府津貼補助/保險收入,95,95,Q10-2,請問您個人每個月接受「政府津貼補助、各種保險」收入總共是多少？,H2,請問您個人每個月接受「政府津貼補助、各種社會保險、私人保險」收入總共是多少？,7,"10,000-14,999 元",10000,14999,9,"10,000-14,999 元",10000,14999,option,exact_range,source_question,95+ 同概念；106/110 對象為經濟戶長。106/110 原始 question_options 有抽取錯位，已在建表時修補。
income,INC_PERS_GOV,個人政府津貼補助/保險收入,95,95,Q10-2,請問您個人每個月接受「政府津貼補助、各種保險」收入總共是多少？,H2,請問您個人每個月接受「政府津貼補助、各種社會保險、私人保險」收入總共是多少？,8,"15,000-19,999元",15000,19999,10,"15,000-19,999 元",15000,19999,option,exact_range,source_question,95+ 同概念；106/110 對象為經濟戶長。106/110 原始 question_options 有抽取錯位，已在建表時修補。
income,INC_PERS_GOV,個人政府津貼補助/保險收入,95,95,Q10-2,請問您個人每個月接受「政府津貼補助、各種保險」收入總共是多少？,H2,請問您個人每個月接受「政府津貼補助、各種社會保險、私人保險」收入總共是多少？,9,"20,000-29,999 元",20000,29999,11,"20,000-29,999 元",20000,29999,option,exact_range,source_question,95+ 同概念；106/110 對象為經濟戶長。106/110 原始 question_options 有抽取錯位，已在建表時修補。
income,INC_PERS_GOV,個人政府津貼補助/保險收入,95,95,Q10-2,請問您個人每個月接受「政府津貼補助、各種保險」收入總共是多少？,H2,請問您個人每個月接受「政府津貼補助、各種社會保險、私人保險」收入總共是多少？,90,"30,000 元及以上，請記錄 元",30000,,12,"30,000 元及以上，請記錄________元",30000,,option,exact_open_upper,source_question,95+ 同概念；106/110 對象為經濟戶長。106/110 原始 question_options 有抽取錯位，已在建表時修補。
income,INC_PERS_GOV,個人政府津貼補助/保險收入,95,95,Q10-2,請問您個人每個月接受「政府津貼補助、各種保險」收入總共是多少？,H2,請問您個人每個月接受「政府津貼補助、各種社會保險、私人保險」收入總共是多少？,95,沒有這項收入,0,0,13,沒有這項收入,0,0,option,exact_none,source_question,95+ 同概念；106/110 對象為經濟戶長。106/110 原始 question_options 有抽取錯位，已在建表時修補。
income,INC_PERS_GOV,個人政府津貼補助/保險收入,99,99,H2,請問您個人每個月接受「政府津貼補助、各種保險」收入總共是多少？,H2,請問您個人每個月接受「政府津貼補助、各種社會保險、私人保險」收入總共是多少？,1,999 元及以下,0,999,1,999 元及以下,0,999,option,exact_range,source_question,95+ 同概念；106/110 對象為經濟戶長。106/110 原始 question_options 有抽取錯位，已在建表時修補。
income,INC_PERS_GOV,個人政府津貼補助/保險收入,99,99,H2,請問您個人每個月接受「政府津貼補助、各種保險」收入總共是多少？,H2,請問您個人每個月接受「政府津貼補助、各種社會保險、私人保險」收入總共是多少？,2,"1,000-1,999 元",1000,1999,2,"1,000-1,999 元",1000,1999,option,exact_range,source_question,95+ 同概念；106/110 對象為經濟戶長。106/110 原始 question_options 有抽取錯位，已在建表時修補。
income,INC_PERS_GOV,個人政府津貼補助/保險收入,99,99,H2,請問您個人每個月接受「政府津貼補助、各種保險」收入總共是多少？,H2,請問您個人每個月接受「政府津貼補助、各種社會保險、私人保險」收入總共是多少？,3,"2,000-2,999 元",2000,2999,3,"2,000-2,999 元",2000,2999,option,exact_range,source_question,95+ 同概念；106/110 對象為經濟戶長。106/110 原始 question_options 有抽取錯位，已在建表時修補。
income,INC_PERS_GOV,個人政府津貼補助/保險收入,99,99,H2,請問您個人每個月接受「政府津貼補助、各種保險」收入總共是多少？,H2,請問您個人每個月接受「政府津貼補助、各種社會保險、私人保險」收入總共是多少？,4,"3,000-3,999 元",3000,3999,4,"3,000-3,999 元",3000,3999,option,exact_range,source_question,95+ 同概念；106/110 對象為經濟戶長。106/110 原始 question_options 有抽取錯位，已在建表時修補。
income,INC_PERS_GOV,個人政府津貼補助/保險收入,99,99,H2,請問您個人每個月接受「政府津貼補助、各種保險」收入總共是多少？,H2,請問您個人每個月接受「政府津貼補助、各種社會保險、私人保險」收入總共是多少？,5,"4,000-4,999 元",4000,4999,5,"4,000-4,999 元",4000,4999,option,exact_range,source_question,95+ 同概念；106/110 對象為經濟戶長。106/110 原始 question_options 有抽取錯位，已在建表時修補。
income,INC_PERS_GOV,個人政府津貼補助/保險收入,99,99,H2,請問您個人每個月接受「政府津貼補助、各種保險」收入總共是多少？,H2,請問您個人每個月接受「政府津貼補助、各種社會保險、私人保險」收入總共是多少？,6,"5,000-5,999 元",5000,5999,6,"5,000-5,999 元",5000,5999,option,exact_range,source_question,95+ 同概念；106/110 對象為經濟戶長。106/110 原始 question_options 有抽取錯位，已在建表時修補。
income,INC_PERS_GOV,個人政府津貼補助/保險收入,99,99,H2,請問您個人每個月接受「政府津貼補助、各種保險」收入總共是多少？,H2,請問您個人每個月接受「政府津貼補助、各種社會保險、私人保險」收入總共是多少？,7,"6,000-7,999 元",6000,7999,7,"6,000-7,999 元",6000,7999,option,exact_range,source_question,95+ 同概念；106/110 對象為經濟戶長。106/110 原始 question_options 有抽取錯位，已在建表時修補。
income,INC_PERS_GOV,個人政府津貼補助/保險收入,99,99,H2,請問您個人每個月接受「政府津貼補助、各種保險」收入總共是多少？,H2,請問您個人每個月接受「政府津貼補助、各種社會保險、私人保險」收入總共是多少？,8,"8,000-9,999 元",8000,9999,8,"8,000-9,999 元",8000,9999,option,exact_range,source_question,95+ 同概念；106/110 對象為經濟戶長。106/110 原始 question_options 有抽取錯位，已在建表時修補。
income,INC_PERS_GOV,個人政府津貼補助/保險收入,99,99,H2,請問您個人每個月接受「政府津貼補助、各種保險」收入總共是多少？,H2,請問您個人每個月接受「政府津貼補助、各種社會保險、私人保險」收入總共是多少？,9,"10,000-14,999 元",10000,14999,9,"10,000-14,999 元",10000,14999,option,exact_range,source_question,95+ 同概念；106/110 對象為經濟戶長。106/110 原始 question_options 有抽取錯位，已在建表時修補。
income,INC_PERS_GOV,個人政府津貼補助/保險收入,99,99,H2,請問您個人每個月接受「政府津貼補助、各種保險」收入總共是多少？,H2,請問您個人每個月接受「政府津貼補助、各種社會保險、私人保險」收入總共是多少？,10,"15,000-19,999 元",15000,19999,10,"15,000-19,999 元",15000,19999,option,exact_range,source_question,95+ 同概念；106/110 對象為經濟戶長。106/110 原始 question_options 有抽取錯位，已在建表時修補。
income,INC_PERS_GOV,個人政府津貼補助/保險收入,99,99,H2,請問您個人每個月接受「政府津貼補助、各種保險」收入總共是多少？,H2,請問您個人每個月接受「政府津貼補助、各種社會保險、私人保險」收入總共是多少？,11,"20,000-29,999 元",20000,29999,11,"20,000-29,999 元",20000,29999,option,exact_range,source_question,95+ 同概念；106/110 對象為經濟戶長。106/110 原始 question_options 有抽取錯位，已在建表時修補。
income,INC_PERS_GOV,個人政府津貼補助/保險收入,99,99,H2,請問您個人每個月接受「政府津貼補助、各種保險」收入總共是多少？,H2,請問您個人每個月接受「政府津貼補助、各種社會保險、私人保險」收入總共是多少？,12,"30,000 元及以上，請記錄 元",30000,,12,"30,000 元及以上，請記錄________元",30000,,option,exact_open_upper,source_question,95+ 同概念；106/110 對象為經濟戶長。106/110 原始 question_options 有抽取錯位，已在建表時修補。
income,INC_PERS_GOV,個人政府津貼補助/保險收入,99,99,H2,請問您個人每個月接受「政府津貼補助、各種保險」收入總共是多少？,H2,請問您個人每個月接受「政府津貼補助、各種社會保險、私人保險」收入總共是多少？,13,沒有這項收入,0,0,13,沒有這項收入,0,0,option,exact_none,source_question,95+ 同概念；106/110 對象為經濟戶長。106/110 原始 question_options 有抽取錯位，已在建表時修補。
income,INC_PERS_GOV,個人政府津貼補助/保險收入,103,103,H2,請問您個人每個月接受「政府津貼補助、各種社會保險、私人保險」收入總共是多少？,H2,請問您個人每個月接受「政府津貼補助、各種社會保險、私人保險」收入總共是多少？,1,999 元及以下,0,999,1,999 元及以下,0,999,option,exact_range,source_question,95+ 同概念；106/110 對象為經濟戶長。106/110 原始 question_options 有抽取錯位，已在建表時修補。
income,INC_PERS_GOV,個人政府津貼補助/保險收入,103,103,H2,請問您個人每個月接受「政府津貼補助、各種社會保險、私人保險」收入總共是多少？,H2,請問您個人每個月接受「政府津貼補助、各種社會保險、私人保險」收入總共是多少？,2,"1,000-1,999 元",1000,1999,2,"1,000-1,999 元",1000,1999,option,exact_range,source_question,95+ 同概念；106/110 對象為經濟戶長。106/110 原始 question_options 有抽取錯位，已在建表時修補。
income,INC_PERS_GOV,個人政府津貼補助/保險收入,103,103,H2,請問您個人每個月接受「政府津貼補助、各種社會保險、私人保險」收入總共是多少？,H2,請問您個人每個月接受「政府津貼補助、各種社會保險、私人保險」收入總共是多少？,3,"2,000-2,999 元",2000,2999,3,"2,000-2,999 元",2000,2999,option,exact_range,source_question,95+ 同概念；106/110 對象為經濟戶長。106/110 原始 question_options 有抽取錯位，已在建表時修補。
income,INC_PERS_GOV,個人政府津貼補助/保險收入,103,103,H2,請問您個人每個月接受「政府津貼補助、各種社會保險、私人保險」收入總共是多少？,H2,請問您個人每個月接受「政府津貼補助、各種社會保險、私人保險」收入總共是多少？,4,"3,000-3,999 元",3000,3999,4,"3,000-3,999 元",3000,3999,option,exact_range,source_question,95+ 同概念；106/110 對象為經濟戶長。106/110 原始 question_options 有抽取錯位，已在建表時修補。
income,INC_PERS_GOV,個人政府津貼補助/保險收入,103,103,H2,請問您個人每個月接受「政府津貼補助、各種社會保險、私人保險」收入總共是多少？,H2,請問您個人每個月接受「政府津貼補助、各種社會保險、私人保險」收入總共是多少？,5,"4,000-4,999 元",4000,4999,5,"4,000-4,999 元",4000,4999,option,exact_range,source_question,95+ 同概念；106/110 對象為經濟戶長。106/110 原始 question_options 有抽取錯位，已在建表時修補。
income,INC_PERS_GOV,個人政府津貼補助/保險收入,103,103,H2,請問您個人每個月接受「政府津貼補助、各種社會保險、私人保險」收入總共是多少？,H2,請問您個人每個月接受「政府津貼補助、各種社會保險、私人保險」收入總共是多少？,6,"5,000-5,999 元",5000,5999,6,"5,000-5,999 元",5000,5999,option,exact_range,source_question,95+ 同概念；106/110 對象為經濟戶長。106/110 原始 question_options 有抽取錯位，已在建表時修補。
income,INC_PERS_GOV,個人政府津貼補助/保險收入,103,103,H2,請問您個人每個月接受「政府津貼補助、各種社會保險、私人保險」收入總共是多少？,H2,請問您個人每個月接受「政府津貼補助、各種社會保險、私人保險」收入總共是多少？,7,"6,000-7,999 元",6000,7999,7,"6,000-7,999 元",6000,7999,option,exact_range,source_question,95+ 同概念；106/110 對象為經濟戶長。106/110 原始 question_options 有抽取錯位，已在建表時修補。
income,INC_PERS_GOV,個人政府津貼補助/保險收入,103,103,H2,請問您個人每個月接受「政府津貼補助、各種社會保險、私人保險」收入總共是多少？,H2,請問您個人每個月接受「政府津貼補助、各種社會保險、私人保險」收入總共是多少？,8,"8,000-9,999 元",8000,9999,8,"8,000-9,999 元",8000,9999,option,exact_range,source_question,95+ 同概念；106/110 對象為經濟戶長。106/110 原始 question_options 有抽取錯位，已在建表時修補。
income,INC_PERS_GOV,個人政府津貼補助/保險收入,103,103,H2,請問您個人每個月接受「政府津貼補助、各種社會保險、私人保險」收入總共是多少？,H2,請問您個人每個月接受「政府津貼補助、各種社會保險、私人保險」收入總共是多少？,9,"10,000-14,999 元",10000,14999,9,"10,000-14,999 元",10000,14999,option,exact_range,source_question,95+ 同概念；106/110 對象為經濟戶長。106/110 原始 question_options 有抽取錯位，已在建表時修補。
income,INC_PERS_GOV,個人政府津貼補助/保險收入,103,103,H2,請問您個人每個月接受「政府津貼補助、各種社會保險、私人保險」收入總共是多少？,H2,請問您個人每個月接受「政府津貼補助、各種社會保險、私人保險」收入總共是多少？,10,"15,000-19,999 元",15000,19999,10,"15,000-19,999 元",15000,19999,option,exact_range,source_question,95+ 同概念；106/110 對象為經濟戶長。106/110 原始 question_options 有抽取錯位，已在建表時修補。
income,INC_PERS_GOV,個人政府津貼補助/保險收入,103,103,H2,請問您個人每個月接受「政府津貼補助、各種社會保險、私人保險」收入總共是多少？,H2,請問您個人每個月接受「政府津貼補助、各種社會保險、私人保險」收入總共是多少？,11,"20,000-29,999 元",20000,29999,11,"20,000-29,999 元",20000,29999,option,exact_range,source_question,95+ 同概念；106/110 對象為經濟戶長。106/110 原始 question_options 有抽取錯位，已在建表時修補。
income,INC_PERS_GOV,個人政府津貼補助/保險收入,103,103,H2,請問您個人每個月接受「政府津貼補助、各種社會保險、私人保險」收入總共是多少？,H2,請問您個人每個月接受「政府津貼補助、各種社會保險、私人保險」收入總共是多少？,12,"30,000 元及以上，請記錄________元",30000,,12,"30,000 元及以上，請記錄________元",30000,,option,exact_open_upper,source_question,95+ 同概念；106/110 對象為經濟戶長。106/110 原始 question_options 有抽取錯位，已在建表時修補。
income,INC_PERS_GOV,個人政府津貼補助/保險收入,103,103,H2,請問您個人每個月接受「政府津貼補助、各種社會保險、私人保險」收入總共是多少？,H2,請問您個人每個月接受「政府津貼補助、各種社會保險、私人保險」收入總共是多少？,13,沒有這項收入,0,0,13,沒有這項收入,0,0,option,exact_none,source_question,95+ 同概念；106/110 對象為經濟戶長。106/110 原始 question_options 有抽取錯位，已在建表時修補。
income,INC_PERS_GOV,個人政府津貼補助/保險收入,106,106,J2,請問經濟戶長個人每個月接受「政府津貼補助、各種社會保險、私人保險受益」收入總共是多少？【106年平均每個月的金額】,H2,請問您個人每個月接受「政府津貼補助、各種社會保險、私人保險」收入總共是多少？,1,"未滿1,000元",0,999,1,999 元及以下,0,999,option,exact_range,source_question,95+ 同概念；106/110 對象為經濟戶長。106/110 原始 question_options 有抽取錯位，已在建表時修補。
income,INC_PERS_GOV,個人政府津貼補助/保險收入,106,106,J2,請問經濟戶長個人每個月接受「政府津貼補助、各種社會保險、私人保險受益」收入總共是多少？【106年平均每個月的金額】,H2,請問您個人每個月接受「政府津貼補助、各種社會保險、私人保險」收入總共是多少？,2,"1,000 元-未滿2,000元",1000,1999,2,"1,000-1,999 元",1000,1999,option,exact_range,source_question,95+ 同概念；106/110 對象為經濟戶長。106/110 原始 question_options 有抽取錯位，已在建表時修補。
income,INC_PERS_GOV,個人政府津貼補助/保險收入,106,106,J2,請問經濟戶長個人每個月接受「政府津貼補助、各種社會保險、私人保險受益」收入總共是多少？【106年平均每個月的金額】,H2,請問您個人每個月接受「政府津貼補助、各種社會保險、私人保險」收入總共是多少？,3,"2,000 元-未滿3,000元",2000,2999,3,"2,000-2,999 元",2000,2999,option,exact_range,source_question,95+ 同概念；106/110 對象為經濟戶長。106/110 原始 question_options 有抽取錯位，已在建表時修補。
income,INC_PERS_GOV,個人政府津貼補助/保險收入,106,106,J2,請問經濟戶長個人每個月接受「政府津貼補助、各種社會保險、私人保險受益」收入總共是多少？【106年平均每個月的金額】,H2,請問您個人每個月接受「政府津貼補助、各種社會保險、私人保險」收入總共是多少？,4,"3,000 元-未滿4,000元",3000,3999,4,"3,000-3,999 元",3000,3999,option,exact_range,source_question,95+ 同概念；106/110 對象為經濟戶長。106/110 原始 question_options 有抽取錯位，已在建表時修補。
income,INC_PERS_GOV,個人政府津貼補助/保險收入,106,106,J2,請問經濟戶長個人每個月接受「政府津貼補助、各種社會保險、私人保險受益」收入總共是多少？【106年平均每個月的金額】,H2,請問您個人每個月接受「政府津貼補助、各種社會保險、私人保險」收入總共是多少？,5,"4,000 元-未滿5,000元",4000,4999,5,"4,000-4,999 元",4000,4999,option,exact_range,source_question,95+ 同概念；106/110 對象為經濟戶長。106/110 原始 question_options 有抽取錯位，已在建表時修補。
income,INC_PERS_GOV,個人政府津貼補助/保險收入,106,106,J2,請問經濟戶長個人每個月接受「政府津貼補助、各種社會保險、私人保險受益」收入總共是多少？【106年平均每個月的金額】,H2,請問您個人每個月接受「政府津貼補助、各種社會保險、私人保險」收入總共是多少？,6,"5,000 元-未滿6,000元",5000,5999,6,"5,000-5,999 元",5000,5999,option,exact_range,source_question,95+ 同概念；106/110 對象為經濟戶長。106/110 原始 question_options 有抽取錯位，已在建表時修補。
income,INC_PERS_GOV,個人政府津貼補助/保險收入,106,106,J2,請問經濟戶長個人每個月接受「政府津貼補助、各種社會保險、私人保險受益」收入總共是多少？【106年平均每個月的金額】,H2,請問您個人每個月接受「政府津貼補助、各種社會保險、私人保險」收入總共是多少？,7,"6,000 元-未滿8,000元",6000,7999,7,"6,000-7,999 元",6000,7999,option,exact_range,source_question,95+ 同概念；106/110 對象為經濟戶長。106/110 原始 question_options 有抽取錯位，已在建表時修補。
income,INC_PERS_GOV,個人政府津貼補助/保險收入,106,106,J2,請問經濟戶長個人每個月接受「政府津貼補助、各種社會保險、私人保險受益」收入總共是多少？【106年平均每個月的金額】,H2,請問您個人每個月接受「政府津貼補助、各種社會保險、私人保險」收入總共是多少？,8,"8,000 元-未滿10,000元",8000,9999,8,"8,000-9,999 元",8000,9999,option,exact_range,source_question,95+ 同概念；106/110 對象為經濟戶長。106/110 原始 question_options 有抽取錯位，已在建表時修補。
income,INC_PERS_GOV,個人政府津貼補助/保險收入,106,106,J2,請問經濟戶長個人每個月接受「政府津貼補助、各種社會保險、私人保險受益」收入總共是多少？【106年平均每個月的金額】,H2,請問您個人每個月接受「政府津貼補助、各種社會保險、私人保險」收入總共是多少？,9,"10,000元-未滿15,000元",10000,14999,9,"10,000-14,999 元",10000,14999,option,exact_range,source_question,95+ 同概念；106/110 對象為經濟戶長。106/110 原始 question_options 有抽取錯位，已在建表時修補。
income,INC_PERS_GOV,個人政府津貼補助/保險收入,106,106,J2,請問經濟戶長個人每個月接受「政府津貼補助、各種社會保險、私人保險受益」收入總共是多少？【106年平均每個月的金額】,H2,請問您個人每個月接受「政府津貼補助、各種社會保險、私人保險」收入總共是多少？,10,"15,000元-未滿20,000元",15000,19999,10,"15,000-19,999 元",15000,19999,option,exact_range,source_question,95+ 同概念；106/110 對象為經濟戶長。106/110 原始 question_options 有抽取錯位，已在建表時修補。
income,INC_PERS_GOV,個人政府津貼補助/保險收入,106,106,J2,請問經濟戶長個人每個月接受「政府津貼補助、各種社會保險、私人保險受益」收入總共是多少？【106年平均每個月的金額】,H2,請問您個人每個月接受「政府津貼補助、各種社會保險、私人保險」收入總共是多少？,11,"20,000元-未滿30,000元",20000,29999,11,"20,000-29,999 元",20000,29999,option,exact_range,source_question,95+ 同概念；106/110 對象為經濟戶長。106/110 原始 question_options 有抽取錯位，已在建表時修補。
income,INC_PERS_GOV,個人政府津貼補助/保險收入,106,106,J2,請問經濟戶長個人每個月接受「政府津貼補助、各種社會保險、私人保險受益」收入總共是多少？【106年平均每個月的金額】,H2,請問您個人每個月接受「政府津貼補助、各種社會保險、私人保險」收入總共是多少？,12,"30,000元以上，請記錄________元",30000,,12,"30,000 元及以上，請記錄________元",30000,,option,exact_open_upper,source_question,95+ 同概念；106/110 對象為經濟戶長。106/110 原始 question_options 有抽取錯位，已在建表時修補。
income,INC_PERS_GOV,個人政府津貼補助/保險收入,106,106,J2,請問經濟戶長個人每個月接受「政府津貼補助、各種社會保險、私人保險受益」收入總共是多少？【106年平均每個月的金額】,H2,請問您個人每個月接受「政府津貼補助、各種社會保險、私人保險」收入總共是多少？,13,沒有這項收入,0,0,13,沒有這項收入,0,0,option,exact_none,source_question,95+ 同概念；106/110 對象為經濟戶長。106/110 原始 question_options 有抽取錯位，已在建表時修補。
income,INC_PERS_GOV,個人政府津貼補助/保險收入,110,110,E2,請問經濟戶長個人每個月接受「政府津貼補助、各種社會保險、私人保險受益」收入總共是多少？【110年平均每個月的金額】,H2,請問您個人每個月接受「政府津貼補助、各種社會保險、私人保險」收入總共是多少？,1,"未滿1,000元",0,999,1,999 元及以下,0,999,option,exact_range,source_question,95+ 同概念；106/110 對象為經濟戶長。106/110 原始 question_options 有抽取錯位，已在建表時修補。
income,INC_PERS_GOV,個人政府津貼補助/保險收入,110,110,E2,請問經濟戶長個人每個月接受「政府津貼補助、各種社會保險、私人保險受益」收入總共是多少？【110年平均每個月的金額】,H2,請問您個人每個月接受「政府津貼補助、各種社會保險、私人保險」收入總共是多少？,2,"1,000 元-未滿2,000元",1000,1999,2,"1,000-1,999 元",1000,1999,option,exact_range,source_question,95+ 同概念；106/110 對象為經濟戶長。106/110 原始 question_options 有抽取錯位，已在建表時修補。
income,INC_PERS_GOV,個人政府津貼補助/保險收入,110,110,E2,請問經濟戶長個人每個月接受「政府津貼補助、各種社會保險、私人保險受益」收入總共是多少？【110年平均每個月的金額】,H2,請問您個人每個月接受「政府津貼補助、各種社會保險、私人保險」收入總共是多少？,3,"2,000 元-未滿3,000元",2000,2999,3,"2,000-2,999 元",2000,2999,option,exact_range,source_question,95+ 同概念；106/110 對象為經濟戶長。106/110 原始 question_options 有抽取錯位，已在建表時修補。
income,INC_PERS_GOV,個人政府津貼補助/保險收入,110,110,E2,請問經濟戶長個人每個月接受「政府津貼補助、各種社會保險、私人保險受益」收入總共是多少？【110年平均每個月的金額】,H2,請問您個人每個月接受「政府津貼補助、各種社會保險、私人保險」收入總共是多少？,4,"3,000 元-未滿4,000元",3000,3999,4,"3,000-3,999 元",3000,3999,option,exact_range,source_question,95+ 同概念；106/110 對象為經濟戶長。106/110 原始 question_options 有抽取錯位，已在建表時修補。
income,INC_PERS_GOV,個人政府津貼補助/保險收入,110,110,E2,請問經濟戶長個人每個月接受「政府津貼補助、各種社會保險、私人保險受益」收入總共是多少？【110年平均每個月的金額】,H2,請問您個人每個月接受「政府津貼補助、各種社會保險、私人保險」收入總共是多少？,5,"4,000 元-未滿5,000元",4000,4999,5,"4,000-4,999 元",4000,4999,option,exact_range,source_question,95+ 同概念；106/110 對象為經濟戶長。106/110 原始 question_options 有抽取錯位，已在建表時修補。
income,INC_PERS_GOV,個人政府津貼補助/保險收入,110,110,E2,請問經濟戶長個人每個月接受「政府津貼補助、各種社會保險、私人保險受益」收入總共是多少？【110年平均每個月的金額】,H2,請問您個人每個月接受「政府津貼補助、各種社會保險、私人保險」收入總共是多少？,6,"5,000 元-未滿6,000元",5000,5999,6,"5,000-5,999 元",5000,5999,option,exact_range,source_question,95+ 同概念；106/110 對象為經濟戶長。106/110 原始 question_options 有抽取錯位，已在建表時修補。
income,INC_PERS_GOV,個人政府津貼補助/保險收入,110,110,E2,請問經濟戶長個人每個月接受「政府津貼補助、各種社會保險、私人保險受益」收入總共是多少？【110年平均每個月的金額】,H2,請問您個人每個月接受「政府津貼補助、各種社會保險、私人保險」收入總共是多少？,7,"6,000 元-未滿8,000元",6000,7999,7,"6,000-7,999 元",6000,7999,option,exact_range,source_question,95+ 同概念；106/110 對象為經濟戶長。106/110 原始 question_options 有抽取錯位，已在建表時修補。
income,INC_PERS_GOV,個人政府津貼補助/保險收入,110,110,E2,請問經濟戶長個人每個月接受「政府津貼補助、各種社會保險、私人保險受益」收入總共是多少？【110年平均每個月的金額】,H2,請問您個人每個月接受「政府津貼補助、各種社會保險、私人保險」收入總共是多少？,8,"8,000 元-未滿10,000元",8000,9999,8,"8,000-9,999 元",8000,9999,option,exact_range,source_question,95+ 同概念；106/110 對象為經濟戶長。106/110 原始 question_options 有抽取錯位，已在建表時修補。
income,INC_PERS_GOV,個人政府津貼補助/保險收入,110,110,E2,請問經濟戶長個人每個月接受「政府津貼補助、各種社會保險、私人保險受益」收入總共是多少？【110年平均每個月的金額】,H2,請問您個人每個月接受「政府津貼補助、各種社會保險、私人保險」收入總共是多少？,9,"10,000元-未滿15,000元",10000,14999,9,"10,000-14,999 元",10000,14999,option,exact_range,source_question,95+ 同概念；106/110 對象為經濟戶長。106/110 原始 question_options 有抽取錯位，已在建表時修補。
income,INC_PERS_GOV,個人政府津貼補助/保險收入,110,110,E2,請問經濟戶長個人每個月接受「政府津貼補助、各種社會保險、私人保險受益」收入總共是多少？【110年平均每個月的金額】,H2,請問您個人每個月接受「政府津貼補助、各種社會保險、私人保險」收入總共是多少？,10,"15,000元-未滿20,000元",15000,19999,10,"15,000-19,999 元",15000,19999,option,exact_range,source_question,95+ 同概念；106/110 對象為經濟戶長。106/110 原始 question_options 有抽取錯位，已在建表時修補。
income,INC_PERS_GOV,個人政府津貼補助/保險收入,110,110,E2,請問經濟戶長個人每個月接受「政府津貼補助、各種社會保險、私人保險受益」收入總共是多少？【110年平均每個月的金額】,H2,請問您個人每個月接受「政府津貼補助、各種社會保險、私人保險」收入總共是多少？,11,"20,000元-未滿30,000元",20000,29999,11,"20,000-29,999 元",20000,29999,option,exact_range,source_question,95+ 同概念；106/110 對象為經濟戶長。106/110 原始 question_options 有抽取錯位，已在建表時修補。
income,INC_PERS_GOV,個人政府津貼補助/保險收入,110,110,E2,請問經濟戶長個人每個月接受「政府津貼補助、各種社會保險、私人保險受益」收入總共是多少？【110年平均每個月的金額】,H2,請問您個人每個月接受「政府津貼補助、各種社會保險、私人保險」收入總共是多少？,12,"30,000元以上，請記錄________元",30000,,12,"30,000 元及以上，請記錄________元",30000,,option,exact_open_upper,source_question,95+ 同概念；106/110 對象為經濟戶長。106/110 原始 question_options 有抽取錯位，已在建表時修補。
income,INC_PERS_GOV,個人政府津貼補助/保險收入,110,110,E2,請問經濟戶長個人每個月接受「政府津貼補助、各種社會保險、私人保險受益」收入總共是多少？【110年平均每個月的金額】,H2,請問您個人每個月接受「政府津貼補助、各種社會保險、私人保險」收入總共是多少？,13,沒有這項收入,0,0,13,沒有這項收入,0,0,option,exact_none,source_question,95+ 同概念；106/110 對象為經濟戶長。106/110 原始 question_options 有抽取錯位，已在建表時修補。
income,INC_PERS_TRANSFER,個人私人移轉/紅白包/救濟慰問收入,91,91_1,,,H3,請問您個人每個月「紅白包禮金、私人發給救濟金/慰問金、向私人借住房屋省下的房租」收入總,,,,,,,,,option,not_available_in_source_dataset,source_question,103+ 更明確；95 將其他收入拆成利息、租金、其他，未見此獨立項。106/110 對象為經濟戶長。
income,INC_PERS_TRANSFER,個人私人移轉/紅白包/救濟慰問收入,91,91_2,,,H3,請問您個人每個月「紅白包禮金、私人發給救濟金/慰問金、向私人借住房屋省下的房租」收入總,,,,,,,,,option,not_available_in_source_dataset,source_question,103+ 更明確；95 將其他收入拆成利息、租金、其他，未見此獨立項。106/110 對象為經濟戶長。
income,INC_PERS_TRANSFER,個人私人移轉/紅白包/救濟慰問收入,95,95,,,H3,請問您個人每個月「紅白包禮金、私人發給救濟金/慰問金、向私人借住房屋省下的房租」收入總,,,,,,,,,option,not_available_in_source_dataset,source_question,103+ 更明確；95 將其他收入拆成利息、租金、其他，未見此獨立項。106/110 對象為經濟戶長。
income,INC_PERS_TRANSFER,個人私人移轉/紅白包/救濟慰問收入,99,99,,,H3,請問您個人每個月「紅白包禮金、私人發給救濟金/慰問金、向私人借住房屋省下的房租」收入總,,,,,,,,,option,not_available_in_source_dataset,source_question,103+ 更明確；95 將其他收入拆成利息、租金、其他，未見此獨立項。106/110 對象為經濟戶長。
income,INC_PERS_TRANSFER,個人私人移轉/紅白包/救濟慰問收入,103,103,H3,請問您個人每個月「紅白包禮金、私人發給救濟金/慰問金、向私人借住房屋省下的房租」收入總,H3,請問您個人每個月「紅白包禮金、私人發給救濟金/慰問金、向私人借住房屋省下的房租」收入總,1,999 元及以下,0,999,1,999 元及以下,0,999,option,exact_range,source_question,103+ 更明確；95 將其他收入拆成利息、租金、其他，未見此獨立項。106/110 對象為經濟戶長。
income,INC_PERS_TRANSFER,個人私人移轉/紅白包/救濟慰問收入,103,103,H3,請問您個人每個月「紅白包禮金、私人發給救濟金/慰問金、向私人借住房屋省下的房租」收入總,H3,請問您個人每個月「紅白包禮金、私人發給救濟金/慰問金、向私人借住房屋省下的房租」收入總,2,"1,000-1,999 元",1000,1999,2,"1,000-1,999 元",1000,1999,option,exact_range,source_question,103+ 更明確；95 將其他收入拆成利息、租金、其他，未見此獨立項。106/110 對象為經濟戶長。
income,INC_PERS_TRANSFER,個人私人移轉/紅白包/救濟慰問收入,103,103,H3,請問您個人每個月「紅白包禮金、私人發給救濟金/慰問金、向私人借住房屋省下的房租」收入總,H3,請問您個人每個月「紅白包禮金、私人發給救濟金/慰問金、向私人借住房屋省下的房租」收入總,3,"2,000-2,999 元",2000,2999,3,"2,000-2,999 元",2000,2999,option,exact_range,source_question,103+ 更明確；95 將其他收入拆成利息、租金、其他，未見此獨立項。106/110 對象為經濟戶長。
income,INC_PERS_TRANSFER,個人私人移轉/紅白包/救濟慰問收入,103,103,H3,請問您個人每個月「紅白包禮金、私人發給救濟金/慰問金、向私人借住房屋省下的房租」收入總,H3,請問您個人每個月「紅白包禮金、私人發給救濟金/慰問金、向私人借住房屋省下的房租」收入總,4,"3,000-3,999 元",3000,3999,4,"3,000-3,999 元",3000,3999,option,exact_range,source_question,103+ 更明確；95 將其他收入拆成利息、租金、其他，未見此獨立項。106/110 對象為經濟戶長。
income,INC_PERS_TRANSFER,個人私人移轉/紅白包/救濟慰問收入,103,103,H3,請問您個人每個月「紅白包禮金、私人發給救濟金/慰問金、向私人借住房屋省下的房租」收入總,H3,請問您個人每個月「紅白包禮金、私人發給救濟金/慰問金、向私人借住房屋省下的房租」收入總,5,"4,000-4,999 元",4000,4999,5,"4,000-4,999 元",4000,4999,option,exact_range,source_question,103+ 更明確；95 將其他收入拆成利息、租金、其他，未見此獨立項。106/110 對象為經濟戶長。
income,INC_PERS_TRANSFER,個人私人移轉/紅白包/救濟慰問收入,103,103,H3,請問您個人每個月「紅白包禮金、私人發給救濟金/慰問金、向私人借住房屋省下的房租」收入總,H3,請問您個人每個月「紅白包禮金、私人發給救濟金/慰問金、向私人借住房屋省下的房租」收入總,6,"5,000-5,999 元",5000,5999,6,"5,000-5,999 元",5000,5999,option,exact_range,source_question,103+ 更明確；95 將其他收入拆成利息、租金、其他，未見此獨立項。106/110 對象為經濟戶長。
income,INC_PERS_TRANSFER,個人私人移轉/紅白包/救濟慰問收入,103,103,H3,請問您個人每個月「紅白包禮金、私人發給救濟金/慰問金、向私人借住房屋省下的房租」收入總,H3,請問您個人每個月「紅白包禮金、私人發給救濟金/慰問金、向私人借住房屋省下的房租」收入總,7,"6,000-7,999 元",6000,7999,7,"6,000-7,999 元",6000,7999,option,exact_range,source_question,103+ 更明確；95 將其他收入拆成利息、租金、其他，未見此獨立項。106/110 對象為經濟戶長。
income,INC_PERS_TRANSFER,個人私人移轉/紅白包/救濟慰問收入,103,103,H3,請問您個人每個月「紅白包禮金、私人發給救濟金/慰問金、向私人借住房屋省下的房租」收入總,H3,請問您個人每個月「紅白包禮金、私人發給救濟金/慰問金、向私人借住房屋省下的房租」收入總,8,"8,000-9,999 元",8000,9999,8,"8,000-9,999 元",8000,9999,option,exact_range,source_question,103+ 更明確；95 將其他收入拆成利息、租金、其他，未見此獨立項。106/110 對象為經濟戶長。
income,INC_PERS_TRANSFER,個人私人移轉/紅白包/救濟慰問收入,103,103,H3,請問您個人每個月「紅白包禮金、私人發給救濟金/慰問金、向私人借住房屋省下的房租」收入總,H3,請問您個人每個月「紅白包禮金、私人發給救濟金/慰問金、向私人借住房屋省下的房租」收入總,9,"10,000-14,999 元",10000,14999,9,"10,000-14,999 元",10000,14999,option,exact_range,source_question,103+ 更明確；95 將其他收入拆成利息、租金、其他，未見此獨立項。106/110 對象為經濟戶長。
income,INC_PERS_TRANSFER,個人私人移轉/紅白包/救濟慰問收入,103,103,H3,請問您個人每個月「紅白包禮金、私人發給救濟金/慰問金、向私人借住房屋省下的房租」收入總,H3,請問您個人每個月「紅白包禮金、私人發給救濟金/慰問金、向私人借住房屋省下的房租」收入總,10,"15,000-19,999 元",15000,19999,10,"15,000-19,999 元",15000,19999,option,exact_range,source_question,103+ 更明確；95 將其他收入拆成利息、租金、其他，未見此獨立項。106/110 對象為經濟戶長。
income,INC_PERS_TRANSFER,個人私人移轉/紅白包/救濟慰問收入,103,103,H3,請問您個人每個月「紅白包禮金、私人發給救濟金/慰問金、向私人借住房屋省下的房租」收入總,H3,請問您個人每個月「紅白包禮金、私人發給救濟金/慰問金、向私人借住房屋省下的房租」收入總,11,"20,000-29,999 元",20000,29999,11,"20,000-29,999 元",20000,29999,option,exact_range,source_question,103+ 更明確；95 將其他收入拆成利息、租金、其他，未見此獨立項。106/110 對象為經濟戶長。
income,INC_PERS_TRANSFER,個人私人移轉/紅白包/救濟慰問收入,103,103,H3,請問您個人每個月「紅白包禮金、私人發給救濟金/慰問金、向私人借住房屋省下的房租」收入總,H3,請問您個人每個月「紅白包禮金、私人發給救濟金/慰問金、向私人借住房屋省下的房租」收入總,12,"30,000 元及以上，請記錄________元",30000,,12,"30,000 元及以上，請記錄________元",30000,,option,exact_open_upper,source_question,103+ 更明確；95 將其他收入拆成利息、租金、其他，未見此獨立項。106/110 對象為經濟戶長。
income,INC_PERS_TRANSFER,個人私人移轉/紅白包/救濟慰問收入,103,103,H3,請問您個人每個月「紅白包禮金、私人發給救濟金/慰問金、向私人借住房屋省下的房租」收入總,H3,請問您個人每個月「紅白包禮金、私人發給救濟金/慰問金、向私人借住房屋省下的房租」收入總,13,沒有這項收入,0,0,13,沒有這項收入,0,0,option,exact_none,source_question,103+ 更明確；95 將其他收入拆成利息、租金、其他，未見此獨立項。106/110 對象為經濟戶長。
income,INC_PERS_TRANSFER,個人私人移轉/紅白包/救濟慰問收入,106,106,J3,請問經濟戶長個人每個月「紅白包禮金、私人發給救濟金/慰問金/獎助學金、向私人借住房屋省,H3,請問您個人每個月「紅白包禮金、私人發給救濟金/慰問金、向私人借住房屋省下的房租」收入總,1,"未滿1,000元",0,999,1,999 元及以下,0,999,option,exact_range,source_question,103+ 更明確；95 將其他收入拆成利息、租金、其他，未見此獨立項。106/110 對象為經濟戶長。
income,INC_PERS_TRANSFER,個人私人移轉/紅白包/救濟慰問收入,106,106,J3,請問經濟戶長個人每個月「紅白包禮金、私人發給救濟金/慰問金/獎助學金、向私人借住房屋省,H3,請問您個人每個月「紅白包禮金、私人發給救濟金/慰問金、向私人借住房屋省下的房租」收入總,2,"1,000 元-未滿2,000元",1000,1999,2,"1,000-1,999 元",1000,1999,option,exact_range,source_question,103+ 更明確；95 將其他收入拆成利息、租金、其他，未見此獨立項。106/110 對象為經濟戶長。
income,INC_PERS_TRANSFER,個人私人移轉/紅白包/救濟慰問收入,106,106,J3,請問經濟戶長個人每個月「紅白包禮金、私人發給救濟金/慰問金/獎助學金、向私人借住房屋省,H3,請問您個人每個月「紅白包禮金、私人發給救濟金/慰問金、向私人借住房屋省下的房租」收入總,3,"2,000 元-未滿3,000元",2000,2999,3,"2,000-2,999 元",2000,2999,option,exact_range,source_question,103+ 更明確；95 將其他收入拆成利息、租金、其他，未見此獨立項。106/110 對象為經濟戶長。
income,INC_PERS_TRANSFER,個人私人移轉/紅白包/救濟慰問收入,106,106,J3,請問經濟戶長個人每個月「紅白包禮金、私人發給救濟金/慰問金/獎助學金、向私人借住房屋省,H3,請問您個人每個月「紅白包禮金、私人發給救濟金/慰問金、向私人借住房屋省下的房租」收入總,4,"3,000 元-未滿4,000元",3000,3999,4,"3,000-3,999 元",3000,3999,option,exact_range,source_question,103+ 更明確；95 將其他收入拆成利息、租金、其他，未見此獨立項。106/110 對象為經濟戶長。
income,INC_PERS_TRANSFER,個人私人移轉/紅白包/救濟慰問收入,106,106,J3,請問經濟戶長個人每個月「紅白包禮金、私人發給救濟金/慰問金/獎助學金、向私人借住房屋省,H3,請問您個人每個月「紅白包禮金、私人發給救濟金/慰問金、向私人借住房屋省下的房租」收入總,5,"4,000 元-未滿5,000元",4000,4999,5,"4,000-4,999 元",4000,4999,option,exact_range,source_question,103+ 更明確；95 將其他收入拆成利息、租金、其他，未見此獨立項。106/110 對象為經濟戶長。
income,INC_PERS_TRANSFER,個人私人移轉/紅白包/救濟慰問收入,106,106,J3,請問經濟戶長個人每個月「紅白包禮金、私人發給救濟金/慰問金/獎助學金、向私人借住房屋省,H3,請問您個人每個月「紅白包禮金、私人發給救濟金/慰問金、向私人借住房屋省下的房租」收入總,6,"5,000 元-未滿6,000元",5000,5999,6,"5,000-5,999 元",5000,5999,option,exact_range,source_question,103+ 更明確；95 將其他收入拆成利息、租金、其他，未見此獨立項。106/110 對象為經濟戶長。
income,INC_PERS_TRANSFER,個人私人移轉/紅白包/救濟慰問收入,106,106,J3,請問經濟戶長個人每個月「紅白包禮金、私人發給救濟金/慰問金/獎助學金、向私人借住房屋省,H3,請問您個人每個月「紅白包禮金、私人發給救濟金/慰問金、向私人借住房屋省下的房租」收入總,7,"6,000 元-未滿8,000元",6000,7999,7,"6,000-7,999 元",6000,7999,option,exact_range,source_question,103+ 更明確；95 將其他收入拆成利息、租金、其他，未見此獨立項。106/110 對象為經濟戶長。
income,INC_PERS_TRANSFER,個人私人移轉/紅白包/救濟慰問收入,106,106,J3,請問經濟戶長個人每個月「紅白包禮金、私人發給救濟金/慰問金/獎助學金、向私人借住房屋省,H3,請問您個人每個月「紅白包禮金、私人發給救濟金/慰問金、向私人借住房屋省下的房租」收入總,8,"8,000 元-未滿10,000元",8000,9999,8,"8,000-9,999 元",8000,9999,option,exact_range,source_question,103+ 更明確；95 將其他收入拆成利息、租金、其他，未見此獨立項。106/110 對象為經濟戶長。
income,INC_PERS_TRANSFER,個人私人移轉/紅白包/救濟慰問收入,106,106,J3,請問經濟戶長個人每個月「紅白包禮金、私人發給救濟金/慰問金/獎助學金、向私人借住房屋省,H3,請問您個人每個月「紅白包禮金、私人發給救濟金/慰問金、向私人借住房屋省下的房租」收入總,9,"10,000 元-未滿15,000元",10000,14999,9,"10,000-14,999 元",10000,14999,option,exact_range,source_question,103+ 更明確；95 將其他收入拆成利息、租金、其他，未見此獨立項。106/110 對象為經濟戶長。
income,INC_PERS_TRANSFER,個人私人移轉/紅白包/救濟慰問收入,106,106,J3,請問經濟戶長個人每個月「紅白包禮金、私人發給救濟金/慰問金/獎助學金、向私人借住房屋省,H3,請問您個人每個月「紅白包禮金、私人發給救濟金/慰問金、向私人借住房屋省下的房租」收入總,10,"15,000 元-未滿20,000元",15000,19999,10,"15,000-19,999 元",15000,19999,option,exact_range,source_question,103+ 更明確；95 將其他收入拆成利息、租金、其他，未見此獨立項。106/110 對象為經濟戶長。
income,INC_PERS_TRANSFER,個人私人移轉/紅白包/救濟慰問收入,106,106,J3,請問經濟戶長個人每個月「紅白包禮金、私人發給救濟金/慰問金/獎助學金、向私人借住房屋省,H3,請問您個人每個月「紅白包禮金、私人發給救濟金/慰問金、向私人借住房屋省下的房租」收入總,11,"20,000元-未滿30,000元",20000,29999,11,"20,000-29,999 元",20000,29999,option,exact_range,source_question,103+ 更明確；95 將其他收入拆成利息、租金、其他，未見此獨立項。106/110 對象為經濟戶長。
income,INC_PERS_TRANSFER,個人私人移轉/紅白包/救濟慰問收入,106,106,J3,請問經濟戶長個人每個月「紅白包禮金、私人發給救濟金/慰問金/獎助學金、向私人借住房屋省,H3,請問您個人每個月「紅白包禮金、私人發給救濟金/慰問金、向私人借住房屋省下的房租」收入總,12,"30,000元以上，請記錄________元",30000,,12,"30,000 元及以上，請記錄________元",30000,,option,exact_open_upper,source_question,103+ 更明確；95 將其他收入拆成利息、租金、其他，未見此獨立項。106/110 對象為經濟戶長。
income,INC_PERS_TRANSFER,個人私人移轉/紅白包/救濟慰問收入,106,106,J3,請問經濟戶長個人每個月「紅白包禮金、私人發給救濟金/慰問金/獎助學金、向私人借住房屋省,H3,請問您個人每個月「紅白包禮金、私人發給救濟金/慰問金、向私人借住房屋省下的房租」收入總,13,沒有這項收入,0,0,13,沒有這項收入,0,0,option,exact_none,source_question,103+ 更明確；95 將其他收入拆成利息、租金、其他，未見此獨立項。106/110 對象為經濟戶長。
income,INC_PERS_TRANSFER,個人私人移轉/紅白包/救濟慰問收入,110,110,E3,請問經濟戶長個人每個月「紅白包禮金、私人發給救濟金/慰問金/獎助學金、向私人借住房屋省,H3,請問您個人每個月「紅白包禮金、私人發給救濟金/慰問金、向私人借住房屋省下的房租」收入總,1,"未滿1,000元",0,999,1,999 元及以下,0,999,option,exact_range,source_question,103+ 更明確；95 將其他收入拆成利息、租金、其他，未見此獨立項。106/110 對象為經濟戶長。
income,INC_PERS_TRANSFER,個人私人移轉/紅白包/救濟慰問收入,110,110,E3,請問經濟戶長個人每個月「紅白包禮金、私人發給救濟金/慰問金/獎助學金、向私人借住房屋省,H3,請問您個人每個月「紅白包禮金、私人發給救濟金/慰問金、向私人借住房屋省下的房租」收入總,2,"1,000 元-未滿2,000元",1000,1999,2,"1,000-1,999 元",1000,1999,option,exact_range,source_question,103+ 更明確；95 將其他收入拆成利息、租金、其他，未見此獨立項。106/110 對象為經濟戶長。
income,INC_PERS_TRANSFER,個人私人移轉/紅白包/救濟慰問收入,110,110,E3,請問經濟戶長個人每個月「紅白包禮金、私人發給救濟金/慰問金/獎助學金、向私人借住房屋省,H3,請問您個人每個月「紅白包禮金、私人發給救濟金/慰問金、向私人借住房屋省下的房租」收入總,3,"2,000 元-未滿3,000元",2000,2999,3,"2,000-2,999 元",2000,2999,option,exact_range,source_question,103+ 更明確；95 將其他收入拆成利息、租金、其他，未見此獨立項。106/110 對象為經濟戶長。
income,INC_PERS_TRANSFER,個人私人移轉/紅白包/救濟慰問收入,110,110,E3,請問經濟戶長個人每個月「紅白包禮金、私人發給救濟金/慰問金/獎助學金、向私人借住房屋省,H3,請問您個人每個月「紅白包禮金、私人發給救濟金/慰問金、向私人借住房屋省下的房租」收入總,4,"3,000 元-未滿4,000元",3000,3999,4,"3,000-3,999 元",3000,3999,option,exact_range,source_question,103+ 更明確；95 將其他收入拆成利息、租金、其他，未見此獨立項。106/110 對象為經濟戶長。
income,INC_PERS_TRANSFER,個人私人移轉/紅白包/救濟慰問收入,110,110,E3,請問經濟戶長個人每個月「紅白包禮金、私人發給救濟金/慰問金/獎助學金、向私人借住房屋省,H3,請問您個人每個月「紅白包禮金、私人發給救濟金/慰問金、向私人借住房屋省下的房租」收入總,5,"4,000 元-未滿5,000元",4000,4999,5,"4,000-4,999 元",4000,4999,option,exact_range,source_question,103+ 更明確；95 將其他收入拆成利息、租金、其他，未見此獨立項。106/110 對象為經濟戶長。
income,INC_PERS_TRANSFER,個人私人移轉/紅白包/救濟慰問收入,110,110,E3,請問經濟戶長個人每個月「紅白包禮金、私人發給救濟金/慰問金/獎助學金、向私人借住房屋省,H3,請問您個人每個月「紅白包禮金、私人發給救濟金/慰問金、向私人借住房屋省下的房租」收入總,6,"5,000 元-未滿6,000元",5000,5999,6,"5,000-5,999 元",5000,5999,option,exact_range,source_question,103+ 更明確；95 將其他收入拆成利息、租金、其他，未見此獨立項。106/110 對象為經濟戶長。
income,INC_PERS_TRANSFER,個人私人移轉/紅白包/救濟慰問收入,110,110,E3,請問經濟戶長個人每個月「紅白包禮金、私人發給救濟金/慰問金/獎助學金、向私人借住房屋省,H3,請問您個人每個月「紅白包禮金、私人發給救濟金/慰問金、向私人借住房屋省下的房租」收入總,7,"6,000 元-未滿8,000元",6000,7999,7,"6,000-7,999 元",6000,7999,option,exact_range,source_question,103+ 更明確；95 將其他收入拆成利息、租金、其他，未見此獨立項。106/110 對象為經濟戶長。
income,INC_PERS_TRANSFER,個人私人移轉/紅白包/救濟慰問收入,110,110,E3,請問經濟戶長個人每個月「紅白包禮金、私人發給救濟金/慰問金/獎助學金、向私人借住房屋省,H3,請問您個人每個月「紅白包禮金、私人發給救濟金/慰問金、向私人借住房屋省下的房租」收入總,8,"8,000 元-未滿10,000元",8000,9999,8,"8,000-9,999 元",8000,9999,option,exact_range,source_question,103+ 更明確；95 將其他收入拆成利息、租金、其他，未見此獨立項。106/110 對象為經濟戶長。
income,INC_PERS_TRANSFER,個人私人移轉/紅白包/救濟慰問收入,110,110,E3,請問經濟戶長個人每個月「紅白包禮金、私人發給救濟金/慰問金/獎助學金、向私人借住房屋省,H3,請問您個人每個月「紅白包禮金、私人發給救濟金/慰問金、向私人借住房屋省下的房租」收入總,9,"10,000 元-未滿15,000元",10000,14999,9,"10,000-14,999 元",10000,14999,option,exact_range,source_question,103+ 更明確；95 將其他收入拆成利息、租金、其他，未見此獨立項。106/110 對象為經濟戶長。
income,INC_PERS_TRANSFER,個人私人移轉/紅白包/救濟慰問收入,110,110,E3,請問經濟戶長個人每個月「紅白包禮金、私人發給救濟金/慰問金/獎助學金、向私人借住房屋省,H3,請問您個人每個月「紅白包禮金、私人發給救濟金/慰問金、向私人借住房屋省下的房租」收入總,10,"15,000 元-未滿20,000元",15000,19999,10,"15,000-19,999 元",15000,19999,option,exact_range,source_question,103+ 更明確；95 將其他收入拆成利息、租金、其他，未見此獨立項。106/110 對象為經濟戶長。
income,INC_PERS_TRANSFER,個人私人移轉/紅白包/救濟慰問收入,110,110,E3,請問經濟戶長個人每個月「紅白包禮金、私人發給救濟金/慰問金/獎助學金、向私人借住房屋省,H3,請問您個人每個月「紅白包禮金、私人發給救濟金/慰問金、向私人借住房屋省下的房租」收入總,11,"20,000元-未滿30,000元",20000,29999,11,"20,000-29,999 元",20000,29999,option,exact_range,source_question,103+ 更明確；95 將其他收入拆成利息、租金、其他，未見此獨立項。106/110 對象為經濟戶長。
income,INC_PERS_TRANSFER,個人私人移轉/紅白包/救濟慰問收入,110,110,E3,請問經濟戶長個人每個月「紅白包禮金、私人發給救濟金/慰問金/獎助學金、向私人借住房屋省,H3,請問您個人每個月「紅白包禮金、私人發給救濟金/慰問金、向私人借住房屋省下的房租」收入總,12,"30,000元以上，請記錄________元",30000,,12,"30,000 元及以上，請記錄________元",30000,,option,exact_open_upper,source_question,103+ 更明確；95 將其他收入拆成利息、租金、其他，未見此獨立項。106/110 對象為經濟戶長。
income,INC_PERS_TRANSFER,個人私人移轉/紅白包/救濟慰問收入,110,110,E3,請問經濟戶長個人每個月「紅白包禮金、私人發給救濟金/慰問金/獎助學金、向私人借住房屋省,H3,請問您個人每個月「紅白包禮金、私人發給救濟金/慰問金、向私人借住房屋省下的房租」收入總,13,沒有這項收入,0,0,13,沒有這項收入,0,0,option,exact_none,source_question,103+ 更明確；95 將其他收入拆成利息、租金、其他，未見此獨立項。106/110 對象為經濟戶長。
income,INC_PERS_INTEREST,個人利息/投資收入,91,91_1,,,H4,請問您個人每個月的「存款利息、跟會利息、股票利息、各種投資利息」收入總共是多少？【過,,,,,,,,,option,not_available_in_source_dataset,source_question,99 H3 與 95 Q10-3 是利息、股票、投資收入；103+ 為存款/跟會/股票/投資利息。106/110 對象為經濟戶長。
income,INC_PERS_INTEREST,個人利息/投資收入,91,91_2,,,H4,請問您個人每個月的「存款利息、跟會利息、股票利息、各種投資利息」收入總共是多少？【過,,,,,,,,,option,not_available_in_source_dataset,source_question,99 H3 與 95 Q10-3 是利息、股票、投資收入；103+ 為存款/跟會/股票/投資利息。106/110 對象為經濟戶長。
income,INC_PERS_INTEREST,個人利息/投資收入,95,95,Q10-3,請問您個人每個月的「利息、股票買賣、跟會標會、各種投資」收入總共,H4,請問您個人每個月的「存款利息、跟會利息、股票利息、各種投資利息」收入總共是多少？【過,1,"4,999元及以下",0,4999,1,999 元及以下,0,999,option,source_bin_spans_multiple_base_bins,source_question,99 H3 與 95 Q10-3 是利息、股票、投資收入；103+ 為存款/跟會/股票/投資利息。106/110 對象為經濟戶長。
income,INC_PERS_INTEREST,個人利息/投資收入,95,95,Q10-3,請問您個人每個月的「利息、股票買賣、跟會標會、各種投資」收入總共,H4,請問您個人每個月的「存款利息、跟會利息、股票利息、各種投資利息」收入總共是多少？【過,1,"4,999元及以下",0,4999,2,"1,000-1,999 元",1000,1999,option,source_bin_spans_multiple_base_bins,source_question,99 H3 與 95 Q10-3 是利息、股票、投資收入；103+ 為存款/跟會/股票/投資利息。106/110 對象為經濟戶長。
income,INC_PERS_INTEREST,個人利息/投資收入,95,95,Q10-3,請問您個人每個月的「利息、股票買賣、跟會標會、各種投資」收入總共,H4,請問您個人每個月的「存款利息、跟會利息、股票利息、各種投資利息」收入總共是多少？【過,1,"4,999元及以下",0,4999,3,"2,000-2,999 元",2000,2999,option,source_bin_spans_multiple_base_bins,source_question,99 H3 與 95 Q10-3 是利息、股票、投資收入；103+ 為存款/跟會/股票/投資利息。106/110 對象為經濟戶長。
income,INC_PERS_INTEREST,個人利息/投資收入,95,95,Q10-3,請問您個人每個月的「利息、股票買賣、跟會標會、各種投資」收入總共,H4,請問您個人每個月的「存款利息、跟會利息、股票利息、各種投資利息」收入總共是多少？【過,1,"4,999元及以下",0,4999,4,"3,000-3,999 元",3000,3999,option,source_bin_spans_multiple_base_bins,source_question,99 H3 與 95 Q10-3 是利息、股票、投資收入；103+ 為存款/跟會/股票/投資利息。106/110 對象為經濟戶長。
income,INC_PERS_INTEREST,個人利息/投資收入,95,95,Q10-3,請問您個人每個月的「利息、股票買賣、跟會標會、各種投資」收入總共,H4,請問您個人每個月的「存款利息、跟會利息、股票利息、各種投資利息」收入總共是多少？【過,1,"4,999元及以下",0,4999,5,"4,000-4,999 元",4000,4999,option,source_bin_spans_multiple_base_bins,source_question,99 H3 與 95 Q10-3 是利息、股票、投資收入；103+ 為存款/跟會/股票/投資利息。106/110 對象為經濟戶長。
income,INC_PERS_INTEREST,個人利息/投資收入,95,95,Q10-3,請問您個人每個月的「利息、股票買賣、跟會標會、各種投資」收入總共,H4,請問您個人每個月的「存款利息、跟會利息、股票利息、各種投資利息」收入總共是多少？【過,2,"5,000-9,999元",5000,9999,6,"5,000-5,999 元",5000,5999,option,source_bin_spans_multiple_base_bins,source_question,99 H3 與 95 Q10-3 是利息、股票、投資收入；103+ 為存款/跟會/股票/投資利息。106/110 對象為經濟戶長。
income,INC_PERS_INTEREST,個人利息/投資收入,95,95,Q10-3,請問您個人每個月的「利息、股票買賣、跟會標會、各種投資」收入總共,H4,請問您個人每個月的「存款利息、跟會利息、股票利息、各種投資利息」收入總共是多少？【過,2,"5,000-9,999元",5000,9999,7,"6,000-7,999 元",6000,7999,option,source_bin_spans_multiple_base_bins,source_question,99 H3 與 95 Q10-3 是利息、股票、投資收入；103+ 為存款/跟會/股票/投資利息。106/110 對象為經濟戶長。
income,INC_PERS_INTEREST,個人利息/投資收入,95,95,Q10-3,請問您個人每個月的「利息、股票買賣、跟會標會、各種投資」收入總共,H4,請問您個人每個月的「存款利息、跟會利息、股票利息、各種投資利息」收入總共是多少？【過,2,"5,000-9,999元",5000,9999,8,"8,000-9,999 元",8000,9999,option,source_bin_spans_multiple_base_bins,source_question,99 H3 與 95 Q10-3 是利息、股票、投資收入；103+ 為存款/跟會/股票/投資利息。106/110 對象為經濟戶長。
income,INC_PERS_INTEREST,個人利息/投資收入,95,95,Q10-3,請問您個人每個月的「利息、股票買賣、跟會標會、各種投資」收入總共,H4,請問您個人每個月的「存款利息、跟會利息、股票利息、各種投資利息」收入總共是多少？【過,3,"10,000-14,999 元",10000,14999,9,"10,000-14,999 元",10000,14999,option,exact_range,source_question,99 H3 與 95 Q10-3 是利息、股票、投資收入；103+ 為存款/跟會/股票/投資利息。106/110 對象為經濟戶長。
income,INC_PERS_INTEREST,個人利息/投資收入,95,95,Q10-3,請問您個人每個月的「利息、股票買賣、跟會標會、各種投資」收入總共,H4,請問您個人每個月的「存款利息、跟會利息、股票利息、各種投資利息」收入總共是多少？【過,4,"15,000-19,999元",15000,19999,10,"15,000-19,999 元",15000,19999,option,exact_range,source_question,99 H3 與 95 Q10-3 是利息、股票、投資收入；103+ 為存款/跟會/股票/投資利息。106/110 對象為經濟戶長。
income,INC_PERS_INTEREST,個人利息/投資收入,95,95,Q10-3,請問您個人每個月的「利息、股票買賣、跟會標會、各種投資」收入總共,H4,請問您個人每個月的「存款利息、跟會利息、股票利息、各種投資利息」收入總共是多少？【過,5,"20,000-24,999 元",20000,24999,11,"20,000-29,999 元",20000,29999,option,source_bin_within_base_bin,source_question,99 H3 與 95 Q10-3 是利息、股票、投資收入；103+ 為存款/跟會/股票/投資利息。106/110 對象為經濟戶長。
income,INC_PERS_INTEREST,個人利息/投資收入,95,95,Q10-3,請問您個人每個月的「利息、股票買賣、跟會標會、各種投資」收入總共,H4,請問您個人每個月的「存款利息、跟會利息、股票利息、各種投資利息」收入總共是多少？【過,6,"25,000-29,999元",25000,29999,11,"20,000-29,999 元",20000,29999,option,source_bin_within_base_bin,source_question,99 H3 與 95 Q10-3 是利息、股票、投資收入；103+ 為存款/跟會/股票/投資利息。106/110 對象為經濟戶長。
income,INC_PERS_INTEREST,個人利息/投資收入,95,95,Q10-3,請問您個人每個月的「利息、股票買賣、跟會標會、各種投資」收入總共,H4,請問您個人每個月的「存款利息、跟會利息、股票利息、各種投資利息」收入總共是多少？【過,7,"30,000-39,999 元",30000,39999,12,"30,000 元及以上，請記錄________元",30000,,option,source_bin_within_base_bin,source_question,99 H3 與 95 Q10-3 是利息、股票、投資收入；103+ 為存款/跟會/股票/投資利息。106/110 對象為經濟戶長。
income,INC_PERS_INTEREST,個人利息/投資收入,95,95,Q10-3,請問您個人每個月的「利息、股票買賣、跟會標會、各種投資」收入總共,H4,請問您個人每個月的「存款利息、跟會利息、股票利息、各種投資利息」收入總共是多少？【過,8,"40,000-49,999元",40000,49999,12,"30,000 元及以上，請記錄________元",30000,,option,source_bin_within_base_bin,source_question,99 H3 與 95 Q10-3 是利息、股票、投資收入；103+ 為存款/跟會/股票/投資利息。106/110 對象為經濟戶長。
income,INC_PERS_INTEREST,個人利息/投資收入,95,95,Q10-3,請問您個人每個月的「利息、股票買賣、跟會標會、各種投資」收入總共,H4,請問您個人每個月的「存款利息、跟會利息、股票利息、各種投資利息」收入總共是多少？【過,9,"50,000-59,999 元",50000,59999,12,"30,000 元及以上，請記錄________元",30000,,option,source_bin_within_base_bin,source_question,99 H3 與 95 Q10-3 是利息、股票、投資收入；103+ 為存款/跟會/股票/投資利息。106/110 對象為經濟戶長。
income,INC_PERS_INTEREST,個人利息/投資收入,95,95,Q10-3,請問您個人每個月的「利息、股票買賣、跟會標會、各種投資」收入總共,H4,請問您個人每個月的「存款利息、跟會利息、股票利息、各種投資利息」收入總共是多少？【過,9,"70,000-79,999 元",70000,79999,12,"30,000 元及以上，請記錄________元",30000,,option,source_bin_within_base_bin,source_question,99 H3 與 95 Q10-3 是利息、股票、投資收入；103+ 為存款/跟會/股票/投資利息。106/110 對象為經濟戶長。
income,INC_PERS_INTEREST,個人利息/投資收入,95,95,Q10-3,請問您個人每個月的「利息、股票買賣、跟會標會、各種投資」收入總共,H4,請問您個人每個月的「存款利息、跟會利息、股票利息、各種投資利息」收入總共是多少？【過,10,"60,000-69,999元",60000,69999,12,"30,000 元及以上，請記錄________元",30000,,option,source_bin_within_base_bin,source_question,99 H3 與 95 Q10-3 是利息、股票、投資收入；103+ 為存款/跟會/股票/投資利息。106/110 對象為經濟戶長。
income,INC_PERS_INTEREST,個人利息/投資收入,95,95,Q10-3,請問您個人每個月的「利息、股票買賣、跟會標會、各種投資」收入總共,H4,請問您個人每個月的「存款利息、跟會利息、股票利息、各種投資利息」收入總共是多少？【過,90,"80,000 元及以上，請記錄 元",80000,,12,"30,000 元及以上，請記錄________元",30000,,option,source_bin_within_base_bin,source_question,99 H3 與 95 Q10-3 是利息、股票、投資收入；103+ 為存款/跟會/股票/投資利息。106/110 對象為經濟戶長。
income,INC_PERS_INTEREST,個人利息/投資收入,95,95,Q10-3,請問您個人每個月的「利息、股票買賣、跟會標會、各種投資」收入總共,H4,請問您個人每個月的「存款利息、跟會利息、股票利息、各種投資利息」收入總共是多少？【過,95,沒有這項收入,0,0,13,沒有這項收入,0,0,option,exact_none,source_question,99 H3 與 95 Q10-3 是利息、股票、投資收入；103+ 為存款/跟會/股票/投資利息。106/110 對象為經濟戶長。
income,INC_PERS_INTEREST,個人利息/投資收入,99,99,H3,請問您個人每個月的「利息、股票買賣、跟會標會、各種投資」收入總共是多少？【過去ㄧ年,H4,請問您個人每個月的「存款利息、跟會利息、股票利息、各種投資利息」收入總共是多少？【過,1,999 元及以下,0,999,1,999 元及以下,0,999,option,exact_range,source_question,99 H3 與 95 Q10-3 是利息、股票、投資收入；103+ 為存款/跟會/股票/投資利息。106/110 對象為經濟戶長。
income,INC_PERS_INTEREST,個人利息/投資收入,99,99,H3,請問您個人每個月的「利息、股票買賣、跟會標會、各種投資」收入總共是多少？【過去ㄧ年,H4,請問您個人每個月的「存款利息、跟會利息、股票利息、各種投資利息」收入總共是多少？【過,2,"1,000-1,999 元",1000,1999,2,"1,000-1,999 元",1000,1999,option,exact_range,source_question,99 H3 與 95 Q10-3 是利息、股票、投資收入；103+ 為存款/跟會/股票/投資利息。106/110 對象為經濟戶長。
income,INC_PERS_INTEREST,個人利息/投資收入,99,99,H3,請問您個人每個月的「利息、股票買賣、跟會標會、各種投資」收入總共是多少？【過去ㄧ年,H4,請問您個人每個月的「存款利息、跟會利息、股票利息、各種投資利息」收入總共是多少？【過,3,"2,000-2,999 元",2000,2999,3,"2,000-2,999 元",2000,2999,option,exact_range,source_question,99 H3 與 95 Q10-3 是利息、股票、投資收入；103+ 為存款/跟會/股票/投資利息。106/110 對象為經濟戶長。
income,INC_PERS_INTEREST,個人利息/投資收入,99,99,H3,請問您個人每個月的「利息、股票買賣、跟會標會、各種投資」收入總共是多少？【過去ㄧ年,H4,請問您個人每個月的「存款利息、跟會利息、股票利息、各種投資利息」收入總共是多少？【過,4,"3,000-3,999 元",3000,3999,4,"3,000-3,999 元",3000,3999,option,exact_range,source_question,99 H3 與 95 Q10-3 是利息、股票、投資收入；103+ 為存款/跟會/股票/投資利息。106/110 對象為經濟戶長。
income,INC_PERS_INTEREST,個人利息/投資收入,99,99,H3,請問您個人每個月的「利息、股票買賣、跟會標會、各種投資」收入總共是多少？【過去ㄧ年,H4,請問您個人每個月的「存款利息、跟會利息、股票利息、各種投資利息」收入總共是多少？【過,5,"4,000-4,999 元",4000,4999,5,"4,000-4,999 元",4000,4999,option,exact_range,source_question,99 H3 與 95 Q10-3 是利息、股票、投資收入；103+ 為存款/跟會/股票/投資利息。106/110 對象為經濟戶長。
income,INC_PERS_INTEREST,個人利息/投資收入,99,99,H3,請問您個人每個月的「利息、股票買賣、跟會標會、各種投資」收入總共是多少？【過去ㄧ年,H4,請問您個人每個月的「存款利息、跟會利息、股票利息、各種投資利息」收入總共是多少？【過,6,"5,000-5,999 元",5000,5999,6,"5,000-5,999 元",5000,5999,option,exact_range,source_question,99 H3 與 95 Q10-3 是利息、股票、投資收入；103+ 為存款/跟會/股票/投資利息。106/110 對象為經濟戶長。
income,INC_PERS_INTEREST,個人利息/投資收入,99,99,H3,請問您個人每個月的「利息、股票買賣、跟會標會、各種投資」收入總共是多少？【過去ㄧ年,H4,請問您個人每個月的「存款利息、跟會利息、股票利息、各種投資利息」收入總共是多少？【過,7,"6,000-7,999 元",6000,7999,7,"6,000-7,999 元",6000,7999,option,exact_range,source_question,99 H3 與 95 Q10-3 是利息、股票、投資收入；103+ 為存款/跟會/股票/投資利息。106/110 對象為經濟戶長。
income,INC_PERS_INTEREST,個人利息/投資收入,99,99,H3,請問您個人每個月的「利息、股票買賣、跟會標會、各種投資」收入總共是多少？【過去ㄧ年,H4,請問您個人每個月的「存款利息、跟會利息、股票利息、各種投資利息」收入總共是多少？【過,8,"8,000-9,999 元",8000,9999,8,"8,000-9,999 元",8000,9999,option,exact_range,source_question,99 H3 與 95 Q10-3 是利息、股票、投資收入；103+ 為存款/跟會/股票/投資利息。106/110 對象為經濟戶長。
income,INC_PERS_INTEREST,個人利息/投資收入,99,99,H3,請問您個人每個月的「利息、股票買賣、跟會標會、各種投資」收入總共是多少？【過去ㄧ年,H4,請問您個人每個月的「存款利息、跟會利息、股票利息、各種投資利息」收入總共是多少？【過,9,"10,000-14,999 元",10000,14999,9,"10,000-14,999 元",10000,14999,option,exact_range,source_question,99 H3 與 95 Q10-3 是利息、股票、投資收入；103+ 為存款/跟會/股票/投資利息。106/110 對象為經濟戶長。
income,INC_PERS_INTEREST,個人利息/投資收入,99,99,H3,請問您個人每個月的「利息、股票買賣、跟會標會、各種投資」收入總共是多少？【過去ㄧ年,H4,請問您個人每個月的「存款利息、跟會利息、股票利息、各種投資利息」收入總共是多少？【過,10,"15,000-19,999 元",15000,19999,10,"15,000-19,999 元",15000,19999,option,exact_range,source_question,99 H3 與 95 Q10-3 是利息、股票、投資收入；103+ 為存款/跟會/股票/投資利息。106/110 對象為經濟戶長。
income,INC_PERS_INTEREST,個人利息/投資收入,99,99,H3,請問您個人每個月的「利息、股票買賣、跟會標會、各種投資」收入總共是多少？【過去ㄧ年,H4,請問您個人每個月的「存款利息、跟會利息、股票利息、各種投資利息」收入總共是多少？【過,11,"20,000-29,999 元",20000,29999,11,"20,000-29,999 元",20000,29999,option,exact_range,source_question,99 H3 與 95 Q10-3 是利息、股票、投資收入；103+ 為存款/跟會/股票/投資利息。106/110 對象為經濟戶長。
income,INC_PERS_INTEREST,個人利息/投資收入,99,99,H3,請問您個人每個月的「利息、股票買賣、跟會標會、各種投資」收入總共是多少？【過去ㄧ年,H4,請問您個人每個月的「存款利息、跟會利息、股票利息、各種投資利息」收入總共是多少？【過,12,"30,000 元及以上，請記錄 元",30000,,12,"30,000 元及以上，請記錄________元",30000,,option,exact_open_upper,source_question,99 H3 與 95 Q10-3 是利息、股票、投資收入；103+ 為存款/跟會/股票/投資利息。106/110 對象為經濟戶長。
income,INC_PERS_INTEREST,個人利息/投資收入,99,99,H3,請問您個人每個月的「利息、股票買賣、跟會標會、各種投資」收入總共是多少？【過去ㄧ年,H4,請問您個人每個月的「存款利息、跟會利息、股票利息、各種投資利息」收入總共是多少？【過,13,沒有這項收入,0,0,13,沒有這項收入,0,0,option,exact_none,source_question,99 H3 與 95 Q10-3 是利息、股票、投資收入；103+ 為存款/跟會/股票/投資利息。106/110 對象為經濟戶長。
income,INC_PERS_INTEREST,個人利息/投資收入,103,103,H4,請問您個人每個月的「存款利息、跟會利息、股票利息、各種投資利息」收入總共是多少？【過,H4,請問您個人每個月的「存款利息、跟會利息、股票利息、各種投資利息」收入總共是多少？【過,1,999 元及以下,0,999,1,999 元及以下,0,999,option,exact_range,source_question,99 H3 與 95 Q10-3 是利息、股票、投資收入；103+ 為存款/跟會/股票/投資利息。106/110 對象為經濟戶長。
income,INC_PERS_INTEREST,個人利息/投資收入,103,103,H4,請問您個人每個月的「存款利息、跟會利息、股票利息、各種投資利息」收入總共是多少？【過,H4,請問您個人每個月的「存款利息、跟會利息、股票利息、各種投資利息」收入總共是多少？【過,2,"1,000-1,999 元",1000,1999,2,"1,000-1,999 元",1000,1999,option,exact_range,source_question,99 H3 與 95 Q10-3 是利息、股票、投資收入；103+ 為存款/跟會/股票/投資利息。106/110 對象為經濟戶長。
income,INC_PERS_INTEREST,個人利息/投資收入,103,103,H4,請問您個人每個月的「存款利息、跟會利息、股票利息、各種投資利息」收入總共是多少？【過,H4,請問您個人每個月的「存款利息、跟會利息、股票利息、各種投資利息」收入總共是多少？【過,3,"2,000-2,999 元",2000,2999,3,"2,000-2,999 元",2000,2999,option,exact_range,source_question,99 H3 與 95 Q10-3 是利息、股票、投資收入；103+ 為存款/跟會/股票/投資利息。106/110 對象為經濟戶長。
income,INC_PERS_INTEREST,個人利息/投資收入,103,103,H4,請問您個人每個月的「存款利息、跟會利息、股票利息、各種投資利息」收入總共是多少？【過,H4,請問您個人每個月的「存款利息、跟會利息、股票利息、各種投資利息」收入總共是多少？【過,4,"3,000-3,999 元",3000,3999,4,"3,000-3,999 元",3000,3999,option,exact_range,source_question,99 H3 與 95 Q10-3 是利息、股票、投資收入；103+ 為存款/跟會/股票/投資利息。106/110 對象為經濟戶長。
income,INC_PERS_INTEREST,個人利息/投資收入,103,103,H4,請問您個人每個月的「存款利息、跟會利息、股票利息、各種投資利息」收入總共是多少？【過,H4,請問您個人每個月的「存款利息、跟會利息、股票利息、各種投資利息」收入總共是多少？【過,5,"4,000-4,999 元",4000,4999,5,"4,000-4,999 元",4000,4999,option,exact_range,source_question,99 H3 與 95 Q10-3 是利息、股票、投資收入；103+ 為存款/跟會/股票/投資利息。106/110 對象為經濟戶長。
income,INC_PERS_INTEREST,個人利息/投資收入,103,103,H4,請問您個人每個月的「存款利息、跟會利息、股票利息、各種投資利息」收入總共是多少？【過,H4,請問您個人每個月的「存款利息、跟會利息、股票利息、各種投資利息」收入總共是多少？【過,6,"5,000-5,999 元",5000,5999,6,"5,000-5,999 元",5000,5999,option,exact_range,source_question,99 H3 與 95 Q10-3 是利息、股票、投資收入；103+ 為存款/跟會/股票/投資利息。106/110 對象為經濟戶長。
income,INC_PERS_INTEREST,個人利息/投資收入,103,103,H4,請問您個人每個月的「存款利息、跟會利息、股票利息、各種投資利息」收入總共是多少？【過,H4,請問您個人每個月的「存款利息、跟會利息、股票利息、各種投資利息」收入總共是多少？【過,7,"6,000-7,999 元",6000,7999,7,"6,000-7,999 元",6000,7999,option,exact_range,source_question,99 H3 與 95 Q10-3 是利息、股票、投資收入；103+ 為存款/跟會/股票/投資利息。106/110 對象為經濟戶長。
income,INC_PERS_INTEREST,個人利息/投資收入,103,103,H4,請問您個人每個月的「存款利息、跟會利息、股票利息、各種投資利息」收入總共是多少？【過,H4,請問您個人每個月的「存款利息、跟會利息、股票利息、各種投資利息」收入總共是多少？【過,8,"8,000-9,999 元",8000,9999,8,"8,000-9,999 元",8000,9999,option,exact_range,source_question,99 H3 與 95 Q10-3 是利息、股票、投資收入；103+ 為存款/跟會/股票/投資利息。106/110 對象為經濟戶長。
income,INC_PERS_INTEREST,個人利息/投資收入,103,103,H4,請問您個人每個月的「存款利息、跟會利息、股票利息、各種投資利息」收入總共是多少？【過,H4,請問您個人每個月的「存款利息、跟會利息、股票利息、各種投資利息」收入總共是多少？【過,9,"10,000-14,999 元",10000,14999,9,"10,000-14,999 元",10000,14999,option,exact_range,source_question,99 H3 與 95 Q10-3 是利息、股票、投資收入；103+ 為存款/跟會/股票/投資利息。106/110 對象為經濟戶長。
income,INC_PERS_INTEREST,個人利息/投資收入,103,103,H4,請問您個人每個月的「存款利息、跟會利息、股票利息、各種投資利息」收入總共是多少？【過,H4,請問您個人每個月的「存款利息、跟會利息、股票利息、各種投資利息」收入總共是多少？【過,10,"15,000-19,999 元",15000,19999,10,"15,000-19,999 元",15000,19999,option,exact_range,source_question,99 H3 與 95 Q10-3 是利息、股票、投資收入；103+ 為存款/跟會/股票/投資利息。106/110 對象為經濟戶長。
income,INC_PERS_INTEREST,個人利息/投資收入,103,103,H4,請問您個人每個月的「存款利息、跟會利息、股票利息、各種投資利息」收入總共是多少？【過,H4,請問您個人每個月的「存款利息、跟會利息、股票利息、各種投資利息」收入總共是多少？【過,11,"20,000-29,999 元",20000,29999,11,"20,000-29,999 元",20000,29999,option,exact_range,source_question,99 H3 與 95 Q10-3 是利息、股票、投資收入；103+ 為存款/跟會/股票/投資利息。106/110 對象為經濟戶長。
income,INC_PERS_INTEREST,個人利息/投資收入,103,103,H4,請問您個人每個月的「存款利息、跟會利息、股票利息、各種投資利息」收入總共是多少？【過,H4,請問您個人每個月的「存款利息、跟會利息、股票利息、各種投資利息」收入總共是多少？【過,12,"30,000 元及以上，請記錄________元",30000,,12,"30,000 元及以上，請記錄________元",30000,,option,exact_open_upper,source_question,99 H3 與 95 Q10-3 是利息、股票、投資收入；103+ 為存款/跟會/股票/投資利息。106/110 對象為經濟戶長。
income,INC_PERS_INTEREST,個人利息/投資收入,103,103,H4,請問您個人每個月的「存款利息、跟會利息、股票利息、各種投資利息」收入總共是多少？【過,H4,請問您個人每個月的「存款利息、跟會利息、股票利息、各種投資利息」收入總共是多少？【過,13,沒有這項收入,0,0,13,沒有這項收入,0,0,option,exact_none,source_question,99 H3 與 95 Q10-3 是利息、股票、投資收入；103+ 為存款/跟會/股票/投資利息。106/110 對象為經濟戶長。
income,INC_PERS_INTEREST,個人利息/投資收入,106,106,J4,請問經濟戶長個人每個月的「存款利息、跟會利息、股票利息、各種投資利息」收入總共是多,H4,請問您個人每個月的「存款利息、跟會利息、股票利息、各種投資利息」收入總共是多少？【過,1,"未滿1,000元",0,999,1,999 元及以下,0,999,option,exact_range,source_question,99 H3 與 95 Q10-3 是利息、股票、投資收入；103+ 為存款/跟會/股票/投資利息。106/110 對象為經濟戶長。
income,INC_PERS_INTEREST,個人利息/投資收入,106,106,J4,請問經濟戶長個人每個月的「存款利息、跟會利息、股票利息、各種投資利息」收入總共是多,H4,請問您個人每個月的「存款利息、跟會利息、股票利息、各種投資利息」收入總共是多少？【過,2,"1,000 元-未滿2,000元",1000,1999,2,"1,000-1,999 元",1000,1999,option,exact_range,source_question,99 H3 與 95 Q10-3 是利息、股票、投資收入；103+ 為存款/跟會/股票/投資利息。106/110 對象為經濟戶長。
income,INC_PERS_INTEREST,個人利息/投資收入,106,106,J4,請問經濟戶長個人每個月的「存款利息、跟會利息、股票利息、各種投資利息」收入總共是多,H4,請問您個人每個月的「存款利息、跟會利息、股票利息、各種投資利息」收入總共是多少？【過,3,"2,000 元-未滿3,000元",2000,2999,3,"2,000-2,999 元",2000,2999,option,exact_range,source_question,99 H3 與 95 Q10-3 是利息、股票、投資收入；103+ 為存款/跟會/股票/投資利息。106/110 對象為經濟戶長。
income,INC_PERS_INTEREST,個人利息/投資收入,106,106,J4,請問經濟戶長個人每個月的「存款利息、跟會利息、股票利息、各種投資利息」收入總共是多,H4,請問您個人每個月的「存款利息、跟會利息、股票利息、各種投資利息」收入總共是多少？【過,4,"3,000 元-未滿4,000元",3000,3999,4,"3,000-3,999 元",3000,3999,option,exact_range,source_question,99 H3 與 95 Q10-3 是利息、股票、投資收入；103+ 為存款/跟會/股票/投資利息。106/110 對象為經濟戶長。
income,INC_PERS_INTEREST,個人利息/投資收入,106,106,J4,請問經濟戶長個人每個月的「存款利息、跟會利息、股票利息、各種投資利息」收入總共是多,H4,請問您個人每個月的「存款利息、跟會利息、股票利息、各種投資利息」收入總共是多少？【過,5,"4,000 元-未滿5,000元",4000,4999,5,"4,000-4,999 元",4000,4999,option,exact_range,source_question,99 H3 與 95 Q10-3 是利息、股票、投資收入；103+ 為存款/跟會/股票/投資利息。106/110 對象為經濟戶長。
income,INC_PERS_INTEREST,個人利息/投資收入,106,106,J4,請問經濟戶長個人每個月的「存款利息、跟會利息、股票利息、各種投資利息」收入總共是多,H4,請問您個人每個月的「存款利息、跟會利息、股票利息、各種投資利息」收入總共是多少？【過,6,"5,000 元-未滿6,000元",5000,5999,6,"5,000-5,999 元",5000,5999,option,exact_range,source_question,99 H3 與 95 Q10-3 是利息、股票、投資收入；103+ 為存款/跟會/股票/投資利息。106/110 對象為經濟戶長。
income,INC_PERS_INTEREST,個人利息/投資收入,106,106,J4,請問經濟戶長個人每個月的「存款利息、跟會利息、股票利息、各種投資利息」收入總共是多,H4,請問您個人每個月的「存款利息、跟會利息、股票利息、各種投資利息」收入總共是多少？【過,7,"6,000 元-未滿8,000元",6000,7999,7,"6,000-7,999 元",6000,7999,option,exact_range,source_question,99 H3 與 95 Q10-3 是利息、股票、投資收入；103+ 為存款/跟會/股票/投資利息。106/110 對象為經濟戶長。
income,INC_PERS_INTEREST,個人利息/投資收入,106,106,J4,請問經濟戶長個人每個月的「存款利息、跟會利息、股票利息、各種投資利息」收入總共是多,H4,請問您個人每個月的「存款利息、跟會利息、股票利息、各種投資利息」收入總共是多少？【過,8,"8,000 元-未滿10,000元",8000,9999,8,"8,000-9,999 元",8000,9999,option,exact_range,source_question,99 H3 與 95 Q10-3 是利息、股票、投資收入；103+ 為存款/跟會/股票/投資利息。106/110 對象為經濟戶長。
income,INC_PERS_INTEREST,個人利息/投資收入,106,106,J4,請問經濟戶長個人每個月的「存款利息、跟會利息、股票利息、各種投資利息」收入總共是多,H4,請問您個人每個月的「存款利息、跟會利息、股票利息、各種投資利息」收入總共是多少？【過,9,"10,000 元-未滿15,000元",10000,14999,9,"10,000-14,999 元",10000,14999,option,exact_range,source_question,99 H3 與 95 Q10-3 是利息、股票、投資收入；103+ 為存款/跟會/股票/投資利息。106/110 對象為經濟戶長。
income,INC_PERS_INTEREST,個人利息/投資收入,106,106,J4,請問經濟戶長個人每個月的「存款利息、跟會利息、股票利息、各種投資利息」收入總共是多,H4,請問您個人每個月的「存款利息、跟會利息、股票利息、各種投資利息」收入總共是多少？【過,10,"15,000 元-未滿20,000元",15000,19999,10,"15,000-19,999 元",15000,19999,option,exact_range,source_question,99 H3 與 95 Q10-3 是利息、股票、投資收入；103+ 為存款/跟會/股票/投資利息。106/110 對象為經濟戶長。
income,INC_PERS_INTEREST,個人利息/投資收入,106,106,J4,請問經濟戶長個人每個月的「存款利息、跟會利息、股票利息、各種投資利息」收入總共是多,H4,請問您個人每個月的「存款利息、跟會利息、股票利息、各種投資利息」收入總共是多少？【過,11,"20,000元-未滿30,000元",20000,29999,11,"20,000-29,999 元",20000,29999,option,exact_range,source_question,99 H3 與 95 Q10-3 是利息、股票、投資收入；103+ 為存款/跟會/股票/投資利息。106/110 對象為經濟戶長。
income,INC_PERS_INTEREST,個人利息/投資收入,106,106,J4,請問經濟戶長個人每個月的「存款利息、跟會利息、股票利息、各種投資利息」收入總共是多,H4,請問您個人每個月的「存款利息、跟會利息、股票利息、各種投資利息」收入總共是多少？【過,12,"30,000元以上，請記錄________元",30000,,12,"30,000 元及以上，請記錄________元",30000,,option,exact_open_upper,source_question,99 H3 與 95 Q10-3 是利息、股票、投資收入；103+ 為存款/跟會/股票/投資利息。106/110 對象為經濟戶長。
income,INC_PERS_INTEREST,個人利息/投資收入,106,106,J4,請問經濟戶長個人每個月的「存款利息、跟會利息、股票利息、各種投資利息」收入總共是多,H4,請問您個人每個月的「存款利息、跟會利息、股票利息、各種投資利息」收入總共是多少？【過,13,沒有這項收入,0,0,13,沒有這項收入,0,0,option,exact_none,source_question,99 H3 與 95 Q10-3 是利息、股票、投資收入；103+ 為存款/跟會/股票/投資利息。106/110 對象為經濟戶長。
income,INC_PERS_INTEREST,個人利息/投資收入,110,110,E4,請問經濟戶長個人每個月的「存款利息、跟會利息、股票利息、各種投資利息」收入總共是多,H4,請問您個人每個月的「存款利息、跟會利息、股票利息、各種投資利息」收入總共是多少？【過,1,"未滿1,000元",0,999,1,999 元及以下,0,999,option,exact_range,source_question,99 H3 與 95 Q10-3 是利息、股票、投資收入；103+ 為存款/跟會/股票/投資利息。106/110 對象為經濟戶長。
income,INC_PERS_INTEREST,個人利息/投資收入,110,110,E4,請問經濟戶長個人每個月的「存款利息、跟會利息、股票利息、各種投資利息」收入總共是多,H4,請問您個人每個月的「存款利息、跟會利息、股票利息、各種投資利息」收入總共是多少？【過,2,"1,000 元-未滿2,000元",1000,1999,2,"1,000-1,999 元",1000,1999,option,exact_range,source_question,99 H3 與 95 Q10-3 是利息、股票、投資收入；103+ 為存款/跟會/股票/投資利息。106/110 對象為經濟戶長。
income,INC_PERS_INTEREST,個人利息/投資收入,110,110,E4,請問經濟戶長個人每個月的「存款利息、跟會利息、股票利息、各種投資利息」收入總共是多,H4,請問您個人每個月的「存款利息、跟會利息、股票利息、各種投資利息」收入總共是多少？【過,3,"2,000 元-未滿3,000元",2000,2999,3,"2,000-2,999 元",2000,2999,option,exact_range,source_question,99 H3 與 95 Q10-3 是利息、股票、投資收入；103+ 為存款/跟會/股票/投資利息。106/110 對象為經濟戶長。
income,INC_PERS_INTEREST,個人利息/投資收入,110,110,E4,請問經濟戶長個人每個月的「存款利息、跟會利息、股票利息、各種投資利息」收入總共是多,H4,請問您個人每個月的「存款利息、跟會利息、股票利息、各種投資利息」收入總共是多少？【過,4,"3,000 元-未滿4,000元",3000,3999,4,"3,000-3,999 元",3000,3999,option,exact_range,source_question,99 H3 與 95 Q10-3 是利息、股票、投資收入；103+ 為存款/跟會/股票/投資利息。106/110 對象為經濟戶長。
income,INC_PERS_INTEREST,個人利息/投資收入,110,110,E4,請問經濟戶長個人每個月的「存款利息、跟會利息、股票利息、各種投資利息」收入總共是多,H4,請問您個人每個月的「存款利息、跟會利息、股票利息、各種投資利息」收入總共是多少？【過,5,"4,000 元-未滿5,000元",4000,4999,5,"4,000-4,999 元",4000,4999,option,exact_range,source_question,99 H3 與 95 Q10-3 是利息、股票、投資收入；103+ 為存款/跟會/股票/投資利息。106/110 對象為經濟戶長。
income,INC_PERS_INTEREST,個人利息/投資收入,110,110,E4,請問經濟戶長個人每個月的「存款利息、跟會利息、股票利息、各種投資利息」收入總共是多,H4,請問您個人每個月的「存款利息、跟會利息、股票利息、各種投資利息」收入總共是多少？【過,6,"5,000 元-未滿6,000元",5000,5999,6,"5,000-5,999 元",5000,5999,option,exact_range,source_question,99 H3 與 95 Q10-3 是利息、股票、投資收入；103+ 為存款/跟會/股票/投資利息。106/110 對象為經濟戶長。
income,INC_PERS_INTEREST,個人利息/投資收入,110,110,E4,請問經濟戶長個人每個月的「存款利息、跟會利息、股票利息、各種投資利息」收入總共是多,H4,請問您個人每個月的「存款利息、跟會利息、股票利息、各種投資利息」收入總共是多少？【過,7,"6,000 元-未滿8,000元",6000,7999,7,"6,000-7,999 元",6000,7999,option,exact_range,source_question,99 H3 與 95 Q10-3 是利息、股票、投資收入；103+ 為存款/跟會/股票/投資利息。106/110 對象為經濟戶長。
income,INC_PERS_INTEREST,個人利息/投資收入,110,110,E4,請問經濟戶長個人每個月的「存款利息、跟會利息、股票利息、各種投資利息」收入總共是多,H4,請問您個人每個月的「存款利息、跟會利息、股票利息、各種投資利息」收入總共是多少？【過,8,"8,000 元-未滿10,000元",8000,9999,8,"8,000-9,999 元",8000,9999,option,exact_range,source_question,99 H3 與 95 Q10-3 是利息、股票、投資收入；103+ 為存款/跟會/股票/投資利息。106/110 對象為經濟戶長。
income,INC_PERS_INTEREST,個人利息/投資收入,110,110,E4,請問經濟戶長個人每個月的「存款利息、跟會利息、股票利息、各種投資利息」收入總共是多,H4,請問您個人每個月的「存款利息、跟會利息、股票利息、各種投資利息」收入總共是多少？【過,9,"10,000 元-未滿15,000元",10000,14999,9,"10,000-14,999 元",10000,14999,option,exact_range,source_question,99 H3 與 95 Q10-3 是利息、股票、投資收入；103+ 為存款/跟會/股票/投資利息。106/110 對象為經濟戶長。
income,INC_PERS_INTEREST,個人利息/投資收入,110,110,E4,請問經濟戶長個人每個月的「存款利息、跟會利息、股票利息、各種投資利息」收入總共是多,H4,請問您個人每個月的「存款利息、跟會利息、股票利息、各種投資利息」收入總共是多少？【過,10,"15,000 元-未滿20,000元",15000,19999,10,"15,000-19,999 元",15000,19999,option,exact_range,source_question,99 H3 與 95 Q10-3 是利息、股票、投資收入；103+ 為存款/跟會/股票/投資利息。106/110 對象為經濟戶長。
income,INC_PERS_INTEREST,個人利息/投資收入,110,110,E4,請問經濟戶長個人每個月的「存款利息、跟會利息、股票利息、各種投資利息」收入總共是多,H4,請問您個人每個月的「存款利息、跟會利息、股票利息、各種投資利息」收入總共是多少？【過,11,"20,000 元-未滿30,000元",20000,29999,11,"20,000-29,999 元",20000,29999,option,exact_range,source_question,99 H3 與 95 Q10-3 是利息、股票、投資收入；103+ 為存款/跟會/股票/投資利息。106/110 對象為經濟戶長。
income,INC_PERS_INTEREST,個人利息/投資收入,110,110,E4,請問經濟戶長個人每個月的「存款利息、跟會利息、股票利息、各種投資利息」收入總共是多,H4,請問您個人每個月的「存款利息、跟會利息、股票利息、各種投資利息」收入總共是多少？【過,12,"30,000元以上，請記錄________元",30000,,12,"30,000 元及以上，請記錄________元",30000,,option,exact_open_upper,source_question,99 H3 與 95 Q10-3 是利息、股票、投資收入；103+ 為存款/跟會/股票/投資利息。106/110 對象為經濟戶長。
income,INC_PERS_INTEREST,個人利息/投資收入,110,110,E4,請問經濟戶長個人每個月的「存款利息、跟會利息、股票利息、各種投資利息」收入總共是多,H4,請問您個人每個月的「存款利息、跟會利息、股票利息、各種投資利息」收入總共是多少？【過,13,沒有這項收入,0,0,13,沒有這項收入,0,0,option,exact_none,source_question,99 H3 與 95 Q10-3 是利息、股票、投資收入；103+ 為存款/跟會/股票/投資利息。106/110 對象為經濟戶長。
income,INC_PERS_RENT,個人房屋土地租金收入,91,91_1,,,H5,請問您個人每個月的「房屋、土地出租租金」收入總共是多少？,,,,,,,,,option,not_available_in_source_dataset,source_question,95+ 同概念；106/110 對象為經濟戶長。
income,INC_PERS_RENT,個人房屋土地租金收入,91,91_2,,,H5,請問您個人每個月的「房屋、土地出租租金」收入總共是多少？,,,,,,,,,option,not_available_in_source_dataset,source_question,95+ 同概念；106/110 對象為經濟戶長。
income,INC_PERS_RENT,個人房屋土地租金收入,95,95,Q10-4,請問您個人每個月的「房屋、土地出租租金」收入總共是多少？,H5,請問您個人每個月的「房屋、土地出租租金」收入總共是多少？,1,"4,999元及以下",0,4999,1,"4,999 元及以下",0,4999,option,exact_range,source_question,95+ 同概念；106/110 對象為經濟戶長。
income,INC_PERS_RENT,個人房屋土地租金收入,95,95,Q10-4,請問您個人每個月的「房屋、土地出租租金」收入總共是多少？,H5,請問您個人每個月的「房屋、土地出租租金」收入總共是多少？,2,"5,000-9,999元",5000,9999,2,"5,000-9,999 元",5000,9999,option,exact_range,source_question,95+ 同概念；106/110 對象為經濟戶長。
income,INC_PERS_RENT,個人房屋土地租金收入,95,95,Q10-4,請問您個人每個月的「房屋、土地出租租金」收入總共是多少？,H5,請問您個人每個月的「房屋、土地出租租金」收入總共是多少？,3,"10,000-14,999 元",10000,14999,3,"10,000-14,999 元",10000,14999,option,exact_range,source_question,95+ 同概念；106/110 對象為經濟戶長。
income,INC_PERS_RENT,個人房屋土地租金收入,95,95,Q10-4,請問您個人每個月的「房屋、土地出租租金」收入總共是多少？,H5,請問您個人每個月的「房屋、土地出租租金」收入總共是多少？,4,"15,000-19,999元",15000,19999,4,"15,000-19,999 元",15000,19999,option,exact_range,source_question,95+ 同概念；106/110 對象為經濟戶長。
income,INC_PERS_RENT,個人房屋土地租金收入,95,95,Q10-4,請問您個人每個月的「房屋、土地出租租金」收入總共是多少？,H5,請問您個人每個月的「房屋、土地出租租金」收入總共是多少？,5,"20,000-24,999 元",20000,24999,5,"20,000-24,999 元",20000,24999,option,exact_range,source_question,95+ 同概念；106/110 對象為經濟戶長。
income,INC_PERS_RENT,個人房屋土地租金收入,95,95,Q10-4,請問您個人每個月的「房屋、土地出租租金」收入總共是多少？,H5,請問您個人每個月的「房屋、土地出租租金」收入總共是多少？,6,"25,000-29,999元",25000,29999,6,"25,000-29,999 元",25000,29999,option,exact_range,source_question,95+ 同概念；106/110 對象為經濟戶長。
income,INC_PERS_RENT,個人房屋土地租金收入,95,95,Q10-4,請問您個人每個月的「房屋、土地出租租金」收入總共是多少？,H5,請問您個人每個月的「房屋、土地出租租金」收入總共是多少？,7,"30,000-39,999 元",30000,39999,7,"30,000-39,999 元",30000,39999,option,exact_range,source_question,95+ 同概念；106/110 對象為經濟戶長。
income,INC_PERS_RENT,個人房屋土地租金收入,95,95,Q10-4,請問您個人每個月的「房屋、土地出租租金」收入總共是多少？,H5,請問您個人每個月的「房屋、土地出租租金」收入總共是多少？,8,"40,000-49,999元",40000,49999,8,"40,000-49,999 元",40000,49999,option,exact_range,source_question,95+ 同概念；106/110 對象為經濟戶長。
income,INC_PERS_RENT,個人房屋土地租金收入,95,95,Q10-4,請問您個人每個月的「房屋、土地出租租金」收入總共是多少？,H5,請問您個人每個月的「房屋、土地出租租金」收入總共是多少？,9,"50,000-59,999 元",50000,59999,9,"50,000-59,999 元",50000,59999,option,exact_range,source_question,95+ 同概念；106/110 對象為經濟戶長。
income,INC_PERS_RENT,個人房屋土地租金收入,95,95,Q10-4,請問您個人每個月的「房屋、土地出租租金」收入總共是多少？,H5,請問您個人每個月的「房屋、土地出租租金」收入總共是多少？,9,"70,000-79,999 元",70000,79999,11,"70,000-79,999 元",70000,79999,option,exact_range,source_question,95+ 同概念；106/110 對象為經濟戶長。
income,INC_PERS_RENT,個人房屋土地租金收入,95,95,Q10-4,請問您個人每個月的「房屋、土地出租租金」收入總共是多少？,H5,請問您個人每個月的「房屋、土地出租租金」收入總共是多少？,10,"60,000-69,999元",60000,69999,10,"60,000-69,999 元",60000,69999,option,exact_range,source_question,95+ 同概念；106/110 對象為經濟戶長。
income,INC_PERS_RENT,個人房屋土地租金收入,95,95,Q10-4,請問您個人每個月的「房屋、土地出租租金」收入總共是多少？,H5,請問您個人每個月的「房屋、土地出租租金」收入總共是多少？,90,"80,000 元及以上，請記錄 元 6",80000,,12,"80,000 元及以上，請記錄_________________元",80000,,option,exact_open_upper,source_question,95+ 同概念；106/110 對象為經濟戶長。
income,INC_PERS_RENT,個人房屋土地租金收入,95,95,Q10-4,請問您個人每個月的「房屋、土地出租租金」收入總共是多少？,H5,請問您個人每個月的「房屋、土地出租租金」收入總共是多少？,95,沒有這項收入,0,0,13,沒有這項收入,0,0,option,exact_none,source_question,95+ 同概念；106/110 對象為經濟戶長。
income,INC_PERS_RENT,個人房屋土地租金收入,99,99,H4,請問您個人每個月的「房屋、土地出租租金」收入總共是多少？,H5,請問您個人每個月的「房屋、土地出租租金」收入總共是多少？,1,"4,999 元及以下",0,4999,1,"4,999 元及以下",0,4999,option,exact_range,source_question,95+ 同概念；106/110 對象為經濟戶長。
income,INC_PERS_RENT,個人房屋土地租金收入,99,99,H4,請問您個人每個月的「房屋、土地出租租金」收入總共是多少？,H5,請問您個人每個月的「房屋、土地出租租金」收入總共是多少？,2,"5,000-9,999 元",5000,9999,2,"5,000-9,999 元",5000,9999,option,exact_range,source_question,95+ 同概念；106/110 對象為經濟戶長。
income,INC_PERS_RENT,個人房屋土地租金收入,99,99,H4,請問您個人每個月的「房屋、土地出租租金」收入總共是多少？,H5,請問您個人每個月的「房屋、土地出租租金」收入總共是多少？,3,"10,000-14,999 元",10000,14999,3,"10,000-14,999 元",10000,14999,option,exact_range,source_question,95+ 同概念；106/110 對象為經濟戶長。
income,INC_PERS_RENT,個人房屋土地租金收入,99,99,H4,請問您個人每個月的「房屋、土地出租租金」收入總共是多少？,H5,請問您個人每個月的「房屋、土地出租租金」收入總共是多少？,4,"15,000-19,999 元",15000,19999,4,"15,000-19,999 元",15000,19999,option,exact_range,source_question,95+ 同概念；106/110 對象為經濟戶長。
income,INC_PERS_RENT,個人房屋土地租金收入,99,99,H4,請問您個人每個月的「房屋、土地出租租金」收入總共是多少？,H5,請問您個人每個月的「房屋、土地出租租金」收入總共是多少？,5,"20,000-24,999 元",20000,24999,5,"20,000-24,999 元",20000,24999,option,exact_range,source_question,95+ 同概念；106/110 對象為經濟戶長。
income,INC_PERS_RENT,個人房屋土地租金收入,99,99,H4,請問您個人每個月的「房屋、土地出租租金」收入總共是多少？,H5,請問您個人每個月的「房屋、土地出租租金」收入總共是多少？,6,"25,000-29,999 元",25000,29999,6,"25,000-29,999 元",25000,29999,option,exact_range,source_question,95+ 同概念；106/110 對象為經濟戶長。
income,INC_PERS_RENT,個人房屋土地租金收入,99,99,H4,請問您個人每個月的「房屋、土地出租租金」收入總共是多少？,H5,請問您個人每個月的「房屋、土地出租租金」收入總共是多少？,7,"30,000-39,999 元",30000,39999,7,"30,000-39,999 元",30000,39999,option,exact_range,source_question,95+ 同概念；106/110 對象為經濟戶長。
income,INC_PERS_RENT,個人房屋土地租金收入,99,99,H4,請問您個人每個月的「房屋、土地出租租金」收入總共是多少？,H5,請問您個人每個月的「房屋、土地出租租金」收入總共是多少？,8,"40,000-49,999 元",40000,49999,8,"40,000-49,999 元",40000,49999,option,exact_range,source_question,95+ 同概念；106/110 對象為經濟戶長。
income,INC_PERS_RENT,個人房屋土地租金收入,99,99,H4,請問您個人每個月的「房屋、土地出租租金」收入總共是多少？,H5,請問您個人每個月的「房屋、土地出租租金」收入總共是多少？,9,"50,000-59,999 元",50000,59999,9,"50,000-59,999 元",50000,59999,option,exact_range,source_question,95+ 同概念；106/110 對象為經濟戶長。
income,INC_PERS_RENT,個人房屋土地租金收入,99,99,H4,請問您個人每個月的「房屋、土地出租租金」收入總共是多少？,H5,請問您個人每個月的「房屋、土地出租租金」收入總共是多少？,10,"60,000-69,999 元",60000,69999,10,"60,000-69,999 元",60000,69999,option,exact_range,source_question,95+ 同概念；106/110 對象為經濟戶長。
income,INC_PERS_RENT,個人房屋土地租金收入,99,99,H4,請問您個人每個月的「房屋、土地出租租金」收入總共是多少？,H5,請問您個人每個月的「房屋、土地出租租金」收入總共是多少？,11,"70,000-79,999 元",70000,79999,11,"70,000-79,999 元",70000,79999,option,exact_range,source_question,95+ 同概念；106/110 對象為經濟戶長。
income,INC_PERS_RENT,個人房屋土地租金收入,99,99,H4,請問您個人每個月的「房屋、土地出租租金」收入總共是多少？,H5,請問您個人每個月的「房屋、土地出租租金」收入總共是多少？,12,"80,000 元及以上，請記錄 元",80000,,12,"80,000 元及以上，請記錄_________________元",80000,,option,exact_open_upper,source_question,95+ 同概念；106/110 對象為經濟戶長。
income,INC_PERS_RENT,個人房屋土地租金收入,99,99,H4,請問您個人每個月的「房屋、土地出租租金」收入總共是多少？,H5,請問您個人每個月的「房屋、土地出租租金」收入總共是多少？,13,沒有這項收入,0,0,13,沒有這項收入,0,0,option,exact_none,source_question,95+ 同概念；106/110 對象為經濟戶長。
income,INC_PERS_RENT,個人房屋土地租金收入,103,103,H5,請問您個人每個月的「房屋、土地出租租金」收入總共是多少？,H5,請問您個人每個月的「房屋、土地出租租金」收入總共是多少？,1,"4,999 元及以下",0,4999,1,"4,999 元及以下",0,4999,option,exact_range,source_question,95+ 同概念；106/110 對象為經濟戶長。
income,INC_PERS_RENT,個人房屋土地租金收入,103,103,H5,請問您個人每個月的「房屋、土地出租租金」收入總共是多少？,H5,請問您個人每個月的「房屋、土地出租租金」收入總共是多少？,2,"5,000-9,999 元",5000,9999,2,"5,000-9,999 元",5000,9999,option,exact_range,source_question,95+ 同概念；106/110 對象為經濟戶長。
income,INC_PERS_RENT,個人房屋土地租金收入,103,103,H5,請問您個人每個月的「房屋、土地出租租金」收入總共是多少？,H5,請問您個人每個月的「房屋、土地出租租金」收入總共是多少？,3,"10,000-14,999 元",10000,14999,3,"10,000-14,999 元",10000,14999,option,exact_range,source_question,95+ 同概念；106/110 對象為經濟戶長。
income,INC_PERS_RENT,個人房屋土地租金收入,103,103,H5,請問您個人每個月的「房屋、土地出租租金」收入總共是多少？,H5,請問您個人每個月的「房屋、土地出租租金」收入總共是多少？,4,"15,000-19,999 元",15000,19999,4,"15,000-19,999 元",15000,19999,option,exact_range,source_question,95+ 同概念；106/110 對象為經濟戶長。
income,INC_PERS_RENT,個人房屋土地租金收入,103,103,H5,請問您個人每個月的「房屋、土地出租租金」收入總共是多少？,H5,請問您個人每個月的「房屋、土地出租租金」收入總共是多少？,5,"20,000-24,999 元",20000,24999,5,"20,000-24,999 元",20000,24999,option,exact_range,source_question,95+ 同概念；106/110 對象為經濟戶長。
income,INC_PERS_RENT,個人房屋土地租金收入,103,103,H5,請問您個人每個月的「房屋、土地出租租金」收入總共是多少？,H5,請問您個人每個月的「房屋、土地出租租金」收入總共是多少？,6,"25,000-29,999 元",25000,29999,6,"25,000-29,999 元",25000,29999,option,exact_range,source_question,95+ 同概念；106/110 對象為經濟戶長。
income,INC_PERS_RENT,個人房屋土地租金收入,103,103,H5,請問您個人每個月的「房屋、土地出租租金」收入總共是多少？,H5,請問您個人每個月的「房屋、土地出租租金」收入總共是多少？,7,"30,000-39,999 元",30000,39999,7,"30,000-39,999 元",30000,39999,option,exact_range,source_question,95+ 同概念；106/110 對象為經濟戶長。
income,INC_PERS_RENT,個人房屋土地租金收入,103,103,H5,請問您個人每個月的「房屋、土地出租租金」收入總共是多少？,H5,請問您個人每個月的「房屋、土地出租租金」收入總共是多少？,8,"40,000-49,999 元",40000,49999,8,"40,000-49,999 元",40000,49999,option,exact_range,source_question,95+ 同概念；106/110 對象為經濟戶長。
income,INC_PERS_RENT,個人房屋土地租金收入,103,103,H5,請問您個人每個月的「房屋、土地出租租金」收入總共是多少？,H5,請問您個人每個月的「房屋、土地出租租金」收入總共是多少？,9,"50,000-59,999 元",50000,59999,9,"50,000-59,999 元",50000,59999,option,exact_range,source_question,95+ 同概念；106/110 對象為經濟戶長。
income,INC_PERS_RENT,個人房屋土地租金收入,103,103,H5,請問您個人每個月的「房屋、土地出租租金」收入總共是多少？,H5,請問您個人每個月的「房屋、土地出租租金」收入總共是多少？,10,"60,000-69,999 元",60000,69999,10,"60,000-69,999 元",60000,69999,option,exact_range,source_question,95+ 同概念；106/110 對象為經濟戶長。
income,INC_PERS_RENT,個人房屋土地租金收入,103,103,H5,請問您個人每個月的「房屋、土地出租租金」收入總共是多少？,H5,請問您個人每個月的「房屋、土地出租租金」收入總共是多少？,11,"70,000-79,999 元",70000,79999,11,"70,000-79,999 元",70000,79999,option,exact_range,source_question,95+ 同概念；106/110 對象為經濟戶長。
income,INC_PERS_RENT,個人房屋土地租金收入,103,103,H5,請問您個人每個月的「房屋、土地出租租金」收入總共是多少？,H5,請問您個人每個月的「房屋、土地出租租金」收入總共是多少？,12,"80,000 元及以上，請記錄_________________元",80000,,12,"80,000 元及以上，請記錄_________________元",80000,,option,exact_open_upper,source_question,95+ 同概念；106/110 對象為經濟戶長。
income,INC_PERS_RENT,個人房屋土地租金收入,103,103,H5,請問您個人每個月的「房屋、土地出租租金」收入總共是多少？,H5,請問您個人每個月的「房屋、土地出租租金」收入總共是多少？,13,沒有這項收入,0,0,13,沒有這項收入,0,0,option,exact_none,source_question,95+ 同概念；106/110 對象為經濟戶長。
income,INC_PERS_RENT,個人房屋土地租金收入,106,106,J5,請問經濟戶長個人每個月的「房屋、土地出租租金」收入總共是多少？【106年平均每個月的金,H5,請問您個人每個月的「房屋、土地出租租金」收入總共是多少？,1,"未滿5,000元",0,4999,1,"4,999 元及以下",0,4999,option,exact_range,source_question,95+ 同概念；106/110 對象為經濟戶長。
income,INC_PERS_RENT,個人房屋土地租金收入,106,106,J5,請問經濟戶長個人每個月的「房屋、土地出租租金」收入總共是多少？【106年平均每個月的金,H5,請問您個人每個月的「房屋、土地出租租金」收入總共是多少？,2,"5,000 元-未滿10,000元",5000,9999,2,"5,000-9,999 元",5000,9999,option,exact_range,source_question,95+ 同概念；106/110 對象為經濟戶長。
income,INC_PERS_RENT,個人房屋土地租金收入,106,106,J5,請問經濟戶長個人每個月的「房屋、土地出租租金」收入總共是多少？【106年平均每個月的金,H5,請問您個人每個月的「房屋、土地出租租金」收入總共是多少？,3,"10,000元-未滿15,000元",10000,14999,3,"10,000-14,999 元",10000,14999,option,exact_range,source_question,95+ 同概念；106/110 對象為經濟戶長。
income,INC_PERS_RENT,個人房屋土地租金收入,106,106,J5,請問經濟戶長個人每個月的「房屋、土地出租租金」收入總共是多少？【106年平均每個月的金,H5,請問您個人每個月的「房屋、土地出租租金」收入總共是多少？,4,"15,000元-未滿20,000元",15000,19999,4,"15,000-19,999 元",15000,19999,option,exact_range,source_question,95+ 同概念；106/110 對象為經濟戶長。
income,INC_PERS_RENT,個人房屋土地租金收入,106,106,J5,請問經濟戶長個人每個月的「房屋、土地出租租金」收入總共是多少？【106年平均每個月的金,H5,請問您個人每個月的「房屋、土地出租租金」收入總共是多少？,5,"20,000元-未滿25,000元",20000,24999,5,"20,000-24,999 元",20000,24999,option,exact_range,source_question,95+ 同概念；106/110 對象為經濟戶長。
income,INC_PERS_RENT,個人房屋土地租金收入,106,106,J5,請問經濟戶長個人每個月的「房屋、土地出租租金」收入總共是多少？【106年平均每個月的金,H5,請問您個人每個月的「房屋、土地出租租金」收入總共是多少？,6,"25,000元-未滿30,000元",25000,29999,6,"25,000-29,999 元",25000,29999,option,exact_range,source_question,95+ 同概念；106/110 對象為經濟戶長。
income,INC_PERS_RENT,個人房屋土地租金收入,106,106,J5,請問經濟戶長個人每個月的「房屋、土地出租租金」收入總共是多少？【106年平均每個月的金,H5,請問您個人每個月的「房屋、土地出租租金」收入總共是多少？,7,"30,000元-未滿40,000元",30000,39999,7,"30,000-39,999 元",30000,39999,option,exact_range,source_question,95+ 同概念；106/110 對象為經濟戶長。
income,INC_PERS_RENT,個人房屋土地租金收入,106,106,J5,請問經濟戶長個人每個月的「房屋、土地出租租金」收入總共是多少？【106年平均每個月的金,H5,請問您個人每個月的「房屋、土地出租租金」收入總共是多少？,8,"40,000元-未滿50,000元",40000,49999,8,"40,000-49,999 元",40000,49999,option,exact_range,source_question,95+ 同概念；106/110 對象為經濟戶長。
income,INC_PERS_RENT,個人房屋土地租金收入,106,106,J5,請問經濟戶長個人每個月的「房屋、土地出租租金」收入總共是多少？【106年平均每個月的金,H5,請問您個人每個月的「房屋、土地出租租金」收入總共是多少？,9,"50,000元-未滿60,000元",50000,59999,9,"50,000-59,999 元",50000,59999,option,exact_range,source_question,95+ 同概念；106/110 對象為經濟戶長。
income,INC_PERS_RENT,個人房屋土地租金收入,106,106,J5,請問經濟戶長個人每個月的「房屋、土地出租租金」收入總共是多少？【106年平均每個月的金,H5,請問您個人每個月的「房屋、土地出租租金」收入總共是多少？,10,"60,000元-未滿70,000元",60000,69999,10,"60,000-69,999 元",60000,69999,option,exact_range,source_question,95+ 同概念；106/110 對象為經濟戶長。
income,INC_PERS_RENT,個人房屋土地租金收入,106,106,J5,請問經濟戶長個人每個月的「房屋、土地出租租金」收入總共是多少？【106年平均每個月的金,H5,請問您個人每個月的「房屋、土地出租租金」收入總共是多少？,11,"70,000元-未滿80,000元",70000,79999,11,"70,000-79,999 元",70000,79999,option,exact_range,source_question,95+ 同概念；106/110 對象為經濟戶長。
income,INC_PERS_RENT,個人房屋土地租金收入,106,106,J5,請問經濟戶長個人每個月的「房屋、土地出租租金」收入總共是多少？【106年平均每個月的金,H5,請問您個人每個月的「房屋、土地出租租金」收入總共是多少？,12,"80,000元以上，請記錄_________________元",80000,,12,"80,000 元及以上，請記錄_________________元",80000,,option,exact_open_upper,source_question,95+ 同概念；106/110 對象為經濟戶長。
income,INC_PERS_RENT,個人房屋土地租金收入,106,106,J5,請問經濟戶長個人每個月的「房屋、土地出租租金」收入總共是多少？【106年平均每個月的金,H5,請問您個人每個月的「房屋、土地出租租金」收入總共是多少？,13,沒有這項收入,0,0,13,沒有這項收入,0,0,option,exact_none,source_question,95+ 同概念；106/110 對象為經濟戶長。
income,INC_PERS_RENT,個人房屋土地租金收入,110,110,E5,請問經濟戶長個人每個月的「房屋、土地出租租金」收入總共是多少？【110年平均每個月的金,H5,請問您個人每個月的「房屋、土地出租租金」收入總共是多少？,1,"未滿5,000元",0,4999,1,"4,999 元及以下",0,4999,option,exact_range,source_question,95+ 同概念；106/110 對象為經濟戶長。
income,INC_PERS_RENT,個人房屋土地租金收入,110,110,E5,請問經濟戶長個人每個月的「房屋、土地出租租金」收入總共是多少？【110年平均每個月的金,H5,請問您個人每個月的「房屋、土地出租租金」收入總共是多少？,2,"5,000 元-未滿10,000元",5000,9999,2,"5,000-9,999 元",5000,9999,option,exact_range,source_question,95+ 同概念；106/110 對象為經濟戶長。
income,INC_PERS_RENT,個人房屋土地租金收入,110,110,E5,請問經濟戶長個人每個月的「房屋、土地出租租金」收入總共是多少？【110年平均每個月的金,H5,請問您個人每個月的「房屋、土地出租租金」收入總共是多少？,3,"10,000元-未滿15,000元",10000,14999,3,"10,000-14,999 元",10000,14999,option,exact_range,source_question,95+ 同概念；106/110 對象為經濟戶長。
income,INC_PERS_RENT,個人房屋土地租金收入,110,110,E5,請問經濟戶長個人每個月的「房屋、土地出租租金」收入總共是多少？【110年平均每個月的金,H5,請問您個人每個月的「房屋、土地出租租金」收入總共是多少？,4,"15,000元-未滿20,000元",15000,19999,4,"15,000-19,999 元",15000,19999,option,exact_range,source_question,95+ 同概念；106/110 對象為經濟戶長。
income,INC_PERS_RENT,個人房屋土地租金收入,110,110,E5,請問經濟戶長個人每個月的「房屋、土地出租租金」收入總共是多少？【110年平均每個月的金,H5,請問您個人每個月的「房屋、土地出租租金」收入總共是多少？,5,"20,000元-未滿25,000元",20000,24999,5,"20,000-24,999 元",20000,24999,option,exact_range,source_question,95+ 同概念；106/110 對象為經濟戶長。
income,INC_PERS_RENT,個人房屋土地租金收入,110,110,E5,請問經濟戶長個人每個月的「房屋、土地出租租金」收入總共是多少？【110年平均每個月的金,H5,請問您個人每個月的「房屋、土地出租租金」收入總共是多少？,6,"25,000元-未滿30,000元",25000,29999,6,"25,000-29,999 元",25000,29999,option,exact_range,source_question,95+ 同概念；106/110 對象為經濟戶長。
income,INC_PERS_RENT,個人房屋土地租金收入,110,110,E5,請問經濟戶長個人每個月的「房屋、土地出租租金」收入總共是多少？【110年平均每個月的金,H5,請問您個人每個月的「房屋、土地出租租金」收入總共是多少？,7,"30,000元-未滿40,000元",30000,39999,7,"30,000-39,999 元",30000,39999,option,exact_range,source_question,95+ 同概念；106/110 對象為經濟戶長。
income,INC_PERS_RENT,個人房屋土地租金收入,110,110,E5,請問經濟戶長個人每個月的「房屋、土地出租租金」收入總共是多少？【110年平均每個月的金,H5,請問您個人每個月的「房屋、土地出租租金」收入總共是多少？,8,"40,000元-未滿50,000元",40000,49999,8,"40,000-49,999 元",40000,49999,option,exact_range,source_question,95+ 同概念；106/110 對象為經濟戶長。
income,INC_PERS_RENT,個人房屋土地租金收入,110,110,E5,請問經濟戶長個人每個月的「房屋、土地出租租金」收入總共是多少？【110年平均每個月的金,H5,請問您個人每個月的「房屋、土地出租租金」收入總共是多少？,9,"50,000元-未滿60,000元",50000,59999,9,"50,000-59,999 元",50000,59999,option,exact_range,source_question,95+ 同概念；106/110 對象為經濟戶長。
income,INC_PERS_RENT,個人房屋土地租金收入,110,110,E5,請問經濟戶長個人每個月的「房屋、土地出租租金」收入總共是多少？【110年平均每個月的金,H5,請問您個人每個月的「房屋、土地出租租金」收入總共是多少？,10,"60,000元-未滿70,000元",60000,69999,10,"60,000-69,999 元",60000,69999,option,exact_range,source_question,95+ 同概念；106/110 對象為經濟戶長。
income,INC_PERS_RENT,個人房屋土地租金收入,110,110,E5,請問經濟戶長個人每個月的「房屋、土地出租租金」收入總共是多少？【110年平均每個月的金,H5,請問您個人每個月的「房屋、土地出租租金」收入總共是多少？,11,"70,000元-未滿80,000元",70000,79999,11,"70,000-79,999 元",70000,79999,option,exact_range,source_question,95+ 同概念；106/110 對象為經濟戶長。
income,INC_PERS_RENT,個人房屋土地租金收入,110,110,E5,請問經濟戶長個人每個月的「房屋、土地出租租金」收入總共是多少？【110年平均每個月的金,H5,請問您個人每個月的「房屋、土地出租租金」收入總共是多少？,12,"80,000元以上，請記錄_________________元",80000,,12,"80,000 元及以上，請記錄_________________元",80000,,option,exact_open_upper,source_question,95+ 同概念；106/110 對象為經濟戶長。
income,INC_PERS_RENT,個人房屋土地租金收入,110,110,E5,請問經濟戶長個人每個月的「房屋、土地出租租金」收入總共是多少？【110年平均每個月的金,H5,請問您個人每個月的「房屋、土地出租租金」收入總共是多少？,13,沒有這項收入,0,0,13,沒有這項收入,0,0,option,exact_none,source_question,95+ 同概念；106/110 對象為經濟戶長。
income,INC_PERS_OTHER,個人其他收入,91,91_1,,,H6,除了以上這些收入以外，請問您個人每個月「其他雜項」收入總共是多少？,,,,,,,,,option,not_available_in_source_dataset,source_question,95+ 同概念；106/110 對象為經濟戶長。
income,INC_PERS_OTHER,個人其他收入,91,91_2,,,H6,除了以上這些收入以外，請問您個人每個月「其他雜項」收入總共是多少？,,,,,,,,,option,not_available_in_source_dataset,source_question,95+ 同概念；106/110 對象為經濟戶長。
income,INC_PERS_OTHER,個人其他收入,95,95,Q10-5,除了以上這些收入以外，請問您個人每個月「其他」收入總共是多少？,H6,除了以上這些收入以外，請問您個人每個月「其他雜項」收入總共是多少？,1,"4,999元及以下",0,4999,1,"4,999 元及以下",0,4999,option,exact_range,source_question,95+ 同概念；106/110 對象為經濟戶長。
income,INC_PERS_OTHER,個人其他收入,95,95,Q10-5,除了以上這些收入以外，請問您個人每個月「其他」收入總共是多少？,H6,除了以上這些收入以外，請問您個人每個月「其他雜項」收入總共是多少？,2,"5,000-9,999元",5000,9999,2,"5,000-9,999 元",5000,9999,option,exact_range,source_question,95+ 同概念；106/110 對象為經濟戶長。
income,INC_PERS_OTHER,個人其他收入,95,95,Q10-5,除了以上這些收入以外，請問您個人每個月「其他」收入總共是多少？,H6,除了以上這些收入以外，請問您個人每個月「其他雜項」收入總共是多少？,3,"10,000-14,999 元",10000,14999,3,"10,000-14,999 元",10000,14999,option,exact_range,source_question,95+ 同概念；106/110 對象為經濟戶長。
income,INC_PERS_OTHER,個人其他收入,95,95,Q10-5,除了以上這些收入以外，請問您個人每個月「其他」收入總共是多少？,H6,除了以上這些收入以外，請問您個人每個月「其他雜項」收入總共是多少？,4,"15,000-19,999元",15000,19999,4,"15,000-19,999 元",15000,19999,option,exact_range,source_question,95+ 同概念；106/110 對象為經濟戶長。
income,INC_PERS_OTHER,個人其他收入,95,95,Q10-5,除了以上這些收入以外，請問您個人每個月「其他」收入總共是多少？,H6,除了以上這些收入以外，請問您個人每個月「其他雜項」收入總共是多少？,5,"20,000-24,999 元",20000,24999,5,"20,000-24,999 元",20000,24999,option,exact_range,source_question,95+ 同概念；106/110 對象為經濟戶長。
income,INC_PERS_OTHER,個人其他收入,95,95,Q10-5,除了以上這些收入以外，請問您個人每個月「其他」收入總共是多少？,H6,除了以上這些收入以外，請問您個人每個月「其他雜項」收入總共是多少？,6,"25,000-29,999元",25000,29999,6,"25,000-29,999 元",25000,29999,option,exact_range,source_question,95+ 同概念；106/110 對象為經濟戶長。
income,INC_PERS_OTHER,個人其他收入,95,95,Q10-5,除了以上這些收入以外，請問您個人每個月「其他」收入總共是多少？,H6,除了以上這些收入以外，請問您個人每個月「其他雜項」收入總共是多少？,7,"30,000-39,999 元",30000,39999,7,"30,000-39,999 元",30000,39999,option,exact_range,source_question,95+ 同概念；106/110 對象為經濟戶長。
income,INC_PERS_OTHER,個人其他收入,95,95,Q10-5,除了以上這些收入以外，請問您個人每個月「其他」收入總共是多少？,H6,除了以上這些收入以外，請問您個人每個月「其他雜項」收入總共是多少？,8,"40,000-49,999元",40000,49999,8,"40,000-49,999 元",40000,49999,option,exact_range,source_question,95+ 同概念；106/110 對象為經濟戶長。
income,INC_PERS_OTHER,個人其他收入,95,95,Q10-5,除了以上這些收入以外，請問您個人每個月「其他」收入總共是多少？,H6,除了以上這些收入以外，請問您個人每個月「其他雜項」收入總共是多少？,9,"50,000-59,999 元",50000,59999,9,"50,000-59,999 元",50000,59999,option,exact_range,source_question,95+ 同概念；106/110 對象為經濟戶長。
income,INC_PERS_OTHER,個人其他收入,95,95,Q10-5,除了以上這些收入以外，請問您個人每個月「其他」收入總共是多少？,H6,除了以上這些收入以外，請問您個人每個月「其他雜項」收入總共是多少？,9,"70,000-79,999 元",70000,79999,11,"70,000-79,999 元",70000,79999,option,exact_range,source_question,95+ 同概念；106/110 對象為經濟戶長。
income,INC_PERS_OTHER,個人其他收入,95,95,Q10-5,除了以上這些收入以外，請問您個人每個月「其他」收入總共是多少？,H6,除了以上這些收入以外，請問您個人每個月「其他雜項」收入總共是多少？,10,"60,000-69,999元",60000,69999,10,"60,000-69,999 元",60000,69999,option,exact_range,source_question,95+ 同概念；106/110 對象為經濟戶長。
income,INC_PERS_OTHER,個人其他收入,95,95,Q10-5,除了以上這些收入以外，請問您個人每個月「其他」收入總共是多少？,H6,除了以上這些收入以外，請問您個人每個月「其他雜項」收入總共是多少？,90,"80,000 元及以上，請記錄 元",80000,,12,"80,000 元及以上，請記錄_________________元",80000,,option,exact_open_upper,source_question,95+ 同概念；106/110 對象為經濟戶長。
income,INC_PERS_OTHER,個人其他收入,95,95,Q10-5,除了以上這些收入以外，請問您個人每個月「其他」收入總共是多少？,H6,除了以上這些收入以外，請問您個人每個月「其他雜項」收入總共是多少？,95,沒有這項收入,0,0,13,沒有這項收入,0,0,option,exact_none,source_question,95+ 同概念；106/110 對象為經濟戶長。
income,INC_PERS_OTHER,個人其他收入,99,99,H5,除了以上這些收入以外，請問您個人每個月「其他」收入總共是多少？,H6,除了以上這些收入以外，請問您個人每個月「其他雜項」收入總共是多少？,1,"4,999 元及以下",0,4999,1,"4,999 元及以下",0,4999,option,exact_range,source_question,95+ 同概念；106/110 對象為經濟戶長。
income,INC_PERS_OTHER,個人其他收入,99,99,H5,除了以上這些收入以外，請問您個人每個月「其他」收入總共是多少？,H6,除了以上這些收入以外，請問您個人每個月「其他雜項」收入總共是多少？,2,"5,000-9,999 元",5000,9999,2,"5,000-9,999 元",5000,9999,option,exact_range,source_question,95+ 同概念；106/110 對象為經濟戶長。
income,INC_PERS_OTHER,個人其他收入,99,99,H5,除了以上這些收入以外，請問您個人每個月「其他」收入總共是多少？,H6,除了以上這些收入以外，請問您個人每個月「其他雜項」收入總共是多少？,3,"10,000-14,999 元",10000,14999,3,"10,000-14,999 元",10000,14999,option,exact_range,source_question,95+ 同概念；106/110 對象為經濟戶長。
income,INC_PERS_OTHER,個人其他收入,99,99,H5,除了以上這些收入以外，請問您個人每個月「其他」收入總共是多少？,H6,除了以上這些收入以外，請問您個人每個月「其他雜項」收入總共是多少？,4,"15,000-19,999 元",15000,19999,4,"15,000-19,999 元",15000,19999,option,exact_range,source_question,95+ 同概念；106/110 對象為經濟戶長。
income,INC_PERS_OTHER,個人其他收入,99,99,H5,除了以上這些收入以外，請問您個人每個月「其他」收入總共是多少？,H6,除了以上這些收入以外，請問您個人每個月「其他雜項」收入總共是多少？,5,"20,000-24,999 元",20000,24999,5,"20,000-24,999 元",20000,24999,option,exact_range,source_question,95+ 同概念；106/110 對象為經濟戶長。
income,INC_PERS_OTHER,個人其他收入,99,99,H5,除了以上這些收入以外，請問您個人每個月「其他」收入總共是多少？,H6,除了以上這些收入以外，請問您個人每個月「其他雜項」收入總共是多少？,6,"25,000-29,999 元",25000,29999,6,"25,000-29,999 元",25000,29999,option,exact_range,source_question,95+ 同概念；106/110 對象為經濟戶長。
income,INC_PERS_OTHER,個人其他收入,99,99,H5,除了以上這些收入以外，請問您個人每個月「其他」收入總共是多少？,H6,除了以上這些收入以外，請問您個人每個月「其他雜項」收入總共是多少？,7,"30,000-39,999 元",30000,39999,7,"30,000-39,999 元",30000,39999,option,exact_range,source_question,95+ 同概念；106/110 對象為經濟戶長。
income,INC_PERS_OTHER,個人其他收入,99,99,H5,除了以上這些收入以外，請問您個人每個月「其他」收入總共是多少？,H6,除了以上這些收入以外，請問您個人每個月「其他雜項」收入總共是多少？,8,"40,000-49,999 元",40000,49999,8,"40,000-49,999 元",40000,49999,option,exact_range,source_question,95+ 同概念；106/110 對象為經濟戶長。
income,INC_PERS_OTHER,個人其他收入,99,99,H5,除了以上這些收入以外，請問您個人每個月「其他」收入總共是多少？,H6,除了以上這些收入以外，請問您個人每個月「其他雜項」收入總共是多少？,9,"50,000-59,999 元",50000,59999,9,"50,000-59,999 元",50000,59999,option,exact_range,source_question,95+ 同概念；106/110 對象為經濟戶長。
income,INC_PERS_OTHER,個人其他收入,99,99,H5,除了以上這些收入以外，請問您個人每個月「其他」收入總共是多少？,H6,除了以上這些收入以外，請問您個人每個月「其他雜項」收入總共是多少？,10,"60,000-69,999 元",60000,69999,10,"60,000-69,999 元",60000,69999,option,exact_range,source_question,95+ 同概念；106/110 對象為經濟戶長。
income,INC_PERS_OTHER,個人其他收入,99,99,H5,除了以上這些收入以外，請問您個人每個月「其他」收入總共是多少？,H6,除了以上這些收入以外，請問您個人每個月「其他雜項」收入總共是多少？,11,"70,000-79,999 元",70000,79999,11,"70,000-79,999 元",70000,79999,option,exact_range,source_question,95+ 同概念；106/110 對象為經濟戶長。
income,INC_PERS_OTHER,個人其他收入,99,99,H5,除了以上這些收入以外，請問您個人每個月「其他」收入總共是多少？,H6,除了以上這些收入以外，請問您個人每個月「其他雜項」收入總共是多少？,12,"80,000 元及以上，請記錄 元",80000,,12,"80,000 元及以上，請記錄_________________元",80000,,option,exact_open_upper,source_question,95+ 同概念；106/110 對象為經濟戶長。
income,INC_PERS_OTHER,個人其他收入,99,99,H5,除了以上這些收入以外，請問您個人每個月「其他」收入總共是多少？,H6,除了以上這些收入以外，請問您個人每個月「其他雜項」收入總共是多少？,13,沒有這項收入,0,0,13,沒有這項收入,0,0,option,exact_none,source_question,95+ 同概念；106/110 對象為經濟戶長。
income,INC_PERS_OTHER,個人其他收入,103,103,H6,除了以上這些收入以外，請問您個人每個月「其他雜項」收入總共是多少？,H6,除了以上這些收入以外，請問您個人每個月「其他雜項」收入總共是多少？,1,"4,999 元及以下",0,4999,1,"4,999 元及以下",0,4999,option,exact_range,source_question,95+ 同概念；106/110 對象為經濟戶長。
income,INC_PERS_OTHER,個人其他收入,103,103,H6,除了以上這些收入以外，請問您個人每個月「其他雜項」收入總共是多少？,H6,除了以上這些收入以外，請問您個人每個月「其他雜項」收入總共是多少？,2,"5,000-9,999 元",5000,9999,2,"5,000-9,999 元",5000,9999,option,exact_range,source_question,95+ 同概念；106/110 對象為經濟戶長。
income,INC_PERS_OTHER,個人其他收入,103,103,H6,除了以上這些收入以外，請問您個人每個月「其他雜項」收入總共是多少？,H6,除了以上這些收入以外，請問您個人每個月「其他雜項」收入總共是多少？,3,"10,000-14,999 元",10000,14999,3,"10,000-14,999 元",10000,14999,option,exact_range,source_question,95+ 同概念；106/110 對象為經濟戶長。
income,INC_PERS_OTHER,個人其他收入,103,103,H6,除了以上這些收入以外，請問您個人每個月「其他雜項」收入總共是多少？,H6,除了以上這些收入以外，請問您個人每個月「其他雜項」收入總共是多少？,4,"15,000-19,999 元",15000,19999,4,"15,000-19,999 元",15000,19999,option,exact_range,source_question,95+ 同概念；106/110 對象為經濟戶長。
income,INC_PERS_OTHER,個人其他收入,103,103,H6,除了以上這些收入以外，請問您個人每個月「其他雜項」收入總共是多少？,H6,除了以上這些收入以外，請問您個人每個月「其他雜項」收入總共是多少？,5,"20,000-24,999 元",20000,24999,5,"20,000-24,999 元",20000,24999,option,exact_range,source_question,95+ 同概念；106/110 對象為經濟戶長。
income,INC_PERS_OTHER,個人其他收入,103,103,H6,除了以上這些收入以外，請問您個人每個月「其他雜項」收入總共是多少？,H6,除了以上這些收入以外，請問您個人每個月「其他雜項」收入總共是多少？,6,"25,000-29,999 元",25000,29999,6,"25,000-29,999 元",25000,29999,option,exact_range,source_question,95+ 同概念；106/110 對象為經濟戶長。
income,INC_PERS_OTHER,個人其他收入,103,103,H6,除了以上這些收入以外，請問您個人每個月「其他雜項」收入總共是多少？,H6,除了以上這些收入以外，請問您個人每個月「其他雜項」收入總共是多少？,7,"30,000-39,999 元",30000,39999,7,"30,000-39,999 元",30000,39999,option,exact_range,source_question,95+ 同概念；106/110 對象為經濟戶長。
income,INC_PERS_OTHER,個人其他收入,103,103,H6,除了以上這些收入以外，請問您個人每個月「其他雜項」收入總共是多少？,H6,除了以上這些收入以外，請問您個人每個月「其他雜項」收入總共是多少？,8,"40,000-49,999 元",40000,49999,8,"40,000-49,999 元",40000,49999,option,exact_range,source_question,95+ 同概念；106/110 對象為經濟戶長。
income,INC_PERS_OTHER,個人其他收入,103,103,H6,除了以上這些收入以外，請問您個人每個月「其他雜項」收入總共是多少？,H6,除了以上這些收入以外，請問您個人每個月「其他雜項」收入總共是多少？,9,"50,000-59,999 元",50000,59999,9,"50,000-59,999 元",50000,59999,option,exact_range,source_question,95+ 同概念；106/110 對象為經濟戶長。
income,INC_PERS_OTHER,個人其他收入,103,103,H6,除了以上這些收入以外，請問您個人每個月「其他雜項」收入總共是多少？,H6,除了以上這些收入以外，請問您個人每個月「其他雜項」收入總共是多少？,10,"60,000-69,999 元",60000,69999,10,"60,000-69,999 元",60000,69999,option,exact_range,source_question,95+ 同概念；106/110 對象為經濟戶長。
income,INC_PERS_OTHER,個人其他收入,103,103,H6,除了以上這些收入以外，請問您個人每個月「其他雜項」收入總共是多少？,H6,除了以上這些收入以外，請問您個人每個月「其他雜項」收入總共是多少？,11,"70,000-79,999 元",70000,79999,11,"70,000-79,999 元",70000,79999,option,exact_range,source_question,95+ 同概念；106/110 對象為經濟戶長。
income,INC_PERS_OTHER,個人其他收入,103,103,H6,除了以上這些收入以外，請問您個人每個月「其他雜項」收入總共是多少？,H6,除了以上這些收入以外，請問您個人每個月「其他雜項」收入總共是多少？,12,"80,000 元及以上，請記錄_________________元",80000,,12,"80,000 元及以上，請記錄_________________元",80000,,option,exact_open_upper,source_question,95+ 同概念；106/110 對象為經濟戶長。
income,INC_PERS_OTHER,個人其他收入,103,103,H6,除了以上這些收入以外，請問您個人每個月「其他雜項」收入總共是多少？,H6,除了以上這些收入以外，請問您個人每個月「其他雜項」收入總共是多少？,13,沒有這項收入,0,0,13,沒有這項收入,0,0,option,exact_none,source_question,95+ 同概念；106/110 對象為經濟戶長。
income,INC_PERS_OTHER,個人其他收入,106,106,J6,除了以上這些收入以外，請問經濟戶長個人每個月「其他雜項」收入總共是多少？【106年平均,H6,除了以上這些收入以外，請問您個人每個月「其他雜項」收入總共是多少？,1,"未滿5,000元",0,4999,1,"4,999 元及以下",0,4999,option,exact_range,source_question,95+ 同概念；106/110 對象為經濟戶長。
income,INC_PERS_OTHER,個人其他收入,106,106,J6,除了以上這些收入以外，請問經濟戶長個人每個月「其他雜項」收入總共是多少？【106年平均,H6,除了以上這些收入以外，請問您個人每個月「其他雜項」收入總共是多少？,2,"5,000 元-未滿10,000元",5000,9999,2,"5,000-9,999 元",5000,9999,option,exact_range,source_question,95+ 同概念；106/110 對象為經濟戶長。
income,INC_PERS_OTHER,個人其他收入,106,106,J6,除了以上這些收入以外，請問經濟戶長個人每個月「其他雜項」收入總共是多少？【106年平均,H6,除了以上這些收入以外，請問您個人每個月「其他雜項」收入總共是多少？,3,"10,000元-未滿15,000元",10000,14999,3,"10,000-14,999 元",10000,14999,option,exact_range,source_question,95+ 同概念；106/110 對象為經濟戶長。
income,INC_PERS_OTHER,個人其他收入,106,106,J6,除了以上這些收入以外，請問經濟戶長個人每個月「其他雜項」收入總共是多少？【106年平均,H6,除了以上這些收入以外，請問您個人每個月「其他雜項」收入總共是多少？,4,"15,000元-未滿20,000元",15000,19999,4,"15,000-19,999 元",15000,19999,option,exact_range,source_question,95+ 同概念；106/110 對象為經濟戶長。
income,INC_PERS_OTHER,個人其他收入,106,106,J6,除了以上這些收入以外，請問經濟戶長個人每個月「其他雜項」收入總共是多少？【106年平均,H6,除了以上這些收入以外，請問您個人每個月「其他雜項」收入總共是多少？,5,"20,000元-未滿25,000元",20000,24999,5,"20,000-24,999 元",20000,24999,option,exact_range,source_question,95+ 同概念；106/110 對象為經濟戶長。
income,INC_PERS_OTHER,個人其他收入,106,106,J6,除了以上這些收入以外，請問經濟戶長個人每個月「其他雜項」收入總共是多少？【106年平均,H6,除了以上這些收入以外，請問您個人每個月「其他雜項」收入總共是多少？,6,"25,000元-未滿30,000元",25000,29999,6,"25,000-29,999 元",25000,29999,option,exact_range,source_question,95+ 同概念；106/110 對象為經濟戶長。
income,INC_PERS_OTHER,個人其他收入,106,106,J6,除了以上這些收入以外，請問經濟戶長個人每個月「其他雜項」收入總共是多少？【106年平均,H6,除了以上這些收入以外，請問您個人每個月「其他雜項」收入總共是多少？,7,"30,000元-未滿40,000元",30000,39999,7,"30,000-39,999 元",30000,39999,option,exact_range,source_question,95+ 同概念；106/110 對象為經濟戶長。
income,INC_PERS_OTHER,個人其他收入,106,106,J6,除了以上這些收入以外，請問經濟戶長個人每個月「其他雜項」收入總共是多少？【106年平均,H6,除了以上這些收入以外，請問您個人每個月「其他雜項」收入總共是多少？,8,"40,000元-未滿50,000元",40000,49999,8,"40,000-49,999 元",40000,49999,option,exact_range,source_question,95+ 同概念；106/110 對象為經濟戶長。
income,INC_PERS_OTHER,個人其他收入,106,106,J6,除了以上這些收入以外，請問經濟戶長個人每個月「其他雜項」收入總共是多少？【106年平均,H6,除了以上這些收入以外，請問您個人每個月「其他雜項」收入總共是多少？,9,"50,000元-未滿60,000元",50000,59999,9,"50,000-59,999 元",50000,59999,option,exact_range,source_question,95+ 同概念；106/110 對象為經濟戶長。
income,INC_PERS_OTHER,個人其他收入,106,106,J6,除了以上這些收入以外，請問經濟戶長個人每個月「其他雜項」收入總共是多少？【106年平均,H6,除了以上這些收入以外，請問您個人每個月「其他雜項」收入總共是多少？,10,"60,000元-未滿70,000元",60000,69999,10,"60,000-69,999 元",60000,69999,option,exact_range,source_question,95+ 同概念；106/110 對象為經濟戶長。
income,INC_PERS_OTHER,個人其他收入,106,106,J6,除了以上這些收入以外，請問經濟戶長個人每個月「其他雜項」收入總共是多少？【106年平均,H6,除了以上這些收入以外，請問您個人每個月「其他雜項」收入總共是多少？,11,"70,000元-未滿80,000元",70000,79999,11,"70,000-79,999 元",70000,79999,option,exact_range,source_question,95+ 同概念；106/110 對象為經濟戶長。
income,INC_PERS_OTHER,個人其他收入,106,106,J6,除了以上這些收入以外，請問經濟戶長個人每個月「其他雜項」收入總共是多少？【106年平均,H6,除了以上這些收入以外，請問您個人每個月「其他雜項」收入總共是多少？,12,"80,000元以上，請記錄_________________元",80000,,12,"80,000 元及以上，請記錄_________________元",80000,,option,exact_open_upper,source_question,95+ 同概念；106/110 對象為經濟戶長。
income,INC_PERS_OTHER,個人其他收入,106,106,J6,除了以上這些收入以外，請問經濟戶長個人每個月「其他雜項」收入總共是多少？【106年平均,H6,除了以上這些收入以外，請問您個人每個月「其他雜項」收入總共是多少？,13,沒有這項收入,0,0,13,沒有這項收入,0,0,option,exact_none,source_question,95+ 同概念；106/110 對象為經濟戶長。
income,INC_PERS_OTHER,個人其他收入,110,110,E6,除了以上這些收入以外，請問經濟戶長個人每個月「其他雜項」收入總共是多少？【110年平均,H6,除了以上這些收入以外，請問您個人每個月「其他雜項」收入總共是多少？,1,"未滿5,000元",0,4999,1,"4,999 元及以下",0,4999,option,exact_range,source_question,95+ 同概念；106/110 對象為經濟戶長。
income,INC_PERS_OTHER,個人其他收入,110,110,E6,除了以上這些收入以外，請問經濟戶長個人每個月「其他雜項」收入總共是多少？【110年平均,H6,除了以上這些收入以外，請問您個人每個月「其他雜項」收入總共是多少？,2,"5,000 元-未滿10,000元",5000,9999,2,"5,000-9,999 元",5000,9999,option,exact_range,source_question,95+ 同概念；106/110 對象為經濟戶長。
income,INC_PERS_OTHER,個人其他收入,110,110,E6,除了以上這些收入以外，請問經濟戶長個人每個月「其他雜項」收入總共是多少？【110年平均,H6,除了以上這些收入以外，請問您個人每個月「其他雜項」收入總共是多少？,3,"10,000元-未滿15,000元",10000,14999,3,"10,000-14,999 元",10000,14999,option,exact_range,source_question,95+ 同概念；106/110 對象為經濟戶長。
income,INC_PERS_OTHER,個人其他收入,110,110,E6,除了以上這些收入以外，請問經濟戶長個人每個月「其他雜項」收入總共是多少？【110年平均,H6,除了以上這些收入以外，請問您個人每個月「其他雜項」收入總共是多少？,4,"15,000元-未滿20,000元",15000,19999,4,"15,000-19,999 元",15000,19999,option,exact_range,source_question,95+ 同概念；106/110 對象為經濟戶長。
income,INC_PERS_OTHER,個人其他收入,110,110,E6,除了以上這些收入以外，請問經濟戶長個人每個月「其他雜項」收入總共是多少？【110年平均,H6,除了以上這些收入以外，請問您個人每個月「其他雜項」收入總共是多少？,5,"20,000元-未滿25,000元",20000,24999,5,"20,000-24,999 元",20000,24999,option,exact_range,source_question,95+ 同概念；106/110 對象為經濟戶長。
income,INC_PERS_OTHER,個人其他收入,110,110,E6,除了以上這些收入以外，請問經濟戶長個人每個月「其他雜項」收入總共是多少？【110年平均,H6,除了以上這些收入以外，請問您個人每個月「其他雜項」收入總共是多少？,6,"25,000元-未滿30,000元",25000,29999,6,"25,000-29,999 元",25000,29999,option,exact_range,source_question,95+ 同概念；106/110 對象為經濟戶長。
income,INC_PERS_OTHER,個人其他收入,110,110,E6,除了以上這些收入以外，請問經濟戶長個人每個月「其他雜項」收入總共是多少？【110年平均,H6,除了以上這些收入以外，請問您個人每個月「其他雜項」收入總共是多少？,7,"30,000元-未滿40,000元",30000,39999,7,"30,000-39,999 元",30000,39999,option,exact_range,source_question,95+ 同概念；106/110 對象為經濟戶長。
income,INC_PERS_OTHER,個人其他收入,110,110,E6,除了以上這些收入以外，請問經濟戶長個人每個月「其他雜項」收入總共是多少？【110年平均,H6,除了以上這些收入以外，請問您個人每個月「其他雜項」收入總共是多少？,8,"40,000元-未滿50,000元",40000,49999,8,"40,000-49,999 元",40000,49999,option,exact_range,source_question,95+ 同概念；106/110 對象為經濟戶長。
income,INC_PERS_OTHER,個人其他收入,110,110,E6,除了以上這些收入以外，請問經濟戶長個人每個月「其他雜項」收入總共是多少？【110年平均,H6,除了以上這些收入以外，請問您個人每個月「其他雜項」收入總共是多少？,9,"50,000元-未滿60,000元",50000,59999,9,"50,000-59,999 元",50000,59999,option,exact_range,source_question,95+ 同概念；106/110 對象為經濟戶長。
income,INC_PERS_OTHER,個人其他收入,110,110,E6,除了以上這些收入以外，請問經濟戶長個人每個月「其他雜項」收入總共是多少？【110年平均,H6,除了以上這些收入以外，請問您個人每個月「其他雜項」收入總共是多少？,10,"60,000元-未滿70,000元",60000,69999,10,"60,000-69,999 元",60000,69999,option,exact_range,source_question,95+ 同概念；106/110 對象為經濟戶長。
income,INC_PERS_OTHER,個人其他收入,110,110,E6,除了以上這些收入以外，請問經濟戶長個人每個月「其他雜項」收入總共是多少？【110年平均,H6,除了以上這些收入以外，請問您個人每個月「其他雜項」收入總共是多少？,11,"70,000元-未滿80,000元",70000,79999,11,"70,000-79,999 元",70000,79999,option,exact_range,source_question,95+ 同概念；106/110 對象為經濟戶長。
income,INC_PERS_OTHER,個人其他收入,110,110,E6,除了以上這些收入以外，請問經濟戶長個人每個月「其他雜項」收入總共是多少？【110年平均,H6,除了以上這些收入以外，請問您個人每個月「其他雜項」收入總共是多少？,12,"80,000元以上，請記錄_________________元",80000,,12,"80,000 元及以上，請記錄_________________元",80000,,option,exact_open_upper,source_question,95+ 同概念；106/110 對象為經濟戶長。
income,INC_PERS_OTHER,個人其他收入,110,110,E6,除了以上這些收入以外，請問經濟戶長個人每個月「其他雜項」收入總共是多少？【110年平均,H6,除了以上這些收入以外，請問您個人每個月「其他雜項」收入總共是多少？,13,沒有這項收入,0,0,13,沒有這項收入,0,0,option,exact_none,source_question,95+ 同概念；106/110 對象為經濟戶長。
income,INC_FAM_TOTAL,家庭總收入,91,91_1,21,請問您全家每個月平均總共收入是多少(所有人)?,,,1,未滿2萬元,0,19999,,,,,question_only,no_matching_103_option_bin,source_question,91 有家庭總收入級距；95 之後未單獨詢問家庭總收入。
income,INC_FAM_TOTAL,家庭總收入,91,91_1,21,請問您全家每個月平均總共收入是多少(所有人)?,,,2,2萬元至未滿4萬元,20000,39999,,,,,question_only,no_matching_103_option_bin,source_question,91 有家庭總收入級距；95 之後未單獨詢問家庭總收入。
income,INC_FAM_TOTAL,家庭總收入,91,91_1,21,請問您全家每個月平均總共收入是多少(所有人)?,,,3,4萬元至未滿6萬元,40000,59999,,,,,question_only,no_matching_103_option_bin,source_question,91 有家庭總收入級距；95 之後未單獨詢問家庭總收入。
income,INC_FAM_TOTAL,家庭總收入,91,91_1,21,請問您全家每個月平均總共收入是多少(所有人)?,,,4,6萬元至未滿8萬元,60000,79999,,,,,question_only,no_matching_103_option_bin,source_question,91 有家庭總收入級距；95 之後未單獨詢問家庭總收入。
income,INC_FAM_TOTAL,家庭總收入,91,91_1,21,請問您全家每個月平均總共收入是多少(所有人)?,,,5,8萬元至未滿10萬元,80000,99999,,,,,question_only,no_matching_103_option_bin,source_question,91 有家庭總收入級距；95 之後未單獨詢問家庭總收入。
income,INC_FAM_TOTAL,家庭總收入,91,91_1,21,請問您全家每個月平均總共收入是多少(所有人)?,,,6,10萬元至未滿12萬元,100000,119999,,,,,question_only,no_matching_103_option_bin,source_question,91 有家庭總收入級距；95 之後未單獨詢問家庭總收入。
income,INC_FAM_TOTAL,家庭總收入,91,91_1,21,請問您全家每個月平均總共收入是多少(所有人)?,,,7,12萬元至未滿15萬元,120000,149999,,,,,question_only,no_matching_103_option_bin,source_question,91 有家庭總收入級距；95 之後未單獨詢問家庭總收入。
income,INC_FAM_TOTAL,家庭總收入,91,91_1,21,請問您全家每個月平均總共收入是多少(所有人)?,,,8,15萬元以上（請記錄金額）,150000,,,,,,question_only,no_matching_103_option_bin,source_question,91 有家庭總收入級距；95 之後未單獨詢問家庭總收入。
income,INC_FAM_TOTAL,家庭總收入,91,91_2,21,請問您全家每個月平均總共收入是多少(所有人)?,,,1,未滿2萬元,0,19999,,,,,question_only,no_matching_103_option_bin,source_question,91 有家庭總收入級距；95 之後未單獨詢問家庭總收入。
income,INC_FAM_TOTAL,家庭總收入,91,91_2,21,請問您全家每個月平均總共收入是多少(所有人)?,,,2,2萬元至未滿4萬元,20000,39999,,,,,question_only,no_matching_103_option_bin,source_question,91 有家庭總收入級距；95 之後未單獨詢問家庭總收入。
income,INC_FAM_TOTAL,家庭總收入,91,91_2,21,請問您全家每個月平均總共收入是多少(所有人)?,,,3,4萬元至未滿6萬元,40000,59999,,,,,question_only,no_matching_103_option_bin,source_question,91 有家庭總收入級距；95 之後未單獨詢問家庭總收入。
income,INC_FAM_TOTAL,家庭總收入,91,91_2,21,請問您全家每個月平均總共收入是多少(所有人)?,,,4,6萬元至未滿8萬元,60000,79999,,,,,question_only,no_matching_103_option_bin,source_question,91 有家庭總收入級距；95 之後未單獨詢問家庭總收入。
income,INC_FAM_TOTAL,家庭總收入,91,91_2,21,請問您全家每個月平均總共收入是多少(所有人)?,,,5,8萬元至未滿10萬元,80000,99999,,,,,question_only,no_matching_103_option_bin,source_question,91 有家庭總收入級距；95 之後未單獨詢問家庭總收入。
income,INC_FAM_TOTAL,家庭總收入,91,91_2,21,請問您全家每個月平均總共收入是多少(所有人)?,,,6,10萬元至未滿12萬元,100000,119999,,,,,question_only,no_matching_103_option_bin,source_question,91 有家庭總收入級距；95 之後未單獨詢問家庭總收入。
income,INC_FAM_TOTAL,家庭總收入,91,91_2,21,請問您全家每個月平均總共收入是多少(所有人)?,,,7,12萬元至未滿15萬元,120000,149999,,,,,question_only,no_matching_103_option_bin,source_question,91 有家庭總收入級距；95 之後未單獨詢問家庭總收入。
income,INC_FAM_TOTAL,家庭總收入,91,91_2,21,請問您全家每個月平均總共收入是多少(所有人)?,,,8,15萬元以上（請記錄金額）,150000,,,,,,question_only,no_matching_103_option_bin,source_question,91 有家庭總收入級距；95 之後未單獨詢問家庭總收入。
income,INC_FAM_TOTAL,家庭總收入,95,95,,,,,,,,,,,,,question_only,not_available_in_source_dataset,source_question,91 有家庭總收入級距；95 之後未單獨詢問家庭總收入。
income,INC_FAM_TOTAL,家庭總收入,99,99,,,,,,,,,,,,,question_only,not_available_in_source_dataset,source_question,91 有家庭總收入級距；95 之後未單獨詢問家庭總收入。
income,INC_FAM_TOTAL,家庭總收入,103,103,,,,,,,,,,,,,question_only,not_available_in_source_dataset,source_question,91 有家庭總收入級距；95 之後未單獨詢問家庭總收入。
income,INC_FAM_TOTAL,家庭總收入,106,106,,,,,,,,,,,,,question_only,not_available_in_source_dataset,source_question,91 有家庭總收入級距；95 之後未單獨詢問家庭總收入。
income,INC_FAM_TOTAL,家庭總收入,110,110,,,,,,,,,,,,,question_only,not_available_in_source_dataset,source_question,91 有家庭總收入級距；95 之後未單獨詢問家庭總收入。
income,INC_FAM_WORK,家庭工作收入,91,91_1,22-1,請問全家每個月平均收入中，工作收入是多少?,I3,包含您本人，全家每個月的「工作薪水、兼差薪水、加班費、退休金，或是從事農林漁牧業或自,1,未滿2萬元,0,19999,1,"9,999 元及以下",0,9999,option,source_bin_spans_multiple_base_bins,source_question,以 103 年 I3 為基準。
income,INC_FAM_WORK,家庭工作收入,91,91_1,22-1,請問全家每個月平均收入中，工作收入是多少?,I3,包含您本人，全家每個月的「工作薪水、兼差薪水、加班費、退休金，或是從事農林漁牧業或自,1,未滿2萬元,0,19999,2,"10,000-19,999 元",10000,19999,option,source_bin_spans_multiple_base_bins,source_question,以 103 年 I3 為基準。
income,INC_FAM_WORK,家庭工作收入,91,91_1,22-1,請問全家每個月平均收入中，工作收入是多少?,I3,包含您本人，全家每個月的「工作薪水、兼差薪水、加班費、退休金，或是從事農林漁牧業或自,2,2萬元至未滿4萬元,20000,39999,3,"20,000-29,999 元",20000,29999,option,source_bin_spans_multiple_base_bins,source_question,以 103 年 I3 為基準。
income,INC_FAM_WORK,家庭工作收入,91,91_1,22-1,請問全家每個月平均收入中，工作收入是多少?,I3,包含您本人，全家每個月的「工作薪水、兼差薪水、加班費、退休金，或是從事農林漁牧業或自,2,2萬元至未滿4萬元,20000,39999,4,"30,000-39,999 元",30000,39999,option,source_bin_spans_multiple_base_bins,source_question,以 103 年 I3 為基準。
income,INC_FAM_WORK,家庭工作收入,91,91_1,22-1,請問全家每個月平均收入中，工作收入是多少?,I3,包含您本人，全家每個月的「工作薪水、兼差薪水、加班費、退休金，或是從事農林漁牧業或自,3,4萬元至未滿6萬元,40000,59999,5,"40,000-49,999 元",40000,49999,option,source_bin_spans_multiple_base_bins,source_question,以 103 年 I3 為基準。
income,INC_FAM_WORK,家庭工作收入,91,91_1,22-1,請問全家每個月平均收入中，工作收入是多少?,I3,包含您本人，全家每個月的「工作薪水、兼差薪水、加班費、退休金，或是從事農林漁牧業或自,3,4萬元至未滿6萬元,40000,59999,6,"50,000-59,999 元",50000,59999,option,source_bin_spans_multiple_base_bins,source_question,以 103 年 I3 為基準。
income,INC_FAM_WORK,家庭工作收入,91,91_1,22-1,請問全家每個月平均收入中，工作收入是多少?,I3,包含您本人，全家每個月的「工作薪水、兼差薪水、加班費、退休金，或是從事農林漁牧業或自,4,6萬元至未滿8萬元,60000,79999,7,"60,000-69,999 元",60000,69999,option,source_bin_spans_multiple_base_bins,source_question,以 103 年 I3 為基準。
income,INC_FAM_WORK,家庭工作收入,91,91_1,22-1,請問全家每個月平均收入中，工作收入是多少?,I3,包含您本人，全家每個月的「工作薪水、兼差薪水、加班費、退休金，或是從事農林漁牧業或自,4,6萬元至未滿8萬元,60000,79999,8,"70,000-79,999 元",70000,79999,option,source_bin_spans_multiple_base_bins,source_question,以 103 年 I3 為基準。
income,INC_FAM_WORK,家庭工作收入,91,91_1,22-1,請問全家每個月平均收入中，工作收入是多少?,I3,包含您本人，全家每個月的「工作薪水、兼差薪水、加班費、退休金，或是從事農林漁牧業或自,5,8萬元至未滿10萬元,80000,99999,9,"80,000-89,999 元",80000,89999,option,source_bin_spans_multiple_base_bins,source_question,以 103 年 I3 為基準。
income,INC_FAM_WORK,家庭工作收入,91,91_1,22-1,請問全家每個月平均收入中，工作收入是多少?,I3,包含您本人，全家每個月的「工作薪水、兼差薪水、加班費、退休金，或是從事農林漁牧業或自,5,8萬元至未滿10萬元,80000,99999,10,"90,000-99,999 元",90000,99999,option,source_bin_spans_multiple_base_bins,source_question,以 103 年 I3 為基準。
income,INC_FAM_WORK,家庭工作收入,91,91_1,22-1,請問全家每個月平均收入中，工作收入是多少?,I3,包含您本人，全家每個月的「工作薪水、兼差薪水、加班費、退休金，或是從事農林漁牧業或自,6,10萬元至未滿12萬元,100000,119999,11,"100,000-129,999元",100000,129999,option,source_bin_within_base_bin,source_question,以 103 年 I3 為基準。
income,INC_FAM_WORK,家庭工作收入,91,91_1,22-1,請問全家每個月平均收入中，工作收入是多少?,I3,包含您本人，全家每個月的「工作薪水、兼差薪水、加班費、退休金，或是從事農林漁牧業或自,7,12萬元至未滿15萬元,120000,149999,11,"100,000-129,999元",100000,129999,option,partial_overlap,source_question,以 103 年 I3 為基準。
income,INC_FAM_WORK,家庭工作收入,91,91_1,22-1,請問全家每個月平均收入中，工作收入是多少?,I3,包含您本人，全家每個月的「工作薪水、兼差薪水、加班費、退休金，或是從事農林漁牧業或自,7,12萬元至未滿15萬元,120000,149999,12,"130,000-159,999元",130000,159999,option,partial_overlap,source_question,以 103 年 I3 為基準。
income,INC_FAM_WORK,家庭工作收入,91,91_1,22-1,請問全家每個月平均收入中，工作收入是多少?,I3,包含您本人，全家每個月的「工作薪水、兼差薪水、加班費、退休金，或是從事農林漁牧業或自,8,15萬元以上（請記錄金額）,150000,,12,"130,000-159,999元",130000,159999,option,partial_overlap,source_question,以 103 年 I3 為基準。
income,INC_FAM_WORK,家庭工作收入,91,91_1,22-1,請問全家每個月平均收入中，工作收入是多少?,I3,包含您本人，全家每個月的「工作薪水、兼差薪水、加班費、退休金，或是從事農林漁牧業或自,8,15萬元以上（請記錄金額）,150000,,13,"160,000 元及以上，請記錄____________元",160000,,option,source_bin_spans_multiple_base_bins,source_question,以 103 年 I3 為基準。
income,INC_FAM_WORK,家庭工作收入,91,91_2,22-1,請問全家每個月平均收入中，工作收入是多少?,I3,包含您本人，全家每個月的「工作薪水、兼差薪水、加班費、退休金，或是從事農林漁牧業或自,1,未滿2萬元,0,19999,1,"9,999 元及以下",0,9999,option,source_bin_spans_multiple_base_bins,source_question,以 103 年 I3 為基準。
income,INC_FAM_WORK,家庭工作收入,91,91_2,22-1,請問全家每個月平均收入中，工作收入是多少?,I3,包含您本人，全家每個月的「工作薪水、兼差薪水、加班費、退休金，或是從事農林漁牧業或自,1,未滿2萬元,0,19999,2,"10,000-19,999 元",10000,19999,option,source_bin_spans_multiple_base_bins,source_question,以 103 年 I3 為基準。
income,INC_FAM_WORK,家庭工作收入,91,91_2,22-1,請問全家每個月平均收入中，工作收入是多少?,I3,包含您本人，全家每個月的「工作薪水、兼差薪水、加班費、退休金，或是從事農林漁牧業或自,2,2萬元至未滿4萬元,20000,39999,3,"20,000-29,999 元",20000,29999,option,source_bin_spans_multiple_base_bins,source_question,以 103 年 I3 為基準。
income,INC_FAM_WORK,家庭工作收入,91,91_2,22-1,請問全家每個月平均收入中，工作收入是多少?,I3,包含您本人，全家每個月的「工作薪水、兼差薪水、加班費、退休金，或是從事農林漁牧業或自,2,2萬元至未滿4萬元,20000,39999,4,"30,000-39,999 元",30000,39999,option,source_bin_spans_multiple_base_bins,source_question,以 103 年 I3 為基準。
income,INC_FAM_WORK,家庭工作收入,91,91_2,22-1,請問全家每個月平均收入中，工作收入是多少?,I3,包含您本人，全家每個月的「工作薪水、兼差薪水、加班費、退休金，或是從事農林漁牧業或自,3,4萬元至未滿6萬元,40000,59999,5,"40,000-49,999 元",40000,49999,option,source_bin_spans_multiple_base_bins,source_question,以 103 年 I3 為基準。
income,INC_FAM_WORK,家庭工作收入,91,91_2,22-1,請問全家每個月平均收入中，工作收入是多少?,I3,包含您本人，全家每個月的「工作薪水、兼差薪水、加班費、退休金，或是從事農林漁牧業或自,3,4萬元至未滿6萬元,40000,59999,6,"50,000-59,999 元",50000,59999,option,source_bin_spans_multiple_base_bins,source_question,以 103 年 I3 為基準。
income,INC_FAM_WORK,家庭工作收入,91,91_2,22-1,請問全家每個月平均收入中，工作收入是多少?,I3,包含您本人，全家每個月的「工作薪水、兼差薪水、加班費、退休金，或是從事農林漁牧業或自,4,6萬元至未滿8萬元,60000,79999,7,"60,000-69,999 元",60000,69999,option,source_bin_spans_multiple_base_bins,source_question,以 103 年 I3 為基準。
income,INC_FAM_WORK,家庭工作收入,91,91_2,22-1,請問全家每個月平均收入中，工作收入是多少?,I3,包含您本人，全家每個月的「工作薪水、兼差薪水、加班費、退休金，或是從事農林漁牧業或自,4,6萬元至未滿8萬元,60000,79999,8,"70,000-79,999 元",70000,79999,option,source_bin_spans_multiple_base_bins,source_question,以 103 年 I3 為基準。
income,INC_FAM_WORK,家庭工作收入,91,91_2,22-1,請問全家每個月平均收入中，工作收入是多少?,I3,包含您本人，全家每個月的「工作薪水、兼差薪水、加班費、退休金，或是從事農林漁牧業或自,5,8萬元至未滿10萬元,80000,99999,9,"80,000-89,999 元",80000,89999,option,source_bin_spans_multiple_base_bins,source_question,以 103 年 I3 為基準。
income,INC_FAM_WORK,家庭工作收入,91,91_2,22-1,請問全家每個月平均收入中，工作收入是多少?,I3,包含您本人，全家每個月的「工作薪水、兼差薪水、加班費、退休金，或是從事農林漁牧業或自,5,8萬元至未滿10萬元,80000,99999,10,"90,000-99,999 元",90000,99999,option,source_bin_spans_multiple_base_bins,source_question,以 103 年 I3 為基準。
income,INC_FAM_WORK,家庭工作收入,91,91_2,22-1,請問全家每個月平均收入中，工作收入是多少?,I3,包含您本人，全家每個月的「工作薪水、兼差薪水、加班費、退休金，或是從事農林漁牧業或自,6,10萬元至未滿12萬元,100000,119999,11,"100,000-129,999元",100000,129999,option,source_bin_within_base_bin,source_question,以 103 年 I3 為基準。
income,INC_FAM_WORK,家庭工作收入,91,91_2,22-1,請問全家每個月平均收入中，工作收入是多少?,I3,包含您本人，全家每個月的「工作薪水、兼差薪水、加班費、退休金，或是從事農林漁牧業或自,7,12萬元至未滿15萬元,120000,149999,11,"100,000-129,999元",100000,129999,option,partial_overlap,source_question,以 103 年 I3 為基準。
income,INC_FAM_WORK,家庭工作收入,91,91_2,22-1,請問全家每個月平均收入中，工作收入是多少?,I3,包含您本人，全家每個月的「工作薪水、兼差薪水、加班費、退休金，或是從事農林漁牧業或自,7,12萬元至未滿15萬元,120000,149999,12,"130,000-159,999元",130000,159999,option,partial_overlap,source_question,以 103 年 I3 為基準。
income,INC_FAM_WORK,家庭工作收入,91,91_2,22-1,請問全家每個月平均收入中，工作收入是多少?,I3,包含您本人，全家每個月的「工作薪水、兼差薪水、加班費、退休金，或是從事農林漁牧業或自,8,15萬元以上（請記錄金額）,150000,,12,"130,000-159,999元",130000,159999,option,partial_overlap,source_question,以 103 年 I3 為基準。
income,INC_FAM_WORK,家庭工作收入,91,91_2,22-1,請問全家每個月平均收入中，工作收入是多少?,I3,包含您本人，全家每個月的「工作薪水、兼差薪水、加班費、退休金，或是從事農林漁牧業或自,8,15萬元以上（請記錄金額）,150000,,13,"160,000 元及以上，請記錄____________元",160000,,option,source_bin_spans_multiple_base_bins,source_question,以 103 年 I3 為基準。
income,INC_FAM_WORK,家庭工作收入,95,95,Q11-1,包含您本人，全家每個月的「工作薪水、兼差薪水、加班費、退休金，以,I3,包含您本人，全家每個月的「工作薪水、兼差薪水、加班費、退休金，或是從事農林漁牧業或自,1,"9,999元及以下",0,9999,1,"9,999 元及以下",0,9999,option,exact_range,source_question,以 103 年 I3 為基準。
income,INC_FAM_WORK,家庭工作收入,95,95,Q11-1,包含您本人，全家每個月的「工作薪水、兼差薪水、加班費、退休金，以,I3,包含您本人，全家每個月的「工作薪水、兼差薪水、加班費、退休金，或是從事農林漁牧業或自,2,"10,000-19,999元",10000,19999,2,"10,000-19,999 元",10000,19999,option,exact_range,source_question,以 103 年 I3 為基準。
income,INC_FAM_WORK,家庭工作收入,95,95,Q11-1,包含您本人，全家每個月的「工作薪水、兼差薪水、加班費、退休金，以,I3,包含您本人，全家每個月的「工作薪水、兼差薪水、加班費、退休金，或是從事農林漁牧業或自,3,"20,000-29,999 元",20000,29999,3,"20,000-29,999 元",20000,29999,option,exact_range,source_question,以 103 年 I3 為基準。
income,INC_FAM_WORK,家庭工作收入,95,95,Q11-1,包含您本人，全家每個月的「工作薪水、兼差薪水、加班費、退休金，以,I3,包含您本人，全家每個月的「工作薪水、兼差薪水、加班費、退休金，或是從事農林漁牧業或自,4,"30,000-39,999元",30000,39999,4,"30,000-39,999 元",30000,39999,option,exact_range,source_question,以 103 年 I3 為基準。
income,INC_FAM_WORK,家庭工作收入,95,95,Q11-1,包含您本人，全家每個月的「工作薪水、兼差薪水、加班費、退休金，以,I3,包含您本人，全家每個月的「工作薪水、兼差薪水、加班費、退休金，或是從事農林漁牧業或自,5,"40,000-49,999 元",40000,49999,5,"40,000-49,999 元",40000,49999,option,exact_range,source_question,以 103 年 I3 為基準。
income,INC_FAM_WORK,家庭工作收入,95,95,Q11-1,包含您本人，全家每個月的「工作薪水、兼差薪水、加班費、退休金，以,I3,包含您本人，全家每個月的「工作薪水、兼差薪水、加班費、退休金，或是從事農林漁牧業或自,6,"50,000-59,999元",50000,59999,6,"50,000-59,999 元",50000,59999,option,exact_range,source_question,以 103 年 I3 為基準。
income,INC_FAM_WORK,家庭工作收入,95,95,Q11-1,包含您本人，全家每個月的「工作薪水、兼差薪水、加班費、退休金，以,I3,包含您本人，全家每個月的「工作薪水、兼差薪水、加班費、退休金，或是從事農林漁牧業或自,7,"60,000-69,999 元",60000,69999,7,"60,000-69,999 元",60000,69999,option,exact_range,source_question,以 103 年 I3 為基準。
income,INC_FAM_WORK,家庭工作收入,95,95,Q11-1,包含您本人，全家每個月的「工作薪水、兼差薪水、加班費、退休金，以,I3,包含您本人，全家每個月的「工作薪水、兼差薪水、加班費、退休金，或是從事農林漁牧業或自,8,"70,000-79,999元",70000,79999,8,"70,000-79,999 元",70000,79999,option,exact_range,source_question,以 103 年 I3 為基準。
income,INC_FAM_WORK,家庭工作收入,95,95,Q11-1,包含您本人，全家每個月的「工作薪水、兼差薪水、加班費、退休金，以,I3,包含您本人，全家每個月的「工作薪水、兼差薪水、加班費、退休金，或是從事農林漁牧業或自,9,"80,000-89,999 元",80000,89999,9,"80,000-89,999 元",80000,89999,option,exact_range,source_question,以 103 年 I3 為基準。
income,INC_FAM_WORK,家庭工作收入,95,95,Q11-1,包含您本人，全家每個月的「工作薪水、兼差薪水、加班費、退休金，以,I3,包含您本人，全家每個月的「工作薪水、兼差薪水、加班費、退休金，或是從事農林漁牧業或自,10,"90,000-99,999元",90000,99999,10,"90,000-99,999 元",90000,99999,option,exact_range,source_question,以 103 年 I3 為基準。
income,INC_FAM_WORK,家庭工作收入,95,95,Q11-1,包含您本人，全家每個月的「工作薪水、兼差薪水、加班費、退休金，以,I3,包含您本人，全家每個月的「工作薪水、兼差薪水、加班費、退休金，或是從事農林漁牧業或自,11,"100,000-129,999 元",100000,129999,11,"100,000-129,999元",100000,129999,option,exact_range,source_question,以 103 年 I3 為基準。
income,INC_FAM_WORK,家庭工作收入,95,95,Q11-1,包含您本人，全家每個月的「工作薪水、兼差薪水、加班費、退休金，以,I3,包含您本人，全家每個月的「工作薪水、兼差薪水、加班費、退休金，或是從事農林漁牧業或自,12,"130,000-139,999元",130000,139999,12,"130,000-159,999元",130000,159999,option,source_bin_within_base_bin,source_question,以 103 年 I3 為基準。
income,INC_FAM_WORK,家庭工作收入,95,95,Q11-1,包含您本人，全家每個月的「工作薪水、兼差薪水、加班費、退休金，以,I3,包含您本人，全家每個月的「工作薪水、兼差薪水、加班費、退休金，或是從事農林漁牧業或自,90,"140,000元及以上，請記錄 元",140000,,12,"130,000-159,999元",130000,159999,option,partial_overlap,source_question,以 103 年 I3 為基準。
income,INC_FAM_WORK,家庭工作收入,95,95,Q11-1,包含您本人，全家每個月的「工作薪水、兼差薪水、加班費、退休金，以,I3,包含您本人，全家每個月的「工作薪水、兼差薪水、加班費、退休金，或是從事農林漁牧業或自,90,"140,000元及以上，請記錄 元",140000,,13,"160,000 元及以上，請記錄____________元",160000,,option,source_bin_spans_multiple_base_bins,source_question,以 103 年 I3 為基準。
income,INC_FAM_WORK,家庭工作收入,95,95,Q11-1,包含您本人，全家每個月的「工作薪水、兼差薪水、加班費、退休金，以,I3,包含您本人，全家每個月的「工作薪水、兼差薪水、加班費、退休金，或是從事農林漁牧業或自,95,沒有這項收入,0,0,14,沒有這項收入,0,0,option,exact_none,source_question,以 103 年 I3 為基準。
income,INC_FAM_WORK,家庭工作收入,99,99,I2,包含您本人，全家每個月的「工作薪水、兼差薪水、加班費、退休金，或是從事農林漁牧業或,I3,包含您本人，全家每個月的「工作薪水、兼差薪水、加班費、退休金，或是從事農林漁牧業或自,1,"9,999 元及以下",0,9999,1,"9,999 元及以下",0,9999,option,exact_range,source_question,以 103 年 I3 為基準。
income,INC_FAM_WORK,家庭工作收入,99,99,I2,包含您本人，全家每個月的「工作薪水、兼差薪水、加班費、退休金，或是從事農林漁牧業或,I3,包含您本人，全家每個月的「工作薪水、兼差薪水、加班費、退休金，或是從事農林漁牧業或自,2,"10,000-19,999 元",10000,19999,2,"10,000-19,999 元",10000,19999,option,exact_range,source_question,以 103 年 I3 為基準。
income,INC_FAM_WORK,家庭工作收入,99,99,I2,包含您本人，全家每個月的「工作薪水、兼差薪水、加班費、退休金，或是從事農林漁牧業或,I3,包含您本人，全家每個月的「工作薪水、兼差薪水、加班費、退休金，或是從事農林漁牧業或自,3,"20,000-29,999 元",20000,29999,3,"20,000-29,999 元",20000,29999,option,exact_range,source_question,以 103 年 I3 為基準。
income,INC_FAM_WORK,家庭工作收入,99,99,I2,包含您本人，全家每個月的「工作薪水、兼差薪水、加班費、退休金，或是從事農林漁牧業或,I3,包含您本人，全家每個月的「工作薪水、兼差薪水、加班費、退休金，或是從事農林漁牧業或自,4,"30,000-39,999 元",30000,39999,4,"30,000-39,999 元",30000,39999,option,exact_range,source_question,以 103 年 I3 為基準。
income,INC_FAM_WORK,家庭工作收入,99,99,I2,包含您本人，全家每個月的「工作薪水、兼差薪水、加班費、退休金，或是從事農林漁牧業或,I3,包含您本人，全家每個月的「工作薪水、兼差薪水、加班費、退休金，或是從事農林漁牧業或自,5,"40,000-49,999 元",40000,49999,5,"40,000-49,999 元",40000,49999,option,exact_range,source_question,以 103 年 I3 為基準。
income,INC_FAM_WORK,家庭工作收入,99,99,I2,包含您本人，全家每個月的「工作薪水、兼差薪水、加班費、退休金，或是從事農林漁牧業或,I3,包含您本人，全家每個月的「工作薪水、兼差薪水、加班費、退休金，或是從事農林漁牧業或自,6,"50,000-59,999 元",50000,59999,6,"50,000-59,999 元",50000,59999,option,exact_range,source_question,以 103 年 I3 為基準。
income,INC_FAM_WORK,家庭工作收入,99,99,I2,包含您本人，全家每個月的「工作薪水、兼差薪水、加班費、退休金，或是從事農林漁牧業或,I3,包含您本人，全家每個月的「工作薪水、兼差薪水、加班費、退休金，或是從事農林漁牧業或自,7,"60,000-69,999 元",60000,69999,7,"60,000-69,999 元",60000,69999,option,exact_range,source_question,以 103 年 I3 為基準。
income,INC_FAM_WORK,家庭工作收入,99,99,I2,包含您本人，全家每個月的「工作薪水、兼差薪水、加班費、退休金，或是從事農林漁牧業或,I3,包含您本人，全家每個月的「工作薪水、兼差薪水、加班費、退休金，或是從事農林漁牧業或自,8,"70,000-79,999 元",70000,79999,8,"70,000-79,999 元",70000,79999,option,exact_range,source_question,以 103 年 I3 為基準。
income,INC_FAM_WORK,家庭工作收入,99,99,I2,包含您本人，全家每個月的「工作薪水、兼差薪水、加班費、退休金，或是從事農林漁牧業或,I3,包含您本人，全家每個月的「工作薪水、兼差薪水、加班費、退休金，或是從事農林漁牧業或自,9,"80,000-89,999 元",80000,89999,9,"80,000-89,999 元",80000,89999,option,exact_range,source_question,以 103 年 I3 為基準。
income,INC_FAM_WORK,家庭工作收入,99,99,I2,包含您本人，全家每個月的「工作薪水、兼差薪水、加班費、退休金，或是從事農林漁牧業或,I3,包含您本人，全家每個月的「工作薪水、兼差薪水、加班費、退休金，或是從事農林漁牧業或自,10,"90,000-99,999 元",90000,99999,10,"90,000-99,999 元",90000,99999,option,exact_range,source_question,以 103 年 I3 為基準。
income,INC_FAM_WORK,家庭工作收入,99,99,I2,包含您本人，全家每個月的「工作薪水、兼差薪水、加班費、退休金，或是從事農林漁牧業或,I3,包含您本人，全家每個月的「工作薪水、兼差薪水、加班費、退休金，或是從事農林漁牧業或自,11,"100,000-129,999 元",100000,129999,11,"100,000-129,999元",100000,129999,option,exact_range,source_question,以 103 年 I3 為基準。
income,INC_FAM_WORK,家庭工作收入,99,99,I2,包含您本人，全家每個月的「工作薪水、兼差薪水、加班費、退休金，或是從事農林漁牧業或,I3,包含您本人，全家每個月的「工作薪水、兼差薪水、加班費、退休金，或是從事農林漁牧業或自,12,"130,000-159,999 元",130000,159999,12,"130,000-159,999元",130000,159999,option,exact_range,source_question,以 103 年 I3 為基準。
income,INC_FAM_WORK,家庭工作收入,99,99,I2,包含您本人，全家每個月的「工作薪水、兼差薪水、加班費、退休金，或是從事農林漁牧業或,I3,包含您本人，全家每個月的「工作薪水、兼差薪水、加班費、退休金，或是從事農林漁牧業或自,13,"160,000 元及以上，請記錄 元",160000,,13,"160,000 元及以上，請記錄____________元",160000,,option,exact_open_upper,source_question,以 103 年 I3 為基準。
income,INC_FAM_WORK,家庭工作收入,99,99,I2,包含您本人，全家每個月的「工作薪水、兼差薪水、加班費、退休金，或是從事農林漁牧業或,I3,包含您本人，全家每個月的「工作薪水、兼差薪水、加班費、退休金，或是從事農林漁牧業或自,14,沒有這項收入,0,0,14,沒有這項收入,0,0,option,exact_none,source_question,以 103 年 I3 為基準。
income,INC_FAM_WORK,家庭工作收入,103,103,I3,包含您本人，全家每個月的「工作薪水、兼差薪水、加班費、退休金，或是從事農林漁牧業或自,I3,包含您本人，全家每個月的「工作薪水、兼差薪水、加班費、退休金，或是從事農林漁牧業或自,1,"9,999 元及以下",0,9999,1,"9,999 元及以下",0,9999,option,exact_range,source_question,以 103 年 I3 為基準。
income,INC_FAM_WORK,家庭工作收入,103,103,I3,包含您本人，全家每個月的「工作薪水、兼差薪水、加班費、退休金，或是從事農林漁牧業或自,I3,包含您本人，全家每個月的「工作薪水、兼差薪水、加班費、退休金，或是從事農林漁牧業或自,2,"10,000-19,999 元",10000,19999,2,"10,000-19,999 元",10000,19999,option,exact_range,source_question,以 103 年 I3 為基準。
income,INC_FAM_WORK,家庭工作收入,103,103,I3,包含您本人，全家每個月的「工作薪水、兼差薪水、加班費、退休金，或是從事農林漁牧業或自,I3,包含您本人，全家每個月的「工作薪水、兼差薪水、加班費、退休金，或是從事農林漁牧業或自,3,"20,000-29,999 元",20000,29999,3,"20,000-29,999 元",20000,29999,option,exact_range,source_question,以 103 年 I3 為基準。
income,INC_FAM_WORK,家庭工作收入,103,103,I3,包含您本人，全家每個月的「工作薪水、兼差薪水、加班費、退休金，或是從事農林漁牧業或自,I3,包含您本人，全家每個月的「工作薪水、兼差薪水、加班費、退休金，或是從事農林漁牧業或自,4,"30,000-39,999 元",30000,39999,4,"30,000-39,999 元",30000,39999,option,exact_range,source_question,以 103 年 I3 為基準。
income,INC_FAM_WORK,家庭工作收入,103,103,I3,包含您本人，全家每個月的「工作薪水、兼差薪水、加班費、退休金，或是從事農林漁牧業或自,I3,包含您本人，全家每個月的「工作薪水、兼差薪水、加班費、退休金，或是從事農林漁牧業或自,5,"40,000-49,999 元",40000,49999,5,"40,000-49,999 元",40000,49999,option,exact_range,source_question,以 103 年 I3 為基準。
income,INC_FAM_WORK,家庭工作收入,103,103,I3,包含您本人，全家每個月的「工作薪水、兼差薪水、加班費、退休金，或是從事農林漁牧業或自,I3,包含您本人，全家每個月的「工作薪水、兼差薪水、加班費、退休金，或是從事農林漁牧業或自,6,"50,000-59,999 元",50000,59999,6,"50,000-59,999 元",50000,59999,option,exact_range,source_question,以 103 年 I3 為基準。
income,INC_FAM_WORK,家庭工作收入,103,103,I3,包含您本人，全家每個月的「工作薪水、兼差薪水、加班費、退休金，或是從事農林漁牧業或自,I3,包含您本人，全家每個月的「工作薪水、兼差薪水、加班費、退休金，或是從事農林漁牧業或自,7,"60,000-69,999 元",60000,69999,7,"60,000-69,999 元",60000,69999,option,exact_range,source_question,以 103 年 I3 為基準。
income,INC_FAM_WORK,家庭工作收入,103,103,I3,包含您本人，全家每個月的「工作薪水、兼差薪水、加班費、退休金，或是從事農林漁牧業或自,I3,包含您本人，全家每個月的「工作薪水、兼差薪水、加班費、退休金，或是從事農林漁牧業或自,8,"70,000-79,999 元",70000,79999,8,"70,000-79,999 元",70000,79999,option,exact_range,source_question,以 103 年 I3 為基準。
income,INC_FAM_WORK,家庭工作收入,103,103,I3,包含您本人，全家每個月的「工作薪水、兼差薪水、加班費、退休金，或是從事農林漁牧業或自,I3,包含您本人，全家每個月的「工作薪水、兼差薪水、加班費、退休金，或是從事農林漁牧業或自,9,"80,000-89,999 元",80000,89999,9,"80,000-89,999 元",80000,89999,option,exact_range,source_question,以 103 年 I3 為基準。
income,INC_FAM_WORK,家庭工作收入,103,103,I3,包含您本人，全家每個月的「工作薪水、兼差薪水、加班費、退休金，或是從事農林漁牧業或自,I3,包含您本人，全家每個月的「工作薪水、兼差薪水、加班費、退休金，或是從事農林漁牧業或自,10,"90,000-99,999 元",90000,99999,10,"90,000-99,999 元",90000,99999,option,exact_range,source_question,以 103 年 I3 為基準。
income,INC_FAM_WORK,家庭工作收入,103,103,I3,包含您本人，全家每個月的「工作薪水、兼差薪水、加班費、退休金，或是從事農林漁牧業或自,I3,包含您本人，全家每個月的「工作薪水、兼差薪水、加班費、退休金，或是從事農林漁牧業或自,11,"100,000-129,999元",100000,129999,11,"100,000-129,999元",100000,129999,option,exact_range,source_question,以 103 年 I3 為基準。
income,INC_FAM_WORK,家庭工作收入,103,103,I3,包含您本人，全家每個月的「工作薪水、兼差薪水、加班費、退休金，或是從事農林漁牧業或自,I3,包含您本人，全家每個月的「工作薪水、兼差薪水、加班費、退休金，或是從事農林漁牧業或自,12,"130,000-159,999元",130000,159999,12,"130,000-159,999元",130000,159999,option,exact_range,source_question,以 103 年 I3 為基準。
income,INC_FAM_WORK,家庭工作收入,103,103,I3,包含您本人，全家每個月的「工作薪水、兼差薪水、加班費、退休金，或是從事農林漁牧業或自,I3,包含您本人，全家每個月的「工作薪水、兼差薪水、加班費、退休金，或是從事農林漁牧業或自,13,"160,000 元及以上，請記錄____________元",160000,,13,"160,000 元及以上，請記錄____________元",160000,,option,exact_open_upper,source_question,以 103 年 I3 為基準。
income,INC_FAM_WORK,家庭工作收入,103,103,I3,包含您本人，全家每個月的「工作薪水、兼差薪水、加班費、退休金，或是從事農林漁牧業或自,I3,包含您本人，全家每個月的「工作薪水、兼差薪水、加班費、退休金，或是從事農林漁牧業或自,14,沒有這項收入,0,0,14,沒有這項收入,0,0,option,exact_none,source_question,以 103 年 I3 為基準。
income,INC_FAM_WORK,家庭工作收入,106,106,L3,包含經濟戶長本人，全家每個月的「工作薪水、兼差薪水、加班費、退休金，或是從事農林漁牧,I3,包含您本人，全家每個月的「工作薪水、兼差薪水、加班費、退休金，或是從事農林漁牧業或自,1,"未滿10,000元",0,9999,1,"9,999 元及以下",0,9999,option,exact_range,source_question,以 103 年 I3 為基準。
income,INC_FAM_WORK,家庭工作收入,106,106,L3,包含經濟戶長本人，全家每個月的「工作薪水、兼差薪水、加班費、退休金，或是從事農林漁牧,I3,包含您本人，全家每個月的「工作薪水、兼差薪水、加班費、退休金，或是從事農林漁牧業或自,2,"10,000元-未滿20,000元",10000,19999,2,"10,000-19,999 元",10000,19999,option,exact_range,source_question,以 103 年 I3 為基準。
income,INC_FAM_WORK,家庭工作收入,106,106,L3,包含經濟戶長本人，全家每個月的「工作薪水、兼差薪水、加班費、退休金，或是從事農林漁牧,I3,包含您本人，全家每個月的「工作薪水、兼差薪水、加班費、退休金，或是從事農林漁牧業或自,3,"20,000元-未滿30,000元",20000,29999,3,"20,000-29,999 元",20000,29999,option,exact_range,source_question,以 103 年 I3 為基準。
income,INC_FAM_WORK,家庭工作收入,106,106,L3,包含經濟戶長本人，全家每個月的「工作薪水、兼差薪水、加班費、退休金，或是從事農林漁牧,I3,包含您本人，全家每個月的「工作薪水、兼差薪水、加班費、退休金，或是從事農林漁牧業或自,4,"30,000元-未滿40,000元",30000,39999,4,"30,000-39,999 元",30000,39999,option,exact_range,source_question,以 103 年 I3 為基準。
income,INC_FAM_WORK,家庭工作收入,106,106,L3,包含經濟戶長本人，全家每個月的「工作薪水、兼差薪水、加班費、退休金，或是從事農林漁牧,I3,包含您本人，全家每個月的「工作薪水、兼差薪水、加班費、退休金，或是從事農林漁牧業或自,5,"40,000元-未滿50,000元",40000,49999,5,"40,000-49,999 元",40000,49999,option,exact_range,source_question,以 103 年 I3 為基準。
income,INC_FAM_WORK,家庭工作收入,106,106,L3,包含經濟戶長本人，全家每個月的「工作薪水、兼差薪水、加班費、退休金，或是從事農林漁牧,I3,包含您本人，全家每個月的「工作薪水、兼差薪水、加班費、退休金，或是從事農林漁牧業或自,6,"50,000元-未滿60,000元",50000,59999,6,"50,000-59,999 元",50000,59999,option,exact_range,source_question,以 103 年 I3 為基準。
income,INC_FAM_WORK,家庭工作收入,106,106,L3,包含經濟戶長本人，全家每個月的「工作薪水、兼差薪水、加班費、退休金，或是從事農林漁牧,I3,包含您本人，全家每個月的「工作薪水、兼差薪水、加班費、退休金，或是從事農林漁牧業或自,7,"60,000元-未滿70,000元",60000,69999,7,"60,000-69,999 元",60000,69999,option,exact_range,source_question,以 103 年 I3 為基準。
income,INC_FAM_WORK,家庭工作收入,106,106,L3,包含經濟戶長本人，全家每個月的「工作薪水、兼差薪水、加班費、退休金，或是從事農林漁牧,I3,包含您本人，全家每個月的「工作薪水、兼差薪水、加班費、退休金，或是從事農林漁牧業或自,8,"70,000元-未滿80,000元",70000,79999,8,"70,000-79,999 元",70000,79999,option,exact_range,source_question,以 103 年 I3 為基準。
income,INC_FAM_WORK,家庭工作收入,106,106,L3,包含經濟戶長本人，全家每個月的「工作薪水、兼差薪水、加班費、退休金，或是從事農林漁牧,I3,包含您本人，全家每個月的「工作薪水、兼差薪水、加班費、退休金，或是從事農林漁牧業或自,9,"80,000元-未滿90,000元",80000,89999,9,"80,000-89,999 元",80000,89999,option,exact_range,source_question,以 103 年 I3 為基準。
income,INC_FAM_WORK,家庭工作收入,106,106,L3,包含經濟戶長本人，全家每個月的「工作薪水、兼差薪水、加班費、退休金，或是從事農林漁牧,I3,包含您本人，全家每個月的「工作薪水、兼差薪水、加班費、退休金，或是從事農林漁牧業或自,10,"90,000元-未滿100,000元",90000,99999,10,"90,000-99,999 元",90000,99999,option,exact_range,source_question,以 103 年 I3 為基準。
income,INC_FAM_WORK,家庭工作收入,106,106,L3,包含經濟戶長本人，全家每個月的「工作薪水、兼差薪水、加班費、退休金，或是從事農林漁牧,I3,包含您本人，全家每個月的「工作薪水、兼差薪水、加班費、退休金，或是從事農林漁牧業或自,11,"100,000元-未滿130,000元",100000,129999,11,"100,000-129,999元",100000,129999,option,exact_range,source_question,以 103 年 I3 為基準。
income,INC_FAM_WORK,家庭工作收入,106,106,L3,包含經濟戶長本人，全家每個月的「工作薪水、兼差薪水、加班費、退休金，或是從事農林漁牧,I3,包含您本人，全家每個月的「工作薪水、兼差薪水、加班費、退休金，或是從事農林漁牧業或自,12,"130,000元-未滿160,000元",130000,159999,12,"130,000-159,999元",130000,159999,option,exact_range,source_question,以 103 年 I3 為基準。
income,INC_FAM_WORK,家庭工作收入,106,106,L3,包含經濟戶長本人，全家每個月的「工作薪水、兼差薪水、加班費、退休金，或是從事農林漁牧,I3,包含您本人，全家每個月的「工作薪水、兼差薪水、加班費、退休金，或是從事農林漁牧業或自,13,"160,000元以上，請記錄____________元",160000,,13,"160,000 元及以上，請記錄____________元",160000,,option,exact_open_upper,source_question,以 103 年 I3 為基準。
income,INC_FAM_WORK,家庭工作收入,106,106,L3,包含經濟戶長本人，全家每個月的「工作薪水、兼差薪水、加班費、退休金，或是從事農林漁牧,I3,包含您本人，全家每個月的「工作薪水、兼差薪水、加班費、退休金，或是從事農林漁牧業或自,14,沒有這項收入,0,0,14,沒有這項收入,0,0,option,exact_none,source_question,以 103 年 I3 為基準。
income,INC_FAM_WORK,家庭工作收入,110,110,G3,包含經濟戶長本人，全家每個月的「工作薪水、兼差薪水、加班費、退休金，或是從事農林漁牧,I3,包含您本人，全家每個月的「工作薪水、兼差薪水、加班費、退休金，或是從事農林漁牧業或自,1,"未滿10,000元",0,9999,1,"9,999 元及以下",0,9999,option,exact_range,source_question,以 103 年 I3 為基準。
income,INC_FAM_WORK,家庭工作收入,110,110,G3,包含經濟戶長本人，全家每個月的「工作薪水、兼差薪水、加班費、退休金，或是從事農林漁牧,I3,包含您本人，全家每個月的「工作薪水、兼差薪水、加班費、退休金，或是從事農林漁牧業或自,2,"10,000元-未滿20,000元",10000,19999,2,"10,000-19,999 元",10000,19999,option,exact_range,source_question,以 103 年 I3 為基準。
income,INC_FAM_WORK,家庭工作收入,110,110,G3,包含經濟戶長本人，全家每個月的「工作薪水、兼差薪水、加班費、退休金，或是從事農林漁牧,I3,包含您本人，全家每個月的「工作薪水、兼差薪水、加班費、退休金，或是從事農林漁牧業或自,3,"20,000元-未滿30,000元",20000,29999,3,"20,000-29,999 元",20000,29999,option,exact_range,source_question,以 103 年 I3 為基準。
income,INC_FAM_WORK,家庭工作收入,110,110,G3,包含經濟戶長本人，全家每個月的「工作薪水、兼差薪水、加班費、退休金，或是從事農林漁牧,I3,包含您本人，全家每個月的「工作薪水、兼差薪水、加班費、退休金，或是從事農林漁牧業或自,4,"30,000元-未滿40,000元",30000,39999,4,"30,000-39,999 元",30000,39999,option,exact_range,source_question,以 103 年 I3 為基準。
income,INC_FAM_WORK,家庭工作收入,110,110,G3,包含經濟戶長本人，全家每個月的「工作薪水、兼差薪水、加班費、退休金，或是從事農林漁牧,I3,包含您本人，全家每個月的「工作薪水、兼差薪水、加班費、退休金，或是從事農林漁牧業或自,5,"40,000元-未滿50,000元",40000,49999,5,"40,000-49,999 元",40000,49999,option,exact_range,source_question,以 103 年 I3 為基準。
income,INC_FAM_WORK,家庭工作收入,110,110,G3,包含經濟戶長本人，全家每個月的「工作薪水、兼差薪水、加班費、退休金，或是從事農林漁牧,I3,包含您本人，全家每個月的「工作薪水、兼差薪水、加班費、退休金，或是從事農林漁牧業或自,6,"50,000元-未滿60,000元",50000,59999,6,"50,000-59,999 元",50000,59999,option,exact_range,source_question,以 103 年 I3 為基準。
income,INC_FAM_WORK,家庭工作收入,110,110,G3,包含經濟戶長本人，全家每個月的「工作薪水、兼差薪水、加班費、退休金，或是從事農林漁牧,I3,包含您本人，全家每個月的「工作薪水、兼差薪水、加班費、退休金，或是從事農林漁牧業或自,7,"60,000元-未滿70,000元",60000,69999,7,"60,000-69,999 元",60000,69999,option,exact_range,source_question,以 103 年 I3 為基準。
income,INC_FAM_WORK,家庭工作收入,110,110,G3,包含經濟戶長本人，全家每個月的「工作薪水、兼差薪水、加班費、退休金，或是從事農林漁牧,I3,包含您本人，全家每個月的「工作薪水、兼差薪水、加班費、退休金，或是從事農林漁牧業或自,8,"70,000元-未滿80,000元",70000,79999,8,"70,000-79,999 元",70000,79999,option,exact_range,source_question,以 103 年 I3 為基準。
income,INC_FAM_WORK,家庭工作收入,110,110,G3,包含經濟戶長本人，全家每個月的「工作薪水、兼差薪水、加班費、退休金，或是從事農林漁牧,I3,包含您本人，全家每個月的「工作薪水、兼差薪水、加班費、退休金，或是從事農林漁牧業或自,9,"80,000元-未滿90,000元",80000,89999,9,"80,000-89,999 元",80000,89999,option,exact_range,source_question,以 103 年 I3 為基準。
income,INC_FAM_WORK,家庭工作收入,110,110,G3,包含經濟戶長本人，全家每個月的「工作薪水、兼差薪水、加班費、退休金，或是從事農林漁牧,I3,包含您本人，全家每個月的「工作薪水、兼差薪水、加班費、退休金，或是從事農林漁牧業或自,10,"90,000元-未滿100,000元",90000,99999,10,"90,000-99,999 元",90000,99999,option,exact_range,source_question,以 103 年 I3 為基準。
income,INC_FAM_WORK,家庭工作收入,110,110,G3,包含經濟戶長本人，全家每個月的「工作薪水、兼差薪水、加班費、退休金，或是從事農林漁牧,I3,包含您本人，全家每個月的「工作薪水、兼差薪水、加班費、退休金，或是從事農林漁牧業或自,11,"100,000元-未滿130,000元",100000,129999,11,"100,000-129,999元",100000,129999,option,exact_range,source_question,以 103 年 I3 為基準。
income,INC_FAM_WORK,家庭工作收入,110,110,G3,包含經濟戶長本人，全家每個月的「工作薪水、兼差薪水、加班費、退休金，或是從事農林漁牧,I3,包含您本人，全家每個月的「工作薪水、兼差薪水、加班費、退休金，或是從事農林漁牧業或自,12,"130,000元-未滿160,000元",130000,159999,12,"130,000-159,999元",130000,159999,option,exact_range,source_question,以 103 年 I3 為基準。
income,INC_FAM_WORK,家庭工作收入,110,110,G3,包含經濟戶長本人，全家每個月的「工作薪水、兼差薪水、加班費、退休金，或是從事農林漁牧,I3,包含您本人，全家每個月的「工作薪水、兼差薪水、加班費、退休金，或是從事農林漁牧業或自,13,"160,000元以上，請記錄____________元",160000,,13,"160,000 元及以上，請記錄____________元",160000,,option,exact_open_upper,source_question,以 103 年 I3 為基準。
income,INC_FAM_WORK,家庭工作收入,110,110,G3,包含經濟戶長本人，全家每個月的「工作薪水、兼差薪水、加班費、退休金，或是從事農林漁牧,I3,包含您本人，全家每個月的「工作薪水、兼差薪水、加班費、退休金，或是從事農林漁牧業或自,14,沒有這項收入,0,0,14,沒有這項收入,0,0,option,exact_none,source_question,以 103 年 I3 為基準。
income,INC_FAM_GOV,家庭政府補助與保險收入,91,91_1,22-2,請問全家每個月平均收入中，政府補助及津貼收入是多少?,I4,包含您本人，全家每個月接受「政府發給津貼、補助、各種社會保險、私人保險」總收入是多少？,1,"未滿2,000元",0,1999,1,999 元及以下,0,999,option,source_bin_spans_multiple_base_bins,source_question,91 為政府補助及津貼；95 之後含各種保險。
income,INC_FAM_GOV,家庭政府補助與保險收入,91,91_1,22-2,請問全家每個月平均收入中，政府補助及津貼收入是多少?,I4,包含您本人，全家每個月接受「政府發給津貼、補助、各種社會保險、私人保險」總收入是多少？,1,"未滿2,000元",0,1999,2,"1,000-1,999 元",1000,1999,option,source_bin_spans_multiple_base_bins,source_question,91 為政府補助及津貼；95 之後含各種保險。
income,INC_FAM_GOV,家庭政府補助與保險收入,91,91_1,22-2,請問全家每個月平均收入中，政府補助及津貼收入是多少?,I4,包含您本人，全家每個月接受「政府發給津貼、補助、各種社會保險、私人保險」總收入是多少？,2,"2,000元至未滿4,000元",2000,3999,3,"2,000-2,999 元",2000,2999,option,source_bin_spans_multiple_base_bins,source_question,91 為政府補助及津貼；95 之後含各種保險。
income,INC_FAM_GOV,家庭政府補助與保險收入,91,91_1,22-2,請問全家每個月平均收入中，政府補助及津貼收入是多少?,I4,包含您本人，全家每個月接受「政府發給津貼、補助、各種社會保險、私人保險」總收入是多少？,2,"2,000元至未滿4,000元",2000,3999,4,"3,000-3,999 元",3000,3999,option,source_bin_spans_multiple_base_bins,source_question,91 為政府補助及津貼；95 之後含各種保險。
income,INC_FAM_GOV,家庭政府補助與保險收入,91,91_1,22-2,請問全家每個月平均收入中，政府補助及津貼收入是多少?,I4,包含您本人，全家每個月接受「政府發給津貼、補助、各種社會保險、私人保險」總收入是多少？,3,"4,000元至未滿6,000元",4000,5999,5,"4,000-4,999 元",4000,4999,option,source_bin_spans_multiple_base_bins,source_question,91 為政府補助及津貼；95 之後含各種保險。
income,INC_FAM_GOV,家庭政府補助與保險收入,91,91_1,22-2,請問全家每個月平均收入中，政府補助及津貼收入是多少?,I4,包含您本人，全家每個月接受「政府發給津貼、補助、各種社會保險、私人保險」總收入是多少？,3,"4,000元至未滿6,000元",4000,5999,6,"5,000-5,999 元",5000,5999,option,source_bin_spans_multiple_base_bins,source_question,91 為政府補助及津貼；95 之後含各種保險。
income,INC_FAM_GOV,家庭政府補助與保險收入,91,91_1,22-2,請問全家每個月平均收入中，政府補助及津貼收入是多少?,I4,包含您本人，全家每個月接受「政府發給津貼、補助、各種社會保險、私人保險」總收入是多少？,4,"6,000元至未滿1萬元",6000,9999,7,"6,000-7,999 元",6000,7999,option,source_bin_spans_multiple_base_bins,source_question,91 為政府補助及津貼；95 之後含各種保險。
income,INC_FAM_GOV,家庭政府補助與保險收入,91,91_1,22-2,請問全家每個月平均收入中，政府補助及津貼收入是多少?,I4,包含您本人，全家每個月接受「政府發給津貼、補助、各種社會保險、私人保險」總收入是多少？,4,"6,000元至未滿1萬元",6000,9999,8,"8,000-9,999 元",8000,9999,option,source_bin_spans_multiple_base_bins,source_question,91 為政府補助及津貼；95 之後含各種保險。
income,INC_FAM_GOV,家庭政府補助與保險收入,91,91_1,22-2,請問全家每個月平均收入中，政府補助及津貼收入是多少?,I4,包含您本人，全家每個月接受「政府發給津貼、補助、各種社會保險、私人保險」總收入是多少？,5,"1萬元至未滿1萬5,000元",10000,14999,9,"10,000-14,999 元",10000,14999,option,exact_range,source_question,91 為政府補助及津貼；95 之後含各種保險。
income,INC_FAM_GOV,家庭政府補助與保險收入,91,91_1,22-2,請問全家每個月平均收入中，政府補助及津貼收入是多少?,I4,包含您本人，全家每個月接受「政府發給津貼、補助、各種社會保險、私人保險」總收入是多少？,6,"1萬5,000元至未滿2萬元",15000,19999,10,"15,000-19,999 元",15000,19999,option,exact_range,source_question,91 為政府補助及津貼；95 之後含各種保險。
income,INC_FAM_GOV,家庭政府補助與保險收入,91,91_1,22-2,請問全家每個月平均收入中，政府補助及津貼收入是多少?,I4,包含您本人，全家每個月接受「政府發給津貼、補助、各種社會保險、私人保險」總收入是多少？,7,2萬元至未滿3萬元,20000,29999,11,"20,000-29,999 元",20000,29999,option,exact_range,source_question,91 為政府補助及津貼；95 之後含各種保險。
income,INC_FAM_GOV,家庭政府補助與保險收入,91,91_1,22-2,請問全家每個月平均收入中，政府補助及津貼收入是多少?,I4,包含您本人，全家每個月接受「政府發給津貼、補助、各種社會保險、私人保險」總收入是多少？,8,3萬元以上（請記錄金額）,30000,,12,"30,000 元及以上，請記錄________元",30000,,option,exact_open_upper,source_question,91 為政府補助及津貼；95 之後含各種保險。
income,INC_FAM_GOV,家庭政府補助與保險收入,91,91_1,22-2,請問全家每個月平均收入中，政府補助及津貼收入是多少?,I4,包含您本人，全家每個月接受「政府發給津貼、補助、各種社會保險、私人保險」總收入是多少？,9,沒有這項收入,0,0,13,沒有這項收入,0,0,option,exact_none,source_question,91 為政府補助及津貼；95 之後含各種保險。
income,INC_FAM_GOV,家庭政府補助與保險收入,91,91_2,22-2,請問全家每個月平均收入中，政府補助及津貼收入是多少?,I4,包含您本人，全家每個月接受「政府發給津貼、補助、各種社會保險、私人保險」總收入是多少？,1,"未滿2,000元",0,1999,1,999 元及以下,0,999,option,source_bin_spans_multiple_base_bins,source_question,91 為政府補助及津貼；95 之後含各種保險。
income,INC_FAM_GOV,家庭政府補助與保險收入,91,91_2,22-2,請問全家每個月平均收入中，政府補助及津貼收入是多少?,I4,包含您本人，全家每個月接受「政府發給津貼、補助、各種社會保險、私人保險」總收入是多少？,1,"未滿2,000元",0,1999,2,"1,000-1,999 元",1000,1999,option,source_bin_spans_multiple_base_bins,source_question,91 為政府補助及津貼；95 之後含各種保險。
income,INC_FAM_GOV,家庭政府補助與保險收入,91,91_2,22-2,請問全家每個月平均收入中，政府補助及津貼收入是多少?,I4,包含您本人，全家每個月接受「政府發給津貼、補助、各種社會保險、私人保險」總收入是多少？,2,"2,000元至未滿4,000元",2000,3999,3,"2,000-2,999 元",2000,2999,option,source_bin_spans_multiple_base_bins,source_question,91 為政府補助及津貼；95 之後含各種保險。
income,INC_FAM_GOV,家庭政府補助與保險收入,91,91_2,22-2,請問全家每個月平均收入中，政府補助及津貼收入是多少?,I4,包含您本人，全家每個月接受「政府發給津貼、補助、各種社會保險、私人保險」總收入是多少？,2,"2,000元至未滿4,000元",2000,3999,4,"3,000-3,999 元",3000,3999,option,source_bin_spans_multiple_base_bins,source_question,91 為政府補助及津貼；95 之後含各種保險。
income,INC_FAM_GOV,家庭政府補助與保險收入,91,91_2,22-2,請問全家每個月平均收入中，政府補助及津貼收入是多少?,I4,包含您本人，全家每個月接受「政府發給津貼、補助、各種社會保險、私人保險」總收入是多少？,3,"4,000元至未滿6,000元",4000,5999,5,"4,000-4,999 元",4000,4999,option,source_bin_spans_multiple_base_bins,source_question,91 為政府補助及津貼；95 之後含各種保險。
income,INC_FAM_GOV,家庭政府補助與保險收入,91,91_2,22-2,請問全家每個月平均收入中，政府補助及津貼收入是多少?,I4,包含您本人，全家每個月接受「政府發給津貼、補助、各種社會保險、私人保險」總收入是多少？,3,"4,000元至未滿6,000元",4000,5999,6,"5,000-5,999 元",5000,5999,option,source_bin_spans_multiple_base_bins,source_question,91 為政府補助及津貼；95 之後含各種保險。
income,INC_FAM_GOV,家庭政府補助與保險收入,91,91_2,22-2,請問全家每個月平均收入中，政府補助及津貼收入是多少?,I4,包含您本人，全家每個月接受「政府發給津貼、補助、各種社會保險、私人保險」總收入是多少？,4,"6,000元至未滿1萬元",6000,9999,7,"6,000-7,999 元",6000,7999,option,source_bin_spans_multiple_base_bins,source_question,91 為政府補助及津貼；95 之後含各種保險。
income,INC_FAM_GOV,家庭政府補助與保險收入,91,91_2,22-2,請問全家每個月平均收入中，政府補助及津貼收入是多少?,I4,包含您本人，全家每個月接受「政府發給津貼、補助、各種社會保險、私人保險」總收入是多少？,4,"6,000元至未滿1萬元",6000,9999,8,"8,000-9,999 元",8000,9999,option,source_bin_spans_multiple_base_bins,source_question,91 為政府補助及津貼；95 之後含各種保險。
income,INC_FAM_GOV,家庭政府補助與保險收入,91,91_2,22-2,請問全家每個月平均收入中，政府補助及津貼收入是多少?,I4,包含您本人，全家每個月接受「政府發給津貼、補助、各種社會保險、私人保險」總收入是多少？,5,"1萬元至未滿1萬5,000元",10000,14999,9,"10,000-14,999 元",10000,14999,option,exact_range,source_question,91 為政府補助及津貼；95 之後含各種保險。
income,INC_FAM_GOV,家庭政府補助與保險收入,91,91_2,22-2,請問全家每個月平均收入中，政府補助及津貼收入是多少?,I4,包含您本人，全家每個月接受「政府發給津貼、補助、各種社會保險、私人保險」總收入是多少？,6,"1萬5,000元至未滿2萬元",15000,19999,10,"15,000-19,999 元",15000,19999,option,exact_range,source_question,91 為政府補助及津貼；95 之後含各種保險。
income,INC_FAM_GOV,家庭政府補助與保險收入,91,91_2,22-2,請問全家每個月平均收入中，政府補助及津貼收入是多少?,I4,包含您本人，全家每個月接受「政府發給津貼、補助、各種社會保險、私人保險」總收入是多少？,7,2萬元至未滿3萬元,20000,29999,11,"20,000-29,999 元",20000,29999,option,exact_range,source_question,91 為政府補助及津貼；95 之後含各種保險。
income,INC_FAM_GOV,家庭政府補助與保險收入,91,91_2,22-2,請問全家每個月平均收入中，政府補助及津貼收入是多少?,I4,包含您本人，全家每個月接受「政府發給津貼、補助、各種社會保險、私人保險」總收入是多少？,8,3萬元以上（請記錄金額）,30000,,12,"30,000 元及以上，請記錄________元",30000,,option,exact_open_upper,source_question,91 為政府補助及津貼；95 之後含各種保險。
income,INC_FAM_GOV,家庭政府補助與保險收入,91,91_2,22-2,請問全家每個月平均收入中，政府補助及津貼收入是多少?,I4,包含您本人，全家每個月接受「政府發給津貼、補助、各種社會保險、私人保險」總收入是多少？,9,沒有這項收入,0,0,13,沒有這項收入,0,0,option,exact_none,source_question,91 為政府補助及津貼；95 之後含各種保險。
income,INC_FAM_GOV,家庭政府補助與保險收入,95,95,Q11-2,包含您本人，全家每個月接受「政府津貼補助、各種保險」總收入是多少？,I4,包含您本人，全家每個月接受「政府發給津貼、補助、各種社會保險、私人保險」總收入是多少？,1,999元及以下,0,999,1,999 元及以下,0,999,option,exact_range,source_question,91 為政府補助及津貼；95 之後含各種保險。
income,INC_FAM_GOV,家庭政府補助與保險收入,95,95,Q11-2,包含您本人，全家每個月接受「政府津貼補助、各種保險」總收入是多少？,I4,包含您本人，全家每個月接受「政府發給津貼、補助、各種社會保險、私人保險」總收入是多少？,2,"1,000-1,999元",1000,1999,2,"1,000-1,999 元",1000,1999,option,exact_range,source_question,91 為政府補助及津貼；95 之後含各種保險。
income,INC_FAM_GOV,家庭政府補助與保險收入,95,95,Q11-2,包含您本人，全家每個月接受「政府津貼補助、各種保險」總收入是多少？,I4,包含您本人，全家每個月接受「政府發給津貼、補助、各種社會保險、私人保險」總收入是多少？,3,"2,000-3,999 元",2000,3999,3,"2,000-2,999 元",2000,2999,option,source_bin_spans_multiple_base_bins,source_question,91 為政府補助及津貼；95 之後含各種保險。
income,INC_FAM_GOV,家庭政府補助與保險收入,95,95,Q11-2,包含您本人，全家每個月接受「政府津貼補助、各種保險」總收入是多少？,I4,包含您本人，全家每個月接受「政府發給津貼、補助、各種社會保險、私人保險」總收入是多少？,3,"2,000-3,999 元",2000,3999,4,"3,000-3,999 元",3000,3999,option,source_bin_spans_multiple_base_bins,source_question,91 為政府補助及津貼；95 之後含各種保險。
income,INC_FAM_GOV,家庭政府補助與保險收入,95,95,Q11-2,包含您本人，全家每個月接受「政府津貼補助、各種保險」總收入是多少？,I4,包含您本人，全家每個月接受「政府發給津貼、補助、各種社會保險、私人保險」總收入是多少？,4,"4,000-5,999元",4000,5999,5,"4,000-4,999 元",4000,4999,option,source_bin_spans_multiple_base_bins,source_question,91 為政府補助及津貼；95 之後含各種保險。
income,INC_FAM_GOV,家庭政府補助與保險收入,95,95,Q11-2,包含您本人，全家每個月接受「政府津貼補助、各種保險」總收入是多少？,I4,包含您本人，全家每個月接受「政府發給津貼、補助、各種社會保險、私人保險」總收入是多少？,4,"4,000-5,999元",4000,5999,6,"5,000-5,999 元",5000,5999,option,source_bin_spans_multiple_base_bins,source_question,91 為政府補助及津貼；95 之後含各種保險。
income,INC_FAM_GOV,家庭政府補助與保險收入,95,95,Q11-2,包含您本人，全家每個月接受「政府津貼補助、各種保險」總收入是多少？,I4,包含您本人，全家每個月接受「政府發給津貼、補助、各種社會保險、私人保險」總收入是多少？,5,"6,000-7,999 元",6000,7999,7,"6,000-7,999 元",6000,7999,option,exact_range,source_question,91 為政府補助及津貼；95 之後含各種保險。
income,INC_FAM_GOV,家庭政府補助與保險收入,95,95,Q11-2,包含您本人，全家每個月接受「政府津貼補助、各種保險」總收入是多少？,I4,包含您本人，全家每個月接受「政府發給津貼、補助、各種社會保險、私人保險」總收入是多少？,6,"8,000-9,999元",8000,9999,8,"8,000-9,999 元",8000,9999,option,exact_range,source_question,91 為政府補助及津貼；95 之後含各種保險。
income,INC_FAM_GOV,家庭政府補助與保險收入,95,95,Q11-2,包含您本人，全家每個月接受「政府津貼補助、各種保險」總收入是多少？,I4,包含您本人，全家每個月接受「政府發給津貼、補助、各種社會保險、私人保險」總收入是多少？,7,"10,000-14,999 元",10000,14999,9,"10,000-14,999 元",10000,14999,option,exact_range,source_question,91 為政府補助及津貼；95 之後含各種保險。
income,INC_FAM_GOV,家庭政府補助與保險收入,95,95,Q11-2,包含您本人，全家每個月接受「政府津貼補助、各種保險」總收入是多少？,I4,包含您本人，全家每個月接受「政府發給津貼、補助、各種社會保險、私人保險」總收入是多少？,8,"15,000-19,999元",15000,19999,10,"15,000-19,999 元",15000,19999,option,exact_range,source_question,91 為政府補助及津貼；95 之後含各種保險。
income,INC_FAM_GOV,家庭政府補助與保險收入,95,95,Q11-2,包含您本人，全家每個月接受「政府津貼補助、各種保險」總收入是多少？,I4,包含您本人，全家每個月接受「政府發給津貼、補助、各種社會保險、私人保險」總收入是多少？,9,"20,000-29,999 元",20000,29999,11,"20,000-29,999 元",20000,29999,option,exact_range,source_question,91 為政府補助及津貼；95 之後含各種保險。
income,INC_FAM_GOV,家庭政府補助與保險收入,95,95,Q11-2,包含您本人，全家每個月接受「政府津貼補助、各種保險」總收入是多少？,I4,包含您本人，全家每個月接受「政府發給津貼、補助、各種社會保險、私人保險」總收入是多少？,90,"30,000 元及以上，請記錄 元",30000,,12,"30,000 元及以上，請記錄________元",30000,,option,exact_open_upper,source_question,91 為政府補助及津貼；95 之後含各種保險。
income,INC_FAM_GOV,家庭政府補助與保險收入,95,95,Q11-2,包含您本人，全家每個月接受「政府津貼補助、各種保險」總收入是多少？,I4,包含您本人，全家每個月接受「政府發給津貼、補助、各種社會保險、私人保險」總收入是多少？,95,沒有這項收入,0,0,13,沒有這項收入,0,0,option,exact_none,source_question,91 為政府補助及津貼；95 之後含各種保險。
income,INC_FAM_GOV,家庭政府補助與保險收入,99,99,I3,包含您本人，全家每個月接受「政府發給津貼、補助、各種保險」總收入是多少？【過去ㄧ年,I4,包含您本人，全家每個月接受「政府發給津貼、補助、各種社會保險、私人保險」總收入是多少？,1,999 元及以下,0,999,1,999 元及以下,0,999,option,exact_range,source_question,91 為政府補助及津貼；95 之後含各種保險。
income,INC_FAM_GOV,家庭政府補助與保險收入,99,99,I3,包含您本人，全家每個月接受「政府發給津貼、補助、各種保險」總收入是多少？【過去ㄧ年,I4,包含您本人，全家每個月接受「政府發給津貼、補助、各種社會保險、私人保險」總收入是多少？,2,"1,000-1,999 元",1000,1999,2,"1,000-1,999 元",1000,1999,option,exact_range,source_question,91 為政府補助及津貼；95 之後含各種保險。
income,INC_FAM_GOV,家庭政府補助與保險收入,99,99,I3,包含您本人，全家每個月接受「政府發給津貼、補助、各種保險」總收入是多少？【過去ㄧ年,I4,包含您本人，全家每個月接受「政府發給津貼、補助、各種社會保險、私人保險」總收入是多少？,3,"2,000-2,999 元",2000,2999,3,"2,000-2,999 元",2000,2999,option,exact_range,source_question,91 為政府補助及津貼；95 之後含各種保險。
income,INC_FAM_GOV,家庭政府補助與保險收入,99,99,I3,包含您本人，全家每個月接受「政府發給津貼、補助、各種保險」總收入是多少？【過去ㄧ年,I4,包含您本人，全家每個月接受「政府發給津貼、補助、各種社會保險、私人保險」總收入是多少？,4,"3,000-3,999 元",3000,3999,4,"3,000-3,999 元",3000,3999,option,exact_range,source_question,91 為政府補助及津貼；95 之後含各種保險。
income,INC_FAM_GOV,家庭政府補助與保險收入,99,99,I3,包含您本人，全家每個月接受「政府發給津貼、補助、各種保險」總收入是多少？【過去ㄧ年,I4,包含您本人，全家每個月接受「政府發給津貼、補助、各種社會保險、私人保險」總收入是多少？,5,"4,000-4,999 元",4000,4999,5,"4,000-4,999 元",4000,4999,option,exact_range,source_question,91 為政府補助及津貼；95 之後含各種保險。
income,INC_FAM_GOV,家庭政府補助與保險收入,99,99,I3,包含您本人，全家每個月接受「政府發給津貼、補助、各種保險」總收入是多少？【過去ㄧ年,I4,包含您本人，全家每個月接受「政府發給津貼、補助、各種社會保險、私人保險」總收入是多少？,6,"5,000-5,999 元",5000,5999,6,"5,000-5,999 元",5000,5999,option,exact_range,source_question,91 為政府補助及津貼；95 之後含各種保險。
income,INC_FAM_GOV,家庭政府補助與保險收入,99,99,I3,包含您本人，全家每個月接受「政府發給津貼、補助、各種保險」總收入是多少？【過去ㄧ年,I4,包含您本人，全家每個月接受「政府發給津貼、補助、各種社會保險、私人保險」總收入是多少？,7,"6,000-7,999 元",6000,7999,7,"6,000-7,999 元",6000,7999,option,exact_range,source_question,91 為政府補助及津貼；95 之後含各種保險。
income,INC_FAM_GOV,家庭政府補助與保險收入,99,99,I3,包含您本人，全家每個月接受「政府發給津貼、補助、各種保險」總收入是多少？【過去ㄧ年,I4,包含您本人，全家每個月接受「政府發給津貼、補助、各種社會保險、私人保險」總收入是多少？,8,"8,000-9,999 元",8000,9999,8,"8,000-9,999 元",8000,9999,option,exact_range,source_question,91 為政府補助及津貼；95 之後含各種保險。
income,INC_FAM_GOV,家庭政府補助與保險收入,99,99,I3,包含您本人，全家每個月接受「政府發給津貼、補助、各種保險」總收入是多少？【過去ㄧ年,I4,包含您本人，全家每個月接受「政府發給津貼、補助、各種社會保險、私人保險」總收入是多少？,9,"10,000-14,999 元",10000,14999,9,"10,000-14,999 元",10000,14999,option,exact_range,source_question,91 為政府補助及津貼；95 之後含各種保險。
income,INC_FAM_GOV,家庭政府補助與保險收入,99,99,I3,包含您本人，全家每個月接受「政府發給津貼、補助、各種保險」總收入是多少？【過去ㄧ年,I4,包含您本人，全家每個月接受「政府發給津貼、補助、各種社會保險、私人保險」總收入是多少？,10,"15,000-19,999 元",15000,19999,10,"15,000-19,999 元",15000,19999,option,exact_range,source_question,91 為政府補助及津貼；95 之後含各種保險。
income,INC_FAM_GOV,家庭政府補助與保險收入,99,99,I3,包含您本人，全家每個月接受「政府發給津貼、補助、各種保險」總收入是多少？【過去ㄧ年,I4,包含您本人，全家每個月接受「政府發給津貼、補助、各種社會保險、私人保險」總收入是多少？,11,"20,000-29,999 元",20000,29999,11,"20,000-29,999 元",20000,29999,option,exact_range,source_question,91 為政府補助及津貼；95 之後含各種保險。
income,INC_FAM_GOV,家庭政府補助與保險收入,99,99,I3,包含您本人，全家每個月接受「政府發給津貼、補助、各種保險」總收入是多少？【過去ㄧ年,I4,包含您本人，全家每個月接受「政府發給津貼、補助、各種社會保險、私人保險」總收入是多少？,12,"30,000 元及以上，請記錄 元",30000,,12,"30,000 元及以上，請記錄________元",30000,,option,exact_open_upper,source_question,91 為政府補助及津貼；95 之後含各種保險。
income,INC_FAM_GOV,家庭政府補助與保險收入,99,99,I3,包含您本人，全家每個月接受「政府發給津貼、補助、各種保險」總收入是多少？【過去ㄧ年,I4,包含您本人，全家每個月接受「政府發給津貼、補助、各種社會保險、私人保險」總收入是多少？,13,沒有這項收入,0,0,13,沒有這項收入,0,0,option,exact_none,source_question,91 為政府補助及津貼；95 之後含各種保險。
income,INC_FAM_GOV,家庭政府補助與保險收入,103,103,I4,包含您本人，全家每個月接受「政府發給津貼、補助、各種社會保險、私人保險」總收入是多少？,I4,包含您本人，全家每個月接受「政府發給津貼、補助、各種社會保險、私人保險」總收入是多少？,1,999 元及以下,0,999,1,999 元及以下,0,999,option,exact_range,source_question,91 為政府補助及津貼；95 之後含各種保險。
income,INC_FAM_GOV,家庭政府補助與保險收入,103,103,I4,包含您本人，全家每個月接受「政府發給津貼、補助、各種社會保險、私人保險」總收入是多少？,I4,包含您本人，全家每個月接受「政府發給津貼、補助、各種社會保險、私人保險」總收入是多少？,2,"1,000-1,999 元",1000,1999,2,"1,000-1,999 元",1000,1999,option,exact_range,source_question,91 為政府補助及津貼；95 之後含各種保險。
income,INC_FAM_GOV,家庭政府補助與保險收入,103,103,I4,包含您本人，全家每個月接受「政府發給津貼、補助、各種社會保險、私人保險」總收入是多少？,I4,包含您本人，全家每個月接受「政府發給津貼、補助、各種社會保險、私人保險」總收入是多少？,3,"2,000-2,999 元",2000,2999,3,"2,000-2,999 元",2000,2999,option,exact_range,source_question,91 為政府補助及津貼；95 之後含各種保險。
income,INC_FAM_GOV,家庭政府補助與保險收入,103,103,I4,包含您本人，全家每個月接受「政府發給津貼、補助、各種社會保險、私人保險」總收入是多少？,I4,包含您本人，全家每個月接受「政府發給津貼、補助、各種社會保險、私人保險」總收入是多少？,4,"3,000-3,999 元",3000,3999,4,"3,000-3,999 元",3000,3999,option,exact_range,source_question,91 為政府補助及津貼；95 之後含各種保險。
income,INC_FAM_GOV,家庭政府補助與保險收入,103,103,I4,包含您本人，全家每個月接受「政府發給津貼、補助、各種社會保險、私人保險」總收入是多少？,I4,包含您本人，全家每個月接受「政府發給津貼、補助、各種社會保險、私人保險」總收入是多少？,5,"4,000-4,999 元",4000,4999,5,"4,000-4,999 元",4000,4999,option,exact_range,source_question,91 為政府補助及津貼；95 之後含各種保險。
income,INC_FAM_GOV,家庭政府補助與保險收入,103,103,I4,包含您本人，全家每個月接受「政府發給津貼、補助、各種社會保險、私人保險」總收入是多少？,I4,包含您本人，全家每個月接受「政府發給津貼、補助、各種社會保險、私人保險」總收入是多少？,6,"5,000-5,999 元",5000,5999,6,"5,000-5,999 元",5000,5999,option,exact_range,source_question,91 為政府補助及津貼；95 之後含各種保險。
income,INC_FAM_GOV,家庭政府補助與保險收入,103,103,I4,包含您本人，全家每個月接受「政府發給津貼、補助、各種社會保險、私人保險」總收入是多少？,I4,包含您本人，全家每個月接受「政府發給津貼、補助、各種社會保險、私人保險」總收入是多少？,7,"6,000-7,999 元",6000,7999,7,"6,000-7,999 元",6000,7999,option,exact_range,source_question,91 為政府補助及津貼；95 之後含各種保險。
income,INC_FAM_GOV,家庭政府補助與保險收入,103,103,I4,包含您本人，全家每個月接受「政府發給津貼、補助、各種社會保險、私人保險」總收入是多少？,I4,包含您本人，全家每個月接受「政府發給津貼、補助、各種社會保險、私人保險」總收入是多少？,8,"8,000-9,999 元",8000,9999,8,"8,000-9,999 元",8000,9999,option,exact_range,source_question,91 為政府補助及津貼；95 之後含各種保險。
income,INC_FAM_GOV,家庭政府補助與保險收入,103,103,I4,包含您本人，全家每個月接受「政府發給津貼、補助、各種社會保險、私人保險」總收入是多少？,I4,包含您本人，全家每個月接受「政府發給津貼、補助、各種社會保險、私人保險」總收入是多少？,9,"10,000-14,999 元",10000,14999,9,"10,000-14,999 元",10000,14999,option,exact_range,source_question,91 為政府補助及津貼；95 之後含各種保險。
income,INC_FAM_GOV,家庭政府補助與保險收入,103,103,I4,包含您本人，全家每個月接受「政府發給津貼、補助、各種社會保險、私人保險」總收入是多少？,I4,包含您本人，全家每個月接受「政府發給津貼、補助、各種社會保險、私人保險」總收入是多少？,10,"15,000-19,999 元",15000,19999,10,"15,000-19,999 元",15000,19999,option,exact_range,source_question,91 為政府補助及津貼；95 之後含各種保險。
income,INC_FAM_GOV,家庭政府補助與保險收入,103,103,I4,包含您本人，全家每個月接受「政府發給津貼、補助、各種社會保險、私人保險」總收入是多少？,I4,包含您本人，全家每個月接受「政府發給津貼、補助、各種社會保險、私人保險」總收入是多少？,11,"20,000-29,999 元",20000,29999,11,"20,000-29,999 元",20000,29999,option,exact_range,source_question,91 為政府補助及津貼；95 之後含各種保險。
income,INC_FAM_GOV,家庭政府補助與保險收入,103,103,I4,包含您本人，全家每個月接受「政府發給津貼、補助、各種社會保險、私人保險」總收入是多少？,I4,包含您本人，全家每個月接受「政府發給津貼、補助、各種社會保險、私人保險」總收入是多少？,12,"30,000 元及以上，請記錄________元",30000,,12,"30,000 元及以上，請記錄________元",30000,,option,exact_open_upper,source_question,91 為政府補助及津貼；95 之後含各種保險。
income,INC_FAM_GOV,家庭政府補助與保險收入,103,103,I4,包含您本人，全家每個月接受「政府發給津貼、補助、各種社會保險、私人保險」總收入是多少？,I4,包含您本人，全家每個月接受「政府發給津貼、補助、各種社會保險、私人保險」總收入是多少？,13,沒有這項收入,0,0,13,沒有這項收入,0,0,option,exact_none,source_question,91 為政府補助及津貼；95 之後含各種保險。
income,INC_FAM_GOV,家庭政府補助與保險收入,106,106,L4,包含經濟戶長本人，全家每個月接受「政府發給津貼、補助、各種社會保險、私人保險」總收入,I4,包含您本人，全家每個月接受「政府發給津貼、補助、各種社會保險、私人保險」總收入是多少？,1,"未滿1,000元",0,999,1,999 元及以下,0,999,option,exact_range,source_question,91 為政府補助及津貼；95 之後含各種保險。
income,INC_FAM_GOV,家庭政府補助與保險收入,106,106,L4,包含經濟戶長本人，全家每個月接受「政府發給津貼、補助、各種社會保險、私人保險」總收入,I4,包含您本人，全家每個月接受「政府發給津貼、補助、各種社會保險、私人保險」總收入是多少？,2,"1,000 元-未滿2,000元",1000,1999,2,"1,000-1,999 元",1000,1999,option,exact_range,source_question,91 為政府補助及津貼；95 之後含各種保險。
income,INC_FAM_GOV,家庭政府補助與保險收入,106,106,L4,包含經濟戶長本人，全家每個月接受「政府發給津貼、補助、各種社會保險、私人保險」總收入,I4,包含您本人，全家每個月接受「政府發給津貼、補助、各種社會保險、私人保險」總收入是多少？,3,"2,000 元-未滿3,000元",2000,2999,3,"2,000-2,999 元",2000,2999,option,exact_range,source_question,91 為政府補助及津貼；95 之後含各種保險。
income,INC_FAM_GOV,家庭政府補助與保險收入,106,106,L4,包含經濟戶長本人，全家每個月接受「政府發給津貼、補助、各種社會保險、私人保險」總收入,I4,包含您本人，全家每個月接受「政府發給津貼、補助、各種社會保險、私人保險」總收入是多少？,4,"3,000 元-未滿4,000元",3000,3999,4,"3,000-3,999 元",3000,3999,option,exact_range,source_question,91 為政府補助及津貼；95 之後含各種保險。
income,INC_FAM_GOV,家庭政府補助與保險收入,106,106,L4,包含經濟戶長本人，全家每個月接受「政府發給津貼、補助、各種社會保險、私人保險」總收入,I4,包含您本人，全家每個月接受「政府發給津貼、補助、各種社會保險、私人保險」總收入是多少？,5,"4,000 元-未滿5,000元",4000,4999,5,"4,000-4,999 元",4000,4999,option,exact_range,source_question,91 為政府補助及津貼；95 之後含各種保險。
income,INC_FAM_GOV,家庭政府補助與保險收入,106,106,L4,包含經濟戶長本人，全家每個月接受「政府發給津貼、補助、各種社會保險、私人保險」總收入,I4,包含您本人，全家每個月接受「政府發給津貼、補助、各種社會保險、私人保險」總收入是多少？,6,"5,000 元-未滿6,000元",5000,5999,6,"5,000-5,999 元",5000,5999,option,exact_range,source_question,91 為政府補助及津貼；95 之後含各種保險。
income,INC_FAM_GOV,家庭政府補助與保險收入,106,106,L4,包含經濟戶長本人，全家每個月接受「政府發給津貼、補助、各種社會保險、私人保險」總收入,I4,包含您本人，全家每個月接受「政府發給津貼、補助、各種社會保險、私人保險」總收入是多少？,7,"6,000 元-未滿8,000元",6000,7999,7,"6,000-7,999 元",6000,7999,option,exact_range,source_question,91 為政府補助及津貼；95 之後含各種保險。
income,INC_FAM_GOV,家庭政府補助與保險收入,106,106,L4,包含經濟戶長本人，全家每個月接受「政府發給津貼、補助、各種社會保險、私人保險」總收入,I4,包含您本人，全家每個月接受「政府發給津貼、補助、各種社會保險、私人保險」總收入是多少？,8,"8,000 元-未滿10,000元",8000,9999,8,"8,000-9,999 元",8000,9999,option,exact_range,source_question,91 為政府補助及津貼；95 之後含各種保險。
income,INC_FAM_GOV,家庭政府補助與保險收入,106,106,L4,包含經濟戶長本人，全家每個月接受「政府發給津貼、補助、各種社會保險、私人保險」總收入,I4,包含您本人，全家每個月接受「政府發給津貼、補助、各種社會保險、私人保險」總收入是多少？,9,"10,000元-未滿15,000元",10000,14999,9,"10,000-14,999 元",10000,14999,option,exact_range,source_question,91 為政府補助及津貼；95 之後含各種保險。
income,INC_FAM_GOV,家庭政府補助與保險收入,106,106,L4,包含經濟戶長本人，全家每個月接受「政府發給津貼、補助、各種社會保險、私人保險」總收入,I4,包含您本人，全家每個月接受「政府發給津貼、補助、各種社會保險、私人保險」總收入是多少？,10,"15,000元-未滿20,000元",15000,19999,10,"15,000-19,999 元",15000,19999,option,exact_range,source_question,91 為政府補助及津貼；95 之後含各種保險。
income,INC_FAM_GOV,家庭政府補助與保險收入,106,106,L4,包含經濟戶長本人，全家每個月接受「政府發給津貼、補助、各種社會保險、私人保險」總收入,I4,包含您本人，全家每個月接受「政府發給津貼、補助、各種社會保險、私人保險」總收入是多少？,11,"20,000元-未滿30,000元",20000,29999,11,"20,000-29,999 元",20000,29999,option,exact_range,source_question,91 為政府補助及津貼；95 之後含各種保險。
income,INC_FAM_GOV,家庭政府補助與保險收入,106,106,L4,包含經濟戶長本人，全家每個月接受「政府發給津貼、補助、各種社會保險、私人保險」總收入,I4,包含您本人，全家每個月接受「政府發給津貼、補助、各種社會保險、私人保險」總收入是多少？,12,"30,000元以上，請記錄________元",30000,,12,"30,000 元及以上，請記錄________元",30000,,option,exact_open_upper,source_question,91 為政府補助及津貼；95 之後含各種保險。
income,INC_FAM_GOV,家庭政府補助與保險收入,106,106,L4,包含經濟戶長本人，全家每個月接受「政府發給津貼、補助、各種社會保險、私人保險」總收入,I4,包含您本人，全家每個月接受「政府發給津貼、補助、各種社會保險、私人保險」總收入是多少？,13,沒有這項收入,0,0,13,沒有這項收入,0,0,option,exact_none,source_question,91 為政府補助及津貼；95 之後含各種保險。
income,INC_FAM_GOV,家庭政府補助與保險收入,110,110,G4,包含經濟戶長本人，全家每個月接受「政府發給津貼、補助、各種社會保險、私人保險」總收入,I4,包含您本人，全家每個月接受「政府發給津貼、補助、各種社會保險、私人保險」總收入是多少？,1,"未滿1,000元",0,999,1,999 元及以下,0,999,option,exact_range,source_question,91 為政府補助及津貼；95 之後含各種保險。
income,INC_FAM_GOV,家庭政府補助與保險收入,110,110,G4,包含經濟戶長本人，全家每個月接受「政府發給津貼、補助、各種社會保險、私人保險」總收入,I4,包含您本人，全家每個月接受「政府發給津貼、補助、各種社會保險、私人保險」總收入是多少？,2,"1,000 元-未滿2,000元",1000,1999,2,"1,000-1,999 元",1000,1999,option,exact_range,source_question,91 為政府補助及津貼；95 之後含各種保險。
income,INC_FAM_GOV,家庭政府補助與保險收入,110,110,G4,包含經濟戶長本人，全家每個月接受「政府發給津貼、補助、各種社會保險、私人保險」總收入,I4,包含您本人，全家每個月接受「政府發給津貼、補助、各種社會保險、私人保險」總收入是多少？,3,"2,000 元-未滿3,000元",2000,2999,3,"2,000-2,999 元",2000,2999,option,exact_range,source_question,91 為政府補助及津貼；95 之後含各種保險。
income,INC_FAM_GOV,家庭政府補助與保險收入,110,110,G4,包含經濟戶長本人，全家每個月接受「政府發給津貼、補助、各種社會保險、私人保險」總收入,I4,包含您本人，全家每個月接受「政府發給津貼、補助、各種社會保險、私人保險」總收入是多少？,4,"3,000 元-未滿4,000元",3000,3999,4,"3,000-3,999 元",3000,3999,option,exact_range,source_question,91 為政府補助及津貼；95 之後含各種保險。
income,INC_FAM_GOV,家庭政府補助與保險收入,110,110,G4,包含經濟戶長本人，全家每個月接受「政府發給津貼、補助、各種社會保險、私人保險」總收入,I4,包含您本人，全家每個月接受「政府發給津貼、補助、各種社會保險、私人保險」總收入是多少？,5,"4,000 元-未滿5,000元",4000,4999,5,"4,000-4,999 元",4000,4999,option,exact_range,source_question,91 為政府補助及津貼；95 之後含各種保險。
income,INC_FAM_GOV,家庭政府補助與保險收入,110,110,G4,包含經濟戶長本人，全家每個月接受「政府發給津貼、補助、各種社會保險、私人保險」總收入,I4,包含您本人，全家每個月接受「政府發給津貼、補助、各種社會保險、私人保險」總收入是多少？,6,"5,000 元-未滿6,000元",5000,5999,6,"5,000-5,999 元",5000,5999,option,exact_range,source_question,91 為政府補助及津貼；95 之後含各種保險。
income,INC_FAM_GOV,家庭政府補助與保險收入,110,110,G4,包含經濟戶長本人，全家每個月接受「政府發給津貼、補助、各種社會保險、私人保險」總收入,I4,包含您本人，全家每個月接受「政府發給津貼、補助、各種社會保險、私人保險」總收入是多少？,7,"6,000 元-未滿8,000元",6000,7999,7,"6,000-7,999 元",6000,7999,option,exact_range,source_question,91 為政府補助及津貼；95 之後含各種保險。
income,INC_FAM_GOV,家庭政府補助與保險收入,110,110,G4,包含經濟戶長本人，全家每個月接受「政府發給津貼、補助、各種社會保險、私人保險」總收入,I4,包含您本人，全家每個月接受「政府發給津貼、補助、各種社會保險、私人保險」總收入是多少？,8,"8,000 元-未滿10,000元",8000,9999,8,"8,000-9,999 元",8000,9999,option,exact_range,source_question,91 為政府補助及津貼；95 之後含各種保險。
income,INC_FAM_GOV,家庭政府補助與保險收入,110,110,G4,包含經濟戶長本人，全家每個月接受「政府發給津貼、補助、各種社會保險、私人保險」總收入,I4,包含您本人，全家每個月接受「政府發給津貼、補助、各種社會保險、私人保險」總收入是多少？,9,"10,000元-未滿15,000元",10000,14999,9,"10,000-14,999 元",10000,14999,option,exact_range,source_question,91 為政府補助及津貼；95 之後含各種保險。
income,INC_FAM_GOV,家庭政府補助與保險收入,110,110,G4,包含經濟戶長本人，全家每個月接受「政府發給津貼、補助、各種社會保險、私人保險」總收入,I4,包含您本人，全家每個月接受「政府發給津貼、補助、各種社會保險、私人保險」總收入是多少？,10,"15,000元-未滿20,000元",15000,19999,10,"15,000-19,999 元",15000,19999,option,exact_range,source_question,91 為政府補助及津貼；95 之後含各種保險。
income,INC_FAM_GOV,家庭政府補助與保險收入,110,110,G4,包含經濟戶長本人，全家每個月接受「政府發給津貼、補助、各種社會保險、私人保險」總收入,I4,包含您本人，全家每個月接受「政府發給津貼、補助、各種社會保險、私人保險」總收入是多少？,11,"20,000元-未滿30,000元",20000,29999,11,"20,000-29,999 元",20000,29999,option,exact_range,source_question,91 為政府補助及津貼；95 之後含各種保險。
income,INC_FAM_GOV,家庭政府補助與保險收入,110,110,G4,包含經濟戶長本人，全家每個月接受「政府發給津貼、補助、各種社會保險、私人保險」總收入,I4,包含您本人，全家每個月接受「政府發給津貼、補助、各種社會保險、私人保險」總收入是多少？,12,"30,000元以上，請記錄________元",30000,,12,"30,000 元及以上，請記錄________元",30000,,option,exact_open_upper,source_question,91 為政府補助及津貼；95 之後含各種保險。
income,INC_FAM_GOV,家庭政府補助與保險收入,110,110,G4,包含經濟戶長本人，全家每個月接受「政府發給津貼、補助、各種社會保險、私人保險」總收入,I4,包含您本人，全家每個月接受「政府發給津貼、補助、各種社會保險、私人保險」總收入是多少？,13,沒有這項收入,0,0,13,沒有這項收入,0,0,option,exact_none,source_question,91 為政府補助及津貼；95 之後含各種保險。
income,INC_FAM_TRANSFER,家庭私人移轉/禮金/救濟收入,91,91_1,,,I5,包含您本人，全家每個月接受「紅白包禮金、私人發給救濟金/慰問金、向私人借住房屋省下的房,,,,,,,,,option,not_available_in_source_dataset,source_question,103 起拆出私人移轉類收入。
income,INC_FAM_TRANSFER,家庭私人移轉/禮金/救濟收入,91,91_2,,,I5,包含您本人，全家每個月接受「紅白包禮金、私人發給救濟金/慰問金、向私人借住房屋省下的房,,,,,,,,,option,not_available_in_source_dataset,source_question,103 起拆出私人移轉類收入。
income,INC_FAM_TRANSFER,家庭私人移轉/禮金/救濟收入,95,95,,,I5,包含您本人，全家每個月接受「紅白包禮金、私人發給救濟金/慰問金、向私人借住房屋省下的房,,,,,,,,,option,not_available_in_source_dataset,source_question,103 起拆出私人移轉類收入。
income,INC_FAM_TRANSFER,家庭私人移轉/禮金/救濟收入,99,99,,,I5,包含您本人，全家每個月接受「紅白包禮金、私人發給救濟金/慰問金、向私人借住房屋省下的房,,,,,,,,,option,not_available_in_source_dataset,source_question,103 起拆出私人移轉類收入。
income,INC_FAM_TRANSFER,家庭私人移轉/禮金/救濟收入,103,103,I5,包含您本人，全家每個月接受「紅白包禮金、私人發給救濟金/慰問金、向私人借住房屋省下的房,I5,包含您本人，全家每個月接受「紅白包禮金、私人發給救濟金/慰問金、向私人借住房屋省下的房,1,999 元及以下,0,999,1,999 元及以下,0,999,option,exact_range,source_question,103 起拆出私人移轉類收入。
income,INC_FAM_TRANSFER,家庭私人移轉/禮金/救濟收入,103,103,I5,包含您本人，全家每個月接受「紅白包禮金、私人發給救濟金/慰問金、向私人借住房屋省下的房,I5,包含您本人，全家每個月接受「紅白包禮金、私人發給救濟金/慰問金、向私人借住房屋省下的房,2,"1,000-1,999 元",1000,1999,2,"1,000-1,999 元",1000,1999,option,exact_range,source_question,103 起拆出私人移轉類收入。
income,INC_FAM_TRANSFER,家庭私人移轉/禮金/救濟收入,103,103,I5,包含您本人，全家每個月接受「紅白包禮金、私人發給救濟金/慰問金、向私人借住房屋省下的房,I5,包含您本人，全家每個月接受「紅白包禮金、私人發給救濟金/慰問金、向私人借住房屋省下的房,3,"2,000-2,999 元",2000,2999,3,"2,000-2,999 元",2000,2999,option,exact_range,source_question,103 起拆出私人移轉類收入。
income,INC_FAM_TRANSFER,家庭私人移轉/禮金/救濟收入,103,103,I5,包含您本人，全家每個月接受「紅白包禮金、私人發給救濟金/慰問金、向私人借住房屋省下的房,I5,包含您本人，全家每個月接受「紅白包禮金、私人發給救濟金/慰問金、向私人借住房屋省下的房,4,"3,000-3,999 元",3000,3999,4,"3,000-3,999 元",3000,3999,option,exact_range,source_question,103 起拆出私人移轉類收入。
income,INC_FAM_TRANSFER,家庭私人移轉/禮金/救濟收入,103,103,I5,包含您本人，全家每個月接受「紅白包禮金、私人發給救濟金/慰問金、向私人借住房屋省下的房,I5,包含您本人，全家每個月接受「紅白包禮金、私人發給救濟金/慰問金、向私人借住房屋省下的房,5,"4,000-4,999 元",4000,4999,5,"4,000-4,999 元",4000,4999,option,exact_range,source_question,103 起拆出私人移轉類收入。
income,INC_FAM_TRANSFER,家庭私人移轉/禮金/救濟收入,103,103,I5,包含您本人，全家每個月接受「紅白包禮金、私人發給救濟金/慰問金、向私人借住房屋省下的房,I5,包含您本人，全家每個月接受「紅白包禮金、私人發給救濟金/慰問金、向私人借住房屋省下的房,6,"5,000-5,999 元",5000,5999,6,"5,000-5,999 元",5000,5999,option,exact_range,source_question,103 起拆出私人移轉類收入。
income,INC_FAM_TRANSFER,家庭私人移轉/禮金/救濟收入,103,103,I5,包含您本人，全家每個月接受「紅白包禮金、私人發給救濟金/慰問金、向私人借住房屋省下的房,I5,包含您本人，全家每個月接受「紅白包禮金、私人發給救濟金/慰問金、向私人借住房屋省下的房,7,"6,000-7,999 元",6000,7999,7,"6,000-7,999 元",6000,7999,option,exact_range,source_question,103 起拆出私人移轉類收入。
income,INC_FAM_TRANSFER,家庭私人移轉/禮金/救濟收入,103,103,I5,包含您本人，全家每個月接受「紅白包禮金、私人發給救濟金/慰問金、向私人借住房屋省下的房,I5,包含您本人，全家每個月接受「紅白包禮金、私人發給救濟金/慰問金、向私人借住房屋省下的房,8,"8,000-9,999 元",8000,9999,8,"8,000-9,999 元",8000,9999,option,exact_range,source_question,103 起拆出私人移轉類收入。
income,INC_FAM_TRANSFER,家庭私人移轉/禮金/救濟收入,103,103,I5,包含您本人，全家每個月接受「紅白包禮金、私人發給救濟金/慰問金、向私人借住房屋省下的房,I5,包含您本人，全家每個月接受「紅白包禮金、私人發給救濟金/慰問金、向私人借住房屋省下的房,9,"10,000-14,999 元",10000,14999,9,"10,000-14,999 元",10000,14999,option,exact_range,source_question,103 起拆出私人移轉類收入。
income,INC_FAM_TRANSFER,家庭私人移轉/禮金/救濟收入,103,103,I5,包含您本人，全家每個月接受「紅白包禮金、私人發給救濟金/慰問金、向私人借住房屋省下的房,I5,包含您本人，全家每個月接受「紅白包禮金、私人發給救濟金/慰問金、向私人借住房屋省下的房,10,"15,000-19,999 元",15000,19999,10,"15,000-19,999 元",15000,19999,option,exact_range,source_question,103 起拆出私人移轉類收入。
income,INC_FAM_TRANSFER,家庭私人移轉/禮金/救濟收入,103,103,I5,包含您本人，全家每個月接受「紅白包禮金、私人發給救濟金/慰問金、向私人借住房屋省下的房,I5,包含您本人，全家每個月接受「紅白包禮金、私人發給救濟金/慰問金、向私人借住房屋省下的房,11,"20,000-29,999 元",20000,29999,11,"20,000-29,999 元",20000,29999,option,exact_range,source_question,103 起拆出私人移轉類收入。
income,INC_FAM_TRANSFER,家庭私人移轉/禮金/救濟收入,103,103,I5,包含您本人，全家每個月接受「紅白包禮金、私人發給救濟金/慰問金、向私人借住房屋省下的房,I5,包含您本人，全家每個月接受「紅白包禮金、私人發給救濟金/慰問金、向私人借住房屋省下的房,12,"30,000 元及以上，請記錄________元",30000,,12,"30,000 元及以上，請記錄________元",30000,,option,exact_open_upper,source_question,103 起拆出私人移轉類收入。
income,INC_FAM_TRANSFER,家庭私人移轉/禮金/救濟收入,103,103,I5,包含您本人，全家每個月接受「紅白包禮金、私人發給救濟金/慰問金、向私人借住房屋省下的房,I5,包含您本人，全家每個月接受「紅白包禮金、私人發給救濟金/慰問金、向私人借住房屋省下的房,13,沒有這項收入,0,0,13,沒有這項收入,0,0,option,exact_none,source_question,103 起拆出私人移轉類收入。
income,INC_FAM_TRANSFER,家庭私人移轉/禮金/救濟收入,106,106,L5,包含經濟戶長本人，全家每個月接受「紅白包禮金、私人發給救濟金/慰問金/獎助學金、向私人,I5,包含您本人，全家每個月接受「紅白包禮金、私人發給救濟金/慰問金、向私人借住房屋省下的房,1,"未滿1,000元",0,999,1,999 元及以下,0,999,option,exact_range,source_question,103 起拆出私人移轉類收入。
income,INC_FAM_TRANSFER,家庭私人移轉/禮金/救濟收入,106,106,L5,包含經濟戶長本人，全家每個月接受「紅白包禮金、私人發給救濟金/慰問金/獎助學金、向私人,I5,包含您本人，全家每個月接受「紅白包禮金、私人發給救濟金/慰問金、向私人借住房屋省下的房,2,"1,000 元-未滿2,000元",1000,1999,2,"1,000-1,999 元",1000,1999,option,exact_range,source_question,103 起拆出私人移轉類收入。
income,INC_FAM_TRANSFER,家庭私人移轉/禮金/救濟收入,106,106,L5,包含經濟戶長本人，全家每個月接受「紅白包禮金、私人發給救濟金/慰問金/獎助學金、向私人,I5,包含您本人，全家每個月接受「紅白包禮金、私人發給救濟金/慰問金、向私人借住房屋省下的房,3,"2,000 元-未滿3,000元",2000,2999,3,"2,000-2,999 元",2000,2999,option,exact_range,source_question,103 起拆出私人移轉類收入。
income,INC_FAM_TRANSFER,家庭私人移轉/禮金/救濟收入,106,106,L5,包含經濟戶長本人，全家每個月接受「紅白包禮金、私人發給救濟金/慰問金/獎助學金、向私人,I5,包含您本人，全家每個月接受「紅白包禮金、私人發給救濟金/慰問金、向私人借住房屋省下的房,4,"3,000 元-未滿4,000元",3000,3999,4,"3,000-3,999 元",3000,3999,option,exact_range,source_question,103 起拆出私人移轉類收入。
income,INC_FAM_TRANSFER,家庭私人移轉/禮金/救濟收入,106,106,L5,包含經濟戶長本人，全家每個月接受「紅白包禮金、私人發給救濟金/慰問金/獎助學金、向私人,I5,包含您本人，全家每個月接受「紅白包禮金、私人發給救濟金/慰問金、向私人借住房屋省下的房,5,"4,000 元-未滿5,000元",4000,4999,5,"4,000-4,999 元",4000,4999,option,exact_range,source_question,103 起拆出私人移轉類收入。
income,INC_FAM_TRANSFER,家庭私人移轉/禮金/救濟收入,106,106,L5,包含經濟戶長本人，全家每個月接受「紅白包禮金、私人發給救濟金/慰問金/獎助學金、向私人,I5,包含您本人，全家每個月接受「紅白包禮金、私人發給救濟金/慰問金、向私人借住房屋省下的房,6,"5,000 元-未滿6,000元",5000,5999,6,"5,000-5,999 元",5000,5999,option,exact_range,source_question,103 起拆出私人移轉類收入。
income,INC_FAM_TRANSFER,家庭私人移轉/禮金/救濟收入,106,106,L5,包含經濟戶長本人，全家每個月接受「紅白包禮金、私人發給救濟金/慰問金/獎助學金、向私人,I5,包含您本人，全家每個月接受「紅白包禮金、私人發給救濟金/慰問金、向私人借住房屋省下的房,7,"6,000 元-未滿8,000元",6000,7999,7,"6,000-7,999 元",6000,7999,option,exact_range,source_question,103 起拆出私人移轉類收入。
income,INC_FAM_TRANSFER,家庭私人移轉/禮金/救濟收入,106,106,L5,包含經濟戶長本人，全家每個月接受「紅白包禮金、私人發給救濟金/慰問金/獎助學金、向私人,I5,包含您本人，全家每個月接受「紅白包禮金、私人發給救濟金/慰問金、向私人借住房屋省下的房,8,"8,000 元-未滿10,000元",8000,9999,8,"8,000-9,999 元",8000,9999,option,exact_range,source_question,103 起拆出私人移轉類收入。
income,INC_FAM_TRANSFER,家庭私人移轉/禮金/救濟收入,106,106,L5,包含經濟戶長本人，全家每個月接受「紅白包禮金、私人發給救濟金/慰問金/獎助學金、向私人,I5,包含您本人，全家每個月接受「紅白包禮金、私人發給救濟金/慰問金、向私人借住房屋省下的房,9,"10,000 元-未滿15,000元",10000,14999,9,"10,000-14,999 元",10000,14999,option,exact_range,source_question,103 起拆出私人移轉類收入。
income,INC_FAM_TRANSFER,家庭私人移轉/禮金/救濟收入,106,106,L5,包含經濟戶長本人，全家每個月接受「紅白包禮金、私人發給救濟金/慰問金/獎助學金、向私人,I5,包含您本人，全家每個月接受「紅白包禮金、私人發給救濟金/慰問金、向私人借住房屋省下的房,10,"15,000 元-未滿20,000元",15000,19999,10,"15,000-19,999 元",15000,19999,option,exact_range,source_question,103 起拆出私人移轉類收入。
income,INC_FAM_TRANSFER,家庭私人移轉/禮金/救濟收入,106,106,L5,包含經濟戶長本人，全家每個月接受「紅白包禮金、私人發給救濟金/慰問金/獎助學金、向私人,I5,包含您本人，全家每個月接受「紅白包禮金、私人發給救濟金/慰問金、向私人借住房屋省下的房,11,"20,000元-未滿30,000元",20000,29999,11,"20,000-29,999 元",20000,29999,option,exact_range,source_question,103 起拆出私人移轉類收入。
income,INC_FAM_TRANSFER,家庭私人移轉/禮金/救濟收入,106,106,L5,包含經濟戶長本人，全家每個月接受「紅白包禮金、私人發給救濟金/慰問金/獎助學金、向私人,I5,包含您本人，全家每個月接受「紅白包禮金、私人發給救濟金/慰問金、向私人借住房屋省下的房,12,"30,000 元以上，請記錄________元",30000,,12,"30,000 元及以上，請記錄________元",30000,,option,exact_open_upper,source_question,103 起拆出私人移轉類收入。
income,INC_FAM_TRANSFER,家庭私人移轉/禮金/救濟收入,106,106,L5,包含經濟戶長本人，全家每個月接受「紅白包禮金、私人發給救濟金/慰問金/獎助學金、向私人,I5,包含您本人，全家每個月接受「紅白包禮金、私人發給救濟金/慰問金、向私人借住房屋省下的房,13,沒有這項收入,0,0,13,沒有這項收入,0,0,option,exact_none,source_question,103 起拆出私人移轉類收入。
income,INC_FAM_TRANSFER,家庭私人移轉/禮金/救濟收入,110,110,G5,包含經濟戶長本人，全家每個月接受「紅白包禮金、私人發給救濟金/慰問金/獎助學金、向私人,I5,包含您本人，全家每個月接受「紅白包禮金、私人發給救濟金/慰問金、向私人借住房屋省下的房,1,"未滿1,000元",0,999,1,999 元及以下,0,999,option,exact_range,source_question,103 起拆出私人移轉類收入。
income,INC_FAM_TRANSFER,家庭私人移轉/禮金/救濟收入,110,110,G5,包含經濟戶長本人，全家每個月接受「紅白包禮金、私人發給救濟金/慰問金/獎助學金、向私人,I5,包含您本人，全家每個月接受「紅白包禮金、私人發給救濟金/慰問金、向私人借住房屋省下的房,2,"1,000 元-未滿2,000元",1000,1999,2,"1,000-1,999 元",1000,1999,option,exact_range,source_question,103 起拆出私人移轉類收入。
income,INC_FAM_TRANSFER,家庭私人移轉/禮金/救濟收入,110,110,G5,包含經濟戶長本人，全家每個月接受「紅白包禮金、私人發給救濟金/慰問金/獎助學金、向私人,I5,包含您本人，全家每個月接受「紅白包禮金、私人發給救濟金/慰問金、向私人借住房屋省下的房,3,"2,000 元-未滿3,000元",2000,2999,3,"2,000-2,999 元",2000,2999,option,exact_range,source_question,103 起拆出私人移轉類收入。
income,INC_FAM_TRANSFER,家庭私人移轉/禮金/救濟收入,110,110,G5,包含經濟戶長本人，全家每個月接受「紅白包禮金、私人發給救濟金/慰問金/獎助學金、向私人,I5,包含您本人，全家每個月接受「紅白包禮金、私人發給救濟金/慰問金、向私人借住房屋省下的房,4,"3,000 元-未滿4,000元",3000,3999,4,"3,000-3,999 元",3000,3999,option,exact_range,source_question,103 起拆出私人移轉類收入。
income,INC_FAM_TRANSFER,家庭私人移轉/禮金/救濟收入,110,110,G5,包含經濟戶長本人，全家每個月接受「紅白包禮金、私人發給救濟金/慰問金/獎助學金、向私人,I5,包含您本人，全家每個月接受「紅白包禮金、私人發給救濟金/慰問金、向私人借住房屋省下的房,5,"4,000 元-未滿5,000元",4000,4999,5,"4,000-4,999 元",4000,4999,option,exact_range,source_question,103 起拆出私人移轉類收入。
income,INC_FAM_TRANSFER,家庭私人移轉/禮金/救濟收入,110,110,G5,包含經濟戶長本人，全家每個月接受「紅白包禮金、私人發給救濟金/慰問金/獎助學金、向私人,I5,包含您本人，全家每個月接受「紅白包禮金、私人發給救濟金/慰問金、向私人借住房屋省下的房,6,"5,000 元-未滿6,000元",5000,5999,6,"5,000-5,999 元",5000,5999,option,exact_range,source_question,103 起拆出私人移轉類收入。
income,INC_FAM_TRANSFER,家庭私人移轉/禮金/救濟收入,110,110,G5,包含經濟戶長本人，全家每個月接受「紅白包禮金、私人發給救濟金/慰問金/獎助學金、向私人,I5,包含您本人，全家每個月接受「紅白包禮金、私人發給救濟金/慰問金、向私人借住房屋省下的房,7,"6,000 元-未滿8,000元",6000,7999,7,"6,000-7,999 元",6000,7999,option,exact_range,source_question,103 起拆出私人移轉類收入。
income,INC_FAM_TRANSFER,家庭私人移轉/禮金/救濟收入,110,110,G5,包含經濟戶長本人，全家每個月接受「紅白包禮金、私人發給救濟金/慰問金/獎助學金、向私人,I5,包含您本人，全家每個月接受「紅白包禮金、私人發給救濟金/慰問金、向私人借住房屋省下的房,8,"8,000 元-未滿10,000元",8000,9999,8,"8,000-9,999 元",8000,9999,option,exact_range,source_question,103 起拆出私人移轉類收入。
income,INC_FAM_TRANSFER,家庭私人移轉/禮金/救濟收入,110,110,G5,包含經濟戶長本人，全家每個月接受「紅白包禮金、私人發給救濟金/慰問金/獎助學金、向私人,I5,包含您本人，全家每個月接受「紅白包禮金、私人發給救濟金/慰問金、向私人借住房屋省下的房,9,"10,000 元-未滿15,000元",10000,14999,9,"10,000-14,999 元",10000,14999,option,exact_range,source_question,103 起拆出私人移轉類收入。
income,INC_FAM_TRANSFER,家庭私人移轉/禮金/救濟收入,110,110,G5,包含經濟戶長本人，全家每個月接受「紅白包禮金、私人發給救濟金/慰問金/獎助學金、向私人,I5,包含您本人，全家每個月接受「紅白包禮金、私人發給救濟金/慰問金、向私人借住房屋省下的房,10,"15,000 元-未滿20,000元",15000,19999,10,"15,000-19,999 元",15000,19999,option,exact_range,source_question,103 起拆出私人移轉類收入。
income,INC_FAM_TRANSFER,家庭私人移轉/禮金/救濟收入,110,110,G5,包含經濟戶長本人，全家每個月接受「紅白包禮金、私人發給救濟金/慰問金/獎助學金、向私人,I5,包含您本人，全家每個月接受「紅白包禮金、私人發給救濟金/慰問金、向私人借住房屋省下的房,11,"20,000元-未滿30,000元",20000,29999,11,"20,000-29,999 元",20000,29999,option,exact_range,source_question,103 起拆出私人移轉類收入。
income,INC_FAM_TRANSFER,家庭私人移轉/禮金/救濟收入,110,110,G5,包含經濟戶長本人，全家每個月接受「紅白包禮金、私人發給救濟金/慰問金/獎助學金、向私人,I5,包含您本人，全家每個月接受「紅白包禮金、私人發給救濟金/慰問金、向私人借住房屋省下的房,12,"30,000 元以上，請記錄________元",30000,,12,"30,000 元及以上，請記錄________元",30000,,option,exact_open_upper,source_question,103 起拆出私人移轉類收入。
income,INC_FAM_TRANSFER,家庭私人移轉/禮金/救濟收入,110,110,G5,包含經濟戶長本人，全家每個月接受「紅白包禮金、私人發給救濟金/慰問金/獎助學金、向私人,I5,包含您本人，全家每個月接受「紅白包禮金、私人發給救濟金/慰問金、向私人借住房屋省下的房,13,沒有這項收入,0,0,13,沒有這項收入,0,0,option,exact_none,source_question,103 起拆出私人移轉類收入。
income,INC_FAM_INTEREST,家庭利息與投資收入,91,91_1,,,I6,包含您本人，全家每個月的「存款利息、跟會利息、股票利息、各種投資利息」總收入是多少？,,,,,,,,,option,not_available_in_source_dataset,source_question,91 無獨立家庭利息投資題。
income,INC_FAM_INTEREST,家庭利息與投資收入,91,91_2,,,I6,包含您本人，全家每個月的「存款利息、跟會利息、股票利息、各種投資利息」總收入是多少？,,,,,,,,,option,not_available_in_source_dataset,source_question,91 無獨立家庭利息投資題。
income,INC_FAM_INTEREST,家庭利息與投資收入,95,95,Q11-3,包含您本人，全家每個月的「利息、股票買賣、跟會標會、各種投資」總,I6,包含您本人，全家每個月的「存款利息、跟會利息、股票利息、各種投資利息」總收入是多少？,1,"4,999元及以下",0,4999,1,999 元及以下,0,999,option,source_bin_spans_multiple_base_bins,source_question,91 無獨立家庭利息投資題。
income,INC_FAM_INTEREST,家庭利息與投資收入,95,95,Q11-3,包含您本人，全家每個月的「利息、股票買賣、跟會標會、各種投資」總,I6,包含您本人，全家每個月的「存款利息、跟會利息、股票利息、各種投資利息」總收入是多少？,1,"4,999元及以下",0,4999,2,"1,000-1,999 元",1000,1999,option,source_bin_spans_multiple_base_bins,source_question,91 無獨立家庭利息投資題。
income,INC_FAM_INTEREST,家庭利息與投資收入,95,95,Q11-3,包含您本人，全家每個月的「利息、股票買賣、跟會標會、各種投資」總,I6,包含您本人，全家每個月的「存款利息、跟會利息、股票利息、各種投資利息」總收入是多少？,1,"4,999元及以下",0,4999,3,"2,000-2,999 元",2000,2999,option,source_bin_spans_multiple_base_bins,source_question,91 無獨立家庭利息投資題。
income,INC_FAM_INTEREST,家庭利息與投資收入,95,95,Q11-3,包含您本人，全家每個月的「利息、股票買賣、跟會標會、各種投資」總,I6,包含您本人，全家每個月的「存款利息、跟會利息、股票利息、各種投資利息」總收入是多少？,1,"4,999元及以下",0,4999,4,"3,000-3,999 元",3000,3999,option,source_bin_spans_multiple_base_bins,source_question,91 無獨立家庭利息投資題。
income,INC_FAM_INTEREST,家庭利息與投資收入,95,95,Q11-3,包含您本人，全家每個月的「利息、股票買賣、跟會標會、各種投資」總,I6,包含您本人，全家每個月的「存款利息、跟會利息、股票利息、各種投資利息」總收入是多少？,1,"4,999元及以下",0,4999,5,"4,000-4,999 元",4000,4999,option,source_bin_spans_multiple_base_bins,source_question,91 無獨立家庭利息投資題。
income,INC_FAM_INTEREST,家庭利息與投資收入,95,95,Q11-3,包含您本人，全家每個月的「利息、股票買賣、跟會標會、各種投資」總,I6,包含您本人，全家每個月的「存款利息、跟會利息、股票利息、各種投資利息」總收入是多少？,2,"5,000-9,999元",5000,9999,6,"5,000-5,999 元",5000,5999,option,source_bin_spans_multiple_base_bins,source_question,91 無獨立家庭利息投資題。
income,INC_FAM_INTEREST,家庭利息與投資收入,95,95,Q11-3,包含您本人，全家每個月的「利息、股票買賣、跟會標會、各種投資」總,I6,包含您本人，全家每個月的「存款利息、跟會利息、股票利息、各種投資利息」總收入是多少？,2,"5,000-9,999元",5000,9999,7,"6,000-7,999 元",6000,7999,option,source_bin_spans_multiple_base_bins,source_question,91 無獨立家庭利息投資題。
income,INC_FAM_INTEREST,家庭利息與投資收入,95,95,Q11-3,包含您本人，全家每個月的「利息、股票買賣、跟會標會、各種投資」總,I6,包含您本人，全家每個月的「存款利息、跟會利息、股票利息、各種投資利息」總收入是多少？,2,"5,000-9,999元",5000,9999,8,"8,000-9,999 元",8000,9999,option,source_bin_spans_multiple_base_bins,source_question,91 無獨立家庭利息投資題。
income,INC_FAM_INTEREST,家庭利息與投資收入,95,95,Q11-3,包含您本人，全家每個月的「利息、股票買賣、跟會標會、各種投資」總,I6,包含您本人，全家每個月的「存款利息、跟會利息、股票利息、各種投資利息」總收入是多少？,3,"10,000-14,999 元",10000,14999,9,"10,000-14,999 元",10000,14999,option,exact_range,source_question,91 無獨立家庭利息投資題。
income,INC_FAM_INTEREST,家庭利息與投資收入,95,95,Q11-3,包含您本人，全家每個月的「利息、股票買賣、跟會標會、各種投資」總,I6,包含您本人，全家每個月的「存款利息、跟會利息、股票利息、各種投資利息」總收入是多少？,4,"15,000-19,999元",15000,19999,10,"15,000-19,999 元",15000,19999,option,exact_range,source_question,91 無獨立家庭利息投資題。
income,INC_FAM_INTEREST,家庭利息與投資收入,95,95,Q11-3,包含您本人，全家每個月的「利息、股票買賣、跟會標會、各種投資」總,I6,包含您本人，全家每個月的「存款利息、跟會利息、股票利息、各種投資利息」總收入是多少？,5,"20,000-24,999 元",20000,24999,11,"20,000-29,999 元",20000,29999,option,source_bin_within_base_bin,source_question,91 無獨立家庭利息投資題。
income,INC_FAM_INTEREST,家庭利息與投資收入,95,95,Q11-3,包含您本人，全家每個月的「利息、股票買賣、跟會標會、各種投資」總,I6,包含您本人，全家每個月的「存款利息、跟會利息、股票利息、各種投資利息」總收入是多少？,6,"25,000-29,999元",25000,29999,11,"20,000-29,999 元",20000,29999,option,source_bin_within_base_bin,source_question,91 無獨立家庭利息投資題。
income,INC_FAM_INTEREST,家庭利息與投資收入,95,95,Q11-3,包含您本人，全家每個月的「利息、股票買賣、跟會標會、各種投資」總,I6,包含您本人，全家每個月的「存款利息、跟會利息、股票利息、各種投資利息」總收入是多少？,7,"30,000-39,999 元",30000,39999,12,"30,000 元及以上，請記錄________元",30000,,option,source_bin_within_base_bin,source_question,91 無獨立家庭利息投資題。
income,INC_FAM_INTEREST,家庭利息與投資收入,95,95,Q11-3,包含您本人，全家每個月的「利息、股票買賣、跟會標會、各種投資」總,I6,包含您本人，全家每個月的「存款利息、跟會利息、股票利息、各種投資利息」總收入是多少？,8,"40,000-49,999元",40000,49999,12,"30,000 元及以上，請記錄________元",30000,,option,source_bin_within_base_bin,source_question,91 無獨立家庭利息投資題。
income,INC_FAM_INTEREST,家庭利息與投資收入,95,95,Q11-3,包含您本人，全家每個月的「利息、股票買賣、跟會標會、各種投資」總,I6,包含您本人，全家每個月的「存款利息、跟會利息、股票利息、各種投資利息」總收入是多少？,9,"50,000-59,999 元",50000,59999,12,"30,000 元及以上，請記錄________元",30000,,option,source_bin_within_base_bin,source_question,91 無獨立家庭利息投資題。
income,INC_FAM_INTEREST,家庭利息與投資收入,95,95,Q11-3,包含您本人，全家每個月的「利息、股票買賣、跟會標會、各種投資」總,I6,包含您本人，全家每個月的「存款利息、跟會利息、股票利息、各種投資利息」總收入是多少？,9,"70,000-79,999 元",70000,79999,12,"30,000 元及以上，請記錄________元",30000,,option,source_bin_within_base_bin,source_question,91 無獨立家庭利息投資題。
income,INC_FAM_INTEREST,家庭利息與投資收入,95,95,Q11-3,包含您本人，全家每個月的「利息、股票買賣、跟會標會、各種投資」總,I6,包含您本人，全家每個月的「存款利息、跟會利息、股票利息、各種投資利息」總收入是多少？,10,"60,000-69,999元 7",60000,69999,12,"30,000 元及以上，請記錄________元",30000,,option,source_bin_within_base_bin,source_question,91 無獨立家庭利息投資題。
income,INC_FAM_INTEREST,家庭利息與投資收入,95,95,Q11-3,包含您本人，全家每個月的「利息、股票買賣、跟會標會、各種投資」總,I6,包含您本人，全家每個月的「存款利息、跟會利息、股票利息、各種投資利息」總收入是多少？,90,"80,000 元及以上，請記錄 元",80000,,12,"30,000 元及以上，請記錄________元",30000,,option,source_bin_within_base_bin,source_question,91 無獨立家庭利息投資題。
income,INC_FAM_INTEREST,家庭利息與投資收入,95,95,Q11-3,包含您本人，全家每個月的「利息、股票買賣、跟會標會、各種投資」總,I6,包含您本人，全家每個月的「存款利息、跟會利息、股票利息、各種投資利息」總收入是多少？,95,沒有這項收入,0,0,13,沒有這項收入,0,0,option,exact_none,source_question,91 無獨立家庭利息投資題。
income,INC_FAM_INTEREST,家庭利息與投資收入,99,99,I4,包含您本人，全家每個月的「利息、股票買賣、跟會標會、各種投資」總收入是多少？【過去,I6,包含您本人，全家每個月的「存款利息、跟會利息、股票利息、各種投資利息」總收入是多少？,1,999 元及以下,0,999,1,999 元及以下,0,999,option,exact_range,source_question,91 無獨立家庭利息投資題。
income,INC_FAM_INTEREST,家庭利息與投資收入,99,99,I4,包含您本人，全家每個月的「利息、股票買賣、跟會標會、各種投資」總收入是多少？【過去,I6,包含您本人，全家每個月的「存款利息、跟會利息、股票利息、各種投資利息」總收入是多少？,2,"1,000-1,999 元",1000,1999,2,"1,000-1,999 元",1000,1999,option,exact_range,source_question,91 無獨立家庭利息投資題。
income,INC_FAM_INTEREST,家庭利息與投資收入,99,99,I4,包含您本人，全家每個月的「利息、股票買賣、跟會標會、各種投資」總收入是多少？【過去,I6,包含您本人，全家每個月的「存款利息、跟會利息、股票利息、各種投資利息」總收入是多少？,3,"2,000-2,999 元",2000,2999,3,"2,000-2,999 元",2000,2999,option,exact_range,source_question,91 無獨立家庭利息投資題。
income,INC_FAM_INTEREST,家庭利息與投資收入,99,99,I4,包含您本人，全家每個月的「利息、股票買賣、跟會標會、各種投資」總收入是多少？【過去,I6,包含您本人，全家每個月的「存款利息、跟會利息、股票利息、各種投資利息」總收入是多少？,4,"3,000-3,999 元",3000,3999,4,"3,000-3,999 元",3000,3999,option,exact_range,source_question,91 無獨立家庭利息投資題。
income,INC_FAM_INTEREST,家庭利息與投資收入,99,99,I4,包含您本人，全家每個月的「利息、股票買賣、跟會標會、各種投資」總收入是多少？【過去,I6,包含您本人，全家每個月的「存款利息、跟會利息、股票利息、各種投資利息」總收入是多少？,5,"4,000-4,999 元",4000,4999,5,"4,000-4,999 元",4000,4999,option,exact_range,source_question,91 無獨立家庭利息投資題。
income,INC_FAM_INTEREST,家庭利息與投資收入,99,99,I4,包含您本人，全家每個月的「利息、股票買賣、跟會標會、各種投資」總收入是多少？【過去,I6,包含您本人，全家每個月的「存款利息、跟會利息、股票利息、各種投資利息」總收入是多少？,6,"5,000-5,999 元",5000,5999,6,"5,000-5,999 元",5000,5999,option,exact_range,source_question,91 無獨立家庭利息投資題。
income,INC_FAM_INTEREST,家庭利息與投資收入,99,99,I4,包含您本人，全家每個月的「利息、股票買賣、跟會標會、各種投資」總收入是多少？【過去,I6,包含您本人，全家每個月的「存款利息、跟會利息、股票利息、各種投資利息」總收入是多少？,7,"6,000-7,999 元",6000,7999,7,"6,000-7,999 元",6000,7999,option,exact_range,source_question,91 無獨立家庭利息投資題。
income,INC_FAM_INTEREST,家庭利息與投資收入,99,99,I4,包含您本人，全家每個月的「利息、股票買賣、跟會標會、各種投資」總收入是多少？【過去,I6,包含您本人，全家每個月的「存款利息、跟會利息、股票利息、各種投資利息」總收入是多少？,8,"8,000-9,999 元",8000,9999,8,"8,000-9,999 元",8000,9999,option,exact_range,source_question,91 無獨立家庭利息投資題。
income,INC_FAM_INTEREST,家庭利息與投資收入,99,99,I4,包含您本人，全家每個月的「利息、股票買賣、跟會標會、各種投資」總收入是多少？【過去,I6,包含您本人，全家每個月的「存款利息、跟會利息、股票利息、各種投資利息」總收入是多少？,9,"10,000-14,999 元",10000,14999,9,"10,000-14,999 元",10000,14999,option,exact_range,source_question,91 無獨立家庭利息投資題。
income,INC_FAM_INTEREST,家庭利息與投資收入,99,99,I4,包含您本人，全家每個月的「利息、股票買賣、跟會標會、各種投資」總收入是多少？【過去,I6,包含您本人，全家每個月的「存款利息、跟會利息、股票利息、各種投資利息」總收入是多少？,10,"15,000-19,999 元",15000,19999,10,"15,000-19,999 元",15000,19999,option,exact_range,source_question,91 無獨立家庭利息投資題。
income,INC_FAM_INTEREST,家庭利息與投資收入,99,99,I4,包含您本人，全家每個月的「利息、股票買賣、跟會標會、各種投資」總收入是多少？【過去,I6,包含您本人，全家每個月的「存款利息、跟會利息、股票利息、各種投資利息」總收入是多少？,11,"20,000-29,999 元",20000,29999,11,"20,000-29,999 元",20000,29999,option,exact_range,source_question,91 無獨立家庭利息投資題。
income,INC_FAM_INTEREST,家庭利息與投資收入,99,99,I4,包含您本人，全家每個月的「利息、股票買賣、跟會標會、各種投資」總收入是多少？【過去,I6,包含您本人，全家每個月的「存款利息、跟會利息、股票利息、各種投資利息」總收入是多少？,12,"30,000 元及以上，請記錄 元",30000,,12,"30,000 元及以上，請記錄________元",30000,,option,exact_open_upper,source_question,91 無獨立家庭利息投資題。
income,INC_FAM_INTEREST,家庭利息與投資收入,99,99,I4,包含您本人，全家每個月的「利息、股票買賣、跟會標會、各種投資」總收入是多少？【過去,I6,包含您本人，全家每個月的「存款利息、跟會利息、股票利息、各種投資利息」總收入是多少？,13,沒有這項收入,0,0,13,沒有這項收入,0,0,option,exact_none,source_question,91 無獨立家庭利息投資題。
income,INC_FAM_INTEREST,家庭利息與投資收入,103,103,I6,包含您本人，全家每個月的「存款利息、跟會利息、股票利息、各種投資利息」總收入是多少？,I6,包含您本人，全家每個月的「存款利息、跟會利息、股票利息、各種投資利息」總收入是多少？,1,999 元及以下,0,999,1,999 元及以下,0,999,option,exact_range,source_question,91 無獨立家庭利息投資題。
income,INC_FAM_INTEREST,家庭利息與投資收入,103,103,I6,包含您本人，全家每個月的「存款利息、跟會利息、股票利息、各種投資利息」總收入是多少？,I6,包含您本人，全家每個月的「存款利息、跟會利息、股票利息、各種投資利息」總收入是多少？,2,"1,000-1,999 元",1000,1999,2,"1,000-1,999 元",1000,1999,option,exact_range,source_question,91 無獨立家庭利息投資題。
income,INC_FAM_INTEREST,家庭利息與投資收入,103,103,I6,包含您本人，全家每個月的「存款利息、跟會利息、股票利息、各種投資利息」總收入是多少？,I6,包含您本人，全家每個月的「存款利息、跟會利息、股票利息、各種投資利息」總收入是多少？,3,"2,000-2,999 元",2000,2999,3,"2,000-2,999 元",2000,2999,option,exact_range,source_question,91 無獨立家庭利息投資題。
income,INC_FAM_INTEREST,家庭利息與投資收入,103,103,I6,包含您本人，全家每個月的「存款利息、跟會利息、股票利息、各種投資利息」總收入是多少？,I6,包含您本人，全家每個月的「存款利息、跟會利息、股票利息、各種投資利息」總收入是多少？,4,"3,000-3,999 元",3000,3999,4,"3,000-3,999 元",3000,3999,option,exact_range,source_question,91 無獨立家庭利息投資題。
income,INC_FAM_INTEREST,家庭利息與投資收入,103,103,I6,包含您本人，全家每個月的「存款利息、跟會利息、股票利息、各種投資利息」總收入是多少？,I6,包含您本人，全家每個月的「存款利息、跟會利息、股票利息、各種投資利息」總收入是多少？,5,"4,000-4,999 元",4000,4999,5,"4,000-4,999 元",4000,4999,option,exact_range,source_question,91 無獨立家庭利息投資題。
income,INC_FAM_INTEREST,家庭利息與投資收入,103,103,I6,包含您本人，全家每個月的「存款利息、跟會利息、股票利息、各種投資利息」總收入是多少？,I6,包含您本人，全家每個月的「存款利息、跟會利息、股票利息、各種投資利息」總收入是多少？,6,"5,000-5,999 元",5000,5999,6,"5,000-5,999 元",5000,5999,option,exact_range,source_question,91 無獨立家庭利息投資題。
income,INC_FAM_INTEREST,家庭利息與投資收入,103,103,I6,包含您本人，全家每個月的「存款利息、跟會利息、股票利息、各種投資利息」總收入是多少？,I6,包含您本人，全家每個月的「存款利息、跟會利息、股票利息、各種投資利息」總收入是多少？,7,"6,000-7,999 元",6000,7999,7,"6,000-7,999 元",6000,7999,option,exact_range,source_question,91 無獨立家庭利息投資題。
income,INC_FAM_INTEREST,家庭利息與投資收入,103,103,I6,包含您本人，全家每個月的「存款利息、跟會利息、股票利息、各種投資利息」總收入是多少？,I6,包含您本人，全家每個月的「存款利息、跟會利息、股票利息、各種投資利息」總收入是多少？,8,"8,000-9,999 元",8000,9999,8,"8,000-9,999 元",8000,9999,option,exact_range,source_question,91 無獨立家庭利息投資題。
income,INC_FAM_INTEREST,家庭利息與投資收入,103,103,I6,包含您本人，全家每個月的「存款利息、跟會利息、股票利息、各種投資利息」總收入是多少？,I6,包含您本人，全家每個月的「存款利息、跟會利息、股票利息、各種投資利息」總收入是多少？,9,"10,000-14,999 元",10000,14999,9,"10,000-14,999 元",10000,14999,option,exact_range,source_question,91 無獨立家庭利息投資題。
income,INC_FAM_INTEREST,家庭利息與投資收入,103,103,I6,包含您本人，全家每個月的「存款利息、跟會利息、股票利息、各種投資利息」總收入是多少？,I6,包含您本人，全家每個月的「存款利息、跟會利息、股票利息、各種投資利息」總收入是多少？,10,"15,000-19,999 元",15000,19999,10,"15,000-19,999 元",15000,19999,option,exact_range,source_question,91 無獨立家庭利息投資題。
income,INC_FAM_INTEREST,家庭利息與投資收入,103,103,I6,包含您本人，全家每個月的「存款利息、跟會利息、股票利息、各種投資利息」總收入是多少？,I6,包含您本人，全家每個月的「存款利息、跟會利息、股票利息、各種投資利息」總收入是多少？,11,"20,000-29,999 元",20000,29999,11,"20,000-29,999 元",20000,29999,option,exact_range,source_question,91 無獨立家庭利息投資題。
income,INC_FAM_INTEREST,家庭利息與投資收入,103,103,I6,包含您本人，全家每個月的「存款利息、跟會利息、股票利息、各種投資利息」總收入是多少？,I6,包含您本人，全家每個月的「存款利息、跟會利息、股票利息、各種投資利息」總收入是多少？,12,"30,000 元及以上，請記錄________元",30000,,12,"30,000 元及以上，請記錄________元",30000,,option,exact_open_upper,source_question,91 無獨立家庭利息投資題。
income,INC_FAM_INTEREST,家庭利息與投資收入,103,103,I6,包含您本人，全家每個月的「存款利息、跟會利息、股票利息、各種投資利息」總收入是多少？,I6,包含您本人，全家每個月的「存款利息、跟會利息、股票利息、各種投資利息」總收入是多少？,13,沒有這項收入,0,0,13,沒有這項收入,0,0,option,exact_none,source_question,91 無獨立家庭利息投資題。
income,INC_FAM_INTEREST,家庭利息與投資收入,106,106,L6,包含經濟戶長本人，全家每個月的「存款利息、跟會利息、股票利息、各種投資利息」總收入是,I6,包含您本人，全家每個月的「存款利息、跟會利息、股票利息、各種投資利息」總收入是多少？,1,"未滿1,000元",0,999,1,999 元及以下,0,999,option,exact_range,source_question,91 無獨立家庭利息投資題。
income,INC_FAM_INTEREST,家庭利息與投資收入,106,106,L6,包含經濟戶長本人，全家每個月的「存款利息、跟會利息、股票利息、各種投資利息」總收入是,I6,包含您本人，全家每個月的「存款利息、跟會利息、股票利息、各種投資利息」總收入是多少？,2,"1,000 元-未滿2,000元",1000,1999,2,"1,000-1,999 元",1000,1999,option,exact_range,source_question,91 無獨立家庭利息投資題。
income,INC_FAM_INTEREST,家庭利息與投資收入,106,106,L6,包含經濟戶長本人，全家每個月的「存款利息、跟會利息、股票利息、各種投資利息」總收入是,I6,包含您本人，全家每個月的「存款利息、跟會利息、股票利息、各種投資利息」總收入是多少？,3,"2,000 元-未滿3,000元",2000,2999,3,"2,000-2,999 元",2000,2999,option,exact_range,source_question,91 無獨立家庭利息投資題。
income,INC_FAM_INTEREST,家庭利息與投資收入,106,106,L6,包含經濟戶長本人，全家每個月的「存款利息、跟會利息、股票利息、各種投資利息」總收入是,I6,包含您本人，全家每個月的「存款利息、跟會利息、股票利息、各種投資利息」總收入是多少？,4,"3,000 元-未滿4,000元",3000,3999,4,"3,000-3,999 元",3000,3999,option,exact_range,source_question,91 無獨立家庭利息投資題。
income,INC_FAM_INTEREST,家庭利息與投資收入,106,106,L6,包含經濟戶長本人，全家每個月的「存款利息、跟會利息、股票利息、各種投資利息」總收入是,I6,包含您本人，全家每個月的「存款利息、跟會利息、股票利息、各種投資利息」總收入是多少？,5,"4,000 元-未滿5,000元",4000,4999,5,"4,000-4,999 元",4000,4999,option,exact_range,source_question,91 無獨立家庭利息投資題。
income,INC_FAM_INTEREST,家庭利息與投資收入,106,106,L6,包含經濟戶長本人，全家每個月的「存款利息、跟會利息、股票利息、各種投資利息」總收入是,I6,包含您本人，全家每個月的「存款利息、跟會利息、股票利息、各種投資利息」總收入是多少？,6,"5,000 元-未滿6,000元",5000,5999,6,"5,000-5,999 元",5000,5999,option,exact_range,source_question,91 無獨立家庭利息投資題。
income,INC_FAM_INTEREST,家庭利息與投資收入,106,106,L6,包含經濟戶長本人，全家每個月的「存款利息、跟會利息、股票利息、各種投資利息」總收入是,I6,包含您本人，全家每個月的「存款利息、跟會利息、股票利息、各種投資利息」總收入是多少？,7,"6,000 元-未滿8,000元",6000,7999,7,"6,000-7,999 元",6000,7999,option,exact_range,source_question,91 無獨立家庭利息投資題。
income,INC_FAM_INTEREST,家庭利息與投資收入,106,106,L6,包含經濟戶長本人，全家每個月的「存款利息、跟會利息、股票利息、各種投資利息」總收入是,I6,包含您本人，全家每個月的「存款利息、跟會利息、股票利息、各種投資利息」總收入是多少？,8,"8,000 元-未滿10,000元",8000,9999,8,"8,000-9,999 元",8000,9999,option,exact_range,source_question,91 無獨立家庭利息投資題。
income,INC_FAM_INTEREST,家庭利息與投資收入,106,106,L6,包含經濟戶長本人，全家每個月的「存款利息、跟會利息、股票利息、各種投資利息」總收入是,I6,包含您本人，全家每個月的「存款利息、跟會利息、股票利息、各種投資利息」總收入是多少？,9,"10,000元-未滿15,000元",10000,14999,9,"10,000-14,999 元",10000,14999,option,exact_range,source_question,91 無獨立家庭利息投資題。
income,INC_FAM_INTEREST,家庭利息與投資收入,106,106,L6,包含經濟戶長本人，全家每個月的「存款利息、跟會利息、股票利息、各種投資利息」總收入是,I6,包含您本人，全家每個月的「存款利息、跟會利息、股票利息、各種投資利息」總收入是多少？,10,"15,000元-未滿20,000元",15000,19999,10,"15,000-19,999 元",15000,19999,option,exact_range,source_question,91 無獨立家庭利息投資題。
income,INC_FAM_INTEREST,家庭利息與投資收入,106,106,L6,包含經濟戶長本人，全家每個月的「存款利息、跟會利息、股票利息、各種投資利息」總收入是,I6,包含您本人，全家每個月的「存款利息、跟會利息、股票利息、各種投資利息」總收入是多少？,11,"20,000元-未滿30,000元",20000,29999,11,"20,000-29,999 元",20000,29999,option,exact_range,source_question,91 無獨立家庭利息投資題。
income,INC_FAM_INTEREST,家庭利息與投資收入,106,106,L6,包含經濟戶長本人，全家每個月的「存款利息、跟會利息、股票利息、各種投資利息」總收入是,I6,包含您本人，全家每個月的「存款利息、跟會利息、股票利息、各種投資利息」總收入是多少？,12,"30,000元以上，請記錄________元",30000,,12,"30,000 元及以上，請記錄________元",30000,,option,exact_open_upper,source_question,91 無獨立家庭利息投資題。
income,INC_FAM_INTEREST,家庭利息與投資收入,106,106,L6,包含經濟戶長本人，全家每個月的「存款利息、跟會利息、股票利息、各種投資利息」總收入是,I6,包含您本人，全家每個月的「存款利息、跟會利息、股票利息、各種投資利息」總收入是多少？,13,沒有這項收入,0,0,13,沒有這項收入,0,0,option,exact_none,source_question,91 無獨立家庭利息投資題。
income,INC_FAM_INTEREST,家庭利息與投資收入,110,110,G6,包含經濟戶長本人，全家每個月的「存款利息、跟會利息、股票利息、各種投資利息」總收入是,I6,包含您本人，全家每個月的「存款利息、跟會利息、股票利息、各種投資利息」總收入是多少？,1,"未滿1,000元",0,999,1,999 元及以下,0,999,option,exact_range,source_question,91 無獨立家庭利息投資題。
income,INC_FAM_INTEREST,家庭利息與投資收入,110,110,G6,包含經濟戶長本人，全家每個月的「存款利息、跟會利息、股票利息、各種投資利息」總收入是,I6,包含您本人，全家每個月的「存款利息、跟會利息、股票利息、各種投資利息」總收入是多少？,2,"1,000 元-未滿2,000元",1000,1999,2,"1,000-1,999 元",1000,1999,option,exact_range,source_question,91 無獨立家庭利息投資題。
income,INC_FAM_INTEREST,家庭利息與投資收入,110,110,G6,包含經濟戶長本人，全家每個月的「存款利息、跟會利息、股票利息、各種投資利息」總收入是,I6,包含您本人，全家每個月的「存款利息、跟會利息、股票利息、各種投資利息」總收入是多少？,3,"2,000 元-未滿3,000元",2000,2999,3,"2,000-2,999 元",2000,2999,option,exact_range,source_question,91 無獨立家庭利息投資題。
income,INC_FAM_INTEREST,家庭利息與投資收入,110,110,G6,包含經濟戶長本人，全家每個月的「存款利息、跟會利息、股票利息、各種投資利息」總收入是,I6,包含您本人，全家每個月的「存款利息、跟會利息、股票利息、各種投資利息」總收入是多少？,4,"3,000 元-未滿4,000元",3000,3999,4,"3,000-3,999 元",3000,3999,option,exact_range,source_question,91 無獨立家庭利息投資題。
income,INC_FAM_INTEREST,家庭利息與投資收入,110,110,G6,包含經濟戶長本人，全家每個月的「存款利息、跟會利息、股票利息、各種投資利息」總收入是,I6,包含您本人，全家每個月的「存款利息、跟會利息、股票利息、各種投資利息」總收入是多少？,5,"4,000 元-未滿5,000元",4000,4999,5,"4,000-4,999 元",4000,4999,option,exact_range,source_question,91 無獨立家庭利息投資題。
income,INC_FAM_INTEREST,家庭利息與投資收入,110,110,G6,包含經濟戶長本人，全家每個月的「存款利息、跟會利息、股票利息、各種投資利息」總收入是,I6,包含您本人，全家每個月的「存款利息、跟會利息、股票利息、各種投資利息」總收入是多少？,6,"5,000 元-未滿6,000元",5000,5999,6,"5,000-5,999 元",5000,5999,option,exact_range,source_question,91 無獨立家庭利息投資題。
income,INC_FAM_INTEREST,家庭利息與投資收入,110,110,G6,包含經濟戶長本人，全家每個月的「存款利息、跟會利息、股票利息、各種投資利息」總收入是,I6,包含您本人，全家每個月的「存款利息、跟會利息、股票利息、各種投資利息」總收入是多少？,7,"6,000 元-未滿8,000元",6000,7999,7,"6,000-7,999 元",6000,7999,option,exact_range,source_question,91 無獨立家庭利息投資題。
income,INC_FAM_INTEREST,家庭利息與投資收入,110,110,G6,包含經濟戶長本人，全家每個月的「存款利息、跟會利息、股票利息、各種投資利息」總收入是,I6,包含您本人，全家每個月的「存款利息、跟會利息、股票利息、各種投資利息」總收入是多少？,8,"8,000 元-未滿10,000元",8000,9999,8,"8,000-9,999 元",8000,9999,option,exact_range,source_question,91 無獨立家庭利息投資題。
income,INC_FAM_INTEREST,家庭利息與投資收入,110,110,G6,包含經濟戶長本人，全家每個月的「存款利息、跟會利息、股票利息、各種投資利息」總收入是,I6,包含您本人，全家每個月的「存款利息、跟會利息、股票利息、各種投資利息」總收入是多少？,9,"10,000元-未滿15,000元",10000,14999,9,"10,000-14,999 元",10000,14999,option,exact_range,source_question,91 無獨立家庭利息投資題。
income,INC_FAM_INTEREST,家庭利息與投資收入,110,110,G6,包含經濟戶長本人，全家每個月的「存款利息、跟會利息、股票利息、各種投資利息」總收入是,I6,包含您本人，全家每個月的「存款利息、跟會利息、股票利息、各種投資利息」總收入是多少？,10,"15,000元-未滿20,000元",15000,19999,10,"15,000-19,999 元",15000,19999,option,exact_range,source_question,91 無獨立家庭利息投資題。
income,INC_FAM_INTEREST,家庭利息與投資收入,110,110,G6,包含經濟戶長本人，全家每個月的「存款利息、跟會利息、股票利息、各種投資利息」總收入是,I6,包含您本人，全家每個月的「存款利息、跟會利息、股票利息、各種投資利息」總收入是多少？,11,"20,000元-未滿30,000元",20000,29999,11,"20,000-29,999 元",20000,29999,option,exact_range,source_question,91 無獨立家庭利息投資題。
income,INC_FAM_INTEREST,家庭利息與投資收入,110,110,G6,包含經濟戶長本人，全家每個月的「存款利息、跟會利息、股票利息、各種投資利息」總收入是,I6,包含您本人，全家每個月的「存款利息、跟會利息、股票利息、各種投資利息」總收入是多少？,12,"30,000元以上，請記錄________元",30000,,12,"30,000 元及以上，請記錄________元",30000,,option,exact_open_upper,source_question,91 無獨立家庭利息投資題。
income,INC_FAM_INTEREST,家庭利息與投資收入,110,110,G6,包含經濟戶長本人，全家每個月的「存款利息、跟會利息、股票利息、各種投資利息」總收入是,I6,包含您本人，全家每個月的「存款利息、跟會利息、股票利息、各種投資利息」總收入是多少？,13,沒有這項收入,0,0,13,沒有這項收入,0,0,option,exact_none,source_question,91 無獨立家庭利息投資題。
income,INC_FAM_RENT,家庭房屋土地租金收入,91,91_1,,,I7,包含您本人，全家每個月的「房屋、土地出租租金」收入總共是多少？【過去ㄧ年平均每個月的,,,,,,,,,option,not_available_in_source_dataset,source_question,以 103 年 I7 為基準。
income,INC_FAM_RENT,家庭房屋土地租金收入,91,91_2,,,I7,包含您本人，全家每個月的「房屋、土地出租租金」收入總共是多少？【過去ㄧ年平均每個月的,,,,,,,,,option,not_available_in_source_dataset,source_question,以 103 年 I7 為基準。
income,INC_FAM_RENT,家庭房屋土地租金收入,95,95,Q11-4,包含您本人，全家每個月的「房屋、土地出租租金」收入總共是多少？【過,I7,包含您本人，全家每個月的「房屋、土地出租租金」收入總共是多少？【過去ㄧ年平均每個月的,1,"4,999元及以下",0,4999,1,"4,999 元及以下",0,4999,option,exact_range,source_question,以 103 年 I7 為基準。
income,INC_FAM_RENT,家庭房屋土地租金收入,95,95,Q11-4,包含您本人，全家每個月的「房屋、土地出租租金」收入總共是多少？【過,I7,包含您本人，全家每個月的「房屋、土地出租租金」收入總共是多少？【過去ㄧ年平均每個月的,2,"5,000-9,999元",5000,9999,2,"5,000-9,999 元",5000,9999,option,exact_range,source_question,以 103 年 I7 為基準。
income,INC_FAM_RENT,家庭房屋土地租金收入,95,95,Q11-4,包含您本人，全家每個月的「房屋、土地出租租金」收入總共是多少？【過,I7,包含您本人，全家每個月的「房屋、土地出租租金」收入總共是多少？【過去ㄧ年平均每個月的,3,"10,000-14,999 元",10000,14999,3,"10,000-14,999 元",10000,14999,option,exact_range,source_question,以 103 年 I7 為基準。
income,INC_FAM_RENT,家庭房屋土地租金收入,95,95,Q11-4,包含您本人，全家每個月的「房屋、土地出租租金」收入總共是多少？【過,I7,包含您本人，全家每個月的「房屋、土地出租租金」收入總共是多少？【過去ㄧ年平均每個月的,4,"15,000-19,999元",15000,19999,4,"15,000-19,999 元",15000,19999,option,exact_range,source_question,以 103 年 I7 為基準。
income,INC_FAM_RENT,家庭房屋土地租金收入,95,95,Q11-4,包含您本人，全家每個月的「房屋、土地出租租金」收入總共是多少？【過,I7,包含您本人，全家每個月的「房屋、土地出租租金」收入總共是多少？【過去ㄧ年平均每個月的,5,"20,000-24,999 元",20000,24999,5,"20,000-24,999 元",20000,24999,option,exact_range,source_question,以 103 年 I7 為基準。
income,INC_FAM_RENT,家庭房屋土地租金收入,95,95,Q11-4,包含您本人，全家每個月的「房屋、土地出租租金」收入總共是多少？【過,I7,包含您本人，全家每個月的「房屋、土地出租租金」收入總共是多少？【過去ㄧ年平均每個月的,6,"25,000-29,999元",25000,29999,6,"25,000-29,999 元",25000,29999,option,exact_range,source_question,以 103 年 I7 為基準。
income,INC_FAM_RENT,家庭房屋土地租金收入,95,95,Q11-4,包含您本人，全家每個月的「房屋、土地出租租金」收入總共是多少？【過,I7,包含您本人，全家每個月的「房屋、土地出租租金」收入總共是多少？【過去ㄧ年平均每個月的,7,"30,000-39,999 元",30000,39999,7,"30,000-39,999 元",30000,39999,option,exact_range,source_question,以 103 年 I7 為基準。
income,INC_FAM_RENT,家庭房屋土地租金收入,95,95,Q11-4,包含您本人，全家每個月的「房屋、土地出租租金」收入總共是多少？【過,I7,包含您本人，全家每個月的「房屋、土地出租租金」收入總共是多少？【過去ㄧ年平均每個月的,8,"40,000-49,999元",40000,49999,8,"40,000-49,999 元",40000,49999,option,exact_range,source_question,以 103 年 I7 為基準。
income,INC_FAM_RENT,家庭房屋土地租金收入,95,95,Q11-4,包含您本人，全家每個月的「房屋、土地出租租金」收入總共是多少？【過,I7,包含您本人，全家每個月的「房屋、土地出租租金」收入總共是多少？【過去ㄧ年平均每個月的,9,"50,000-59,999 元",50000,59999,9,"50,000-59,999 元",50000,59999,option,exact_range,source_question,以 103 年 I7 為基準。
income,INC_FAM_RENT,家庭房屋土地租金收入,95,95,Q11-4,包含您本人，全家每個月的「房屋、土地出租租金」收入總共是多少？【過,I7,包含您本人，全家每個月的「房屋、土地出租租金」收入總共是多少？【過去ㄧ年平均每個月的,9,"70,000-79,999 元",70000,79999,11,"70,000-79,999 元",70000,79999,option,exact_range,source_question,以 103 年 I7 為基準。
income,INC_FAM_RENT,家庭房屋土地租金收入,95,95,Q11-4,包含您本人，全家每個月的「房屋、土地出租租金」收入總共是多少？【過,I7,包含您本人，全家每個月的「房屋、土地出租租金」收入總共是多少？【過去ㄧ年平均每個月的,10,"60,000-69,999元",60000,69999,10,"60,000-69,999 元",60000,69999,option,exact_range,source_question,以 103 年 I7 為基準。
income,INC_FAM_RENT,家庭房屋土地租金收入,95,95,Q11-4,包含您本人，全家每個月的「房屋、土地出租租金」收入總共是多少？【過,I7,包含您本人，全家每個月的「房屋、土地出租租金」收入總共是多少？【過去ㄧ年平均每個月的,90,"80,000 元及以上，請記錄 元",80000,,12,"80,000 元及以上，請記錄_________________元",80000,,option,exact_open_upper,source_question,以 103 年 I7 為基準。
income,INC_FAM_RENT,家庭房屋土地租金收入,95,95,Q11-4,包含您本人，全家每個月的「房屋、土地出租租金」收入總共是多少？【過,I7,包含您本人，全家每個月的「房屋、土地出租租金」收入總共是多少？【過去ㄧ年平均每個月的,95,沒有這項收入,0,0,13,沒有這項收入,0,0,option,exact_none,source_question,以 103 年 I7 為基準。
income,INC_FAM_RENT,家庭房屋土地租金收入,99,99,I5,包含您本人，全家每個月的「房屋、土地出租租金」收入總共是多少？【過去ㄧ年帄均每個月,I7,包含您本人，全家每個月的「房屋、土地出租租金」收入總共是多少？【過去ㄧ年平均每個月的,1,"4,999 元及以下",0,4999,1,"4,999 元及以下",0,4999,option,exact_range,source_question,以 103 年 I7 為基準。
income,INC_FAM_RENT,家庭房屋土地租金收入,99,99,I5,包含您本人，全家每個月的「房屋、土地出租租金」收入總共是多少？【過去ㄧ年帄均每個月,I7,包含您本人，全家每個月的「房屋、土地出租租金」收入總共是多少？【過去ㄧ年平均每個月的,2,"5,000-9,999 元",5000,9999,2,"5,000-9,999 元",5000,9999,option,exact_range,source_question,以 103 年 I7 為基準。
income,INC_FAM_RENT,家庭房屋土地租金收入,99,99,I5,包含您本人，全家每個月的「房屋、土地出租租金」收入總共是多少？【過去ㄧ年帄均每個月,I7,包含您本人，全家每個月的「房屋、土地出租租金」收入總共是多少？【過去ㄧ年平均每個月的,3,"10,000-14,999 元",10000,14999,3,"10,000-14,999 元",10000,14999,option,exact_range,source_question,以 103 年 I7 為基準。
income,INC_FAM_RENT,家庭房屋土地租金收入,99,99,I5,包含您本人，全家每個月的「房屋、土地出租租金」收入總共是多少？【過去ㄧ年帄均每個月,I7,包含您本人，全家每個月的「房屋、土地出租租金」收入總共是多少？【過去ㄧ年平均每個月的,4,"15,000-19,999 元",15000,19999,4,"15,000-19,999 元",15000,19999,option,exact_range,source_question,以 103 年 I7 為基準。
income,INC_FAM_RENT,家庭房屋土地租金收入,99,99,I5,包含您本人，全家每個月的「房屋、土地出租租金」收入總共是多少？【過去ㄧ年帄均每個月,I7,包含您本人，全家每個月的「房屋、土地出租租金」收入總共是多少？【過去ㄧ年平均每個月的,5,"20,000-24,999 元",20000,24999,5,"20,000-24,999 元",20000,24999,option,exact_range,source_question,以 103 年 I7 為基準。
income,INC_FAM_RENT,家庭房屋土地租金收入,99,99,I5,包含您本人，全家每個月的「房屋、土地出租租金」收入總共是多少？【過去ㄧ年帄均每個月,I7,包含您本人，全家每個月的「房屋、土地出租租金」收入總共是多少？【過去ㄧ年平均每個月的,6,"25,000-29,999 元",25000,29999,6,"25,000-29,999 元",25000,29999,option,exact_range,source_question,以 103 年 I7 為基準。
income,INC_FAM_RENT,家庭房屋土地租金收入,99,99,I5,包含您本人，全家每個月的「房屋、土地出租租金」收入總共是多少？【過去ㄧ年帄均每個月,I7,包含您本人，全家每個月的「房屋、土地出租租金」收入總共是多少？【過去ㄧ年平均每個月的,7,"30,000-39,999 元",30000,39999,7,"30,000-39,999 元",30000,39999,option,exact_range,source_question,以 103 年 I7 為基準。
income,INC_FAM_RENT,家庭房屋土地租金收入,99,99,I5,包含您本人，全家每個月的「房屋、土地出租租金」收入總共是多少？【過去ㄧ年帄均每個月,I7,包含您本人，全家每個月的「房屋、土地出租租金」收入總共是多少？【過去ㄧ年平均每個月的,8,"40,000-49,999 元",40000,49999,8,"40,000-49,999 元",40000,49999,option,exact_range,source_question,以 103 年 I7 為基準。
income,INC_FAM_RENT,家庭房屋土地租金收入,99,99,I5,包含您本人，全家每個月的「房屋、土地出租租金」收入總共是多少？【過去ㄧ年帄均每個月,I7,包含您本人，全家每個月的「房屋、土地出租租金」收入總共是多少？【過去ㄧ年平均每個月的,9,"50,000-59,999 元",50000,59999,9,"50,000-59,999 元",50000,59999,option,exact_range,source_question,以 103 年 I7 為基準。
income,INC_FAM_RENT,家庭房屋土地租金收入,99,99,I5,包含您本人，全家每個月的「房屋、土地出租租金」收入總共是多少？【過去ㄧ年帄均每個月,I7,包含您本人，全家每個月的「房屋、土地出租租金」收入總共是多少？【過去ㄧ年平均每個月的,10,"60,000-69,999 元",60000,69999,10,"60,000-69,999 元",60000,69999,option,exact_range,source_question,以 103 年 I7 為基準。
income,INC_FAM_RENT,家庭房屋土地租金收入,99,99,I5,包含您本人，全家每個月的「房屋、土地出租租金」收入總共是多少？【過去ㄧ年帄均每個月,I7,包含您本人，全家每個月的「房屋、土地出租租金」收入總共是多少？【過去ㄧ年平均每個月的,11,"70,000-79,999 元",70000,79999,11,"70,000-79,999 元",70000,79999,option,exact_range,source_question,以 103 年 I7 為基準。
income,INC_FAM_RENT,家庭房屋土地租金收入,99,99,I5,包含您本人，全家每個月的「房屋、土地出租租金」收入總共是多少？【過去ㄧ年帄均每個月,I7,包含您本人，全家每個月的「房屋、土地出租租金」收入總共是多少？【過去ㄧ年平均每個月的,12,"80,000 元及以上，請記錄 元",80000,,12,"80,000 元及以上，請記錄_________________元",80000,,option,exact_open_upper,source_question,以 103 年 I7 為基準。
income,INC_FAM_RENT,家庭房屋土地租金收入,99,99,I5,包含您本人，全家每個月的「房屋、土地出租租金」收入總共是多少？【過去ㄧ年帄均每個月,I7,包含您本人，全家每個月的「房屋、土地出租租金」收入總共是多少？【過去ㄧ年平均每個月的,13,沒有這項收入,0,0,13,沒有這項收入,0,0,option,exact_none,source_question,以 103 年 I7 為基準。
income,INC_FAM_RENT,家庭房屋土地租金收入,103,103,I7,包含您本人，全家每個月的「房屋、土地出租租金」收入總共是多少？【過去ㄧ年平均每個月的,I7,包含您本人，全家每個月的「房屋、土地出租租金」收入總共是多少？【過去ㄧ年平均每個月的,1,"4,999 元及以下",0,4999,1,"4,999 元及以下",0,4999,option,exact_range,source_question,以 103 年 I7 為基準。
income,INC_FAM_RENT,家庭房屋土地租金收入,103,103,I7,包含您本人，全家每個月的「房屋、土地出租租金」收入總共是多少？【過去ㄧ年平均每個月的,I7,包含您本人，全家每個月的「房屋、土地出租租金」收入總共是多少？【過去ㄧ年平均每個月的,2,"5,000-9,999 元",5000,9999,2,"5,000-9,999 元",5000,9999,option,exact_range,source_question,以 103 年 I7 為基準。
income,INC_FAM_RENT,家庭房屋土地租金收入,103,103,I7,包含您本人，全家每個月的「房屋、土地出租租金」收入總共是多少？【過去ㄧ年平均每個月的,I7,包含您本人，全家每個月的「房屋、土地出租租金」收入總共是多少？【過去ㄧ年平均每個月的,3,"10,000-14,999 元",10000,14999,3,"10,000-14,999 元",10000,14999,option,exact_range,source_question,以 103 年 I7 為基準。
income,INC_FAM_RENT,家庭房屋土地租金收入,103,103,I7,包含您本人，全家每個月的「房屋、土地出租租金」收入總共是多少？【過去ㄧ年平均每個月的,I7,包含您本人，全家每個月的「房屋、土地出租租金」收入總共是多少？【過去ㄧ年平均每個月的,4,"15,000-19,999 元",15000,19999,4,"15,000-19,999 元",15000,19999,option,exact_range,source_question,以 103 年 I7 為基準。
income,INC_FAM_RENT,家庭房屋土地租金收入,103,103,I7,包含您本人，全家每個月的「房屋、土地出租租金」收入總共是多少？【過去ㄧ年平均每個月的,I7,包含您本人，全家每個月的「房屋、土地出租租金」收入總共是多少？【過去ㄧ年平均每個月的,5,"20,000-24,999 元",20000,24999,5,"20,000-24,999 元",20000,24999,option,exact_range,source_question,以 103 年 I7 為基準。
income,INC_FAM_RENT,家庭房屋土地租金收入,103,103,I7,包含您本人，全家每個月的「房屋、土地出租租金」收入總共是多少？【過去ㄧ年平均每個月的,I7,包含您本人，全家每個月的「房屋、土地出租租金」收入總共是多少？【過去ㄧ年平均每個月的,6,"25,000-29,999 元",25000,29999,6,"25,000-29,999 元",25000,29999,option,exact_range,source_question,以 103 年 I7 為基準。
income,INC_FAM_RENT,家庭房屋土地租金收入,103,103,I7,包含您本人，全家每個月的「房屋、土地出租租金」收入總共是多少？【過去ㄧ年平均每個月的,I7,包含您本人，全家每個月的「房屋、土地出租租金」收入總共是多少？【過去ㄧ年平均每個月的,7,"30,000-39,999 元",30000,39999,7,"30,000-39,999 元",30000,39999,option,exact_range,source_question,以 103 年 I7 為基準。
income,INC_FAM_RENT,家庭房屋土地租金收入,103,103,I7,包含您本人，全家每個月的「房屋、土地出租租金」收入總共是多少？【過去ㄧ年平均每個月的,I7,包含您本人，全家每個月的「房屋、土地出租租金」收入總共是多少？【過去ㄧ年平均每個月的,8,"40,000-49,999 元",40000,49999,8,"40,000-49,999 元",40000,49999,option,exact_range,source_question,以 103 年 I7 為基準。
income,INC_FAM_RENT,家庭房屋土地租金收入,103,103,I7,包含您本人，全家每個月的「房屋、土地出租租金」收入總共是多少？【過去ㄧ年平均每個月的,I7,包含您本人，全家每個月的「房屋、土地出租租金」收入總共是多少？【過去ㄧ年平均每個月的,9,"50,000-59,999 元",50000,59999,9,"50,000-59,999 元",50000,59999,option,exact_range,source_question,以 103 年 I7 為基準。
income,INC_FAM_RENT,家庭房屋土地租金收入,103,103,I7,包含您本人，全家每個月的「房屋、土地出租租金」收入總共是多少？【過去ㄧ年平均每個月的,I7,包含您本人，全家每個月的「房屋、土地出租租金」收入總共是多少？【過去ㄧ年平均每個月的,10,"60,000-69,999 元",60000,69999,10,"60,000-69,999 元",60000,69999,option,exact_range,source_question,以 103 年 I7 為基準。
income,INC_FAM_RENT,家庭房屋土地租金收入,103,103,I7,包含您本人，全家每個月的「房屋、土地出租租金」收入總共是多少？【過去ㄧ年平均每個月的,I7,包含您本人，全家每個月的「房屋、土地出租租金」收入總共是多少？【過去ㄧ年平均每個月的,11,"70,000-79,999 元",70000,79999,11,"70,000-79,999 元",70000,79999,option,exact_range,source_question,以 103 年 I7 為基準。
income,INC_FAM_RENT,家庭房屋土地租金收入,103,103,I7,包含您本人，全家每個月的「房屋、土地出租租金」收入總共是多少？【過去ㄧ年平均每個月的,I7,包含您本人，全家每個月的「房屋、土地出租租金」收入總共是多少？【過去ㄧ年平均每個月的,12,"80,000 元及以上，請記錄_________________元",80000,,12,"80,000 元及以上，請記錄_________________元",80000,,option,exact_open_upper,source_question,以 103 年 I7 為基準。
income,INC_FAM_RENT,家庭房屋土地租金收入,103,103,I7,包含您本人，全家每個月的「房屋、土地出租租金」收入總共是多少？【過去ㄧ年平均每個月的,I7,包含您本人，全家每個月的「房屋、土地出租租金」收入總共是多少？【過去ㄧ年平均每個月的,13,沒有這項收入,0,0,13,沒有這項收入,0,0,option,exact_none,source_question,以 103 年 I7 為基準。
income,INC_FAM_RENT,家庭房屋土地租金收入,106,106,L7,包含經濟戶長本人，全家每個月的「房屋、土地出租租金」收入總共是多少？【106年平均每個,I7,包含您本人，全家每個月的「房屋、土地出租租金」收入總共是多少？【過去ㄧ年平均每個月的,1,"未滿5,000元",0,4999,1,"4,999 元及以下",0,4999,option,exact_range,source_question,以 103 年 I7 為基準。
income,INC_FAM_RENT,家庭房屋土地租金收入,106,106,L7,包含經濟戶長本人，全家每個月的「房屋、土地出租租金」收入總共是多少？【106年平均每個,I7,包含您本人，全家每個月的「房屋、土地出租租金」收入總共是多少？【過去ㄧ年平均每個月的,2,"5,000 元-未滿10,000元",5000,9999,2,"5,000-9,999 元",5000,9999,option,exact_range,source_question,以 103 年 I7 為基準。
income,INC_FAM_RENT,家庭房屋土地租金收入,106,106,L7,包含經濟戶長本人，全家每個月的「房屋、土地出租租金」收入總共是多少？【106年平均每個,I7,包含您本人，全家每個月的「房屋、土地出租租金」收入總共是多少？【過去ㄧ年平均每個月的,3,"10,000元-未滿15,000元",10000,14999,3,"10,000-14,999 元",10000,14999,option,exact_range,source_question,以 103 年 I7 為基準。
income,INC_FAM_RENT,家庭房屋土地租金收入,106,106,L7,包含經濟戶長本人，全家每個月的「房屋、土地出租租金」收入總共是多少？【106年平均每個,I7,包含您本人，全家每個月的「房屋、土地出租租金」收入總共是多少？【過去ㄧ年平均每個月的,4,"15,000元-未滿20,000元",15000,19999,4,"15,000-19,999 元",15000,19999,option,exact_range,source_question,以 103 年 I7 為基準。
income,INC_FAM_RENT,家庭房屋土地租金收入,106,106,L7,包含經濟戶長本人，全家每個月的「房屋、土地出租租金」收入總共是多少？【106年平均每個,I7,包含您本人，全家每個月的「房屋、土地出租租金」收入總共是多少？【過去ㄧ年平均每個月的,5,"20,000元-未滿25,000元",20000,24999,5,"20,000-24,999 元",20000,24999,option,exact_range,source_question,以 103 年 I7 為基準。
income,INC_FAM_RENT,家庭房屋土地租金收入,106,106,L7,包含經濟戶長本人，全家每個月的「房屋、土地出租租金」收入總共是多少？【106年平均每個,I7,包含您本人，全家每個月的「房屋、土地出租租金」收入總共是多少？【過去ㄧ年平均每個月的,6,"25,000元-未滿30,000元",25000,29999,6,"25,000-29,999 元",25000,29999,option,exact_range,source_question,以 103 年 I7 為基準。
income,INC_FAM_RENT,家庭房屋土地租金收入,106,106,L7,包含經濟戶長本人，全家每個月的「房屋、土地出租租金」收入總共是多少？【106年平均每個,I7,包含您本人，全家每個月的「房屋、土地出租租金」收入總共是多少？【過去ㄧ年平均每個月的,7,"30,000元-未滿40,000元",30000,39999,7,"30,000-39,999 元",30000,39999,option,exact_range,source_question,以 103 年 I7 為基準。
income,INC_FAM_RENT,家庭房屋土地租金收入,106,106,L7,包含經濟戶長本人，全家每個月的「房屋、土地出租租金」收入總共是多少？【106年平均每個,I7,包含您本人，全家每個月的「房屋、土地出租租金」收入總共是多少？【過去ㄧ年平均每個月的,8,"40,000元-未滿50,000元",40000,49999,8,"40,000-49,999 元",40000,49999,option,exact_range,source_question,以 103 年 I7 為基準。
income,INC_FAM_RENT,家庭房屋土地租金收入,106,106,L7,包含經濟戶長本人，全家每個月的「房屋、土地出租租金」收入總共是多少？【106年平均每個,I7,包含您本人，全家每個月的「房屋、土地出租租金」收入總共是多少？【過去ㄧ年平均每個月的,9,"50,000元-未滿60,000元",50000,59999,9,"50,000-59,999 元",50000,59999,option,exact_range,source_question,以 103 年 I7 為基準。
income,INC_FAM_RENT,家庭房屋土地租金收入,106,106,L7,包含經濟戶長本人，全家每個月的「房屋、土地出租租金」收入總共是多少？【106年平均每個,I7,包含您本人，全家每個月的「房屋、土地出租租金」收入總共是多少？【過去ㄧ年平均每個月的,10,"60,000元-未滿70,000元",60000,69999,10,"60,000-69,999 元",60000,69999,option,exact_range,source_question,以 103 年 I7 為基準。
income,INC_FAM_RENT,家庭房屋土地租金收入,106,106,L7,包含經濟戶長本人，全家每個月的「房屋、土地出租租金」收入總共是多少？【106年平均每個,I7,包含您本人，全家每個月的「房屋、土地出租租金」收入總共是多少？【過去ㄧ年平均每個月的,11,"70,000元-未滿80,000元",70000,79999,11,"70,000-79,999 元",70000,79999,option,exact_range,source_question,以 103 年 I7 為基準。
income,INC_FAM_RENT,家庭房屋土地租金收入,106,106,L7,包含經濟戶長本人，全家每個月的「房屋、土地出租租金」收入總共是多少？【106年平均每個,I7,包含您本人，全家每個月的「房屋、土地出租租金」收入總共是多少？【過去ㄧ年平均每個月的,12,"80,000元以上，請記錄_________________元",80000,,12,"80,000 元及以上，請記錄_________________元",80000,,option,exact_open_upper,source_question,以 103 年 I7 為基準。
income,INC_FAM_RENT,家庭房屋土地租金收入,106,106,L7,包含經濟戶長本人，全家每個月的「房屋、土地出租租金」收入總共是多少？【106年平均每個,I7,包含您本人，全家每個月的「房屋、土地出租租金」收入總共是多少？【過去ㄧ年平均每個月的,13,沒有這項收入,0,0,13,沒有這項收入,0,0,option,exact_none,source_question,以 103 年 I7 為基準。
income,INC_FAM_RENT,家庭房屋土地租金收入,110,110,G7,包含經濟戶長本人，全家每個月的「房屋、土地出租租金」收入總共是多少？【110年平均每個,I7,包含您本人，全家每個月的「房屋、土地出租租金」收入總共是多少？【過去ㄧ年平均每個月的,1,"未滿5,000元",0,4999,1,"4,999 元及以下",0,4999,option,exact_range,source_question,以 103 年 I7 為基準。
income,INC_FAM_RENT,家庭房屋土地租金收入,110,110,G7,包含經濟戶長本人，全家每個月的「房屋、土地出租租金」收入總共是多少？【110年平均每個,I7,包含您本人，全家每個月的「房屋、土地出租租金」收入總共是多少？【過去ㄧ年平均每個月的,2,"5,000 元-未滿10,000元",5000,9999,2,"5,000-9,999 元",5000,9999,option,exact_range,source_question,以 103 年 I7 為基準。
income,INC_FAM_RENT,家庭房屋土地租金收入,110,110,G7,包含經濟戶長本人，全家每個月的「房屋、土地出租租金」收入總共是多少？【110年平均每個,I7,包含您本人，全家每個月的「房屋、土地出租租金」收入總共是多少？【過去ㄧ年平均每個月的,3,"10,000元-未滿15,000元",10000,14999,3,"10,000-14,999 元",10000,14999,option,exact_range,source_question,以 103 年 I7 為基準。
income,INC_FAM_RENT,家庭房屋土地租金收入,110,110,G7,包含經濟戶長本人，全家每個月的「房屋、土地出租租金」收入總共是多少？【110年平均每個,I7,包含您本人，全家每個月的「房屋、土地出租租金」收入總共是多少？【過去ㄧ年平均每個月的,4,"15,000元-未滿20,000元",15000,19999,4,"15,000-19,999 元",15000,19999,option,exact_range,source_question,以 103 年 I7 為基準。
income,INC_FAM_RENT,家庭房屋土地租金收入,110,110,G7,包含經濟戶長本人，全家每個月的「房屋、土地出租租金」收入總共是多少？【110年平均每個,I7,包含您本人，全家每個月的「房屋、土地出租租金」收入總共是多少？【過去ㄧ年平均每個月的,5,"20,000元-未滿25,000元",20000,24999,5,"20,000-24,999 元",20000,24999,option,exact_range,source_question,以 103 年 I7 為基準。
income,INC_FAM_RENT,家庭房屋土地租金收入,110,110,G7,包含經濟戶長本人，全家每個月的「房屋、土地出租租金」收入總共是多少？【110年平均每個,I7,包含您本人，全家每個月的「房屋、土地出租租金」收入總共是多少？【過去ㄧ年平均每個月的,6,"25,000元-未滿30,000元",25000,29999,6,"25,000-29,999 元",25000,29999,option,exact_range,source_question,以 103 年 I7 為基準。
income,INC_FAM_RENT,家庭房屋土地租金收入,110,110,G7,包含經濟戶長本人，全家每個月的「房屋、土地出租租金」收入總共是多少？【110年平均每個,I7,包含您本人，全家每個月的「房屋、土地出租租金」收入總共是多少？【過去ㄧ年平均每個月的,7,"30,000元-未滿40,000元",30000,39999,7,"30,000-39,999 元",30000,39999,option,exact_range,source_question,以 103 年 I7 為基準。
income,INC_FAM_RENT,家庭房屋土地租金收入,110,110,G7,包含經濟戶長本人，全家每個月的「房屋、土地出租租金」收入總共是多少？【110年平均每個,I7,包含您本人，全家每個月的「房屋、土地出租租金」收入總共是多少？【過去ㄧ年平均每個月的,8,"40,000元-未滿50,000元",40000,49999,8,"40,000-49,999 元",40000,49999,option,exact_range,source_question,以 103 年 I7 為基準。
income,INC_FAM_RENT,家庭房屋土地租金收入,110,110,G7,包含經濟戶長本人，全家每個月的「房屋、土地出租租金」收入總共是多少？【110年平均每個,I7,包含您本人，全家每個月的「房屋、土地出租租金」收入總共是多少？【過去ㄧ年平均每個月的,9,"50,000元-未滿60,000元",50000,59999,9,"50,000-59,999 元",50000,59999,option,exact_range,source_question,以 103 年 I7 為基準。
income,INC_FAM_RENT,家庭房屋土地租金收入,110,110,G7,包含經濟戶長本人，全家每個月的「房屋、土地出租租金」收入總共是多少？【110年平均每個,I7,包含您本人，全家每個月的「房屋、土地出租租金」收入總共是多少？【過去ㄧ年平均每個月的,10,"60,000元-未滿70,000元",60000,69999,10,"60,000-69,999 元",60000,69999,option,exact_range,source_question,以 103 年 I7 為基準。
income,INC_FAM_RENT,家庭房屋土地租金收入,110,110,G7,包含經濟戶長本人，全家每個月的「房屋、土地出租租金」收入總共是多少？【110年平均每個,I7,包含您本人，全家每個月的「房屋、土地出租租金」收入總共是多少？【過去ㄧ年平均每個月的,11,"70,000元-未滿80,000元",70000,79999,11,"70,000-79,999 元",70000,79999,option,exact_range,source_question,以 103 年 I7 為基準。
income,INC_FAM_RENT,家庭房屋土地租金收入,110,110,G7,包含經濟戶長本人，全家每個月的「房屋、土地出租租金」收入總共是多少？【110年平均每個,I7,包含您本人，全家每個月的「房屋、土地出租租金」收入總共是多少？【過去ㄧ年平均每個月的,12,"80,000元以上，請記錄_________________元",80000,,12,"80,000 元及以上，請記錄_________________元",80000,,option,exact_open_upper,source_question,以 103 年 I7 為基準。
income,INC_FAM_RENT,家庭房屋土地租金收入,110,110,G7,包含經濟戶長本人，全家每個月的「房屋、土地出租租金」收入總共是多少？【110年平均每個,I7,包含您本人，全家每個月的「房屋、土地出租租金」收入總共是多少？【過去ㄧ年平均每個月的,13,沒有這項收入,0,0,13,沒有這項收入,0,0,option,exact_none,source_question,以 103 年 I7 為基準。
income,INC_FAM_OTHER,家庭其他收入,91,91_1,22-3,請問全家每個月平均收入中，其他收入是多少?(利息、租金、民間團體補助、退休俸、兒,I8,包含您本人，全家每個月除了以上這些收入以外的「其他雜項」收入總共是多少？【過去ㄧ年平,,,,,,,,,concept,conceptual_match_requires_manual_recode,source_question,91 的其他收入較廣，混合利息、租金、民間補助、退休俸與奉養費。
income,INC_FAM_OTHER,家庭其他收入,91,91_2,22-3,請問全家每個月平均收入中，其他收入是多少?(利息、租金、民間團體補助、退休俸、兒,I8,包含您本人，全家每個月除了以上這些收入以外的「其他雜項」收入總共是多少？【過去ㄧ年平,,,,,,,,,concept,conceptual_match_requires_manual_recode,source_question,91 的其他收入較廣，混合利息、租金、民間補助、退休俸與奉養費。
income,INC_FAM_OTHER,家庭其他收入,95,95,Q11-5,包含您本人，全家每個月除了以上這些收入以外的「其他」收入總共是多,I8,包含您本人，全家每個月除了以上這些收入以外的「其他雜項」收入總共是多少？【過去ㄧ年平,,,,,,,,,concept,conceptual_match_requires_manual_recode,source_question,91 的其他收入較廣，混合利息、租金、民間補助、退休俸與奉養費。
income,INC_FAM_OTHER,家庭其他收入,99,99,I6,包含您本人，全家每個月除了以上這些收入以外的「其他」收入總共是多少？【過去ㄧ年帄均,I8,包含您本人，全家每個月除了以上這些收入以外的「其他雜項」收入總共是多少？【過去ㄧ年平,,,,,,,,,concept,conceptual_match_requires_manual_recode,source_question,91 的其他收入較廣，混合利息、租金、民間補助、退休俸與奉養費。
income,INC_FAM_OTHER,家庭其他收入,103,103,I8,包含您本人，全家每個月除了以上這些收入以外的「其他雜項」收入總共是多少？【過去ㄧ年平,I8,包含您本人，全家每個月除了以上這些收入以外的「其他雜項」收入總共是多少？【過去ㄧ年平,,,,,,,,,concept,conceptual_match_requires_manual_recode,source_question,91 的其他收入較廣，混合利息、租金、民間補助、退休俸與奉養費。
income,INC_FAM_OTHER,家庭其他收入,106,106,L8,包含經濟戶長本人，全家每個月除了以上這些收入以外的「其他雜項」收入總共是多少？【106,I8,包含您本人，全家每個月除了以上這些收入以外的「其他雜項」收入總共是多少？【過去ㄧ年平,,,,,,,,,concept,conceptual_match_requires_manual_recode,source_question,91 的其他收入較廣，混合利息、租金、民間補助、退休俸與奉養費。
income,INC_FAM_OTHER,家庭其他收入,110,110,G8,包含經濟戶長本人，全家每個月除了以上這些收入以外的「其他雜項」收入總共是多少？【110,I8,包含您本人，全家每個月除了以上這些收入以外的「其他雜項」收入總共是多少？【過去ㄧ年平,,,,,,,,,concept,conceptual_match_requires_manual_recode,source_question,91 的其他收入較廣，混合利息、租金、民間補助、退休俸與奉養費。
