source_file,concept_id,category,integrated_var,concept,mapping_type,data_year,option_year,raw_var,matched_question_id,raw_option_order,raw_option_code,raw_option_text,unified_code,unified_label,mapping_rule,question_text,option_source_file,concept_note,row_note
build_income_expenditure_crosswalk.py,EXP_TOTAL_SYN,家庭支出,EXP_TOTAL_SYN,家庭總支出（合成）,derived_total,2002,91_1,23,J1;J2;J3;J4;J5;J6;J7-1;J7-2;J7-3;J7-4;J7-5;J7-6;J7-7;J7-8;J7-9;J7-10,,,,,,reported_total_in_source,請問您每個月家庭平均支出是多少？,question_options_91_1.csv,若問卷無總支出題，後續 R 以所有可比對支出分項加總為總支出。 103基準題號：J1;J2;J3;J4;J5;J6;J7-1;J7-2;J7-3;J7-4;J7-5;J7-6;J7-7;J7-8;J7-9;J7-10。,mapping_relation=reported_total_in_source; total_rule=use_reported_total
build_income_expenditure_crosswalk.py,EXP_TOTAL_SYN,家庭支出,EXP_TOTAL_SYN,家庭總支出（合成）,derived_total,2002,91_2,23,J1;J2;J3;J4;J5;J6;J7-1;J7-2;J7-3;J7-4;J7-5;J7-6;J7-7;J7-8;J7-9;J7-10,,,,,,reported_total_in_source,請問您每個月家庭平均支出是多少？,question_options_91_2.csv,若問卷無總支出題，後續 R 以所有可比對支出分項加總為總支出。 103基準題號：J1;J2;J3;J4;J5;J6;J7-1;J7-2;J7-3;J7-4;J7-5;J7-6;J7-7;J7-8;J7-9;J7-10。,mapping_relation=reported_total_in_source; total_rule=use_reported_total
build_income_expenditure_crosswalk.py,EXP_TOTAL_SYN,家庭支出,EXP_TOTAL_SYN,家庭總支出（合成）,derived_total,2006,95,Q12-1;Q12-2;Q12-3;Q12-4;Q12-5;Q12-6;Q12-7;Q12-8;Q12-9;Q12-10;Q12-11;Q12-12;Q12-13;Q12-14,J1;J2;J3;J4;J5;J6;J7-1;J7-2;J7-3;J7-4;J7-5;J7-6;J7-7;J7-8;J7-9;J7-10,,,,,,derived_total_from_components,請問您全家每個月用在支付「吃飯、蔬菜魚肉、水果、飲料費等」的費用 | 請問您全家每個月用在支付「房租、水電瓦斯、住宅裝修等」的費用是多 | 請問您全家每個月用在支付「上下班上下學通勤、搭乘交通工具、汽機車 | 請問您全家每個月用在支付「看病就醫、繳保險費、購買醫療設備等」的 | 請問您全家每個月用在支付「抽煙、飲酒、吃檳榔等」的費用是多少？【過 | 請問您全家每個月用在支付「繳各種稅、勞健保、農漁保險、紅白包禮金、 | 請問您全家每個月用在支付「打掃家庭、洗衣洗碗、請傭人等」的費用是 | 請問您全家每個月用在支付「各項學費、補習費、報紙雜誌書籍文具等」 | 請問您全家每個月用在支付「國內外旅遊、運動娛樂消遣」的費用是多少？ | 請問您全家每個月用在支付「利息、各項貸款、跟會」的費用是多少？ | 請問您全家每個月用在支付「買衣服、鞋子、襪子各項衣物」的費用是 | 請問您全家每個月用在支付購買「傢俱、家庭電器、廚房用具等」的費 | 請問您全家每個月用在支付「兒童照顧、老人照顧、身心障礙者照顧等」 | 請問您全家每個月用在支付其他費用，像是「牙膏洗髮精理髮沐浴用品、,question_options_95.csv,若問卷無總支出題，後續 R 以所有可比對支出分項加總為總支出。 103基準題號：J1;J2;J3;J4;J5;J6;J7-1;J7-2;J7-3;J7-4;J7-5;J7-6;J7-7;J7-8;J7-9;J7-10。,mapping_relation=derived_total_from_components; total_rule=sum_of_component_amounts
build_income_expenditure_crosswalk.py,EXP_TOTAL_SYN,家庭支出,EXP_TOTAL_SYN,家庭總支出（合成）,derived_total,2010,99,J1;J2;J3;J4;J5;J6;J7-1;J7-2;J7-3;J7-4;J7-5;J7-6;J7-7;J7-8,J1;J2;J3;J4;J5;J6;J7-1;J7-2;J7-3;J7-4;J7-5;J7-6;J7-7;J7-8;J7-9;J7-10,,,,,,derived_total_from_components,"請問您全家每個月用在支付「吃飯、蔬菜魚肉、水果、飲料費等」的費用是多少？【過去ㄧ年帄均每個月的金額】, | 請問您全家每個月用在支付「房租、水電瓦斯、住宅裝修等」的費用是多少？【過去ㄧ年帄均每個月的金額】 | 請問您全家每個月用在支付「上下班上下學通勤、搭乘交通工具、汽機車保養油錢、市內電話、手機電話等」的費用是多少？【過去ㄧ年帄均每個月的金額】 | 請問您全家每個月用在支付「看病就醫、繳保險費、購買醫療設備等」的費用是多少？【過去ㄧ年帄均每個月的金額】 | 請問您全家每個月用在支付「抽煙、飲酒、吃檳榔等」的費用是多少？【過去ㄧ年帄均每個月的金額】 | 請問您全家每個月用在支付「繳各種稅、勞健保、農漁保險、紅白包禮金、捐款」的費用是多少？【過去ㄧ年帄均每個月的金額，部分稅每年繳納一次請以 12 個月帄均】 | 打掃家庭/洗衣洗碗/請傭人 | 各項學費/補習費/報紙雜誌書籍文具 | 國內外旅遊/運動娛樂消遣 | 利息/各項貸款/跟會 | 買衣服/鞋子/襪子各項衣物 | 購買傢俱/家庭電器/廚房用具 | 兒童照顧/老人照顧/身心障礙者照顧 | 其他費用",question_options_99.csv,若問卷無總支出題，後續 R 以所有可比對支出分項加總為總支出。 103基準題號：J1;J2;J3;J4;J5;J6;J7-1;J7-2;J7-3;J7-4;J7-5;J7-6;J7-7;J7-8;J7-9;J7-10。,mapping_relation=derived_total_from_components; total_rule=sum_of_component_amounts
build_income_expenditure_crosswalk.py,EXP_TOTAL_SYN,家庭支出,EXP_TOTAL_SYN,家庭總支出（合成）,derived_total,2014,103,J1;J2;J3;J4;J5;J6;J7-1;J7-2;J7-3;J7-4;J7-5;J7-6;J7-7;J7-8;J7-9;J7-10,J1;J2;J3;J4;J5;J6;J7-1;J7-2;J7-3;J7-4;J7-5;J7-6;J7-7;J7-8;J7-9;J7-10,,,,,,derived_total_from_components,請問您全家每個月用在支付「買菜、水果、非酒精飲料費、零食等」的費用是多少？【過去ㄧ年 | 請問您全家每個月用在支付「房租、水電瓦斯、住宅裝修、建築物保險等」的費用是多少？【過 | 請問您全家每個月用在支付「上下班上下學通勤、搭乘交通工具、汽機車保養/油錢、汽機車保險、 | 請問您全家每個月用在支付「看病就醫、繳醫療保險費、購買醫療用品/設備等」的費用是多少？ | 請問您全家每個月用在支付「抽煙、飲酒、吃檳榔等」的費用是多少？【過去ㄧ年平均每個月的 | 請問您全家每個月用在支付「繳各種稅、勞健保、農漁保險、買彩券、紅白包禮金、捐款」的費 | 打掃家庭/洗衣洗碗/請佣人 □(1)有 □(2)沒有           ○11 | 各項學費/補習費/家教費 □(1)有 □(2)沒有           ○11 | 報紙雜誌書籍文具 □(1)有 □(2)沒有           ○11 | 國內外跟團旅遊/運動娛樂 | 各項貸款/跟會的利息 □(1)有 □(2)沒有           ○11 | 外食費/學生住宿費/自助旅 | 買衣服/鞋子/襪子各項衣物 □(1)有 □(2)沒有           ○11 | 買家具/家庭電器/廚房用具 □(1)有 □(2)沒有           ○11 | 兒童/老人/身心障礙者照顧 □(1)有 □(2)沒有           ○11 | 其他費用 □(1)有 □(2)沒有           ○11,question_options_103.csv,若問卷無總支出題，後續 R 以所有可比對支出分項加總為總支出。 103基準題號：J1;J2;J3;J4;J5;J6;J7-1;J7-2;J7-3;J7-4;J7-5;J7-6;J7-7;J7-8;J7-9;J7-10。,mapping_relation=derived_total_from_components; total_rule=sum_of_component_amounts
build_income_expenditure_crosswalk.py,EXP_TOTAL_SYN,家庭支出,EXP_TOTAL_SYN,家庭總支出（合成）,derived_total,2017,106,M1;M2;M3;M4;M5;M6;M7-1;M7-2;M7-3;M7-4;M7-5;M7-6;M7-7;M7-8;M7-9;M7-10,J1;J2;J3;J4;J5;J6;J7-1;J7-2;J7-3;J7-4;J7-5;J7-6;J7-7;J7-8;J7-9;J7-10,,,,,,derived_total_from_components,請問您全家每個月用在支付「買米/肉/菜、水果、非酒精飲料費、糖果零食等」的費用是多 | 請問您全家每個月用在支付「房租、水電瓦斯、住宅裝修、建築物保險等」的費用是多少？ | 請問您全家每個月用在支付「上下班上下學通勤、搭乘交通工具、汽機車保養/油錢、汽機車保 | 請問您全家每個月用在支付「看病就醫、繳醫療保險費、購買醫療用品/設備等」的費用是多 | 請問您全家每個月用在支付「抽煙、喝酒、吃檳榔等」的費用是多少？【106年平均每個月的金 | 請問您全家每個月用在支付「繳各種稅、勞健保、農漁保險、買彩券、紅白包禮金、捐款」的 | 請家庭佣人(打掃家庭/洗衣洗碗) □(1)有 □(2)沒有           ○11 | 各項學費/補習費/家教費 □(1)有 □(2)沒有           ○11 | 報紙雜誌書籍文具 □(1)有 □(2)沒有           ○11 | 國內外跟團旅遊/運動/電影/展 | 各項貸款/跟會的利息 □(1)有 □(2)沒有           ○11 | 外食費/學生住宿費/自助旅行住 | 買衣服/鞋子/襪子各項衣物 □(1)有 □(2)沒有           ○11 | 買家具/家庭電器/廚房用具 □(1)有 □(2)沒有           ○11 | 保姆費/安養院/身障者照顧 □(1)有 □(2)沒有           ○11 | 其他費用 □(1)有 □(2)沒有           ○11,question_options_106.csv,若問卷無總支出題，後續 R 以所有可比對支出分項加總為總支出。 103基準題號：J1;J2;J3;J4;J5;J6;J7-1;J7-2;J7-3;J7-4;J7-5;J7-6;J7-7;J7-8;J7-9;J7-10。,mapping_relation=derived_total_from_components; total_rule=sum_of_component_amounts
build_income_expenditure_crosswalk.py,EXP_TOTAL_SYN,家庭支出,EXP_TOTAL_SYN,家庭總支出（合成）,derived_total,2021,110,H1;H2;H3;H4;H5;H6;H7-1;H7-2;H7-3;H7-4;H7-5;H7-6;H7-7;H7-8;H7-9;H7-10,J1;J2;J3;J4;J5;J6;J7-1;J7-2;J7-3;J7-4;J7-5;J7-6;J7-7;J7-8;J7-9;J7-10,,,,,,derived_total_from_components,請問您全家每個月用在支付「買米/肉/菜、水果、非酒精飲料費、糖果零食等」的費用是多少？ | 請問您全家每個月用在支付「房租、水電瓦斯、住宅裝修、建築物保險等」的費用是多少？ | 請問您全家每個月用在支付「上下班上下學通勤、搭乘交通工具、汽機車保養/油錢、汽機車保 | 請問您全家每個月用在支付「看病就醫、繳醫療保險費、購買醫療用品/設備等」的費用是多 | 請問您全家每個月用在支付「抽煙、喝酒、吃檳榔等」的費用是多少？【110年平均每個月的金 | 請問您全家每個月用在支付「繳各種稅、勞健保、農漁保險、買彩券、紅白包禮金、捐款」的費 | 請家庭佣人(打掃家庭/洗衣洗碗) □(1)有 □(2)沒有           ○11 | 各項學費/補習費/家教費 □(1)有 □(2)沒有           ○11 | 報紙雜誌書籍文具 □(1)有 □(2)沒有           ○11 | 國內外跟團旅遊/運動/電影/展覽 | 各項貸款/跟會的利息 □(1)有 □(2)沒有           ○11 | 外食費/學生住宿費/自助旅行住 | 買衣服/鞋子/襪子各項衣物 □(1)有 □(2)沒有           ○11 | 買家具/家庭電器/廚房用具 □(1)有 □(2)沒有           ○11 | 保姆費/安養院/身障者照顧 □(1)有 □(2)沒有           ○11 | 其他費用 □(1)有 □(2)沒有           ○11,question_options_110.csv,若問卷無總支出題，後續 R 以所有可比對支出分項加總為總支出。 103基準題號：J1;J2;J3;J4;J5;J6;J7-1;J7-2;J7-3;J7-4;J7-5;J7-6;J7-7;J7-8;J7-9;J7-10。,mapping_relation=derived_total_from_components; total_rule=sum_of_component_amounts
build_income_expenditure_crosswalk.py,EXP_FOOD,家庭支出,EXP_FOOD,食品飲食支出,range_overlap,2002,91_1,23-1,J1,1,1,未滿3千元,1.0,"2,999 元及以下",source_bin_spans_multiple_base_bins,食品消費是多少？（日常生活吃的部分，但不包括酒、茶、檳榔）,question_options_91_1.csv,91 食品消費；95 之後為買菜/飲料/零食等。 103基準題號：J1。,mapping_relation=source_bin_spans_multiple_base_bins; total_rule=source_question
build_income_expenditure_crosswalk.py,EXP_FOOD,家庭支出,EXP_FOOD,食品飲食支出,range_overlap,2002,91_1,23-1,J1,1,2,3千至未滿5千元,2.0,"3,000-4,999 元",exact_range,食品消費是多少？（日常生活吃的部分，但不包括酒、茶、檳榔）,question_options_91_1.csv,91 食品消費；95 之後為買菜/飲料/零食等。 103基準題號：J1。,mapping_relation=exact_range; total_rule=source_question
build_income_expenditure_crosswalk.py,EXP_FOOD,家庭支出,EXP_FOOD,食品飲食支出,range_overlap,2002,91_1,23-1,J1,1,3,5千至未滿1萬元,3.0,"5,000-6,999 元",source_bin_spans_multiple_base_bins,食品消費是多少？（日常生活吃的部分，但不包括酒、茶、檳榔）,question_options_91_1.csv,91 食品消費；95 之後為買菜/飲料/零食等。 103基準題號：J1。,mapping_relation=source_bin_spans_multiple_base_bins; total_rule=source_question
build_income_expenditure_crosswalk.py,EXP_FOOD,家庭支出,EXP_FOOD,食品飲食支出,range_overlap,2002,91_1,23-1,J1,2,3,5千至未滿1萬元,4.0,"7,000-9,999 元",source_bin_spans_multiple_base_bins,食品消費是多少？（日常生活吃的部分，但不包括酒、茶、檳榔）,question_options_91_1.csv,91 食品消費；95 之後為買菜/飲料/零食等。 103基準題號：J1。,mapping_relation=source_bin_spans_multiple_base_bins; total_rule=source_question
build_income_expenditure_crosswalk.py,EXP_FOOD,家庭支出,EXP_FOOD,食品飲食支出,range_overlap,2002,91_1,23-1,J1,1,4,1萬至未滿2萬元,5.0,"10,000-11,999 元",source_bin_spans_multiple_base_bins,食品消費是多少？（日常生活吃的部分，但不包括酒、茶、檳榔）,question_options_91_1.csv,91 食品消費；95 之後為買菜/飲料/零食等。 103基準題號：J1。,mapping_relation=source_bin_spans_multiple_base_bins; total_rule=source_question
build_income_expenditure_crosswalk.py,EXP_FOOD,家庭支出,EXP_FOOD,食品飲食支出,range_overlap,2002,91_1,23-1,J1,2,4,1萬至未滿2萬元,6.0,"12,000-14,999 元",source_bin_spans_multiple_base_bins,食品消費是多少？（日常生活吃的部分，但不包括酒、茶、檳榔）,question_options_91_1.csv,91 食品消費；95 之後為買菜/飲料/零食等。 103基準題號：J1。,mapping_relation=source_bin_spans_multiple_base_bins; total_rule=source_question
build_income_expenditure_crosswalk.py,EXP_FOOD,家庭支出,EXP_FOOD,食品飲食支出,range_overlap,2002,91_1,23-1,J1,3,4,1萬至未滿2萬元,7.0,"15,000-19,999 元",source_bin_spans_multiple_base_bins,食品消費是多少？（日常生活吃的部分，但不包括酒、茶、檳榔）,question_options_91_1.csv,91 食品消費；95 之後為買菜/飲料/零食等。 103基準題號：J1。,mapping_relation=source_bin_spans_multiple_base_bins; total_rule=source_question
build_income_expenditure_crosswalk.py,EXP_FOOD,家庭支出,EXP_FOOD,食品飲食支出,range_overlap,2002,91_1,23-1,J1,1,5,2萬元至未滿3萬元,8.0,"20,000-29,999 元",exact_range,食品消費是多少？（日常生活吃的部分，但不包括酒、茶、檳榔）,question_options_91_1.csv,91 食品消費；95 之後為買菜/飲料/零食等。 103基準題號：J1。,mapping_relation=exact_range; total_rule=source_question
build_income_expenditure_crosswalk.py,EXP_FOOD,家庭支出,EXP_FOOD,食品飲食支出,range_overlap,2002,91_1,23-1,J1,1,6,3萬元至未滿4萬元,9.0,"30,000-39,999 元",exact_range,食品消費是多少？（日常生活吃的部分，但不包括酒、茶、檳榔）,question_options_91_1.csv,91 食品消費；95 之後為買菜/飲料/零食等。 103基準題號：J1。,mapping_relation=exact_range; total_rule=source_question
build_income_expenditure_crosswalk.py,EXP_FOOD,家庭支出,EXP_FOOD,食品飲食支出,range_overlap,2002,91_1,23-1,J1,1,7,4萬元至未滿5萬元,10.0,"40,000-49,999 元",exact_range,食品消費是多少？（日常生活吃的部分，但不包括酒、茶、檳榔）,question_options_91_1.csv,91 食品消費；95 之後為買菜/飲料/零食等。 103基準題號：J1。,mapping_relation=exact_range; total_rule=source_question
build_income_expenditure_crosswalk.py,EXP_FOOD,家庭支出,EXP_FOOD,食品飲食支出,range_overlap,2002,91_1,23-1,J1,1,8,5萬元以上（請記錄 元）,11.0,"50,000-59,999 元",source_bin_spans_multiple_base_bins,食品消費是多少？（日常生活吃的部分，但不包括酒、茶、檳榔）,question_options_91_1.csv,91 食品消費；95 之後為買菜/飲料/零食等。 103基準題號：J1。,mapping_relation=source_bin_spans_multiple_base_bins; total_rule=source_question
build_income_expenditure_crosswalk.py,EXP_FOOD,家庭支出,EXP_FOOD,食品飲食支出,range_overlap,2002,91_1,23-1,J1,2,8,5萬元以上（請記錄 元）,12.0,"60,000-69,999 元",source_bin_spans_multiple_base_bins,食品消費是多少？（日常生活吃的部分，但不包括酒、茶、檳榔）,question_options_91_1.csv,91 食品消費；95 之後為買菜/飲料/零食等。 103基準題號：J1。,mapping_relation=source_bin_spans_multiple_base_bins; total_rule=source_question
build_income_expenditure_crosswalk.py,EXP_FOOD,家庭支出,EXP_FOOD,食品飲食支出,range_overlap,2002,91_1,23-1,J1,3,8,5萬元以上（請記錄 元）,13.0,"70,000 元及以上，請記錄______________元",source_bin_spans_multiple_base_bins,食品消費是多少？（日常生活吃的部分，但不包括酒、茶、檳榔）,question_options_91_1.csv,91 食品消費；95 之後為買菜/飲料/零食等。 103基準題號：J1。,mapping_relation=source_bin_spans_multiple_base_bins; total_rule=source_question
build_income_expenditure_crosswalk.py,EXP_FOOD,家庭支出,EXP_FOOD,食品飲食支出,range_overlap,2002,91_2,23-1,J1,1,1,未滿3千元,1.0,"2,999 元及以下",source_bin_spans_multiple_base_bins,食品消費是多少？（日常生活吃的部分，但不包括酒、茶、檳榔）,question_options_91_2.csv,91 食品消費；95 之後為買菜/飲料/零食等。 103基準題號：J1。,mapping_relation=source_bin_spans_multiple_base_bins; total_rule=source_question
build_income_expenditure_crosswalk.py,EXP_FOOD,家庭支出,EXP_FOOD,食品飲食支出,range_overlap,2002,91_2,23-1,J1,1,2,3千至未滿5千元,2.0,"3,000-4,999 元",exact_range,食品消費是多少？（日常生活吃的部分，但不包括酒、茶、檳榔）,question_options_91_2.csv,91 食品消費；95 之後為買菜/飲料/零食等。 103基準題號：J1。,mapping_relation=exact_range; total_rule=source_question
build_income_expenditure_crosswalk.py,EXP_FOOD,家庭支出,EXP_FOOD,食品飲食支出,range_overlap,2002,91_2,23-1,J1,1,3,5千至未滿1萬元,3.0,"5,000-6,999 元",source_bin_spans_multiple_base_bins,食品消費是多少？（日常生活吃的部分，但不包括酒、茶、檳榔）,question_options_91_2.csv,91 食品消費；95 之後為買菜/飲料/零食等。 103基準題號：J1。,mapping_relation=source_bin_spans_multiple_base_bins; total_rule=source_question
build_income_expenditure_crosswalk.py,EXP_FOOD,家庭支出,EXP_FOOD,食品飲食支出,range_overlap,2002,91_2,23-1,J1,2,3,5千至未滿1萬元,4.0,"7,000-9,999 元",source_bin_spans_multiple_base_bins,食品消費是多少？（日常生活吃的部分，但不包括酒、茶、檳榔）,question_options_91_2.csv,91 食品消費；95 之後為買菜/飲料/零食等。 103基準題號：J1。,mapping_relation=source_bin_spans_multiple_base_bins; total_rule=source_question
build_income_expenditure_crosswalk.py,EXP_FOOD,家庭支出,EXP_FOOD,食品飲食支出,range_overlap,2002,91_2,23-1,J1,1,4,1萬至未滿2萬元,5.0,"10,000-11,999 元",source_bin_spans_multiple_base_bins,食品消費是多少？（日常生活吃的部分，但不包括酒、茶、檳榔）,question_options_91_2.csv,91 食品消費；95 之後為買菜/飲料/零食等。 103基準題號：J1。,mapping_relation=source_bin_spans_multiple_base_bins; total_rule=source_question
build_income_expenditure_crosswalk.py,EXP_FOOD,家庭支出,EXP_FOOD,食品飲食支出,range_overlap,2002,91_2,23-1,J1,2,4,1萬至未滿2萬元,6.0,"12,000-14,999 元",source_bin_spans_multiple_base_bins,食品消費是多少？（日常生活吃的部分，但不包括酒、茶、檳榔）,question_options_91_2.csv,91 食品消費；95 之後為買菜/飲料/零食等。 103基準題號：J1。,mapping_relation=source_bin_spans_multiple_base_bins; total_rule=source_question
build_income_expenditure_crosswalk.py,EXP_FOOD,家庭支出,EXP_FOOD,食品飲食支出,range_overlap,2002,91_2,23-1,J1,3,4,1萬至未滿2萬元,7.0,"15,000-19,999 元",source_bin_spans_multiple_base_bins,食品消費是多少？（日常生活吃的部分，但不包括酒、茶、檳榔）,question_options_91_2.csv,91 食品消費；95 之後為買菜/飲料/零食等。 103基準題號：J1。,mapping_relation=source_bin_spans_multiple_base_bins; total_rule=source_question
build_income_expenditure_crosswalk.py,EXP_FOOD,家庭支出,EXP_FOOD,食品飲食支出,range_overlap,2002,91_2,23-1,J1,1,5,2萬元至未滿3萬元,8.0,"20,000-29,999 元",exact_range,食品消費是多少？（日常生活吃的部分，但不包括酒、茶、檳榔）,question_options_91_2.csv,91 食品消費；95 之後為買菜/飲料/零食等。 103基準題號：J1。,mapping_relation=exact_range; total_rule=source_question
build_income_expenditure_crosswalk.py,EXP_FOOD,家庭支出,EXP_FOOD,食品飲食支出,range_overlap,2002,91_2,23-1,J1,1,6,3萬元至未滿4萬元,9.0,"30,000-39,999 元",exact_range,食品消費是多少？（日常生活吃的部分，但不包括酒、茶、檳榔）,question_options_91_2.csv,91 食品消費；95 之後為買菜/飲料/零食等。 103基準題號：J1。,mapping_relation=exact_range; total_rule=source_question
build_income_expenditure_crosswalk.py,EXP_FOOD,家庭支出,EXP_FOOD,食品飲食支出,range_overlap,2002,91_2,23-1,J1,1,7,4萬元至未滿5萬元,10.0,"40,000-49,999 元",exact_range,食品消費是多少？（日常生活吃的部分，但不包括酒、茶、檳榔）,question_options_91_2.csv,91 食品消費；95 之後為買菜/飲料/零食等。 103基準題號：J1。,mapping_relation=exact_range; total_rule=source_question
build_income_expenditure_crosswalk.py,EXP_FOOD,家庭支出,EXP_FOOD,食品飲食支出,range_overlap,2002,91_2,23-1,J1,1,8,5萬元以上（請記錄 元）,11.0,"50,000-59,999 元",source_bin_spans_multiple_base_bins,食品消費是多少？（日常生活吃的部分，但不包括酒、茶、檳榔）,question_options_91_2.csv,91 食品消費；95 之後為買菜/飲料/零食等。 103基準題號：J1。,mapping_relation=source_bin_spans_multiple_base_bins; total_rule=source_question
build_income_expenditure_crosswalk.py,EXP_FOOD,家庭支出,EXP_FOOD,食品飲食支出,range_overlap,2002,91_2,23-1,J1,2,8,5萬元以上（請記錄 元）,12.0,"60,000-69,999 元",source_bin_spans_multiple_base_bins,食品消費是多少？（日常生活吃的部分，但不包括酒、茶、檳榔）,question_options_91_2.csv,91 食品消費；95 之後為買菜/飲料/零食等。 103基準題號：J1。,mapping_relation=source_bin_spans_multiple_base_bins; total_rule=source_question
build_income_expenditure_crosswalk.py,EXP_FOOD,家庭支出,EXP_FOOD,食品飲食支出,range_overlap,2002,91_2,23-1,J1,3,8,5萬元以上（請記錄 元）,13.0,"70,000 元及以上，請記錄______________元",source_bin_spans_multiple_base_bins,食品消費是多少？（日常生活吃的部分，但不包括酒、茶、檳榔）,question_options_91_2.csv,91 食品消費；95 之後為買菜/飲料/零食等。 103基準題號：J1。,mapping_relation=source_bin_spans_multiple_base_bins; total_rule=source_question
build_income_expenditure_crosswalk.py,EXP_FOOD,家庭支出,EXP_FOOD,食品飲食支出,range_overlap,2006,95,Q12-1,J1,1,1.0,"2,999元及以下",1.0,"2,999 元及以下",exact_range,請問您全家每個月用在支付「吃飯、蔬菜魚肉、水果、飲料費等」的費用,question_options_95.csv,91 食品消費；95 之後為買菜/飲料/零食等。 103基準題號：J1。,mapping_relation=exact_range; total_rule=source_question
build_income_expenditure_crosswalk.py,EXP_FOOD,家庭支出,EXP_FOOD,食品飲食支出,range_overlap,2006,95,Q12-1,J1,1,2.0,"3,000-4,999元",2.0,"3,000-4,999 元",exact_range,請問您全家每個月用在支付「吃飯、蔬菜魚肉、水果、飲料費等」的費用,question_options_95.csv,91 食品消費；95 之後為買菜/飲料/零食等。 103基準題號：J1。,mapping_relation=exact_range; total_rule=source_question
build_income_expenditure_crosswalk.py,EXP_FOOD,家庭支出,EXP_FOOD,食品飲食支出,range_overlap,2006,95,Q12-1,J1,1,3.0,"5,000-9,999 元",3.0,"5,000-6,999 元",source_bin_spans_multiple_base_bins,請問您全家每個月用在支付「吃飯、蔬菜魚肉、水果、飲料費等」的費用,question_options_95.csv,91 食品消費；95 之後為買菜/飲料/零食等。 103基準題號：J1。,mapping_relation=source_bin_spans_multiple_base_bins; total_rule=source_question
build_income_expenditure_crosswalk.py,EXP_FOOD,家庭支出,EXP_FOOD,食品飲食支出,range_overlap,2006,95,Q12-1,J1,2,3.0,"5,000-9,999 元",4.0,"7,000-9,999 元",source_bin_spans_multiple_base_bins,請問您全家每個月用在支付「吃飯、蔬菜魚肉、水果、飲料費等」的費用,question_options_95.csv,91 食品消費；95 之後為買菜/飲料/零食等。 103基準題號：J1。,mapping_relation=source_bin_spans_multiple_base_bins; total_rule=source_question
build_income_expenditure_crosswalk.py,EXP_FOOD,家庭支出,EXP_FOOD,食品飲食支出,range_overlap,2006,95,Q12-1,J1,1,4.0,"10,000-14,999元",5.0,"10,000-11,999 元",source_bin_spans_multiple_base_bins,請問您全家每個月用在支付「吃飯、蔬菜魚肉、水果、飲料費等」的費用,question_options_95.csv,91 食品消費；95 之後為買菜/飲料/零食等。 103基準題號：J1。,mapping_relation=source_bin_spans_multiple_base_bins; total_rule=source_question
build_income_expenditure_crosswalk.py,EXP_FOOD,家庭支出,EXP_FOOD,食品飲食支出,range_overlap,2006,95,Q12-1,J1,2,4.0,"10,000-14,999元",6.0,"12,000-14,999 元",source_bin_spans_multiple_base_bins,請問您全家每個月用在支付「吃飯、蔬菜魚肉、水果、飲料費等」的費用,question_options_95.csv,91 食品消費；95 之後為買菜/飲料/零食等。 103基準題號：J1。,mapping_relation=source_bin_spans_multiple_base_bins; total_rule=source_question
build_income_expenditure_crosswalk.py,EXP_FOOD,家庭支出,EXP_FOOD,食品飲食支出,range_overlap,2006,95,Q12-1,J1,1,5.0,"15,000-19,999 元",7.0,"15,000-19,999 元",exact_range,請問您全家每個月用在支付「吃飯、蔬菜魚肉、水果、飲料費等」的費用,question_options_95.csv,91 食品消費；95 之後為買菜/飲料/零食等。 103基準題號：J1。,mapping_relation=exact_range; total_rule=source_question
build_income_expenditure_crosswalk.py,EXP_FOOD,家庭支出,EXP_FOOD,食品飲食支出,range_overlap,2006,95,Q12-1,J1,1,6.0,"20,000-29,999元",8.0,"20,000-29,999 元",exact_range,請問您全家每個月用在支付「吃飯、蔬菜魚肉、水果、飲料費等」的費用,question_options_95.csv,91 食品消費；95 之後為買菜/飲料/零食等。 103基準題號：J1。,mapping_relation=exact_range; total_rule=source_question
build_income_expenditure_crosswalk.py,EXP_FOOD,家庭支出,EXP_FOOD,食品飲食支出,range_overlap,2006,95,Q12-1,J1,1,7.0,"30,000-39,999 元",9.0,"30,000-39,999 元",exact_range,請問您全家每個月用在支付「吃飯、蔬菜魚肉、水果、飲料費等」的費用,question_options_95.csv,91 食品消費；95 之後為買菜/飲料/零食等。 103基準題號：J1。,mapping_relation=exact_range; total_rule=source_question
build_income_expenditure_crosswalk.py,EXP_FOOD,家庭支出,EXP_FOOD,食品飲食支出,range_overlap,2006,95,Q12-1,J1,1,8.0,"40,000-49,999元",10.0,"40,000-49,999 元",exact_range,請問您全家每個月用在支付「吃飯、蔬菜魚肉、水果、飲料費等」的費用,question_options_95.csv,91 食品消費；95 之後為買菜/飲料/零食等。 103基準題號：J1。,mapping_relation=exact_range; total_rule=source_question
build_income_expenditure_crosswalk.py,EXP_FOOD,家庭支出,EXP_FOOD,食品飲食支出,range_overlap,2006,95,Q12-1,J1,1,9.0,"50,000-59,999 元",11.0,"50,000-59,999 元",exact_range,請問您全家每個月用在支付「吃飯、蔬菜魚肉、水果、飲料費等」的費用,question_options_95.csv,91 食品消費；95 之後為買菜/飲料/零食等。 103基準題號：J1。,mapping_relation=exact_range; total_rule=source_question
build_income_expenditure_crosswalk.py,EXP_FOOD,家庭支出,EXP_FOOD,食品飲食支出,range_overlap,2006,95,Q12-1,J1,1,10.0,"60,000-69,999元",12.0,"60,000-69,999 元",exact_range,請問您全家每個月用在支付「吃飯、蔬菜魚肉、水果、飲料費等」的費用,question_options_95.csv,91 食品消費；95 之後為買菜/飲料/零食等。 103基準題號：J1。,mapping_relation=exact_range; total_rule=source_question
build_income_expenditure_crosswalk.py,EXP_FOOD,家庭支出,EXP_FOOD,食品飲食支出,range_overlap,2006,95,Q12-1,J1,1,90.0,"70,000元及以上，請記錄 元",13.0,"70,000 元及以上，請記錄______________元",exact_open_upper,請問您全家每個月用在支付「吃飯、蔬菜魚肉、水果、飲料費等」的費用,question_options_95.csv,91 食品消費；95 之後為買菜/飲料/零食等。 103基準題號：J1。,mapping_relation=exact_open_upper; total_rule=source_question
build_income_expenditure_crosswalk.py,EXP_FOOD,家庭支出,EXP_FOOD,食品飲食支出,range_overlap,2006,95,Q12-1,J1,1,95.0,沒有這項支出,,,no_matching_103_option_bin,請問您全家每個月用在支付「吃飯、蔬菜魚肉、水果、飲料費等」的費用,question_options_95.csv,91 食品消費；95 之後為買菜/飲料/零食等。 103基準題號：J1。,mapping_relation=no_matching_103_option_bin; total_rule=source_question
build_income_expenditure_crosswalk.py,EXP_FOOD,家庭支出,EXP_FOOD,食品飲食支出,range_overlap,2010,99,J1,J1,1,2,"2,999 元及以下",1.0,"2,999 元及以下",exact_range,"請問您全家每個月用在支付「吃飯、蔬菜魚肉、水果、飲料費等」的費用是多少？【過去ㄧ年帄均每個月的金額】,",question_options_99.csv,91 食品消費；95 之後為買菜/飲料/零食等。 103基準題號：J1。,mapping_relation=exact_range; total_rule=source_question
build_income_expenditure_crosswalk.py,EXP_FOOD,家庭支出,EXP_FOOD,食品飲食支出,range_overlap,2010,99,J1,J1,1,3,"3,000-4,999 元",2.0,"3,000-4,999 元",exact_range,"請問您全家每個月用在支付「吃飯、蔬菜魚肉、水果、飲料費等」的費用是多少？【過去ㄧ年帄均每個月的金額】,",question_options_99.csv,91 食品消費；95 之後為買菜/飲料/零食等。 103基準題號：J1。,mapping_relation=exact_range; total_rule=source_question
build_income_expenditure_crosswalk.py,EXP_FOOD,家庭支出,EXP_FOOD,食品飲食支出,range_overlap,2010,99,J1,J1,1,5,"5,000-9,999 元",3.0,"5,000-6,999 元",source_bin_spans_multiple_base_bins,"請問您全家每個月用在支付「吃飯、蔬菜魚肉、水果、飲料費等」的費用是多少？【過去ㄧ年帄均每個月的金額】,",question_options_99.csv,91 食品消費；95 之後為買菜/飲料/零食等。 103基準題號：J1。,mapping_relation=source_bin_spans_multiple_base_bins; total_rule=source_question
build_income_expenditure_crosswalk.py,EXP_FOOD,家庭支出,EXP_FOOD,食品飲食支出,range_overlap,2010,99,J1,J1,2,5,"5,000-9,999 元",4.0,"7,000-9,999 元",source_bin_spans_multiple_base_bins,"請問您全家每個月用在支付「吃飯、蔬菜魚肉、水果、飲料費等」的費用是多少？【過去ㄧ年帄均每個月的金額】,",question_options_99.csv,91 食品消費；95 之後為買菜/飲料/零食等。 103基準題號：J1。,mapping_relation=source_bin_spans_multiple_base_bins; total_rule=source_question
build_income_expenditure_crosswalk.py,EXP_FOOD,家庭支出,EXP_FOOD,食品飲食支出,range_overlap,2010,99,J1,J1,1,10,"10,000-14,999 元",5.0,"10,000-11,999 元",source_bin_spans_multiple_base_bins,"請問您全家每個月用在支付「吃飯、蔬菜魚肉、水果、飲料費等」的費用是多少？【過去ㄧ年帄均每個月的金額】,",question_options_99.csv,91 食品消費；95 之後為買菜/飲料/零食等。 103基準題號：J1。,mapping_relation=source_bin_spans_multiple_base_bins; total_rule=source_question
build_income_expenditure_crosswalk.py,EXP_FOOD,家庭支出,EXP_FOOD,食品飲食支出,range_overlap,2010,99,J1,J1,2,10,"10,000-14,999 元",6.0,"12,000-14,999 元",source_bin_spans_multiple_base_bins,"請問您全家每個月用在支付「吃飯、蔬菜魚肉、水果、飲料費等」的費用是多少？【過去ㄧ年帄均每個月的金額】,",question_options_99.csv,91 食品消費；95 之後為買菜/飲料/零食等。 103基準題號：J1。,mapping_relation=source_bin_spans_multiple_base_bins; total_rule=source_question
build_income_expenditure_crosswalk.py,EXP_FOOD,家庭支出,EXP_FOOD,食品飲食支出,range_overlap,2010,99,J1,J1,1,15,"15,000-19,999 元",7.0,"15,000-19,999 元",exact_range,"請問您全家每個月用在支付「吃飯、蔬菜魚肉、水果、飲料費等」的費用是多少？【過去ㄧ年帄均每個月的金額】,",question_options_99.csv,91 食品消費；95 之後為買菜/飲料/零食等。 103基準題號：J1。,mapping_relation=exact_range; total_rule=source_question
build_income_expenditure_crosswalk.py,EXP_FOOD,家庭支出,EXP_FOOD,食品飲食支出,range_overlap,2010,99,J1,J1,1,20,"20,000-29,999 元",8.0,"20,000-29,999 元",exact_range,"請問您全家每個月用在支付「吃飯、蔬菜魚肉、水果、飲料費等」的費用是多少？【過去ㄧ年帄均每個月的金額】,",question_options_99.csv,91 食品消費；95 之後為買菜/飲料/零食等。 103基準題號：J1。,mapping_relation=exact_range; total_rule=source_question
build_income_expenditure_crosswalk.py,EXP_FOOD,家庭支出,EXP_FOOD,食品飲食支出,range_overlap,2010,99,J1,J1,1,30,"30,000-39,999 元",9.0,"30,000-39,999 元",exact_range,"請問您全家每個月用在支付「吃飯、蔬菜魚肉、水果、飲料費等」的費用是多少？【過去ㄧ年帄均每個月的金額】,",question_options_99.csv,91 食品消費；95 之後為買菜/飲料/零食等。 103基準題號：J1。,mapping_relation=exact_range; total_rule=source_question
build_income_expenditure_crosswalk.py,EXP_FOOD,家庭支出,EXP_FOOD,食品飲食支出,range_overlap,2010,99,J1,J1,1,40,"40,000-49,999 元",10.0,"40,000-49,999 元",exact_range,"請問您全家每個月用在支付「吃飯、蔬菜魚肉、水果、飲料費等」的費用是多少？【過去ㄧ年帄均每個月的金額】,",question_options_99.csv,91 食品消費；95 之後為買菜/飲料/零食等。 103基準題號：J1。,mapping_relation=exact_range; total_rule=source_question
build_income_expenditure_crosswalk.py,EXP_FOOD,家庭支出,EXP_FOOD,食品飲食支出,range_overlap,2010,99,J1,J1,1,50,"50,000-59,999 元",11.0,"50,000-59,999 元",exact_range,"請問您全家每個月用在支付「吃飯、蔬菜魚肉、水果、飲料費等」的費用是多少？【過去ㄧ年帄均每個月的金額】,",question_options_99.csv,91 食品消費；95 之後為買菜/飲料/零食等。 103基準題號：J1。,mapping_relation=exact_range; total_rule=source_question
build_income_expenditure_crosswalk.py,EXP_FOOD,家庭支出,EXP_FOOD,食品飲食支出,range_overlap,2010,99,J1,J1,1,60,"60,000-69,999 元",12.0,"60,000-69,999 元",exact_range,"請問您全家每個月用在支付「吃飯、蔬菜魚肉、水果、飲料費等」的費用是多少？【過去ㄧ年帄均每個月的金額】,",question_options_99.csv,91 食品消費；95 之後為買菜/飲料/零食等。 103基準題號：J1。,mapping_relation=exact_range; total_rule=source_question
build_income_expenditure_crosswalk.py,EXP_FOOD,家庭支出,EXP_FOOD,食品飲食支出,range_overlap,2010,99,J1,J1,1,70,"70,000 元及以上，請記錄 元",13.0,"70,000 元及以上，請記錄______________元",exact_open_upper,"請問您全家每個月用在支付「吃飯、蔬菜魚肉、水果、飲料費等」的費用是多少？【過去ㄧ年帄均每個月的金額】,",question_options_99.csv,91 食品消費；95 之後為買菜/飲料/零食等。 103基準題號：J1。,mapping_relation=exact_open_upper; total_rule=source_question
build_income_expenditure_crosswalk.py,EXP_FOOD,家庭支出,EXP_FOOD,食品飲食支出,range_overlap,2014,103,J1,J1,1,1.0,"2,999 元及以下",1.0,"2,999 元及以下",exact_range,請問您全家每個月用在支付「買菜、水果、非酒精飲料費、零食等」的費用是多少？【過去ㄧ年,question_options_103.csv,91 食品消費；95 之後為買菜/飲料/零食等。 103基準題號：J1。,mapping_relation=exact_range; total_rule=source_question
build_income_expenditure_crosswalk.py,EXP_FOOD,家庭支出,EXP_FOOD,食品飲食支出,range_overlap,2014,103,J1,J1,1,2.0,"3,000-4,999 元",2.0,"3,000-4,999 元",exact_range,請問您全家每個月用在支付「買菜、水果、非酒精飲料費、零食等」的費用是多少？【過去ㄧ年,question_options_103.csv,91 食品消費；95 之後為買菜/飲料/零食等。 103基準題號：J1。,mapping_relation=exact_range; total_rule=source_question
build_income_expenditure_crosswalk.py,EXP_FOOD,家庭支出,EXP_FOOD,食品飲食支出,range_overlap,2014,103,J1,J1,1,3.0,"5,000-6,999 元",3.0,"5,000-6,999 元",exact_range,請問您全家每個月用在支付「買菜、水果、非酒精飲料費、零食等」的費用是多少？【過去ㄧ年,question_options_103.csv,91 食品消費；95 之後為買菜/飲料/零食等。 103基準題號：J1。,mapping_relation=exact_range; total_rule=source_question
build_income_expenditure_crosswalk.py,EXP_FOOD,家庭支出,EXP_FOOD,食品飲食支出,range_overlap,2014,103,J1,J1,1,4.0,"7,000-9,999 元",4.0,"7,000-9,999 元",exact_range,請問您全家每個月用在支付「買菜、水果、非酒精飲料費、零食等」的費用是多少？【過去ㄧ年,question_options_103.csv,91 食品消費；95 之後為買菜/飲料/零食等。 103基準題號：J1。,mapping_relation=exact_range; total_rule=source_question
build_income_expenditure_crosswalk.py,EXP_FOOD,家庭支出,EXP_FOOD,食品飲食支出,range_overlap,2014,103,J1,J1,1,5.0,"10,000-11,999 元",5.0,"10,000-11,999 元",exact_range,請問您全家每個月用在支付「買菜、水果、非酒精飲料費、零食等」的費用是多少？【過去ㄧ年,question_options_103.csv,91 食品消費；95 之後為買菜/飲料/零食等。 103基準題號：J1。,mapping_relation=exact_range; total_rule=source_question
build_income_expenditure_crosswalk.py,EXP_FOOD,家庭支出,EXP_FOOD,食品飲食支出,range_overlap,2014,103,J1,J1,1,6.0,"12,000-14,999 元",6.0,"12,000-14,999 元",exact_range,請問您全家每個月用在支付「買菜、水果、非酒精飲料費、零食等」的費用是多少？【過去ㄧ年,question_options_103.csv,91 食品消費；95 之後為買菜/飲料/零食等。 103基準題號：J1。,mapping_relation=exact_range; total_rule=source_question
build_income_expenditure_crosswalk.py,EXP_FOOD,家庭支出,EXP_FOOD,食品飲食支出,range_overlap,2014,103,J1,J1,1,7.0,"15,000-19,999 元",7.0,"15,000-19,999 元",exact_range,請問您全家每個月用在支付「買菜、水果、非酒精飲料費、零食等」的費用是多少？【過去ㄧ年,question_options_103.csv,91 食品消費；95 之後為買菜/飲料/零食等。 103基準題號：J1。,mapping_relation=exact_range; total_rule=source_question
build_income_expenditure_crosswalk.py,EXP_FOOD,家庭支出,EXP_FOOD,食品飲食支出,range_overlap,2014,103,J1,J1,1,8.0,"20,000-29,999 元",8.0,"20,000-29,999 元",exact_range,請問您全家每個月用在支付「買菜、水果、非酒精飲料費、零食等」的費用是多少？【過去ㄧ年,question_options_103.csv,91 食品消費；95 之後為買菜/飲料/零食等。 103基準題號：J1。,mapping_relation=exact_range; total_rule=source_question
build_income_expenditure_crosswalk.py,EXP_FOOD,家庭支出,EXP_FOOD,食品飲食支出,range_overlap,2014,103,J1,J1,1,9.0,"30,000-39,999 元",9.0,"30,000-39,999 元",exact_range,請問您全家每個月用在支付「買菜、水果、非酒精飲料費、零食等」的費用是多少？【過去ㄧ年,question_options_103.csv,91 食品消費；95 之後為買菜/飲料/零食等。 103基準題號：J1。,mapping_relation=exact_range; total_rule=source_question
build_income_expenditure_crosswalk.py,EXP_FOOD,家庭支出,EXP_FOOD,食品飲食支出,range_overlap,2014,103,J1,J1,1,10.0,"40,000-49,999 元",10.0,"40,000-49,999 元",exact_range,請問您全家每個月用在支付「買菜、水果、非酒精飲料費、零食等」的費用是多少？【過去ㄧ年,question_options_103.csv,91 食品消費；95 之後為買菜/飲料/零食等。 103基準題號：J1。,mapping_relation=exact_range; total_rule=source_question
build_income_expenditure_crosswalk.py,EXP_FOOD,家庭支出,EXP_FOOD,食品飲食支出,range_overlap,2014,103,J1,J1,1,11.0,"50,000-59,999 元",11.0,"50,000-59,999 元",exact_range,請問您全家每個月用在支付「買菜、水果、非酒精飲料費、零食等」的費用是多少？【過去ㄧ年,question_options_103.csv,91 食品消費；95 之後為買菜/飲料/零食等。 103基準題號：J1。,mapping_relation=exact_range; total_rule=source_question
build_income_expenditure_crosswalk.py,EXP_FOOD,家庭支出,EXP_FOOD,食品飲食支出,range_overlap,2014,103,J1,J1,1,12.0,"60,000-69,999 元",12.0,"60,000-69,999 元",exact_range,請問您全家每個月用在支付「買菜、水果、非酒精飲料費、零食等」的費用是多少？【過去ㄧ年,question_options_103.csv,91 食品消費；95 之後為買菜/飲料/零食等。 103基準題號：J1。,mapping_relation=exact_range; total_rule=source_question
build_income_expenditure_crosswalk.py,EXP_FOOD,家庭支出,EXP_FOOD,食品飲食支出,range_overlap,2014,103,J1,J1,1,13.0,"70,000 元及以上，請記錄______________元",13.0,"70,000 元及以上，請記錄______________元",exact_open_upper,請問您全家每個月用在支付「買菜、水果、非酒精飲料費、零食等」的費用是多少？【過去ㄧ年,question_options_103.csv,91 食品消費；95 之後為買菜/飲料/零食等。 103基準題號：J1。,mapping_relation=exact_open_upper; total_rule=source_question
build_income_expenditure_crosswalk.py,EXP_FOOD,家庭支出,EXP_FOOD,食品飲食支出,range_overlap,2017,106,M1,J1,1,1.0,"未滿3,000元",1.0,"2,999 元及以下",source_bin_spans_multiple_base_bins,請問您全家每個月用在支付「買米/肉/菜、水果、非酒精飲料費、糖果零食等」的費用是多,question_options_106.csv,91 食品消費；95 之後為買菜/飲料/零食等。 103基準題號：J1。,mapping_relation=source_bin_spans_multiple_base_bins; total_rule=source_question
build_income_expenditure_crosswalk.py,EXP_FOOD,家庭支出,EXP_FOOD,食品飲食支出,range_overlap,2017,106,M1,J1,1,2.0,"3,000 元-未滿5,000元",2.0,"3,000-4,999 元",exact_range,請問您全家每個月用在支付「買米/肉/菜、水果、非酒精飲料費、糖果零食等」的費用是多,question_options_106.csv,91 食品消費；95 之後為買菜/飲料/零食等。 103基準題號：J1。,mapping_relation=exact_range; total_rule=source_question
build_income_expenditure_crosswalk.py,EXP_FOOD,家庭支出,EXP_FOOD,食品飲食支出,range_overlap,2017,106,M1,J1,1,3.0,"5,000 元-未滿7,000元",3.0,"5,000-6,999 元",exact_range,請問您全家每個月用在支付「買米/肉/菜、水果、非酒精飲料費、糖果零食等」的費用是多,question_options_106.csv,91 食品消費；95 之後為買菜/飲料/零食等。 103基準題號：J1。,mapping_relation=exact_range; total_rule=source_question
build_income_expenditure_crosswalk.py,EXP_FOOD,家庭支出,EXP_FOOD,食品飲食支出,range_overlap,2017,106,M1,J1,1,4.0,"7,000 元-未滿10,000元",4.0,"7,000-9,999 元",exact_range,請問您全家每個月用在支付「買米/肉/菜、水果、非酒精飲料費、糖果零食等」的費用是多,question_options_106.csv,91 食品消費；95 之後為買菜/飲料/零食等。 103基準題號：J1。,mapping_relation=exact_range; total_rule=source_question
build_income_expenditure_crosswalk.py,EXP_FOOD,家庭支出,EXP_FOOD,食品飲食支出,range_overlap,2017,106,M1,J1,1,5.0,"10,000 元-未滿12,000元",5.0,"10,000-11,999 元",exact_range,請問您全家每個月用在支付「買米/肉/菜、水果、非酒精飲料費、糖果零食等」的費用是多,question_options_106.csv,91 食品消費；95 之後為買菜/飲料/零食等。 103基準題號：J1。,mapping_relation=exact_range; total_rule=source_question
build_income_expenditure_crosswalk.py,EXP_FOOD,家庭支出,EXP_FOOD,食品飲食支出,range_overlap,2017,106,M1,J1,1,6.0,"12,000 元-未滿15,000元",6.0,"12,000-14,999 元",exact_range,請問您全家每個月用在支付「買米/肉/菜、水果、非酒精飲料費、糖果零食等」的費用是多,question_options_106.csv,91 食品消費；95 之後為買菜/飲料/零食等。 103基準題號：J1。,mapping_relation=exact_range; total_rule=source_question
build_income_expenditure_crosswalk.py,EXP_FOOD,家庭支出,EXP_FOOD,食品飲食支出,range_overlap,2017,106,M1,J1,1,7.0,"15,000 元-未滿20,000元",7.0,"15,000-19,999 元",exact_range,請問您全家每個月用在支付「買米/肉/菜、水果、非酒精飲料費、糖果零食等」的費用是多,question_options_106.csv,91 食品消費；95 之後為買菜/飲料/零食等。 103基準題號：J1。,mapping_relation=exact_range; total_rule=source_question
build_income_expenditure_crosswalk.py,EXP_FOOD,家庭支出,EXP_FOOD,食品飲食支出,range_overlap,2017,106,M1,J1,1,8.0,"20,000 元-未滿30,000元",8.0,"20,000-29,999 元",exact_range,請問您全家每個月用在支付「買米/肉/菜、水果、非酒精飲料費、糖果零食等」的費用是多,question_options_106.csv,91 食品消費；95 之後為買菜/飲料/零食等。 103基準題號：J1。,mapping_relation=exact_range; total_rule=source_question
build_income_expenditure_crosswalk.py,EXP_FOOD,家庭支出,EXP_FOOD,食品飲食支出,range_overlap,2017,106,M1,J1,1,9.0,"30,000 元-未滿40,000元",9.0,"30,000-39,999 元",exact_range,請問您全家每個月用在支付「買米/肉/菜、水果、非酒精飲料費、糖果零食等」的費用是多,question_options_106.csv,91 食品消費；95 之後為買菜/飲料/零食等。 103基準題號：J1。,mapping_relation=exact_range; total_rule=source_question
build_income_expenditure_crosswalk.py,EXP_FOOD,家庭支出,EXP_FOOD,食品飲食支出,range_overlap,2017,106,M1,J1,1,10.0,"40,000 元-未滿50,000元",10.0,"40,000-49,999 元",exact_range,請問您全家每個月用在支付「買米/肉/菜、水果、非酒精飲料費、糖果零食等」的費用是多,question_options_106.csv,91 食品消費；95 之後為買菜/飲料/零食等。 103基準題號：J1。,mapping_relation=exact_range; total_rule=source_question
build_income_expenditure_crosswalk.py,EXP_FOOD,家庭支出,EXP_FOOD,食品飲食支出,range_overlap,2017,106,M1,J1,1,11.0,"50,000元-未滿60,000元",11.0,"50,000-59,999 元",exact_range,請問您全家每個月用在支付「買米/肉/菜、水果、非酒精飲料費、糖果零食等」的費用是多,question_options_106.csv,91 食品消費；95 之後為買菜/飲料/零食等。 103基準題號：J1。,mapping_relation=exact_range; total_rule=source_question
build_income_expenditure_crosswalk.py,EXP_FOOD,家庭支出,EXP_FOOD,食品飲食支出,range_overlap,2017,106,M1,J1,1,12.0,"60,000元-未滿70,000元",12.0,"60,000-69,999 元",exact_range,請問您全家每個月用在支付「買米/肉/菜、水果、非酒精飲料費、糖果零食等」的費用是多,question_options_106.csv,91 食品消費；95 之後為買菜/飲料/零食等。 103基準題號：J1。,mapping_relation=exact_range; total_rule=source_question
build_income_expenditure_crosswalk.py,EXP_FOOD,家庭支出,EXP_FOOD,食品飲食支出,range_overlap,2017,106,M1,J1,1,13.0,"70,000 元以上，請記錄______________元",13.0,"70,000 元及以上，請記錄______________元",exact_open_upper,請問您全家每個月用在支付「買米/肉/菜、水果、非酒精飲料費、糖果零食等」的費用是多,question_options_106.csv,91 食品消費；95 之後為買菜/飲料/零食等。 103基準題號：J1。,mapping_relation=exact_open_upper; total_rule=source_question
build_income_expenditure_crosswalk.py,EXP_FOOD,家庭支出,EXP_FOOD,食品飲食支出,range_overlap,2021,110,H1,J1,1,1.0,"未滿3,000元",1.0,"2,999 元及以下",source_bin_spans_multiple_base_bins,請問您全家每個月用在支付「買米/肉/菜、水果、非酒精飲料費、糖果零食等」的費用是多少？,question_options_110.csv,91 食品消費；95 之後為買菜/飲料/零食等。 103基準題號：J1。,mapping_relation=source_bin_spans_multiple_base_bins; total_rule=source_question
build_income_expenditure_crosswalk.py,EXP_FOOD,家庭支出,EXP_FOOD,食品飲食支出,range_overlap,2021,110,H1,J1,1,2.0,"3,000 元-未滿5,000元",2.0,"3,000-4,999 元",exact_range,請問您全家每個月用在支付「買米/肉/菜、水果、非酒精飲料費、糖果零食等」的費用是多少？,question_options_110.csv,91 食品消費；95 之後為買菜/飲料/零食等。 103基準題號：J1。,mapping_relation=exact_range; total_rule=source_question
build_income_expenditure_crosswalk.py,EXP_FOOD,家庭支出,EXP_FOOD,食品飲食支出,range_overlap,2021,110,H1,J1,1,3.0,"5,000 元-未滿7,000元",3.0,"5,000-6,999 元",exact_range,請問您全家每個月用在支付「買米/肉/菜、水果、非酒精飲料費、糖果零食等」的費用是多少？,question_options_110.csv,91 食品消費；95 之後為買菜/飲料/零食等。 103基準題號：J1。,mapping_relation=exact_range; total_rule=source_question
build_income_expenditure_crosswalk.py,EXP_FOOD,家庭支出,EXP_FOOD,食品飲食支出,range_overlap,2021,110,H1,J1,1,4.0,"7,000 元-未滿10,000元",4.0,"7,000-9,999 元",exact_range,請問您全家每個月用在支付「買米/肉/菜、水果、非酒精飲料費、糖果零食等」的費用是多少？,question_options_110.csv,91 食品消費；95 之後為買菜/飲料/零食等。 103基準題號：J1。,mapping_relation=exact_range; total_rule=source_question
build_income_expenditure_crosswalk.py,EXP_FOOD,家庭支出,EXP_FOOD,食品飲食支出,range_overlap,2021,110,H1,J1,1,5.0,"10,000 元-未滿12,000元",5.0,"10,000-11,999 元",exact_range,請問您全家每個月用在支付「買米/肉/菜、水果、非酒精飲料費、糖果零食等」的費用是多少？,question_options_110.csv,91 食品消費；95 之後為買菜/飲料/零食等。 103基準題號：J1。,mapping_relation=exact_range; total_rule=source_question
build_income_expenditure_crosswalk.py,EXP_FOOD,家庭支出,EXP_FOOD,食品飲食支出,range_overlap,2021,110,H1,J1,1,6.0,"12,000 元-未滿15,000元",6.0,"12,000-14,999 元",exact_range,請問您全家每個月用在支付「買米/肉/菜、水果、非酒精飲料費、糖果零食等」的費用是多少？,question_options_110.csv,91 食品消費；95 之後為買菜/飲料/零食等。 103基準題號：J1。,mapping_relation=exact_range; total_rule=source_question
build_income_expenditure_crosswalk.py,EXP_FOOD,家庭支出,EXP_FOOD,食品飲食支出,range_overlap,2021,110,H1,J1,1,7.0,"15,000 元-未滿20,000元",7.0,"15,000-19,999 元",exact_range,請問您全家每個月用在支付「買米/肉/菜、水果、非酒精飲料費、糖果零食等」的費用是多少？,question_options_110.csv,91 食品消費；95 之後為買菜/飲料/零食等。 103基準題號：J1。,mapping_relation=exact_range; total_rule=source_question
build_income_expenditure_crosswalk.py,EXP_FOOD,家庭支出,EXP_FOOD,食品飲食支出,range_overlap,2021,110,H1,J1,1,8.0,"20,000 元-未滿30,000元",8.0,"20,000-29,999 元",exact_range,請問您全家每個月用在支付「買米/肉/菜、水果、非酒精飲料費、糖果零食等」的費用是多少？,question_options_110.csv,91 食品消費；95 之後為買菜/飲料/零食等。 103基準題號：J1。,mapping_relation=exact_range; total_rule=source_question
build_income_expenditure_crosswalk.py,EXP_FOOD,家庭支出,EXP_FOOD,食品飲食支出,range_overlap,2021,110,H1,J1,1,9.0,"30,000 元-未滿40,000元",9.0,"30,000-39,999 元",exact_range,請問您全家每個月用在支付「買米/肉/菜、水果、非酒精飲料費、糖果零食等」的費用是多少？,question_options_110.csv,91 食品消費；95 之後為買菜/飲料/零食等。 103基準題號：J1。,mapping_relation=exact_range; total_rule=source_question
build_income_expenditure_crosswalk.py,EXP_FOOD,家庭支出,EXP_FOOD,食品飲食支出,range_overlap,2021,110,H1,J1,1,10.0,"40,000 元-未滿50,000元",10.0,"40,000-49,999 元",exact_range,請問您全家每個月用在支付「買米/肉/菜、水果、非酒精飲料費、糖果零食等」的費用是多少？,question_options_110.csv,91 食品消費；95 之後為買菜/飲料/零食等。 103基準題號：J1。,mapping_relation=exact_range; total_rule=source_question
build_income_expenditure_crosswalk.py,EXP_FOOD,家庭支出,EXP_FOOD,食品飲食支出,range_overlap,2021,110,H1,J1,1,11.0,"50,000 元-未滿60,000元",11.0,"50,000-59,999 元",exact_range,請問您全家每個月用在支付「買米/肉/菜、水果、非酒精飲料費、糖果零食等」的費用是多少？,question_options_110.csv,91 食品消費；95 之後為買菜/飲料/零食等。 103基準題號：J1。,mapping_relation=exact_range; total_rule=source_question
build_income_expenditure_crosswalk.py,EXP_FOOD,家庭支出,EXP_FOOD,食品飲食支出,range_overlap,2021,110,H1,J1,1,12.0,"60,000元-未滿70,000元",12.0,"60,000-69,999 元",exact_range,請問您全家每個月用在支付「買米/肉/菜、水果、非酒精飲料費、糖果零食等」的費用是多少？,question_options_110.csv,91 食品消費；95 之後為買菜/飲料/零食等。 103基準題號：J1。,mapping_relation=exact_range; total_rule=source_question
build_income_expenditure_crosswalk.py,EXP_FOOD,家庭支出,EXP_FOOD,食品飲食支出,range_overlap,2021,110,H1,J1,1,13.0,"70,000 元以上，請記錄______________元",13.0,"70,000 元及以上，請記錄______________元",exact_open_upper,請問您全家每個月用在支付「買米/肉/菜、水果、非酒精飲料費、糖果零食等」的費用是多少？,question_options_110.csv,91 食品消費；95 之後為買菜/飲料/零食等。 103基準題號：J1。,mapping_relation=exact_open_upper; total_rule=source_question
build_income_expenditure_crosswalk.py,EXP_HOUSING_UTIL,家庭支出,EXP_HOUSING_UTIL,房租水電住宅相關支出,question_not_available,2002,91_1,,J2,,,,,,not_available_in_source_dataset,,question_options_91_1.csv,91 無可直接對照之房租水電住宅支出分項。 103基準題號：J2。,mapping_relation=not_available_in_source_dataset; total_rule=source_question
build_income_expenditure_crosswalk.py,EXP_HOUSING_UTIL,家庭支出,EXP_HOUSING_UTIL,房租水電住宅相關支出,question_not_available,2002,91_2,,J2,,,,,,not_available_in_source_dataset,,question_options_91_2.csv,91 無可直接對照之房租水電住宅支出分項。 103基準題號：J2。,mapping_relation=not_available_in_source_dataset; total_rule=source_question
build_income_expenditure_crosswalk.py,EXP_HOUSING_UTIL,家庭支出,EXP_HOUSING_UTIL,房租水電住宅相關支出,range_overlap,2006,95,Q12-2,J2,1,1.0,"2,999元及以下",1.0,999 元及以下,exact_range,請問您全家每個月用在支付「房租、水電瓦斯、住宅裝修等」的費用是多,question_options_95.csv,91 無可直接對照之房租水電住宅支出分項。 103基準題號：J2。,mapping_relation=exact_range; total_rule=source_question
build_income_expenditure_crosswalk.py,EXP_HOUSING_UTIL,家庭支出,EXP_HOUSING_UTIL,房租水電住宅相關支出,range_overlap,2006,95,Q12-2,J2,1,2.0,"3,000-4,999元",6.0,"3,000-4,999 元",exact_range,請問您全家每個月用在支付「房租、水電瓦斯、住宅裝修等」的費用是多,question_options_95.csv,91 無可直接對照之房租水電住宅支出分項。 103基準題號：J2。,mapping_relation=exact_range; total_rule=source_question
build_income_expenditure_crosswalk.py,EXP_HOUSING_UTIL,家庭支出,EXP_HOUSING_UTIL,房租水電住宅相關支出,range_overlap,2006,95,Q12-2,J2,1,3.0,"5,000-9,999 元",7.0,"5,000-9,999 元",exact_range,請問您全家每個月用在支付「房租、水電瓦斯、住宅裝修等」的費用是多,question_options_95.csv,91 無可直接對照之房租水電住宅支出分項。 103基準題號：J2。,mapping_relation=exact_range; total_rule=source_question
build_income_expenditure_crosswalk.py,EXP_HOUSING_UTIL,家庭支出,EXP_HOUSING_UTIL,房租水電住宅相關支出,range_overlap,2006,95,Q12-2,J2,1,4.0,"10,000-14,999元",8.0,"10,000-14,999 元",exact_range,請問您全家每個月用在支付「房租、水電瓦斯、住宅裝修等」的費用是多,question_options_95.csv,91 無可直接對照之房租水電住宅支出分項。 103基準題號：J2。,mapping_relation=exact_range; total_rule=source_question
build_income_expenditure_crosswalk.py,EXP_HOUSING_UTIL,家庭支出,EXP_HOUSING_UTIL,房租水電住宅相關支出,range_overlap,2006,95,Q12-2,J2,1,5.0,"15,000-19,999 元",9.0,"15,000-19,999 元",exact_range,請問您全家每個月用在支付「房租、水電瓦斯、住宅裝修等」的費用是多,question_options_95.csv,91 無可直接對照之房租水電住宅支出分項。 103基準題號：J2。,mapping_relation=exact_range; total_rule=source_question
build_income_expenditure_crosswalk.py,EXP_HOUSING_UTIL,家庭支出,EXP_HOUSING_UTIL,房租水電住宅相關支出,range_overlap,2006,95,Q12-2,J2,1,6.0,"20,000-29,999元 8",10.0,"20,000-29,999 元",exact_range,請問您全家每個月用在支付「房租、水電瓦斯、住宅裝修等」的費用是多,question_options_95.csv,91 無可直接對照之房租水電住宅支出分項。 103基準題號：J2。,mapping_relation=exact_range; total_rule=source_question
build_income_expenditure_crosswalk.py,EXP_HOUSING_UTIL,家庭支出,EXP_HOUSING_UTIL,房租水電住宅相關支出,range_overlap,2006,95,Q12-2,J2,1,7.0,"30,000-39,999 元",11.0,"30,000-39,999 元",exact_range,請問您全家每個月用在支付「房租、水電瓦斯、住宅裝修等」的費用是多,question_options_95.csv,91 無可直接對照之房租水電住宅支出分項。 103基準題號：J2。,mapping_relation=exact_range; total_rule=source_question
build_income_expenditure_crosswalk.py,EXP_HOUSING_UTIL,家庭支出,EXP_HOUSING_UTIL,房租水電住宅相關支出,range_overlap,2006,95,Q12-2,J2,1,8.0,"40,000-49,999元",12.0,"40,000-49,999 元",exact_range,請問您全家每個月用在支付「房租、水電瓦斯、住宅裝修等」的費用是多,question_options_95.csv,91 無可直接對照之房租水電住宅支出分項。 103基準題號：J2。,mapping_relation=exact_range; total_rule=source_question
build_income_expenditure_crosswalk.py,EXP_HOUSING_UTIL,家庭支出,EXP_HOUSING_UTIL,房租水電住宅相關支出,range_overlap,2006,95,Q12-2,J2,1,9.0,"50,000-59,999 元",13.0,"50,000-59,999 元",exact_range,請問您全家每個月用在支付「房租、水電瓦斯、住宅裝修等」的費用是多,question_options_95.csv,91 無可直接對照之房租水電住宅支出分項。 103基準題號：J2。,mapping_relation=exact_range; total_rule=source_question
build_income_expenditure_crosswalk.py,EXP_HOUSING_UTIL,家庭支出,EXP_HOUSING_UTIL,房租水電住宅相關支出,range_overlap,2006,95,Q12-2,J2,1,10.0,"60,000-69,999元",14.0,"60,000-69,999 元",exact_range,請問您全家每個月用在支付「房租、水電瓦斯、住宅裝修等」的費用是多,question_options_95.csv,91 無可直接對照之房租水電住宅支出分項。 103基準題號：J2。,mapping_relation=exact_range; total_rule=source_question
build_income_expenditure_crosswalk.py,EXP_HOUSING_UTIL,家庭支出,EXP_HOUSING_UTIL,房租水電住宅相關支出,range_overlap,2006,95,Q12-2,J2,1,90.0,"70,000元及以上，請記錄 元",15.0,"70,000 元及以上，請記錄____________元",exact_open_upper,請問您全家每個月用在支付「房租、水電瓦斯、住宅裝修等」的費用是多,question_options_95.csv,91 無可直接對照之房租水電住宅支出分項。 103基準題號：J2。,mapping_relation=exact_open_upper; total_rule=source_question
build_income_expenditure_crosswalk.py,EXP_HOUSING_UTIL,家庭支出,EXP_HOUSING_UTIL,房租水電住宅相關支出,range_overlap,2006,95,Q12-2,J2,1,95.0,沒有這項支出,16.0,沒有這項支出,exact_none,請問您全家每個月用在支付「房租、水電瓦斯、住宅裝修等」的費用是多,question_options_95.csv,91 無可直接對照之房租水電住宅支出分項。 103基準題號：J2。,mapping_relation=exact_none; total_rule=source_question
build_income_expenditure_crosswalk.py,EXP_HOUSING_UTIL,家庭支出,EXP_HOUSING_UTIL,房租水電住宅相關支出,range_overlap,2010,99,J2,J2,1,1,"1,000-1,999 元",2.0,"1,000-1,499 元",source_bin_spans_multiple_base_bins,"請問您全家每個月用在支付「房租、水電瓦斯、住宅裝修等」的費用是多少？【過去ㄧ年帄均每個月的金額】, | 請問您全家每個月用在支付「房租、水電瓦斯、住宅裝修等」的費用是多少？【過去ㄧ年帄均每個月的金額】",question_options_99.csv,91 無可直接對照之房租水電住宅支出分項。 103基準題號：J2。,mapping_relation=source_bin_spans_multiple_base_bins; total_rule=source_question
build_income_expenditure_crosswalk.py,EXP_HOUSING_UTIL,家庭支出,EXP_HOUSING_UTIL,房租水電住宅相關支出,range_overlap,2010,99,J2,J2,2,1,"1,000-1,999 元",3.0,"1,500-1,999 元",source_bin_spans_multiple_base_bins,"請問您全家每個月用在支付「房租、水電瓦斯、住宅裝修等」的費用是多少？【過去ㄧ年帄均每個月的金額】, | 請問您全家每個月用在支付「房租、水電瓦斯、住宅裝修等」的費用是多少？【過去ㄧ年帄均每個月的金額】",question_options_99.csv,91 無可直接對照之房租水電住宅支出分項。 103基準題號：J2。,mapping_relation=source_bin_spans_multiple_base_bins; total_rule=source_question
build_income_expenditure_crosswalk.py,EXP_HOUSING_UTIL,家庭支出,EXP_HOUSING_UTIL,房租水電住宅相關支出,range_overlap,2010,99,J2,J2,1,2,"2,000-2,999 元",4.0,"2,000-2,499 元",source_bin_spans_multiple_base_bins,"請問您全家每個月用在支付「房租、水電瓦斯、住宅裝修等」的費用是多少？【過去ㄧ年帄均每個月的金額】, | 請問您全家每個月用在支付「房租、水電瓦斯、住宅裝修等」的費用是多少？【過去ㄧ年帄均每個月的金額】",question_options_99.csv,91 無可直接對照之房租水電住宅支出分項。 103基準題號：J2。,mapping_relation=source_bin_spans_multiple_base_bins; total_rule=source_question
build_income_expenditure_crosswalk.py,EXP_HOUSING_UTIL,家庭支出,EXP_HOUSING_UTIL,房租水電住宅相關支出,range_overlap,2010,99,J2,J2,2,2,"2,000-2,999 元",5.0,"2,500-2,999 元",source_bin_spans_multiple_base_bins,"請問您全家每個月用在支付「房租、水電瓦斯、住宅裝修等」的費用是多少？【過去ㄧ年帄均每個月的金額】, | 請問您全家每個月用在支付「房租、水電瓦斯、住宅裝修等」的費用是多少？【過去ㄧ年帄均每個月的金額】",question_options_99.csv,91 無可直接對照之房租水電住宅支出分項。 103基準題號：J2。,mapping_relation=source_bin_spans_multiple_base_bins; total_rule=source_question
build_income_expenditure_crosswalk.py,EXP_HOUSING_UTIL,家庭支出,EXP_HOUSING_UTIL,房租水電住宅相關支出,range_overlap,2010,99,J2,J2,1,3,"3,000-4,999 元",6.0,"3,000-4,999 元",exact_range,"請問您全家每個月用在支付「房租、水電瓦斯、住宅裝修等」的費用是多少？【過去ㄧ年帄均每個月的金額】, | 請問您全家每個月用在支付「房租、水電瓦斯、住宅裝修等」的費用是多少？【過去ㄧ年帄均每個月的金額】",question_options_99.csv,91 無可直接對照之房租水電住宅支出分項。 103基準題號：J2。,mapping_relation=exact_range; total_rule=source_question
build_income_expenditure_crosswalk.py,EXP_HOUSING_UTIL,家庭支出,EXP_HOUSING_UTIL,房租水電住宅相關支出,range_overlap,2010,99,J2,J2,1,5,"5,000-9,999 元",7.0,"5,000-9,999 元",exact_range,"請問您全家每個月用在支付「房租、水電瓦斯、住宅裝修等」的費用是多少？【過去ㄧ年帄均每個月的金額】, | 請問您全家每個月用在支付「房租、水電瓦斯、住宅裝修等」的費用是多少？【過去ㄧ年帄均每個月的金額】",question_options_99.csv,91 無可直接對照之房租水電住宅支出分項。 103基準題號：J2。,mapping_relation=exact_range; total_rule=source_question
build_income_expenditure_crosswalk.py,EXP_HOUSING_UTIL,家庭支出,EXP_HOUSING_UTIL,房租水電住宅相關支出,range_overlap,2010,99,J2,J2,1,10,"10,000-14,999 元",8.0,"10,000-14,999 元",exact_range,"請問您全家每個月用在支付「房租、水電瓦斯、住宅裝修等」的費用是多少？【過去ㄧ年帄均每個月的金額】, | 請問您全家每個月用在支付「房租、水電瓦斯、住宅裝修等」的費用是多少？【過去ㄧ年帄均每個月的金額】",question_options_99.csv,91 無可直接對照之房租水電住宅支出分項。 103基準題號：J2。,mapping_relation=exact_range; total_rule=source_question
build_income_expenditure_crosswalk.py,EXP_HOUSING_UTIL,家庭支出,EXP_HOUSING_UTIL,房租水電住宅相關支出,range_overlap,2010,99,J2,J2,1,15,"15,000-19,999 元",9.0,"15,000-19,999 元",exact_range,"請問您全家每個月用在支付「房租、水電瓦斯、住宅裝修等」的費用是多少？【過去ㄧ年帄均每個月的金額】, | 請問您全家每個月用在支付「房租、水電瓦斯、住宅裝修等」的費用是多少？【過去ㄧ年帄均每個月的金額】",question_options_99.csv,91 無可直接對照之房租水電住宅支出分項。 103基準題號：J2。,mapping_relation=exact_range; total_rule=source_question
build_income_expenditure_crosswalk.py,EXP_HOUSING_UTIL,家庭支出,EXP_HOUSING_UTIL,房租水電住宅相關支出,range_overlap,2010,99,J2,J2,1,20,"20,000-29,999 元",10.0,"20,000-29,999 元",exact_range,"請問您全家每個月用在支付「房租、水電瓦斯、住宅裝修等」的費用是多少？【過去ㄧ年帄均每個月的金額】, | 請問您全家每個月用在支付「房租、水電瓦斯、住宅裝修等」的費用是多少？【過去ㄧ年帄均每個月的金額】",question_options_99.csv,91 無可直接對照之房租水電住宅支出分項。 103基準題號：J2。,mapping_relation=exact_range; total_rule=source_question
build_income_expenditure_crosswalk.py,EXP_HOUSING_UTIL,家庭支出,EXP_HOUSING_UTIL,房租水電住宅相關支出,range_overlap,2010,99,J2,J2,1,30,"30,000-39,999 元",11.0,"30,000-39,999 元",exact_range,"請問您全家每個月用在支付「房租、水電瓦斯、住宅裝修等」的費用是多少？【過去ㄧ年帄均每個月的金額】, | 請問您全家每個月用在支付「房租、水電瓦斯、住宅裝修等」的費用是多少？【過去ㄧ年帄均每個月的金額】",question_options_99.csv,91 無可直接對照之房租水電住宅支出分項。 103基準題號：J2。,mapping_relation=exact_range; total_rule=source_question
build_income_expenditure_crosswalk.py,EXP_HOUSING_UTIL,家庭支出,EXP_HOUSING_UTIL,房租水電住宅相關支出,range_overlap,2010,99,J2,J2,1,40,"40,000-49,999 元",12.0,"40,000-49,999 元",exact_range,"請問您全家每個月用在支付「房租、水電瓦斯、住宅裝修等」的費用是多少？【過去ㄧ年帄均每個月的金額】, | 請問您全家每個月用在支付「房租、水電瓦斯、住宅裝修等」的費用是多少？【過去ㄧ年帄均每個月的金額】",question_options_99.csv,91 無可直接對照之房租水電住宅支出分項。 103基準題號：J2。,mapping_relation=exact_range; total_rule=source_question
build_income_expenditure_crosswalk.py,EXP_HOUSING_UTIL,家庭支出,EXP_HOUSING_UTIL,房租水電住宅相關支出,range_overlap,2010,99,J2,J2,1,50,"50,000-59,999 元",13.0,"50,000-59,999 元",exact_range,"請問您全家每個月用在支付「房租、水電瓦斯、住宅裝修等」的費用是多少？【過去ㄧ年帄均每個月的金額】, | 請問您全家每個月用在支付「房租、水電瓦斯、住宅裝修等」的費用是多少？【過去ㄧ年帄均每個月的金額】",question_options_99.csv,91 無可直接對照之房租水電住宅支出分項。 103基準題號：J2。,mapping_relation=exact_range; total_rule=source_question
build_income_expenditure_crosswalk.py,EXP_HOUSING_UTIL,家庭支出,EXP_HOUSING_UTIL,房租水電住宅相關支出,range_overlap,2010,99,J2,J2,1,60,"60,000-69,999 元",14.0,"60,000-69,999 元",exact_range,"請問您全家每個月用在支付「房租、水電瓦斯、住宅裝修等」的費用是多少？【過去ㄧ年帄均每個月的金額】, | 請問您全家每個月用在支付「房租、水電瓦斯、住宅裝修等」的費用是多少？【過去ㄧ年帄均每個月的金額】",question_options_99.csv,91 無可直接對照之房租水電住宅支出分項。 103基準題號：J2。,mapping_relation=exact_range; total_rule=source_question
build_income_expenditure_crosswalk.py,EXP_HOUSING_UTIL,家庭支出,EXP_HOUSING_UTIL,房租水電住宅相關支出,range_overlap,2010,99,J2,J2,1,70,"70,000 元及以上，請記錄 元",15.0,"70,000 元及以上，請記錄____________元",exact_open_upper,"請問您全家每個月用在支付「房租、水電瓦斯、住宅裝修等」的費用是多少？【過去ㄧ年帄均每個月的金額】, | 請問您全家每個月用在支付「房租、水電瓦斯、住宅裝修等」的費用是多少？【過去ㄧ年帄均每個月的金額】",question_options_99.csv,91 無可直接對照之房租水電住宅支出分項。 103基準題號：J2。,mapping_relation=exact_open_upper; total_rule=source_question
build_income_expenditure_crosswalk.py,EXP_HOUSING_UTIL,家庭支出,EXP_HOUSING_UTIL,房租水電住宅相關支出,range_overlap,2010,99,J2,J2,1,,999 元及以下,1.0,999 元及以下,exact_range,"請問您全家每個月用在支付「房租、水電瓦斯、住宅裝修等」的費用是多少？【過去ㄧ年帄均每個月的金額】, | 請問您全家每個月用在支付「房租、水電瓦斯、住宅裝修等」的費用是多少？【過去ㄧ年帄均每個月的金額】",question_options_99.csv,91 無可直接對照之房租水電住宅支出分項。 103基準題號：J2。,mapping_relation=exact_range; total_rule=source_question
build_income_expenditure_crosswalk.py,EXP_HOUSING_UTIL,家庭支出,EXP_HOUSING_UTIL,房租水電住宅相關支出,range_overlap,2010,99,J2,J2,2,,沒有這項支出,16.0,沒有這項支出,exact_none,"請問您全家每個月用在支付「房租、水電瓦斯、住宅裝修等」的費用是多少？【過去ㄧ年帄均每個月的金額】, | 請問您全家每個月用在支付「房租、水電瓦斯、住宅裝修等」的費用是多少？【過去ㄧ年帄均每個月的金額】",question_options_99.csv,91 無可直接對照之房租水電住宅支出分項。 103基準題號：J2。,mapping_relation=exact_none; total_rule=source_question
build_income_expenditure_crosswalk.py,EXP_HOUSING_UTIL,家庭支出,EXP_HOUSING_UTIL,房租水電住宅相關支出,range_overlap,2014,103,J2,J2,1,1.0,999 元及以下,1.0,999 元及以下,exact_range,請問您全家每個月用在支付「房租、水電瓦斯、住宅裝修、建築物保險等」的費用是多少？【過,question_options_103.csv,91 無可直接對照之房租水電住宅支出分項。 103基準題號：J2。,mapping_relation=exact_range; total_rule=source_question
build_income_expenditure_crosswalk.py,EXP_HOUSING_UTIL,家庭支出,EXP_HOUSING_UTIL,房租水電住宅相關支出,range_overlap,2014,103,J2,J2,1,2.0,"1,000-1,499 元",2.0,"1,000-1,499 元",exact_range,請問您全家每個月用在支付「房租、水電瓦斯、住宅裝修、建築物保險等」的費用是多少？【過,question_options_103.csv,91 無可直接對照之房租水電住宅支出分項。 103基準題號：J2。,mapping_relation=exact_range; total_rule=source_question
build_income_expenditure_crosswalk.py,EXP_HOUSING_UTIL,家庭支出,EXP_HOUSING_UTIL,房租水電住宅相關支出,range_overlap,2014,103,J2,J2,1,3.0,"1,500-1,999 元",3.0,"1,500-1,999 元",exact_range,請問您全家每個月用在支付「房租、水電瓦斯、住宅裝修、建築物保險等」的費用是多少？【過,question_options_103.csv,91 無可直接對照之房租水電住宅支出分項。 103基準題號：J2。,mapping_relation=exact_range; total_rule=source_question
build_income_expenditure_crosswalk.py,EXP_HOUSING_UTIL,家庭支出,EXP_HOUSING_UTIL,房租水電住宅相關支出,range_overlap,2014,103,J2,J2,1,4.0,"2,000-2,499 元",4.0,"2,000-2,499 元",exact_range,請問您全家每個月用在支付「房租、水電瓦斯、住宅裝修、建築物保險等」的費用是多少？【過,question_options_103.csv,91 無可直接對照之房租水電住宅支出分項。 103基準題號：J2。,mapping_relation=exact_range; total_rule=source_question
build_income_expenditure_crosswalk.py,EXP_HOUSING_UTIL,家庭支出,EXP_HOUSING_UTIL,房租水電住宅相關支出,range_overlap,2014,103,J2,J2,1,5.0,"2,500-2,999 元",5.0,"2,500-2,999 元",exact_range,請問您全家每個月用在支付「房租、水電瓦斯、住宅裝修、建築物保險等」的費用是多少？【過,question_options_103.csv,91 無可直接對照之房租水電住宅支出分項。 103基準題號：J2。,mapping_relation=exact_range; total_rule=source_question
build_income_expenditure_crosswalk.py,EXP_HOUSING_UTIL,家庭支出,EXP_HOUSING_UTIL,房租水電住宅相關支出,range_overlap,2014,103,J2,J2,1,6.0,"3,000-4,999 元",6.0,"3,000-4,999 元",exact_range,請問您全家每個月用在支付「房租、水電瓦斯、住宅裝修、建築物保險等」的費用是多少？【過,question_options_103.csv,91 無可直接對照之房租水電住宅支出分項。 103基準題號：J2。,mapping_relation=exact_range; total_rule=source_question
build_income_expenditure_crosswalk.py,EXP_HOUSING_UTIL,家庭支出,EXP_HOUSING_UTIL,房租水電住宅相關支出,range_overlap,2014,103,J2,J2,1,7.0,"5,000-9,999 元",7.0,"5,000-9,999 元",exact_range,請問您全家每個月用在支付「房租、水電瓦斯、住宅裝修、建築物保險等」的費用是多少？【過,question_options_103.csv,91 無可直接對照之房租水電住宅支出分項。 103基準題號：J2。,mapping_relation=exact_range; total_rule=source_question
build_income_expenditure_crosswalk.py,EXP_HOUSING_UTIL,家庭支出,EXP_HOUSING_UTIL,房租水電住宅相關支出,range_overlap,2014,103,J2,J2,1,8.0,"10,000-14,999 元",8.0,"10,000-14,999 元",exact_range,請問您全家每個月用在支付「房租、水電瓦斯、住宅裝修、建築物保險等」的費用是多少？【過,question_options_103.csv,91 無可直接對照之房租水電住宅支出分項。 103基準題號：J2。,mapping_relation=exact_range; total_rule=source_question
build_income_expenditure_crosswalk.py,EXP_HOUSING_UTIL,家庭支出,EXP_HOUSING_UTIL,房租水電住宅相關支出,range_overlap,2014,103,J2,J2,1,9.0,"15,000-19,999 元",9.0,"15,000-19,999 元",exact_range,請問您全家每個月用在支付「房租、水電瓦斯、住宅裝修、建築物保險等」的費用是多少？【過,question_options_103.csv,91 無可直接對照之房租水電住宅支出分項。 103基準題號：J2。,mapping_relation=exact_range; total_rule=source_question
build_income_expenditure_crosswalk.py,EXP_HOUSING_UTIL,家庭支出,EXP_HOUSING_UTIL,房租水電住宅相關支出,range_overlap,2014,103,J2,J2,1,10.0,"20,000-29,999 元",10.0,"20,000-29,999 元",exact_range,請問您全家每個月用在支付「房租、水電瓦斯、住宅裝修、建築物保險等」的費用是多少？【過,question_options_103.csv,91 無可直接對照之房租水電住宅支出分項。 103基準題號：J2。,mapping_relation=exact_range; total_rule=source_question
build_income_expenditure_crosswalk.py,EXP_HOUSING_UTIL,家庭支出,EXP_HOUSING_UTIL,房租水電住宅相關支出,range_overlap,2014,103,J2,J2,1,11.0,"30,000-39,999 元",11.0,"30,000-39,999 元",exact_range,請問您全家每個月用在支付「房租、水電瓦斯、住宅裝修、建築物保險等」的費用是多少？【過,question_options_103.csv,91 無可直接對照之房租水電住宅支出分項。 103基準題號：J2。,mapping_relation=exact_range; total_rule=source_question
build_income_expenditure_crosswalk.py,EXP_HOUSING_UTIL,家庭支出,EXP_HOUSING_UTIL,房租水電住宅相關支出,range_overlap,2014,103,J2,J2,1,12.0,"40,000-49,999 元",12.0,"40,000-49,999 元",exact_range,請問您全家每個月用在支付「房租、水電瓦斯、住宅裝修、建築物保險等」的費用是多少？【過,question_options_103.csv,91 無可直接對照之房租水電住宅支出分項。 103基準題號：J2。,mapping_relation=exact_range; total_rule=source_question
build_income_expenditure_crosswalk.py,EXP_HOUSING_UTIL,家庭支出,EXP_HOUSING_UTIL,房租水電住宅相關支出,range_overlap,2014,103,J2,J2,1,13.0,"50,000-59,999 元",13.0,"50,000-59,999 元",exact_range,請問您全家每個月用在支付「房租、水電瓦斯、住宅裝修、建築物保險等」的費用是多少？【過,question_options_103.csv,91 無可直接對照之房租水電住宅支出分項。 103基準題號：J2。,mapping_relation=exact_range; total_rule=source_question
build_income_expenditure_crosswalk.py,EXP_HOUSING_UTIL,家庭支出,EXP_HOUSING_UTIL,房租水電住宅相關支出,range_overlap,2014,103,J2,J2,1,14.0,"60,000-69,999 元",14.0,"60,000-69,999 元",exact_range,請問您全家每個月用在支付「房租、水電瓦斯、住宅裝修、建築物保險等」的費用是多少？【過,question_options_103.csv,91 無可直接對照之房租水電住宅支出分項。 103基準題號：J2。,mapping_relation=exact_range; total_rule=source_question
build_income_expenditure_crosswalk.py,EXP_HOUSING_UTIL,家庭支出,EXP_HOUSING_UTIL,房租水電住宅相關支出,range_overlap,2014,103,J2,J2,1,15.0,"70,000 元及以上，請記錄____________元",15.0,"70,000 元及以上，請記錄____________元",exact_open_upper,請問您全家每個月用在支付「房租、水電瓦斯、住宅裝修、建築物保險等」的費用是多少？【過,question_options_103.csv,91 無可直接對照之房租水電住宅支出分項。 103基準題號：J2。,mapping_relation=exact_open_upper; total_rule=source_question
build_income_expenditure_crosswalk.py,EXP_HOUSING_UTIL,家庭支出,EXP_HOUSING_UTIL,房租水電住宅相關支出,range_overlap,2014,103,J2,J2,1,16.0,沒有這項支出,16.0,沒有這項支出,exact_none,請問您全家每個月用在支付「房租、水電瓦斯、住宅裝修、建築物保險等」的費用是多少？【過,question_options_103.csv,91 無可直接對照之房租水電住宅支出分項。 103基準題號：J2。,mapping_relation=exact_none; total_rule=source_question
build_income_expenditure_crosswalk.py,EXP_HOUSING_UTIL,家庭支出,EXP_HOUSING_UTIL,房租水電住宅相關支出,range_overlap,2017,106,M2,J2,1,1.0,"未滿1,000元",1.0,999 元及以下,exact_range,請問您全家每個月用在支付「房租、水電瓦斯、住宅裝修、建築物保險等」的費用是多少？,question_options_106.csv,91 無可直接對照之房租水電住宅支出分項。 103基準題號：J2。,mapping_relation=exact_range; total_rule=source_question
build_income_expenditure_crosswalk.py,EXP_HOUSING_UTIL,家庭支出,EXP_HOUSING_UTIL,房租水電住宅相關支出,range_overlap,2017,106,M2,J2,1,2.0,"1,000 元-未滿1,500元",2.0,"1,000-1,499 元",exact_range,請問您全家每個月用在支付「房租、水電瓦斯、住宅裝修、建築物保險等」的費用是多少？,question_options_106.csv,91 無可直接對照之房租水電住宅支出分項。 103基準題號：J2。,mapping_relation=exact_range; total_rule=source_question
build_income_expenditure_crosswalk.py,EXP_HOUSING_UTIL,家庭支出,EXP_HOUSING_UTIL,房租水電住宅相關支出,range_overlap,2017,106,M2,J2,1,3.0,"1,500 元-未滿2,000元",3.0,"1,500-1,999 元",exact_range,請問您全家每個月用在支付「房租、水電瓦斯、住宅裝修、建築物保險等」的費用是多少？,question_options_106.csv,91 無可直接對照之房租水電住宅支出分項。 103基準題號：J2。,mapping_relation=exact_range; total_rule=source_question
build_income_expenditure_crosswalk.py,EXP_HOUSING_UTIL,家庭支出,EXP_HOUSING_UTIL,房租水電住宅相關支出,range_overlap,2017,106,M2,J2,1,4.0,"2,000 元-未滿2,500元",4.0,"2,000-2,499 元",exact_range,請問您全家每個月用在支付「房租、水電瓦斯、住宅裝修、建築物保險等」的費用是多少？,question_options_106.csv,91 無可直接對照之房租水電住宅支出分項。 103基準題號：J2。,mapping_relation=exact_range; total_rule=source_question
build_income_expenditure_crosswalk.py,EXP_HOUSING_UTIL,家庭支出,EXP_HOUSING_UTIL,房租水電住宅相關支出,range_overlap,2017,106,M2,J2,1,5.0,"2,500 元-未滿3,000元",5.0,"2,500-2,999 元",exact_range,請問您全家每個月用在支付「房租、水電瓦斯、住宅裝修、建築物保險等」的費用是多少？,question_options_106.csv,91 無可直接對照之房租水電住宅支出分項。 103基準題號：J2。,mapping_relation=exact_range; total_rule=source_question
build_income_expenditure_crosswalk.py,EXP_HOUSING_UTIL,家庭支出,EXP_HOUSING_UTIL,房租水電住宅相關支出,range_overlap,2017,106,M2,J2,1,6.0,"3,000 元-未滿5,000元",6.0,"3,000-4,999 元",exact_range,請問您全家每個月用在支付「房租、水電瓦斯、住宅裝修、建築物保險等」的費用是多少？,question_options_106.csv,91 無可直接對照之房租水電住宅支出分項。 103基準題號：J2。,mapping_relation=exact_range; total_rule=source_question
build_income_expenditure_crosswalk.py,EXP_HOUSING_UTIL,家庭支出,EXP_HOUSING_UTIL,房租水電住宅相關支出,range_overlap,2017,106,M2,J2,1,7.0,"5,000 元-未滿10,000元",7.0,"5,000-9,999 元",exact_range,請問您全家每個月用在支付「房租、水電瓦斯、住宅裝修、建築物保險等」的費用是多少？,question_options_106.csv,91 無可直接對照之房租水電住宅支出分項。 103基準題號：J2。,mapping_relation=exact_range; total_rule=source_question
build_income_expenditure_crosswalk.py,EXP_HOUSING_UTIL,家庭支出,EXP_HOUSING_UTIL,房租水電住宅相關支出,range_overlap,2017,106,M2,J2,1,8.0,"10,000 元-未滿15,000元",8.0,"10,000-14,999 元",exact_range,請問您全家每個月用在支付「房租、水電瓦斯、住宅裝修、建築物保險等」的費用是多少？,question_options_106.csv,91 無可直接對照之房租水電住宅支出分項。 103基準題號：J2。,mapping_relation=exact_range; total_rule=source_question
build_income_expenditure_crosswalk.py,EXP_HOUSING_UTIL,家庭支出,EXP_HOUSING_UTIL,房租水電住宅相關支出,range_overlap,2017,106,M2,J2,1,9.0,"15,000 元-未滿20,000元",9.0,"15,000-19,999 元",exact_range,請問您全家每個月用在支付「房租、水電瓦斯、住宅裝修、建築物保險等」的費用是多少？,question_options_106.csv,91 無可直接對照之房租水電住宅支出分項。 103基準題號：J2。,mapping_relation=exact_range; total_rule=source_question
build_income_expenditure_crosswalk.py,EXP_HOUSING_UTIL,家庭支出,EXP_HOUSING_UTIL,房租水電住宅相關支出,range_overlap,2017,106,M2,J2,1,10.0,"20,000 元-未滿30,000元",10.0,"20,000-29,999 元",exact_range,請問您全家每個月用在支付「房租、水電瓦斯、住宅裝修、建築物保險等」的費用是多少？,question_options_106.csv,91 無可直接對照之房租水電住宅支出分項。 103基準題號：J2。,mapping_relation=exact_range; total_rule=source_question
build_income_expenditure_crosswalk.py,EXP_HOUSING_UTIL,家庭支出,EXP_HOUSING_UTIL,房租水電住宅相關支出,range_overlap,2017,106,M2,J2,1,11.0,"30,000元-未滿40,000元",11.0,"30,000-39,999 元",exact_range,請問您全家每個月用在支付「房租、水電瓦斯、住宅裝修、建築物保險等」的費用是多少？,question_options_106.csv,91 無可直接對照之房租水電住宅支出分項。 103基準題號：J2。,mapping_relation=exact_range; total_rule=source_question
build_income_expenditure_crosswalk.py,EXP_HOUSING_UTIL,家庭支出,EXP_HOUSING_UTIL,房租水電住宅相關支出,range_overlap,2017,106,M2,J2,1,12.0,"40,000元-未滿50,000元",12.0,"40,000-49,999 元",exact_range,請問您全家每個月用在支付「房租、水電瓦斯、住宅裝修、建築物保險等」的費用是多少？,question_options_106.csv,91 無可直接對照之房租水電住宅支出分項。 103基準題號：J2。,mapping_relation=exact_range; total_rule=source_question
build_income_expenditure_crosswalk.py,EXP_HOUSING_UTIL,家庭支出,EXP_HOUSING_UTIL,房租水電住宅相關支出,range_overlap,2017,106,M2,J2,1,13.0,"50,000 元-未滿60,000元",13.0,"50,000-59,999 元",exact_range,請問您全家每個月用在支付「房租、水電瓦斯、住宅裝修、建築物保險等」的費用是多少？,question_options_106.csv,91 無可直接對照之房租水電住宅支出分項。 103基準題號：J2。,mapping_relation=exact_range; total_rule=source_question
build_income_expenditure_crosswalk.py,EXP_HOUSING_UTIL,家庭支出,EXP_HOUSING_UTIL,房租水電住宅相關支出,range_overlap,2017,106,M2,J2,1,14.0,"60,000元-未滿70,000元",14.0,"60,000-69,999 元",exact_range,請問您全家每個月用在支付「房租、水電瓦斯、住宅裝修、建築物保險等」的費用是多少？,question_options_106.csv,91 無可直接對照之房租水電住宅支出分項。 103基準題號：J2。,mapping_relation=exact_range; total_rule=source_question
build_income_expenditure_crosswalk.py,EXP_HOUSING_UTIL,家庭支出,EXP_HOUSING_UTIL,房租水電住宅相關支出,range_overlap,2017,106,M2,J2,1,15.0,"70,000元以上，請記錄____________元",15.0,"70,000 元及以上，請記錄____________元",exact_open_upper,請問您全家每個月用在支付「房租、水電瓦斯、住宅裝修、建築物保險等」的費用是多少？,question_options_106.csv,91 無可直接對照之房租水電住宅支出分項。 103基準題號：J2。,mapping_relation=exact_open_upper; total_rule=source_question
build_income_expenditure_crosswalk.py,EXP_HOUSING_UTIL,家庭支出,EXP_HOUSING_UTIL,房租水電住宅相關支出,range_overlap,2017,106,M2,J2,1,16.0,沒有這項支出,16.0,沒有這項支出,exact_none,請問您全家每個月用在支付「房租、水電瓦斯、住宅裝修、建築物保險等」的費用是多少？,question_options_106.csv,91 無可直接對照之房租水電住宅支出分項。 103基準題號：J2。,mapping_relation=exact_none; total_rule=source_question
build_income_expenditure_crosswalk.py,EXP_HOUSING_UTIL,家庭支出,EXP_HOUSING_UTIL,房租水電住宅相關支出,range_overlap,2021,110,H2,J2,1,1.0,"未滿1,000元",1.0,999 元及以下,exact_range,請問您全家每個月用在支付「房租、水電瓦斯、住宅裝修、建築物保險等」的費用是多少？,question_options_110.csv,91 無可直接對照之房租水電住宅支出分項。 103基準題號：J2。,mapping_relation=exact_range; total_rule=source_question
build_income_expenditure_crosswalk.py,EXP_HOUSING_UTIL,家庭支出,EXP_HOUSING_UTIL,房租水電住宅相關支出,range_overlap,2021,110,H2,J2,1,2.0,"1,000 元-未滿1,500元",2.0,"1,000-1,499 元",exact_range,請問您全家每個月用在支付「房租、水電瓦斯、住宅裝修、建築物保險等」的費用是多少？,question_options_110.csv,91 無可直接對照之房租水電住宅支出分項。 103基準題號：J2。,mapping_relation=exact_range; total_rule=source_question
build_income_expenditure_crosswalk.py,EXP_HOUSING_UTIL,家庭支出,EXP_HOUSING_UTIL,房租水電住宅相關支出,range_overlap,2021,110,H2,J2,1,3.0,"1,500 元-未滿2,000元",3.0,"1,500-1,999 元",exact_range,請問您全家每個月用在支付「房租、水電瓦斯、住宅裝修、建築物保險等」的費用是多少？,question_options_110.csv,91 無可直接對照之房租水電住宅支出分項。 103基準題號：J2。,mapping_relation=exact_range; total_rule=source_question
build_income_expenditure_crosswalk.py,EXP_HOUSING_UTIL,家庭支出,EXP_HOUSING_UTIL,房租水電住宅相關支出,range_overlap,2021,110,H2,J2,1,4.0,"2,000 元-未滿2,500元",4.0,"2,000-2,499 元",exact_range,請問您全家每個月用在支付「房租、水電瓦斯、住宅裝修、建築物保險等」的費用是多少？,question_options_110.csv,91 無可直接對照之房租水電住宅支出分項。 103基準題號：J2。,mapping_relation=exact_range; total_rule=source_question
build_income_expenditure_crosswalk.py,EXP_HOUSING_UTIL,家庭支出,EXP_HOUSING_UTIL,房租水電住宅相關支出,range_overlap,2021,110,H2,J2,1,5.0,"2,500 元-未滿3,000元",5.0,"2,500-2,999 元",exact_range,請問您全家每個月用在支付「房租、水電瓦斯、住宅裝修、建築物保險等」的費用是多少？,question_options_110.csv,91 無可直接對照之房租水電住宅支出分項。 103基準題號：J2。,mapping_relation=exact_range; total_rule=source_question
build_income_expenditure_crosswalk.py,EXP_HOUSING_UTIL,家庭支出,EXP_HOUSING_UTIL,房租水電住宅相關支出,range_overlap,2021,110,H2,J2,1,6.0,"3,000 元-未滿5,000元",6.0,"3,000-4,999 元",exact_range,請問您全家每個月用在支付「房租、水電瓦斯、住宅裝修、建築物保險等」的費用是多少？,question_options_110.csv,91 無可直接對照之房租水電住宅支出分項。 103基準題號：J2。,mapping_relation=exact_range; total_rule=source_question
build_income_expenditure_crosswalk.py,EXP_HOUSING_UTIL,家庭支出,EXP_HOUSING_UTIL,房租水電住宅相關支出,range_overlap,2021,110,H2,J2,1,7.0,"5,000 元-未滿10,000元",7.0,"5,000-9,999 元",exact_range,請問您全家每個月用在支付「房租、水電瓦斯、住宅裝修、建築物保險等」的費用是多少？,question_options_110.csv,91 無可直接對照之房租水電住宅支出分項。 103基準題號：J2。,mapping_relation=exact_range; total_rule=source_question
build_income_expenditure_crosswalk.py,EXP_HOUSING_UTIL,家庭支出,EXP_HOUSING_UTIL,房租水電住宅相關支出,range_overlap,2021,110,H2,J2,1,8.0,"10,000 元-未滿15,000元",8.0,"10,000-14,999 元",exact_range,請問您全家每個月用在支付「房租、水電瓦斯、住宅裝修、建築物保險等」的費用是多少？,question_options_110.csv,91 無可直接對照之房租水電住宅支出分項。 103基準題號：J2。,mapping_relation=exact_range; total_rule=source_question
build_income_expenditure_crosswalk.py,EXP_HOUSING_UTIL,家庭支出,EXP_HOUSING_UTIL,房租水電住宅相關支出,range_overlap,2021,110,H2,J2,1,9.0,"15,000 元-未滿20,000元",9.0,"15,000-19,999 元",exact_range,請問您全家每個月用在支付「房租、水電瓦斯、住宅裝修、建築物保險等」的費用是多少？,question_options_110.csv,91 無可直接對照之房租水電住宅支出分項。 103基準題號：J2。,mapping_relation=exact_range; total_rule=source_question
build_income_expenditure_crosswalk.py,EXP_HOUSING_UTIL,家庭支出,EXP_HOUSING_UTIL,房租水電住宅相關支出,range_overlap,2021,110,H2,J2,1,10.0,"20,000 元-未滿30,000元",10.0,"20,000-29,999 元",exact_range,請問您全家每個月用在支付「房租、水電瓦斯、住宅裝修、建築物保險等」的費用是多少？,question_options_110.csv,91 無可直接對照之房租水電住宅支出分項。 103基準題號：J2。,mapping_relation=exact_range; total_rule=source_question
build_income_expenditure_crosswalk.py,EXP_HOUSING_UTIL,家庭支出,EXP_HOUSING_UTIL,房租水電住宅相關支出,range_overlap,2021,110,H2,J2,1,11.0,"30,000元-未滿40,000元",11.0,"30,000-39,999 元",exact_range,請問您全家每個月用在支付「房租、水電瓦斯、住宅裝修、建築物保險等」的費用是多少？,question_options_110.csv,91 無可直接對照之房租水電住宅支出分項。 103基準題號：J2。,mapping_relation=exact_range; total_rule=source_question
build_income_expenditure_crosswalk.py,EXP_HOUSING_UTIL,家庭支出,EXP_HOUSING_UTIL,房租水電住宅相關支出,range_overlap,2021,110,H2,J2,1,12.0,"40,000元-未滿50,000元",12.0,"40,000-49,999 元",exact_range,請問您全家每個月用在支付「房租、水電瓦斯、住宅裝修、建築物保險等」的費用是多少？,question_options_110.csv,91 無可直接對照之房租水電住宅支出分項。 103基準題號：J2。,mapping_relation=exact_range; total_rule=source_question
build_income_expenditure_crosswalk.py,EXP_HOUSING_UTIL,家庭支出,EXP_HOUSING_UTIL,房租水電住宅相關支出,range_overlap,2021,110,H2,J2,1,13.0,"50,000 元-未滿60,000元",13.0,"50,000-59,999 元",exact_range,請問您全家每個月用在支付「房租、水電瓦斯、住宅裝修、建築物保險等」的費用是多少？,question_options_110.csv,91 無可直接對照之房租水電住宅支出分項。 103基準題號：J2。,mapping_relation=exact_range; total_rule=source_question
build_income_expenditure_crosswalk.py,EXP_HOUSING_UTIL,家庭支出,EXP_HOUSING_UTIL,房租水電住宅相關支出,range_overlap,2021,110,H2,J2,1,14.0,"60,000元-未滿70,000元",14.0,"60,000-69,999 元",exact_range,請問您全家每個月用在支付「房租、水電瓦斯、住宅裝修、建築物保險等」的費用是多少？,question_options_110.csv,91 無可直接對照之房租水電住宅支出分項。 103基準題號：J2。,mapping_relation=exact_range; total_rule=source_question
build_income_expenditure_crosswalk.py,EXP_HOUSING_UTIL,家庭支出,EXP_HOUSING_UTIL,房租水電住宅相關支出,range_overlap,2021,110,H2,J2,1,15.0,"70,000元以上，請記錄____________元",15.0,"70,000 元及以上，請記錄____________元",exact_open_upper,請問您全家每個月用在支付「房租、水電瓦斯、住宅裝修、建築物保險等」的費用是多少？,question_options_110.csv,91 無可直接對照之房租水電住宅支出分項。 103基準題號：J2。,mapping_relation=exact_open_upper; total_rule=source_question
build_income_expenditure_crosswalk.py,EXP_HOUSING_UTIL,家庭支出,EXP_HOUSING_UTIL,房租水電住宅相關支出,range_overlap,2021,110,H2,J2,1,16.0,沒有這項支出,16.0,沒有這項支出,exact_none,請問您全家每個月用在支付「房租、水電瓦斯、住宅裝修、建築物保險等」的費用是多少？,question_options_110.csv,91 無可直接對照之房租水電住宅支出分項。 103基準題號：J2。,mapping_relation=exact_none; total_rule=source_question
build_income_expenditure_crosswalk.py,EXP_TRANSPORT_COMM,家庭支出,EXP_TRANSPORT_COMM,交通與通訊支出,range_overlap,2002,91_1,23-4,J3,1,1,未滿1千,1.0,999 元及以下,exact_range,運輸交通與通訊花費是多少？（油錢、電話費、公車費、汽機車保養費）,question_options_91_1.csv,以 103 年 J3 為基準。 103基準題號：J3。,mapping_relation=exact_range; total_rule=source_question
build_income_expenditure_crosswalk.py,EXP_TRANSPORT_COMM,家庭支出,EXP_TRANSPORT_COMM,交通與通訊支出,range_overlap,2002,91_1,23-4,J3,1,2,1千至未滿3千元,2.0,"1,000-1,999 元",source_bin_spans_multiple_base_bins,運輸交通與通訊花費是多少？（油錢、電話費、公車費、汽機車保養費）,question_options_91_1.csv,以 103 年 J3 為基準。 103基準題號：J3。,mapping_relation=source_bin_spans_multiple_base_bins; total_rule=source_question
build_income_expenditure_crosswalk.py,EXP_TRANSPORT_COMM,家庭支出,EXP_TRANSPORT_COMM,交通與通訊支出,range_overlap,2002,91_1,23-4,J3,2,2,1千至未滿3千元,3.0,"2,000-2,999 元",source_bin_spans_multiple_base_bins,運輸交通與通訊花費是多少？（油錢、電話費、公車費、汽機車保養費）,question_options_91_1.csv,以 103 年 J3 為基準。 103基準題號：J3。,mapping_relation=source_bin_spans_multiple_base_bins; total_rule=source_question
build_income_expenditure_crosswalk.py,EXP_TRANSPORT_COMM,家庭支出,EXP_TRANSPORT_COMM,交通與通訊支出,range_overlap,2002,91_1,23-4,J3,1,3,3千至未滿5千元,4.0,"3,000-3,999 元",source_bin_spans_multiple_base_bins,運輸交通與通訊花費是多少？（油錢、電話費、公車費、汽機車保養費）,question_options_91_1.csv,以 103 年 J3 為基準。 103基準題號：J3。,mapping_relation=source_bin_spans_multiple_base_bins; total_rule=source_question
build_income_expenditure_crosswalk.py,EXP_TRANSPORT_COMM,家庭支出,EXP_TRANSPORT_COMM,交通與通訊支出,range_overlap,2002,91_1,23-4,J3,2,3,3千至未滿5千元,5.0,"4,000-4,999 元",source_bin_spans_multiple_base_bins,運輸交通與通訊花費是多少？（油錢、電話費、公車費、汽機車保養費）,question_options_91_1.csv,以 103 年 J3 為基準。 103基準題號：J3。,mapping_relation=source_bin_spans_multiple_base_bins; total_rule=source_question
build_income_expenditure_crosswalk.py,EXP_TRANSPORT_COMM,家庭支出,EXP_TRANSPORT_COMM,交通與通訊支出,range_overlap,2002,91_1,23-4,J3,1,4,5千至未滿 7千元,6.0,"5,000-6,999 元",exact_range,運輸交通與通訊花費是多少？（油錢、電話費、公車費、汽機車保養費）,question_options_91_1.csv,以 103 年 J3 為基準。 103基準題號：J3。,mapping_relation=exact_range; total_rule=source_question
build_income_expenditure_crosswalk.py,EXP_TRANSPORT_COMM,家庭支出,EXP_TRANSPORT_COMM,交通與通訊支出,range_overlap,2002,91_1,23-4,J3,1,5,7千元至未滿1萬元,7.0,"7,000-9,999 元",exact_range,運輸交通與通訊花費是多少？（油錢、電話費、公車費、汽機車保養費）,question_options_91_1.csv,以 103 年 J3 為基準。 103基準題號：J3。,mapping_relation=exact_range; total_rule=source_question
build_income_expenditure_crosswalk.py,EXP_TRANSPORT_COMM,家庭支出,EXP_TRANSPORT_COMM,交通與通訊支出,range_overlap,2002,91_1,23-4,J3,1,6,1萬元以上（請記錄 元）,8.0,"10,000-14,999 元",source_bin_spans_multiple_base_bins,運輸交通與通訊花費是多少？（油錢、電話費、公車費、汽機車保養費）,question_options_91_1.csv,以 103 年 J3 為基準。 103基準題號：J3。,mapping_relation=source_bin_spans_multiple_base_bins; total_rule=source_question
build_income_expenditure_crosswalk.py,EXP_TRANSPORT_COMM,家庭支出,EXP_TRANSPORT_COMM,交通與通訊支出,range_overlap,2002,91_1,23-4,J3,2,6,1萬元以上（請記錄 元）,9.0,"15,000-19,999 元",source_bin_spans_multiple_base_bins,運輸交通與通訊花費是多少？（油錢、電話費、公車費、汽機車保養費）,question_options_91_1.csv,以 103 年 J3 為基準。 103基準題號：J3。,mapping_relation=source_bin_spans_multiple_base_bins; total_rule=source_question
build_income_expenditure_crosswalk.py,EXP_TRANSPORT_COMM,家庭支出,EXP_TRANSPORT_COMM,交通與通訊支出,range_overlap,2002,91_1,23-4,J3,3,6,1萬元以上（請記錄 元）,10.0,"20,000-29,999 元",source_bin_spans_multiple_base_bins,運輸交通與通訊花費是多少？（油錢、電話費、公車費、汽機車保養費）,question_options_91_1.csv,以 103 年 J3 為基準。 103基準題號：J3。,mapping_relation=source_bin_spans_multiple_base_bins; total_rule=source_question
build_income_expenditure_crosswalk.py,EXP_TRANSPORT_COMM,家庭支出,EXP_TRANSPORT_COMM,交通與通訊支出,range_overlap,2002,91_1,23-4,J3,4,6,1萬元以上（請記錄 元）,11.0,"30,000 元及以上，請記錄________元",source_bin_spans_multiple_base_bins,運輸交通與通訊花費是多少？（油錢、電話費、公車費、汽機車保養費）,question_options_91_1.csv,以 103 年 J3 為基準。 103基準題號：J3。,mapping_relation=source_bin_spans_multiple_base_bins; total_rule=source_question
build_income_expenditure_crosswalk.py,EXP_TRANSPORT_COMM,家庭支出,EXP_TRANSPORT_COMM,交通與通訊支出,range_overlap,2002,91_1,23-4,J3,1,7,無,12.0,沒有這項支出,exact_none,運輸交通與通訊花費是多少？（油錢、電話費、公車費、汽機車保養費）,question_options_91_1.csv,以 103 年 J3 為基準。 103基準題號：J3。,mapping_relation=exact_none; total_rule=source_question
build_income_expenditure_crosswalk.py,EXP_TRANSPORT_COMM,家庭支出,EXP_TRANSPORT_COMM,交通與通訊支出,range_overlap,2002,91_2,23-4,J3,1,1,未滿1千,1.0,999 元及以下,exact_range,運輸交通與通訊花費是多少？（油錢、電話費、公車費、汽機車保養費）,question_options_91_2.csv,以 103 年 J3 為基準。 103基準題號：J3。,mapping_relation=exact_range; total_rule=source_question
build_income_expenditure_crosswalk.py,EXP_TRANSPORT_COMM,家庭支出,EXP_TRANSPORT_COMM,交通與通訊支出,range_overlap,2002,91_2,23-4,J3,1,2,1千至未滿3千元,2.0,"1,000-1,999 元",source_bin_spans_multiple_base_bins,運輸交通與通訊花費是多少？（油錢、電話費、公車費、汽機車保養費）,question_options_91_2.csv,以 103 年 J3 為基準。 103基準題號：J3。,mapping_relation=source_bin_spans_multiple_base_bins; total_rule=source_question
build_income_expenditure_crosswalk.py,EXP_TRANSPORT_COMM,家庭支出,EXP_TRANSPORT_COMM,交通與通訊支出,range_overlap,2002,91_2,23-4,J3,2,2,1千至未滿3千元,3.0,"2,000-2,999 元",source_bin_spans_multiple_base_bins,運輸交通與通訊花費是多少？（油錢、電話費、公車費、汽機車保養費）,question_options_91_2.csv,以 103 年 J3 為基準。 103基準題號：J3。,mapping_relation=source_bin_spans_multiple_base_bins; total_rule=source_question
build_income_expenditure_crosswalk.py,EXP_TRANSPORT_COMM,家庭支出,EXP_TRANSPORT_COMM,交通與通訊支出,range_overlap,2002,91_2,23-4,J3,1,3,3千至未滿5千元,4.0,"3,000-3,999 元",source_bin_spans_multiple_base_bins,運輸交通與通訊花費是多少？（油錢、電話費、公車費、汽機車保養費）,question_options_91_2.csv,以 103 年 J3 為基準。 103基準題號：J3。,mapping_relation=source_bin_spans_multiple_base_bins; total_rule=source_question
build_income_expenditure_crosswalk.py,EXP_TRANSPORT_COMM,家庭支出,EXP_TRANSPORT_COMM,交通與通訊支出,range_overlap,2002,91_2,23-4,J3,2,3,3千至未滿5千元,5.0,"4,000-4,999 元",source_bin_spans_multiple_base_bins,運輸交通與通訊花費是多少？（油錢、電話費、公車費、汽機車保養費）,question_options_91_2.csv,以 103 年 J3 為基準。 103基準題號：J3。,mapping_relation=source_bin_spans_multiple_base_bins; total_rule=source_question
build_income_expenditure_crosswalk.py,EXP_TRANSPORT_COMM,家庭支出,EXP_TRANSPORT_COMM,交通與通訊支出,range_overlap,2002,91_2,23-4,J3,1,4,5千至未滿 7千元,6.0,"5,000-6,999 元",exact_range,運輸交通與通訊花費是多少？（油錢、電話費、公車費、汽機車保養費）,question_options_91_2.csv,以 103 年 J3 為基準。 103基準題號：J3。,mapping_relation=exact_range; total_rule=source_question
build_income_expenditure_crosswalk.py,EXP_TRANSPORT_COMM,家庭支出,EXP_TRANSPORT_COMM,交通與通訊支出,range_overlap,2002,91_2,23-4,J3,1,5,7千元至未滿1萬元,7.0,"7,000-9,999 元",exact_range,運輸交通與通訊花費是多少？（油錢、電話費、公車費、汽機車保養費）,question_options_91_2.csv,以 103 年 J3 為基準。 103基準題號：J3。,mapping_relation=exact_range; total_rule=source_question
build_income_expenditure_crosswalk.py,EXP_TRANSPORT_COMM,家庭支出,EXP_TRANSPORT_COMM,交通與通訊支出,range_overlap,2002,91_2,23-4,J3,1,6,1萬元以上（請記錄 元）,8.0,"10,000-14,999 元",source_bin_spans_multiple_base_bins,運輸交通與通訊花費是多少？（油錢、電話費、公車費、汽機車保養費）,question_options_91_2.csv,以 103 年 J3 為基準。 103基準題號：J3。,mapping_relation=source_bin_spans_multiple_base_bins; total_rule=source_question
build_income_expenditure_crosswalk.py,EXP_TRANSPORT_COMM,家庭支出,EXP_TRANSPORT_COMM,交通與通訊支出,range_overlap,2002,91_2,23-4,J3,2,6,1萬元以上（請記錄 元）,9.0,"15,000-19,999 元",source_bin_spans_multiple_base_bins,運輸交通與通訊花費是多少？（油錢、電話費、公車費、汽機車保養費）,question_options_91_2.csv,以 103 年 J3 為基準。 103基準題號：J3。,mapping_relation=source_bin_spans_multiple_base_bins; total_rule=source_question
build_income_expenditure_crosswalk.py,EXP_TRANSPORT_COMM,家庭支出,EXP_TRANSPORT_COMM,交通與通訊支出,range_overlap,2002,91_2,23-4,J3,3,6,1萬元以上（請記錄 元）,10.0,"20,000-29,999 元",source_bin_spans_multiple_base_bins,運輸交通與通訊花費是多少？（油錢、電話費、公車費、汽機車保養費）,question_options_91_2.csv,以 103 年 J3 為基準。 103基準題號：J3。,mapping_relation=source_bin_spans_multiple_base_bins; total_rule=source_question
build_income_expenditure_crosswalk.py,EXP_TRANSPORT_COMM,家庭支出,EXP_TRANSPORT_COMM,交通與通訊支出,range_overlap,2002,91_2,23-4,J3,4,6,1萬元以上（請記錄 元）,11.0,"30,000 元及以上，請記錄________元",source_bin_spans_multiple_base_bins,運輸交通與通訊花費是多少？（油錢、電話費、公車費、汽機車保養費）,question_options_91_2.csv,以 103 年 J3 為基準。 103基準題號：J3。,mapping_relation=source_bin_spans_multiple_base_bins; total_rule=source_question
build_income_expenditure_crosswalk.py,EXP_TRANSPORT_COMM,家庭支出,EXP_TRANSPORT_COMM,交通與通訊支出,range_overlap,2002,91_2,23-4,J3,1,7,無,12.0,沒有這項支出,exact_none,運輸交通與通訊花費是多少？（油錢、電話費、公車費、汽機車保養費）,question_options_91_2.csv,以 103 年 J3 為基準。 103基準題號：J3。,mapping_relation=exact_none; total_rule=source_question
build_income_expenditure_crosswalk.py,EXP_TRANSPORT_COMM,家庭支出,EXP_TRANSPORT_COMM,交通與通訊支出,range_overlap,2006,95,Q12-3,J3,1,1.0,999元及以下,1.0,999 元及以下,exact_range,請問您全家每個月用在支付「上下班上下學通勤、搭乘交通工具、汽機車,question_options_95.csv,以 103 年 J3 為基準。 103基準題號：J3。,mapping_relation=exact_range; total_rule=source_question
build_income_expenditure_crosswalk.py,EXP_TRANSPORT_COMM,家庭支出,EXP_TRANSPORT_COMM,交通與通訊支出,range_overlap,2006,95,Q12-3,J3,1,2.0,"1,000-1,999元",2.0,"1,000-1,999 元",exact_range,請問您全家每個月用在支付「上下班上下學通勤、搭乘交通工具、汽機車,question_options_95.csv,以 103 年 J3 為基準。 103基準題號：J3。,mapping_relation=exact_range; total_rule=source_question
build_income_expenditure_crosswalk.py,EXP_TRANSPORT_COMM,家庭支出,EXP_TRANSPORT_COMM,交通與通訊支出,range_overlap,2006,95,Q12-3,J3,1,3.0,"2,000-2,999 元",3.0,"2,000-2,999 元",exact_range,請問您全家每個月用在支付「上下班上下學通勤、搭乘交通工具、汽機車,question_options_95.csv,以 103 年 J3 為基準。 103基準題號：J3。,mapping_relation=exact_range; total_rule=source_question
build_income_expenditure_crosswalk.py,EXP_TRANSPORT_COMM,家庭支出,EXP_TRANSPORT_COMM,交通與通訊支出,range_overlap,2006,95,Q12-3,J3,1,4.0,"3,000-3,999元",4.0,"3,000-3,999 元",exact_range,請問您全家每個月用在支付「上下班上下學通勤、搭乘交通工具、汽機車,question_options_95.csv,以 103 年 J3 為基準。 103基準題號：J3。,mapping_relation=exact_range; total_rule=source_question
build_income_expenditure_crosswalk.py,EXP_TRANSPORT_COMM,家庭支出,EXP_TRANSPORT_COMM,交通與通訊支出,range_overlap,2006,95,Q12-3,J3,1,5.0,"4,000-4,999 元",5.0,"4,000-4,999 元",exact_range,請問您全家每個月用在支付「上下班上下學通勤、搭乘交通工具、汽機車,question_options_95.csv,以 103 年 J3 為基準。 103基準題號：J3。,mapping_relation=exact_range; total_rule=source_question
build_income_expenditure_crosswalk.py,EXP_TRANSPORT_COMM,家庭支出,EXP_TRANSPORT_COMM,交通與通訊支出,range_overlap,2006,95,Q12-3,J3,1,6.0,"5,000-6,999元",6.0,"5,000-6,999 元",exact_range,請問您全家每個月用在支付「上下班上下學通勤、搭乘交通工具、汽機車,question_options_95.csv,以 103 年 J3 為基準。 103基準題號：J3。,mapping_relation=exact_range; total_rule=source_question
build_income_expenditure_crosswalk.py,EXP_TRANSPORT_COMM,家庭支出,EXP_TRANSPORT_COMM,交通與通訊支出,range_overlap,2006,95,Q12-3,J3,1,7.0,"7,000-9,999 元",7.0,"7,000-9,999 元",exact_range,請問您全家每個月用在支付「上下班上下學通勤、搭乘交通工具、汽機車,question_options_95.csv,以 103 年 J3 為基準。 103基準題號：J3。,mapping_relation=exact_range; total_rule=source_question
build_income_expenditure_crosswalk.py,EXP_TRANSPORT_COMM,家庭支出,EXP_TRANSPORT_COMM,交通與通訊支出,range_overlap,2006,95,Q12-3,J3,1,8.0,"10,000-14,999元",8.0,"10,000-14,999 元",exact_range,請問您全家每個月用在支付「上下班上下學通勤、搭乘交通工具、汽機車,question_options_95.csv,以 103 年 J3 為基準。 103基準題號：J3。,mapping_relation=exact_range; total_rule=source_question
build_income_expenditure_crosswalk.py,EXP_TRANSPORT_COMM,家庭支出,EXP_TRANSPORT_COMM,交通與通訊支出,range_overlap,2006,95,Q12-3,J3,1,9.0,"15,000-19,999 元",9.0,"15,000-19,999 元",exact_range,請問您全家每個月用在支付「上下班上下學通勤、搭乘交通工具、汽機車,question_options_95.csv,以 103 年 J3 為基準。 103基準題號：J3。,mapping_relation=exact_range; total_rule=source_question
build_income_expenditure_crosswalk.py,EXP_TRANSPORT_COMM,家庭支出,EXP_TRANSPORT_COMM,交通與通訊支出,range_overlap,2006,95,Q12-3,J3,1,10.0,"20,000-29,999元",10.0,"20,000-29,999 元",exact_range,請問您全家每個月用在支付「上下班上下學通勤、搭乘交通工具、汽機車,question_options_95.csv,以 103 年 J3 為基準。 103基準題號：J3。,mapping_relation=exact_range; total_rule=source_question
build_income_expenditure_crosswalk.py,EXP_TRANSPORT_COMM,家庭支出,EXP_TRANSPORT_COMM,交通與通訊支出,range_overlap,2006,95,Q12-3,J3,1,90.0,"30,000元及以上，請記錄 元",11.0,"30,000 元及以上，請記錄________元",exact_open_upper,請問您全家每個月用在支付「上下班上下學通勤、搭乘交通工具、汽機車,question_options_95.csv,以 103 年 J3 為基準。 103基準題號：J3。,mapping_relation=exact_open_upper; total_rule=source_question
build_income_expenditure_crosswalk.py,EXP_TRANSPORT_COMM,家庭支出,EXP_TRANSPORT_COMM,交通與通訊支出,range_overlap,2006,95,Q12-3,J3,1,95.0,沒有這項支出,12.0,沒有這項支出,exact_none,請問您全家每個月用在支付「上下班上下學通勤、搭乘交通工具、汽機車,question_options_95.csv,以 103 年 J3 為基準。 103基準題號：J3。,mapping_relation=exact_none; total_rule=source_question
build_income_expenditure_crosswalk.py,EXP_TRANSPORT_COMM,家庭支出,EXP_TRANSPORT_COMM,交通與通訊支出,range_overlap,2010,99,J3,J3,1,1,"1,000-1,999 元",2.0,"1,000-1,999 元",exact_range,"請問您全家每個月用在支付「上下班上下學通勤、搭乘交通工具、汽機車保養油錢、市內電話、手機電話等」的費用是多少？【過去ㄧ年帄均每個月的金額】, | 請問您全家每個月用在支付「上下班上下學通勤、搭乘交通工具、汽機車保養油錢、市內電話、手機電話等」的費用是多少？【過去ㄧ年帄均每個月的金額】",question_options_99.csv,以 103 年 J3 為基準。 103基準題號：J3。,mapping_relation=exact_range; total_rule=source_question
build_income_expenditure_crosswalk.py,EXP_TRANSPORT_COMM,家庭支出,EXP_TRANSPORT_COMM,交通與通訊支出,range_overlap,2010,99,J3,J3,1,2,"2,000-2,999 元",3.0,"2,000-2,999 元",exact_range,"請問您全家每個月用在支付「上下班上下學通勤、搭乘交通工具、汽機車保養油錢、市內電話、手機電話等」的費用是多少？【過去ㄧ年帄均每個月的金額】, | 請問您全家每個月用在支付「上下班上下學通勤、搭乘交通工具、汽機車保養油錢、市內電話、手機電話等」的費用是多少？【過去ㄧ年帄均每個月的金額】",question_options_99.csv,以 103 年 J3 為基準。 103基準題號：J3。,mapping_relation=exact_range; total_rule=source_question
build_income_expenditure_crosswalk.py,EXP_TRANSPORT_COMM,家庭支出,EXP_TRANSPORT_COMM,交通與通訊支出,range_overlap,2010,99,J3,J3,1,3,"3,000-3,999 元",4.0,"3,000-3,999 元",exact_range,"請問您全家每個月用在支付「上下班上下學通勤、搭乘交通工具、汽機車保養油錢、市內電話、手機電話等」的費用是多少？【過去ㄧ年帄均每個月的金額】, | 請問您全家每個月用在支付「上下班上下學通勤、搭乘交通工具、汽機車保養油錢、市內電話、手機電話等」的費用是多少？【過去ㄧ年帄均每個月的金額】",question_options_99.csv,以 103 年 J3 為基準。 103基準題號：J3。,mapping_relation=exact_range; total_rule=source_question
build_income_expenditure_crosswalk.py,EXP_TRANSPORT_COMM,家庭支出,EXP_TRANSPORT_COMM,交通與通訊支出,range_overlap,2010,99,J3,J3,1,4,"4,000-4,999 元",5.0,"4,000-4,999 元",exact_range,"請問您全家每個月用在支付「上下班上下學通勤、搭乘交通工具、汽機車保養油錢、市內電話、手機電話等」的費用是多少？【過去ㄧ年帄均每個月的金額】, | 請問您全家每個月用在支付「上下班上下學通勤、搭乘交通工具、汽機車保養油錢、市內電話、手機電話等」的費用是多少？【過去ㄧ年帄均每個月的金額】",question_options_99.csv,以 103 年 J3 為基準。 103基準題號：J3。,mapping_relation=exact_range; total_rule=source_question
build_income_expenditure_crosswalk.py,EXP_TRANSPORT_COMM,家庭支出,EXP_TRANSPORT_COMM,交通與通訊支出,range_overlap,2010,99,J3,J3,1,5,"5,000-6,999 元",6.0,"5,000-6,999 元",exact_range,"請問您全家每個月用在支付「上下班上下學通勤、搭乘交通工具、汽機車保養油錢、市內電話、手機電話等」的費用是多少？【過去ㄧ年帄均每個月的金額】, | 請問您全家每個月用在支付「上下班上下學通勤、搭乘交通工具、汽機車保養油錢、市內電話、手機電話等」的費用是多少？【過去ㄧ年帄均每個月的金額】",question_options_99.csv,以 103 年 J3 為基準。 103基準題號：J3。,mapping_relation=exact_range; total_rule=source_question
build_income_expenditure_crosswalk.py,EXP_TRANSPORT_COMM,家庭支出,EXP_TRANSPORT_COMM,交通與通訊支出,range_overlap,2010,99,J3,J3,1,7,"7,000-9,999 元",7.0,"7,000-9,999 元",exact_range,"請問您全家每個月用在支付「上下班上下學通勤、搭乘交通工具、汽機車保養油錢、市內電話、手機電話等」的費用是多少？【過去ㄧ年帄均每個月的金額】, | 請問您全家每個月用在支付「上下班上下學通勤、搭乘交通工具、汽機車保養油錢、市內電話、手機電話等」的費用是多少？【過去ㄧ年帄均每個月的金額】",question_options_99.csv,以 103 年 J3 為基準。 103基準題號：J3。,mapping_relation=exact_range; total_rule=source_question
build_income_expenditure_crosswalk.py,EXP_TRANSPORT_COMM,家庭支出,EXP_TRANSPORT_COMM,交通與通訊支出,range_overlap,2010,99,J3,J3,1,10,"10,000-14,999 元",8.0,"10,000-14,999 元",exact_range,"請問您全家每個月用在支付「上下班上下學通勤、搭乘交通工具、汽機車保養油錢、市內電話、手機電話等」的費用是多少？【過去ㄧ年帄均每個月的金額】, | 請問您全家每個月用在支付「上下班上下學通勤、搭乘交通工具、汽機車保養油錢、市內電話、手機電話等」的費用是多少？【過去ㄧ年帄均每個月的金額】",question_options_99.csv,以 103 年 J3 為基準。 103基準題號：J3。,mapping_relation=exact_range; total_rule=source_question
build_income_expenditure_crosswalk.py,EXP_TRANSPORT_COMM,家庭支出,EXP_TRANSPORT_COMM,交通與通訊支出,range_overlap,2010,99,J3,J3,1,15,"15,000-19,999 元",9.0,"15,000-19,999 元",exact_range,"請問您全家每個月用在支付「上下班上下學通勤、搭乘交通工具、汽機車保養油錢、市內電話、手機電話等」的費用是多少？【過去ㄧ年帄均每個月的金額】, | 請問您全家每個月用在支付「上下班上下學通勤、搭乘交通工具、汽機車保養油錢、市內電話、手機電話等」的費用是多少？【過去ㄧ年帄均每個月的金額】",question_options_99.csv,以 103 年 J3 為基準。 103基準題號：J3。,mapping_relation=exact_range; total_rule=source_question
build_income_expenditure_crosswalk.py,EXP_TRANSPORT_COMM,家庭支出,EXP_TRANSPORT_COMM,交通與通訊支出,range_overlap,2010,99,J3,J3,1,20,"20,000-29,999 元",10.0,"20,000-29,999 元",exact_range,"請問您全家每個月用在支付「上下班上下學通勤、搭乘交通工具、汽機車保養油錢、市內電話、手機電話等」的費用是多少？【過去ㄧ年帄均每個月的金額】, | 請問您全家每個月用在支付「上下班上下學通勤、搭乘交通工具、汽機車保養油錢、市內電話、手機電話等」的費用是多少？【過去ㄧ年帄均每個月的金額】",question_options_99.csv,以 103 年 J3 為基準。 103基準題號：J3。,mapping_relation=exact_range; total_rule=source_question
build_income_expenditure_crosswalk.py,EXP_TRANSPORT_COMM,家庭支出,EXP_TRANSPORT_COMM,交通與通訊支出,range_overlap,2010,99,J3,J3,1,30,"30,000 元及以上，請記錄 元",11.0,"30,000 元及以上，請記錄________元",exact_open_upper,"請問您全家每個月用在支付「上下班上下學通勤、搭乘交通工具、汽機車保養油錢、市內電話、手機電話等」的費用是多少？【過去ㄧ年帄均每個月的金額】, | 請問您全家每個月用在支付「上下班上下學通勤、搭乘交通工具、汽機車保養油錢、市內電話、手機電話等」的費用是多少？【過去ㄧ年帄均每個月的金額】",question_options_99.csv,以 103 年 J3 為基準。 103基準題號：J3。,mapping_relation=exact_open_upper; total_rule=source_question
build_income_expenditure_crosswalk.py,EXP_TRANSPORT_COMM,家庭支出,EXP_TRANSPORT_COMM,交通與通訊支出,range_overlap,2010,99,J3,J3,1,,999 元及以下,1.0,999 元及以下,exact_range,"請問您全家每個月用在支付「上下班上下學通勤、搭乘交通工具、汽機車保養油錢、市內電話、手機電話等」的費用是多少？【過去ㄧ年帄均每個月的金額】, | 請問您全家每個月用在支付「上下班上下學通勤、搭乘交通工具、汽機車保養油錢、市內電話、手機電話等」的費用是多少？【過去ㄧ年帄均每個月的金額】",question_options_99.csv,以 103 年 J3 為基準。 103基準題號：J3。,mapping_relation=exact_range; total_rule=source_question
build_income_expenditure_crosswalk.py,EXP_TRANSPORT_COMM,家庭支出,EXP_TRANSPORT_COMM,交通與通訊支出,range_overlap,2010,99,J3,J3,2,,沒有這項支出,12.0,沒有這項支出,exact_none,"請問您全家每個月用在支付「上下班上下學通勤、搭乘交通工具、汽機車保養油錢、市內電話、手機電話等」的費用是多少？【過去ㄧ年帄均每個月的金額】, | 請問您全家每個月用在支付「上下班上下學通勤、搭乘交通工具、汽機車保養油錢、市內電話、手機電話等」的費用是多少？【過去ㄧ年帄均每個月的金額】",question_options_99.csv,以 103 年 J3 為基準。 103基準題號：J3。,mapping_relation=exact_none; total_rule=source_question
build_income_expenditure_crosswalk.py,EXP_TRANSPORT_COMM,家庭支出,EXP_TRANSPORT_COMM,交通與通訊支出,range_overlap,2014,103,J3,J3,1,1.0,999 元及以下,1.0,999 元及以下,exact_range,請問您全家每個月用在支付「上下班上下學通勤、搭乘交通工具、汽機車保養/油錢、汽機車保險、,question_options_103.csv,以 103 年 J3 為基準。 103基準題號：J3。,mapping_relation=exact_range; total_rule=source_question
build_income_expenditure_crosswalk.py,EXP_TRANSPORT_COMM,家庭支出,EXP_TRANSPORT_COMM,交通與通訊支出,range_overlap,2014,103,J3,J3,1,2.0,"1,000-1,999 元",2.0,"1,000-1,999 元",exact_range,請問您全家每個月用在支付「上下班上下學通勤、搭乘交通工具、汽機車保養/油錢、汽機車保險、,question_options_103.csv,以 103 年 J3 為基準。 103基準題號：J3。,mapping_relation=exact_range; total_rule=source_question
build_income_expenditure_crosswalk.py,EXP_TRANSPORT_COMM,家庭支出,EXP_TRANSPORT_COMM,交通與通訊支出,range_overlap,2014,103,J3,J3,1,3.0,"2,000-2,999 元",3.0,"2,000-2,999 元",exact_range,請問您全家每個月用在支付「上下班上下學通勤、搭乘交通工具、汽機車保養/油錢、汽機車保險、,question_options_103.csv,以 103 年 J3 為基準。 103基準題號：J3。,mapping_relation=exact_range; total_rule=source_question
build_income_expenditure_crosswalk.py,EXP_TRANSPORT_COMM,家庭支出,EXP_TRANSPORT_COMM,交通與通訊支出,range_overlap,2014,103,J3,J3,1,4.0,"3,000-3,999 元",4.0,"3,000-3,999 元",exact_range,請問您全家每個月用在支付「上下班上下學通勤、搭乘交通工具、汽機車保養/油錢、汽機車保險、,question_options_103.csv,以 103 年 J3 為基準。 103基準題號：J3。,mapping_relation=exact_range; total_rule=source_question
build_income_expenditure_crosswalk.py,EXP_TRANSPORT_COMM,家庭支出,EXP_TRANSPORT_COMM,交通與通訊支出,range_overlap,2014,103,J3,J3,1,5.0,"4,000-4,999 元",5.0,"4,000-4,999 元",exact_range,請問您全家每個月用在支付「上下班上下學通勤、搭乘交通工具、汽機車保養/油錢、汽機車保險、,question_options_103.csv,以 103 年 J3 為基準。 103基準題號：J3。,mapping_relation=exact_range; total_rule=source_question
build_income_expenditure_crosswalk.py,EXP_TRANSPORT_COMM,家庭支出,EXP_TRANSPORT_COMM,交通與通訊支出,range_overlap,2014,103,J3,J3,1,6.0,"5,000-6,999 元",6.0,"5,000-6,999 元",exact_range,請問您全家每個月用在支付「上下班上下學通勤、搭乘交通工具、汽機車保養/油錢、汽機車保險、,question_options_103.csv,以 103 年 J3 為基準。 103基準題號：J3。,mapping_relation=exact_range; total_rule=source_question
build_income_expenditure_crosswalk.py,EXP_TRANSPORT_COMM,家庭支出,EXP_TRANSPORT_COMM,交通與通訊支出,range_overlap,2014,103,J3,J3,1,7.0,"7,000-9,999 元",7.0,"7,000-9,999 元",exact_range,請問您全家每個月用在支付「上下班上下學通勤、搭乘交通工具、汽機車保養/油錢、汽機車保險、,question_options_103.csv,以 103 年 J3 為基準。 103基準題號：J3。,mapping_relation=exact_range; total_rule=source_question
build_income_expenditure_crosswalk.py,EXP_TRANSPORT_COMM,家庭支出,EXP_TRANSPORT_COMM,交通與通訊支出,range_overlap,2014,103,J3,J3,1,8.0,"10,000-14,999 元",8.0,"10,000-14,999 元",exact_range,請問您全家每個月用在支付「上下班上下學通勤、搭乘交通工具、汽機車保養/油錢、汽機車保險、,question_options_103.csv,以 103 年 J3 為基準。 103基準題號：J3。,mapping_relation=exact_range; total_rule=source_question
build_income_expenditure_crosswalk.py,EXP_TRANSPORT_COMM,家庭支出,EXP_TRANSPORT_COMM,交通與通訊支出,range_overlap,2014,103,J3,J3,1,9.0,"15,000-19,999 元",9.0,"15,000-19,999 元",exact_range,請問您全家每個月用在支付「上下班上下學通勤、搭乘交通工具、汽機車保養/油錢、汽機車保險、,question_options_103.csv,以 103 年 J3 為基準。 103基準題號：J3。,mapping_relation=exact_range; total_rule=source_question
build_income_expenditure_crosswalk.py,EXP_TRANSPORT_COMM,家庭支出,EXP_TRANSPORT_COMM,交通與通訊支出,range_overlap,2014,103,J3,J3,1,10.0,"20,000-29,999 元",10.0,"20,000-29,999 元",exact_range,請問您全家每個月用在支付「上下班上下學通勤、搭乘交通工具、汽機車保養/油錢、汽機車保險、,question_options_103.csv,以 103 年 J3 為基準。 103基準題號：J3。,mapping_relation=exact_range; total_rule=source_question
build_income_expenditure_crosswalk.py,EXP_TRANSPORT_COMM,家庭支出,EXP_TRANSPORT_COMM,交通與通訊支出,range_overlap,2014,103,J3,J3,1,11.0,"30,000 元及以上，請記錄________元",11.0,"30,000 元及以上，請記錄________元",exact_open_upper,請問您全家每個月用在支付「上下班上下學通勤、搭乘交通工具、汽機車保養/油錢、汽機車保險、,question_options_103.csv,以 103 年 J3 為基準。 103基準題號：J3。,mapping_relation=exact_open_upper; total_rule=source_question
build_income_expenditure_crosswalk.py,EXP_TRANSPORT_COMM,家庭支出,EXP_TRANSPORT_COMM,交通與通訊支出,range_overlap,2014,103,J3,J3,1,12.0,沒有這項支出,12.0,沒有這項支出,exact_none,請問您全家每個月用在支付「上下班上下學通勤、搭乘交通工具、汽機車保養/油錢、汽機車保險、,question_options_103.csv,以 103 年 J3 為基準。 103基準題號：J3。,mapping_relation=exact_none; total_rule=source_question
build_income_expenditure_crosswalk.py,EXP_TRANSPORT_COMM,家庭支出,EXP_TRANSPORT_COMM,交通與通訊支出,range_overlap,2017,106,M3,J3,1,1.0,"未滿1,000元",1.0,999 元及以下,exact_range,請問您全家每個月用在支付「上下班上下學通勤、搭乘交通工具、汽機車保養/油錢、汽機車保,question_options_106.csv,以 103 年 J3 為基準。 103基準題號：J3。,mapping_relation=exact_range; total_rule=source_question
build_income_expenditure_crosswalk.py,EXP_TRANSPORT_COMM,家庭支出,EXP_TRANSPORT_COMM,交通與通訊支出,range_overlap,2017,106,M3,J3,1,2.0,"1,000 元-未滿2,000元",2.0,"1,000-1,999 元",exact_range,請問您全家每個月用在支付「上下班上下學通勤、搭乘交通工具、汽機車保養/油錢、汽機車保,question_options_106.csv,以 103 年 J3 為基準。 103基準題號：J3。,mapping_relation=exact_range; total_rule=source_question
build_income_expenditure_crosswalk.py,EXP_TRANSPORT_COMM,家庭支出,EXP_TRANSPORT_COMM,交通與通訊支出,range_overlap,2017,106,M3,J3,1,3.0,"2,000 元-未滿3,000元",3.0,"2,000-2,999 元",exact_range,請問您全家每個月用在支付「上下班上下學通勤、搭乘交通工具、汽機車保養/油錢、汽機車保,question_options_106.csv,以 103 年 J3 為基準。 103基準題號：J3。,mapping_relation=exact_range; total_rule=source_question
build_income_expenditure_crosswalk.py,EXP_TRANSPORT_COMM,家庭支出,EXP_TRANSPORT_COMM,交通與通訊支出,range_overlap,2017,106,M3,J3,1,4.0,"3,000 元-未滿4,000元",4.0,"3,000-3,999 元",exact_range,請問您全家每個月用在支付「上下班上下學通勤、搭乘交通工具、汽機車保養/油錢、汽機車保,question_options_106.csv,以 103 年 J3 為基準。 103基準題號：J3。,mapping_relation=exact_range; total_rule=source_question
build_income_expenditure_crosswalk.py,EXP_TRANSPORT_COMM,家庭支出,EXP_TRANSPORT_COMM,交通與通訊支出,range_overlap,2017,106,M3,J3,1,5.0,"4,000 元-未滿5,000元",5.0,"4,000-4,999 元",exact_range,請問您全家每個月用在支付「上下班上下學通勤、搭乘交通工具、汽機車保養/油錢、汽機車保,question_options_106.csv,以 103 年 J3 為基準。 103基準題號：J3。,mapping_relation=exact_range; total_rule=source_question
build_income_expenditure_crosswalk.py,EXP_TRANSPORT_COMM,家庭支出,EXP_TRANSPORT_COMM,交通與通訊支出,range_overlap,2017,106,M3,J3,1,6.0,"5,000 元-未滿7,000元",6.0,"5,000-6,999 元",exact_range,請問您全家每個月用在支付「上下班上下學通勤、搭乘交通工具、汽機車保養/油錢、汽機車保,question_options_106.csv,以 103 年 J3 為基準。 103基準題號：J3。,mapping_relation=exact_range; total_rule=source_question
build_income_expenditure_crosswalk.py,EXP_TRANSPORT_COMM,家庭支出,EXP_TRANSPORT_COMM,交通與通訊支出,range_overlap,2017,106,M3,J3,1,7.0,"7,000 元-未滿10,000元",7.0,"7,000-9,999 元",exact_range,請問您全家每個月用在支付「上下班上下學通勤、搭乘交通工具、汽機車保養/油錢、汽機車保,question_options_106.csv,以 103 年 J3 為基準。 103基準題號：J3。,mapping_relation=exact_range; total_rule=source_question
build_income_expenditure_crosswalk.py,EXP_TRANSPORT_COMM,家庭支出,EXP_TRANSPORT_COMM,交通與通訊支出,range_overlap,2017,106,M3,J3,1,8.0,"10,000元-未滿15,000元",8.0,"10,000-14,999 元",exact_range,請問您全家每個月用在支付「上下班上下學通勤、搭乘交通工具、汽機車保養/油錢、汽機車保,question_options_106.csv,以 103 年 J3 為基準。 103基準題號：J3。,mapping_relation=exact_range; total_rule=source_question
build_income_expenditure_crosswalk.py,EXP_TRANSPORT_COMM,家庭支出,EXP_TRANSPORT_COMM,交通與通訊支出,range_overlap,2017,106,M3,J3,1,9.0,"15,000元-未滿20,000元",9.0,"15,000-19,999 元",exact_range,請問您全家每個月用在支付「上下班上下學通勤、搭乘交通工具、汽機車保養/油錢、汽機車保,question_options_106.csv,以 103 年 J3 為基準。 103基準題號：J3。,mapping_relation=exact_range; total_rule=source_question
build_income_expenditure_crosswalk.py,EXP_TRANSPORT_COMM,家庭支出,EXP_TRANSPORT_COMM,交通與通訊支出,range_overlap,2017,106,M3,J3,1,10.0,"20,000元-未滿30,000元",10.0,"20,000-29,999 元",exact_range,請問您全家每個月用在支付「上下班上下學通勤、搭乘交通工具、汽機車保養/油錢、汽機車保,question_options_106.csv,以 103 年 J3 為基準。 103基準題號：J3。,mapping_relation=exact_range; total_rule=source_question
build_income_expenditure_crosswalk.py,EXP_TRANSPORT_COMM,家庭支出,EXP_TRANSPORT_COMM,交通與通訊支出,range_overlap,2017,106,M3,J3,1,11.0,"30,000元以上，請記錄________元",11.0,"30,000 元及以上，請記錄________元",exact_open_upper,請問您全家每個月用在支付「上下班上下學通勤、搭乘交通工具、汽機車保養/油錢、汽機車保,question_options_106.csv,以 103 年 J3 為基準。 103基準題號：J3。,mapping_relation=exact_open_upper; total_rule=source_question
build_income_expenditure_crosswalk.py,EXP_TRANSPORT_COMM,家庭支出,EXP_TRANSPORT_COMM,交通與通訊支出,range_overlap,2017,106,M3,J3,1,12.0,沒有這項支出,12.0,沒有這項支出,exact_none,請問您全家每個月用在支付「上下班上下學通勤、搭乘交通工具、汽機車保養/油錢、汽機車保,question_options_106.csv,以 103 年 J3 為基準。 103基準題號：J3。,mapping_relation=exact_none; total_rule=source_question
build_income_expenditure_crosswalk.py,EXP_TRANSPORT_COMM,家庭支出,EXP_TRANSPORT_COMM,交通與通訊支出,range_overlap,2021,110,H3,J3,1,1.0,"未滿1,000元",1.0,999 元及以下,exact_range,請問您全家每個月用在支付「上下班上下學通勤、搭乘交通工具、汽機車保養/油錢、汽機車保,question_options_110.csv,以 103 年 J3 為基準。 103基準題號：J3。,mapping_relation=exact_range; total_rule=source_question
build_income_expenditure_crosswalk.py,EXP_TRANSPORT_COMM,家庭支出,EXP_TRANSPORT_COMM,交通與通訊支出,range_overlap,2021,110,H3,J3,1,2.0,"1,000 元-未滿2,000元",2.0,"1,000-1,999 元",exact_range,請問您全家每個月用在支付「上下班上下學通勤、搭乘交通工具、汽機車保養/油錢、汽機車保,question_options_110.csv,以 103 年 J3 為基準。 103基準題號：J3。,mapping_relation=exact_range; total_rule=source_question
build_income_expenditure_crosswalk.py,EXP_TRANSPORT_COMM,家庭支出,EXP_TRANSPORT_COMM,交通與通訊支出,range_overlap,2021,110,H3,J3,1,3.0,"2,000 元-未滿3,000元",3.0,"2,000-2,999 元",exact_range,請問您全家每個月用在支付「上下班上下學通勤、搭乘交通工具、汽機車保養/油錢、汽機車保,question_options_110.csv,以 103 年 J3 為基準。 103基準題號：J3。,mapping_relation=exact_range; total_rule=source_question
build_income_expenditure_crosswalk.py,EXP_TRANSPORT_COMM,家庭支出,EXP_TRANSPORT_COMM,交通與通訊支出,range_overlap,2021,110,H3,J3,1,4.0,"3,000 元-未滿4,000元",4.0,"3,000-3,999 元",exact_range,請問您全家每個月用在支付「上下班上下學通勤、搭乘交通工具、汽機車保養/油錢、汽機車保,question_options_110.csv,以 103 年 J3 為基準。 103基準題號：J3。,mapping_relation=exact_range; total_rule=source_question
build_income_expenditure_crosswalk.py,EXP_TRANSPORT_COMM,家庭支出,EXP_TRANSPORT_COMM,交通與通訊支出,range_overlap,2021,110,H3,J3,1,5.0,"4,000 元-未滿5,000元",5.0,"4,000-4,999 元",exact_range,請問您全家每個月用在支付「上下班上下學通勤、搭乘交通工具、汽機車保養/油錢、汽機車保,question_options_110.csv,以 103 年 J3 為基準。 103基準題號：J3。,mapping_relation=exact_range; total_rule=source_question
build_income_expenditure_crosswalk.py,EXP_TRANSPORT_COMM,家庭支出,EXP_TRANSPORT_COMM,交通與通訊支出,range_overlap,2021,110,H3,J3,1,6.0,"5,000 元-未滿7,000元",6.0,"5,000-6,999 元",exact_range,請問您全家每個月用在支付「上下班上下學通勤、搭乘交通工具、汽機車保養/油錢、汽機車保,question_options_110.csv,以 103 年 J3 為基準。 103基準題號：J3。,mapping_relation=exact_range; total_rule=source_question
build_income_expenditure_crosswalk.py,EXP_TRANSPORT_COMM,家庭支出,EXP_TRANSPORT_COMM,交通與通訊支出,range_overlap,2021,110,H3,J3,1,7.0,"7,000 元-未滿10,000元",7.0,"7,000-9,999 元",exact_range,請問您全家每個月用在支付「上下班上下學通勤、搭乘交通工具、汽機車保養/油錢、汽機車保,question_options_110.csv,以 103 年 J3 為基準。 103基準題號：J3。,mapping_relation=exact_range; total_rule=source_question
build_income_expenditure_crosswalk.py,EXP_TRANSPORT_COMM,家庭支出,EXP_TRANSPORT_COMM,交通與通訊支出,range_overlap,2021,110,H3,J3,1,8.0,"10,000元-未滿15,000元",8.0,"10,000-14,999 元",exact_range,請問您全家每個月用在支付「上下班上下學通勤、搭乘交通工具、汽機車保養/油錢、汽機車保,question_options_110.csv,以 103 年 J3 為基準。 103基準題號：J3。,mapping_relation=exact_range; total_rule=source_question
build_income_expenditure_crosswalk.py,EXP_TRANSPORT_COMM,家庭支出,EXP_TRANSPORT_COMM,交通與通訊支出,range_overlap,2021,110,H3,J3,1,9.0,"15,000元-未滿20,000元",9.0,"15,000-19,999 元",exact_range,請問您全家每個月用在支付「上下班上下學通勤、搭乘交通工具、汽機車保養/油錢、汽機車保,question_options_110.csv,以 103 年 J3 為基準。 103基準題號：J3。,mapping_relation=exact_range; total_rule=source_question
build_income_expenditure_crosswalk.py,EXP_TRANSPORT_COMM,家庭支出,EXP_TRANSPORT_COMM,交通與通訊支出,range_overlap,2021,110,H3,J3,1,10.0,"20,000元-未滿30,000元",10.0,"20,000-29,999 元",exact_range,請問您全家每個月用在支付「上下班上下學通勤、搭乘交通工具、汽機車保養/油錢、汽機車保,question_options_110.csv,以 103 年 J3 為基準。 103基準題號：J3。,mapping_relation=exact_range; total_rule=source_question
build_income_expenditure_crosswalk.py,EXP_TRANSPORT_COMM,家庭支出,EXP_TRANSPORT_COMM,交通與通訊支出,range_overlap,2021,110,H3,J3,1,11.0,"30,000元以上，請記錄________元",11.0,"30,000 元及以上，請記錄________元",exact_open_upper,請問您全家每個月用在支付「上下班上下學通勤、搭乘交通工具、汽機車保養/油錢、汽機車保,question_options_110.csv,以 103 年 J3 為基準。 103基準題號：J3。,mapping_relation=exact_open_upper; total_rule=source_question
build_income_expenditure_crosswalk.py,EXP_TRANSPORT_COMM,家庭支出,EXP_TRANSPORT_COMM,交通與通訊支出,range_overlap,2021,110,H3,J3,1,12.0,沒有這項支出,12.0,沒有這項支出,exact_none,請問您全家每個月用在支付「上下班上下學通勤、搭乘交通工具、汽機車保養/油錢、汽機車保,question_options_110.csv,以 103 年 J3 為基準。 103基準題號：J3。,mapping_relation=exact_none; total_rule=source_question
build_income_expenditure_crosswalk.py,EXP_MEDICAL,家庭支出,EXP_MEDICAL,醫療保健支出,range_overlap,2002,91_1,23-3,J4,1,1,未滿1千,1.0,499 元及以下,source_bin_spans_multiple_base_bins,醫療保健費用是多少？（包括看病的掛號或藥費及個人買的醫療保險費，但不包括勞保費、健保費）,question_options_91_1.csv,以 103 年 J4 為基準。 103基準題號：J4。,mapping_relation=source_bin_spans_multiple_base_bins; total_rule=source_question
build_income_expenditure_crosswalk.py,EXP_MEDICAL,家庭支出,EXP_MEDICAL,醫療保健支出,range_overlap,2002,91_1,23-3,J4,2,1,未滿1千,2.0,500-999 元,source_bin_spans_multiple_base_bins,醫療保健費用是多少？（包括看病的掛號或藥費及個人買的醫療保險費，但不包括勞保費、健保費）,question_options_91_1.csv,以 103 年 J4 為基準。 103基準題號：J4。,mapping_relation=source_bin_spans_multiple_base_bins; total_rule=source_question
build_income_expenditure_crosswalk.py,EXP_MEDICAL,家庭支出,EXP_MEDICAL,醫療保健支出,range_overlap,2002,91_1,23-3,J4,1,2,1千至未滿3千元,3.0,"1,000-1,999 元",source_bin_spans_multiple_base_bins,醫療保健費用是多少？（包括看病的掛號或藥費及個人買的醫療保險費，但不包括勞保費、健保費）,question_options_91_1.csv,以 103 年 J4 為基準。 103基準題號：J4。,mapping_relation=source_bin_spans_multiple_base_bins; total_rule=source_question
build_income_expenditure_crosswalk.py,EXP_MEDICAL,家庭支出,EXP_MEDICAL,醫療保健支出,range_overlap,2002,91_1,23-3,J4,2,2,1千至未滿3千元,4.0,"2,000-2,999 元",source_bin_spans_multiple_base_bins,醫療保健費用是多少？（包括看病的掛號或藥費及個人買的醫療保險費，但不包括勞保費、健保費）,question_options_91_1.csv,以 103 年 J4 為基準。 103基準題號：J4。,mapping_relation=source_bin_spans_multiple_base_bins; total_rule=source_question
build_income_expenditure_crosswalk.py,EXP_MEDICAL,家庭支出,EXP_MEDICAL,醫療保健支出,range_overlap,2002,91_1,23-3,J4,1,3,3千至未滿5千元,5.0,"3,000-3,999 元",source_bin_spans_multiple_base_bins,醫療保健費用是多少？（包括看病的掛號或藥費及個人買的醫療保險費，但不包括勞保費、健保費）,question_options_91_1.csv,以 103 年 J4 為基準。 103基準題號：J4。,mapping_relation=source_bin_spans_multiple_base_bins; total_rule=source_question
build_income_expenditure_crosswalk.py,EXP_MEDICAL,家庭支出,EXP_MEDICAL,醫療保健支出,range_overlap,2002,91_1,23-3,J4,2,3,3千至未滿5千元,6.0,"4,000-4,999 元",source_bin_spans_multiple_base_bins,醫療保健費用是多少？（包括看病的掛號或藥費及個人買的醫療保險費，但不包括勞保費、健保費）,question_options_91_1.csv,以 103 年 J4 為基準。 103基準題號：J4。,mapping_relation=source_bin_spans_multiple_base_bins; total_rule=source_question
build_income_expenditure_crosswalk.py,EXP_MEDICAL,家庭支出,EXP_MEDICAL,醫療保健支出,range_overlap,2002,91_1,23-3,J4,1,4,5千至未滿 7千元,7.0,"5,000-6,999 元",exact_range,醫療保健費用是多少？（包括看病的掛號或藥費及個人買的醫療保險費，但不包括勞保費、健保費）,question_options_91_1.csv,以 103 年 J4 為基準。 103基準題號：J4。,mapping_relation=exact_range; total_rule=source_question
build_income_expenditure_crosswalk.py,EXP_MEDICAL,家庭支出,EXP_MEDICAL,醫療保健支出,range_overlap,2002,91_1,23-3,J4,1,5,7千元至未滿1萬元,8.0,"7,000-9,999 元",exact_range,醫療保健費用是多少？（包括看病的掛號或藥費及個人買的醫療保險費，但不包括勞保費、健保費）,question_options_91_1.csv,以 103 年 J4 為基準。 103基準題號：J4。,mapping_relation=exact_range; total_rule=source_question
build_income_expenditure_crosswalk.py,EXP_MEDICAL,家庭支出,EXP_MEDICAL,醫療保健支出,range_overlap,2002,91_1,23-3,J4,1,6,1萬元以上（請記錄 元）,9.0,"10,000-14,999 元",source_bin_spans_multiple_base_bins,醫療保健費用是多少？（包括看病的掛號或藥費及個人買的醫療保險費，但不包括勞保費、健保費）,question_options_91_1.csv,以 103 年 J4 為基準。 103基準題號：J4。,mapping_relation=source_bin_spans_multiple_base_bins; total_rule=source_question
build_income_expenditure_crosswalk.py,EXP_MEDICAL,家庭支出,EXP_MEDICAL,醫療保健支出,range_overlap,2002,91_1,23-3,J4,2,6,1萬元以上（請記錄 元）,10.0,"15,000-19,999 元",source_bin_spans_multiple_base_bins,醫療保健費用是多少？（包括看病的掛號或藥費及個人買的醫療保險費，但不包括勞保費、健保費）,question_options_91_1.csv,以 103 年 J4 為基準。 103基準題號：J4。,mapping_relation=source_bin_spans_multiple_base_bins; total_rule=source_question
build_income_expenditure_crosswalk.py,EXP_MEDICAL,家庭支出,EXP_MEDICAL,醫療保健支出,range_overlap,2002,91_1,23-3,J4,3,6,1萬元以上（請記錄 元）,11.0,"20,000-29,999 元",source_bin_spans_multiple_base_bins,醫療保健費用是多少？（包括看病的掛號或藥費及個人買的醫療保險費，但不包括勞保費、健保費）,question_options_91_1.csv,以 103 年 J4 為基準。 103基準題號：J4。,mapping_relation=source_bin_spans_multiple_base_bins; total_rule=source_question
build_income_expenditure_crosswalk.py,EXP_MEDICAL,家庭支出,EXP_MEDICAL,醫療保健支出,range_overlap,2002,91_1,23-3,J4,4,6,1萬元以上（請記錄 元）,12.0,"30,000 元及以上，請記錄________元",source_bin_spans_multiple_base_bins,醫療保健費用是多少？（包括看病的掛號或藥費及個人買的醫療保險費，但不包括勞保費、健保費）,question_options_91_1.csv,以 103 年 J4 為基準。 103基準題號：J4。,mapping_relation=source_bin_spans_multiple_base_bins; total_rule=source_question
build_income_expenditure_crosswalk.py,EXP_MEDICAL,家庭支出,EXP_MEDICAL,醫療保健支出,range_overlap,2002,91_1,23-3,J4,1,7,無,13.0,沒有這項支出,exact_none,醫療保健費用是多少？（包括看病的掛號或藥費及個人買的醫療保險費，但不包括勞保費、健保費）,question_options_91_1.csv,以 103 年 J4 為基準。 103基準題號：J4。,mapping_relation=exact_none; total_rule=source_question
build_income_expenditure_crosswalk.py,EXP_MEDICAL,家庭支出,EXP_MEDICAL,醫療保健支出,range_overlap,2002,91_2,23-3,J4,1,1,未滿1千,1.0,499 元及以下,source_bin_spans_multiple_base_bins,醫療保健費用是多少？（包括看病的掛號或藥費及個人買的醫療保險費，但不包括勞保費、健保費）,question_options_91_2.csv,以 103 年 J4 為基準。 103基準題號：J4。,mapping_relation=source_bin_spans_multiple_base_bins; total_rule=source_question
build_income_expenditure_crosswalk.py,EXP_MEDICAL,家庭支出,EXP_MEDICAL,醫療保健支出,range_overlap,2002,91_2,23-3,J4,2,1,未滿1千,2.0,500-999 元,source_bin_spans_multiple_base_bins,醫療保健費用是多少？（包括看病的掛號或藥費及個人買的醫療保險費，但不包括勞保費、健保費）,question_options_91_2.csv,以 103 年 J4 為基準。 103基準題號：J4。,mapping_relation=source_bin_spans_multiple_base_bins; total_rule=source_question
build_income_expenditure_crosswalk.py,EXP_MEDICAL,家庭支出,EXP_MEDICAL,醫療保健支出,range_overlap,2002,91_2,23-3,J4,1,2,1千至未滿3千元,3.0,"1,000-1,999 元",source_bin_spans_multiple_base_bins,醫療保健費用是多少？（包括看病的掛號或藥費及個人買的醫療保險費，但不包括勞保費、健保費）,question_options_91_2.csv,以 103 年 J4 為基準。 103基準題號：J4。,mapping_relation=source_bin_spans_multiple_base_bins; total_rule=source_question
build_income_expenditure_crosswalk.py,EXP_MEDICAL,家庭支出,EXP_MEDICAL,醫療保健支出,range_overlap,2002,91_2,23-3,J4,2,2,1千至未滿3千元,4.0,"2,000-2,999 元",source_bin_spans_multiple_base_bins,醫療保健費用是多少？（包括看病的掛號或藥費及個人買的醫療保險費，但不包括勞保費、健保費）,question_options_91_2.csv,以 103 年 J4 為基準。 103基準題號：J4。,mapping_relation=source_bin_spans_multiple_base_bins; total_rule=source_question
build_income_expenditure_crosswalk.py,EXP_MEDICAL,家庭支出,EXP_MEDICAL,醫療保健支出,range_overlap,2002,91_2,23-3,J4,1,3,3千至未滿5千元,5.0,"3,000-3,999 元",source_bin_spans_multiple_base_bins,醫療保健費用是多少？（包括看病的掛號或藥費及個人買的醫療保險費，但不包括勞保費、健保費）,question_options_91_2.csv,以 103 年 J4 為基準。 103基準題號：J4。,mapping_relation=source_bin_spans_multiple_base_bins; total_rule=source_question
build_income_expenditure_crosswalk.py,EXP_MEDICAL,家庭支出,EXP_MEDICAL,醫療保健支出,range_overlap,2002,91_2,23-3,J4,2,3,3千至未滿5千元,6.0,"4,000-4,999 元",source_bin_spans_multiple_base_bins,醫療保健費用是多少？（包括看病的掛號或藥費及個人買的醫療保險費，但不包括勞保費、健保費）,question_options_91_2.csv,以 103 年 J4 為基準。 103基準題號：J4。,mapping_relation=source_bin_spans_multiple_base_bins; total_rule=source_question
build_income_expenditure_crosswalk.py,EXP_MEDICAL,家庭支出,EXP_MEDICAL,醫療保健支出,range_overlap,2002,91_2,23-3,J4,1,4,5千至未滿 7千元,7.0,"5,000-6,999 元",exact_range,醫療保健費用是多少？（包括看病的掛號或藥費及個人買的醫療保險費，但不包括勞保費、健保費）,question_options_91_2.csv,以 103 年 J4 為基準。 103基準題號：J4。,mapping_relation=exact_range; total_rule=source_question
build_income_expenditure_crosswalk.py,EXP_MEDICAL,家庭支出,EXP_MEDICAL,醫療保健支出,range_overlap,2002,91_2,23-3,J4,1,5,7千元至未滿1萬元,8.0,"7,000-9,999 元",exact_range,醫療保健費用是多少？（包括看病的掛號或藥費及個人買的醫療保險費，但不包括勞保費、健保費）,question_options_91_2.csv,以 103 年 J4 為基準。 103基準題號：J4。,mapping_relation=exact_range; total_rule=source_question
build_income_expenditure_crosswalk.py,EXP_MEDICAL,家庭支出,EXP_MEDICAL,醫療保健支出,range_overlap,2002,91_2,23-3,J4,1,6,1萬元以上（請記錄 元）,9.0,"10,000-14,999 元",source_bin_spans_multiple_base_bins,醫療保健費用是多少？（包括看病的掛號或藥費及個人買的醫療保險費，但不包括勞保費、健保費）,question_options_91_2.csv,以 103 年 J4 為基準。 103基準題號：J4。,mapping_relation=source_bin_spans_multiple_base_bins; total_rule=source_question
build_income_expenditure_crosswalk.py,EXP_MEDICAL,家庭支出,EXP_MEDICAL,醫療保健支出,range_overlap,2002,91_2,23-3,J4,2,6,1萬元以上（請記錄 元）,10.0,"15,000-19,999 元",source_bin_spans_multiple_base_bins,醫療保健費用是多少？（包括看病的掛號或藥費及個人買的醫療保險費，但不包括勞保費、健保費）,question_options_91_2.csv,以 103 年 J4 為基準。 103基準題號：J4。,mapping_relation=source_bin_spans_multiple_base_bins; total_rule=source_question
build_income_expenditure_crosswalk.py,EXP_MEDICAL,家庭支出,EXP_MEDICAL,醫療保健支出,range_overlap,2002,91_2,23-3,J4,3,6,1萬元以上（請記錄 元）,11.0,"20,000-29,999 元",source_bin_spans_multiple_base_bins,醫療保健費用是多少？（包括看病的掛號或藥費及個人買的醫療保險費，但不包括勞保費、健保費）,question_options_91_2.csv,以 103 年 J4 為基準。 103基準題號：J4。,mapping_relation=source_bin_spans_multiple_base_bins; total_rule=source_question
build_income_expenditure_crosswalk.py,EXP_MEDICAL,家庭支出,EXP_MEDICAL,醫療保健支出,range_overlap,2002,91_2,23-3,J4,4,6,1萬元以上（請記錄 元）,12.0,"30,000 元及以上，請記錄________元",source_bin_spans_multiple_base_bins,醫療保健費用是多少？（包括看病的掛號或藥費及個人買的醫療保險費，但不包括勞保費、健保費）,question_options_91_2.csv,以 103 年 J4 為基準。 103基準題號：J4。,mapping_relation=source_bin_spans_multiple_base_bins; total_rule=source_question
build_income_expenditure_crosswalk.py,EXP_MEDICAL,家庭支出,EXP_MEDICAL,醫療保健支出,range_overlap,2002,91_2,23-3,J4,1,7,無,13.0,沒有這項支出,exact_none,醫療保健費用是多少？（包括看病的掛號或藥費及個人買的醫療保險費，但不包括勞保費、健保費）,question_options_91_2.csv,以 103 年 J4 為基準。 103基準題號：J4。,mapping_relation=exact_none; total_rule=source_question
build_income_expenditure_crosswalk.py,EXP_MEDICAL,家庭支出,EXP_MEDICAL,醫療保健支出,range_overlap,2006,95,Q12-4,J4,1,1.0,999元及以下,1.0,499 元及以下,source_bin_spans_multiple_base_bins,請問您全家每個月用在支付「看病就醫、繳保險費、購買醫療設備等」的,question_options_95.csv,以 103 年 J4 為基準。 103基準題號：J4。,mapping_relation=source_bin_spans_multiple_base_bins; total_rule=source_question
build_income_expenditure_crosswalk.py,EXP_MEDICAL,家庭支出,EXP_MEDICAL,醫療保健支出,range_overlap,2006,95,Q12-4,J4,2,1.0,999元及以下,2.0,500-999 元,source_bin_spans_multiple_base_bins,請問您全家每個月用在支付「看病就醫、繳保險費、購買醫療設備等」的,question_options_95.csv,以 103 年 J4 為基準。 103基準題號：J4。,mapping_relation=source_bin_spans_multiple_base_bins; total_rule=source_question
build_income_expenditure_crosswalk.py,EXP_MEDICAL,家庭支出,EXP_MEDICAL,醫療保健支出,range_overlap,2006,95,Q12-4,J4,1,2.0,"1,000-1,999元",3.0,"1,000-1,999 元",exact_range,請問您全家每個月用在支付「看病就醫、繳保險費、購買醫療設備等」的,question_options_95.csv,以 103 年 J4 為基準。 103基準題號：J4。,mapping_relation=exact_range; total_rule=source_question
build_income_expenditure_crosswalk.py,EXP_MEDICAL,家庭支出,EXP_MEDICAL,醫療保健支出,range_overlap,2006,95,Q12-4,J4,1,3.0,"2,000-2,999 元",4.0,"2,000-2,999 元",exact_range,請問您全家每個月用在支付「看病就醫、繳保險費、購買醫療設備等」的,question_options_95.csv,以 103 年 J4 為基準。 103基準題號：J4。,mapping_relation=exact_range; total_rule=source_question
build_income_expenditure_crosswalk.py,EXP_MEDICAL,家庭支出,EXP_MEDICAL,醫療保健支出,range_overlap,2006,95,Q12-4,J4,1,4.0,"3,000-3,999元",5.0,"3,000-3,999 元",exact_range,請問您全家每個月用在支付「看病就醫、繳保險費、購買醫療設備等」的,question_options_95.csv,以 103 年 J4 為基準。 103基準題號：J4。,mapping_relation=exact_range; total_rule=source_question
build_income_expenditure_crosswalk.py,EXP_MEDICAL,家庭支出,EXP_MEDICAL,醫療保健支出,range_overlap,2006,95,Q12-4,J4,1,5.0,"4,000-4,999 元",6.0,"4,000-4,999 元",exact_range,請問您全家每個月用在支付「看病就醫、繳保險費、購買醫療設備等」的,question_options_95.csv,以 103 年 J4 為基準。 103基準題號：J4。,mapping_relation=exact_range; total_rule=source_question
build_income_expenditure_crosswalk.py,EXP_MEDICAL,家庭支出,EXP_MEDICAL,醫療保健支出,range_overlap,2006,95,Q12-4,J4,1,6.0,"5,000-6,999元",7.0,"5,000-6,999 元",exact_range,請問您全家每個月用在支付「看病就醫、繳保險費、購買醫療設備等」的,question_options_95.csv,以 103 年 J4 為基準。 103基準題號：J4。,mapping_relation=exact_range; total_rule=source_question
build_income_expenditure_crosswalk.py,EXP_MEDICAL,家庭支出,EXP_MEDICAL,醫療保健支出,range_overlap,2006,95,Q12-4,J4,1,7.0,"7,000-9,999 元",8.0,"7,000-9,999 元",exact_range,請問您全家每個月用在支付「看病就醫、繳保險費、購買醫療設備等」的,question_options_95.csv,以 103 年 J4 為基準。 103基準題號：J4。,mapping_relation=exact_range; total_rule=source_question
build_income_expenditure_crosswalk.py,EXP_MEDICAL,家庭支出,EXP_MEDICAL,醫療保健支出,range_overlap,2006,95,Q12-4,J4,1,8.0,"10,000-14,999元",9.0,"10,000-14,999 元",exact_range,請問您全家每個月用在支付「看病就醫、繳保險費、購買醫療設備等」的,question_options_95.csv,以 103 年 J4 為基準。 103基準題號：J4。,mapping_relation=exact_range; total_rule=source_question
build_income_expenditure_crosswalk.py,EXP_MEDICAL,家庭支出,EXP_MEDICAL,醫療保健支出,range_overlap,2006,95,Q12-4,J4,1,9.0,"15,000-19,999 元",10.0,"15,000-19,999 元",exact_range,請問您全家每個月用在支付「看病就醫、繳保險費、購買醫療設備等」的,question_options_95.csv,以 103 年 J4 為基準。 103基準題號：J4。,mapping_relation=exact_range; total_rule=source_question
build_income_expenditure_crosswalk.py,EXP_MEDICAL,家庭支出,EXP_MEDICAL,醫療保健支出,range_overlap,2006,95,Q12-4,J4,1,10.0,"20,000-29,999元",11.0,"20,000-29,999 元",exact_range,請問您全家每個月用在支付「看病就醫、繳保險費、購買醫療設備等」的,question_options_95.csv,以 103 年 J4 為基準。 103基準題號：J4。,mapping_relation=exact_range; total_rule=source_question
build_income_expenditure_crosswalk.py,EXP_MEDICAL,家庭支出,EXP_MEDICAL,醫療保健支出,range_overlap,2006,95,Q12-4,J4,1,90.0,"30,000元及以上，請記錄 元",12.0,"30,000 元及以上，請記錄________元",exact_open_upper,請問您全家每個月用在支付「看病就醫、繳保險費、購買醫療設備等」的,question_options_95.csv,以 103 年 J4 為基準。 103基準題號：J4。,mapping_relation=exact_open_upper; total_rule=source_question
build_income_expenditure_crosswalk.py,EXP_MEDICAL,家庭支出,EXP_MEDICAL,醫療保健支出,range_overlap,2006,95,Q12-4,J4,1,95.0,沒有這項支出,13.0,沒有這項支出,exact_none,請問您全家每個月用在支付「看病就醫、繳保險費、購買醫療設備等」的,question_options_95.csv,以 103 年 J4 為基準。 103基準題號：J4。,mapping_relation=exact_none; total_rule=source_question
build_income_expenditure_crosswalk.py,EXP_MEDICAL,家庭支出,EXP_MEDICAL,醫療保健支出,range_overlap,2010,99,J4,J4,1,1,"1,000-1,999 元",3.0,"1,000-1,999 元",exact_range,"請問您全家每個月用在支付「看病就醫、繳保險費、購買醫療設備等」的費用是多少？【過去ㄧ年帄均每個月的金額】, | 請問您全家每個月用在支付「看病就醫、繳保險費、購買醫療設備等」的費用是多少？【過去ㄧ年帄均每個月的金額】",question_options_99.csv,以 103 年 J4 為基準。 103基準題號：J4。,mapping_relation=exact_range; total_rule=source_question
build_income_expenditure_crosswalk.py,EXP_MEDICAL,家庭支出,EXP_MEDICAL,醫療保健支出,range_overlap,2010,99,J4,J4,1,2,"2,000-2,999 元",4.0,"2,000-2,999 元",exact_range,"請問您全家每個月用在支付「看病就醫、繳保險費、購買醫療設備等」的費用是多少？【過去ㄧ年帄均每個月的金額】, | 請問您全家每個月用在支付「看病就醫、繳保險費、購買醫療設備等」的費用是多少？【過去ㄧ年帄均每個月的金額】",question_options_99.csv,以 103 年 J4 為基準。 103基準題號：J4。,mapping_relation=exact_range; total_rule=source_question
build_income_expenditure_crosswalk.py,EXP_MEDICAL,家庭支出,EXP_MEDICAL,醫療保健支出,range_overlap,2010,99,J4,J4,1,3,"3,000-3,999 元",5.0,"3,000-3,999 元",exact_range,"請問您全家每個月用在支付「看病就醫、繳保險費、購買醫療設備等」的費用是多少？【過去ㄧ年帄均每個月的金額】, | 請問您全家每個月用在支付「看病就醫、繳保險費、購買醫療設備等」的費用是多少？【過去ㄧ年帄均每個月的金額】",question_options_99.csv,以 103 年 J4 為基準。 103基準題號：J4。,mapping_relation=exact_range; total_rule=source_question
build_income_expenditure_crosswalk.py,EXP_MEDICAL,家庭支出,EXP_MEDICAL,醫療保健支出,range_overlap,2010,99,J4,J4,1,4,"4,000-4,999 元",6.0,"4,000-4,999 元",exact_range,"請問您全家每個月用在支付「看病就醫、繳保險費、購買醫療設備等」的費用是多少？【過去ㄧ年帄均每個月的金額】, | 請問您全家每個月用在支付「看病就醫、繳保險費、購買醫療設備等」的費用是多少？【過去ㄧ年帄均每個月的金額】",question_options_99.csv,以 103 年 J4 為基準。 103基準題號：J4。,mapping_relation=exact_range; total_rule=source_question
build_income_expenditure_crosswalk.py,EXP_MEDICAL,家庭支出,EXP_MEDICAL,醫療保健支出,range_overlap,2010,99,J4,J4,1,5,"5,000-6,999 元",7.0,"5,000-6,999 元",exact_range,"請問您全家每個月用在支付「看病就醫、繳保險費、購買醫療設備等」的費用是多少？【過去ㄧ年帄均每個月的金額】, | 請問您全家每個月用在支付「看病就醫、繳保險費、購買醫療設備等」的費用是多少？【過去ㄧ年帄均每個月的金額】",question_options_99.csv,以 103 年 J4 為基準。 103基準題號：J4。,mapping_relation=exact_range; total_rule=source_question
build_income_expenditure_crosswalk.py,EXP_MEDICAL,家庭支出,EXP_MEDICAL,醫療保健支出,range_overlap,2010,99,J4,J4,1,7,"7,000-9,999 元",8.0,"7,000-9,999 元",exact_range,"請問您全家每個月用在支付「看病就醫、繳保險費、購買醫療設備等」的費用是多少？【過去ㄧ年帄均每個月的金額】, | 請問您全家每個月用在支付「看病就醫、繳保險費、購買醫療設備等」的費用是多少？【過去ㄧ年帄均每個月的金額】",question_options_99.csv,以 103 年 J4 為基準。 103基準題號：J4。,mapping_relation=exact_range; total_rule=source_question
build_income_expenditure_crosswalk.py,EXP_MEDICAL,家庭支出,EXP_MEDICAL,醫療保健支出,range_overlap,2010,99,J4,J4,1,10,"10,000-14,999 元",9.0,"10,000-14,999 元",exact_range,"請問您全家每個月用在支付「看病就醫、繳保險費、購買醫療設備等」的費用是多少？【過去ㄧ年帄均每個月的金額】, | 請問您全家每個月用在支付「看病就醫、繳保險費、購買醫療設備等」的費用是多少？【過去ㄧ年帄均每個月的金額】",question_options_99.csv,以 103 年 J4 為基準。 103基準題號：J4。,mapping_relation=exact_range; total_rule=source_question
build_income_expenditure_crosswalk.py,EXP_MEDICAL,家庭支出,EXP_MEDICAL,醫療保健支出,range_overlap,2010,99,J4,J4,1,15,"15,000-19,999 元",10.0,"15,000-19,999 元",exact_range,"請問您全家每個月用在支付「看病就醫、繳保險費、購買醫療設備等」的費用是多少？【過去ㄧ年帄均每個月的金額】, | 請問您全家每個月用在支付「看病就醫、繳保險費、購買醫療設備等」的費用是多少？【過去ㄧ年帄均每個月的金額】",question_options_99.csv,以 103 年 J4 為基準。 103基準題號：J4。,mapping_relation=exact_range; total_rule=source_question
build_income_expenditure_crosswalk.py,EXP_MEDICAL,家庭支出,EXP_MEDICAL,醫療保健支出,range_overlap,2010,99,J4,J4,1,20,"20,000-29,999 元",11.0,"20,000-29,999 元",exact_range,"請問您全家每個月用在支付「看病就醫、繳保險費、購買醫療設備等」的費用是多少？【過去ㄧ年帄均每個月的金額】, | 請問您全家每個月用在支付「看病就醫、繳保險費、購買醫療設備等」的費用是多少？【過去ㄧ年帄均每個月的金額】",question_options_99.csv,以 103 年 J4 為基準。 103基準題號：J4。,mapping_relation=exact_range; total_rule=source_question
build_income_expenditure_crosswalk.py,EXP_MEDICAL,家庭支出,EXP_MEDICAL,醫療保健支出,range_overlap,2010,99,J4,J4,1,30,"30,000 元及以上，請記錄 元",12.0,"30,000 元及以上，請記錄________元",exact_open_upper,"請問您全家每個月用在支付「看病就醫、繳保險費、購買醫療設備等」的費用是多少？【過去ㄧ年帄均每個月的金額】, | 請問您全家每個月用在支付「看病就醫、繳保險費、購買醫療設備等」的費用是多少？【過去ㄧ年帄均每個月的金額】",question_options_99.csv,以 103 年 J4 為基準。 103基準題號：J4。,mapping_relation=exact_open_upper; total_rule=source_question
build_income_expenditure_crosswalk.py,EXP_MEDICAL,家庭支出,EXP_MEDICAL,醫療保健支出,range_overlap,2010,99,J4,J4,1,,999 元及以下,1.0,499 元及以下,source_bin_spans_multiple_base_bins,"請問您全家每個月用在支付「看病就醫、繳保險費、購買醫療設備等」的費用是多少？【過去ㄧ年帄均每個月的金額】, | 請問您全家每個月用在支付「看病就醫、繳保險費、購買醫療設備等」的費用是多少？【過去ㄧ年帄均每個月的金額】",question_options_99.csv,以 103 年 J4 為基準。 103基準題號：J4。,mapping_relation=source_bin_spans_multiple_base_bins; total_rule=source_question
build_income_expenditure_crosswalk.py,EXP_MEDICAL,家庭支出,EXP_MEDICAL,醫療保健支出,range_overlap,2010,99,J4,J4,2,,999 元及以下,2.0,500-999 元,source_bin_spans_multiple_base_bins,"請問您全家每個月用在支付「看病就醫、繳保險費、購買醫療設備等」的費用是多少？【過去ㄧ年帄均每個月的金額】, | 請問您全家每個月用在支付「看病就醫、繳保險費、購買醫療設備等」的費用是多少？【過去ㄧ年帄均每個月的金額】",question_options_99.csv,以 103 年 J4 為基準。 103基準題號：J4。,mapping_relation=source_bin_spans_multiple_base_bins; total_rule=source_question
build_income_expenditure_crosswalk.py,EXP_MEDICAL,家庭支出,EXP_MEDICAL,醫療保健支出,range_overlap,2010,99,J4,J4,3,,沒有這項支出,13.0,沒有這項支出,exact_none,"請問您全家每個月用在支付「看病就醫、繳保險費、購買醫療設備等」的費用是多少？【過去ㄧ年帄均每個月的金額】, | 請問您全家每個月用在支付「看病就醫、繳保險費、購買醫療設備等」的費用是多少？【過去ㄧ年帄均每個月的金額】",question_options_99.csv,以 103 年 J4 為基準。 103基準題號：J4。,mapping_relation=exact_none; total_rule=source_question
build_income_expenditure_crosswalk.py,EXP_MEDICAL,家庭支出,EXP_MEDICAL,醫療保健支出,range_overlap,2014,103,J4,J4,1,1.0,499 元及以下,1.0,499 元及以下,exact_range,請問您全家每個月用在支付「看病就醫、繳醫療保險費、購買醫療用品/設備等」的費用是多少？,question_options_103.csv,以 103 年 J4 為基準。 103基準題號：J4。,mapping_relation=exact_range; total_rule=source_question
build_income_expenditure_crosswalk.py,EXP_MEDICAL,家庭支出,EXP_MEDICAL,醫療保健支出,range_overlap,2014,103,J4,J4,1,2.0,500-999 元,2.0,500-999 元,exact_range,請問您全家每個月用在支付「看病就醫、繳醫療保險費、購買醫療用品/設備等」的費用是多少？,question_options_103.csv,以 103 年 J4 為基準。 103基準題號：J4。,mapping_relation=exact_range; total_rule=source_question
build_income_expenditure_crosswalk.py,EXP_MEDICAL,家庭支出,EXP_MEDICAL,醫療保健支出,range_overlap,2014,103,J4,J4,1,3.0,"1,000-1,999 元",3.0,"1,000-1,999 元",exact_range,請問您全家每個月用在支付「看病就醫、繳醫療保險費、購買醫療用品/設備等」的費用是多少？,question_options_103.csv,以 103 年 J4 為基準。 103基準題號：J4。,mapping_relation=exact_range; total_rule=source_question
build_income_expenditure_crosswalk.py,EXP_MEDICAL,家庭支出,EXP_MEDICAL,醫療保健支出,range_overlap,2014,103,J4,J4,1,4.0,"2,000-2,999 元",4.0,"2,000-2,999 元",exact_range,請問您全家每個月用在支付「看病就醫、繳醫療保險費、購買醫療用品/設備等」的費用是多少？,question_options_103.csv,以 103 年 J4 為基準。 103基準題號：J4。,mapping_relation=exact_range; total_rule=source_question
build_income_expenditure_crosswalk.py,EXP_MEDICAL,家庭支出,EXP_MEDICAL,醫療保健支出,range_overlap,2014,103,J4,J4,1,5.0,"3,000-3,999 元",5.0,"3,000-3,999 元",exact_range,請問您全家每個月用在支付「看病就醫、繳醫療保險費、購買醫療用品/設備等」的費用是多少？,question_options_103.csv,以 103 年 J4 為基準。 103基準題號：J4。,mapping_relation=exact_range; total_rule=source_question
build_income_expenditure_crosswalk.py,EXP_MEDICAL,家庭支出,EXP_MEDICAL,醫療保健支出,range_overlap,2014,103,J4,J4,1,6.0,"4,000-4,999 元",6.0,"4,000-4,999 元",exact_range,請問您全家每個月用在支付「看病就醫、繳醫療保險費、購買醫療用品/設備等」的費用是多少？,question_options_103.csv,以 103 年 J4 為基準。 103基準題號：J4。,mapping_relation=exact_range; total_rule=source_question
build_income_expenditure_crosswalk.py,EXP_MEDICAL,家庭支出,EXP_MEDICAL,醫療保健支出,range_overlap,2014,103,J4,J4,1,7.0,"5,000-6,999 元",7.0,"5,000-6,999 元",exact_range,請問您全家每個月用在支付「看病就醫、繳醫療保險費、購買醫療用品/設備等」的費用是多少？,question_options_103.csv,以 103 年 J4 為基準。 103基準題號：J4。,mapping_relation=exact_range; total_rule=source_question
build_income_expenditure_crosswalk.py,EXP_MEDICAL,家庭支出,EXP_MEDICAL,醫療保健支出,range_overlap,2014,103,J4,J4,1,8.0,"7,000-9,999 元",8.0,"7,000-9,999 元",exact_range,請問您全家每個月用在支付「看病就醫、繳醫療保險費、購買醫療用品/設備等」的費用是多少？,question_options_103.csv,以 103 年 J4 為基準。 103基準題號：J4。,mapping_relation=exact_range; total_rule=source_question
build_income_expenditure_crosswalk.py,EXP_MEDICAL,家庭支出,EXP_MEDICAL,醫療保健支出,range_overlap,2014,103,J4,J4,1,9.0,"10,000-14,999 元",9.0,"10,000-14,999 元",exact_range,請問您全家每個月用在支付「看病就醫、繳醫療保險費、購買醫療用品/設備等」的費用是多少？,question_options_103.csv,以 103 年 J4 為基準。 103基準題號：J4。,mapping_relation=exact_range; total_rule=source_question
build_income_expenditure_crosswalk.py,EXP_MEDICAL,家庭支出,EXP_MEDICAL,醫療保健支出,range_overlap,2014,103,J4,J4,1,10.0,"15,000-19,999 元",10.0,"15,000-19,999 元",exact_range,請問您全家每個月用在支付「看病就醫、繳醫療保險費、購買醫療用品/設備等」的費用是多少？,question_options_103.csv,以 103 年 J4 為基準。 103基準題號：J4。,mapping_relation=exact_range; total_rule=source_question
build_income_expenditure_crosswalk.py,EXP_MEDICAL,家庭支出,EXP_MEDICAL,醫療保健支出,range_overlap,2014,103,J4,J4,1,11.0,"20,000-29,999 元",11.0,"20,000-29,999 元",exact_range,請問您全家每個月用在支付「看病就醫、繳醫療保險費、購買醫療用品/設備等」的費用是多少？,question_options_103.csv,以 103 年 J4 為基準。 103基準題號：J4。,mapping_relation=exact_range; total_rule=source_question
build_income_expenditure_crosswalk.py,EXP_MEDICAL,家庭支出,EXP_MEDICAL,醫療保健支出,range_overlap,2014,103,J4,J4,1,12.0,"30,000 元及以上，請記錄________元",12.0,"30,000 元及以上，請記錄________元",exact_open_upper,請問您全家每個月用在支付「看病就醫、繳醫療保險費、購買醫療用品/設備等」的費用是多少？,question_options_103.csv,以 103 年 J4 為基準。 103基準題號：J4。,mapping_relation=exact_open_upper; total_rule=source_question
build_income_expenditure_crosswalk.py,EXP_MEDICAL,家庭支出,EXP_MEDICAL,醫療保健支出,range_overlap,2014,103,J4,J4,1,13.0,沒有這項支出,13.0,沒有這項支出,exact_none,請問您全家每個月用在支付「看病就醫、繳醫療保險費、購買醫療用品/設備等」的費用是多少？,question_options_103.csv,以 103 年 J4 為基準。 103基準題號：J4。,mapping_relation=exact_none; total_rule=source_question
build_income_expenditure_crosswalk.py,EXP_MEDICAL,家庭支出,EXP_MEDICAL,醫療保健支出,range_overlap,2017,106,M4,J4,1,1.0,未滿500元,1.0,499 元及以下,exact_range,請問您全家每個月用在支付「看病就醫、繳醫療保險費、購買醫療用品/設備等」的費用是多,question_options_106.csv,以 103 年 J4 為基準。 103基準題號：J4。,mapping_relation=exact_range; total_rule=source_question
build_income_expenditure_crosswalk.py,EXP_MEDICAL,家庭支出,EXP_MEDICAL,醫療保健支出,range_overlap,2017,106,M4,J4,1,2.0,"500元-未滿1,000 元",2.0,500-999 元,exact_range,請問您全家每個月用在支付「看病就醫、繳醫療保險費、購買醫療用品/設備等」的費用是多,question_options_106.csv,以 103 年 J4 為基準。 103基準題號：J4。,mapping_relation=exact_range; total_rule=source_question
build_income_expenditure_crosswalk.py,EXP_MEDICAL,家庭支出,EXP_MEDICAL,醫療保健支出,range_overlap,2017,106,M4,J4,1,3.0,"1,000 元-未滿2,000元",3.0,"1,000-1,999 元",exact_range,請問您全家每個月用在支付「看病就醫、繳醫療保險費、購買醫療用品/設備等」的費用是多,question_options_106.csv,以 103 年 J4 為基準。 103基準題號：J4。,mapping_relation=exact_range; total_rule=source_question
build_income_expenditure_crosswalk.py,EXP_MEDICAL,家庭支出,EXP_MEDICAL,醫療保健支出,range_overlap,2017,106,M4,J4,1,4.0,"2,000 元-未滿3,000元",4.0,"2,000-2,999 元",exact_range,請問您全家每個月用在支付「看病就醫、繳醫療保險費、購買醫療用品/設備等」的費用是多,question_options_106.csv,以 103 年 J4 為基準。 103基準題號：J4。,mapping_relation=exact_range; total_rule=source_question
build_income_expenditure_crosswalk.py,EXP_MEDICAL,家庭支出,EXP_MEDICAL,醫療保健支出,range_overlap,2017,106,M4,J4,1,5.0,"3,000 元-未滿4,000元",5.0,"3,000-3,999 元",exact_range,請問您全家每個月用在支付「看病就醫、繳醫療保險費、購買醫療用品/設備等」的費用是多,question_options_106.csv,以 103 年 J4 為基準。 103基準題號：J4。,mapping_relation=exact_range; total_rule=source_question
build_income_expenditure_crosswalk.py,EXP_MEDICAL,家庭支出,EXP_MEDICAL,醫療保健支出,range_overlap,2017,106,M4,J4,1,6.0,"4,000 元-未滿5,000元",6.0,"4,000-4,999 元",exact_range,請問您全家每個月用在支付「看病就醫、繳醫療保險費、購買醫療用品/設備等」的費用是多,question_options_106.csv,以 103 年 J4 為基準。 103基準題號：J4。,mapping_relation=exact_range; total_rule=source_question
build_income_expenditure_crosswalk.py,EXP_MEDICAL,家庭支出,EXP_MEDICAL,醫療保健支出,range_overlap,2017,106,M4,J4,1,7.0,"5,000 元-未滿7,000元",7.0,"5,000-6,999 元",exact_range,請問您全家每個月用在支付「看病就醫、繳醫療保險費、購買醫療用品/設備等」的費用是多,question_options_106.csv,以 103 年 J4 為基準。 103基準題號：J4。,mapping_relation=exact_range; total_rule=source_question
build_income_expenditure_crosswalk.py,EXP_MEDICAL,家庭支出,EXP_MEDICAL,醫療保健支出,range_overlap,2017,106,M4,J4,1,8.0,"7,000 元-未滿10,000元",8.0,"7,000-9,999 元",exact_range,請問您全家每個月用在支付「看病就醫、繳醫療保險費、購買醫療用品/設備等」的費用是多,question_options_106.csv,以 103 年 J4 為基準。 103基準題號：J4。,mapping_relation=exact_range; total_rule=source_question
build_income_expenditure_crosswalk.py,EXP_MEDICAL,家庭支出,EXP_MEDICAL,醫療保健支出,range_overlap,2017,106,M4,J4,1,9.0,"10,000元-未滿15,000元",9.0,"10,000-14,999 元",exact_range,請問您全家每個月用在支付「看病就醫、繳醫療保險費、購買醫療用品/設備等」的費用是多,question_options_106.csv,以 103 年 J4 為基準。 103基準題號：J4。,mapping_relation=exact_range; total_rule=source_question
build_income_expenditure_crosswalk.py,EXP_MEDICAL,家庭支出,EXP_MEDICAL,醫療保健支出,range_overlap,2017,106,M4,J4,1,10.0,"15,000元-未滿20,000元",10.0,"15,000-19,999 元",exact_range,請問您全家每個月用在支付「看病就醫、繳醫療保險費、購買醫療用品/設備等」的費用是多,question_options_106.csv,以 103 年 J4 為基準。 103基準題號：J4。,mapping_relation=exact_range; total_rule=source_question
build_income_expenditure_crosswalk.py,EXP_MEDICAL,家庭支出,EXP_MEDICAL,醫療保健支出,range_overlap,2017,106,M4,J4,1,11.0,"20,000 元-未滿30,000元",11.0,"20,000-29,999 元",exact_range,請問您全家每個月用在支付「看病就醫、繳醫療保險費、購買醫療用品/設備等」的費用是多,question_options_106.csv,以 103 年 J4 為基準。 103基準題號：J4。,mapping_relation=exact_range; total_rule=source_question
build_income_expenditure_crosswalk.py,EXP_MEDICAL,家庭支出,EXP_MEDICAL,醫療保健支出,range_overlap,2017,106,M4,J4,1,12.0,"30,000 元以上，請記錄________元",12.0,"30,000 元及以上，請記錄________元",exact_open_upper,請問您全家每個月用在支付「看病就醫、繳醫療保險費、購買醫療用品/設備等」的費用是多,question_options_106.csv,以 103 年 J4 為基準。 103基準題號：J4。,mapping_relation=exact_open_upper; total_rule=source_question
build_income_expenditure_crosswalk.py,EXP_MEDICAL,家庭支出,EXP_MEDICAL,醫療保健支出,range_overlap,2017,106,M4,J4,1,13.0,沒有這項支出,13.0,沒有這項支出,exact_none,請問您全家每個月用在支付「看病就醫、繳醫療保險費、購買醫療用品/設備等」的費用是多,question_options_106.csv,以 103 年 J4 為基準。 103基準題號：J4。,mapping_relation=exact_none; total_rule=source_question
build_income_expenditure_crosswalk.py,EXP_MEDICAL,家庭支出,EXP_MEDICAL,醫療保健支出,range_overlap,2021,110,H4,J4,1,1.0,未滿500元,1.0,499 元及以下,exact_range,請問您全家每個月用在支付「看病就醫、繳醫療保險費、購買醫療用品/設備等」的費用是多,question_options_110.csv,以 103 年 J4 為基準。 103基準題號：J4。,mapping_relation=exact_range; total_rule=source_question
build_income_expenditure_crosswalk.py,EXP_MEDICAL,家庭支出,EXP_MEDICAL,醫療保健支出,range_overlap,2021,110,H4,J4,1,2.0,"500元-未滿1,000 元",2.0,500-999 元,exact_range,請問您全家每個月用在支付「看病就醫、繳醫療保險費、購買醫療用品/設備等」的費用是多,question_options_110.csv,以 103 年 J4 為基準。 103基準題號：J4。,mapping_relation=exact_range; total_rule=source_question
build_income_expenditure_crosswalk.py,EXP_MEDICAL,家庭支出,EXP_MEDICAL,醫療保健支出,range_overlap,2021,110,H4,J4,1,3.0,"1,000 元-未滿2,000元",3.0,"1,000-1,999 元",exact_range,請問您全家每個月用在支付「看病就醫、繳醫療保險費、購買醫療用品/設備等」的費用是多,question_options_110.csv,以 103 年 J4 為基準。 103基準題號：J4。,mapping_relation=exact_range; total_rule=source_question
build_income_expenditure_crosswalk.py,EXP_MEDICAL,家庭支出,EXP_MEDICAL,醫療保健支出,range_overlap,2021,110,H4,J4,1,4.0,"2,000 元-未滿3,000元",4.0,"2,000-2,999 元",exact_range,請問您全家每個月用在支付「看病就醫、繳醫療保險費、購買醫療用品/設備等」的費用是多,question_options_110.csv,以 103 年 J4 為基準。 103基準題號：J4。,mapping_relation=exact_range; total_rule=source_question
build_income_expenditure_crosswalk.py,EXP_MEDICAL,家庭支出,EXP_MEDICAL,醫療保健支出,range_overlap,2021,110,H4,J4,1,5.0,"3,000 元-未滿4,000元",5.0,"3,000-3,999 元",exact_range,請問您全家每個月用在支付「看病就醫、繳醫療保險費、購買醫療用品/設備等」的費用是多,question_options_110.csv,以 103 年 J4 為基準。 103基準題號：J4。,mapping_relation=exact_range; total_rule=source_question
build_income_expenditure_crosswalk.py,EXP_MEDICAL,家庭支出,EXP_MEDICAL,醫療保健支出,range_overlap,2021,110,H4,J4,1,6.0,"4,000 元-未滿5,000元",6.0,"4,000-4,999 元",exact_range,請問您全家每個月用在支付「看病就醫、繳醫療保險費、購買醫療用品/設備等」的費用是多,question_options_110.csv,以 103 年 J4 為基準。 103基準題號：J4。,mapping_relation=exact_range; total_rule=source_question
build_income_expenditure_crosswalk.py,EXP_MEDICAL,家庭支出,EXP_MEDICAL,醫療保健支出,range_overlap,2021,110,H4,J4,1,7.0,"5,000 元-未滿7,000元",7.0,"5,000-6,999 元",exact_range,請問您全家每個月用在支付「看病就醫、繳醫療保險費、購買醫療用品/設備等」的費用是多,question_options_110.csv,以 103 年 J4 為基準。 103基準題號：J4。,mapping_relation=exact_range; total_rule=source_question
build_income_expenditure_crosswalk.py,EXP_MEDICAL,家庭支出,EXP_MEDICAL,醫療保健支出,range_overlap,2021,110,H4,J4,1,8.0,"7,000 元-未滿10,000元",8.0,"7,000-9,999 元",exact_range,請問您全家每個月用在支付「看病就醫、繳醫療保險費、購買醫療用品/設備等」的費用是多,question_options_110.csv,以 103 年 J4 為基準。 103基準題號：J4。,mapping_relation=exact_range; total_rule=source_question
build_income_expenditure_crosswalk.py,EXP_MEDICAL,家庭支出,EXP_MEDICAL,醫療保健支出,range_overlap,2021,110,H4,J4,1,9.0,"10,000元-未滿15,000元",9.0,"10,000-14,999 元",exact_range,請問您全家每個月用在支付「看病就醫、繳醫療保險費、購買醫療用品/設備等」的費用是多,question_options_110.csv,以 103 年 J4 為基準。 103基準題號：J4。,mapping_relation=exact_range; total_rule=source_question
build_income_expenditure_crosswalk.py,EXP_MEDICAL,家庭支出,EXP_MEDICAL,醫療保健支出,range_overlap,2021,110,H4,J4,1,10.0,"15,000元-未滿20,000元",10.0,"15,000-19,999 元",exact_range,請問您全家每個月用在支付「看病就醫、繳醫療保險費、購買醫療用品/設備等」的費用是多,question_options_110.csv,以 103 年 J4 為基準。 103基準題號：J4。,mapping_relation=exact_range; total_rule=source_question
build_income_expenditure_crosswalk.py,EXP_MEDICAL,家庭支出,EXP_MEDICAL,醫療保健支出,range_overlap,2021,110,H4,J4,1,11.0,"20,000 元-未滿30,000元",11.0,"20,000-29,999 元",exact_range,請問您全家每個月用在支付「看病就醫、繳醫療保險費、購買醫療用品/設備等」的費用是多,question_options_110.csv,以 103 年 J4 為基準。 103基準題號：J4。,mapping_relation=exact_range; total_rule=source_question
build_income_expenditure_crosswalk.py,EXP_MEDICAL,家庭支出,EXP_MEDICAL,醫療保健支出,range_overlap,2021,110,H4,J4,1,12.0,"30,000 元以上，請記錄________元",12.0,"30,000 元及以上，請記錄________元",exact_open_upper,請問您全家每個月用在支付「看病就醫、繳醫療保險費、購買醫療用品/設備等」的費用是多,question_options_110.csv,以 103 年 J4 為基準。 103基準題號：J4。,mapping_relation=exact_open_upper; total_rule=source_question
build_income_expenditure_crosswalk.py,EXP_MEDICAL,家庭支出,EXP_MEDICAL,醫療保健支出,range_overlap,2021,110,H4,J4,1,13.0,沒有這項支出,13.0,沒有這項支出,exact_none,請問您全家每個月用在支付「看病就醫、繳醫療保險費、購買醫療用品/設備等」的費用是多,question_options_110.csv,以 103 年 J4 為基準。 103基準題號：J4。,mapping_relation=exact_none; total_rule=source_question
build_income_expenditure_crosswalk.py,EXP_ALCOHOL,家庭支出,EXP_ALCOHOL,菸酒檳榔支出,range_overlap,2002,91_1,23-2,J5,1,1,未滿1千,1.0,499 元及以下,source_bin_spans_multiple_base_bins,酒、茶、檳榔等消費是多少？,question_options_91_1.csv,以 103 年 J5 為基準。 103基準題號：J5。,mapping_relation=source_bin_spans_multiple_base_bins; total_rule=source_question
build_income_expenditure_crosswalk.py,EXP_ALCOHOL,家庭支出,EXP_ALCOHOL,菸酒檳榔支出,range_overlap,2002,91_1,23-2,J5,2,1,未滿1千,2.0,500-999 元,source_bin_spans_multiple_base_bins,酒、茶、檳榔等消費是多少？,question_options_91_1.csv,以 103 年 J5 為基準。 103基準題號：J5。,mapping_relation=source_bin_spans_multiple_base_bins; total_rule=source_question
build_income_expenditure_crosswalk.py,EXP_ALCOHOL,家庭支出,EXP_ALCOHOL,菸酒檳榔支出,range_overlap,2002,91_1,23-2,J5,1,2,1千至未滿3千元,3.0,"1,000-1,999 元",source_bin_spans_multiple_base_bins,酒、茶、檳榔等消費是多少？,question_options_91_1.csv,以 103 年 J5 為基準。 103基準題號：J5。,mapping_relation=source_bin_spans_multiple_base_bins; total_rule=source_question
build_income_expenditure_crosswalk.py,EXP_ALCOHOL,家庭支出,EXP_ALCOHOL,菸酒檳榔支出,range_overlap,2002,91_1,23-2,J5,2,2,1千至未滿3千元,4.0,"2,000-2,999 元",source_bin_spans_multiple_base_bins,酒、茶、檳榔等消費是多少？,question_options_91_1.csv,以 103 年 J5 為基準。 103基準題號：J5。,mapping_relation=source_bin_spans_multiple_base_bins; total_rule=source_question
build_income_expenditure_crosswalk.py,EXP_ALCOHOL,家庭支出,EXP_ALCOHOL,菸酒檳榔支出,range_overlap,2002,91_1,23-2,J5,1,3,3千至未滿5千元,5.0,"3,000-3,999 元",source_bin_spans_multiple_base_bins,酒、茶、檳榔等消費是多少？,question_options_91_1.csv,以 103 年 J5 為基準。 103基準題號：J5。,mapping_relation=source_bin_spans_multiple_base_bins; total_rule=source_question
build_income_expenditure_crosswalk.py,EXP_ALCOHOL,家庭支出,EXP_ALCOHOL,菸酒檳榔支出,range_overlap,2002,91_1,23-2,J5,2,3,3千至未滿5千元,6.0,"4,000-4,999 元",source_bin_spans_multiple_base_bins,酒、茶、檳榔等消費是多少？,question_options_91_1.csv,以 103 年 J5 為基準。 103基準題號：J5。,mapping_relation=source_bin_spans_multiple_base_bins; total_rule=source_question
build_income_expenditure_crosswalk.py,EXP_ALCOHOL,家庭支出,EXP_ALCOHOL,菸酒檳榔支出,range_overlap,2002,91_1,23-2,J5,1,4,5千至未滿 7千元,7.0,"5,000-6,999 元",exact_range,酒、茶、檳榔等消費是多少？,question_options_91_1.csv,以 103 年 J5 為基準。 103基準題號：J5。,mapping_relation=exact_range; total_rule=source_question
build_income_expenditure_crosswalk.py,EXP_ALCOHOL,家庭支出,EXP_ALCOHOL,菸酒檳榔支出,range_overlap,2002,91_1,23-2,J5,1,5,7千元至未滿1萬元,8.0,"7,000-9,999 元",exact_range,酒、茶、檳榔等消費是多少？,question_options_91_1.csv,以 103 年 J5 為基準。 103基準題號：J5。,mapping_relation=exact_range; total_rule=source_question
build_income_expenditure_crosswalk.py,EXP_ALCOHOL,家庭支出,EXP_ALCOHOL,菸酒檳榔支出,range_overlap,2002,91_1,23-2,J5,1,6,1萬元以上（請記錄 元）,9.0,"10,000-14,999 元",source_bin_spans_multiple_base_bins,酒、茶、檳榔等消費是多少？,question_options_91_1.csv,以 103 年 J5 為基準。 103基準題號：J5。,mapping_relation=source_bin_spans_multiple_base_bins; total_rule=source_question
build_income_expenditure_crosswalk.py,EXP_ALCOHOL,家庭支出,EXP_ALCOHOL,菸酒檳榔支出,range_overlap,2002,91_1,23-2,J5,2,6,1萬元以上（請記錄 元）,10.0,"15,000-19,999 元",source_bin_spans_multiple_base_bins,酒、茶、檳榔等消費是多少？,question_options_91_1.csv,以 103 年 J5 為基準。 103基準題號：J5。,mapping_relation=source_bin_spans_multiple_base_bins; total_rule=source_question
build_income_expenditure_crosswalk.py,EXP_ALCOHOL,家庭支出,EXP_ALCOHOL,菸酒檳榔支出,range_overlap,2002,91_1,23-2,J5,3,6,1萬元以上（請記錄 元）,11.0,"20,000-29,999 元",source_bin_spans_multiple_base_bins,酒、茶、檳榔等消費是多少？,question_options_91_1.csv,以 103 年 J5 為基準。 103基準題號：J5。,mapping_relation=source_bin_spans_multiple_base_bins; total_rule=source_question
build_income_expenditure_crosswalk.py,EXP_ALCOHOL,家庭支出,EXP_ALCOHOL,菸酒檳榔支出,range_overlap,2002,91_1,23-2,J5,4,6,1萬元以上（請記錄 元）,12.0,"30,000 元及以上，請記錄________元",source_bin_spans_multiple_base_bins,酒、茶、檳榔等消費是多少？,question_options_91_1.csv,以 103 年 J5 為基準。 103基準題號：J5。,mapping_relation=source_bin_spans_multiple_base_bins; total_rule=source_question
build_income_expenditure_crosswalk.py,EXP_ALCOHOL,家庭支出,EXP_ALCOHOL,菸酒檳榔支出,range_overlap,2002,91_1,23-2,J5,1,7,無,13.0,沒有這項支出,exact_none,酒、茶、檳榔等消費是多少？,question_options_91_1.csv,以 103 年 J5 為基準。 103基準題號：J5。,mapping_relation=exact_none; total_rule=source_question
build_income_expenditure_crosswalk.py,EXP_ALCOHOL,家庭支出,EXP_ALCOHOL,菸酒檳榔支出,range_overlap,2002,91_2,23-2,J5,1,1,未滿1千,1.0,499 元及以下,source_bin_spans_multiple_base_bins,酒、茶、檳榔等消費是多少？,question_options_91_2.csv,以 103 年 J5 為基準。 103基準題號：J5。,mapping_relation=source_bin_spans_multiple_base_bins; total_rule=source_question
build_income_expenditure_crosswalk.py,EXP_ALCOHOL,家庭支出,EXP_ALCOHOL,菸酒檳榔支出,range_overlap,2002,91_2,23-2,J5,2,1,未滿1千,2.0,500-999 元,source_bin_spans_multiple_base_bins,酒、茶、檳榔等消費是多少？,question_options_91_2.csv,以 103 年 J5 為基準。 103基準題號：J5。,mapping_relation=source_bin_spans_multiple_base_bins; total_rule=source_question
build_income_expenditure_crosswalk.py,EXP_ALCOHOL,家庭支出,EXP_ALCOHOL,菸酒檳榔支出,range_overlap,2002,91_2,23-2,J5,1,2,1千至未滿3千元,3.0,"1,000-1,999 元",source_bin_spans_multiple_base_bins,酒、茶、檳榔等消費是多少？,question_options_91_2.csv,以 103 年 J5 為基準。 103基準題號：J5。,mapping_relation=source_bin_spans_multiple_base_bins; total_rule=source_question
build_income_expenditure_crosswalk.py,EXP_ALCOHOL,家庭支出,EXP_ALCOHOL,菸酒檳榔支出,range_overlap,2002,91_2,23-2,J5,2,2,1千至未滿3千元,4.0,"2,000-2,999 元",source_bin_spans_multiple_base_bins,酒、茶、檳榔等消費是多少？,question_options_91_2.csv,以 103 年 J5 為基準。 103基準題號：J5。,mapping_relation=source_bin_spans_multiple_base_bins; total_rule=source_question
build_income_expenditure_crosswalk.py,EXP_ALCOHOL,家庭支出,EXP_ALCOHOL,菸酒檳榔支出,range_overlap,2002,91_2,23-2,J5,1,3,3千至未滿5千元,5.0,"3,000-3,999 元",source_bin_spans_multiple_base_bins,酒、茶、檳榔等消費是多少？,question_options_91_2.csv,以 103 年 J5 為基準。 103基準題號：J5。,mapping_relation=source_bin_spans_multiple_base_bins; total_rule=source_question
build_income_expenditure_crosswalk.py,EXP_ALCOHOL,家庭支出,EXP_ALCOHOL,菸酒檳榔支出,range_overlap,2002,91_2,23-2,J5,2,3,3千至未滿5千元,6.0,"4,000-4,999 元",source_bin_spans_multiple_base_bins,酒、茶、檳榔等消費是多少？,question_options_91_2.csv,以 103 年 J5 為基準。 103基準題號：J5。,mapping_relation=source_bin_spans_multiple_base_bins; total_rule=source_question
build_income_expenditure_crosswalk.py,EXP_ALCOHOL,家庭支出,EXP_ALCOHOL,菸酒檳榔支出,range_overlap,2002,91_2,23-2,J5,1,4,5千至未滿 7千元,7.0,"5,000-6,999 元",exact_range,酒、茶、檳榔等消費是多少？,question_options_91_2.csv,以 103 年 J5 為基準。 103基準題號：J5。,mapping_relation=exact_range; total_rule=source_question
build_income_expenditure_crosswalk.py,EXP_ALCOHOL,家庭支出,EXP_ALCOHOL,菸酒檳榔支出,range_overlap,2002,91_2,23-2,J5,1,5,7千元至未滿1萬元,8.0,"7,000-9,999 元",exact_range,酒、茶、檳榔等消費是多少？,question_options_91_2.csv,以 103 年 J5 為基準。 103基準題號：J5。,mapping_relation=exact_range; total_rule=source_question
build_income_expenditure_crosswalk.py,EXP_ALCOHOL,家庭支出,EXP_ALCOHOL,菸酒檳榔支出,range_overlap,2002,91_2,23-2,J5,1,6,1萬元以上（請記錄 元）,9.0,"10,000-14,999 元",source_bin_spans_multiple_base_bins,酒、茶、檳榔等消費是多少？,question_options_91_2.csv,以 103 年 J5 為基準。 103基準題號：J5。,mapping_relation=source_bin_spans_multiple_base_bins; total_rule=source_question
build_income_expenditure_crosswalk.py,EXP_ALCOHOL,家庭支出,EXP_ALCOHOL,菸酒檳榔支出,range_overlap,2002,91_2,23-2,J5,2,6,1萬元以上（請記錄 元）,10.0,"15,000-19,999 元",source_bin_spans_multiple_base_bins,酒、茶、檳榔等消費是多少？,question_options_91_2.csv,以 103 年 J5 為基準。 103基準題號：J5。,mapping_relation=source_bin_spans_multiple_base_bins; total_rule=source_question
build_income_expenditure_crosswalk.py,EXP_ALCOHOL,家庭支出,EXP_ALCOHOL,菸酒檳榔支出,range_overlap,2002,91_2,23-2,J5,3,6,1萬元以上（請記錄 元）,11.0,"20,000-29,999 元",source_bin_spans_multiple_base_bins,酒、茶、檳榔等消費是多少？,question_options_91_2.csv,以 103 年 J5 為基準。 103基準題號：J5。,mapping_relation=source_bin_spans_multiple_base_bins; total_rule=source_question
build_income_expenditure_crosswalk.py,EXP_ALCOHOL,家庭支出,EXP_ALCOHOL,菸酒檳榔支出,range_overlap,2002,91_2,23-2,J5,4,6,1萬元以上（請記錄 元）,12.0,"30,000 元及以上，請記錄________元",source_bin_spans_multiple_base_bins,酒、茶、檳榔等消費是多少？,question_options_91_2.csv,以 103 年 J5 為基準。 103基準題號：J5。,mapping_relation=source_bin_spans_multiple_base_bins; total_rule=source_question
build_income_expenditure_crosswalk.py,EXP_ALCOHOL,家庭支出,EXP_ALCOHOL,菸酒檳榔支出,range_overlap,2002,91_2,23-2,J5,1,7,無,13.0,沒有這項支出,exact_none,酒、茶、檳榔等消費是多少？,question_options_91_2.csv,以 103 年 J5 為基準。 103基準題號：J5。,mapping_relation=exact_none; total_rule=source_question
build_income_expenditure_crosswalk.py,EXP_ALCOHOL,家庭支出,EXP_ALCOHOL,菸酒檳榔支出,range_overlap,2006,95,Q12-5,J5,1,1.0,999元及以下,1.0,499 元及以下,source_bin_spans_multiple_base_bins,請問您全家每個月用在支付「抽煙、飲酒、吃檳榔等」的費用是多少？【過,question_options_95.csv,以 103 年 J5 為基準。 103基準題號：J5。,mapping_relation=source_bin_spans_multiple_base_bins; total_rule=source_question
build_income_expenditure_crosswalk.py,EXP_ALCOHOL,家庭支出,EXP_ALCOHOL,菸酒檳榔支出,range_overlap,2006,95,Q12-5,J5,2,1.0,999元及以下,2.0,500-999 元,source_bin_spans_multiple_base_bins,請問您全家每個月用在支付「抽煙、飲酒、吃檳榔等」的費用是多少？【過,question_options_95.csv,以 103 年 J5 為基準。 103基準題號：J5。,mapping_relation=source_bin_spans_multiple_base_bins; total_rule=source_question
build_income_expenditure_crosswalk.py,EXP_ALCOHOL,家庭支出,EXP_ALCOHOL,菸酒檳榔支出,range_overlap,2006,95,Q12-5,J5,1,2.0,"1,000-1,999元",3.0,"1,000-1,999 元",exact_range,請問您全家每個月用在支付「抽煙、飲酒、吃檳榔等」的費用是多少？【過,question_options_95.csv,以 103 年 J5 為基準。 103基準題號：J5。,mapping_relation=exact_range; total_rule=source_question
build_income_expenditure_crosswalk.py,EXP_ALCOHOL,家庭支出,EXP_ALCOHOL,菸酒檳榔支出,range_overlap,2006,95,Q12-5,J5,1,3.0,"2,000-2,999 元",4.0,"2,000-2,999 元",exact_range,請問您全家每個月用在支付「抽煙、飲酒、吃檳榔等」的費用是多少？【過,question_options_95.csv,以 103 年 J5 為基準。 103基準題號：J5。,mapping_relation=exact_range; total_rule=source_question
build_income_expenditure_crosswalk.py,EXP_ALCOHOL,家庭支出,EXP_ALCOHOL,菸酒檳榔支出,range_overlap,2006,95,Q12-5,J5,1,4.0,"3,000-3,999元",5.0,"3,000-3,999 元",exact_range,請問您全家每個月用在支付「抽煙、飲酒、吃檳榔等」的費用是多少？【過,question_options_95.csv,以 103 年 J5 為基準。 103基準題號：J5。,mapping_relation=exact_range; total_rule=source_question
build_income_expenditure_crosswalk.py,EXP_ALCOHOL,家庭支出,EXP_ALCOHOL,菸酒檳榔支出,range_overlap,2006,95,Q12-5,J5,1,5.0,"4,000-4,999 元",6.0,"4,000-4,999 元",exact_range,請問您全家每個月用在支付「抽煙、飲酒、吃檳榔等」的費用是多少？【過,question_options_95.csv,以 103 年 J5 為基準。 103基準題號：J5。,mapping_relation=exact_range; total_rule=source_question
build_income_expenditure_crosswalk.py,EXP_ALCOHOL,家庭支出,EXP_ALCOHOL,菸酒檳榔支出,range_overlap,2006,95,Q12-5,J5,1,6.0,"5,000-6,999元",7.0,"5,000-6,999 元",exact_range,請問您全家每個月用在支付「抽煙、飲酒、吃檳榔等」的費用是多少？【過,question_options_95.csv,以 103 年 J5 為基準。 103基準題號：J5。,mapping_relation=exact_range; total_rule=source_question
build_income_expenditure_crosswalk.py,EXP_ALCOHOL,家庭支出,EXP_ALCOHOL,菸酒檳榔支出,range_overlap,2006,95,Q12-5,J5,1,7.0,"7,000-9,999 元",8.0,"7,000-9,999 元",exact_range,請問您全家每個月用在支付「抽煙、飲酒、吃檳榔等」的費用是多少？【過,question_options_95.csv,以 103 年 J5 為基準。 103基準題號：J5。,mapping_relation=exact_range; total_rule=source_question
build_income_expenditure_crosswalk.py,EXP_ALCOHOL,家庭支出,EXP_ALCOHOL,菸酒檳榔支出,range_overlap,2006,95,Q12-5,J5,1,8.0,"10,000-14,999元",9.0,"10,000-14,999 元",exact_range,請問您全家每個月用在支付「抽煙、飲酒、吃檳榔等」的費用是多少？【過,question_options_95.csv,以 103 年 J5 為基準。 103基準題號：J5。,mapping_relation=exact_range; total_rule=source_question
build_income_expenditure_crosswalk.py,EXP_ALCOHOL,家庭支出,EXP_ALCOHOL,菸酒檳榔支出,range_overlap,2006,95,Q12-5,J5,1,9.0,"15,000-19,999 元",10.0,"15,000-19,999 元",exact_range,請問您全家每個月用在支付「抽煙、飲酒、吃檳榔等」的費用是多少？【過,question_options_95.csv,以 103 年 J5 為基準。 103基準題號：J5。,mapping_relation=exact_range; total_rule=source_question
build_income_expenditure_crosswalk.py,EXP_ALCOHOL,家庭支出,EXP_ALCOHOL,菸酒檳榔支出,range_overlap,2006,95,Q12-5,J5,1,10.0,"20,000-29,999元",11.0,"20,000-29,999 元",exact_range,請問您全家每個月用在支付「抽煙、飲酒、吃檳榔等」的費用是多少？【過,question_options_95.csv,以 103 年 J5 為基準。 103基準題號：J5。,mapping_relation=exact_range; total_rule=source_question
build_income_expenditure_crosswalk.py,EXP_ALCOHOL,家庭支出,EXP_ALCOHOL,菸酒檳榔支出,range_overlap,2006,95,Q12-5,J5,1,90.0,"30,000元及以上，請記錄 元",12.0,"30,000 元及以上，請記錄________元",exact_open_upper,請問您全家每個月用在支付「抽煙、飲酒、吃檳榔等」的費用是多少？【過,question_options_95.csv,以 103 年 J5 為基準。 103基準題號：J5。,mapping_relation=exact_open_upper; total_rule=source_question
build_income_expenditure_crosswalk.py,EXP_ALCOHOL,家庭支出,EXP_ALCOHOL,菸酒檳榔支出,range_overlap,2006,95,Q12-5,J5,1,95.0,沒有這項支出,13.0,沒有這項支出,exact_none,請問您全家每個月用在支付「抽煙、飲酒、吃檳榔等」的費用是多少？【過,question_options_95.csv,以 103 年 J5 為基準。 103基準題號：J5。,mapping_relation=exact_none; total_rule=source_question
build_income_expenditure_crosswalk.py,EXP_ALCOHOL,家庭支出,EXP_ALCOHOL,菸酒檳榔支出,range_overlap,2010,99,J5,J5,1,1,"1,000-1,999 元",3.0,"1,000-1,999 元",exact_range,"請問您全家每個月用在支付「抽煙、飲酒、吃檳榔等」的費用是多少？【過去ㄧ年帄均每個月的金額】, | 請問您全家每個月用在支付「抽煙、飲酒、吃檳榔等」的費用是多少？【過去ㄧ年帄均每個月的金額】",question_options_99.csv,以 103 年 J5 為基準。 103基準題號：J5。,mapping_relation=exact_range; total_rule=source_question
build_income_expenditure_crosswalk.py,EXP_ALCOHOL,家庭支出,EXP_ALCOHOL,菸酒檳榔支出,range_overlap,2010,99,J5,J5,1,2,"2,000-2,999 元",4.0,"2,000-2,999 元",exact_range,"請問您全家每個月用在支付「抽煙、飲酒、吃檳榔等」的費用是多少？【過去ㄧ年帄均每個月的金額】, | 請問您全家每個月用在支付「抽煙、飲酒、吃檳榔等」的費用是多少？【過去ㄧ年帄均每個月的金額】",question_options_99.csv,以 103 年 J5 為基準。 103基準題號：J5。,mapping_relation=exact_range; total_rule=source_question
build_income_expenditure_crosswalk.py,EXP_ALCOHOL,家庭支出,EXP_ALCOHOL,菸酒檳榔支出,range_overlap,2010,99,J5,J5,1,3,"3,000-3,999 元",5.0,"3,000-3,999 元",exact_range,"請問您全家每個月用在支付「抽煙、飲酒、吃檳榔等」的費用是多少？【過去ㄧ年帄均每個月的金額】, | 請問您全家每個月用在支付「抽煙、飲酒、吃檳榔等」的費用是多少？【過去ㄧ年帄均每個月的金額】",question_options_99.csv,以 103 年 J5 為基準。 103基準題號：J5。,mapping_relation=exact_range; total_rule=source_question
build_income_expenditure_crosswalk.py,EXP_ALCOHOL,家庭支出,EXP_ALCOHOL,菸酒檳榔支出,range_overlap,2010,99,J5,J5,1,4,"4,000-4,999 元",6.0,"4,000-4,999 元",exact_range,"請問您全家每個月用在支付「抽煙、飲酒、吃檳榔等」的費用是多少？【過去ㄧ年帄均每個月的金額】, | 請問您全家每個月用在支付「抽煙、飲酒、吃檳榔等」的費用是多少？【過去ㄧ年帄均每個月的金額】",question_options_99.csv,以 103 年 J5 為基準。 103基準題號：J5。,mapping_relation=exact_range; total_rule=source_question
build_income_expenditure_crosswalk.py,EXP_ALCOHOL,家庭支出,EXP_ALCOHOL,菸酒檳榔支出,range_overlap,2010,99,J5,J5,1,5,"5,000-6,999 元",7.0,"5,000-6,999 元",exact_range,"請問您全家每個月用在支付「抽煙、飲酒、吃檳榔等」的費用是多少？【過去ㄧ年帄均每個月的金額】, | 請問您全家每個月用在支付「抽煙、飲酒、吃檳榔等」的費用是多少？【過去ㄧ年帄均每個月的金額】",question_options_99.csv,以 103 年 J5 為基準。 103基準題號：J5。,mapping_relation=exact_range; total_rule=source_question
build_income_expenditure_crosswalk.py,EXP_ALCOHOL,家庭支出,EXP_ALCOHOL,菸酒檳榔支出,range_overlap,2010,99,J5,J5,1,7,"7,000-9,999 元",8.0,"7,000-9,999 元",exact_range,"請問您全家每個月用在支付「抽煙、飲酒、吃檳榔等」的費用是多少？【過去ㄧ年帄均每個月的金額】, | 請問您全家每個月用在支付「抽煙、飲酒、吃檳榔等」的費用是多少？【過去ㄧ年帄均每個月的金額】",question_options_99.csv,以 103 年 J5 為基準。 103基準題號：J5。,mapping_relation=exact_range; total_rule=source_question
build_income_expenditure_crosswalk.py,EXP_ALCOHOL,家庭支出,EXP_ALCOHOL,菸酒檳榔支出,range_overlap,2010,99,J5,J5,1,10,"10,000-14,999 元",9.0,"10,000-14,999 元",exact_range,"請問您全家每個月用在支付「抽煙、飲酒、吃檳榔等」的費用是多少？【過去ㄧ年帄均每個月的金額】, | 請問您全家每個月用在支付「抽煙、飲酒、吃檳榔等」的費用是多少？【過去ㄧ年帄均每個月的金額】",question_options_99.csv,以 103 年 J5 為基準。 103基準題號：J5。,mapping_relation=exact_range; total_rule=source_question
build_income_expenditure_crosswalk.py,EXP_ALCOHOL,家庭支出,EXP_ALCOHOL,菸酒檳榔支出,range_overlap,2010,99,J5,J5,1,15,"15,000-19,999 元",10.0,"15,000-19,999 元",exact_range,"請問您全家每個月用在支付「抽煙、飲酒、吃檳榔等」的費用是多少？【過去ㄧ年帄均每個月的金額】, | 請問您全家每個月用在支付「抽煙、飲酒、吃檳榔等」的費用是多少？【過去ㄧ年帄均每個月的金額】",question_options_99.csv,以 103 年 J5 為基準。 103基準題號：J5。,mapping_relation=exact_range; total_rule=source_question
build_income_expenditure_crosswalk.py,EXP_ALCOHOL,家庭支出,EXP_ALCOHOL,菸酒檳榔支出,range_overlap,2010,99,J5,J5,1,20,"20,000-29,999 元",11.0,"20,000-29,999 元",exact_range,"請問您全家每個月用在支付「抽煙、飲酒、吃檳榔等」的費用是多少？【過去ㄧ年帄均每個月的金額】, | 請問您全家每個月用在支付「抽煙、飲酒、吃檳榔等」的費用是多少？【過去ㄧ年帄均每個月的金額】",question_options_99.csv,以 103 年 J5 為基準。 103基準題號：J5。,mapping_relation=exact_range; total_rule=source_question
build_income_expenditure_crosswalk.py,EXP_ALCOHOL,家庭支出,EXP_ALCOHOL,菸酒檳榔支出,range_overlap,2010,99,J5,J5,1,30,"30,000 元及以上，請記錄 元",12.0,"30,000 元及以上，請記錄________元",exact_open_upper,"請問您全家每個月用在支付「抽煙、飲酒、吃檳榔等」的費用是多少？【過去ㄧ年帄均每個月的金額】, | 請問您全家每個月用在支付「抽煙、飲酒、吃檳榔等」的費用是多少？【過去ㄧ年帄均每個月的金額】",question_options_99.csv,以 103 年 J5 為基準。 103基準題號：J5。,mapping_relation=exact_open_upper; total_rule=source_question
build_income_expenditure_crosswalk.py,EXP_ALCOHOL,家庭支出,EXP_ALCOHOL,菸酒檳榔支出,range_overlap,2010,99,J5,J5,1,,999 元及以下,1.0,499 元及以下,source_bin_spans_multiple_base_bins,"請問您全家每個月用在支付「抽煙、飲酒、吃檳榔等」的費用是多少？【過去ㄧ年帄均每個月的金額】, | 請問您全家每個月用在支付「抽煙、飲酒、吃檳榔等」的費用是多少？【過去ㄧ年帄均每個月的金額】",question_options_99.csv,以 103 年 J5 為基準。 103基準題號：J5。,mapping_relation=source_bin_spans_multiple_base_bins; total_rule=source_question
build_income_expenditure_crosswalk.py,EXP_ALCOHOL,家庭支出,EXP_ALCOHOL,菸酒檳榔支出,range_overlap,2010,99,J5,J5,2,,999 元及以下,2.0,500-999 元,source_bin_spans_multiple_base_bins,"請問您全家每個月用在支付「抽煙、飲酒、吃檳榔等」的費用是多少？【過去ㄧ年帄均每個月的金額】, | 請問您全家每個月用在支付「抽煙、飲酒、吃檳榔等」的費用是多少？【過去ㄧ年帄均每個月的金額】",question_options_99.csv,以 103 年 J5 為基準。 103基準題號：J5。,mapping_relation=source_bin_spans_multiple_base_bins; total_rule=source_question
build_income_expenditure_crosswalk.py,EXP_ALCOHOL,家庭支出,EXP_ALCOHOL,菸酒檳榔支出,range_overlap,2010,99,J5,J5,3,,沒有這項支出,13.0,沒有這項支出,exact_none,"請問您全家每個月用在支付「抽煙、飲酒、吃檳榔等」的費用是多少？【過去ㄧ年帄均每個月的金額】, | 請問您全家每個月用在支付「抽煙、飲酒、吃檳榔等」的費用是多少？【過去ㄧ年帄均每個月的金額】",question_options_99.csv,以 103 年 J5 為基準。 103基準題號：J5。,mapping_relation=exact_none; total_rule=source_question
build_income_expenditure_crosswalk.py,EXP_ALCOHOL,家庭支出,EXP_ALCOHOL,菸酒檳榔支出,range_overlap,2014,103,J5,J5,1,1.0,499 元及以下,1.0,499 元及以下,exact_range,請問您全家每個月用在支付「抽煙、飲酒、吃檳榔等」的費用是多少？【過去ㄧ年平均每個月的,question_options_103.csv,以 103 年 J5 為基準。 103基準題號：J5。,mapping_relation=exact_range; total_rule=source_question
build_income_expenditure_crosswalk.py,EXP_ALCOHOL,家庭支出,EXP_ALCOHOL,菸酒檳榔支出,range_overlap,2014,103,J5,J5,1,2.0,500-999 元,2.0,500-999 元,exact_range,請問您全家每個月用在支付「抽煙、飲酒、吃檳榔等」的費用是多少？【過去ㄧ年平均每個月的,question_options_103.csv,以 103 年 J5 為基準。 103基準題號：J5。,mapping_relation=exact_range; total_rule=source_question
build_income_expenditure_crosswalk.py,EXP_ALCOHOL,家庭支出,EXP_ALCOHOL,菸酒檳榔支出,range_overlap,2014,103,J5,J5,1,3.0,"1,000-1,999 元",3.0,"1,000-1,999 元",exact_range,請問您全家每個月用在支付「抽煙、飲酒、吃檳榔等」的費用是多少？【過去ㄧ年平均每個月的,question_options_103.csv,以 103 年 J5 為基準。 103基準題號：J5。,mapping_relation=exact_range; total_rule=source_question
build_income_expenditure_crosswalk.py,EXP_ALCOHOL,家庭支出,EXP_ALCOHOL,菸酒檳榔支出,range_overlap,2014,103,J5,J5,1,4.0,"2,000-2,999 元",4.0,"2,000-2,999 元",exact_range,請問您全家每個月用在支付「抽煙、飲酒、吃檳榔等」的費用是多少？【過去ㄧ年平均每個月的,question_options_103.csv,以 103 年 J5 為基準。 103基準題號：J5。,mapping_relation=exact_range; total_rule=source_question
build_income_expenditure_crosswalk.py,EXP_ALCOHOL,家庭支出,EXP_ALCOHOL,菸酒檳榔支出,range_overlap,2014,103,J5,J5,1,5.0,"3,000-3,999 元",5.0,"3,000-3,999 元",exact_range,請問您全家每個月用在支付「抽煙、飲酒、吃檳榔等」的費用是多少？【過去ㄧ年平均每個月的,question_options_103.csv,以 103 年 J5 為基準。 103基準題號：J5。,mapping_relation=exact_range; total_rule=source_question
build_income_expenditure_crosswalk.py,EXP_ALCOHOL,家庭支出,EXP_ALCOHOL,菸酒檳榔支出,range_overlap,2014,103,J5,J5,1,6.0,"4,000-4,999 元",6.0,"4,000-4,999 元",exact_range,請問您全家每個月用在支付「抽煙、飲酒、吃檳榔等」的費用是多少？【過去ㄧ年平均每個月的,question_options_103.csv,以 103 年 J5 為基準。 103基準題號：J5。,mapping_relation=exact_range; total_rule=source_question
build_income_expenditure_crosswalk.py,EXP_ALCOHOL,家庭支出,EXP_ALCOHOL,菸酒檳榔支出,range_overlap,2014,103,J5,J5,1,7.0,"5,000-6,999 元",7.0,"5,000-6,999 元",exact_range,請問您全家每個月用在支付「抽煙、飲酒、吃檳榔等」的費用是多少？【過去ㄧ年平均每個月的,question_options_103.csv,以 103 年 J5 為基準。 103基準題號：J5。,mapping_relation=exact_range; total_rule=source_question
build_income_expenditure_crosswalk.py,EXP_ALCOHOL,家庭支出,EXP_ALCOHOL,菸酒檳榔支出,range_overlap,2014,103,J5,J5,1,8.0,"7,000-9,999 元",8.0,"7,000-9,999 元",exact_range,請問您全家每個月用在支付「抽煙、飲酒、吃檳榔等」的費用是多少？【過去ㄧ年平均每個月的,question_options_103.csv,以 103 年 J5 為基準。 103基準題號：J5。,mapping_relation=exact_range; total_rule=source_question
build_income_expenditure_crosswalk.py,EXP_ALCOHOL,家庭支出,EXP_ALCOHOL,菸酒檳榔支出,range_overlap,2014,103,J5,J5,1,9.0,"10,000-14,999 元",9.0,"10,000-14,999 元",exact_range,請問您全家每個月用在支付「抽煙、飲酒、吃檳榔等」的費用是多少？【過去ㄧ年平均每個月的,question_options_103.csv,以 103 年 J5 為基準。 103基準題號：J5。,mapping_relation=exact_range; total_rule=source_question
build_income_expenditure_crosswalk.py,EXP_ALCOHOL,家庭支出,EXP_ALCOHOL,菸酒檳榔支出,range_overlap,2014,103,J5,J5,1,10.0,"15,000-19,999 元",10.0,"15,000-19,999 元",exact_range,請問您全家每個月用在支付「抽煙、飲酒、吃檳榔等」的費用是多少？【過去ㄧ年平均每個月的,question_options_103.csv,以 103 年 J5 為基準。 103基準題號：J5。,mapping_relation=exact_range; total_rule=source_question
build_income_expenditure_crosswalk.py,EXP_ALCOHOL,家庭支出,EXP_ALCOHOL,菸酒檳榔支出,range_overlap,2014,103,J5,J5,1,11.0,"20,000-29,999 元",11.0,"20,000-29,999 元",exact_range,請問您全家每個月用在支付「抽煙、飲酒、吃檳榔等」的費用是多少？【過去ㄧ年平均每個月的,question_options_103.csv,以 103 年 J5 為基準。 103基準題號：J5。,mapping_relation=exact_range; total_rule=source_question
build_income_expenditure_crosswalk.py,EXP_ALCOHOL,家庭支出,EXP_ALCOHOL,菸酒檳榔支出,range_overlap,2014,103,J5,J5,1,12.0,"30,000 元及以上，請記錄________元",12.0,"30,000 元及以上，請記錄________元",exact_open_upper,請問您全家每個月用在支付「抽煙、飲酒、吃檳榔等」的費用是多少？【過去ㄧ年平均每個月的,question_options_103.csv,以 103 年 J5 為基準。 103基準題號：J5。,mapping_relation=exact_open_upper; total_rule=source_question
build_income_expenditure_crosswalk.py,EXP_ALCOHOL,家庭支出,EXP_ALCOHOL,菸酒檳榔支出,range_overlap,2014,103,J5,J5,1,13.0,沒有這項支出,13.0,沒有這項支出,exact_none,請問您全家每個月用在支付「抽煙、飲酒、吃檳榔等」的費用是多少？【過去ㄧ年平均每個月的,question_options_103.csv,以 103 年 J5 為基準。 103基準題號：J5。,mapping_relation=exact_none; total_rule=source_question
build_income_expenditure_crosswalk.py,EXP_ALCOHOL,家庭支出,EXP_ALCOHOL,菸酒檳榔支出,range_overlap,2017,106,M5,J5,1,1.0,未滿500元,1.0,499 元及以下,exact_range,請問您全家每個月用在支付「抽煙、喝酒、吃檳榔等」的費用是多少？【106年平均每個月的金,question_options_106.csv,以 103 年 J5 為基準。 103基準題號：J5。,mapping_relation=exact_range; total_rule=source_question
build_income_expenditure_crosswalk.py,EXP_ALCOHOL,家庭支出,EXP_ALCOHOL,菸酒檳榔支出,range_overlap,2017,106,M5,J5,1,2.0,"500元-未滿1,000 元",2.0,500-999 元,exact_range,請問您全家每個月用在支付「抽煙、喝酒、吃檳榔等」的費用是多少？【106年平均每個月的金,question_options_106.csv,以 103 年 J5 為基準。 103基準題號：J5。,mapping_relation=exact_range; total_rule=source_question
build_income_expenditure_crosswalk.py,EXP_ALCOHOL,家庭支出,EXP_ALCOHOL,菸酒檳榔支出,range_overlap,2017,106,M5,J5,1,3.0,"1,000 元-未滿2,000元",3.0,"1,000-1,999 元",exact_range,請問您全家每個月用在支付「抽煙、喝酒、吃檳榔等」的費用是多少？【106年平均每個月的金,question_options_106.csv,以 103 年 J5 為基準。 103基準題號：J5。,mapping_relation=exact_range; total_rule=source_question
build_income_expenditure_crosswalk.py,EXP_ALCOHOL,家庭支出,EXP_ALCOHOL,菸酒檳榔支出,range_overlap,2017,106,M5,J5,1,4.0,"2,000 元-未滿3,000元",4.0,"2,000-2,999 元",exact_range,請問您全家每個月用在支付「抽煙、喝酒、吃檳榔等」的費用是多少？【106年平均每個月的金,question_options_106.csv,以 103 年 J5 為基準。 103基準題號：J5。,mapping_relation=exact_range; total_rule=source_question
build_income_expenditure_crosswalk.py,EXP_ALCOHOL,家庭支出,EXP_ALCOHOL,菸酒檳榔支出,range_overlap,2017,106,M5,J5,1,5.0,"3,000 元-未滿4,000元",5.0,"3,000-3,999 元",exact_range,請問您全家每個月用在支付「抽煙、喝酒、吃檳榔等」的費用是多少？【106年平均每個月的金,question_options_106.csv,以 103 年 J5 為基準。 103基準題號：J5。,mapping_relation=exact_range; total_rule=source_question
build_income_expenditure_crosswalk.py,EXP_ALCOHOL,家庭支出,EXP_ALCOHOL,菸酒檳榔支出,range_overlap,2017,106,M5,J5,1,6.0,"4,000 元-未滿5,000元",6.0,"4,000-4,999 元",exact_range,請問您全家每個月用在支付「抽煙、喝酒、吃檳榔等」的費用是多少？【106年平均每個月的金,question_options_106.csv,以 103 年 J5 為基準。 103基準題號：J5。,mapping_relation=exact_range; total_rule=source_question
build_income_expenditure_crosswalk.py,EXP_ALCOHOL,家庭支出,EXP_ALCOHOL,菸酒檳榔支出,range_overlap,2017,106,M5,J5,1,7.0,"5,000 元-未滿7,000元",7.0,"5,000-6,999 元",exact_range,請問您全家每個月用在支付「抽煙、喝酒、吃檳榔等」的費用是多少？【106年平均每個月的金,question_options_106.csv,以 103 年 J5 為基準。 103基準題號：J5。,mapping_relation=exact_range; total_rule=source_question
build_income_expenditure_crosswalk.py,EXP_ALCOHOL,家庭支出,EXP_ALCOHOL,菸酒檳榔支出,range_overlap,2017,106,M5,J5,1,8.0,"7,000 元-未滿10,000元",8.0,"7,000-9,999 元",exact_range,請問您全家每個月用在支付「抽煙、喝酒、吃檳榔等」的費用是多少？【106年平均每個月的金,question_options_106.csv,以 103 年 J5 為基準。 103基準題號：J5。,mapping_relation=exact_range; total_rule=source_question
build_income_expenditure_crosswalk.py,EXP_ALCOHOL,家庭支出,EXP_ALCOHOL,菸酒檳榔支出,range_overlap,2017,106,M5,J5,1,9.0,"10,000 元-未滿15,000元",9.0,"10,000-14,999 元",exact_range,請問您全家每個月用在支付「抽煙、喝酒、吃檳榔等」的費用是多少？【106年平均每個月的金,question_options_106.csv,以 103 年 J5 為基準。 103基準題號：J5。,mapping_relation=exact_range; total_rule=source_question
build_income_expenditure_crosswalk.py,EXP_ALCOHOL,家庭支出,EXP_ALCOHOL,菸酒檳榔支出,range_overlap,2017,106,M5,J5,1,10.0,"15,000 元-未滿20,000元",10.0,"15,000-19,999 元",exact_range,請問您全家每個月用在支付「抽煙、喝酒、吃檳榔等」的費用是多少？【106年平均每個月的金,question_options_106.csv,以 103 年 J5 為基準。 103基準題號：J5。,mapping_relation=exact_range; total_rule=source_question
build_income_expenditure_crosswalk.py,EXP_ALCOHOL,家庭支出,EXP_ALCOHOL,菸酒檳榔支出,range_overlap,2017,106,M5,J5,1,11.0,"20,000元-未滿30,000元",11.0,"20,000-29,999 元",exact_range,請問您全家每個月用在支付「抽煙、喝酒、吃檳榔等」的費用是多少？【106年平均每個月的金,question_options_106.csv,以 103 年 J5 為基準。 103基準題號：J5。,mapping_relation=exact_range; total_rule=source_question
build_income_expenditure_crosswalk.py,EXP_ALCOHOL,家庭支出,EXP_ALCOHOL,菸酒檳榔支出,range_overlap,2017,106,M5,J5,1,12.0,"30,000 元以上，請記錄________元",12.0,"30,000 元及以上，請記錄________元",exact_open_upper,請問您全家每個月用在支付「抽煙、喝酒、吃檳榔等」的費用是多少？【106年平均每個月的金,question_options_106.csv,以 103 年 J5 為基準。 103基準題號：J5。,mapping_relation=exact_open_upper; total_rule=source_question
build_income_expenditure_crosswalk.py,EXP_ALCOHOL,家庭支出,EXP_ALCOHOL,菸酒檳榔支出,range_overlap,2017,106,M5,J5,1,13.0,沒有這項支出,13.0,沒有這項支出,exact_none,請問您全家每個月用在支付「抽煙、喝酒、吃檳榔等」的費用是多少？【106年平均每個月的金,question_options_106.csv,以 103 年 J5 為基準。 103基準題號：J5。,mapping_relation=exact_none; total_rule=source_question
build_income_expenditure_crosswalk.py,EXP_ALCOHOL,家庭支出,EXP_ALCOHOL,菸酒檳榔支出,range_overlap,2021,110,H5,J5,1,1.0,未滿500元,1.0,499 元及以下,exact_range,請問您全家每個月用在支付「抽煙、喝酒、吃檳榔等」的費用是多少？【110年平均每個月的金,question_options_110.csv,以 103 年 J5 為基準。 103基準題號：J5。,mapping_relation=exact_range; total_rule=source_question
build_income_expenditure_crosswalk.py,EXP_ALCOHOL,家庭支出,EXP_ALCOHOL,菸酒檳榔支出,range_overlap,2021,110,H5,J5,1,2.0,"500元-未滿1,000 元",2.0,500-999 元,exact_range,請問您全家每個月用在支付「抽煙、喝酒、吃檳榔等」的費用是多少？【110年平均每個月的金,question_options_110.csv,以 103 年 J5 為基準。 103基準題號：J5。,mapping_relation=exact_range; total_rule=source_question
build_income_expenditure_crosswalk.py,EXP_ALCOHOL,家庭支出,EXP_ALCOHOL,菸酒檳榔支出,range_overlap,2021,110,H5,J5,1,3.0,"1,000 元-未滿2,000元",3.0,"1,000-1,999 元",exact_range,請問您全家每個月用在支付「抽煙、喝酒、吃檳榔等」的費用是多少？【110年平均每個月的金,question_options_110.csv,以 103 年 J5 為基準。 103基準題號：J5。,mapping_relation=exact_range; total_rule=source_question
build_income_expenditure_crosswalk.py,EXP_ALCOHOL,家庭支出,EXP_ALCOHOL,菸酒檳榔支出,range_overlap,2021,110,H5,J5,1,4.0,"2,000 元-未滿3,000元",4.0,"2,000-2,999 元",exact_range,請問您全家每個月用在支付「抽煙、喝酒、吃檳榔等」的費用是多少？【110年平均每個月的金,question_options_110.csv,以 103 年 J5 為基準。 103基準題號：J5。,mapping_relation=exact_range; total_rule=source_question
build_income_expenditure_crosswalk.py,EXP_ALCOHOL,家庭支出,EXP_ALCOHOL,菸酒檳榔支出,range_overlap,2021,110,H5,J5,1,5.0,"3,000 元-未滿4,000元",5.0,"3,000-3,999 元",exact_range,請問您全家每個月用在支付「抽煙、喝酒、吃檳榔等」的費用是多少？【110年平均每個月的金,question_options_110.csv,以 103 年 J5 為基準。 103基準題號：J5。,mapping_relation=exact_range; total_rule=source_question
build_income_expenditure_crosswalk.py,EXP_ALCOHOL,家庭支出,EXP_ALCOHOL,菸酒檳榔支出,range_overlap,2021,110,H5,J5,1,6.0,"4,000 元-未滿5,000元",6.0,"4,000-4,999 元",exact_range,請問您全家每個月用在支付「抽煙、喝酒、吃檳榔等」的費用是多少？【110年平均每個月的金,question_options_110.csv,以 103 年 J5 為基準。 103基準題號：J5。,mapping_relation=exact_range; total_rule=source_question
build_income_expenditure_crosswalk.py,EXP_ALCOHOL,家庭支出,EXP_ALCOHOL,菸酒檳榔支出,range_overlap,2021,110,H5,J5,1,7.0,"5,000 元-未滿7,000元",7.0,"5,000-6,999 元",exact_range,請問您全家每個月用在支付「抽煙、喝酒、吃檳榔等」的費用是多少？【110年平均每個月的金,question_options_110.csv,以 103 年 J5 為基準。 103基準題號：J5。,mapping_relation=exact_range; total_rule=source_question
build_income_expenditure_crosswalk.py,EXP_ALCOHOL,家庭支出,EXP_ALCOHOL,菸酒檳榔支出,range_overlap,2021,110,H5,J5,1,8.0,"7,000 元-未滿10,000元",8.0,"7,000-9,999 元",exact_range,請問您全家每個月用在支付「抽煙、喝酒、吃檳榔等」的費用是多少？【110年平均每個月的金,question_options_110.csv,以 103 年 J5 為基準。 103基準題號：J5。,mapping_relation=exact_range; total_rule=source_question
build_income_expenditure_crosswalk.py,EXP_ALCOHOL,家庭支出,EXP_ALCOHOL,菸酒檳榔支出,range_overlap,2021,110,H5,J5,1,9.0,"10,000 元-未滿15,000元",9.0,"10,000-14,999 元",exact_range,請問您全家每個月用在支付「抽煙、喝酒、吃檳榔等」的費用是多少？【110年平均每個月的金,question_options_110.csv,以 103 年 J5 為基準。 103基準題號：J5。,mapping_relation=exact_range; total_rule=source_question
build_income_expenditure_crosswalk.py,EXP_ALCOHOL,家庭支出,EXP_ALCOHOL,菸酒檳榔支出,range_overlap,2021,110,H5,J5,1,10.0,"15,000 元-未滿20,000元",10.0,"15,000-19,999 元",exact_range,請問您全家每個月用在支付「抽煙、喝酒、吃檳榔等」的費用是多少？【110年平均每個月的金,question_options_110.csv,以 103 年 J5 為基準。 103基準題號：J5。,mapping_relation=exact_range; total_rule=source_question
build_income_expenditure_crosswalk.py,EXP_ALCOHOL,家庭支出,EXP_ALCOHOL,菸酒檳榔支出,range_overlap,2021,110,H5,J5,1,11.0,"20,000元-未滿30,000元",11.0,"20,000-29,999 元",exact_range,請問您全家每個月用在支付「抽煙、喝酒、吃檳榔等」的費用是多少？【110年平均每個月的金,question_options_110.csv,以 103 年 J5 為基準。 103基準題號：J5。,mapping_relation=exact_range; total_rule=source_question
build_income_expenditure_crosswalk.py,EXP_ALCOHOL,家庭支出,EXP_ALCOHOL,菸酒檳榔支出,range_overlap,2021,110,H5,J5,1,12.0,"30,000 元以上，請記錄________元",12.0,"30,000 元及以上，請記錄________元",exact_open_upper,請問您全家每個月用在支付「抽煙、喝酒、吃檳榔等」的費用是多少？【110年平均每個月的金,question_options_110.csv,以 103 年 J5 為基準。 103基準題號：J5。,mapping_relation=exact_open_upper; total_rule=source_question
build_income_expenditure_crosswalk.py,EXP_ALCOHOL,家庭支出,EXP_ALCOHOL,菸酒檳榔支出,range_overlap,2021,110,H5,J5,1,13.0,沒有這項支出,13.0,沒有這項支出,exact_none,請問您全家每個月用在支付「抽煙、喝酒、吃檳榔等」的費用是多少？【110年平均每個月的金,question_options_110.csv,以 103 年 J5 為基準。 103基準題號：J5。,mapping_relation=exact_none; total_rule=source_question
build_income_expenditure_crosswalk.py,EXP_TAX_INS_GIFT,家庭支出,EXP_TAX_INS_GIFT,稅保險紅白包捐款等支出,question_not_available,2002,91_1,,J6,,,,,,not_available_in_source_dataset,,question_options_91_1.csv,91 無可直接對照之分項。 103基準題號：J6。,mapping_relation=not_available_in_source_dataset; total_rule=source_question
build_income_expenditure_crosswalk.py,EXP_TAX_INS_GIFT,家庭支出,EXP_TAX_INS_GIFT,稅保險紅白包捐款等支出,question_not_available,2002,91_2,,J6,,,,,,not_available_in_source_dataset,,question_options_91_2.csv,91 無可直接對照之分項。 103基準題號：J6。,mapping_relation=not_available_in_source_dataset; total_rule=source_question
build_income_expenditure_crosswalk.py,EXP_TAX_INS_GIFT,家庭支出,EXP_TAX_INS_GIFT,稅保險紅白包捐款等支出,range_overlap,2006,95,Q12-6,J6,1,1.0,999元及以下,1.0,999 元及以下,exact_range,請問您全家每個月用在支付「繳各種稅、勞健保、農漁保險、紅白包禮金、,question_options_95.csv,91 無可直接對照之分項。 103基準題號：J6。,mapping_relation=exact_range; total_rule=source_question
build_income_expenditure_crosswalk.py,EXP_TAX_INS_GIFT,家庭支出,EXP_TAX_INS_GIFT,稅保險紅白包捐款等支出,range_overlap,2006,95,Q12-6,J6,1,2.0,"1,000-1,999元",2.0,"1,000-1,499 元",source_bin_spans_multiple_base_bins,請問您全家每個月用在支付「繳各種稅、勞健保、農漁保險、紅白包禮金、,question_options_95.csv,91 無可直接對照之分項。 103基準題號：J6。,mapping_relation=source_bin_spans_multiple_base_bins; total_rule=source_question
build_income_expenditure_crosswalk.py,EXP_TAX_INS_GIFT,家庭支出,EXP_TAX_INS_GIFT,稅保險紅白包捐款等支出,range_overlap,2006,95,Q12-6,J6,2,2.0,"1,000-1,999元",3.0,"1,500-1,999 元",source_bin_spans_multiple_base_bins,請問您全家每個月用在支付「繳各種稅、勞健保、農漁保險、紅白包禮金、,question_options_95.csv,91 無可直接對照之分項。 103基準題號：J6。,mapping_relation=source_bin_spans_multiple_base_bins; total_rule=source_question
build_income_expenditure_crosswalk.py,EXP_TAX_INS_GIFT,家庭支出,EXP_TAX_INS_GIFT,稅保險紅白包捐款等支出,range_overlap,2006,95,Q12-6,J6,1,3.0,"2,000-2,999 元",4.0,"2,000-2,499 元",source_bin_spans_multiple_base_bins,請問您全家每個月用在支付「繳各種稅、勞健保、農漁保險、紅白包禮金、,question_options_95.csv,91 無可直接對照之分項。 103基準題號：J6。,mapping_relation=source_bin_spans_multiple_base_bins; total_rule=source_question
build_income_expenditure_crosswalk.py,EXP_TAX_INS_GIFT,家庭支出,EXP_TAX_INS_GIFT,稅保險紅白包捐款等支出,range_overlap,2006,95,Q12-6,J6,2,3.0,"2,000-2,999 元",5.0,"2,500-2,999 元",source_bin_spans_multiple_base_bins,請問您全家每個月用在支付「繳各種稅、勞健保、農漁保險、紅白包禮金、,question_options_95.csv,91 無可直接對照之分項。 103基準題號：J6。,mapping_relation=source_bin_spans_multiple_base_bins; total_rule=source_question
build_income_expenditure_crosswalk.py,EXP_TAX_INS_GIFT,家庭支出,EXP_TAX_INS_GIFT,稅保險紅白包捐款等支出,range_overlap,2006,95,Q12-6,J6,1,4.0,"3,000-3,999元",6.0,"3,000-3,999 元",exact_range,請問您全家每個月用在支付「繳各種稅、勞健保、農漁保險、紅白包禮金、,question_options_95.csv,91 無可直接對照之分項。 103基準題號：J6。,mapping_relation=exact_range; total_rule=source_question
build_income_expenditure_crosswalk.py,EXP_TAX_INS_GIFT,家庭支出,EXP_TAX_INS_GIFT,稅保險紅白包捐款等支出,range_overlap,2006,95,Q12-6,J6,1,5.0,"4,000-4,999 元",7.0,"4,000-4,999 元",exact_range,請問您全家每個月用在支付「繳各種稅、勞健保、農漁保險、紅白包禮金、,question_options_95.csv,91 無可直接對照之分項。 103基準題號：J6。,mapping_relation=exact_range; total_rule=source_question
build_income_expenditure_crosswalk.py,EXP_TAX_INS_GIFT,家庭支出,EXP_TAX_INS_GIFT,稅保險紅白包捐款等支出,range_overlap,2006,95,Q12-6,J6,1,6.0,"5,000-6,999元",8.0,"5,000-6,999 元",exact_range,請問您全家每個月用在支付「繳各種稅、勞健保、農漁保險、紅白包禮金、,question_options_95.csv,91 無可直接對照之分項。 103基準題號：J6。,mapping_relation=exact_range; total_rule=source_question
build_income_expenditure_crosswalk.py,EXP_TAX_INS_GIFT,家庭支出,EXP_TAX_INS_GIFT,稅保險紅白包捐款等支出,range_overlap,2006,95,Q12-6,J6,1,7.0,"7,000-9,999 元",9.0,"7,000-9,999 元",exact_range,請問您全家每個月用在支付「繳各種稅、勞健保、農漁保險、紅白包禮金、,question_options_95.csv,91 無可直接對照之分項。 103基準題號：J6。,mapping_relation=exact_range; total_rule=source_question
build_income_expenditure_crosswalk.py,EXP_TAX_INS_GIFT,家庭支出,EXP_TAX_INS_GIFT,稅保險紅白包捐款等支出,range_overlap,2006,95,Q12-6,J6,1,8.0,"10,000-14,999元",10.0,"10,000-14,999 元",exact_range,請問您全家每個月用在支付「繳各種稅、勞健保、農漁保險、紅白包禮金、,question_options_95.csv,91 無可直接對照之分項。 103基準題號：J6。,mapping_relation=exact_range; total_rule=source_question
build_income_expenditure_crosswalk.py,EXP_TAX_INS_GIFT,家庭支出,EXP_TAX_INS_GIFT,稅保險紅白包捐款等支出,range_overlap,2006,95,Q12-6,J6,1,9.0,"15,000-19,999 元",11.0,"15,000-19,999 元",exact_range,請問您全家每個月用在支付「繳各種稅、勞健保、農漁保險、紅白包禮金、,question_options_95.csv,91 無可直接對照之分項。 103基準題號：J6。,mapping_relation=exact_range; total_rule=source_question
build_income_expenditure_crosswalk.py,EXP_TAX_INS_GIFT,家庭支出,EXP_TAX_INS_GIFT,稅保險紅白包捐款等支出,range_overlap,2006,95,Q12-6,J6,1,10.0,"20,000-29,999元",12.0,"20,000-29,999 元",exact_range,請問您全家每個月用在支付「繳各種稅、勞健保、農漁保險、紅白包禮金、,question_options_95.csv,91 無可直接對照之分項。 103基準題號：J6。,mapping_relation=exact_range; total_rule=source_question
build_income_expenditure_crosswalk.py,EXP_TAX_INS_GIFT,家庭支出,EXP_TAX_INS_GIFT,稅保險紅白包捐款等支出,range_overlap,2006,95,Q12-6,J6,1,90.0,"30,000元及以上，請記錄 元",13.0,"30,000 元及以上，請記錄________元",exact_open_upper,請問您全家每個月用在支付「繳各種稅、勞健保、農漁保險、紅白包禮金、,question_options_95.csv,91 無可直接對照之分項。 103基準題號：J6。,mapping_relation=exact_open_upper; total_rule=source_question
build_income_expenditure_crosswalk.py,EXP_TAX_INS_GIFT,家庭支出,EXP_TAX_INS_GIFT,稅保險紅白包捐款等支出,range_overlap,2006,95,Q12-6,J6,1,95.0,沒有這項支出,14.0,沒有這項支出,exact_none,請問您全家每個月用在支付「繳各種稅、勞健保、農漁保險、紅白包禮金、,question_options_95.csv,91 無可直接對照之分項。 103基準題號：J6。,mapping_relation=exact_none; total_rule=source_question
build_income_expenditure_crosswalk.py,EXP_TAX_INS_GIFT,家庭支出,EXP_TAX_INS_GIFT,稅保險紅白包捐款等支出,range_overlap,2010,99,J6,J6,1,1,"1,000-1,999 元",2.0,"1,000-1,499 元",source_bin_spans_multiple_base_bins,"請問您全家每個月用在支付「繳各種稅、勞健保、農漁保險、紅白包禮金、捐款」的費用是多少？【過去ㄧ年帄均每個月的金額，部分稅每年繳納一次請以 12 個月帄均】, | 請問您全家每個月用在支付「繳各種稅、勞健保、農漁保險、紅白包禮金、捐款」的費用是多少？【過去ㄧ年帄均每個月的金額，部分稅每年繳納一次請以 12 個月帄均】",question_options_99.csv,91 無可直接對照之分項。 103基準題號：J6。,mapping_relation=source_bin_spans_multiple_base_bins; total_rule=source_question
build_income_expenditure_crosswalk.py,EXP_TAX_INS_GIFT,家庭支出,EXP_TAX_INS_GIFT,稅保險紅白包捐款等支出,range_overlap,2010,99,J6,J6,2,1,"1,000-1,999 元",3.0,"1,500-1,999 元",source_bin_spans_multiple_base_bins,"請問您全家每個月用在支付「繳各種稅、勞健保、農漁保險、紅白包禮金、捐款」的費用是多少？【過去ㄧ年帄均每個月的金額，部分稅每年繳納一次請以 12 個月帄均】, | 請問您全家每個月用在支付「繳各種稅、勞健保、農漁保險、紅白包禮金、捐款」的費用是多少？【過去ㄧ年帄均每個月的金額，部分稅每年繳納一次請以 12 個月帄均】",question_options_99.csv,91 無可直接對照之分項。 103基準題號：J6。,mapping_relation=source_bin_spans_multiple_base_bins; total_rule=source_question
build_income_expenditure_crosswalk.py,EXP_TAX_INS_GIFT,家庭支出,EXP_TAX_INS_GIFT,稅保險紅白包捐款等支出,range_overlap,2010,99,J6,J6,1,2,"2,000-2,999 元",4.0,"2,000-2,499 元",source_bin_spans_multiple_base_bins,"請問您全家每個月用在支付「繳各種稅、勞健保、農漁保險、紅白包禮金、捐款」的費用是多少？【過去ㄧ年帄均每個月的金額，部分稅每年繳納一次請以 12 個月帄均】, | 請問您全家每個月用在支付「繳各種稅、勞健保、農漁保險、紅白包禮金、捐款」的費用是多少？【過去ㄧ年帄均每個月的金額，部分稅每年繳納一次請以 12 個月帄均】",question_options_99.csv,91 無可直接對照之分項。 103基準題號：J6。,mapping_relation=source_bin_spans_multiple_base_bins; total_rule=source_question
build_income_expenditure_crosswalk.py,EXP_TAX_INS_GIFT,家庭支出,EXP_TAX_INS_GIFT,稅保險紅白包捐款等支出,range_overlap,2010,99,J6,J6,2,2,"2,000-2,999 元",5.0,"2,500-2,999 元",source_bin_spans_multiple_base_bins,"請問您全家每個月用在支付「繳各種稅、勞健保、農漁保險、紅白包禮金、捐款」的費用是多少？【過去ㄧ年帄均每個月的金額，部分稅每年繳納一次請以 12 個月帄均】, | 請問您全家每個月用在支付「繳各種稅、勞健保、農漁保險、紅白包禮金、捐款」的費用是多少？【過去ㄧ年帄均每個月的金額，部分稅每年繳納一次請以 12 個月帄均】",question_options_99.csv,91 無可直接對照之分項。 103基準題號：J6。,mapping_relation=source_bin_spans_multiple_base_bins; total_rule=source_question
build_income_expenditure_crosswalk.py,EXP_TAX_INS_GIFT,家庭支出,EXP_TAX_INS_GIFT,稅保險紅白包捐款等支出,range_overlap,2010,99,J6,J6,1,3,"3,000-3,999 元",6.0,"3,000-3,999 元",exact_range,"請問您全家每個月用在支付「繳各種稅、勞健保、農漁保險、紅白包禮金、捐款」的費用是多少？【過去ㄧ年帄均每個月的金額，部分稅每年繳納一次請以 12 個月帄均】, | 請問您全家每個月用在支付「繳各種稅、勞健保、農漁保險、紅白包禮金、捐款」的費用是多少？【過去ㄧ年帄均每個月的金額，部分稅每年繳納一次請以 12 個月帄均】",question_options_99.csv,91 無可直接對照之分項。 103基準題號：J6。,mapping_relation=exact_range; total_rule=source_question
build_income_expenditure_crosswalk.py,EXP_TAX_INS_GIFT,家庭支出,EXP_TAX_INS_GIFT,稅保險紅白包捐款等支出,range_overlap,2010,99,J6,J6,1,4,"4,000-4,999 元",7.0,"4,000-4,999 元",exact_range,"請問您全家每個月用在支付「繳各種稅、勞健保、農漁保險、紅白包禮金、捐款」的費用是多少？【過去ㄧ年帄均每個月的金額，部分稅每年繳納一次請以 12 個月帄均】, | 請問您全家每個月用在支付「繳各種稅、勞健保、農漁保險、紅白包禮金、捐款」的費用是多少？【過去ㄧ年帄均每個月的金額，部分稅每年繳納一次請以 12 個月帄均】",question_options_99.csv,91 無可直接對照之分項。 103基準題號：J6。,mapping_relation=exact_range; total_rule=source_question
build_income_expenditure_crosswalk.py,EXP_TAX_INS_GIFT,家庭支出,EXP_TAX_INS_GIFT,稅保險紅白包捐款等支出,range_overlap,2010,99,J6,J6,1,5,"5,000-6,999 元",8.0,"5,000-6,999 元",exact_range,"請問您全家每個月用在支付「繳各種稅、勞健保、農漁保險、紅白包禮金、捐款」的費用是多少？【過去ㄧ年帄均每個月的金額，部分稅每年繳納一次請以 12 個月帄均】, | 請問您全家每個月用在支付「繳各種稅、勞健保、農漁保險、紅白包禮金、捐款」的費用是多少？【過去ㄧ年帄均每個月的金額，部分稅每年繳納一次請以 12 個月帄均】",question_options_99.csv,91 無可直接對照之分項。 103基準題號：J6。,mapping_relation=exact_range; total_rule=source_question
build_income_expenditure_crosswalk.py,EXP_TAX_INS_GIFT,家庭支出,EXP_TAX_INS_GIFT,稅保險紅白包捐款等支出,range_overlap,2010,99,J6,J6,1,7,"7,000-9,999 元",9.0,"7,000-9,999 元",exact_range,"請問您全家每個月用在支付「繳各種稅、勞健保、農漁保險、紅白包禮金、捐款」的費用是多少？【過去ㄧ年帄均每個月的金額，部分稅每年繳納一次請以 12 個月帄均】, | 請問您全家每個月用在支付「繳各種稅、勞健保、農漁保險、紅白包禮金、捐款」的費用是多少？【過去ㄧ年帄均每個月的金額，部分稅每年繳納一次請以 12 個月帄均】",question_options_99.csv,91 無可直接對照之分項。 103基準題號：J6。,mapping_relation=exact_range; total_rule=source_question
build_income_expenditure_crosswalk.py,EXP_TAX_INS_GIFT,家庭支出,EXP_TAX_INS_GIFT,稅保險紅白包捐款等支出,range_overlap,2010,99,J6,J6,1,10,"10,000-14,999 元",10.0,"10,000-14,999 元",exact_range,"請問您全家每個月用在支付「繳各種稅、勞健保、農漁保險、紅白包禮金、捐款」的費用是多少？【過去ㄧ年帄均每個月的金額，部分稅每年繳納一次請以 12 個月帄均】, | 請問您全家每個月用在支付「繳各種稅、勞健保、農漁保險、紅白包禮金、捐款」的費用是多少？【過去ㄧ年帄均每個月的金額，部分稅每年繳納一次請以 12 個月帄均】",question_options_99.csv,91 無可直接對照之分項。 103基準題號：J6。,mapping_relation=exact_range; total_rule=source_question
build_income_expenditure_crosswalk.py,EXP_TAX_INS_GIFT,家庭支出,EXP_TAX_INS_GIFT,稅保險紅白包捐款等支出,range_overlap,2010,99,J6,J6,1,15,"15,000-19,999 元",11.0,"15,000-19,999 元",exact_range,"請問您全家每個月用在支付「繳各種稅、勞健保、農漁保險、紅白包禮金、捐款」的費用是多少？【過去ㄧ年帄均每個月的金額，部分稅每年繳納一次請以 12 個月帄均】, | 請問您全家每個月用在支付「繳各種稅、勞健保、農漁保險、紅白包禮金、捐款」的費用是多少？【過去ㄧ年帄均每個月的金額，部分稅每年繳納一次請以 12 個月帄均】",question_options_99.csv,91 無可直接對照之分項。 103基準題號：J6。,mapping_relation=exact_range; total_rule=source_question
build_income_expenditure_crosswalk.py,EXP_TAX_INS_GIFT,家庭支出,EXP_TAX_INS_GIFT,稅保險紅白包捐款等支出,range_overlap,2010,99,J6,J6,1,20,"20,000-29,999 元",12.0,"20,000-29,999 元",exact_range,"請問您全家每個月用在支付「繳各種稅、勞健保、農漁保險、紅白包禮金、捐款」的費用是多少？【過去ㄧ年帄均每個月的金額，部分稅每年繳納一次請以 12 個月帄均】, | 請問您全家每個月用在支付「繳各種稅、勞健保、農漁保險、紅白包禮金、捐款」的費用是多少？【過去ㄧ年帄均每個月的金額，部分稅每年繳納一次請以 12 個月帄均】",question_options_99.csv,91 無可直接對照之分項。 103基準題號：J6。,mapping_relation=exact_range; total_rule=source_question
build_income_expenditure_crosswalk.py,EXP_TAX_INS_GIFT,家庭支出,EXP_TAX_INS_GIFT,稅保險紅白包捐款等支出,range_overlap,2010,99,J6,J6,1,30,"30,000 元及以上，請記錄 元",13.0,"30,000 元及以上，請記錄________元",exact_open_upper,"請問您全家每個月用在支付「繳各種稅、勞健保、農漁保險、紅白包禮金、捐款」的費用是多少？【過去ㄧ年帄均每個月的金額，部分稅每年繳納一次請以 12 個月帄均】, | 請問您全家每個月用在支付「繳各種稅、勞健保、農漁保險、紅白包禮金、捐款」的費用是多少？【過去ㄧ年帄均每個月的金額，部分稅每年繳納一次請以 12 個月帄均】",question_options_99.csv,91 無可直接對照之分項。 103基準題號：J6。,mapping_relation=exact_open_upper; total_rule=source_question
build_income_expenditure_crosswalk.py,EXP_TAX_INS_GIFT,家庭支出,EXP_TAX_INS_GIFT,稅保險紅白包捐款等支出,range_overlap,2010,99,J6,J6,1,,999 元及以下,1.0,999 元及以下,exact_range,"請問您全家每個月用在支付「繳各種稅、勞健保、農漁保險、紅白包禮金、捐款」的費用是多少？【過去ㄧ年帄均每個月的金額，部分稅每年繳納一次請以 12 個月帄均】, | 請問您全家每個月用在支付「繳各種稅、勞健保、農漁保險、紅白包禮金、捐款」的費用是多少？【過去ㄧ年帄均每個月的金額，部分稅每年繳納一次請以 12 個月帄均】",question_options_99.csv,91 無可直接對照之分項。 103基準題號：J6。,mapping_relation=exact_range; total_rule=source_question
build_income_expenditure_crosswalk.py,EXP_TAX_INS_GIFT,家庭支出,EXP_TAX_INS_GIFT,稅保險紅白包捐款等支出,range_overlap,2010,99,J6,J6,2,,沒有這項支出,14.0,沒有這項支出,exact_none,"請問您全家每個月用在支付「繳各種稅、勞健保、農漁保險、紅白包禮金、捐款」的費用是多少？【過去ㄧ年帄均每個月的金額，部分稅每年繳納一次請以 12 個月帄均】, | 請問您全家每個月用在支付「繳各種稅、勞健保、農漁保險、紅白包禮金、捐款」的費用是多少？【過去ㄧ年帄均每個月的金額，部分稅每年繳納一次請以 12 個月帄均】",question_options_99.csv,91 無可直接對照之分項。 103基準題號：J6。,mapping_relation=exact_none; total_rule=source_question
build_income_expenditure_crosswalk.py,EXP_TAX_INS_GIFT,家庭支出,EXP_TAX_INS_GIFT,稅保險紅白包捐款等支出,range_overlap,2014,103,J6,J6,1,1.0,999 元及以下,1.0,999 元及以下,exact_range,請問您全家每個月用在支付「繳各種稅、勞健保、農漁保險、買彩券、紅白包禮金、捐款」的費,question_options_103.csv,91 無可直接對照之分項。 103基準題號：J6。,mapping_relation=exact_range; total_rule=source_question
build_income_expenditure_crosswalk.py,EXP_TAX_INS_GIFT,家庭支出,EXP_TAX_INS_GIFT,稅保險紅白包捐款等支出,range_overlap,2014,103,J6,J6,1,2.0,"1,000-1,499 元",2.0,"1,000-1,499 元",exact_range,請問您全家每個月用在支付「繳各種稅、勞健保、農漁保險、買彩券、紅白包禮金、捐款」的費,question_options_103.csv,91 無可直接對照之分項。 103基準題號：J6。,mapping_relation=exact_range; total_rule=source_question
build_income_expenditure_crosswalk.py,EXP_TAX_INS_GIFT,家庭支出,EXP_TAX_INS_GIFT,稅保險紅白包捐款等支出,range_overlap,2014,103,J6,J6,1,3.0,"1,500-1,999 元",3.0,"1,500-1,999 元",exact_range,請問您全家每個月用在支付「繳各種稅、勞健保、農漁保險、買彩券、紅白包禮金、捐款」的費,question_options_103.csv,91 無可直接對照之分項。 103基準題號：J6。,mapping_relation=exact_range; total_rule=source_question
build_income_expenditure_crosswalk.py,EXP_TAX_INS_GIFT,家庭支出,EXP_TAX_INS_GIFT,稅保險紅白包捐款等支出,range_overlap,2014,103,J6,J6,1,4.0,"2,000-2,499 元",4.0,"2,000-2,499 元",exact_range,請問您全家每個月用在支付「繳各種稅、勞健保、農漁保險、買彩券、紅白包禮金、捐款」的費,question_options_103.csv,91 無可直接對照之分項。 103基準題號：J6。,mapping_relation=exact_range; total_rule=source_question
build_income_expenditure_crosswalk.py,EXP_TAX_INS_GIFT,家庭支出,EXP_TAX_INS_GIFT,稅保險紅白包捐款等支出,range_overlap,2014,103,J6,J6,1,5.0,"2,500-2,999 元",5.0,"2,500-2,999 元",exact_range,請問您全家每個月用在支付「繳各種稅、勞健保、農漁保險、買彩券、紅白包禮金、捐款」的費,question_options_103.csv,91 無可直接對照之分項。 103基準題號：J6。,mapping_relation=exact_range; total_rule=source_question
build_income_expenditure_crosswalk.py,EXP_TAX_INS_GIFT,家庭支出,EXP_TAX_INS_GIFT,稅保險紅白包捐款等支出,range_overlap,2014,103,J6,J6,1,6.0,"3,000-3,999 元",6.0,"3,000-3,999 元",exact_range,請問您全家每個月用在支付「繳各種稅、勞健保、農漁保險、買彩券、紅白包禮金、捐款」的費,question_options_103.csv,91 無可直接對照之分項。 103基準題號：J6。,mapping_relation=exact_range; total_rule=source_question
build_income_expenditure_crosswalk.py,EXP_TAX_INS_GIFT,家庭支出,EXP_TAX_INS_GIFT,稅保險紅白包捐款等支出,range_overlap,2014,103,J6,J6,1,7.0,"4,000-4,999 元",7.0,"4,000-4,999 元",exact_range,請問您全家每個月用在支付「繳各種稅、勞健保、農漁保險、買彩券、紅白包禮金、捐款」的費,question_options_103.csv,91 無可直接對照之分項。 103基準題號：J6。,mapping_relation=exact_range; total_rule=source_question
build_income_expenditure_crosswalk.py,EXP_TAX_INS_GIFT,家庭支出,EXP_TAX_INS_GIFT,稅保險紅白包捐款等支出,range_overlap,2014,103,J6,J6,1,8.0,"5,000-6,999 元",8.0,"5,000-6,999 元",exact_range,請問您全家每個月用在支付「繳各種稅、勞健保、農漁保險、買彩券、紅白包禮金、捐款」的費,question_options_103.csv,91 無可直接對照之分項。 103基準題號：J6。,mapping_relation=exact_range; total_rule=source_question
build_income_expenditure_crosswalk.py,EXP_TAX_INS_GIFT,家庭支出,EXP_TAX_INS_GIFT,稅保險紅白包捐款等支出,range_overlap,2014,103,J6,J6,1,9.0,"7,000-9,999 元",9.0,"7,000-9,999 元",exact_range,請問您全家每個月用在支付「繳各種稅、勞健保、農漁保險、買彩券、紅白包禮金、捐款」的費,question_options_103.csv,91 無可直接對照之分項。 103基準題號：J6。,mapping_relation=exact_range; total_rule=source_question
build_income_expenditure_crosswalk.py,EXP_TAX_INS_GIFT,家庭支出,EXP_TAX_INS_GIFT,稅保險紅白包捐款等支出,range_overlap,2014,103,J6,J6,1,10.0,"10,000-14,999 元",10.0,"10,000-14,999 元",exact_range,請問您全家每個月用在支付「繳各種稅、勞健保、農漁保險、買彩券、紅白包禮金、捐款」的費,question_options_103.csv,91 無可直接對照之分項。 103基準題號：J6。,mapping_relation=exact_range; total_rule=source_question
build_income_expenditure_crosswalk.py,EXP_TAX_INS_GIFT,家庭支出,EXP_TAX_INS_GIFT,稅保險紅白包捐款等支出,range_overlap,2014,103,J6,J6,1,11.0,"15,000-19,999 元",11.0,"15,000-19,999 元",exact_range,請問您全家每個月用在支付「繳各種稅、勞健保、農漁保險、買彩券、紅白包禮金、捐款」的費,question_options_103.csv,91 無可直接對照之分項。 103基準題號：J6。,mapping_relation=exact_range; total_rule=source_question
build_income_expenditure_crosswalk.py,EXP_TAX_INS_GIFT,家庭支出,EXP_TAX_INS_GIFT,稅保險紅白包捐款等支出,range_overlap,2014,103,J6,J6,1,12.0,"20,000-29,999 元",12.0,"20,000-29,999 元",exact_range,請問您全家每個月用在支付「繳各種稅、勞健保、農漁保險、買彩券、紅白包禮金、捐款」的費,question_options_103.csv,91 無可直接對照之分項。 103基準題號：J6。,mapping_relation=exact_range; total_rule=source_question
build_income_expenditure_crosswalk.py,EXP_TAX_INS_GIFT,家庭支出,EXP_TAX_INS_GIFT,稅保險紅白包捐款等支出,range_overlap,2014,103,J6,J6,1,13.0,"30,000 元及以上，請記錄________元",13.0,"30,000 元及以上，請記錄________元",exact_open_upper,請問您全家每個月用在支付「繳各種稅、勞健保、農漁保險、買彩券、紅白包禮金、捐款」的費,question_options_103.csv,91 無可直接對照之分項。 103基準題號：J6。,mapping_relation=exact_open_upper; total_rule=source_question
build_income_expenditure_crosswalk.py,EXP_TAX_INS_GIFT,家庭支出,EXP_TAX_INS_GIFT,稅保險紅白包捐款等支出,range_overlap,2014,103,J6,J6,1,14.0,沒有這項支出,14.0,沒有這項支出,exact_none,請問您全家每個月用在支付「繳各種稅、勞健保、農漁保險、買彩券、紅白包禮金、捐款」的費,question_options_103.csv,91 無可直接對照之分項。 103基準題號：J6。,mapping_relation=exact_none; total_rule=source_question
build_income_expenditure_crosswalk.py,EXP_TAX_INS_GIFT,家庭支出,EXP_TAX_INS_GIFT,稅保險紅白包捐款等支出,range_overlap,2017,106,M6,J6,1,1.0,"未滿1,000元",1.0,999 元及以下,exact_range,請問您全家每個月用在支付「繳各種稅、勞健保、農漁保險、買彩券、紅白包禮金、捐款」的,question_options_106.csv,91 無可直接對照之分項。 103基準題號：J6。,mapping_relation=exact_range; total_rule=source_question
build_income_expenditure_crosswalk.py,EXP_TAX_INS_GIFT,家庭支出,EXP_TAX_INS_GIFT,稅保險紅白包捐款等支出,range_overlap,2017,106,M6,J6,1,2.0,"1,000 元-未滿1,500元",2.0,"1,000-1,499 元",exact_range,請問您全家每個月用在支付「繳各種稅、勞健保、農漁保險、買彩券、紅白包禮金、捐款」的,question_options_106.csv,91 無可直接對照之分項。 103基準題號：J6。,mapping_relation=exact_range; total_rule=source_question
build_income_expenditure_crosswalk.py,EXP_TAX_INS_GIFT,家庭支出,EXP_TAX_INS_GIFT,稅保險紅白包捐款等支出,range_overlap,2017,106,M6,J6,1,3.0,"1,500 元-未滿2,000元",3.0,"1,500-1,999 元",exact_range,請問您全家每個月用在支付「繳各種稅、勞健保、農漁保險、買彩券、紅白包禮金、捐款」的,question_options_106.csv,91 無可直接對照之分項。 103基準題號：J6。,mapping_relation=exact_range; total_rule=source_question
build_income_expenditure_crosswalk.py,EXP_TAX_INS_GIFT,家庭支出,EXP_TAX_INS_GIFT,稅保險紅白包捐款等支出,range_overlap,2017,106,M6,J6,1,4.0,"2,000 元-未滿2,500元",4.0,"2,000-2,499 元",exact_range,請問您全家每個月用在支付「繳各種稅、勞健保、農漁保險、買彩券、紅白包禮金、捐款」的,question_options_106.csv,91 無可直接對照之分項。 103基準題號：J6。,mapping_relation=exact_range; total_rule=source_question
build_income_expenditure_crosswalk.py,EXP_TAX_INS_GIFT,家庭支出,EXP_TAX_INS_GIFT,稅保險紅白包捐款等支出,range_overlap,2017,106,M6,J6,1,5.0,"2,500 元-未滿3,000元",5.0,"2,500-2,999 元",exact_range,請問您全家每個月用在支付「繳各種稅、勞健保、農漁保險、買彩券、紅白包禮金、捐款」的,question_options_106.csv,91 無可直接對照之分項。 103基準題號：J6。,mapping_relation=exact_range; total_rule=source_question
build_income_expenditure_crosswalk.py,EXP_TAX_INS_GIFT,家庭支出,EXP_TAX_INS_GIFT,稅保險紅白包捐款等支出,range_overlap,2017,106,M6,J6,1,6.0,"3,000 元-未滿4,000元",6.0,"3,000-3,999 元",exact_range,請問您全家每個月用在支付「繳各種稅、勞健保、農漁保險、買彩券、紅白包禮金、捐款」的,question_options_106.csv,91 無可直接對照之分項。 103基準題號：J6。,mapping_relation=exact_range; total_rule=source_question
build_income_expenditure_crosswalk.py,EXP_TAX_INS_GIFT,家庭支出,EXP_TAX_INS_GIFT,稅保險紅白包捐款等支出,range_overlap,2017,106,M6,J6,1,7.0,"4,000 元-未滿5,000元",7.0,"4,000-4,999 元",exact_range,請問您全家每個月用在支付「繳各種稅、勞健保、農漁保險、買彩券、紅白包禮金、捐款」的,question_options_106.csv,91 無可直接對照之分項。 103基準題號：J6。,mapping_relation=exact_range; total_rule=source_question
build_income_expenditure_crosswalk.py,EXP_TAX_INS_GIFT,家庭支出,EXP_TAX_INS_GIFT,稅保險紅白包捐款等支出,range_overlap,2017,106,M6,J6,1,8.0,"5,000 元-未滿7,000元",8.0,"5,000-6,999 元",exact_range,請問您全家每個月用在支付「繳各種稅、勞健保、農漁保險、買彩券、紅白包禮金、捐款」的,question_options_106.csv,91 無可直接對照之分項。 103基準題號：J6。,mapping_relation=exact_range; total_rule=source_question
build_income_expenditure_crosswalk.py,EXP_TAX_INS_GIFT,家庭支出,EXP_TAX_INS_GIFT,稅保險紅白包捐款等支出,range_overlap,2017,106,M6,J6,1,9.0,"7,000 元-未滿10,000元",9.0,"7,000-9,999 元",exact_range,請問您全家每個月用在支付「繳各種稅、勞健保、農漁保險、買彩券、紅白包禮金、捐款」的,question_options_106.csv,91 無可直接對照之分項。 103基準題號：J6。,mapping_relation=exact_range; total_rule=source_question
build_income_expenditure_crosswalk.py,EXP_TAX_INS_GIFT,家庭支出,EXP_TAX_INS_GIFT,稅保險紅白包捐款等支出,range_overlap,2017,106,M6,J6,1,10.0,"10,000元-未滿15,000元",10.0,"10,000-14,999 元",exact_range,請問您全家每個月用在支付「繳各種稅、勞健保、農漁保險、買彩券、紅白包禮金、捐款」的,question_options_106.csv,91 無可直接對照之分項。 103基準題號：J6。,mapping_relation=exact_range; total_rule=source_question
build_income_expenditure_crosswalk.py,EXP_TAX_INS_GIFT,家庭支出,EXP_TAX_INS_GIFT,稅保險紅白包捐款等支出,range_overlap,2017,106,M6,J6,1,11.0,"15,000元-未滿20,000元",11.0,"15,000-19,999 元",exact_range,請問您全家每個月用在支付「繳各種稅、勞健保、農漁保險、買彩券、紅白包禮金、捐款」的,question_options_106.csv,91 無可直接對照之分項。 103基準題號：J6。,mapping_relation=exact_range; total_rule=source_question
build_income_expenditure_crosswalk.py,EXP_TAX_INS_GIFT,家庭支出,EXP_TAX_INS_GIFT,稅保險紅白包捐款等支出,range_overlap,2017,106,M6,J6,1,12.0,"20,000元-未滿30,000元",12.0,"20,000-29,999 元",exact_range,請問您全家每個月用在支付「繳各種稅、勞健保、農漁保險、買彩券、紅白包禮金、捐款」的,question_options_106.csv,91 無可直接對照之分項。 103基準題號：J6。,mapping_relation=exact_range; total_rule=source_question
build_income_expenditure_crosswalk.py,EXP_TAX_INS_GIFT,家庭支出,EXP_TAX_INS_GIFT,稅保險紅白包捐款等支出,range_overlap,2017,106,M6,J6,1,13.0,"30,000 元以上，請記錄________元",13.0,"30,000 元及以上，請記錄________元",exact_open_upper,請問您全家每個月用在支付「繳各種稅、勞健保、農漁保險、買彩券、紅白包禮金、捐款」的,question_options_106.csv,91 無可直接對照之分項。 103基準題號：J6。,mapping_relation=exact_open_upper; total_rule=source_question
build_income_expenditure_crosswalk.py,EXP_TAX_INS_GIFT,家庭支出,EXP_TAX_INS_GIFT,稅保險紅白包捐款等支出,range_overlap,2017,106,M6,J6,1,14.0,沒有這項支出,14.0,沒有這項支出,exact_none,請問您全家每個月用在支付「繳各種稅、勞健保、農漁保險、買彩券、紅白包禮金、捐款」的,question_options_106.csv,91 無可直接對照之分項。 103基準題號：J6。,mapping_relation=exact_none; total_rule=source_question
build_income_expenditure_crosswalk.py,EXP_TAX_INS_GIFT,家庭支出,EXP_TAX_INS_GIFT,稅保險紅白包捐款等支出,range_overlap,2021,110,H6,J6,1,1.0,"未滿1,000元",1.0,999 元及以下,exact_range,請問您全家每個月用在支付「繳各種稅、勞健保、農漁保險、買彩券、紅白包禮金、捐款」的費,question_options_110.csv,91 無可直接對照之分項。 103基準題號：J6。,mapping_relation=exact_range; total_rule=source_question
build_income_expenditure_crosswalk.py,EXP_TAX_INS_GIFT,家庭支出,EXP_TAX_INS_GIFT,稅保險紅白包捐款等支出,range_overlap,2021,110,H6,J6,1,2.0,"1,000 元-未滿1,500元",2.0,"1,000-1,499 元",exact_range,請問您全家每個月用在支付「繳各種稅、勞健保、農漁保險、買彩券、紅白包禮金、捐款」的費,question_options_110.csv,91 無可直接對照之分項。 103基準題號：J6。,mapping_relation=exact_range; total_rule=source_question
build_income_expenditure_crosswalk.py,EXP_TAX_INS_GIFT,家庭支出,EXP_TAX_INS_GIFT,稅保險紅白包捐款等支出,range_overlap,2021,110,H6,J6,1,3.0,"1,500 元-未滿2,000元",3.0,"1,500-1,999 元",exact_range,請問您全家每個月用在支付「繳各種稅、勞健保、農漁保險、買彩券、紅白包禮金、捐款」的費,question_options_110.csv,91 無可直接對照之分項。 103基準題號：J6。,mapping_relation=exact_range; total_rule=source_question
build_income_expenditure_crosswalk.py,EXP_TAX_INS_GIFT,家庭支出,EXP_TAX_INS_GIFT,稅保險紅白包捐款等支出,range_overlap,2021,110,H6,J6,1,4.0,"2,000 元-未滿2,500元",4.0,"2,000-2,499 元",exact_range,請問您全家每個月用在支付「繳各種稅、勞健保、農漁保險、買彩券、紅白包禮金、捐款」的費,question_options_110.csv,91 無可直接對照之分項。 103基準題號：J6。,mapping_relation=exact_range; total_rule=source_question
build_income_expenditure_crosswalk.py,EXP_TAX_INS_GIFT,家庭支出,EXP_TAX_INS_GIFT,稅保險紅白包捐款等支出,range_overlap,2021,110,H6,J6,1,5.0,"2,500 元-未滿3,000元",5.0,"2,500-2,999 元",exact_range,請問您全家每個月用在支付「繳各種稅、勞健保、農漁保險、買彩券、紅白包禮金、捐款」的費,question_options_110.csv,91 無可直接對照之分項。 103基準題號：J6。,mapping_relation=exact_range; total_rule=source_question
build_income_expenditure_crosswalk.py,EXP_TAX_INS_GIFT,家庭支出,EXP_TAX_INS_GIFT,稅保險紅白包捐款等支出,range_overlap,2021,110,H6,J6,1,6.0,"3,000 元-未滿4,000元",6.0,"3,000-3,999 元",exact_range,請問您全家每個月用在支付「繳各種稅、勞健保、農漁保險、買彩券、紅白包禮金、捐款」的費,question_options_110.csv,91 無可直接對照之分項。 103基準題號：J6。,mapping_relation=exact_range; total_rule=source_question
build_income_expenditure_crosswalk.py,EXP_TAX_INS_GIFT,家庭支出,EXP_TAX_INS_GIFT,稅保險紅白包捐款等支出,range_overlap,2021,110,H6,J6,1,7.0,"4,000 元-未滿5,000元",7.0,"4,000-4,999 元",exact_range,請問您全家每個月用在支付「繳各種稅、勞健保、農漁保險、買彩券、紅白包禮金、捐款」的費,question_options_110.csv,91 無可直接對照之分項。 103基準題號：J6。,mapping_relation=exact_range; total_rule=source_question
build_income_expenditure_crosswalk.py,EXP_TAX_INS_GIFT,家庭支出,EXP_TAX_INS_GIFT,稅保險紅白包捐款等支出,range_overlap,2021,110,H6,J6,1,8.0,"5,000 元-未滿7,000元",8.0,"5,000-6,999 元",exact_range,請問您全家每個月用在支付「繳各種稅、勞健保、農漁保險、買彩券、紅白包禮金、捐款」的費,question_options_110.csv,91 無可直接對照之分項。 103基準題號：J6。,mapping_relation=exact_range; total_rule=source_question
build_income_expenditure_crosswalk.py,EXP_TAX_INS_GIFT,家庭支出,EXP_TAX_INS_GIFT,稅保險紅白包捐款等支出,range_overlap,2021,110,H6,J6,1,9.0,"7,000 元-未滿10,000元",9.0,"7,000-9,999 元",exact_range,請問您全家每個月用在支付「繳各種稅、勞健保、農漁保險、買彩券、紅白包禮金、捐款」的費,question_options_110.csv,91 無可直接對照之分項。 103基準題號：J6。,mapping_relation=exact_range; total_rule=source_question
build_income_expenditure_crosswalk.py,EXP_TAX_INS_GIFT,家庭支出,EXP_TAX_INS_GIFT,稅保險紅白包捐款等支出,range_overlap,2021,110,H6,J6,1,10.0,"10,000元-未滿15,000元",10.0,"10,000-14,999 元",exact_range,請問您全家每個月用在支付「繳各種稅、勞健保、農漁保險、買彩券、紅白包禮金、捐款」的費,question_options_110.csv,91 無可直接對照之分項。 103基準題號：J6。,mapping_relation=exact_range; total_rule=source_question
build_income_expenditure_crosswalk.py,EXP_TAX_INS_GIFT,家庭支出,EXP_TAX_INS_GIFT,稅保險紅白包捐款等支出,range_overlap,2021,110,H6,J6,1,11.0,"15,000元-未滿20,000元",11.0,"15,000-19,999 元",exact_range,請問您全家每個月用在支付「繳各種稅、勞健保、農漁保險、買彩券、紅白包禮金、捐款」的費,question_options_110.csv,91 無可直接對照之分項。 103基準題號：J6。,mapping_relation=exact_range; total_rule=source_question
build_income_expenditure_crosswalk.py,EXP_TAX_INS_GIFT,家庭支出,EXP_TAX_INS_GIFT,稅保險紅白包捐款等支出,range_overlap,2021,110,H6,J6,1,12.0,"20,000元-未滿30,000元",12.0,"20,000-29,999 元",exact_range,請問您全家每個月用在支付「繳各種稅、勞健保、農漁保險、買彩券、紅白包禮金、捐款」的費,question_options_110.csv,91 無可直接對照之分項。 103基準題號：J6。,mapping_relation=exact_range; total_rule=source_question
build_income_expenditure_crosswalk.py,EXP_TAX_INS_GIFT,家庭支出,EXP_TAX_INS_GIFT,稅保險紅白包捐款等支出,range_overlap,2021,110,H6,J6,1,13.0,"30,000 元以上，請記錄________元",13.0,"30,000 元及以上，請記錄________元",exact_open_upper,請問您全家每個月用在支付「繳各種稅、勞健保、農漁保險、買彩券、紅白包禮金、捐款」的費,question_options_110.csv,91 無可直接對照之分項。 103基準題號：J6。,mapping_relation=exact_open_upper; total_rule=source_question
build_income_expenditure_crosswalk.py,EXP_TAX_INS_GIFT,家庭支出,EXP_TAX_INS_GIFT,稅保險紅白包捐款等支出,range_overlap,2021,110,H6,J6,1,14.0,沒有這項支出,14.0,沒有這項支出,exact_none,請問您全家每個月用在支付「繳各種稅、勞健保、農漁保險、買彩券、紅白包禮金、捐款」的費,question_options_110.csv,91 無可直接對照之分項。 103基準題號：J6。,mapping_relation=exact_none; total_rule=source_question
build_income_expenditure_crosswalk.py,EXP_CLEANING,家庭支出,EXP_CLEANING,家務清潔/請傭人支出,question_not_available,2002,91_1,,J7-1,,,,,,not_available_in_source_dataset,,question_options_91_1.csv,95 起穩定出現。 103基準題號：J7-1。,mapping_relation=not_available_in_source_dataset; total_rule=source_question
build_income_expenditure_crosswalk.py,EXP_CLEANING,家庭支出,EXP_CLEANING,家務清潔/請傭人支出,question_not_available,2002,91_2,,J7-1,,,,,,not_available_in_source_dataset,,question_options_91_2.csv,95 起穩定出現。 103基準題號：J7-1。,mapping_relation=not_available_in_source_dataset; total_rule=source_question
build_income_expenditure_crosswalk.py,EXP_CLEANING,家庭支出,EXP_CLEANING,家務清潔/請傭人支出,range_overlap,2006,95,Q12-7,J7-1,1,1.0,999元及以下,1.0,有,text_only_review,請問您全家每個月用在支付「打掃家庭、洗衣洗碗、請傭人等」的費用是,question_options_95.csv,95 起穩定出現。 103基準題號：J7-1。,mapping_relation=text_only_review; total_rule=source_question
build_income_expenditure_crosswalk.py,EXP_CLEANING,家庭支出,EXP_CLEANING,家務清潔/請傭人支出,range_overlap,2006,95,Q12-7,J7-1,2,1.0,999元及以下,2.0,沒有           ○11,text_only_review,請問您全家每個月用在支付「打掃家庭、洗衣洗碗、請傭人等」的費用是,question_options_95.csv,95 起穩定出現。 103基準題號：J7-1。,mapping_relation=text_only_review; total_rule=source_question
build_income_expenditure_crosswalk.py,EXP_CLEANING,家庭支出,EXP_CLEANING,家務清潔/請傭人支出,range_overlap,2006,95,Q12-7,J7-1,1,2.0,"1,000-1,999元",1.0,有,text_only_review,請問您全家每個月用在支付「打掃家庭、洗衣洗碗、請傭人等」的費用是,question_options_95.csv,95 起穩定出現。 103基準題號：J7-1。,mapping_relation=text_only_review; total_rule=source_question
build_income_expenditure_crosswalk.py,EXP_CLEANING,家庭支出,EXP_CLEANING,家務清潔/請傭人支出,range_overlap,2006,95,Q12-7,J7-1,2,2.0,"1,000-1,999元",2.0,沒有           ○11,text_only_review,請問您全家每個月用在支付「打掃家庭、洗衣洗碗、請傭人等」的費用是,question_options_95.csv,95 起穩定出現。 103基準題號：J7-1。,mapping_relation=text_only_review; total_rule=source_question
build_income_expenditure_crosswalk.py,EXP_CLEANING,家庭支出,EXP_CLEANING,家務清潔/請傭人支出,range_overlap,2006,95,Q12-7,J7-1,1,3.0,"2,000-2,999 元",1.0,有,text_only_review,請問您全家每個月用在支付「打掃家庭、洗衣洗碗、請傭人等」的費用是,question_options_95.csv,95 起穩定出現。 103基準題號：J7-1。,mapping_relation=text_only_review; total_rule=source_question
build_income_expenditure_crosswalk.py,EXP_CLEANING,家庭支出,EXP_CLEANING,家務清潔/請傭人支出,range_overlap,2006,95,Q12-7,J7-1,2,3.0,"2,000-2,999 元",2.0,沒有           ○11,text_only_review,請問您全家每個月用在支付「打掃家庭、洗衣洗碗、請傭人等」的費用是,question_options_95.csv,95 起穩定出現。 103基準題號：J7-1。,mapping_relation=text_only_review; total_rule=source_question
build_income_expenditure_crosswalk.py,EXP_CLEANING,家庭支出,EXP_CLEANING,家務清潔/請傭人支出,range_overlap,2006,95,Q12-7,J7-1,1,4.0,"3,000-3,999元",1.0,有,text_only_review,請問您全家每個月用在支付「打掃家庭、洗衣洗碗、請傭人等」的費用是,question_options_95.csv,95 起穩定出現。 103基準題號：J7-1。,mapping_relation=text_only_review; total_rule=source_question
build_income_expenditure_crosswalk.py,EXP_CLEANING,家庭支出,EXP_CLEANING,家務清潔/請傭人支出,range_overlap,2006,95,Q12-7,J7-1,2,4.0,"3,000-3,999元",2.0,沒有           ○11,text_only_review,請問您全家每個月用在支付「打掃家庭、洗衣洗碗、請傭人等」的費用是,question_options_95.csv,95 起穩定出現。 103基準題號：J7-1。,mapping_relation=text_only_review; total_rule=source_question
build_income_expenditure_crosswalk.py,EXP_CLEANING,家庭支出,EXP_CLEANING,家務清潔/請傭人支出,range_overlap,2006,95,Q12-7,J7-1,1,5.0,"4,000-4,999 元",1.0,有,text_only_review,請問您全家每個月用在支付「打掃家庭、洗衣洗碗、請傭人等」的費用是,question_options_95.csv,95 起穩定出現。 103基準題號：J7-1。,mapping_relation=text_only_review; total_rule=source_question
build_income_expenditure_crosswalk.py,EXP_CLEANING,家庭支出,EXP_CLEANING,家務清潔/請傭人支出,range_overlap,2006,95,Q12-7,J7-1,2,5.0,"4,000-4,999 元",2.0,沒有           ○11,text_only_review,請問您全家每個月用在支付「打掃家庭、洗衣洗碗、請傭人等」的費用是,question_options_95.csv,95 起穩定出現。 103基準題號：J7-1。,mapping_relation=text_only_review; total_rule=source_question
build_income_expenditure_crosswalk.py,EXP_CLEANING,家庭支出,EXP_CLEANING,家務清潔/請傭人支出,range_overlap,2006,95,Q12-7,J7-1,1,6.0,"5,000-6,999元",1.0,有,text_only_review,請問您全家每個月用在支付「打掃家庭、洗衣洗碗、請傭人等」的費用是,question_options_95.csv,95 起穩定出現。 103基準題號：J7-1。,mapping_relation=text_only_review; total_rule=source_question
build_income_expenditure_crosswalk.py,EXP_CLEANING,家庭支出,EXP_CLEANING,家務清潔/請傭人支出,range_overlap,2006,95,Q12-7,J7-1,2,6.0,"5,000-6,999元",2.0,沒有           ○11,text_only_review,請問您全家每個月用在支付「打掃家庭、洗衣洗碗、請傭人等」的費用是,question_options_95.csv,95 起穩定出現。 103基準題號：J7-1。,mapping_relation=text_only_review; total_rule=source_question
build_income_expenditure_crosswalk.py,EXP_CLEANING,家庭支出,EXP_CLEANING,家務清潔/請傭人支出,range_overlap,2006,95,Q12-7,J7-1,1,7.0,"7,000-9,999 元",1.0,有,text_only_review,請問您全家每個月用在支付「打掃家庭、洗衣洗碗、請傭人等」的費用是,question_options_95.csv,95 起穩定出現。 103基準題號：J7-1。,mapping_relation=text_only_review; total_rule=source_question
build_income_expenditure_crosswalk.py,EXP_CLEANING,家庭支出,EXP_CLEANING,家務清潔/請傭人支出,range_overlap,2006,95,Q12-7,J7-1,2,7.0,"7,000-9,999 元",2.0,沒有           ○11,text_only_review,請問您全家每個月用在支付「打掃家庭、洗衣洗碗、請傭人等」的費用是,question_options_95.csv,95 起穩定出現。 103基準題號：J7-1。,mapping_relation=text_only_review; total_rule=source_question
build_income_expenditure_crosswalk.py,EXP_CLEANING,家庭支出,EXP_CLEANING,家務清潔/請傭人支出,range_overlap,2006,95,Q12-7,J7-1,1,8.0,"10,000-14,999元",1.0,有,text_only_review,請問您全家每個月用在支付「打掃家庭、洗衣洗碗、請傭人等」的費用是,question_options_95.csv,95 起穩定出現。 103基準題號：J7-1。,mapping_relation=text_only_review; total_rule=source_question
build_income_expenditure_crosswalk.py,EXP_CLEANING,家庭支出,EXP_CLEANING,家務清潔/請傭人支出,range_overlap,2006,95,Q12-7,J7-1,2,8.0,"10,000-14,999元",2.0,沒有           ○11,text_only_review,請問您全家每個月用在支付「打掃家庭、洗衣洗碗、請傭人等」的費用是,question_options_95.csv,95 起穩定出現。 103基準題號：J7-1。,mapping_relation=text_only_review; total_rule=source_question
build_income_expenditure_crosswalk.py,EXP_CLEANING,家庭支出,EXP_CLEANING,家務清潔/請傭人支出,range_overlap,2006,95,Q12-7,J7-1,1,9.0,"15,000-19,999 元",1.0,有,text_only_review,請問您全家每個月用在支付「打掃家庭、洗衣洗碗、請傭人等」的費用是,question_options_95.csv,95 起穩定出現。 103基準題號：J7-1。,mapping_relation=text_only_review; total_rule=source_question
build_income_expenditure_crosswalk.py,EXP_CLEANING,家庭支出,EXP_CLEANING,家務清潔/請傭人支出,range_overlap,2006,95,Q12-7,J7-1,2,9.0,"15,000-19,999 元",2.0,沒有           ○11,text_only_review,請問您全家每個月用在支付「打掃家庭、洗衣洗碗、請傭人等」的費用是,question_options_95.csv,95 起穩定出現。 103基準題號：J7-1。,mapping_relation=text_only_review; total_rule=source_question
build_income_expenditure_crosswalk.py,EXP_CLEANING,家庭支出,EXP_CLEANING,家務清潔/請傭人支出,range_overlap,2006,95,Q12-7,J7-1,1,10.0,"20,000-29,999元",1.0,有,text_only_review,請問您全家每個月用在支付「打掃家庭、洗衣洗碗、請傭人等」的費用是,question_options_95.csv,95 起穩定出現。 103基準題號：J7-1。,mapping_relation=text_only_review; total_rule=source_question
build_income_expenditure_crosswalk.py,EXP_CLEANING,家庭支出,EXP_CLEANING,家務清潔/請傭人支出,range_overlap,2006,95,Q12-7,J7-1,2,10.0,"20,000-29,999元",2.0,沒有           ○11,text_only_review,請問您全家每個月用在支付「打掃家庭、洗衣洗碗、請傭人等」的費用是,question_options_95.csv,95 起穩定出現。 103基準題號：J7-1。,mapping_relation=text_only_review; total_rule=source_question
build_income_expenditure_crosswalk.py,EXP_CLEANING,家庭支出,EXP_CLEANING,家務清潔/請傭人支出,range_overlap,2006,95,Q12-7,J7-1,1,90.0,"30,000元及以上，請記錄 元",1.0,有,text_only_review,請問您全家每個月用在支付「打掃家庭、洗衣洗碗、請傭人等」的費用是,question_options_95.csv,95 起穩定出現。 103基準題號：J7-1。,mapping_relation=text_only_review; total_rule=source_question
build_income_expenditure_crosswalk.py,EXP_CLEANING,家庭支出,EXP_CLEANING,家務清潔/請傭人支出,range_overlap,2006,95,Q12-7,J7-1,2,90.0,"30,000元及以上，請記錄 元",2.0,沒有           ○11,text_only_review,請問您全家每個月用在支付「打掃家庭、洗衣洗碗、請傭人等」的費用是,question_options_95.csv,95 起穩定出現。 103基準題號：J7-1。,mapping_relation=text_only_review; total_rule=source_question
build_income_expenditure_crosswalk.py,EXP_CLEANING,家庭支出,EXP_CLEANING,家務清潔/請傭人支出,range_overlap,2006,95,Q12-7,J7-1,1,95.0,沒有這項支出,,,no_matching_103_option_bin,請問您全家每個月用在支付「打掃家庭、洗衣洗碗、請傭人等」的費用是,question_options_95.csv,95 起穩定出現。 103基準題號：J7-1。,mapping_relation=no_matching_103_option_bin; total_rule=source_question
build_income_expenditure_crosswalk.py,EXP_CLEANING,家庭支出,EXP_CLEANING,家務清潔/請傭人支出,range_overlap,2010,99,J7-1,J7-1,1,1,沒有,1.0,有,text_only_review,打掃家庭/洗衣洗碗/請傭人,question_options_99.csv,95 起穩定出現。 103基準題號：J7-1。,mapping_relation=text_only_review; total_rule=source_question
build_income_expenditure_crosswalk.py,EXP_CLEANING,家庭支出,EXP_CLEANING,家務清潔/請傭人支出,range_overlap,2010,99,J7-1,J7-1,2,1,沒有,2.0,沒有           ○11,text_only_review,打掃家庭/洗衣洗碗/請傭人,question_options_99.csv,95 起穩定出現。 103基準題號：J7-1。,mapping_relation=text_only_review; total_rule=source_question
build_income_expenditure_crosswalk.py,EXP_CLEANING,家庭支出,EXP_CLEANING,家務清潔/請傭人支出,range_overlap,2010,99,J7-1,J7-1,1,2,有,1.0,有,text_only_review,打掃家庭/洗衣洗碗/請傭人,question_options_99.csv,95 起穩定出現。 103基準題號：J7-1。,mapping_relation=text_only_review; total_rule=source_question
build_income_expenditure_crosswalk.py,EXP_CLEANING,家庭支出,EXP_CLEANING,家務清潔/請傭人支出,range_overlap,2010,99,J7-1,J7-1,2,2,有,2.0,沒有           ○11,text_only_review,打掃家庭/洗衣洗碗/請傭人,question_options_99.csv,95 起穩定出現。 103基準題號：J7-1。,mapping_relation=text_only_review; total_rule=source_question
build_income_expenditure_crosswalk.py,EXP_CLEANING,家庭支出,EXP_CLEANING,家務清潔/請傭人支出,range_overlap,2014,103,J7-1,J7-1,1,1.0,有,1.0,有,text_only_review,打掃家庭/洗衣洗碗/請佣人 □(1)有 □(2)沒有           ○11,question_options_103.csv,95 起穩定出現。 103基準題號：J7-1。,mapping_relation=text_only_review; total_rule=source_question
build_income_expenditure_crosswalk.py,EXP_CLEANING,家庭支出,EXP_CLEANING,家務清潔/請傭人支出,range_overlap,2014,103,J7-1,J7-1,2,1.0,有,2.0,沒有           ○11,text_only_review,打掃家庭/洗衣洗碗/請佣人 □(1)有 □(2)沒有           ○11,question_options_103.csv,95 起穩定出現。 103基準題號：J7-1。,mapping_relation=text_only_review; total_rule=source_question
build_income_expenditure_crosswalk.py,EXP_CLEANING,家庭支出,EXP_CLEANING,家務清潔/請傭人支出,range_overlap,2014,103,J7-1,J7-1,1,2.0,沒有           ○11,1.0,有,text_only_review,打掃家庭/洗衣洗碗/請佣人 □(1)有 □(2)沒有           ○11,question_options_103.csv,95 起穩定出現。 103基準題號：J7-1。,mapping_relation=text_only_review; total_rule=source_question
build_income_expenditure_crosswalk.py,EXP_CLEANING,家庭支出,EXP_CLEANING,家務清潔/請傭人支出,range_overlap,2014,103,J7-1,J7-1,2,2.0,沒有           ○11,2.0,沒有           ○11,text_only_review,打掃家庭/洗衣洗碗/請佣人 □(1)有 □(2)沒有           ○11,question_options_103.csv,95 起穩定出現。 103基準題號：J7-1。,mapping_relation=text_only_review; total_rule=source_question
build_income_expenditure_crosswalk.py,EXP_CLEANING,家庭支出,EXP_CLEANING,家務清潔/請傭人支出,range_overlap,2017,106,M7-1,J7-1,1,1.0,有,1.0,有,text_only_review,請家庭佣人(打掃家庭/洗衣洗碗) □(1)有 □(2)沒有           ○11,question_options_106.csv,95 起穩定出現。 103基準題號：J7-1。,mapping_relation=text_only_review; total_rule=source_question
build_income_expenditure_crosswalk.py,EXP_CLEANING,家庭支出,EXP_CLEANING,家務清潔/請傭人支出,range_overlap,2017,106,M7-1,J7-1,2,1.0,有,2.0,沒有           ○11,text_only_review,請家庭佣人(打掃家庭/洗衣洗碗) □(1)有 □(2)沒有           ○11,question_options_106.csv,95 起穩定出現。 103基準題號：J7-1。,mapping_relation=text_only_review; total_rule=source_question
build_income_expenditure_crosswalk.py,EXP_CLEANING,家庭支出,EXP_CLEANING,家務清潔/請傭人支出,range_overlap,2017,106,M7-1,J7-1,1,2.0,沒有           ○11,1.0,有,text_only_review,請家庭佣人(打掃家庭/洗衣洗碗) □(1)有 □(2)沒有           ○11,question_options_106.csv,95 起穩定出現。 103基準題號：J7-1。,mapping_relation=text_only_review; total_rule=source_question
build_income_expenditure_crosswalk.py,EXP_CLEANING,家庭支出,EXP_CLEANING,家務清潔/請傭人支出,range_overlap,2017,106,M7-1,J7-1,2,2.0,沒有           ○11,2.0,沒有           ○11,text_only_review,請家庭佣人(打掃家庭/洗衣洗碗) □(1)有 □(2)沒有           ○11,question_options_106.csv,95 起穩定出現。 103基準題號：J7-1。,mapping_relation=text_only_review; total_rule=source_question
build_income_expenditure_crosswalk.py,EXP_CLEANING,家庭支出,EXP_CLEANING,家務清潔/請傭人支出,range_overlap,2021,110,H7-1,J7-1,1,1.0,有,1.0,有,text_only_review,請家庭佣人(打掃家庭/洗衣洗碗) □(1)有 □(2)沒有           ○11,question_options_110.csv,95 起穩定出現。 103基準題號：J7-1。,mapping_relation=text_only_review; total_rule=source_question
build_income_expenditure_crosswalk.py,EXP_CLEANING,家庭支出,EXP_CLEANING,家務清潔/請傭人支出,range_overlap,2021,110,H7-1,J7-1,2,1.0,有,2.0,沒有           ○11,text_only_review,請家庭佣人(打掃家庭/洗衣洗碗) □(1)有 □(2)沒有           ○11,question_options_110.csv,95 起穩定出現。 103基準題號：J7-1。,mapping_relation=text_only_review; total_rule=source_question
build_income_expenditure_crosswalk.py,EXP_CLEANING,家庭支出,EXP_CLEANING,家務清潔/請傭人支出,range_overlap,2021,110,H7-1,J7-1,1,2.0,沒有           ○11,1.0,有,text_only_review,請家庭佣人(打掃家庭/洗衣洗碗) □(1)有 □(2)沒有           ○11,question_options_110.csv,95 起穩定出現。 103基準題號：J7-1。,mapping_relation=text_only_review; total_rule=source_question
build_income_expenditure_crosswalk.py,EXP_CLEANING,家庭支出,EXP_CLEANING,家務清潔/請傭人支出,range_overlap,2021,110,H7-1,J7-1,2,2.0,沒有           ○11,2.0,沒有           ○11,text_only_review,請家庭佣人(打掃家庭/洗衣洗碗) □(1)有 □(2)沒有           ○11,question_options_110.csv,95 起穩定出現。 103基準題號：J7-1。,mapping_relation=text_only_review; total_rule=source_question
build_income_expenditure_crosswalk.py,EXP_EDU_TUITION,家庭支出,EXP_EDU_TUITION,學費補習家教支出,question_not_available,2002,91_1,,J7-2,,,,,,not_available_in_source_dataset,,question_options_91_1.csv,91_2 與 95/99 將學費與書報文具合併；103 起拆成學費補習家教。 103基準題號：J7-2。,mapping_relation=not_available_in_source_dataset; total_rule=source_question
build_income_expenditure_crosswalk.py,EXP_EDU_TUITION,家庭支出,EXP_EDU_TUITION,學費補習家教支出,conceptual_only,2002,91_2,23-5,J7-2,,,,,,conceptual_match_requires_manual_recode,教育書報雜誌文具花費多少？,question_options_91_2.csv,91_2 與 95/99 將學費與書報文具合併；103 起拆成學費補習家教。 103基準題號：J7-2。,mapping_relation=conceptual_match_requires_manual_recode; total_rule=source_question
build_income_expenditure_crosswalk.py,EXP_EDU_TUITION,家庭支出,EXP_EDU_TUITION,學費補習家教支出,conceptual_only,2006,95,Q12-8,J7-2,,,,,,conceptual_match_requires_manual_recode,請問您全家每個月用在支付「各項學費、補習費、報紙雜誌書籍文具等」,question_options_95.csv,91_2 與 95/99 將學費與書報文具合併；103 起拆成學費補習家教。 103基準題號：J7-2。,mapping_relation=conceptual_match_requires_manual_recode; total_rule=source_question
build_income_expenditure_crosswalk.py,EXP_EDU_TUITION,家庭支出,EXP_EDU_TUITION,學費補習家教支出,conceptual_only,2010,99,J7-2,J7-2,,,,,,conceptual_match_requires_manual_recode,各項學費/補習費/報紙雜誌書籍文具,question_options_99.csv,91_2 與 95/99 將學費與書報文具合併；103 起拆成學費補習家教。 103基準題號：J7-2。,mapping_relation=conceptual_match_requires_manual_recode; total_rule=source_question
build_income_expenditure_crosswalk.py,EXP_EDU_TUITION,家庭支出,EXP_EDU_TUITION,學費補習家教支出,conceptual_only,2014,103,J7-2,J7-2,,,,,,conceptual_match_requires_manual_recode,各項學費/補習費/家教費 □(1)有 □(2)沒有           ○11,question_options_103.csv,91_2 與 95/99 將學費與書報文具合併；103 起拆成學費補習家教。 103基準題號：J7-2。,mapping_relation=conceptual_match_requires_manual_recode; total_rule=source_question
build_income_expenditure_crosswalk.py,EXP_EDU_TUITION,家庭支出,EXP_EDU_TUITION,學費補習家教支出,conceptual_only,2017,106,M7-2,J7-2,,,,,,conceptual_match_requires_manual_recode,各項學費/補習費/家教費 □(1)有 □(2)沒有           ○11,question_options_106.csv,91_2 與 95/99 將學費與書報文具合併；103 起拆成學費補習家教。 103基準題號：J7-2。,mapping_relation=conceptual_match_requires_manual_recode; total_rule=source_question
build_income_expenditure_crosswalk.py,EXP_EDU_TUITION,家庭支出,EXP_EDU_TUITION,學費補習家教支出,conceptual_only,2021,110,H7-2,J7-2,,,,,,conceptual_match_requires_manual_recode,各項學費/補習費/家教費 □(1)有 □(2)沒有           ○11,question_options_110.csv,91_2 與 95/99 將學費與書報文具合併；103 起拆成學費補習家教。 103基準題號：J7-2。,mapping_relation=conceptual_match_requires_manual_recode; total_rule=source_question
build_income_expenditure_crosswalk.py,EXP_BOOKS,家庭支出,EXP_BOOKS,書報雜誌文具支出,question_not_available,2002,91_1,,J7-3,,,,,,not_available_in_source_dataset,,question_options_91_1.csv,91_2 與 95/99 合併於教育書報文具。 103基準題號：J7-3。,mapping_relation=not_available_in_source_dataset; total_rule=source_question
build_income_expenditure_crosswalk.py,EXP_BOOKS,家庭支出,EXP_BOOKS,書報雜誌文具支出,conceptual_only,2002,91_2,23-5,J7-3,,,,,,conceptual_match_requires_manual_recode,教育書報雜誌文具花費多少？,question_options_91_2.csv,91_2 與 95/99 合併於教育書報文具。 103基準題號：J7-3。,mapping_relation=conceptual_match_requires_manual_recode; total_rule=source_question
build_income_expenditure_crosswalk.py,EXP_BOOKS,家庭支出,EXP_BOOKS,書報雜誌文具支出,conceptual_only,2006,95,Q12-8,J7-3,,,,,,conceptual_match_requires_manual_recode,請問您全家每個月用在支付「各項學費、補習費、報紙雜誌書籍文具等」,question_options_95.csv,91_2 與 95/99 合併於教育書報文具。 103基準題號：J7-3。,mapping_relation=conceptual_match_requires_manual_recode; total_rule=source_question
build_income_expenditure_crosswalk.py,EXP_BOOKS,家庭支出,EXP_BOOKS,書報雜誌文具支出,conceptual_only,2010,99,J7-2,J7-3,,,,,,conceptual_match_requires_manual_recode,各項學費/補習費/報紙雜誌書籍文具,question_options_99.csv,91_2 與 95/99 合併於教育書報文具。 103基準題號：J7-3。,mapping_relation=conceptual_match_requires_manual_recode; total_rule=source_question
build_income_expenditure_crosswalk.py,EXP_BOOKS,家庭支出,EXP_BOOKS,書報雜誌文具支出,conceptual_only,2014,103,J7-3,J7-3,,,,,,conceptual_match_requires_manual_recode,報紙雜誌書籍文具 □(1)有 □(2)沒有           ○11,question_options_103.csv,91_2 與 95/99 合併於教育書報文具。 103基準題號：J7-3。,mapping_relation=conceptual_match_requires_manual_recode; total_rule=source_question
build_income_expenditure_crosswalk.py,EXP_BOOKS,家庭支出,EXP_BOOKS,書報雜誌文具支出,conceptual_only,2017,106,M7-3,J7-3,,,,,,conceptual_match_requires_manual_recode,報紙雜誌書籍文具 □(1)有 □(2)沒有           ○11,question_options_106.csv,91_2 與 95/99 合併於教育書報文具。 103基準題號：J7-3。,mapping_relation=conceptual_match_requires_manual_recode; total_rule=source_question
build_income_expenditure_crosswalk.py,EXP_BOOKS,家庭支出,EXP_BOOKS,書報雜誌文具支出,conceptual_only,2021,110,H7-3,J7-3,,,,,,conceptual_match_requires_manual_recode,報紙雜誌書籍文具 □(1)有 □(2)沒有           ○11,question_options_110.csv,91_2 與 95/99 合併於教育書報文具。 103基準題號：J7-3。,mapping_relation=conceptual_match_requires_manual_recode; total_rule=source_question
build_income_expenditure_crosswalk.py,EXP_TRAVEL,家庭支出,EXP_TRAVEL,旅遊娛樂消遣支出,question_not_available,2002,91_1,,J7-4,,,,,,not_available_in_source_dataset,,question_options_91_1.csv,各年文字略有不同，但屬同概念。 103基準題號：J7-4。,mapping_relation=not_available_in_source_dataset; total_rule=source_question
build_income_expenditure_crosswalk.py,EXP_TRAVEL,家庭支出,EXP_TRAVEL,旅遊娛樂消遣支出,conceptual_only,2002,91_2,23-6,J7-4,,,,,,conceptual_match_requires_manual_recode,旅遊娛樂消遣支出是多少？,question_options_91_2.csv,各年文字略有不同，但屬同概念。 103基準題號：J7-4。,mapping_relation=conceptual_match_requires_manual_recode; total_rule=source_question
build_income_expenditure_crosswalk.py,EXP_TRAVEL,家庭支出,EXP_TRAVEL,旅遊娛樂消遣支出,conceptual_only,2006,95,Q12-9,J7-4,,,,,,conceptual_match_requires_manual_recode,請問您全家每個月用在支付「國內外旅遊、運動娛樂消遣」的費用是多少？,question_options_95.csv,各年文字略有不同，但屬同概念。 103基準題號：J7-4。,mapping_relation=conceptual_match_requires_manual_recode; total_rule=source_question
build_income_expenditure_crosswalk.py,EXP_TRAVEL,家庭支出,EXP_TRAVEL,旅遊娛樂消遣支出,conceptual_only,2010,99,J7-3,J7-4,,,,,,conceptual_match_requires_manual_recode,國內外旅遊/運動娛樂消遣,question_options_99.csv,各年文字略有不同，但屬同概念。 103基準題號：J7-4。,mapping_relation=conceptual_match_requires_manual_recode; total_rule=source_question
build_income_expenditure_crosswalk.py,EXP_TRAVEL,家庭支出,EXP_TRAVEL,旅遊娛樂消遣支出,conceptual_only,2014,103,J7-4,J7-4,,,,,,conceptual_match_requires_manual_recode,國內外跟團旅遊/運動娛樂,question_options_103.csv,各年文字略有不同，但屬同概念。 103基準題號：J7-4。,mapping_relation=conceptual_match_requires_manual_recode; total_rule=source_question
build_income_expenditure_crosswalk.py,EXP_TRAVEL,家庭支出,EXP_TRAVEL,旅遊娛樂消遣支出,conceptual_only,2017,106,M7-4,J7-4,,,,,,conceptual_match_requires_manual_recode,國內外跟團旅遊/運動/電影/展,question_options_106.csv,各年文字略有不同，但屬同概念。 103基準題號：J7-4。,mapping_relation=conceptual_match_requires_manual_recode; total_rule=source_question
build_income_expenditure_crosswalk.py,EXP_TRAVEL,家庭支出,EXP_TRAVEL,旅遊娛樂消遣支出,conceptual_only,2021,110,H7-4,J7-4,,,,,,conceptual_match_requires_manual_recode,國內外跟團旅遊/運動/電影/展覽,question_options_110.csv,各年文字略有不同，但屬同概念。 103基準題號：J7-4。,mapping_relation=conceptual_match_requires_manual_recode; total_rule=source_question
build_income_expenditure_crosswalk.py,EXP_LOAN_INTEREST,家庭支出,EXP_LOAN_INTEREST,貸款/跟會/利息支出,question_not_available,2002,91_1,,J7-5,,,,,,not_available_in_source_dataset,,question_options_91_1.csv,91 無獨立分項。 103基準題號：J7-5。,mapping_relation=not_available_in_source_dataset; total_rule=source_question
build_income_expenditure_crosswalk.py,EXP_LOAN_INTEREST,家庭支出,EXP_LOAN_INTEREST,貸款/跟會/利息支出,question_not_available,2002,91_2,,J7-5,,,,,,not_available_in_source_dataset,,question_options_91_2.csv,91 無獨立分項。 103基準題號：J7-5。,mapping_relation=not_available_in_source_dataset; total_rule=source_question
build_income_expenditure_crosswalk.py,EXP_LOAN_INTEREST,家庭支出,EXP_LOAN_INTEREST,貸款/跟會/利息支出,conceptual_only,2006,95,Q12-10,J7-5,,,,,,conceptual_match_requires_manual_recode,請問您全家每個月用在支付「利息、各項貸款、跟會」的費用是多少？,question_options_95.csv,91 無獨立分項。 103基準題號：J7-5。,mapping_relation=conceptual_match_requires_manual_recode; total_rule=source_question
build_income_expenditure_crosswalk.py,EXP_LOAN_INTEREST,家庭支出,EXP_LOAN_INTEREST,貸款/跟會/利息支出,conceptual_only,2010,99,J7-4,J7-5,,,,,,conceptual_match_requires_manual_recode,利息/各項貸款/跟會,question_options_99.csv,91 無獨立分項。 103基準題號：J7-5。,mapping_relation=conceptual_match_requires_manual_recode; total_rule=source_question
build_income_expenditure_crosswalk.py,EXP_LOAN_INTEREST,家庭支出,EXP_LOAN_INTEREST,貸款/跟會/利息支出,conceptual_only,2014,103,J7-5,J7-5,,,,,,conceptual_match_requires_manual_recode,各項貸款/跟會的利息 □(1)有 □(2)沒有           ○11,question_options_103.csv,91 無獨立分項。 103基準題號：J7-5。,mapping_relation=conceptual_match_requires_manual_recode; total_rule=source_question
build_income_expenditure_crosswalk.py,EXP_LOAN_INTEREST,家庭支出,EXP_LOAN_INTEREST,貸款/跟會/利息支出,conceptual_only,2017,106,M7-5,J7-5,,,,,,conceptual_match_requires_manual_recode,各項貸款/跟會的利息 □(1)有 □(2)沒有           ○11,question_options_106.csv,91 無獨立分項。 103基準題號：J7-5。,mapping_relation=conceptual_match_requires_manual_recode; total_rule=source_question
build_income_expenditure_crosswalk.py,EXP_LOAN_INTEREST,家庭支出,EXP_LOAN_INTEREST,貸款/跟會/利息支出,conceptual_only,2021,110,H7-5,J7-5,,,,,,conceptual_match_requires_manual_recode,各項貸款/跟會的利息 □(1)有 □(2)沒有           ○11,question_options_110.csv,91 無獨立分項。 103基準題號：J7-5。,mapping_relation=conceptual_match_requires_manual_recode; total_rule=source_question
build_income_expenditure_crosswalk.py,EXP_DINING_LODGING,家庭支出,EXP_DINING_LODGING,外食與住宿服務支出,question_not_available,2002,91_1,,J7-6,,,,,,not_available_in_source_dataset,,question_options_91_1.csv,103 起新增。 103基準題號：J7-6。,mapping_relation=not_available_in_source_dataset; total_rule=source_question
build_income_expenditure_crosswalk.py,EXP_DINING_LODGING,家庭支出,EXP_DINING_LODGING,外食與住宿服務支出,question_not_available,2002,91_2,,J7-6,,,,,,not_available_in_source_dataset,,question_options_91_2.csv,103 起新增。 103基準題號：J7-6。,mapping_relation=not_available_in_source_dataset; total_rule=source_question
build_income_expenditure_crosswalk.py,EXP_DINING_LODGING,家庭支出,EXP_DINING_LODGING,外食與住宿服務支出,question_not_available,2006,95,,J7-6,,,,,,not_available_in_source_dataset,,question_options_95.csv,103 起新增。 103基準題號：J7-6。,mapping_relation=not_available_in_source_dataset; total_rule=source_question
build_income_expenditure_crosswalk.py,EXP_DINING_LODGING,家庭支出,EXP_DINING_LODGING,外食與住宿服務支出,question_not_available,2010,99,,J7-6,,,,,,not_available_in_source_dataset,,question_options_99.csv,103 起新增。 103基準題號：J7-6。,mapping_relation=not_available_in_source_dataset; total_rule=source_question
build_income_expenditure_crosswalk.py,EXP_DINING_LODGING,家庭支出,EXP_DINING_LODGING,外食與住宿服務支出,range_overlap,2014,103,J7-6,J7-6,1,1.0,有,1.0,有,text_only_review,外食費/學生住宿費/自助旅,question_options_103.csv,103 起新增。 103基準題號：J7-6。,mapping_relation=text_only_review; total_rule=source_question
build_income_expenditure_crosswalk.py,EXP_DINING_LODGING,家庭支出,EXP_DINING_LODGING,外食與住宿服務支出,range_overlap,2014,103,J7-6,J7-6,2,1.0,有,2.0,沒有           ○11 行住宿服務費,text_only_review,外食費/學生住宿費/自助旅,question_options_103.csv,103 起新增。 103基準題號：J7-6。,mapping_relation=text_only_review; total_rule=source_question
build_income_expenditure_crosswalk.py,EXP_DINING_LODGING,家庭支出,EXP_DINING_LODGING,外食與住宿服務支出,range_overlap,2014,103,J7-6,J7-6,1,2.0,沒有           ○11 行住宿服務費,1.0,有,text_only_review,外食費/學生住宿費/自助旅,question_options_103.csv,103 起新增。 103基準題號：J7-6。,mapping_relation=text_only_review; total_rule=source_question
build_income_expenditure_crosswalk.py,EXP_DINING_LODGING,家庭支出,EXP_DINING_LODGING,外食與住宿服務支出,range_overlap,2014,103,J7-6,J7-6,2,2.0,沒有           ○11 行住宿服務費,2.0,沒有           ○11 行住宿服務費,text_only_review,外食費/學生住宿費/自助旅,question_options_103.csv,103 起新增。 103基準題號：J7-6。,mapping_relation=text_only_review; total_rule=source_question
build_income_expenditure_crosswalk.py,EXP_DINING_LODGING,家庭支出,EXP_DINING_LODGING,外食與住宿服務支出,range_overlap,2017,106,M7-6,J7-6,1,1.0,有,1.0,有,text_only_review,外食費/學生住宿費/自助旅行住,question_options_106.csv,103 起新增。 103基準題號：J7-6。,mapping_relation=text_only_review; total_rule=source_question
build_income_expenditure_crosswalk.py,EXP_DINING_LODGING,家庭支出,EXP_DINING_LODGING,外食與住宿服務支出,range_overlap,2017,106,M7-6,J7-6,2,1.0,有,2.0,沒有           ○11 行住宿服務費,text_only_review,外食費/學生住宿費/自助旅行住,question_options_106.csv,103 起新增。 103基準題號：J7-6。,mapping_relation=text_only_review; total_rule=source_question
build_income_expenditure_crosswalk.py,EXP_DINING_LODGING,家庭支出,EXP_DINING_LODGING,外食與住宿服務支出,range_overlap,2017,106,M7-6,J7-6,1,2.0,沒有           ○11 宿服務費,1.0,有,text_only_review,外食費/學生住宿費/自助旅行住,question_options_106.csv,103 起新增。 103基準題號：J7-6。,mapping_relation=text_only_review; total_rule=source_question
build_income_expenditure_crosswalk.py,EXP_DINING_LODGING,家庭支出,EXP_DINING_LODGING,外食與住宿服務支出,range_overlap,2017,106,M7-6,J7-6,2,2.0,沒有           ○11 宿服務費,2.0,沒有           ○11 行住宿服務費,text_only_review,外食費/學生住宿費/自助旅行住,question_options_106.csv,103 起新增。 103基準題號：J7-6。,mapping_relation=text_only_review; total_rule=source_question
build_income_expenditure_crosswalk.py,EXP_DINING_LODGING,家庭支出,EXP_DINING_LODGING,外食與住宿服務支出,range_overlap,2021,110,H7-6,J7-6,1,1.0,有,1.0,有,text_only_review,外食費/學生住宿費/自助旅行住,question_options_110.csv,103 起新增。 103基準題號：J7-6。,mapping_relation=text_only_review; total_rule=source_question
build_income_expenditure_crosswalk.py,EXP_DINING_LODGING,家庭支出,EXP_DINING_LODGING,外食與住宿服務支出,range_overlap,2021,110,H7-6,J7-6,2,1.0,有,2.0,沒有           ○11 行住宿服務費,text_only_review,外食費/學生住宿費/自助旅行住,question_options_110.csv,103 起新增。 103基準題號：J7-6。,mapping_relation=text_only_review; total_rule=source_question
build_income_expenditure_crosswalk.py,EXP_DINING_LODGING,家庭支出,EXP_DINING_LODGING,外食與住宿服務支出,range_overlap,2021,110,H7-6,J7-6,1,2.0,沒有           ○11 宿服務費,1.0,有,text_only_review,外食費/學生住宿費/自助旅行住,question_options_110.csv,103 起新增。 103基準題號：J7-6。,mapping_relation=text_only_review; total_rule=source_question
build_income_expenditure_crosswalk.py,EXP_DINING_LODGING,家庭支出,EXP_DINING_LODGING,外食與住宿服務支出,range_overlap,2021,110,H7-6,J7-6,2,2.0,沒有           ○11 宿服務費,2.0,沒有           ○11 行住宿服務費,text_only_review,外食費/學生住宿費/自助旅行住,question_options_110.csv,103 起新增。 103基準題號：J7-6。,mapping_relation=text_only_review; total_rule=source_question
build_income_expenditure_crosswalk.py,EXP_CLOTHING,家庭支出,EXP_CLOTHING,衣著鞋襪支出,question_not_available,2002,91_1,,J7-7,,,,,,not_available_in_source_dataset,,question_options_91_1.csv,95 起穩定出現。 103基準題號：J7-7。,mapping_relation=not_available_in_source_dataset; total_rule=source_question
build_income_expenditure_crosswalk.py,EXP_CLOTHING,家庭支出,EXP_CLOTHING,衣著鞋襪支出,question_not_available,2002,91_2,,J7-7,,,,,,not_available_in_source_dataset,,question_options_91_2.csv,95 起穩定出現。 103基準題號：J7-7。,mapping_relation=not_available_in_source_dataset; total_rule=source_question
build_income_expenditure_crosswalk.py,EXP_CLOTHING,家庭支出,EXP_CLOTHING,衣著鞋襪支出,conceptual_only,2006,95,Q12-11,J7-7,,,,,,conceptual_match_requires_manual_recode,請問您全家每個月用在支付「買衣服、鞋子、襪子各項衣物」的費用是,question_options_95.csv,95 起穩定出現。 103基準題號：J7-7。,mapping_relation=conceptual_match_requires_manual_recode; total_rule=source_question
build_income_expenditure_crosswalk.py,EXP_CLOTHING,家庭支出,EXP_CLOTHING,衣著鞋襪支出,conceptual_only,2010,99,J7-5,J7-7,,,,,,conceptual_match_requires_manual_recode,買衣服/鞋子/襪子各項衣物,question_options_99.csv,95 起穩定出現。 103基準題號：J7-7。,mapping_relation=conceptual_match_requires_manual_recode; total_rule=source_question
build_income_expenditure_crosswalk.py,EXP_CLOTHING,家庭支出,EXP_CLOTHING,衣著鞋襪支出,conceptual_only,2014,103,J7-7,J7-7,,,,,,conceptual_match_requires_manual_recode,買衣服/鞋子/襪子各項衣物 □(1)有 □(2)沒有           ○11,question_options_103.csv,95 起穩定出現。 103基準題號：J7-7。,mapping_relation=conceptual_match_requires_manual_recode; total_rule=source_question
build_income_expenditure_crosswalk.py,EXP_CLOTHING,家庭支出,EXP_CLOTHING,衣著鞋襪支出,conceptual_only,2017,106,M7-7,J7-7,,,,,,conceptual_match_requires_manual_recode,買衣服/鞋子/襪子各項衣物 □(1)有 □(2)沒有           ○11,question_options_106.csv,95 起穩定出現。 103基準題號：J7-7。,mapping_relation=conceptual_match_requires_manual_recode; total_rule=source_question
build_income_expenditure_crosswalk.py,EXP_CLOTHING,家庭支出,EXP_CLOTHING,衣著鞋襪支出,conceptual_only,2021,110,H7-7,J7-7,,,,,,conceptual_match_requires_manual_recode,買衣服/鞋子/襪子各項衣物 □(1)有 □(2)沒有           ○11,question_options_110.csv,95 起穩定出現。 103基準題號：J7-7。,mapping_relation=conceptual_match_requires_manual_recode; total_rule=source_question
build_income_expenditure_crosswalk.py,EXP_FURNITURE,家庭支出,EXP_FURNITURE,家具家電廚具支出,question_not_available,2002,91_1,,J7-8,,,,,,not_available_in_source_dataset,,question_options_91_1.csv,95 起穩定出現。 103基準題號：J7-8。,mapping_relation=not_available_in_source_dataset; total_rule=source_question
build_income_expenditure_crosswalk.py,EXP_FURNITURE,家庭支出,EXP_FURNITURE,家具家電廚具支出,question_not_available,2002,91_2,,J7-8,,,,,,not_available_in_source_dataset,,question_options_91_2.csv,95 起穩定出現。 103基準題號：J7-8。,mapping_relation=not_available_in_source_dataset; total_rule=source_question
build_income_expenditure_crosswalk.py,EXP_FURNITURE,家庭支出,EXP_FURNITURE,家具家電廚具支出,conceptual_only,2006,95,Q12-12,J7-8,,,,,,conceptual_match_requires_manual_recode,請問您全家每個月用在支付購買「傢俱、家庭電器、廚房用具等」的費,question_options_95.csv,95 起穩定出現。 103基準題號：J7-8。,mapping_relation=conceptual_match_requires_manual_recode; total_rule=source_question
build_income_expenditure_crosswalk.py,EXP_FURNITURE,家庭支出,EXP_FURNITURE,家具家電廚具支出,conceptual_only,2010,99,J7-6,J7-8,,,,,,conceptual_match_requires_manual_recode,購買傢俱/家庭電器/廚房用具,question_options_99.csv,95 起穩定出現。 103基準題號：J7-8。,mapping_relation=conceptual_match_requires_manual_recode; total_rule=source_question
build_income_expenditure_crosswalk.py,EXP_FURNITURE,家庭支出,EXP_FURNITURE,家具家電廚具支出,conceptual_only,2014,103,J7-8,J7-8,,,,,,conceptual_match_requires_manual_recode,買家具/家庭電器/廚房用具 □(1)有 □(2)沒有           ○11,question_options_103.csv,95 起穩定出現。 103基準題號：J7-8。,mapping_relation=conceptual_match_requires_manual_recode; total_rule=source_question
build_income_expenditure_crosswalk.py,EXP_FURNITURE,家庭支出,EXP_FURNITURE,家具家電廚具支出,conceptual_only,2017,106,M7-8,J7-8,,,,,,conceptual_match_requires_manual_recode,買家具/家庭電器/廚房用具 □(1)有 □(2)沒有           ○11,question_options_106.csv,95 起穩定出現。 103基準題號：J7-8。,mapping_relation=conceptual_match_requires_manual_recode; total_rule=source_question
build_income_expenditure_crosswalk.py,EXP_FURNITURE,家庭支出,EXP_FURNITURE,家具家電廚具支出,conceptual_only,2021,110,H7-8,J7-8,,,,,,conceptual_match_requires_manual_recode,買家具/家庭電器/廚房用具 □(1)有 □(2)沒有           ○11,question_options_110.csv,95 起穩定出現。 103基準題號：J7-8。,mapping_relation=conceptual_match_requires_manual_recode; total_rule=source_question
build_income_expenditure_crosswalk.py,EXP_CARE,家庭支出,EXP_CARE,兒童老人身障照顧支出,question_not_available,2002,91_1,,J7-9,,,,,,not_available_in_source_dataset,,question_options_91_1.csv,106/110 文案改成保姆費/安養院/身障者照顧。 103基準題號：J7-9。,mapping_relation=not_available_in_source_dataset; total_rule=source_question
build_income_expenditure_crosswalk.py,EXP_CARE,家庭支出,EXP_CARE,兒童老人身障照顧支出,question_not_available,2002,91_2,,J7-9,,,,,,not_available_in_source_dataset,,question_options_91_2.csv,106/110 文案改成保姆費/安養院/身障者照顧。 103基準題號：J7-9。,mapping_relation=not_available_in_source_dataset; total_rule=source_question
build_income_expenditure_crosswalk.py,EXP_CARE,家庭支出,EXP_CARE,兒童老人身障照顧支出,conceptual_only,2006,95,Q12-13,J7-9,,,,,,conceptual_match_requires_manual_recode,請問您全家每個月用在支付「兒童照顧、老人照顧、身心障礙者照顧等」,question_options_95.csv,106/110 文案改成保姆費/安養院/身障者照顧。 103基準題號：J7-9。,mapping_relation=conceptual_match_requires_manual_recode; total_rule=source_question
build_income_expenditure_crosswalk.py,EXP_CARE,家庭支出,EXP_CARE,兒童老人身障照顧支出,conceptual_only,2010,99,J7-7,J7-9,,,,,,conceptual_match_requires_manual_recode,兒童照顧/老人照顧/身心障礙者照顧,question_options_99.csv,106/110 文案改成保姆費/安養院/身障者照顧。 103基準題號：J7-9。,mapping_relation=conceptual_match_requires_manual_recode; total_rule=source_question
build_income_expenditure_crosswalk.py,EXP_CARE,家庭支出,EXP_CARE,兒童老人身障照顧支出,conceptual_only,2014,103,J7-9,J7-9,,,,,,conceptual_match_requires_manual_recode,兒童/老人/身心障礙者照顧 □(1)有 □(2)沒有           ○11,question_options_103.csv,106/110 文案改成保姆費/安養院/身障者照顧。 103基準題號：J7-9。,mapping_relation=conceptual_match_requires_manual_recode; total_rule=source_question
build_income_expenditure_crosswalk.py,EXP_CARE,家庭支出,EXP_CARE,兒童老人身障照顧支出,conceptual_only,2017,106,M7-9,J7-9,,,,,,conceptual_match_requires_manual_recode,保姆費/安養院/身障者照顧 □(1)有 □(2)沒有           ○11,question_options_106.csv,106/110 文案改成保姆費/安養院/身障者照顧。 103基準題號：J7-9。,mapping_relation=conceptual_match_requires_manual_recode; total_rule=source_question
build_income_expenditure_crosswalk.py,EXP_CARE,家庭支出,EXP_CARE,兒童老人身障照顧支出,conceptual_only,2021,110,H7-9,J7-9,,,,,,conceptual_match_requires_manual_recode,保姆費/安養院/身障者照顧 □(1)有 □(2)沒有           ○11,question_options_110.csv,106/110 文案改成保姆費/安養院/身障者照顧。 103基準題號：J7-9。,mapping_relation=conceptual_match_requires_manual_recode; total_rule=source_question
build_income_expenditure_crosswalk.py,EXP_OTHER,家庭支出,EXP_OTHER,其他支出,question_not_available,2002,91_1,,J7-10,,,,,,not_available_in_source_dataset,,question_options_91_1.csv,95 起穩定出現。 103基準題號：J7-10。,mapping_relation=not_available_in_source_dataset; total_rule=source_question
build_income_expenditure_crosswalk.py,EXP_OTHER,家庭支出,EXP_OTHER,其他支出,question_not_available,2002,91_2,,J7-10,,,,,,not_available_in_source_dataset,,question_options_91_2.csv,95 起穩定出現。 103基準題號：J7-10。,mapping_relation=not_available_in_source_dataset; total_rule=source_question
build_income_expenditure_crosswalk.py,EXP_OTHER,家庭支出,EXP_OTHER,其他支出,conceptual_only,2006,95,Q12-14,J7-10,,,,,,conceptual_match_requires_manual_recode,請問您全家每個月用在支付其他費用，像是「牙膏洗髮精理髮沐浴用品、,question_options_95.csv,95 起穩定出現。 103基準題號：J7-10。,mapping_relation=conceptual_match_requires_manual_recode; total_rule=source_question
build_income_expenditure_crosswalk.py,EXP_OTHER,家庭支出,EXP_OTHER,其他支出,conceptual_only,2010,99,J7-8,J7-10,,,,,,conceptual_match_requires_manual_recode,其他費用,question_options_99.csv,95 起穩定出現。 103基準題號：J7-10。,mapping_relation=conceptual_match_requires_manual_recode; total_rule=source_question
build_income_expenditure_crosswalk.py,EXP_OTHER,家庭支出,EXP_OTHER,其他支出,conceptual_only,2014,103,J7-10,J7-10,,,,,,conceptual_match_requires_manual_recode,其他費用 □(1)有 □(2)沒有           ○11,question_options_103.csv,95 起穩定出現。 103基準題號：J7-10。,mapping_relation=conceptual_match_requires_manual_recode; total_rule=source_question
build_income_expenditure_crosswalk.py,EXP_OTHER,家庭支出,EXP_OTHER,其他支出,conceptual_only,2017,106,M7-10,J7-10,,,,,,conceptual_match_requires_manual_recode,其他費用 □(1)有 □(2)沒有           ○11,question_options_106.csv,95 起穩定出現。 103基準題號：J7-10。,mapping_relation=conceptual_match_requires_manual_recode; total_rule=source_question
build_income_expenditure_crosswalk.py,EXP_OTHER,家庭支出,EXP_OTHER,其他支出,conceptual_only,2021,110,H7-10,J7-10,,,,,,conceptual_match_requires_manual_recode,其他費用 □(1)有 □(2)沒有           ○11,question_options_110.csv,95 起穩定出現。 103基準題號：J7-10。,mapping_relation=conceptual_match_requires_manual_recode; total_rule=source_question
