source_file,concept_id,category,integrated_var,concept,mapping_type,data_year,option_year,raw_var,matched_question_id,raw_option_order,raw_option_code,raw_option_text,unified_code,unified_label,mapping_rule,question_text,option_source_file,concept_note,row_note
build_income_expenditure_crosswalk.py,INC_PERS_WORK,個人收入,INC_PERS_WORK,個人工作/營業收入,question_not_available,2002,91_1,,H1,,,,,,not_available_in_source_dataset,,question_options_91_1.csv,95+ 同概念；106/110 對象為經濟戶長。 103基準題號：H1。,mapping_relation=not_available_in_source_dataset; total_rule=source_question
build_income_expenditure_crosswalk.py,INC_PERS_WORK,個人收入,INC_PERS_WORK,個人工作/營業收入,question_not_available,2002,91_2,,H1,,,,,,not_available_in_source_dataset,,question_options_91_2.csv,95+ 同概念；106/110 對象為經濟戶長。 103基準題號：H1。,mapping_relation=not_available_in_source_dataset; total_rule=source_question
build_income_expenditure_crosswalk.py,INC_PERS_WORK,個人收入,INC_PERS_WORK,個人工作/營業收入,range_overlap,2006,95,Q10-1,H1,1,1,"9,999元及以下",1,"9,999 元及以下",exact_range,請問您個人每個月「工作薪水、兼差薪水、加班費、退休金，以及從事農,question_options_95.csv,95+ 同概念；106/110 對象為經濟戶長。 103基準題號：H1。,mapping_relation=exact_range; total_rule=source_question
build_income_expenditure_crosswalk.py,INC_PERS_WORK,個人收入,INC_PERS_WORK,個人工作/營業收入,range_overlap,2006,95,Q10-1,H1,1,2,"10,000-19,999元",2,"10,000-19,999元",source_bin_preserved_for_numeric_recode,請問您個人每個月「工作薪水、兼差薪水、加班費、退休金，以及從事農,question_options_95.csv,95+ 同概念；106/110 對象為經濟戶長。 103基準題號：H1。,mapping_relation=source_bin_spans_multiple_base_bins; total_rule=source_question
build_income_expenditure_crosswalk.py,INC_PERS_WORK,個人收入,INC_PERS_WORK,個人工作/營業收入,range_overlap,2006,95,Q10-1,H1,1,3,"20,000-29,999 元",3,"20,000-29,999 元",source_bin_preserved_for_numeric_recode,請問您個人每個月「工作薪水、兼差薪水、加班費、退休金，以及從事農,question_options_95.csv,95+ 同概念；106/110 對象為經濟戶長。 103基準題號：H1。,mapping_relation=source_bin_spans_multiple_base_bins; total_rule=source_question
build_income_expenditure_crosswalk.py,INC_PERS_WORK,個人收入,INC_PERS_WORK,個人工作/營業收入,range_overlap,2006,95,Q10-1,H1,1,4,"30,000-39,999元",6,"30,000-39,999 元",exact_range,請問您個人每個月「工作薪水、兼差薪水、加班費、退休金，以及從事農,question_options_95.csv,95+ 同概念；106/110 對象為經濟戶長。 103基準題號：H1。,mapping_relation=exact_range; total_rule=source_question
build_income_expenditure_crosswalk.py,INC_PERS_WORK,個人收入,INC_PERS_WORK,個人工作/營業收入,range_overlap,2006,95,Q10-1,H1,1,5,"40,000-49,999 元",7,"40,000-49,999 元",exact_range,請問您個人每個月「工作薪水、兼差薪水、加班費、退休金，以及從事農,question_options_95.csv,95+ 同概念；106/110 對象為經濟戶長。 103基準題號：H1。,mapping_relation=exact_range; total_rule=source_question
build_income_expenditure_crosswalk.py,INC_PERS_WORK,個人收入,INC_PERS_WORK,個人工作/營業收入,range_overlap,2006,95,Q10-1,H1,1,6,"50,000-59,999元",8,"50,000-59,999 元",exact_range,請問您個人每個月「工作薪水、兼差薪水、加班費、退休金，以及從事農,question_options_95.csv,95+ 同概念；106/110 對象為經濟戶長。 103基準題號：H1。,mapping_relation=exact_range; total_rule=source_question
build_income_expenditure_crosswalk.py,INC_PERS_WORK,個人收入,INC_PERS_WORK,個人工作/營業收入,range_overlap,2006,95,Q10-1,H1,1,7,"60,000-69,999 元",9,"60,000-69,999 元",exact_range,請問您個人每個月「工作薪水、兼差薪水、加班費、退休金，以及從事農,question_options_95.csv,95+ 同概念；106/110 對象為經濟戶長。 103基準題號：H1。,mapping_relation=exact_range; total_rule=source_question
build_income_expenditure_crosswalk.py,INC_PERS_WORK,個人收入,INC_PERS_WORK,個人工作/營業收入,range_overlap,2006,95,Q10-1,H1,1,8,"70,000-79,999元",10,"70,000-79,999 元",exact_range,請問您個人每個月「工作薪水、兼差薪水、加班費、退休金，以及從事農,question_options_95.csv,95+ 同概念；106/110 對象為經濟戶長。 103基準題號：H1。,mapping_relation=exact_range; total_rule=source_question
build_income_expenditure_crosswalk.py,INC_PERS_WORK,個人收入,INC_PERS_WORK,個人工作/營業收入,range_overlap,2006,95,Q10-1,H1,1,9,"80,000-89,999 元",11,"80,000-89,999 元",exact_range,請問您個人每個月「工作薪水、兼差薪水、加班費、退休金，以及從事農,question_options_95.csv,95+ 同概念；106/110 對象為經濟戶長。 103基準題號：H1。,mapping_relation=exact_range; total_rule=source_question
build_income_expenditure_crosswalk.py,INC_PERS_WORK,個人收入,INC_PERS_WORK,個人工作/營業收入,range_overlap,2006,95,Q10-1,H1,1,10,"90,000-99,999元",12,"90,000-99,999 元",exact_range,請問您個人每個月「工作薪水、兼差薪水、加班費、退休金，以及從事農,question_options_95.csv,95+ 同概念；106/110 對象為經濟戶長。 103基準題號：H1。,mapping_relation=exact_range; total_rule=source_question
build_income_expenditure_crosswalk.py,INC_PERS_WORK,個人收入,INC_PERS_WORK,個人工作/營業收入,range_overlap,2006,95,Q10-1,H1,1,11,"100,000-129,999 元",13,"100,000-129,999元",exact_range,請問您個人每個月「工作薪水、兼差薪水、加班費、退休金，以及從事農,question_options_95.csv,95+ 同概念；106/110 對象為經濟戶長。 103基準題號：H1。,mapping_relation=exact_range; total_rule=source_question
build_income_expenditure_crosswalk.py,INC_PERS_WORK,個人收入,INC_PERS_WORK,個人工作/營業收入,range_overlap,2006,95,Q10-1,H1,1,12,"130,000-139,999元",14,"130,000-159,999元",source_bin_within_base_bin,請問您個人每個月「工作薪水、兼差薪水、加班費、退休金，以及從事農,question_options_95.csv,95+ 同概念；106/110 對象為經濟戶長。 103基準題號：H1。,mapping_relation=source_bin_within_base_bin; total_rule=source_question
build_income_expenditure_crosswalk.py,INC_PERS_WORK,個人收入,INC_PERS_WORK,個人工作/營業收入,range_overlap,2006,95,Q10-1,H1,1,90,"140,000元及以上，請記錄 元",90,"140,000元及以上，請記錄 元",source_bin_preserved_for_numeric_recode,請問您個人每個月「工作薪水、兼差薪水、加班費、退休金，以及從事農,question_options_95.csv,95+ 同概念；106/110 對象為經濟戶長。 103基準題號：H1。,mapping_relation=partial_overlap; total_rule=source_question
build_income_expenditure_crosswalk.py,INC_PERS_WORK,個人收入,INC_PERS_WORK,個人工作/營業收入,range_overlap,2006,95,Q10-1,H1,1,95,沒有這項收入,16,沒有這項收入,exact_none,請問您個人每個月「工作薪水、兼差薪水、加班費、退休金，以及從事農,question_options_95.csv,95+ 同概念；106/110 對象為經濟戶長。 103基準題號：H1。,mapping_relation=exact_none; total_rule=source_question
build_income_expenditure_crosswalk.py,INC_PERS_WORK,個人收入,INC_PERS_WORK,個人工作/營業收入,range_overlap,2010,99,H1,H1,1,1,"9,999 元及以下",1,"9,999 元及以下",exact_range,請問您個人每個月「工作薪水、兼差薪水、加班費、退休金，以及從事農林漁業或自己做生意,question_options_99.csv,95+ 同概念；106/110 對象為經濟戶長。 103基準題號：H1。,mapping_relation=exact_range; total_rule=source_question
build_income_expenditure_crosswalk.py,INC_PERS_WORK,個人收入,INC_PERS_WORK,個人工作/營業收入,range_overlap,2010,99,H1,H1,1,2,"10,000-19,999 元",2,"10,000-19,999 元",source_bin_preserved_for_numeric_recode,請問您個人每個月「工作薪水、兼差薪水、加班費、退休金，以及從事農林漁業或自己做生意,question_options_99.csv,95+ 同概念；106/110 對象為經濟戶長。 103基準題號：H1。,mapping_relation=source_bin_spans_multiple_base_bins; total_rule=source_question
build_income_expenditure_crosswalk.py,INC_PERS_WORK,個人收入,INC_PERS_WORK,個人工作/營業收入,range_overlap,2010,99,H1,H1,1,3,"20,000-29,999 元",3,"20,000-29,999 元",source_bin_preserved_for_numeric_recode,請問您個人每個月「工作薪水、兼差薪水、加班費、退休金，以及從事農林漁業或自己做生意,question_options_99.csv,95+ 同概念；106/110 對象為經濟戶長。 103基準題號：H1。,mapping_relation=source_bin_spans_multiple_base_bins; total_rule=source_question
build_income_expenditure_crosswalk.py,INC_PERS_WORK,個人收入,INC_PERS_WORK,個人工作/營業收入,range_overlap,2010,99,H1,H1,1,4,"30,000-39,999 元",6,"30,000-39,999 元",exact_range,請問您個人每個月「工作薪水、兼差薪水、加班費、退休金，以及從事農林漁業或自己做生意,question_options_99.csv,95+ 同概念；106/110 對象為經濟戶長。 103基準題號：H1。,mapping_relation=exact_range; total_rule=source_question
build_income_expenditure_crosswalk.py,INC_PERS_WORK,個人收入,INC_PERS_WORK,個人工作/營業收入,range_overlap,2010,99,H1,H1,1,5,"40,000-49,999 元",7,"40,000-49,999 元",exact_range,請問您個人每個月「工作薪水、兼差薪水、加班費、退休金，以及從事農林漁業或自己做生意,question_options_99.csv,95+ 同概念；106/110 對象為經濟戶長。 103基準題號：H1。,mapping_relation=exact_range; total_rule=source_question
build_income_expenditure_crosswalk.py,INC_PERS_WORK,個人收入,INC_PERS_WORK,個人工作/營業收入,range_overlap,2010,99,H1,H1,1,6,"50,000-59,999 元",8,"50,000-59,999 元",exact_range,請問您個人每個月「工作薪水、兼差薪水、加班費、退休金，以及從事農林漁業或自己做生意,question_options_99.csv,95+ 同概念；106/110 對象為經濟戶長。 103基準題號：H1。,mapping_relation=exact_range; total_rule=source_question
build_income_expenditure_crosswalk.py,INC_PERS_WORK,個人收入,INC_PERS_WORK,個人工作/營業收入,range_overlap,2010,99,H1,H1,1,7,"60,000-69,999 元",9,"60,000-69,999 元",exact_range,請問您個人每個月「工作薪水、兼差薪水、加班費、退休金，以及從事農林漁業或自己做生意,question_options_99.csv,95+ 同概念；106/110 對象為經濟戶長。 103基準題號：H1。,mapping_relation=exact_range; total_rule=source_question
build_income_expenditure_crosswalk.py,INC_PERS_WORK,個人收入,INC_PERS_WORK,個人工作/營業收入,range_overlap,2010,99,H1,H1,1,8,"70,000-79,999 元",10,"70,000-79,999 元",exact_range,請問您個人每個月「工作薪水、兼差薪水、加班費、退休金，以及從事農林漁業或自己做生意,question_options_99.csv,95+ 同概念；106/110 對象為經濟戶長。 103基準題號：H1。,mapping_relation=exact_range; total_rule=source_question
build_income_expenditure_crosswalk.py,INC_PERS_WORK,個人收入,INC_PERS_WORK,個人工作/營業收入,range_overlap,2010,99,H1,H1,1,9,"80,000-89,999 元",11,"80,000-89,999 元",exact_range,請問您個人每個月「工作薪水、兼差薪水、加班費、退休金，以及從事農林漁業或自己做生意,question_options_99.csv,95+ 同概念；106/110 對象為經濟戶長。 103基準題號：H1。,mapping_relation=exact_range; total_rule=source_question
build_income_expenditure_crosswalk.py,INC_PERS_WORK,個人收入,INC_PERS_WORK,個人工作/營業收入,range_overlap,2010,99,H1,H1,1,10,"90,000-99,999 元",12,"90,000-99,999 元",exact_range,請問您個人每個月「工作薪水、兼差薪水、加班費、退休金，以及從事農林漁業或自己做生意,question_options_99.csv,95+ 同概念；106/110 對象為經濟戶長。 103基準題號：H1。,mapping_relation=exact_range; total_rule=source_question
build_income_expenditure_crosswalk.py,INC_PERS_WORK,個人收入,INC_PERS_WORK,個人工作/營業收入,range_overlap,2010,99,H1,H1,1,11,"100,000-129,999 元",13,"100,000-129,999元",exact_range,請問您個人每個月「工作薪水、兼差薪水、加班費、退休金，以及從事農林漁業或自己做生意,question_options_99.csv,95+ 同概念；106/110 對象為經濟戶長。 103基準題號：H1。,mapping_relation=exact_range; total_rule=source_question
build_income_expenditure_crosswalk.py,INC_PERS_WORK,個人收入,INC_PERS_WORK,個人工作/營業收入,range_overlap,2010,99,H1,H1,1,12,"130,000-159,999 元",14,"130,000-159,999元",exact_range,請問您個人每個月「工作薪水、兼差薪水、加班費、退休金，以及從事農林漁業或自己做生意,question_options_99.csv,95+ 同概念；106/110 對象為經濟戶長。 103基準題號：H1。,mapping_relation=exact_range; total_rule=source_question
build_income_expenditure_crosswalk.py,INC_PERS_WORK,個人收入,INC_PERS_WORK,個人工作/營業收入,range_overlap,2010,99,H1,H1,1,13,"160,000 元及以上，請記錄 元",15,"160,000 元及以上，請記錄____________元",exact_open_upper,請問您個人每個月「工作薪水、兼差薪水、加班費、退休金，以及從事農林漁業或自己做生意,question_options_99.csv,95+ 同概念；106/110 對象為經濟戶長。 103基準題號：H1。,mapping_relation=exact_open_upper; total_rule=source_question
build_income_expenditure_crosswalk.py,INC_PERS_WORK,個人收入,INC_PERS_WORK,個人工作/營業收入,range_overlap,2010,99,H1,H1,1,14,沒有這項收入,16,沒有這項收入,exact_none,請問您個人每個月「工作薪水、兼差薪水、加班費、退休金，以及從事農林漁業或自己做生意,question_options_99.csv,95+ 同概念；106/110 對象為經濟戶長。 103基準題號：H1。,mapping_relation=exact_none; total_rule=source_question
build_income_expenditure_crosswalk.py,INC_PERS_WORK,個人收入,INC_PERS_WORK,個人工作/營業收入,range_overlap,2014,103,H1,H1,1,1,"9,999 元及以下",1,"9,999 元及以下",exact_range,請問您個人每個月「工作薪水、兼差薪水、加班費、退休金，以及從事農林漁業或自己做生意等」,question_options_103.csv,95+ 同概念；106/110 對象為經濟戶長。 103基準題號：H1。,mapping_relation=exact_range; total_rule=source_question
build_income_expenditure_crosswalk.py,INC_PERS_WORK,個人收入,INC_PERS_WORK,個人工作/營業收入,range_overlap,2014,103,H1,H1,1,2,"10,000-14,999 元",2,"10,000-14,999 元",exact_range,請問您個人每個月「工作薪水、兼差薪水、加班費、退休金，以及從事農林漁業或自己做生意等」,question_options_103.csv,95+ 同概念；106/110 對象為經濟戶長。 103基準題號：H1。,mapping_relation=exact_range; total_rule=source_question
build_income_expenditure_crosswalk.py,INC_PERS_WORK,個人收入,INC_PERS_WORK,個人工作/營業收入,range_overlap,2014,103,H1,H1,1,3,"15,000-19,999 元",3,"15,000-19,999 元",exact_range,請問您個人每個月「工作薪水、兼差薪水、加班費、退休金，以及從事農林漁業或自己做生意等」,question_options_103.csv,95+ 同概念；106/110 對象為經濟戶長。 103基準題號：H1。,mapping_relation=exact_range; total_rule=source_question
build_income_expenditure_crosswalk.py,INC_PERS_WORK,個人收入,INC_PERS_WORK,個人工作/營業收入,range_overlap,2014,103,H1,H1,1,4,"20,000-24,999 元",4,"20,000-24,999 元",exact_range,請問您個人每個月「工作薪水、兼差薪水、加班費、退休金，以及從事農林漁業或自己做生意等」,question_options_103.csv,95+ 同概念；106/110 對象為經濟戶長。 103基準題號：H1。,mapping_relation=exact_range; total_rule=source_question
build_income_expenditure_crosswalk.py,INC_PERS_WORK,個人收入,INC_PERS_WORK,個人工作/營業收入,range_overlap,2014,103,H1,H1,1,5,"25,000-29,999 元",5,"25,000-29,999 元",exact_range,請問您個人每個月「工作薪水、兼差薪水、加班費、退休金，以及從事農林漁業或自己做生意等」,question_options_103.csv,95+ 同概念；106/110 對象為經濟戶長。 103基準題號：H1。,mapping_relation=exact_range; total_rule=source_question
build_income_expenditure_crosswalk.py,INC_PERS_WORK,個人收入,INC_PERS_WORK,個人工作/營業收入,range_overlap,2014,103,H1,H1,1,6,"30,000-39,999 元",6,"30,000-39,999 元",exact_range,請問您個人每個月「工作薪水、兼差薪水、加班費、退休金，以及從事農林漁業或自己做生意等」,question_options_103.csv,95+ 同概念；106/110 對象為經濟戶長。 103基準題號：H1。,mapping_relation=exact_range; total_rule=source_question
build_income_expenditure_crosswalk.py,INC_PERS_WORK,個人收入,INC_PERS_WORK,個人工作/營業收入,range_overlap,2014,103,H1,H1,1,7,"40,000-49,999 元",7,"40,000-49,999 元",exact_range,請問您個人每個月「工作薪水、兼差薪水、加班費、退休金，以及從事農林漁業或自己做生意等」,question_options_103.csv,95+ 同概念；106/110 對象為經濟戶長。 103基準題號：H1。,mapping_relation=exact_range; total_rule=source_question
build_income_expenditure_crosswalk.py,INC_PERS_WORK,個人收入,INC_PERS_WORK,個人工作/營業收入,range_overlap,2014,103,H1,H1,1,8,"50,000-59,999 元",8,"50,000-59,999 元",exact_range,請問您個人每個月「工作薪水、兼差薪水、加班費、退休金，以及從事農林漁業或自己做生意等」,question_options_103.csv,95+ 同概念；106/110 對象為經濟戶長。 103基準題號：H1。,mapping_relation=exact_range; total_rule=source_question
build_income_expenditure_crosswalk.py,INC_PERS_WORK,個人收入,INC_PERS_WORK,個人工作/營業收入,range_overlap,2014,103,H1,H1,1,9,"60,000-69,999 元",9,"60,000-69,999 元",exact_range,請問您個人每個月「工作薪水、兼差薪水、加班費、退休金，以及從事農林漁業或自己做生意等」,question_options_103.csv,95+ 同概念；106/110 對象為經濟戶長。 103基準題號：H1。,mapping_relation=exact_range; total_rule=source_question
build_income_expenditure_crosswalk.py,INC_PERS_WORK,個人收入,INC_PERS_WORK,個人工作/營業收入,range_overlap,2014,103,H1,H1,1,10,"70,000-79,999 元",10,"70,000-79,999 元",exact_range,請問您個人每個月「工作薪水、兼差薪水、加班費、退休金，以及從事農林漁業或自己做生意等」,question_options_103.csv,95+ 同概念；106/110 對象為經濟戶長。 103基準題號：H1。,mapping_relation=exact_range; total_rule=source_question
build_income_expenditure_crosswalk.py,INC_PERS_WORK,個人收入,INC_PERS_WORK,個人工作/營業收入,range_overlap,2014,103,H1,H1,1,11,"80,000-89,999 元",11,"80,000-89,999 元",exact_range,請問您個人每個月「工作薪水、兼差薪水、加班費、退休金，以及從事農林漁業或自己做生意等」,question_options_103.csv,95+ 同概念；106/110 對象為經濟戶長。 103基準題號：H1。,mapping_relation=exact_range; total_rule=source_question
build_income_expenditure_crosswalk.py,INC_PERS_WORK,個人收入,INC_PERS_WORK,個人工作/營業收入,range_overlap,2014,103,H1,H1,1,12,"90,000-99,999 元",12,"90,000-99,999 元",exact_range,請問您個人每個月「工作薪水、兼差薪水、加班費、退休金，以及從事農林漁業或自己做生意等」,question_options_103.csv,95+ 同概念；106/110 對象為經濟戶長。 103基準題號：H1。,mapping_relation=exact_range; total_rule=source_question
build_income_expenditure_crosswalk.py,INC_PERS_WORK,個人收入,INC_PERS_WORK,個人工作/營業收入,range_overlap,2014,103,H1,H1,1,13,"100,000-129,999元",13,"100,000-129,999元",exact_range,請問您個人每個月「工作薪水、兼差薪水、加班費、退休金，以及從事農林漁業或自己做生意等」,question_options_103.csv,95+ 同概念；106/110 對象為經濟戶長。 103基準題號：H1。,mapping_relation=exact_range; total_rule=source_question
build_income_expenditure_crosswalk.py,INC_PERS_WORK,個人收入,INC_PERS_WORK,個人工作/營業收入,range_overlap,2014,103,H1,H1,1,14,"130,000-159,999元",14,"130,000-159,999元",exact_range,請問您個人每個月「工作薪水、兼差薪水、加班費、退休金，以及從事農林漁業或自己做生意等」,question_options_103.csv,95+ 同概念；106/110 對象為經濟戶長。 103基準題號：H1。,mapping_relation=exact_range; total_rule=source_question
build_income_expenditure_crosswalk.py,INC_PERS_WORK,個人收入,INC_PERS_WORK,個人工作/營業收入,range_overlap,2014,103,H1,H1,1,15,"160,000 元及以上，請記錄____________元",15,"160,000 元及以上，請記錄____________元",exact_open_upper,請問您個人每個月「工作薪水、兼差薪水、加班費、退休金，以及從事農林漁業或自己做生意等」,question_options_103.csv,95+ 同概念；106/110 對象為經濟戶長。 103基準題號：H1。,mapping_relation=exact_open_upper; total_rule=source_question
build_income_expenditure_crosswalk.py,INC_PERS_WORK,個人收入,INC_PERS_WORK,個人工作/營業收入,range_overlap,2014,103,H1,H1,1,16,沒有這項收入,16,沒有這項收入,exact_none,請問您個人每個月「工作薪水、兼差薪水、加班費、退休金，以及從事農林漁業或自己做生意等」,question_options_103.csv,95+ 同概念；106/110 對象為經濟戶長。 103基準題號：H1。,mapping_relation=exact_none; total_rule=source_question
build_income_expenditure_crosswalk.py,INC_PERS_WORK,個人收入,INC_PERS_WORK,個人工作/營業收入,range_overlap,2017,106,J1,H1,1,1,"未滿10,000元",1,"9,999 元及以下",exact_range,請問經濟戶長個人每個月「工作薪水、兼差薪水、加班費、退休金、年終獎金，以及從事農林漁,question_options_106.csv,95+ 同概念；106/110 對象為經濟戶長。 103基準題號：H1。,mapping_relation=exact_range; total_rule=source_question
build_income_expenditure_crosswalk.py,INC_PERS_WORK,個人收入,INC_PERS_WORK,個人工作/營業收入,range_overlap,2017,106,J1,H1,1,2,"10,000 元-未滿15,000元",2,"10,000-14,999 元",exact_range,請問經濟戶長個人每個月「工作薪水、兼差薪水、加班費、退休金、年終獎金，以及從事農林漁,question_options_106.csv,95+ 同概念；106/110 對象為經濟戶長。 103基準題號：H1。,mapping_relation=exact_range; total_rule=source_question
build_income_expenditure_crosswalk.py,INC_PERS_WORK,個人收入,INC_PERS_WORK,個人工作/營業收入,range_overlap,2017,106,J1,H1,1,3,"15,000 元-未滿20,000元",3,"15,000-19,999 元",exact_range,請問經濟戶長個人每個月「工作薪水、兼差薪水、加班費、退休金、年終獎金，以及從事農林漁,question_options_106.csv,95+ 同概念；106/110 對象為經濟戶長。 103基準題號：H1。,mapping_relation=exact_range; total_rule=source_question
build_income_expenditure_crosswalk.py,INC_PERS_WORK,個人收入,INC_PERS_WORK,個人工作/營業收入,range_overlap,2017,106,J1,H1,1,4,"20,000 元-未滿25,000元",4,"20,000-24,999 元",exact_range,請問經濟戶長個人每個月「工作薪水、兼差薪水、加班費、退休金、年終獎金，以及從事農林漁,question_options_106.csv,95+ 同概念；106/110 對象為經濟戶長。 103基準題號：H1。,mapping_relation=exact_range; total_rule=source_question
build_income_expenditure_crosswalk.py,INC_PERS_WORK,個人收入,INC_PERS_WORK,個人工作/營業收入,range_overlap,2017,106,J1,H1,1,5,"25,000 元-未滿30,000元",5,"25,000-29,999 元",exact_range,請問經濟戶長個人每個月「工作薪水、兼差薪水、加班費、退休金、年終獎金，以及從事農林漁,question_options_106.csv,95+ 同概念；106/110 對象為經濟戶長。 103基準題號：H1。,mapping_relation=exact_range; total_rule=source_question
build_income_expenditure_crosswalk.py,INC_PERS_WORK,個人收入,INC_PERS_WORK,個人工作/營業收入,range_overlap,2017,106,J1,H1,1,6,"30,000 元-未滿40,000元",6,"30,000-39,999 元",exact_range,請問經濟戶長個人每個月「工作薪水、兼差薪水、加班費、退休金、年終獎金，以及從事農林漁,question_options_106.csv,95+ 同概念；106/110 對象為經濟戶長。 103基準題號：H1。,mapping_relation=exact_range; total_rule=source_question
build_income_expenditure_crosswalk.py,INC_PERS_WORK,個人收入,INC_PERS_WORK,個人工作/營業收入,range_overlap,2017,106,J1,H1,1,7,"40,000 元-未滿50,000元",7,"40,000-49,999 元",exact_range,請問經濟戶長個人每個月「工作薪水、兼差薪水、加班費、退休金、年終獎金，以及從事農林漁,question_options_106.csv,95+ 同概念；106/110 對象為經濟戶長。 103基準題號：H1。,mapping_relation=exact_range; total_rule=source_question
build_income_expenditure_crosswalk.py,INC_PERS_WORK,個人收入,INC_PERS_WORK,個人工作/營業收入,range_overlap,2017,106,J1,H1,1,8,"50,000 元-未滿60,000元",8,"50,000-59,999 元",exact_range,請問經濟戶長個人每個月「工作薪水、兼差薪水、加班費、退休金、年終獎金，以及從事農林漁,question_options_106.csv,95+ 同概念；106/110 對象為經濟戶長。 103基準題號：H1。,mapping_relation=exact_range; total_rule=source_question
build_income_expenditure_crosswalk.py,INC_PERS_WORK,個人收入,INC_PERS_WORK,個人工作/營業收入,range_overlap,2017,106,J1,H1,1,9,"60,000 元-未滿70,000元",9,"60,000-69,999 元",exact_range,請問經濟戶長個人每個月「工作薪水、兼差薪水、加班費、退休金、年終獎金，以及從事農林漁,question_options_106.csv,95+ 同概念；106/110 對象為經濟戶長。 103基準題號：H1。,mapping_relation=exact_range; total_rule=source_question
build_income_expenditure_crosswalk.py,INC_PERS_WORK,個人收入,INC_PERS_WORK,個人工作/營業收入,range_overlap,2017,106,J1,H1,1,10,"70,000 元-未滿80,000元",10,"70,000-79,999 元",exact_range,請問經濟戶長個人每個月「工作薪水、兼差薪水、加班費、退休金、年終獎金，以及從事農林漁,question_options_106.csv,95+ 同概念；106/110 對象為經濟戶長。 103基準題號：H1。,mapping_relation=exact_range; total_rule=source_question
build_income_expenditure_crosswalk.py,INC_PERS_WORK,個人收入,INC_PERS_WORK,個人工作/營業收入,range_overlap,2017,106,J1,H1,1,11,"80,000元-未滿90,000元",11,"80,000-89,999 元",exact_range,請問經濟戶長個人每個月「工作薪水、兼差薪水、加班費、退休金、年終獎金，以及從事農林漁,question_options_106.csv,95+ 同概念；106/110 對象為經濟戶長。 103基準題號：H1。,mapping_relation=exact_range; total_rule=source_question
build_income_expenditure_crosswalk.py,INC_PERS_WORK,個人收入,INC_PERS_WORK,個人工作/營業收入,range_overlap,2017,106,J1,H1,1,12,"90,000元-未滿100,000元",12,"90,000-99,999 元",exact_range,請問經濟戶長個人每個月「工作薪水、兼差薪水、加班費、退休金、年終獎金，以及從事農林漁,question_options_106.csv,95+ 同概念；106/110 對象為經濟戶長。 103基準題號：H1。,mapping_relation=exact_range; total_rule=source_question
build_income_expenditure_crosswalk.py,INC_PERS_WORK,個人收入,INC_PERS_WORK,個人工作/營業收入,range_overlap,2017,106,J1,H1,1,13,"100,000元-未滿130,000元",13,"100,000-129,999元",exact_range,請問經濟戶長個人每個月「工作薪水、兼差薪水、加班費、退休金、年終獎金，以及從事農林漁,question_options_106.csv,95+ 同概念；106/110 對象為經濟戶長。 103基準題號：H1。,mapping_relation=exact_range; total_rule=source_question
build_income_expenditure_crosswalk.py,INC_PERS_WORK,個人收入,INC_PERS_WORK,個人工作/營業收入,range_overlap,2017,106,J1,H1,1,14,"130,000元-未滿160,000元",14,"130,000-159,999元",exact_range,請問經濟戶長個人每個月「工作薪水、兼差薪水、加班費、退休金、年終獎金，以及從事農林漁,question_options_106.csv,95+ 同概念；106/110 對象為經濟戶長。 103基準題號：H1。,mapping_relation=exact_range; total_rule=source_question
build_income_expenditure_crosswalk.py,INC_PERS_WORK,個人收入,INC_PERS_WORK,個人工作/營業收入,range_overlap,2017,106,J1,H1,1,15,"160,000元以上，請記錄____________元",15,"160,000 元及以上，請記錄____________元",exact_open_upper,請問經濟戶長個人每個月「工作薪水、兼差薪水、加班費、退休金、年終獎金，以及從事農林漁,question_options_106.csv,95+ 同概念；106/110 對象為經濟戶長。 103基準題號：H1。,mapping_relation=exact_open_upper; total_rule=source_question
build_income_expenditure_crosswalk.py,INC_PERS_WORK,個人收入,INC_PERS_WORK,個人工作/營業收入,range_overlap,2017,106,J1,H1,1,16,沒有這項收入,16,沒有這項收入,exact_none,請問經濟戶長個人每個月「工作薪水、兼差薪水、加班費、退休金、年終獎金，以及從事農林漁,question_options_106.csv,95+ 同概念；106/110 對象為經濟戶長。 103基準題號：H1。,mapping_relation=exact_none; total_rule=source_question
build_income_expenditure_crosswalk.py,INC_PERS_WORK,個人收入,INC_PERS_WORK,個人工作/營業收入,range_overlap,2021,110,E1,H1,1,1,"未滿10,000元",1,"9,999 元及以下",exact_range,請問經濟戶長個人每個月「工作薪水、兼差薪水、加班費、退休金、年終獎金，以及從事農林漁,question_options_110.csv,95+ 同概念；106/110 對象為經濟戶長。 103基準題號：H1。,mapping_relation=exact_range; total_rule=source_question
build_income_expenditure_crosswalk.py,INC_PERS_WORK,個人收入,INC_PERS_WORK,個人工作/營業收入,range_overlap,2021,110,E1,H1,1,2,"10,000 元-未滿15,000元",2,"10,000-14,999 元",exact_range,請問經濟戶長個人每個月「工作薪水、兼差薪水、加班費、退休金、年終獎金，以及從事農林漁,question_options_110.csv,95+ 同概念；106/110 對象為經濟戶長。 103基準題號：H1。,mapping_relation=exact_range; total_rule=source_question
build_income_expenditure_crosswalk.py,INC_PERS_WORK,個人收入,INC_PERS_WORK,個人工作/營業收入,range_overlap,2021,110,E1,H1,1,3,"15,000 元-未滿20,000元",3,"15,000-19,999 元",exact_range,請問經濟戶長個人每個月「工作薪水、兼差薪水、加班費、退休金、年終獎金，以及從事農林漁,question_options_110.csv,95+ 同概念；106/110 對象為經濟戶長。 103基準題號：H1。,mapping_relation=exact_range; total_rule=source_question
build_income_expenditure_crosswalk.py,INC_PERS_WORK,個人收入,INC_PERS_WORK,個人工作/營業收入,range_overlap,2021,110,E1,H1,1,4,"20,000 元-未滿25,000元",4,"20,000-24,999 元",exact_range,請問經濟戶長個人每個月「工作薪水、兼差薪水、加班費、退休金、年終獎金，以及從事農林漁,question_options_110.csv,95+ 同概念；106/110 對象為經濟戶長。 103基準題號：H1。,mapping_relation=exact_range; total_rule=source_question
build_income_expenditure_crosswalk.py,INC_PERS_WORK,個人收入,INC_PERS_WORK,個人工作/營業收入,range_overlap,2021,110,E1,H1,1,5,"25,000 元-未滿30,000元",5,"25,000-29,999 元",exact_range,請問經濟戶長個人每個月「工作薪水、兼差薪水、加班費、退休金、年終獎金，以及從事農林漁,question_options_110.csv,95+ 同概念；106/110 對象為經濟戶長。 103基準題號：H1。,mapping_relation=exact_range; total_rule=source_question
build_income_expenditure_crosswalk.py,INC_PERS_WORK,個人收入,INC_PERS_WORK,個人工作/營業收入,range_overlap,2021,110,E1,H1,1,6,"30,000 元-未滿40,000元",6,"30,000-39,999 元",exact_range,請問經濟戶長個人每個月「工作薪水、兼差薪水、加班費、退休金、年終獎金，以及從事農林漁,question_options_110.csv,95+ 同概念；106/110 對象為經濟戶長。 103基準題號：H1。,mapping_relation=exact_range; total_rule=source_question
build_income_expenditure_crosswalk.py,INC_PERS_WORK,個人收入,INC_PERS_WORK,個人工作/營業收入,range_overlap,2021,110,E1,H1,1,7,"40,000 元-未滿50,000元",7,"40,000-49,999 元",exact_range,請問經濟戶長個人每個月「工作薪水、兼差薪水、加班費、退休金、年終獎金，以及從事農林漁,question_options_110.csv,95+ 同概念；106/110 對象為經濟戶長。 103基準題號：H1。,mapping_relation=exact_range; total_rule=source_question
build_income_expenditure_crosswalk.py,INC_PERS_WORK,個人收入,INC_PERS_WORK,個人工作/營業收入,range_overlap,2021,110,E1,H1,1,8,"50,000 元-未滿60,000元",8,"50,000-59,999 元",exact_range,請問經濟戶長個人每個月「工作薪水、兼差薪水、加班費、退休金、年終獎金，以及從事農林漁,question_options_110.csv,95+ 同概念；106/110 對象為經濟戶長。 103基準題號：H1。,mapping_relation=exact_range; total_rule=source_question
build_income_expenditure_crosswalk.py,INC_PERS_WORK,個人收入,INC_PERS_WORK,個人工作/營業收入,range_overlap,2021,110,E1,H1,1,9,"60,000 元-未滿70,000元",9,"60,000-69,999 元",exact_range,請問經濟戶長個人每個月「工作薪水、兼差薪水、加班費、退休金、年終獎金，以及從事農林漁,question_options_110.csv,95+ 同概念；106/110 對象為經濟戶長。 103基準題號：H1。,mapping_relation=exact_range; total_rule=source_question
build_income_expenditure_crosswalk.py,INC_PERS_WORK,個人收入,INC_PERS_WORK,個人工作/營業收入,range_overlap,2021,110,E1,H1,1,10,"70,000 元-未滿80,000元",10,"70,000-79,999 元",exact_range,請問經濟戶長個人每個月「工作薪水、兼差薪水、加班費、退休金、年終獎金，以及從事農林漁,question_options_110.csv,95+ 同概念；106/110 對象為經濟戶長。 103基準題號：H1。,mapping_relation=exact_range; total_rule=source_question
build_income_expenditure_crosswalk.py,INC_PERS_WORK,個人收入,INC_PERS_WORK,個人工作/營業收入,range_overlap,2021,110,E1,H1,1,11,"80,000 元-未滿90,000元",11,"80,000-89,999 元",exact_range,請問經濟戶長個人每個月「工作薪水、兼差薪水、加班費、退休金、年終獎金，以及從事農林漁,question_options_110.csv,95+ 同概念；106/110 對象為經濟戶長。 103基準題號：H1。,mapping_relation=exact_range; total_rule=source_question
build_income_expenditure_crosswalk.py,INC_PERS_WORK,個人收入,INC_PERS_WORK,個人工作/營業收入,range_overlap,2021,110,E1,H1,1,12,"90,000元-未滿100,000元",12,"90,000-99,999 元",exact_range,請問經濟戶長個人每個月「工作薪水、兼差薪水、加班費、退休金、年終獎金，以及從事農林漁,question_options_110.csv,95+ 同概念；106/110 對象為經濟戶長。 103基準題號：H1。,mapping_relation=exact_range; total_rule=source_question
build_income_expenditure_crosswalk.py,INC_PERS_WORK,個人收入,INC_PERS_WORK,個人工作/營業收入,range_overlap,2021,110,E1,H1,1,13,"100,000元-未滿130,000元",13,"100,000-129,999元",exact_range,請問經濟戶長個人每個月「工作薪水、兼差薪水、加班費、退休金、年終獎金，以及從事農林漁,question_options_110.csv,95+ 同概念；106/110 對象為經濟戶長。 103基準題號：H1。,mapping_relation=exact_range; total_rule=source_question
build_income_expenditure_crosswalk.py,INC_PERS_WORK,個人收入,INC_PERS_WORK,個人工作/營業收入,range_overlap,2021,110,E1,H1,1,14,"130,000元-未滿160,000元",14,"130,000-159,999元",exact_range,請問經濟戶長個人每個月「工作薪水、兼差薪水、加班費、退休金、年終獎金，以及從事農林漁,question_options_110.csv,95+ 同概念；106/110 對象為經濟戶長。 103基準題號：H1。,mapping_relation=exact_range; total_rule=source_question
build_income_expenditure_crosswalk.py,INC_PERS_WORK,個人收入,INC_PERS_WORK,個人工作/營業收入,range_overlap,2021,110,E1,H1,1,15,"160,000元以上，請記錄____________元",15,"160,000 元及以上，請記錄____________元",exact_open_upper,請問經濟戶長個人每個月「工作薪水、兼差薪水、加班費、退休金、年終獎金，以及從事農林漁,question_options_110.csv,95+ 同概念；106/110 對象為經濟戶長。 103基準題號：H1。,mapping_relation=exact_open_upper; total_rule=source_question
build_income_expenditure_crosswalk.py,INC_PERS_WORK,個人收入,INC_PERS_WORK,個人工作/營業收入,range_overlap,2021,110,E1,H1,1,16,沒有這項收入,16,沒有這項收入,exact_none,請問經濟戶長個人每個月「工作薪水、兼差薪水、加班費、退休金、年終獎金，以及從事農林漁,question_options_110.csv,95+ 同概念；106/110 對象為經濟戶長。 103基準題號：H1。,mapping_relation=exact_none; total_rule=source_question
build_income_expenditure_crosswalk.py,INC_PERS_GOV,個人收入,INC_PERS_GOV,個人政府津貼補助/保險收入,question_not_available,2002,91_1,,H2,,,,,,not_available_in_source_dataset,,question_options_91_1.csv,95+ 同概念；106/110 對象為經濟戶長。106/110 原始 question_options 有抽取錯位，已在建表時修補。 103基準題號：H2。,mapping_relation=not_available_in_source_dataset; total_rule=source_question
build_income_expenditure_crosswalk.py,INC_PERS_GOV,個人收入,INC_PERS_GOV,個人政府津貼補助/保險收入,question_not_available,2002,91_2,,H2,,,,,,not_available_in_source_dataset,,question_options_91_2.csv,95+ 同概念；106/110 對象為經濟戶長。106/110 原始 question_options 有抽取錯位，已在建表時修補。 103基準題號：H2。,mapping_relation=not_available_in_source_dataset; total_rule=source_question
build_income_expenditure_crosswalk.py,INC_PERS_GOV,個人收入,INC_PERS_GOV,個人政府津貼補助/保險收入,range_overlap,2006,95,Q10-2,H2,1,1,999元及以下,1,999 元及以下,exact_range,請問您個人每個月接受「政府津貼補助、各種保險」收入總共是多少？,question_options_95.csv,95+ 同概念；106/110 對象為經濟戶長。106/110 原始 question_options 有抽取錯位，已在建表時修補。 103基準題號：H2。,mapping_relation=exact_range; total_rule=source_question
build_income_expenditure_crosswalk.py,INC_PERS_GOV,個人收入,INC_PERS_GOV,個人政府津貼補助/保險收入,range_overlap,2006,95,Q10-2,H2,1,2,"1,000-1,999元",2,"1,000-1,999 元",exact_range,請問您個人每個月接受「政府津貼補助、各種保險」收入總共是多少？,question_options_95.csv,95+ 同概念；106/110 對象為經濟戶長。106/110 原始 question_options 有抽取錯位，已在建表時修補。 103基準題號：H2。,mapping_relation=exact_range; total_rule=source_question
build_income_expenditure_crosswalk.py,INC_PERS_GOV,個人收入,INC_PERS_GOV,個人政府津貼補助/保險收入,range_overlap,2006,95,Q10-2,H2,1,3,"2,000-3,999 元",3,"2,000-3,999 元",source_bin_preserved_for_numeric_recode,請問您個人每個月接受「政府津貼補助、各種保險」收入總共是多少？,question_options_95.csv,95+ 同概念；106/110 對象為經濟戶長。106/110 原始 question_options 有抽取錯位，已在建表時修補。 103基準題號：H2。,mapping_relation=source_bin_spans_multiple_base_bins; total_rule=source_question
build_income_expenditure_crosswalk.py,INC_PERS_GOV,個人收入,INC_PERS_GOV,個人政府津貼補助/保險收入,range_overlap,2006,95,Q10-2,H2,1,4,"4,000-5,999元",4,"4,000-5,999元",source_bin_preserved_for_numeric_recode,請問您個人每個月接受「政府津貼補助、各種保險」收入總共是多少？,question_options_95.csv,95+ 同概念；106/110 對象為經濟戶長。106/110 原始 question_options 有抽取錯位，已在建表時修補。 103基準題號：H2。,mapping_relation=source_bin_spans_multiple_base_bins; total_rule=source_question
build_income_expenditure_crosswalk.py,INC_PERS_GOV,個人收入,INC_PERS_GOV,個人政府津貼補助/保險收入,range_overlap,2006,95,Q10-2,H2,1,5,"6,000-7,999 元",7,"6,000-7,999 元",exact_range,請問您個人每個月接受「政府津貼補助、各種保險」收入總共是多少？,question_options_95.csv,95+ 同概念；106/110 對象為經濟戶長。106/110 原始 question_options 有抽取錯位，已在建表時修補。 103基準題號：H2。,mapping_relation=exact_range; total_rule=source_question
build_income_expenditure_crosswalk.py,INC_PERS_GOV,個人收入,INC_PERS_GOV,個人政府津貼補助/保險收入,range_overlap,2006,95,Q10-2,H2,1,6,"8,000-9,999元",8,"8,000-9,999 元",exact_range,請問您個人每個月接受「政府津貼補助、各種保險」收入總共是多少？,question_options_95.csv,95+ 同概念；106/110 對象為經濟戶長。106/110 原始 question_options 有抽取錯位，已在建表時修補。 103基準題號：H2。,mapping_relation=exact_range; total_rule=source_question
build_income_expenditure_crosswalk.py,INC_PERS_GOV,個人收入,INC_PERS_GOV,個人政府津貼補助/保險收入,range_overlap,2006,95,Q10-2,H2,1,7,"10,000-14,999 元",9,"10,000-14,999 元",exact_range,請問您個人每個月接受「政府津貼補助、各種保險」收入總共是多少？,question_options_95.csv,95+ 同概念；106/110 對象為經濟戶長。106/110 原始 question_options 有抽取錯位，已在建表時修補。 103基準題號：H2。,mapping_relation=exact_range; total_rule=source_question
build_income_expenditure_crosswalk.py,INC_PERS_GOV,個人收入,INC_PERS_GOV,個人政府津貼補助/保險收入,range_overlap,2006,95,Q10-2,H2,1,8,"15,000-19,999元",10,"15,000-19,999 元",exact_range,請問您個人每個月接受「政府津貼補助、各種保險」收入總共是多少？,question_options_95.csv,95+ 同概念；106/110 對象為經濟戶長。106/110 原始 question_options 有抽取錯位，已在建表時修補。 103基準題號：H2。,mapping_relation=exact_range; total_rule=source_question
build_income_expenditure_crosswalk.py,INC_PERS_GOV,個人收入,INC_PERS_GOV,個人政府津貼補助/保險收入,range_overlap,2006,95,Q10-2,H2,1,9,"20,000-29,999 元",9,"20,000-29,999 元",source_bin_preserved_for_numeric_recode,請問您個人每個月接受「政府津貼補助、各種保險」收入總共是多少？,question_options_95.csv,95+ 同概念；106/110 對象為經濟戶長。106/110 原始 question_options 有抽取錯位，已在建表時修補。 103基準題號：H2。,mapping_relation=no_matching_103_option_bin; total_rule=source_question
build_income_expenditure_crosswalk.py,INC_PERS_GOV,個人收入,INC_PERS_GOV,個人政府津貼補助/保險收入,range_overlap,2006,95,Q10-2,H2,1,90,"30,000 元及以上，請記錄 元",90,"30,000 元及以上，請記錄 元",source_bin_preserved_for_numeric_recode,請問您個人每個月接受「政府津貼補助、各種保險」收入總共是多少？,question_options_95.csv,95+ 同概念；106/110 對象為經濟戶長。106/110 原始 question_options 有抽取錯位，已在建表時修補。 103基準題號：H2。,mapping_relation=no_matching_103_option_bin; total_rule=source_question
build_income_expenditure_crosswalk.py,INC_PERS_GOV,個人收入,INC_PERS_GOV,個人政府津貼補助/保險收入,range_overlap,2006,95,Q10-2,H2,1,95,沒有這項收入,11,沒有這項收入,exact_none,請問您個人每個月接受「政府津貼補助、各種保險」收入總共是多少？,question_options_95.csv,95+ 同概念；106/110 對象為經濟戶長。106/110 原始 question_options 有抽取錯位，已在建表時修補。 103基準題號：H2。,mapping_relation=exact_none; total_rule=source_question
build_income_expenditure_crosswalk.py,INC_PERS_GOV,個人收入,INC_PERS_GOV,個人政府津貼補助/保險收入,range_overlap,2010,99,H2,H2,1,1,999 元及以下,1,999 元及以下,exact_range,請問您個人每個月接受「政府津貼補助、各種保險」收入總共是多少？,question_options_99.csv,95+ 同概念；106/110 對象為經濟戶長。106/110 原始 question_options 有抽取錯位，已在建表時修補。 103基準題號：H2。,mapping_relation=exact_range; total_rule=source_question
build_income_expenditure_crosswalk.py,INC_PERS_GOV,個人收入,INC_PERS_GOV,個人政府津貼補助/保險收入,range_overlap,2010,99,H2,H2,1,2,"1,000-1,999 元",2,"1,000-1,999 元",exact_range,請問您個人每個月接受「政府津貼補助、各種保險」收入總共是多少？,question_options_99.csv,95+ 同概念；106/110 對象為經濟戶長。106/110 原始 question_options 有抽取錯位，已在建表時修補。 103基準題號：H2。,mapping_relation=exact_range; total_rule=source_question
build_income_expenditure_crosswalk.py,INC_PERS_GOV,個人收入,INC_PERS_GOV,個人政府津貼補助/保險收入,range_overlap,2010,99,H2,H2,1,3,"2,000-2,999 元",3,"2,000-2,999 元",exact_range,請問您個人每個月接受「政府津貼補助、各種保險」收入總共是多少？,question_options_99.csv,95+ 同概念；106/110 對象為經濟戶長。106/110 原始 question_options 有抽取錯位，已在建表時修補。 103基準題號：H2。,mapping_relation=exact_range; total_rule=source_question
build_income_expenditure_crosswalk.py,INC_PERS_GOV,個人收入,INC_PERS_GOV,個人政府津貼補助/保險收入,range_overlap,2010,99,H2,H2,1,4,"3,000-3,999 元",4,"3,000-3,999 元",exact_range,請問您個人每個月接受「政府津貼補助、各種保險」收入總共是多少？,question_options_99.csv,95+ 同概念；106/110 對象為經濟戶長。106/110 原始 question_options 有抽取錯位，已在建表時修補。 103基準題號：H2。,mapping_relation=exact_range; total_rule=source_question
build_income_expenditure_crosswalk.py,INC_PERS_GOV,個人收入,INC_PERS_GOV,個人政府津貼補助/保險收入,range_overlap,2010,99,H2,H2,1,5,"4,000-4,999 元",5,"4,000-4,999 元",exact_range,請問您個人每個月接受「政府津貼補助、各種保險」收入總共是多少？,question_options_99.csv,95+ 同概念；106/110 對象為經濟戶長。106/110 原始 question_options 有抽取錯位，已在建表時修補。 103基準題號：H2。,mapping_relation=exact_range; total_rule=source_question
build_income_expenditure_crosswalk.py,INC_PERS_GOV,個人收入,INC_PERS_GOV,個人政府津貼補助/保險收入,range_overlap,2010,99,H2,H2,1,6,"5,000-5,999 元",6,"5,000-5,999 元",exact_range,請問您個人每個月接受「政府津貼補助、各種保險」收入總共是多少？,question_options_99.csv,95+ 同概念；106/110 對象為經濟戶長。106/110 原始 question_options 有抽取錯位，已在建表時修補。 103基準題號：H2。,mapping_relation=exact_range; total_rule=source_question
build_income_expenditure_crosswalk.py,INC_PERS_GOV,個人收入,INC_PERS_GOV,個人政府津貼補助/保險收入,range_overlap,2010,99,H2,H2,1,7,"6,000-7,999 元",7,"6,000-7,999 元",exact_range,請問您個人每個月接受「政府津貼補助、各種保險」收入總共是多少？,question_options_99.csv,95+ 同概念；106/110 對象為經濟戶長。106/110 原始 question_options 有抽取錯位，已在建表時修補。 103基準題號：H2。,mapping_relation=exact_range; total_rule=source_question
build_income_expenditure_crosswalk.py,INC_PERS_GOV,個人收入,INC_PERS_GOV,個人政府津貼補助/保險收入,range_overlap,2010,99,H2,H2,1,8,"8,000-9,999 元",8,"8,000-9,999 元",exact_range,請問您個人每個月接受「政府津貼補助、各種保險」收入總共是多少？,question_options_99.csv,95+ 同概念；106/110 對象為經濟戶長。106/110 原始 question_options 有抽取錯位，已在建表時修補。 103基準題號：H2。,mapping_relation=exact_range; total_rule=source_question
build_income_expenditure_crosswalk.py,INC_PERS_GOV,個人收入,INC_PERS_GOV,個人政府津貼補助/保險收入,range_overlap,2010,99,H2,H2,1,9,"10,000-14,999 元",9,"10,000-14,999 元",exact_range,請問您個人每個月接受「政府津貼補助、各種保險」收入總共是多少？,question_options_99.csv,95+ 同概念；106/110 對象為經濟戶長。106/110 原始 question_options 有抽取錯位，已在建表時修補。 103基準題號：H2。,mapping_relation=exact_range; total_rule=source_question
build_income_expenditure_crosswalk.py,INC_PERS_GOV,個人收入,INC_PERS_GOV,個人政府津貼補助/保險收入,range_overlap,2010,99,H2,H2,1,10,"15,000-19,999 元",10,"15,000-19,999 元",exact_range,請問您個人每個月接受「政府津貼補助、各種保險」收入總共是多少？,question_options_99.csv,95+ 同概念；106/110 對象為經濟戶長。106/110 原始 question_options 有抽取錯位，已在建表時修補。 103基準題號：H2。,mapping_relation=exact_range; total_rule=source_question
build_income_expenditure_crosswalk.py,INC_PERS_GOV,個人收入,INC_PERS_GOV,個人政府津貼補助/保險收入,range_overlap,2010,99,H2,H2,1,11,"20,000-29,999 元",11,"20,000-29,999 元",source_bin_preserved_for_numeric_recode,請問您個人每個月接受「政府津貼補助、各種保險」收入總共是多少？,question_options_99.csv,95+ 同概念；106/110 對象為經濟戶長。106/110 原始 question_options 有抽取錯位，已在建表時修補。 103基準題號：H2。,mapping_relation=no_matching_103_option_bin; total_rule=source_question
build_income_expenditure_crosswalk.py,INC_PERS_GOV,個人收入,INC_PERS_GOV,個人政府津貼補助/保險收入,range_overlap,2010,99,H2,H2,1,12,"30,000 元及以上，請記錄 元",12,"30,000 元及以上，請記錄 元",source_bin_preserved_for_numeric_recode,請問您個人每個月接受「政府津貼補助、各種保險」收入總共是多少？,question_options_99.csv,95+ 同概念；106/110 對象為經濟戶長。106/110 原始 question_options 有抽取錯位，已在建表時修補。 103基準題號：H2。,mapping_relation=no_matching_103_option_bin; total_rule=source_question
build_income_expenditure_crosswalk.py,INC_PERS_GOV,個人收入,INC_PERS_GOV,個人政府津貼補助/保險收入,range_overlap,2010,99,H2,H2,1,13,沒有這項收入,11,沒有這項收入,exact_none,請問您個人每個月接受「政府津貼補助、各種保險」收入總共是多少？,question_options_99.csv,95+ 同概念；106/110 對象為經濟戶長。106/110 原始 question_options 有抽取錯位，已在建表時修補。 103基準題號：H2。,mapping_relation=exact_none; total_rule=source_question
build_income_expenditure_crosswalk.py,INC_PERS_GOV,個人收入,INC_PERS_GOV,個人政府津貼補助/保險收入,range_overlap,2014,103,H2,H2,1,1,999 元及以下,1,999 元及以下,exact_range,請問您個人每個月接受「政府津貼補助、各種社會保險、私人保險」收入總共是多少？,question_options_103.csv,95+ 同概念；106/110 對象為經濟戶長。106/110 原始 question_options 有抽取錯位，已在建表時修補。 103基準題號：H2。,mapping_relation=exact_range; total_rule=source_question
build_income_expenditure_crosswalk.py,INC_PERS_GOV,個人收入,INC_PERS_GOV,個人政府津貼補助/保險收入,range_overlap,2014,103,H2,H2,1,2,"1,000-1,999 元",2,"1,000-1,999 元",exact_range,請問您個人每個月接受「政府津貼補助、各種社會保險、私人保險」收入總共是多少？,question_options_103.csv,95+ 同概念；106/110 對象為經濟戶長。106/110 原始 question_options 有抽取錯位，已在建表時修補。 103基準題號：H2。,mapping_relation=exact_range; total_rule=source_question
build_income_expenditure_crosswalk.py,INC_PERS_GOV,個人收入,INC_PERS_GOV,個人政府津貼補助/保險收入,range_overlap,2014,103,H2,H2,1,3,"2,000-2,999 元",3,"2,000-2,999 元",exact_range,請問您個人每個月接受「政府津貼補助、各種社會保險、私人保險」收入總共是多少？,question_options_103.csv,95+ 同概念；106/110 對象為經濟戶長。106/110 原始 question_options 有抽取錯位，已在建表時修補。 103基準題號：H2。,mapping_relation=exact_range; total_rule=source_question
build_income_expenditure_crosswalk.py,INC_PERS_GOV,個人收入,INC_PERS_GOV,個人政府津貼補助/保險收入,range_overlap,2014,103,H2,H2,1,4,"3,000-3,999 元",4,"3,000-3,999 元",exact_range,請問您個人每個月接受「政府津貼補助、各種社會保險、私人保險」收入總共是多少？,question_options_103.csv,95+ 同概念；106/110 對象為經濟戶長。106/110 原始 question_options 有抽取錯位，已在建表時修補。 103基準題號：H2。,mapping_relation=exact_range; total_rule=source_question
build_income_expenditure_crosswalk.py,INC_PERS_GOV,個人收入,INC_PERS_GOV,個人政府津貼補助/保險收入,range_overlap,2014,103,H2,H2,1,5,"4,000-4,999 元",5,"4,000-4,999 元",exact_range,請問您個人每個月接受「政府津貼補助、各種社會保險、私人保險」收入總共是多少？,question_options_103.csv,95+ 同概念；106/110 對象為經濟戶長。106/110 原始 question_options 有抽取錯位，已在建表時修補。 103基準題號：H2。,mapping_relation=exact_range; total_rule=source_question
build_income_expenditure_crosswalk.py,INC_PERS_GOV,個人收入,INC_PERS_GOV,個人政府津貼補助/保險收入,range_overlap,2014,103,H2,H2,1,6,"5,000-5,999 元",6,"5,000-5,999 元",exact_range,請問您個人每個月接受「政府津貼補助、各種社會保險、私人保險」收入總共是多少？,question_options_103.csv,95+ 同概念；106/110 對象為經濟戶長。106/110 原始 question_options 有抽取錯位，已在建表時修補。 103基準題號：H2。,mapping_relation=exact_range; total_rule=source_question
build_income_expenditure_crosswalk.py,INC_PERS_GOV,個人收入,INC_PERS_GOV,個人政府津貼補助/保險收入,range_overlap,2014,103,H2,H2,1,7,"6,000-7,999 元",7,"6,000-7,999 元",exact_range,請問您個人每個月接受「政府津貼補助、各種社會保險、私人保險」收入總共是多少？,question_options_103.csv,95+ 同概念；106/110 對象為經濟戶長。106/110 原始 question_options 有抽取錯位，已在建表時修補。 103基準題號：H2。,mapping_relation=exact_range; total_rule=source_question
build_income_expenditure_crosswalk.py,INC_PERS_GOV,個人收入,INC_PERS_GOV,個人政府津貼補助/保險收入,range_overlap,2014,103,H2,H2,1,8,"8,000-9,999 元",8,"8,000-9,999 元",exact_range,請問您個人每個月接受「政府津貼補助、各種社會保險、私人保險」收入總共是多少？,question_options_103.csv,95+ 同概念；106/110 對象為經濟戶長。106/110 原始 question_options 有抽取錯位，已在建表時修補。 103基準題號：H2。,mapping_relation=exact_range; total_rule=source_question
build_income_expenditure_crosswalk.py,INC_PERS_GOV,個人收入,INC_PERS_GOV,個人政府津貼補助/保險收入,range_overlap,2014,103,H2,H2,1,9,"10,000-14,999 元",9,"10,000-14,999 元",exact_range,請問您個人每個月接受「政府津貼補助、各種社會保險、私人保險」收入總共是多少？,question_options_103.csv,95+ 同概念；106/110 對象為經濟戶長。106/110 原始 question_options 有抽取錯位，已在建表時修補。 103基準題號：H2。,mapping_relation=exact_range; total_rule=source_question
build_income_expenditure_crosswalk.py,INC_PERS_GOV,個人收入,INC_PERS_GOV,個人政府津貼補助/保險收入,range_overlap,2014,103,H2,H2,1,10,"15,000-19,999 元",10,"15,000-19,999 元",exact_range,請問您個人每個月接受「政府津貼補助、各種社會保險、私人保險」收入總共是多少？,question_options_103.csv,95+ 同概念；106/110 對象為經濟戶長。106/110 原始 question_options 有抽取錯位，已在建表時修補。 103基準題號：H2。,mapping_relation=exact_range; total_rule=source_question
build_income_expenditure_crosswalk.py,INC_PERS_GOV,個人收入,INC_PERS_GOV,個人政府津貼補助/保險收入,range_overlap,2014,103,H2,H2,1,11,沒有這項收入,11,沒有這項收入,exact_none,請問您個人每個月接受「政府津貼補助、各種社會保險、私人保險」收入總共是多少？,question_options_103.csv,95+ 同概念；106/110 對象為經濟戶長。106/110 原始 question_options 有抽取錯位，已在建表時修補。 103基準題號：H2。,mapping_relation=exact_none; total_rule=source_question
build_income_expenditure_crosswalk.py,INC_PERS_GOV,個人收入,INC_PERS_GOV,個人政府津貼補助/保險收入,range_overlap,2017,106,J2,H2,1,1,"未滿1,000元",1,999 元及以下,exact_range,請問經濟戶長個人每個月接受「政府津貼補助、各種社會保險、私人保險受益」收入總共是多少？【106年平均每個月的金額】,question_options_106.csv,95+ 同概念；106/110 對象為經濟戶長。106/110 原始 question_options 有抽取錯位，已在建表時修補。 103基準題號：H2。,mapping_relation=exact_range; total_rule=source_question
build_income_expenditure_crosswalk.py,INC_PERS_GOV,個人收入,INC_PERS_GOV,個人政府津貼補助/保險收入,range_overlap,2017,106,J2,H2,1,2,"1,000 元-未滿2,000元",2,"1,000-1,999 元",exact_range,請問經濟戶長個人每個月接受「政府津貼補助、各種社會保險、私人保險受益」收入總共是多少？【106年平均每個月的金額】,question_options_106.csv,95+ 同概念；106/110 對象為經濟戶長。106/110 原始 question_options 有抽取錯位，已在建表時修補。 103基準題號：H2。,mapping_relation=exact_range; total_rule=source_question
build_income_expenditure_crosswalk.py,INC_PERS_GOV,個人收入,INC_PERS_GOV,個人政府津貼補助/保險收入,range_overlap,2017,106,J2,H2,1,3,"2,000 元-未滿3,000元",3,"2,000-2,999 元",exact_range,請問經濟戶長個人每個月接受「政府津貼補助、各種社會保險、私人保險受益」收入總共是多少？【106年平均每個月的金額】,question_options_106.csv,95+ 同概念；106/110 對象為經濟戶長。106/110 原始 question_options 有抽取錯位，已在建表時修補。 103基準題號：H2。,mapping_relation=exact_range; total_rule=source_question
build_income_expenditure_crosswalk.py,INC_PERS_GOV,個人收入,INC_PERS_GOV,個人政府津貼補助/保險收入,range_overlap,2017,106,J2,H2,1,4,"3,000 元-未滿4,000元",4,"3,000-3,999 元",exact_range,請問經濟戶長個人每個月接受「政府津貼補助、各種社會保險、私人保險受益」收入總共是多少？【106年平均每個月的金額】,question_options_106.csv,95+ 同概念；106/110 對象為經濟戶長。106/110 原始 question_options 有抽取錯位，已在建表時修補。 103基準題號：H2。,mapping_relation=exact_range; total_rule=source_question
build_income_expenditure_crosswalk.py,INC_PERS_GOV,個人收入,INC_PERS_GOV,個人政府津貼補助/保險收入,range_overlap,2017,106,J2,H2,1,5,"4,000 元-未滿5,000元",5,"4,000-4,999 元",exact_range,請問經濟戶長個人每個月接受「政府津貼補助、各種社會保險、私人保險受益」收入總共是多少？【106年平均每個月的金額】,question_options_106.csv,95+ 同概念；106/110 對象為經濟戶長。106/110 原始 question_options 有抽取錯位，已在建表時修補。 103基準題號：H2。,mapping_relation=exact_range; total_rule=source_question
build_income_expenditure_crosswalk.py,INC_PERS_GOV,個人收入,INC_PERS_GOV,個人政府津貼補助/保險收入,range_overlap,2017,106,J2,H2,1,6,"5,000 元-未滿6,000元",6,"5,000-5,999 元",exact_range,請問經濟戶長個人每個月接受「政府津貼補助、各種社會保險、私人保險受益」收入總共是多少？【106年平均每個月的金額】,question_options_106.csv,95+ 同概念；106/110 對象為經濟戶長。106/110 原始 question_options 有抽取錯位，已在建表時修補。 103基準題號：H2。,mapping_relation=exact_range; total_rule=source_question
build_income_expenditure_crosswalk.py,INC_PERS_GOV,個人收入,INC_PERS_GOV,個人政府津貼補助/保險收入,range_overlap,2017,106,J2,H2,1,7,"6,000 元-未滿8,000元",7,"6,000-7,999 元",exact_range,請問經濟戶長個人每個月接受「政府津貼補助、各種社會保險、私人保險受益」收入總共是多少？【106年平均每個月的金額】,question_options_106.csv,95+ 同概念；106/110 對象為經濟戶長。106/110 原始 question_options 有抽取錯位，已在建表時修補。 103基準題號：H2。,mapping_relation=exact_range; total_rule=source_question
build_income_expenditure_crosswalk.py,INC_PERS_GOV,個人收入,INC_PERS_GOV,個人政府津貼補助/保險收入,range_overlap,2017,106,J2,H2,1,8,"8,000 元-未滿10,000元",8,"8,000-9,999 元",exact_range,請問經濟戶長個人每個月接受「政府津貼補助、各種社會保險、私人保險受益」收入總共是多少？【106年平均每個月的金額】,question_options_106.csv,95+ 同概念；106/110 對象為經濟戶長。106/110 原始 question_options 有抽取錯位，已在建表時修補。 103基準題號：H2。,mapping_relation=exact_range; total_rule=source_question
build_income_expenditure_crosswalk.py,INC_PERS_GOV,個人收入,INC_PERS_GOV,個人政府津貼補助/保險收入,range_overlap,2017,106,J2,H2,1,9,"10,000元-未滿15,000元",9,"10,000-14,999 元",exact_range,請問經濟戶長個人每個月接受「政府津貼補助、各種社會保險、私人保險受益」收入總共是多少？【106年平均每個月的金額】,question_options_106.csv,95+ 同概念；106/110 對象為經濟戶長。106/110 原始 question_options 有抽取錯位，已在建表時修補。 103基準題號：H2。,mapping_relation=exact_range; total_rule=source_question
build_income_expenditure_crosswalk.py,INC_PERS_GOV,個人收入,INC_PERS_GOV,個人政府津貼補助/保險收入,range_overlap,2017,106,J2,H2,1,10,"15,000元-未滿20,000元",10,"15,000-19,999 元",exact_range,請問經濟戶長個人每個月接受「政府津貼補助、各種社會保險、私人保險受益」收入總共是多少？【106年平均每個月的金額】,question_options_106.csv,95+ 同概念；106/110 對象為經濟戶長。106/110 原始 question_options 有抽取錯位，已在建表時修補。 103基準題號：H2。,mapping_relation=exact_range; total_rule=source_question
build_income_expenditure_crosswalk.py,INC_PERS_GOV,個人收入,INC_PERS_GOV,個人政府津貼補助/保險收入,range_overlap,2017,106,J2,H2,1,11,"20,000元-未滿30,000元",11,"20,000元-未滿30,000元",source_bin_preserved_for_numeric_recode,請問經濟戶長個人每個月接受「政府津貼補助、各種社會保險、私人保險受益」收入總共是多少？【106年平均每個月的金額】,question_options_106.csv,95+ 同概念；106/110 對象為經濟戶長。106/110 原始 question_options 有抽取錯位，已在建表時修補。 103基準題號：H2。,mapping_relation=no_matching_103_option_bin; total_rule=source_question
build_income_expenditure_crosswalk.py,INC_PERS_GOV,個人收入,INC_PERS_GOV,個人政府津貼補助/保險收入,range_overlap,2017,106,J2,H2,1,12,"30,000元以上，請記錄________元",12,"30,000元以上，請記錄________元",source_bin_preserved_for_numeric_recode,請問經濟戶長個人每個月接受「政府津貼補助、各種社會保險、私人保險受益」收入總共是多少？【106年平均每個月的金額】,question_options_106.csv,95+ 同概念；106/110 對象為經濟戶長。106/110 原始 question_options 有抽取錯位，已在建表時修補。 103基準題號：H2。,mapping_relation=no_matching_103_option_bin; total_rule=source_question
build_income_expenditure_crosswalk.py,INC_PERS_GOV,個人收入,INC_PERS_GOV,個人政府津貼補助/保險收入,range_overlap,2017,106,J2,H2,1,13.0,沒有這項收入,11,沒有這項收入,exact_none,請問經濟戶長個人每個月接受「政府津貼補助、各種社會保險、私人保險受益」收入總共是多少？【106年平均每個月的金額】,question_options_106.csv,95+ 同概念；106/110 對象為經濟戶長。106/110 原始 question_options 有抽取錯位，已在建表時修補。 103基準題號：H2。,mapping_relation=exact_none; total_rule=source_question
build_income_expenditure_crosswalk.py,INC_PERS_GOV,個人收入,INC_PERS_GOV,個人政府津貼補助/保險收入,range_overlap,2021,110,E2,H2,1,1,"未滿1,000元",1,999 元及以下,exact_range,請問經濟戶長個人每個月接受「政府津貼補助、各種社會保險、私人保險受益」收入總共是多少？【110年平均每個月的金額】,question_options_110.csv,95+ 同概念；106/110 對象為經濟戶長。106/110 原始 question_options 有抽取錯位，已在建表時修補。 103基準題號：H2。,mapping_relation=exact_range; total_rule=source_question
build_income_expenditure_crosswalk.py,INC_PERS_GOV,個人收入,INC_PERS_GOV,個人政府津貼補助/保險收入,range_overlap,2021,110,E2,H2,1,2,"1,000 元-未滿2,000元",2,"1,000-1,999 元",exact_range,請問經濟戶長個人每個月接受「政府津貼補助、各種社會保險、私人保險受益」收入總共是多少？【110年平均每個月的金額】,question_options_110.csv,95+ 同概念；106/110 對象為經濟戶長。106/110 原始 question_options 有抽取錯位，已在建表時修補。 103基準題號：H2。,mapping_relation=exact_range; total_rule=source_question
build_income_expenditure_crosswalk.py,INC_PERS_GOV,個人收入,INC_PERS_GOV,個人政府津貼補助/保險收入,range_overlap,2021,110,E2,H2,1,3,"2,000 元-未滿3,000元",3,"2,000-2,999 元",exact_range,請問經濟戶長個人每個月接受「政府津貼補助、各種社會保險、私人保險受益」收入總共是多少？【110年平均每個月的金額】,question_options_110.csv,95+ 同概念；106/110 對象為經濟戶長。106/110 原始 question_options 有抽取錯位，已在建表時修補。 103基準題號：H2。,mapping_relation=exact_range; total_rule=source_question
build_income_expenditure_crosswalk.py,INC_PERS_GOV,個人收入,INC_PERS_GOV,個人政府津貼補助/保險收入,range_overlap,2021,110,E2,H2,1,4,"3,000 元-未滿4,000元",4,"3,000-3,999 元",exact_range,請問經濟戶長個人每個月接受「政府津貼補助、各種社會保險、私人保險受益」收入總共是多少？【110年平均每個月的金額】,question_options_110.csv,95+ 同概念；106/110 對象為經濟戶長。106/110 原始 question_options 有抽取錯位，已在建表時修補。 103基準題號：H2。,mapping_relation=exact_range; total_rule=source_question
build_income_expenditure_crosswalk.py,INC_PERS_GOV,個人收入,INC_PERS_GOV,個人政府津貼補助/保險收入,range_overlap,2021,110,E2,H2,1,5,"4,000 元-未滿5,000元",5,"4,000-4,999 元",exact_range,請問經濟戶長個人每個月接受「政府津貼補助、各種社會保險、私人保險受益」收入總共是多少？【110年平均每個月的金額】,question_options_110.csv,95+ 同概念；106/110 對象為經濟戶長。106/110 原始 question_options 有抽取錯位，已在建表時修補。 103基準題號：H2。,mapping_relation=exact_range; total_rule=source_question
build_income_expenditure_crosswalk.py,INC_PERS_GOV,個人收入,INC_PERS_GOV,個人政府津貼補助/保險收入,range_overlap,2021,110,E2,H2,1,6,"5,000 元-未滿6,000元",6,"5,000-5,999 元",exact_range,請問經濟戶長個人每個月接受「政府津貼補助、各種社會保險、私人保險受益」收入總共是多少？【110年平均每個月的金額】,question_options_110.csv,95+ 同概念；106/110 對象為經濟戶長。106/110 原始 question_options 有抽取錯位，已在建表時修補。 103基準題號：H2。,mapping_relation=exact_range; total_rule=source_question
build_income_expenditure_crosswalk.py,INC_PERS_GOV,個人收入,INC_PERS_GOV,個人政府津貼補助/保險收入,range_overlap,2021,110,E2,H2,1,7,"6,000 元-未滿8,000元",7,"6,000-7,999 元",exact_range,請問經濟戶長個人每個月接受「政府津貼補助、各種社會保險、私人保險受益」收入總共是多少？【110年平均每個月的金額】,question_options_110.csv,95+ 同概念；106/110 對象為經濟戶長。106/110 原始 question_options 有抽取錯位，已在建表時修補。 103基準題號：H2。,mapping_relation=exact_range; total_rule=source_question
build_income_expenditure_crosswalk.py,INC_PERS_GOV,個人收入,INC_PERS_GOV,個人政府津貼補助/保險收入,range_overlap,2021,110,E2,H2,1,8,"8,000 元-未滿10,000元",8,"8,000-9,999 元",exact_range,請問經濟戶長個人每個月接受「政府津貼補助、各種社會保險、私人保險受益」收入總共是多少？【110年平均每個月的金額】,question_options_110.csv,95+ 同概念；106/110 對象為經濟戶長。106/110 原始 question_options 有抽取錯位，已在建表時修補。 103基準題號：H2。,mapping_relation=exact_range; total_rule=source_question
build_income_expenditure_crosswalk.py,INC_PERS_GOV,個人收入,INC_PERS_GOV,個人政府津貼補助/保險收入,range_overlap,2021,110,E2,H2,1,9,"10,000元-未滿15,000元",9,"10,000-14,999 元",exact_range,請問經濟戶長個人每個月接受「政府津貼補助、各種社會保險、私人保險受益」收入總共是多少？【110年平均每個月的金額】,question_options_110.csv,95+ 同概念；106/110 對象為經濟戶長。106/110 原始 question_options 有抽取錯位，已在建表時修補。 103基準題號：H2。,mapping_relation=exact_range; total_rule=source_question
build_income_expenditure_crosswalk.py,INC_PERS_GOV,個人收入,INC_PERS_GOV,個人政府津貼補助/保險收入,range_overlap,2021,110,E2,H2,1,10,"15,000元-未滿20,000元",10,"15,000-19,999 元",exact_range,請問經濟戶長個人每個月接受「政府津貼補助、各種社會保險、私人保險受益」收入總共是多少？【110年平均每個月的金額】,question_options_110.csv,95+ 同概念；106/110 對象為經濟戶長。106/110 原始 question_options 有抽取錯位，已在建表時修補。 103基準題號：H2。,mapping_relation=exact_range; total_rule=source_question
build_income_expenditure_crosswalk.py,INC_PERS_GOV,個人收入,INC_PERS_GOV,個人政府津貼補助/保險收入,range_overlap,2021,110,E2,H2,1,11,"20,000元-未滿30,000元",11,"20,000元-未滿30,000元",source_bin_preserved_for_numeric_recode,請問經濟戶長個人每個月接受「政府津貼補助、各種社會保險、私人保險受益」收入總共是多少？【110年平均每個月的金額】,question_options_110.csv,95+ 同概念；106/110 對象為經濟戶長。106/110 原始 question_options 有抽取錯位，已在建表時修補。 103基準題號：H2。,mapping_relation=no_matching_103_option_bin; total_rule=source_question
build_income_expenditure_crosswalk.py,INC_PERS_GOV,個人收入,INC_PERS_GOV,個人政府津貼補助/保險收入,range_overlap,2021,110,E2,H2,1,12,"30,000元以上，請記錄________元",12,"30,000元以上，請記錄________元",source_bin_preserved_for_numeric_recode,請問經濟戶長個人每個月接受「政府津貼補助、各種社會保險、私人保險受益」收入總共是多少？【110年平均每個月的金額】,question_options_110.csv,95+ 同概念；106/110 對象為經濟戶長。106/110 原始 question_options 有抽取錯位，已在建表時修補。 103基準題號：H2。,mapping_relation=no_matching_103_option_bin; total_rule=source_question
build_income_expenditure_crosswalk.py,INC_PERS_GOV,個人收入,INC_PERS_GOV,個人政府津貼補助/保險收入,range_overlap,2021,110,E2,H2,1,13.0,沒有這項收入,11,沒有這項收入,exact_none,請問經濟戶長個人每個月接受「政府津貼補助、各種社會保險、私人保險受益」收入總共是多少？【110年平均每個月的金額】,question_options_110.csv,95+ 同概念；106/110 對象為經濟戶長。106/110 原始 question_options 有抽取錯位，已在建表時修補。 103基準題號：H2。,mapping_relation=exact_none; total_rule=source_question
build_income_expenditure_crosswalk.py,INC_PERS_TRANSFER,個人收入,INC_PERS_TRANSFER,個人私人移轉/紅白包/救濟慰問收入,question_not_available,2002,91_1,,H3,,,,,,not_available_in_source_dataset,,question_options_91_1.csv,103+ 更明確；95 將其他收入拆成利息、租金、其他，未見此獨立項。106/110 對象為經濟戶長。 103基準題號：H3。,mapping_relation=not_available_in_source_dataset; total_rule=source_question
build_income_expenditure_crosswalk.py,INC_PERS_TRANSFER,個人收入,INC_PERS_TRANSFER,個人私人移轉/紅白包/救濟慰問收入,question_not_available,2002,91_2,,H3,,,,,,not_available_in_source_dataset,,question_options_91_2.csv,103+ 更明確；95 將其他收入拆成利息、租金、其他，未見此獨立項。106/110 對象為經濟戶長。 103基準題號：H3。,mapping_relation=not_available_in_source_dataset; total_rule=source_question
build_income_expenditure_crosswalk.py,INC_PERS_TRANSFER,個人收入,INC_PERS_TRANSFER,個人私人移轉/紅白包/救濟慰問收入,question_not_available,2006,95,,H3,,,,,,not_available_in_source_dataset,,question_options_95.csv,103+ 更明確；95 將其他收入拆成利息、租金、其他，未見此獨立項。106/110 對象為經濟戶長。 103基準題號：H3。,mapping_relation=not_available_in_source_dataset; total_rule=source_question
build_income_expenditure_crosswalk.py,INC_PERS_TRANSFER,個人收入,INC_PERS_TRANSFER,個人私人移轉/紅白包/救濟慰問收入,question_not_available,2010,99,,H3,,,,,,not_available_in_source_dataset,,question_options_99.csv,103+ 更明確；95 將其他收入拆成利息、租金、其他，未見此獨立項。106/110 對象為經濟戶長。 103基準題號：H3。,mapping_relation=not_available_in_source_dataset; total_rule=source_question
build_income_expenditure_crosswalk.py,INC_PERS_TRANSFER,個人收入,INC_PERS_TRANSFER,個人私人移轉/紅白包/救濟慰問收入,range_overlap,2014,103,H3,H3,1,1,999 元及以下,1,999 元及以下,exact_range,請問您個人每個月「紅白包禮金、私人發給救濟金/慰問金、向私人借住房屋省下的房租」收入總,question_options_103.csv,103+ 更明確；95 將其他收入拆成利息、租金、其他，未見此獨立項。106/110 對象為經濟戶長。 103基準題號：H3。,mapping_relation=exact_range; total_rule=source_question
build_income_expenditure_crosswalk.py,INC_PERS_TRANSFER,個人收入,INC_PERS_TRANSFER,個人私人移轉/紅白包/救濟慰問收入,range_overlap,2014,103,H3,H3,1,2,"1,000-1,999 元",2,"1,000-1,999 元",exact_range,請問您個人每個月「紅白包禮金、私人發給救濟金/慰問金、向私人借住房屋省下的房租」收入總,question_options_103.csv,103+ 更明確；95 將其他收入拆成利息、租金、其他，未見此獨立項。106/110 對象為經濟戶長。 103基準題號：H3。,mapping_relation=exact_range; total_rule=source_question
build_income_expenditure_crosswalk.py,INC_PERS_TRANSFER,個人收入,INC_PERS_TRANSFER,個人私人移轉/紅白包/救濟慰問收入,range_overlap,2014,103,H3,H3,1,3,"2,000-2,999 元",3,"2,000-2,999 元",exact_range,請問您個人每個月「紅白包禮金、私人發給救濟金/慰問金、向私人借住房屋省下的房租」收入總,question_options_103.csv,103+ 更明確；95 將其他收入拆成利息、租金、其他，未見此獨立項。106/110 對象為經濟戶長。 103基準題號：H3。,mapping_relation=exact_range; total_rule=source_question
build_income_expenditure_crosswalk.py,INC_PERS_TRANSFER,個人收入,INC_PERS_TRANSFER,個人私人移轉/紅白包/救濟慰問收入,range_overlap,2014,103,H3,H3,1,4,"3,000-3,999 元",4,"3,000-3,999 元",exact_range,請問您個人每個月「紅白包禮金、私人發給救濟金/慰問金、向私人借住房屋省下的房租」收入總,question_options_103.csv,103+ 更明確；95 將其他收入拆成利息、租金、其他，未見此獨立項。106/110 對象為經濟戶長。 103基準題號：H3。,mapping_relation=exact_range; total_rule=source_question
build_income_expenditure_crosswalk.py,INC_PERS_TRANSFER,個人收入,INC_PERS_TRANSFER,個人私人移轉/紅白包/救濟慰問收入,range_overlap,2014,103,H3,H3,1,5,"4,000-4,999 元",5,"4,000-4,999 元",exact_range,請問您個人每個月「紅白包禮金、私人發給救濟金/慰問金、向私人借住房屋省下的房租」收入總,question_options_103.csv,103+ 更明確；95 將其他收入拆成利息、租金、其他，未見此獨立項。106/110 對象為經濟戶長。 103基準題號：H3。,mapping_relation=exact_range; total_rule=source_question
build_income_expenditure_crosswalk.py,INC_PERS_TRANSFER,個人收入,INC_PERS_TRANSFER,個人私人移轉/紅白包/救濟慰問收入,range_overlap,2014,103,H3,H3,1,6,"5,000-5,999 元",6,"5,000-5,999 元",exact_range,請問您個人每個月「紅白包禮金、私人發給救濟金/慰問金、向私人借住房屋省下的房租」收入總,question_options_103.csv,103+ 更明確；95 將其他收入拆成利息、租金、其他，未見此獨立項。106/110 對象為經濟戶長。 103基準題號：H3。,mapping_relation=exact_range; total_rule=source_question
build_income_expenditure_crosswalk.py,INC_PERS_TRANSFER,個人收入,INC_PERS_TRANSFER,個人私人移轉/紅白包/救濟慰問收入,range_overlap,2014,103,H3,H3,1,7,"6,000-7,999 元",7,"6,000-7,999 元",exact_range,請問您個人每個月「紅白包禮金、私人發給救濟金/慰問金、向私人借住房屋省下的房租」收入總,question_options_103.csv,103+ 更明確；95 將其他收入拆成利息、租金、其他，未見此獨立項。106/110 對象為經濟戶長。 103基準題號：H3。,mapping_relation=exact_range; total_rule=source_question
build_income_expenditure_crosswalk.py,INC_PERS_TRANSFER,個人收入,INC_PERS_TRANSFER,個人私人移轉/紅白包/救濟慰問收入,range_overlap,2014,103,H3,H3,1,8,"8,000-9,999 元",8,"8,000-9,999 元",exact_range,請問您個人每個月「紅白包禮金、私人發給救濟金/慰問金、向私人借住房屋省下的房租」收入總,question_options_103.csv,103+ 更明確；95 將其他收入拆成利息、租金、其他，未見此獨立項。106/110 對象為經濟戶長。 103基準題號：H3。,mapping_relation=exact_range; total_rule=source_question
build_income_expenditure_crosswalk.py,INC_PERS_TRANSFER,個人收入,INC_PERS_TRANSFER,個人私人移轉/紅白包/救濟慰問收入,range_overlap,2014,103,H3,H3,1,9,"10,000-14,999 元",9,"10,000-14,999 元",exact_range,請問您個人每個月「紅白包禮金、私人發給救濟金/慰問金、向私人借住房屋省下的房租」收入總,question_options_103.csv,103+ 更明確；95 將其他收入拆成利息、租金、其他，未見此獨立項。106/110 對象為經濟戶長。 103基準題號：H3。,mapping_relation=exact_range; total_rule=source_question
build_income_expenditure_crosswalk.py,INC_PERS_TRANSFER,個人收入,INC_PERS_TRANSFER,個人私人移轉/紅白包/救濟慰問收入,range_overlap,2014,103,H3,H3,1,10,"15,000-19,999 元",10,"15,000-19,999 元",exact_range,請問您個人每個月「紅白包禮金、私人發給救濟金/慰問金、向私人借住房屋省下的房租」收入總,question_options_103.csv,103+ 更明確；95 將其他收入拆成利息、租金、其他，未見此獨立項。106/110 對象為經濟戶長。 103基準題號：H3。,mapping_relation=exact_range; total_rule=source_question
build_income_expenditure_crosswalk.py,INC_PERS_TRANSFER,個人收入,INC_PERS_TRANSFER,個人私人移轉/紅白包/救濟慰問收入,range_overlap,2014,103,H3,H3,1,11,沒有這項收入,11,沒有這項收入,exact_none,請問您個人每個月「紅白包禮金、私人發給救濟金/慰問金、向私人借住房屋省下的房租」收入總,question_options_103.csv,103+ 更明確；95 將其他收入拆成利息、租金、其他，未見此獨立項。106/110 對象為經濟戶長。 103基準題號：H3。,mapping_relation=exact_none; total_rule=source_question
build_income_expenditure_crosswalk.py,INC_PERS_TRANSFER,個人收入,INC_PERS_TRANSFER,個人私人移轉/紅白包/救濟慰問收入,range_overlap,2017,106,J3,H3,1,1,"未滿1,000元",1,999 元及以下,exact_range,請問經濟戶長個人每個月「紅白包禮金、私人發給救濟金/慰問金/獎助學金、向私人借住房屋省,question_options_106.csv,103+ 更明確；95 將其他收入拆成利息、租金、其他，未見此獨立項。106/110 對象為經濟戶長。 103基準題號：H3。,mapping_relation=exact_range; total_rule=source_question
build_income_expenditure_crosswalk.py,INC_PERS_TRANSFER,個人收入,INC_PERS_TRANSFER,個人私人移轉/紅白包/救濟慰問收入,range_overlap,2017,106,J3,H3,1,2,"1,000 元-未滿2,000元",2,"1,000-1,999 元",exact_range,請問經濟戶長個人每個月「紅白包禮金、私人發給救濟金/慰問金/獎助學金、向私人借住房屋省,question_options_106.csv,103+ 更明確；95 將其他收入拆成利息、租金、其他，未見此獨立項。106/110 對象為經濟戶長。 103基準題號：H3。,mapping_relation=exact_range; total_rule=source_question
build_income_expenditure_crosswalk.py,INC_PERS_TRANSFER,個人收入,INC_PERS_TRANSFER,個人私人移轉/紅白包/救濟慰問收入,range_overlap,2017,106,J3,H3,1,3,"2,000 元-未滿3,000元",3,"2,000-2,999 元",exact_range,請問經濟戶長個人每個月「紅白包禮金、私人發給救濟金/慰問金/獎助學金、向私人借住房屋省,question_options_106.csv,103+ 更明確；95 將其他收入拆成利息、租金、其他，未見此獨立項。106/110 對象為經濟戶長。 103基準題號：H3。,mapping_relation=exact_range; total_rule=source_question
build_income_expenditure_crosswalk.py,INC_PERS_TRANSFER,個人收入,INC_PERS_TRANSFER,個人私人移轉/紅白包/救濟慰問收入,range_overlap,2017,106,J3,H3,1,4,"3,000 元-未滿4,000元",4,"3,000-3,999 元",exact_range,請問經濟戶長個人每個月「紅白包禮金、私人發給救濟金/慰問金/獎助學金、向私人借住房屋省,question_options_106.csv,103+ 更明確；95 將其他收入拆成利息、租金、其他，未見此獨立項。106/110 對象為經濟戶長。 103基準題號：H3。,mapping_relation=exact_range; total_rule=source_question
build_income_expenditure_crosswalk.py,INC_PERS_TRANSFER,個人收入,INC_PERS_TRANSFER,個人私人移轉/紅白包/救濟慰問收入,range_overlap,2017,106,J3,H3,1,5,"4,000 元-未滿5,000元",5,"4,000-4,999 元",exact_range,請問經濟戶長個人每個月「紅白包禮金、私人發給救濟金/慰問金/獎助學金、向私人借住房屋省,question_options_106.csv,103+ 更明確；95 將其他收入拆成利息、租金、其他，未見此獨立項。106/110 對象為經濟戶長。 103基準題號：H3。,mapping_relation=exact_range; total_rule=source_question
build_income_expenditure_crosswalk.py,INC_PERS_TRANSFER,個人收入,INC_PERS_TRANSFER,個人私人移轉/紅白包/救濟慰問收入,range_overlap,2017,106,J3,H3,1,6,"5,000 元-未滿6,000元",6,"5,000-5,999 元",exact_range,請問經濟戶長個人每個月「紅白包禮金、私人發給救濟金/慰問金/獎助學金、向私人借住房屋省,question_options_106.csv,103+ 更明確；95 將其他收入拆成利息、租金、其他，未見此獨立項。106/110 對象為經濟戶長。 103基準題號：H3。,mapping_relation=exact_range; total_rule=source_question
build_income_expenditure_crosswalk.py,INC_PERS_TRANSFER,個人收入,INC_PERS_TRANSFER,個人私人移轉/紅白包/救濟慰問收入,range_overlap,2017,106,J3,H3,1,7,"6,000 元-未滿8,000元",7,"6,000-7,999 元",exact_range,請問經濟戶長個人每個月「紅白包禮金、私人發給救濟金/慰問金/獎助學金、向私人借住房屋省,question_options_106.csv,103+ 更明確；95 將其他收入拆成利息、租金、其他，未見此獨立項。106/110 對象為經濟戶長。 103基準題號：H3。,mapping_relation=exact_range; total_rule=source_question
build_income_expenditure_crosswalk.py,INC_PERS_TRANSFER,個人收入,INC_PERS_TRANSFER,個人私人移轉/紅白包/救濟慰問收入,range_overlap,2017,106,J3,H3,1,8,"8,000 元-未滿10,000元",8,"8,000-9,999 元",exact_range,請問經濟戶長個人每個月「紅白包禮金、私人發給救濟金/慰問金/獎助學金、向私人借住房屋省,question_options_106.csv,103+ 更明確；95 將其他收入拆成利息、租金、其他，未見此獨立項。106/110 對象為經濟戶長。 103基準題號：H3。,mapping_relation=exact_range; total_rule=source_question
build_income_expenditure_crosswalk.py,INC_PERS_TRANSFER,個人收入,INC_PERS_TRANSFER,個人私人移轉/紅白包/救濟慰問收入,range_overlap,2017,106,J3,H3,1,9,"10,000 元-未滿15,000元",9,"10,000-14,999 元",exact_range,請問經濟戶長個人每個月「紅白包禮金、私人發給救濟金/慰問金/獎助學金、向私人借住房屋省,question_options_106.csv,103+ 更明確；95 將其他收入拆成利息、租金、其他，未見此獨立項。106/110 對象為經濟戶長。 103基準題號：H3。,mapping_relation=exact_range; total_rule=source_question
build_income_expenditure_crosswalk.py,INC_PERS_TRANSFER,個人收入,INC_PERS_TRANSFER,個人私人移轉/紅白包/救濟慰問收入,range_overlap,2017,106,J3,H3,1,10,"15,000 元-未滿20,000元",10,"15,000-19,999 元",exact_range,請問經濟戶長個人每個月「紅白包禮金、私人發給救濟金/慰問金/獎助學金、向私人借住房屋省,question_options_106.csv,103+ 更明確；95 將其他收入拆成利息、租金、其他，未見此獨立項。106/110 對象為經濟戶長。 103基準題號：H3。,mapping_relation=exact_range; total_rule=source_question
build_income_expenditure_crosswalk.py,INC_PERS_TRANSFER,個人收入,INC_PERS_TRANSFER,個人私人移轉/紅白包/救濟慰問收入,range_overlap,2017,106,J3,H3,1,11,"20,000元-未滿30,000元",11,"20,000元-未滿30,000元",source_bin_preserved_for_numeric_recode,請問經濟戶長個人每個月「紅白包禮金、私人發給救濟金/慰問金/獎助學金、向私人借住房屋省,question_options_106.csv,103+ 更明確；95 將其他收入拆成利息、租金、其他，未見此獨立項。106/110 對象為經濟戶長。 103基準題號：H3。,mapping_relation=no_matching_103_option_bin; total_rule=source_question
build_income_expenditure_crosswalk.py,INC_PERS_TRANSFER,個人收入,INC_PERS_TRANSFER,個人私人移轉/紅白包/救濟慰問收入,range_overlap,2017,106,J3,H3,1,12,"30,000元以上，請記錄________元",12,"30,000元以上，請記錄________元",source_bin_preserved_for_numeric_recode,請問經濟戶長個人每個月「紅白包禮金、私人發給救濟金/慰問金/獎助學金、向私人借住房屋省,question_options_106.csv,103+ 更明確；95 將其他收入拆成利息、租金、其他，未見此獨立項。106/110 對象為經濟戶長。 103基準題號：H3。,mapping_relation=no_matching_103_option_bin; total_rule=source_question
build_income_expenditure_crosswalk.py,INC_PERS_TRANSFER,個人收入,INC_PERS_TRANSFER,個人私人移轉/紅白包/救濟慰問收入,range_overlap,2017,106,J3,H3,1,13,沒有這項收入,11,沒有這項收入,exact_none,請問經濟戶長個人每個月「紅白包禮金、私人發給救濟金/慰問金/獎助學金、向私人借住房屋省,question_options_106.csv,103+ 更明確；95 將其他收入拆成利息、租金、其他，未見此獨立項。106/110 對象為經濟戶長。 103基準題號：H3。,mapping_relation=exact_none; total_rule=source_question
build_income_expenditure_crosswalk.py,INC_PERS_TRANSFER,個人收入,INC_PERS_TRANSFER,個人私人移轉/紅白包/救濟慰問收入,range_overlap,2021,110,E3,H3,1,1,"未滿1,000元",1,999 元及以下,exact_range,請問經濟戶長個人每個月「紅白包禮金、私人發給救濟金/慰問金/獎助學金、向私人借住房屋省,question_options_110.csv,103+ 更明確；95 將其他收入拆成利息、租金、其他，未見此獨立項。106/110 對象為經濟戶長。 103基準題號：H3。,mapping_relation=exact_range; total_rule=source_question
build_income_expenditure_crosswalk.py,INC_PERS_TRANSFER,個人收入,INC_PERS_TRANSFER,個人私人移轉/紅白包/救濟慰問收入,range_overlap,2021,110,E3,H3,1,2,"1,000 元-未滿2,000元",2,"1,000-1,999 元",exact_range,請問經濟戶長個人每個月「紅白包禮金、私人發給救濟金/慰問金/獎助學金、向私人借住房屋省,question_options_110.csv,103+ 更明確；95 將其他收入拆成利息、租金、其他，未見此獨立項。106/110 對象為經濟戶長。 103基準題號：H3。,mapping_relation=exact_range; total_rule=source_question
build_income_expenditure_crosswalk.py,INC_PERS_TRANSFER,個人收入,INC_PERS_TRANSFER,個人私人移轉/紅白包/救濟慰問收入,range_overlap,2021,110,E3,H3,1,3,"2,000 元-未滿3,000元",3,"2,000-2,999 元",exact_range,請問經濟戶長個人每個月「紅白包禮金、私人發給救濟金/慰問金/獎助學金、向私人借住房屋省,question_options_110.csv,103+ 更明確；95 將其他收入拆成利息、租金、其他，未見此獨立項。106/110 對象為經濟戶長。 103基準題號：H3。,mapping_relation=exact_range; total_rule=source_question
build_income_expenditure_crosswalk.py,INC_PERS_TRANSFER,個人收入,INC_PERS_TRANSFER,個人私人移轉/紅白包/救濟慰問收入,range_overlap,2021,110,E3,H3,1,4,"3,000 元-未滿4,000元",4,"3,000-3,999 元",exact_range,請問經濟戶長個人每個月「紅白包禮金、私人發給救濟金/慰問金/獎助學金、向私人借住房屋省,question_options_110.csv,103+ 更明確；95 將其他收入拆成利息、租金、其他，未見此獨立項。106/110 對象為經濟戶長。 103基準題號：H3。,mapping_relation=exact_range; total_rule=source_question
build_income_expenditure_crosswalk.py,INC_PERS_TRANSFER,個人收入,INC_PERS_TRANSFER,個人私人移轉/紅白包/救濟慰問收入,range_overlap,2021,110,E3,H3,1,5,"4,000 元-未滿5,000元",5,"4,000-4,999 元",exact_range,請問經濟戶長個人每個月「紅白包禮金、私人發給救濟金/慰問金/獎助學金、向私人借住房屋省,question_options_110.csv,103+ 更明確；95 將其他收入拆成利息、租金、其他，未見此獨立項。106/110 對象為經濟戶長。 103基準題號：H3。,mapping_relation=exact_range; total_rule=source_question
build_income_expenditure_crosswalk.py,INC_PERS_TRANSFER,個人收入,INC_PERS_TRANSFER,個人私人移轉/紅白包/救濟慰問收入,range_overlap,2021,110,E3,H3,1,6,"5,000 元-未滿6,000元",6,"5,000-5,999 元",exact_range,請問經濟戶長個人每個月「紅白包禮金、私人發給救濟金/慰問金/獎助學金、向私人借住房屋省,question_options_110.csv,103+ 更明確；95 將其他收入拆成利息、租金、其他，未見此獨立項。106/110 對象為經濟戶長。 103基準題號：H3。,mapping_relation=exact_range; total_rule=source_question
build_income_expenditure_crosswalk.py,INC_PERS_TRANSFER,個人收入,INC_PERS_TRANSFER,個人私人移轉/紅白包/救濟慰問收入,range_overlap,2021,110,E3,H3,1,7,"6,000 元-未滿8,000元",7,"6,000-7,999 元",exact_range,請問經濟戶長個人每個月「紅白包禮金、私人發給救濟金/慰問金/獎助學金、向私人借住房屋省,question_options_110.csv,103+ 更明確；95 將其他收入拆成利息、租金、其他，未見此獨立項。106/110 對象為經濟戶長。 103基準題號：H3。,mapping_relation=exact_range; total_rule=source_question
build_income_expenditure_crosswalk.py,INC_PERS_TRANSFER,個人收入,INC_PERS_TRANSFER,個人私人移轉/紅白包/救濟慰問收入,range_overlap,2021,110,E3,H3,1,8,"8,000 元-未滿10,000元",8,"8,000-9,999 元",exact_range,請問經濟戶長個人每個月「紅白包禮金、私人發給救濟金/慰問金/獎助學金、向私人借住房屋省,question_options_110.csv,103+ 更明確；95 將其他收入拆成利息、租金、其他，未見此獨立項。106/110 對象為經濟戶長。 103基準題號：H3。,mapping_relation=exact_range; total_rule=source_question
build_income_expenditure_crosswalk.py,INC_PERS_TRANSFER,個人收入,INC_PERS_TRANSFER,個人私人移轉/紅白包/救濟慰問收入,range_overlap,2021,110,E3,H3,1,9,"10,000 元-未滿15,000元",9,"10,000-14,999 元",exact_range,請問經濟戶長個人每個月「紅白包禮金、私人發給救濟金/慰問金/獎助學金、向私人借住房屋省,question_options_110.csv,103+ 更明確；95 將其他收入拆成利息、租金、其他，未見此獨立項。106/110 對象為經濟戶長。 103基準題號：H3。,mapping_relation=exact_range; total_rule=source_question
build_income_expenditure_crosswalk.py,INC_PERS_TRANSFER,個人收入,INC_PERS_TRANSFER,個人私人移轉/紅白包/救濟慰問收入,range_overlap,2021,110,E3,H3,1,10,"15,000 元-未滿20,000元",10,"15,000-19,999 元",exact_range,請問經濟戶長個人每個月「紅白包禮金、私人發給救濟金/慰問金/獎助學金、向私人借住房屋省,question_options_110.csv,103+ 更明確；95 將其他收入拆成利息、租金、其他，未見此獨立項。106/110 對象為經濟戶長。 103基準題號：H3。,mapping_relation=exact_range; total_rule=source_question
build_income_expenditure_crosswalk.py,INC_PERS_TRANSFER,個人收入,INC_PERS_TRANSFER,個人私人移轉/紅白包/救濟慰問收入,range_overlap,2021,110,E3,H3,1,11,"20,000元-未滿30,000元",11,"20,000元-未滿30,000元",source_bin_preserved_for_numeric_recode,請問經濟戶長個人每個月「紅白包禮金、私人發給救濟金/慰問金/獎助學金、向私人借住房屋省,question_options_110.csv,103+ 更明確；95 將其他收入拆成利息、租金、其他，未見此獨立項。106/110 對象為經濟戶長。 103基準題號：H3。,mapping_relation=no_matching_103_option_bin; total_rule=source_question
build_income_expenditure_crosswalk.py,INC_PERS_TRANSFER,個人收入,INC_PERS_TRANSFER,個人私人移轉/紅白包/救濟慰問收入,range_overlap,2021,110,E3,H3,1,12,"30,000元以上，請記錄________元",12,"30,000元以上，請記錄________元",source_bin_preserved_for_numeric_recode,請問經濟戶長個人每個月「紅白包禮金、私人發給救濟金/慰問金/獎助學金、向私人借住房屋省,question_options_110.csv,103+ 更明確；95 將其他收入拆成利息、租金、其他，未見此獨立項。106/110 對象為經濟戶長。 103基準題號：H3。,mapping_relation=no_matching_103_option_bin; total_rule=source_question
build_income_expenditure_crosswalk.py,INC_PERS_TRANSFER,個人收入,INC_PERS_TRANSFER,個人私人移轉/紅白包/救濟慰問收入,range_overlap,2021,110,E3,H3,1,13,沒有這項收入,11,沒有這項收入,exact_none,請問經濟戶長個人每個月「紅白包禮金、私人發給救濟金/慰問金/獎助學金、向私人借住房屋省,question_options_110.csv,103+ 更明確；95 將其他收入拆成利息、租金、其他，未見此獨立項。106/110 對象為經濟戶長。 103基準題號：H3。,mapping_relation=exact_none; total_rule=source_question
build_income_expenditure_crosswalk.py,INC_PERS_INTEREST,個人收入,INC_PERS_INTEREST,個人利息/投資收入,question_not_available,2002,91_1,,H4,,,,,,not_available_in_source_dataset,,question_options_91_1.csv,99 H3 與 95 Q10-3 是利息、股票、投資收入；103+ 為存款/跟會/股票/投資利息。106/110 對象為經濟戶長。 103基準題號：H4。,mapping_relation=not_available_in_source_dataset; total_rule=source_question
build_income_expenditure_crosswalk.py,INC_PERS_INTEREST,個人收入,INC_PERS_INTEREST,個人利息/投資收入,question_not_available,2002,91_2,,H4,,,,,,not_available_in_source_dataset,,question_options_91_2.csv,99 H3 與 95 Q10-3 是利息、股票、投資收入；103+ 為存款/跟會/股票/投資利息。106/110 對象為經濟戶長。 103基準題號：H4。,mapping_relation=not_available_in_source_dataset; total_rule=source_question
build_income_expenditure_crosswalk.py,INC_PERS_INTEREST,個人收入,INC_PERS_INTEREST,個人利息/投資收入,range_overlap,2006,95,Q10-3,H4,1,1,"4,999元及以下",1,"4,999元及以下",source_bin_preserved_for_numeric_recode,請問您個人每個月的「利息、股票買賣、跟會標會、各種投資」收入總共,question_options_95.csv,99 H3 與 95 Q10-3 是利息、股票、投資收入；103+ 為存款/跟會/股票/投資利息。106/110 對象為經濟戶長。 103基準題號：H4。,mapping_relation=source_bin_spans_multiple_base_bins; total_rule=source_question
build_income_expenditure_crosswalk.py,INC_PERS_INTEREST,個人收入,INC_PERS_INTEREST,個人利息/投資收入,range_overlap,2006,95,Q10-3,H4,1,2,"5,000-9,999元",2,"5,000-9,999元",source_bin_preserved_for_numeric_recode,請問您個人每個月的「利息、股票買賣、跟會標會、各種投資」收入總共,question_options_95.csv,99 H3 與 95 Q10-3 是利息、股票、投資收入；103+ 為存款/跟會/股票/投資利息。106/110 對象為經濟戶長。 103基準題號：H4。,mapping_relation=source_bin_spans_multiple_base_bins; total_rule=source_question
build_income_expenditure_crosswalk.py,INC_PERS_INTEREST,個人收入,INC_PERS_INTEREST,個人利息/投資收入,range_overlap,2006,95,Q10-3,H4,1,3,"10,000-14,999 元",9,"10,000-14,999 元",exact_range,請問您個人每個月的「利息、股票買賣、跟會標會、各種投資」收入總共,question_options_95.csv,99 H3 與 95 Q10-3 是利息、股票、投資收入；103+ 為存款/跟會/股票/投資利息。106/110 對象為經濟戶長。 103基準題號：H4。,mapping_relation=exact_range; total_rule=source_question
build_income_expenditure_crosswalk.py,INC_PERS_INTEREST,個人收入,INC_PERS_INTEREST,個人利息/投資收入,range_overlap,2006,95,Q10-3,H4,1,4,"15,000-19,999元",10,"15,000-19,999 元",exact_range,請問您個人每個月的「利息、股票買賣、跟會標會、各種投資」收入總共,question_options_95.csv,99 H3 與 95 Q10-3 是利息、股票、投資收入；103+ 為存款/跟會/股票/投資利息。106/110 對象為經濟戶長。 103基準題號：H4。,mapping_relation=exact_range; total_rule=source_question
build_income_expenditure_crosswalk.py,INC_PERS_INTEREST,個人收入,INC_PERS_INTEREST,個人利息/投資收入,range_overlap,2006,95,Q10-3,H4,1,5,"20,000-24,999 元",11,"20,000-29,999 元",source_bin_within_base_bin,請問您個人每個月的「利息、股票買賣、跟會標會、各種投資」收入總共,question_options_95.csv,99 H3 與 95 Q10-3 是利息、股票、投資收入；103+ 為存款/跟會/股票/投資利息。106/110 對象為經濟戶長。 103基準題號：H4。,mapping_relation=source_bin_within_base_bin; total_rule=source_question
build_income_expenditure_crosswalk.py,INC_PERS_INTEREST,個人收入,INC_PERS_INTEREST,個人利息/投資收入,range_overlap,2006,95,Q10-3,H4,1,6,"25,000-29,999元",11,"20,000-29,999 元",source_bin_within_base_bin,請問您個人每個月的「利息、股票買賣、跟會標會、各種投資」收入總共,question_options_95.csv,99 H3 與 95 Q10-3 是利息、股票、投資收入；103+ 為存款/跟會/股票/投資利息。106/110 對象為經濟戶長。 103基準題號：H4。,mapping_relation=source_bin_within_base_bin; total_rule=source_question
build_income_expenditure_crosswalk.py,INC_PERS_INTEREST,個人收入,INC_PERS_INTEREST,個人利息/投資收入,range_overlap,2006,95,Q10-3,H4,1,7,"30,000-39,999 元",12,"30,000 元及以上，請記錄________元",source_bin_within_base_bin,請問您個人每個月的「利息、股票買賣、跟會標會、各種投資」收入總共,question_options_95.csv,99 H3 與 95 Q10-3 是利息、股票、投資收入；103+ 為存款/跟會/股票/投資利息。106/110 對象為經濟戶長。 103基準題號：H4。,mapping_relation=source_bin_within_base_bin; total_rule=source_question
build_income_expenditure_crosswalk.py,INC_PERS_INTEREST,個人收入,INC_PERS_INTEREST,個人利息/投資收入,range_overlap,2006,95,Q10-3,H4,1,8,"40,000-49,999元",12,"30,000 元及以上，請記錄________元",source_bin_within_base_bin,請問您個人每個月的「利息、股票買賣、跟會標會、各種投資」收入總共,question_options_95.csv,99 H3 與 95 Q10-3 是利息、股票、投資收入；103+ 為存款/跟會/股票/投資利息。106/110 對象為經濟戶長。 103基準題號：H4。,mapping_relation=source_bin_within_base_bin; total_rule=source_question
build_income_expenditure_crosswalk.py,INC_PERS_INTEREST,個人收入,INC_PERS_INTEREST,個人利息/投資收入,range_overlap,2006,95,Q10-3,H4,1,9,"50,000-59,999 元",12,"30,000 元及以上，請記錄________元",source_bin_within_base_bin,請問您個人每個月的「利息、股票買賣、跟會標會、各種投資」收入總共,question_options_95.csv,99 H3 與 95 Q10-3 是利息、股票、投資收入；103+ 為存款/跟會/股票/投資利息。106/110 對象為經濟戶長。 103基準題號：H4。,mapping_relation=source_bin_within_base_bin; total_rule=source_question
build_income_expenditure_crosswalk.py,INC_PERS_INTEREST,個人收入,INC_PERS_INTEREST,個人利息/投資收入,range_overlap,2006,95,Q10-3,H4,2,9,"70,000-79,999 元",12,"30,000 元及以上，請記錄________元",source_bin_within_base_bin,請問您個人每個月的「利息、股票買賣、跟會標會、各種投資」收入總共,question_options_95.csv,99 H3 與 95 Q10-3 是利息、股票、投資收入；103+ 為存款/跟會/股票/投資利息。106/110 對象為經濟戶長。 103基準題號：H4。,mapping_relation=source_bin_within_base_bin; total_rule=source_question
build_income_expenditure_crosswalk.py,INC_PERS_INTEREST,個人收入,INC_PERS_INTEREST,個人利息/投資收入,range_overlap,2006,95,Q10-3,H4,1,10,"60,000-69,999元",12,"30,000 元及以上，請記錄________元",source_bin_within_base_bin,請問您個人每個月的「利息、股票買賣、跟會標會、各種投資」收入總共,question_options_95.csv,99 H3 與 95 Q10-3 是利息、股票、投資收入；103+ 為存款/跟會/股票/投資利息。106/110 對象為經濟戶長。 103基準題號：H4。,mapping_relation=source_bin_within_base_bin; total_rule=source_question
build_income_expenditure_crosswalk.py,INC_PERS_INTEREST,個人收入,INC_PERS_INTEREST,個人利息/投資收入,range_overlap,2006,95,Q10-3,H4,1,90,"80,000 元及以上，請記錄 元",12,"30,000 元及以上，請記錄________元",source_bin_within_base_bin,請問您個人每個月的「利息、股票買賣、跟會標會、各種投資」收入總共,question_options_95.csv,99 H3 與 95 Q10-3 是利息、股票、投資收入；103+ 為存款/跟會/股票/投資利息。106/110 對象為經濟戶長。 103基準題號：H4。,mapping_relation=source_bin_within_base_bin; total_rule=source_question
build_income_expenditure_crosswalk.py,INC_PERS_INTEREST,個人收入,INC_PERS_INTEREST,個人利息/投資收入,range_overlap,2006,95,Q10-3,H4,1,95,沒有這項收入,13,沒有這項收入,exact_none,請問您個人每個月的「利息、股票買賣、跟會標會、各種投資」收入總共,question_options_95.csv,99 H3 與 95 Q10-3 是利息、股票、投資收入；103+ 為存款/跟會/股票/投資利息。106/110 對象為經濟戶長。 103基準題號：H4。,mapping_relation=exact_none; total_rule=source_question
build_income_expenditure_crosswalk.py,INC_PERS_INTEREST,個人收入,INC_PERS_INTEREST,個人利息/投資收入,range_overlap,2010,99,H3,H4,1,1,999 元及以下,1,999 元及以下,exact_range,請問您個人每個月的「利息、股票買賣、跟會標會、各種投資」收入總共是多少？【過去ㄧ年,question_options_99.csv,99 H3 與 95 Q10-3 是利息、股票、投資收入；103+ 為存款/跟會/股票/投資利息。106/110 對象為經濟戶長。 103基準題號：H4。,mapping_relation=exact_range; total_rule=source_question
build_income_expenditure_crosswalk.py,INC_PERS_INTEREST,個人收入,INC_PERS_INTEREST,個人利息/投資收入,range_overlap,2010,99,H3,H4,1,2,"1,000-1,999 元",2,"1,000-1,999 元",exact_range,請問您個人每個月的「利息、股票買賣、跟會標會、各種投資」收入總共是多少？【過去ㄧ年,question_options_99.csv,99 H3 與 95 Q10-3 是利息、股票、投資收入；103+ 為存款/跟會/股票/投資利息。106/110 對象為經濟戶長。 103基準題號：H4。,mapping_relation=exact_range; total_rule=source_question
build_income_expenditure_crosswalk.py,INC_PERS_INTEREST,個人收入,INC_PERS_INTEREST,個人利息/投資收入,range_overlap,2010,99,H3,H4,1,3,"2,000-2,999 元",3,"2,000-2,999 元",exact_range,請問您個人每個月的「利息、股票買賣、跟會標會、各種投資」收入總共是多少？【過去ㄧ年,question_options_99.csv,99 H3 與 95 Q10-3 是利息、股票、投資收入；103+ 為存款/跟會/股票/投資利息。106/110 對象為經濟戶長。 103基準題號：H4。,mapping_relation=exact_range; total_rule=source_question
build_income_expenditure_crosswalk.py,INC_PERS_INTEREST,個人收入,INC_PERS_INTEREST,個人利息/投資收入,range_overlap,2010,99,H3,H4,1,4,"3,000-3,999 元",4,"3,000-3,999 元",exact_range,請問您個人每個月的「利息、股票買賣、跟會標會、各種投資」收入總共是多少？【過去ㄧ年,question_options_99.csv,99 H3 與 95 Q10-3 是利息、股票、投資收入；103+ 為存款/跟會/股票/投資利息。106/110 對象為經濟戶長。 103基準題號：H4。,mapping_relation=exact_range; total_rule=source_question
build_income_expenditure_crosswalk.py,INC_PERS_INTEREST,個人收入,INC_PERS_INTEREST,個人利息/投資收入,range_overlap,2010,99,H3,H4,1,5,"4,000-4,999 元",5,"4,000-4,999 元",exact_range,請問您個人每個月的「利息、股票買賣、跟會標會、各種投資」收入總共是多少？【過去ㄧ年,question_options_99.csv,99 H3 與 95 Q10-3 是利息、股票、投資收入；103+ 為存款/跟會/股票/投資利息。106/110 對象為經濟戶長。 103基準題號：H4。,mapping_relation=exact_range; total_rule=source_question
build_income_expenditure_crosswalk.py,INC_PERS_INTEREST,個人收入,INC_PERS_INTEREST,個人利息/投資收入,range_overlap,2010,99,H3,H4,1,6,"5,000-5,999 元",6,"5,000-5,999 元",exact_range,請問您個人每個月的「利息、股票買賣、跟會標會、各種投資」收入總共是多少？【過去ㄧ年,question_options_99.csv,99 H3 與 95 Q10-3 是利息、股票、投資收入；103+ 為存款/跟會/股票/投資利息。106/110 對象為經濟戶長。 103基準題號：H4。,mapping_relation=exact_range; total_rule=source_question
build_income_expenditure_crosswalk.py,INC_PERS_INTEREST,個人收入,INC_PERS_INTEREST,個人利息/投資收入,range_overlap,2010,99,H3,H4,1,7,"6,000-7,999 元",7,"6,000-7,999 元",exact_range,請問您個人每個月的「利息、股票買賣、跟會標會、各種投資」收入總共是多少？【過去ㄧ年,question_options_99.csv,99 H3 與 95 Q10-3 是利息、股票、投資收入；103+ 為存款/跟會/股票/投資利息。106/110 對象為經濟戶長。 103基準題號：H4。,mapping_relation=exact_range; total_rule=source_question
build_income_expenditure_crosswalk.py,INC_PERS_INTEREST,個人收入,INC_PERS_INTEREST,個人利息/投資收入,range_overlap,2010,99,H3,H4,1,8,"8,000-9,999 元",8,"8,000-9,999 元",exact_range,請問您個人每個月的「利息、股票買賣、跟會標會、各種投資」收入總共是多少？【過去ㄧ年,question_options_99.csv,99 H3 與 95 Q10-3 是利息、股票、投資收入；103+ 為存款/跟會/股票/投資利息。106/110 對象為經濟戶長。 103基準題號：H4。,mapping_relation=exact_range; total_rule=source_question
build_income_expenditure_crosswalk.py,INC_PERS_INTEREST,個人收入,INC_PERS_INTEREST,個人利息/投資收入,range_overlap,2010,99,H3,H4,1,9,"10,000-14,999 元",9,"10,000-14,999 元",exact_range,請問您個人每個月的「利息、股票買賣、跟會標會、各種投資」收入總共是多少？【過去ㄧ年,question_options_99.csv,99 H3 與 95 Q10-3 是利息、股票、投資收入；103+ 為存款/跟會/股票/投資利息。106/110 對象為經濟戶長。 103基準題號：H4。,mapping_relation=exact_range; total_rule=source_question
build_income_expenditure_crosswalk.py,INC_PERS_INTEREST,個人收入,INC_PERS_INTEREST,個人利息/投資收入,range_overlap,2010,99,H3,H4,1,10,"15,000-19,999 元",10,"15,000-19,999 元",exact_range,請問您個人每個月的「利息、股票買賣、跟會標會、各種投資」收入總共是多少？【過去ㄧ年,question_options_99.csv,99 H3 與 95 Q10-3 是利息、股票、投資收入；103+ 為存款/跟會/股票/投資利息。106/110 對象為經濟戶長。 103基準題號：H4。,mapping_relation=exact_range; total_rule=source_question
build_income_expenditure_crosswalk.py,INC_PERS_INTEREST,個人收入,INC_PERS_INTEREST,個人利息/投資收入,range_overlap,2010,99,H3,H4,1,11,"20,000-29,999 元",11,"20,000-29,999 元",exact_range,請問您個人每個月的「利息、股票買賣、跟會標會、各種投資」收入總共是多少？【過去ㄧ年,question_options_99.csv,99 H3 與 95 Q10-3 是利息、股票、投資收入；103+ 為存款/跟會/股票/投資利息。106/110 對象為經濟戶長。 103基準題號：H4。,mapping_relation=exact_range; total_rule=source_question
build_income_expenditure_crosswalk.py,INC_PERS_INTEREST,個人收入,INC_PERS_INTEREST,個人利息/投資收入,range_overlap,2010,99,H3,H4,1,12,"30,000 元及以上，請記錄 元",12,"30,000 元及以上，請記錄________元",exact_open_upper,請問您個人每個月的「利息、股票買賣、跟會標會、各種投資」收入總共是多少？【過去ㄧ年,question_options_99.csv,99 H3 與 95 Q10-3 是利息、股票、投資收入；103+ 為存款/跟會/股票/投資利息。106/110 對象為經濟戶長。 103基準題號：H4。,mapping_relation=exact_open_upper; total_rule=source_question
build_income_expenditure_crosswalk.py,INC_PERS_INTEREST,個人收入,INC_PERS_INTEREST,個人利息/投資收入,range_overlap,2010,99,H3,H4,1,13,沒有這項收入,13,沒有這項收入,exact_none,請問您個人每個月的「利息、股票買賣、跟會標會、各種投資」收入總共是多少？【過去ㄧ年,question_options_99.csv,99 H3 與 95 Q10-3 是利息、股票、投資收入；103+ 為存款/跟會/股票/投資利息。106/110 對象為經濟戶長。 103基準題號：H4。,mapping_relation=exact_none; total_rule=source_question
build_income_expenditure_crosswalk.py,INC_PERS_INTEREST,個人收入,INC_PERS_INTEREST,個人利息/投資收入,range_overlap,2014,103,H4,H4,1,1,999 元及以下,1,999 元及以下,exact_range,請問您個人每個月的「存款利息、跟會利息、股票利息、各種投資利息」收入總共是多少？【過,question_options_103.csv,99 H3 與 95 Q10-3 是利息、股票、投資收入；103+ 為存款/跟會/股票/投資利息。106/110 對象為經濟戶長。 103基準題號：H4。,mapping_relation=exact_range; total_rule=source_question
build_income_expenditure_crosswalk.py,INC_PERS_INTEREST,個人收入,INC_PERS_INTEREST,個人利息/投資收入,range_overlap,2014,103,H4,H4,1,2,"1,000-1,999 元",2,"1,000-1,999 元",exact_range,請問您個人每個月的「存款利息、跟會利息、股票利息、各種投資利息」收入總共是多少？【過,question_options_103.csv,99 H3 與 95 Q10-3 是利息、股票、投資收入；103+ 為存款/跟會/股票/投資利息。106/110 對象為經濟戶長。 103基準題號：H4。,mapping_relation=exact_range; total_rule=source_question
build_income_expenditure_crosswalk.py,INC_PERS_INTEREST,個人收入,INC_PERS_INTEREST,個人利息/投資收入,range_overlap,2014,103,H4,H4,1,3,"2,000-2,999 元",3,"2,000-2,999 元",exact_range,請問您個人每個月的「存款利息、跟會利息、股票利息、各種投資利息」收入總共是多少？【過,question_options_103.csv,99 H3 與 95 Q10-3 是利息、股票、投資收入；103+ 為存款/跟會/股票/投資利息。106/110 對象為經濟戶長。 103基準題號：H4。,mapping_relation=exact_range; total_rule=source_question
build_income_expenditure_crosswalk.py,INC_PERS_INTEREST,個人收入,INC_PERS_INTEREST,個人利息/投資收入,range_overlap,2014,103,H4,H4,1,4,"3,000-3,999 元",4,"3,000-3,999 元",exact_range,請問您個人每個月的「存款利息、跟會利息、股票利息、各種投資利息」收入總共是多少？【過,question_options_103.csv,99 H3 與 95 Q10-3 是利息、股票、投資收入；103+ 為存款/跟會/股票/投資利息。106/110 對象為經濟戶長。 103基準題號：H4。,mapping_relation=exact_range; total_rule=source_question
build_income_expenditure_crosswalk.py,INC_PERS_INTEREST,個人收入,INC_PERS_INTEREST,個人利息/投資收入,range_overlap,2014,103,H4,H4,1,5,"4,000-4,999 元",5,"4,000-4,999 元",exact_range,請問您個人每個月的「存款利息、跟會利息、股票利息、各種投資利息」收入總共是多少？【過,question_options_103.csv,99 H3 與 95 Q10-3 是利息、股票、投資收入；103+ 為存款/跟會/股票/投資利息。106/110 對象為經濟戶長。 103基準題號：H4。,mapping_relation=exact_range; total_rule=source_question
build_income_expenditure_crosswalk.py,INC_PERS_INTEREST,個人收入,INC_PERS_INTEREST,個人利息/投資收入,range_overlap,2014,103,H4,H4,1,6,"5,000-5,999 元",6,"5,000-5,999 元",exact_range,請問您個人每個月的「存款利息、跟會利息、股票利息、各種投資利息」收入總共是多少？【過,question_options_103.csv,99 H3 與 95 Q10-3 是利息、股票、投資收入；103+ 為存款/跟會/股票/投資利息。106/110 對象為經濟戶長。 103基準題號：H4。,mapping_relation=exact_range; total_rule=source_question
build_income_expenditure_crosswalk.py,INC_PERS_INTEREST,個人收入,INC_PERS_INTEREST,個人利息/投資收入,range_overlap,2014,103,H4,H4,1,7,"6,000-7,999 元",7,"6,000-7,999 元",exact_range,請問您個人每個月的「存款利息、跟會利息、股票利息、各種投資利息」收入總共是多少？【過,question_options_103.csv,99 H3 與 95 Q10-3 是利息、股票、投資收入；103+ 為存款/跟會/股票/投資利息。106/110 對象為經濟戶長。 103基準題號：H4。,mapping_relation=exact_range; total_rule=source_question
build_income_expenditure_crosswalk.py,INC_PERS_INTEREST,個人收入,INC_PERS_INTEREST,個人利息/投資收入,range_overlap,2014,103,H4,H4,1,8,"8,000-9,999 元",8,"8,000-9,999 元",exact_range,請問您個人每個月的「存款利息、跟會利息、股票利息、各種投資利息」收入總共是多少？【過,question_options_103.csv,99 H3 與 95 Q10-3 是利息、股票、投資收入；103+ 為存款/跟會/股票/投資利息。106/110 對象為經濟戶長。 103基準題號：H4。,mapping_relation=exact_range; total_rule=source_question
build_income_expenditure_crosswalk.py,INC_PERS_INTEREST,個人收入,INC_PERS_INTEREST,個人利息/投資收入,range_overlap,2014,103,H4,H4,1,9,"10,000-14,999 元",9,"10,000-14,999 元",exact_range,請問您個人每個月的「存款利息、跟會利息、股票利息、各種投資利息」收入總共是多少？【過,question_options_103.csv,99 H3 與 95 Q10-3 是利息、股票、投資收入；103+ 為存款/跟會/股票/投資利息。106/110 對象為經濟戶長。 103基準題號：H4。,mapping_relation=exact_range; total_rule=source_question
build_income_expenditure_crosswalk.py,INC_PERS_INTEREST,個人收入,INC_PERS_INTEREST,個人利息/投資收入,range_overlap,2014,103,H4,H4,1,10,"15,000-19,999 元",10,"15,000-19,999 元",exact_range,請問您個人每個月的「存款利息、跟會利息、股票利息、各種投資利息」收入總共是多少？【過,question_options_103.csv,99 H3 與 95 Q10-3 是利息、股票、投資收入；103+ 為存款/跟會/股票/投資利息。106/110 對象為經濟戶長。 103基準題號：H4。,mapping_relation=exact_range; total_rule=source_question
build_income_expenditure_crosswalk.py,INC_PERS_INTEREST,個人收入,INC_PERS_INTEREST,個人利息/投資收入,range_overlap,2014,103,H4,H4,1,11,"20,000-29,999 元",11,"20,000-29,999 元",exact_range,請問您個人每個月的「存款利息、跟會利息、股票利息、各種投資利息」收入總共是多少？【過,question_options_103.csv,99 H3 與 95 Q10-3 是利息、股票、投資收入；103+ 為存款/跟會/股票/投資利息。106/110 對象為經濟戶長。 103基準題號：H4。,mapping_relation=exact_range; total_rule=source_question
build_income_expenditure_crosswalk.py,INC_PERS_INTEREST,個人收入,INC_PERS_INTEREST,個人利息/投資收入,range_overlap,2014,103,H4,H4,1,12,"30,000 元及以上，請記錄________元",12,"30,000 元及以上，請記錄________元",exact_open_upper,請問您個人每個月的「存款利息、跟會利息、股票利息、各種投資利息」收入總共是多少？【過,question_options_103.csv,99 H3 與 95 Q10-3 是利息、股票、投資收入；103+ 為存款/跟會/股票/投資利息。106/110 對象為經濟戶長。 103基準題號：H4。,mapping_relation=exact_open_upper; total_rule=source_question
build_income_expenditure_crosswalk.py,INC_PERS_INTEREST,個人收入,INC_PERS_INTEREST,個人利息/投資收入,range_overlap,2014,103,H4,H4,1,13,沒有這項收入,13,沒有這項收入,exact_none,請問您個人每個月的「存款利息、跟會利息、股票利息、各種投資利息」收入總共是多少？【過,question_options_103.csv,99 H3 與 95 Q10-3 是利息、股票、投資收入；103+ 為存款/跟會/股票/投資利息。106/110 對象為經濟戶長。 103基準題號：H4。,mapping_relation=exact_none; total_rule=source_question
build_income_expenditure_crosswalk.py,INC_PERS_INTEREST,個人收入,INC_PERS_INTEREST,個人利息/投資收入,range_overlap,2017,106,J4,H4,1,1,"未滿1,000元",1,999 元及以下,exact_range,請問經濟戶長個人每個月的「存款利息、跟會利息、股票利息、各種投資利息」收入總共是多,question_options_106.csv,99 H3 與 95 Q10-3 是利息、股票、投資收入；103+ 為存款/跟會/股票/投資利息。106/110 對象為經濟戶長。 103基準題號：H4。,mapping_relation=exact_range; total_rule=source_question
build_income_expenditure_crosswalk.py,INC_PERS_INTEREST,個人收入,INC_PERS_INTEREST,個人利息/投資收入,range_overlap,2017,106,J4,H4,1,2,"1,000 元-未滿2,000元",2,"1,000-1,999 元",exact_range,請問經濟戶長個人每個月的「存款利息、跟會利息、股票利息、各種投資利息」收入總共是多,question_options_106.csv,99 H3 與 95 Q10-3 是利息、股票、投資收入；103+ 為存款/跟會/股票/投資利息。106/110 對象為經濟戶長。 103基準題號：H4。,mapping_relation=exact_range; total_rule=source_question
build_income_expenditure_crosswalk.py,INC_PERS_INTEREST,個人收入,INC_PERS_INTEREST,個人利息/投資收入,range_overlap,2017,106,J4,H4,1,3,"2,000 元-未滿3,000元",3,"2,000-2,999 元",exact_range,請問經濟戶長個人每個月的「存款利息、跟會利息、股票利息、各種投資利息」收入總共是多,question_options_106.csv,99 H3 與 95 Q10-3 是利息、股票、投資收入；103+ 為存款/跟會/股票/投資利息。106/110 對象為經濟戶長。 103基準題號：H4。,mapping_relation=exact_range; total_rule=source_question
build_income_expenditure_crosswalk.py,INC_PERS_INTEREST,個人收入,INC_PERS_INTEREST,個人利息/投資收入,range_overlap,2017,106,J4,H4,1,4,"3,000 元-未滿4,000元",4,"3,000-3,999 元",exact_range,請問經濟戶長個人每個月的「存款利息、跟會利息、股票利息、各種投資利息」收入總共是多,question_options_106.csv,99 H3 與 95 Q10-3 是利息、股票、投資收入；103+ 為存款/跟會/股票/投資利息。106/110 對象為經濟戶長。 103基準題號：H4。,mapping_relation=exact_range; total_rule=source_question
build_income_expenditure_crosswalk.py,INC_PERS_INTEREST,個人收入,INC_PERS_INTEREST,個人利息/投資收入,range_overlap,2017,106,J4,H4,1,5,"4,000 元-未滿5,000元",5,"4,000-4,999 元",exact_range,請問經濟戶長個人每個月的「存款利息、跟會利息、股票利息、各種投資利息」收入總共是多,question_options_106.csv,99 H3 與 95 Q10-3 是利息、股票、投資收入；103+ 為存款/跟會/股票/投資利息。106/110 對象為經濟戶長。 103基準題號：H4。,mapping_relation=exact_range; total_rule=source_question
build_income_expenditure_crosswalk.py,INC_PERS_INTEREST,個人收入,INC_PERS_INTEREST,個人利息/投資收入,range_overlap,2017,106,J4,H4,1,6,"5,000 元-未滿6,000元",6,"5,000-5,999 元",exact_range,請問經濟戶長個人每個月的「存款利息、跟會利息、股票利息、各種投資利息」收入總共是多,question_options_106.csv,99 H3 與 95 Q10-3 是利息、股票、投資收入；103+ 為存款/跟會/股票/投資利息。106/110 對象為經濟戶長。 103基準題號：H4。,mapping_relation=exact_range; total_rule=source_question
build_income_expenditure_crosswalk.py,INC_PERS_INTEREST,個人收入,INC_PERS_INTEREST,個人利息/投資收入,range_overlap,2017,106,J4,H4,1,7,"6,000 元-未滿8,000元",7,"6,000-7,999 元",exact_range,請問經濟戶長個人每個月的「存款利息、跟會利息、股票利息、各種投資利息」收入總共是多,question_options_106.csv,99 H3 與 95 Q10-3 是利息、股票、投資收入；103+ 為存款/跟會/股票/投資利息。106/110 對象為經濟戶長。 103基準題號：H4。,mapping_relation=exact_range; total_rule=source_question
build_income_expenditure_crosswalk.py,INC_PERS_INTEREST,個人收入,INC_PERS_INTEREST,個人利息/投資收入,range_overlap,2017,106,J4,H4,1,8,"8,000 元-未滿10,000元",8,"8,000-9,999 元",exact_range,請問經濟戶長個人每個月的「存款利息、跟會利息、股票利息、各種投資利息」收入總共是多,question_options_106.csv,99 H3 與 95 Q10-3 是利息、股票、投資收入；103+ 為存款/跟會/股票/投資利息。106/110 對象為經濟戶長。 103基準題號：H4。,mapping_relation=exact_range; total_rule=source_question
build_income_expenditure_crosswalk.py,INC_PERS_INTEREST,個人收入,INC_PERS_INTEREST,個人利息/投資收入,range_overlap,2017,106,J4,H4,1,9,"10,000 元-未滿15,000元",9,"10,000-14,999 元",exact_range,請問經濟戶長個人每個月的「存款利息、跟會利息、股票利息、各種投資利息」收入總共是多,question_options_106.csv,99 H3 與 95 Q10-3 是利息、股票、投資收入；103+ 為存款/跟會/股票/投資利息。106/110 對象為經濟戶長。 103基準題號：H4。,mapping_relation=exact_range; total_rule=source_question
build_income_expenditure_crosswalk.py,INC_PERS_INTEREST,個人收入,INC_PERS_INTEREST,個人利息/投資收入,range_overlap,2017,106,J4,H4,1,10,"15,000 元-未滿20,000元",10,"15,000-19,999 元",exact_range,請問經濟戶長個人每個月的「存款利息、跟會利息、股票利息、各種投資利息」收入總共是多,question_options_106.csv,99 H3 與 95 Q10-3 是利息、股票、投資收入；103+ 為存款/跟會/股票/投資利息。106/110 對象為經濟戶長。 103基準題號：H4。,mapping_relation=exact_range; total_rule=source_question
build_income_expenditure_crosswalk.py,INC_PERS_INTEREST,個人收入,INC_PERS_INTEREST,個人利息/投資收入,range_overlap,2017,106,J4,H4,1,11,"20,000元-未滿30,000元",11,"20,000-29,999 元",exact_range,請問經濟戶長個人每個月的「存款利息、跟會利息、股票利息、各種投資利息」收入總共是多,question_options_106.csv,99 H3 與 95 Q10-3 是利息、股票、投資收入；103+ 為存款/跟會/股票/投資利息。106/110 對象為經濟戶長。 103基準題號：H4。,mapping_relation=exact_range; total_rule=source_question
build_income_expenditure_crosswalk.py,INC_PERS_INTEREST,個人收入,INC_PERS_INTEREST,個人利息/投資收入,range_overlap,2017,106,J4,H4,1,12,"30,000元以上，請記錄________元",12,"30,000 元及以上，請記錄________元",exact_open_upper,請問經濟戶長個人每個月的「存款利息、跟會利息、股票利息、各種投資利息」收入總共是多,question_options_106.csv,99 H3 與 95 Q10-3 是利息、股票、投資收入；103+ 為存款/跟會/股票/投資利息。106/110 對象為經濟戶長。 103基準題號：H4。,mapping_relation=exact_open_upper; total_rule=source_question
build_income_expenditure_crosswalk.py,INC_PERS_INTEREST,個人收入,INC_PERS_INTEREST,個人利息/投資收入,range_overlap,2017,106,J4,H4,1,13,沒有這項收入,13,沒有這項收入,exact_none,請問經濟戶長個人每個月的「存款利息、跟會利息、股票利息、各種投資利息」收入總共是多,question_options_106.csv,99 H3 與 95 Q10-3 是利息、股票、投資收入；103+ 為存款/跟會/股票/投資利息。106/110 對象為經濟戶長。 103基準題號：H4。,mapping_relation=exact_none; total_rule=source_question
build_income_expenditure_crosswalk.py,INC_PERS_INTEREST,個人收入,INC_PERS_INTEREST,個人利息/投資收入,range_overlap,2021,110,E4,H4,1,1,"未滿1,000元",1,999 元及以下,exact_range,請問經濟戶長個人每個月的「存款利息、跟會利息、股票利息、各種投資利息」收入總共是多,question_options_110.csv,99 H3 與 95 Q10-3 是利息、股票、投資收入；103+ 為存款/跟會/股票/投資利息。106/110 對象為經濟戶長。 103基準題號：H4。,mapping_relation=exact_range; total_rule=source_question
build_income_expenditure_crosswalk.py,INC_PERS_INTEREST,個人收入,INC_PERS_INTEREST,個人利息/投資收入,range_overlap,2021,110,E4,H4,1,2,"1,000 元-未滿2,000元",2,"1,000-1,999 元",exact_range,請問經濟戶長個人每個月的「存款利息、跟會利息、股票利息、各種投資利息」收入總共是多,question_options_110.csv,99 H3 與 95 Q10-3 是利息、股票、投資收入；103+ 為存款/跟會/股票/投資利息。106/110 對象為經濟戶長。 103基準題號：H4。,mapping_relation=exact_range; total_rule=source_question
build_income_expenditure_crosswalk.py,INC_PERS_INTEREST,個人收入,INC_PERS_INTEREST,個人利息/投資收入,range_overlap,2021,110,E4,H4,1,3,"2,000 元-未滿3,000元",3,"2,000-2,999 元",exact_range,請問經濟戶長個人每個月的「存款利息、跟會利息、股票利息、各種投資利息」收入總共是多,question_options_110.csv,99 H3 與 95 Q10-3 是利息、股票、投資收入；103+ 為存款/跟會/股票/投資利息。106/110 對象為經濟戶長。 103基準題號：H4。,mapping_relation=exact_range; total_rule=source_question
build_income_expenditure_crosswalk.py,INC_PERS_INTEREST,個人收入,INC_PERS_INTEREST,個人利息/投資收入,range_overlap,2021,110,E4,H4,1,4,"3,000 元-未滿4,000元",4,"3,000-3,999 元",exact_range,請問經濟戶長個人每個月的「存款利息、跟會利息、股票利息、各種投資利息」收入總共是多,question_options_110.csv,99 H3 與 95 Q10-3 是利息、股票、投資收入；103+ 為存款/跟會/股票/投資利息。106/110 對象為經濟戶長。 103基準題號：H4。,mapping_relation=exact_range; total_rule=source_question
build_income_expenditure_crosswalk.py,INC_PERS_INTEREST,個人收入,INC_PERS_INTEREST,個人利息/投資收入,range_overlap,2021,110,E4,H4,1,5,"4,000 元-未滿5,000元",5,"4,000-4,999 元",exact_range,請問經濟戶長個人每個月的「存款利息、跟會利息、股票利息、各種投資利息」收入總共是多,question_options_110.csv,99 H3 與 95 Q10-3 是利息、股票、投資收入；103+ 為存款/跟會/股票/投資利息。106/110 對象為經濟戶長。 103基準題號：H4。,mapping_relation=exact_range; total_rule=source_question
build_income_expenditure_crosswalk.py,INC_PERS_INTEREST,個人收入,INC_PERS_INTEREST,個人利息/投資收入,range_overlap,2021,110,E4,H4,1,6,"5,000 元-未滿6,000元",6,"5,000-5,999 元",exact_range,請問經濟戶長個人每個月的「存款利息、跟會利息、股票利息、各種投資利息」收入總共是多,question_options_110.csv,99 H3 與 95 Q10-3 是利息、股票、投資收入；103+ 為存款/跟會/股票/投資利息。106/110 對象為經濟戶長。 103基準題號：H4。,mapping_relation=exact_range; total_rule=source_question
build_income_expenditure_crosswalk.py,INC_PERS_INTEREST,個人收入,INC_PERS_INTEREST,個人利息/投資收入,range_overlap,2021,110,E4,H4,1,7,"6,000 元-未滿8,000元",7,"6,000-7,999 元",exact_range,請問經濟戶長個人每個月的「存款利息、跟會利息、股票利息、各種投資利息」收入總共是多,question_options_110.csv,99 H3 與 95 Q10-3 是利息、股票、投資收入；103+ 為存款/跟會/股票/投資利息。106/110 對象為經濟戶長。 103基準題號：H4。,mapping_relation=exact_range; total_rule=source_question
build_income_expenditure_crosswalk.py,INC_PERS_INTEREST,個人收入,INC_PERS_INTEREST,個人利息/投資收入,range_overlap,2021,110,E4,H4,1,8,"8,000 元-未滿10,000元",8,"8,000-9,999 元",exact_range,請問經濟戶長個人每個月的「存款利息、跟會利息、股票利息、各種投資利息」收入總共是多,question_options_110.csv,99 H3 與 95 Q10-3 是利息、股票、投資收入；103+ 為存款/跟會/股票/投資利息。106/110 對象為經濟戶長。 103基準題號：H4。,mapping_relation=exact_range; total_rule=source_question
build_income_expenditure_crosswalk.py,INC_PERS_INTEREST,個人收入,INC_PERS_INTEREST,個人利息/投資收入,range_overlap,2021,110,E4,H4,1,9,"10,000 元-未滿15,000元",9,"10,000-14,999 元",exact_range,請問經濟戶長個人每個月的「存款利息、跟會利息、股票利息、各種投資利息」收入總共是多,question_options_110.csv,99 H3 與 95 Q10-3 是利息、股票、投資收入；103+ 為存款/跟會/股票/投資利息。106/110 對象為經濟戶長。 103基準題號：H4。,mapping_relation=exact_range; total_rule=source_question
build_income_expenditure_crosswalk.py,INC_PERS_INTEREST,個人收入,INC_PERS_INTEREST,個人利息/投資收入,range_overlap,2021,110,E4,H4,1,10,"15,000 元-未滿20,000元",10,"15,000-19,999 元",exact_range,請問經濟戶長個人每個月的「存款利息、跟會利息、股票利息、各種投資利息」收入總共是多,question_options_110.csv,99 H3 與 95 Q10-3 是利息、股票、投資收入；103+ 為存款/跟會/股票/投資利息。106/110 對象為經濟戶長。 103基準題號：H4。,mapping_relation=exact_range; total_rule=source_question
build_income_expenditure_crosswalk.py,INC_PERS_INTEREST,個人收入,INC_PERS_INTEREST,個人利息/投資收入,range_overlap,2021,110,E4,H4,1,11,"20,000 元-未滿30,000元",11,"20,000-29,999 元",exact_range,請問經濟戶長個人每個月的「存款利息、跟會利息、股票利息、各種投資利息」收入總共是多,question_options_110.csv,99 H3 與 95 Q10-3 是利息、股票、投資收入；103+ 為存款/跟會/股票/投資利息。106/110 對象為經濟戶長。 103基準題號：H4。,mapping_relation=exact_range; total_rule=source_question
build_income_expenditure_crosswalk.py,INC_PERS_INTEREST,個人收入,INC_PERS_INTEREST,個人利息/投資收入,range_overlap,2021,110,E4,H4,1,12,"30,000元以上，請記錄________元",12,"30,000 元及以上，請記錄________元",exact_open_upper,請問經濟戶長個人每個月的「存款利息、跟會利息、股票利息、各種投資利息」收入總共是多,question_options_110.csv,99 H3 與 95 Q10-3 是利息、股票、投資收入；103+ 為存款/跟會/股票/投資利息。106/110 對象為經濟戶長。 103基準題號：H4。,mapping_relation=exact_open_upper; total_rule=source_question
build_income_expenditure_crosswalk.py,INC_PERS_INTEREST,個人收入,INC_PERS_INTEREST,個人利息/投資收入,range_overlap,2021,110,E4,H4,1,13,沒有這項收入,13,沒有這項收入,exact_none,請問經濟戶長個人每個月的「存款利息、跟會利息、股票利息、各種投資利息」收入總共是多,question_options_110.csv,99 H3 與 95 Q10-3 是利息、股票、投資收入；103+ 為存款/跟會/股票/投資利息。106/110 對象為經濟戶長。 103基準題號：H4。,mapping_relation=exact_none; total_rule=source_question
build_income_expenditure_crosswalk.py,INC_PERS_RENT,個人收入,INC_PERS_RENT,個人房屋土地租金收入,question_not_available,2002,91_1,,H5,,,,,,not_available_in_source_dataset,,question_options_91_1.csv,95+ 同概念；106/110 對象為經濟戶長。 103基準題號：H5。,mapping_relation=not_available_in_source_dataset; total_rule=source_question
build_income_expenditure_crosswalk.py,INC_PERS_RENT,個人收入,INC_PERS_RENT,個人房屋土地租金收入,question_not_available,2002,91_2,,H5,,,,,,not_available_in_source_dataset,,question_options_91_2.csv,95+ 同概念；106/110 對象為經濟戶長。 103基準題號：H5。,mapping_relation=not_available_in_source_dataset; total_rule=source_question
build_income_expenditure_crosswalk.py,INC_PERS_RENT,個人收入,INC_PERS_RENT,個人房屋土地租金收入,range_overlap,2006,95,Q10-4,H5,1,1,"4,999元及以下",1,"4,999 元及以下",exact_range,請問您個人每個月的「房屋、土地出租租金」收入總共是多少？,question_options_95.csv,95+ 同概念；106/110 對象為經濟戶長。 103基準題號：H5。,mapping_relation=exact_range; total_rule=source_question
build_income_expenditure_crosswalk.py,INC_PERS_RENT,個人收入,INC_PERS_RENT,個人房屋土地租金收入,range_overlap,2006,95,Q10-4,H5,1,2,"5,000-9,999元",2,"5,000-9,999 元",exact_range,請問您個人每個月的「房屋、土地出租租金」收入總共是多少？,question_options_95.csv,95+ 同概念；106/110 對象為經濟戶長。 103基準題號：H5。,mapping_relation=exact_range; total_rule=source_question
build_income_expenditure_crosswalk.py,INC_PERS_RENT,個人收入,INC_PERS_RENT,個人房屋土地租金收入,range_overlap,2006,95,Q10-4,H5,1,3,"10,000-14,999 元",3,"10,000-14,999 元",exact_range,請問您個人每個月的「房屋、土地出租租金」收入總共是多少？,question_options_95.csv,95+ 同概念；106/110 對象為經濟戶長。 103基準題號：H5。,mapping_relation=exact_range; total_rule=source_question
build_income_expenditure_crosswalk.py,INC_PERS_RENT,個人收入,INC_PERS_RENT,個人房屋土地租金收入,range_overlap,2006,95,Q10-4,H5,1,4,"15,000-19,999元",4,"15,000-19,999 元",exact_range,請問您個人每個月的「房屋、土地出租租金」收入總共是多少？,question_options_95.csv,95+ 同概念；106/110 對象為經濟戶長。 103基準題號：H5。,mapping_relation=exact_range; total_rule=source_question
build_income_expenditure_crosswalk.py,INC_PERS_RENT,個人收入,INC_PERS_RENT,個人房屋土地租金收入,range_overlap,2006,95,Q10-4,H5,1,5,"20,000-24,999 元",5,"20,000-24,999 元",exact_range,請問您個人每個月的「房屋、土地出租租金」收入總共是多少？,question_options_95.csv,95+ 同概念；106/110 對象為經濟戶長。 103基準題號：H5。,mapping_relation=exact_range; total_rule=source_question
build_income_expenditure_crosswalk.py,INC_PERS_RENT,個人收入,INC_PERS_RENT,個人房屋土地租金收入,range_overlap,2006,95,Q10-4,H5,1,6,"25,000-29,999元",6,"25,000-29,999 元",exact_range,請問您個人每個月的「房屋、土地出租租金」收入總共是多少？,question_options_95.csv,95+ 同概念；106/110 對象為經濟戶長。 103基準題號：H5。,mapping_relation=exact_range; total_rule=source_question
build_income_expenditure_crosswalk.py,INC_PERS_RENT,個人收入,INC_PERS_RENT,個人房屋土地租金收入,range_overlap,2006,95,Q10-4,H5,1,7,"30,000-39,999 元",7,"30,000-39,999 元",exact_range,請問您個人每個月的「房屋、土地出租租金」收入總共是多少？,question_options_95.csv,95+ 同概念；106/110 對象為經濟戶長。 103基準題號：H5。,mapping_relation=exact_range; total_rule=source_question
build_income_expenditure_crosswalk.py,INC_PERS_RENT,個人收入,INC_PERS_RENT,個人房屋土地租金收入,range_overlap,2006,95,Q10-4,H5,1,8,"40,000-49,999元",8,"40,000-49,999 元",exact_range,請問您個人每個月的「房屋、土地出租租金」收入總共是多少？,question_options_95.csv,95+ 同概念；106/110 對象為經濟戶長。 103基準題號：H5。,mapping_relation=exact_range; total_rule=source_question
build_income_expenditure_crosswalk.py,INC_PERS_RENT,個人收入,INC_PERS_RENT,個人房屋土地租金收入,range_overlap,2006,95,Q10-4,H5,1,9,"50,000-59,999 元",9,"50,000-59,999 元",exact_range,請問您個人每個月的「房屋、土地出租租金」收入總共是多少？,question_options_95.csv,95+ 同概念；106/110 對象為經濟戶長。 103基準題號：H5。,mapping_relation=exact_range; total_rule=source_question
build_income_expenditure_crosswalk.py,INC_PERS_RENT,個人收入,INC_PERS_RENT,個人房屋土地租金收入,range_overlap,2006,95,Q10-4,H5,2,9,"70,000-79,999 元",11,"70,000-79,999 元",exact_range,請問您個人每個月的「房屋、土地出租租金」收入總共是多少？,question_options_95.csv,95+ 同概念；106/110 對象為經濟戶長。 103基準題號：H5。,mapping_relation=exact_range; total_rule=source_question
build_income_expenditure_crosswalk.py,INC_PERS_RENT,個人收入,INC_PERS_RENT,個人房屋土地租金收入,range_overlap,2006,95,Q10-4,H5,1,10,"60,000-69,999元",10,"60,000-69,999 元",exact_range,請問您個人每個月的「房屋、土地出租租金」收入總共是多少？,question_options_95.csv,95+ 同概念；106/110 對象為經濟戶長。 103基準題號：H5。,mapping_relation=exact_range; total_rule=source_question
build_income_expenditure_crosswalk.py,INC_PERS_RENT,個人收入,INC_PERS_RENT,個人房屋土地租金收入,range_overlap,2006,95,Q10-4,H5,1,90,"80,000 元及以上，請記錄 元 6",12,"80,000 元及以上，請記錄_________________元",exact_open_upper,請問您個人每個月的「房屋、土地出租租金」收入總共是多少？,question_options_95.csv,95+ 同概念；106/110 對象為經濟戶長。 103基準題號：H5。,mapping_relation=exact_open_upper; total_rule=source_question
build_income_expenditure_crosswalk.py,INC_PERS_RENT,個人收入,INC_PERS_RENT,個人房屋土地租金收入,range_overlap,2006,95,Q10-4,H5,1,95,沒有這項收入,13,沒有這項收入,exact_none,請問您個人每個月的「房屋、土地出租租金」收入總共是多少？,question_options_95.csv,95+ 同概念；106/110 對象為經濟戶長。 103基準題號：H5。,mapping_relation=exact_none; total_rule=source_question
build_income_expenditure_crosswalk.py,INC_PERS_RENT,個人收入,INC_PERS_RENT,個人房屋土地租金收入,range_overlap,2010,99,H4,H5,1,1,"4,999 元及以下",1,"4,999 元及以下",exact_range,請問您個人每個月的「房屋、土地出租租金」收入總共是多少？,question_options_99.csv,95+ 同概念；106/110 對象為經濟戶長。 103基準題號：H5。,mapping_relation=exact_range; total_rule=source_question
build_income_expenditure_crosswalk.py,INC_PERS_RENT,個人收入,INC_PERS_RENT,個人房屋土地租金收入,range_overlap,2010,99,H4,H5,1,2,"5,000-9,999 元",2,"5,000-9,999 元",exact_range,請問您個人每個月的「房屋、土地出租租金」收入總共是多少？,question_options_99.csv,95+ 同概念；106/110 對象為經濟戶長。 103基準題號：H5。,mapping_relation=exact_range; total_rule=source_question
build_income_expenditure_crosswalk.py,INC_PERS_RENT,個人收入,INC_PERS_RENT,個人房屋土地租金收入,range_overlap,2010,99,H4,H5,1,3,"10,000-14,999 元",3,"10,000-14,999 元",exact_range,請問您個人每個月的「房屋、土地出租租金」收入總共是多少？,question_options_99.csv,95+ 同概念；106/110 對象為經濟戶長。 103基準題號：H5。,mapping_relation=exact_range; total_rule=source_question
build_income_expenditure_crosswalk.py,INC_PERS_RENT,個人收入,INC_PERS_RENT,個人房屋土地租金收入,range_overlap,2010,99,H4,H5,1,4,"15,000-19,999 元",4,"15,000-19,999 元",exact_range,請問您個人每個月的「房屋、土地出租租金」收入總共是多少？,question_options_99.csv,95+ 同概念；106/110 對象為經濟戶長。 103基準題號：H5。,mapping_relation=exact_range; total_rule=source_question
build_income_expenditure_crosswalk.py,INC_PERS_RENT,個人收入,INC_PERS_RENT,個人房屋土地租金收入,range_overlap,2010,99,H4,H5,1,5,"20,000-24,999 元",5,"20,000-24,999 元",exact_range,請問您個人每個月的「房屋、土地出租租金」收入總共是多少？,question_options_99.csv,95+ 同概念；106/110 對象為經濟戶長。 103基準題號：H5。,mapping_relation=exact_range; total_rule=source_question
build_income_expenditure_crosswalk.py,INC_PERS_RENT,個人收入,INC_PERS_RENT,個人房屋土地租金收入,range_overlap,2010,99,H4,H5,1,6,"25,000-29,999 元",6,"25,000-29,999 元",exact_range,請問您個人每個月的「房屋、土地出租租金」收入總共是多少？,question_options_99.csv,95+ 同概念；106/110 對象為經濟戶長。 103基準題號：H5。,mapping_relation=exact_range; total_rule=source_question
build_income_expenditure_crosswalk.py,INC_PERS_RENT,個人收入,INC_PERS_RENT,個人房屋土地租金收入,range_overlap,2010,99,H4,H5,1,7,"30,000-39,999 元",7,"30,000-39,999 元",exact_range,請問您個人每個月的「房屋、土地出租租金」收入總共是多少？,question_options_99.csv,95+ 同概念；106/110 對象為經濟戶長。 103基準題號：H5。,mapping_relation=exact_range; total_rule=source_question
build_income_expenditure_crosswalk.py,INC_PERS_RENT,個人收入,INC_PERS_RENT,個人房屋土地租金收入,range_overlap,2010,99,H4,H5,1,8,"40,000-49,999 元",8,"40,000-49,999 元",exact_range,請問您個人每個月的「房屋、土地出租租金」收入總共是多少？,question_options_99.csv,95+ 同概念；106/110 對象為經濟戶長。 103基準題號：H5。,mapping_relation=exact_range; total_rule=source_question
build_income_expenditure_crosswalk.py,INC_PERS_RENT,個人收入,INC_PERS_RENT,個人房屋土地租金收入,range_overlap,2010,99,H4,H5,1,9,"50,000-59,999 元",9,"50,000-59,999 元",exact_range,請問您個人每個月的「房屋、土地出租租金」收入總共是多少？,question_options_99.csv,95+ 同概念；106/110 對象為經濟戶長。 103基準題號：H5。,mapping_relation=exact_range; total_rule=source_question
build_income_expenditure_crosswalk.py,INC_PERS_RENT,個人收入,INC_PERS_RENT,個人房屋土地租金收入,range_overlap,2010,99,H4,H5,1,10,"60,000-69,999 元",10,"60,000-69,999 元",exact_range,請問您個人每個月的「房屋、土地出租租金」收入總共是多少？,question_options_99.csv,95+ 同概念；106/110 對象為經濟戶長。 103基準題號：H5。,mapping_relation=exact_range; total_rule=source_question
build_income_expenditure_crosswalk.py,INC_PERS_RENT,個人收入,INC_PERS_RENT,個人房屋土地租金收入,range_overlap,2010,99,H4,H5,1,11,"70,000-79,999 元",11,"70,000-79,999 元",exact_range,請問您個人每個月的「房屋、土地出租租金」收入總共是多少？,question_options_99.csv,95+ 同概念；106/110 對象為經濟戶長。 103基準題號：H5。,mapping_relation=exact_range; total_rule=source_question
build_income_expenditure_crosswalk.py,INC_PERS_RENT,個人收入,INC_PERS_RENT,個人房屋土地租金收入,range_overlap,2010,99,H4,H5,1,12,"80,000 元及以上，請記錄 元",12,"80,000 元及以上，請記錄_________________元",exact_open_upper,請問您個人每個月的「房屋、土地出租租金」收入總共是多少？,question_options_99.csv,95+ 同概念；106/110 對象為經濟戶長。 103基準題號：H5。,mapping_relation=exact_open_upper; total_rule=source_question
build_income_expenditure_crosswalk.py,INC_PERS_RENT,個人收入,INC_PERS_RENT,個人房屋土地租金收入,range_overlap,2010,99,H4,H5,1,13,沒有這項收入,13,沒有這項收入,exact_none,請問您個人每個月的「房屋、土地出租租金」收入總共是多少？,question_options_99.csv,95+ 同概念；106/110 對象為經濟戶長。 103基準題號：H5。,mapping_relation=exact_none; total_rule=source_question
build_income_expenditure_crosswalk.py,INC_PERS_RENT,個人收入,INC_PERS_RENT,個人房屋土地租金收入,range_overlap,2014,103,H5,H5,1,1,"4,999 元及以下",1,"4,999 元及以下",exact_range,請問您個人每個月的「房屋、土地出租租金」收入總共是多少？,question_options_103.csv,95+ 同概念；106/110 對象為經濟戶長。 103基準題號：H5。,mapping_relation=exact_range; total_rule=source_question
build_income_expenditure_crosswalk.py,INC_PERS_RENT,個人收入,INC_PERS_RENT,個人房屋土地租金收入,range_overlap,2014,103,H5,H5,1,2,"5,000-9,999 元",2,"5,000-9,999 元",exact_range,請問您個人每個月的「房屋、土地出租租金」收入總共是多少？,question_options_103.csv,95+ 同概念；106/110 對象為經濟戶長。 103基準題號：H5。,mapping_relation=exact_range; total_rule=source_question
build_income_expenditure_crosswalk.py,INC_PERS_RENT,個人收入,INC_PERS_RENT,個人房屋土地租金收入,range_overlap,2014,103,H5,H5,1,3,"10,000-14,999 元",3,"10,000-14,999 元",exact_range,請問您個人每個月的「房屋、土地出租租金」收入總共是多少？,question_options_103.csv,95+ 同概念；106/110 對象為經濟戶長。 103基準題號：H5。,mapping_relation=exact_range; total_rule=source_question
build_income_expenditure_crosswalk.py,INC_PERS_RENT,個人收入,INC_PERS_RENT,個人房屋土地租金收入,range_overlap,2014,103,H5,H5,1,4,"15,000-19,999 元",4,"15,000-19,999 元",exact_range,請問您個人每個月的「房屋、土地出租租金」收入總共是多少？,question_options_103.csv,95+ 同概念；106/110 對象為經濟戶長。 103基準題號：H5。,mapping_relation=exact_range; total_rule=source_question
build_income_expenditure_crosswalk.py,INC_PERS_RENT,個人收入,INC_PERS_RENT,個人房屋土地租金收入,range_overlap,2014,103,H5,H5,1,5,"20,000-24,999 元",5,"20,000-24,999 元",exact_range,請問您個人每個月的「房屋、土地出租租金」收入總共是多少？,question_options_103.csv,95+ 同概念；106/110 對象為經濟戶長。 103基準題號：H5。,mapping_relation=exact_range; total_rule=source_question
build_income_expenditure_crosswalk.py,INC_PERS_RENT,個人收入,INC_PERS_RENT,個人房屋土地租金收入,range_overlap,2014,103,H5,H5,1,6,"25,000-29,999 元",6,"25,000-29,999 元",exact_range,請問您個人每個月的「房屋、土地出租租金」收入總共是多少？,question_options_103.csv,95+ 同概念；106/110 對象為經濟戶長。 103基準題號：H5。,mapping_relation=exact_range; total_rule=source_question
build_income_expenditure_crosswalk.py,INC_PERS_RENT,個人收入,INC_PERS_RENT,個人房屋土地租金收入,range_overlap,2014,103,H5,H5,1,7,"30,000-39,999 元",7,"30,000-39,999 元",exact_range,請問您個人每個月的「房屋、土地出租租金」收入總共是多少？,question_options_103.csv,95+ 同概念；106/110 對象為經濟戶長。 103基準題號：H5。,mapping_relation=exact_range; total_rule=source_question
build_income_expenditure_crosswalk.py,INC_PERS_RENT,個人收入,INC_PERS_RENT,個人房屋土地租金收入,range_overlap,2014,103,H5,H5,1,8,"40,000-49,999 元",8,"40,000-49,999 元",exact_range,請問您個人每個月的「房屋、土地出租租金」收入總共是多少？,question_options_103.csv,95+ 同概念；106/110 對象為經濟戶長。 103基準題號：H5。,mapping_relation=exact_range; total_rule=source_question
build_income_expenditure_crosswalk.py,INC_PERS_RENT,個人收入,INC_PERS_RENT,個人房屋土地租金收入,range_overlap,2014,103,H5,H5,1,9,"50,000-59,999 元",9,"50,000-59,999 元",exact_range,請問您個人每個月的「房屋、土地出租租金」收入總共是多少？,question_options_103.csv,95+ 同概念；106/110 對象為經濟戶長。 103基準題號：H5。,mapping_relation=exact_range; total_rule=source_question
build_income_expenditure_crosswalk.py,INC_PERS_RENT,個人收入,INC_PERS_RENT,個人房屋土地租金收入,range_overlap,2014,103,H5,H5,1,10,"60,000-69,999 元",10,"60,000-69,999 元",exact_range,請問您個人每個月的「房屋、土地出租租金」收入總共是多少？,question_options_103.csv,95+ 同概念；106/110 對象為經濟戶長。 103基準題號：H5。,mapping_relation=exact_range; total_rule=source_question
build_income_expenditure_crosswalk.py,INC_PERS_RENT,個人收入,INC_PERS_RENT,個人房屋土地租金收入,range_overlap,2014,103,H5,H5,1,11,"70,000-79,999 元",11,"70,000-79,999 元",exact_range,請問您個人每個月的「房屋、土地出租租金」收入總共是多少？,question_options_103.csv,95+ 同概念；106/110 對象為經濟戶長。 103基準題號：H5。,mapping_relation=exact_range; total_rule=source_question
build_income_expenditure_crosswalk.py,INC_PERS_RENT,個人收入,INC_PERS_RENT,個人房屋土地租金收入,range_overlap,2014,103,H5,H5,1,12,"80,000 元及以上，請記錄_________________元",12,"80,000 元及以上，請記錄_________________元",exact_open_upper,請問您個人每個月的「房屋、土地出租租金」收入總共是多少？,question_options_103.csv,95+ 同概念；106/110 對象為經濟戶長。 103基準題號：H5。,mapping_relation=exact_open_upper; total_rule=source_question
build_income_expenditure_crosswalk.py,INC_PERS_RENT,個人收入,INC_PERS_RENT,個人房屋土地租金收入,range_overlap,2014,103,H5,H5,1,13,沒有這項收入,13,沒有這項收入,exact_none,請問您個人每個月的「房屋、土地出租租金」收入總共是多少？,question_options_103.csv,95+ 同概念；106/110 對象為經濟戶長。 103基準題號：H5。,mapping_relation=exact_none; total_rule=source_question
build_income_expenditure_crosswalk.py,INC_PERS_RENT,個人收入,INC_PERS_RENT,個人房屋土地租金收入,range_overlap,2017,106,J5,H5,1,1,"未滿5,000元",1,"4,999 元及以下",exact_range,請問經濟戶長個人每個月的「房屋、土地出租租金」收入總共是多少？【106年平均每個月的金,question_options_106.csv,95+ 同概念；106/110 對象為經濟戶長。 103基準題號：H5。,mapping_relation=exact_range; total_rule=source_question
build_income_expenditure_crosswalk.py,INC_PERS_RENT,個人收入,INC_PERS_RENT,個人房屋土地租金收入,range_overlap,2017,106,J5,H5,1,2,"5,000 元-未滿10,000元",2,"5,000-9,999 元",exact_range,請問經濟戶長個人每個月的「房屋、土地出租租金」收入總共是多少？【106年平均每個月的金,question_options_106.csv,95+ 同概念；106/110 對象為經濟戶長。 103基準題號：H5。,mapping_relation=exact_range; total_rule=source_question
build_income_expenditure_crosswalk.py,INC_PERS_RENT,個人收入,INC_PERS_RENT,個人房屋土地租金收入,range_overlap,2017,106,J5,H5,1,3,"10,000元-未滿15,000元",3,"10,000-14,999 元",exact_range,請問經濟戶長個人每個月的「房屋、土地出租租金」收入總共是多少？【106年平均每個月的金,question_options_106.csv,95+ 同概念；106/110 對象為經濟戶長。 103基準題號：H5。,mapping_relation=exact_range; total_rule=source_question
build_income_expenditure_crosswalk.py,INC_PERS_RENT,個人收入,INC_PERS_RENT,個人房屋土地租金收入,range_overlap,2017,106,J5,H5,1,4,"15,000元-未滿20,000元",4,"15,000-19,999 元",exact_range,請問經濟戶長個人每個月的「房屋、土地出租租金」收入總共是多少？【106年平均每個月的金,question_options_106.csv,95+ 同概念；106/110 對象為經濟戶長。 103基準題號：H5。,mapping_relation=exact_range; total_rule=source_question
build_income_expenditure_crosswalk.py,INC_PERS_RENT,個人收入,INC_PERS_RENT,個人房屋土地租金收入,range_overlap,2017,106,J5,H5,1,5,"20,000元-未滿25,000元",5,"20,000-24,999 元",exact_range,請問經濟戶長個人每個月的「房屋、土地出租租金」收入總共是多少？【106年平均每個月的金,question_options_106.csv,95+ 同概念；106/110 對象為經濟戶長。 103基準題號：H5。,mapping_relation=exact_range; total_rule=source_question
build_income_expenditure_crosswalk.py,INC_PERS_RENT,個人收入,INC_PERS_RENT,個人房屋土地租金收入,range_overlap,2017,106,J5,H5,1,6,"25,000元-未滿30,000元",6,"25,000-29,999 元",exact_range,請問經濟戶長個人每個月的「房屋、土地出租租金」收入總共是多少？【106年平均每個月的金,question_options_106.csv,95+ 同概念；106/110 對象為經濟戶長。 103基準題號：H5。,mapping_relation=exact_range; total_rule=source_question
build_income_expenditure_crosswalk.py,INC_PERS_RENT,個人收入,INC_PERS_RENT,個人房屋土地租金收入,range_overlap,2017,106,J5,H5,1,7,"30,000元-未滿40,000元",7,"30,000-39,999 元",exact_range,請問經濟戶長個人每個月的「房屋、土地出租租金」收入總共是多少？【106年平均每個月的金,question_options_106.csv,95+ 同概念；106/110 對象為經濟戶長。 103基準題號：H5。,mapping_relation=exact_range; total_rule=source_question
build_income_expenditure_crosswalk.py,INC_PERS_RENT,個人收入,INC_PERS_RENT,個人房屋土地租金收入,range_overlap,2017,106,J5,H5,1,8,"40,000元-未滿50,000元",8,"40,000-49,999 元",exact_range,請問經濟戶長個人每個月的「房屋、土地出租租金」收入總共是多少？【106年平均每個月的金,question_options_106.csv,95+ 同概念；106/110 對象為經濟戶長。 103基準題號：H5。,mapping_relation=exact_range; total_rule=source_question
build_income_expenditure_crosswalk.py,INC_PERS_RENT,個人收入,INC_PERS_RENT,個人房屋土地租金收入,range_overlap,2017,106,J5,H5,1,9,"50,000元-未滿60,000元",9,"50,000-59,999 元",exact_range,請問經濟戶長個人每個月的「房屋、土地出租租金」收入總共是多少？【106年平均每個月的金,question_options_106.csv,95+ 同概念；106/110 對象為經濟戶長。 103基準題號：H5。,mapping_relation=exact_range; total_rule=source_question
build_income_expenditure_crosswalk.py,INC_PERS_RENT,個人收入,INC_PERS_RENT,個人房屋土地租金收入,range_overlap,2017,106,J5,H5,1,10,"60,000元-未滿70,000元",10,"60,000-69,999 元",exact_range,請問經濟戶長個人每個月的「房屋、土地出租租金」收入總共是多少？【106年平均每個月的金,question_options_106.csv,95+ 同概念；106/110 對象為經濟戶長。 103基準題號：H5。,mapping_relation=exact_range; total_rule=source_question
build_income_expenditure_crosswalk.py,INC_PERS_RENT,個人收入,INC_PERS_RENT,個人房屋土地租金收入,range_overlap,2017,106,J5,H5,1,11,"70,000元-未滿80,000元",11,"70,000-79,999 元",exact_range,請問經濟戶長個人每個月的「房屋、土地出租租金」收入總共是多少？【106年平均每個月的金,question_options_106.csv,95+ 同概念；106/110 對象為經濟戶長。 103基準題號：H5。,mapping_relation=exact_range; total_rule=source_question
build_income_expenditure_crosswalk.py,INC_PERS_RENT,個人收入,INC_PERS_RENT,個人房屋土地租金收入,range_overlap,2017,106,J5,H5,1,12,"80,000元以上，請記錄_________________元",12,"80,000 元及以上，請記錄_________________元",exact_open_upper,請問經濟戶長個人每個月的「房屋、土地出租租金」收入總共是多少？【106年平均每個月的金,question_options_106.csv,95+ 同概念；106/110 對象為經濟戶長。 103基準題號：H5。,mapping_relation=exact_open_upper; total_rule=source_question
build_income_expenditure_crosswalk.py,INC_PERS_RENT,個人收入,INC_PERS_RENT,個人房屋土地租金收入,range_overlap,2017,106,J5,H5,1,13,沒有這項收入,13,沒有這項收入,exact_none,請問經濟戶長個人每個月的「房屋、土地出租租金」收入總共是多少？【106年平均每個月的金,question_options_106.csv,95+ 同概念；106/110 對象為經濟戶長。 103基準題號：H5。,mapping_relation=exact_none; total_rule=source_question
build_income_expenditure_crosswalk.py,INC_PERS_RENT,個人收入,INC_PERS_RENT,個人房屋土地租金收入,range_overlap,2021,110,E5,H5,1,1,"未滿5,000元",1,"4,999 元及以下",exact_range,請問經濟戶長個人每個月的「房屋、土地出租租金」收入總共是多少？【110年平均每個月的金,question_options_110.csv,95+ 同概念；106/110 對象為經濟戶長。 103基準題號：H5。,mapping_relation=exact_range; total_rule=source_question
build_income_expenditure_crosswalk.py,INC_PERS_RENT,個人收入,INC_PERS_RENT,個人房屋土地租金收入,range_overlap,2021,110,E5,H5,1,2,"5,000 元-未滿10,000元",2,"5,000-9,999 元",exact_range,請問經濟戶長個人每個月的「房屋、土地出租租金」收入總共是多少？【110年平均每個月的金,question_options_110.csv,95+ 同概念；106/110 對象為經濟戶長。 103基準題號：H5。,mapping_relation=exact_range; total_rule=source_question
build_income_expenditure_crosswalk.py,INC_PERS_RENT,個人收入,INC_PERS_RENT,個人房屋土地租金收入,range_overlap,2021,110,E5,H5,1,3,"10,000元-未滿15,000元",3,"10,000-14,999 元",exact_range,請問經濟戶長個人每個月的「房屋、土地出租租金」收入總共是多少？【110年平均每個月的金,question_options_110.csv,95+ 同概念；106/110 對象為經濟戶長。 103基準題號：H5。,mapping_relation=exact_range; total_rule=source_question
build_income_expenditure_crosswalk.py,INC_PERS_RENT,個人收入,INC_PERS_RENT,個人房屋土地租金收入,range_overlap,2021,110,E5,H5,1,4,"15,000元-未滿20,000元",4,"15,000-19,999 元",exact_range,請問經濟戶長個人每個月的「房屋、土地出租租金」收入總共是多少？【110年平均每個月的金,question_options_110.csv,95+ 同概念；106/110 對象為經濟戶長。 103基準題號：H5。,mapping_relation=exact_range; total_rule=source_question
build_income_expenditure_crosswalk.py,INC_PERS_RENT,個人收入,INC_PERS_RENT,個人房屋土地租金收入,range_overlap,2021,110,E5,H5,1,5,"20,000元-未滿25,000元",5,"20,000-24,999 元",exact_range,請問經濟戶長個人每個月的「房屋、土地出租租金」收入總共是多少？【110年平均每個月的金,question_options_110.csv,95+ 同概念；106/110 對象為經濟戶長。 103基準題號：H5。,mapping_relation=exact_range; total_rule=source_question
build_income_expenditure_crosswalk.py,INC_PERS_RENT,個人收入,INC_PERS_RENT,個人房屋土地租金收入,range_overlap,2021,110,E5,H5,1,6,"25,000元-未滿30,000元",6,"25,000-29,999 元",exact_range,請問經濟戶長個人每個月的「房屋、土地出租租金」收入總共是多少？【110年平均每個月的金,question_options_110.csv,95+ 同概念；106/110 對象為經濟戶長。 103基準題號：H5。,mapping_relation=exact_range; total_rule=source_question
build_income_expenditure_crosswalk.py,INC_PERS_RENT,個人收入,INC_PERS_RENT,個人房屋土地租金收入,range_overlap,2021,110,E5,H5,1,7,"30,000元-未滿40,000元",7,"30,000-39,999 元",exact_range,請問經濟戶長個人每個月的「房屋、土地出租租金」收入總共是多少？【110年平均每個月的金,question_options_110.csv,95+ 同概念；106/110 對象為經濟戶長。 103基準題號：H5。,mapping_relation=exact_range; total_rule=source_question
build_income_expenditure_crosswalk.py,INC_PERS_RENT,個人收入,INC_PERS_RENT,個人房屋土地租金收入,range_overlap,2021,110,E5,H5,1,8,"40,000元-未滿50,000元",8,"40,000-49,999 元",exact_range,請問經濟戶長個人每個月的「房屋、土地出租租金」收入總共是多少？【110年平均每個月的金,question_options_110.csv,95+ 同概念；106/110 對象為經濟戶長。 103基準題號：H5。,mapping_relation=exact_range; total_rule=source_question
build_income_expenditure_crosswalk.py,INC_PERS_RENT,個人收入,INC_PERS_RENT,個人房屋土地租金收入,range_overlap,2021,110,E5,H5,1,9,"50,000元-未滿60,000元",9,"50,000-59,999 元",exact_range,請問經濟戶長個人每個月的「房屋、土地出租租金」收入總共是多少？【110年平均每個月的金,question_options_110.csv,95+ 同概念；106/110 對象為經濟戶長。 103基準題號：H5。,mapping_relation=exact_range; total_rule=source_question
build_income_expenditure_crosswalk.py,INC_PERS_RENT,個人收入,INC_PERS_RENT,個人房屋土地租金收入,range_overlap,2021,110,E5,H5,1,10,"60,000元-未滿70,000元",10,"60,000-69,999 元",exact_range,請問經濟戶長個人每個月的「房屋、土地出租租金」收入總共是多少？【110年平均每個月的金,question_options_110.csv,95+ 同概念；106/110 對象為經濟戶長。 103基準題號：H5。,mapping_relation=exact_range; total_rule=source_question
build_income_expenditure_crosswalk.py,INC_PERS_RENT,個人收入,INC_PERS_RENT,個人房屋土地租金收入,range_overlap,2021,110,E5,H5,1,11,"70,000元-未滿80,000元",11,"70,000-79,999 元",exact_range,請問經濟戶長個人每個月的「房屋、土地出租租金」收入總共是多少？【110年平均每個月的金,question_options_110.csv,95+ 同概念；106/110 對象為經濟戶長。 103基準題號：H5。,mapping_relation=exact_range; total_rule=source_question
build_income_expenditure_crosswalk.py,INC_PERS_RENT,個人收入,INC_PERS_RENT,個人房屋土地租金收入,range_overlap,2021,110,E5,H5,1,12,"80,000元以上，請記錄_________________元",12,"80,000 元及以上，請記錄_________________元",exact_open_upper,請問經濟戶長個人每個月的「房屋、土地出租租金」收入總共是多少？【110年平均每個月的金,question_options_110.csv,95+ 同概念；106/110 對象為經濟戶長。 103基準題號：H5。,mapping_relation=exact_open_upper; total_rule=source_question
build_income_expenditure_crosswalk.py,INC_PERS_RENT,個人收入,INC_PERS_RENT,個人房屋土地租金收入,range_overlap,2021,110,E5,H5,1,13,沒有這項收入,13,沒有這項收入,exact_none,請問經濟戶長個人每個月的「房屋、土地出租租金」收入總共是多少？【110年平均每個月的金,question_options_110.csv,95+ 同概念；106/110 對象為經濟戶長。 103基準題號：H5。,mapping_relation=exact_none; total_rule=source_question
build_income_expenditure_crosswalk.py,INC_PERS_OTHER,個人收入,INC_PERS_OTHER,個人其他收入,question_not_available,2002,91_1,,H6,,,,,,not_available_in_source_dataset,,question_options_91_1.csv,95+ 同概念；106/110 對象為經濟戶長。 103基準題號：H6。,mapping_relation=not_available_in_source_dataset; total_rule=source_question
build_income_expenditure_crosswalk.py,INC_PERS_OTHER,個人收入,INC_PERS_OTHER,個人其他收入,question_not_available,2002,91_2,,H6,,,,,,not_available_in_source_dataset,,question_options_91_2.csv,95+ 同概念；106/110 對象為經濟戶長。 103基準題號：H6。,mapping_relation=not_available_in_source_dataset; total_rule=source_question
build_income_expenditure_crosswalk.py,INC_PERS_OTHER,個人收入,INC_PERS_OTHER,個人其他收入,range_overlap,2006,95,Q10-5,H6,1,1,"4,999元及以下",1,"4,999 元及以下",exact_range,除了以上這些收入以外，請問您個人每個月「其他」收入總共是多少？,question_options_95.csv,95+ 同概念；106/110 對象為經濟戶長。 103基準題號：H6。,mapping_relation=exact_range; total_rule=source_question
build_income_expenditure_crosswalk.py,INC_PERS_OTHER,個人收入,INC_PERS_OTHER,個人其他收入,range_overlap,2006,95,Q10-5,H6,1,2,"5,000-9,999元",2,"5,000-9,999 元",exact_range,除了以上這些收入以外，請問您個人每個月「其他」收入總共是多少？,question_options_95.csv,95+ 同概念；106/110 對象為經濟戶長。 103基準題號：H6。,mapping_relation=exact_range; total_rule=source_question
build_income_expenditure_crosswalk.py,INC_PERS_OTHER,個人收入,INC_PERS_OTHER,個人其他收入,range_overlap,2006,95,Q10-5,H6,1,3,"10,000-14,999 元",3,"10,000-14,999 元",exact_range,除了以上這些收入以外，請問您個人每個月「其他」收入總共是多少？,question_options_95.csv,95+ 同概念；106/110 對象為經濟戶長。 103基準題號：H6。,mapping_relation=exact_range; total_rule=source_question
build_income_expenditure_crosswalk.py,INC_PERS_OTHER,個人收入,INC_PERS_OTHER,個人其他收入,range_overlap,2006,95,Q10-5,H6,1,4,"15,000-19,999元",4,"15,000-19,999 元",exact_range,除了以上這些收入以外，請問您個人每個月「其他」收入總共是多少？,question_options_95.csv,95+ 同概念；106/110 對象為經濟戶長。 103基準題號：H6。,mapping_relation=exact_range; total_rule=source_question
build_income_expenditure_crosswalk.py,INC_PERS_OTHER,個人收入,INC_PERS_OTHER,個人其他收入,range_overlap,2006,95,Q10-5,H6,1,5,"20,000-24,999 元",5,"20,000-24,999 元",exact_range,除了以上這些收入以外，請問您個人每個月「其他」收入總共是多少？,question_options_95.csv,95+ 同概念；106/110 對象為經濟戶長。 103基準題號：H6。,mapping_relation=exact_range; total_rule=source_question
build_income_expenditure_crosswalk.py,INC_PERS_OTHER,個人收入,INC_PERS_OTHER,個人其他收入,range_overlap,2006,95,Q10-5,H6,1,6,"25,000-29,999元",6,"25,000-29,999 元",exact_range,除了以上這些收入以外，請問您個人每個月「其他」收入總共是多少？,question_options_95.csv,95+ 同概念；106/110 對象為經濟戶長。 103基準題號：H6。,mapping_relation=exact_range; total_rule=source_question
build_income_expenditure_crosswalk.py,INC_PERS_OTHER,個人收入,INC_PERS_OTHER,個人其他收入,range_overlap,2006,95,Q10-5,H6,1,7,"30,000-39,999 元",7,"30,000-39,999 元",exact_range,除了以上這些收入以外，請問您個人每個月「其他」收入總共是多少？,question_options_95.csv,95+ 同概念；106/110 對象為經濟戶長。 103基準題號：H6。,mapping_relation=exact_range; total_rule=source_question
build_income_expenditure_crosswalk.py,INC_PERS_OTHER,個人收入,INC_PERS_OTHER,個人其他收入,range_overlap,2006,95,Q10-5,H6,1,8,"40,000-49,999元",8,"40,000-49,999 元",exact_range,除了以上這些收入以外，請問您個人每個月「其他」收入總共是多少？,question_options_95.csv,95+ 同概念；106/110 對象為經濟戶長。 103基準題號：H6。,mapping_relation=exact_range; total_rule=source_question
build_income_expenditure_crosswalk.py,INC_PERS_OTHER,個人收入,INC_PERS_OTHER,個人其他收入,range_overlap,2006,95,Q10-5,H6,1,9,"50,000-59,999 元",9,"50,000-59,999 元",exact_range,除了以上這些收入以外，請問您個人每個月「其他」收入總共是多少？,question_options_95.csv,95+ 同概念；106/110 對象為經濟戶長。 103基準題號：H6。,mapping_relation=exact_range; total_rule=source_question
build_income_expenditure_crosswalk.py,INC_PERS_OTHER,個人收入,INC_PERS_OTHER,個人其他收入,range_overlap,2006,95,Q10-5,H6,2,9,"70,000-79,999 元",11,"70,000-79,999 元",exact_range,除了以上這些收入以外，請問您個人每個月「其他」收入總共是多少？,question_options_95.csv,95+ 同概念；106/110 對象為經濟戶長。 103基準題號：H6。,mapping_relation=exact_range; total_rule=source_question
build_income_expenditure_crosswalk.py,INC_PERS_OTHER,個人收入,INC_PERS_OTHER,個人其他收入,range_overlap,2006,95,Q10-5,H6,1,10,"60,000-69,999元",10,"60,000-69,999 元",exact_range,除了以上這些收入以外，請問您個人每個月「其他」收入總共是多少？,question_options_95.csv,95+ 同概念；106/110 對象為經濟戶長。 103基準題號：H6。,mapping_relation=exact_range; total_rule=source_question
build_income_expenditure_crosswalk.py,INC_PERS_OTHER,個人收入,INC_PERS_OTHER,個人其他收入,range_overlap,2006,95,Q10-5,H6,1,90,"80,000 元及以上，請記錄 元",12,"80,000 元及以上，請記錄_________________元",exact_open_upper,除了以上這些收入以外，請問您個人每個月「其他」收入總共是多少？,question_options_95.csv,95+ 同概念；106/110 對象為經濟戶長。 103基準題號：H6。,mapping_relation=exact_open_upper; total_rule=source_question
build_income_expenditure_crosswalk.py,INC_PERS_OTHER,個人收入,INC_PERS_OTHER,個人其他收入,range_overlap,2006,95,Q10-5,H6,1,95,沒有這項收入,13,沒有這項收入,exact_none,除了以上這些收入以外，請問您個人每個月「其他」收入總共是多少？,question_options_95.csv,95+ 同概念；106/110 對象為經濟戶長。 103基準題號：H6。,mapping_relation=exact_none; total_rule=source_question
build_income_expenditure_crosswalk.py,INC_PERS_OTHER,個人收入,INC_PERS_OTHER,個人其他收入,range_overlap,2010,99,H5,H6,1,1,"4,999 元及以下",1,"4,999 元及以下",exact_range,除了以上這些收入以外，請問您個人每個月「其他」收入總共是多少？,question_options_99.csv,95+ 同概念；106/110 對象為經濟戶長。 103基準題號：H6。,mapping_relation=exact_range; total_rule=source_question
build_income_expenditure_crosswalk.py,INC_PERS_OTHER,個人收入,INC_PERS_OTHER,個人其他收入,range_overlap,2010,99,H5,H6,1,2,"5,000-9,999 元",2,"5,000-9,999 元",exact_range,除了以上這些收入以外，請問您個人每個月「其他」收入總共是多少？,question_options_99.csv,95+ 同概念；106/110 對象為經濟戶長。 103基準題號：H6。,mapping_relation=exact_range; total_rule=source_question
build_income_expenditure_crosswalk.py,INC_PERS_OTHER,個人收入,INC_PERS_OTHER,個人其他收入,range_overlap,2010,99,H5,H6,1,3,"10,000-14,999 元",3,"10,000-14,999 元",exact_range,除了以上這些收入以外，請問您個人每個月「其他」收入總共是多少？,question_options_99.csv,95+ 同概念；106/110 對象為經濟戶長。 103基準題號：H6。,mapping_relation=exact_range; total_rule=source_question
build_income_expenditure_crosswalk.py,INC_PERS_OTHER,個人收入,INC_PERS_OTHER,個人其他收入,range_overlap,2010,99,H5,H6,1,4,"15,000-19,999 元",4,"15,000-19,999 元",exact_range,除了以上這些收入以外，請問您個人每個月「其他」收入總共是多少？,question_options_99.csv,95+ 同概念；106/110 對象為經濟戶長。 103基準題號：H6。,mapping_relation=exact_range; total_rule=source_question
build_income_expenditure_crosswalk.py,INC_PERS_OTHER,個人收入,INC_PERS_OTHER,個人其他收入,range_overlap,2010,99,H5,H6,1,5,"20,000-24,999 元",5,"20,000-24,999 元",exact_range,除了以上這些收入以外，請問您個人每個月「其他」收入總共是多少？,question_options_99.csv,95+ 同概念；106/110 對象為經濟戶長。 103基準題號：H6。,mapping_relation=exact_range; total_rule=source_question
build_income_expenditure_crosswalk.py,INC_PERS_OTHER,個人收入,INC_PERS_OTHER,個人其他收入,range_overlap,2010,99,H5,H6,1,6,"25,000-29,999 元",6,"25,000-29,999 元",exact_range,除了以上這些收入以外，請問您個人每個月「其他」收入總共是多少？,question_options_99.csv,95+ 同概念；106/110 對象為經濟戶長。 103基準題號：H6。,mapping_relation=exact_range; total_rule=source_question
build_income_expenditure_crosswalk.py,INC_PERS_OTHER,個人收入,INC_PERS_OTHER,個人其他收入,range_overlap,2010,99,H5,H6,1,7,"30,000-39,999 元",7,"30,000-39,999 元",exact_range,除了以上這些收入以外，請問您個人每個月「其他」收入總共是多少？,question_options_99.csv,95+ 同概念；106/110 對象為經濟戶長。 103基準題號：H6。,mapping_relation=exact_range; total_rule=source_question
build_income_expenditure_crosswalk.py,INC_PERS_OTHER,個人收入,INC_PERS_OTHER,個人其他收入,range_overlap,2010,99,H5,H6,1,8,"40,000-49,999 元",8,"40,000-49,999 元",exact_range,除了以上這些收入以外，請問您個人每個月「其他」收入總共是多少？,question_options_99.csv,95+ 同概念；106/110 對象為經濟戶長。 103基準題號：H6。,mapping_relation=exact_range; total_rule=source_question
build_income_expenditure_crosswalk.py,INC_PERS_OTHER,個人收入,INC_PERS_OTHER,個人其他收入,range_overlap,2010,99,H5,H6,1,9,"50,000-59,999 元",9,"50,000-59,999 元",exact_range,除了以上這些收入以外，請問您個人每個月「其他」收入總共是多少？,question_options_99.csv,95+ 同概念；106/110 對象為經濟戶長。 103基準題號：H6。,mapping_relation=exact_range; total_rule=source_question
build_income_expenditure_crosswalk.py,INC_PERS_OTHER,個人收入,INC_PERS_OTHER,個人其他收入,range_overlap,2010,99,H5,H6,1,10,"60,000-69,999 元",10,"60,000-69,999 元",exact_range,除了以上這些收入以外，請問您個人每個月「其他」收入總共是多少？,question_options_99.csv,95+ 同概念；106/110 對象為經濟戶長。 103基準題號：H6。,mapping_relation=exact_range; total_rule=source_question
build_income_expenditure_crosswalk.py,INC_PERS_OTHER,個人收入,INC_PERS_OTHER,個人其他收入,range_overlap,2010,99,H5,H6,1,11,"70,000-79,999 元",11,"70,000-79,999 元",exact_range,除了以上這些收入以外，請問您個人每個月「其他」收入總共是多少？,question_options_99.csv,95+ 同概念；106/110 對象為經濟戶長。 103基準題號：H6。,mapping_relation=exact_range; total_rule=source_question
build_income_expenditure_crosswalk.py,INC_PERS_OTHER,個人收入,INC_PERS_OTHER,個人其他收入,range_overlap,2010,99,H5,H6,1,12,"80,000 元及以上，請記錄 元",12,"80,000 元及以上，請記錄_________________元",exact_open_upper,除了以上這些收入以外，請問您個人每個月「其他」收入總共是多少？,question_options_99.csv,95+ 同概念；106/110 對象為經濟戶長。 103基準題號：H6。,mapping_relation=exact_open_upper; total_rule=source_question
build_income_expenditure_crosswalk.py,INC_PERS_OTHER,個人收入,INC_PERS_OTHER,個人其他收入,range_overlap,2010,99,H5,H6,1,13,沒有這項收入,13,沒有這項收入,exact_none,除了以上這些收入以外，請問您個人每個月「其他」收入總共是多少？,question_options_99.csv,95+ 同概念；106/110 對象為經濟戶長。 103基準題號：H6。,mapping_relation=exact_none; total_rule=source_question
build_income_expenditure_crosswalk.py,INC_PERS_OTHER,個人收入,INC_PERS_OTHER,個人其他收入,range_overlap,2014,103,H6,H6,1,1,"4,999 元及以下",1,"4,999 元及以下",exact_range,除了以上這些收入以外，請問您個人每個月「其他雜項」收入總共是多少？,question_options_103.csv,95+ 同概念；106/110 對象為經濟戶長。 103基準題號：H6。,mapping_relation=exact_range; total_rule=source_question
build_income_expenditure_crosswalk.py,INC_PERS_OTHER,個人收入,INC_PERS_OTHER,個人其他收入,range_overlap,2014,103,H6,H6,1,2,"5,000-9,999 元",2,"5,000-9,999 元",exact_range,除了以上這些收入以外，請問您個人每個月「其他雜項」收入總共是多少？,question_options_103.csv,95+ 同概念；106/110 對象為經濟戶長。 103基準題號：H6。,mapping_relation=exact_range; total_rule=source_question
build_income_expenditure_crosswalk.py,INC_PERS_OTHER,個人收入,INC_PERS_OTHER,個人其他收入,range_overlap,2014,103,H6,H6,1,3,"10,000-14,999 元",3,"10,000-14,999 元",exact_range,除了以上這些收入以外，請問您個人每個月「其他雜項」收入總共是多少？,question_options_103.csv,95+ 同概念；106/110 對象為經濟戶長。 103基準題號：H6。,mapping_relation=exact_range; total_rule=source_question
build_income_expenditure_crosswalk.py,INC_PERS_OTHER,個人收入,INC_PERS_OTHER,個人其他收入,range_overlap,2014,103,H6,H6,1,4,"15,000-19,999 元",4,"15,000-19,999 元",exact_range,除了以上這些收入以外，請問您個人每個月「其他雜項」收入總共是多少？,question_options_103.csv,95+ 同概念；106/110 對象為經濟戶長。 103基準題號：H6。,mapping_relation=exact_range; total_rule=source_question
build_income_expenditure_crosswalk.py,INC_PERS_OTHER,個人收入,INC_PERS_OTHER,個人其他收入,range_overlap,2014,103,H6,H6,1,5,"20,000-24,999 元",5,"20,000-24,999 元",exact_range,除了以上這些收入以外，請問您個人每個月「其他雜項」收入總共是多少？,question_options_103.csv,95+ 同概念；106/110 對象為經濟戶長。 103基準題號：H6。,mapping_relation=exact_range; total_rule=source_question
build_income_expenditure_crosswalk.py,INC_PERS_OTHER,個人收入,INC_PERS_OTHER,個人其他收入,range_overlap,2014,103,H6,H6,1,6,"25,000-29,999 元",6,"25,000-29,999 元",exact_range,除了以上這些收入以外，請問您個人每個月「其他雜項」收入總共是多少？,question_options_103.csv,95+ 同概念；106/110 對象為經濟戶長。 103基準題號：H6。,mapping_relation=exact_range; total_rule=source_question
build_income_expenditure_crosswalk.py,INC_PERS_OTHER,個人收入,INC_PERS_OTHER,個人其他收入,range_overlap,2014,103,H6,H6,1,7,"30,000-39,999 元",7,"30,000-39,999 元",exact_range,除了以上這些收入以外，請問您個人每個月「其他雜項」收入總共是多少？,question_options_103.csv,95+ 同概念；106/110 對象為經濟戶長。 103基準題號：H6。,mapping_relation=exact_range; total_rule=source_question
build_income_expenditure_crosswalk.py,INC_PERS_OTHER,個人收入,INC_PERS_OTHER,個人其他收入,range_overlap,2014,103,H6,H6,1,8,"40,000-49,999 元",8,"40,000-49,999 元",exact_range,除了以上這些收入以外，請問您個人每個月「其他雜項」收入總共是多少？,question_options_103.csv,95+ 同概念；106/110 對象為經濟戶長。 103基準題號：H6。,mapping_relation=exact_range; total_rule=source_question
build_income_expenditure_crosswalk.py,INC_PERS_OTHER,個人收入,INC_PERS_OTHER,個人其他收入,range_overlap,2014,103,H6,H6,1,9,"50,000-59,999 元",9,"50,000-59,999 元",exact_range,除了以上這些收入以外，請問您個人每個月「其他雜項」收入總共是多少？,question_options_103.csv,95+ 同概念；106/110 對象為經濟戶長。 103基準題號：H6。,mapping_relation=exact_range; total_rule=source_question
build_income_expenditure_crosswalk.py,INC_PERS_OTHER,個人收入,INC_PERS_OTHER,個人其他收入,range_overlap,2014,103,H6,H6,1,10,"60,000-69,999 元",10,"60,000-69,999 元",exact_range,除了以上這些收入以外，請問您個人每個月「其他雜項」收入總共是多少？,question_options_103.csv,95+ 同概念；106/110 對象為經濟戶長。 103基準題號：H6。,mapping_relation=exact_range; total_rule=source_question
build_income_expenditure_crosswalk.py,INC_PERS_OTHER,個人收入,INC_PERS_OTHER,個人其他收入,range_overlap,2014,103,H6,H6,1,11,"70,000-79,999 元",11,"70,000-79,999 元",exact_range,除了以上這些收入以外，請問您個人每個月「其他雜項」收入總共是多少？,question_options_103.csv,95+ 同概念；106/110 對象為經濟戶長。 103基準題號：H6。,mapping_relation=exact_range; total_rule=source_question
build_income_expenditure_crosswalk.py,INC_PERS_OTHER,個人收入,INC_PERS_OTHER,個人其他收入,range_overlap,2014,103,H6,H6,1,12,"80,000 元及以上，請記錄_________________元",12,"80,000 元及以上，請記錄_________________元",exact_open_upper,除了以上這些收入以外，請問您個人每個月「其他雜項」收入總共是多少？,question_options_103.csv,95+ 同概念；106/110 對象為經濟戶長。 103基準題號：H6。,mapping_relation=exact_open_upper; total_rule=source_question
build_income_expenditure_crosswalk.py,INC_PERS_OTHER,個人收入,INC_PERS_OTHER,個人其他收入,range_overlap,2014,103,H6,H6,1,13,沒有這項收入,13,沒有這項收入,exact_none,除了以上這些收入以外，請問您個人每個月「其他雜項」收入總共是多少？,question_options_103.csv,95+ 同概念；106/110 對象為經濟戶長。 103基準題號：H6。,mapping_relation=exact_none; total_rule=source_question
build_income_expenditure_crosswalk.py,INC_PERS_OTHER,個人收入,INC_PERS_OTHER,個人其他收入,range_overlap,2017,106,J6,H6,1,1,"未滿5,000元",1,"4,999 元及以下",exact_range,除了以上這些收入以外，請問經濟戶長個人每個月「其他雜項」收入總共是多少？【106年平均,question_options_106.csv,95+ 同概念；106/110 對象為經濟戶長。 103基準題號：H6。,mapping_relation=exact_range; total_rule=source_question
build_income_expenditure_crosswalk.py,INC_PERS_OTHER,個人收入,INC_PERS_OTHER,個人其他收入,range_overlap,2017,106,J6,H6,1,2,"5,000 元-未滿10,000元",2,"5,000-9,999 元",exact_range,除了以上這些收入以外，請問經濟戶長個人每個月「其他雜項」收入總共是多少？【106年平均,question_options_106.csv,95+ 同概念；106/110 對象為經濟戶長。 103基準題號：H6。,mapping_relation=exact_range; total_rule=source_question
build_income_expenditure_crosswalk.py,INC_PERS_OTHER,個人收入,INC_PERS_OTHER,個人其他收入,range_overlap,2017,106,J6,H6,1,3,"10,000元-未滿15,000元",3,"10,000-14,999 元",exact_range,除了以上這些收入以外，請問經濟戶長個人每個月「其他雜項」收入總共是多少？【106年平均,question_options_106.csv,95+ 同概念；106/110 對象為經濟戶長。 103基準題號：H6。,mapping_relation=exact_range; total_rule=source_question
build_income_expenditure_crosswalk.py,INC_PERS_OTHER,個人收入,INC_PERS_OTHER,個人其他收入,range_overlap,2017,106,J6,H6,1,4,"15,000元-未滿20,000元",4,"15,000-19,999 元",exact_range,除了以上這些收入以外，請問經濟戶長個人每個月「其他雜項」收入總共是多少？【106年平均,question_options_106.csv,95+ 同概念；106/110 對象為經濟戶長。 103基準題號：H6。,mapping_relation=exact_range; total_rule=source_question
build_income_expenditure_crosswalk.py,INC_PERS_OTHER,個人收入,INC_PERS_OTHER,個人其他收入,range_overlap,2017,106,J6,H6,1,5,"20,000元-未滿25,000元",5,"20,000-24,999 元",exact_range,除了以上這些收入以外，請問經濟戶長個人每個月「其他雜項」收入總共是多少？【106年平均,question_options_106.csv,95+ 同概念；106/110 對象為經濟戶長。 103基準題號：H6。,mapping_relation=exact_range; total_rule=source_question
build_income_expenditure_crosswalk.py,INC_PERS_OTHER,個人收入,INC_PERS_OTHER,個人其他收入,range_overlap,2017,106,J6,H6,1,6,"25,000元-未滿30,000元",6,"25,000-29,999 元",exact_range,除了以上這些收入以外，請問經濟戶長個人每個月「其他雜項」收入總共是多少？【106年平均,question_options_106.csv,95+ 同概念；106/110 對象為經濟戶長。 103基準題號：H6。,mapping_relation=exact_range; total_rule=source_question
build_income_expenditure_crosswalk.py,INC_PERS_OTHER,個人收入,INC_PERS_OTHER,個人其他收入,range_overlap,2017,106,J6,H6,1,7,"30,000元-未滿40,000元",7,"30,000-39,999 元",exact_range,除了以上這些收入以外，請問經濟戶長個人每個月「其他雜項」收入總共是多少？【106年平均,question_options_106.csv,95+ 同概念；106/110 對象為經濟戶長。 103基準題號：H6。,mapping_relation=exact_range; total_rule=source_question
build_income_expenditure_crosswalk.py,INC_PERS_OTHER,個人收入,INC_PERS_OTHER,個人其他收入,range_overlap,2017,106,J6,H6,1,8,"40,000元-未滿50,000元",8,"40,000-49,999 元",exact_range,除了以上這些收入以外，請問經濟戶長個人每個月「其他雜項」收入總共是多少？【106年平均,question_options_106.csv,95+ 同概念；106/110 對象為經濟戶長。 103基準題號：H6。,mapping_relation=exact_range; total_rule=source_question
build_income_expenditure_crosswalk.py,INC_PERS_OTHER,個人收入,INC_PERS_OTHER,個人其他收入,range_overlap,2017,106,J6,H6,1,9,"50,000元-未滿60,000元",9,"50,000-59,999 元",exact_range,除了以上這些收入以外，請問經濟戶長個人每個月「其他雜項」收入總共是多少？【106年平均,question_options_106.csv,95+ 同概念；106/110 對象為經濟戶長。 103基準題號：H6。,mapping_relation=exact_range; total_rule=source_question
build_income_expenditure_crosswalk.py,INC_PERS_OTHER,個人收入,INC_PERS_OTHER,個人其他收入,range_overlap,2017,106,J6,H6,1,10,"60,000元-未滿70,000元",10,"60,000-69,999 元",exact_range,除了以上這些收入以外，請問經濟戶長個人每個月「其他雜項」收入總共是多少？【106年平均,question_options_106.csv,95+ 同概念；106/110 對象為經濟戶長。 103基準題號：H6。,mapping_relation=exact_range; total_rule=source_question
build_income_expenditure_crosswalk.py,INC_PERS_OTHER,個人收入,INC_PERS_OTHER,個人其他收入,range_overlap,2017,106,J6,H6,1,11,"70,000元-未滿80,000元",11,"70,000-79,999 元",exact_range,除了以上這些收入以外，請問經濟戶長個人每個月「其他雜項」收入總共是多少？【106年平均,question_options_106.csv,95+ 同概念；106/110 對象為經濟戶長。 103基準題號：H6。,mapping_relation=exact_range; total_rule=source_question
build_income_expenditure_crosswalk.py,INC_PERS_OTHER,個人收入,INC_PERS_OTHER,個人其他收入,range_overlap,2017,106,J6,H6,1,12,"80,000元以上，請記錄_________________元",12,"80,000 元及以上，請記錄_________________元",exact_open_upper,除了以上這些收入以外，請問經濟戶長個人每個月「其他雜項」收入總共是多少？【106年平均,question_options_106.csv,95+ 同概念；106/110 對象為經濟戶長。 103基準題號：H6。,mapping_relation=exact_open_upper; total_rule=source_question
build_income_expenditure_crosswalk.py,INC_PERS_OTHER,個人收入,INC_PERS_OTHER,個人其他收入,range_overlap,2017,106,J6,H6,1,13,沒有這項收入,13,沒有這項收入,exact_none,除了以上這些收入以外，請問經濟戶長個人每個月「其他雜項」收入總共是多少？【106年平均,question_options_106.csv,95+ 同概念；106/110 對象為經濟戶長。 103基準題號：H6。,mapping_relation=exact_none; total_rule=source_question
build_income_expenditure_crosswalk.py,INC_PERS_OTHER,個人收入,INC_PERS_OTHER,個人其他收入,range_overlap,2021,110,E6,H6,1,1,"未滿5,000元",1,"4,999 元及以下",exact_range,除了以上這些收入以外，請問經濟戶長個人每個月「其他雜項」收入總共是多少？【110年平均,question_options_110.csv,95+ 同概念；106/110 對象為經濟戶長。 103基準題號：H6。,mapping_relation=exact_range; total_rule=source_question
build_income_expenditure_crosswalk.py,INC_PERS_OTHER,個人收入,INC_PERS_OTHER,個人其他收入,range_overlap,2021,110,E6,H6,1,2,"5,000 元-未滿10,000元",2,"5,000-9,999 元",exact_range,除了以上這些收入以外，請問經濟戶長個人每個月「其他雜項」收入總共是多少？【110年平均,question_options_110.csv,95+ 同概念；106/110 對象為經濟戶長。 103基準題號：H6。,mapping_relation=exact_range; total_rule=source_question
build_income_expenditure_crosswalk.py,INC_PERS_OTHER,個人收入,INC_PERS_OTHER,個人其他收入,range_overlap,2021,110,E6,H6,1,3,"10,000元-未滿15,000元",3,"10,000-14,999 元",exact_range,除了以上這些收入以外，請問經濟戶長個人每個月「其他雜項」收入總共是多少？【110年平均,question_options_110.csv,95+ 同概念；106/110 對象為經濟戶長。 103基準題號：H6。,mapping_relation=exact_range; total_rule=source_question
build_income_expenditure_crosswalk.py,INC_PERS_OTHER,個人收入,INC_PERS_OTHER,個人其他收入,range_overlap,2021,110,E6,H6,1,4,"15,000元-未滿20,000元",4,"15,000-19,999 元",exact_range,除了以上這些收入以外，請問經濟戶長個人每個月「其他雜項」收入總共是多少？【110年平均,question_options_110.csv,95+ 同概念；106/110 對象為經濟戶長。 103基準題號：H6。,mapping_relation=exact_range; total_rule=source_question
build_income_expenditure_crosswalk.py,INC_PERS_OTHER,個人收入,INC_PERS_OTHER,個人其他收入,range_overlap,2021,110,E6,H6,1,5,"20,000元-未滿25,000元",5,"20,000-24,999 元",exact_range,除了以上這些收入以外，請問經濟戶長個人每個月「其他雜項」收入總共是多少？【110年平均,question_options_110.csv,95+ 同概念；106/110 對象為經濟戶長。 103基準題號：H6。,mapping_relation=exact_range; total_rule=source_question
build_income_expenditure_crosswalk.py,INC_PERS_OTHER,個人收入,INC_PERS_OTHER,個人其他收入,range_overlap,2021,110,E6,H6,1,6,"25,000元-未滿30,000元",6,"25,000-29,999 元",exact_range,除了以上這些收入以外，請問經濟戶長個人每個月「其他雜項」收入總共是多少？【110年平均,question_options_110.csv,95+ 同概念；106/110 對象為經濟戶長。 103基準題號：H6。,mapping_relation=exact_range; total_rule=source_question
build_income_expenditure_crosswalk.py,INC_PERS_OTHER,個人收入,INC_PERS_OTHER,個人其他收入,range_overlap,2021,110,E6,H6,1,7,"30,000元-未滿40,000元",7,"30,000-39,999 元",exact_range,除了以上這些收入以外，請問經濟戶長個人每個月「其他雜項」收入總共是多少？【110年平均,question_options_110.csv,95+ 同概念；106/110 對象為經濟戶長。 103基準題號：H6。,mapping_relation=exact_range; total_rule=source_question
build_income_expenditure_crosswalk.py,INC_PERS_OTHER,個人收入,INC_PERS_OTHER,個人其他收入,range_overlap,2021,110,E6,H6,1,8,"40,000元-未滿50,000元",8,"40,000-49,999 元",exact_range,除了以上這些收入以外，請問經濟戶長個人每個月「其他雜項」收入總共是多少？【110年平均,question_options_110.csv,95+ 同概念；106/110 對象為經濟戶長。 103基準題號：H6。,mapping_relation=exact_range; total_rule=source_question
build_income_expenditure_crosswalk.py,INC_PERS_OTHER,個人收入,INC_PERS_OTHER,個人其他收入,range_overlap,2021,110,E6,H6,1,9,"50,000元-未滿60,000元",9,"50,000-59,999 元",exact_range,除了以上這些收入以外，請問經濟戶長個人每個月「其他雜項」收入總共是多少？【110年平均,question_options_110.csv,95+ 同概念；106/110 對象為經濟戶長。 103基準題號：H6。,mapping_relation=exact_range; total_rule=source_question
build_income_expenditure_crosswalk.py,INC_PERS_OTHER,個人收入,INC_PERS_OTHER,個人其他收入,range_overlap,2021,110,E6,H6,1,10,"60,000元-未滿70,000元",10,"60,000-69,999 元",exact_range,除了以上這些收入以外，請問經濟戶長個人每個月「其他雜項」收入總共是多少？【110年平均,question_options_110.csv,95+ 同概念；106/110 對象為經濟戶長。 103基準題號：H6。,mapping_relation=exact_range; total_rule=source_question
build_income_expenditure_crosswalk.py,INC_PERS_OTHER,個人收入,INC_PERS_OTHER,個人其他收入,range_overlap,2021,110,E6,H6,1,11,"70,000元-未滿80,000元",11,"70,000-79,999 元",exact_range,除了以上這些收入以外，請問經濟戶長個人每個月「其他雜項」收入總共是多少？【110年平均,question_options_110.csv,95+ 同概念；106/110 對象為經濟戶長。 103基準題號：H6。,mapping_relation=exact_range; total_rule=source_question
build_income_expenditure_crosswalk.py,INC_PERS_OTHER,個人收入,INC_PERS_OTHER,個人其他收入,range_overlap,2021,110,E6,H6,1,12,"80,000元以上，請記錄_________________元",12,"80,000 元及以上，請記錄_________________元",exact_open_upper,除了以上這些收入以外，請問經濟戶長個人每個月「其他雜項」收入總共是多少？【110年平均,question_options_110.csv,95+ 同概念；106/110 對象為經濟戶長。 103基準題號：H6。,mapping_relation=exact_open_upper; total_rule=source_question
build_income_expenditure_crosswalk.py,INC_PERS_OTHER,個人收入,INC_PERS_OTHER,個人其他收入,range_overlap,2021,110,E6,H6,1,13,沒有這項收入,13,沒有這項收入,exact_none,除了以上這些收入以外，請問經濟戶長個人每個月「其他雜項」收入總共是多少？【110年平均,question_options_110.csv,95+ 同概念；106/110 對象為經濟戶長。 103基準題號：H6。,mapping_relation=exact_none; total_rule=source_question
build_income_expenditure_crosswalk.py,INC_FAM_TOTAL,家庭收入,INC_FAM_TOTAL,家庭總收入,question_only,2002,91_1,21,,,,,,,no_matching_103_option_bin,請問您全家每個月平均總共收入是多少(所有人)?,question_options_91_1.csv,91 有家庭總收入級距；95 之後未單獨詢問家庭總收入。,mapping_relation=no_matching_103_option_bin; total_rule=source_question
build_income_expenditure_crosswalk.py,INC_FAM_TOTAL,家庭收入,INC_FAM_TOTAL,家庭總收入,question_only,2002,91_2,21,,,,,,,no_matching_103_option_bin,請問您全家每個月平均總共收入是多少(所有人)?,question_options_91_2.csv,91 有家庭總收入級距；95 之後未單獨詢問家庭總收入。,mapping_relation=no_matching_103_option_bin; total_rule=source_question
build_income_expenditure_crosswalk.py,INC_FAM_TOTAL,家庭收入,INC_FAM_TOTAL,家庭總收入,question_not_available,2006,95,,,,,,,,not_available_in_source_dataset,,question_options_95.csv,91 有家庭總收入級距；95 之後未單獨詢問家庭總收入。,mapping_relation=not_available_in_source_dataset; total_rule=source_question
build_income_expenditure_crosswalk.py,INC_FAM_TOTAL,家庭收入,INC_FAM_TOTAL,家庭總收入,question_not_available,2010,99,,,,,,,,not_available_in_source_dataset,,question_options_99.csv,91 有家庭總收入級距；95 之後未單獨詢問家庭總收入。,mapping_relation=not_available_in_source_dataset; total_rule=source_question
build_income_expenditure_crosswalk.py,INC_FAM_TOTAL,家庭收入,INC_FAM_TOTAL,家庭總收入,question_not_available,2014,103,,,,,,,,not_available_in_source_dataset,,question_options_103.csv,91 有家庭總收入級距；95 之後未單獨詢問家庭總收入。,mapping_relation=not_available_in_source_dataset; total_rule=source_question
build_income_expenditure_crosswalk.py,INC_FAM_TOTAL,家庭收入,INC_FAM_TOTAL,家庭總收入,question_not_available,2017,106,,,,,,,,not_available_in_source_dataset,,question_options_106.csv,91 有家庭總收入級距；95 之後未單獨詢問家庭總收入。,mapping_relation=not_available_in_source_dataset; total_rule=source_question
build_income_expenditure_crosswalk.py,INC_FAM_TOTAL,家庭收入,INC_FAM_TOTAL,家庭總收入,question_not_available,2021,110,,,,,,,,not_available_in_source_dataset,,question_options_110.csv,91 有家庭總收入級距；95 之後未單獨詢問家庭總收入。,mapping_relation=not_available_in_source_dataset; total_rule=source_question
build_income_expenditure_crosswalk.py,INC_FAM_WORK,家庭收入,INC_FAM_WORK,家庭工作收入,range_overlap,2002,91_1,22-1,I3,,,,,,no_matching_103_option_bin,請問全家每個月平均收入中，工作收入是多少?,question_options_91_1.csv,以 103 年 I3 為基準。 103基準題號：I3。,mapping_relation=no_matching_103_option_bin; total_rule=source_question
build_income_expenditure_crosswalk.py,INC_FAM_WORK,家庭收入,INC_FAM_WORK,家庭工作收入,range_overlap,2002,91_2,22-1,I3,,,,,,no_matching_103_option_bin,請問全家每個月平均收入中，工作收入是多少?,question_options_91_2.csv,以 103 年 I3 為基準。 103基準題號：I3。,mapping_relation=no_matching_103_option_bin; total_rule=source_question
build_income_expenditure_crosswalk.py,INC_FAM_WORK,家庭收入,INC_FAM_WORK,家庭工作收入,range_overlap,2006,95,Q11-1,I3,1,1,"9,999元及以下",1,"9,999 元及以下",exact_range,包含您本人，全家每個月的「工作薪水、兼差薪水、加班費、退休金，以,question_options_95.csv,以 103 年 I3 為基準。 103基準題號：I3。,mapping_relation=exact_range; total_rule=source_question
build_income_expenditure_crosswalk.py,INC_FAM_WORK,家庭收入,INC_FAM_WORK,家庭工作收入,range_overlap,2006,95,Q11-1,I3,1,2,"10,000-19,999元",2,"10,000-19,999 元",exact_range,包含您本人，全家每個月的「工作薪水、兼差薪水、加班費、退休金，以,question_options_95.csv,以 103 年 I3 為基準。 103基準題號：I3。,mapping_relation=exact_range; total_rule=source_question
build_income_expenditure_crosswalk.py,INC_FAM_WORK,家庭收入,INC_FAM_WORK,家庭工作收入,range_overlap,2006,95,Q11-1,I3,1,3,"20,000-29,999 元",3,"20,000-29,999 元",exact_range,包含您本人，全家每個月的「工作薪水、兼差薪水、加班費、退休金，以,question_options_95.csv,以 103 年 I3 為基準。 103基準題號：I3。,mapping_relation=exact_range; total_rule=source_question
build_income_expenditure_crosswalk.py,INC_FAM_WORK,家庭收入,INC_FAM_WORK,家庭工作收入,range_overlap,2006,95,Q11-1,I3,1,4,"30,000-39,999元",4,"30,000-39,999 元",exact_range,包含您本人，全家每個月的「工作薪水、兼差薪水、加班費、退休金，以,question_options_95.csv,以 103 年 I3 為基準。 103基準題號：I3。,mapping_relation=exact_range; total_rule=source_question
build_income_expenditure_crosswalk.py,INC_FAM_WORK,家庭收入,INC_FAM_WORK,家庭工作收入,range_overlap,2006,95,Q11-1,I3,1,5,"40,000-49,999 元",5,"40,000-49,999 元",exact_range,包含您本人，全家每個月的「工作薪水、兼差薪水、加班費、退休金，以,question_options_95.csv,以 103 年 I3 為基準。 103基準題號：I3。,mapping_relation=exact_range; total_rule=source_question
build_income_expenditure_crosswalk.py,INC_FAM_WORK,家庭收入,INC_FAM_WORK,家庭工作收入,range_overlap,2006,95,Q11-1,I3,1,6,"50,000-59,999元",6,"50,000-59,999 元",exact_range,包含您本人，全家每個月的「工作薪水、兼差薪水、加班費、退休金，以,question_options_95.csv,以 103 年 I3 為基準。 103基準題號：I3。,mapping_relation=exact_range; total_rule=source_question
build_income_expenditure_crosswalk.py,INC_FAM_WORK,家庭收入,INC_FAM_WORK,家庭工作收入,range_overlap,2006,95,Q11-1,I3,1,7,"60,000-69,999 元",7,"60,000-69,999 元",exact_range,包含您本人，全家每個月的「工作薪水、兼差薪水、加班費、退休金，以,question_options_95.csv,以 103 年 I3 為基準。 103基準題號：I3。,mapping_relation=exact_range; total_rule=source_question
build_income_expenditure_crosswalk.py,INC_FAM_WORK,家庭收入,INC_FAM_WORK,家庭工作收入,range_overlap,2006,95,Q11-1,I3,1,8,"70,000-79,999元",8,"70,000-79,999 元",exact_range,包含您本人，全家每個月的「工作薪水、兼差薪水、加班費、退休金，以,question_options_95.csv,以 103 年 I3 為基準。 103基準題號：I3。,mapping_relation=exact_range; total_rule=source_question
build_income_expenditure_crosswalk.py,INC_FAM_WORK,家庭收入,INC_FAM_WORK,家庭工作收入,range_overlap,2006,95,Q11-1,I3,1,9,"80,000-89,999 元",9,"80,000-89,999 元",exact_range,包含您本人，全家每個月的「工作薪水、兼差薪水、加班費、退休金，以,question_options_95.csv,以 103 年 I3 為基準。 103基準題號：I3。,mapping_relation=exact_range; total_rule=source_question
build_income_expenditure_crosswalk.py,INC_FAM_WORK,家庭收入,INC_FAM_WORK,家庭工作收入,range_overlap,2006,95,Q11-1,I3,1,10,"90,000-99,999元",10,"90,000-99,999 元",exact_range,包含您本人，全家每個月的「工作薪水、兼差薪水、加班費、退休金，以,question_options_95.csv,以 103 年 I3 為基準。 103基準題號：I3。,mapping_relation=exact_range; total_rule=source_question
build_income_expenditure_crosswalk.py,INC_FAM_WORK,家庭收入,INC_FAM_WORK,家庭工作收入,range_overlap,2006,95,Q11-1,I3,1,11,"100,000-129,999 元",11,"100,000-129,999元",exact_range,包含您本人，全家每個月的「工作薪水、兼差薪水、加班費、退休金，以,question_options_95.csv,以 103 年 I3 為基準。 103基準題號：I3。,mapping_relation=exact_range; total_rule=source_question
build_income_expenditure_crosswalk.py,INC_FAM_WORK,家庭收入,INC_FAM_WORK,家庭工作收入,range_overlap,2006,95,Q11-1,I3,1,12,"130,000-139,999元",12,"130,000-159,999元",source_bin_within_base_bin,包含您本人，全家每個月的「工作薪水、兼差薪水、加班費、退休金，以,question_options_95.csv,以 103 年 I3 為基準。 103基準題號：I3。,mapping_relation=source_bin_within_base_bin; total_rule=source_question
build_income_expenditure_crosswalk.py,INC_FAM_WORK,家庭收入,INC_FAM_WORK,家庭工作收入,range_overlap,2006,95,Q11-1,I3,1,90,"140,000元及以上，請記錄 元",90,"140,000元及以上，請記錄 元",source_bin_preserved_for_numeric_recode,包含您本人，全家每個月的「工作薪水、兼差薪水、加班費、退休金，以,question_options_95.csv,以 103 年 I3 為基準。 103基準題號：I3。,mapping_relation=partial_overlap; total_rule=source_question
build_income_expenditure_crosswalk.py,INC_FAM_WORK,家庭收入,INC_FAM_WORK,家庭工作收入,range_overlap,2006,95,Q11-1,I3,1,95,沒有這項收入,14,沒有這項收入,exact_none,包含您本人，全家每個月的「工作薪水、兼差薪水、加班費、退休金，以,question_options_95.csv,以 103 年 I3 為基準。 103基準題號：I3。,mapping_relation=exact_none; total_rule=source_question
build_income_expenditure_crosswalk.py,INC_FAM_WORK,家庭收入,INC_FAM_WORK,家庭工作收入,range_overlap,2010,99,I2,I3,1,1,"9,999 元及以下",1,"9,999 元及以下",exact_range,包含您本人，全家每個月的「工作薪水、兼差薪水、加班費、退休金，或是從事農林漁牧業或,question_options_99.csv,以 103 年 I3 為基準。 103基準題號：I3。,mapping_relation=exact_range; total_rule=source_question
build_income_expenditure_crosswalk.py,INC_FAM_WORK,家庭收入,INC_FAM_WORK,家庭工作收入,range_overlap,2010,99,I2,I3,1,2,"10,000-19,999 元",2,"10,000-19,999 元",exact_range,包含您本人，全家每個月的「工作薪水、兼差薪水、加班費、退休金，或是從事農林漁牧業或,question_options_99.csv,以 103 年 I3 為基準。 103基準題號：I3。,mapping_relation=exact_range; total_rule=source_question
build_income_expenditure_crosswalk.py,INC_FAM_WORK,家庭收入,INC_FAM_WORK,家庭工作收入,range_overlap,2010,99,I2,I3,1,3,"20,000-29,999 元",3,"20,000-29,999 元",exact_range,包含您本人，全家每個月的「工作薪水、兼差薪水、加班費、退休金，或是從事農林漁牧業或,question_options_99.csv,以 103 年 I3 為基準。 103基準題號：I3。,mapping_relation=exact_range; total_rule=source_question
build_income_expenditure_crosswalk.py,INC_FAM_WORK,家庭收入,INC_FAM_WORK,家庭工作收入,range_overlap,2010,99,I2,I3,1,4,"30,000-39,999 元",4,"30,000-39,999 元",exact_range,包含您本人，全家每個月的「工作薪水、兼差薪水、加班費、退休金，或是從事農林漁牧業或,question_options_99.csv,以 103 年 I3 為基準。 103基準題號：I3。,mapping_relation=exact_range; total_rule=source_question
build_income_expenditure_crosswalk.py,INC_FAM_WORK,家庭收入,INC_FAM_WORK,家庭工作收入,range_overlap,2010,99,I2,I3,1,5,"40,000-49,999 元",5,"40,000-49,999 元",exact_range,包含您本人，全家每個月的「工作薪水、兼差薪水、加班費、退休金，或是從事農林漁牧業或,question_options_99.csv,以 103 年 I3 為基準。 103基準題號：I3。,mapping_relation=exact_range; total_rule=source_question
build_income_expenditure_crosswalk.py,INC_FAM_WORK,家庭收入,INC_FAM_WORK,家庭工作收入,range_overlap,2010,99,I2,I3,1,6,"50,000-59,999 元",6,"50,000-59,999 元",exact_range,包含您本人，全家每個月的「工作薪水、兼差薪水、加班費、退休金，或是從事農林漁牧業或,question_options_99.csv,以 103 年 I3 為基準。 103基準題號：I3。,mapping_relation=exact_range; total_rule=source_question
build_income_expenditure_crosswalk.py,INC_FAM_WORK,家庭收入,INC_FAM_WORK,家庭工作收入,range_overlap,2010,99,I2,I3,1,7,"60,000-69,999 元",7,"60,000-69,999 元",exact_range,包含您本人，全家每個月的「工作薪水、兼差薪水、加班費、退休金，或是從事農林漁牧業或,question_options_99.csv,以 103 年 I3 為基準。 103基準題號：I3。,mapping_relation=exact_range; total_rule=source_question
build_income_expenditure_crosswalk.py,INC_FAM_WORK,家庭收入,INC_FAM_WORK,家庭工作收入,range_overlap,2010,99,I2,I3,1,8,"70,000-79,999 元",8,"70,000-79,999 元",exact_range,包含您本人，全家每個月的「工作薪水、兼差薪水、加班費、退休金，或是從事農林漁牧業或,question_options_99.csv,以 103 年 I3 為基準。 103基準題號：I3。,mapping_relation=exact_range; total_rule=source_question
build_income_expenditure_crosswalk.py,INC_FAM_WORK,家庭收入,INC_FAM_WORK,家庭工作收入,range_overlap,2010,99,I2,I3,1,9,"80,000-89,999 元",9,"80,000-89,999 元",exact_range,包含您本人，全家每個月的「工作薪水、兼差薪水、加班費、退休金，或是從事農林漁牧業或,question_options_99.csv,以 103 年 I3 為基準。 103基準題號：I3。,mapping_relation=exact_range; total_rule=source_question
build_income_expenditure_crosswalk.py,INC_FAM_WORK,家庭收入,INC_FAM_WORK,家庭工作收入,range_overlap,2010,99,I2,I3,1,10,"90,000-99,999 元",10,"90,000-99,999 元",exact_range,包含您本人，全家每個月的「工作薪水、兼差薪水、加班費、退休金，或是從事農林漁牧業或,question_options_99.csv,以 103 年 I3 為基準。 103基準題號：I3。,mapping_relation=exact_range; total_rule=source_question
build_income_expenditure_crosswalk.py,INC_FAM_WORK,家庭收入,INC_FAM_WORK,家庭工作收入,range_overlap,2010,99,I2,I3,1,11,"100,000-129,999 元",11,"100,000-129,999元",exact_range,包含您本人，全家每個月的「工作薪水、兼差薪水、加班費、退休金，或是從事農林漁牧業或,question_options_99.csv,以 103 年 I3 為基準。 103基準題號：I3。,mapping_relation=exact_range; total_rule=source_question
build_income_expenditure_crosswalk.py,INC_FAM_WORK,家庭收入,INC_FAM_WORK,家庭工作收入,range_overlap,2010,99,I2,I3,1,12,"130,000-159,999 元",12,"130,000-159,999元",exact_range,包含您本人，全家每個月的「工作薪水、兼差薪水、加班費、退休金，或是從事農林漁牧業或,question_options_99.csv,以 103 年 I3 為基準。 103基準題號：I3。,mapping_relation=exact_range; total_rule=source_question
build_income_expenditure_crosswalk.py,INC_FAM_WORK,家庭收入,INC_FAM_WORK,家庭工作收入,range_overlap,2010,99,I2,I3,1,13,"160,000 元及以上，請記錄 元",13,"160,000 元及以上，請記錄____________元",exact_open_upper,包含您本人，全家每個月的「工作薪水、兼差薪水、加班費、退休金，或是從事農林漁牧業或,question_options_99.csv,以 103 年 I3 為基準。 103基準題號：I3。,mapping_relation=exact_open_upper; total_rule=source_question
build_income_expenditure_crosswalk.py,INC_FAM_WORK,家庭收入,INC_FAM_WORK,家庭工作收入,range_overlap,2010,99,I2,I3,1,14,沒有這項收入,14,沒有這項收入,exact_none,包含您本人，全家每個月的「工作薪水、兼差薪水、加班費、退休金，或是從事農林漁牧業或,question_options_99.csv,以 103 年 I3 為基準。 103基準題號：I3。,mapping_relation=exact_none; total_rule=source_question
build_income_expenditure_crosswalk.py,INC_FAM_WORK,家庭收入,INC_FAM_WORK,家庭工作收入,range_overlap,2014,103,I3,I3,1,1,"9,999 元及以下",1,"9,999 元及以下",exact_range,包含您本人，全家每個月的「工作薪水、兼差薪水、加班費、退休金，或是從事農林漁牧業或自,question_options_103.csv,以 103 年 I3 為基準。 103基準題號：I3。,mapping_relation=exact_range; total_rule=source_question
build_income_expenditure_crosswalk.py,INC_FAM_WORK,家庭收入,INC_FAM_WORK,家庭工作收入,range_overlap,2014,103,I3,I3,1,2,"10,000-19,999 元",2,"10,000-19,999 元",exact_range,包含您本人，全家每個月的「工作薪水、兼差薪水、加班費、退休金，或是從事農林漁牧業或自,question_options_103.csv,以 103 年 I3 為基準。 103基準題號：I3。,mapping_relation=exact_range; total_rule=source_question
build_income_expenditure_crosswalk.py,INC_FAM_WORK,家庭收入,INC_FAM_WORK,家庭工作收入,range_overlap,2014,103,I3,I3,1,3,"20,000-29,999 元",3,"20,000-29,999 元",exact_range,包含您本人，全家每個月的「工作薪水、兼差薪水、加班費、退休金，或是從事農林漁牧業或自,question_options_103.csv,以 103 年 I3 為基準。 103基準題號：I3。,mapping_relation=exact_range; total_rule=source_question
build_income_expenditure_crosswalk.py,INC_FAM_WORK,家庭收入,INC_FAM_WORK,家庭工作收入,range_overlap,2014,103,I3,I3,1,4,"30,000-39,999 元",4,"30,000-39,999 元",exact_range,包含您本人，全家每個月的「工作薪水、兼差薪水、加班費、退休金，或是從事農林漁牧業或自,question_options_103.csv,以 103 年 I3 為基準。 103基準題號：I3。,mapping_relation=exact_range; total_rule=source_question
build_income_expenditure_crosswalk.py,INC_FAM_WORK,家庭收入,INC_FAM_WORK,家庭工作收入,range_overlap,2014,103,I3,I3,1,5,"40,000-49,999 元",5,"40,000-49,999 元",exact_range,包含您本人，全家每個月的「工作薪水、兼差薪水、加班費、退休金，或是從事農林漁牧業或自,question_options_103.csv,以 103 年 I3 為基準。 103基準題號：I3。,mapping_relation=exact_range; total_rule=source_question
build_income_expenditure_crosswalk.py,INC_FAM_WORK,家庭收入,INC_FAM_WORK,家庭工作收入,range_overlap,2014,103,I3,I3,1,6,"50,000-59,999 元",6,"50,000-59,999 元",exact_range,包含您本人，全家每個月的「工作薪水、兼差薪水、加班費、退休金，或是從事農林漁牧業或自,question_options_103.csv,以 103 年 I3 為基準。 103基準題號：I3。,mapping_relation=exact_range; total_rule=source_question
build_income_expenditure_crosswalk.py,INC_FAM_WORK,家庭收入,INC_FAM_WORK,家庭工作收入,range_overlap,2014,103,I3,I3,1,7,"60,000-69,999 元",7,"60,000-69,999 元",exact_range,包含您本人，全家每個月的「工作薪水、兼差薪水、加班費、退休金，或是從事農林漁牧業或自,question_options_103.csv,以 103 年 I3 為基準。 103基準題號：I3。,mapping_relation=exact_range; total_rule=source_question
build_income_expenditure_crosswalk.py,INC_FAM_WORK,家庭收入,INC_FAM_WORK,家庭工作收入,range_overlap,2014,103,I3,I3,1,8,"70,000-79,999 元",8,"70,000-79,999 元",exact_range,包含您本人，全家每個月的「工作薪水、兼差薪水、加班費、退休金，或是從事農林漁牧業或自,question_options_103.csv,以 103 年 I3 為基準。 103基準題號：I3。,mapping_relation=exact_range; total_rule=source_question
build_income_expenditure_crosswalk.py,INC_FAM_WORK,家庭收入,INC_FAM_WORK,家庭工作收入,range_overlap,2014,103,I3,I3,1,9,"80,000-89,999 元",9,"80,000-89,999 元",exact_range,包含您本人，全家每個月的「工作薪水、兼差薪水、加班費、退休金，或是從事農林漁牧業或自,question_options_103.csv,以 103 年 I3 為基準。 103基準題號：I3。,mapping_relation=exact_range; total_rule=source_question
build_income_expenditure_crosswalk.py,INC_FAM_WORK,家庭收入,INC_FAM_WORK,家庭工作收入,range_overlap,2014,103,I3,I3,1,10,"90,000-99,999 元",10,"90,000-99,999 元",exact_range,包含您本人，全家每個月的「工作薪水、兼差薪水、加班費、退休金，或是從事農林漁牧業或自,question_options_103.csv,以 103 年 I3 為基準。 103基準題號：I3。,mapping_relation=exact_range; total_rule=source_question
build_income_expenditure_crosswalk.py,INC_FAM_WORK,家庭收入,INC_FAM_WORK,家庭工作收入,range_overlap,2014,103,I3,I3,1,11,"100,000-129,999元",11,"100,000-129,999元",exact_range,包含您本人，全家每個月的「工作薪水、兼差薪水、加班費、退休金，或是從事農林漁牧業或自,question_options_103.csv,以 103 年 I3 為基準。 103基準題號：I3。,mapping_relation=exact_range; total_rule=source_question
build_income_expenditure_crosswalk.py,INC_FAM_WORK,家庭收入,INC_FAM_WORK,家庭工作收入,range_overlap,2014,103,I3,I3,1,12,"130,000-159,999元",12,"130,000-159,999元",exact_range,包含您本人，全家每個月的「工作薪水、兼差薪水、加班費、退休金，或是從事農林漁牧業或自,question_options_103.csv,以 103 年 I3 為基準。 103基準題號：I3。,mapping_relation=exact_range; total_rule=source_question
build_income_expenditure_crosswalk.py,INC_FAM_WORK,家庭收入,INC_FAM_WORK,家庭工作收入,range_overlap,2014,103,I3,I3,1,13,"160,000 元及以上，請記錄____________元",13,"160,000 元及以上，請記錄____________元",exact_open_upper,包含您本人，全家每個月的「工作薪水、兼差薪水、加班費、退休金，或是從事農林漁牧業或自,question_options_103.csv,以 103 年 I3 為基準。 103基準題號：I3。,mapping_relation=exact_open_upper; total_rule=source_question
build_income_expenditure_crosswalk.py,INC_FAM_WORK,家庭收入,INC_FAM_WORK,家庭工作收入,range_overlap,2014,103,I3,I3,1,14,沒有這項收入,14,沒有這項收入,exact_none,包含您本人，全家每個月的「工作薪水、兼差薪水、加班費、退休金，或是從事農林漁牧業或自,question_options_103.csv,以 103 年 I3 為基準。 103基準題號：I3。,mapping_relation=exact_none; total_rule=source_question
build_income_expenditure_crosswalk.py,INC_FAM_WORK,家庭收入,INC_FAM_WORK,家庭工作收入,range_overlap,2017,106,L3,I3,1,1,"未滿10,000元",1,"9,999 元及以下",exact_range,包含經濟戶長本人，全家每個月的「工作薪水、兼差薪水、加班費、退休金，或是從事農林漁牧,question_options_106.csv,以 103 年 I3 為基準。 103基準題號：I3。,mapping_relation=exact_range; total_rule=source_question
build_income_expenditure_crosswalk.py,INC_FAM_WORK,家庭收入,INC_FAM_WORK,家庭工作收入,range_overlap,2017,106,L3,I3,1,2,"10,000元-未滿20,000元",2,"10,000-19,999 元",exact_range,包含經濟戶長本人，全家每個月的「工作薪水、兼差薪水、加班費、退休金，或是從事農林漁牧,question_options_106.csv,以 103 年 I3 為基準。 103基準題號：I3。,mapping_relation=exact_range; total_rule=source_question
build_income_expenditure_crosswalk.py,INC_FAM_WORK,家庭收入,INC_FAM_WORK,家庭工作收入,range_overlap,2017,106,L3,I3,1,3,"20,000元-未滿30,000元",3,"20,000-29,999 元",exact_range,包含經濟戶長本人，全家每個月的「工作薪水、兼差薪水、加班費、退休金，或是從事農林漁牧,question_options_106.csv,以 103 年 I3 為基準。 103基準題號：I3。,mapping_relation=exact_range; total_rule=source_question
build_income_expenditure_crosswalk.py,INC_FAM_WORK,家庭收入,INC_FAM_WORK,家庭工作收入,range_overlap,2017,106,L3,I3,1,4,"30,000元-未滿40,000元",4,"30,000-39,999 元",exact_range,包含經濟戶長本人，全家每個月的「工作薪水、兼差薪水、加班費、退休金，或是從事農林漁牧,question_options_106.csv,以 103 年 I3 為基準。 103基準題號：I3。,mapping_relation=exact_range; total_rule=source_question
build_income_expenditure_crosswalk.py,INC_FAM_WORK,家庭收入,INC_FAM_WORK,家庭工作收入,range_overlap,2017,106,L3,I3,1,5,"40,000元-未滿50,000元",5,"40,000-49,999 元",exact_range,包含經濟戶長本人，全家每個月的「工作薪水、兼差薪水、加班費、退休金，或是從事農林漁牧,question_options_106.csv,以 103 年 I3 為基準。 103基準題號：I3。,mapping_relation=exact_range; total_rule=source_question
build_income_expenditure_crosswalk.py,INC_FAM_WORK,家庭收入,INC_FAM_WORK,家庭工作收入,range_overlap,2017,106,L3,I3,1,6,"50,000元-未滿60,000元",6,"50,000-59,999 元",exact_range,包含經濟戶長本人，全家每個月的「工作薪水、兼差薪水、加班費、退休金，或是從事農林漁牧,question_options_106.csv,以 103 年 I3 為基準。 103基準題號：I3。,mapping_relation=exact_range; total_rule=source_question
build_income_expenditure_crosswalk.py,INC_FAM_WORK,家庭收入,INC_FAM_WORK,家庭工作收入,range_overlap,2017,106,L3,I3,1,7,"60,000元-未滿70,000元",7,"60,000-69,999 元",exact_range,包含經濟戶長本人，全家每個月的「工作薪水、兼差薪水、加班費、退休金，或是從事農林漁牧,question_options_106.csv,以 103 年 I3 為基準。 103基準題號：I3。,mapping_relation=exact_range; total_rule=source_question
build_income_expenditure_crosswalk.py,INC_FAM_WORK,家庭收入,INC_FAM_WORK,家庭工作收入,range_overlap,2017,106,L3,I3,1,8,"70,000元-未滿80,000元",8,"70,000-79,999 元",exact_range,包含經濟戶長本人，全家每個月的「工作薪水、兼差薪水、加班費、退休金，或是從事農林漁牧,question_options_106.csv,以 103 年 I3 為基準。 103基準題號：I3。,mapping_relation=exact_range; total_rule=source_question
build_income_expenditure_crosswalk.py,INC_FAM_WORK,家庭收入,INC_FAM_WORK,家庭工作收入,range_overlap,2017,106,L3,I3,1,9,"80,000元-未滿90,000元",9,"80,000-89,999 元",exact_range,包含經濟戶長本人，全家每個月的「工作薪水、兼差薪水、加班費、退休金，或是從事農林漁牧,question_options_106.csv,以 103 年 I3 為基準。 103基準題號：I3。,mapping_relation=exact_range; total_rule=source_question
build_income_expenditure_crosswalk.py,INC_FAM_WORK,家庭收入,INC_FAM_WORK,家庭工作收入,range_overlap,2017,106,L3,I3,1,10,"90,000元-未滿100,000元",10,"90,000-99,999 元",exact_range,包含經濟戶長本人，全家每個月的「工作薪水、兼差薪水、加班費、退休金，或是從事農林漁牧,question_options_106.csv,以 103 年 I3 為基準。 103基準題號：I3。,mapping_relation=exact_range; total_rule=source_question
build_income_expenditure_crosswalk.py,INC_FAM_WORK,家庭收入,INC_FAM_WORK,家庭工作收入,range_overlap,2017,106,L3,I3,1,11,"100,000元-未滿130,000元",11,"100,000-129,999元",exact_range,包含經濟戶長本人，全家每個月的「工作薪水、兼差薪水、加班費、退休金，或是從事農林漁牧,question_options_106.csv,以 103 年 I3 為基準。 103基準題號：I3。,mapping_relation=exact_range; total_rule=source_question
build_income_expenditure_crosswalk.py,INC_FAM_WORK,家庭收入,INC_FAM_WORK,家庭工作收入,range_overlap,2017,106,L3,I3,1,12,"130,000元-未滿160,000元",12,"130,000-159,999元",exact_range,包含經濟戶長本人，全家每個月的「工作薪水、兼差薪水、加班費、退休金，或是從事農林漁牧,question_options_106.csv,以 103 年 I3 為基準。 103基準題號：I3。,mapping_relation=exact_range; total_rule=source_question
build_income_expenditure_crosswalk.py,INC_FAM_WORK,家庭收入,INC_FAM_WORK,家庭工作收入,range_overlap,2017,106,L3,I3,1,13,"160,000元以上，請記錄____________元",13,"160,000 元及以上，請記錄____________元",exact_open_upper,包含經濟戶長本人，全家每個月的「工作薪水、兼差薪水、加班費、退休金，或是從事農林漁牧,question_options_106.csv,以 103 年 I3 為基準。 103基準題號：I3。,mapping_relation=exact_open_upper; total_rule=source_question
build_income_expenditure_crosswalk.py,INC_FAM_WORK,家庭收入,INC_FAM_WORK,家庭工作收入,range_overlap,2017,106,L3,I3,1,14,沒有這項收入,14,沒有這項收入,exact_none,包含經濟戶長本人，全家每個月的「工作薪水、兼差薪水、加班費、退休金，或是從事農林漁牧,question_options_106.csv,以 103 年 I3 為基準。 103基準題號：I3。,mapping_relation=exact_none; total_rule=source_question
build_income_expenditure_crosswalk.py,INC_FAM_WORK,家庭收入,INC_FAM_WORK,家庭工作收入,range_overlap,2021,110,G3,I3,1,1,"未滿10,000元",1,"9,999 元及以下",exact_range,包含經濟戶長本人，全家每個月的「工作薪水、兼差薪水、加班費、退休金，或是從事農林漁牧,question_options_110.csv,以 103 年 I3 為基準。 103基準題號：I3。,mapping_relation=exact_range; total_rule=source_question
build_income_expenditure_crosswalk.py,INC_FAM_WORK,家庭收入,INC_FAM_WORK,家庭工作收入,range_overlap,2021,110,G3,I3,1,2,"10,000元-未滿20,000元",2,"10,000-19,999 元",exact_range,包含經濟戶長本人，全家每個月的「工作薪水、兼差薪水、加班費、退休金，或是從事農林漁牧,question_options_110.csv,以 103 年 I3 為基準。 103基準題號：I3。,mapping_relation=exact_range; total_rule=source_question
build_income_expenditure_crosswalk.py,INC_FAM_WORK,家庭收入,INC_FAM_WORK,家庭工作收入,range_overlap,2021,110,G3,I3,1,3,"20,000元-未滿30,000元",3,"20,000-29,999 元",exact_range,包含經濟戶長本人，全家每個月的「工作薪水、兼差薪水、加班費、退休金，或是從事農林漁牧,question_options_110.csv,以 103 年 I3 為基準。 103基準題號：I3。,mapping_relation=exact_range; total_rule=source_question
build_income_expenditure_crosswalk.py,INC_FAM_WORK,家庭收入,INC_FAM_WORK,家庭工作收入,range_overlap,2021,110,G3,I3,1,4,"30,000元-未滿40,000元",4,"30,000-39,999 元",exact_range,包含經濟戶長本人，全家每個月的「工作薪水、兼差薪水、加班費、退休金，或是從事農林漁牧,question_options_110.csv,以 103 年 I3 為基準。 103基準題號：I3。,mapping_relation=exact_range; total_rule=source_question
build_income_expenditure_crosswalk.py,INC_FAM_WORK,家庭收入,INC_FAM_WORK,家庭工作收入,range_overlap,2021,110,G3,I3,1,5,"40,000元-未滿50,000元",5,"40,000-49,999 元",exact_range,包含經濟戶長本人，全家每個月的「工作薪水、兼差薪水、加班費、退休金，或是從事農林漁牧,question_options_110.csv,以 103 年 I3 為基準。 103基準題號：I3。,mapping_relation=exact_range; total_rule=source_question
build_income_expenditure_crosswalk.py,INC_FAM_WORK,家庭收入,INC_FAM_WORK,家庭工作收入,range_overlap,2021,110,G3,I3,1,6,"50,000元-未滿60,000元",6,"50,000-59,999 元",exact_range,包含經濟戶長本人，全家每個月的「工作薪水、兼差薪水、加班費、退休金，或是從事農林漁牧,question_options_110.csv,以 103 年 I3 為基準。 103基準題號：I3。,mapping_relation=exact_range; total_rule=source_question
build_income_expenditure_crosswalk.py,INC_FAM_WORK,家庭收入,INC_FAM_WORK,家庭工作收入,range_overlap,2021,110,G3,I3,1,7,"60,000元-未滿70,000元",7,"60,000-69,999 元",exact_range,包含經濟戶長本人，全家每個月的「工作薪水、兼差薪水、加班費、退休金，或是從事農林漁牧,question_options_110.csv,以 103 年 I3 為基準。 103基準題號：I3。,mapping_relation=exact_range; total_rule=source_question
build_income_expenditure_crosswalk.py,INC_FAM_WORK,家庭收入,INC_FAM_WORK,家庭工作收入,range_overlap,2021,110,G3,I3,1,8,"70,000元-未滿80,000元",8,"70,000-79,999 元",exact_range,包含經濟戶長本人，全家每個月的「工作薪水、兼差薪水、加班費、退休金，或是從事農林漁牧,question_options_110.csv,以 103 年 I3 為基準。 103基準題號：I3。,mapping_relation=exact_range; total_rule=source_question
build_income_expenditure_crosswalk.py,INC_FAM_WORK,家庭收入,INC_FAM_WORK,家庭工作收入,range_overlap,2021,110,G3,I3,1,9,"80,000元-未滿90,000元",9,"80,000-89,999 元",exact_range,包含經濟戶長本人，全家每個月的「工作薪水、兼差薪水、加班費、退休金，或是從事農林漁牧,question_options_110.csv,以 103 年 I3 為基準。 103基準題號：I3。,mapping_relation=exact_range; total_rule=source_question
build_income_expenditure_crosswalk.py,INC_FAM_WORK,家庭收入,INC_FAM_WORK,家庭工作收入,range_overlap,2021,110,G3,I3,1,10,"90,000元-未滿100,000元",10,"90,000-99,999 元",exact_range,包含經濟戶長本人，全家每個月的「工作薪水、兼差薪水、加班費、退休金，或是從事農林漁牧,question_options_110.csv,以 103 年 I3 為基準。 103基準題號：I3。,mapping_relation=exact_range; total_rule=source_question
build_income_expenditure_crosswalk.py,INC_FAM_WORK,家庭收入,INC_FAM_WORK,家庭工作收入,range_overlap,2021,110,G3,I3,1,11,"100,000元-未滿130,000元",11,"100,000-129,999元",exact_range,包含經濟戶長本人，全家每個月的「工作薪水、兼差薪水、加班費、退休金，或是從事農林漁牧,question_options_110.csv,以 103 年 I3 為基準。 103基準題號：I3。,mapping_relation=exact_range; total_rule=source_question
build_income_expenditure_crosswalk.py,INC_FAM_WORK,家庭收入,INC_FAM_WORK,家庭工作收入,range_overlap,2021,110,G3,I3,1,12,"130,000元-未滿160,000元",12,"130,000-159,999元",exact_range,包含經濟戶長本人，全家每個月的「工作薪水、兼差薪水、加班費、退休金，或是從事農林漁牧,question_options_110.csv,以 103 年 I3 為基準。 103基準題號：I3。,mapping_relation=exact_range; total_rule=source_question
build_income_expenditure_crosswalk.py,INC_FAM_WORK,家庭收入,INC_FAM_WORK,家庭工作收入,range_overlap,2021,110,G3,I3,1,13,"160,000元以上，請記錄____________元",13,"160,000 元及以上，請記錄____________元",exact_open_upper,包含經濟戶長本人，全家每個月的「工作薪水、兼差薪水、加班費、退休金，或是從事農林漁牧,question_options_110.csv,以 103 年 I3 為基準。 103基準題號：I3。,mapping_relation=exact_open_upper; total_rule=source_question
build_income_expenditure_crosswalk.py,INC_FAM_WORK,家庭收入,INC_FAM_WORK,家庭工作收入,range_overlap,2021,110,G3,I3,1,14,沒有這項收入,14,沒有這項收入,exact_none,包含經濟戶長本人，全家每個月的「工作薪水、兼差薪水、加班費、退休金，或是從事農林漁牧,question_options_110.csv,以 103 年 I3 為基準。 103基準題號：I3。,mapping_relation=exact_none; total_rule=source_question
build_income_expenditure_crosswalk.py,INC_FAM_GOV,家庭收入,INC_FAM_GOV,家庭政府補助與保險收入,range_overlap,2002,91_1,22-2,I4,,,,,,no_matching_103_option_bin,請問全家每個月平均收入中，政府補助及津貼收入是多少?,question_options_91_1.csv,91 為政府補助及津貼；95 之後含各種保險。 103基準題號：I4。,mapping_relation=no_matching_103_option_bin; total_rule=source_question
build_income_expenditure_crosswalk.py,INC_FAM_GOV,家庭收入,INC_FAM_GOV,家庭政府補助與保險收入,range_overlap,2002,91_2,22-2,I4,,,,,,no_matching_103_option_bin,請問全家每個月平均收入中，政府補助及津貼收入是多少?,question_options_91_2.csv,91 為政府補助及津貼；95 之後含各種保險。 103基準題號：I4。,mapping_relation=no_matching_103_option_bin; total_rule=source_question
build_income_expenditure_crosswalk.py,INC_FAM_GOV,家庭收入,INC_FAM_GOV,家庭政府補助與保險收入,range_overlap,2006,95,Q11-2,I4,1,1,999元及以下,1,999 元及以下,exact_range,包含您本人，全家每個月接受「政府津貼補助、各種保險」總收入是多少？,question_options_95.csv,91 為政府補助及津貼；95 之後含各種保險。 103基準題號：I4。,mapping_relation=exact_range; total_rule=source_question
build_income_expenditure_crosswalk.py,INC_FAM_GOV,家庭收入,INC_FAM_GOV,家庭政府補助與保險收入,range_overlap,2006,95,Q11-2,I4,1,2,"1,000-1,999元",2,"1,000-1,999 元",exact_range,包含您本人，全家每個月接受「政府津貼補助、各種保險」總收入是多少？,question_options_95.csv,91 為政府補助及津貼；95 之後含各種保險。 103基準題號：I4。,mapping_relation=exact_range; total_rule=source_question
build_income_expenditure_crosswalk.py,INC_FAM_GOV,家庭收入,INC_FAM_GOV,家庭政府補助與保險收入,range_overlap,2006,95,Q11-2,I4,1,3,"2,000-3,999 元",3,"2,000-3,999 元",source_bin_preserved_for_numeric_recode,包含您本人，全家每個月接受「政府津貼補助、各種保險」總收入是多少？,question_options_95.csv,91 為政府補助及津貼；95 之後含各種保險。 103基準題號：I4。,mapping_relation=source_bin_spans_multiple_base_bins; total_rule=source_question
build_income_expenditure_crosswalk.py,INC_FAM_GOV,家庭收入,INC_FAM_GOV,家庭政府補助與保險收入,range_overlap,2006,95,Q11-2,I4,1,4,"4,000-5,999元",4,"4,000-5,999元",source_bin_preserved_for_numeric_recode,包含您本人，全家每個月接受「政府津貼補助、各種保險」總收入是多少？,question_options_95.csv,91 為政府補助及津貼；95 之後含各種保險。 103基準題號：I4。,mapping_relation=source_bin_spans_multiple_base_bins; total_rule=source_question
build_income_expenditure_crosswalk.py,INC_FAM_GOV,家庭收入,INC_FAM_GOV,家庭政府補助與保險收入,range_overlap,2006,95,Q11-2,I4,1,5,"6,000-7,999 元",7,"6,000-7,999 元",exact_range,包含您本人，全家每個月接受「政府津貼補助、各種保險」總收入是多少？,question_options_95.csv,91 為政府補助及津貼；95 之後含各種保險。 103基準題號：I4。,mapping_relation=exact_range; total_rule=source_question
build_income_expenditure_crosswalk.py,INC_FAM_GOV,家庭收入,INC_FAM_GOV,家庭政府補助與保險收入,range_overlap,2006,95,Q11-2,I4,1,6,"8,000-9,999元",8,"8,000-9,999 元",exact_range,包含您本人，全家每個月接受「政府津貼補助、各種保險」總收入是多少？,question_options_95.csv,91 為政府補助及津貼；95 之後含各種保險。 103基準題號：I4。,mapping_relation=exact_range; total_rule=source_question
build_income_expenditure_crosswalk.py,INC_FAM_GOV,家庭收入,INC_FAM_GOV,家庭政府補助與保險收入,range_overlap,2006,95,Q11-2,I4,1,7,"10,000-14,999 元",9,"10,000-14,999 元",exact_range,包含您本人，全家每個月接受「政府津貼補助、各種保險」總收入是多少？,question_options_95.csv,91 為政府補助及津貼；95 之後含各種保險。 103基準題號：I4。,mapping_relation=exact_range; total_rule=source_question
build_income_expenditure_crosswalk.py,INC_FAM_GOV,家庭收入,INC_FAM_GOV,家庭政府補助與保險收入,range_overlap,2006,95,Q11-2,I4,1,8,"15,000-19,999元",10,"15,000-19,999 元",exact_range,包含您本人，全家每個月接受「政府津貼補助、各種保險」總收入是多少？,question_options_95.csv,91 為政府補助及津貼；95 之後含各種保險。 103基準題號：I4。,mapping_relation=exact_range; total_rule=source_question
build_income_expenditure_crosswalk.py,INC_FAM_GOV,家庭收入,INC_FAM_GOV,家庭政府補助與保險收入,range_overlap,2006,95,Q11-2,I4,1,9,"20,000-29,999 元",11,"20,000-29,999 元",exact_range,包含您本人，全家每個月接受「政府津貼補助、各種保險」總收入是多少？,question_options_95.csv,91 為政府補助及津貼；95 之後含各種保險。 103基準題號：I4。,mapping_relation=exact_range; total_rule=source_question
build_income_expenditure_crosswalk.py,INC_FAM_GOV,家庭收入,INC_FAM_GOV,家庭政府補助與保險收入,range_overlap,2006,95,Q11-2,I4,1,90,"30,000 元及以上，請記錄 元",12,"30,000 元及以上，請記錄________元",exact_open_upper,包含您本人，全家每個月接受「政府津貼補助、各種保險」總收入是多少？,question_options_95.csv,91 為政府補助及津貼；95 之後含各種保險。 103基準題號：I4。,mapping_relation=exact_open_upper; total_rule=source_question
build_income_expenditure_crosswalk.py,INC_FAM_GOV,家庭收入,INC_FAM_GOV,家庭政府補助與保險收入,range_overlap,2006,95,Q11-2,I4,1,95,沒有這項收入,13,沒有這項收入,exact_none,包含您本人，全家每個月接受「政府津貼補助、各種保險」總收入是多少？,question_options_95.csv,91 為政府補助及津貼；95 之後含各種保險。 103基準題號：I4。,mapping_relation=exact_none; total_rule=source_question
build_income_expenditure_crosswalk.py,INC_FAM_GOV,家庭收入,INC_FAM_GOV,家庭政府補助與保險收入,range_overlap,2010,99,I3,I4,1,1,999 元及以下,1,999 元及以下,exact_range,包含您本人，全家每個月接受「政府發給津貼、補助、各種保險」總收入是多少？【過去ㄧ年,question_options_99.csv,91 為政府補助及津貼；95 之後含各種保險。 103基準題號：I4。,mapping_relation=exact_range; total_rule=source_question
build_income_expenditure_crosswalk.py,INC_FAM_GOV,家庭收入,INC_FAM_GOV,家庭政府補助與保險收入,range_overlap,2010,99,I3,I4,1,2,"1,000-1,999 元",2,"1,000-1,999 元",exact_range,包含您本人，全家每個月接受「政府發給津貼、補助、各種保險」總收入是多少？【過去ㄧ年,question_options_99.csv,91 為政府補助及津貼；95 之後含各種保險。 103基準題號：I4。,mapping_relation=exact_range; total_rule=source_question
build_income_expenditure_crosswalk.py,INC_FAM_GOV,家庭收入,INC_FAM_GOV,家庭政府補助與保險收入,range_overlap,2010,99,I3,I4,1,3,"2,000-2,999 元",3,"2,000-2,999 元",exact_range,包含您本人，全家每個月接受「政府發給津貼、補助、各種保險」總收入是多少？【過去ㄧ年,question_options_99.csv,91 為政府補助及津貼；95 之後含各種保險。 103基準題號：I4。,mapping_relation=exact_range; total_rule=source_question
build_income_expenditure_crosswalk.py,INC_FAM_GOV,家庭收入,INC_FAM_GOV,家庭政府補助與保險收入,range_overlap,2010,99,I3,I4,1,4,"3,000-3,999 元",4,"3,000-3,999 元",exact_range,包含您本人，全家每個月接受「政府發給津貼、補助、各種保險」總收入是多少？【過去ㄧ年,question_options_99.csv,91 為政府補助及津貼；95 之後含各種保險。 103基準題號：I4。,mapping_relation=exact_range; total_rule=source_question
build_income_expenditure_crosswalk.py,INC_FAM_GOV,家庭收入,INC_FAM_GOV,家庭政府補助與保險收入,range_overlap,2010,99,I3,I4,1,5,"4,000-4,999 元",5,"4,000-4,999 元",exact_range,包含您本人，全家每個月接受「政府發給津貼、補助、各種保險」總收入是多少？【過去ㄧ年,question_options_99.csv,91 為政府補助及津貼；95 之後含各種保險。 103基準題號：I4。,mapping_relation=exact_range; total_rule=source_question
build_income_expenditure_crosswalk.py,INC_FAM_GOV,家庭收入,INC_FAM_GOV,家庭政府補助與保險收入,range_overlap,2010,99,I3,I4,1,6,"5,000-5,999 元",6,"5,000-5,999 元",exact_range,包含您本人，全家每個月接受「政府發給津貼、補助、各種保險」總收入是多少？【過去ㄧ年,question_options_99.csv,91 為政府補助及津貼；95 之後含各種保險。 103基準題號：I4。,mapping_relation=exact_range; total_rule=source_question
build_income_expenditure_crosswalk.py,INC_FAM_GOV,家庭收入,INC_FAM_GOV,家庭政府補助與保險收入,range_overlap,2010,99,I3,I4,1,7,"6,000-7,999 元",7,"6,000-7,999 元",exact_range,包含您本人，全家每個月接受「政府發給津貼、補助、各種保險」總收入是多少？【過去ㄧ年,question_options_99.csv,91 為政府補助及津貼；95 之後含各種保險。 103基準題號：I4。,mapping_relation=exact_range; total_rule=source_question
build_income_expenditure_crosswalk.py,INC_FAM_GOV,家庭收入,INC_FAM_GOV,家庭政府補助與保險收入,range_overlap,2010,99,I3,I4,1,8,"8,000-9,999 元",8,"8,000-9,999 元",exact_range,包含您本人，全家每個月接受「政府發給津貼、補助、各種保險」總收入是多少？【過去ㄧ年,question_options_99.csv,91 為政府補助及津貼；95 之後含各種保險。 103基準題號：I4。,mapping_relation=exact_range; total_rule=source_question
build_income_expenditure_crosswalk.py,INC_FAM_GOV,家庭收入,INC_FAM_GOV,家庭政府補助與保險收入,range_overlap,2010,99,I3,I4,1,9,"10,000-14,999 元",9,"10,000-14,999 元",exact_range,包含您本人，全家每個月接受「政府發給津貼、補助、各種保險」總收入是多少？【過去ㄧ年,question_options_99.csv,91 為政府補助及津貼；95 之後含各種保險。 103基準題號：I4。,mapping_relation=exact_range; total_rule=source_question
build_income_expenditure_crosswalk.py,INC_FAM_GOV,家庭收入,INC_FAM_GOV,家庭政府補助與保險收入,range_overlap,2010,99,I3,I4,1,10,"15,000-19,999 元",10,"15,000-19,999 元",exact_range,包含您本人，全家每個月接受「政府發給津貼、補助、各種保險」總收入是多少？【過去ㄧ年,question_options_99.csv,91 為政府補助及津貼；95 之後含各種保險。 103基準題號：I4。,mapping_relation=exact_range; total_rule=source_question
build_income_expenditure_crosswalk.py,INC_FAM_GOV,家庭收入,INC_FAM_GOV,家庭政府補助與保險收入,range_overlap,2010,99,I3,I4,1,11,"20,000-29,999 元",11,"20,000-29,999 元",exact_range,包含您本人，全家每個月接受「政府發給津貼、補助、各種保險」總收入是多少？【過去ㄧ年,question_options_99.csv,91 為政府補助及津貼；95 之後含各種保險。 103基準題號：I4。,mapping_relation=exact_range; total_rule=source_question
build_income_expenditure_crosswalk.py,INC_FAM_GOV,家庭收入,INC_FAM_GOV,家庭政府補助與保險收入,range_overlap,2010,99,I3,I4,1,12,"30,000 元及以上，請記錄 元",12,"30,000 元及以上，請記錄________元",exact_open_upper,包含您本人，全家每個月接受「政府發給津貼、補助、各種保險」總收入是多少？【過去ㄧ年,question_options_99.csv,91 為政府補助及津貼；95 之後含各種保險。 103基準題號：I4。,mapping_relation=exact_open_upper; total_rule=source_question
build_income_expenditure_crosswalk.py,INC_FAM_GOV,家庭收入,INC_FAM_GOV,家庭政府補助與保險收入,range_overlap,2010,99,I3,I4,1,13,沒有這項收入,13,沒有這項收入,exact_none,包含您本人，全家每個月接受「政府發給津貼、補助、各種保險」總收入是多少？【過去ㄧ年,question_options_99.csv,91 為政府補助及津貼；95 之後含各種保險。 103基準題號：I4。,mapping_relation=exact_none; total_rule=source_question
build_income_expenditure_crosswalk.py,INC_FAM_GOV,家庭收入,INC_FAM_GOV,家庭政府補助與保險收入,range_overlap,2014,103,I4,I4,1,1,999 元及以下,1,999 元及以下,exact_range,包含您本人，全家每個月接受「政府發給津貼、補助、各種社會保險、私人保險」總收入是多少？,question_options_103.csv,91 為政府補助及津貼；95 之後含各種保險。 103基準題號：I4。,mapping_relation=exact_range; total_rule=source_question
build_income_expenditure_crosswalk.py,INC_FAM_GOV,家庭收入,INC_FAM_GOV,家庭政府補助與保險收入,range_overlap,2014,103,I4,I4,1,2,"1,000-1,999 元",2,"1,000-1,999 元",exact_range,包含您本人，全家每個月接受「政府發給津貼、補助、各種社會保險、私人保險」總收入是多少？,question_options_103.csv,91 為政府補助及津貼；95 之後含各種保險。 103基準題號：I4。,mapping_relation=exact_range; total_rule=source_question
build_income_expenditure_crosswalk.py,INC_FAM_GOV,家庭收入,INC_FAM_GOV,家庭政府補助與保險收入,range_overlap,2014,103,I4,I4,1,3,"2,000-2,999 元",3,"2,000-2,999 元",exact_range,包含您本人，全家每個月接受「政府發給津貼、補助、各種社會保險、私人保險」總收入是多少？,question_options_103.csv,91 為政府補助及津貼；95 之後含各種保險。 103基準題號：I4。,mapping_relation=exact_range; total_rule=source_question
build_income_expenditure_crosswalk.py,INC_FAM_GOV,家庭收入,INC_FAM_GOV,家庭政府補助與保險收入,range_overlap,2014,103,I4,I4,1,4,"3,000-3,999 元",4,"3,000-3,999 元",exact_range,包含您本人，全家每個月接受「政府發給津貼、補助、各種社會保險、私人保險」總收入是多少？,question_options_103.csv,91 為政府補助及津貼；95 之後含各種保險。 103基準題號：I4。,mapping_relation=exact_range; total_rule=source_question
build_income_expenditure_crosswalk.py,INC_FAM_GOV,家庭收入,INC_FAM_GOV,家庭政府補助與保險收入,range_overlap,2014,103,I4,I4,1,5,"4,000-4,999 元",5,"4,000-4,999 元",exact_range,包含您本人，全家每個月接受「政府發給津貼、補助、各種社會保險、私人保險」總收入是多少？,question_options_103.csv,91 為政府補助及津貼；95 之後含各種保險。 103基準題號：I4。,mapping_relation=exact_range; total_rule=source_question
build_income_expenditure_crosswalk.py,INC_FAM_GOV,家庭收入,INC_FAM_GOV,家庭政府補助與保險收入,range_overlap,2014,103,I4,I4,1,6,"5,000-5,999 元",6,"5,000-5,999 元",exact_range,包含您本人，全家每個月接受「政府發給津貼、補助、各種社會保險、私人保險」總收入是多少？,question_options_103.csv,91 為政府補助及津貼；95 之後含各種保險。 103基準題號：I4。,mapping_relation=exact_range; total_rule=source_question
build_income_expenditure_crosswalk.py,INC_FAM_GOV,家庭收入,INC_FAM_GOV,家庭政府補助與保險收入,range_overlap,2014,103,I4,I4,1,7,"6,000-7,999 元",7,"6,000-7,999 元",exact_range,包含您本人，全家每個月接受「政府發給津貼、補助、各種社會保險、私人保險」總收入是多少？,question_options_103.csv,91 為政府補助及津貼；95 之後含各種保險。 103基準題號：I4。,mapping_relation=exact_range; total_rule=source_question
build_income_expenditure_crosswalk.py,INC_FAM_GOV,家庭收入,INC_FAM_GOV,家庭政府補助與保險收入,range_overlap,2014,103,I4,I4,1,8,"8,000-9,999 元",8,"8,000-9,999 元",exact_range,包含您本人，全家每個月接受「政府發給津貼、補助、各種社會保險、私人保險」總收入是多少？,question_options_103.csv,91 為政府補助及津貼；95 之後含各種保險。 103基準題號：I4。,mapping_relation=exact_range; total_rule=source_question
build_income_expenditure_crosswalk.py,INC_FAM_GOV,家庭收入,INC_FAM_GOV,家庭政府補助與保險收入,range_overlap,2014,103,I4,I4,1,9,"10,000-14,999 元",9,"10,000-14,999 元",exact_range,包含您本人，全家每個月接受「政府發給津貼、補助、各種社會保險、私人保險」總收入是多少？,question_options_103.csv,91 為政府補助及津貼；95 之後含各種保險。 103基準題號：I4。,mapping_relation=exact_range; total_rule=source_question
build_income_expenditure_crosswalk.py,INC_FAM_GOV,家庭收入,INC_FAM_GOV,家庭政府補助與保險收入,range_overlap,2014,103,I4,I4,1,10,"15,000-19,999 元",10,"15,000-19,999 元",exact_range,包含您本人，全家每個月接受「政府發給津貼、補助、各種社會保險、私人保險」總收入是多少？,question_options_103.csv,91 為政府補助及津貼；95 之後含各種保險。 103基準題號：I4。,mapping_relation=exact_range; total_rule=source_question
build_income_expenditure_crosswalk.py,INC_FAM_GOV,家庭收入,INC_FAM_GOV,家庭政府補助與保險收入,range_overlap,2014,103,I4,I4,1,11,"20,000-29,999 元",11,"20,000-29,999 元",exact_range,包含您本人，全家每個月接受「政府發給津貼、補助、各種社會保險、私人保險」總收入是多少？,question_options_103.csv,91 為政府補助及津貼；95 之後含各種保險。 103基準題號：I4。,mapping_relation=exact_range; total_rule=source_question
build_income_expenditure_crosswalk.py,INC_FAM_GOV,家庭收入,INC_FAM_GOV,家庭政府補助與保險收入,range_overlap,2014,103,I4,I4,1,12,"30,000 元及以上，請記錄________元",12,"30,000 元及以上，請記錄________元",exact_open_upper,包含您本人，全家每個月接受「政府發給津貼、補助、各種社會保險、私人保險」總收入是多少？,question_options_103.csv,91 為政府補助及津貼；95 之後含各種保險。 103基準題號：I4。,mapping_relation=exact_open_upper; total_rule=source_question
build_income_expenditure_crosswalk.py,INC_FAM_GOV,家庭收入,INC_FAM_GOV,家庭政府補助與保險收入,range_overlap,2014,103,I4,I4,1,13,沒有這項收入,13,沒有這項收入,exact_none,包含您本人，全家每個月接受「政府發給津貼、補助、各種社會保險、私人保險」總收入是多少？,question_options_103.csv,91 為政府補助及津貼；95 之後含各種保險。 103基準題號：I4。,mapping_relation=exact_none; total_rule=source_question
build_income_expenditure_crosswalk.py,INC_FAM_GOV,家庭收入,INC_FAM_GOV,家庭政府補助與保險收入,range_overlap,2017,106,L4,I4,1,1,"未滿1,000元",1,999 元及以下,exact_range,包含經濟戶長本人，全家每個月接受「政府發給津貼、補助、各種社會保險、私人保險」總收入,question_options_106.csv,91 為政府補助及津貼；95 之後含各種保險。 103基準題號：I4。,mapping_relation=exact_range; total_rule=source_question
build_income_expenditure_crosswalk.py,INC_FAM_GOV,家庭收入,INC_FAM_GOV,家庭政府補助與保險收入,range_overlap,2017,106,L4,I4,1,2,"1,000 元-未滿2,000元",2,"1,000-1,999 元",exact_range,包含經濟戶長本人，全家每個月接受「政府發給津貼、補助、各種社會保險、私人保險」總收入,question_options_106.csv,91 為政府補助及津貼；95 之後含各種保險。 103基準題號：I4。,mapping_relation=exact_range; total_rule=source_question
build_income_expenditure_crosswalk.py,INC_FAM_GOV,家庭收入,INC_FAM_GOV,家庭政府補助與保險收入,range_overlap,2017,106,L4,I4,1,3,"2,000 元-未滿3,000元",3,"2,000-2,999 元",exact_range,包含經濟戶長本人，全家每個月接受「政府發給津貼、補助、各種社會保險、私人保險」總收入,question_options_106.csv,91 為政府補助及津貼；95 之後含各種保險。 103基準題號：I4。,mapping_relation=exact_range; total_rule=source_question
build_income_expenditure_crosswalk.py,INC_FAM_GOV,家庭收入,INC_FAM_GOV,家庭政府補助與保險收入,range_overlap,2017,106,L4,I4,1,4,"3,000 元-未滿4,000元",4,"3,000-3,999 元",exact_range,包含經濟戶長本人，全家每個月接受「政府發給津貼、補助、各種社會保險、私人保險」總收入,question_options_106.csv,91 為政府補助及津貼；95 之後含各種保險。 103基準題號：I4。,mapping_relation=exact_range; total_rule=source_question
build_income_expenditure_crosswalk.py,INC_FAM_GOV,家庭收入,INC_FAM_GOV,家庭政府補助與保險收入,range_overlap,2017,106,L4,I4,1,5,"4,000 元-未滿5,000元",5,"4,000-4,999 元",exact_range,包含經濟戶長本人，全家每個月接受「政府發給津貼、補助、各種社會保險、私人保險」總收入,question_options_106.csv,91 為政府補助及津貼；95 之後含各種保險。 103基準題號：I4。,mapping_relation=exact_range; total_rule=source_question
build_income_expenditure_crosswalk.py,INC_FAM_GOV,家庭收入,INC_FAM_GOV,家庭政府補助與保險收入,range_overlap,2017,106,L4,I4,1,6,"5,000 元-未滿6,000元",6,"5,000-5,999 元",exact_range,包含經濟戶長本人，全家每個月接受「政府發給津貼、補助、各種社會保險、私人保險」總收入,question_options_106.csv,91 為政府補助及津貼；95 之後含各種保險。 103基準題號：I4。,mapping_relation=exact_range; total_rule=source_question
build_income_expenditure_crosswalk.py,INC_FAM_GOV,家庭收入,INC_FAM_GOV,家庭政府補助與保險收入,range_overlap,2017,106,L4,I4,1,7,"6,000 元-未滿8,000元",7,"6,000-7,999 元",exact_range,包含經濟戶長本人，全家每個月接受「政府發給津貼、補助、各種社會保險、私人保險」總收入,question_options_106.csv,91 為政府補助及津貼；95 之後含各種保險。 103基準題號：I4。,mapping_relation=exact_range; total_rule=source_question
build_income_expenditure_crosswalk.py,INC_FAM_GOV,家庭收入,INC_FAM_GOV,家庭政府補助與保險收入,range_overlap,2017,106,L4,I4,1,8,"8,000 元-未滿10,000元",8,"8,000-9,999 元",exact_range,包含經濟戶長本人，全家每個月接受「政府發給津貼、補助、各種社會保險、私人保險」總收入,question_options_106.csv,91 為政府補助及津貼；95 之後含各種保險。 103基準題號：I4。,mapping_relation=exact_range; total_rule=source_question
build_income_expenditure_crosswalk.py,INC_FAM_GOV,家庭收入,INC_FAM_GOV,家庭政府補助與保險收入,range_overlap,2017,106,L4,I4,1,9,"10,000元-未滿15,000元",9,"10,000-14,999 元",exact_range,包含經濟戶長本人，全家每個月接受「政府發給津貼、補助、各種社會保險、私人保險」總收入,question_options_106.csv,91 為政府補助及津貼；95 之後含各種保險。 103基準題號：I4。,mapping_relation=exact_range; total_rule=source_question
build_income_expenditure_crosswalk.py,INC_FAM_GOV,家庭收入,INC_FAM_GOV,家庭政府補助與保險收入,range_overlap,2017,106,L4,I4,1,10,"15,000元-未滿20,000元",10,"15,000-19,999 元",exact_range,包含經濟戶長本人，全家每個月接受「政府發給津貼、補助、各種社會保險、私人保險」總收入,question_options_106.csv,91 為政府補助及津貼；95 之後含各種保險。 103基準題號：I4。,mapping_relation=exact_range; total_rule=source_question
build_income_expenditure_crosswalk.py,INC_FAM_GOV,家庭收入,INC_FAM_GOV,家庭政府補助與保險收入,range_overlap,2017,106,L4,I4,1,11,"20,000元-未滿30,000元",11,"20,000-29,999 元",exact_range,包含經濟戶長本人，全家每個月接受「政府發給津貼、補助、各種社會保險、私人保險」總收入,question_options_106.csv,91 為政府補助及津貼；95 之後含各種保險。 103基準題號：I4。,mapping_relation=exact_range; total_rule=source_question
build_income_expenditure_crosswalk.py,INC_FAM_GOV,家庭收入,INC_FAM_GOV,家庭政府補助與保險收入,range_overlap,2017,106,L4,I4,1,12,"30,000元以上，請記錄________元",12,"30,000 元及以上，請記錄________元",exact_open_upper,包含經濟戶長本人，全家每個月接受「政府發給津貼、補助、各種社會保險、私人保險」總收入,question_options_106.csv,91 為政府補助及津貼；95 之後含各種保險。 103基準題號：I4。,mapping_relation=exact_open_upper; total_rule=source_question
build_income_expenditure_crosswalk.py,INC_FAM_GOV,家庭收入,INC_FAM_GOV,家庭政府補助與保險收入,range_overlap,2017,106,L4,I4,1,13,沒有這項收入,13,沒有這項收入,exact_none,包含經濟戶長本人，全家每個月接受「政府發給津貼、補助、各種社會保險、私人保險」總收入,question_options_106.csv,91 為政府補助及津貼；95 之後含各種保險。 103基準題號：I4。,mapping_relation=exact_none; total_rule=source_question
build_income_expenditure_crosswalk.py,INC_FAM_GOV,家庭收入,INC_FAM_GOV,家庭政府補助與保險收入,range_overlap,2021,110,G4,I4,1,1,"未滿1,000元",1,999 元及以下,exact_range,包含經濟戶長本人，全家每個月接受「政府發給津貼、補助、各種社會保險、私人保險」總收入,question_options_110.csv,91 為政府補助及津貼；95 之後含各種保險。 103基準題號：I4。,mapping_relation=exact_range; total_rule=source_question
build_income_expenditure_crosswalk.py,INC_FAM_GOV,家庭收入,INC_FAM_GOV,家庭政府補助與保險收入,range_overlap,2021,110,G4,I4,1,2,"1,000 元-未滿2,000元",2,"1,000-1,999 元",exact_range,包含經濟戶長本人，全家每個月接受「政府發給津貼、補助、各種社會保險、私人保險」總收入,question_options_110.csv,91 為政府補助及津貼；95 之後含各種保險。 103基準題號：I4。,mapping_relation=exact_range; total_rule=source_question
build_income_expenditure_crosswalk.py,INC_FAM_GOV,家庭收入,INC_FAM_GOV,家庭政府補助與保險收入,range_overlap,2021,110,G4,I4,1,3,"2,000 元-未滿3,000元",3,"2,000-2,999 元",exact_range,包含經濟戶長本人，全家每個月接受「政府發給津貼、補助、各種社會保險、私人保險」總收入,question_options_110.csv,91 為政府補助及津貼；95 之後含各種保險。 103基準題號：I4。,mapping_relation=exact_range; total_rule=source_question
build_income_expenditure_crosswalk.py,INC_FAM_GOV,家庭收入,INC_FAM_GOV,家庭政府補助與保險收入,range_overlap,2021,110,G4,I4,1,4,"3,000 元-未滿4,000元",4,"3,000-3,999 元",exact_range,包含經濟戶長本人，全家每個月接受「政府發給津貼、補助、各種社會保險、私人保險」總收入,question_options_110.csv,91 為政府補助及津貼；95 之後含各種保險。 103基準題號：I4。,mapping_relation=exact_range; total_rule=source_question
build_income_expenditure_crosswalk.py,INC_FAM_GOV,家庭收入,INC_FAM_GOV,家庭政府補助與保險收入,range_overlap,2021,110,G4,I4,1,5,"4,000 元-未滿5,000元",5,"4,000-4,999 元",exact_range,包含經濟戶長本人，全家每個月接受「政府發給津貼、補助、各種社會保險、私人保險」總收入,question_options_110.csv,91 為政府補助及津貼；95 之後含各種保險。 103基準題號：I4。,mapping_relation=exact_range; total_rule=source_question
build_income_expenditure_crosswalk.py,INC_FAM_GOV,家庭收入,INC_FAM_GOV,家庭政府補助與保險收入,range_overlap,2021,110,G4,I4,1,6,"5,000 元-未滿6,000元",6,"5,000-5,999 元",exact_range,包含經濟戶長本人，全家每個月接受「政府發給津貼、補助、各種社會保險、私人保險」總收入,question_options_110.csv,91 為政府補助及津貼；95 之後含各種保險。 103基準題號：I4。,mapping_relation=exact_range; total_rule=source_question
build_income_expenditure_crosswalk.py,INC_FAM_GOV,家庭收入,INC_FAM_GOV,家庭政府補助與保險收入,range_overlap,2021,110,G4,I4,1,7,"6,000 元-未滿8,000元",7,"6,000-7,999 元",exact_range,包含經濟戶長本人，全家每個月接受「政府發給津貼、補助、各種社會保險、私人保險」總收入,question_options_110.csv,91 為政府補助及津貼；95 之後含各種保險。 103基準題號：I4。,mapping_relation=exact_range; total_rule=source_question
build_income_expenditure_crosswalk.py,INC_FAM_GOV,家庭收入,INC_FAM_GOV,家庭政府補助與保險收入,range_overlap,2021,110,G4,I4,1,8,"8,000 元-未滿10,000元",8,"8,000-9,999 元",exact_range,包含經濟戶長本人，全家每個月接受「政府發給津貼、補助、各種社會保險、私人保險」總收入,question_options_110.csv,91 為政府補助及津貼；95 之後含各種保險。 103基準題號：I4。,mapping_relation=exact_range; total_rule=source_question
build_income_expenditure_crosswalk.py,INC_FAM_GOV,家庭收入,INC_FAM_GOV,家庭政府補助與保險收入,range_overlap,2021,110,G4,I4,1,9,"10,000元-未滿15,000元",9,"10,000-14,999 元",exact_range,包含經濟戶長本人，全家每個月接受「政府發給津貼、補助、各種社會保險、私人保險」總收入,question_options_110.csv,91 為政府補助及津貼；95 之後含各種保險。 103基準題號：I4。,mapping_relation=exact_range; total_rule=source_question
build_income_expenditure_crosswalk.py,INC_FAM_GOV,家庭收入,INC_FAM_GOV,家庭政府補助與保險收入,range_overlap,2021,110,G4,I4,1,10,"15,000元-未滿20,000元",10,"15,000-19,999 元",exact_range,包含經濟戶長本人，全家每個月接受「政府發給津貼、補助、各種社會保險、私人保險」總收入,question_options_110.csv,91 為政府補助及津貼；95 之後含各種保險。 103基準題號：I4。,mapping_relation=exact_range; total_rule=source_question
build_income_expenditure_crosswalk.py,INC_FAM_GOV,家庭收入,INC_FAM_GOV,家庭政府補助與保險收入,range_overlap,2021,110,G4,I4,1,11,"20,000元-未滿30,000元",11,"20,000-29,999 元",exact_range,包含經濟戶長本人，全家每個月接受「政府發給津貼、補助、各種社會保險、私人保險」總收入,question_options_110.csv,91 為政府補助及津貼；95 之後含各種保險。 103基準題號：I4。,mapping_relation=exact_range; total_rule=source_question
build_income_expenditure_crosswalk.py,INC_FAM_GOV,家庭收入,INC_FAM_GOV,家庭政府補助與保險收入,range_overlap,2021,110,G4,I4,1,12,"30,000元以上，請記錄________元",12,"30,000 元及以上，請記錄________元",exact_open_upper,包含經濟戶長本人，全家每個月接受「政府發給津貼、補助、各種社會保險、私人保險」總收入,question_options_110.csv,91 為政府補助及津貼；95 之後含各種保險。 103基準題號：I4。,mapping_relation=exact_open_upper; total_rule=source_question
build_income_expenditure_crosswalk.py,INC_FAM_GOV,家庭收入,INC_FAM_GOV,家庭政府補助與保險收入,range_overlap,2021,110,G4,I4,1,13,沒有這項收入,13,沒有這項收入,exact_none,包含經濟戶長本人，全家每個月接受「政府發給津貼、補助、各種社會保險、私人保險」總收入,question_options_110.csv,91 為政府補助及津貼；95 之後含各種保險。 103基準題號：I4。,mapping_relation=exact_none; total_rule=source_question
build_income_expenditure_crosswalk.py,INC_FAM_TRANSFER,家庭收入,INC_FAM_TRANSFER,家庭私人移轉/禮金/救濟收入,question_not_available,2002,91_1,,I5,,,,,,not_available_in_source_dataset,,question_options_91_1.csv,103 起拆出私人移轉類收入。 103基準題號：I5。,mapping_relation=not_available_in_source_dataset; total_rule=source_question
build_income_expenditure_crosswalk.py,INC_FAM_TRANSFER,家庭收入,INC_FAM_TRANSFER,家庭私人移轉/禮金/救濟收入,question_not_available,2002,91_2,,I5,,,,,,not_available_in_source_dataset,,question_options_91_2.csv,103 起拆出私人移轉類收入。 103基準題號：I5。,mapping_relation=not_available_in_source_dataset; total_rule=source_question
build_income_expenditure_crosswalk.py,INC_FAM_TRANSFER,家庭收入,INC_FAM_TRANSFER,家庭私人移轉/禮金/救濟收入,question_not_available,2006,95,,I5,,,,,,not_available_in_source_dataset,,question_options_95.csv,103 起拆出私人移轉類收入。 103基準題號：I5。,mapping_relation=not_available_in_source_dataset; total_rule=source_question
build_income_expenditure_crosswalk.py,INC_FAM_TRANSFER,家庭收入,INC_FAM_TRANSFER,家庭私人移轉/禮金/救濟收入,question_not_available,2010,99,,I5,,,,,,not_available_in_source_dataset,,question_options_99.csv,103 起拆出私人移轉類收入。 103基準題號：I5。,mapping_relation=not_available_in_source_dataset; total_rule=source_question
build_income_expenditure_crosswalk.py,INC_FAM_TRANSFER,家庭收入,INC_FAM_TRANSFER,家庭私人移轉/禮金/救濟收入,range_overlap,2014,103,I5,I5,1,1,999 元及以下,1,999 元及以下,exact_range,包含您本人，全家每個月接受「紅白包禮金、私人發給救濟金/慰問金、向私人借住房屋省下的房,question_options_103.csv,103 起拆出私人移轉類收入。 103基準題號：I5。,mapping_relation=exact_range; total_rule=source_question
build_income_expenditure_crosswalk.py,INC_FAM_TRANSFER,家庭收入,INC_FAM_TRANSFER,家庭私人移轉/禮金/救濟收入,range_overlap,2014,103,I5,I5,1,2,"1,000-1,999 元",2,"1,000-1,999 元",exact_range,包含您本人，全家每個月接受「紅白包禮金、私人發給救濟金/慰問金、向私人借住房屋省下的房,question_options_103.csv,103 起拆出私人移轉類收入。 103基準題號：I5。,mapping_relation=exact_range; total_rule=source_question
build_income_expenditure_crosswalk.py,INC_FAM_TRANSFER,家庭收入,INC_FAM_TRANSFER,家庭私人移轉/禮金/救濟收入,range_overlap,2014,103,I5,I5,1,3,"2,000-2,999 元",3,"2,000-2,999 元",exact_range,包含您本人，全家每個月接受「紅白包禮金、私人發給救濟金/慰問金、向私人借住房屋省下的房,question_options_103.csv,103 起拆出私人移轉類收入。 103基準題號：I5。,mapping_relation=exact_range; total_rule=source_question
build_income_expenditure_crosswalk.py,INC_FAM_TRANSFER,家庭收入,INC_FAM_TRANSFER,家庭私人移轉/禮金/救濟收入,range_overlap,2014,103,I5,I5,1,4,"3,000-3,999 元",4,"3,000-3,999 元",exact_range,包含您本人，全家每個月接受「紅白包禮金、私人發給救濟金/慰問金、向私人借住房屋省下的房,question_options_103.csv,103 起拆出私人移轉類收入。 103基準題號：I5。,mapping_relation=exact_range; total_rule=source_question
build_income_expenditure_crosswalk.py,INC_FAM_TRANSFER,家庭收入,INC_FAM_TRANSFER,家庭私人移轉/禮金/救濟收入,range_overlap,2014,103,I5,I5,1,5,"4,000-4,999 元",5,"4,000-4,999 元",exact_range,包含您本人，全家每個月接受「紅白包禮金、私人發給救濟金/慰問金、向私人借住房屋省下的房,question_options_103.csv,103 起拆出私人移轉類收入。 103基準題號：I5。,mapping_relation=exact_range; total_rule=source_question
build_income_expenditure_crosswalk.py,INC_FAM_TRANSFER,家庭收入,INC_FAM_TRANSFER,家庭私人移轉/禮金/救濟收入,range_overlap,2014,103,I5,I5,1,6,"5,000-5,999 元",6,"5,000-5,999 元",exact_range,包含您本人，全家每個月接受「紅白包禮金、私人發給救濟金/慰問金、向私人借住房屋省下的房,question_options_103.csv,103 起拆出私人移轉類收入。 103基準題號：I5。,mapping_relation=exact_range; total_rule=source_question
build_income_expenditure_crosswalk.py,INC_FAM_TRANSFER,家庭收入,INC_FAM_TRANSFER,家庭私人移轉/禮金/救濟收入,range_overlap,2014,103,I5,I5,1,7,"6,000-7,999 元",7,"6,000-7,999 元",exact_range,包含您本人，全家每個月接受「紅白包禮金、私人發給救濟金/慰問金、向私人借住房屋省下的房,question_options_103.csv,103 起拆出私人移轉類收入。 103基準題號：I5。,mapping_relation=exact_range; total_rule=source_question
build_income_expenditure_crosswalk.py,INC_FAM_TRANSFER,家庭收入,INC_FAM_TRANSFER,家庭私人移轉/禮金/救濟收入,range_overlap,2014,103,I5,I5,1,8,"8,000-9,999 元",8,"8,000-9,999 元",exact_range,包含您本人，全家每個月接受「紅白包禮金、私人發給救濟金/慰問金、向私人借住房屋省下的房,question_options_103.csv,103 起拆出私人移轉類收入。 103基準題號：I5。,mapping_relation=exact_range; total_rule=source_question
build_income_expenditure_crosswalk.py,INC_FAM_TRANSFER,家庭收入,INC_FAM_TRANSFER,家庭私人移轉/禮金/救濟收入,range_overlap,2014,103,I5,I5,1,9,"10,000-14,999 元",9,"10,000-14,999 元",exact_range,包含您本人，全家每個月接受「紅白包禮金、私人發給救濟金/慰問金、向私人借住房屋省下的房,question_options_103.csv,103 起拆出私人移轉類收入。 103基準題號：I5。,mapping_relation=exact_range; total_rule=source_question
build_income_expenditure_crosswalk.py,INC_FAM_TRANSFER,家庭收入,INC_FAM_TRANSFER,家庭私人移轉/禮金/救濟收入,range_overlap,2014,103,I5,I5,1,10,"15,000-19,999 元",10,"15,000-19,999 元",exact_range,包含您本人，全家每個月接受「紅白包禮金、私人發給救濟金/慰問金、向私人借住房屋省下的房,question_options_103.csv,103 起拆出私人移轉類收入。 103基準題號：I5。,mapping_relation=exact_range; total_rule=source_question
build_income_expenditure_crosswalk.py,INC_FAM_TRANSFER,家庭收入,INC_FAM_TRANSFER,家庭私人移轉/禮金/救濟收入,range_overlap,2014,103,I5,I5,1,11,"20,000-29,999 元",11,"20,000-29,999 元",exact_range,包含您本人，全家每個月接受「紅白包禮金、私人發給救濟金/慰問金、向私人借住房屋省下的房,question_options_103.csv,103 起拆出私人移轉類收入。 103基準題號：I5。,mapping_relation=exact_range; total_rule=source_question
build_income_expenditure_crosswalk.py,INC_FAM_TRANSFER,家庭收入,INC_FAM_TRANSFER,家庭私人移轉/禮金/救濟收入,range_overlap,2014,103,I5,I5,1,12,"30,000 元及以上，請記錄________元",12,"30,000 元及以上，請記錄________元",exact_open_upper,包含您本人，全家每個月接受「紅白包禮金、私人發給救濟金/慰問金、向私人借住房屋省下的房,question_options_103.csv,103 起拆出私人移轉類收入。 103基準題號：I5。,mapping_relation=exact_open_upper; total_rule=source_question
build_income_expenditure_crosswalk.py,INC_FAM_TRANSFER,家庭收入,INC_FAM_TRANSFER,家庭私人移轉/禮金/救濟收入,range_overlap,2014,103,I5,I5,1,13,沒有這項收入,13,沒有這項收入,exact_none,包含您本人，全家每個月接受「紅白包禮金、私人發給救濟金/慰問金、向私人借住房屋省下的房,question_options_103.csv,103 起拆出私人移轉類收入。 103基準題號：I5。,mapping_relation=exact_none; total_rule=source_question
build_income_expenditure_crosswalk.py,INC_FAM_TRANSFER,家庭收入,INC_FAM_TRANSFER,家庭私人移轉/禮金/救濟收入,range_overlap,2017,106,L5,I5,1,1,"未滿1,000元",1,999 元及以下,exact_range,包含經濟戶長本人，全家每個月接受「紅白包禮金、私人發給救濟金/慰問金/獎助學金、向私人,question_options_106.csv,103 起拆出私人移轉類收入。 103基準題號：I5。,mapping_relation=exact_range; total_rule=source_question
build_income_expenditure_crosswalk.py,INC_FAM_TRANSFER,家庭收入,INC_FAM_TRANSFER,家庭私人移轉/禮金/救濟收入,range_overlap,2017,106,L5,I5,1,2,"1,000 元-未滿2,000元",2,"1,000-1,999 元",exact_range,包含經濟戶長本人，全家每個月接受「紅白包禮金、私人發給救濟金/慰問金/獎助學金、向私人,question_options_106.csv,103 起拆出私人移轉類收入。 103基準題號：I5。,mapping_relation=exact_range; total_rule=source_question
build_income_expenditure_crosswalk.py,INC_FAM_TRANSFER,家庭收入,INC_FAM_TRANSFER,家庭私人移轉/禮金/救濟收入,range_overlap,2017,106,L5,I5,1,3,"2,000 元-未滿3,000元",3,"2,000-2,999 元",exact_range,包含經濟戶長本人，全家每個月接受「紅白包禮金、私人發給救濟金/慰問金/獎助學金、向私人,question_options_106.csv,103 起拆出私人移轉類收入。 103基準題號：I5。,mapping_relation=exact_range; total_rule=source_question
build_income_expenditure_crosswalk.py,INC_FAM_TRANSFER,家庭收入,INC_FAM_TRANSFER,家庭私人移轉/禮金/救濟收入,range_overlap,2017,106,L5,I5,1,4,"3,000 元-未滿4,000元",4,"3,000-3,999 元",exact_range,包含經濟戶長本人，全家每個月接受「紅白包禮金、私人發給救濟金/慰問金/獎助學金、向私人,question_options_106.csv,103 起拆出私人移轉類收入。 103基準題號：I5。,mapping_relation=exact_range; total_rule=source_question
build_income_expenditure_crosswalk.py,INC_FAM_TRANSFER,家庭收入,INC_FAM_TRANSFER,家庭私人移轉/禮金/救濟收入,range_overlap,2017,106,L5,I5,1,5,"4,000 元-未滿5,000元",5,"4,000-4,999 元",exact_range,包含經濟戶長本人，全家每個月接受「紅白包禮金、私人發給救濟金/慰問金/獎助學金、向私人,question_options_106.csv,103 起拆出私人移轉類收入。 103基準題號：I5。,mapping_relation=exact_range; total_rule=source_question
build_income_expenditure_crosswalk.py,INC_FAM_TRANSFER,家庭收入,INC_FAM_TRANSFER,家庭私人移轉/禮金/救濟收入,range_overlap,2017,106,L5,I5,1,6,"5,000 元-未滿6,000元",6,"5,000-5,999 元",exact_range,包含經濟戶長本人，全家每個月接受「紅白包禮金、私人發給救濟金/慰問金/獎助學金、向私人,question_options_106.csv,103 起拆出私人移轉類收入。 103基準題號：I5。,mapping_relation=exact_range; total_rule=source_question
build_income_expenditure_crosswalk.py,INC_FAM_TRANSFER,家庭收入,INC_FAM_TRANSFER,家庭私人移轉/禮金/救濟收入,range_overlap,2017,106,L5,I5,1,7,"6,000 元-未滿8,000元",7,"6,000-7,999 元",exact_range,包含經濟戶長本人，全家每個月接受「紅白包禮金、私人發給救濟金/慰問金/獎助學金、向私人,question_options_106.csv,103 起拆出私人移轉類收入。 103基準題號：I5。,mapping_relation=exact_range; total_rule=source_question
build_income_expenditure_crosswalk.py,INC_FAM_TRANSFER,家庭收入,INC_FAM_TRANSFER,家庭私人移轉/禮金/救濟收入,range_overlap,2017,106,L5,I5,1,8,"8,000 元-未滿10,000元",8,"8,000-9,999 元",exact_range,包含經濟戶長本人，全家每個月接受「紅白包禮金、私人發給救濟金/慰問金/獎助學金、向私人,question_options_106.csv,103 起拆出私人移轉類收入。 103基準題號：I5。,mapping_relation=exact_range; total_rule=source_question
build_income_expenditure_crosswalk.py,INC_FAM_TRANSFER,家庭收入,INC_FAM_TRANSFER,家庭私人移轉/禮金/救濟收入,range_overlap,2017,106,L5,I5,1,9,"10,000 元-未滿15,000元",9,"10,000-14,999 元",exact_range,包含經濟戶長本人，全家每個月接受「紅白包禮金、私人發給救濟金/慰問金/獎助學金、向私人,question_options_106.csv,103 起拆出私人移轉類收入。 103基準題號：I5。,mapping_relation=exact_range; total_rule=source_question
build_income_expenditure_crosswalk.py,INC_FAM_TRANSFER,家庭收入,INC_FAM_TRANSFER,家庭私人移轉/禮金/救濟收入,range_overlap,2017,106,L5,I5,1,10,"15,000 元-未滿20,000元",10,"15,000-19,999 元",exact_range,包含經濟戶長本人，全家每個月接受「紅白包禮金、私人發給救濟金/慰問金/獎助學金、向私人,question_options_106.csv,103 起拆出私人移轉類收入。 103基準題號：I5。,mapping_relation=exact_range; total_rule=source_question
build_income_expenditure_crosswalk.py,INC_FAM_TRANSFER,家庭收入,INC_FAM_TRANSFER,家庭私人移轉/禮金/救濟收入,range_overlap,2017,106,L5,I5,1,11,"20,000元-未滿30,000元",11,"20,000-29,999 元",exact_range,包含經濟戶長本人，全家每個月接受「紅白包禮金、私人發給救濟金/慰問金/獎助學金、向私人,question_options_106.csv,103 起拆出私人移轉類收入。 103基準題號：I5。,mapping_relation=exact_range; total_rule=source_question
build_income_expenditure_crosswalk.py,INC_FAM_TRANSFER,家庭收入,INC_FAM_TRANSFER,家庭私人移轉/禮金/救濟收入,range_overlap,2017,106,L5,I5,1,12,"30,000 元以上，請記錄________元",12,"30,000 元及以上，請記錄________元",exact_open_upper,包含經濟戶長本人，全家每個月接受「紅白包禮金、私人發給救濟金/慰問金/獎助學金、向私人,question_options_106.csv,103 起拆出私人移轉類收入。 103基準題號：I5。,mapping_relation=exact_open_upper; total_rule=source_question
build_income_expenditure_crosswalk.py,INC_FAM_TRANSFER,家庭收入,INC_FAM_TRANSFER,家庭私人移轉/禮金/救濟收入,range_overlap,2017,106,L5,I5,1,13,沒有這項收入,13,沒有這項收入,exact_none,包含經濟戶長本人，全家每個月接受「紅白包禮金、私人發給救濟金/慰問金/獎助學金、向私人,question_options_106.csv,103 起拆出私人移轉類收入。 103基準題號：I5。,mapping_relation=exact_none; total_rule=source_question
build_income_expenditure_crosswalk.py,INC_FAM_TRANSFER,家庭收入,INC_FAM_TRANSFER,家庭私人移轉/禮金/救濟收入,range_overlap,2021,110,G5,I5,1,1,"未滿1,000元",1,999 元及以下,exact_range,包含經濟戶長本人，全家每個月接受「紅白包禮金、私人發給救濟金/慰問金/獎助學金、向私人,question_options_110.csv,103 起拆出私人移轉類收入。 103基準題號：I5。,mapping_relation=exact_range; total_rule=source_question
build_income_expenditure_crosswalk.py,INC_FAM_TRANSFER,家庭收入,INC_FAM_TRANSFER,家庭私人移轉/禮金/救濟收入,range_overlap,2021,110,G5,I5,1,2,"1,000 元-未滿2,000元",2,"1,000-1,999 元",exact_range,包含經濟戶長本人，全家每個月接受「紅白包禮金、私人發給救濟金/慰問金/獎助學金、向私人,question_options_110.csv,103 起拆出私人移轉類收入。 103基準題號：I5。,mapping_relation=exact_range; total_rule=source_question
build_income_expenditure_crosswalk.py,INC_FAM_TRANSFER,家庭收入,INC_FAM_TRANSFER,家庭私人移轉/禮金/救濟收入,range_overlap,2021,110,G5,I5,1,3,"2,000 元-未滿3,000元",3,"2,000-2,999 元",exact_range,包含經濟戶長本人，全家每個月接受「紅白包禮金、私人發給救濟金/慰問金/獎助學金、向私人,question_options_110.csv,103 起拆出私人移轉類收入。 103基準題號：I5。,mapping_relation=exact_range; total_rule=source_question
build_income_expenditure_crosswalk.py,INC_FAM_TRANSFER,家庭收入,INC_FAM_TRANSFER,家庭私人移轉/禮金/救濟收入,range_overlap,2021,110,G5,I5,1,4,"3,000 元-未滿4,000元",4,"3,000-3,999 元",exact_range,包含經濟戶長本人，全家每個月接受「紅白包禮金、私人發給救濟金/慰問金/獎助學金、向私人,question_options_110.csv,103 起拆出私人移轉類收入。 103基準題號：I5。,mapping_relation=exact_range; total_rule=source_question
build_income_expenditure_crosswalk.py,INC_FAM_TRANSFER,家庭收入,INC_FAM_TRANSFER,家庭私人移轉/禮金/救濟收入,range_overlap,2021,110,G5,I5,1,5,"4,000 元-未滿5,000元",5,"4,000-4,999 元",exact_range,包含經濟戶長本人，全家每個月接受「紅白包禮金、私人發給救濟金/慰問金/獎助學金、向私人,question_options_110.csv,103 起拆出私人移轉類收入。 103基準題號：I5。,mapping_relation=exact_range; total_rule=source_question
build_income_expenditure_crosswalk.py,INC_FAM_TRANSFER,家庭收入,INC_FAM_TRANSFER,家庭私人移轉/禮金/救濟收入,range_overlap,2021,110,G5,I5,1,6,"5,000 元-未滿6,000元",6,"5,000-5,999 元",exact_range,包含經濟戶長本人，全家每個月接受「紅白包禮金、私人發給救濟金/慰問金/獎助學金、向私人,question_options_110.csv,103 起拆出私人移轉類收入。 103基準題號：I5。,mapping_relation=exact_range; total_rule=source_question
build_income_expenditure_crosswalk.py,INC_FAM_TRANSFER,家庭收入,INC_FAM_TRANSFER,家庭私人移轉/禮金/救濟收入,range_overlap,2021,110,G5,I5,1,7,"6,000 元-未滿8,000元",7,"6,000-7,999 元",exact_range,包含經濟戶長本人，全家每個月接受「紅白包禮金、私人發給救濟金/慰問金/獎助學金、向私人,question_options_110.csv,103 起拆出私人移轉類收入。 103基準題號：I5。,mapping_relation=exact_range; total_rule=source_question
build_income_expenditure_crosswalk.py,INC_FAM_TRANSFER,家庭收入,INC_FAM_TRANSFER,家庭私人移轉/禮金/救濟收入,range_overlap,2021,110,G5,I5,1,8,"8,000 元-未滿10,000元",8,"8,000-9,999 元",exact_range,包含經濟戶長本人，全家每個月接受「紅白包禮金、私人發給救濟金/慰問金/獎助學金、向私人,question_options_110.csv,103 起拆出私人移轉類收入。 103基準題號：I5。,mapping_relation=exact_range; total_rule=source_question
build_income_expenditure_crosswalk.py,INC_FAM_TRANSFER,家庭收入,INC_FAM_TRANSFER,家庭私人移轉/禮金/救濟收入,range_overlap,2021,110,G5,I5,1,9,"10,000 元-未滿15,000元",9,"10,000-14,999 元",exact_range,包含經濟戶長本人，全家每個月接受「紅白包禮金、私人發給救濟金/慰問金/獎助學金、向私人,question_options_110.csv,103 起拆出私人移轉類收入。 103基準題號：I5。,mapping_relation=exact_range; total_rule=source_question
build_income_expenditure_crosswalk.py,INC_FAM_TRANSFER,家庭收入,INC_FAM_TRANSFER,家庭私人移轉/禮金/救濟收入,range_overlap,2021,110,G5,I5,1,10,"15,000 元-未滿20,000元",10,"15,000-19,999 元",exact_range,包含經濟戶長本人，全家每個月接受「紅白包禮金、私人發給救濟金/慰問金/獎助學金、向私人,question_options_110.csv,103 起拆出私人移轉類收入。 103基準題號：I5。,mapping_relation=exact_range; total_rule=source_question
build_income_expenditure_crosswalk.py,INC_FAM_TRANSFER,家庭收入,INC_FAM_TRANSFER,家庭私人移轉/禮金/救濟收入,range_overlap,2021,110,G5,I5,1,11,"20,000元-未滿30,000元",11,"20,000-29,999 元",exact_range,包含經濟戶長本人，全家每個月接受「紅白包禮金、私人發給救濟金/慰問金/獎助學金、向私人,question_options_110.csv,103 起拆出私人移轉類收入。 103基準題號：I5。,mapping_relation=exact_range; total_rule=source_question
build_income_expenditure_crosswalk.py,INC_FAM_TRANSFER,家庭收入,INC_FAM_TRANSFER,家庭私人移轉/禮金/救濟收入,range_overlap,2021,110,G5,I5,1,12,"30,000 元以上，請記錄________元",12,"30,000 元及以上，請記錄________元",exact_open_upper,包含經濟戶長本人，全家每個月接受「紅白包禮金、私人發給救濟金/慰問金/獎助學金、向私人,question_options_110.csv,103 起拆出私人移轉類收入。 103基準題號：I5。,mapping_relation=exact_open_upper; total_rule=source_question
build_income_expenditure_crosswalk.py,INC_FAM_TRANSFER,家庭收入,INC_FAM_TRANSFER,家庭私人移轉/禮金/救濟收入,range_overlap,2021,110,G5,I5,1,13,沒有這項收入,13,沒有這項收入,exact_none,包含經濟戶長本人，全家每個月接受「紅白包禮金、私人發給救濟金/慰問金/獎助學金、向私人,question_options_110.csv,103 起拆出私人移轉類收入。 103基準題號：I5。,mapping_relation=exact_none; total_rule=source_question
build_income_expenditure_crosswalk.py,INC_FAM_INTEREST,家庭收入,INC_FAM_INTEREST,家庭利息與投資收入,question_not_available,2002,91_1,,I6,,,,,,not_available_in_source_dataset,,question_options_91_1.csv,91 無獨立家庭利息投資題。 103基準題號：I6。,mapping_relation=not_available_in_source_dataset; total_rule=source_question
build_income_expenditure_crosswalk.py,INC_FAM_INTEREST,家庭收入,INC_FAM_INTEREST,家庭利息與投資收入,question_not_available,2002,91_2,,I6,,,,,,not_available_in_source_dataset,,question_options_91_2.csv,91 無獨立家庭利息投資題。 103基準題號：I6。,mapping_relation=not_available_in_source_dataset; total_rule=source_question
build_income_expenditure_crosswalk.py,INC_FAM_INTEREST,家庭收入,INC_FAM_INTEREST,家庭利息與投資收入,range_overlap,2006,95,Q11-3,I6,1,1,"4,999元及以下",1,"4,999元及以下",source_bin_preserved_for_numeric_recode,包含您本人，全家每個月的「利息、股票買賣、跟會標會、各種投資」總,question_options_95.csv,91 無獨立家庭利息投資題。 103基準題號：I6。,mapping_relation=source_bin_spans_multiple_base_bins; total_rule=source_question
build_income_expenditure_crosswalk.py,INC_FAM_INTEREST,家庭收入,INC_FAM_INTEREST,家庭利息與投資收入,range_overlap,2006,95,Q11-3,I6,1,2,"5,000-9,999元",2,"5,000-9,999元",source_bin_preserved_for_numeric_recode,包含您本人，全家每個月的「利息、股票買賣、跟會標會、各種投資」總,question_options_95.csv,91 無獨立家庭利息投資題。 103基準題號：I6。,mapping_relation=source_bin_spans_multiple_base_bins; total_rule=source_question
build_income_expenditure_crosswalk.py,INC_FAM_INTEREST,家庭收入,INC_FAM_INTEREST,家庭利息與投資收入,range_overlap,2006,95,Q11-3,I6,1,3,"10,000-14,999 元",9,"10,000-14,999 元",exact_range,包含您本人，全家每個月的「利息、股票買賣、跟會標會、各種投資」總,question_options_95.csv,91 無獨立家庭利息投資題。 103基準題號：I6。,mapping_relation=exact_range; total_rule=source_question
build_income_expenditure_crosswalk.py,INC_FAM_INTEREST,家庭收入,INC_FAM_INTEREST,家庭利息與投資收入,range_overlap,2006,95,Q11-3,I6,1,4,"15,000-19,999元",10,"15,000-19,999 元",exact_range,包含您本人，全家每個月的「利息、股票買賣、跟會標會、各種投資」總,question_options_95.csv,91 無獨立家庭利息投資題。 103基準題號：I6。,mapping_relation=exact_range; total_rule=source_question
build_income_expenditure_crosswalk.py,INC_FAM_INTEREST,家庭收入,INC_FAM_INTEREST,家庭利息與投資收入,range_overlap,2006,95,Q11-3,I6,1,5,"20,000-24,999 元",11,"20,000-29,999 元",source_bin_within_base_bin,包含您本人，全家每個月的「利息、股票買賣、跟會標會、各種投資」總,question_options_95.csv,91 無獨立家庭利息投資題。 103基準題號：I6。,mapping_relation=source_bin_within_base_bin; total_rule=source_question
build_income_expenditure_crosswalk.py,INC_FAM_INTEREST,家庭收入,INC_FAM_INTEREST,家庭利息與投資收入,range_overlap,2006,95,Q11-3,I6,1,6,"25,000-29,999元",11,"20,000-29,999 元",source_bin_within_base_bin,包含您本人，全家每個月的「利息、股票買賣、跟會標會、各種投資」總,question_options_95.csv,91 無獨立家庭利息投資題。 103基準題號：I6。,mapping_relation=source_bin_within_base_bin; total_rule=source_question
build_income_expenditure_crosswalk.py,INC_FAM_INTEREST,家庭收入,INC_FAM_INTEREST,家庭利息與投資收入,range_overlap,2006,95,Q11-3,I6,1,7,"30,000-39,999 元",12,"30,000 元及以上，請記錄________元",source_bin_within_base_bin,包含您本人，全家每個月的「利息、股票買賣、跟會標會、各種投資」總,question_options_95.csv,91 無獨立家庭利息投資題。 103基準題號：I6。,mapping_relation=source_bin_within_base_bin; total_rule=source_question
build_income_expenditure_crosswalk.py,INC_FAM_INTEREST,家庭收入,INC_FAM_INTEREST,家庭利息與投資收入,range_overlap,2006,95,Q11-3,I6,1,8,"40,000-49,999元",12,"30,000 元及以上，請記錄________元",source_bin_within_base_bin,包含您本人，全家每個月的「利息、股票買賣、跟會標會、各種投資」總,question_options_95.csv,91 無獨立家庭利息投資題。 103基準題號：I6。,mapping_relation=source_bin_within_base_bin; total_rule=source_question
build_income_expenditure_crosswalk.py,INC_FAM_INTEREST,家庭收入,INC_FAM_INTEREST,家庭利息與投資收入,range_overlap,2006,95,Q11-3,I6,1,9,"50,000-59,999 元",12,"30,000 元及以上，請記錄________元",source_bin_within_base_bin,包含您本人，全家每個月的「利息、股票買賣、跟會標會、各種投資」總,question_options_95.csv,91 無獨立家庭利息投資題。 103基準題號：I6。,mapping_relation=source_bin_within_base_bin; total_rule=source_question
build_income_expenditure_crosswalk.py,INC_FAM_INTEREST,家庭收入,INC_FAM_INTEREST,家庭利息與投資收入,range_overlap,2006,95,Q11-3,I6,2,9,"70,000-79,999 元",12,"30,000 元及以上，請記錄________元",source_bin_within_base_bin,包含您本人，全家每個月的「利息、股票買賣、跟會標會、各種投資」總,question_options_95.csv,91 無獨立家庭利息投資題。 103基準題號：I6。,mapping_relation=source_bin_within_base_bin; total_rule=source_question
build_income_expenditure_crosswalk.py,INC_FAM_INTEREST,家庭收入,INC_FAM_INTEREST,家庭利息與投資收入,range_overlap,2006,95,Q11-3,I6,1,10,"60,000-69,999元 7",12,"30,000 元及以上，請記錄________元",source_bin_within_base_bin,包含您本人，全家每個月的「利息、股票買賣、跟會標會、各種投資」總,question_options_95.csv,91 無獨立家庭利息投資題。 103基準題號：I6。,mapping_relation=source_bin_within_base_bin; total_rule=source_question
build_income_expenditure_crosswalk.py,INC_FAM_INTEREST,家庭收入,INC_FAM_INTEREST,家庭利息與投資收入,range_overlap,2006,95,Q11-3,I6,1,90,"80,000 元及以上，請記錄 元",12,"30,000 元及以上，請記錄________元",source_bin_within_base_bin,包含您本人，全家每個月的「利息、股票買賣、跟會標會、各種投資」總,question_options_95.csv,91 無獨立家庭利息投資題。 103基準題號：I6。,mapping_relation=source_bin_within_base_bin; total_rule=source_question
build_income_expenditure_crosswalk.py,INC_FAM_INTEREST,家庭收入,INC_FAM_INTEREST,家庭利息與投資收入,range_overlap,2006,95,Q11-3,I6,1,95,沒有這項收入,13,沒有這項收入,exact_none,包含您本人，全家每個月的「利息、股票買賣、跟會標會、各種投資」總,question_options_95.csv,91 無獨立家庭利息投資題。 103基準題號：I6。,mapping_relation=exact_none; total_rule=source_question
build_income_expenditure_crosswalk.py,INC_FAM_INTEREST,家庭收入,INC_FAM_INTEREST,家庭利息與投資收入,range_overlap,2010,99,I4,I6,1,1,999 元及以下,1,999 元及以下,exact_range,包含您本人，全家每個月的「利息、股票買賣、跟會標會、各種投資」總收入是多少？【過去,question_options_99.csv,91 無獨立家庭利息投資題。 103基準題號：I6。,mapping_relation=exact_range; total_rule=source_question
build_income_expenditure_crosswalk.py,INC_FAM_INTEREST,家庭收入,INC_FAM_INTEREST,家庭利息與投資收入,range_overlap,2010,99,I4,I6,1,2,"1,000-1,999 元",2,"1,000-1,999 元",exact_range,包含您本人，全家每個月的「利息、股票買賣、跟會標會、各種投資」總收入是多少？【過去,question_options_99.csv,91 無獨立家庭利息投資題。 103基準題號：I6。,mapping_relation=exact_range; total_rule=source_question
build_income_expenditure_crosswalk.py,INC_FAM_INTEREST,家庭收入,INC_FAM_INTEREST,家庭利息與投資收入,range_overlap,2010,99,I4,I6,1,3,"2,000-2,999 元",3,"2,000-2,999 元",exact_range,包含您本人，全家每個月的「利息、股票買賣、跟會標會、各種投資」總收入是多少？【過去,question_options_99.csv,91 無獨立家庭利息投資題。 103基準題號：I6。,mapping_relation=exact_range; total_rule=source_question
build_income_expenditure_crosswalk.py,INC_FAM_INTEREST,家庭收入,INC_FAM_INTEREST,家庭利息與投資收入,range_overlap,2010,99,I4,I6,1,4,"3,000-3,999 元",4,"3,000-3,999 元",exact_range,包含您本人，全家每個月的「利息、股票買賣、跟會標會、各種投資」總收入是多少？【過去,question_options_99.csv,91 無獨立家庭利息投資題。 103基準題號：I6。,mapping_relation=exact_range; total_rule=source_question
build_income_expenditure_crosswalk.py,INC_FAM_INTEREST,家庭收入,INC_FAM_INTEREST,家庭利息與投資收入,range_overlap,2010,99,I4,I6,1,5,"4,000-4,999 元",5,"4,000-4,999 元",exact_range,包含您本人，全家每個月的「利息、股票買賣、跟會標會、各種投資」總收入是多少？【過去,question_options_99.csv,91 無獨立家庭利息投資題。 103基準題號：I6。,mapping_relation=exact_range; total_rule=source_question
build_income_expenditure_crosswalk.py,INC_FAM_INTEREST,家庭收入,INC_FAM_INTEREST,家庭利息與投資收入,range_overlap,2010,99,I4,I6,1,6,"5,000-5,999 元",6,"5,000-5,999 元",exact_range,包含您本人，全家每個月的「利息、股票買賣、跟會標會、各種投資」總收入是多少？【過去,question_options_99.csv,91 無獨立家庭利息投資題。 103基準題號：I6。,mapping_relation=exact_range; total_rule=source_question
build_income_expenditure_crosswalk.py,INC_FAM_INTEREST,家庭收入,INC_FAM_INTEREST,家庭利息與投資收入,range_overlap,2010,99,I4,I6,1,7,"6,000-7,999 元",7,"6,000-7,999 元",exact_range,包含您本人，全家每個月的「利息、股票買賣、跟會標會、各種投資」總收入是多少？【過去,question_options_99.csv,91 無獨立家庭利息投資題。 103基準題號：I6。,mapping_relation=exact_range; total_rule=source_question
build_income_expenditure_crosswalk.py,INC_FAM_INTEREST,家庭收入,INC_FAM_INTEREST,家庭利息與投資收入,range_overlap,2010,99,I4,I6,1,8,"8,000-9,999 元",8,"8,000-9,999 元",exact_range,包含您本人，全家每個月的「利息、股票買賣、跟會標會、各種投資」總收入是多少？【過去,question_options_99.csv,91 無獨立家庭利息投資題。 103基準題號：I6。,mapping_relation=exact_range; total_rule=source_question
build_income_expenditure_crosswalk.py,INC_FAM_INTEREST,家庭收入,INC_FAM_INTEREST,家庭利息與投資收入,range_overlap,2010,99,I4,I6,1,9,"10,000-14,999 元",9,"10,000-14,999 元",exact_range,包含您本人，全家每個月的「利息、股票買賣、跟會標會、各種投資」總收入是多少？【過去,question_options_99.csv,91 無獨立家庭利息投資題。 103基準題號：I6。,mapping_relation=exact_range; total_rule=source_question
build_income_expenditure_crosswalk.py,INC_FAM_INTEREST,家庭收入,INC_FAM_INTEREST,家庭利息與投資收入,range_overlap,2010,99,I4,I6,1,10,"15,000-19,999 元",10,"15,000-19,999 元",exact_range,包含您本人，全家每個月的「利息、股票買賣、跟會標會、各種投資」總收入是多少？【過去,question_options_99.csv,91 無獨立家庭利息投資題。 103基準題號：I6。,mapping_relation=exact_range; total_rule=source_question
build_income_expenditure_crosswalk.py,INC_FAM_INTEREST,家庭收入,INC_FAM_INTEREST,家庭利息與投資收入,range_overlap,2010,99,I4,I6,1,11,"20,000-29,999 元",11,"20,000-29,999 元",exact_range,包含您本人，全家每個月的「利息、股票買賣、跟會標會、各種投資」總收入是多少？【過去,question_options_99.csv,91 無獨立家庭利息投資題。 103基準題號：I6。,mapping_relation=exact_range; total_rule=source_question
build_income_expenditure_crosswalk.py,INC_FAM_INTEREST,家庭收入,INC_FAM_INTEREST,家庭利息與投資收入,range_overlap,2010,99,I4,I6,1,12,"30,000 元及以上，請記錄 元",12,"30,000 元及以上，請記錄________元",exact_open_upper,包含您本人，全家每個月的「利息、股票買賣、跟會標會、各種投資」總收入是多少？【過去,question_options_99.csv,91 無獨立家庭利息投資題。 103基準題號：I6。,mapping_relation=exact_open_upper; total_rule=source_question
build_income_expenditure_crosswalk.py,INC_FAM_INTEREST,家庭收入,INC_FAM_INTEREST,家庭利息與投資收入,range_overlap,2010,99,I4,I6,1,13,沒有這項收入,13,沒有這項收入,exact_none,包含您本人，全家每個月的「利息、股票買賣、跟會標會、各種投資」總收入是多少？【過去,question_options_99.csv,91 無獨立家庭利息投資題。 103基準題號：I6。,mapping_relation=exact_none; total_rule=source_question
build_income_expenditure_crosswalk.py,INC_FAM_INTEREST,家庭收入,INC_FAM_INTEREST,家庭利息與投資收入,range_overlap,2014,103,I6,I6,1,1,999 元及以下,1,999 元及以下,exact_range,包含您本人，全家每個月的「存款利息、跟會利息、股票利息、各種投資利息」總收入是多少？,question_options_103.csv,91 無獨立家庭利息投資題。 103基準題號：I6。,mapping_relation=exact_range; total_rule=source_question
build_income_expenditure_crosswalk.py,INC_FAM_INTEREST,家庭收入,INC_FAM_INTEREST,家庭利息與投資收入,range_overlap,2014,103,I6,I6,1,2,"1,000-1,999 元",2,"1,000-1,999 元",exact_range,包含您本人，全家每個月的「存款利息、跟會利息、股票利息、各種投資利息」總收入是多少？,question_options_103.csv,91 無獨立家庭利息投資題。 103基準題號：I6。,mapping_relation=exact_range; total_rule=source_question
build_income_expenditure_crosswalk.py,INC_FAM_INTEREST,家庭收入,INC_FAM_INTEREST,家庭利息與投資收入,range_overlap,2014,103,I6,I6,1,3,"2,000-2,999 元",3,"2,000-2,999 元",exact_range,包含您本人，全家每個月的「存款利息、跟會利息、股票利息、各種投資利息」總收入是多少？,question_options_103.csv,91 無獨立家庭利息投資題。 103基準題號：I6。,mapping_relation=exact_range; total_rule=source_question
build_income_expenditure_crosswalk.py,INC_FAM_INTEREST,家庭收入,INC_FAM_INTEREST,家庭利息與投資收入,range_overlap,2014,103,I6,I6,1,4,"3,000-3,999 元",4,"3,000-3,999 元",exact_range,包含您本人，全家每個月的「存款利息、跟會利息、股票利息、各種投資利息」總收入是多少？,question_options_103.csv,91 無獨立家庭利息投資題。 103基準題號：I6。,mapping_relation=exact_range; total_rule=source_question
build_income_expenditure_crosswalk.py,INC_FAM_INTEREST,家庭收入,INC_FAM_INTEREST,家庭利息與投資收入,range_overlap,2014,103,I6,I6,1,5,"4,000-4,999 元",5,"4,000-4,999 元",exact_range,包含您本人，全家每個月的「存款利息、跟會利息、股票利息、各種投資利息」總收入是多少？,question_options_103.csv,91 無獨立家庭利息投資題。 103基準題號：I6。,mapping_relation=exact_range; total_rule=source_question
build_income_expenditure_crosswalk.py,INC_FAM_INTEREST,家庭收入,INC_FAM_INTEREST,家庭利息與投資收入,range_overlap,2014,103,I6,I6,1,6,"5,000-5,999 元",6,"5,000-5,999 元",exact_range,包含您本人，全家每個月的「存款利息、跟會利息、股票利息、各種投資利息」總收入是多少？,question_options_103.csv,91 無獨立家庭利息投資題。 103基準題號：I6。,mapping_relation=exact_range; total_rule=source_question
build_income_expenditure_crosswalk.py,INC_FAM_INTEREST,家庭收入,INC_FAM_INTEREST,家庭利息與投資收入,range_overlap,2014,103,I6,I6,1,7,"6,000-7,999 元",7,"6,000-7,999 元",exact_range,包含您本人，全家每個月的「存款利息、跟會利息、股票利息、各種投資利息」總收入是多少？,question_options_103.csv,91 無獨立家庭利息投資題。 103基準題號：I6。,mapping_relation=exact_range; total_rule=source_question
build_income_expenditure_crosswalk.py,INC_FAM_INTEREST,家庭收入,INC_FAM_INTEREST,家庭利息與投資收入,range_overlap,2014,103,I6,I6,1,8,"8,000-9,999 元",8,"8,000-9,999 元",exact_range,包含您本人，全家每個月的「存款利息、跟會利息、股票利息、各種投資利息」總收入是多少？,question_options_103.csv,91 無獨立家庭利息投資題。 103基準題號：I6。,mapping_relation=exact_range; total_rule=source_question
build_income_expenditure_crosswalk.py,INC_FAM_INTEREST,家庭收入,INC_FAM_INTEREST,家庭利息與投資收入,range_overlap,2014,103,I6,I6,1,9,"10,000-14,999 元",9,"10,000-14,999 元",exact_range,包含您本人，全家每個月的「存款利息、跟會利息、股票利息、各種投資利息」總收入是多少？,question_options_103.csv,91 無獨立家庭利息投資題。 103基準題號：I6。,mapping_relation=exact_range; total_rule=source_question
build_income_expenditure_crosswalk.py,INC_FAM_INTEREST,家庭收入,INC_FAM_INTEREST,家庭利息與投資收入,range_overlap,2014,103,I6,I6,1,10,"15,000-19,999 元",10,"15,000-19,999 元",exact_range,包含您本人，全家每個月的「存款利息、跟會利息、股票利息、各種投資利息」總收入是多少？,question_options_103.csv,91 無獨立家庭利息投資題。 103基準題號：I6。,mapping_relation=exact_range; total_rule=source_question
build_income_expenditure_crosswalk.py,INC_FAM_INTEREST,家庭收入,INC_FAM_INTEREST,家庭利息與投資收入,range_overlap,2014,103,I6,I6,1,11,"20,000-29,999 元",11,"20,000-29,999 元",exact_range,包含您本人，全家每個月的「存款利息、跟會利息、股票利息、各種投資利息」總收入是多少？,question_options_103.csv,91 無獨立家庭利息投資題。 103基準題號：I6。,mapping_relation=exact_range; total_rule=source_question
build_income_expenditure_crosswalk.py,INC_FAM_INTEREST,家庭收入,INC_FAM_INTEREST,家庭利息與投資收入,range_overlap,2014,103,I6,I6,1,12,"30,000 元及以上，請記錄________元",12,"30,000 元及以上，請記錄________元",exact_open_upper,包含您本人，全家每個月的「存款利息、跟會利息、股票利息、各種投資利息」總收入是多少？,question_options_103.csv,91 無獨立家庭利息投資題。 103基準題號：I6。,mapping_relation=exact_open_upper; total_rule=source_question
build_income_expenditure_crosswalk.py,INC_FAM_INTEREST,家庭收入,INC_FAM_INTEREST,家庭利息與投資收入,range_overlap,2014,103,I6,I6,1,13,沒有這項收入,13,沒有這項收入,exact_none,包含您本人，全家每個月的「存款利息、跟會利息、股票利息、各種投資利息」總收入是多少？,question_options_103.csv,91 無獨立家庭利息投資題。 103基準題號：I6。,mapping_relation=exact_none; total_rule=source_question
build_income_expenditure_crosswalk.py,INC_FAM_INTEREST,家庭收入,INC_FAM_INTEREST,家庭利息與投資收入,range_overlap,2017,106,L6,I6,1,1,"未滿1,000元",1,999 元及以下,exact_range,包含經濟戶長本人，全家每個月的「存款利息、跟會利息、股票利息、各種投資利息」總收入是,question_options_106.csv,91 無獨立家庭利息投資題。 103基準題號：I6。,mapping_relation=exact_range; total_rule=source_question
build_income_expenditure_crosswalk.py,INC_FAM_INTEREST,家庭收入,INC_FAM_INTEREST,家庭利息與投資收入,range_overlap,2017,106,L6,I6,1,2,"1,000 元-未滿2,000元",2,"1,000-1,999 元",exact_range,包含經濟戶長本人，全家每個月的「存款利息、跟會利息、股票利息、各種投資利息」總收入是,question_options_106.csv,91 無獨立家庭利息投資題。 103基準題號：I6。,mapping_relation=exact_range; total_rule=source_question
build_income_expenditure_crosswalk.py,INC_FAM_INTEREST,家庭收入,INC_FAM_INTEREST,家庭利息與投資收入,range_overlap,2017,106,L6,I6,1,3,"2,000 元-未滿3,000元",3,"2,000-2,999 元",exact_range,包含經濟戶長本人，全家每個月的「存款利息、跟會利息、股票利息、各種投資利息」總收入是,question_options_106.csv,91 無獨立家庭利息投資題。 103基準題號：I6。,mapping_relation=exact_range; total_rule=source_question
build_income_expenditure_crosswalk.py,INC_FAM_INTEREST,家庭收入,INC_FAM_INTEREST,家庭利息與投資收入,range_overlap,2017,106,L6,I6,1,4,"3,000 元-未滿4,000元",4,"3,000-3,999 元",exact_range,包含經濟戶長本人，全家每個月的「存款利息、跟會利息、股票利息、各種投資利息」總收入是,question_options_106.csv,91 無獨立家庭利息投資題。 103基準題號：I6。,mapping_relation=exact_range; total_rule=source_question
build_income_expenditure_crosswalk.py,INC_FAM_INTEREST,家庭收入,INC_FAM_INTEREST,家庭利息與投資收入,range_overlap,2017,106,L6,I6,1,5,"4,000 元-未滿5,000元",5,"4,000-4,999 元",exact_range,包含經濟戶長本人，全家每個月的「存款利息、跟會利息、股票利息、各種投資利息」總收入是,question_options_106.csv,91 無獨立家庭利息投資題。 103基準題號：I6。,mapping_relation=exact_range; total_rule=source_question
build_income_expenditure_crosswalk.py,INC_FAM_INTEREST,家庭收入,INC_FAM_INTEREST,家庭利息與投資收入,range_overlap,2017,106,L6,I6,1,6,"5,000 元-未滿6,000元",6,"5,000-5,999 元",exact_range,包含經濟戶長本人，全家每個月的「存款利息、跟會利息、股票利息、各種投資利息」總收入是,question_options_106.csv,91 無獨立家庭利息投資題。 103基準題號：I6。,mapping_relation=exact_range; total_rule=source_question
build_income_expenditure_crosswalk.py,INC_FAM_INTEREST,家庭收入,INC_FAM_INTEREST,家庭利息與投資收入,range_overlap,2017,106,L6,I6,1,7,"6,000 元-未滿8,000元",7,"6,000-7,999 元",exact_range,包含經濟戶長本人，全家每個月的「存款利息、跟會利息、股票利息、各種投資利息」總收入是,question_options_106.csv,91 無獨立家庭利息投資題。 103基準題號：I6。,mapping_relation=exact_range; total_rule=source_question
build_income_expenditure_crosswalk.py,INC_FAM_INTEREST,家庭收入,INC_FAM_INTEREST,家庭利息與投資收入,range_overlap,2017,106,L6,I6,1,8,"8,000 元-未滿10,000元",8,"8,000-9,999 元",exact_range,包含經濟戶長本人，全家每個月的「存款利息、跟會利息、股票利息、各種投資利息」總收入是,question_options_106.csv,91 無獨立家庭利息投資題。 103基準題號：I6。,mapping_relation=exact_range; total_rule=source_question
build_income_expenditure_crosswalk.py,INC_FAM_INTEREST,家庭收入,INC_FAM_INTEREST,家庭利息與投資收入,range_overlap,2017,106,L6,I6,1,9,"10,000元-未滿15,000元",9,"10,000-14,999 元",exact_range,包含經濟戶長本人，全家每個月的「存款利息、跟會利息、股票利息、各種投資利息」總收入是,question_options_106.csv,91 無獨立家庭利息投資題。 103基準題號：I6。,mapping_relation=exact_range; total_rule=source_question
build_income_expenditure_crosswalk.py,INC_FAM_INTEREST,家庭收入,INC_FAM_INTEREST,家庭利息與投資收入,range_overlap,2017,106,L6,I6,1,10,"15,000元-未滿20,000元",10,"15,000-19,999 元",exact_range,包含經濟戶長本人，全家每個月的「存款利息、跟會利息、股票利息、各種投資利息」總收入是,question_options_106.csv,91 無獨立家庭利息投資題。 103基準題號：I6。,mapping_relation=exact_range; total_rule=source_question
build_income_expenditure_crosswalk.py,INC_FAM_INTEREST,家庭收入,INC_FAM_INTEREST,家庭利息與投資收入,range_overlap,2017,106,L6,I6,1,11,"20,000元-未滿30,000元",11,"20,000-29,999 元",exact_range,包含經濟戶長本人，全家每個月的「存款利息、跟會利息、股票利息、各種投資利息」總收入是,question_options_106.csv,91 無獨立家庭利息投資題。 103基準題號：I6。,mapping_relation=exact_range; total_rule=source_question
build_income_expenditure_crosswalk.py,INC_FAM_INTEREST,家庭收入,INC_FAM_INTEREST,家庭利息與投資收入,range_overlap,2017,106,L6,I6,1,12,"30,000元以上，請記錄________元",12,"30,000 元及以上，請記錄________元",exact_open_upper,包含經濟戶長本人，全家每個月的「存款利息、跟會利息、股票利息、各種投資利息」總收入是,question_options_106.csv,91 無獨立家庭利息投資題。 103基準題號：I6。,mapping_relation=exact_open_upper; total_rule=source_question
build_income_expenditure_crosswalk.py,INC_FAM_INTEREST,家庭收入,INC_FAM_INTEREST,家庭利息與投資收入,range_overlap,2017,106,L6,I6,1,13,沒有這項收入,13,沒有這項收入,exact_none,包含經濟戶長本人，全家每個月的「存款利息、跟會利息、股票利息、各種投資利息」總收入是,question_options_106.csv,91 無獨立家庭利息投資題。 103基準題號：I6。,mapping_relation=exact_none; total_rule=source_question
build_income_expenditure_crosswalk.py,INC_FAM_INTEREST,家庭收入,INC_FAM_INTEREST,家庭利息與投資收入,range_overlap,2021,110,G6,I6,1,1,"未滿1,000元",1,999 元及以下,exact_range,包含經濟戶長本人，全家每個月的「存款利息、跟會利息、股票利息、各種投資利息」總收入是,question_options_110.csv,91 無獨立家庭利息投資題。 103基準題號：I6。,mapping_relation=exact_range; total_rule=source_question
build_income_expenditure_crosswalk.py,INC_FAM_INTEREST,家庭收入,INC_FAM_INTEREST,家庭利息與投資收入,range_overlap,2021,110,G6,I6,1,2,"1,000 元-未滿2,000元",2,"1,000-1,999 元",exact_range,包含經濟戶長本人，全家每個月的「存款利息、跟會利息、股票利息、各種投資利息」總收入是,question_options_110.csv,91 無獨立家庭利息投資題。 103基準題號：I6。,mapping_relation=exact_range; total_rule=source_question
build_income_expenditure_crosswalk.py,INC_FAM_INTEREST,家庭收入,INC_FAM_INTEREST,家庭利息與投資收入,range_overlap,2021,110,G6,I6,1,3,"2,000 元-未滿3,000元",3,"2,000-2,999 元",exact_range,包含經濟戶長本人，全家每個月的「存款利息、跟會利息、股票利息、各種投資利息」總收入是,question_options_110.csv,91 無獨立家庭利息投資題。 103基準題號：I6。,mapping_relation=exact_range; total_rule=source_question
build_income_expenditure_crosswalk.py,INC_FAM_INTEREST,家庭收入,INC_FAM_INTEREST,家庭利息與投資收入,range_overlap,2021,110,G6,I6,1,4,"3,000 元-未滿4,000元",4,"3,000-3,999 元",exact_range,包含經濟戶長本人，全家每個月的「存款利息、跟會利息、股票利息、各種投資利息」總收入是,question_options_110.csv,91 無獨立家庭利息投資題。 103基準題號：I6。,mapping_relation=exact_range; total_rule=source_question
build_income_expenditure_crosswalk.py,INC_FAM_INTEREST,家庭收入,INC_FAM_INTEREST,家庭利息與投資收入,range_overlap,2021,110,G6,I6,1,5,"4,000 元-未滿5,000元",5,"4,000-4,999 元",exact_range,包含經濟戶長本人，全家每個月的「存款利息、跟會利息、股票利息、各種投資利息」總收入是,question_options_110.csv,91 無獨立家庭利息投資題。 103基準題號：I6。,mapping_relation=exact_range; total_rule=source_question
build_income_expenditure_crosswalk.py,INC_FAM_INTEREST,家庭收入,INC_FAM_INTEREST,家庭利息與投資收入,range_overlap,2021,110,G6,I6,1,6,"5,000 元-未滿6,000元",6,"5,000-5,999 元",exact_range,包含經濟戶長本人，全家每個月的「存款利息、跟會利息、股票利息、各種投資利息」總收入是,question_options_110.csv,91 無獨立家庭利息投資題。 103基準題號：I6。,mapping_relation=exact_range; total_rule=source_question
build_income_expenditure_crosswalk.py,INC_FAM_INTEREST,家庭收入,INC_FAM_INTEREST,家庭利息與投資收入,range_overlap,2021,110,G6,I6,1,7,"6,000 元-未滿8,000元",7,"6,000-7,999 元",exact_range,包含經濟戶長本人，全家每個月的「存款利息、跟會利息、股票利息、各種投資利息」總收入是,question_options_110.csv,91 無獨立家庭利息投資題。 103基準題號：I6。,mapping_relation=exact_range; total_rule=source_question
build_income_expenditure_crosswalk.py,INC_FAM_INTEREST,家庭收入,INC_FAM_INTEREST,家庭利息與投資收入,range_overlap,2021,110,G6,I6,1,8,"8,000 元-未滿10,000元",8,"8,000-9,999 元",exact_range,包含經濟戶長本人，全家每個月的「存款利息、跟會利息、股票利息、各種投資利息」總收入是,question_options_110.csv,91 無獨立家庭利息投資題。 103基準題號：I6。,mapping_relation=exact_range; total_rule=source_question
build_income_expenditure_crosswalk.py,INC_FAM_INTEREST,家庭收入,INC_FAM_INTEREST,家庭利息與投資收入,range_overlap,2021,110,G6,I6,1,9,"10,000元-未滿15,000元",9,"10,000-14,999 元",exact_range,包含經濟戶長本人，全家每個月的「存款利息、跟會利息、股票利息、各種投資利息」總收入是,question_options_110.csv,91 無獨立家庭利息投資題。 103基準題號：I6。,mapping_relation=exact_range; total_rule=source_question
build_income_expenditure_crosswalk.py,INC_FAM_INTEREST,家庭收入,INC_FAM_INTEREST,家庭利息與投資收入,range_overlap,2021,110,G6,I6,1,10,"15,000元-未滿20,000元",10,"15,000-19,999 元",exact_range,包含經濟戶長本人，全家每個月的「存款利息、跟會利息、股票利息、各種投資利息」總收入是,question_options_110.csv,91 無獨立家庭利息投資題。 103基準題號：I6。,mapping_relation=exact_range; total_rule=source_question
build_income_expenditure_crosswalk.py,INC_FAM_INTEREST,家庭收入,INC_FAM_INTEREST,家庭利息與投資收入,range_overlap,2021,110,G6,I6,1,11,"20,000元-未滿30,000元",11,"20,000-29,999 元",exact_range,包含經濟戶長本人，全家每個月的「存款利息、跟會利息、股票利息、各種投資利息」總收入是,question_options_110.csv,91 無獨立家庭利息投資題。 103基準題號：I6。,mapping_relation=exact_range; total_rule=source_question
build_income_expenditure_crosswalk.py,INC_FAM_INTEREST,家庭收入,INC_FAM_INTEREST,家庭利息與投資收入,range_overlap,2021,110,G6,I6,1,12,"30,000元以上，請記錄________元",12,"30,000 元及以上，請記錄________元",exact_open_upper,包含經濟戶長本人，全家每個月的「存款利息、跟會利息、股票利息、各種投資利息」總收入是,question_options_110.csv,91 無獨立家庭利息投資題。 103基準題號：I6。,mapping_relation=exact_open_upper; total_rule=source_question
build_income_expenditure_crosswalk.py,INC_FAM_INTEREST,家庭收入,INC_FAM_INTEREST,家庭利息與投資收入,range_overlap,2021,110,G6,I6,1,13,沒有這項收入,13,沒有這項收入,exact_none,包含經濟戶長本人，全家每個月的「存款利息、跟會利息、股票利息、各種投資利息」總收入是,question_options_110.csv,91 無獨立家庭利息投資題。 103基準題號：I6。,mapping_relation=exact_none; total_rule=source_question
build_income_expenditure_crosswalk.py,INC_FAM_RENT,家庭收入,INC_FAM_RENT,家庭房屋土地租金收入,question_not_available,2002,91_1,,I7,,,,,,not_available_in_source_dataset,,question_options_91_1.csv,以 103 年 I7 為基準。 103基準題號：I7。,mapping_relation=not_available_in_source_dataset; total_rule=source_question
build_income_expenditure_crosswalk.py,INC_FAM_RENT,家庭收入,INC_FAM_RENT,家庭房屋土地租金收入,question_not_available,2002,91_2,,I7,,,,,,not_available_in_source_dataset,,question_options_91_2.csv,以 103 年 I7 為基準。 103基準題號：I7。,mapping_relation=not_available_in_source_dataset; total_rule=source_question
build_income_expenditure_crosswalk.py,INC_FAM_RENT,家庭收入,INC_FAM_RENT,家庭房屋土地租金收入,range_overlap,2006,95,Q11-4,I7,1,1,"4,999元及以下",1,"4,999 元及以下",exact_range,包含您本人，全家每個月的「房屋、土地出租租金」收入總共是多少？【過,question_options_95.csv,以 103 年 I7 為基準。 103基準題號：I7。,mapping_relation=exact_range; total_rule=source_question
build_income_expenditure_crosswalk.py,INC_FAM_RENT,家庭收入,INC_FAM_RENT,家庭房屋土地租金收入,range_overlap,2006,95,Q11-4,I7,1,2,"5,000-9,999元",2,"5,000-9,999 元",exact_range,包含您本人，全家每個月的「房屋、土地出租租金」收入總共是多少？【過,question_options_95.csv,以 103 年 I7 為基準。 103基準題號：I7。,mapping_relation=exact_range; total_rule=source_question
build_income_expenditure_crosswalk.py,INC_FAM_RENT,家庭收入,INC_FAM_RENT,家庭房屋土地租金收入,range_overlap,2006,95,Q11-4,I7,1,3,"10,000-14,999 元",3,"10,000-14,999 元",exact_range,包含您本人，全家每個月的「房屋、土地出租租金」收入總共是多少？【過,question_options_95.csv,以 103 年 I7 為基準。 103基準題號：I7。,mapping_relation=exact_range; total_rule=source_question
build_income_expenditure_crosswalk.py,INC_FAM_RENT,家庭收入,INC_FAM_RENT,家庭房屋土地租金收入,range_overlap,2006,95,Q11-4,I7,1,4,"15,000-19,999元",4,"15,000-19,999 元",exact_range,包含您本人，全家每個月的「房屋、土地出租租金」收入總共是多少？【過,question_options_95.csv,以 103 年 I7 為基準。 103基準題號：I7。,mapping_relation=exact_range; total_rule=source_question
build_income_expenditure_crosswalk.py,INC_FAM_RENT,家庭收入,INC_FAM_RENT,家庭房屋土地租金收入,range_overlap,2006,95,Q11-4,I7,1,5,"20,000-24,999 元",5,"20,000-24,999 元",exact_range,包含您本人，全家每個月的「房屋、土地出租租金」收入總共是多少？【過,question_options_95.csv,以 103 年 I7 為基準。 103基準題號：I7。,mapping_relation=exact_range; total_rule=source_question
build_income_expenditure_crosswalk.py,INC_FAM_RENT,家庭收入,INC_FAM_RENT,家庭房屋土地租金收入,range_overlap,2006,95,Q11-4,I7,1,6,"25,000-29,999元",6,"25,000-29,999 元",exact_range,包含您本人，全家每個月的「房屋、土地出租租金」收入總共是多少？【過,question_options_95.csv,以 103 年 I7 為基準。 103基準題號：I7。,mapping_relation=exact_range; total_rule=source_question
build_income_expenditure_crosswalk.py,INC_FAM_RENT,家庭收入,INC_FAM_RENT,家庭房屋土地租金收入,range_overlap,2006,95,Q11-4,I7,1,7,"30,000-39,999 元",7,"30,000-39,999 元",exact_range,包含您本人，全家每個月的「房屋、土地出租租金」收入總共是多少？【過,question_options_95.csv,以 103 年 I7 為基準。 103基準題號：I7。,mapping_relation=exact_range; total_rule=source_question
build_income_expenditure_crosswalk.py,INC_FAM_RENT,家庭收入,INC_FAM_RENT,家庭房屋土地租金收入,range_overlap,2006,95,Q11-4,I7,1,8,"40,000-49,999元",8,"40,000-49,999 元",exact_range,包含您本人，全家每個月的「房屋、土地出租租金」收入總共是多少？【過,question_options_95.csv,以 103 年 I7 為基準。 103基準題號：I7。,mapping_relation=exact_range; total_rule=source_question
build_income_expenditure_crosswalk.py,INC_FAM_RENT,家庭收入,INC_FAM_RENT,家庭房屋土地租金收入,range_overlap,2006,95,Q11-4,I7,1,9,"50,000-59,999 元",9,"50,000-59,999 元",exact_range,包含您本人，全家每個月的「房屋、土地出租租金」收入總共是多少？【過,question_options_95.csv,以 103 年 I7 為基準。 103基準題號：I7。,mapping_relation=exact_range; total_rule=source_question
build_income_expenditure_crosswalk.py,INC_FAM_RENT,家庭收入,INC_FAM_RENT,家庭房屋土地租金收入,range_overlap,2006,95,Q11-4,I7,2,9,"70,000-79,999 元",11,"70,000-79,999 元",exact_range,包含您本人，全家每個月的「房屋、土地出租租金」收入總共是多少？【過,question_options_95.csv,以 103 年 I7 為基準。 103基準題號：I7。,mapping_relation=exact_range; total_rule=source_question
build_income_expenditure_crosswalk.py,INC_FAM_RENT,家庭收入,INC_FAM_RENT,家庭房屋土地租金收入,range_overlap,2006,95,Q11-4,I7,1,10,"60,000-69,999元",10,"60,000-69,999 元",exact_range,包含您本人，全家每個月的「房屋、土地出租租金」收入總共是多少？【過,question_options_95.csv,以 103 年 I7 為基準。 103基準題號：I7。,mapping_relation=exact_range; total_rule=source_question
build_income_expenditure_crosswalk.py,INC_FAM_RENT,家庭收入,INC_FAM_RENT,家庭房屋土地租金收入,range_overlap,2006,95,Q11-4,I7,1,90,"80,000 元及以上，請記錄 元",12,"80,000 元及以上，請記錄_________________元",exact_open_upper,包含您本人，全家每個月的「房屋、土地出租租金」收入總共是多少？【過,question_options_95.csv,以 103 年 I7 為基準。 103基準題號：I7。,mapping_relation=exact_open_upper; total_rule=source_question
build_income_expenditure_crosswalk.py,INC_FAM_RENT,家庭收入,INC_FAM_RENT,家庭房屋土地租金收入,range_overlap,2006,95,Q11-4,I7,1,95,沒有這項收入,13,沒有這項收入,exact_none,包含您本人，全家每個月的「房屋、土地出租租金」收入總共是多少？【過,question_options_95.csv,以 103 年 I7 為基準。 103基準題號：I7。,mapping_relation=exact_none; total_rule=source_question
build_income_expenditure_crosswalk.py,INC_FAM_RENT,家庭收入,INC_FAM_RENT,家庭房屋土地租金收入,range_overlap,2010,99,I5,I7,1,1,"4,999 元及以下",1,"4,999 元及以下",exact_range,包含您本人，全家每個月的「房屋、土地出租租金」收入總共是多少？【過去ㄧ年帄均每個月,question_options_99.csv,以 103 年 I7 為基準。 103基準題號：I7。,mapping_relation=exact_range; total_rule=source_question
build_income_expenditure_crosswalk.py,INC_FAM_RENT,家庭收入,INC_FAM_RENT,家庭房屋土地租金收入,range_overlap,2010,99,I5,I7,1,2,"5,000-9,999 元",2,"5,000-9,999 元",exact_range,包含您本人，全家每個月的「房屋、土地出租租金」收入總共是多少？【過去ㄧ年帄均每個月,question_options_99.csv,以 103 年 I7 為基準。 103基準題號：I7。,mapping_relation=exact_range; total_rule=source_question
build_income_expenditure_crosswalk.py,INC_FAM_RENT,家庭收入,INC_FAM_RENT,家庭房屋土地租金收入,range_overlap,2010,99,I5,I7,1,3,"10,000-14,999 元",3,"10,000-14,999 元",exact_range,包含您本人，全家每個月的「房屋、土地出租租金」收入總共是多少？【過去ㄧ年帄均每個月,question_options_99.csv,以 103 年 I7 為基準。 103基準題號：I7。,mapping_relation=exact_range; total_rule=source_question
build_income_expenditure_crosswalk.py,INC_FAM_RENT,家庭收入,INC_FAM_RENT,家庭房屋土地租金收入,range_overlap,2010,99,I5,I7,1,4,"15,000-19,999 元",4,"15,000-19,999 元",exact_range,包含您本人，全家每個月的「房屋、土地出租租金」收入總共是多少？【過去ㄧ年帄均每個月,question_options_99.csv,以 103 年 I7 為基準。 103基準題號：I7。,mapping_relation=exact_range; total_rule=source_question
build_income_expenditure_crosswalk.py,INC_FAM_RENT,家庭收入,INC_FAM_RENT,家庭房屋土地租金收入,range_overlap,2010,99,I5,I7,1,5,"20,000-24,999 元",5,"20,000-24,999 元",exact_range,包含您本人，全家每個月的「房屋、土地出租租金」收入總共是多少？【過去ㄧ年帄均每個月,question_options_99.csv,以 103 年 I7 為基準。 103基準題號：I7。,mapping_relation=exact_range; total_rule=source_question
build_income_expenditure_crosswalk.py,INC_FAM_RENT,家庭收入,INC_FAM_RENT,家庭房屋土地租金收入,range_overlap,2010,99,I5,I7,1,6,"25,000-29,999 元",6,"25,000-29,999 元",exact_range,包含您本人，全家每個月的「房屋、土地出租租金」收入總共是多少？【過去ㄧ年帄均每個月,question_options_99.csv,以 103 年 I7 為基準。 103基準題號：I7。,mapping_relation=exact_range; total_rule=source_question
build_income_expenditure_crosswalk.py,INC_FAM_RENT,家庭收入,INC_FAM_RENT,家庭房屋土地租金收入,range_overlap,2010,99,I5,I7,1,7,"30,000-39,999 元",7,"30,000-39,999 元",exact_range,包含您本人，全家每個月的「房屋、土地出租租金」收入總共是多少？【過去ㄧ年帄均每個月,question_options_99.csv,以 103 年 I7 為基準。 103基準題號：I7。,mapping_relation=exact_range; total_rule=source_question
build_income_expenditure_crosswalk.py,INC_FAM_RENT,家庭收入,INC_FAM_RENT,家庭房屋土地租金收入,range_overlap,2010,99,I5,I7,1,8,"40,000-49,999 元",8,"40,000-49,999 元",exact_range,包含您本人，全家每個月的「房屋、土地出租租金」收入總共是多少？【過去ㄧ年帄均每個月,question_options_99.csv,以 103 年 I7 為基準。 103基準題號：I7。,mapping_relation=exact_range; total_rule=source_question
build_income_expenditure_crosswalk.py,INC_FAM_RENT,家庭收入,INC_FAM_RENT,家庭房屋土地租金收入,range_overlap,2010,99,I5,I7,1,9,"50,000-59,999 元",9,"50,000-59,999 元",exact_range,包含您本人，全家每個月的「房屋、土地出租租金」收入總共是多少？【過去ㄧ年帄均每個月,question_options_99.csv,以 103 年 I7 為基準。 103基準題號：I7。,mapping_relation=exact_range; total_rule=source_question
build_income_expenditure_crosswalk.py,INC_FAM_RENT,家庭收入,INC_FAM_RENT,家庭房屋土地租金收入,range_overlap,2010,99,I5,I7,1,10,"60,000-69,999 元",10,"60,000-69,999 元",exact_range,包含您本人，全家每個月的「房屋、土地出租租金」收入總共是多少？【過去ㄧ年帄均每個月,question_options_99.csv,以 103 年 I7 為基準。 103基準題號：I7。,mapping_relation=exact_range; total_rule=source_question
build_income_expenditure_crosswalk.py,INC_FAM_RENT,家庭收入,INC_FAM_RENT,家庭房屋土地租金收入,range_overlap,2010,99,I5,I7,1,11,"70,000-79,999 元",11,"70,000-79,999 元",exact_range,包含您本人，全家每個月的「房屋、土地出租租金」收入總共是多少？【過去ㄧ年帄均每個月,question_options_99.csv,以 103 年 I7 為基準。 103基準題號：I7。,mapping_relation=exact_range; total_rule=source_question
build_income_expenditure_crosswalk.py,INC_FAM_RENT,家庭收入,INC_FAM_RENT,家庭房屋土地租金收入,range_overlap,2010,99,I5,I7,1,12,"80,000 元及以上，請記錄 元",12,"80,000 元及以上，請記錄_________________元",exact_open_upper,包含您本人，全家每個月的「房屋、土地出租租金」收入總共是多少？【過去ㄧ年帄均每個月,question_options_99.csv,以 103 年 I7 為基準。 103基準題號：I7。,mapping_relation=exact_open_upper; total_rule=source_question
build_income_expenditure_crosswalk.py,INC_FAM_RENT,家庭收入,INC_FAM_RENT,家庭房屋土地租金收入,range_overlap,2010,99,I5,I7,1,13,沒有這項收入,13,沒有這項收入,exact_none,包含您本人，全家每個月的「房屋、土地出租租金」收入總共是多少？【過去ㄧ年帄均每個月,question_options_99.csv,以 103 年 I7 為基準。 103基準題號：I7。,mapping_relation=exact_none; total_rule=source_question
build_income_expenditure_crosswalk.py,INC_FAM_RENT,家庭收入,INC_FAM_RENT,家庭房屋土地租金收入,range_overlap,2014,103,I7,I7,1,1,"4,999 元及以下",1,"4,999 元及以下",exact_range,包含您本人，全家每個月的「房屋、土地出租租金」收入總共是多少？【過去ㄧ年平均每個月的,question_options_103.csv,以 103 年 I7 為基準。 103基準題號：I7。,mapping_relation=exact_range; total_rule=source_question
build_income_expenditure_crosswalk.py,INC_FAM_RENT,家庭收入,INC_FAM_RENT,家庭房屋土地租金收入,range_overlap,2014,103,I7,I7,1,2,"5,000-9,999 元",2,"5,000-9,999 元",exact_range,包含您本人，全家每個月的「房屋、土地出租租金」收入總共是多少？【過去ㄧ年平均每個月的,question_options_103.csv,以 103 年 I7 為基準。 103基準題號：I7。,mapping_relation=exact_range; total_rule=source_question
build_income_expenditure_crosswalk.py,INC_FAM_RENT,家庭收入,INC_FAM_RENT,家庭房屋土地租金收入,range_overlap,2014,103,I7,I7,1,3,"10,000-14,999 元",3,"10,000-14,999 元",exact_range,包含您本人，全家每個月的「房屋、土地出租租金」收入總共是多少？【過去ㄧ年平均每個月的,question_options_103.csv,以 103 年 I7 為基準。 103基準題號：I7。,mapping_relation=exact_range; total_rule=source_question
build_income_expenditure_crosswalk.py,INC_FAM_RENT,家庭收入,INC_FAM_RENT,家庭房屋土地租金收入,range_overlap,2014,103,I7,I7,1,4,"15,000-19,999 元",4,"15,000-19,999 元",exact_range,包含您本人，全家每個月的「房屋、土地出租租金」收入總共是多少？【過去ㄧ年平均每個月的,question_options_103.csv,以 103 年 I7 為基準。 103基準題號：I7。,mapping_relation=exact_range; total_rule=source_question
build_income_expenditure_crosswalk.py,INC_FAM_RENT,家庭收入,INC_FAM_RENT,家庭房屋土地租金收入,range_overlap,2014,103,I7,I7,1,5,"20,000-24,999 元",5,"20,000-24,999 元",exact_range,包含您本人，全家每個月的「房屋、土地出租租金」收入總共是多少？【過去ㄧ年平均每個月的,question_options_103.csv,以 103 年 I7 為基準。 103基準題號：I7。,mapping_relation=exact_range; total_rule=source_question
build_income_expenditure_crosswalk.py,INC_FAM_RENT,家庭收入,INC_FAM_RENT,家庭房屋土地租金收入,range_overlap,2014,103,I7,I7,1,6,"25,000-29,999 元",6,"25,000-29,999 元",exact_range,包含您本人，全家每個月的「房屋、土地出租租金」收入總共是多少？【過去ㄧ年平均每個月的,question_options_103.csv,以 103 年 I7 為基準。 103基準題號：I7。,mapping_relation=exact_range; total_rule=source_question
build_income_expenditure_crosswalk.py,INC_FAM_RENT,家庭收入,INC_FAM_RENT,家庭房屋土地租金收入,range_overlap,2014,103,I7,I7,1,7,"30,000-39,999 元",7,"30,000-39,999 元",exact_range,包含您本人，全家每個月的「房屋、土地出租租金」收入總共是多少？【過去ㄧ年平均每個月的,question_options_103.csv,以 103 年 I7 為基準。 103基準題號：I7。,mapping_relation=exact_range; total_rule=source_question
build_income_expenditure_crosswalk.py,INC_FAM_RENT,家庭收入,INC_FAM_RENT,家庭房屋土地租金收入,range_overlap,2014,103,I7,I7,1,8,"40,000-49,999 元",8,"40,000-49,999 元",exact_range,包含您本人，全家每個月的「房屋、土地出租租金」收入總共是多少？【過去ㄧ年平均每個月的,question_options_103.csv,以 103 年 I7 為基準。 103基準題號：I7。,mapping_relation=exact_range; total_rule=source_question
build_income_expenditure_crosswalk.py,INC_FAM_RENT,家庭收入,INC_FAM_RENT,家庭房屋土地租金收入,range_overlap,2014,103,I7,I7,1,9,"50,000-59,999 元",9,"50,000-59,999 元",exact_range,包含您本人，全家每個月的「房屋、土地出租租金」收入總共是多少？【過去ㄧ年平均每個月的,question_options_103.csv,以 103 年 I7 為基準。 103基準題號：I7。,mapping_relation=exact_range; total_rule=source_question
build_income_expenditure_crosswalk.py,INC_FAM_RENT,家庭收入,INC_FAM_RENT,家庭房屋土地租金收入,range_overlap,2014,103,I7,I7,1,10,"60,000-69,999 元",10,"60,000-69,999 元",exact_range,包含您本人，全家每個月的「房屋、土地出租租金」收入總共是多少？【過去ㄧ年平均每個月的,question_options_103.csv,以 103 年 I7 為基準。 103基準題號：I7。,mapping_relation=exact_range; total_rule=source_question
build_income_expenditure_crosswalk.py,INC_FAM_RENT,家庭收入,INC_FAM_RENT,家庭房屋土地租金收入,range_overlap,2014,103,I7,I7,1,11,"70,000-79,999 元",11,"70,000-79,999 元",exact_range,包含您本人，全家每個月的「房屋、土地出租租金」收入總共是多少？【過去ㄧ年平均每個月的,question_options_103.csv,以 103 年 I7 為基準。 103基準題號：I7。,mapping_relation=exact_range; total_rule=source_question
build_income_expenditure_crosswalk.py,INC_FAM_RENT,家庭收入,INC_FAM_RENT,家庭房屋土地租金收入,range_overlap,2014,103,I7,I7,1,12,"80,000 元及以上，請記錄_________________元",12,"80,000 元及以上，請記錄_________________元",exact_open_upper,包含您本人，全家每個月的「房屋、土地出租租金」收入總共是多少？【過去ㄧ年平均每個月的,question_options_103.csv,以 103 年 I7 為基準。 103基準題號：I7。,mapping_relation=exact_open_upper; total_rule=source_question
build_income_expenditure_crosswalk.py,INC_FAM_RENT,家庭收入,INC_FAM_RENT,家庭房屋土地租金收入,range_overlap,2014,103,I7,I7,1,13,沒有這項收入,13,沒有這項收入,exact_none,包含您本人，全家每個月的「房屋、土地出租租金」收入總共是多少？【過去ㄧ年平均每個月的,question_options_103.csv,以 103 年 I7 為基準。 103基準題號：I7。,mapping_relation=exact_none; total_rule=source_question
build_income_expenditure_crosswalk.py,INC_FAM_RENT,家庭收入,INC_FAM_RENT,家庭房屋土地租金收入,range_overlap,2017,106,L7,I7,1,1,"未滿5,000元",1,"4,999 元及以下",exact_range,包含經濟戶長本人，全家每個月的「房屋、土地出租租金」收入總共是多少？【106年平均每個,question_options_106.csv,以 103 年 I7 為基準。 103基準題號：I7。,mapping_relation=exact_range; total_rule=source_question
build_income_expenditure_crosswalk.py,INC_FAM_RENT,家庭收入,INC_FAM_RENT,家庭房屋土地租金收入,range_overlap,2017,106,L7,I7,1,2,"5,000 元-未滿10,000元",2,"5,000-9,999 元",exact_range,包含經濟戶長本人，全家每個月的「房屋、土地出租租金」收入總共是多少？【106年平均每個,question_options_106.csv,以 103 年 I7 為基準。 103基準題號：I7。,mapping_relation=exact_range; total_rule=source_question
build_income_expenditure_crosswalk.py,INC_FAM_RENT,家庭收入,INC_FAM_RENT,家庭房屋土地租金收入,range_overlap,2017,106,L7,I7,1,3,"10,000元-未滿15,000元",3,"10,000-14,999 元",exact_range,包含經濟戶長本人，全家每個月的「房屋、土地出租租金」收入總共是多少？【106年平均每個,question_options_106.csv,以 103 年 I7 為基準。 103基準題號：I7。,mapping_relation=exact_range; total_rule=source_question
build_income_expenditure_crosswalk.py,INC_FAM_RENT,家庭收入,INC_FAM_RENT,家庭房屋土地租金收入,range_overlap,2017,106,L7,I7,1,4,"15,000元-未滿20,000元",4,"15,000-19,999 元",exact_range,包含經濟戶長本人，全家每個月的「房屋、土地出租租金」收入總共是多少？【106年平均每個,question_options_106.csv,以 103 年 I7 為基準。 103基準題號：I7。,mapping_relation=exact_range; total_rule=source_question
build_income_expenditure_crosswalk.py,INC_FAM_RENT,家庭收入,INC_FAM_RENT,家庭房屋土地租金收入,range_overlap,2017,106,L7,I7,1,5,"20,000元-未滿25,000元",5,"20,000-24,999 元",exact_range,包含經濟戶長本人，全家每個月的「房屋、土地出租租金」收入總共是多少？【106年平均每個,question_options_106.csv,以 103 年 I7 為基準。 103基準題號：I7。,mapping_relation=exact_range; total_rule=source_question
build_income_expenditure_crosswalk.py,INC_FAM_RENT,家庭收入,INC_FAM_RENT,家庭房屋土地租金收入,range_overlap,2017,106,L7,I7,1,6,"25,000元-未滿30,000元",6,"25,000-29,999 元",exact_range,包含經濟戶長本人，全家每個月的「房屋、土地出租租金」收入總共是多少？【106年平均每個,question_options_106.csv,以 103 年 I7 為基準。 103基準題號：I7。,mapping_relation=exact_range; total_rule=source_question
build_income_expenditure_crosswalk.py,INC_FAM_RENT,家庭收入,INC_FAM_RENT,家庭房屋土地租金收入,range_overlap,2017,106,L7,I7,1,7,"30,000元-未滿40,000元",7,"30,000-39,999 元",exact_range,包含經濟戶長本人，全家每個月的「房屋、土地出租租金」收入總共是多少？【106年平均每個,question_options_106.csv,以 103 年 I7 為基準。 103基準題號：I7。,mapping_relation=exact_range; total_rule=source_question
build_income_expenditure_crosswalk.py,INC_FAM_RENT,家庭收入,INC_FAM_RENT,家庭房屋土地租金收入,range_overlap,2017,106,L7,I7,1,8,"40,000元-未滿50,000元",8,"40,000-49,999 元",exact_range,包含經濟戶長本人，全家每個月的「房屋、土地出租租金」收入總共是多少？【106年平均每個,question_options_106.csv,以 103 年 I7 為基準。 103基準題號：I7。,mapping_relation=exact_range; total_rule=source_question
build_income_expenditure_crosswalk.py,INC_FAM_RENT,家庭收入,INC_FAM_RENT,家庭房屋土地租金收入,range_overlap,2017,106,L7,I7,1,9,"50,000元-未滿60,000元",9,"50,000-59,999 元",exact_range,包含經濟戶長本人，全家每個月的「房屋、土地出租租金」收入總共是多少？【106年平均每個,question_options_106.csv,以 103 年 I7 為基準。 103基準題號：I7。,mapping_relation=exact_range; total_rule=source_question
build_income_expenditure_crosswalk.py,INC_FAM_RENT,家庭收入,INC_FAM_RENT,家庭房屋土地租金收入,range_overlap,2017,106,L7,I7,1,10,"60,000元-未滿70,000元",10,"60,000-69,999 元",exact_range,包含經濟戶長本人，全家每個月的「房屋、土地出租租金」收入總共是多少？【106年平均每個,question_options_106.csv,以 103 年 I7 為基準。 103基準題號：I7。,mapping_relation=exact_range; total_rule=source_question
build_income_expenditure_crosswalk.py,INC_FAM_RENT,家庭收入,INC_FAM_RENT,家庭房屋土地租金收入,range_overlap,2017,106,L7,I7,1,11,"70,000元-未滿80,000元",11,"70,000-79,999 元",exact_range,包含經濟戶長本人，全家每個月的「房屋、土地出租租金」收入總共是多少？【106年平均每個,question_options_106.csv,以 103 年 I7 為基準。 103基準題號：I7。,mapping_relation=exact_range; total_rule=source_question
build_income_expenditure_crosswalk.py,INC_FAM_RENT,家庭收入,INC_FAM_RENT,家庭房屋土地租金收入,range_overlap,2017,106,L7,I7,1,12,"80,000元以上，請記錄_________________元",12,"80,000 元及以上，請記錄_________________元",exact_open_upper,包含經濟戶長本人，全家每個月的「房屋、土地出租租金」收入總共是多少？【106年平均每個,question_options_106.csv,以 103 年 I7 為基準。 103基準題號：I7。,mapping_relation=exact_open_upper; total_rule=source_question
build_income_expenditure_crosswalk.py,INC_FAM_RENT,家庭收入,INC_FAM_RENT,家庭房屋土地租金收入,range_overlap,2017,106,L7,I7,1,13,沒有這項收入,13,沒有這項收入,exact_none,包含經濟戶長本人，全家每個月的「房屋、土地出租租金」收入總共是多少？【106年平均每個,question_options_106.csv,以 103 年 I7 為基準。 103基準題號：I7。,mapping_relation=exact_none; total_rule=source_question
build_income_expenditure_crosswalk.py,INC_FAM_RENT,家庭收入,INC_FAM_RENT,家庭房屋土地租金收入,range_overlap,2021,110,G7,I7,1,1,"未滿5,000元",1,"4,999 元及以下",exact_range,包含經濟戶長本人，全家每個月的「房屋、土地出租租金」收入總共是多少？【110年平均每個,question_options_110.csv,以 103 年 I7 為基準。 103基準題號：I7。,mapping_relation=exact_range; total_rule=source_question
build_income_expenditure_crosswalk.py,INC_FAM_RENT,家庭收入,INC_FAM_RENT,家庭房屋土地租金收入,range_overlap,2021,110,G7,I7,1,2,"5,000 元-未滿10,000元",2,"5,000-9,999 元",exact_range,包含經濟戶長本人，全家每個月的「房屋、土地出租租金」收入總共是多少？【110年平均每個,question_options_110.csv,以 103 年 I7 為基準。 103基準題號：I7。,mapping_relation=exact_range; total_rule=source_question
build_income_expenditure_crosswalk.py,INC_FAM_RENT,家庭收入,INC_FAM_RENT,家庭房屋土地租金收入,range_overlap,2021,110,G7,I7,1,3,"10,000元-未滿15,000元",3,"10,000-14,999 元",exact_range,包含經濟戶長本人，全家每個月的「房屋、土地出租租金」收入總共是多少？【110年平均每個,question_options_110.csv,以 103 年 I7 為基準。 103基準題號：I7。,mapping_relation=exact_range; total_rule=source_question
build_income_expenditure_crosswalk.py,INC_FAM_RENT,家庭收入,INC_FAM_RENT,家庭房屋土地租金收入,range_overlap,2021,110,G7,I7,1,4,"15,000元-未滿20,000元",4,"15,000-19,999 元",exact_range,包含經濟戶長本人，全家每個月的「房屋、土地出租租金」收入總共是多少？【110年平均每個,question_options_110.csv,以 103 年 I7 為基準。 103基準題號：I7。,mapping_relation=exact_range; total_rule=source_question
build_income_expenditure_crosswalk.py,INC_FAM_RENT,家庭收入,INC_FAM_RENT,家庭房屋土地租金收入,range_overlap,2021,110,G7,I7,1,5,"20,000元-未滿25,000元",5,"20,000-24,999 元",exact_range,包含經濟戶長本人，全家每個月的「房屋、土地出租租金」收入總共是多少？【110年平均每個,question_options_110.csv,以 103 年 I7 為基準。 103基準題號：I7。,mapping_relation=exact_range; total_rule=source_question
build_income_expenditure_crosswalk.py,INC_FAM_RENT,家庭收入,INC_FAM_RENT,家庭房屋土地租金收入,range_overlap,2021,110,G7,I7,1,6,"25,000元-未滿30,000元",6,"25,000-29,999 元",exact_range,包含經濟戶長本人，全家每個月的「房屋、土地出租租金」收入總共是多少？【110年平均每個,question_options_110.csv,以 103 年 I7 為基準。 103基準題號：I7。,mapping_relation=exact_range; total_rule=source_question
build_income_expenditure_crosswalk.py,INC_FAM_RENT,家庭收入,INC_FAM_RENT,家庭房屋土地租金收入,range_overlap,2021,110,G7,I7,1,7,"30,000元-未滿40,000元",7,"30,000-39,999 元",exact_range,包含經濟戶長本人，全家每個月的「房屋、土地出租租金」收入總共是多少？【110年平均每個,question_options_110.csv,以 103 年 I7 為基準。 103基準題號：I7。,mapping_relation=exact_range; total_rule=source_question
build_income_expenditure_crosswalk.py,INC_FAM_RENT,家庭收入,INC_FAM_RENT,家庭房屋土地租金收入,range_overlap,2021,110,G7,I7,1,8,"40,000元-未滿50,000元",8,"40,000-49,999 元",exact_range,包含經濟戶長本人，全家每個月的「房屋、土地出租租金」收入總共是多少？【110年平均每個,question_options_110.csv,以 103 年 I7 為基準。 103基準題號：I7。,mapping_relation=exact_range; total_rule=source_question
build_income_expenditure_crosswalk.py,INC_FAM_RENT,家庭收入,INC_FAM_RENT,家庭房屋土地租金收入,range_overlap,2021,110,G7,I7,1,9,"50,000元-未滿60,000元",9,"50,000-59,999 元",exact_range,包含經濟戶長本人，全家每個月的「房屋、土地出租租金」收入總共是多少？【110年平均每個,question_options_110.csv,以 103 年 I7 為基準。 103基準題號：I7。,mapping_relation=exact_range; total_rule=source_question
build_income_expenditure_crosswalk.py,INC_FAM_RENT,家庭收入,INC_FAM_RENT,家庭房屋土地租金收入,range_overlap,2021,110,G7,I7,1,10,"60,000元-未滿70,000元",10,"60,000-69,999 元",exact_range,包含經濟戶長本人，全家每個月的「房屋、土地出租租金」收入總共是多少？【110年平均每個,question_options_110.csv,以 103 年 I7 為基準。 103基準題號：I7。,mapping_relation=exact_range; total_rule=source_question
build_income_expenditure_crosswalk.py,INC_FAM_RENT,家庭收入,INC_FAM_RENT,家庭房屋土地租金收入,range_overlap,2021,110,G7,I7,1,11,"70,000元-未滿80,000元",11,"70,000-79,999 元",exact_range,包含經濟戶長本人，全家每個月的「房屋、土地出租租金」收入總共是多少？【110年平均每個,question_options_110.csv,以 103 年 I7 為基準。 103基準題號：I7。,mapping_relation=exact_range; total_rule=source_question
build_income_expenditure_crosswalk.py,INC_FAM_RENT,家庭收入,INC_FAM_RENT,家庭房屋土地租金收入,range_overlap,2021,110,G7,I7,1,12,"80,000元以上，請記錄_________________元",12,"80,000 元及以上，請記錄_________________元",exact_open_upper,包含經濟戶長本人，全家每個月的「房屋、土地出租租金」收入總共是多少？【110年平均每個,question_options_110.csv,以 103 年 I7 為基準。 103基準題號：I7。,mapping_relation=exact_open_upper; total_rule=source_question
build_income_expenditure_crosswalk.py,INC_FAM_RENT,家庭收入,INC_FAM_RENT,家庭房屋土地租金收入,range_overlap,2021,110,G7,I7,1,13,沒有這項收入,13,沒有這項收入,exact_none,包含經濟戶長本人，全家每個月的「房屋、土地出租租金」收入總共是多少？【110年平均每個,question_options_110.csv,以 103 年 I7 為基準。 103基準題號：I7。,mapping_relation=exact_none; total_rule=source_question
build_income_expenditure_crosswalk.py,INC_FAM_OTHER,家庭收入,INC_FAM_OTHER,家庭其他收入,conceptual_only,2002,91_1,22-3,I8,,,,,,conceptual_match_requires_manual_recode,請問全家每個月平均收入中，其他收入是多少?(利息、租金、民間團體補助、退休俸、兒,question_options_91_1.csv,91 的其他收入較廣，混合利息、租金、民間補助、退休俸與奉養費。 103基準題號：I8。,mapping_relation=conceptual_match_requires_manual_recode; total_rule=source_question
build_income_expenditure_crosswalk.py,INC_FAM_OTHER,家庭收入,INC_FAM_OTHER,家庭其他收入,conceptual_only,2002,91_2,22-3,I8,,,,,,conceptual_match_requires_manual_recode,請問全家每個月平均收入中，其他收入是多少?(利息、租金、民間團體補助、退休俸、兒,question_options_91_2.csv,91 的其他收入較廣，混合利息、租金、民間補助、退休俸與奉養費。 103基準題號：I8。,mapping_relation=conceptual_match_requires_manual_recode; total_rule=source_question
build_income_expenditure_crosswalk.py,INC_FAM_OTHER,家庭收入,INC_FAM_OTHER,家庭其他收入,conceptual_only,2006,95,Q11-5,I8,,,,,,conceptual_match_requires_manual_recode,包含您本人，全家每個月除了以上這些收入以外的「其他」收入總共是多,question_options_95.csv,91 的其他收入較廣，混合利息、租金、民間補助、退休俸與奉養費。 103基準題號：I8。,mapping_relation=conceptual_match_requires_manual_recode; total_rule=source_question
build_income_expenditure_crosswalk.py,INC_FAM_OTHER,家庭收入,INC_FAM_OTHER,家庭其他收入,conceptual_only,2010,99,I6,I8,,,,,,conceptual_match_requires_manual_recode,包含您本人，全家每個月除了以上這些收入以外的「其他」收入總共是多少？【過去ㄧ年帄均,question_options_99.csv,91 的其他收入較廣，混合利息、租金、民間補助、退休俸與奉養費。 103基準題號：I8。,mapping_relation=conceptual_match_requires_manual_recode; total_rule=source_question
build_income_expenditure_crosswalk.py,INC_FAM_OTHER,家庭收入,INC_FAM_OTHER,家庭其他收入,conceptual_only,2014,103,I8,I8,,,,,,conceptual_match_requires_manual_recode,包含您本人，全家每個月除了以上這些收入以外的「其他雜項」收入總共是多少？【過去ㄧ年平,question_options_103.csv,91 的其他收入較廣，混合利息、租金、民間補助、退休俸與奉養費。 103基準題號：I8。,mapping_relation=conceptual_match_requires_manual_recode; total_rule=source_question
build_income_expenditure_crosswalk.py,INC_FAM_OTHER,家庭收入,INC_FAM_OTHER,家庭其他收入,conceptual_only,2017,106,L8,I8,,,,,,conceptual_match_requires_manual_recode,包含經濟戶長本人，全家每個月除了以上這些收入以外的「其他雜項」收入總共是多少？【106,question_options_106.csv,91 的其他收入較廣，混合利息、租金、民間補助、退休俸與奉養費。 103基準題號：I8。,mapping_relation=conceptual_match_requires_manual_recode; total_rule=source_question
build_income_expenditure_crosswalk.py,INC_FAM_OTHER,家庭收入,INC_FAM_OTHER,家庭其他收入,conceptual_only,2021,110,G8,I8,,,,,,conceptual_match_requires_manual_recode,包含經濟戶長本人，全家每個月除了以上這些收入以外的「其他雜項」收入總共是多少？【110,question_options_110.csv,91 的其他收入較廣，混合利息、租金、民間補助、退休俸與奉養費。 103基準題號：I8。,mapping_relation=conceptual_match_requires_manual_recode; total_rule=source_question
