source_file,concept_id,category,integrated_var,concept,mapping_type,data_year,option_year,raw_var,matched_question_id,raw_option_order,raw_option_code,raw_option_text,unified_code,unified_label,mapping_rule,question_text,option_source_file,concept_note,row_note
build_income_expenditure_crosswalk.py,INC_FAM_TOTAL,家庭收入,INC_FAM_TOTAL,家庭總收入,question_only,2002,91_1,21,,1,1,未滿2萬元,,,no_matching_103_option_bin,請問您全家每個月平均總共收入是多少（所有人）？,question_options_91_1.csv,91 有家庭總收入級距；95 之後未單獨詢問家庭總收入。,mapping_relation=no_matching_103_option_bin; total_rule=source_question
build_income_expenditure_crosswalk.py,INC_FAM_TOTAL,家庭收入,INC_FAM_TOTAL,家庭總收入,question_only,2002,91_1,21,,1,2,2萬元至未滿4萬元,,,no_matching_103_option_bin,請問您全家每個月平均總共收入是多少（所有人）？,question_options_91_1.csv,91 有家庭總收入級距；95 之後未單獨詢問家庭總收入。,mapping_relation=no_matching_103_option_bin; total_rule=source_question
build_income_expenditure_crosswalk.py,INC_FAM_TOTAL,家庭收入,INC_FAM_TOTAL,家庭總收入,question_only,2002,91_1,21,,1,3,4萬元至未滿6萬元,,,no_matching_103_option_bin,請問您全家每個月平均總共收入是多少（所有人）？,question_options_91_1.csv,91 有家庭總收入級距；95 之後未單獨詢問家庭總收入。,mapping_relation=no_matching_103_option_bin; total_rule=source_question
build_income_expenditure_crosswalk.py,INC_FAM_TOTAL,家庭收入,INC_FAM_TOTAL,家庭總收入,question_only,2002,91_1,21,,1,4,6萬元至未滿8萬元,,,no_matching_103_option_bin,請問您全家每個月平均總共收入是多少（所有人）？,question_options_91_1.csv,91 有家庭總收入級距；95 之後未單獨詢問家庭總收入。,mapping_relation=no_matching_103_option_bin; total_rule=source_question
build_income_expenditure_crosswalk.py,INC_FAM_TOTAL,家庭收入,INC_FAM_TOTAL,家庭總收入,question_only,2002,91_1,21,,1,5,8萬元至未滿10萬元,,,no_matching_103_option_bin,請問您全家每個月平均總共收入是多少（所有人）？,question_options_91_1.csv,91 有家庭總收入級距；95 之後未單獨詢問家庭總收入。,mapping_relation=no_matching_103_option_bin; total_rule=source_question
build_income_expenditure_crosswalk.py,INC_FAM_TOTAL,家庭收入,INC_FAM_TOTAL,家庭總收入,question_only,2002,91_1,21,,1,6,10萬元至未滿12萬元,,,no_matching_103_option_bin,請問您全家每個月平均總共收入是多少（所有人）？,question_options_91_1.csv,91 有家庭總收入級距；95 之後未單獨詢問家庭總收入。,mapping_relation=no_matching_103_option_bin; total_rule=source_question
build_income_expenditure_crosswalk.py,INC_FAM_TOTAL,家庭收入,INC_FAM_TOTAL,家庭總收入,question_only,2002,91_1,21,,1,7,12萬元至未滿15萬元,,,no_matching_103_option_bin,請問您全家每個月平均總共收入是多少（所有人）？,question_options_91_1.csv,91 有家庭總收入級距；95 之後未單獨詢問家庭總收入。,mapping_relation=no_matching_103_option_bin; total_rule=source_question
build_income_expenditure_crosswalk.py,INC_FAM_TOTAL,家庭收入,INC_FAM_TOTAL,家庭總收入,question_only,2002,91_1,21,,1,8,15萬元以上（請記錄　　元）,,,no_matching_103_option_bin,請問您全家每個月平均總共收入是多少（所有人）？,question_options_91_1.csv,91 有家庭總收入級距；95 之後未單獨詢問家庭總收入。,mapping_relation=no_matching_103_option_bin; total_rule=source_question
build_income_expenditure_crosswalk.py,INC_FAM_TOTAL,家庭收入,INC_FAM_TOTAL,家庭總收入,question_only,2002,91_2,21,,1,1,未滿2萬元,,,no_matching_103_option_bin,請問您全家每個月平均總共收入是多少（所有人）？,question_options_91_2.csv,91 有家庭總收入級距；95 之後未單獨詢問家庭總收入。,mapping_relation=no_matching_103_option_bin; total_rule=source_question
build_income_expenditure_crosswalk.py,INC_FAM_TOTAL,家庭收入,INC_FAM_TOTAL,家庭總收入,question_only,2002,91_2,21,,1,2,2萬元至未滿4萬元,,,no_matching_103_option_bin,請問您全家每個月平均總共收入是多少（所有人）？,question_options_91_2.csv,91 有家庭總收入級距；95 之後未單獨詢問家庭總收入。,mapping_relation=no_matching_103_option_bin; total_rule=source_question
build_income_expenditure_crosswalk.py,INC_FAM_TOTAL,家庭收入,INC_FAM_TOTAL,家庭總收入,question_only,2002,91_2,21,,1,3,4萬元至未滿6萬元,,,no_matching_103_option_bin,請問您全家每個月平均總共收入是多少（所有人）？,question_options_91_2.csv,91 有家庭總收入級距；95 之後未單獨詢問家庭總收入。,mapping_relation=no_matching_103_option_bin; total_rule=source_question
build_income_expenditure_crosswalk.py,INC_FAM_TOTAL,家庭收入,INC_FAM_TOTAL,家庭總收入,question_only,2002,91_2,21,,1,4,6萬元至未滿8萬元,,,no_matching_103_option_bin,請問您全家每個月平均總共收入是多少（所有人）？,question_options_91_2.csv,91 有家庭總收入級距；95 之後未單獨詢問家庭總收入。,mapping_relation=no_matching_103_option_bin; total_rule=source_question
build_income_expenditure_crosswalk.py,INC_FAM_TOTAL,家庭收入,INC_FAM_TOTAL,家庭總收入,question_only,2002,91_2,21,,1,5,8萬元至未滿10萬元,,,no_matching_103_option_bin,請問您全家每個月平均總共收入是多少（所有人）？,question_options_91_2.csv,91 有家庭總收入級距；95 之後未單獨詢問家庭總收入。,mapping_relation=no_matching_103_option_bin; total_rule=source_question
build_income_expenditure_crosswalk.py,INC_FAM_TOTAL,家庭收入,INC_FAM_TOTAL,家庭總收入,question_only,2002,91_2,21,,1,6,10萬元至未滿12萬元,,,no_matching_103_option_bin,請問您全家每個月平均總共收入是多少（所有人）？,question_options_91_2.csv,91 有家庭總收入級距；95 之後未單獨詢問家庭總收入。,mapping_relation=no_matching_103_option_bin; total_rule=source_question
build_income_expenditure_crosswalk.py,INC_FAM_TOTAL,家庭收入,INC_FAM_TOTAL,家庭總收入,question_only,2002,91_2,21,,1,7,12萬元至未滿15萬元,,,no_matching_103_option_bin,請問您全家每個月平均總共收入是多少（所有人）？,question_options_91_2.csv,91 有家庭總收入級距；95 之後未單獨詢問家庭總收入。,mapping_relation=no_matching_103_option_bin; total_rule=source_question
build_income_expenditure_crosswalk.py,INC_FAM_TOTAL,家庭收入,INC_FAM_TOTAL,家庭總收入,question_only,2002,91_2,21,,1,8,15萬元以上（請記錄　　元）,,,no_matching_103_option_bin,請問您全家每個月平均總共收入是多少（所有人）？,question_options_91_2.csv,91 有家庭總收入級距；95 之後未單獨詢問家庭總收入。,mapping_relation=no_matching_103_option_bin; total_rule=source_question
build_income_expenditure_crosswalk.py,INC_FAM_TOTAL,家庭收入,INC_FAM_TOTAL,家庭總收入,question_not_available,2006,95,,,,,,,,not_available_in_source_dataset,,question_options_95.csv,91 有家庭總收入級距；95 之後未單獨詢問家庭總收入。,mapping_relation=not_available_in_source_dataset; total_rule=source_question
build_income_expenditure_crosswalk.py,INC_FAM_TOTAL,家庭收入,INC_FAM_TOTAL,家庭總收入,question_not_available,2010,99,,,,,,,,not_available_in_source_dataset,,question_options_99.csv,91 有家庭總收入級距；95 之後未單獨詢問家庭總收入。,mapping_relation=not_available_in_source_dataset; total_rule=source_question
build_income_expenditure_crosswalk.py,INC_FAM_TOTAL,家庭收入,INC_FAM_TOTAL,家庭總收入,question_not_available,2014,103,,,,,,,,not_available_in_source_dataset,,question_options_103.csv,91 有家庭總收入級距；95 之後未單獨詢問家庭總收入。,mapping_relation=not_available_in_source_dataset; total_rule=source_question
build_income_expenditure_crosswalk.py,INC_FAM_TOTAL,家庭收入,INC_FAM_TOTAL,家庭總收入,question_not_available,2017,106,,,,,,,,not_available_in_source_dataset,,question_options_106.csv,91 有家庭總收入級距；95 之後未單獨詢問家庭總收入。,mapping_relation=not_available_in_source_dataset; total_rule=source_question
build_income_expenditure_crosswalk.py,INC_FAM_TOTAL,家庭收入,INC_FAM_TOTAL,家庭總收入,question_not_available,2021,110,,,,,,,,not_available_in_source_dataset,,question_options_110.csv,91 有家庭總收入級距；95 之後未單獨詢問家庭總收入。,mapping_relation=not_available_in_source_dataset; total_rule=source_question
build_income_expenditure_crosswalk.py,INC_FAM_WORK,家庭收入,INC_FAM_WORK,家庭工作收入,range_overlap,2002,91_1,22-1,I3,1,1,未滿2萬元,1.0,"9,999 元及以下",source_bin_spans_multiple_base_bins,工作收入是多少？,question_options_91_1.csv,以 103 年 I3 為基準。 103基準題號：I3。,mapping_relation=source_bin_spans_multiple_base_bins; total_rule=source_question
build_income_expenditure_crosswalk.py,INC_FAM_WORK,家庭收入,INC_FAM_WORK,家庭工作收入,range_overlap,2002,91_1,22-1,I3,2,1,未滿2萬元,2.0,"10,000-19,999 元",source_bin_spans_multiple_base_bins,工作收入是多少？,question_options_91_1.csv,以 103 年 I3 為基準。 103基準題號：I3。,mapping_relation=source_bin_spans_multiple_base_bins; total_rule=source_question
build_income_expenditure_crosswalk.py,INC_FAM_WORK,家庭收入,INC_FAM_WORK,家庭工作收入,range_overlap,2002,91_1,22-1,I3,1,2,2萬元至未滿4萬元,3.0,"20,000-29,999 元",source_bin_spans_multiple_base_bins,工作收入是多少？,question_options_91_1.csv,以 103 年 I3 為基準。 103基準題號：I3。,mapping_relation=source_bin_spans_multiple_base_bins; total_rule=source_question
build_income_expenditure_crosswalk.py,INC_FAM_WORK,家庭收入,INC_FAM_WORK,家庭工作收入,range_overlap,2002,91_1,22-1,I3,2,2,2萬元至未滿4萬元,4.0,"30,000-39,999 元",source_bin_spans_multiple_base_bins,工作收入是多少？,question_options_91_1.csv,以 103 年 I3 為基準。 103基準題號：I3。,mapping_relation=source_bin_spans_multiple_base_bins; total_rule=source_question
build_income_expenditure_crosswalk.py,INC_FAM_WORK,家庭收入,INC_FAM_WORK,家庭工作收入,range_overlap,2002,91_1,22-1,I3,1,3,4萬元至未滿6萬元,5.0,"40,000-49,999 元",source_bin_spans_multiple_base_bins,工作收入是多少？,question_options_91_1.csv,以 103 年 I3 為基準。 103基準題號：I3。,mapping_relation=source_bin_spans_multiple_base_bins; total_rule=source_question
build_income_expenditure_crosswalk.py,INC_FAM_WORK,家庭收入,INC_FAM_WORK,家庭工作收入,range_overlap,2002,91_1,22-1,I3,2,3,4萬元至未滿6萬元,6.0,"50,000-59,999 元",source_bin_spans_multiple_base_bins,工作收入是多少？,question_options_91_1.csv,以 103 年 I3 為基準。 103基準題號：I3。,mapping_relation=source_bin_spans_multiple_base_bins; total_rule=source_question
build_income_expenditure_crosswalk.py,INC_FAM_WORK,家庭收入,INC_FAM_WORK,家庭工作收入,range_overlap,2002,91_1,22-1,I3,1,4,6萬元至未滿8萬元,7.0,"60,000-69,999 元",source_bin_spans_multiple_base_bins,工作收入是多少？,question_options_91_1.csv,以 103 年 I3 為基準。 103基準題號：I3。,mapping_relation=source_bin_spans_multiple_base_bins; total_rule=source_question
build_income_expenditure_crosswalk.py,INC_FAM_WORK,家庭收入,INC_FAM_WORK,家庭工作收入,range_overlap,2002,91_1,22-1,I3,2,4,6萬元至未滿8萬元,8.0,"70,000-79,999 元",source_bin_spans_multiple_base_bins,工作收入是多少？,question_options_91_1.csv,以 103 年 I3 為基準。 103基準題號：I3。,mapping_relation=source_bin_spans_multiple_base_bins; total_rule=source_question
build_income_expenditure_crosswalk.py,INC_FAM_WORK,家庭收入,INC_FAM_WORK,家庭工作收入,range_overlap,2002,91_1,22-1,I3,1,5,8萬元至未滿10萬元,9.0,"80,000-89,999 元",source_bin_spans_multiple_base_bins,工作收入是多少？,question_options_91_1.csv,以 103 年 I3 為基準。 103基準題號：I3。,mapping_relation=source_bin_spans_multiple_base_bins; total_rule=source_question
build_income_expenditure_crosswalk.py,INC_FAM_WORK,家庭收入,INC_FAM_WORK,家庭工作收入,range_overlap,2002,91_1,22-1,I3,2,5,8萬元至未滿10萬元,10.0,"90,000-99,999 元",source_bin_spans_multiple_base_bins,工作收入是多少？,question_options_91_1.csv,以 103 年 I3 為基準。 103基準題號：I3。,mapping_relation=source_bin_spans_multiple_base_bins; total_rule=source_question
build_income_expenditure_crosswalk.py,INC_FAM_WORK,家庭收入,INC_FAM_WORK,家庭工作收入,range_overlap,2002,91_1,22-1,I3,1,6,10萬元至未滿12萬元,11.0,"100,000-129,999元",source_bin_within_base_bin,工作收入是多少？,question_options_91_1.csv,以 103 年 I3 為基準。 103基準題號：I3。,mapping_relation=source_bin_within_base_bin; total_rule=source_question
build_income_expenditure_crosswalk.py,INC_FAM_WORK,家庭收入,INC_FAM_WORK,家庭工作收入,range_overlap,2002,91_1,22-1,I3,1,7,12萬元至未滿15萬元,11.0,"100,000-129,999元",partial_overlap,工作收入是多少？,question_options_91_1.csv,以 103 年 I3 為基準。 103基準題號：I3。,mapping_relation=partial_overlap; total_rule=source_question
build_income_expenditure_crosswalk.py,INC_FAM_WORK,家庭收入,INC_FAM_WORK,家庭工作收入,range_overlap,2002,91_1,22-1,I3,2,7,12萬元至未滿15萬元,12.0,"130,000-159,999元",partial_overlap,工作收入是多少？,question_options_91_1.csv,以 103 年 I3 為基準。 103基準題號：I3。,mapping_relation=partial_overlap; total_rule=source_question
build_income_expenditure_crosswalk.py,INC_FAM_WORK,家庭收入,INC_FAM_WORK,家庭工作收入,range_overlap,2002,91_1,22-1,I3,1,8,15萬元以上（請記錄　　元）,12.0,"130,000-159,999元",partial_overlap,工作收入是多少？,question_options_91_1.csv,以 103 年 I3 為基準。 103基準題號：I3。,mapping_relation=partial_overlap; total_rule=source_question
build_income_expenditure_crosswalk.py,INC_FAM_WORK,家庭收入,INC_FAM_WORK,家庭工作收入,range_overlap,2002,91_1,22-1,I3,2,8,15萬元以上（請記錄　　元）,13.0,"160,000 元及以上，請記錄____________元",source_bin_spans_multiple_base_bins,工作收入是多少？,question_options_91_1.csv,以 103 年 I3 為基準。 103基準題號：I3。,mapping_relation=source_bin_spans_multiple_base_bins; total_rule=source_question
build_income_expenditure_crosswalk.py,INC_FAM_WORK,家庭收入,INC_FAM_WORK,家庭工作收入,range_overlap,2002,91_2,22-1,I3,1,1,未滿2萬元,1.0,"9,999 元及以下",source_bin_spans_multiple_base_bins,工作收入是多少？,question_options_91_2.csv,以 103 年 I3 為基準。 103基準題號：I3。,mapping_relation=source_bin_spans_multiple_base_bins; total_rule=source_question
build_income_expenditure_crosswalk.py,INC_FAM_WORK,家庭收入,INC_FAM_WORK,家庭工作收入,range_overlap,2002,91_2,22-1,I3,2,1,未滿2萬元,2.0,"10,000-19,999 元",source_bin_spans_multiple_base_bins,工作收入是多少？,question_options_91_2.csv,以 103 年 I3 為基準。 103基準題號：I3。,mapping_relation=source_bin_spans_multiple_base_bins; total_rule=source_question
build_income_expenditure_crosswalk.py,INC_FAM_WORK,家庭收入,INC_FAM_WORK,家庭工作收入,range_overlap,2002,91_2,22-1,I3,1,2,2萬元至未滿4萬元,3.0,"20,000-29,999 元",source_bin_spans_multiple_base_bins,工作收入是多少？,question_options_91_2.csv,以 103 年 I3 為基準。 103基準題號：I3。,mapping_relation=source_bin_spans_multiple_base_bins; total_rule=source_question
build_income_expenditure_crosswalk.py,INC_FAM_WORK,家庭收入,INC_FAM_WORK,家庭工作收入,range_overlap,2002,91_2,22-1,I3,2,2,2萬元至未滿4萬元,4.0,"30,000-39,999 元",source_bin_spans_multiple_base_bins,工作收入是多少？,question_options_91_2.csv,以 103 年 I3 為基準。 103基準題號：I3。,mapping_relation=source_bin_spans_multiple_base_bins; total_rule=source_question
build_income_expenditure_crosswalk.py,INC_FAM_WORK,家庭收入,INC_FAM_WORK,家庭工作收入,range_overlap,2002,91_2,22-1,I3,1,3,4萬元至未滿6萬元,5.0,"40,000-49,999 元",source_bin_spans_multiple_base_bins,工作收入是多少？,question_options_91_2.csv,以 103 年 I3 為基準。 103基準題號：I3。,mapping_relation=source_bin_spans_multiple_base_bins; total_rule=source_question
build_income_expenditure_crosswalk.py,INC_FAM_WORK,家庭收入,INC_FAM_WORK,家庭工作收入,range_overlap,2002,91_2,22-1,I3,2,3,4萬元至未滿6萬元,6.0,"50,000-59,999 元",source_bin_spans_multiple_base_bins,工作收入是多少？,question_options_91_2.csv,以 103 年 I3 為基準。 103基準題號：I3。,mapping_relation=source_bin_spans_multiple_base_bins; total_rule=source_question
build_income_expenditure_crosswalk.py,INC_FAM_WORK,家庭收入,INC_FAM_WORK,家庭工作收入,range_overlap,2002,91_2,22-1,I3,1,4,6萬元至未滿8萬元,7.0,"60,000-69,999 元",source_bin_spans_multiple_base_bins,工作收入是多少？,question_options_91_2.csv,以 103 年 I3 為基準。 103基準題號：I3。,mapping_relation=source_bin_spans_multiple_base_bins; total_rule=source_question
build_income_expenditure_crosswalk.py,INC_FAM_WORK,家庭收入,INC_FAM_WORK,家庭工作收入,range_overlap,2002,91_2,22-1,I3,2,4,6萬元至未滿8萬元,8.0,"70,000-79,999 元",source_bin_spans_multiple_base_bins,工作收入是多少？,question_options_91_2.csv,以 103 年 I3 為基準。 103基準題號：I3。,mapping_relation=source_bin_spans_multiple_base_bins; total_rule=source_question
build_income_expenditure_crosswalk.py,INC_FAM_WORK,家庭收入,INC_FAM_WORK,家庭工作收入,range_overlap,2002,91_2,22-1,I3,1,5,8萬元至未滿10萬元,9.0,"80,000-89,999 元",source_bin_spans_multiple_base_bins,工作收入是多少？,question_options_91_2.csv,以 103 年 I3 為基準。 103基準題號：I3。,mapping_relation=source_bin_spans_multiple_base_bins; total_rule=source_question
build_income_expenditure_crosswalk.py,INC_FAM_WORK,家庭收入,INC_FAM_WORK,家庭工作收入,range_overlap,2002,91_2,22-1,I3,2,5,8萬元至未滿10萬元,10.0,"90,000-99,999 元",source_bin_spans_multiple_base_bins,工作收入是多少？,question_options_91_2.csv,以 103 年 I3 為基準。 103基準題號：I3。,mapping_relation=source_bin_spans_multiple_base_bins; total_rule=source_question
build_income_expenditure_crosswalk.py,INC_FAM_WORK,家庭收入,INC_FAM_WORK,家庭工作收入,range_overlap,2002,91_2,22-1,I3,1,6,10萬元至未滿12萬元,11.0,"100,000-129,999元",source_bin_within_base_bin,工作收入是多少？,question_options_91_2.csv,以 103 年 I3 為基準。 103基準題號：I3。,mapping_relation=source_bin_within_base_bin; total_rule=source_question
build_income_expenditure_crosswalk.py,INC_FAM_WORK,家庭收入,INC_FAM_WORK,家庭工作收入,range_overlap,2002,91_2,22-1,I3,1,7,12萬元至未滿15萬元,11.0,"100,000-129,999元",partial_overlap,工作收入是多少？,question_options_91_2.csv,以 103 年 I3 為基準。 103基準題號：I3。,mapping_relation=partial_overlap; total_rule=source_question
build_income_expenditure_crosswalk.py,INC_FAM_WORK,家庭收入,INC_FAM_WORK,家庭工作收入,range_overlap,2002,91_2,22-1,I3,2,7,12萬元至未滿15萬元,12.0,"130,000-159,999元",partial_overlap,工作收入是多少？,question_options_91_2.csv,以 103 年 I3 為基準。 103基準題號：I3。,mapping_relation=partial_overlap; total_rule=source_question
build_income_expenditure_crosswalk.py,INC_FAM_WORK,家庭收入,INC_FAM_WORK,家庭工作收入,range_overlap,2002,91_2,22-1,I3,1,8,15萬元以上（請記錄　　元）,12.0,"130,000-159,999元",partial_overlap,工作收入是多少？,question_options_91_2.csv,以 103 年 I3 為基準。 103基準題號：I3。,mapping_relation=partial_overlap; total_rule=source_question
build_income_expenditure_crosswalk.py,INC_FAM_WORK,家庭收入,INC_FAM_WORK,家庭工作收入,range_overlap,2002,91_2,22-1,I3,2,8,15萬元以上（請記錄　　元）,13.0,"160,000 元及以上，請記錄____________元",source_bin_spans_multiple_base_bins,工作收入是多少？,question_options_91_2.csv,以 103 年 I3 為基準。 103基準題號：I3。,mapping_relation=source_bin_spans_multiple_base_bins; total_rule=source_question
build_income_expenditure_crosswalk.py,INC_FAM_WORK,家庭收入,INC_FAM_WORK,家庭工作收入,range_overlap,2006,95,Q11-1,I3,1,1.0,"9,999元及以下",1.0,"9,999 元及以下",exact_range,包含您本人，全家每個月的「工作薪水、兼差薪水、加班費、退休金，以,question_options_95.csv,以 103 年 I3 為基準。 103基準題號：I3。,mapping_relation=exact_range; total_rule=source_question
build_income_expenditure_crosswalk.py,INC_FAM_WORK,家庭收入,INC_FAM_WORK,家庭工作收入,range_overlap,2006,95,Q11-1,I3,1,2.0,"10,000-19,999元",2.0,"10,000-19,999 元",exact_range,包含您本人，全家每個月的「工作薪水、兼差薪水、加班費、退休金，以,question_options_95.csv,以 103 年 I3 為基準。 103基準題號：I3。,mapping_relation=exact_range; total_rule=source_question
build_income_expenditure_crosswalk.py,INC_FAM_WORK,家庭收入,INC_FAM_WORK,家庭工作收入,range_overlap,2006,95,Q11-1,I3,1,3.0,"20,000-29,999 元",3.0,"20,000-29,999 元",exact_range,包含您本人，全家每個月的「工作薪水、兼差薪水、加班費、退休金，以,question_options_95.csv,以 103 年 I3 為基準。 103基準題號：I3。,mapping_relation=exact_range; total_rule=source_question
build_income_expenditure_crosswalk.py,INC_FAM_WORK,家庭收入,INC_FAM_WORK,家庭工作收入,range_overlap,2006,95,Q11-1,I3,1,4.0,"30,000-39,999元",4.0,"30,000-39,999 元",exact_range,包含您本人，全家每個月的「工作薪水、兼差薪水、加班費、退休金，以,question_options_95.csv,以 103 年 I3 為基準。 103基準題號：I3。,mapping_relation=exact_range; total_rule=source_question
build_income_expenditure_crosswalk.py,INC_FAM_WORK,家庭收入,INC_FAM_WORK,家庭工作收入,range_overlap,2006,95,Q11-1,I3,1,5.0,"40,000-49,999 元",5.0,"40,000-49,999 元",exact_range,包含您本人，全家每個月的「工作薪水、兼差薪水、加班費、退休金，以,question_options_95.csv,以 103 年 I3 為基準。 103基準題號：I3。,mapping_relation=exact_range; total_rule=source_question
build_income_expenditure_crosswalk.py,INC_FAM_WORK,家庭收入,INC_FAM_WORK,家庭工作收入,range_overlap,2006,95,Q11-1,I3,1,6.0,"50,000-59,999元",6.0,"50,000-59,999 元",exact_range,包含您本人，全家每個月的「工作薪水、兼差薪水、加班費、退休金，以,question_options_95.csv,以 103 年 I3 為基準。 103基準題號：I3。,mapping_relation=exact_range; total_rule=source_question
build_income_expenditure_crosswalk.py,INC_FAM_WORK,家庭收入,INC_FAM_WORK,家庭工作收入,range_overlap,2006,95,Q11-1,I3,1,7.0,"60,000-69,999 元",7.0,"60,000-69,999 元",exact_range,包含您本人，全家每個月的「工作薪水、兼差薪水、加班費、退休金，以,question_options_95.csv,以 103 年 I3 為基準。 103基準題號：I3。,mapping_relation=exact_range; total_rule=source_question
build_income_expenditure_crosswalk.py,INC_FAM_WORK,家庭收入,INC_FAM_WORK,家庭工作收入,range_overlap,2006,95,Q11-1,I3,1,8.0,"70,000-79,999元",8.0,"70,000-79,999 元",exact_range,包含您本人，全家每個月的「工作薪水、兼差薪水、加班費、退休金，以,question_options_95.csv,以 103 年 I3 為基準。 103基準題號：I3。,mapping_relation=exact_range; total_rule=source_question
build_income_expenditure_crosswalk.py,INC_FAM_WORK,家庭收入,INC_FAM_WORK,家庭工作收入,range_overlap,2006,95,Q11-1,I3,1,9.0,"80,000-89,999 元",9.0,"80,000-89,999 元",exact_range,包含您本人，全家每個月的「工作薪水、兼差薪水、加班費、退休金，以,question_options_95.csv,以 103 年 I3 為基準。 103基準題號：I3。,mapping_relation=exact_range; total_rule=source_question
build_income_expenditure_crosswalk.py,INC_FAM_WORK,家庭收入,INC_FAM_WORK,家庭工作收入,range_overlap,2006,95,Q11-1,I3,1,10.0,"90,000-99,999元",10.0,"90,000-99,999 元",exact_range,包含您本人，全家每個月的「工作薪水、兼差薪水、加班費、退休金，以,question_options_95.csv,以 103 年 I3 為基準。 103基準題號：I3。,mapping_relation=exact_range; total_rule=source_question
build_income_expenditure_crosswalk.py,INC_FAM_WORK,家庭收入,INC_FAM_WORK,家庭工作收入,range_overlap,2006,95,Q11-1,I3,1,11.0,"100,000-129,999 元",11.0,"100,000-129,999元",exact_range,包含您本人，全家每個月的「工作薪水、兼差薪水、加班費、退休金，以,question_options_95.csv,以 103 年 I3 為基準。 103基準題號：I3。,mapping_relation=exact_range; total_rule=source_question
build_income_expenditure_crosswalk.py,INC_FAM_WORK,家庭收入,INC_FAM_WORK,家庭工作收入,range_overlap,2006,95,Q11-1,I3,1,12.0,"130,000-139,999元",12.0,"130,000-159,999元",source_bin_within_base_bin,包含您本人，全家每個月的「工作薪水、兼差薪水、加班費、退休金，以,question_options_95.csv,以 103 年 I3 為基準。 103基準題號：I3。,mapping_relation=source_bin_within_base_bin; total_rule=source_question
build_income_expenditure_crosswalk.py,INC_FAM_WORK,家庭收入,INC_FAM_WORK,家庭工作收入,range_overlap,2006,95,Q11-1,I3,1,90.0,"140,000元及以上，請記錄 元",12.0,"130,000-159,999元",partial_overlap,包含您本人，全家每個月的「工作薪水、兼差薪水、加班費、退休金，以,question_options_95.csv,以 103 年 I3 為基準。 103基準題號：I3。,mapping_relation=partial_overlap; total_rule=source_question
build_income_expenditure_crosswalk.py,INC_FAM_WORK,家庭收入,INC_FAM_WORK,家庭工作收入,range_overlap,2006,95,Q11-1,I3,2,90.0,"140,000元及以上，請記錄 元",13.0,"160,000 元及以上，請記錄____________元",source_bin_spans_multiple_base_bins,包含您本人，全家每個月的「工作薪水、兼差薪水、加班費、退休金，以,question_options_95.csv,以 103 年 I3 為基準。 103基準題號：I3。,mapping_relation=source_bin_spans_multiple_base_bins; total_rule=source_question
build_income_expenditure_crosswalk.py,INC_FAM_WORK,家庭收入,INC_FAM_WORK,家庭工作收入,range_overlap,2006,95,Q11-1,I3,1,95.0,沒有這項收入,14.0,沒有這項收入,exact_none,包含您本人，全家每個月的「工作薪水、兼差薪水、加班費、退休金，以,question_options_95.csv,以 103 年 I3 為基準。 103基準題號：I3。,mapping_relation=exact_none; total_rule=source_question
build_income_expenditure_crosswalk.py,INC_FAM_WORK,家庭收入,INC_FAM_WORK,家庭工作收入,range_overlap,2010,99,I2,I3,1,9,999 元及以下,1.0,"9,999 元及以下",source_bin_within_base_bin,"""包含您本人，全家每個月的「工作薪水、兼差薪水、加班費、退休金，或是從事農林漁牧業或自己做生意等」總收入是多少？【過去ㄧ年帄均每個月的金額】"", | ""包含您本人，全家每個月的「工作薪水、兼差薪水、加班費、退休金，或是從事農林漁牧業或自己做生意等」總收入是多少？【過去ㄧ年帄均每個月的金額】""",question_options_99.csv,以 103 年 I3 為基準。 103基準題號：I3。,mapping_relation=source_bin_within_base_bin; total_rule=source_question
build_income_expenditure_crosswalk.py,INC_FAM_WORK,家庭收入,INC_FAM_WORK,家庭工作收入,range_overlap,2010,99,I2,I3,1,10,"000-19,999 元",1.0,"9,999 元及以下",source_bin_spans_multiple_base_bins,"""包含您本人，全家每個月的「工作薪水、兼差薪水、加班費、退休金，或是從事農林漁牧業或自己做生意等」總收入是多少？【過去ㄧ年帄均每個月的金額】"", | ""包含您本人，全家每個月的「工作薪水、兼差薪水、加班費、退休金，或是從事農林漁牧業或自己做生意等」總收入是多少？【過去ㄧ年帄均每個月的金額】""",question_options_99.csv,以 103 年 I3 為基準。 103基準題號：I3。,mapping_relation=source_bin_spans_multiple_base_bins; total_rule=source_question
build_income_expenditure_crosswalk.py,INC_FAM_WORK,家庭收入,INC_FAM_WORK,家庭工作收入,range_overlap,2010,99,I2,I3,2,10,"000-19,999 元",2.0,"10,000-19,999 元",source_bin_spans_multiple_base_bins,"""包含您本人，全家每個月的「工作薪水、兼差薪水、加班費、退休金，或是從事農林漁牧業或自己做生意等」總收入是多少？【過去ㄧ年帄均每個月的金額】"", | ""包含您本人，全家每個月的「工作薪水、兼差薪水、加班費、退休金，或是從事農林漁牧業或自己做生意等」總收入是多少？【過去ㄧ年帄均每個月的金額】""",question_options_99.csv,以 103 年 I3 為基準。 103基準題號：I3。,mapping_relation=source_bin_spans_multiple_base_bins; total_rule=source_question
build_income_expenditure_crosswalk.py,INC_FAM_WORK,家庭收入,INC_FAM_WORK,家庭工作收入,range_overlap,2010,99,I2,I3,1,20,"000-29,999 元",1.0,"9,999 元及以下",source_bin_spans_multiple_base_bins,"""包含您本人，全家每個月的「工作薪水、兼差薪水、加班費、退休金，或是從事農林漁牧業或自己做生意等」總收入是多少？【過去ㄧ年帄均每個月的金額】"", | ""包含您本人，全家每個月的「工作薪水、兼差薪水、加班費、退休金，或是從事農林漁牧業或自己做生意等」總收入是多少？【過去ㄧ年帄均每個月的金額】""",question_options_99.csv,以 103 年 I3 為基準。 103基準題號：I3。,mapping_relation=source_bin_spans_multiple_base_bins; total_rule=source_question
build_income_expenditure_crosswalk.py,INC_FAM_WORK,家庭收入,INC_FAM_WORK,家庭工作收入,range_overlap,2010,99,I2,I3,2,20,"000-29,999 元",2.0,"10,000-19,999 元",source_bin_spans_multiple_base_bins,"""包含您本人，全家每個月的「工作薪水、兼差薪水、加班費、退休金，或是從事農林漁牧業或自己做生意等」總收入是多少？【過去ㄧ年帄均每個月的金額】"", | ""包含您本人，全家每個月的「工作薪水、兼差薪水、加班費、退休金，或是從事農林漁牧業或自己做生意等」總收入是多少？【過去ㄧ年帄均每個月的金額】""",question_options_99.csv,以 103 年 I3 為基準。 103基準題號：I3。,mapping_relation=source_bin_spans_multiple_base_bins; total_rule=source_question
build_income_expenditure_crosswalk.py,INC_FAM_WORK,家庭收入,INC_FAM_WORK,家庭工作收入,range_overlap,2010,99,I2,I3,3,20,"000-29,999 元",3.0,"20,000-29,999 元",source_bin_spans_multiple_base_bins,"""包含您本人，全家每個月的「工作薪水、兼差薪水、加班費、退休金，或是從事農林漁牧業或自己做生意等」總收入是多少？【過去ㄧ年帄均每個月的金額】"", | ""包含您本人，全家每個月的「工作薪水、兼差薪水、加班費、退休金，或是從事農林漁牧業或自己做生意等」總收入是多少？【過去ㄧ年帄均每個月的金額】""",question_options_99.csv,以 103 年 I3 為基準。 103基準題號：I3。,mapping_relation=source_bin_spans_multiple_base_bins; total_rule=source_question
build_income_expenditure_crosswalk.py,INC_FAM_WORK,家庭收入,INC_FAM_WORK,家庭工作收入,range_overlap,2010,99,I2,I3,1,30,"000-39,999 元",1.0,"9,999 元及以下",source_bin_spans_multiple_base_bins,"""包含您本人，全家每個月的「工作薪水、兼差薪水、加班費、退休金，或是從事農林漁牧業或自己做生意等」總收入是多少？【過去ㄧ年帄均每個月的金額】"", | ""包含您本人，全家每個月的「工作薪水、兼差薪水、加班費、退休金，或是從事農林漁牧業或自己做生意等」總收入是多少？【過去ㄧ年帄均每個月的金額】""",question_options_99.csv,以 103 年 I3 為基準。 103基準題號：I3。,mapping_relation=source_bin_spans_multiple_base_bins; total_rule=source_question
build_income_expenditure_crosswalk.py,INC_FAM_WORK,家庭收入,INC_FAM_WORK,家庭工作收入,range_overlap,2010,99,I2,I3,2,30,"000-39,999 元",2.0,"10,000-19,999 元",source_bin_spans_multiple_base_bins,"""包含您本人，全家每個月的「工作薪水、兼差薪水、加班費、退休金，或是從事農林漁牧業或自己做生意等」總收入是多少？【過去ㄧ年帄均每個月的金額】"", | ""包含您本人，全家每個月的「工作薪水、兼差薪水、加班費、退休金，或是從事農林漁牧業或自己做生意等」總收入是多少？【過去ㄧ年帄均每個月的金額】""",question_options_99.csv,以 103 年 I3 為基準。 103基準題號：I3。,mapping_relation=source_bin_spans_multiple_base_bins; total_rule=source_question
build_income_expenditure_crosswalk.py,INC_FAM_WORK,家庭收入,INC_FAM_WORK,家庭工作收入,range_overlap,2010,99,I2,I3,3,30,"000-39,999 元",3.0,"20,000-29,999 元",source_bin_spans_multiple_base_bins,"""包含您本人，全家每個月的「工作薪水、兼差薪水、加班費、退休金，或是從事農林漁牧業或自己做生意等」總收入是多少？【過去ㄧ年帄均每個月的金額】"", | ""包含您本人，全家每個月的「工作薪水、兼差薪水、加班費、退休金，或是從事農林漁牧業或自己做生意等」總收入是多少？【過去ㄧ年帄均每個月的金額】""",question_options_99.csv,以 103 年 I3 為基準。 103基準題號：I3。,mapping_relation=source_bin_spans_multiple_base_bins; total_rule=source_question
build_income_expenditure_crosswalk.py,INC_FAM_WORK,家庭收入,INC_FAM_WORK,家庭工作收入,range_overlap,2010,99,I2,I3,4,30,"000-39,999 元",4.0,"30,000-39,999 元",source_bin_spans_multiple_base_bins,"""包含您本人，全家每個月的「工作薪水、兼差薪水、加班費、退休金，或是從事農林漁牧業或自己做生意等」總收入是多少？【過去ㄧ年帄均每個月的金額】"", | ""包含您本人，全家每個月的「工作薪水、兼差薪水、加班費、退休金，或是從事農林漁牧業或自己做生意等」總收入是多少？【過去ㄧ年帄均每個月的金額】""",question_options_99.csv,以 103 年 I3 為基準。 103基準題號：I3。,mapping_relation=source_bin_spans_multiple_base_bins; total_rule=source_question
build_income_expenditure_crosswalk.py,INC_FAM_WORK,家庭收入,INC_FAM_WORK,家庭工作收入,range_overlap,2010,99,I2,I3,1,40,"000-49,999 元",1.0,"9,999 元及以下",source_bin_spans_multiple_base_bins,"""包含您本人，全家每個月的「工作薪水、兼差薪水、加班費、退休金，或是從事農林漁牧業或自己做生意等」總收入是多少？【過去ㄧ年帄均每個月的金額】"", | ""包含您本人，全家每個月的「工作薪水、兼差薪水、加班費、退休金，或是從事農林漁牧業或自己做生意等」總收入是多少？【過去ㄧ年帄均每個月的金額】""",question_options_99.csv,以 103 年 I3 為基準。 103基準題號：I3。,mapping_relation=source_bin_spans_multiple_base_bins; total_rule=source_question
build_income_expenditure_crosswalk.py,INC_FAM_WORK,家庭收入,INC_FAM_WORK,家庭工作收入,range_overlap,2010,99,I2,I3,2,40,"000-49,999 元",2.0,"10,000-19,999 元",source_bin_spans_multiple_base_bins,"""包含您本人，全家每個月的「工作薪水、兼差薪水、加班費、退休金，或是從事農林漁牧業或自己做生意等」總收入是多少？【過去ㄧ年帄均每個月的金額】"", | ""包含您本人，全家每個月的「工作薪水、兼差薪水、加班費、退休金，或是從事農林漁牧業或自己做生意等」總收入是多少？【過去ㄧ年帄均每個月的金額】""",question_options_99.csv,以 103 年 I3 為基準。 103基準題號：I3。,mapping_relation=source_bin_spans_multiple_base_bins; total_rule=source_question
build_income_expenditure_crosswalk.py,INC_FAM_WORK,家庭收入,INC_FAM_WORK,家庭工作收入,range_overlap,2010,99,I2,I3,3,40,"000-49,999 元",3.0,"20,000-29,999 元",source_bin_spans_multiple_base_bins,"""包含您本人，全家每個月的「工作薪水、兼差薪水、加班費、退休金，或是從事農林漁牧業或自己做生意等」總收入是多少？【過去ㄧ年帄均每個月的金額】"", | ""包含您本人，全家每個月的「工作薪水、兼差薪水、加班費、退休金，或是從事農林漁牧業或自己做生意等」總收入是多少？【過去ㄧ年帄均每個月的金額】""",question_options_99.csv,以 103 年 I3 為基準。 103基準題號：I3。,mapping_relation=source_bin_spans_multiple_base_bins; total_rule=source_question
build_income_expenditure_crosswalk.py,INC_FAM_WORK,家庭收入,INC_FAM_WORK,家庭工作收入,range_overlap,2010,99,I2,I3,4,40,"000-49,999 元",4.0,"30,000-39,999 元",source_bin_spans_multiple_base_bins,"""包含您本人，全家每個月的「工作薪水、兼差薪水、加班費、退休金，或是從事農林漁牧業或自己做生意等」總收入是多少？【過去ㄧ年帄均每個月的金額】"", | ""包含您本人，全家每個月的「工作薪水、兼差薪水、加班費、退休金，或是從事農林漁牧業或自己做生意等」總收入是多少？【過去ㄧ年帄均每個月的金額】""",question_options_99.csv,以 103 年 I3 為基準。 103基準題號：I3。,mapping_relation=source_bin_spans_multiple_base_bins; total_rule=source_question
build_income_expenditure_crosswalk.py,INC_FAM_WORK,家庭收入,INC_FAM_WORK,家庭工作收入,range_overlap,2010,99,I2,I3,5,40,"000-49,999 元",5.0,"40,000-49,999 元",source_bin_spans_multiple_base_bins,"""包含您本人，全家每個月的「工作薪水、兼差薪水、加班費、退休金，或是從事農林漁牧業或自己做生意等」總收入是多少？【過去ㄧ年帄均每個月的金額】"", | ""包含您本人，全家每個月的「工作薪水、兼差薪水、加班費、退休金，或是從事農林漁牧業或自己做生意等」總收入是多少？【過去ㄧ年帄均每個月的金額】""",question_options_99.csv,以 103 年 I3 為基準。 103基準題號：I3。,mapping_relation=source_bin_spans_multiple_base_bins; total_rule=source_question
build_income_expenditure_crosswalk.py,INC_FAM_WORK,家庭收入,INC_FAM_WORK,家庭工作收入,range_overlap,2010,99,I2,I3,1,50,"000-59,999 元",1.0,"9,999 元及以下",source_bin_spans_multiple_base_bins,"""包含您本人，全家每個月的「工作薪水、兼差薪水、加班費、退休金，或是從事農林漁牧業或自己做生意等」總收入是多少？【過去ㄧ年帄均每個月的金額】"", | ""包含您本人，全家每個月的「工作薪水、兼差薪水、加班費、退休金，或是從事農林漁牧業或自己做生意等」總收入是多少？【過去ㄧ年帄均每個月的金額】""",question_options_99.csv,以 103 年 I3 為基準。 103基準題號：I3。,mapping_relation=source_bin_spans_multiple_base_bins; total_rule=source_question
build_income_expenditure_crosswalk.py,INC_FAM_WORK,家庭收入,INC_FAM_WORK,家庭工作收入,range_overlap,2010,99,I2,I3,2,50,"000-59,999 元",2.0,"10,000-19,999 元",source_bin_spans_multiple_base_bins,"""包含您本人，全家每個月的「工作薪水、兼差薪水、加班費、退休金，或是從事農林漁牧業或自己做生意等」總收入是多少？【過去ㄧ年帄均每個月的金額】"", | ""包含您本人，全家每個月的「工作薪水、兼差薪水、加班費、退休金，或是從事農林漁牧業或自己做生意等」總收入是多少？【過去ㄧ年帄均每個月的金額】""",question_options_99.csv,以 103 年 I3 為基準。 103基準題號：I3。,mapping_relation=source_bin_spans_multiple_base_bins; total_rule=source_question
build_income_expenditure_crosswalk.py,INC_FAM_WORK,家庭收入,INC_FAM_WORK,家庭工作收入,range_overlap,2010,99,I2,I3,3,50,"000-59,999 元",3.0,"20,000-29,999 元",source_bin_spans_multiple_base_bins,"""包含您本人，全家每個月的「工作薪水、兼差薪水、加班費、退休金，或是從事農林漁牧業或自己做生意等」總收入是多少？【過去ㄧ年帄均每個月的金額】"", | ""包含您本人，全家每個月的「工作薪水、兼差薪水、加班費、退休金，或是從事農林漁牧業或自己做生意等」總收入是多少？【過去ㄧ年帄均每個月的金額】""",question_options_99.csv,以 103 年 I3 為基準。 103基準題號：I3。,mapping_relation=source_bin_spans_multiple_base_bins; total_rule=source_question
build_income_expenditure_crosswalk.py,INC_FAM_WORK,家庭收入,INC_FAM_WORK,家庭工作收入,range_overlap,2010,99,I2,I3,4,50,"000-59,999 元",4.0,"30,000-39,999 元",source_bin_spans_multiple_base_bins,"""包含您本人，全家每個月的「工作薪水、兼差薪水、加班費、退休金，或是從事農林漁牧業或自己做生意等」總收入是多少？【過去ㄧ年帄均每個月的金額】"", | ""包含您本人，全家每個月的「工作薪水、兼差薪水、加班費、退休金，或是從事農林漁牧業或自己做生意等」總收入是多少？【過去ㄧ年帄均每個月的金額】""",question_options_99.csv,以 103 年 I3 為基準。 103基準題號：I3。,mapping_relation=source_bin_spans_multiple_base_bins; total_rule=source_question
build_income_expenditure_crosswalk.py,INC_FAM_WORK,家庭收入,INC_FAM_WORK,家庭工作收入,range_overlap,2010,99,I2,I3,5,50,"000-59,999 元",5.0,"40,000-49,999 元",source_bin_spans_multiple_base_bins,"""包含您本人，全家每個月的「工作薪水、兼差薪水、加班費、退休金，或是從事農林漁牧業或自己做生意等」總收入是多少？【過去ㄧ年帄均每個月的金額】"", | ""包含您本人，全家每個月的「工作薪水、兼差薪水、加班費、退休金，或是從事農林漁牧業或自己做生意等」總收入是多少？【過去ㄧ年帄均每個月的金額】""",question_options_99.csv,以 103 年 I3 為基準。 103基準題號：I3。,mapping_relation=source_bin_spans_multiple_base_bins; total_rule=source_question
build_income_expenditure_crosswalk.py,INC_FAM_WORK,家庭收入,INC_FAM_WORK,家庭工作收入,range_overlap,2010,99,I2,I3,6,50,"000-59,999 元",6.0,"50,000-59,999 元",source_bin_spans_multiple_base_bins,"""包含您本人，全家每個月的「工作薪水、兼差薪水、加班費、退休金，或是從事農林漁牧業或自己做生意等」總收入是多少？【過去ㄧ年帄均每個月的金額】"", | ""包含您本人，全家每個月的「工作薪水、兼差薪水、加班費、退休金，或是從事農林漁牧業或自己做生意等」總收入是多少？【過去ㄧ年帄均每個月的金額】""",question_options_99.csv,以 103 年 I3 為基準。 103基準題號：I3。,mapping_relation=source_bin_spans_multiple_base_bins; total_rule=source_question
build_income_expenditure_crosswalk.py,INC_FAM_WORK,家庭收入,INC_FAM_WORK,家庭工作收入,range_overlap,2010,99,I2,I3,1,60,"000-69,999 元",1.0,"9,999 元及以下",source_bin_spans_multiple_base_bins,"""包含您本人，全家每個月的「工作薪水、兼差薪水、加班費、退休金，或是從事農林漁牧業或自己做生意等」總收入是多少？【過去ㄧ年帄均每個月的金額】"", | ""包含您本人，全家每個月的「工作薪水、兼差薪水、加班費、退休金，或是從事農林漁牧業或自己做生意等」總收入是多少？【過去ㄧ年帄均每個月的金額】""",question_options_99.csv,以 103 年 I3 為基準。 103基準題號：I3。,mapping_relation=source_bin_spans_multiple_base_bins; total_rule=source_question
build_income_expenditure_crosswalk.py,INC_FAM_WORK,家庭收入,INC_FAM_WORK,家庭工作收入,range_overlap,2010,99,I2,I3,2,60,"000-69,999 元",2.0,"10,000-19,999 元",source_bin_spans_multiple_base_bins,"""包含您本人，全家每個月的「工作薪水、兼差薪水、加班費、退休金，或是從事農林漁牧業或自己做生意等」總收入是多少？【過去ㄧ年帄均每個月的金額】"", | ""包含您本人，全家每個月的「工作薪水、兼差薪水、加班費、退休金，或是從事農林漁牧業或自己做生意等」總收入是多少？【過去ㄧ年帄均每個月的金額】""",question_options_99.csv,以 103 年 I3 為基準。 103基準題號：I3。,mapping_relation=source_bin_spans_multiple_base_bins; total_rule=source_question
build_income_expenditure_crosswalk.py,INC_FAM_WORK,家庭收入,INC_FAM_WORK,家庭工作收入,range_overlap,2010,99,I2,I3,3,60,"000-69,999 元",3.0,"20,000-29,999 元",source_bin_spans_multiple_base_bins,"""包含您本人，全家每個月的「工作薪水、兼差薪水、加班費、退休金，或是從事農林漁牧業或自己做生意等」總收入是多少？【過去ㄧ年帄均每個月的金額】"", | ""包含您本人，全家每個月的「工作薪水、兼差薪水、加班費、退休金，或是從事農林漁牧業或自己做生意等」總收入是多少？【過去ㄧ年帄均每個月的金額】""",question_options_99.csv,以 103 年 I3 為基準。 103基準題號：I3。,mapping_relation=source_bin_spans_multiple_base_bins; total_rule=source_question
build_income_expenditure_crosswalk.py,INC_FAM_WORK,家庭收入,INC_FAM_WORK,家庭工作收入,range_overlap,2010,99,I2,I3,4,60,"000-69,999 元",4.0,"30,000-39,999 元",source_bin_spans_multiple_base_bins,"""包含您本人，全家每個月的「工作薪水、兼差薪水、加班費、退休金，或是從事農林漁牧業或自己做生意等」總收入是多少？【過去ㄧ年帄均每個月的金額】"", | ""包含您本人，全家每個月的「工作薪水、兼差薪水、加班費、退休金，或是從事農林漁牧業或自己做生意等」總收入是多少？【過去ㄧ年帄均每個月的金額】""",question_options_99.csv,以 103 年 I3 為基準。 103基準題號：I3。,mapping_relation=source_bin_spans_multiple_base_bins; total_rule=source_question
build_income_expenditure_crosswalk.py,INC_FAM_WORK,家庭收入,INC_FAM_WORK,家庭工作收入,range_overlap,2010,99,I2,I3,5,60,"000-69,999 元",5.0,"40,000-49,999 元",source_bin_spans_multiple_base_bins,"""包含您本人，全家每個月的「工作薪水、兼差薪水、加班費、退休金，或是從事農林漁牧業或自己做生意等」總收入是多少？【過去ㄧ年帄均每個月的金額】"", | ""包含您本人，全家每個月的「工作薪水、兼差薪水、加班費、退休金，或是從事農林漁牧業或自己做生意等」總收入是多少？【過去ㄧ年帄均每個月的金額】""",question_options_99.csv,以 103 年 I3 為基準。 103基準題號：I3。,mapping_relation=source_bin_spans_multiple_base_bins; total_rule=source_question
build_income_expenditure_crosswalk.py,INC_FAM_WORK,家庭收入,INC_FAM_WORK,家庭工作收入,range_overlap,2010,99,I2,I3,6,60,"000-69,999 元",6.0,"50,000-59,999 元",source_bin_spans_multiple_base_bins,"""包含您本人，全家每個月的「工作薪水、兼差薪水、加班費、退休金，或是從事農林漁牧業或自己做生意等」總收入是多少？【過去ㄧ年帄均每個月的金額】"", | ""包含您本人，全家每個月的「工作薪水、兼差薪水、加班費、退休金，或是從事農林漁牧業或自己做生意等」總收入是多少？【過去ㄧ年帄均每個月的金額】""",question_options_99.csv,以 103 年 I3 為基準。 103基準題號：I3。,mapping_relation=source_bin_spans_multiple_base_bins; total_rule=source_question
build_income_expenditure_crosswalk.py,INC_FAM_WORK,家庭收入,INC_FAM_WORK,家庭工作收入,range_overlap,2010,99,I2,I3,7,60,"000-69,999 元",7.0,"60,000-69,999 元",source_bin_spans_multiple_base_bins,"""包含您本人，全家每個月的「工作薪水、兼差薪水、加班費、退休金，或是從事農林漁牧業或自己做生意等」總收入是多少？【過去ㄧ年帄均每個月的金額】"", | ""包含您本人，全家每個月的「工作薪水、兼差薪水、加班費、退休金，或是從事農林漁牧業或自己做生意等」總收入是多少？【過去ㄧ年帄均每個月的金額】""",question_options_99.csv,以 103 年 I3 為基準。 103基準題號：I3。,mapping_relation=source_bin_spans_multiple_base_bins; total_rule=source_question
build_income_expenditure_crosswalk.py,INC_FAM_WORK,家庭收入,INC_FAM_WORK,家庭工作收入,range_overlap,2010,99,I2,I3,1,70,"000-79,999 元",1.0,"9,999 元及以下",source_bin_spans_multiple_base_bins,"""包含您本人，全家每個月的「工作薪水、兼差薪水、加班費、退休金，或是從事農林漁牧業或自己做生意等」總收入是多少？【過去ㄧ年帄均每個月的金額】"", | ""包含您本人，全家每個月的「工作薪水、兼差薪水、加班費、退休金，或是從事農林漁牧業或自己做生意等」總收入是多少？【過去ㄧ年帄均每個月的金額】""",question_options_99.csv,以 103 年 I3 為基準。 103基準題號：I3。,mapping_relation=source_bin_spans_multiple_base_bins; total_rule=source_question
build_income_expenditure_crosswalk.py,INC_FAM_WORK,家庭收入,INC_FAM_WORK,家庭工作收入,range_overlap,2010,99,I2,I3,2,70,"000-79,999 元",2.0,"10,000-19,999 元",source_bin_spans_multiple_base_bins,"""包含您本人，全家每個月的「工作薪水、兼差薪水、加班費、退休金，或是從事農林漁牧業或自己做生意等」總收入是多少？【過去ㄧ年帄均每個月的金額】"", | ""包含您本人，全家每個月的「工作薪水、兼差薪水、加班費、退休金，或是從事農林漁牧業或自己做生意等」總收入是多少？【過去ㄧ年帄均每個月的金額】""",question_options_99.csv,以 103 年 I3 為基準。 103基準題號：I3。,mapping_relation=source_bin_spans_multiple_base_bins; total_rule=source_question
build_income_expenditure_crosswalk.py,INC_FAM_WORK,家庭收入,INC_FAM_WORK,家庭工作收入,range_overlap,2010,99,I2,I3,3,70,"000-79,999 元",3.0,"20,000-29,999 元",source_bin_spans_multiple_base_bins,"""包含您本人，全家每個月的「工作薪水、兼差薪水、加班費、退休金，或是從事農林漁牧業或自己做生意等」總收入是多少？【過去ㄧ年帄均每個月的金額】"", | ""包含您本人，全家每個月的「工作薪水、兼差薪水、加班費、退休金，或是從事農林漁牧業或自己做生意等」總收入是多少？【過去ㄧ年帄均每個月的金額】""",question_options_99.csv,以 103 年 I3 為基準。 103基準題號：I3。,mapping_relation=source_bin_spans_multiple_base_bins; total_rule=source_question
build_income_expenditure_crosswalk.py,INC_FAM_WORK,家庭收入,INC_FAM_WORK,家庭工作收入,range_overlap,2010,99,I2,I3,4,70,"000-79,999 元",4.0,"30,000-39,999 元",source_bin_spans_multiple_base_bins,"""包含您本人，全家每個月的「工作薪水、兼差薪水、加班費、退休金，或是從事農林漁牧業或自己做生意等」總收入是多少？【過去ㄧ年帄均每個月的金額】"", | ""包含您本人，全家每個月的「工作薪水、兼差薪水、加班費、退休金，或是從事農林漁牧業或自己做生意等」總收入是多少？【過去ㄧ年帄均每個月的金額】""",question_options_99.csv,以 103 年 I3 為基準。 103基準題號：I3。,mapping_relation=source_bin_spans_multiple_base_bins; total_rule=source_question
build_income_expenditure_crosswalk.py,INC_FAM_WORK,家庭收入,INC_FAM_WORK,家庭工作收入,range_overlap,2010,99,I2,I3,5,70,"000-79,999 元",5.0,"40,000-49,999 元",source_bin_spans_multiple_base_bins,"""包含您本人，全家每個月的「工作薪水、兼差薪水、加班費、退休金，或是從事農林漁牧業或自己做生意等」總收入是多少？【過去ㄧ年帄均每個月的金額】"", | ""包含您本人，全家每個月的「工作薪水、兼差薪水、加班費、退休金，或是從事農林漁牧業或自己做生意等」總收入是多少？【過去ㄧ年帄均每個月的金額】""",question_options_99.csv,以 103 年 I3 為基準。 103基準題號：I3。,mapping_relation=source_bin_spans_multiple_base_bins; total_rule=source_question
build_income_expenditure_crosswalk.py,INC_FAM_WORK,家庭收入,INC_FAM_WORK,家庭工作收入,range_overlap,2010,99,I2,I3,6,70,"000-79,999 元",6.0,"50,000-59,999 元",source_bin_spans_multiple_base_bins,"""包含您本人，全家每個月的「工作薪水、兼差薪水、加班費、退休金，或是從事農林漁牧業或自己做生意等」總收入是多少？【過去ㄧ年帄均每個月的金額】"", | ""包含您本人，全家每個月的「工作薪水、兼差薪水、加班費、退休金，或是從事農林漁牧業或自己做生意等」總收入是多少？【過去ㄧ年帄均每個月的金額】""",question_options_99.csv,以 103 年 I3 為基準。 103基準題號：I3。,mapping_relation=source_bin_spans_multiple_base_bins; total_rule=source_question
build_income_expenditure_crosswalk.py,INC_FAM_WORK,家庭收入,INC_FAM_WORK,家庭工作收入,range_overlap,2010,99,I2,I3,7,70,"000-79,999 元",7.0,"60,000-69,999 元",source_bin_spans_multiple_base_bins,"""包含您本人，全家每個月的「工作薪水、兼差薪水、加班費、退休金，或是從事農林漁牧業或自己做生意等」總收入是多少？【過去ㄧ年帄均每個月的金額】"", | ""包含您本人，全家每個月的「工作薪水、兼差薪水、加班費、退休金，或是從事農林漁牧業或自己做生意等」總收入是多少？【過去ㄧ年帄均每個月的金額】""",question_options_99.csv,以 103 年 I3 為基準。 103基準題號：I3。,mapping_relation=source_bin_spans_multiple_base_bins; total_rule=source_question
build_income_expenditure_crosswalk.py,INC_FAM_WORK,家庭收入,INC_FAM_WORK,家庭工作收入,range_overlap,2010,99,I2,I3,8,70,"000-79,999 元",8.0,"70,000-79,999 元",source_bin_spans_multiple_base_bins,"""包含您本人，全家每個月的「工作薪水、兼差薪水、加班費、退休金，或是從事農林漁牧業或自己做生意等」總收入是多少？【過去ㄧ年帄均每個月的金額】"", | ""包含您本人，全家每個月的「工作薪水、兼差薪水、加班費、退休金，或是從事農林漁牧業或自己做生意等」總收入是多少？【過去ㄧ年帄均每個月的金額】""",question_options_99.csv,以 103 年 I3 為基準。 103基準題號：I3。,mapping_relation=source_bin_spans_multiple_base_bins; total_rule=source_question
build_income_expenditure_crosswalk.py,INC_FAM_WORK,家庭收入,INC_FAM_WORK,家庭工作收入,range_overlap,2010,99,I2,I3,1,80,"000-89,999 元",1.0,"9,999 元及以下",source_bin_spans_multiple_base_bins,"""包含您本人，全家每個月的「工作薪水、兼差薪水、加班費、退休金，或是從事農林漁牧業或自己做生意等」總收入是多少？【過去ㄧ年帄均每個月的金額】"", | ""包含您本人，全家每個月的「工作薪水、兼差薪水、加班費、退休金，或是從事農林漁牧業或自己做生意等」總收入是多少？【過去ㄧ年帄均每個月的金額】""",question_options_99.csv,以 103 年 I3 為基準。 103基準題號：I3。,mapping_relation=source_bin_spans_multiple_base_bins; total_rule=source_question
build_income_expenditure_crosswalk.py,INC_FAM_WORK,家庭收入,INC_FAM_WORK,家庭工作收入,range_overlap,2010,99,I2,I3,2,80,"000-89,999 元",2.0,"10,000-19,999 元",source_bin_spans_multiple_base_bins,"""包含您本人，全家每個月的「工作薪水、兼差薪水、加班費、退休金，或是從事農林漁牧業或自己做生意等」總收入是多少？【過去ㄧ年帄均每個月的金額】"", | ""包含您本人，全家每個月的「工作薪水、兼差薪水、加班費、退休金，或是從事農林漁牧業或自己做生意等」總收入是多少？【過去ㄧ年帄均每個月的金額】""",question_options_99.csv,以 103 年 I3 為基準。 103基準題號：I3。,mapping_relation=source_bin_spans_multiple_base_bins; total_rule=source_question
build_income_expenditure_crosswalk.py,INC_FAM_WORK,家庭收入,INC_FAM_WORK,家庭工作收入,range_overlap,2010,99,I2,I3,3,80,"000-89,999 元",3.0,"20,000-29,999 元",source_bin_spans_multiple_base_bins,"""包含您本人，全家每個月的「工作薪水、兼差薪水、加班費、退休金，或是從事農林漁牧業或自己做生意等」總收入是多少？【過去ㄧ年帄均每個月的金額】"", | ""包含您本人，全家每個月的「工作薪水、兼差薪水、加班費、退休金，或是從事農林漁牧業或自己做生意等」總收入是多少？【過去ㄧ年帄均每個月的金額】""",question_options_99.csv,以 103 年 I3 為基準。 103基準題號：I3。,mapping_relation=source_bin_spans_multiple_base_bins; total_rule=source_question
build_income_expenditure_crosswalk.py,INC_FAM_WORK,家庭收入,INC_FAM_WORK,家庭工作收入,range_overlap,2010,99,I2,I3,4,80,"000-89,999 元",4.0,"30,000-39,999 元",source_bin_spans_multiple_base_bins,"""包含您本人，全家每個月的「工作薪水、兼差薪水、加班費、退休金，或是從事農林漁牧業或自己做生意等」總收入是多少？【過去ㄧ年帄均每個月的金額】"", | ""包含您本人，全家每個月的「工作薪水、兼差薪水、加班費、退休金，或是從事農林漁牧業或自己做生意等」總收入是多少？【過去ㄧ年帄均每個月的金額】""",question_options_99.csv,以 103 年 I3 為基準。 103基準題號：I3。,mapping_relation=source_bin_spans_multiple_base_bins; total_rule=source_question
build_income_expenditure_crosswalk.py,INC_FAM_WORK,家庭收入,INC_FAM_WORK,家庭工作收入,range_overlap,2010,99,I2,I3,5,80,"000-89,999 元",5.0,"40,000-49,999 元",source_bin_spans_multiple_base_bins,"""包含您本人，全家每個月的「工作薪水、兼差薪水、加班費、退休金，或是從事農林漁牧業或自己做生意等」總收入是多少？【過去ㄧ年帄均每個月的金額】"", | ""包含您本人，全家每個月的「工作薪水、兼差薪水、加班費、退休金，或是從事農林漁牧業或自己做生意等」總收入是多少？【過去ㄧ年帄均每個月的金額】""",question_options_99.csv,以 103 年 I3 為基準。 103基準題號：I3。,mapping_relation=source_bin_spans_multiple_base_bins; total_rule=source_question
build_income_expenditure_crosswalk.py,INC_FAM_WORK,家庭收入,INC_FAM_WORK,家庭工作收入,range_overlap,2010,99,I2,I3,6,80,"000-89,999 元",6.0,"50,000-59,999 元",source_bin_spans_multiple_base_bins,"""包含您本人，全家每個月的「工作薪水、兼差薪水、加班費、退休金，或是從事農林漁牧業或自己做生意等」總收入是多少？【過去ㄧ年帄均每個月的金額】"", | ""包含您本人，全家每個月的「工作薪水、兼差薪水、加班費、退休金，或是從事農林漁牧業或自己做生意等」總收入是多少？【過去ㄧ年帄均每個月的金額】""",question_options_99.csv,以 103 年 I3 為基準。 103基準題號：I3。,mapping_relation=source_bin_spans_multiple_base_bins; total_rule=source_question
build_income_expenditure_crosswalk.py,INC_FAM_WORK,家庭收入,INC_FAM_WORK,家庭工作收入,range_overlap,2010,99,I2,I3,7,80,"000-89,999 元",7.0,"60,000-69,999 元",source_bin_spans_multiple_base_bins,"""包含您本人，全家每個月的「工作薪水、兼差薪水、加班費、退休金，或是從事農林漁牧業或自己做生意等」總收入是多少？【過去ㄧ年帄均每個月的金額】"", | ""包含您本人，全家每個月的「工作薪水、兼差薪水、加班費、退休金，或是從事農林漁牧業或自己做生意等」總收入是多少？【過去ㄧ年帄均每個月的金額】""",question_options_99.csv,以 103 年 I3 為基準。 103基準題號：I3。,mapping_relation=source_bin_spans_multiple_base_bins; total_rule=source_question
build_income_expenditure_crosswalk.py,INC_FAM_WORK,家庭收入,INC_FAM_WORK,家庭工作收入,range_overlap,2010,99,I2,I3,8,80,"000-89,999 元",8.0,"70,000-79,999 元",source_bin_spans_multiple_base_bins,"""包含您本人，全家每個月的「工作薪水、兼差薪水、加班費、退休金，或是從事農林漁牧業或自己做生意等」總收入是多少？【過去ㄧ年帄均每個月的金額】"", | ""包含您本人，全家每個月的「工作薪水、兼差薪水、加班費、退休金，或是從事農林漁牧業或自己做生意等」總收入是多少？【過去ㄧ年帄均每個月的金額】""",question_options_99.csv,以 103 年 I3 為基準。 103基準題號：I3。,mapping_relation=source_bin_spans_multiple_base_bins; total_rule=source_question
build_income_expenditure_crosswalk.py,INC_FAM_WORK,家庭收入,INC_FAM_WORK,家庭工作收入,range_overlap,2010,99,I2,I3,9,80,"000-89,999 元",9.0,"80,000-89,999 元",source_bin_spans_multiple_base_bins,"""包含您本人，全家每個月的「工作薪水、兼差薪水、加班費、退休金，或是從事農林漁牧業或自己做生意等」總收入是多少？【過去ㄧ年帄均每個月的金額】"", | ""包含您本人，全家每個月的「工作薪水、兼差薪水、加班費、退休金，或是從事農林漁牧業或自己做生意等」總收入是多少？【過去ㄧ年帄均每個月的金額】""",question_options_99.csv,以 103 年 I3 為基準。 103基準題號：I3。,mapping_relation=source_bin_spans_multiple_base_bins; total_rule=source_question
build_income_expenditure_crosswalk.py,INC_FAM_WORK,家庭收入,INC_FAM_WORK,家庭工作收入,range_overlap,2010,99,I2,I3,1,90,"000-99,999 元",1.0,"9,999 元及以下",source_bin_spans_multiple_base_bins,"""包含您本人，全家每個月的「工作薪水、兼差薪水、加班費、退休金，或是從事農林漁牧業或自己做生意等」總收入是多少？【過去ㄧ年帄均每個月的金額】"", | ""包含您本人，全家每個月的「工作薪水、兼差薪水、加班費、退休金，或是從事農林漁牧業或自己做生意等」總收入是多少？【過去ㄧ年帄均每個月的金額】""",question_options_99.csv,以 103 年 I3 為基準。 103基準題號：I3。,mapping_relation=source_bin_spans_multiple_base_bins; total_rule=source_question
build_income_expenditure_crosswalk.py,INC_FAM_WORK,家庭收入,INC_FAM_WORK,家庭工作收入,range_overlap,2010,99,I2,I3,2,90,"000-99,999 元",2.0,"10,000-19,999 元",source_bin_spans_multiple_base_bins,"""包含您本人，全家每個月的「工作薪水、兼差薪水、加班費、退休金，或是從事農林漁牧業或自己做生意等」總收入是多少？【過去ㄧ年帄均每個月的金額】"", | ""包含您本人，全家每個月的「工作薪水、兼差薪水、加班費、退休金，或是從事農林漁牧業或自己做生意等」總收入是多少？【過去ㄧ年帄均每個月的金額】""",question_options_99.csv,以 103 年 I3 為基準。 103基準題號：I3。,mapping_relation=source_bin_spans_multiple_base_bins; total_rule=source_question
build_income_expenditure_crosswalk.py,INC_FAM_WORK,家庭收入,INC_FAM_WORK,家庭工作收入,range_overlap,2010,99,I2,I3,3,90,"000-99,999 元",3.0,"20,000-29,999 元",source_bin_spans_multiple_base_bins,"""包含您本人，全家每個月的「工作薪水、兼差薪水、加班費、退休金，或是從事農林漁牧業或自己做生意等」總收入是多少？【過去ㄧ年帄均每個月的金額】"", | ""包含您本人，全家每個月的「工作薪水、兼差薪水、加班費、退休金，或是從事農林漁牧業或自己做生意等」總收入是多少？【過去ㄧ年帄均每個月的金額】""",question_options_99.csv,以 103 年 I3 為基準。 103基準題號：I3。,mapping_relation=source_bin_spans_multiple_base_bins; total_rule=source_question
build_income_expenditure_crosswalk.py,INC_FAM_WORK,家庭收入,INC_FAM_WORK,家庭工作收入,range_overlap,2010,99,I2,I3,4,90,"000-99,999 元",4.0,"30,000-39,999 元",source_bin_spans_multiple_base_bins,"""包含您本人，全家每個月的「工作薪水、兼差薪水、加班費、退休金，或是從事農林漁牧業或自己做生意等」總收入是多少？【過去ㄧ年帄均每個月的金額】"", | ""包含您本人，全家每個月的「工作薪水、兼差薪水、加班費、退休金，或是從事農林漁牧業或自己做生意等」總收入是多少？【過去ㄧ年帄均每個月的金額】""",question_options_99.csv,以 103 年 I3 為基準。 103基準題號：I3。,mapping_relation=source_bin_spans_multiple_base_bins; total_rule=source_question
build_income_expenditure_crosswalk.py,INC_FAM_WORK,家庭收入,INC_FAM_WORK,家庭工作收入,range_overlap,2010,99,I2,I3,5,90,"000-99,999 元",5.0,"40,000-49,999 元",source_bin_spans_multiple_base_bins,"""包含您本人，全家每個月的「工作薪水、兼差薪水、加班費、退休金，或是從事農林漁牧業或自己做生意等」總收入是多少？【過去ㄧ年帄均每個月的金額】"", | ""包含您本人，全家每個月的「工作薪水、兼差薪水、加班費、退休金，或是從事農林漁牧業或自己做生意等」總收入是多少？【過去ㄧ年帄均每個月的金額】""",question_options_99.csv,以 103 年 I3 為基準。 103基準題號：I3。,mapping_relation=source_bin_spans_multiple_base_bins; total_rule=source_question
build_income_expenditure_crosswalk.py,INC_FAM_WORK,家庭收入,INC_FAM_WORK,家庭工作收入,range_overlap,2010,99,I2,I3,6,90,"000-99,999 元",6.0,"50,000-59,999 元",source_bin_spans_multiple_base_bins,"""包含您本人，全家每個月的「工作薪水、兼差薪水、加班費、退休金，或是從事農林漁牧業或自己做生意等」總收入是多少？【過去ㄧ年帄均每個月的金額】"", | ""包含您本人，全家每個月的「工作薪水、兼差薪水、加班費、退休金，或是從事農林漁牧業或自己做生意等」總收入是多少？【過去ㄧ年帄均每個月的金額】""",question_options_99.csv,以 103 年 I3 為基準。 103基準題號：I3。,mapping_relation=source_bin_spans_multiple_base_bins; total_rule=source_question
build_income_expenditure_crosswalk.py,INC_FAM_WORK,家庭收入,INC_FAM_WORK,家庭工作收入,range_overlap,2010,99,I2,I3,7,90,"000-99,999 元",7.0,"60,000-69,999 元",source_bin_spans_multiple_base_bins,"""包含您本人，全家每個月的「工作薪水、兼差薪水、加班費、退休金，或是從事農林漁牧業或自己做生意等」總收入是多少？【過去ㄧ年帄均每個月的金額】"", | ""包含您本人，全家每個月的「工作薪水、兼差薪水、加班費、退休金，或是從事農林漁牧業或自己做生意等」總收入是多少？【過去ㄧ年帄均每個月的金額】""",question_options_99.csv,以 103 年 I3 為基準。 103基準題號：I3。,mapping_relation=source_bin_spans_multiple_base_bins; total_rule=source_question
build_income_expenditure_crosswalk.py,INC_FAM_WORK,家庭收入,INC_FAM_WORK,家庭工作收入,range_overlap,2010,99,I2,I3,8,90,"000-99,999 元",8.0,"70,000-79,999 元",source_bin_spans_multiple_base_bins,"""包含您本人，全家每個月的「工作薪水、兼差薪水、加班費、退休金，或是從事農林漁牧業或自己做生意等」總收入是多少？【過去ㄧ年帄均每個月的金額】"", | ""包含您本人，全家每個月的「工作薪水、兼差薪水、加班費、退休金，或是從事農林漁牧業或自己做生意等」總收入是多少？【過去ㄧ年帄均每個月的金額】""",question_options_99.csv,以 103 年 I3 為基準。 103基準題號：I3。,mapping_relation=source_bin_spans_multiple_base_bins; total_rule=source_question
build_income_expenditure_crosswalk.py,INC_FAM_WORK,家庭收入,INC_FAM_WORK,家庭工作收入,range_overlap,2010,99,I2,I3,9,90,"000-99,999 元",9.0,"80,000-89,999 元",source_bin_spans_multiple_base_bins,"""包含您本人，全家每個月的「工作薪水、兼差薪水、加班費、退休金，或是從事農林漁牧業或自己做生意等」總收入是多少？【過去ㄧ年帄均每個月的金額】"", | ""包含您本人，全家每個月的「工作薪水、兼差薪水、加班費、退休金，或是從事農林漁牧業或自己做生意等」總收入是多少？【過去ㄧ年帄均每個月的金額】""",question_options_99.csv,以 103 年 I3 為基準。 103基準題號：I3。,mapping_relation=source_bin_spans_multiple_base_bins; total_rule=source_question
build_income_expenditure_crosswalk.py,INC_FAM_WORK,家庭收入,INC_FAM_WORK,家庭工作收入,range_overlap,2010,99,I2,I3,10,90,"000-99,999 元",10.0,"90,000-99,999 元",source_bin_spans_multiple_base_bins,"""包含您本人，全家每個月的「工作薪水、兼差薪水、加班費、退休金，或是從事農林漁牧業或自己做生意等」總收入是多少？【過去ㄧ年帄均每個月的金額】"", | ""包含您本人，全家每個月的「工作薪水、兼差薪水、加班費、退休金，或是從事農林漁牧業或自己做生意等」總收入是多少？【過去ㄧ年帄均每個月的金額】""",question_options_99.csv,以 103 年 I3 為基準。 103基準題號：I3。,mapping_relation=source_bin_spans_multiple_base_bins; total_rule=source_question
build_income_expenditure_crosswalk.py,INC_FAM_WORK,家庭收入,INC_FAM_WORK,家庭工作收入,range_overlap,2010,99,I2,I3,1,100,"000-129,999 元",1.0,"9,999 元及以下",source_bin_spans_multiple_base_bins,"""包含您本人，全家每個月的「工作薪水、兼差薪水、加班費、退休金，或是從事農林漁牧業或自己做生意等」總收入是多少？【過去ㄧ年帄均每個月的金額】"", | ""包含您本人，全家每個月的「工作薪水、兼差薪水、加班費、退休金，或是從事農林漁牧業或自己做生意等」總收入是多少？【過去ㄧ年帄均每個月的金額】""",question_options_99.csv,以 103 年 I3 為基準。 103基準題號：I3。,mapping_relation=source_bin_spans_multiple_base_bins; total_rule=source_question
build_income_expenditure_crosswalk.py,INC_FAM_WORK,家庭收入,INC_FAM_WORK,家庭工作收入,range_overlap,2010,99,I2,I3,2,100,"000-129,999 元",2.0,"10,000-19,999 元",source_bin_spans_multiple_base_bins,"""包含您本人，全家每個月的「工作薪水、兼差薪水、加班費、退休金，或是從事農林漁牧業或自己做生意等」總收入是多少？【過去ㄧ年帄均每個月的金額】"", | ""包含您本人，全家每個月的「工作薪水、兼差薪水、加班費、退休金，或是從事農林漁牧業或自己做生意等」總收入是多少？【過去ㄧ年帄均每個月的金額】""",question_options_99.csv,以 103 年 I3 為基準。 103基準題號：I3。,mapping_relation=source_bin_spans_multiple_base_bins; total_rule=source_question
build_income_expenditure_crosswalk.py,INC_FAM_WORK,家庭收入,INC_FAM_WORK,家庭工作收入,range_overlap,2010,99,I2,I3,3,100,"000-129,999 元",3.0,"20,000-29,999 元",source_bin_spans_multiple_base_bins,"""包含您本人，全家每個月的「工作薪水、兼差薪水、加班費、退休金，或是從事農林漁牧業或自己做生意等」總收入是多少？【過去ㄧ年帄均每個月的金額】"", | ""包含您本人，全家每個月的「工作薪水、兼差薪水、加班費、退休金，或是從事農林漁牧業或自己做生意等」總收入是多少？【過去ㄧ年帄均每個月的金額】""",question_options_99.csv,以 103 年 I3 為基準。 103基準題號：I3。,mapping_relation=source_bin_spans_multiple_base_bins; total_rule=source_question
build_income_expenditure_crosswalk.py,INC_FAM_WORK,家庭收入,INC_FAM_WORK,家庭工作收入,range_overlap,2010,99,I2,I3,4,100,"000-129,999 元",4.0,"30,000-39,999 元",source_bin_spans_multiple_base_bins,"""包含您本人，全家每個月的「工作薪水、兼差薪水、加班費、退休金，或是從事農林漁牧業或自己做生意等」總收入是多少？【過去ㄧ年帄均每個月的金額】"", | ""包含您本人，全家每個月的「工作薪水、兼差薪水、加班費、退休金，或是從事農林漁牧業或自己做生意等」總收入是多少？【過去ㄧ年帄均每個月的金額】""",question_options_99.csv,以 103 年 I3 為基準。 103基準題號：I3。,mapping_relation=source_bin_spans_multiple_base_bins; total_rule=source_question
build_income_expenditure_crosswalk.py,INC_FAM_WORK,家庭收入,INC_FAM_WORK,家庭工作收入,range_overlap,2010,99,I2,I3,5,100,"000-129,999 元",5.0,"40,000-49,999 元",source_bin_spans_multiple_base_bins,"""包含您本人，全家每個月的「工作薪水、兼差薪水、加班費、退休金，或是從事農林漁牧業或自己做生意等」總收入是多少？【過去ㄧ年帄均每個月的金額】"", | ""包含您本人，全家每個月的「工作薪水、兼差薪水、加班費、退休金，或是從事農林漁牧業或自己做生意等」總收入是多少？【過去ㄧ年帄均每個月的金額】""",question_options_99.csv,以 103 年 I3 為基準。 103基準題號：I3。,mapping_relation=source_bin_spans_multiple_base_bins; total_rule=source_question
build_income_expenditure_crosswalk.py,INC_FAM_WORK,家庭收入,INC_FAM_WORK,家庭工作收入,range_overlap,2010,99,I2,I3,6,100,"000-129,999 元",6.0,"50,000-59,999 元",source_bin_spans_multiple_base_bins,"""包含您本人，全家每個月的「工作薪水、兼差薪水、加班費、退休金，或是從事農林漁牧業或自己做生意等」總收入是多少？【過去ㄧ年帄均每個月的金額】"", | ""包含您本人，全家每個月的「工作薪水、兼差薪水、加班費、退休金，或是從事農林漁牧業或自己做生意等」總收入是多少？【過去ㄧ年帄均每個月的金額】""",question_options_99.csv,以 103 年 I3 為基準。 103基準題號：I3。,mapping_relation=source_bin_spans_multiple_base_bins; total_rule=source_question
build_income_expenditure_crosswalk.py,INC_FAM_WORK,家庭收入,INC_FAM_WORK,家庭工作收入,range_overlap,2010,99,I2,I3,7,100,"000-129,999 元",7.0,"60,000-69,999 元",source_bin_spans_multiple_base_bins,"""包含您本人，全家每個月的「工作薪水、兼差薪水、加班費、退休金，或是從事農林漁牧業或自己做生意等」總收入是多少？【過去ㄧ年帄均每個月的金額】"", | ""包含您本人，全家每個月的「工作薪水、兼差薪水、加班費、退休金，或是從事農林漁牧業或自己做生意等」總收入是多少？【過去ㄧ年帄均每個月的金額】""",question_options_99.csv,以 103 年 I3 為基準。 103基準題號：I3。,mapping_relation=source_bin_spans_multiple_base_bins; total_rule=source_question
build_income_expenditure_crosswalk.py,INC_FAM_WORK,家庭收入,INC_FAM_WORK,家庭工作收入,range_overlap,2010,99,I2,I3,8,100,"000-129,999 元",8.0,"70,000-79,999 元",source_bin_spans_multiple_base_bins,"""包含您本人，全家每個月的「工作薪水、兼差薪水、加班費、退休金，或是從事農林漁牧業或自己做生意等」總收入是多少？【過去ㄧ年帄均每個月的金額】"", | ""包含您本人，全家每個月的「工作薪水、兼差薪水、加班費、退休金，或是從事農林漁牧業或自己做生意等」總收入是多少？【過去ㄧ年帄均每個月的金額】""",question_options_99.csv,以 103 年 I3 為基準。 103基準題號：I3。,mapping_relation=source_bin_spans_multiple_base_bins; total_rule=source_question
build_income_expenditure_crosswalk.py,INC_FAM_WORK,家庭收入,INC_FAM_WORK,家庭工作收入,range_overlap,2010,99,I2,I3,9,100,"000-129,999 元",9.0,"80,000-89,999 元",source_bin_spans_multiple_base_bins,"""包含您本人，全家每個月的「工作薪水、兼差薪水、加班費、退休金，或是從事農林漁牧業或自己做生意等」總收入是多少？【過去ㄧ年帄均每個月的金額】"", | ""包含您本人，全家每個月的「工作薪水、兼差薪水、加班費、退休金，或是從事農林漁牧業或自己做生意等」總收入是多少？【過去ㄧ年帄均每個月的金額】""",question_options_99.csv,以 103 年 I3 為基準。 103基準題號：I3。,mapping_relation=source_bin_spans_multiple_base_bins; total_rule=source_question
build_income_expenditure_crosswalk.py,INC_FAM_WORK,家庭收入,INC_FAM_WORK,家庭工作收入,range_overlap,2010,99,I2,I3,10,100,"000-129,999 元",10.0,"90,000-99,999 元",source_bin_spans_multiple_base_bins,"""包含您本人，全家每個月的「工作薪水、兼差薪水、加班費、退休金，或是從事農林漁牧業或自己做生意等」總收入是多少？【過去ㄧ年帄均每個月的金額】"", | ""包含您本人，全家每個月的「工作薪水、兼差薪水、加班費、退休金，或是從事農林漁牧業或自己做生意等」總收入是多少？【過去ㄧ年帄均每個月的金額】""",question_options_99.csv,以 103 年 I3 為基準。 103基準題號：I3。,mapping_relation=source_bin_spans_multiple_base_bins; total_rule=source_question
build_income_expenditure_crosswalk.py,INC_FAM_WORK,家庭收入,INC_FAM_WORK,家庭工作收入,range_overlap,2010,99,I2,I3,11,100,"000-129,999 元",11.0,"100,000-129,999元",source_bin_spans_multiple_base_bins,"""包含您本人，全家每個月的「工作薪水、兼差薪水、加班費、退休金，或是從事農林漁牧業或自己做生意等」總收入是多少？【過去ㄧ年帄均每個月的金額】"", | ""包含您本人，全家每個月的「工作薪水、兼差薪水、加班費、退休金，或是從事農林漁牧業或自己做生意等」總收入是多少？【過去ㄧ年帄均每個月的金額】""",question_options_99.csv,以 103 年 I3 為基準。 103基準題號：I3。,mapping_relation=source_bin_spans_multiple_base_bins; total_rule=source_question
build_income_expenditure_crosswalk.py,INC_FAM_WORK,家庭收入,INC_FAM_WORK,家庭工作收入,range_overlap,2010,99,I2,I3,1,130,"000-159,999 元",1.0,"9,999 元及以下",source_bin_spans_multiple_base_bins,"""包含您本人，全家每個月的「工作薪水、兼差薪水、加班費、退休金，或是從事農林漁牧業或自己做生意等」總收入是多少？【過去ㄧ年帄均每個月的金額】"", | ""包含您本人，全家每個月的「工作薪水、兼差薪水、加班費、退休金，或是從事農林漁牧業或自己做生意等」總收入是多少？【過去ㄧ年帄均每個月的金額】""",question_options_99.csv,以 103 年 I3 為基準。 103基準題號：I3。,mapping_relation=source_bin_spans_multiple_base_bins; total_rule=source_question
build_income_expenditure_crosswalk.py,INC_FAM_WORK,家庭收入,INC_FAM_WORK,家庭工作收入,range_overlap,2010,99,I2,I3,2,130,"000-159,999 元",2.0,"10,000-19,999 元",source_bin_spans_multiple_base_bins,"""包含您本人，全家每個月的「工作薪水、兼差薪水、加班費、退休金，或是從事農林漁牧業或自己做生意等」總收入是多少？【過去ㄧ年帄均每個月的金額】"", | ""包含您本人，全家每個月的「工作薪水、兼差薪水、加班費、退休金，或是從事農林漁牧業或自己做生意等」總收入是多少？【過去ㄧ年帄均每個月的金額】""",question_options_99.csv,以 103 年 I3 為基準。 103基準題號：I3。,mapping_relation=source_bin_spans_multiple_base_bins; total_rule=source_question
build_income_expenditure_crosswalk.py,INC_FAM_WORK,家庭收入,INC_FAM_WORK,家庭工作收入,range_overlap,2010,99,I2,I3,3,130,"000-159,999 元",3.0,"20,000-29,999 元",source_bin_spans_multiple_base_bins,"""包含您本人，全家每個月的「工作薪水、兼差薪水、加班費、退休金，或是從事農林漁牧業或自己做生意等」總收入是多少？【過去ㄧ年帄均每個月的金額】"", | ""包含您本人，全家每個月的「工作薪水、兼差薪水、加班費、退休金，或是從事農林漁牧業或自己做生意等」總收入是多少？【過去ㄧ年帄均每個月的金額】""",question_options_99.csv,以 103 年 I3 為基準。 103基準題號：I3。,mapping_relation=source_bin_spans_multiple_base_bins; total_rule=source_question
build_income_expenditure_crosswalk.py,INC_FAM_WORK,家庭收入,INC_FAM_WORK,家庭工作收入,range_overlap,2010,99,I2,I3,4,130,"000-159,999 元",4.0,"30,000-39,999 元",source_bin_spans_multiple_base_bins,"""包含您本人，全家每個月的「工作薪水、兼差薪水、加班費、退休金，或是從事農林漁牧業或自己做生意等」總收入是多少？【過去ㄧ年帄均每個月的金額】"", | ""包含您本人，全家每個月的「工作薪水、兼差薪水、加班費、退休金，或是從事農林漁牧業或自己做生意等」總收入是多少？【過去ㄧ年帄均每個月的金額】""",question_options_99.csv,以 103 年 I3 為基準。 103基準題號：I3。,mapping_relation=source_bin_spans_multiple_base_bins; total_rule=source_question
build_income_expenditure_crosswalk.py,INC_FAM_WORK,家庭收入,INC_FAM_WORK,家庭工作收入,range_overlap,2010,99,I2,I3,5,130,"000-159,999 元",5.0,"40,000-49,999 元",source_bin_spans_multiple_base_bins,"""包含您本人，全家每個月的「工作薪水、兼差薪水、加班費、退休金，或是從事農林漁牧業或自己做生意等」總收入是多少？【過去ㄧ年帄均每個月的金額】"", | ""包含您本人，全家每個月的「工作薪水、兼差薪水、加班費、退休金，或是從事農林漁牧業或自己做生意等」總收入是多少？【過去ㄧ年帄均每個月的金額】""",question_options_99.csv,以 103 年 I3 為基準。 103基準題號：I3。,mapping_relation=source_bin_spans_multiple_base_bins; total_rule=source_question
build_income_expenditure_crosswalk.py,INC_FAM_WORK,家庭收入,INC_FAM_WORK,家庭工作收入,range_overlap,2010,99,I2,I3,6,130,"000-159,999 元",6.0,"50,000-59,999 元",source_bin_spans_multiple_base_bins,"""包含您本人，全家每個月的「工作薪水、兼差薪水、加班費、退休金，或是從事農林漁牧業或自己做生意等」總收入是多少？【過去ㄧ年帄均每個月的金額】"", | ""包含您本人，全家每個月的「工作薪水、兼差薪水、加班費、退休金，或是從事農林漁牧業或自己做生意等」總收入是多少？【過去ㄧ年帄均每個月的金額】""",question_options_99.csv,以 103 年 I3 為基準。 103基準題號：I3。,mapping_relation=source_bin_spans_multiple_base_bins; total_rule=source_question
build_income_expenditure_crosswalk.py,INC_FAM_WORK,家庭收入,INC_FAM_WORK,家庭工作收入,range_overlap,2010,99,I2,I3,7,130,"000-159,999 元",7.0,"60,000-69,999 元",source_bin_spans_multiple_base_bins,"""包含您本人，全家每個月的「工作薪水、兼差薪水、加班費、退休金，或是從事農林漁牧業或自己做生意等」總收入是多少？【過去ㄧ年帄均每個月的金額】"", | ""包含您本人，全家每個月的「工作薪水、兼差薪水、加班費、退休金，或是從事農林漁牧業或自己做生意等」總收入是多少？【過去ㄧ年帄均每個月的金額】""",question_options_99.csv,以 103 年 I3 為基準。 103基準題號：I3。,mapping_relation=source_bin_spans_multiple_base_bins; total_rule=source_question
build_income_expenditure_crosswalk.py,INC_FAM_WORK,家庭收入,INC_FAM_WORK,家庭工作收入,range_overlap,2010,99,I2,I3,8,130,"000-159,999 元",8.0,"70,000-79,999 元",source_bin_spans_multiple_base_bins,"""包含您本人，全家每個月的「工作薪水、兼差薪水、加班費、退休金，或是從事農林漁牧業或自己做生意等」總收入是多少？【過去ㄧ年帄均每個月的金額】"", | ""包含您本人，全家每個月的「工作薪水、兼差薪水、加班費、退休金，或是從事農林漁牧業或自己做生意等」總收入是多少？【過去ㄧ年帄均每個月的金額】""",question_options_99.csv,以 103 年 I3 為基準。 103基準題號：I3。,mapping_relation=source_bin_spans_multiple_base_bins; total_rule=source_question
build_income_expenditure_crosswalk.py,INC_FAM_WORK,家庭收入,INC_FAM_WORK,家庭工作收入,range_overlap,2010,99,I2,I3,9,130,"000-159,999 元",9.0,"80,000-89,999 元",source_bin_spans_multiple_base_bins,"""包含您本人，全家每個月的「工作薪水、兼差薪水、加班費、退休金，或是從事農林漁牧業或自己做生意等」總收入是多少？【過去ㄧ年帄均每個月的金額】"", | ""包含您本人，全家每個月的「工作薪水、兼差薪水、加班費、退休金，或是從事農林漁牧業或自己做生意等」總收入是多少？【過去ㄧ年帄均每個月的金額】""",question_options_99.csv,以 103 年 I3 為基準。 103基準題號：I3。,mapping_relation=source_bin_spans_multiple_base_bins; total_rule=source_question
build_income_expenditure_crosswalk.py,INC_FAM_WORK,家庭收入,INC_FAM_WORK,家庭工作收入,range_overlap,2010,99,I2,I3,10,130,"000-159,999 元",10.0,"90,000-99,999 元",source_bin_spans_multiple_base_bins,"""包含您本人，全家每個月的「工作薪水、兼差薪水、加班費、退休金，或是從事農林漁牧業或自己做生意等」總收入是多少？【過去ㄧ年帄均每個月的金額】"", | ""包含您本人，全家每個月的「工作薪水、兼差薪水、加班費、退休金，或是從事農林漁牧業或自己做生意等」總收入是多少？【過去ㄧ年帄均每個月的金額】""",question_options_99.csv,以 103 年 I3 為基準。 103基準題號：I3。,mapping_relation=source_bin_spans_multiple_base_bins; total_rule=source_question
build_income_expenditure_crosswalk.py,INC_FAM_WORK,家庭收入,INC_FAM_WORK,家庭工作收入,range_overlap,2010,99,I2,I3,11,130,"000-159,999 元",11.0,"100,000-129,999元",source_bin_spans_multiple_base_bins,"""包含您本人，全家每個月的「工作薪水、兼差薪水、加班費、退休金，或是從事農林漁牧業或自己做生意等」總收入是多少？【過去ㄧ年帄均每個月的金額】"", | ""包含您本人，全家每個月的「工作薪水、兼差薪水、加班費、退休金，或是從事農林漁牧業或自己做生意等」總收入是多少？【過去ㄧ年帄均每個月的金額】""",question_options_99.csv,以 103 年 I3 為基準。 103基準題號：I3。,mapping_relation=source_bin_spans_multiple_base_bins; total_rule=source_question
build_income_expenditure_crosswalk.py,INC_FAM_WORK,家庭收入,INC_FAM_WORK,家庭工作收入,range_overlap,2010,99,I2,I3,12,130,"000-159,999 元",12.0,"130,000-159,999元",source_bin_spans_multiple_base_bins,"""包含您本人，全家每個月的「工作薪水、兼差薪水、加班費、退休金，或是從事農林漁牧業或自己做生意等」總收入是多少？【過去ㄧ年帄均每個月的金額】"", | ""包含您本人，全家每個月的「工作薪水、兼差薪水、加班費、退休金，或是從事農林漁牧業或自己做生意等」總收入是多少？【過去ㄧ年帄均每個月的金額】""",question_options_99.csv,以 103 年 I3 為基準。 103基準題號：I3。,mapping_relation=source_bin_spans_multiple_base_bins; total_rule=source_question
build_income_expenditure_crosswalk.py,INC_FAM_WORK,家庭收入,INC_FAM_WORK,家庭工作收入,range_overlap,2010,99,I2,I3,1,160,000 元及以上，請記錄 元,1.0,"9,999 元及以下",source_bin_spans_multiple_base_bins,"""包含您本人，全家每個月的「工作薪水、兼差薪水、加班費、退休金，或是從事農林漁牧業或自己做生意等」總收入是多少？【過去ㄧ年帄均每個月的金額】"", | ""包含您本人，全家每個月的「工作薪水、兼差薪水、加班費、退休金，或是從事農林漁牧業或自己做生意等」總收入是多少？【過去ㄧ年帄均每個月的金額】""",question_options_99.csv,以 103 年 I3 為基準。 103基準題號：I3。,mapping_relation=source_bin_spans_multiple_base_bins; total_rule=source_question
build_income_expenditure_crosswalk.py,INC_FAM_WORK,家庭收入,INC_FAM_WORK,家庭工作收入,range_overlap,2010,99,I2,I3,2,160,000 元及以上，請記錄 元,2.0,"10,000-19,999 元",source_bin_spans_multiple_base_bins,"""包含您本人，全家每個月的「工作薪水、兼差薪水、加班費、退休金，或是從事農林漁牧業或自己做生意等」總收入是多少？【過去ㄧ年帄均每個月的金額】"", | ""包含您本人，全家每個月的「工作薪水、兼差薪水、加班費、退休金，或是從事農林漁牧業或自己做生意等」總收入是多少？【過去ㄧ年帄均每個月的金額】""",question_options_99.csv,以 103 年 I3 為基準。 103基準題號：I3。,mapping_relation=source_bin_spans_multiple_base_bins; total_rule=source_question
build_income_expenditure_crosswalk.py,INC_FAM_WORK,家庭收入,INC_FAM_WORK,家庭工作收入,range_overlap,2010,99,I2,I3,3,160,000 元及以上，請記錄 元,3.0,"20,000-29,999 元",source_bin_spans_multiple_base_bins,"""包含您本人，全家每個月的「工作薪水、兼差薪水、加班費、退休金，或是從事農林漁牧業或自己做生意等」總收入是多少？【過去ㄧ年帄均每個月的金額】"", | ""包含您本人，全家每個月的「工作薪水、兼差薪水、加班費、退休金，或是從事農林漁牧業或自己做生意等」總收入是多少？【過去ㄧ年帄均每個月的金額】""",question_options_99.csv,以 103 年 I3 為基準。 103基準題號：I3。,mapping_relation=source_bin_spans_multiple_base_bins; total_rule=source_question
build_income_expenditure_crosswalk.py,INC_FAM_WORK,家庭收入,INC_FAM_WORK,家庭工作收入,range_overlap,2010,99,I2,I3,4,160,000 元及以上，請記錄 元,4.0,"30,000-39,999 元",source_bin_spans_multiple_base_bins,"""包含您本人，全家每個月的「工作薪水、兼差薪水、加班費、退休金，或是從事農林漁牧業或自己做生意等」總收入是多少？【過去ㄧ年帄均每個月的金額】"", | ""包含您本人，全家每個月的「工作薪水、兼差薪水、加班費、退休金，或是從事農林漁牧業或自己做生意等」總收入是多少？【過去ㄧ年帄均每個月的金額】""",question_options_99.csv,以 103 年 I3 為基準。 103基準題號：I3。,mapping_relation=source_bin_spans_multiple_base_bins; total_rule=source_question
build_income_expenditure_crosswalk.py,INC_FAM_WORK,家庭收入,INC_FAM_WORK,家庭工作收入,range_overlap,2010,99,I2,I3,5,160,000 元及以上，請記錄 元,5.0,"40,000-49,999 元",source_bin_spans_multiple_base_bins,"""包含您本人，全家每個月的「工作薪水、兼差薪水、加班費、退休金，或是從事農林漁牧業或自己做生意等」總收入是多少？【過去ㄧ年帄均每個月的金額】"", | ""包含您本人，全家每個月的「工作薪水、兼差薪水、加班費、退休金，或是從事農林漁牧業或自己做生意等」總收入是多少？【過去ㄧ年帄均每個月的金額】""",question_options_99.csv,以 103 年 I3 為基準。 103基準題號：I3。,mapping_relation=source_bin_spans_multiple_base_bins; total_rule=source_question
build_income_expenditure_crosswalk.py,INC_FAM_WORK,家庭收入,INC_FAM_WORK,家庭工作收入,range_overlap,2010,99,I2,I3,6,160,000 元及以上，請記錄 元,6.0,"50,000-59,999 元",source_bin_spans_multiple_base_bins,"""包含您本人，全家每個月的「工作薪水、兼差薪水、加班費、退休金，或是從事農林漁牧業或自己做生意等」總收入是多少？【過去ㄧ年帄均每個月的金額】"", | ""包含您本人，全家每個月的「工作薪水、兼差薪水、加班費、退休金，或是從事農林漁牧業或自己做生意等」總收入是多少？【過去ㄧ年帄均每個月的金額】""",question_options_99.csv,以 103 年 I3 為基準。 103基準題號：I3。,mapping_relation=source_bin_spans_multiple_base_bins; total_rule=source_question
build_income_expenditure_crosswalk.py,INC_FAM_WORK,家庭收入,INC_FAM_WORK,家庭工作收入,range_overlap,2010,99,I2,I3,7,160,000 元及以上，請記錄 元,7.0,"60,000-69,999 元",source_bin_spans_multiple_base_bins,"""包含您本人，全家每個月的「工作薪水、兼差薪水、加班費、退休金，或是從事農林漁牧業或自己做生意等」總收入是多少？【過去ㄧ年帄均每個月的金額】"", | ""包含您本人，全家每個月的「工作薪水、兼差薪水、加班費、退休金，或是從事農林漁牧業或自己做生意等」總收入是多少？【過去ㄧ年帄均每個月的金額】""",question_options_99.csv,以 103 年 I3 為基準。 103基準題號：I3。,mapping_relation=source_bin_spans_multiple_base_bins; total_rule=source_question
build_income_expenditure_crosswalk.py,INC_FAM_WORK,家庭收入,INC_FAM_WORK,家庭工作收入,range_overlap,2010,99,I2,I3,8,160,000 元及以上，請記錄 元,8.0,"70,000-79,999 元",source_bin_spans_multiple_base_bins,"""包含您本人，全家每個月的「工作薪水、兼差薪水、加班費、退休金，或是從事農林漁牧業或自己做生意等」總收入是多少？【過去ㄧ年帄均每個月的金額】"", | ""包含您本人，全家每個月的「工作薪水、兼差薪水、加班費、退休金，或是從事農林漁牧業或自己做生意等」總收入是多少？【過去ㄧ年帄均每個月的金額】""",question_options_99.csv,以 103 年 I3 為基準。 103基準題號：I3。,mapping_relation=source_bin_spans_multiple_base_bins; total_rule=source_question
build_income_expenditure_crosswalk.py,INC_FAM_WORK,家庭收入,INC_FAM_WORK,家庭工作收入,range_overlap,2010,99,I2,I3,9,160,000 元及以上，請記錄 元,9.0,"80,000-89,999 元",source_bin_spans_multiple_base_bins,"""包含您本人，全家每個月的「工作薪水、兼差薪水、加班費、退休金，或是從事農林漁牧業或自己做生意等」總收入是多少？【過去ㄧ年帄均每個月的金額】"", | ""包含您本人，全家每個月的「工作薪水、兼差薪水、加班費、退休金，或是從事農林漁牧業或自己做生意等」總收入是多少？【過去ㄧ年帄均每個月的金額】""",question_options_99.csv,以 103 年 I3 為基準。 103基準題號：I3。,mapping_relation=source_bin_spans_multiple_base_bins; total_rule=source_question
build_income_expenditure_crosswalk.py,INC_FAM_WORK,家庭收入,INC_FAM_WORK,家庭工作收入,range_overlap,2010,99,I2,I3,10,160,000 元及以上，請記錄 元,10.0,"90,000-99,999 元",source_bin_spans_multiple_base_bins,"""包含您本人，全家每個月的「工作薪水、兼差薪水、加班費、退休金，或是從事農林漁牧業或自己做生意等」總收入是多少？【過去ㄧ年帄均每個月的金額】"", | ""包含您本人，全家每個月的「工作薪水、兼差薪水、加班費、退休金，或是從事農林漁牧業或自己做生意等」總收入是多少？【過去ㄧ年帄均每個月的金額】""",question_options_99.csv,以 103 年 I3 為基準。 103基準題號：I3。,mapping_relation=source_bin_spans_multiple_base_bins; total_rule=source_question
build_income_expenditure_crosswalk.py,INC_FAM_WORK,家庭收入,INC_FAM_WORK,家庭工作收入,range_overlap,2010,99,I2,I3,11,160,000 元及以上，請記錄 元,11.0,"100,000-129,999元",source_bin_spans_multiple_base_bins,"""包含您本人，全家每個月的「工作薪水、兼差薪水、加班費、退休金，或是從事農林漁牧業或自己做生意等」總收入是多少？【過去ㄧ年帄均每個月的金額】"", | ""包含您本人，全家每個月的「工作薪水、兼差薪水、加班費、退休金，或是從事農林漁牧業或自己做生意等」總收入是多少？【過去ㄧ年帄均每個月的金額】""",question_options_99.csv,以 103 年 I3 為基準。 103基準題號：I3。,mapping_relation=source_bin_spans_multiple_base_bins; total_rule=source_question
build_income_expenditure_crosswalk.py,INC_FAM_WORK,家庭收入,INC_FAM_WORK,家庭工作收入,range_overlap,2010,99,I2,I3,12,160,000 元及以上，請記錄 元,12.0,"130,000-159,999元",source_bin_spans_multiple_base_bins,"""包含您本人，全家每個月的「工作薪水、兼差薪水、加班費、退休金，或是從事農林漁牧業或自己做生意等」總收入是多少？【過去ㄧ年帄均每個月的金額】"", | ""包含您本人，全家每個月的「工作薪水、兼差薪水、加班費、退休金，或是從事農林漁牧業或自己做生意等」總收入是多少？【過去ㄧ年帄均每個月的金額】""",question_options_99.csv,以 103 年 I3 為基準。 103基準題號：I3。,mapping_relation=source_bin_spans_multiple_base_bins; total_rule=source_question
build_income_expenditure_crosswalk.py,INC_FAM_WORK,家庭收入,INC_FAM_WORK,家庭工作收入,range_overlap,2010,99,I2,I3,13,160,000 元及以上，請記錄 元,13.0,"160,000 元及以上，請記錄____________元",source_bin_spans_multiple_base_bins,"""包含您本人，全家每個月的「工作薪水、兼差薪水、加班費、退休金，或是從事農林漁牧業或自己做生意等」總收入是多少？【過去ㄧ年帄均每個月的金額】"", | ""包含您本人，全家每個月的「工作薪水、兼差薪水、加班費、退休金，或是從事農林漁牧業或自己做生意等」總收入是多少？【過去ㄧ年帄均每個月的金額】""",question_options_99.csv,以 103 年 I3 為基準。 103基準題號：I3。,mapping_relation=source_bin_spans_multiple_base_bins; total_rule=source_question
build_income_expenditure_crosswalk.py,INC_FAM_WORK,家庭收入,INC_FAM_WORK,家庭工作收入,range_overlap,2010,99,I2,I3,1,,沒有這項收入,14.0,沒有這項收入,exact_none,"""包含您本人，全家每個月的「工作薪水、兼差薪水、加班費、退休金，或是從事農林漁牧業或自己做生意等」總收入是多少？【過去ㄧ年帄均每個月的金額】"", | ""包含您本人，全家每個月的「工作薪水、兼差薪水、加班費、退休金，或是從事農林漁牧業或自己做生意等」總收入是多少？【過去ㄧ年帄均每個月的金額】""",question_options_99.csv,以 103 年 I3 為基準。 103基準題號：I3。,mapping_relation=exact_none; total_rule=source_question
build_income_expenditure_crosswalk.py,INC_FAM_WORK,家庭收入,INC_FAM_WORK,家庭工作收入,range_overlap,2014,103,I3,I3,1,1.0,"9,999 元及以下",1.0,"9,999 元及以下",exact_range,包含您本人，全家每個月的「工作薪水、兼差薪水、加班費、退休金，或是從事農林漁牧業或自,question_options_103.csv,以 103 年 I3 為基準。 103基準題號：I3。,mapping_relation=exact_range; total_rule=source_question
build_income_expenditure_crosswalk.py,INC_FAM_WORK,家庭收入,INC_FAM_WORK,家庭工作收入,range_overlap,2014,103,I3,I3,1,2.0,"10,000-19,999 元",2.0,"10,000-19,999 元",exact_range,包含您本人，全家每個月的「工作薪水、兼差薪水、加班費、退休金，或是從事農林漁牧業或自,question_options_103.csv,以 103 年 I3 為基準。 103基準題號：I3。,mapping_relation=exact_range; total_rule=source_question
build_income_expenditure_crosswalk.py,INC_FAM_WORK,家庭收入,INC_FAM_WORK,家庭工作收入,range_overlap,2014,103,I3,I3,1,3.0,"20,000-29,999 元",3.0,"20,000-29,999 元",exact_range,包含您本人，全家每個月的「工作薪水、兼差薪水、加班費、退休金，或是從事農林漁牧業或自,question_options_103.csv,以 103 年 I3 為基準。 103基準題號：I3。,mapping_relation=exact_range; total_rule=source_question
build_income_expenditure_crosswalk.py,INC_FAM_WORK,家庭收入,INC_FAM_WORK,家庭工作收入,range_overlap,2014,103,I3,I3,1,4.0,"30,000-39,999 元",4.0,"30,000-39,999 元",exact_range,包含您本人，全家每個月的「工作薪水、兼差薪水、加班費、退休金，或是從事農林漁牧業或自,question_options_103.csv,以 103 年 I3 為基準。 103基準題號：I3。,mapping_relation=exact_range; total_rule=source_question
build_income_expenditure_crosswalk.py,INC_FAM_WORK,家庭收入,INC_FAM_WORK,家庭工作收入,range_overlap,2014,103,I3,I3,1,5.0,"40,000-49,999 元",5.0,"40,000-49,999 元",exact_range,包含您本人，全家每個月的「工作薪水、兼差薪水、加班費、退休金，或是從事農林漁牧業或自,question_options_103.csv,以 103 年 I3 為基準。 103基準題號：I3。,mapping_relation=exact_range; total_rule=source_question
build_income_expenditure_crosswalk.py,INC_FAM_WORK,家庭收入,INC_FAM_WORK,家庭工作收入,range_overlap,2014,103,I3,I3,1,6.0,"50,000-59,999 元",6.0,"50,000-59,999 元",exact_range,包含您本人，全家每個月的「工作薪水、兼差薪水、加班費、退休金，或是從事農林漁牧業或自,question_options_103.csv,以 103 年 I3 為基準。 103基準題號：I3。,mapping_relation=exact_range; total_rule=source_question
build_income_expenditure_crosswalk.py,INC_FAM_WORK,家庭收入,INC_FAM_WORK,家庭工作收入,range_overlap,2014,103,I3,I3,1,7.0,"60,000-69,999 元",7.0,"60,000-69,999 元",exact_range,包含您本人，全家每個月的「工作薪水、兼差薪水、加班費、退休金，或是從事農林漁牧業或自,question_options_103.csv,以 103 年 I3 為基準。 103基準題號：I3。,mapping_relation=exact_range; total_rule=source_question
build_income_expenditure_crosswalk.py,INC_FAM_WORK,家庭收入,INC_FAM_WORK,家庭工作收入,range_overlap,2014,103,I3,I3,1,8.0,"70,000-79,999 元",8.0,"70,000-79,999 元",exact_range,包含您本人，全家每個月的「工作薪水、兼差薪水、加班費、退休金，或是從事農林漁牧業或自,question_options_103.csv,以 103 年 I3 為基準。 103基準題號：I3。,mapping_relation=exact_range; total_rule=source_question
build_income_expenditure_crosswalk.py,INC_FAM_WORK,家庭收入,INC_FAM_WORK,家庭工作收入,range_overlap,2014,103,I3,I3,1,9.0,"80,000-89,999 元",9.0,"80,000-89,999 元",exact_range,包含您本人，全家每個月的「工作薪水、兼差薪水、加班費、退休金，或是從事農林漁牧業或自,question_options_103.csv,以 103 年 I3 為基準。 103基準題號：I3。,mapping_relation=exact_range; total_rule=source_question
build_income_expenditure_crosswalk.py,INC_FAM_WORK,家庭收入,INC_FAM_WORK,家庭工作收入,range_overlap,2014,103,I3,I3,1,10.0,"90,000-99,999 元",10.0,"90,000-99,999 元",exact_range,包含您本人，全家每個月的「工作薪水、兼差薪水、加班費、退休金，或是從事農林漁牧業或自,question_options_103.csv,以 103 年 I3 為基準。 103基準題號：I3。,mapping_relation=exact_range; total_rule=source_question
build_income_expenditure_crosswalk.py,INC_FAM_WORK,家庭收入,INC_FAM_WORK,家庭工作收入,range_overlap,2014,103,I3,I3,1,11.0,"100,000-129,999元",11.0,"100,000-129,999元",exact_range,包含您本人，全家每個月的「工作薪水、兼差薪水、加班費、退休金，或是從事農林漁牧業或自,question_options_103.csv,以 103 年 I3 為基準。 103基準題號：I3。,mapping_relation=exact_range; total_rule=source_question
build_income_expenditure_crosswalk.py,INC_FAM_WORK,家庭收入,INC_FAM_WORK,家庭工作收入,range_overlap,2014,103,I3,I3,1,12.0,"130,000-159,999元",12.0,"130,000-159,999元",exact_range,包含您本人，全家每個月的「工作薪水、兼差薪水、加班費、退休金，或是從事農林漁牧業或自,question_options_103.csv,以 103 年 I3 為基準。 103基準題號：I3。,mapping_relation=exact_range; total_rule=source_question
build_income_expenditure_crosswalk.py,INC_FAM_WORK,家庭收入,INC_FAM_WORK,家庭工作收入,range_overlap,2014,103,I3,I3,1,13.0,"160,000 元及以上，請記錄____________元",13.0,"160,000 元及以上，請記錄____________元",exact_open_upper,包含您本人，全家每個月的「工作薪水、兼差薪水、加班費、退休金，或是從事農林漁牧業或自,question_options_103.csv,以 103 年 I3 為基準。 103基準題號：I3。,mapping_relation=exact_open_upper; total_rule=source_question
build_income_expenditure_crosswalk.py,INC_FAM_WORK,家庭收入,INC_FAM_WORK,家庭工作收入,range_overlap,2014,103,I3,I3,1,14.0,沒有這項收入,14.0,沒有這項收入,exact_none,包含您本人，全家每個月的「工作薪水、兼差薪水、加班費、退休金，或是從事農林漁牧業或自,question_options_103.csv,以 103 年 I3 為基準。 103基準題號：I3。,mapping_relation=exact_none; total_rule=source_question
build_income_expenditure_crosswalk.py,INC_FAM_WORK,家庭收入,INC_FAM_WORK,家庭工作收入,range_overlap,2017,106,L3,I3,1,1.0,"未滿10,000元",1.0,"9,999 元及以下",exact_range,包含經濟戶長本人，全家每個月的「工作薪水、兼差薪水、加班費、退休金，或是從事農林漁牧,question_options_106.csv,以 103 年 I3 為基準。 103基準題號：I3。,mapping_relation=exact_range; total_rule=source_question
build_income_expenditure_crosswalk.py,INC_FAM_WORK,家庭收入,INC_FAM_WORK,家庭工作收入,range_overlap,2017,106,L3,I3,1,2.0,"10,000元-未滿20,000元",2.0,"10,000-19,999 元",exact_range,包含經濟戶長本人，全家每個月的「工作薪水、兼差薪水、加班費、退休金，或是從事農林漁牧,question_options_106.csv,以 103 年 I3 為基準。 103基準題號：I3。,mapping_relation=exact_range; total_rule=source_question
build_income_expenditure_crosswalk.py,INC_FAM_WORK,家庭收入,INC_FAM_WORK,家庭工作收入,range_overlap,2017,106,L3,I3,1,3.0,"20,000元-未滿30,000元",3.0,"20,000-29,999 元",exact_range,包含經濟戶長本人，全家每個月的「工作薪水、兼差薪水、加班費、退休金，或是從事農林漁牧,question_options_106.csv,以 103 年 I3 為基準。 103基準題號：I3。,mapping_relation=exact_range; total_rule=source_question
build_income_expenditure_crosswalk.py,INC_FAM_WORK,家庭收入,INC_FAM_WORK,家庭工作收入,range_overlap,2017,106,L3,I3,1,4.0,"30,000元-未滿40,000元",4.0,"30,000-39,999 元",exact_range,包含經濟戶長本人，全家每個月的「工作薪水、兼差薪水、加班費、退休金，或是從事農林漁牧,question_options_106.csv,以 103 年 I3 為基準。 103基準題號：I3。,mapping_relation=exact_range; total_rule=source_question
build_income_expenditure_crosswalk.py,INC_FAM_WORK,家庭收入,INC_FAM_WORK,家庭工作收入,range_overlap,2017,106,L3,I3,1,5.0,"40,000元-未滿50,000元",5.0,"40,000-49,999 元",exact_range,包含經濟戶長本人，全家每個月的「工作薪水、兼差薪水、加班費、退休金，或是從事農林漁牧,question_options_106.csv,以 103 年 I3 為基準。 103基準題號：I3。,mapping_relation=exact_range; total_rule=source_question
build_income_expenditure_crosswalk.py,INC_FAM_WORK,家庭收入,INC_FAM_WORK,家庭工作收入,range_overlap,2017,106,L3,I3,1,6.0,"50,000元-未滿60,000元",6.0,"50,000-59,999 元",exact_range,包含經濟戶長本人，全家每個月的「工作薪水、兼差薪水、加班費、退休金，或是從事農林漁牧,question_options_106.csv,以 103 年 I3 為基準。 103基準題號：I3。,mapping_relation=exact_range; total_rule=source_question
build_income_expenditure_crosswalk.py,INC_FAM_WORK,家庭收入,INC_FAM_WORK,家庭工作收入,range_overlap,2017,106,L3,I3,1,7.0,"60,000元-未滿70,000元",7.0,"60,000-69,999 元",exact_range,包含經濟戶長本人，全家每個月的「工作薪水、兼差薪水、加班費、退休金，或是從事農林漁牧,question_options_106.csv,以 103 年 I3 為基準。 103基準題號：I3。,mapping_relation=exact_range; total_rule=source_question
build_income_expenditure_crosswalk.py,INC_FAM_WORK,家庭收入,INC_FAM_WORK,家庭工作收入,range_overlap,2017,106,L3,I3,1,8.0,"70,000元-未滿80,000元",8.0,"70,000-79,999 元",exact_range,包含經濟戶長本人，全家每個月的「工作薪水、兼差薪水、加班費、退休金，或是從事農林漁牧,question_options_106.csv,以 103 年 I3 為基準。 103基準題號：I3。,mapping_relation=exact_range; total_rule=source_question
build_income_expenditure_crosswalk.py,INC_FAM_WORK,家庭收入,INC_FAM_WORK,家庭工作收入,range_overlap,2017,106,L3,I3,1,9.0,"80,000元-未滿90,000元",9.0,"80,000-89,999 元",exact_range,包含經濟戶長本人，全家每個月的「工作薪水、兼差薪水、加班費、退休金，或是從事農林漁牧,question_options_106.csv,以 103 年 I3 為基準。 103基準題號：I3。,mapping_relation=exact_range; total_rule=source_question
build_income_expenditure_crosswalk.py,INC_FAM_WORK,家庭收入,INC_FAM_WORK,家庭工作收入,range_overlap,2017,106,L3,I3,1,10.0,"90,000元-未滿100,000元",10.0,"90,000-99,999 元",exact_range,包含經濟戶長本人，全家每個月的「工作薪水、兼差薪水、加班費、退休金，或是從事農林漁牧,question_options_106.csv,以 103 年 I3 為基準。 103基準題號：I3。,mapping_relation=exact_range; total_rule=source_question
build_income_expenditure_crosswalk.py,INC_FAM_WORK,家庭收入,INC_FAM_WORK,家庭工作收入,range_overlap,2017,106,L3,I3,1,11.0,"100,000元-未滿130,000元",11.0,"100,000-129,999元",exact_range,包含經濟戶長本人，全家每個月的「工作薪水、兼差薪水、加班費、退休金，或是從事農林漁牧,question_options_106.csv,以 103 年 I3 為基準。 103基準題號：I3。,mapping_relation=exact_range; total_rule=source_question
build_income_expenditure_crosswalk.py,INC_FAM_WORK,家庭收入,INC_FAM_WORK,家庭工作收入,range_overlap,2017,106,L3,I3,1,12.0,"130,000元-未滿160,000元",12.0,"130,000-159,999元",exact_range,包含經濟戶長本人，全家每個月的「工作薪水、兼差薪水、加班費、退休金，或是從事農林漁牧,question_options_106.csv,以 103 年 I3 為基準。 103基準題號：I3。,mapping_relation=exact_range; total_rule=source_question
build_income_expenditure_crosswalk.py,INC_FAM_WORK,家庭收入,INC_FAM_WORK,家庭工作收入,range_overlap,2017,106,L3,I3,1,13.0,"160,000元以上，請記錄____________元",13.0,"160,000 元及以上，請記錄____________元",exact_open_upper,包含經濟戶長本人，全家每個月的「工作薪水、兼差薪水、加班費、退休金，或是從事農林漁牧,question_options_106.csv,以 103 年 I3 為基準。 103基準題號：I3。,mapping_relation=exact_open_upper; total_rule=source_question
build_income_expenditure_crosswalk.py,INC_FAM_WORK,家庭收入,INC_FAM_WORK,家庭工作收入,range_overlap,2017,106,L3,I3,1,14.0,沒有這項收入,14.0,沒有這項收入,exact_none,包含經濟戶長本人，全家每個月的「工作薪水、兼差薪水、加班費、退休金，或是從事農林漁牧,question_options_106.csv,以 103 年 I3 為基準。 103基準題號：I3。,mapping_relation=exact_none; total_rule=source_question
build_income_expenditure_crosswalk.py,INC_FAM_WORK,家庭收入,INC_FAM_WORK,家庭工作收入,range_overlap,2021,110,G3,I3,1,1.0,"未滿10,000元",1.0,"9,999 元及以下",exact_range,包含經濟戶長本人，全家每個月的「工作薪水、兼差薪水、加班費、退休金，或是從事農林漁牧,question_options_110.csv,以 103 年 I3 為基準。 103基準題號：I3。,mapping_relation=exact_range; total_rule=source_question
build_income_expenditure_crosswalk.py,INC_FAM_WORK,家庭收入,INC_FAM_WORK,家庭工作收入,range_overlap,2021,110,G3,I3,1,2.0,"10,000元-未滿20,000元",2.0,"10,000-19,999 元",exact_range,包含經濟戶長本人，全家每個月的「工作薪水、兼差薪水、加班費、退休金，或是從事農林漁牧,question_options_110.csv,以 103 年 I3 為基準。 103基準題號：I3。,mapping_relation=exact_range; total_rule=source_question
build_income_expenditure_crosswalk.py,INC_FAM_WORK,家庭收入,INC_FAM_WORK,家庭工作收入,range_overlap,2021,110,G3,I3,1,3.0,"20,000元-未滿30,000元",3.0,"20,000-29,999 元",exact_range,包含經濟戶長本人，全家每個月的「工作薪水、兼差薪水、加班費、退休金，或是從事農林漁牧,question_options_110.csv,以 103 年 I3 為基準。 103基準題號：I3。,mapping_relation=exact_range; total_rule=source_question
build_income_expenditure_crosswalk.py,INC_FAM_WORK,家庭收入,INC_FAM_WORK,家庭工作收入,range_overlap,2021,110,G3,I3,1,4.0,"30,000元-未滿40,000元",4.0,"30,000-39,999 元",exact_range,包含經濟戶長本人，全家每個月的「工作薪水、兼差薪水、加班費、退休金，或是從事農林漁牧,question_options_110.csv,以 103 年 I3 為基準。 103基準題號：I3。,mapping_relation=exact_range; total_rule=source_question
build_income_expenditure_crosswalk.py,INC_FAM_WORK,家庭收入,INC_FAM_WORK,家庭工作收入,range_overlap,2021,110,G3,I3,1,5.0,"40,000元-未滿50,000元",5.0,"40,000-49,999 元",exact_range,包含經濟戶長本人，全家每個月的「工作薪水、兼差薪水、加班費、退休金，或是從事農林漁牧,question_options_110.csv,以 103 年 I3 為基準。 103基準題號：I3。,mapping_relation=exact_range; total_rule=source_question
build_income_expenditure_crosswalk.py,INC_FAM_WORK,家庭收入,INC_FAM_WORK,家庭工作收入,range_overlap,2021,110,G3,I3,1,6.0,"50,000元-未滿60,000元",6.0,"50,000-59,999 元",exact_range,包含經濟戶長本人，全家每個月的「工作薪水、兼差薪水、加班費、退休金，或是從事農林漁牧,question_options_110.csv,以 103 年 I3 為基準。 103基準題號：I3。,mapping_relation=exact_range; total_rule=source_question
build_income_expenditure_crosswalk.py,INC_FAM_WORK,家庭收入,INC_FAM_WORK,家庭工作收入,range_overlap,2021,110,G3,I3,1,7.0,"60,000元-未滿70,000元",7.0,"60,000-69,999 元",exact_range,包含經濟戶長本人，全家每個月的「工作薪水、兼差薪水、加班費、退休金，或是從事農林漁牧,question_options_110.csv,以 103 年 I3 為基準。 103基準題號：I3。,mapping_relation=exact_range; total_rule=source_question
build_income_expenditure_crosswalk.py,INC_FAM_WORK,家庭收入,INC_FAM_WORK,家庭工作收入,range_overlap,2021,110,G3,I3,1,8.0,"70,000元-未滿80,000元",8.0,"70,000-79,999 元",exact_range,包含經濟戶長本人，全家每個月的「工作薪水、兼差薪水、加班費、退休金，或是從事農林漁牧,question_options_110.csv,以 103 年 I3 為基準。 103基準題號：I3。,mapping_relation=exact_range; total_rule=source_question
build_income_expenditure_crosswalk.py,INC_FAM_WORK,家庭收入,INC_FAM_WORK,家庭工作收入,range_overlap,2021,110,G3,I3,1,9.0,"80,000元-未滿90,000元",9.0,"80,000-89,999 元",exact_range,包含經濟戶長本人，全家每個月的「工作薪水、兼差薪水、加班費、退休金，或是從事農林漁牧,question_options_110.csv,以 103 年 I3 為基準。 103基準題號：I3。,mapping_relation=exact_range; total_rule=source_question
build_income_expenditure_crosswalk.py,INC_FAM_WORK,家庭收入,INC_FAM_WORK,家庭工作收入,range_overlap,2021,110,G3,I3,1,10.0,"90,000元-未滿100,000元",10.0,"90,000-99,999 元",exact_range,包含經濟戶長本人，全家每個月的「工作薪水、兼差薪水、加班費、退休金，或是從事農林漁牧,question_options_110.csv,以 103 年 I3 為基準。 103基準題號：I3。,mapping_relation=exact_range; total_rule=source_question
build_income_expenditure_crosswalk.py,INC_FAM_WORK,家庭收入,INC_FAM_WORK,家庭工作收入,range_overlap,2021,110,G3,I3,1,11.0,"100,000元-未滿130,000元",11.0,"100,000-129,999元",exact_range,包含經濟戶長本人，全家每個月的「工作薪水、兼差薪水、加班費、退休金，或是從事農林漁牧,question_options_110.csv,以 103 年 I3 為基準。 103基準題號：I3。,mapping_relation=exact_range; total_rule=source_question
build_income_expenditure_crosswalk.py,INC_FAM_WORK,家庭收入,INC_FAM_WORK,家庭工作收入,range_overlap,2021,110,G3,I3,1,12.0,"130,000元-未滿160,000元",12.0,"130,000-159,999元",exact_range,包含經濟戶長本人，全家每個月的「工作薪水、兼差薪水、加班費、退休金，或是從事農林漁牧,question_options_110.csv,以 103 年 I3 為基準。 103基準題號：I3。,mapping_relation=exact_range; total_rule=source_question
build_income_expenditure_crosswalk.py,INC_FAM_WORK,家庭收入,INC_FAM_WORK,家庭工作收入,range_overlap,2021,110,G3,I3,1,13.0,"160,000元以上，請記錄____________元",13.0,"160,000 元及以上，請記錄____________元",exact_open_upper,包含經濟戶長本人，全家每個月的「工作薪水、兼差薪水、加班費、退休金，或是從事農林漁牧,question_options_110.csv,以 103 年 I3 為基準。 103基準題號：I3。,mapping_relation=exact_open_upper; total_rule=source_question
build_income_expenditure_crosswalk.py,INC_FAM_WORK,家庭收入,INC_FAM_WORK,家庭工作收入,range_overlap,2021,110,G3,I3,1,14.0,沒有這項收入,14.0,沒有這項收入,exact_none,包含經濟戶長本人，全家每個月的「工作薪水、兼差薪水、加班費、退休金，或是從事農林漁牧,question_options_110.csv,以 103 年 I3 為基準。 103基準題號：I3。,mapping_relation=exact_none; total_rule=source_question
build_income_expenditure_crosswalk.py,INC_FAM_GOV,家庭收入,INC_FAM_GOV,家庭政府補助與保險收入,range_overlap,2002,91_1,22-2,I4,1,1,未滿2000元,1.0,999 元及以下,source_bin_spans_multiple_base_bins,政府補助及津貼收入是多少？,question_options_91_1.csv,91 為政府補助及津貼；95 之後含各種保險。 103基準題號：I4。,mapping_relation=source_bin_spans_multiple_base_bins; total_rule=source_question
build_income_expenditure_crosswalk.py,INC_FAM_GOV,家庭收入,INC_FAM_GOV,家庭政府補助與保險收入,range_overlap,2002,91_1,22-2,I4,2,1,未滿2000元,2.0,"1,000-1,999 元",source_bin_spans_multiple_base_bins,政府補助及津貼收入是多少？,question_options_91_1.csv,91 為政府補助及津貼；95 之後含各種保險。 103基準題號：I4。,mapping_relation=source_bin_spans_multiple_base_bins; total_rule=source_question
build_income_expenditure_crosswalk.py,INC_FAM_GOV,家庭收入,INC_FAM_GOV,家庭政府補助與保險收入,range_overlap,2002,91_1,22-2,I4,1,2,2000元至未滿4000元,3.0,"2,000-2,999 元",source_bin_spans_multiple_base_bins,政府補助及津貼收入是多少？,question_options_91_1.csv,91 為政府補助及津貼；95 之後含各種保險。 103基準題號：I4。,mapping_relation=source_bin_spans_multiple_base_bins; total_rule=source_question
build_income_expenditure_crosswalk.py,INC_FAM_GOV,家庭收入,INC_FAM_GOV,家庭政府補助與保險收入,range_overlap,2002,91_1,22-2,I4,2,2,2000元至未滿4000元,4.0,"3,000-3,999 元",source_bin_spans_multiple_base_bins,政府補助及津貼收入是多少？,question_options_91_1.csv,91 為政府補助及津貼；95 之後含各種保險。 103基準題號：I4。,mapping_relation=source_bin_spans_multiple_base_bins; total_rule=source_question
build_income_expenditure_crosswalk.py,INC_FAM_GOV,家庭收入,INC_FAM_GOV,家庭政府補助與保險收入,range_overlap,2002,91_1,22-2,I4,1,3,4000元至未滿6000元,5.0,"4,000-4,999 元",source_bin_spans_multiple_base_bins,政府補助及津貼收入是多少？,question_options_91_1.csv,91 為政府補助及津貼；95 之後含各種保險。 103基準題號：I4。,mapping_relation=source_bin_spans_multiple_base_bins; total_rule=source_question
build_income_expenditure_crosswalk.py,INC_FAM_GOV,家庭收入,INC_FAM_GOV,家庭政府補助與保險收入,range_overlap,2002,91_1,22-2,I4,2,3,4000元至未滿6000元,6.0,"5,000-5,999 元",source_bin_spans_multiple_base_bins,政府補助及津貼收入是多少？,question_options_91_1.csv,91 為政府補助及津貼；95 之後含各種保險。 103基準題號：I4。,mapping_relation=source_bin_spans_multiple_base_bins; total_rule=source_question
build_income_expenditure_crosswalk.py,INC_FAM_GOV,家庭收入,INC_FAM_GOV,家庭政府補助與保險收入,range_overlap,2002,91_1,22-2,I4,1,4,6000元至未滿一萬元,7.0,"6,000-7,999 元",source_bin_spans_multiple_base_bins,政府補助及津貼收入是多少？,question_options_91_1.csv,91 為政府補助及津貼；95 之後含各種保險。 103基準題號：I4。,mapping_relation=source_bin_spans_multiple_base_bins; total_rule=source_question
build_income_expenditure_crosswalk.py,INC_FAM_GOV,家庭收入,INC_FAM_GOV,家庭政府補助與保險收入,range_overlap,2002,91_1,22-2,I4,2,4,6000元至未滿一萬元,8.0,"8,000-9,999 元",source_bin_spans_multiple_base_bins,政府補助及津貼收入是多少？,question_options_91_1.csv,91 為政府補助及津貼；95 之後含各種保險。 103基準題號：I4。,mapping_relation=source_bin_spans_multiple_base_bins; total_rule=source_question
build_income_expenditure_crosswalk.py,INC_FAM_GOV,家庭收入,INC_FAM_GOV,家庭政府補助與保險收入,range_overlap,2002,91_1,22-2,I4,1,5,1萬至未滿1萬5000元,9.0,"10,000-14,999 元",source_bin_spans_multiple_base_bins,政府補助及津貼收入是多少？,question_options_91_1.csv,91 為政府補助及津貼；95 之後含各種保險。 103基準題號：I4。,mapping_relation=source_bin_spans_multiple_base_bins; total_rule=source_question
build_income_expenditure_crosswalk.py,INC_FAM_GOV,家庭收入,INC_FAM_GOV,家庭政府補助與保險收入,range_overlap,2002,91_1,22-2,I4,2,5,1萬至未滿1萬5000元,10.0,"15,000-19,999 元",source_bin_spans_multiple_base_bins,政府補助及津貼收入是多少？,question_options_91_1.csv,91 為政府補助及津貼；95 之後含各種保險。 103基準題號：I4。,mapping_relation=source_bin_spans_multiple_base_bins; total_rule=source_question
build_income_expenditure_crosswalk.py,INC_FAM_GOV,家庭收入,INC_FAM_GOV,家庭政府補助與保險收入,range_overlap,2002,91_1,22-2,I4,3,5,1萬至未滿1萬5000元,11.0,"20,000-29,999 元",source_bin_spans_multiple_base_bins,政府補助及津貼收入是多少？,question_options_91_1.csv,91 為政府補助及津貼；95 之後含各種保險。 103基準題號：I4。,mapping_relation=source_bin_spans_multiple_base_bins; total_rule=source_question
build_income_expenditure_crosswalk.py,INC_FAM_GOV,家庭收入,INC_FAM_GOV,家庭政府補助與保險收入,range_overlap,2002,91_1,22-2,I4,4,5,1萬至未滿1萬5000元,12.0,"30,000 元及以上，請記錄________元",partial_overlap,政府補助及津貼收入是多少？,question_options_91_1.csv,91 為政府補助及津貼；95 之後含各種保險。 103基準題號：I4。,mapping_relation=partial_overlap; total_rule=source_question
build_income_expenditure_crosswalk.py,INC_FAM_GOV,家庭收入,INC_FAM_GOV,家庭政府補助與保險收入,range_overlap,2002,91_1,22-2,I4,1,6,1萬5000元至未滿2萬元,,,no_matching_103_option_bin,政府補助及津貼收入是多少？,question_options_91_1.csv,91 為政府補助及津貼；95 之後含各種保險。 103基準題號：I4。,mapping_relation=no_matching_103_option_bin; total_rule=source_question
build_income_expenditure_crosswalk.py,INC_FAM_GOV,家庭收入,INC_FAM_GOV,家庭政府補助與保險收入,range_overlap,2002,91_1,22-2,I4,1,7,2萬元至未滿3萬元,11.0,"20,000-29,999 元",exact_range,政府補助及津貼收入是多少？,question_options_91_1.csv,91 為政府補助及津貼；95 之後含各種保險。 103基準題號：I4。,mapping_relation=exact_range; total_rule=source_question
build_income_expenditure_crosswalk.py,INC_FAM_GOV,家庭收入,INC_FAM_GOV,家庭政府補助與保險收入,range_overlap,2002,91_1,22-2,I4,1,8,3萬元以上（請記錄　　元）,12.0,"30,000 元及以上，請記錄________元",exact_open_upper,政府補助及津貼收入是多少？,question_options_91_1.csv,91 為政府補助及津貼；95 之後含各種保險。 103基準題號：I4。,mapping_relation=exact_open_upper; total_rule=source_question
build_income_expenditure_crosswalk.py,INC_FAM_GOV,家庭收入,INC_FAM_GOV,家庭政府補助與保險收入,range_overlap,2002,91_1,22-2,I4,1,9,沒有這項收入,13.0,沒有這項收入,exact_none,政府補助及津貼收入是多少？,question_options_91_1.csv,91 為政府補助及津貼；95 之後含各種保險。 103基準題號：I4。,mapping_relation=exact_none; total_rule=source_question
build_income_expenditure_crosswalk.py,INC_FAM_GOV,家庭收入,INC_FAM_GOV,家庭政府補助與保險收入,range_overlap,2002,91_2,22-2,I4,1,1,未滿2000元,1.0,999 元及以下,source_bin_spans_multiple_base_bins,政府補助及津貼收入是多少？,question_options_91_2.csv,91 為政府補助及津貼；95 之後含各種保險。 103基準題號：I4。,mapping_relation=source_bin_spans_multiple_base_bins; total_rule=source_question
build_income_expenditure_crosswalk.py,INC_FAM_GOV,家庭收入,INC_FAM_GOV,家庭政府補助與保險收入,range_overlap,2002,91_2,22-2,I4,2,1,未滿2000元,2.0,"1,000-1,999 元",source_bin_spans_multiple_base_bins,政府補助及津貼收入是多少？,question_options_91_2.csv,91 為政府補助及津貼；95 之後含各種保險。 103基準題號：I4。,mapping_relation=source_bin_spans_multiple_base_bins; total_rule=source_question
build_income_expenditure_crosswalk.py,INC_FAM_GOV,家庭收入,INC_FAM_GOV,家庭政府補助與保險收入,range_overlap,2002,91_2,22-2,I4,1,2,2000元至未滿4000元,3.0,"2,000-2,999 元",source_bin_spans_multiple_base_bins,政府補助及津貼收入是多少？,question_options_91_2.csv,91 為政府補助及津貼；95 之後含各種保險。 103基準題號：I4。,mapping_relation=source_bin_spans_multiple_base_bins; total_rule=source_question
build_income_expenditure_crosswalk.py,INC_FAM_GOV,家庭收入,INC_FAM_GOV,家庭政府補助與保險收入,range_overlap,2002,91_2,22-2,I4,2,2,2000元至未滿4000元,4.0,"3,000-3,999 元",source_bin_spans_multiple_base_bins,政府補助及津貼收入是多少？,question_options_91_2.csv,91 為政府補助及津貼；95 之後含各種保險。 103基準題號：I4。,mapping_relation=source_bin_spans_multiple_base_bins; total_rule=source_question
build_income_expenditure_crosswalk.py,INC_FAM_GOV,家庭收入,INC_FAM_GOV,家庭政府補助與保險收入,range_overlap,2002,91_2,22-2,I4,1,3,4000元至未滿6000元,5.0,"4,000-4,999 元",source_bin_spans_multiple_base_bins,政府補助及津貼收入是多少？,question_options_91_2.csv,91 為政府補助及津貼；95 之後含各種保險。 103基準題號：I4。,mapping_relation=source_bin_spans_multiple_base_bins; total_rule=source_question
build_income_expenditure_crosswalk.py,INC_FAM_GOV,家庭收入,INC_FAM_GOV,家庭政府補助與保險收入,range_overlap,2002,91_2,22-2,I4,2,3,4000元至未滿6000元,6.0,"5,000-5,999 元",source_bin_spans_multiple_base_bins,政府補助及津貼收入是多少？,question_options_91_2.csv,91 為政府補助及津貼；95 之後含各種保險。 103基準題號：I4。,mapping_relation=source_bin_spans_multiple_base_bins; total_rule=source_question
build_income_expenditure_crosswalk.py,INC_FAM_GOV,家庭收入,INC_FAM_GOV,家庭政府補助與保險收入,range_overlap,2002,91_2,22-2,I4,1,4,6000元至未滿一萬元,7.0,"6,000-7,999 元",source_bin_spans_multiple_base_bins,政府補助及津貼收入是多少？,question_options_91_2.csv,91 為政府補助及津貼；95 之後含各種保險。 103基準題號：I4。,mapping_relation=source_bin_spans_multiple_base_bins; total_rule=source_question
build_income_expenditure_crosswalk.py,INC_FAM_GOV,家庭收入,INC_FAM_GOV,家庭政府補助與保險收入,range_overlap,2002,91_2,22-2,I4,2,4,6000元至未滿一萬元,8.0,"8,000-9,999 元",source_bin_spans_multiple_base_bins,政府補助及津貼收入是多少？,question_options_91_2.csv,91 為政府補助及津貼；95 之後含各種保險。 103基準題號：I4。,mapping_relation=source_bin_spans_multiple_base_bins; total_rule=source_question
build_income_expenditure_crosswalk.py,INC_FAM_GOV,家庭收入,INC_FAM_GOV,家庭政府補助與保險收入,range_overlap,2002,91_2,22-2,I4,1,5,1萬至未滿1萬5000元,9.0,"10,000-14,999 元",source_bin_spans_multiple_base_bins,政府補助及津貼收入是多少？,question_options_91_2.csv,91 為政府補助及津貼；95 之後含各種保險。 103基準題號：I4。,mapping_relation=source_bin_spans_multiple_base_bins; total_rule=source_question
build_income_expenditure_crosswalk.py,INC_FAM_GOV,家庭收入,INC_FAM_GOV,家庭政府補助與保險收入,range_overlap,2002,91_2,22-2,I4,2,5,1萬至未滿1萬5000元,10.0,"15,000-19,999 元",source_bin_spans_multiple_base_bins,政府補助及津貼收入是多少？,question_options_91_2.csv,91 為政府補助及津貼；95 之後含各種保險。 103基準題號：I4。,mapping_relation=source_bin_spans_multiple_base_bins; total_rule=source_question
build_income_expenditure_crosswalk.py,INC_FAM_GOV,家庭收入,INC_FAM_GOV,家庭政府補助與保險收入,range_overlap,2002,91_2,22-2,I4,3,5,1萬至未滿1萬5000元,11.0,"20,000-29,999 元",source_bin_spans_multiple_base_bins,政府補助及津貼收入是多少？,question_options_91_2.csv,91 為政府補助及津貼；95 之後含各種保險。 103基準題號：I4。,mapping_relation=source_bin_spans_multiple_base_bins; total_rule=source_question
build_income_expenditure_crosswalk.py,INC_FAM_GOV,家庭收入,INC_FAM_GOV,家庭政府補助與保險收入,range_overlap,2002,91_2,22-2,I4,4,5,1萬至未滿1萬5000元,12.0,"30,000 元及以上，請記錄________元",partial_overlap,政府補助及津貼收入是多少？,question_options_91_2.csv,91 為政府補助及津貼；95 之後含各種保險。 103基準題號：I4。,mapping_relation=partial_overlap; total_rule=source_question
build_income_expenditure_crosswalk.py,INC_FAM_GOV,家庭收入,INC_FAM_GOV,家庭政府補助與保險收入,range_overlap,2002,91_2,22-2,I4,1,6,1萬5000元至未滿2萬元,,,no_matching_103_option_bin,政府補助及津貼收入是多少？,question_options_91_2.csv,91 為政府補助及津貼；95 之後含各種保險。 103基準題號：I4。,mapping_relation=no_matching_103_option_bin; total_rule=source_question
build_income_expenditure_crosswalk.py,INC_FAM_GOV,家庭收入,INC_FAM_GOV,家庭政府補助與保險收入,range_overlap,2002,91_2,22-2,I4,1,7,2萬元至未滿3萬元,11.0,"20,000-29,999 元",exact_range,政府補助及津貼收入是多少？,question_options_91_2.csv,91 為政府補助及津貼；95 之後含各種保險。 103基準題號：I4。,mapping_relation=exact_range; total_rule=source_question
build_income_expenditure_crosswalk.py,INC_FAM_GOV,家庭收入,INC_FAM_GOV,家庭政府補助與保險收入,range_overlap,2002,91_2,22-2,I4,1,8,3萬元以上（請記錄　　元）,12.0,"30,000 元及以上，請記錄________元",exact_open_upper,政府補助及津貼收入是多少？,question_options_91_2.csv,91 為政府補助及津貼；95 之後含各種保險。 103基準題號：I4。,mapping_relation=exact_open_upper; total_rule=source_question
build_income_expenditure_crosswalk.py,INC_FAM_GOV,家庭收入,INC_FAM_GOV,家庭政府補助與保險收入,range_overlap,2002,91_2,22-2,I4,1,9,沒有這項收入,13.0,沒有這項收入,exact_none,政府補助及津貼收入是多少？,question_options_91_2.csv,91 為政府補助及津貼；95 之後含各種保險。 103基準題號：I4。,mapping_relation=exact_none; total_rule=source_question
build_income_expenditure_crosswalk.py,INC_FAM_GOV,家庭收入,INC_FAM_GOV,家庭政府補助與保險收入,range_overlap,2006,95,Q11-2,I4,1,1.0,999元及以下,1.0,999 元及以下,exact_range,包含您本人，全家每個月接受「政府津貼補助、各種保險」總收入是多少？,question_options_95.csv,91 為政府補助及津貼；95 之後含各種保險。 103基準題號：I4。,mapping_relation=exact_range; total_rule=source_question
build_income_expenditure_crosswalk.py,INC_FAM_GOV,家庭收入,INC_FAM_GOV,家庭政府補助與保險收入,range_overlap,2006,95,Q11-2,I4,1,2.0,"1,000-1,999元",2.0,"1,000-1,999 元",exact_range,包含您本人，全家每個月接受「政府津貼補助、各種保險」總收入是多少？,question_options_95.csv,91 為政府補助及津貼；95 之後含各種保險。 103基準題號：I4。,mapping_relation=exact_range; total_rule=source_question
build_income_expenditure_crosswalk.py,INC_FAM_GOV,家庭收入,INC_FAM_GOV,家庭政府補助與保險收入,range_overlap,2006,95,Q11-2,I4,1,3.0,"2,000-3,999 元",3.0,"2,000-2,999 元",source_bin_spans_multiple_base_bins,包含您本人，全家每個月接受「政府津貼補助、各種保險」總收入是多少？,question_options_95.csv,91 為政府補助及津貼；95 之後含各種保險。 103基準題號：I4。,mapping_relation=source_bin_spans_multiple_base_bins; total_rule=source_question
build_income_expenditure_crosswalk.py,INC_FAM_GOV,家庭收入,INC_FAM_GOV,家庭政府補助與保險收入,range_overlap,2006,95,Q11-2,I4,2,3.0,"2,000-3,999 元",4.0,"3,000-3,999 元",source_bin_spans_multiple_base_bins,包含您本人，全家每個月接受「政府津貼補助、各種保險」總收入是多少？,question_options_95.csv,91 為政府補助及津貼；95 之後含各種保險。 103基準題號：I4。,mapping_relation=source_bin_spans_multiple_base_bins; total_rule=source_question
build_income_expenditure_crosswalk.py,INC_FAM_GOV,家庭收入,INC_FAM_GOV,家庭政府補助與保險收入,range_overlap,2006,95,Q11-2,I4,1,4.0,"4,000-5,999元",5.0,"4,000-4,999 元",source_bin_spans_multiple_base_bins,包含您本人，全家每個月接受「政府津貼補助、各種保險」總收入是多少？,question_options_95.csv,91 為政府補助及津貼；95 之後含各種保險。 103基準題號：I4。,mapping_relation=source_bin_spans_multiple_base_bins; total_rule=source_question
build_income_expenditure_crosswalk.py,INC_FAM_GOV,家庭收入,INC_FAM_GOV,家庭政府補助與保險收入,range_overlap,2006,95,Q11-2,I4,2,4.0,"4,000-5,999元",6.0,"5,000-5,999 元",source_bin_spans_multiple_base_bins,包含您本人，全家每個月接受「政府津貼補助、各種保險」總收入是多少？,question_options_95.csv,91 為政府補助及津貼；95 之後含各種保險。 103基準題號：I4。,mapping_relation=source_bin_spans_multiple_base_bins; total_rule=source_question
build_income_expenditure_crosswalk.py,INC_FAM_GOV,家庭收入,INC_FAM_GOV,家庭政府補助與保險收入,range_overlap,2006,95,Q11-2,I4,1,5.0,"6,000-7,999 元",7.0,"6,000-7,999 元",exact_range,包含您本人，全家每個月接受「政府津貼補助、各種保險」總收入是多少？,question_options_95.csv,91 為政府補助及津貼；95 之後含各種保險。 103基準題號：I4。,mapping_relation=exact_range; total_rule=source_question
build_income_expenditure_crosswalk.py,INC_FAM_GOV,家庭收入,INC_FAM_GOV,家庭政府補助與保險收入,range_overlap,2006,95,Q11-2,I4,1,6.0,"8,000-9,999元",8.0,"8,000-9,999 元",exact_range,包含您本人，全家每個月接受「政府津貼補助、各種保險」總收入是多少？,question_options_95.csv,91 為政府補助及津貼；95 之後含各種保險。 103基準題號：I4。,mapping_relation=exact_range; total_rule=source_question
build_income_expenditure_crosswalk.py,INC_FAM_GOV,家庭收入,INC_FAM_GOV,家庭政府補助與保險收入,range_overlap,2006,95,Q11-2,I4,1,7.0,"10,000-14,999 元",9.0,"10,000-14,999 元",exact_range,包含您本人，全家每個月接受「政府津貼補助、各種保險」總收入是多少？,question_options_95.csv,91 為政府補助及津貼；95 之後含各種保險。 103基準題號：I4。,mapping_relation=exact_range; total_rule=source_question
build_income_expenditure_crosswalk.py,INC_FAM_GOV,家庭收入,INC_FAM_GOV,家庭政府補助與保險收入,range_overlap,2006,95,Q11-2,I4,1,8.0,"15,000-19,999元",10.0,"15,000-19,999 元",exact_range,包含您本人，全家每個月接受「政府津貼補助、各種保險」總收入是多少？,question_options_95.csv,91 為政府補助及津貼；95 之後含各種保險。 103基準題號：I4。,mapping_relation=exact_range; total_rule=source_question
build_income_expenditure_crosswalk.py,INC_FAM_GOV,家庭收入,INC_FAM_GOV,家庭政府補助與保險收入,range_overlap,2006,95,Q11-2,I4,1,9.0,"20,000-29,999 元",11.0,"20,000-29,999 元",exact_range,包含您本人，全家每個月接受「政府津貼補助、各種保險」總收入是多少？,question_options_95.csv,91 為政府補助及津貼；95 之後含各種保險。 103基準題號：I4。,mapping_relation=exact_range; total_rule=source_question
build_income_expenditure_crosswalk.py,INC_FAM_GOV,家庭收入,INC_FAM_GOV,家庭政府補助與保險收入,range_overlap,2006,95,Q11-2,I4,1,90.0,"30,000 元及以上，請記錄 元",12.0,"30,000 元及以上，請記錄________元",exact_open_upper,包含您本人，全家每個月接受「政府津貼補助、各種保險」總收入是多少？,question_options_95.csv,91 為政府補助及津貼；95 之後含各種保險。 103基準題號：I4。,mapping_relation=exact_open_upper; total_rule=source_question
build_income_expenditure_crosswalk.py,INC_FAM_GOV,家庭收入,INC_FAM_GOV,家庭政府補助與保險收入,range_overlap,2006,95,Q11-2,I4,1,95.0,沒有這項收入,13.0,沒有這項收入,exact_none,包含您本人，全家每個月接受「政府津貼補助、各種保險」總收入是多少？,question_options_95.csv,91 為政府補助及津貼；95 之後含各種保險。 103基準題號：I4。,mapping_relation=exact_none; total_rule=source_question
build_income_expenditure_crosswalk.py,INC_FAM_GOV,家庭收入,INC_FAM_GOV,家庭政府補助與保險收入,range_overlap,2010,99,I3,I4,1,1,"000-1,999 元",1.0,999 元及以下,source_bin_spans_multiple_base_bins,"""包含您本人，全家每個月接受「政府發給津貼、補助、各種保險」總收入是多少？【過去ㄧ年帄均每個月的金額】"", | ""包含您本人，全家每個月接受「政府發給津貼、補助、各種保險」總收入是多少？【過去ㄧ年帄均每個月的金額】""",question_options_99.csv,91 為政府補助及津貼；95 之後含各種保險。 103基準題號：I4。,mapping_relation=source_bin_spans_multiple_base_bins; total_rule=source_question
build_income_expenditure_crosswalk.py,INC_FAM_GOV,家庭收入,INC_FAM_GOV,家庭政府補助與保險收入,range_overlap,2010,99,I3,I4,2,1,"000-1,999 元",2.0,"1,000-1,999 元",source_bin_spans_multiple_base_bins,"""包含您本人，全家每個月接受「政府發給津貼、補助、各種保險」總收入是多少？【過去ㄧ年帄均每個月的金額】"", | ""包含您本人，全家每個月接受「政府發給津貼、補助、各種保險」總收入是多少？【過去ㄧ年帄均每個月的金額】""",question_options_99.csv,91 為政府補助及津貼；95 之後含各種保險。 103基準題號：I4。,mapping_relation=source_bin_spans_multiple_base_bins; total_rule=source_question
build_income_expenditure_crosswalk.py,INC_FAM_GOV,家庭收入,INC_FAM_GOV,家庭政府補助與保險收入,range_overlap,2010,99,I3,I4,1,2,"000-2,999 元",1.0,999 元及以下,source_bin_spans_multiple_base_bins,"""包含您本人，全家每個月接受「政府發給津貼、補助、各種保險」總收入是多少？【過去ㄧ年帄均每個月的金額】"", | ""包含您本人，全家每個月接受「政府發給津貼、補助、各種保險」總收入是多少？【過去ㄧ年帄均每個月的金額】""",question_options_99.csv,91 為政府補助及津貼；95 之後含各種保險。 103基準題號：I4。,mapping_relation=source_bin_spans_multiple_base_bins; total_rule=source_question
build_income_expenditure_crosswalk.py,INC_FAM_GOV,家庭收入,INC_FAM_GOV,家庭政府補助與保險收入,range_overlap,2010,99,I3,I4,2,2,"000-2,999 元",2.0,"1,000-1,999 元",source_bin_spans_multiple_base_bins,"""包含您本人，全家每個月接受「政府發給津貼、補助、各種保險」總收入是多少？【過去ㄧ年帄均每個月的金額】"", | ""包含您本人，全家每個月接受「政府發給津貼、補助、各種保險」總收入是多少？【過去ㄧ年帄均每個月的金額】""",question_options_99.csv,91 為政府補助及津貼；95 之後含各種保險。 103基準題號：I4。,mapping_relation=source_bin_spans_multiple_base_bins; total_rule=source_question
build_income_expenditure_crosswalk.py,INC_FAM_GOV,家庭收入,INC_FAM_GOV,家庭政府補助與保險收入,range_overlap,2010,99,I3,I4,3,2,"000-2,999 元",3.0,"2,000-2,999 元",source_bin_spans_multiple_base_bins,"""包含您本人，全家每個月接受「政府發給津貼、補助、各種保險」總收入是多少？【過去ㄧ年帄均每個月的金額】"", | ""包含您本人，全家每個月接受「政府發給津貼、補助、各種保險」總收入是多少？【過去ㄧ年帄均每個月的金額】""",question_options_99.csv,91 為政府補助及津貼；95 之後含各種保險。 103基準題號：I4。,mapping_relation=source_bin_spans_multiple_base_bins; total_rule=source_question
build_income_expenditure_crosswalk.py,INC_FAM_GOV,家庭收入,INC_FAM_GOV,家庭政府補助與保險收入,range_overlap,2010,99,I3,I4,1,3,"000-3,999 元",1.0,999 元及以下,source_bin_spans_multiple_base_bins,"""包含您本人，全家每個月接受「政府發給津貼、補助、各種保險」總收入是多少？【過去ㄧ年帄均每個月的金額】"", | ""包含您本人，全家每個月接受「政府發給津貼、補助、各種保險」總收入是多少？【過去ㄧ年帄均每個月的金額】""",question_options_99.csv,91 為政府補助及津貼；95 之後含各種保險。 103基準題號：I4。,mapping_relation=source_bin_spans_multiple_base_bins; total_rule=source_question
build_income_expenditure_crosswalk.py,INC_FAM_GOV,家庭收入,INC_FAM_GOV,家庭政府補助與保險收入,range_overlap,2010,99,I3,I4,2,3,"000-3,999 元",2.0,"1,000-1,999 元",source_bin_spans_multiple_base_bins,"""包含您本人，全家每個月接受「政府發給津貼、補助、各種保險」總收入是多少？【過去ㄧ年帄均每個月的金額】"", | ""包含您本人，全家每個月接受「政府發給津貼、補助、各種保險」總收入是多少？【過去ㄧ年帄均每個月的金額】""",question_options_99.csv,91 為政府補助及津貼；95 之後含各種保險。 103基準題號：I4。,mapping_relation=source_bin_spans_multiple_base_bins; total_rule=source_question
build_income_expenditure_crosswalk.py,INC_FAM_GOV,家庭收入,INC_FAM_GOV,家庭政府補助與保險收入,range_overlap,2010,99,I3,I4,3,3,"000-3,999 元",3.0,"2,000-2,999 元",source_bin_spans_multiple_base_bins,"""包含您本人，全家每個月接受「政府發給津貼、補助、各種保險」總收入是多少？【過去ㄧ年帄均每個月的金額】"", | ""包含您本人，全家每個月接受「政府發給津貼、補助、各種保險」總收入是多少？【過去ㄧ年帄均每個月的金額】""",question_options_99.csv,91 為政府補助及津貼；95 之後含各種保險。 103基準題號：I4。,mapping_relation=source_bin_spans_multiple_base_bins; total_rule=source_question
build_income_expenditure_crosswalk.py,INC_FAM_GOV,家庭收入,INC_FAM_GOV,家庭政府補助與保險收入,range_overlap,2010,99,I3,I4,4,3,"000-3,999 元",4.0,"3,000-3,999 元",source_bin_spans_multiple_base_bins,"""包含您本人，全家每個月接受「政府發給津貼、補助、各種保險」總收入是多少？【過去ㄧ年帄均每個月的金額】"", | ""包含您本人，全家每個月接受「政府發給津貼、補助、各種保險」總收入是多少？【過去ㄧ年帄均每個月的金額】""",question_options_99.csv,91 為政府補助及津貼；95 之後含各種保險。 103基準題號：I4。,mapping_relation=source_bin_spans_multiple_base_bins; total_rule=source_question
build_income_expenditure_crosswalk.py,INC_FAM_GOV,家庭收入,INC_FAM_GOV,家庭政府補助與保險收入,range_overlap,2010,99,I3,I4,1,4,"000-4,999 元",1.0,999 元及以下,source_bin_spans_multiple_base_bins,"""包含您本人，全家每個月接受「政府發給津貼、補助、各種保險」總收入是多少？【過去ㄧ年帄均每個月的金額】"", | ""包含您本人，全家每個月接受「政府發給津貼、補助、各種保險」總收入是多少？【過去ㄧ年帄均每個月的金額】""",question_options_99.csv,91 為政府補助及津貼；95 之後含各種保險。 103基準題號：I4。,mapping_relation=source_bin_spans_multiple_base_bins; total_rule=source_question
build_income_expenditure_crosswalk.py,INC_FAM_GOV,家庭收入,INC_FAM_GOV,家庭政府補助與保險收入,range_overlap,2010,99,I3,I4,2,4,"000-4,999 元",2.0,"1,000-1,999 元",source_bin_spans_multiple_base_bins,"""包含您本人，全家每個月接受「政府發給津貼、補助、各種保險」總收入是多少？【過去ㄧ年帄均每個月的金額】"", | ""包含您本人，全家每個月接受「政府發給津貼、補助、各種保險」總收入是多少？【過去ㄧ年帄均每個月的金額】""",question_options_99.csv,91 為政府補助及津貼；95 之後含各種保險。 103基準題號：I4。,mapping_relation=source_bin_spans_multiple_base_bins; total_rule=source_question
build_income_expenditure_crosswalk.py,INC_FAM_GOV,家庭收入,INC_FAM_GOV,家庭政府補助與保險收入,range_overlap,2010,99,I3,I4,3,4,"000-4,999 元",3.0,"2,000-2,999 元",source_bin_spans_multiple_base_bins,"""包含您本人，全家每個月接受「政府發給津貼、補助、各種保險」總收入是多少？【過去ㄧ年帄均每個月的金額】"", | ""包含您本人，全家每個月接受「政府發給津貼、補助、各種保險」總收入是多少？【過去ㄧ年帄均每個月的金額】""",question_options_99.csv,91 為政府補助及津貼；95 之後含各種保險。 103基準題號：I4。,mapping_relation=source_bin_spans_multiple_base_bins; total_rule=source_question
build_income_expenditure_crosswalk.py,INC_FAM_GOV,家庭收入,INC_FAM_GOV,家庭政府補助與保險收入,range_overlap,2010,99,I3,I4,4,4,"000-4,999 元",4.0,"3,000-3,999 元",source_bin_spans_multiple_base_bins,"""包含您本人，全家每個月接受「政府發給津貼、補助、各種保險」總收入是多少？【過去ㄧ年帄均每個月的金額】"", | ""包含您本人，全家每個月接受「政府發給津貼、補助、各種保險」總收入是多少？【過去ㄧ年帄均每個月的金額】""",question_options_99.csv,91 為政府補助及津貼；95 之後含各種保險。 103基準題號：I4。,mapping_relation=source_bin_spans_multiple_base_bins; total_rule=source_question
build_income_expenditure_crosswalk.py,INC_FAM_GOV,家庭收入,INC_FAM_GOV,家庭政府補助與保險收入,range_overlap,2010,99,I3,I4,5,4,"000-4,999 元",5.0,"4,000-4,999 元",source_bin_spans_multiple_base_bins,"""包含您本人，全家每個月接受「政府發給津貼、補助、各種保險」總收入是多少？【過去ㄧ年帄均每個月的金額】"", | ""包含您本人，全家每個月接受「政府發給津貼、補助、各種保險」總收入是多少？【過去ㄧ年帄均每個月的金額】""",question_options_99.csv,91 為政府補助及津貼；95 之後含各種保險。 103基準題號：I4。,mapping_relation=source_bin_spans_multiple_base_bins; total_rule=source_question
build_income_expenditure_crosswalk.py,INC_FAM_GOV,家庭收入,INC_FAM_GOV,家庭政府補助與保險收入,range_overlap,2010,99,I3,I4,1,5,"000-5,999 元",1.0,999 元及以下,source_bin_spans_multiple_base_bins,"""包含您本人，全家每個月接受「政府發給津貼、補助、各種保險」總收入是多少？【過去ㄧ年帄均每個月的金額】"", | ""包含您本人，全家每個月接受「政府發給津貼、補助、各種保險」總收入是多少？【過去ㄧ年帄均每個月的金額】""",question_options_99.csv,91 為政府補助及津貼；95 之後含各種保險。 103基準題號：I4。,mapping_relation=source_bin_spans_multiple_base_bins; total_rule=source_question
build_income_expenditure_crosswalk.py,INC_FAM_GOV,家庭收入,INC_FAM_GOV,家庭政府補助與保險收入,range_overlap,2010,99,I3,I4,2,5,"000-5,999 元",2.0,"1,000-1,999 元",source_bin_spans_multiple_base_bins,"""包含您本人，全家每個月接受「政府發給津貼、補助、各種保險」總收入是多少？【過去ㄧ年帄均每個月的金額】"", | ""包含您本人，全家每個月接受「政府發給津貼、補助、各種保險」總收入是多少？【過去ㄧ年帄均每個月的金額】""",question_options_99.csv,91 為政府補助及津貼；95 之後含各種保險。 103基準題號：I4。,mapping_relation=source_bin_spans_multiple_base_bins; total_rule=source_question
build_income_expenditure_crosswalk.py,INC_FAM_GOV,家庭收入,INC_FAM_GOV,家庭政府補助與保險收入,range_overlap,2010,99,I3,I4,3,5,"000-5,999 元",3.0,"2,000-2,999 元",source_bin_spans_multiple_base_bins,"""包含您本人，全家每個月接受「政府發給津貼、補助、各種保險」總收入是多少？【過去ㄧ年帄均每個月的金額】"", | ""包含您本人，全家每個月接受「政府發給津貼、補助、各種保險」總收入是多少？【過去ㄧ年帄均每個月的金額】""",question_options_99.csv,91 為政府補助及津貼；95 之後含各種保險。 103基準題號：I4。,mapping_relation=source_bin_spans_multiple_base_bins; total_rule=source_question
build_income_expenditure_crosswalk.py,INC_FAM_GOV,家庭收入,INC_FAM_GOV,家庭政府補助與保險收入,range_overlap,2010,99,I3,I4,4,5,"000-5,999 元",4.0,"3,000-3,999 元",source_bin_spans_multiple_base_bins,"""包含您本人，全家每個月接受「政府發給津貼、補助、各種保險」總收入是多少？【過去ㄧ年帄均每個月的金額】"", | ""包含您本人，全家每個月接受「政府發給津貼、補助、各種保險」總收入是多少？【過去ㄧ年帄均每個月的金額】""",question_options_99.csv,91 為政府補助及津貼；95 之後含各種保險。 103基準題號：I4。,mapping_relation=source_bin_spans_multiple_base_bins; total_rule=source_question
build_income_expenditure_crosswalk.py,INC_FAM_GOV,家庭收入,INC_FAM_GOV,家庭政府補助與保險收入,range_overlap,2010,99,I3,I4,5,5,"000-5,999 元",5.0,"4,000-4,999 元",source_bin_spans_multiple_base_bins,"""包含您本人，全家每個月接受「政府發給津貼、補助、各種保險」總收入是多少？【過去ㄧ年帄均每個月的金額】"", | ""包含您本人，全家每個月接受「政府發給津貼、補助、各種保險」總收入是多少？【過去ㄧ年帄均每個月的金額】""",question_options_99.csv,91 為政府補助及津貼；95 之後含各種保險。 103基準題號：I4。,mapping_relation=source_bin_spans_multiple_base_bins; total_rule=source_question
build_income_expenditure_crosswalk.py,INC_FAM_GOV,家庭收入,INC_FAM_GOV,家庭政府補助與保險收入,range_overlap,2010,99,I3,I4,6,5,"000-5,999 元",6.0,"5,000-5,999 元",source_bin_spans_multiple_base_bins,"""包含您本人，全家每個月接受「政府發給津貼、補助、各種保險」總收入是多少？【過去ㄧ年帄均每個月的金額】"", | ""包含您本人，全家每個月接受「政府發給津貼、補助、各種保險」總收入是多少？【過去ㄧ年帄均每個月的金額】""",question_options_99.csv,91 為政府補助及津貼；95 之後含各種保險。 103基準題號：I4。,mapping_relation=source_bin_spans_multiple_base_bins; total_rule=source_question
build_income_expenditure_crosswalk.py,INC_FAM_GOV,家庭收入,INC_FAM_GOV,家庭政府補助與保險收入,range_overlap,2010,99,I3,I4,1,6,"000-7,999 元",1.0,999 元及以下,source_bin_spans_multiple_base_bins,"""包含您本人，全家每個月接受「政府發給津貼、補助、各種保險」總收入是多少？【過去ㄧ年帄均每個月的金額】"", | ""包含您本人，全家每個月接受「政府發給津貼、補助、各種保險」總收入是多少？【過去ㄧ年帄均每個月的金額】""",question_options_99.csv,91 為政府補助及津貼；95 之後含各種保險。 103基準題號：I4。,mapping_relation=source_bin_spans_multiple_base_bins; total_rule=source_question
build_income_expenditure_crosswalk.py,INC_FAM_GOV,家庭收入,INC_FAM_GOV,家庭政府補助與保險收入,range_overlap,2010,99,I3,I4,2,6,"000-7,999 元",2.0,"1,000-1,999 元",source_bin_spans_multiple_base_bins,"""包含您本人，全家每個月接受「政府發給津貼、補助、各種保險」總收入是多少？【過去ㄧ年帄均每個月的金額】"", | ""包含您本人，全家每個月接受「政府發給津貼、補助、各種保險」總收入是多少？【過去ㄧ年帄均每個月的金額】""",question_options_99.csv,91 為政府補助及津貼；95 之後含各種保險。 103基準題號：I4。,mapping_relation=source_bin_spans_multiple_base_bins; total_rule=source_question
build_income_expenditure_crosswalk.py,INC_FAM_GOV,家庭收入,INC_FAM_GOV,家庭政府補助與保險收入,range_overlap,2010,99,I3,I4,3,6,"000-7,999 元",3.0,"2,000-2,999 元",source_bin_spans_multiple_base_bins,"""包含您本人，全家每個月接受「政府發給津貼、補助、各種保險」總收入是多少？【過去ㄧ年帄均每個月的金額】"", | ""包含您本人，全家每個月接受「政府發給津貼、補助、各種保險」總收入是多少？【過去ㄧ年帄均每個月的金額】""",question_options_99.csv,91 為政府補助及津貼；95 之後含各種保險。 103基準題號：I4。,mapping_relation=source_bin_spans_multiple_base_bins; total_rule=source_question
build_income_expenditure_crosswalk.py,INC_FAM_GOV,家庭收入,INC_FAM_GOV,家庭政府補助與保險收入,range_overlap,2010,99,I3,I4,4,6,"000-7,999 元",4.0,"3,000-3,999 元",source_bin_spans_multiple_base_bins,"""包含您本人，全家每個月接受「政府發給津貼、補助、各種保險」總收入是多少？【過去ㄧ年帄均每個月的金額】"", | ""包含您本人，全家每個月接受「政府發給津貼、補助、各種保險」總收入是多少？【過去ㄧ年帄均每個月的金額】""",question_options_99.csv,91 為政府補助及津貼；95 之後含各種保險。 103基準題號：I4。,mapping_relation=source_bin_spans_multiple_base_bins; total_rule=source_question
build_income_expenditure_crosswalk.py,INC_FAM_GOV,家庭收入,INC_FAM_GOV,家庭政府補助與保險收入,range_overlap,2010,99,I3,I4,5,6,"000-7,999 元",5.0,"4,000-4,999 元",source_bin_spans_multiple_base_bins,"""包含您本人，全家每個月接受「政府發給津貼、補助、各種保險」總收入是多少？【過去ㄧ年帄均每個月的金額】"", | ""包含您本人，全家每個月接受「政府發給津貼、補助、各種保險」總收入是多少？【過去ㄧ年帄均每個月的金額】""",question_options_99.csv,91 為政府補助及津貼；95 之後含各種保險。 103基準題號：I4。,mapping_relation=source_bin_spans_multiple_base_bins; total_rule=source_question
build_income_expenditure_crosswalk.py,INC_FAM_GOV,家庭收入,INC_FAM_GOV,家庭政府補助與保險收入,range_overlap,2010,99,I3,I4,6,6,"000-7,999 元",6.0,"5,000-5,999 元",source_bin_spans_multiple_base_bins,"""包含您本人，全家每個月接受「政府發給津貼、補助、各種保險」總收入是多少？【過去ㄧ年帄均每個月的金額】"", | ""包含您本人，全家每個月接受「政府發給津貼、補助、各種保險」總收入是多少？【過去ㄧ年帄均每個月的金額】""",question_options_99.csv,91 為政府補助及津貼；95 之後含各種保險。 103基準題號：I4。,mapping_relation=source_bin_spans_multiple_base_bins; total_rule=source_question
build_income_expenditure_crosswalk.py,INC_FAM_GOV,家庭收入,INC_FAM_GOV,家庭政府補助與保險收入,range_overlap,2010,99,I3,I4,7,6,"000-7,999 元",7.0,"6,000-7,999 元",source_bin_spans_multiple_base_bins,"""包含您本人，全家每個月接受「政府發給津貼、補助、各種保險」總收入是多少？【過去ㄧ年帄均每個月的金額】"", | ""包含您本人，全家每個月接受「政府發給津貼、補助、各種保險」總收入是多少？【過去ㄧ年帄均每個月的金額】""",question_options_99.csv,91 為政府補助及津貼；95 之後含各種保險。 103基準題號：I4。,mapping_relation=source_bin_spans_multiple_base_bins; total_rule=source_question
build_income_expenditure_crosswalk.py,INC_FAM_GOV,家庭收入,INC_FAM_GOV,家庭政府補助與保險收入,range_overlap,2010,99,I3,I4,1,8,"000-9,999 元",1.0,999 元及以下,source_bin_spans_multiple_base_bins,"""包含您本人，全家每個月接受「政府發給津貼、補助、各種保險」總收入是多少？【過去ㄧ年帄均每個月的金額】"", | ""包含您本人，全家每個月接受「政府發給津貼、補助、各種保險」總收入是多少？【過去ㄧ年帄均每個月的金額】""",question_options_99.csv,91 為政府補助及津貼；95 之後含各種保險。 103基準題號：I4。,mapping_relation=source_bin_spans_multiple_base_bins; total_rule=source_question
build_income_expenditure_crosswalk.py,INC_FAM_GOV,家庭收入,INC_FAM_GOV,家庭政府補助與保險收入,range_overlap,2010,99,I3,I4,2,8,"000-9,999 元",2.0,"1,000-1,999 元",source_bin_spans_multiple_base_bins,"""包含您本人，全家每個月接受「政府發給津貼、補助、各種保險」總收入是多少？【過去ㄧ年帄均每個月的金額】"", | ""包含您本人，全家每個月接受「政府發給津貼、補助、各種保險」總收入是多少？【過去ㄧ年帄均每個月的金額】""",question_options_99.csv,91 為政府補助及津貼；95 之後含各種保險。 103基準題號：I4。,mapping_relation=source_bin_spans_multiple_base_bins; total_rule=source_question
build_income_expenditure_crosswalk.py,INC_FAM_GOV,家庭收入,INC_FAM_GOV,家庭政府補助與保險收入,range_overlap,2010,99,I3,I4,3,8,"000-9,999 元",3.0,"2,000-2,999 元",source_bin_spans_multiple_base_bins,"""包含您本人，全家每個月接受「政府發給津貼、補助、各種保險」總收入是多少？【過去ㄧ年帄均每個月的金額】"", | ""包含您本人，全家每個月接受「政府發給津貼、補助、各種保險」總收入是多少？【過去ㄧ年帄均每個月的金額】""",question_options_99.csv,91 為政府補助及津貼；95 之後含各種保險。 103基準題號：I4。,mapping_relation=source_bin_spans_multiple_base_bins; total_rule=source_question
build_income_expenditure_crosswalk.py,INC_FAM_GOV,家庭收入,INC_FAM_GOV,家庭政府補助與保險收入,range_overlap,2010,99,I3,I4,4,8,"000-9,999 元",4.0,"3,000-3,999 元",source_bin_spans_multiple_base_bins,"""包含您本人，全家每個月接受「政府發給津貼、補助、各種保險」總收入是多少？【過去ㄧ年帄均每個月的金額】"", | ""包含您本人，全家每個月接受「政府發給津貼、補助、各種保險」總收入是多少？【過去ㄧ年帄均每個月的金額】""",question_options_99.csv,91 為政府補助及津貼；95 之後含各種保險。 103基準題號：I4。,mapping_relation=source_bin_spans_multiple_base_bins; total_rule=source_question
build_income_expenditure_crosswalk.py,INC_FAM_GOV,家庭收入,INC_FAM_GOV,家庭政府補助與保險收入,range_overlap,2010,99,I3,I4,5,8,"000-9,999 元",5.0,"4,000-4,999 元",source_bin_spans_multiple_base_bins,"""包含您本人，全家每個月接受「政府發給津貼、補助、各種保險」總收入是多少？【過去ㄧ年帄均每個月的金額】"", | ""包含您本人，全家每個月接受「政府發給津貼、補助、各種保險」總收入是多少？【過去ㄧ年帄均每個月的金額】""",question_options_99.csv,91 為政府補助及津貼；95 之後含各種保險。 103基準題號：I4。,mapping_relation=source_bin_spans_multiple_base_bins; total_rule=source_question
build_income_expenditure_crosswalk.py,INC_FAM_GOV,家庭收入,INC_FAM_GOV,家庭政府補助與保險收入,range_overlap,2010,99,I3,I4,6,8,"000-9,999 元",6.0,"5,000-5,999 元",source_bin_spans_multiple_base_bins,"""包含您本人，全家每個月接受「政府發給津貼、補助、各種保險」總收入是多少？【過去ㄧ年帄均每個月的金額】"", | ""包含您本人，全家每個月接受「政府發給津貼、補助、各種保險」總收入是多少？【過去ㄧ年帄均每個月的金額】""",question_options_99.csv,91 為政府補助及津貼；95 之後含各種保險。 103基準題號：I4。,mapping_relation=source_bin_spans_multiple_base_bins; total_rule=source_question
build_income_expenditure_crosswalk.py,INC_FAM_GOV,家庭收入,INC_FAM_GOV,家庭政府補助與保險收入,range_overlap,2010,99,I3,I4,7,8,"000-9,999 元",7.0,"6,000-7,999 元",source_bin_spans_multiple_base_bins,"""包含您本人，全家每個月接受「政府發給津貼、補助、各種保險」總收入是多少？【過去ㄧ年帄均每個月的金額】"", | ""包含您本人，全家每個月接受「政府發給津貼、補助、各種保險」總收入是多少？【過去ㄧ年帄均每個月的金額】""",question_options_99.csv,91 為政府補助及津貼；95 之後含各種保險。 103基準題號：I4。,mapping_relation=source_bin_spans_multiple_base_bins; total_rule=source_question
build_income_expenditure_crosswalk.py,INC_FAM_GOV,家庭收入,INC_FAM_GOV,家庭政府補助與保險收入,range_overlap,2010,99,I3,I4,8,8,"000-9,999 元",8.0,"8,000-9,999 元",source_bin_spans_multiple_base_bins,"""包含您本人，全家每個月接受「政府發給津貼、補助、各種保險」總收入是多少？【過去ㄧ年帄均每個月的金額】"", | ""包含您本人，全家每個月接受「政府發給津貼、補助、各種保險」總收入是多少？【過去ㄧ年帄均每個月的金額】""",question_options_99.csv,91 為政府補助及津貼；95 之後含各種保險。 103基準題號：I4。,mapping_relation=source_bin_spans_multiple_base_bins; total_rule=source_question
build_income_expenditure_crosswalk.py,INC_FAM_GOV,家庭收入,INC_FAM_GOV,家庭政府補助與保險收入,range_overlap,2010,99,I3,I4,1,10,"000-14,999 元",1.0,999 元及以下,source_bin_spans_multiple_base_bins,"""包含您本人，全家每個月接受「政府發給津貼、補助、各種保險」總收入是多少？【過去ㄧ年帄均每個月的金額】"", | ""包含您本人，全家每個月接受「政府發給津貼、補助、各種保險」總收入是多少？【過去ㄧ年帄均每個月的金額】""",question_options_99.csv,91 為政府補助及津貼；95 之後含各種保險。 103基準題號：I4。,mapping_relation=source_bin_spans_multiple_base_bins; total_rule=source_question
build_income_expenditure_crosswalk.py,INC_FAM_GOV,家庭收入,INC_FAM_GOV,家庭政府補助與保險收入,range_overlap,2010,99,I3,I4,2,10,"000-14,999 元",2.0,"1,000-1,999 元",source_bin_spans_multiple_base_bins,"""包含您本人，全家每個月接受「政府發給津貼、補助、各種保險」總收入是多少？【過去ㄧ年帄均每個月的金額】"", | ""包含您本人，全家每個月接受「政府發給津貼、補助、各種保險」總收入是多少？【過去ㄧ年帄均每個月的金額】""",question_options_99.csv,91 為政府補助及津貼；95 之後含各種保險。 103基準題號：I4。,mapping_relation=source_bin_spans_multiple_base_bins; total_rule=source_question
build_income_expenditure_crosswalk.py,INC_FAM_GOV,家庭收入,INC_FAM_GOV,家庭政府補助與保險收入,range_overlap,2010,99,I3,I4,3,10,"000-14,999 元",3.0,"2,000-2,999 元",source_bin_spans_multiple_base_bins,"""包含您本人，全家每個月接受「政府發給津貼、補助、各種保險」總收入是多少？【過去ㄧ年帄均每個月的金額】"", | ""包含您本人，全家每個月接受「政府發給津貼、補助、各種保險」總收入是多少？【過去ㄧ年帄均每個月的金額】""",question_options_99.csv,91 為政府補助及津貼；95 之後含各種保險。 103基準題號：I4。,mapping_relation=source_bin_spans_multiple_base_bins; total_rule=source_question
build_income_expenditure_crosswalk.py,INC_FAM_GOV,家庭收入,INC_FAM_GOV,家庭政府補助與保險收入,range_overlap,2010,99,I3,I4,4,10,"000-14,999 元",4.0,"3,000-3,999 元",source_bin_spans_multiple_base_bins,"""包含您本人，全家每個月接受「政府發給津貼、補助、各種保險」總收入是多少？【過去ㄧ年帄均每個月的金額】"", | ""包含您本人，全家每個月接受「政府發給津貼、補助、各種保險」總收入是多少？【過去ㄧ年帄均每個月的金額】""",question_options_99.csv,91 為政府補助及津貼；95 之後含各種保險。 103基準題號：I4。,mapping_relation=source_bin_spans_multiple_base_bins; total_rule=source_question
build_income_expenditure_crosswalk.py,INC_FAM_GOV,家庭收入,INC_FAM_GOV,家庭政府補助與保險收入,range_overlap,2010,99,I3,I4,5,10,"000-14,999 元",5.0,"4,000-4,999 元",source_bin_spans_multiple_base_bins,"""包含您本人，全家每個月接受「政府發給津貼、補助、各種保險」總收入是多少？【過去ㄧ年帄均每個月的金額】"", | ""包含您本人，全家每個月接受「政府發給津貼、補助、各種保險」總收入是多少？【過去ㄧ年帄均每個月的金額】""",question_options_99.csv,91 為政府補助及津貼；95 之後含各種保險。 103基準題號：I4。,mapping_relation=source_bin_spans_multiple_base_bins; total_rule=source_question
build_income_expenditure_crosswalk.py,INC_FAM_GOV,家庭收入,INC_FAM_GOV,家庭政府補助與保險收入,range_overlap,2010,99,I3,I4,6,10,"000-14,999 元",6.0,"5,000-5,999 元",source_bin_spans_multiple_base_bins,"""包含您本人，全家每個月接受「政府發給津貼、補助、各種保險」總收入是多少？【過去ㄧ年帄均每個月的金額】"", | ""包含您本人，全家每個月接受「政府發給津貼、補助、各種保險」總收入是多少？【過去ㄧ年帄均每個月的金額】""",question_options_99.csv,91 為政府補助及津貼；95 之後含各種保險。 103基準題號：I4。,mapping_relation=source_bin_spans_multiple_base_bins; total_rule=source_question
build_income_expenditure_crosswalk.py,INC_FAM_GOV,家庭收入,INC_FAM_GOV,家庭政府補助與保險收入,range_overlap,2010,99,I3,I4,7,10,"000-14,999 元",7.0,"6,000-7,999 元",source_bin_spans_multiple_base_bins,"""包含您本人，全家每個月接受「政府發給津貼、補助、各種保險」總收入是多少？【過去ㄧ年帄均每個月的金額】"", | ""包含您本人，全家每個月接受「政府發給津貼、補助、各種保險」總收入是多少？【過去ㄧ年帄均每個月的金額】""",question_options_99.csv,91 為政府補助及津貼；95 之後含各種保險。 103基準題號：I4。,mapping_relation=source_bin_spans_multiple_base_bins; total_rule=source_question
build_income_expenditure_crosswalk.py,INC_FAM_GOV,家庭收入,INC_FAM_GOV,家庭政府補助與保險收入,range_overlap,2010,99,I3,I4,8,10,"000-14,999 元",8.0,"8,000-9,999 元",source_bin_spans_multiple_base_bins,"""包含您本人，全家每個月接受「政府發給津貼、補助、各種保險」總收入是多少？【過去ㄧ年帄均每個月的金額】"", | ""包含您本人，全家每個月接受「政府發給津貼、補助、各種保險」總收入是多少？【過去ㄧ年帄均每個月的金額】""",question_options_99.csv,91 為政府補助及津貼；95 之後含各種保險。 103基準題號：I4。,mapping_relation=source_bin_spans_multiple_base_bins; total_rule=source_question
build_income_expenditure_crosswalk.py,INC_FAM_GOV,家庭收入,INC_FAM_GOV,家庭政府補助與保險收入,range_overlap,2010,99,I3,I4,9,10,"000-14,999 元",9.0,"10,000-14,999 元",source_bin_spans_multiple_base_bins,"""包含您本人，全家每個月接受「政府發給津貼、補助、各種保險」總收入是多少？【過去ㄧ年帄均每個月的金額】"", | ""包含您本人，全家每個月接受「政府發給津貼、補助、各種保險」總收入是多少？【過去ㄧ年帄均每個月的金額】""",question_options_99.csv,91 為政府補助及津貼；95 之後含各種保險。 103基準題號：I4。,mapping_relation=source_bin_spans_multiple_base_bins; total_rule=source_question
build_income_expenditure_crosswalk.py,INC_FAM_GOV,家庭收入,INC_FAM_GOV,家庭政府補助與保險收入,range_overlap,2010,99,I3,I4,1,15,"000-19,999 元",1.0,999 元及以下,source_bin_spans_multiple_base_bins,"""包含您本人，全家每個月接受「政府發給津貼、補助、各種保險」總收入是多少？【過去ㄧ年帄均每個月的金額】"", | ""包含您本人，全家每個月接受「政府發給津貼、補助、各種保險」總收入是多少？【過去ㄧ年帄均每個月的金額】""",question_options_99.csv,91 為政府補助及津貼；95 之後含各種保險。 103基準題號：I4。,mapping_relation=source_bin_spans_multiple_base_bins; total_rule=source_question
build_income_expenditure_crosswalk.py,INC_FAM_GOV,家庭收入,INC_FAM_GOV,家庭政府補助與保險收入,range_overlap,2010,99,I3,I4,2,15,"000-19,999 元",2.0,"1,000-1,999 元",source_bin_spans_multiple_base_bins,"""包含您本人，全家每個月接受「政府發給津貼、補助、各種保險」總收入是多少？【過去ㄧ年帄均每個月的金額】"", | ""包含您本人，全家每個月接受「政府發給津貼、補助、各種保險」總收入是多少？【過去ㄧ年帄均每個月的金額】""",question_options_99.csv,91 為政府補助及津貼；95 之後含各種保險。 103基準題號：I4。,mapping_relation=source_bin_spans_multiple_base_bins; total_rule=source_question
build_income_expenditure_crosswalk.py,INC_FAM_GOV,家庭收入,INC_FAM_GOV,家庭政府補助與保險收入,range_overlap,2010,99,I3,I4,3,15,"000-19,999 元",3.0,"2,000-2,999 元",source_bin_spans_multiple_base_bins,"""包含您本人，全家每個月接受「政府發給津貼、補助、各種保險」總收入是多少？【過去ㄧ年帄均每個月的金額】"", | ""包含您本人，全家每個月接受「政府發給津貼、補助、各種保險」總收入是多少？【過去ㄧ年帄均每個月的金額】""",question_options_99.csv,91 為政府補助及津貼；95 之後含各種保險。 103基準題號：I4。,mapping_relation=source_bin_spans_multiple_base_bins; total_rule=source_question
build_income_expenditure_crosswalk.py,INC_FAM_GOV,家庭收入,INC_FAM_GOV,家庭政府補助與保險收入,range_overlap,2010,99,I3,I4,4,15,"000-19,999 元",4.0,"3,000-3,999 元",source_bin_spans_multiple_base_bins,"""包含您本人，全家每個月接受「政府發給津貼、補助、各種保險」總收入是多少？【過去ㄧ年帄均每個月的金額】"", | ""包含您本人，全家每個月接受「政府發給津貼、補助、各種保險」總收入是多少？【過去ㄧ年帄均每個月的金額】""",question_options_99.csv,91 為政府補助及津貼；95 之後含各種保險。 103基準題號：I4。,mapping_relation=source_bin_spans_multiple_base_bins; total_rule=source_question
build_income_expenditure_crosswalk.py,INC_FAM_GOV,家庭收入,INC_FAM_GOV,家庭政府補助與保險收入,range_overlap,2010,99,I3,I4,5,15,"000-19,999 元",5.0,"4,000-4,999 元",source_bin_spans_multiple_base_bins,"""包含您本人，全家每個月接受「政府發給津貼、補助、各種保險」總收入是多少？【過去ㄧ年帄均每個月的金額】"", | ""包含您本人，全家每個月接受「政府發給津貼、補助、各種保險」總收入是多少？【過去ㄧ年帄均每個月的金額】""",question_options_99.csv,91 為政府補助及津貼；95 之後含各種保險。 103基準題號：I4。,mapping_relation=source_bin_spans_multiple_base_bins; total_rule=source_question
build_income_expenditure_crosswalk.py,INC_FAM_GOV,家庭收入,INC_FAM_GOV,家庭政府補助與保險收入,range_overlap,2010,99,I3,I4,6,15,"000-19,999 元",6.0,"5,000-5,999 元",source_bin_spans_multiple_base_bins,"""包含您本人，全家每個月接受「政府發給津貼、補助、各種保險」總收入是多少？【過去ㄧ年帄均每個月的金額】"", | ""包含您本人，全家每個月接受「政府發給津貼、補助、各種保險」總收入是多少？【過去ㄧ年帄均每個月的金額】""",question_options_99.csv,91 為政府補助及津貼；95 之後含各種保險。 103基準題號：I4。,mapping_relation=source_bin_spans_multiple_base_bins; total_rule=source_question
build_income_expenditure_crosswalk.py,INC_FAM_GOV,家庭收入,INC_FAM_GOV,家庭政府補助與保險收入,range_overlap,2010,99,I3,I4,7,15,"000-19,999 元",7.0,"6,000-7,999 元",source_bin_spans_multiple_base_bins,"""包含您本人，全家每個月接受「政府發給津貼、補助、各種保險」總收入是多少？【過去ㄧ年帄均每個月的金額】"", | ""包含您本人，全家每個月接受「政府發給津貼、補助、各種保險」總收入是多少？【過去ㄧ年帄均每個月的金額】""",question_options_99.csv,91 為政府補助及津貼；95 之後含各種保險。 103基準題號：I4。,mapping_relation=source_bin_spans_multiple_base_bins; total_rule=source_question
build_income_expenditure_crosswalk.py,INC_FAM_GOV,家庭收入,INC_FAM_GOV,家庭政府補助與保險收入,range_overlap,2010,99,I3,I4,8,15,"000-19,999 元",8.0,"8,000-9,999 元",source_bin_spans_multiple_base_bins,"""包含您本人，全家每個月接受「政府發給津貼、補助、各種保險」總收入是多少？【過去ㄧ年帄均每個月的金額】"", | ""包含您本人，全家每個月接受「政府發給津貼、補助、各種保險」總收入是多少？【過去ㄧ年帄均每個月的金額】""",question_options_99.csv,91 為政府補助及津貼；95 之後含各種保險。 103基準題號：I4。,mapping_relation=source_bin_spans_multiple_base_bins; total_rule=source_question
build_income_expenditure_crosswalk.py,INC_FAM_GOV,家庭收入,INC_FAM_GOV,家庭政府補助與保險收入,range_overlap,2010,99,I3,I4,9,15,"000-19,999 元",9.0,"10,000-14,999 元",source_bin_spans_multiple_base_bins,"""包含您本人，全家每個月接受「政府發給津貼、補助、各種保險」總收入是多少？【過去ㄧ年帄均每個月的金額】"", | ""包含您本人，全家每個月接受「政府發給津貼、補助、各種保險」總收入是多少？【過去ㄧ年帄均每個月的金額】""",question_options_99.csv,91 為政府補助及津貼；95 之後含各種保險。 103基準題號：I4。,mapping_relation=source_bin_spans_multiple_base_bins; total_rule=source_question
build_income_expenditure_crosswalk.py,INC_FAM_GOV,家庭收入,INC_FAM_GOV,家庭政府補助與保險收入,range_overlap,2010,99,I3,I4,10,15,"000-19,999 元",10.0,"15,000-19,999 元",source_bin_spans_multiple_base_bins,"""包含您本人，全家每個月接受「政府發給津貼、補助、各種保險」總收入是多少？【過去ㄧ年帄均每個月的金額】"", | ""包含您本人，全家每個月接受「政府發給津貼、補助、各種保險」總收入是多少？【過去ㄧ年帄均每個月的金額】""",question_options_99.csv,91 為政府補助及津貼；95 之後含各種保險。 103基準題號：I4。,mapping_relation=source_bin_spans_multiple_base_bins; total_rule=source_question
build_income_expenditure_crosswalk.py,INC_FAM_GOV,家庭收入,INC_FAM_GOV,家庭政府補助與保險收入,range_overlap,2010,99,I3,I4,1,20,"000-29,999 元",1.0,999 元及以下,source_bin_spans_multiple_base_bins,"""包含您本人，全家每個月接受「政府發給津貼、補助、各種保險」總收入是多少？【過去ㄧ年帄均每個月的金額】"", | ""包含您本人，全家每個月接受「政府發給津貼、補助、各種保險」總收入是多少？【過去ㄧ年帄均每個月的金額】""",question_options_99.csv,91 為政府補助及津貼；95 之後含各種保險。 103基準題號：I4。,mapping_relation=source_bin_spans_multiple_base_bins; total_rule=source_question
build_income_expenditure_crosswalk.py,INC_FAM_GOV,家庭收入,INC_FAM_GOV,家庭政府補助與保險收入,range_overlap,2010,99,I3,I4,2,20,"000-29,999 元",2.0,"1,000-1,999 元",source_bin_spans_multiple_base_bins,"""包含您本人，全家每個月接受「政府發給津貼、補助、各種保險」總收入是多少？【過去ㄧ年帄均每個月的金額】"", | ""包含您本人，全家每個月接受「政府發給津貼、補助、各種保險」總收入是多少？【過去ㄧ年帄均每個月的金額】""",question_options_99.csv,91 為政府補助及津貼；95 之後含各種保險。 103基準題號：I4。,mapping_relation=source_bin_spans_multiple_base_bins; total_rule=source_question
build_income_expenditure_crosswalk.py,INC_FAM_GOV,家庭收入,INC_FAM_GOV,家庭政府補助與保險收入,range_overlap,2010,99,I3,I4,3,20,"000-29,999 元",3.0,"2,000-2,999 元",source_bin_spans_multiple_base_bins,"""包含您本人，全家每個月接受「政府發給津貼、補助、各種保險」總收入是多少？【過去ㄧ年帄均每個月的金額】"", | ""包含您本人，全家每個月接受「政府發給津貼、補助、各種保險」總收入是多少？【過去ㄧ年帄均每個月的金額】""",question_options_99.csv,91 為政府補助及津貼；95 之後含各種保險。 103基準題號：I4。,mapping_relation=source_bin_spans_multiple_base_bins; total_rule=source_question
build_income_expenditure_crosswalk.py,INC_FAM_GOV,家庭收入,INC_FAM_GOV,家庭政府補助與保險收入,range_overlap,2010,99,I3,I4,4,20,"000-29,999 元",4.0,"3,000-3,999 元",source_bin_spans_multiple_base_bins,"""包含您本人，全家每個月接受「政府發給津貼、補助、各種保險」總收入是多少？【過去ㄧ年帄均每個月的金額】"", | ""包含您本人，全家每個月接受「政府發給津貼、補助、各種保險」總收入是多少？【過去ㄧ年帄均每個月的金額】""",question_options_99.csv,91 為政府補助及津貼；95 之後含各種保險。 103基準題號：I4。,mapping_relation=source_bin_spans_multiple_base_bins; total_rule=source_question
build_income_expenditure_crosswalk.py,INC_FAM_GOV,家庭收入,INC_FAM_GOV,家庭政府補助與保險收入,range_overlap,2010,99,I3,I4,5,20,"000-29,999 元",5.0,"4,000-4,999 元",source_bin_spans_multiple_base_bins,"""包含您本人，全家每個月接受「政府發給津貼、補助、各種保險」總收入是多少？【過去ㄧ年帄均每個月的金額】"", | ""包含您本人，全家每個月接受「政府發給津貼、補助、各種保險」總收入是多少？【過去ㄧ年帄均每個月的金額】""",question_options_99.csv,91 為政府補助及津貼；95 之後含各種保險。 103基準題號：I4。,mapping_relation=source_bin_spans_multiple_base_bins; total_rule=source_question
build_income_expenditure_crosswalk.py,INC_FAM_GOV,家庭收入,INC_FAM_GOV,家庭政府補助與保險收入,range_overlap,2010,99,I3,I4,6,20,"000-29,999 元",6.0,"5,000-5,999 元",source_bin_spans_multiple_base_bins,"""包含您本人，全家每個月接受「政府發給津貼、補助、各種保險」總收入是多少？【過去ㄧ年帄均每個月的金額】"", | ""包含您本人，全家每個月接受「政府發給津貼、補助、各種保險」總收入是多少？【過去ㄧ年帄均每個月的金額】""",question_options_99.csv,91 為政府補助及津貼；95 之後含各種保險。 103基準題號：I4。,mapping_relation=source_bin_spans_multiple_base_bins; total_rule=source_question
build_income_expenditure_crosswalk.py,INC_FAM_GOV,家庭收入,INC_FAM_GOV,家庭政府補助與保險收入,range_overlap,2010,99,I3,I4,7,20,"000-29,999 元",7.0,"6,000-7,999 元",source_bin_spans_multiple_base_bins,"""包含您本人，全家每個月接受「政府發給津貼、補助、各種保險」總收入是多少？【過去ㄧ年帄均每個月的金額】"", | ""包含您本人，全家每個月接受「政府發給津貼、補助、各種保險」總收入是多少？【過去ㄧ年帄均每個月的金額】""",question_options_99.csv,91 為政府補助及津貼；95 之後含各種保險。 103基準題號：I4。,mapping_relation=source_bin_spans_multiple_base_bins; total_rule=source_question
build_income_expenditure_crosswalk.py,INC_FAM_GOV,家庭收入,INC_FAM_GOV,家庭政府補助與保險收入,range_overlap,2010,99,I3,I4,8,20,"000-29,999 元",8.0,"8,000-9,999 元",source_bin_spans_multiple_base_bins,"""包含您本人，全家每個月接受「政府發給津貼、補助、各種保險」總收入是多少？【過去ㄧ年帄均每個月的金額】"", | ""包含您本人，全家每個月接受「政府發給津貼、補助、各種保險」總收入是多少？【過去ㄧ年帄均每個月的金額】""",question_options_99.csv,91 為政府補助及津貼；95 之後含各種保險。 103基準題號：I4。,mapping_relation=source_bin_spans_multiple_base_bins; total_rule=source_question
build_income_expenditure_crosswalk.py,INC_FAM_GOV,家庭收入,INC_FAM_GOV,家庭政府補助與保險收入,range_overlap,2010,99,I3,I4,9,20,"000-29,999 元",9.0,"10,000-14,999 元",source_bin_spans_multiple_base_bins,"""包含您本人，全家每個月接受「政府發給津貼、補助、各種保險」總收入是多少？【過去ㄧ年帄均每個月的金額】"", | ""包含您本人，全家每個月接受「政府發給津貼、補助、各種保險」總收入是多少？【過去ㄧ年帄均每個月的金額】""",question_options_99.csv,91 為政府補助及津貼；95 之後含各種保險。 103基準題號：I4。,mapping_relation=source_bin_spans_multiple_base_bins; total_rule=source_question
build_income_expenditure_crosswalk.py,INC_FAM_GOV,家庭收入,INC_FAM_GOV,家庭政府補助與保險收入,range_overlap,2010,99,I3,I4,10,20,"000-29,999 元",10.0,"15,000-19,999 元",source_bin_spans_multiple_base_bins,"""包含您本人，全家每個月接受「政府發給津貼、補助、各種保險」總收入是多少？【過去ㄧ年帄均每個月的金額】"", | ""包含您本人，全家每個月接受「政府發給津貼、補助、各種保險」總收入是多少？【過去ㄧ年帄均每個月的金額】""",question_options_99.csv,91 為政府補助及津貼；95 之後含各種保險。 103基準題號：I4。,mapping_relation=source_bin_spans_multiple_base_bins; total_rule=source_question
build_income_expenditure_crosswalk.py,INC_FAM_GOV,家庭收入,INC_FAM_GOV,家庭政府補助與保險收入,range_overlap,2010,99,I3,I4,11,20,"000-29,999 元",11.0,"20,000-29,999 元",source_bin_spans_multiple_base_bins,"""包含您本人，全家每個月接受「政府發給津貼、補助、各種保險」總收入是多少？【過去ㄧ年帄均每個月的金額】"", | ""包含您本人，全家每個月接受「政府發給津貼、補助、各種保險」總收入是多少？【過去ㄧ年帄均每個月的金額】""",question_options_99.csv,91 為政府補助及津貼；95 之後含各種保險。 103基準題號：I4。,mapping_relation=source_bin_spans_multiple_base_bins; total_rule=source_question
build_income_expenditure_crosswalk.py,INC_FAM_GOV,家庭收入,INC_FAM_GOV,家庭政府補助與保險收入,range_overlap,2010,99,I3,I4,1,30,000 元及以上，請記錄 元,1.0,999 元及以下,source_bin_spans_multiple_base_bins,"""包含您本人，全家每個月接受「政府發給津貼、補助、各種保險」總收入是多少？【過去ㄧ年帄均每個月的金額】"", | ""包含您本人，全家每個月接受「政府發給津貼、補助、各種保險」總收入是多少？【過去ㄧ年帄均每個月的金額】""",question_options_99.csv,91 為政府補助及津貼；95 之後含各種保險。 103基準題號：I4。,mapping_relation=source_bin_spans_multiple_base_bins; total_rule=source_question
build_income_expenditure_crosswalk.py,INC_FAM_GOV,家庭收入,INC_FAM_GOV,家庭政府補助與保險收入,range_overlap,2010,99,I3,I4,2,30,000 元及以上，請記錄 元,2.0,"1,000-1,999 元",source_bin_spans_multiple_base_bins,"""包含您本人，全家每個月接受「政府發給津貼、補助、各種保險」總收入是多少？【過去ㄧ年帄均每個月的金額】"", | ""包含您本人，全家每個月接受「政府發給津貼、補助、各種保險」總收入是多少？【過去ㄧ年帄均每個月的金額】""",question_options_99.csv,91 為政府補助及津貼；95 之後含各種保險。 103基準題號：I4。,mapping_relation=source_bin_spans_multiple_base_bins; total_rule=source_question
build_income_expenditure_crosswalk.py,INC_FAM_GOV,家庭收入,INC_FAM_GOV,家庭政府補助與保險收入,range_overlap,2010,99,I3,I4,3,30,000 元及以上，請記錄 元,3.0,"2,000-2,999 元",source_bin_spans_multiple_base_bins,"""包含您本人，全家每個月接受「政府發給津貼、補助、各種保險」總收入是多少？【過去ㄧ年帄均每個月的金額】"", | ""包含您本人，全家每個月接受「政府發給津貼、補助、各種保險」總收入是多少？【過去ㄧ年帄均每個月的金額】""",question_options_99.csv,91 為政府補助及津貼；95 之後含各種保險。 103基準題號：I4。,mapping_relation=source_bin_spans_multiple_base_bins; total_rule=source_question
build_income_expenditure_crosswalk.py,INC_FAM_GOV,家庭收入,INC_FAM_GOV,家庭政府補助與保險收入,range_overlap,2010,99,I3,I4,4,30,000 元及以上，請記錄 元,4.0,"3,000-3,999 元",source_bin_spans_multiple_base_bins,"""包含您本人，全家每個月接受「政府發給津貼、補助、各種保險」總收入是多少？【過去ㄧ年帄均每個月的金額】"", | ""包含您本人，全家每個月接受「政府發給津貼、補助、各種保險」總收入是多少？【過去ㄧ年帄均每個月的金額】""",question_options_99.csv,91 為政府補助及津貼；95 之後含各種保險。 103基準題號：I4。,mapping_relation=source_bin_spans_multiple_base_bins; total_rule=source_question
build_income_expenditure_crosswalk.py,INC_FAM_GOV,家庭收入,INC_FAM_GOV,家庭政府補助與保險收入,range_overlap,2010,99,I3,I4,5,30,000 元及以上，請記錄 元,5.0,"4,000-4,999 元",source_bin_spans_multiple_base_bins,"""包含您本人，全家每個月接受「政府發給津貼、補助、各種保險」總收入是多少？【過去ㄧ年帄均每個月的金額】"", | ""包含您本人，全家每個月接受「政府發給津貼、補助、各種保險」總收入是多少？【過去ㄧ年帄均每個月的金額】""",question_options_99.csv,91 為政府補助及津貼；95 之後含各種保險。 103基準題號：I4。,mapping_relation=source_bin_spans_multiple_base_bins; total_rule=source_question
build_income_expenditure_crosswalk.py,INC_FAM_GOV,家庭收入,INC_FAM_GOV,家庭政府補助與保險收入,range_overlap,2010,99,I3,I4,6,30,000 元及以上，請記錄 元,6.0,"5,000-5,999 元",source_bin_spans_multiple_base_bins,"""包含您本人，全家每個月接受「政府發給津貼、補助、各種保險」總收入是多少？【過去ㄧ年帄均每個月的金額】"", | ""包含您本人，全家每個月接受「政府發給津貼、補助、各種保險」總收入是多少？【過去ㄧ年帄均每個月的金額】""",question_options_99.csv,91 為政府補助及津貼；95 之後含各種保險。 103基準題號：I4。,mapping_relation=source_bin_spans_multiple_base_bins; total_rule=source_question
build_income_expenditure_crosswalk.py,INC_FAM_GOV,家庭收入,INC_FAM_GOV,家庭政府補助與保險收入,range_overlap,2010,99,I3,I4,7,30,000 元及以上，請記錄 元,7.0,"6,000-7,999 元",source_bin_spans_multiple_base_bins,"""包含您本人，全家每個月接受「政府發給津貼、補助、各種保險」總收入是多少？【過去ㄧ年帄均每個月的金額】"", | ""包含您本人，全家每個月接受「政府發給津貼、補助、各種保險」總收入是多少？【過去ㄧ年帄均每個月的金額】""",question_options_99.csv,91 為政府補助及津貼；95 之後含各種保險。 103基準題號：I4。,mapping_relation=source_bin_spans_multiple_base_bins; total_rule=source_question
build_income_expenditure_crosswalk.py,INC_FAM_GOV,家庭收入,INC_FAM_GOV,家庭政府補助與保險收入,range_overlap,2010,99,I3,I4,8,30,000 元及以上，請記錄 元,8.0,"8,000-9,999 元",source_bin_spans_multiple_base_bins,"""包含您本人，全家每個月接受「政府發給津貼、補助、各種保險」總收入是多少？【過去ㄧ年帄均每個月的金額】"", | ""包含您本人，全家每個月接受「政府發給津貼、補助、各種保險」總收入是多少？【過去ㄧ年帄均每個月的金額】""",question_options_99.csv,91 為政府補助及津貼；95 之後含各種保險。 103基準題號：I4。,mapping_relation=source_bin_spans_multiple_base_bins; total_rule=source_question
build_income_expenditure_crosswalk.py,INC_FAM_GOV,家庭收入,INC_FAM_GOV,家庭政府補助與保險收入,range_overlap,2010,99,I3,I4,9,30,000 元及以上，請記錄 元,9.0,"10,000-14,999 元",source_bin_spans_multiple_base_bins,"""包含您本人，全家每個月接受「政府發給津貼、補助、各種保險」總收入是多少？【過去ㄧ年帄均每個月的金額】"", | ""包含您本人，全家每個月接受「政府發給津貼、補助、各種保險」總收入是多少？【過去ㄧ年帄均每個月的金額】""",question_options_99.csv,91 為政府補助及津貼；95 之後含各種保險。 103基準題號：I4。,mapping_relation=source_bin_spans_multiple_base_bins; total_rule=source_question
build_income_expenditure_crosswalk.py,INC_FAM_GOV,家庭收入,INC_FAM_GOV,家庭政府補助與保險收入,range_overlap,2010,99,I3,I4,10,30,000 元及以上，請記錄 元,10.0,"15,000-19,999 元",source_bin_spans_multiple_base_bins,"""包含您本人，全家每個月接受「政府發給津貼、補助、各種保險」總收入是多少？【過去ㄧ年帄均每個月的金額】"", | ""包含您本人，全家每個月接受「政府發給津貼、補助、各種保險」總收入是多少？【過去ㄧ年帄均每個月的金額】""",question_options_99.csv,91 為政府補助及津貼；95 之後含各種保險。 103基準題號：I4。,mapping_relation=source_bin_spans_multiple_base_bins; total_rule=source_question
build_income_expenditure_crosswalk.py,INC_FAM_GOV,家庭收入,INC_FAM_GOV,家庭政府補助與保險收入,range_overlap,2010,99,I3,I4,11,30,000 元及以上，請記錄 元,11.0,"20,000-29,999 元",source_bin_spans_multiple_base_bins,"""包含您本人，全家每個月接受「政府發給津貼、補助、各種保險」總收入是多少？【過去ㄧ年帄均每個月的金額】"", | ""包含您本人，全家每個月接受「政府發給津貼、補助、各種保險」總收入是多少？【過去ㄧ年帄均每個月的金額】""",question_options_99.csv,91 為政府補助及津貼；95 之後含各種保險。 103基準題號：I4。,mapping_relation=source_bin_spans_multiple_base_bins; total_rule=source_question
build_income_expenditure_crosswalk.py,INC_FAM_GOV,家庭收入,INC_FAM_GOV,家庭政府補助與保險收入,range_overlap,2010,99,I3,I4,12,30,000 元及以上，請記錄 元,12.0,"30,000 元及以上，請記錄________元",source_bin_spans_multiple_base_bins,"""包含您本人，全家每個月接受「政府發給津貼、補助、各種保險」總收入是多少？【過去ㄧ年帄均每個月的金額】"", | ""包含您本人，全家每個月接受「政府發給津貼、補助、各種保險」總收入是多少？【過去ㄧ年帄均每個月的金額】""",question_options_99.csv,91 為政府補助及津貼；95 之後含各種保險。 103基準題號：I4。,mapping_relation=source_bin_spans_multiple_base_bins; total_rule=source_question
build_income_expenditure_crosswalk.py,INC_FAM_GOV,家庭收入,INC_FAM_GOV,家庭政府補助與保險收入,range_overlap,2010,99,I3,I4,1,,999 元及以下,1.0,999 元及以下,exact_range,"""包含您本人，全家每個月接受「政府發給津貼、補助、各種保險」總收入是多少？【過去ㄧ年帄均每個月的金額】"", | ""包含您本人，全家每個月接受「政府發給津貼、補助、各種保險」總收入是多少？【過去ㄧ年帄均每個月的金額】""",question_options_99.csv,91 為政府補助及津貼；95 之後含各種保險。 103基準題號：I4。,mapping_relation=exact_range; total_rule=source_question
build_income_expenditure_crosswalk.py,INC_FAM_GOV,家庭收入,INC_FAM_GOV,家庭政府補助與保險收入,range_overlap,2010,99,I3,I4,2,,沒有這項收入,13.0,沒有這項收入,exact_none,"""包含您本人，全家每個月接受「政府發給津貼、補助、各種保險」總收入是多少？【過去ㄧ年帄均每個月的金額】"", | ""包含您本人，全家每個月接受「政府發給津貼、補助、各種保險」總收入是多少？【過去ㄧ年帄均每個月的金額】""",question_options_99.csv,91 為政府補助及津貼；95 之後含各種保險。 103基準題號：I4。,mapping_relation=exact_none; total_rule=source_question
build_income_expenditure_crosswalk.py,INC_FAM_GOV,家庭收入,INC_FAM_GOV,家庭政府補助與保險收入,range_overlap,2014,103,I4,I4,1,1.0,999 元及以下,1.0,999 元及以下,exact_range,包含您本人，全家每個月接受「政府發給津貼、補助、各種社會保險、私人保險」總收入是多少？,question_options_103.csv,91 為政府補助及津貼；95 之後含各種保險。 103基準題號：I4。,mapping_relation=exact_range; total_rule=source_question
build_income_expenditure_crosswalk.py,INC_FAM_GOV,家庭收入,INC_FAM_GOV,家庭政府補助與保險收入,range_overlap,2014,103,I4,I4,1,2.0,"1,000-1,999 元",2.0,"1,000-1,999 元",exact_range,包含您本人，全家每個月接受「政府發給津貼、補助、各種社會保險、私人保險」總收入是多少？,question_options_103.csv,91 為政府補助及津貼；95 之後含各種保險。 103基準題號：I4。,mapping_relation=exact_range; total_rule=source_question
build_income_expenditure_crosswalk.py,INC_FAM_GOV,家庭收入,INC_FAM_GOV,家庭政府補助與保險收入,range_overlap,2014,103,I4,I4,1,3.0,"2,000-2,999 元",3.0,"2,000-2,999 元",exact_range,包含您本人，全家每個月接受「政府發給津貼、補助、各種社會保險、私人保險」總收入是多少？,question_options_103.csv,91 為政府補助及津貼；95 之後含各種保險。 103基準題號：I4。,mapping_relation=exact_range; total_rule=source_question
build_income_expenditure_crosswalk.py,INC_FAM_GOV,家庭收入,INC_FAM_GOV,家庭政府補助與保險收入,range_overlap,2014,103,I4,I4,1,4.0,"3,000-3,999 元",4.0,"3,000-3,999 元",exact_range,包含您本人，全家每個月接受「政府發給津貼、補助、各種社會保險、私人保險」總收入是多少？,question_options_103.csv,91 為政府補助及津貼；95 之後含各種保險。 103基準題號：I4。,mapping_relation=exact_range; total_rule=source_question
build_income_expenditure_crosswalk.py,INC_FAM_GOV,家庭收入,INC_FAM_GOV,家庭政府補助與保險收入,range_overlap,2014,103,I4,I4,1,5.0,"4,000-4,999 元",5.0,"4,000-4,999 元",exact_range,包含您本人，全家每個月接受「政府發給津貼、補助、各種社會保險、私人保險」總收入是多少？,question_options_103.csv,91 為政府補助及津貼；95 之後含各種保險。 103基準題號：I4。,mapping_relation=exact_range; total_rule=source_question
build_income_expenditure_crosswalk.py,INC_FAM_GOV,家庭收入,INC_FAM_GOV,家庭政府補助與保險收入,range_overlap,2014,103,I4,I4,1,6.0,"5,000-5,999 元",6.0,"5,000-5,999 元",exact_range,包含您本人，全家每個月接受「政府發給津貼、補助、各種社會保險、私人保險」總收入是多少？,question_options_103.csv,91 為政府補助及津貼；95 之後含各種保險。 103基準題號：I4。,mapping_relation=exact_range; total_rule=source_question
build_income_expenditure_crosswalk.py,INC_FAM_GOV,家庭收入,INC_FAM_GOV,家庭政府補助與保險收入,range_overlap,2014,103,I4,I4,1,7.0,"6,000-7,999 元",7.0,"6,000-7,999 元",exact_range,包含您本人，全家每個月接受「政府發給津貼、補助、各種社會保險、私人保險」總收入是多少？,question_options_103.csv,91 為政府補助及津貼；95 之後含各種保險。 103基準題號：I4。,mapping_relation=exact_range; total_rule=source_question
build_income_expenditure_crosswalk.py,INC_FAM_GOV,家庭收入,INC_FAM_GOV,家庭政府補助與保險收入,range_overlap,2014,103,I4,I4,1,8.0,"8,000-9,999 元",8.0,"8,000-9,999 元",exact_range,包含您本人，全家每個月接受「政府發給津貼、補助、各種社會保險、私人保險」總收入是多少？,question_options_103.csv,91 為政府補助及津貼；95 之後含各種保險。 103基準題號：I4。,mapping_relation=exact_range; total_rule=source_question
build_income_expenditure_crosswalk.py,INC_FAM_GOV,家庭收入,INC_FAM_GOV,家庭政府補助與保險收入,range_overlap,2014,103,I4,I4,1,9.0,"10,000-14,999 元",9.0,"10,000-14,999 元",exact_range,包含您本人，全家每個月接受「政府發給津貼、補助、各種社會保險、私人保險」總收入是多少？,question_options_103.csv,91 為政府補助及津貼；95 之後含各種保險。 103基準題號：I4。,mapping_relation=exact_range; total_rule=source_question
build_income_expenditure_crosswalk.py,INC_FAM_GOV,家庭收入,INC_FAM_GOV,家庭政府補助與保險收入,range_overlap,2014,103,I4,I4,1,10.0,"15,000-19,999 元",10.0,"15,000-19,999 元",exact_range,包含您本人，全家每個月接受「政府發給津貼、補助、各種社會保險、私人保險」總收入是多少？,question_options_103.csv,91 為政府補助及津貼；95 之後含各種保險。 103基準題號：I4。,mapping_relation=exact_range; total_rule=source_question
build_income_expenditure_crosswalk.py,INC_FAM_GOV,家庭收入,INC_FAM_GOV,家庭政府補助與保險收入,range_overlap,2014,103,I4,I4,1,11.0,"20,000-29,999 元",11.0,"20,000-29,999 元",exact_range,包含您本人，全家每個月接受「政府發給津貼、補助、各種社會保險、私人保險」總收入是多少？,question_options_103.csv,91 為政府補助及津貼；95 之後含各種保險。 103基準題號：I4。,mapping_relation=exact_range; total_rule=source_question
build_income_expenditure_crosswalk.py,INC_FAM_GOV,家庭收入,INC_FAM_GOV,家庭政府補助與保險收入,range_overlap,2014,103,I4,I4,1,12.0,"30,000 元及以上，請記錄________元",12.0,"30,000 元及以上，請記錄________元",exact_open_upper,包含您本人，全家每個月接受「政府發給津貼、補助、各種社會保險、私人保險」總收入是多少？,question_options_103.csv,91 為政府補助及津貼；95 之後含各種保險。 103基準題號：I4。,mapping_relation=exact_open_upper; total_rule=source_question
build_income_expenditure_crosswalk.py,INC_FAM_GOV,家庭收入,INC_FAM_GOV,家庭政府補助與保險收入,range_overlap,2014,103,I4,I4,1,13.0,沒有這項收入,13.0,沒有這項收入,exact_none,包含您本人，全家每個月接受「政府發給津貼、補助、各種社會保險、私人保險」總收入是多少？,question_options_103.csv,91 為政府補助及津貼；95 之後含各種保險。 103基準題號：I4。,mapping_relation=exact_none; total_rule=source_question
build_income_expenditure_crosswalk.py,INC_FAM_GOV,家庭收入,INC_FAM_GOV,家庭政府補助與保險收入,range_overlap,2017,106,L4,I4,1,1.0,"未滿1,000元",1.0,999 元及以下,exact_range,包含經濟戶長本人，全家每個月接受「政府發給津貼、補助、各種社會保險、私人保險」總收入,question_options_106.csv,91 為政府補助及津貼；95 之後含各種保險。 103基準題號：I4。,mapping_relation=exact_range; total_rule=source_question
build_income_expenditure_crosswalk.py,INC_FAM_GOV,家庭收入,INC_FAM_GOV,家庭政府補助與保險收入,range_overlap,2017,106,L4,I4,1,2.0,"1,000 元-未滿2,000元",2.0,"1,000-1,999 元",exact_range,包含經濟戶長本人，全家每個月接受「政府發給津貼、補助、各種社會保險、私人保險」總收入,question_options_106.csv,91 為政府補助及津貼；95 之後含各種保險。 103基準題號：I4。,mapping_relation=exact_range; total_rule=source_question
build_income_expenditure_crosswalk.py,INC_FAM_GOV,家庭收入,INC_FAM_GOV,家庭政府補助與保險收入,range_overlap,2017,106,L4,I4,1,3.0,"2,000 元-未滿3,000元",3.0,"2,000-2,999 元",exact_range,包含經濟戶長本人，全家每個月接受「政府發給津貼、補助、各種社會保險、私人保險」總收入,question_options_106.csv,91 為政府補助及津貼；95 之後含各種保險。 103基準題號：I4。,mapping_relation=exact_range; total_rule=source_question
build_income_expenditure_crosswalk.py,INC_FAM_GOV,家庭收入,INC_FAM_GOV,家庭政府補助與保險收入,range_overlap,2017,106,L4,I4,1,4.0,"3,000 元-未滿4,000元",4.0,"3,000-3,999 元",exact_range,包含經濟戶長本人，全家每個月接受「政府發給津貼、補助、各種社會保險、私人保險」總收入,question_options_106.csv,91 為政府補助及津貼；95 之後含各種保險。 103基準題號：I4。,mapping_relation=exact_range; total_rule=source_question
build_income_expenditure_crosswalk.py,INC_FAM_GOV,家庭收入,INC_FAM_GOV,家庭政府補助與保險收入,range_overlap,2017,106,L4,I4,1,5.0,"4,000 元-未滿5,000元",5.0,"4,000-4,999 元",exact_range,包含經濟戶長本人，全家每個月接受「政府發給津貼、補助、各種社會保險、私人保險」總收入,question_options_106.csv,91 為政府補助及津貼；95 之後含各種保險。 103基準題號：I4。,mapping_relation=exact_range; total_rule=source_question
build_income_expenditure_crosswalk.py,INC_FAM_GOV,家庭收入,INC_FAM_GOV,家庭政府補助與保險收入,range_overlap,2017,106,L4,I4,1,6.0,"5,000 元-未滿6,000元",6.0,"5,000-5,999 元",exact_range,包含經濟戶長本人，全家每個月接受「政府發給津貼、補助、各種社會保險、私人保險」總收入,question_options_106.csv,91 為政府補助及津貼；95 之後含各種保險。 103基準題號：I4。,mapping_relation=exact_range; total_rule=source_question
build_income_expenditure_crosswalk.py,INC_FAM_GOV,家庭收入,INC_FAM_GOV,家庭政府補助與保險收入,range_overlap,2017,106,L4,I4,1,7.0,"6,000 元-未滿8,000元",7.0,"6,000-7,999 元",exact_range,包含經濟戶長本人，全家每個月接受「政府發給津貼、補助、各種社會保險、私人保險」總收入,question_options_106.csv,91 為政府補助及津貼；95 之後含各種保險。 103基準題號：I4。,mapping_relation=exact_range; total_rule=source_question
build_income_expenditure_crosswalk.py,INC_FAM_GOV,家庭收入,INC_FAM_GOV,家庭政府補助與保險收入,range_overlap,2017,106,L4,I4,1,8.0,"8,000 元-未滿10,000元",8.0,"8,000-9,999 元",exact_range,包含經濟戶長本人，全家每個月接受「政府發給津貼、補助、各種社會保險、私人保險」總收入,question_options_106.csv,91 為政府補助及津貼；95 之後含各種保險。 103基準題號：I4。,mapping_relation=exact_range; total_rule=source_question
build_income_expenditure_crosswalk.py,INC_FAM_GOV,家庭收入,INC_FAM_GOV,家庭政府補助與保險收入,range_overlap,2017,106,L4,I4,1,9.0,"10,000元-未滿15,000元",9.0,"10,000-14,999 元",exact_range,包含經濟戶長本人，全家每個月接受「政府發給津貼、補助、各種社會保險、私人保險」總收入,question_options_106.csv,91 為政府補助及津貼；95 之後含各種保險。 103基準題號：I4。,mapping_relation=exact_range; total_rule=source_question
build_income_expenditure_crosswalk.py,INC_FAM_GOV,家庭收入,INC_FAM_GOV,家庭政府補助與保險收入,range_overlap,2017,106,L4,I4,1,10.0,"15,000元-未滿20,000元",10.0,"15,000-19,999 元",exact_range,包含經濟戶長本人，全家每個月接受「政府發給津貼、補助、各種社會保險、私人保險」總收入,question_options_106.csv,91 為政府補助及津貼；95 之後含各種保險。 103基準題號：I4。,mapping_relation=exact_range; total_rule=source_question
build_income_expenditure_crosswalk.py,INC_FAM_GOV,家庭收入,INC_FAM_GOV,家庭政府補助與保險收入,range_overlap,2017,106,L4,I4,1,11.0,"20,000元-未滿30,000元",11.0,"20,000-29,999 元",exact_range,包含經濟戶長本人，全家每個月接受「政府發給津貼、補助、各種社會保險、私人保險」總收入,question_options_106.csv,91 為政府補助及津貼；95 之後含各種保險。 103基準題號：I4。,mapping_relation=exact_range; total_rule=source_question
build_income_expenditure_crosswalk.py,INC_FAM_GOV,家庭收入,INC_FAM_GOV,家庭政府補助與保險收入,range_overlap,2017,106,L4,I4,1,12.0,"30,000元以上，請記錄________元",12.0,"30,000 元及以上，請記錄________元",exact_open_upper,包含經濟戶長本人，全家每個月接受「政府發給津貼、補助、各種社會保險、私人保險」總收入,question_options_106.csv,91 為政府補助及津貼；95 之後含各種保險。 103基準題號：I4。,mapping_relation=exact_open_upper; total_rule=source_question
build_income_expenditure_crosswalk.py,INC_FAM_GOV,家庭收入,INC_FAM_GOV,家庭政府補助與保險收入,range_overlap,2017,106,L4,I4,1,13.0,沒有這項收入,13.0,沒有這項收入,exact_none,包含經濟戶長本人，全家每個月接受「政府發給津貼、補助、各種社會保險、私人保險」總收入,question_options_106.csv,91 為政府補助及津貼；95 之後含各種保險。 103基準題號：I4。,mapping_relation=exact_none; total_rule=source_question
build_income_expenditure_crosswalk.py,INC_FAM_GOV,家庭收入,INC_FAM_GOV,家庭政府補助與保險收入,range_overlap,2021,110,G4,I4,1,1.0,"未滿1,000元",1.0,999 元及以下,exact_range,包含經濟戶長本人，全家每個月接受「政府發給津貼、補助、各種社會保險、私人保險」總收入,question_options_110.csv,91 為政府補助及津貼；95 之後含各種保險。 103基準題號：I4。,mapping_relation=exact_range; total_rule=source_question
build_income_expenditure_crosswalk.py,INC_FAM_GOV,家庭收入,INC_FAM_GOV,家庭政府補助與保險收入,range_overlap,2021,110,G4,I4,1,2.0,"1,000 元-未滿2,000元",2.0,"1,000-1,999 元",exact_range,包含經濟戶長本人，全家每個月接受「政府發給津貼、補助、各種社會保險、私人保險」總收入,question_options_110.csv,91 為政府補助及津貼；95 之後含各種保險。 103基準題號：I4。,mapping_relation=exact_range; total_rule=source_question
build_income_expenditure_crosswalk.py,INC_FAM_GOV,家庭收入,INC_FAM_GOV,家庭政府補助與保險收入,range_overlap,2021,110,G4,I4,1,3.0,"2,000 元-未滿3,000元",3.0,"2,000-2,999 元",exact_range,包含經濟戶長本人，全家每個月接受「政府發給津貼、補助、各種社會保險、私人保險」總收入,question_options_110.csv,91 為政府補助及津貼；95 之後含各種保險。 103基準題號：I4。,mapping_relation=exact_range; total_rule=source_question
build_income_expenditure_crosswalk.py,INC_FAM_GOV,家庭收入,INC_FAM_GOV,家庭政府補助與保險收入,range_overlap,2021,110,G4,I4,1,4.0,"3,000 元-未滿4,000元",4.0,"3,000-3,999 元",exact_range,包含經濟戶長本人，全家每個月接受「政府發給津貼、補助、各種社會保險、私人保險」總收入,question_options_110.csv,91 為政府補助及津貼；95 之後含各種保險。 103基準題號：I4。,mapping_relation=exact_range; total_rule=source_question
build_income_expenditure_crosswalk.py,INC_FAM_GOV,家庭收入,INC_FAM_GOV,家庭政府補助與保險收入,range_overlap,2021,110,G4,I4,1,5.0,"4,000 元-未滿5,000元",5.0,"4,000-4,999 元",exact_range,包含經濟戶長本人，全家每個月接受「政府發給津貼、補助、各種社會保險、私人保險」總收入,question_options_110.csv,91 為政府補助及津貼；95 之後含各種保險。 103基準題號：I4。,mapping_relation=exact_range; total_rule=source_question
build_income_expenditure_crosswalk.py,INC_FAM_GOV,家庭收入,INC_FAM_GOV,家庭政府補助與保險收入,range_overlap,2021,110,G4,I4,1,6.0,"5,000 元-未滿6,000元",6.0,"5,000-5,999 元",exact_range,包含經濟戶長本人，全家每個月接受「政府發給津貼、補助、各種社會保險、私人保險」總收入,question_options_110.csv,91 為政府補助及津貼；95 之後含各種保險。 103基準題號：I4。,mapping_relation=exact_range; total_rule=source_question
build_income_expenditure_crosswalk.py,INC_FAM_GOV,家庭收入,INC_FAM_GOV,家庭政府補助與保險收入,range_overlap,2021,110,G4,I4,1,7.0,"6,000 元-未滿8,000元",7.0,"6,000-7,999 元",exact_range,包含經濟戶長本人，全家每個月接受「政府發給津貼、補助、各種社會保險、私人保險」總收入,question_options_110.csv,91 為政府補助及津貼；95 之後含各種保險。 103基準題號：I4。,mapping_relation=exact_range; total_rule=source_question
build_income_expenditure_crosswalk.py,INC_FAM_GOV,家庭收入,INC_FAM_GOV,家庭政府補助與保險收入,range_overlap,2021,110,G4,I4,1,8.0,"8,000 元-未滿10,000元",8.0,"8,000-9,999 元",exact_range,包含經濟戶長本人，全家每個月接受「政府發給津貼、補助、各種社會保險、私人保險」總收入,question_options_110.csv,91 為政府補助及津貼；95 之後含各種保險。 103基準題號：I4。,mapping_relation=exact_range; total_rule=source_question
build_income_expenditure_crosswalk.py,INC_FAM_GOV,家庭收入,INC_FAM_GOV,家庭政府補助與保險收入,range_overlap,2021,110,G4,I4,1,9.0,"10,000元-未滿15,000元",9.0,"10,000-14,999 元",exact_range,包含經濟戶長本人，全家每個月接受「政府發給津貼、補助、各種社會保險、私人保險」總收入,question_options_110.csv,91 為政府補助及津貼；95 之後含各種保險。 103基準題號：I4。,mapping_relation=exact_range; total_rule=source_question
build_income_expenditure_crosswalk.py,INC_FAM_GOV,家庭收入,INC_FAM_GOV,家庭政府補助與保險收入,range_overlap,2021,110,G4,I4,1,10.0,"15,000元-未滿20,000元",10.0,"15,000-19,999 元",exact_range,包含經濟戶長本人，全家每個月接受「政府發給津貼、補助、各種社會保險、私人保險」總收入,question_options_110.csv,91 為政府補助及津貼；95 之後含各種保險。 103基準題號：I4。,mapping_relation=exact_range; total_rule=source_question
build_income_expenditure_crosswalk.py,INC_FAM_GOV,家庭收入,INC_FAM_GOV,家庭政府補助與保險收入,range_overlap,2021,110,G4,I4,1,11.0,"20,000元-未滿30,000元",11.0,"20,000-29,999 元",exact_range,包含經濟戶長本人，全家每個月接受「政府發給津貼、補助、各種社會保險、私人保險」總收入,question_options_110.csv,91 為政府補助及津貼；95 之後含各種保險。 103基準題號：I4。,mapping_relation=exact_range; total_rule=source_question
build_income_expenditure_crosswalk.py,INC_FAM_GOV,家庭收入,INC_FAM_GOV,家庭政府補助與保險收入,range_overlap,2021,110,G4,I4,1,12.0,"30,000元以上，請記錄________元",12.0,"30,000 元及以上，請記錄________元",exact_open_upper,包含經濟戶長本人，全家每個月接受「政府發給津貼、補助、各種社會保險、私人保險」總收入,question_options_110.csv,91 為政府補助及津貼；95 之後含各種保險。 103基準題號：I4。,mapping_relation=exact_open_upper; total_rule=source_question
build_income_expenditure_crosswalk.py,INC_FAM_GOV,家庭收入,INC_FAM_GOV,家庭政府補助與保險收入,range_overlap,2021,110,G4,I4,1,13.0,沒有這項收入,13.0,沒有這項收入,exact_none,包含經濟戶長本人，全家每個月接受「政府發給津貼、補助、各種社會保險、私人保險」總收入,question_options_110.csv,91 為政府補助及津貼；95 之後含各種保險。 103基準題號：I4。,mapping_relation=exact_none; total_rule=source_question
build_income_expenditure_crosswalk.py,INC_FAM_TRANSFER,家庭收入,INC_FAM_TRANSFER,家庭私人移轉/禮金/救濟收入,question_not_available,2002,91_1,,I5,,,,,,not_available_in_source_dataset,,question_options_91_1.csv,103 起拆出私人移轉類收入。 103基準題號：I5。,mapping_relation=not_available_in_source_dataset; total_rule=source_question
build_income_expenditure_crosswalk.py,INC_FAM_TRANSFER,家庭收入,INC_FAM_TRANSFER,家庭私人移轉/禮金/救濟收入,question_not_available,2002,91_2,,I5,,,,,,not_available_in_source_dataset,,question_options_91_2.csv,103 起拆出私人移轉類收入。 103基準題號：I5。,mapping_relation=not_available_in_source_dataset; total_rule=source_question
build_income_expenditure_crosswalk.py,INC_FAM_TRANSFER,家庭收入,INC_FAM_TRANSFER,家庭私人移轉/禮金/救濟收入,question_not_available,2006,95,,I5,,,,,,not_available_in_source_dataset,,question_options_95.csv,103 起拆出私人移轉類收入。 103基準題號：I5。,mapping_relation=not_available_in_source_dataset; total_rule=source_question
build_income_expenditure_crosswalk.py,INC_FAM_TRANSFER,家庭收入,INC_FAM_TRANSFER,家庭私人移轉/禮金/救濟收入,question_not_available,2010,99,,I5,,,,,,not_available_in_source_dataset,,question_options_99.csv,103 起拆出私人移轉類收入。 103基準題號：I5。,mapping_relation=not_available_in_source_dataset; total_rule=source_question
build_income_expenditure_crosswalk.py,INC_FAM_TRANSFER,家庭收入,INC_FAM_TRANSFER,家庭私人移轉/禮金/救濟收入,range_overlap,2014,103,I5,I5,1,1.0,999 元及以下,1.0,999 元及以下,exact_range,包含您本人，全家每個月接受「紅白包禮金、私人發給救濟金/慰問金、向私人借住房屋省下的房,question_options_103.csv,103 起拆出私人移轉類收入。 103基準題號：I5。,mapping_relation=exact_range; total_rule=source_question
build_income_expenditure_crosswalk.py,INC_FAM_TRANSFER,家庭收入,INC_FAM_TRANSFER,家庭私人移轉/禮金/救濟收入,range_overlap,2014,103,I5,I5,1,2.0,"1,000-1,999 元",2.0,"1,000-1,999 元",exact_range,包含您本人，全家每個月接受「紅白包禮金、私人發給救濟金/慰問金、向私人借住房屋省下的房,question_options_103.csv,103 起拆出私人移轉類收入。 103基準題號：I5。,mapping_relation=exact_range; total_rule=source_question
build_income_expenditure_crosswalk.py,INC_FAM_TRANSFER,家庭收入,INC_FAM_TRANSFER,家庭私人移轉/禮金/救濟收入,range_overlap,2014,103,I5,I5,1,3.0,"2,000-2,999 元",3.0,"2,000-2,999 元",exact_range,包含您本人，全家每個月接受「紅白包禮金、私人發給救濟金/慰問金、向私人借住房屋省下的房,question_options_103.csv,103 起拆出私人移轉類收入。 103基準題號：I5。,mapping_relation=exact_range; total_rule=source_question
build_income_expenditure_crosswalk.py,INC_FAM_TRANSFER,家庭收入,INC_FAM_TRANSFER,家庭私人移轉/禮金/救濟收入,range_overlap,2014,103,I5,I5,1,4.0,"3,000-3,999 元",4.0,"3,000-3,999 元",exact_range,包含您本人，全家每個月接受「紅白包禮金、私人發給救濟金/慰問金、向私人借住房屋省下的房,question_options_103.csv,103 起拆出私人移轉類收入。 103基準題號：I5。,mapping_relation=exact_range; total_rule=source_question
build_income_expenditure_crosswalk.py,INC_FAM_TRANSFER,家庭收入,INC_FAM_TRANSFER,家庭私人移轉/禮金/救濟收入,range_overlap,2014,103,I5,I5,1,5.0,"4,000-4,999 元",5.0,"4,000-4,999 元",exact_range,包含您本人，全家每個月接受「紅白包禮金、私人發給救濟金/慰問金、向私人借住房屋省下的房,question_options_103.csv,103 起拆出私人移轉類收入。 103基準題號：I5。,mapping_relation=exact_range; total_rule=source_question
build_income_expenditure_crosswalk.py,INC_FAM_TRANSFER,家庭收入,INC_FAM_TRANSFER,家庭私人移轉/禮金/救濟收入,range_overlap,2014,103,I5,I5,1,6.0,"5,000-5,999 元",6.0,"5,000-5,999 元",exact_range,包含您本人，全家每個月接受「紅白包禮金、私人發給救濟金/慰問金、向私人借住房屋省下的房,question_options_103.csv,103 起拆出私人移轉類收入。 103基準題號：I5。,mapping_relation=exact_range; total_rule=source_question
build_income_expenditure_crosswalk.py,INC_FAM_TRANSFER,家庭收入,INC_FAM_TRANSFER,家庭私人移轉/禮金/救濟收入,range_overlap,2014,103,I5,I5,1,7.0,"6,000-7,999 元",7.0,"6,000-7,999 元",exact_range,包含您本人，全家每個月接受「紅白包禮金、私人發給救濟金/慰問金、向私人借住房屋省下的房,question_options_103.csv,103 起拆出私人移轉類收入。 103基準題號：I5。,mapping_relation=exact_range; total_rule=source_question
build_income_expenditure_crosswalk.py,INC_FAM_TRANSFER,家庭收入,INC_FAM_TRANSFER,家庭私人移轉/禮金/救濟收入,range_overlap,2014,103,I5,I5,1,8.0,"8,000-9,999 元",8.0,"8,000-9,999 元",exact_range,包含您本人，全家每個月接受「紅白包禮金、私人發給救濟金/慰問金、向私人借住房屋省下的房,question_options_103.csv,103 起拆出私人移轉類收入。 103基準題號：I5。,mapping_relation=exact_range; total_rule=source_question
build_income_expenditure_crosswalk.py,INC_FAM_TRANSFER,家庭收入,INC_FAM_TRANSFER,家庭私人移轉/禮金/救濟收入,range_overlap,2014,103,I5,I5,1,9.0,"10,000-14,999 元",9.0,"10,000-14,999 元",exact_range,包含您本人，全家每個月接受「紅白包禮金、私人發給救濟金/慰問金、向私人借住房屋省下的房,question_options_103.csv,103 起拆出私人移轉類收入。 103基準題號：I5。,mapping_relation=exact_range; total_rule=source_question
build_income_expenditure_crosswalk.py,INC_FAM_TRANSFER,家庭收入,INC_FAM_TRANSFER,家庭私人移轉/禮金/救濟收入,range_overlap,2014,103,I5,I5,1,10.0,"15,000-19,999 元",10.0,"15,000-19,999 元",exact_range,包含您本人，全家每個月接受「紅白包禮金、私人發給救濟金/慰問金、向私人借住房屋省下的房,question_options_103.csv,103 起拆出私人移轉類收入。 103基準題號：I5。,mapping_relation=exact_range; total_rule=source_question
build_income_expenditure_crosswalk.py,INC_FAM_TRANSFER,家庭收入,INC_FAM_TRANSFER,家庭私人移轉/禮金/救濟收入,range_overlap,2014,103,I5,I5,1,11.0,"20,000-29,999 元",11.0,"20,000-29,999 元",exact_range,包含您本人，全家每個月接受「紅白包禮金、私人發給救濟金/慰問金、向私人借住房屋省下的房,question_options_103.csv,103 起拆出私人移轉類收入。 103基準題號：I5。,mapping_relation=exact_range; total_rule=source_question
build_income_expenditure_crosswalk.py,INC_FAM_TRANSFER,家庭收入,INC_FAM_TRANSFER,家庭私人移轉/禮金/救濟收入,range_overlap,2014,103,I5,I5,1,12.0,"30,000 元及以上，請記錄________元",12.0,"30,000 元及以上，請記錄________元",exact_open_upper,包含您本人，全家每個月接受「紅白包禮金、私人發給救濟金/慰問金、向私人借住房屋省下的房,question_options_103.csv,103 起拆出私人移轉類收入。 103基準題號：I5。,mapping_relation=exact_open_upper; total_rule=source_question
build_income_expenditure_crosswalk.py,INC_FAM_TRANSFER,家庭收入,INC_FAM_TRANSFER,家庭私人移轉/禮金/救濟收入,range_overlap,2014,103,I5,I5,1,13.0,沒有這項收入,13.0,沒有這項收入,exact_none,包含您本人，全家每個月接受「紅白包禮金、私人發給救濟金/慰問金、向私人借住房屋省下的房,question_options_103.csv,103 起拆出私人移轉類收入。 103基準題號：I5。,mapping_relation=exact_none; total_rule=source_question
build_income_expenditure_crosswalk.py,INC_FAM_TRANSFER,家庭收入,INC_FAM_TRANSFER,家庭私人移轉/禮金/救濟收入,range_overlap,2017,106,L5,I5,1,1.0,"未滿1,000元",1.0,999 元及以下,exact_range,包含經濟戶長本人，全家每個月接受「紅白包禮金、私人發給救濟金/慰問金/獎助學金、向私人,question_options_106.csv,103 起拆出私人移轉類收入。 103基準題號：I5。,mapping_relation=exact_range; total_rule=source_question
build_income_expenditure_crosswalk.py,INC_FAM_TRANSFER,家庭收入,INC_FAM_TRANSFER,家庭私人移轉/禮金/救濟收入,range_overlap,2017,106,L5,I5,1,2.0,"1,000 元-未滿2,000元",2.0,"1,000-1,999 元",exact_range,包含經濟戶長本人，全家每個月接受「紅白包禮金、私人發給救濟金/慰問金/獎助學金、向私人,question_options_106.csv,103 起拆出私人移轉類收入。 103基準題號：I5。,mapping_relation=exact_range; total_rule=source_question
build_income_expenditure_crosswalk.py,INC_FAM_TRANSFER,家庭收入,INC_FAM_TRANSFER,家庭私人移轉/禮金/救濟收入,range_overlap,2017,106,L5,I5,1,3.0,"2,000 元-未滿3,000元",3.0,"2,000-2,999 元",exact_range,包含經濟戶長本人，全家每個月接受「紅白包禮金、私人發給救濟金/慰問金/獎助學金、向私人,question_options_106.csv,103 起拆出私人移轉類收入。 103基準題號：I5。,mapping_relation=exact_range; total_rule=source_question
build_income_expenditure_crosswalk.py,INC_FAM_TRANSFER,家庭收入,INC_FAM_TRANSFER,家庭私人移轉/禮金/救濟收入,range_overlap,2017,106,L5,I5,1,4.0,"3,000 元-未滿4,000元",4.0,"3,000-3,999 元",exact_range,包含經濟戶長本人，全家每個月接受「紅白包禮金、私人發給救濟金/慰問金/獎助學金、向私人,question_options_106.csv,103 起拆出私人移轉類收入。 103基準題號：I5。,mapping_relation=exact_range; total_rule=source_question
build_income_expenditure_crosswalk.py,INC_FAM_TRANSFER,家庭收入,INC_FAM_TRANSFER,家庭私人移轉/禮金/救濟收入,range_overlap,2017,106,L5,I5,1,5.0,"4,000 元-未滿5,000元",5.0,"4,000-4,999 元",exact_range,包含經濟戶長本人，全家每個月接受「紅白包禮金、私人發給救濟金/慰問金/獎助學金、向私人,question_options_106.csv,103 起拆出私人移轉類收入。 103基準題號：I5。,mapping_relation=exact_range; total_rule=source_question
build_income_expenditure_crosswalk.py,INC_FAM_TRANSFER,家庭收入,INC_FAM_TRANSFER,家庭私人移轉/禮金/救濟收入,range_overlap,2017,106,L5,I5,1,6.0,"5,000 元-未滿6,000元",6.0,"5,000-5,999 元",exact_range,包含經濟戶長本人，全家每個月接受「紅白包禮金、私人發給救濟金/慰問金/獎助學金、向私人,question_options_106.csv,103 起拆出私人移轉類收入。 103基準題號：I5。,mapping_relation=exact_range; total_rule=source_question
build_income_expenditure_crosswalk.py,INC_FAM_TRANSFER,家庭收入,INC_FAM_TRANSFER,家庭私人移轉/禮金/救濟收入,range_overlap,2017,106,L5,I5,1,7.0,"6,000 元-未滿8,000元",7.0,"6,000-7,999 元",exact_range,包含經濟戶長本人，全家每個月接受「紅白包禮金、私人發給救濟金/慰問金/獎助學金、向私人,question_options_106.csv,103 起拆出私人移轉類收入。 103基準題號：I5。,mapping_relation=exact_range; total_rule=source_question
build_income_expenditure_crosswalk.py,INC_FAM_TRANSFER,家庭收入,INC_FAM_TRANSFER,家庭私人移轉/禮金/救濟收入,range_overlap,2017,106,L5,I5,1,8.0,"8,000 元-未滿10,000元",8.0,"8,000-9,999 元",exact_range,包含經濟戶長本人，全家每個月接受「紅白包禮金、私人發給救濟金/慰問金/獎助學金、向私人,question_options_106.csv,103 起拆出私人移轉類收入。 103基準題號：I5。,mapping_relation=exact_range; total_rule=source_question
build_income_expenditure_crosswalk.py,INC_FAM_TRANSFER,家庭收入,INC_FAM_TRANSFER,家庭私人移轉/禮金/救濟收入,range_overlap,2017,106,L5,I5,1,9.0,"10,000 元-未滿15,000元",9.0,"10,000-14,999 元",exact_range,包含經濟戶長本人，全家每個月接受「紅白包禮金、私人發給救濟金/慰問金/獎助學金、向私人,question_options_106.csv,103 起拆出私人移轉類收入。 103基準題號：I5。,mapping_relation=exact_range; total_rule=source_question
build_income_expenditure_crosswalk.py,INC_FAM_TRANSFER,家庭收入,INC_FAM_TRANSFER,家庭私人移轉/禮金/救濟收入,range_overlap,2017,106,L5,I5,1,10.0,"15,000 元-未滿20,000元",10.0,"15,000-19,999 元",exact_range,包含經濟戶長本人，全家每個月接受「紅白包禮金、私人發給救濟金/慰問金/獎助學金、向私人,question_options_106.csv,103 起拆出私人移轉類收入。 103基準題號：I5。,mapping_relation=exact_range; total_rule=source_question
build_income_expenditure_crosswalk.py,INC_FAM_TRANSFER,家庭收入,INC_FAM_TRANSFER,家庭私人移轉/禮金/救濟收入,range_overlap,2017,106,L5,I5,1,11.0,"20,000元-未滿30,000元",11.0,"20,000-29,999 元",exact_range,包含經濟戶長本人，全家每個月接受「紅白包禮金、私人發給救濟金/慰問金/獎助學金、向私人,question_options_106.csv,103 起拆出私人移轉類收入。 103基準題號：I5。,mapping_relation=exact_range; total_rule=source_question
build_income_expenditure_crosswalk.py,INC_FAM_TRANSFER,家庭收入,INC_FAM_TRANSFER,家庭私人移轉/禮金/救濟收入,range_overlap,2017,106,L5,I5,1,12.0,"30,000 元以上，請記錄________元",12.0,"30,000 元及以上，請記錄________元",exact_open_upper,包含經濟戶長本人，全家每個月接受「紅白包禮金、私人發給救濟金/慰問金/獎助學金、向私人,question_options_106.csv,103 起拆出私人移轉類收入。 103基準題號：I5。,mapping_relation=exact_open_upper; total_rule=source_question
build_income_expenditure_crosswalk.py,INC_FAM_TRANSFER,家庭收入,INC_FAM_TRANSFER,家庭私人移轉/禮金/救濟收入,range_overlap,2017,106,L5,I5,1,13.0,沒有這項收入,13.0,沒有這項收入,exact_none,包含經濟戶長本人，全家每個月接受「紅白包禮金、私人發給救濟金/慰問金/獎助學金、向私人,question_options_106.csv,103 起拆出私人移轉類收入。 103基準題號：I5。,mapping_relation=exact_none; total_rule=source_question
build_income_expenditure_crosswalk.py,INC_FAM_TRANSFER,家庭收入,INC_FAM_TRANSFER,家庭私人移轉/禮金/救濟收入,range_overlap,2021,110,G5,I5,1,1.0,"未滿1,000元",1.0,999 元及以下,exact_range,包含經濟戶長本人，全家每個月接受「紅白包禮金、私人發給救濟金/慰問金/獎助學金、向私人,question_options_110.csv,103 起拆出私人移轉類收入。 103基準題號：I5。,mapping_relation=exact_range; total_rule=source_question
build_income_expenditure_crosswalk.py,INC_FAM_TRANSFER,家庭收入,INC_FAM_TRANSFER,家庭私人移轉/禮金/救濟收入,range_overlap,2021,110,G5,I5,1,2.0,"1,000 元-未滿2,000元",2.0,"1,000-1,999 元",exact_range,包含經濟戶長本人，全家每個月接受「紅白包禮金、私人發給救濟金/慰問金/獎助學金、向私人,question_options_110.csv,103 起拆出私人移轉類收入。 103基準題號：I5。,mapping_relation=exact_range; total_rule=source_question
build_income_expenditure_crosswalk.py,INC_FAM_TRANSFER,家庭收入,INC_FAM_TRANSFER,家庭私人移轉/禮金/救濟收入,range_overlap,2021,110,G5,I5,1,3.0,"2,000 元-未滿3,000元",3.0,"2,000-2,999 元",exact_range,包含經濟戶長本人，全家每個月接受「紅白包禮金、私人發給救濟金/慰問金/獎助學金、向私人,question_options_110.csv,103 起拆出私人移轉類收入。 103基準題號：I5。,mapping_relation=exact_range; total_rule=source_question
build_income_expenditure_crosswalk.py,INC_FAM_TRANSFER,家庭收入,INC_FAM_TRANSFER,家庭私人移轉/禮金/救濟收入,range_overlap,2021,110,G5,I5,1,4.0,"3,000 元-未滿4,000元",4.0,"3,000-3,999 元",exact_range,包含經濟戶長本人，全家每個月接受「紅白包禮金、私人發給救濟金/慰問金/獎助學金、向私人,question_options_110.csv,103 起拆出私人移轉類收入。 103基準題號：I5。,mapping_relation=exact_range; total_rule=source_question
build_income_expenditure_crosswalk.py,INC_FAM_TRANSFER,家庭收入,INC_FAM_TRANSFER,家庭私人移轉/禮金/救濟收入,range_overlap,2021,110,G5,I5,1,5.0,"4,000 元-未滿5,000元",5.0,"4,000-4,999 元",exact_range,包含經濟戶長本人，全家每個月接受「紅白包禮金、私人發給救濟金/慰問金/獎助學金、向私人,question_options_110.csv,103 起拆出私人移轉類收入。 103基準題號：I5。,mapping_relation=exact_range; total_rule=source_question
build_income_expenditure_crosswalk.py,INC_FAM_TRANSFER,家庭收入,INC_FAM_TRANSFER,家庭私人移轉/禮金/救濟收入,range_overlap,2021,110,G5,I5,1,6.0,"5,000 元-未滿6,000元",6.0,"5,000-5,999 元",exact_range,包含經濟戶長本人，全家每個月接受「紅白包禮金、私人發給救濟金/慰問金/獎助學金、向私人,question_options_110.csv,103 起拆出私人移轉類收入。 103基準題號：I5。,mapping_relation=exact_range; total_rule=source_question
build_income_expenditure_crosswalk.py,INC_FAM_TRANSFER,家庭收入,INC_FAM_TRANSFER,家庭私人移轉/禮金/救濟收入,range_overlap,2021,110,G5,I5,1,7.0,"6,000 元-未滿8,000元",7.0,"6,000-7,999 元",exact_range,包含經濟戶長本人，全家每個月接受「紅白包禮金、私人發給救濟金/慰問金/獎助學金、向私人,question_options_110.csv,103 起拆出私人移轉類收入。 103基準題號：I5。,mapping_relation=exact_range; total_rule=source_question
build_income_expenditure_crosswalk.py,INC_FAM_TRANSFER,家庭收入,INC_FAM_TRANSFER,家庭私人移轉/禮金/救濟收入,range_overlap,2021,110,G5,I5,1,8.0,"8,000 元-未滿10,000元",8.0,"8,000-9,999 元",exact_range,包含經濟戶長本人，全家每個月接受「紅白包禮金、私人發給救濟金/慰問金/獎助學金、向私人,question_options_110.csv,103 起拆出私人移轉類收入。 103基準題號：I5。,mapping_relation=exact_range; total_rule=source_question
build_income_expenditure_crosswalk.py,INC_FAM_TRANSFER,家庭收入,INC_FAM_TRANSFER,家庭私人移轉/禮金/救濟收入,range_overlap,2021,110,G5,I5,1,9.0,"10,000 元-未滿15,000元",9.0,"10,000-14,999 元",exact_range,包含經濟戶長本人，全家每個月接受「紅白包禮金、私人發給救濟金/慰問金/獎助學金、向私人,question_options_110.csv,103 起拆出私人移轉類收入。 103基準題號：I5。,mapping_relation=exact_range; total_rule=source_question
build_income_expenditure_crosswalk.py,INC_FAM_TRANSFER,家庭收入,INC_FAM_TRANSFER,家庭私人移轉/禮金/救濟收入,range_overlap,2021,110,G5,I5,1,10.0,"15,000 元-未滿20,000元",10.0,"15,000-19,999 元",exact_range,包含經濟戶長本人，全家每個月接受「紅白包禮金、私人發給救濟金/慰問金/獎助學金、向私人,question_options_110.csv,103 起拆出私人移轉類收入。 103基準題號：I5。,mapping_relation=exact_range; total_rule=source_question
build_income_expenditure_crosswalk.py,INC_FAM_TRANSFER,家庭收入,INC_FAM_TRANSFER,家庭私人移轉/禮金/救濟收入,range_overlap,2021,110,G5,I5,1,11.0,"20,000元-未滿30,000元",11.0,"20,000-29,999 元",exact_range,包含經濟戶長本人，全家每個月接受「紅白包禮金、私人發給救濟金/慰問金/獎助學金、向私人,question_options_110.csv,103 起拆出私人移轉類收入。 103基準題號：I5。,mapping_relation=exact_range; total_rule=source_question
build_income_expenditure_crosswalk.py,INC_FAM_TRANSFER,家庭收入,INC_FAM_TRANSFER,家庭私人移轉/禮金/救濟收入,range_overlap,2021,110,G5,I5,1,12.0,"30,000 元以上，請記錄________元",12.0,"30,000 元及以上，請記錄________元",exact_open_upper,包含經濟戶長本人，全家每個月接受「紅白包禮金、私人發給救濟金/慰問金/獎助學金、向私人,question_options_110.csv,103 起拆出私人移轉類收入。 103基準題號：I5。,mapping_relation=exact_open_upper; total_rule=source_question
build_income_expenditure_crosswalk.py,INC_FAM_TRANSFER,家庭收入,INC_FAM_TRANSFER,家庭私人移轉/禮金/救濟收入,range_overlap,2021,110,G5,I5,1,13.0,沒有這項收入,13.0,沒有這項收入,exact_none,包含經濟戶長本人，全家每個月接受「紅白包禮金、私人發給救濟金/慰問金/獎助學金、向私人,question_options_110.csv,103 起拆出私人移轉類收入。 103基準題號：I5。,mapping_relation=exact_none; total_rule=source_question
build_income_expenditure_crosswalk.py,INC_FAM_INTEREST,家庭收入,INC_FAM_INTEREST,家庭利息與投資收入,question_not_available,2002,91_1,,I6,,,,,,not_available_in_source_dataset,,question_options_91_1.csv,91 無獨立家庭利息投資題。 103基準題號：I6。,mapping_relation=not_available_in_source_dataset; total_rule=source_question
build_income_expenditure_crosswalk.py,INC_FAM_INTEREST,家庭收入,INC_FAM_INTEREST,家庭利息與投資收入,question_not_available,2002,91_2,,I6,,,,,,not_available_in_source_dataset,,question_options_91_2.csv,91 無獨立家庭利息投資題。 103基準題號：I6。,mapping_relation=not_available_in_source_dataset; total_rule=source_question
build_income_expenditure_crosswalk.py,INC_FAM_INTEREST,家庭收入,INC_FAM_INTEREST,家庭利息與投資收入,range_overlap,2006,95,Q11-3,I6,1,1.0,"4,999元及以下",1.0,999 元及以下,source_bin_spans_multiple_base_bins,包含您本人，全家每個月的「利息、股票買賣、跟會標會、各種投資」總,question_options_95.csv,91 無獨立家庭利息投資題。 103基準題號：I6。,mapping_relation=source_bin_spans_multiple_base_bins; total_rule=source_question
build_income_expenditure_crosswalk.py,INC_FAM_INTEREST,家庭收入,INC_FAM_INTEREST,家庭利息與投資收入,range_overlap,2006,95,Q11-3,I6,2,1.0,"4,999元及以下",2.0,"1,000-1,999 元",source_bin_spans_multiple_base_bins,包含您本人，全家每個月的「利息、股票買賣、跟會標會、各種投資」總,question_options_95.csv,91 無獨立家庭利息投資題。 103基準題號：I6。,mapping_relation=source_bin_spans_multiple_base_bins; total_rule=source_question
build_income_expenditure_crosswalk.py,INC_FAM_INTEREST,家庭收入,INC_FAM_INTEREST,家庭利息與投資收入,range_overlap,2006,95,Q11-3,I6,3,1.0,"4,999元及以下",3.0,"2,000-2,999 元",source_bin_spans_multiple_base_bins,包含您本人，全家每個月的「利息、股票買賣、跟會標會、各種投資」總,question_options_95.csv,91 無獨立家庭利息投資題。 103基準題號：I6。,mapping_relation=source_bin_spans_multiple_base_bins; total_rule=source_question
build_income_expenditure_crosswalk.py,INC_FAM_INTEREST,家庭收入,INC_FAM_INTEREST,家庭利息與投資收入,range_overlap,2006,95,Q11-3,I6,4,1.0,"4,999元及以下",4.0,"3,000-3,999 元",source_bin_spans_multiple_base_bins,包含您本人，全家每個月的「利息、股票買賣、跟會標會、各種投資」總,question_options_95.csv,91 無獨立家庭利息投資題。 103基準題號：I6。,mapping_relation=source_bin_spans_multiple_base_bins; total_rule=source_question
build_income_expenditure_crosswalk.py,INC_FAM_INTEREST,家庭收入,INC_FAM_INTEREST,家庭利息與投資收入,range_overlap,2006,95,Q11-3,I6,5,1.0,"4,999元及以下",5.0,"4,000-4,999 元",source_bin_spans_multiple_base_bins,包含您本人，全家每個月的「利息、股票買賣、跟會標會、各種投資」總,question_options_95.csv,91 無獨立家庭利息投資題。 103基準題號：I6。,mapping_relation=source_bin_spans_multiple_base_bins; total_rule=source_question
build_income_expenditure_crosswalk.py,INC_FAM_INTEREST,家庭收入,INC_FAM_INTEREST,家庭利息與投資收入,range_overlap,2006,95,Q11-3,I6,6,1.0,"4,999元及以下",13.0,沒有這項收入 附1-5,text_only_review,包含您本人，全家每個月的「利息、股票買賣、跟會標會、各種投資」總,question_options_95.csv,91 無獨立家庭利息投資題。 103基準題號：I6。,mapping_relation=text_only_review; total_rule=source_question
build_income_expenditure_crosswalk.py,INC_FAM_INTEREST,家庭收入,INC_FAM_INTEREST,家庭利息與投資收入,range_overlap,2006,95,Q11-3,I6,1,2.0,"5,000-9,999元",6.0,"5,000-5,999 元",source_bin_spans_multiple_base_bins,包含您本人，全家每個月的「利息、股票買賣、跟會標會、各種投資」總,question_options_95.csv,91 無獨立家庭利息投資題。 103基準題號：I6。,mapping_relation=source_bin_spans_multiple_base_bins; total_rule=source_question
build_income_expenditure_crosswalk.py,INC_FAM_INTEREST,家庭收入,INC_FAM_INTEREST,家庭利息與投資收入,range_overlap,2006,95,Q11-3,I6,2,2.0,"5,000-9,999元",7.0,"6,000-7,999 元",source_bin_spans_multiple_base_bins,包含您本人，全家每個月的「利息、股票買賣、跟會標會、各種投資」總,question_options_95.csv,91 無獨立家庭利息投資題。 103基準題號：I6。,mapping_relation=source_bin_spans_multiple_base_bins; total_rule=source_question
build_income_expenditure_crosswalk.py,INC_FAM_INTEREST,家庭收入,INC_FAM_INTEREST,家庭利息與投資收入,range_overlap,2006,95,Q11-3,I6,3,2.0,"5,000-9,999元",8.0,"8,000-9,999 元",source_bin_spans_multiple_base_bins,包含您本人，全家每個月的「利息、股票買賣、跟會標會、各種投資」總,question_options_95.csv,91 無獨立家庭利息投資題。 103基準題號：I6。,mapping_relation=source_bin_spans_multiple_base_bins; total_rule=source_question
build_income_expenditure_crosswalk.py,INC_FAM_INTEREST,家庭收入,INC_FAM_INTEREST,家庭利息與投資收入,range_overlap,2006,95,Q11-3,I6,4,2.0,"5,000-9,999元",13.0,沒有這項收入 附1-5,text_only_review,包含您本人，全家每個月的「利息、股票買賣、跟會標會、各種投資」總,question_options_95.csv,91 無獨立家庭利息投資題。 103基準題號：I6。,mapping_relation=text_only_review; total_rule=source_question
build_income_expenditure_crosswalk.py,INC_FAM_INTEREST,家庭收入,INC_FAM_INTEREST,家庭利息與投資收入,range_overlap,2006,95,Q11-3,I6,1,3.0,"10,000-14,999 元",9.0,"10,000-14,999 元",exact_range,包含您本人，全家每個月的「利息、股票買賣、跟會標會、各種投資」總,question_options_95.csv,91 無獨立家庭利息投資題。 103基準題號：I6。,mapping_relation=exact_range; total_rule=source_question
build_income_expenditure_crosswalk.py,INC_FAM_INTEREST,家庭收入,INC_FAM_INTEREST,家庭利息與投資收入,range_overlap,2006,95,Q11-3,I6,2,3.0,"10,000-14,999 元",13.0,沒有這項收入 附1-5,text_only_review,包含您本人，全家每個月的「利息、股票買賣、跟會標會、各種投資」總,question_options_95.csv,91 無獨立家庭利息投資題。 103基準題號：I6。,mapping_relation=text_only_review; total_rule=source_question
build_income_expenditure_crosswalk.py,INC_FAM_INTEREST,家庭收入,INC_FAM_INTEREST,家庭利息與投資收入,range_overlap,2006,95,Q11-3,I6,1,4.0,"15,000-19,999元",10.0,"15,000-19,999 元",exact_range,包含您本人，全家每個月的「利息、股票買賣、跟會標會、各種投資」總,question_options_95.csv,91 無獨立家庭利息投資題。 103基準題號：I6。,mapping_relation=exact_range; total_rule=source_question
build_income_expenditure_crosswalk.py,INC_FAM_INTEREST,家庭收入,INC_FAM_INTEREST,家庭利息與投資收入,range_overlap,2006,95,Q11-3,I6,2,4.0,"15,000-19,999元",13.0,沒有這項收入 附1-5,text_only_review,包含您本人，全家每個月的「利息、股票買賣、跟會標會、各種投資」總,question_options_95.csv,91 無獨立家庭利息投資題。 103基準題號：I6。,mapping_relation=text_only_review; total_rule=source_question
build_income_expenditure_crosswalk.py,INC_FAM_INTEREST,家庭收入,INC_FAM_INTEREST,家庭利息與投資收入,range_overlap,2006,95,Q11-3,I6,1,5.0,"20,000-24,999 元",11.0,"20,000-29,999 元",source_bin_within_base_bin,包含您本人，全家每個月的「利息、股票買賣、跟會標會、各種投資」總,question_options_95.csv,91 無獨立家庭利息投資題。 103基準題號：I6。,mapping_relation=source_bin_within_base_bin; total_rule=source_question
build_income_expenditure_crosswalk.py,INC_FAM_INTEREST,家庭收入,INC_FAM_INTEREST,家庭利息與投資收入,range_overlap,2006,95,Q11-3,I6,2,5.0,"20,000-24,999 元",13.0,沒有這項收入 附1-5,text_only_review,包含您本人，全家每個月的「利息、股票買賣、跟會標會、各種投資」總,question_options_95.csv,91 無獨立家庭利息投資題。 103基準題號：I6。,mapping_relation=text_only_review; total_rule=source_question
build_income_expenditure_crosswalk.py,INC_FAM_INTEREST,家庭收入,INC_FAM_INTEREST,家庭利息與投資收入,range_overlap,2006,95,Q11-3,I6,1,6.0,"25,000-29,999元",11.0,"20,000-29,999 元",source_bin_within_base_bin,包含您本人，全家每個月的「利息、股票買賣、跟會標會、各種投資」總,question_options_95.csv,91 無獨立家庭利息投資題。 103基準題號：I6。,mapping_relation=source_bin_within_base_bin; total_rule=source_question
build_income_expenditure_crosswalk.py,INC_FAM_INTEREST,家庭收入,INC_FAM_INTEREST,家庭利息與投資收入,range_overlap,2006,95,Q11-3,I6,2,6.0,"25,000-29,999元",13.0,沒有這項收入 附1-5,text_only_review,包含您本人，全家每個月的「利息、股票買賣、跟會標會、各種投資」總,question_options_95.csv,91 無獨立家庭利息投資題。 103基準題號：I6。,mapping_relation=text_only_review; total_rule=source_question
build_income_expenditure_crosswalk.py,INC_FAM_INTEREST,家庭收入,INC_FAM_INTEREST,家庭利息與投資收入,range_overlap,2006,95,Q11-3,I6,1,7.0,"30,000-39,999 元",12.0,"30,000 元及以上，請記錄________元",source_bin_within_base_bin,包含您本人，全家每個月的「利息、股票買賣、跟會標會、各種投資」總,question_options_95.csv,91 無獨立家庭利息投資題。 103基準題號：I6。,mapping_relation=source_bin_within_base_bin; total_rule=source_question
build_income_expenditure_crosswalk.py,INC_FAM_INTEREST,家庭收入,INC_FAM_INTEREST,家庭利息與投資收入,range_overlap,2006,95,Q11-3,I6,2,7.0,"30,000-39,999 元",13.0,沒有這項收入 附1-5,text_only_review,包含您本人，全家每個月的「利息、股票買賣、跟會標會、各種投資」總,question_options_95.csv,91 無獨立家庭利息投資題。 103基準題號：I6。,mapping_relation=text_only_review; total_rule=source_question
build_income_expenditure_crosswalk.py,INC_FAM_INTEREST,家庭收入,INC_FAM_INTEREST,家庭利息與投資收入,range_overlap,2006,95,Q11-3,I6,1,8.0,"40,000-49,999元",12.0,"30,000 元及以上，請記錄________元",source_bin_within_base_bin,包含您本人，全家每個月的「利息、股票買賣、跟會標會、各種投資」總,question_options_95.csv,91 無獨立家庭利息投資題。 103基準題號：I6。,mapping_relation=source_bin_within_base_bin; total_rule=source_question
build_income_expenditure_crosswalk.py,INC_FAM_INTEREST,家庭收入,INC_FAM_INTEREST,家庭利息與投資收入,range_overlap,2006,95,Q11-3,I6,2,8.0,"40,000-49,999元",13.0,沒有這項收入 附1-5,text_only_review,包含您本人，全家每個月的「利息、股票買賣、跟會標會、各種投資」總,question_options_95.csv,91 無獨立家庭利息投資題。 103基準題號：I6。,mapping_relation=text_only_review; total_rule=source_question
build_income_expenditure_crosswalk.py,INC_FAM_INTEREST,家庭收入,INC_FAM_INTEREST,家庭利息與投資收入,range_overlap,2006,95,Q11-3,I6,1,9.0,"50,000-59,999 元",12.0,"30,000 元及以上，請記錄________元",source_bin_within_base_bin,包含您本人，全家每個月的「利息、股票買賣、跟會標會、各種投資」總,question_options_95.csv,91 無獨立家庭利息投資題。 103基準題號：I6。,mapping_relation=source_bin_within_base_bin; total_rule=source_question
build_income_expenditure_crosswalk.py,INC_FAM_INTEREST,家庭收入,INC_FAM_INTEREST,家庭利息與投資收入,range_overlap,2006,95,Q11-3,I6,2,9.0,"50,000-59,999 元",13.0,沒有這項收入 附1-5,text_only_review,包含您本人，全家每個月的「利息、股票買賣、跟會標會、各種投資」總,question_options_95.csv,91 無獨立家庭利息投資題。 103基準題號：I6。,mapping_relation=text_only_review; total_rule=source_question
build_income_expenditure_crosswalk.py,INC_FAM_INTEREST,家庭收入,INC_FAM_INTEREST,家庭利息與投資收入,range_overlap,2006,95,Q11-3,I6,3,9.0,"70,000-79,999 元",12.0,"30,000 元及以上，請記錄________元",source_bin_within_base_bin,包含您本人，全家每個月的「利息、股票買賣、跟會標會、各種投資」總,question_options_95.csv,91 無獨立家庭利息投資題。 103基準題號：I6。,mapping_relation=source_bin_within_base_bin; total_rule=source_question
build_income_expenditure_crosswalk.py,INC_FAM_INTEREST,家庭收入,INC_FAM_INTEREST,家庭利息與投資收入,range_overlap,2006,95,Q11-3,I6,4,9.0,"70,000-79,999 元",13.0,沒有這項收入 附1-5,text_only_review,包含您本人，全家每個月的「利息、股票買賣、跟會標會、各種投資」總,question_options_95.csv,91 無獨立家庭利息投資題。 103基準題號：I6。,mapping_relation=text_only_review; total_rule=source_question
build_income_expenditure_crosswalk.py,INC_FAM_INTEREST,家庭收入,INC_FAM_INTEREST,家庭利息與投資收入,range_overlap,2006,95,Q11-3,I6,1,10.0,"60,000-69,999元 7",12.0,"30,000 元及以上，請記錄________元",source_bin_within_base_bin,包含您本人，全家每個月的「利息、股票買賣、跟會標會、各種投資」總,question_options_95.csv,91 無獨立家庭利息投資題。 103基準題號：I6。,mapping_relation=source_bin_within_base_bin; total_rule=source_question
build_income_expenditure_crosswalk.py,INC_FAM_INTEREST,家庭收入,INC_FAM_INTEREST,家庭利息與投資收入,range_overlap,2006,95,Q11-3,I6,2,10.0,"60,000-69,999元 7",13.0,沒有這項收入 附1-5,text_only_review,包含您本人，全家每個月的「利息、股票買賣、跟會標會、各種投資」總,question_options_95.csv,91 無獨立家庭利息投資題。 103基準題號：I6。,mapping_relation=text_only_review; total_rule=source_question
build_income_expenditure_crosswalk.py,INC_FAM_INTEREST,家庭收入,INC_FAM_INTEREST,家庭利息與投資收入,range_overlap,2006,95,Q11-3,I6,1,90.0,"80,000 元及以上，請記錄 元",12.0,"30,000 元及以上，請記錄________元",source_bin_within_base_bin,包含您本人，全家每個月的「利息、股票買賣、跟會標會、各種投資」總,question_options_95.csv,91 無獨立家庭利息投資題。 103基準題號：I6。,mapping_relation=source_bin_within_base_bin; total_rule=source_question
build_income_expenditure_crosswalk.py,INC_FAM_INTEREST,家庭收入,INC_FAM_INTEREST,家庭利息與投資收入,range_overlap,2006,95,Q11-3,I6,2,90.0,"80,000 元及以上，請記錄 元",13.0,沒有這項收入 附1-5,text_only_review,包含您本人，全家每個月的「利息、股票買賣、跟會標會、各種投資」總,question_options_95.csv,91 無獨立家庭利息投資題。 103基準題號：I6。,mapping_relation=text_only_review; total_rule=source_question
build_income_expenditure_crosswalk.py,INC_FAM_INTEREST,家庭收入,INC_FAM_INTEREST,家庭利息與投資收入,range_overlap,2006,95,Q11-3,I6,1,95.0,沒有這項收入,,,no_matching_103_option_bin,包含您本人，全家每個月的「利息、股票買賣、跟會標會、各種投資」總,question_options_95.csv,91 無獨立家庭利息投資題。 103基準題號：I6。,mapping_relation=no_matching_103_option_bin; total_rule=source_question
build_income_expenditure_crosswalk.py,INC_FAM_INTEREST,家庭收入,INC_FAM_INTEREST,家庭利息與投資收入,range_overlap,2010,99,I4,I6,1,1,"000-1,999 元",1.0,999 元及以下,source_bin_spans_multiple_base_bins,"""包含您本人，全家每個月的「利息、股票買賣、跟會標會、各種投資」總收入是多少？【過去ㄧ年帄均每個月的金額】"", | ""包含您本人，全家每個月的「利息、股票買賣、跟會標會、各種投資」總收入是多少？【過去ㄧ年帄均每個月的金額】""",question_options_99.csv,91 無獨立家庭利息投資題。 103基準題號：I6。,mapping_relation=source_bin_spans_multiple_base_bins; total_rule=source_question
build_income_expenditure_crosswalk.py,INC_FAM_INTEREST,家庭收入,INC_FAM_INTEREST,家庭利息與投資收入,range_overlap,2010,99,I4,I6,2,1,"000-1,999 元",2.0,"1,000-1,999 元",source_bin_spans_multiple_base_bins,"""包含您本人，全家每個月的「利息、股票買賣、跟會標會、各種投資」總收入是多少？【過去ㄧ年帄均每個月的金額】"", | ""包含您本人，全家每個月的「利息、股票買賣、跟會標會、各種投資」總收入是多少？【過去ㄧ年帄均每個月的金額】""",question_options_99.csv,91 無獨立家庭利息投資題。 103基準題號：I6。,mapping_relation=source_bin_spans_multiple_base_bins; total_rule=source_question
build_income_expenditure_crosswalk.py,INC_FAM_INTEREST,家庭收入,INC_FAM_INTEREST,家庭利息與投資收入,range_overlap,2010,99,I4,I6,3,1,"000-1,999 元",13.0,沒有這項收入 附1-5,text_only_review,"""包含您本人，全家每個月的「利息、股票買賣、跟會標會、各種投資」總收入是多少？【過去ㄧ年帄均每個月的金額】"", | ""包含您本人，全家每個月的「利息、股票買賣、跟會標會、各種投資」總收入是多少？【過去ㄧ年帄均每個月的金額】""",question_options_99.csv,91 無獨立家庭利息投資題。 103基準題號：I6。,mapping_relation=text_only_review; total_rule=source_question
build_income_expenditure_crosswalk.py,INC_FAM_INTEREST,家庭收入,INC_FAM_INTEREST,家庭利息與投資收入,range_overlap,2010,99,I4,I6,1,2,"000-2,999 元",1.0,999 元及以下,source_bin_spans_multiple_base_bins,"""包含您本人，全家每個月的「利息、股票買賣、跟會標會、各種投資」總收入是多少？【過去ㄧ年帄均每個月的金額】"", | ""包含您本人，全家每個月的「利息、股票買賣、跟會標會、各種投資」總收入是多少？【過去ㄧ年帄均每個月的金額】""",question_options_99.csv,91 無獨立家庭利息投資題。 103基準題號：I6。,mapping_relation=source_bin_spans_multiple_base_bins; total_rule=source_question
build_income_expenditure_crosswalk.py,INC_FAM_INTEREST,家庭收入,INC_FAM_INTEREST,家庭利息與投資收入,range_overlap,2010,99,I4,I6,2,2,"000-2,999 元",2.0,"1,000-1,999 元",source_bin_spans_multiple_base_bins,"""包含您本人，全家每個月的「利息、股票買賣、跟會標會、各種投資」總收入是多少？【過去ㄧ年帄均每個月的金額】"", | ""包含您本人，全家每個月的「利息、股票買賣、跟會標會、各種投資」總收入是多少？【過去ㄧ年帄均每個月的金額】""",question_options_99.csv,91 無獨立家庭利息投資題。 103基準題號：I6。,mapping_relation=source_bin_spans_multiple_base_bins; total_rule=source_question
build_income_expenditure_crosswalk.py,INC_FAM_INTEREST,家庭收入,INC_FAM_INTEREST,家庭利息與投資收入,range_overlap,2010,99,I4,I6,3,2,"000-2,999 元",3.0,"2,000-2,999 元",source_bin_spans_multiple_base_bins,"""包含您本人，全家每個月的「利息、股票買賣、跟會標會、各種投資」總收入是多少？【過去ㄧ年帄均每個月的金額】"", | ""包含您本人，全家每個月的「利息、股票買賣、跟會標會、各種投資」總收入是多少？【過去ㄧ年帄均每個月的金額】""",question_options_99.csv,91 無獨立家庭利息投資題。 103基準題號：I6。,mapping_relation=source_bin_spans_multiple_base_bins; total_rule=source_question
build_income_expenditure_crosswalk.py,INC_FAM_INTEREST,家庭收入,INC_FAM_INTEREST,家庭利息與投資收入,range_overlap,2010,99,I4,I6,4,2,"000-2,999 元",13.0,沒有這項收入 附1-5,text_only_review,"""包含您本人，全家每個月的「利息、股票買賣、跟會標會、各種投資」總收入是多少？【過去ㄧ年帄均每個月的金額】"", | ""包含您本人，全家每個月的「利息、股票買賣、跟會標會、各種投資」總收入是多少？【過去ㄧ年帄均每個月的金額】""",question_options_99.csv,91 無獨立家庭利息投資題。 103基準題號：I6。,mapping_relation=text_only_review; total_rule=source_question
build_income_expenditure_crosswalk.py,INC_FAM_INTEREST,家庭收入,INC_FAM_INTEREST,家庭利息與投資收入,range_overlap,2010,99,I4,I6,1,3,"000-3,999 元",1.0,999 元及以下,source_bin_spans_multiple_base_bins,"""包含您本人，全家每個月的「利息、股票買賣、跟會標會、各種投資」總收入是多少？【過去ㄧ年帄均每個月的金額】"", | ""包含您本人，全家每個月的「利息、股票買賣、跟會標會、各種投資」總收入是多少？【過去ㄧ年帄均每個月的金額】""",question_options_99.csv,91 無獨立家庭利息投資題。 103基準題號：I6。,mapping_relation=source_bin_spans_multiple_base_bins; total_rule=source_question
build_income_expenditure_crosswalk.py,INC_FAM_INTEREST,家庭收入,INC_FAM_INTEREST,家庭利息與投資收入,range_overlap,2010,99,I4,I6,2,3,"000-3,999 元",2.0,"1,000-1,999 元",source_bin_spans_multiple_base_bins,"""包含您本人，全家每個月的「利息、股票買賣、跟會標會、各種投資」總收入是多少？【過去ㄧ年帄均每個月的金額】"", | ""包含您本人，全家每個月的「利息、股票買賣、跟會標會、各種投資」總收入是多少？【過去ㄧ年帄均每個月的金額】""",question_options_99.csv,91 無獨立家庭利息投資題。 103基準題號：I6。,mapping_relation=source_bin_spans_multiple_base_bins; total_rule=source_question
build_income_expenditure_crosswalk.py,INC_FAM_INTEREST,家庭收入,INC_FAM_INTEREST,家庭利息與投資收入,range_overlap,2010,99,I4,I6,3,3,"000-3,999 元",3.0,"2,000-2,999 元",source_bin_spans_multiple_base_bins,"""包含您本人，全家每個月的「利息、股票買賣、跟會標會、各種投資」總收入是多少？【過去ㄧ年帄均每個月的金額】"", | ""包含您本人，全家每個月的「利息、股票買賣、跟會標會、各種投資」總收入是多少？【過去ㄧ年帄均每個月的金額】""",question_options_99.csv,91 無獨立家庭利息投資題。 103基準題號：I6。,mapping_relation=source_bin_spans_multiple_base_bins; total_rule=source_question
build_income_expenditure_crosswalk.py,INC_FAM_INTEREST,家庭收入,INC_FAM_INTEREST,家庭利息與投資收入,range_overlap,2010,99,I4,I6,4,3,"000-3,999 元",4.0,"3,000-3,999 元",source_bin_spans_multiple_base_bins,"""包含您本人，全家每個月的「利息、股票買賣、跟會標會、各種投資」總收入是多少？【過去ㄧ年帄均每個月的金額】"", | ""包含您本人，全家每個月的「利息、股票買賣、跟會標會、各種投資」總收入是多少？【過去ㄧ年帄均每個月的金額】""",question_options_99.csv,91 無獨立家庭利息投資題。 103基準題號：I6。,mapping_relation=source_bin_spans_multiple_base_bins; total_rule=source_question
build_income_expenditure_crosswalk.py,INC_FAM_INTEREST,家庭收入,INC_FAM_INTEREST,家庭利息與投資收入,range_overlap,2010,99,I4,I6,5,3,"000-3,999 元",13.0,沒有這項收入 附1-5,text_only_review,"""包含您本人，全家每個月的「利息、股票買賣、跟會標會、各種投資」總收入是多少？【過去ㄧ年帄均每個月的金額】"", | ""包含您本人，全家每個月的「利息、股票買賣、跟會標會、各種投資」總收入是多少？【過去ㄧ年帄均每個月的金額】""",question_options_99.csv,91 無獨立家庭利息投資題。 103基準題號：I6。,mapping_relation=text_only_review; total_rule=source_question
build_income_expenditure_crosswalk.py,INC_FAM_INTEREST,家庭收入,INC_FAM_INTEREST,家庭利息與投資收入,range_overlap,2010,99,I4,I6,1,4,"000-4,999 元",1.0,999 元及以下,source_bin_spans_multiple_base_bins,"""包含您本人，全家每個月的「利息、股票買賣、跟會標會、各種投資」總收入是多少？【過去ㄧ年帄均每個月的金額】"", | ""包含您本人，全家每個月的「利息、股票買賣、跟會標會、各種投資」總收入是多少？【過去ㄧ年帄均每個月的金額】""",question_options_99.csv,91 無獨立家庭利息投資題。 103基準題號：I6。,mapping_relation=source_bin_spans_multiple_base_bins; total_rule=source_question
build_income_expenditure_crosswalk.py,INC_FAM_INTEREST,家庭收入,INC_FAM_INTEREST,家庭利息與投資收入,range_overlap,2010,99,I4,I6,2,4,"000-4,999 元",2.0,"1,000-1,999 元",source_bin_spans_multiple_base_bins,"""包含您本人，全家每個月的「利息、股票買賣、跟會標會、各種投資」總收入是多少？【過去ㄧ年帄均每個月的金額】"", | ""包含您本人，全家每個月的「利息、股票買賣、跟會標會、各種投資」總收入是多少？【過去ㄧ年帄均每個月的金額】""",question_options_99.csv,91 無獨立家庭利息投資題。 103基準題號：I6。,mapping_relation=source_bin_spans_multiple_base_bins; total_rule=source_question
build_income_expenditure_crosswalk.py,INC_FAM_INTEREST,家庭收入,INC_FAM_INTEREST,家庭利息與投資收入,range_overlap,2010,99,I4,I6,3,4,"000-4,999 元",3.0,"2,000-2,999 元",source_bin_spans_multiple_base_bins,"""包含您本人，全家每個月的「利息、股票買賣、跟會標會、各種投資」總收入是多少？【過去ㄧ年帄均每個月的金額】"", | ""包含您本人，全家每個月的「利息、股票買賣、跟會標會、各種投資」總收入是多少？【過去ㄧ年帄均每個月的金額】""",question_options_99.csv,91 無獨立家庭利息投資題。 103基準題號：I6。,mapping_relation=source_bin_spans_multiple_base_bins; total_rule=source_question
build_income_expenditure_crosswalk.py,INC_FAM_INTEREST,家庭收入,INC_FAM_INTEREST,家庭利息與投資收入,range_overlap,2010,99,I4,I6,4,4,"000-4,999 元",4.0,"3,000-3,999 元",source_bin_spans_multiple_base_bins,"""包含您本人，全家每個月的「利息、股票買賣、跟會標會、各種投資」總收入是多少？【過去ㄧ年帄均每個月的金額】"", | ""包含您本人，全家每個月的「利息、股票買賣、跟會標會、各種投資」總收入是多少？【過去ㄧ年帄均每個月的金額】""",question_options_99.csv,91 無獨立家庭利息投資題。 103基準題號：I6。,mapping_relation=source_bin_spans_multiple_base_bins; total_rule=source_question
build_income_expenditure_crosswalk.py,INC_FAM_INTEREST,家庭收入,INC_FAM_INTEREST,家庭利息與投資收入,range_overlap,2010,99,I4,I6,5,4,"000-4,999 元",5.0,"4,000-4,999 元",source_bin_spans_multiple_base_bins,"""包含您本人，全家每個月的「利息、股票買賣、跟會標會、各種投資」總收入是多少？【過去ㄧ年帄均每個月的金額】"", | ""包含您本人，全家每個月的「利息、股票買賣、跟會標會、各種投資」總收入是多少？【過去ㄧ年帄均每個月的金額】""",question_options_99.csv,91 無獨立家庭利息投資題。 103基準題號：I6。,mapping_relation=source_bin_spans_multiple_base_bins; total_rule=source_question
build_income_expenditure_crosswalk.py,INC_FAM_INTEREST,家庭收入,INC_FAM_INTEREST,家庭利息與投資收入,range_overlap,2010,99,I4,I6,6,4,"000-4,999 元",13.0,沒有這項收入 附1-5,text_only_review,"""包含您本人，全家每個月的「利息、股票買賣、跟會標會、各種投資」總收入是多少？【過去ㄧ年帄均每個月的金額】"", | ""包含您本人，全家每個月的「利息、股票買賣、跟會標會、各種投資」總收入是多少？【過去ㄧ年帄均每個月的金額】""",question_options_99.csv,91 無獨立家庭利息投資題。 103基準題號：I6。,mapping_relation=text_only_review; total_rule=source_question
build_income_expenditure_crosswalk.py,INC_FAM_INTEREST,家庭收入,INC_FAM_INTEREST,家庭利息與投資收入,range_overlap,2010,99,I4,I6,1,5,"000-5,999 元",1.0,999 元及以下,source_bin_spans_multiple_base_bins,"""包含您本人，全家每個月的「利息、股票買賣、跟會標會、各種投資」總收入是多少？【過去ㄧ年帄均每個月的金額】"", | ""包含您本人，全家每個月的「利息、股票買賣、跟會標會、各種投資」總收入是多少？【過去ㄧ年帄均每個月的金額】""",question_options_99.csv,91 無獨立家庭利息投資題。 103基準題號：I6。,mapping_relation=source_bin_spans_multiple_base_bins; total_rule=source_question
build_income_expenditure_crosswalk.py,INC_FAM_INTEREST,家庭收入,INC_FAM_INTEREST,家庭利息與投資收入,range_overlap,2010,99,I4,I6,2,5,"000-5,999 元",2.0,"1,000-1,999 元",source_bin_spans_multiple_base_bins,"""包含您本人，全家每個月的「利息、股票買賣、跟會標會、各種投資」總收入是多少？【過去ㄧ年帄均每個月的金額】"", | ""包含您本人，全家每個月的「利息、股票買賣、跟會標會、各種投資」總收入是多少？【過去ㄧ年帄均每個月的金額】""",question_options_99.csv,91 無獨立家庭利息投資題。 103基準題號：I6。,mapping_relation=source_bin_spans_multiple_base_bins; total_rule=source_question
build_income_expenditure_crosswalk.py,INC_FAM_INTEREST,家庭收入,INC_FAM_INTEREST,家庭利息與投資收入,range_overlap,2010,99,I4,I6,3,5,"000-5,999 元",3.0,"2,000-2,999 元",source_bin_spans_multiple_base_bins,"""包含您本人，全家每個月的「利息、股票買賣、跟會標會、各種投資」總收入是多少？【過去ㄧ年帄均每個月的金額】"", | ""包含您本人，全家每個月的「利息、股票買賣、跟會標會、各種投資」總收入是多少？【過去ㄧ年帄均每個月的金額】""",question_options_99.csv,91 無獨立家庭利息投資題。 103基準題號：I6。,mapping_relation=source_bin_spans_multiple_base_bins; total_rule=source_question
build_income_expenditure_crosswalk.py,INC_FAM_INTEREST,家庭收入,INC_FAM_INTEREST,家庭利息與投資收入,range_overlap,2010,99,I4,I6,4,5,"000-5,999 元",4.0,"3,000-3,999 元",source_bin_spans_multiple_base_bins,"""包含您本人，全家每個月的「利息、股票買賣、跟會標會、各種投資」總收入是多少？【過去ㄧ年帄均每個月的金額】"", | ""包含您本人，全家每個月的「利息、股票買賣、跟會標會、各種投資」總收入是多少？【過去ㄧ年帄均每個月的金額】""",question_options_99.csv,91 無獨立家庭利息投資題。 103基準題號：I6。,mapping_relation=source_bin_spans_multiple_base_bins; total_rule=source_question
build_income_expenditure_crosswalk.py,INC_FAM_INTEREST,家庭收入,INC_FAM_INTEREST,家庭利息與投資收入,range_overlap,2010,99,I4,I6,5,5,"000-5,999 元",5.0,"4,000-4,999 元",source_bin_spans_multiple_base_bins,"""包含您本人，全家每個月的「利息、股票買賣、跟會標會、各種投資」總收入是多少？【過去ㄧ年帄均每個月的金額】"", | ""包含您本人，全家每個月的「利息、股票買賣、跟會標會、各種投資」總收入是多少？【過去ㄧ年帄均每個月的金額】""",question_options_99.csv,91 無獨立家庭利息投資題。 103基準題號：I6。,mapping_relation=source_bin_spans_multiple_base_bins; total_rule=source_question
build_income_expenditure_crosswalk.py,INC_FAM_INTEREST,家庭收入,INC_FAM_INTEREST,家庭利息與投資收入,range_overlap,2010,99,I4,I6,6,5,"000-5,999 元",6.0,"5,000-5,999 元",source_bin_spans_multiple_base_bins,"""包含您本人，全家每個月的「利息、股票買賣、跟會標會、各種投資」總收入是多少？【過去ㄧ年帄均每個月的金額】"", | ""包含您本人，全家每個月的「利息、股票買賣、跟會標會、各種投資」總收入是多少？【過去ㄧ年帄均每個月的金額】""",question_options_99.csv,91 無獨立家庭利息投資題。 103基準題號：I6。,mapping_relation=source_bin_spans_multiple_base_bins; total_rule=source_question
build_income_expenditure_crosswalk.py,INC_FAM_INTEREST,家庭收入,INC_FAM_INTEREST,家庭利息與投資收入,range_overlap,2010,99,I4,I6,7,5,"000-5,999 元",13.0,沒有這項收入 附1-5,text_only_review,"""包含您本人，全家每個月的「利息、股票買賣、跟會標會、各種投資」總收入是多少？【過去ㄧ年帄均每個月的金額】"", | ""包含您本人，全家每個月的「利息、股票買賣、跟會標會、各種投資」總收入是多少？【過去ㄧ年帄均每個月的金額】""",question_options_99.csv,91 無獨立家庭利息投資題。 103基準題號：I6。,mapping_relation=text_only_review; total_rule=source_question
build_income_expenditure_crosswalk.py,INC_FAM_INTEREST,家庭收入,INC_FAM_INTEREST,家庭利息與投資收入,range_overlap,2010,99,I4,I6,1,6,"000-7,999 元",1.0,999 元及以下,source_bin_spans_multiple_base_bins,"""包含您本人，全家每個月的「利息、股票買賣、跟會標會、各種投資」總收入是多少？【過去ㄧ年帄均每個月的金額】"", | ""包含您本人，全家每個月的「利息、股票買賣、跟會標會、各種投資」總收入是多少？【過去ㄧ年帄均每個月的金額】""",question_options_99.csv,91 無獨立家庭利息投資題。 103基準題號：I6。,mapping_relation=source_bin_spans_multiple_base_bins; total_rule=source_question
build_income_expenditure_crosswalk.py,INC_FAM_INTEREST,家庭收入,INC_FAM_INTEREST,家庭利息與投資收入,range_overlap,2010,99,I4,I6,2,6,"000-7,999 元",2.0,"1,000-1,999 元",source_bin_spans_multiple_base_bins,"""包含您本人，全家每個月的「利息、股票買賣、跟會標會、各種投資」總收入是多少？【過去ㄧ年帄均每個月的金額】"", | ""包含您本人，全家每個月的「利息、股票買賣、跟會標會、各種投資」總收入是多少？【過去ㄧ年帄均每個月的金額】""",question_options_99.csv,91 無獨立家庭利息投資題。 103基準題號：I6。,mapping_relation=source_bin_spans_multiple_base_bins; total_rule=source_question
build_income_expenditure_crosswalk.py,INC_FAM_INTEREST,家庭收入,INC_FAM_INTEREST,家庭利息與投資收入,range_overlap,2010,99,I4,I6,3,6,"000-7,999 元",3.0,"2,000-2,999 元",source_bin_spans_multiple_base_bins,"""包含您本人，全家每個月的「利息、股票買賣、跟會標會、各種投資」總收入是多少？【過去ㄧ年帄均每個月的金額】"", | ""包含您本人，全家每個月的「利息、股票買賣、跟會標會、各種投資」總收入是多少？【過去ㄧ年帄均每個月的金額】""",question_options_99.csv,91 無獨立家庭利息投資題。 103基準題號：I6。,mapping_relation=source_bin_spans_multiple_base_bins; total_rule=source_question
build_income_expenditure_crosswalk.py,INC_FAM_INTEREST,家庭收入,INC_FAM_INTEREST,家庭利息與投資收入,range_overlap,2010,99,I4,I6,4,6,"000-7,999 元",4.0,"3,000-3,999 元",source_bin_spans_multiple_base_bins,"""包含您本人，全家每個月的「利息、股票買賣、跟會標會、各種投資」總收入是多少？【過去ㄧ年帄均每個月的金額】"", | ""包含您本人，全家每個月的「利息、股票買賣、跟會標會、各種投資」總收入是多少？【過去ㄧ年帄均每個月的金額】""",question_options_99.csv,91 無獨立家庭利息投資題。 103基準題號：I6。,mapping_relation=source_bin_spans_multiple_base_bins; total_rule=source_question
build_income_expenditure_crosswalk.py,INC_FAM_INTEREST,家庭收入,INC_FAM_INTEREST,家庭利息與投資收入,range_overlap,2010,99,I4,I6,5,6,"000-7,999 元",5.0,"4,000-4,999 元",source_bin_spans_multiple_base_bins,"""包含您本人，全家每個月的「利息、股票買賣、跟會標會、各種投資」總收入是多少？【過去ㄧ年帄均每個月的金額】"", | ""包含您本人，全家每個月的「利息、股票買賣、跟會標會、各種投資」總收入是多少？【過去ㄧ年帄均每個月的金額】""",question_options_99.csv,91 無獨立家庭利息投資題。 103基準題號：I6。,mapping_relation=source_bin_spans_multiple_base_bins; total_rule=source_question
build_income_expenditure_crosswalk.py,INC_FAM_INTEREST,家庭收入,INC_FAM_INTEREST,家庭利息與投資收入,range_overlap,2010,99,I4,I6,6,6,"000-7,999 元",6.0,"5,000-5,999 元",source_bin_spans_multiple_base_bins,"""包含您本人，全家每個月的「利息、股票買賣、跟會標會、各種投資」總收入是多少？【過去ㄧ年帄均每個月的金額】"", | ""包含您本人，全家每個月的「利息、股票買賣、跟會標會、各種投資」總收入是多少？【過去ㄧ年帄均每個月的金額】""",question_options_99.csv,91 無獨立家庭利息投資題。 103基準題號：I6。,mapping_relation=source_bin_spans_multiple_base_bins; total_rule=source_question
build_income_expenditure_crosswalk.py,INC_FAM_INTEREST,家庭收入,INC_FAM_INTEREST,家庭利息與投資收入,range_overlap,2010,99,I4,I6,7,6,"000-7,999 元",7.0,"6,000-7,999 元",source_bin_spans_multiple_base_bins,"""包含您本人，全家每個月的「利息、股票買賣、跟會標會、各種投資」總收入是多少？【過去ㄧ年帄均每個月的金額】"", | ""包含您本人，全家每個月的「利息、股票買賣、跟會標會、各種投資」總收入是多少？【過去ㄧ年帄均每個月的金額】""",question_options_99.csv,91 無獨立家庭利息投資題。 103基準題號：I6。,mapping_relation=source_bin_spans_multiple_base_bins; total_rule=source_question
build_income_expenditure_crosswalk.py,INC_FAM_INTEREST,家庭收入,INC_FAM_INTEREST,家庭利息與投資收入,range_overlap,2010,99,I4,I6,8,6,"000-7,999 元",13.0,沒有這項收入 附1-5,text_only_review,"""包含您本人，全家每個月的「利息、股票買賣、跟會標會、各種投資」總收入是多少？【過去ㄧ年帄均每個月的金額】"", | ""包含您本人，全家每個月的「利息、股票買賣、跟會標會、各種投資」總收入是多少？【過去ㄧ年帄均每個月的金額】""",question_options_99.csv,91 無獨立家庭利息投資題。 103基準題號：I6。,mapping_relation=text_only_review; total_rule=source_question
build_income_expenditure_crosswalk.py,INC_FAM_INTEREST,家庭收入,INC_FAM_INTEREST,家庭利息與投資收入,range_overlap,2010,99,I4,I6,1,8,"000-9,999 元",1.0,999 元及以下,source_bin_spans_multiple_base_bins,"""包含您本人，全家每個月的「利息、股票買賣、跟會標會、各種投資」總收入是多少？【過去ㄧ年帄均每個月的金額】"", | ""包含您本人，全家每個月的「利息、股票買賣、跟會標會、各種投資」總收入是多少？【過去ㄧ年帄均每個月的金額】""",question_options_99.csv,91 無獨立家庭利息投資題。 103基準題號：I6。,mapping_relation=source_bin_spans_multiple_base_bins; total_rule=source_question
build_income_expenditure_crosswalk.py,INC_FAM_INTEREST,家庭收入,INC_FAM_INTEREST,家庭利息與投資收入,range_overlap,2010,99,I4,I6,2,8,"000-9,999 元",2.0,"1,000-1,999 元",source_bin_spans_multiple_base_bins,"""包含您本人，全家每個月的「利息、股票買賣、跟會標會、各種投資」總收入是多少？【過去ㄧ年帄均每個月的金額】"", | ""包含您本人，全家每個月的「利息、股票買賣、跟會標會、各種投資」總收入是多少？【過去ㄧ年帄均每個月的金額】""",question_options_99.csv,91 無獨立家庭利息投資題。 103基準題號：I6。,mapping_relation=source_bin_spans_multiple_base_bins; total_rule=source_question
build_income_expenditure_crosswalk.py,INC_FAM_INTEREST,家庭收入,INC_FAM_INTEREST,家庭利息與投資收入,range_overlap,2010,99,I4,I6,3,8,"000-9,999 元",3.0,"2,000-2,999 元",source_bin_spans_multiple_base_bins,"""包含您本人，全家每個月的「利息、股票買賣、跟會標會、各種投資」總收入是多少？【過去ㄧ年帄均每個月的金額】"", | ""包含您本人，全家每個月的「利息、股票買賣、跟會標會、各種投資」總收入是多少？【過去ㄧ年帄均每個月的金額】""",question_options_99.csv,91 無獨立家庭利息投資題。 103基準題號：I6。,mapping_relation=source_bin_spans_multiple_base_bins; total_rule=source_question
build_income_expenditure_crosswalk.py,INC_FAM_INTEREST,家庭收入,INC_FAM_INTEREST,家庭利息與投資收入,range_overlap,2010,99,I4,I6,4,8,"000-9,999 元",4.0,"3,000-3,999 元",source_bin_spans_multiple_base_bins,"""包含您本人，全家每個月的「利息、股票買賣、跟會標會、各種投資」總收入是多少？【過去ㄧ年帄均每個月的金額】"", | ""包含您本人，全家每個月的「利息、股票買賣、跟會標會、各種投資」總收入是多少？【過去ㄧ年帄均每個月的金額】""",question_options_99.csv,91 無獨立家庭利息投資題。 103基準題號：I6。,mapping_relation=source_bin_spans_multiple_base_bins; total_rule=source_question
build_income_expenditure_crosswalk.py,INC_FAM_INTEREST,家庭收入,INC_FAM_INTEREST,家庭利息與投資收入,range_overlap,2010,99,I4,I6,5,8,"000-9,999 元",5.0,"4,000-4,999 元",source_bin_spans_multiple_base_bins,"""包含您本人，全家每個月的「利息、股票買賣、跟會標會、各種投資」總收入是多少？【過去ㄧ年帄均每個月的金額】"", | ""包含您本人，全家每個月的「利息、股票買賣、跟會標會、各種投資」總收入是多少？【過去ㄧ年帄均每個月的金額】""",question_options_99.csv,91 無獨立家庭利息投資題。 103基準題號：I6。,mapping_relation=source_bin_spans_multiple_base_bins; total_rule=source_question
build_income_expenditure_crosswalk.py,INC_FAM_INTEREST,家庭收入,INC_FAM_INTEREST,家庭利息與投資收入,range_overlap,2010,99,I4,I6,6,8,"000-9,999 元",6.0,"5,000-5,999 元",source_bin_spans_multiple_base_bins,"""包含您本人，全家每個月的「利息、股票買賣、跟會標會、各種投資」總收入是多少？【過去ㄧ年帄均每個月的金額】"", | ""包含您本人，全家每個月的「利息、股票買賣、跟會標會、各種投資」總收入是多少？【過去ㄧ年帄均每個月的金額】""",question_options_99.csv,91 無獨立家庭利息投資題。 103基準題號：I6。,mapping_relation=source_bin_spans_multiple_base_bins; total_rule=source_question
build_income_expenditure_crosswalk.py,INC_FAM_INTEREST,家庭收入,INC_FAM_INTEREST,家庭利息與投資收入,range_overlap,2010,99,I4,I6,7,8,"000-9,999 元",7.0,"6,000-7,999 元",source_bin_spans_multiple_base_bins,"""包含您本人，全家每個月的「利息、股票買賣、跟會標會、各種投資」總收入是多少？【過去ㄧ年帄均每個月的金額】"", | ""包含您本人，全家每個月的「利息、股票買賣、跟會標會、各種投資」總收入是多少？【過去ㄧ年帄均每個月的金額】""",question_options_99.csv,91 無獨立家庭利息投資題。 103基準題號：I6。,mapping_relation=source_bin_spans_multiple_base_bins; total_rule=source_question
build_income_expenditure_crosswalk.py,INC_FAM_INTEREST,家庭收入,INC_FAM_INTEREST,家庭利息與投資收入,range_overlap,2010,99,I4,I6,8,8,"000-9,999 元",8.0,"8,000-9,999 元",source_bin_spans_multiple_base_bins,"""包含您本人，全家每個月的「利息、股票買賣、跟會標會、各種投資」總收入是多少？【過去ㄧ年帄均每個月的金額】"", | ""包含您本人，全家每個月的「利息、股票買賣、跟會標會、各種投資」總收入是多少？【過去ㄧ年帄均每個月的金額】""",question_options_99.csv,91 無獨立家庭利息投資題。 103基準題號：I6。,mapping_relation=source_bin_spans_multiple_base_bins; total_rule=source_question
build_income_expenditure_crosswalk.py,INC_FAM_INTEREST,家庭收入,INC_FAM_INTEREST,家庭利息與投資收入,range_overlap,2010,99,I4,I6,9,8,"000-9,999 元",13.0,沒有這項收入 附1-5,text_only_review,"""包含您本人，全家每個月的「利息、股票買賣、跟會標會、各種投資」總收入是多少？【過去ㄧ年帄均每個月的金額】"", | ""包含您本人，全家每個月的「利息、股票買賣、跟會標會、各種投資」總收入是多少？【過去ㄧ年帄均每個月的金額】""",question_options_99.csv,91 無獨立家庭利息投資題。 103基準題號：I6。,mapping_relation=text_only_review; total_rule=source_question
build_income_expenditure_crosswalk.py,INC_FAM_INTEREST,家庭收入,INC_FAM_INTEREST,家庭利息與投資收入,range_overlap,2010,99,I4,I6,1,10,"000-14,999 元",1.0,999 元及以下,source_bin_spans_multiple_base_bins,"""包含您本人，全家每個月的「利息、股票買賣、跟會標會、各種投資」總收入是多少？【過去ㄧ年帄均每個月的金額】"", | ""包含您本人，全家每個月的「利息、股票買賣、跟會標會、各種投資」總收入是多少？【過去ㄧ年帄均每個月的金額】""",question_options_99.csv,91 無獨立家庭利息投資題。 103基準題號：I6。,mapping_relation=source_bin_spans_multiple_base_bins; total_rule=source_question
build_income_expenditure_crosswalk.py,INC_FAM_INTEREST,家庭收入,INC_FAM_INTEREST,家庭利息與投資收入,range_overlap,2010,99,I4,I6,2,10,"000-14,999 元",2.0,"1,000-1,999 元",source_bin_spans_multiple_base_bins,"""包含您本人，全家每個月的「利息、股票買賣、跟會標會、各種投資」總收入是多少？【過去ㄧ年帄均每個月的金額】"", | ""包含您本人，全家每個月的「利息、股票買賣、跟會標會、各種投資」總收入是多少？【過去ㄧ年帄均每個月的金額】""",question_options_99.csv,91 無獨立家庭利息投資題。 103基準題號：I6。,mapping_relation=source_bin_spans_multiple_base_bins; total_rule=source_question
build_income_expenditure_crosswalk.py,INC_FAM_INTEREST,家庭收入,INC_FAM_INTEREST,家庭利息與投資收入,range_overlap,2010,99,I4,I6,3,10,"000-14,999 元",3.0,"2,000-2,999 元",source_bin_spans_multiple_base_bins,"""包含您本人，全家每個月的「利息、股票買賣、跟會標會、各種投資」總收入是多少？【過去ㄧ年帄均每個月的金額】"", | ""包含您本人，全家每個月的「利息、股票買賣、跟會標會、各種投資」總收入是多少？【過去ㄧ年帄均每個月的金額】""",question_options_99.csv,91 無獨立家庭利息投資題。 103基準題號：I6。,mapping_relation=source_bin_spans_multiple_base_bins; total_rule=source_question
build_income_expenditure_crosswalk.py,INC_FAM_INTEREST,家庭收入,INC_FAM_INTEREST,家庭利息與投資收入,range_overlap,2010,99,I4,I6,4,10,"000-14,999 元",4.0,"3,000-3,999 元",source_bin_spans_multiple_base_bins,"""包含您本人，全家每個月的「利息、股票買賣、跟會標會、各種投資」總收入是多少？【過去ㄧ年帄均每個月的金額】"", | ""包含您本人，全家每個月的「利息、股票買賣、跟會標會、各種投資」總收入是多少？【過去ㄧ年帄均每個月的金額】""",question_options_99.csv,91 無獨立家庭利息投資題。 103基準題號：I6。,mapping_relation=source_bin_spans_multiple_base_bins; total_rule=source_question
build_income_expenditure_crosswalk.py,INC_FAM_INTEREST,家庭收入,INC_FAM_INTEREST,家庭利息與投資收入,range_overlap,2010,99,I4,I6,5,10,"000-14,999 元",5.0,"4,000-4,999 元",source_bin_spans_multiple_base_bins,"""包含您本人，全家每個月的「利息、股票買賣、跟會標會、各種投資」總收入是多少？【過去ㄧ年帄均每個月的金額】"", | ""包含您本人，全家每個月的「利息、股票買賣、跟會標會、各種投資」總收入是多少？【過去ㄧ年帄均每個月的金額】""",question_options_99.csv,91 無獨立家庭利息投資題。 103基準題號：I6。,mapping_relation=source_bin_spans_multiple_base_bins; total_rule=source_question
build_income_expenditure_crosswalk.py,INC_FAM_INTEREST,家庭收入,INC_FAM_INTEREST,家庭利息與投資收入,range_overlap,2010,99,I4,I6,6,10,"000-14,999 元",6.0,"5,000-5,999 元",source_bin_spans_multiple_base_bins,"""包含您本人，全家每個月的「利息、股票買賣、跟會標會、各種投資」總收入是多少？【過去ㄧ年帄均每個月的金額】"", | ""包含您本人，全家每個月的「利息、股票買賣、跟會標會、各種投資」總收入是多少？【過去ㄧ年帄均每個月的金額】""",question_options_99.csv,91 無獨立家庭利息投資題。 103基準題號：I6。,mapping_relation=source_bin_spans_multiple_base_bins; total_rule=source_question
build_income_expenditure_crosswalk.py,INC_FAM_INTEREST,家庭收入,INC_FAM_INTEREST,家庭利息與投資收入,range_overlap,2010,99,I4,I6,7,10,"000-14,999 元",7.0,"6,000-7,999 元",source_bin_spans_multiple_base_bins,"""包含您本人，全家每個月的「利息、股票買賣、跟會標會、各種投資」總收入是多少？【過去ㄧ年帄均每個月的金額】"", | ""包含您本人，全家每個月的「利息、股票買賣、跟會標會、各種投資」總收入是多少？【過去ㄧ年帄均每個月的金額】""",question_options_99.csv,91 無獨立家庭利息投資題。 103基準題號：I6。,mapping_relation=source_bin_spans_multiple_base_bins; total_rule=source_question
build_income_expenditure_crosswalk.py,INC_FAM_INTEREST,家庭收入,INC_FAM_INTEREST,家庭利息與投資收入,range_overlap,2010,99,I4,I6,8,10,"000-14,999 元",8.0,"8,000-9,999 元",source_bin_spans_multiple_base_bins,"""包含您本人，全家每個月的「利息、股票買賣、跟會標會、各種投資」總收入是多少？【過去ㄧ年帄均每個月的金額】"", | ""包含您本人，全家每個月的「利息、股票買賣、跟會標會、各種投資」總收入是多少？【過去ㄧ年帄均每個月的金額】""",question_options_99.csv,91 無獨立家庭利息投資題。 103基準題號：I6。,mapping_relation=source_bin_spans_multiple_base_bins; total_rule=source_question
build_income_expenditure_crosswalk.py,INC_FAM_INTEREST,家庭收入,INC_FAM_INTEREST,家庭利息與投資收入,range_overlap,2010,99,I4,I6,9,10,"000-14,999 元",9.0,"10,000-14,999 元",source_bin_spans_multiple_base_bins,"""包含您本人，全家每個月的「利息、股票買賣、跟會標會、各種投資」總收入是多少？【過去ㄧ年帄均每個月的金額】"", | ""包含您本人，全家每個月的「利息、股票買賣、跟會標會、各種投資」總收入是多少？【過去ㄧ年帄均每個月的金額】""",question_options_99.csv,91 無獨立家庭利息投資題。 103基準題號：I6。,mapping_relation=source_bin_spans_multiple_base_bins; total_rule=source_question
build_income_expenditure_crosswalk.py,INC_FAM_INTEREST,家庭收入,INC_FAM_INTEREST,家庭利息與投資收入,range_overlap,2010,99,I4,I6,10,10,"000-14,999 元",13.0,沒有這項收入 附1-5,text_only_review,"""包含您本人，全家每個月的「利息、股票買賣、跟會標會、各種投資」總收入是多少？【過去ㄧ年帄均每個月的金額】"", | ""包含您本人，全家每個月的「利息、股票買賣、跟會標會、各種投資」總收入是多少？【過去ㄧ年帄均每個月的金額】""",question_options_99.csv,91 無獨立家庭利息投資題。 103基準題號：I6。,mapping_relation=text_only_review; total_rule=source_question
build_income_expenditure_crosswalk.py,INC_FAM_INTEREST,家庭收入,INC_FAM_INTEREST,家庭利息與投資收入,range_overlap,2010,99,I4,I6,1,15,"000-19,999 元",1.0,999 元及以下,source_bin_spans_multiple_base_bins,"""包含您本人，全家每個月的「利息、股票買賣、跟會標會、各種投資」總收入是多少？【過去ㄧ年帄均每個月的金額】"", | ""包含您本人，全家每個月的「利息、股票買賣、跟會標會、各種投資」總收入是多少？【過去ㄧ年帄均每個月的金額】""",question_options_99.csv,91 無獨立家庭利息投資題。 103基準題號：I6。,mapping_relation=source_bin_spans_multiple_base_bins; total_rule=source_question
build_income_expenditure_crosswalk.py,INC_FAM_INTEREST,家庭收入,INC_FAM_INTEREST,家庭利息與投資收入,range_overlap,2010,99,I4,I6,2,15,"000-19,999 元",2.0,"1,000-1,999 元",source_bin_spans_multiple_base_bins,"""包含您本人，全家每個月的「利息、股票買賣、跟會標會、各種投資」總收入是多少？【過去ㄧ年帄均每個月的金額】"", | ""包含您本人，全家每個月的「利息、股票買賣、跟會標會、各種投資」總收入是多少？【過去ㄧ年帄均每個月的金額】""",question_options_99.csv,91 無獨立家庭利息投資題。 103基準題號：I6。,mapping_relation=source_bin_spans_multiple_base_bins; total_rule=source_question
build_income_expenditure_crosswalk.py,INC_FAM_INTEREST,家庭收入,INC_FAM_INTEREST,家庭利息與投資收入,range_overlap,2010,99,I4,I6,3,15,"000-19,999 元",3.0,"2,000-2,999 元",source_bin_spans_multiple_base_bins,"""包含您本人，全家每個月的「利息、股票買賣、跟會標會、各種投資」總收入是多少？【過去ㄧ年帄均每個月的金額】"", | ""包含您本人，全家每個月的「利息、股票買賣、跟會標會、各種投資」總收入是多少？【過去ㄧ年帄均每個月的金額】""",question_options_99.csv,91 無獨立家庭利息投資題。 103基準題號：I6。,mapping_relation=source_bin_spans_multiple_base_bins; total_rule=source_question
build_income_expenditure_crosswalk.py,INC_FAM_INTEREST,家庭收入,INC_FAM_INTEREST,家庭利息與投資收入,range_overlap,2010,99,I4,I6,4,15,"000-19,999 元",4.0,"3,000-3,999 元",source_bin_spans_multiple_base_bins,"""包含您本人，全家每個月的「利息、股票買賣、跟會標會、各種投資」總收入是多少？【過去ㄧ年帄均每個月的金額】"", | ""包含您本人，全家每個月的「利息、股票買賣、跟會標會、各種投資」總收入是多少？【過去ㄧ年帄均每個月的金額】""",question_options_99.csv,91 無獨立家庭利息投資題。 103基準題號：I6。,mapping_relation=source_bin_spans_multiple_base_bins; total_rule=source_question
build_income_expenditure_crosswalk.py,INC_FAM_INTEREST,家庭收入,INC_FAM_INTEREST,家庭利息與投資收入,range_overlap,2010,99,I4,I6,5,15,"000-19,999 元",5.0,"4,000-4,999 元",source_bin_spans_multiple_base_bins,"""包含您本人，全家每個月的「利息、股票買賣、跟會標會、各種投資」總收入是多少？【過去ㄧ年帄均每個月的金額】"", | ""包含您本人，全家每個月的「利息、股票買賣、跟會標會、各種投資」總收入是多少？【過去ㄧ年帄均每個月的金額】""",question_options_99.csv,91 無獨立家庭利息投資題。 103基準題號：I6。,mapping_relation=source_bin_spans_multiple_base_bins; total_rule=source_question
build_income_expenditure_crosswalk.py,INC_FAM_INTEREST,家庭收入,INC_FAM_INTEREST,家庭利息與投資收入,range_overlap,2010,99,I4,I6,6,15,"000-19,999 元",6.0,"5,000-5,999 元",source_bin_spans_multiple_base_bins,"""包含您本人，全家每個月的「利息、股票買賣、跟會標會、各種投資」總收入是多少？【過去ㄧ年帄均每個月的金額】"", | ""包含您本人，全家每個月的「利息、股票買賣、跟會標會、各種投資」總收入是多少？【過去ㄧ年帄均每個月的金額】""",question_options_99.csv,91 無獨立家庭利息投資題。 103基準題號：I6。,mapping_relation=source_bin_spans_multiple_base_bins; total_rule=source_question
build_income_expenditure_crosswalk.py,INC_FAM_INTEREST,家庭收入,INC_FAM_INTEREST,家庭利息與投資收入,range_overlap,2010,99,I4,I6,7,15,"000-19,999 元",7.0,"6,000-7,999 元",source_bin_spans_multiple_base_bins,"""包含您本人，全家每個月的「利息、股票買賣、跟會標會、各種投資」總收入是多少？【過去ㄧ年帄均每個月的金額】"", | ""包含您本人，全家每個月的「利息、股票買賣、跟會標會、各種投資」總收入是多少？【過去ㄧ年帄均每個月的金額】""",question_options_99.csv,91 無獨立家庭利息投資題。 103基準題號：I6。,mapping_relation=source_bin_spans_multiple_base_bins; total_rule=source_question
build_income_expenditure_crosswalk.py,INC_FAM_INTEREST,家庭收入,INC_FAM_INTEREST,家庭利息與投資收入,range_overlap,2010,99,I4,I6,8,15,"000-19,999 元",8.0,"8,000-9,999 元",source_bin_spans_multiple_base_bins,"""包含您本人，全家每個月的「利息、股票買賣、跟會標會、各種投資」總收入是多少？【過去ㄧ年帄均每個月的金額】"", | ""包含您本人，全家每個月的「利息、股票買賣、跟會標會、各種投資」總收入是多少？【過去ㄧ年帄均每個月的金額】""",question_options_99.csv,91 無獨立家庭利息投資題。 103基準題號：I6。,mapping_relation=source_bin_spans_multiple_base_bins; total_rule=source_question
build_income_expenditure_crosswalk.py,INC_FAM_INTEREST,家庭收入,INC_FAM_INTEREST,家庭利息與投資收入,range_overlap,2010,99,I4,I6,9,15,"000-19,999 元",9.0,"10,000-14,999 元",source_bin_spans_multiple_base_bins,"""包含您本人，全家每個月的「利息、股票買賣、跟會標會、各種投資」總收入是多少？【過去ㄧ年帄均每個月的金額】"", | ""包含您本人，全家每個月的「利息、股票買賣、跟會標會、各種投資」總收入是多少？【過去ㄧ年帄均每個月的金額】""",question_options_99.csv,91 無獨立家庭利息投資題。 103基準題號：I6。,mapping_relation=source_bin_spans_multiple_base_bins; total_rule=source_question
build_income_expenditure_crosswalk.py,INC_FAM_INTEREST,家庭收入,INC_FAM_INTEREST,家庭利息與投資收入,range_overlap,2010,99,I4,I6,10,15,"000-19,999 元",10.0,"15,000-19,999 元",source_bin_spans_multiple_base_bins,"""包含您本人，全家每個月的「利息、股票買賣、跟會標會、各種投資」總收入是多少？【過去ㄧ年帄均每個月的金額】"", | ""包含您本人，全家每個月的「利息、股票買賣、跟會標會、各種投資」總收入是多少？【過去ㄧ年帄均每個月的金額】""",question_options_99.csv,91 無獨立家庭利息投資題。 103基準題號：I6。,mapping_relation=source_bin_spans_multiple_base_bins; total_rule=source_question
build_income_expenditure_crosswalk.py,INC_FAM_INTEREST,家庭收入,INC_FAM_INTEREST,家庭利息與投資收入,range_overlap,2010,99,I4,I6,11,15,"000-19,999 元",13.0,沒有這項收入 附1-5,text_only_review,"""包含您本人，全家每個月的「利息、股票買賣、跟會標會、各種投資」總收入是多少？【過去ㄧ年帄均每個月的金額】"", | ""包含您本人，全家每個月的「利息、股票買賣、跟會標會、各種投資」總收入是多少？【過去ㄧ年帄均每個月的金額】""",question_options_99.csv,91 無獨立家庭利息投資題。 103基準題號：I6。,mapping_relation=text_only_review; total_rule=source_question
build_income_expenditure_crosswalk.py,INC_FAM_INTEREST,家庭收入,INC_FAM_INTEREST,家庭利息與投資收入,range_overlap,2010,99,I4,I6,1,20,"000-29,999 元",1.0,999 元及以下,source_bin_spans_multiple_base_bins,"""包含您本人，全家每個月的「利息、股票買賣、跟會標會、各種投資」總收入是多少？【過去ㄧ年帄均每個月的金額】"", | ""包含您本人，全家每個月的「利息、股票買賣、跟會標會、各種投資」總收入是多少？【過去ㄧ年帄均每個月的金額】""",question_options_99.csv,91 無獨立家庭利息投資題。 103基準題號：I6。,mapping_relation=source_bin_spans_multiple_base_bins; total_rule=source_question
build_income_expenditure_crosswalk.py,INC_FAM_INTEREST,家庭收入,INC_FAM_INTEREST,家庭利息與投資收入,range_overlap,2010,99,I4,I6,2,20,"000-29,999 元",2.0,"1,000-1,999 元",source_bin_spans_multiple_base_bins,"""包含您本人，全家每個月的「利息、股票買賣、跟會標會、各種投資」總收入是多少？【過去ㄧ年帄均每個月的金額】"", | ""包含您本人，全家每個月的「利息、股票買賣、跟會標會、各種投資」總收入是多少？【過去ㄧ年帄均每個月的金額】""",question_options_99.csv,91 無獨立家庭利息投資題。 103基準題號：I6。,mapping_relation=source_bin_spans_multiple_base_bins; total_rule=source_question
build_income_expenditure_crosswalk.py,INC_FAM_INTEREST,家庭收入,INC_FAM_INTEREST,家庭利息與投資收入,range_overlap,2010,99,I4,I6,3,20,"000-29,999 元",3.0,"2,000-2,999 元",source_bin_spans_multiple_base_bins,"""包含您本人，全家每個月的「利息、股票買賣、跟會標會、各種投資」總收入是多少？【過去ㄧ年帄均每個月的金額】"", | ""包含您本人，全家每個月的「利息、股票買賣、跟會標會、各種投資」總收入是多少？【過去ㄧ年帄均每個月的金額】""",question_options_99.csv,91 無獨立家庭利息投資題。 103基準題號：I6。,mapping_relation=source_bin_spans_multiple_base_bins; total_rule=source_question
build_income_expenditure_crosswalk.py,INC_FAM_INTEREST,家庭收入,INC_FAM_INTEREST,家庭利息與投資收入,range_overlap,2010,99,I4,I6,4,20,"000-29,999 元",4.0,"3,000-3,999 元",source_bin_spans_multiple_base_bins,"""包含您本人，全家每個月的「利息、股票買賣、跟會標會、各種投資」總收入是多少？【過去ㄧ年帄均每個月的金額】"", | ""包含您本人，全家每個月的「利息、股票買賣、跟會標會、各種投資」總收入是多少？【過去ㄧ年帄均每個月的金額】""",question_options_99.csv,91 無獨立家庭利息投資題。 103基準題號：I6。,mapping_relation=source_bin_spans_multiple_base_bins; total_rule=source_question
build_income_expenditure_crosswalk.py,INC_FAM_INTEREST,家庭收入,INC_FAM_INTEREST,家庭利息與投資收入,range_overlap,2010,99,I4,I6,5,20,"000-29,999 元",5.0,"4,000-4,999 元",source_bin_spans_multiple_base_bins,"""包含您本人，全家每個月的「利息、股票買賣、跟會標會、各種投資」總收入是多少？【過去ㄧ年帄均每個月的金額】"", | ""包含您本人，全家每個月的「利息、股票買賣、跟會標會、各種投資」總收入是多少？【過去ㄧ年帄均每個月的金額】""",question_options_99.csv,91 無獨立家庭利息投資題。 103基準題號：I6。,mapping_relation=source_bin_spans_multiple_base_bins; total_rule=source_question
build_income_expenditure_crosswalk.py,INC_FAM_INTEREST,家庭收入,INC_FAM_INTEREST,家庭利息與投資收入,range_overlap,2010,99,I4,I6,6,20,"000-29,999 元",6.0,"5,000-5,999 元",source_bin_spans_multiple_base_bins,"""包含您本人，全家每個月的「利息、股票買賣、跟會標會、各種投資」總收入是多少？【過去ㄧ年帄均每個月的金額】"", | ""包含您本人，全家每個月的「利息、股票買賣、跟會標會、各種投資」總收入是多少？【過去ㄧ年帄均每個月的金額】""",question_options_99.csv,91 無獨立家庭利息投資題。 103基準題號：I6。,mapping_relation=source_bin_spans_multiple_base_bins; total_rule=source_question
build_income_expenditure_crosswalk.py,INC_FAM_INTEREST,家庭收入,INC_FAM_INTEREST,家庭利息與投資收入,range_overlap,2010,99,I4,I6,7,20,"000-29,999 元",7.0,"6,000-7,999 元",source_bin_spans_multiple_base_bins,"""包含您本人，全家每個月的「利息、股票買賣、跟會標會、各種投資」總收入是多少？【過去ㄧ年帄均每個月的金額】"", | ""包含您本人，全家每個月的「利息、股票買賣、跟會標會、各種投資」總收入是多少？【過去ㄧ年帄均每個月的金額】""",question_options_99.csv,91 無獨立家庭利息投資題。 103基準題號：I6。,mapping_relation=source_bin_spans_multiple_base_bins; total_rule=source_question
build_income_expenditure_crosswalk.py,INC_FAM_INTEREST,家庭收入,INC_FAM_INTEREST,家庭利息與投資收入,range_overlap,2010,99,I4,I6,8,20,"000-29,999 元",8.0,"8,000-9,999 元",source_bin_spans_multiple_base_bins,"""包含您本人，全家每個月的「利息、股票買賣、跟會標會、各種投資」總收入是多少？【過去ㄧ年帄均每個月的金額】"", | ""包含您本人，全家每個月的「利息、股票買賣、跟會標會、各種投資」總收入是多少？【過去ㄧ年帄均每個月的金額】""",question_options_99.csv,91 無獨立家庭利息投資題。 103基準題號：I6。,mapping_relation=source_bin_spans_multiple_base_bins; total_rule=source_question
build_income_expenditure_crosswalk.py,INC_FAM_INTEREST,家庭收入,INC_FAM_INTEREST,家庭利息與投資收入,range_overlap,2010,99,I4,I6,9,20,"000-29,999 元",9.0,"10,000-14,999 元",source_bin_spans_multiple_base_bins,"""包含您本人，全家每個月的「利息、股票買賣、跟會標會、各種投資」總收入是多少？【過去ㄧ年帄均每個月的金額】"", | ""包含您本人，全家每個月的「利息、股票買賣、跟會標會、各種投資」總收入是多少？【過去ㄧ年帄均每個月的金額】""",question_options_99.csv,91 無獨立家庭利息投資題。 103基準題號：I6。,mapping_relation=source_bin_spans_multiple_base_bins; total_rule=source_question
build_income_expenditure_crosswalk.py,INC_FAM_INTEREST,家庭收入,INC_FAM_INTEREST,家庭利息與投資收入,range_overlap,2010,99,I4,I6,10,20,"000-29,999 元",10.0,"15,000-19,999 元",source_bin_spans_multiple_base_bins,"""包含您本人，全家每個月的「利息、股票買賣、跟會標會、各種投資」總收入是多少？【過去ㄧ年帄均每個月的金額】"", | ""包含您本人，全家每個月的「利息、股票買賣、跟會標會、各種投資」總收入是多少？【過去ㄧ年帄均每個月的金額】""",question_options_99.csv,91 無獨立家庭利息投資題。 103基準題號：I6。,mapping_relation=source_bin_spans_multiple_base_bins; total_rule=source_question
build_income_expenditure_crosswalk.py,INC_FAM_INTEREST,家庭收入,INC_FAM_INTEREST,家庭利息與投資收入,range_overlap,2010,99,I4,I6,11,20,"000-29,999 元",11.0,"20,000-29,999 元",source_bin_spans_multiple_base_bins,"""包含您本人，全家每個月的「利息、股票買賣、跟會標會、各種投資」總收入是多少？【過去ㄧ年帄均每個月的金額】"", | ""包含您本人，全家每個月的「利息、股票買賣、跟會標會、各種投資」總收入是多少？【過去ㄧ年帄均每個月的金額】""",question_options_99.csv,91 無獨立家庭利息投資題。 103基準題號：I6。,mapping_relation=source_bin_spans_multiple_base_bins; total_rule=source_question
build_income_expenditure_crosswalk.py,INC_FAM_INTEREST,家庭收入,INC_FAM_INTEREST,家庭利息與投資收入,range_overlap,2010,99,I4,I6,12,20,"000-29,999 元",13.0,沒有這項收入 附1-5,text_only_review,"""包含您本人，全家每個月的「利息、股票買賣、跟會標會、各種投資」總收入是多少？【過去ㄧ年帄均每個月的金額】"", | ""包含您本人，全家每個月的「利息、股票買賣、跟會標會、各種投資」總收入是多少？【過去ㄧ年帄均每個月的金額】""",question_options_99.csv,91 無獨立家庭利息投資題。 103基準題號：I6。,mapping_relation=text_only_review; total_rule=source_question
build_income_expenditure_crosswalk.py,INC_FAM_INTEREST,家庭收入,INC_FAM_INTEREST,家庭利息與投資收入,range_overlap,2010,99,I4,I6,1,30,000 元及以上，請記錄 元,1.0,999 元及以下,source_bin_spans_multiple_base_bins,"""包含您本人，全家每個月的「利息、股票買賣、跟會標會、各種投資」總收入是多少？【過去ㄧ年帄均每個月的金額】"", | ""包含您本人，全家每個月的「利息、股票買賣、跟會標會、各種投資」總收入是多少？【過去ㄧ年帄均每個月的金額】""",question_options_99.csv,91 無獨立家庭利息投資題。 103基準題號：I6。,mapping_relation=source_bin_spans_multiple_base_bins; total_rule=source_question
build_income_expenditure_crosswalk.py,INC_FAM_INTEREST,家庭收入,INC_FAM_INTEREST,家庭利息與投資收入,range_overlap,2010,99,I4,I6,2,30,000 元及以上，請記錄 元,2.0,"1,000-1,999 元",source_bin_spans_multiple_base_bins,"""包含您本人，全家每個月的「利息、股票買賣、跟會標會、各種投資」總收入是多少？【過去ㄧ年帄均每個月的金額】"", | ""包含您本人，全家每個月的「利息、股票買賣、跟會標會、各種投資」總收入是多少？【過去ㄧ年帄均每個月的金額】""",question_options_99.csv,91 無獨立家庭利息投資題。 103基準題號：I6。,mapping_relation=source_bin_spans_multiple_base_bins; total_rule=source_question
build_income_expenditure_crosswalk.py,INC_FAM_INTEREST,家庭收入,INC_FAM_INTEREST,家庭利息與投資收入,range_overlap,2010,99,I4,I6,3,30,000 元及以上，請記錄 元,3.0,"2,000-2,999 元",source_bin_spans_multiple_base_bins,"""包含您本人，全家每個月的「利息、股票買賣、跟會標會、各種投資」總收入是多少？【過去ㄧ年帄均每個月的金額】"", | ""包含您本人，全家每個月的「利息、股票買賣、跟會標會、各種投資」總收入是多少？【過去ㄧ年帄均每個月的金額】""",question_options_99.csv,91 無獨立家庭利息投資題。 103基準題號：I6。,mapping_relation=source_bin_spans_multiple_base_bins; total_rule=source_question
build_income_expenditure_crosswalk.py,INC_FAM_INTEREST,家庭收入,INC_FAM_INTEREST,家庭利息與投資收入,range_overlap,2010,99,I4,I6,4,30,000 元及以上，請記錄 元,4.0,"3,000-3,999 元",source_bin_spans_multiple_base_bins,"""包含您本人，全家每個月的「利息、股票買賣、跟會標會、各種投資」總收入是多少？【過去ㄧ年帄均每個月的金額】"", | ""包含您本人，全家每個月的「利息、股票買賣、跟會標會、各種投資」總收入是多少？【過去ㄧ年帄均每個月的金額】""",question_options_99.csv,91 無獨立家庭利息投資題。 103基準題號：I6。,mapping_relation=source_bin_spans_multiple_base_bins; total_rule=source_question
build_income_expenditure_crosswalk.py,INC_FAM_INTEREST,家庭收入,INC_FAM_INTEREST,家庭利息與投資收入,range_overlap,2010,99,I4,I6,5,30,000 元及以上，請記錄 元,5.0,"4,000-4,999 元",source_bin_spans_multiple_base_bins,"""包含您本人，全家每個月的「利息、股票買賣、跟會標會、各種投資」總收入是多少？【過去ㄧ年帄均每個月的金額】"", | ""包含您本人，全家每個月的「利息、股票買賣、跟會標會、各種投資」總收入是多少？【過去ㄧ年帄均每個月的金額】""",question_options_99.csv,91 無獨立家庭利息投資題。 103基準題號：I6。,mapping_relation=source_bin_spans_multiple_base_bins; total_rule=source_question
build_income_expenditure_crosswalk.py,INC_FAM_INTEREST,家庭收入,INC_FAM_INTEREST,家庭利息與投資收入,range_overlap,2010,99,I4,I6,6,30,000 元及以上，請記錄 元,6.0,"5,000-5,999 元",source_bin_spans_multiple_base_bins,"""包含您本人，全家每個月的「利息、股票買賣、跟會標會、各種投資」總收入是多少？【過去ㄧ年帄均每個月的金額】"", | ""包含您本人，全家每個月的「利息、股票買賣、跟會標會、各種投資」總收入是多少？【過去ㄧ年帄均每個月的金額】""",question_options_99.csv,91 無獨立家庭利息投資題。 103基準題號：I6。,mapping_relation=source_bin_spans_multiple_base_bins; total_rule=source_question
build_income_expenditure_crosswalk.py,INC_FAM_INTEREST,家庭收入,INC_FAM_INTEREST,家庭利息與投資收入,range_overlap,2010,99,I4,I6,7,30,000 元及以上，請記錄 元,7.0,"6,000-7,999 元",source_bin_spans_multiple_base_bins,"""包含您本人，全家每個月的「利息、股票買賣、跟會標會、各種投資」總收入是多少？【過去ㄧ年帄均每個月的金額】"", | ""包含您本人，全家每個月的「利息、股票買賣、跟會標會、各種投資」總收入是多少？【過去ㄧ年帄均每個月的金額】""",question_options_99.csv,91 無獨立家庭利息投資題。 103基準題號：I6。,mapping_relation=source_bin_spans_multiple_base_bins; total_rule=source_question
build_income_expenditure_crosswalk.py,INC_FAM_INTEREST,家庭收入,INC_FAM_INTEREST,家庭利息與投資收入,range_overlap,2010,99,I4,I6,8,30,000 元及以上，請記錄 元,8.0,"8,000-9,999 元",source_bin_spans_multiple_base_bins,"""包含您本人，全家每個月的「利息、股票買賣、跟會標會、各種投資」總收入是多少？【過去ㄧ年帄均每個月的金額】"", | ""包含您本人，全家每個月的「利息、股票買賣、跟會標會、各種投資」總收入是多少？【過去ㄧ年帄均每個月的金額】""",question_options_99.csv,91 無獨立家庭利息投資題。 103基準題號：I6。,mapping_relation=source_bin_spans_multiple_base_bins; total_rule=source_question
build_income_expenditure_crosswalk.py,INC_FAM_INTEREST,家庭收入,INC_FAM_INTEREST,家庭利息與投資收入,range_overlap,2010,99,I4,I6,9,30,000 元及以上，請記錄 元,9.0,"10,000-14,999 元",source_bin_spans_multiple_base_bins,"""包含您本人，全家每個月的「利息、股票買賣、跟會標會、各種投資」總收入是多少？【過去ㄧ年帄均每個月的金額】"", | ""包含您本人，全家每個月的「利息、股票買賣、跟會標會、各種投資」總收入是多少？【過去ㄧ年帄均每個月的金額】""",question_options_99.csv,91 無獨立家庭利息投資題。 103基準題號：I6。,mapping_relation=source_bin_spans_multiple_base_bins; total_rule=source_question
build_income_expenditure_crosswalk.py,INC_FAM_INTEREST,家庭收入,INC_FAM_INTEREST,家庭利息與投資收入,range_overlap,2010,99,I4,I6,10,30,000 元及以上，請記錄 元,10.0,"15,000-19,999 元",source_bin_spans_multiple_base_bins,"""包含您本人，全家每個月的「利息、股票買賣、跟會標會、各種投資」總收入是多少？【過去ㄧ年帄均每個月的金額】"", | ""包含您本人，全家每個月的「利息、股票買賣、跟會標會、各種投資」總收入是多少？【過去ㄧ年帄均每個月的金額】""",question_options_99.csv,91 無獨立家庭利息投資題。 103基準題號：I6。,mapping_relation=source_bin_spans_multiple_base_bins; total_rule=source_question
build_income_expenditure_crosswalk.py,INC_FAM_INTEREST,家庭收入,INC_FAM_INTEREST,家庭利息與投資收入,range_overlap,2010,99,I4,I6,11,30,000 元及以上，請記錄 元,11.0,"20,000-29,999 元",source_bin_spans_multiple_base_bins,"""包含您本人，全家每個月的「利息、股票買賣、跟會標會、各種投資」總收入是多少？【過去ㄧ年帄均每個月的金額】"", | ""包含您本人，全家每個月的「利息、股票買賣、跟會標會、各種投資」總收入是多少？【過去ㄧ年帄均每個月的金額】""",question_options_99.csv,91 無獨立家庭利息投資題。 103基準題號：I6。,mapping_relation=source_bin_spans_multiple_base_bins; total_rule=source_question
build_income_expenditure_crosswalk.py,INC_FAM_INTEREST,家庭收入,INC_FAM_INTEREST,家庭利息與投資收入,range_overlap,2010,99,I4,I6,12,30,000 元及以上，請記錄 元,12.0,"30,000 元及以上，請記錄________元",source_bin_spans_multiple_base_bins,"""包含您本人，全家每個月的「利息、股票買賣、跟會標會、各種投資」總收入是多少？【過去ㄧ年帄均每個月的金額】"", | ""包含您本人，全家每個月的「利息、股票買賣、跟會標會、各種投資」總收入是多少？【過去ㄧ年帄均每個月的金額】""",question_options_99.csv,91 無獨立家庭利息投資題。 103基準題號：I6。,mapping_relation=source_bin_spans_multiple_base_bins; total_rule=source_question
build_income_expenditure_crosswalk.py,INC_FAM_INTEREST,家庭收入,INC_FAM_INTEREST,家庭利息與投資收入,range_overlap,2010,99,I4,I6,13,30,000 元及以上，請記錄 元,13.0,沒有這項收入 附1-5,text_only_review,"""包含您本人，全家每個月的「利息、股票買賣、跟會標會、各種投資」總收入是多少？【過去ㄧ年帄均每個月的金額】"", | ""包含您本人，全家每個月的「利息、股票買賣、跟會標會、各種投資」總收入是多少？【過去ㄧ年帄均每個月的金額】""",question_options_99.csv,91 無獨立家庭利息投資題。 103基準題號：I6。,mapping_relation=text_only_review; total_rule=source_question
build_income_expenditure_crosswalk.py,INC_FAM_INTEREST,家庭收入,INC_FAM_INTEREST,家庭利息與投資收入,range_overlap,2010,99,I4,I6,1,,999 元及以下,1.0,999 元及以下,exact_range,"""包含您本人，全家每個月的「利息、股票買賣、跟會標會、各種投資」總收入是多少？【過去ㄧ年帄均每個月的金額】"", | ""包含您本人，全家每個月的「利息、股票買賣、跟會標會、各種投資」總收入是多少？【過去ㄧ年帄均每個月的金額】""",question_options_99.csv,91 無獨立家庭利息投資題。 103基準題號：I6。,mapping_relation=exact_range; total_rule=source_question
build_income_expenditure_crosswalk.py,INC_FAM_INTEREST,家庭收入,INC_FAM_INTEREST,家庭利息與投資收入,range_overlap,2010,99,I4,I6,2,,999 元及以下,13.0,沒有這項收入 附1-5,text_only_review,"""包含您本人，全家每個月的「利息、股票買賣、跟會標會、各種投資」總收入是多少？【過去ㄧ年帄均每個月的金額】"", | ""包含您本人，全家每個月的「利息、股票買賣、跟會標會、各種投資」總收入是多少？【過去ㄧ年帄均每個月的金額】""",question_options_99.csv,91 無獨立家庭利息投資題。 103基準題號：I6。,mapping_relation=text_only_review; total_rule=source_question
build_income_expenditure_crosswalk.py,INC_FAM_INTEREST,家庭收入,INC_FAM_INTEREST,家庭利息與投資收入,range_overlap,2010,99,I4,I6,3,,沒有這項收入,,,no_matching_103_option_bin,"""包含您本人，全家每個月的「利息、股票買賣、跟會標會、各種投資」總收入是多少？【過去ㄧ年帄均每個月的金額】"", | ""包含您本人，全家每個月的「利息、股票買賣、跟會標會、各種投資」總收入是多少？【過去ㄧ年帄均每個月的金額】""",question_options_99.csv,91 無獨立家庭利息投資題。 103基準題號：I6。,mapping_relation=no_matching_103_option_bin; total_rule=source_question
build_income_expenditure_crosswalk.py,INC_FAM_INTEREST,家庭收入,INC_FAM_INTEREST,家庭利息與投資收入,range_overlap,2014,103,I6,I6,1,1.0,999 元及以下,1.0,999 元及以下,exact_range,包含您本人，全家每個月的「存款利息、跟會利息、股票利息、各種投資利息」總收入是多少？,question_options_103.csv,91 無獨立家庭利息投資題。 103基準題號：I6。,mapping_relation=exact_range; total_rule=source_question
build_income_expenditure_crosswalk.py,INC_FAM_INTEREST,家庭收入,INC_FAM_INTEREST,家庭利息與投資收入,range_overlap,2014,103,I6,I6,2,1.0,999 元及以下,13.0,沒有這項收入 附1-5,text_only_review,包含您本人，全家每個月的「存款利息、跟會利息、股票利息、各種投資利息」總收入是多少？,question_options_103.csv,91 無獨立家庭利息投資題。 103基準題號：I6。,mapping_relation=text_only_review; total_rule=source_question
build_income_expenditure_crosswalk.py,INC_FAM_INTEREST,家庭收入,INC_FAM_INTEREST,家庭利息與投資收入,range_overlap,2014,103,I6,I6,1,2.0,"1,000-1,999 元",2.0,"1,000-1,999 元",exact_range,包含您本人，全家每個月的「存款利息、跟會利息、股票利息、各種投資利息」總收入是多少？,question_options_103.csv,91 無獨立家庭利息投資題。 103基準題號：I6。,mapping_relation=exact_range; total_rule=source_question
build_income_expenditure_crosswalk.py,INC_FAM_INTEREST,家庭收入,INC_FAM_INTEREST,家庭利息與投資收入,range_overlap,2014,103,I6,I6,2,2.0,"1,000-1,999 元",13.0,沒有這項收入 附1-5,text_only_review,包含您本人，全家每個月的「存款利息、跟會利息、股票利息、各種投資利息」總收入是多少？,question_options_103.csv,91 無獨立家庭利息投資題。 103基準題號：I6。,mapping_relation=text_only_review; total_rule=source_question
build_income_expenditure_crosswalk.py,INC_FAM_INTEREST,家庭收入,INC_FAM_INTEREST,家庭利息與投資收入,range_overlap,2014,103,I6,I6,1,3.0,"2,000-2,999 元",3.0,"2,000-2,999 元",exact_range,包含您本人，全家每個月的「存款利息、跟會利息、股票利息、各種投資利息」總收入是多少？,question_options_103.csv,91 無獨立家庭利息投資題。 103基準題號：I6。,mapping_relation=exact_range; total_rule=source_question
build_income_expenditure_crosswalk.py,INC_FAM_INTEREST,家庭收入,INC_FAM_INTEREST,家庭利息與投資收入,range_overlap,2014,103,I6,I6,2,3.0,"2,000-2,999 元",13.0,沒有這項收入 附1-5,text_only_review,包含您本人，全家每個月的「存款利息、跟會利息、股票利息、各種投資利息」總收入是多少？,question_options_103.csv,91 無獨立家庭利息投資題。 103基準題號：I6。,mapping_relation=text_only_review; total_rule=source_question
build_income_expenditure_crosswalk.py,INC_FAM_INTEREST,家庭收入,INC_FAM_INTEREST,家庭利息與投資收入,range_overlap,2014,103,I6,I6,1,4.0,"3,000-3,999 元",4.0,"3,000-3,999 元",exact_range,包含您本人，全家每個月的「存款利息、跟會利息、股票利息、各種投資利息」總收入是多少？,question_options_103.csv,91 無獨立家庭利息投資題。 103基準題號：I6。,mapping_relation=exact_range; total_rule=source_question
build_income_expenditure_crosswalk.py,INC_FAM_INTEREST,家庭收入,INC_FAM_INTEREST,家庭利息與投資收入,range_overlap,2014,103,I6,I6,2,4.0,"3,000-3,999 元",13.0,沒有這項收入 附1-5,text_only_review,包含您本人，全家每個月的「存款利息、跟會利息、股票利息、各種投資利息」總收入是多少？,question_options_103.csv,91 無獨立家庭利息投資題。 103基準題號：I6。,mapping_relation=text_only_review; total_rule=source_question
build_income_expenditure_crosswalk.py,INC_FAM_INTEREST,家庭收入,INC_FAM_INTEREST,家庭利息與投資收入,range_overlap,2014,103,I6,I6,1,5.0,"4,000-4,999 元",5.0,"4,000-4,999 元",exact_range,包含您本人，全家每個月的「存款利息、跟會利息、股票利息、各種投資利息」總收入是多少？,question_options_103.csv,91 無獨立家庭利息投資題。 103基準題號：I6。,mapping_relation=exact_range; total_rule=source_question
build_income_expenditure_crosswalk.py,INC_FAM_INTEREST,家庭收入,INC_FAM_INTEREST,家庭利息與投資收入,range_overlap,2014,103,I6,I6,2,5.0,"4,000-4,999 元",13.0,沒有這項收入 附1-5,text_only_review,包含您本人，全家每個月的「存款利息、跟會利息、股票利息、各種投資利息」總收入是多少？,question_options_103.csv,91 無獨立家庭利息投資題。 103基準題號：I6。,mapping_relation=text_only_review; total_rule=source_question
build_income_expenditure_crosswalk.py,INC_FAM_INTEREST,家庭收入,INC_FAM_INTEREST,家庭利息與投資收入,range_overlap,2014,103,I6,I6,1,6.0,"5,000-5,999 元",6.0,"5,000-5,999 元",exact_range,包含您本人，全家每個月的「存款利息、跟會利息、股票利息、各種投資利息」總收入是多少？,question_options_103.csv,91 無獨立家庭利息投資題。 103基準題號：I6。,mapping_relation=exact_range; total_rule=source_question
build_income_expenditure_crosswalk.py,INC_FAM_INTEREST,家庭收入,INC_FAM_INTEREST,家庭利息與投資收入,range_overlap,2014,103,I6,I6,2,6.0,"5,000-5,999 元",13.0,沒有這項收入 附1-5,text_only_review,包含您本人，全家每個月的「存款利息、跟會利息、股票利息、各種投資利息」總收入是多少？,question_options_103.csv,91 無獨立家庭利息投資題。 103基準題號：I6。,mapping_relation=text_only_review; total_rule=source_question
build_income_expenditure_crosswalk.py,INC_FAM_INTEREST,家庭收入,INC_FAM_INTEREST,家庭利息與投資收入,range_overlap,2014,103,I6,I6,1,7.0,"6,000-7,999 元",7.0,"6,000-7,999 元",exact_range,包含您本人，全家每個月的「存款利息、跟會利息、股票利息、各種投資利息」總收入是多少？,question_options_103.csv,91 無獨立家庭利息投資題。 103基準題號：I6。,mapping_relation=exact_range; total_rule=source_question
build_income_expenditure_crosswalk.py,INC_FAM_INTEREST,家庭收入,INC_FAM_INTEREST,家庭利息與投資收入,range_overlap,2014,103,I6,I6,2,7.0,"6,000-7,999 元",13.0,沒有這項收入 附1-5,text_only_review,包含您本人，全家每個月的「存款利息、跟會利息、股票利息、各種投資利息」總收入是多少？,question_options_103.csv,91 無獨立家庭利息投資題。 103基準題號：I6。,mapping_relation=text_only_review; total_rule=source_question
build_income_expenditure_crosswalk.py,INC_FAM_INTEREST,家庭收入,INC_FAM_INTEREST,家庭利息與投資收入,range_overlap,2014,103,I6,I6,1,8.0,"8,000-9,999 元",8.0,"8,000-9,999 元",exact_range,包含您本人，全家每個月的「存款利息、跟會利息、股票利息、各種投資利息」總收入是多少？,question_options_103.csv,91 無獨立家庭利息投資題。 103基準題號：I6。,mapping_relation=exact_range; total_rule=source_question
build_income_expenditure_crosswalk.py,INC_FAM_INTEREST,家庭收入,INC_FAM_INTEREST,家庭利息與投資收入,range_overlap,2014,103,I6,I6,2,8.0,"8,000-9,999 元",13.0,沒有這項收入 附1-5,text_only_review,包含您本人，全家每個月的「存款利息、跟會利息、股票利息、各種投資利息」總收入是多少？,question_options_103.csv,91 無獨立家庭利息投資題。 103基準題號：I6。,mapping_relation=text_only_review; total_rule=source_question
build_income_expenditure_crosswalk.py,INC_FAM_INTEREST,家庭收入,INC_FAM_INTEREST,家庭利息與投資收入,range_overlap,2014,103,I6,I6,1,9.0,"10,000-14,999 元",9.0,"10,000-14,999 元",exact_range,包含您本人，全家每個月的「存款利息、跟會利息、股票利息、各種投資利息」總收入是多少？,question_options_103.csv,91 無獨立家庭利息投資題。 103基準題號：I6。,mapping_relation=exact_range; total_rule=source_question
build_income_expenditure_crosswalk.py,INC_FAM_INTEREST,家庭收入,INC_FAM_INTEREST,家庭利息與投資收入,range_overlap,2014,103,I6,I6,2,9.0,"10,000-14,999 元",13.0,沒有這項收入 附1-5,text_only_review,包含您本人，全家每個月的「存款利息、跟會利息、股票利息、各種投資利息」總收入是多少？,question_options_103.csv,91 無獨立家庭利息投資題。 103基準題號：I6。,mapping_relation=text_only_review; total_rule=source_question
build_income_expenditure_crosswalk.py,INC_FAM_INTEREST,家庭收入,INC_FAM_INTEREST,家庭利息與投資收入,range_overlap,2014,103,I6,I6,1,10.0,"15,000-19,999 元",10.0,"15,000-19,999 元",exact_range,包含您本人，全家每個月的「存款利息、跟會利息、股票利息、各種投資利息」總收入是多少？,question_options_103.csv,91 無獨立家庭利息投資題。 103基準題號：I6。,mapping_relation=exact_range; total_rule=source_question
build_income_expenditure_crosswalk.py,INC_FAM_INTEREST,家庭收入,INC_FAM_INTEREST,家庭利息與投資收入,range_overlap,2014,103,I6,I6,2,10.0,"15,000-19,999 元",13.0,沒有這項收入 附1-5,text_only_review,包含您本人，全家每個月的「存款利息、跟會利息、股票利息、各種投資利息」總收入是多少？,question_options_103.csv,91 無獨立家庭利息投資題。 103基準題號：I6。,mapping_relation=text_only_review; total_rule=source_question
build_income_expenditure_crosswalk.py,INC_FAM_INTEREST,家庭收入,INC_FAM_INTEREST,家庭利息與投資收入,range_overlap,2014,103,I6,I6,1,11.0,"20,000-29,999 元",11.0,"20,000-29,999 元",exact_range,包含您本人，全家每個月的「存款利息、跟會利息、股票利息、各種投資利息」總收入是多少？,question_options_103.csv,91 無獨立家庭利息投資題。 103基準題號：I6。,mapping_relation=exact_range; total_rule=source_question
build_income_expenditure_crosswalk.py,INC_FAM_INTEREST,家庭收入,INC_FAM_INTEREST,家庭利息與投資收入,range_overlap,2014,103,I6,I6,2,11.0,"20,000-29,999 元",13.0,沒有這項收入 附1-5,text_only_review,包含您本人，全家每個月的「存款利息、跟會利息、股票利息、各種投資利息」總收入是多少？,question_options_103.csv,91 無獨立家庭利息投資題。 103基準題號：I6。,mapping_relation=text_only_review; total_rule=source_question
build_income_expenditure_crosswalk.py,INC_FAM_INTEREST,家庭收入,INC_FAM_INTEREST,家庭利息與投資收入,range_overlap,2014,103,I6,I6,1,12.0,"30,000 元及以上，請記錄________元",12.0,"30,000 元及以上，請記錄________元",exact_open_upper,包含您本人，全家每個月的「存款利息、跟會利息、股票利息、各種投資利息」總收入是多少？,question_options_103.csv,91 無獨立家庭利息投資題。 103基準題號：I6。,mapping_relation=exact_open_upper; total_rule=source_question
build_income_expenditure_crosswalk.py,INC_FAM_INTEREST,家庭收入,INC_FAM_INTEREST,家庭利息與投資收入,range_overlap,2014,103,I6,I6,2,12.0,"30,000 元及以上，請記錄________元",13.0,沒有這項收入 附1-5,text_only_review,包含您本人，全家每個月的「存款利息、跟會利息、股票利息、各種投資利息」總收入是多少？,question_options_103.csv,91 無獨立家庭利息投資題。 103基準題號：I6。,mapping_relation=text_only_review; total_rule=source_question
build_income_expenditure_crosswalk.py,INC_FAM_INTEREST,家庭收入,INC_FAM_INTEREST,家庭利息與投資收入,range_overlap,2014,103,I6,I6,1,13.0,沒有這項收入 附1-5,1.0,999 元及以下,text_only_review,包含您本人，全家每個月的「存款利息、跟會利息、股票利息、各種投資利息」總收入是多少？,question_options_103.csv,91 無獨立家庭利息投資題。 103基準題號：I6。,mapping_relation=text_only_review; total_rule=source_question
build_income_expenditure_crosswalk.py,INC_FAM_INTEREST,家庭收入,INC_FAM_INTEREST,家庭利息與投資收入,range_overlap,2014,103,I6,I6,2,13.0,沒有這項收入 附1-5,2.0,"1,000-1,999 元",text_only_review,包含您本人，全家每個月的「存款利息、跟會利息、股票利息、各種投資利息」總收入是多少？,question_options_103.csv,91 無獨立家庭利息投資題。 103基準題號：I6。,mapping_relation=text_only_review; total_rule=source_question
build_income_expenditure_crosswalk.py,INC_FAM_INTEREST,家庭收入,INC_FAM_INTEREST,家庭利息與投資收入,range_overlap,2014,103,I6,I6,3,13.0,沒有這項收入 附1-5,3.0,"2,000-2,999 元",text_only_review,包含您本人，全家每個月的「存款利息、跟會利息、股票利息、各種投資利息」總收入是多少？,question_options_103.csv,91 無獨立家庭利息投資題。 103基準題號：I6。,mapping_relation=text_only_review; total_rule=source_question
build_income_expenditure_crosswalk.py,INC_FAM_INTEREST,家庭收入,INC_FAM_INTEREST,家庭利息與投資收入,range_overlap,2014,103,I6,I6,4,13.0,沒有這項收入 附1-5,4.0,"3,000-3,999 元",text_only_review,包含您本人，全家每個月的「存款利息、跟會利息、股票利息、各種投資利息」總收入是多少？,question_options_103.csv,91 無獨立家庭利息投資題。 103基準題號：I6。,mapping_relation=text_only_review; total_rule=source_question
build_income_expenditure_crosswalk.py,INC_FAM_INTEREST,家庭收入,INC_FAM_INTEREST,家庭利息與投資收入,range_overlap,2014,103,I6,I6,5,13.0,沒有這項收入 附1-5,5.0,"4,000-4,999 元",text_only_review,包含您本人，全家每個月的「存款利息、跟會利息、股票利息、各種投資利息」總收入是多少？,question_options_103.csv,91 無獨立家庭利息投資題。 103基準題號：I6。,mapping_relation=text_only_review; total_rule=source_question
build_income_expenditure_crosswalk.py,INC_FAM_INTEREST,家庭收入,INC_FAM_INTEREST,家庭利息與投資收入,range_overlap,2014,103,I6,I6,6,13.0,沒有這項收入 附1-5,6.0,"5,000-5,999 元",text_only_review,包含您本人，全家每個月的「存款利息、跟會利息、股票利息、各種投資利息」總收入是多少？,question_options_103.csv,91 無獨立家庭利息投資題。 103基準題號：I6。,mapping_relation=text_only_review; total_rule=source_question
build_income_expenditure_crosswalk.py,INC_FAM_INTEREST,家庭收入,INC_FAM_INTEREST,家庭利息與投資收入,range_overlap,2014,103,I6,I6,7,13.0,沒有這項收入 附1-5,7.0,"6,000-7,999 元",text_only_review,包含您本人，全家每個月的「存款利息、跟會利息、股票利息、各種投資利息」總收入是多少？,question_options_103.csv,91 無獨立家庭利息投資題。 103基準題號：I6。,mapping_relation=text_only_review; total_rule=source_question
build_income_expenditure_crosswalk.py,INC_FAM_INTEREST,家庭收入,INC_FAM_INTEREST,家庭利息與投資收入,range_overlap,2014,103,I6,I6,8,13.0,沒有這項收入 附1-5,8.0,"8,000-9,999 元",text_only_review,包含您本人，全家每個月的「存款利息、跟會利息、股票利息、各種投資利息」總收入是多少？,question_options_103.csv,91 無獨立家庭利息投資題。 103基準題號：I6。,mapping_relation=text_only_review; total_rule=source_question
build_income_expenditure_crosswalk.py,INC_FAM_INTEREST,家庭收入,INC_FAM_INTEREST,家庭利息與投資收入,range_overlap,2014,103,I6,I6,9,13.0,沒有這項收入 附1-5,9.0,"10,000-14,999 元",text_only_review,包含您本人，全家每個月的「存款利息、跟會利息、股票利息、各種投資利息」總收入是多少？,question_options_103.csv,91 無獨立家庭利息投資題。 103基準題號：I6。,mapping_relation=text_only_review; total_rule=source_question
build_income_expenditure_crosswalk.py,INC_FAM_INTEREST,家庭收入,INC_FAM_INTEREST,家庭利息與投資收入,range_overlap,2014,103,I6,I6,10,13.0,沒有這項收入 附1-5,10.0,"15,000-19,999 元",text_only_review,包含您本人，全家每個月的「存款利息、跟會利息、股票利息、各種投資利息」總收入是多少？,question_options_103.csv,91 無獨立家庭利息投資題。 103基準題號：I6。,mapping_relation=text_only_review; total_rule=source_question
build_income_expenditure_crosswalk.py,INC_FAM_INTEREST,家庭收入,INC_FAM_INTEREST,家庭利息與投資收入,range_overlap,2014,103,I6,I6,11,13.0,沒有這項收入 附1-5,11.0,"20,000-29,999 元",text_only_review,包含您本人，全家每個月的「存款利息、跟會利息、股票利息、各種投資利息」總收入是多少？,question_options_103.csv,91 無獨立家庭利息投資題。 103基準題號：I6。,mapping_relation=text_only_review; total_rule=source_question
build_income_expenditure_crosswalk.py,INC_FAM_INTEREST,家庭收入,INC_FAM_INTEREST,家庭利息與投資收入,range_overlap,2014,103,I6,I6,12,13.0,沒有這項收入 附1-5,12.0,"30,000 元及以上，請記錄________元",text_only_review,包含您本人，全家每個月的「存款利息、跟會利息、股票利息、各種投資利息」總收入是多少？,question_options_103.csv,91 無獨立家庭利息投資題。 103基準題號：I6。,mapping_relation=text_only_review; total_rule=source_question
build_income_expenditure_crosswalk.py,INC_FAM_INTEREST,家庭收入,INC_FAM_INTEREST,家庭利息與投資收入,range_overlap,2014,103,I6,I6,13,13.0,沒有這項收入 附1-5,13.0,沒有這項收入 附1-5,text_only_review,包含您本人，全家每個月的「存款利息、跟會利息、股票利息、各種投資利息」總收入是多少？,question_options_103.csv,91 無獨立家庭利息投資題。 103基準題號：I6。,mapping_relation=text_only_review; total_rule=source_question
build_income_expenditure_crosswalk.py,INC_FAM_INTEREST,家庭收入,INC_FAM_INTEREST,家庭利息與投資收入,range_overlap,2017,106,L6,I6,1,1.0,"未滿1,000元",1.0,999 元及以下,exact_range,包含經濟戶長本人，全家每個月的「存款利息、跟會利息、股票利息、各種投資利息」總收入是,question_options_106.csv,91 無獨立家庭利息投資題。 103基準題號：I6。,mapping_relation=exact_range; total_rule=source_question
build_income_expenditure_crosswalk.py,INC_FAM_INTEREST,家庭收入,INC_FAM_INTEREST,家庭利息與投資收入,range_overlap,2017,106,L6,I6,2,1.0,"未滿1,000元",13.0,沒有這項收入 附1-5,text_only_review,包含經濟戶長本人，全家每個月的「存款利息、跟會利息、股票利息、各種投資利息」總收入是,question_options_106.csv,91 無獨立家庭利息投資題。 103基準題號：I6。,mapping_relation=text_only_review; total_rule=source_question
build_income_expenditure_crosswalk.py,INC_FAM_INTEREST,家庭收入,INC_FAM_INTEREST,家庭利息與投資收入,range_overlap,2017,106,L6,I6,1,2.0,"1,000 元-未滿2,000元",2.0,"1,000-1,999 元",exact_range,包含經濟戶長本人，全家每個月的「存款利息、跟會利息、股票利息、各種投資利息」總收入是,question_options_106.csv,91 無獨立家庭利息投資題。 103基準題號：I6。,mapping_relation=exact_range; total_rule=source_question
build_income_expenditure_crosswalk.py,INC_FAM_INTEREST,家庭收入,INC_FAM_INTEREST,家庭利息與投資收入,range_overlap,2017,106,L6,I6,2,2.0,"1,000 元-未滿2,000元",13.0,沒有這項收入 附1-5,text_only_review,包含經濟戶長本人，全家每個月的「存款利息、跟會利息、股票利息、各種投資利息」總收入是,question_options_106.csv,91 無獨立家庭利息投資題。 103基準題號：I6。,mapping_relation=text_only_review; total_rule=source_question
build_income_expenditure_crosswalk.py,INC_FAM_INTEREST,家庭收入,INC_FAM_INTEREST,家庭利息與投資收入,range_overlap,2017,106,L6,I6,1,3.0,"2,000 元-未滿3,000元",3.0,"2,000-2,999 元",exact_range,包含經濟戶長本人，全家每個月的「存款利息、跟會利息、股票利息、各種投資利息」總收入是,question_options_106.csv,91 無獨立家庭利息投資題。 103基準題號：I6。,mapping_relation=exact_range; total_rule=source_question
build_income_expenditure_crosswalk.py,INC_FAM_INTEREST,家庭收入,INC_FAM_INTEREST,家庭利息與投資收入,range_overlap,2017,106,L6,I6,2,3.0,"2,000 元-未滿3,000元",13.0,沒有這項收入 附1-5,text_only_review,包含經濟戶長本人，全家每個月的「存款利息、跟會利息、股票利息、各種投資利息」總收入是,question_options_106.csv,91 無獨立家庭利息投資題。 103基準題號：I6。,mapping_relation=text_only_review; total_rule=source_question
build_income_expenditure_crosswalk.py,INC_FAM_INTEREST,家庭收入,INC_FAM_INTEREST,家庭利息與投資收入,range_overlap,2017,106,L6,I6,1,4.0,"3,000 元-未滿4,000元",4.0,"3,000-3,999 元",exact_range,包含經濟戶長本人，全家每個月的「存款利息、跟會利息、股票利息、各種投資利息」總收入是,question_options_106.csv,91 無獨立家庭利息投資題。 103基準題號：I6。,mapping_relation=exact_range; total_rule=source_question
build_income_expenditure_crosswalk.py,INC_FAM_INTEREST,家庭收入,INC_FAM_INTEREST,家庭利息與投資收入,range_overlap,2017,106,L6,I6,2,4.0,"3,000 元-未滿4,000元",13.0,沒有這項收入 附1-5,text_only_review,包含經濟戶長本人，全家每個月的「存款利息、跟會利息、股票利息、各種投資利息」總收入是,question_options_106.csv,91 無獨立家庭利息投資題。 103基準題號：I6。,mapping_relation=text_only_review; total_rule=source_question
build_income_expenditure_crosswalk.py,INC_FAM_INTEREST,家庭收入,INC_FAM_INTEREST,家庭利息與投資收入,range_overlap,2017,106,L6,I6,1,5.0,"4,000 元-未滿5,000元",5.0,"4,000-4,999 元",exact_range,包含經濟戶長本人，全家每個月的「存款利息、跟會利息、股票利息、各種投資利息」總收入是,question_options_106.csv,91 無獨立家庭利息投資題。 103基準題號：I6。,mapping_relation=exact_range; total_rule=source_question
build_income_expenditure_crosswalk.py,INC_FAM_INTEREST,家庭收入,INC_FAM_INTEREST,家庭利息與投資收入,range_overlap,2017,106,L6,I6,2,5.0,"4,000 元-未滿5,000元",13.0,沒有這項收入 附1-5,text_only_review,包含經濟戶長本人，全家每個月的「存款利息、跟會利息、股票利息、各種投資利息」總收入是,question_options_106.csv,91 無獨立家庭利息投資題。 103基準題號：I6。,mapping_relation=text_only_review; total_rule=source_question
build_income_expenditure_crosswalk.py,INC_FAM_INTEREST,家庭收入,INC_FAM_INTEREST,家庭利息與投資收入,range_overlap,2017,106,L6,I6,1,6.0,"5,000 元-未滿6,000元",6.0,"5,000-5,999 元",exact_range,包含經濟戶長本人，全家每個月的「存款利息、跟會利息、股票利息、各種投資利息」總收入是,question_options_106.csv,91 無獨立家庭利息投資題。 103基準題號：I6。,mapping_relation=exact_range; total_rule=source_question
build_income_expenditure_crosswalk.py,INC_FAM_INTEREST,家庭收入,INC_FAM_INTEREST,家庭利息與投資收入,range_overlap,2017,106,L6,I6,2,6.0,"5,000 元-未滿6,000元",13.0,沒有這項收入 附1-5,text_only_review,包含經濟戶長本人，全家每個月的「存款利息、跟會利息、股票利息、各種投資利息」總收入是,question_options_106.csv,91 無獨立家庭利息投資題。 103基準題號：I6。,mapping_relation=text_only_review; total_rule=source_question
build_income_expenditure_crosswalk.py,INC_FAM_INTEREST,家庭收入,INC_FAM_INTEREST,家庭利息與投資收入,range_overlap,2017,106,L6,I6,1,7.0,"6,000 元-未滿8,000元",7.0,"6,000-7,999 元",exact_range,包含經濟戶長本人，全家每個月的「存款利息、跟會利息、股票利息、各種投資利息」總收入是,question_options_106.csv,91 無獨立家庭利息投資題。 103基準題號：I6。,mapping_relation=exact_range; total_rule=source_question
build_income_expenditure_crosswalk.py,INC_FAM_INTEREST,家庭收入,INC_FAM_INTEREST,家庭利息與投資收入,range_overlap,2017,106,L6,I6,2,7.0,"6,000 元-未滿8,000元",13.0,沒有這項收入 附1-5,text_only_review,包含經濟戶長本人，全家每個月的「存款利息、跟會利息、股票利息、各種投資利息」總收入是,question_options_106.csv,91 無獨立家庭利息投資題。 103基準題號：I6。,mapping_relation=text_only_review; total_rule=source_question
build_income_expenditure_crosswalk.py,INC_FAM_INTEREST,家庭收入,INC_FAM_INTEREST,家庭利息與投資收入,range_overlap,2017,106,L6,I6,1,8.0,"8,000 元-未滿10,000元",8.0,"8,000-9,999 元",exact_range,包含經濟戶長本人，全家每個月的「存款利息、跟會利息、股票利息、各種投資利息」總收入是,question_options_106.csv,91 無獨立家庭利息投資題。 103基準題號：I6。,mapping_relation=exact_range; total_rule=source_question
build_income_expenditure_crosswalk.py,INC_FAM_INTEREST,家庭收入,INC_FAM_INTEREST,家庭利息與投資收入,range_overlap,2017,106,L6,I6,2,8.0,"8,000 元-未滿10,000元",13.0,沒有這項收入 附1-5,text_only_review,包含經濟戶長本人，全家每個月的「存款利息、跟會利息、股票利息、各種投資利息」總收入是,question_options_106.csv,91 無獨立家庭利息投資題。 103基準題號：I6。,mapping_relation=text_only_review; total_rule=source_question
build_income_expenditure_crosswalk.py,INC_FAM_INTEREST,家庭收入,INC_FAM_INTEREST,家庭利息與投資收入,range_overlap,2017,106,L6,I6,1,9.0,"10,000元-未滿15,000元",9.0,"10,000-14,999 元",exact_range,包含經濟戶長本人，全家每個月的「存款利息、跟會利息、股票利息、各種投資利息」總收入是,question_options_106.csv,91 無獨立家庭利息投資題。 103基準題號：I6。,mapping_relation=exact_range; total_rule=source_question
build_income_expenditure_crosswalk.py,INC_FAM_INTEREST,家庭收入,INC_FAM_INTEREST,家庭利息與投資收入,range_overlap,2017,106,L6,I6,2,9.0,"10,000元-未滿15,000元",13.0,沒有這項收入 附1-5,text_only_review,包含經濟戶長本人，全家每個月的「存款利息、跟會利息、股票利息、各種投資利息」總收入是,question_options_106.csv,91 無獨立家庭利息投資題。 103基準題號：I6。,mapping_relation=text_only_review; total_rule=source_question
build_income_expenditure_crosswalk.py,INC_FAM_INTEREST,家庭收入,INC_FAM_INTEREST,家庭利息與投資收入,range_overlap,2017,106,L6,I6,1,10.0,"15,000元-未滿20,000元",10.0,"15,000-19,999 元",exact_range,包含經濟戶長本人，全家每個月的「存款利息、跟會利息、股票利息、各種投資利息」總收入是,question_options_106.csv,91 無獨立家庭利息投資題。 103基準題號：I6。,mapping_relation=exact_range; total_rule=source_question
build_income_expenditure_crosswalk.py,INC_FAM_INTEREST,家庭收入,INC_FAM_INTEREST,家庭利息與投資收入,range_overlap,2017,106,L6,I6,2,10.0,"15,000元-未滿20,000元",13.0,沒有這項收入 附1-5,text_only_review,包含經濟戶長本人，全家每個月的「存款利息、跟會利息、股票利息、各種投資利息」總收入是,question_options_106.csv,91 無獨立家庭利息投資題。 103基準題號：I6。,mapping_relation=text_only_review; total_rule=source_question
build_income_expenditure_crosswalk.py,INC_FAM_INTEREST,家庭收入,INC_FAM_INTEREST,家庭利息與投資收入,range_overlap,2017,106,L6,I6,1,11.0,"20,000元-未滿30,000元",11.0,"20,000-29,999 元",exact_range,包含經濟戶長本人，全家每個月的「存款利息、跟會利息、股票利息、各種投資利息」總收入是,question_options_106.csv,91 無獨立家庭利息投資題。 103基準題號：I6。,mapping_relation=exact_range; total_rule=source_question
build_income_expenditure_crosswalk.py,INC_FAM_INTEREST,家庭收入,INC_FAM_INTEREST,家庭利息與投資收入,range_overlap,2017,106,L6,I6,2,11.0,"20,000元-未滿30,000元",13.0,沒有這項收入 附1-5,text_only_review,包含經濟戶長本人，全家每個月的「存款利息、跟會利息、股票利息、各種投資利息」總收入是,question_options_106.csv,91 無獨立家庭利息投資題。 103基準題號：I6。,mapping_relation=text_only_review; total_rule=source_question
build_income_expenditure_crosswalk.py,INC_FAM_INTEREST,家庭收入,INC_FAM_INTEREST,家庭利息與投資收入,range_overlap,2017,106,L6,I6,1,12.0,"30,000元以上，請記錄________元",12.0,"30,000 元及以上，請記錄________元",exact_open_upper,包含經濟戶長本人，全家每個月的「存款利息、跟會利息、股票利息、各種投資利息」總收入是,question_options_106.csv,91 無獨立家庭利息投資題。 103基準題號：I6。,mapping_relation=exact_open_upper; total_rule=source_question
build_income_expenditure_crosswalk.py,INC_FAM_INTEREST,家庭收入,INC_FAM_INTEREST,家庭利息與投資收入,range_overlap,2017,106,L6,I6,2,12.0,"30,000元以上，請記錄________元",13.0,沒有這項收入 附1-5,text_only_review,包含經濟戶長本人，全家每個月的「存款利息、跟會利息、股票利息、各種投資利息」總收入是,question_options_106.csv,91 無獨立家庭利息投資題。 103基準題號：I6。,mapping_relation=text_only_review; total_rule=source_question
build_income_expenditure_crosswalk.py,INC_FAM_INTEREST,家庭收入,INC_FAM_INTEREST,家庭利息與投資收入,range_overlap,2017,106,L6,I6,1,13.0,沒有這項收入 9,1.0,999 元及以下,text_only_review,包含經濟戶長本人，全家每個月的「存款利息、跟會利息、股票利息、各種投資利息」總收入是,question_options_106.csv,91 無獨立家庭利息投資題。 103基準題號：I6。,mapping_relation=text_only_review; total_rule=source_question
build_income_expenditure_crosswalk.py,INC_FAM_INTEREST,家庭收入,INC_FAM_INTEREST,家庭利息與投資收入,range_overlap,2017,106,L6,I6,2,13.0,沒有這項收入 9,2.0,"1,000-1,999 元",text_only_review,包含經濟戶長本人，全家每個月的「存款利息、跟會利息、股票利息、各種投資利息」總收入是,question_options_106.csv,91 無獨立家庭利息投資題。 103基準題號：I6。,mapping_relation=text_only_review; total_rule=source_question
build_income_expenditure_crosswalk.py,INC_FAM_INTEREST,家庭收入,INC_FAM_INTEREST,家庭利息與投資收入,range_overlap,2017,106,L6,I6,3,13.0,沒有這項收入 9,3.0,"2,000-2,999 元",text_only_review,包含經濟戶長本人，全家每個月的「存款利息、跟會利息、股票利息、各種投資利息」總收入是,question_options_106.csv,91 無獨立家庭利息投資題。 103基準題號：I6。,mapping_relation=text_only_review; total_rule=source_question
build_income_expenditure_crosswalk.py,INC_FAM_INTEREST,家庭收入,INC_FAM_INTEREST,家庭利息與投資收入,range_overlap,2017,106,L6,I6,4,13.0,沒有這項收入 9,4.0,"3,000-3,999 元",text_only_review,包含經濟戶長本人，全家每個月的「存款利息、跟會利息、股票利息、各種投資利息」總收入是,question_options_106.csv,91 無獨立家庭利息投資題。 103基準題號：I6。,mapping_relation=text_only_review; total_rule=source_question
build_income_expenditure_crosswalk.py,INC_FAM_INTEREST,家庭收入,INC_FAM_INTEREST,家庭利息與投資收入,range_overlap,2017,106,L6,I6,5,13.0,沒有這項收入 9,5.0,"4,000-4,999 元",text_only_review,包含經濟戶長本人，全家每個月的「存款利息、跟會利息、股票利息、各種投資利息」總收入是,question_options_106.csv,91 無獨立家庭利息投資題。 103基準題號：I6。,mapping_relation=text_only_review; total_rule=source_question
build_income_expenditure_crosswalk.py,INC_FAM_INTEREST,家庭收入,INC_FAM_INTEREST,家庭利息與投資收入,range_overlap,2017,106,L6,I6,6,13.0,沒有這項收入 9,6.0,"5,000-5,999 元",text_only_review,包含經濟戶長本人，全家每個月的「存款利息、跟會利息、股票利息、各種投資利息」總收入是,question_options_106.csv,91 無獨立家庭利息投資題。 103基準題號：I6。,mapping_relation=text_only_review; total_rule=source_question
build_income_expenditure_crosswalk.py,INC_FAM_INTEREST,家庭收入,INC_FAM_INTEREST,家庭利息與投資收入,range_overlap,2017,106,L6,I6,7,13.0,沒有這項收入 9,7.0,"6,000-7,999 元",text_only_review,包含經濟戶長本人，全家每個月的「存款利息、跟會利息、股票利息、各種投資利息」總收入是,question_options_106.csv,91 無獨立家庭利息投資題。 103基準題號：I6。,mapping_relation=text_only_review; total_rule=source_question
build_income_expenditure_crosswalk.py,INC_FAM_INTEREST,家庭收入,INC_FAM_INTEREST,家庭利息與投資收入,range_overlap,2017,106,L6,I6,8,13.0,沒有這項收入 9,8.0,"8,000-9,999 元",text_only_review,包含經濟戶長本人，全家每個月的「存款利息、跟會利息、股票利息、各種投資利息」總收入是,question_options_106.csv,91 無獨立家庭利息投資題。 103基準題號：I6。,mapping_relation=text_only_review; total_rule=source_question
build_income_expenditure_crosswalk.py,INC_FAM_INTEREST,家庭收入,INC_FAM_INTEREST,家庭利息與投資收入,range_overlap,2017,106,L6,I6,9,13.0,沒有這項收入 9,9.0,"10,000-14,999 元",text_only_review,包含經濟戶長本人，全家每個月的「存款利息、跟會利息、股票利息、各種投資利息」總收入是,question_options_106.csv,91 無獨立家庭利息投資題。 103基準題號：I6。,mapping_relation=text_only_review; total_rule=source_question
build_income_expenditure_crosswalk.py,INC_FAM_INTEREST,家庭收入,INC_FAM_INTEREST,家庭利息與投資收入,range_overlap,2017,106,L6,I6,10,13.0,沒有這項收入 9,10.0,"15,000-19,999 元",text_only_review,包含經濟戶長本人，全家每個月的「存款利息、跟會利息、股票利息、各種投資利息」總收入是,question_options_106.csv,91 無獨立家庭利息投資題。 103基準題號：I6。,mapping_relation=text_only_review; total_rule=source_question
build_income_expenditure_crosswalk.py,INC_FAM_INTEREST,家庭收入,INC_FAM_INTEREST,家庭利息與投資收入,range_overlap,2017,106,L6,I6,11,13.0,沒有這項收入 9,11.0,"20,000-29,999 元",text_only_review,包含經濟戶長本人，全家每個月的「存款利息、跟會利息、股票利息、各種投資利息」總收入是,question_options_106.csv,91 無獨立家庭利息投資題。 103基準題號：I6。,mapping_relation=text_only_review; total_rule=source_question
build_income_expenditure_crosswalk.py,INC_FAM_INTEREST,家庭收入,INC_FAM_INTEREST,家庭利息與投資收入,range_overlap,2017,106,L6,I6,12,13.0,沒有這項收入 9,12.0,"30,000 元及以上，請記錄________元",text_only_review,包含經濟戶長本人，全家每個月的「存款利息、跟會利息、股票利息、各種投資利息」總收入是,question_options_106.csv,91 無獨立家庭利息投資題。 103基準題號：I6。,mapping_relation=text_only_review; total_rule=source_question
build_income_expenditure_crosswalk.py,INC_FAM_INTEREST,家庭收入,INC_FAM_INTEREST,家庭利息與投資收入,range_overlap,2017,106,L6,I6,13,13.0,沒有這項收入 9,13.0,沒有這項收入 附1-5,text_only_review,包含經濟戶長本人，全家每個月的「存款利息、跟會利息、股票利息、各種投資利息」總收入是,question_options_106.csv,91 無獨立家庭利息投資題。 103基準題號：I6。,mapping_relation=text_only_review; total_rule=source_question
build_income_expenditure_crosswalk.py,INC_FAM_INTEREST,家庭收入,INC_FAM_INTEREST,家庭利息與投資收入,range_overlap,2021,110,G6,I6,1,1.0,"未滿1,000元",1.0,999 元及以下,exact_range,包含經濟戶長本人，全家每個月的「存款利息、跟會利息、股票利息、各種投資利息」總收入是,question_options_110.csv,91 無獨立家庭利息投資題。 103基準題號：I6。,mapping_relation=exact_range; total_rule=source_question
build_income_expenditure_crosswalk.py,INC_FAM_INTEREST,家庭收入,INC_FAM_INTEREST,家庭利息與投資收入,range_overlap,2021,110,G6,I6,2,1.0,"未滿1,000元",13.0,沒有這項收入 附1-5,text_only_review,包含經濟戶長本人，全家每個月的「存款利息、跟會利息、股票利息、各種投資利息」總收入是,question_options_110.csv,91 無獨立家庭利息投資題。 103基準題號：I6。,mapping_relation=text_only_review; total_rule=source_question
build_income_expenditure_crosswalk.py,INC_FAM_INTEREST,家庭收入,INC_FAM_INTEREST,家庭利息與投資收入,range_overlap,2021,110,G6,I6,1,2.0,"1,000 元-未滿2,000元",2.0,"1,000-1,999 元",exact_range,包含經濟戶長本人，全家每個月的「存款利息、跟會利息、股票利息、各種投資利息」總收入是,question_options_110.csv,91 無獨立家庭利息投資題。 103基準題號：I6。,mapping_relation=exact_range; total_rule=source_question
build_income_expenditure_crosswalk.py,INC_FAM_INTEREST,家庭收入,INC_FAM_INTEREST,家庭利息與投資收入,range_overlap,2021,110,G6,I6,2,2.0,"1,000 元-未滿2,000元",13.0,沒有這項收入 附1-5,text_only_review,包含經濟戶長本人，全家每個月的「存款利息、跟會利息、股票利息、各種投資利息」總收入是,question_options_110.csv,91 無獨立家庭利息投資題。 103基準題號：I6。,mapping_relation=text_only_review; total_rule=source_question
build_income_expenditure_crosswalk.py,INC_FAM_INTEREST,家庭收入,INC_FAM_INTEREST,家庭利息與投資收入,range_overlap,2021,110,G6,I6,1,3.0,"2,000 元-未滿3,000元",3.0,"2,000-2,999 元",exact_range,包含經濟戶長本人，全家每個月的「存款利息、跟會利息、股票利息、各種投資利息」總收入是,question_options_110.csv,91 無獨立家庭利息投資題。 103基準題號：I6。,mapping_relation=exact_range; total_rule=source_question
build_income_expenditure_crosswalk.py,INC_FAM_INTEREST,家庭收入,INC_FAM_INTEREST,家庭利息與投資收入,range_overlap,2021,110,G6,I6,2,3.0,"2,000 元-未滿3,000元",13.0,沒有這項收入 附1-5,text_only_review,包含經濟戶長本人，全家每個月的「存款利息、跟會利息、股票利息、各種投資利息」總收入是,question_options_110.csv,91 無獨立家庭利息投資題。 103基準題號：I6。,mapping_relation=text_only_review; total_rule=source_question
build_income_expenditure_crosswalk.py,INC_FAM_INTEREST,家庭收入,INC_FAM_INTEREST,家庭利息與投資收入,range_overlap,2021,110,G6,I6,1,4.0,"3,000 元-未滿4,000元",4.0,"3,000-3,999 元",exact_range,包含經濟戶長本人，全家每個月的「存款利息、跟會利息、股票利息、各種投資利息」總收入是,question_options_110.csv,91 無獨立家庭利息投資題。 103基準題號：I6。,mapping_relation=exact_range; total_rule=source_question
build_income_expenditure_crosswalk.py,INC_FAM_INTEREST,家庭收入,INC_FAM_INTEREST,家庭利息與投資收入,range_overlap,2021,110,G6,I6,2,4.0,"3,000 元-未滿4,000元",13.0,沒有這項收入 附1-5,text_only_review,包含經濟戶長本人，全家每個月的「存款利息、跟會利息、股票利息、各種投資利息」總收入是,question_options_110.csv,91 無獨立家庭利息投資題。 103基準題號：I6。,mapping_relation=text_only_review; total_rule=source_question
build_income_expenditure_crosswalk.py,INC_FAM_INTEREST,家庭收入,INC_FAM_INTEREST,家庭利息與投資收入,range_overlap,2021,110,G6,I6,1,5.0,"4,000 元-未滿5,000元",5.0,"4,000-4,999 元",exact_range,包含經濟戶長本人，全家每個月的「存款利息、跟會利息、股票利息、各種投資利息」總收入是,question_options_110.csv,91 無獨立家庭利息投資題。 103基準題號：I6。,mapping_relation=exact_range; total_rule=source_question
build_income_expenditure_crosswalk.py,INC_FAM_INTEREST,家庭收入,INC_FAM_INTEREST,家庭利息與投資收入,range_overlap,2021,110,G6,I6,2,5.0,"4,000 元-未滿5,000元",13.0,沒有這項收入 附1-5,text_only_review,包含經濟戶長本人，全家每個月的「存款利息、跟會利息、股票利息、各種投資利息」總收入是,question_options_110.csv,91 無獨立家庭利息投資題。 103基準題號：I6。,mapping_relation=text_only_review; total_rule=source_question
build_income_expenditure_crosswalk.py,INC_FAM_INTEREST,家庭收入,INC_FAM_INTEREST,家庭利息與投資收入,range_overlap,2021,110,G6,I6,1,6.0,"5,000 元-未滿6,000元",6.0,"5,000-5,999 元",exact_range,包含經濟戶長本人，全家每個月的「存款利息、跟會利息、股票利息、各種投資利息」總收入是,question_options_110.csv,91 無獨立家庭利息投資題。 103基準題號：I6。,mapping_relation=exact_range; total_rule=source_question
build_income_expenditure_crosswalk.py,INC_FAM_INTEREST,家庭收入,INC_FAM_INTEREST,家庭利息與投資收入,range_overlap,2021,110,G6,I6,2,6.0,"5,000 元-未滿6,000元",13.0,沒有這項收入 附1-5,text_only_review,包含經濟戶長本人，全家每個月的「存款利息、跟會利息、股票利息、各種投資利息」總收入是,question_options_110.csv,91 無獨立家庭利息投資題。 103基準題號：I6。,mapping_relation=text_only_review; total_rule=source_question
build_income_expenditure_crosswalk.py,INC_FAM_INTEREST,家庭收入,INC_FAM_INTEREST,家庭利息與投資收入,range_overlap,2021,110,G6,I6,1,7.0,"6,000 元-未滿8,000元",7.0,"6,000-7,999 元",exact_range,包含經濟戶長本人，全家每個月的「存款利息、跟會利息、股票利息、各種投資利息」總收入是,question_options_110.csv,91 無獨立家庭利息投資題。 103基準題號：I6。,mapping_relation=exact_range; total_rule=source_question
build_income_expenditure_crosswalk.py,INC_FAM_INTEREST,家庭收入,INC_FAM_INTEREST,家庭利息與投資收入,range_overlap,2021,110,G6,I6,2,7.0,"6,000 元-未滿8,000元",13.0,沒有這項收入 附1-5,text_only_review,包含經濟戶長本人，全家每個月的「存款利息、跟會利息、股票利息、各種投資利息」總收入是,question_options_110.csv,91 無獨立家庭利息投資題。 103基準題號：I6。,mapping_relation=text_only_review; total_rule=source_question
build_income_expenditure_crosswalk.py,INC_FAM_INTEREST,家庭收入,INC_FAM_INTEREST,家庭利息與投資收入,range_overlap,2021,110,G6,I6,1,8.0,"8,000 元-未滿10,000元",8.0,"8,000-9,999 元",exact_range,包含經濟戶長本人，全家每個月的「存款利息、跟會利息、股票利息、各種投資利息」總收入是,question_options_110.csv,91 無獨立家庭利息投資題。 103基準題號：I6。,mapping_relation=exact_range; total_rule=source_question
build_income_expenditure_crosswalk.py,INC_FAM_INTEREST,家庭收入,INC_FAM_INTEREST,家庭利息與投資收入,range_overlap,2021,110,G6,I6,2,8.0,"8,000 元-未滿10,000元",13.0,沒有這項收入 附1-5,text_only_review,包含經濟戶長本人，全家每個月的「存款利息、跟會利息、股票利息、各種投資利息」總收入是,question_options_110.csv,91 無獨立家庭利息投資題。 103基準題號：I6。,mapping_relation=text_only_review; total_rule=source_question
build_income_expenditure_crosswalk.py,INC_FAM_INTEREST,家庭收入,INC_FAM_INTEREST,家庭利息與投資收入,range_overlap,2021,110,G6,I6,1,9.0,"10,000元-未滿15,000元",9.0,"10,000-14,999 元",exact_range,包含經濟戶長本人，全家每個月的「存款利息、跟會利息、股票利息、各種投資利息」總收入是,question_options_110.csv,91 無獨立家庭利息投資題。 103基準題號：I6。,mapping_relation=exact_range; total_rule=source_question
build_income_expenditure_crosswalk.py,INC_FAM_INTEREST,家庭收入,INC_FAM_INTEREST,家庭利息與投資收入,range_overlap,2021,110,G6,I6,2,9.0,"10,000元-未滿15,000元",13.0,沒有這項收入 附1-5,text_only_review,包含經濟戶長本人，全家每個月的「存款利息、跟會利息、股票利息、各種投資利息」總收入是,question_options_110.csv,91 無獨立家庭利息投資題。 103基準題號：I6。,mapping_relation=text_only_review; total_rule=source_question
build_income_expenditure_crosswalk.py,INC_FAM_INTEREST,家庭收入,INC_FAM_INTEREST,家庭利息與投資收入,range_overlap,2021,110,G6,I6,1,10.0,"15,000元-未滿20,000元",10.0,"15,000-19,999 元",exact_range,包含經濟戶長本人，全家每個月的「存款利息、跟會利息、股票利息、各種投資利息」總收入是,question_options_110.csv,91 無獨立家庭利息投資題。 103基準題號：I6。,mapping_relation=exact_range; total_rule=source_question
build_income_expenditure_crosswalk.py,INC_FAM_INTEREST,家庭收入,INC_FAM_INTEREST,家庭利息與投資收入,range_overlap,2021,110,G6,I6,2,10.0,"15,000元-未滿20,000元",13.0,沒有這項收入 附1-5,text_only_review,包含經濟戶長本人，全家每個月的「存款利息、跟會利息、股票利息、各種投資利息」總收入是,question_options_110.csv,91 無獨立家庭利息投資題。 103基準題號：I6。,mapping_relation=text_only_review; total_rule=source_question
build_income_expenditure_crosswalk.py,INC_FAM_INTEREST,家庭收入,INC_FAM_INTEREST,家庭利息與投資收入,range_overlap,2021,110,G6,I6,1,11.0,"20,000元-未滿30,000元",11.0,"20,000-29,999 元",exact_range,包含經濟戶長本人，全家每個月的「存款利息、跟會利息、股票利息、各種投資利息」總收入是,question_options_110.csv,91 無獨立家庭利息投資題。 103基準題號：I6。,mapping_relation=exact_range; total_rule=source_question
build_income_expenditure_crosswalk.py,INC_FAM_INTEREST,家庭收入,INC_FAM_INTEREST,家庭利息與投資收入,range_overlap,2021,110,G6,I6,2,11.0,"20,000元-未滿30,000元",13.0,沒有這項收入 附1-5,text_only_review,包含經濟戶長本人，全家每個月的「存款利息、跟會利息、股票利息、各種投資利息」總收入是,question_options_110.csv,91 無獨立家庭利息投資題。 103基準題號：I6。,mapping_relation=text_only_review; total_rule=source_question
build_income_expenditure_crosswalk.py,INC_FAM_INTEREST,家庭收入,INC_FAM_INTEREST,家庭利息與投資收入,range_overlap,2021,110,G6,I6,1,12.0,"30,000元以上，請記錄________元",12.0,"30,000 元及以上，請記錄________元",exact_open_upper,包含經濟戶長本人，全家每個月的「存款利息、跟會利息、股票利息、各種投資利息」總收入是,question_options_110.csv,91 無獨立家庭利息投資題。 103基準題號：I6。,mapping_relation=exact_open_upper; total_rule=source_question
build_income_expenditure_crosswalk.py,INC_FAM_INTEREST,家庭收入,INC_FAM_INTEREST,家庭利息與投資收入,range_overlap,2021,110,G6,I6,2,12.0,"30,000元以上，請記錄________元",13.0,沒有這項收入 附1-5,text_only_review,包含經濟戶長本人，全家每個月的「存款利息、跟會利息、股票利息、各種投資利息」總收入是,question_options_110.csv,91 無獨立家庭利息投資題。 103基準題號：I6。,mapping_relation=text_only_review; total_rule=source_question
build_income_expenditure_crosswalk.py,INC_FAM_INTEREST,家庭收入,INC_FAM_INTEREST,家庭利息與投資收入,range_overlap,2021,110,G6,I6,1,13.0,沒有這項收入 附 1-9,1.0,999 元及以下,text_only_review,包含經濟戶長本人，全家每個月的「存款利息、跟會利息、股票利息、各種投資利息」總收入是,question_options_110.csv,91 無獨立家庭利息投資題。 103基準題號：I6。,mapping_relation=text_only_review; total_rule=source_question
build_income_expenditure_crosswalk.py,INC_FAM_INTEREST,家庭收入,INC_FAM_INTEREST,家庭利息與投資收入,range_overlap,2021,110,G6,I6,2,13.0,沒有這項收入 附 1-9,2.0,"1,000-1,999 元",text_only_review,包含經濟戶長本人，全家每個月的「存款利息、跟會利息、股票利息、各種投資利息」總收入是,question_options_110.csv,91 無獨立家庭利息投資題。 103基準題號：I6。,mapping_relation=text_only_review; total_rule=source_question
build_income_expenditure_crosswalk.py,INC_FAM_INTEREST,家庭收入,INC_FAM_INTEREST,家庭利息與投資收入,range_overlap,2021,110,G6,I6,3,13.0,沒有這項收入 附 1-9,3.0,"2,000-2,999 元",text_only_review,包含經濟戶長本人，全家每個月的「存款利息、跟會利息、股票利息、各種投資利息」總收入是,question_options_110.csv,91 無獨立家庭利息投資題。 103基準題號：I6。,mapping_relation=text_only_review; total_rule=source_question
build_income_expenditure_crosswalk.py,INC_FAM_INTEREST,家庭收入,INC_FAM_INTEREST,家庭利息與投資收入,range_overlap,2021,110,G6,I6,4,13.0,沒有這項收入 附 1-9,4.0,"3,000-3,999 元",text_only_review,包含經濟戶長本人，全家每個月的「存款利息、跟會利息、股票利息、各種投資利息」總收入是,question_options_110.csv,91 無獨立家庭利息投資題。 103基準題號：I6。,mapping_relation=text_only_review; total_rule=source_question
build_income_expenditure_crosswalk.py,INC_FAM_INTEREST,家庭收入,INC_FAM_INTEREST,家庭利息與投資收入,range_overlap,2021,110,G6,I6,5,13.0,沒有這項收入 附 1-9,5.0,"4,000-4,999 元",text_only_review,包含經濟戶長本人，全家每個月的「存款利息、跟會利息、股票利息、各種投資利息」總收入是,question_options_110.csv,91 無獨立家庭利息投資題。 103基準題號：I6。,mapping_relation=text_only_review; total_rule=source_question
build_income_expenditure_crosswalk.py,INC_FAM_INTEREST,家庭收入,INC_FAM_INTEREST,家庭利息與投資收入,range_overlap,2021,110,G6,I6,6,13.0,沒有這項收入 附 1-9,6.0,"5,000-5,999 元",text_only_review,包含經濟戶長本人，全家每個月的「存款利息、跟會利息、股票利息、各種投資利息」總收入是,question_options_110.csv,91 無獨立家庭利息投資題。 103基準題號：I6。,mapping_relation=text_only_review; total_rule=source_question
build_income_expenditure_crosswalk.py,INC_FAM_INTEREST,家庭收入,INC_FAM_INTEREST,家庭利息與投資收入,range_overlap,2021,110,G6,I6,7,13.0,沒有這項收入 附 1-9,7.0,"6,000-7,999 元",text_only_review,包含經濟戶長本人，全家每個月的「存款利息、跟會利息、股票利息、各種投資利息」總收入是,question_options_110.csv,91 無獨立家庭利息投資題。 103基準題號：I6。,mapping_relation=text_only_review; total_rule=source_question
build_income_expenditure_crosswalk.py,INC_FAM_INTEREST,家庭收入,INC_FAM_INTEREST,家庭利息與投資收入,range_overlap,2021,110,G6,I6,8,13.0,沒有這項收入 附 1-9,8.0,"8,000-9,999 元",text_only_review,包含經濟戶長本人，全家每個月的「存款利息、跟會利息、股票利息、各種投資利息」總收入是,question_options_110.csv,91 無獨立家庭利息投資題。 103基準題號：I6。,mapping_relation=text_only_review; total_rule=source_question
build_income_expenditure_crosswalk.py,INC_FAM_INTEREST,家庭收入,INC_FAM_INTEREST,家庭利息與投資收入,range_overlap,2021,110,G6,I6,9,13.0,沒有這項收入 附 1-9,9.0,"10,000-14,999 元",text_only_review,包含經濟戶長本人，全家每個月的「存款利息、跟會利息、股票利息、各種投資利息」總收入是,question_options_110.csv,91 無獨立家庭利息投資題。 103基準題號：I6。,mapping_relation=text_only_review; total_rule=source_question
build_income_expenditure_crosswalk.py,INC_FAM_INTEREST,家庭收入,INC_FAM_INTEREST,家庭利息與投資收入,range_overlap,2021,110,G6,I6,10,13.0,沒有這項收入 附 1-9,10.0,"15,000-19,999 元",text_only_review,包含經濟戶長本人，全家每個月的「存款利息、跟會利息、股票利息、各種投資利息」總收入是,question_options_110.csv,91 無獨立家庭利息投資題。 103基準題號：I6。,mapping_relation=text_only_review; total_rule=source_question
build_income_expenditure_crosswalk.py,INC_FAM_INTEREST,家庭收入,INC_FAM_INTEREST,家庭利息與投資收入,range_overlap,2021,110,G6,I6,11,13.0,沒有這項收入 附 1-9,11.0,"20,000-29,999 元",text_only_review,包含經濟戶長本人，全家每個月的「存款利息、跟會利息、股票利息、各種投資利息」總收入是,question_options_110.csv,91 無獨立家庭利息投資題。 103基準題號：I6。,mapping_relation=text_only_review; total_rule=source_question
build_income_expenditure_crosswalk.py,INC_FAM_INTEREST,家庭收入,INC_FAM_INTEREST,家庭利息與投資收入,range_overlap,2021,110,G6,I6,12,13.0,沒有這項收入 附 1-9,12.0,"30,000 元及以上，請記錄________元",text_only_review,包含經濟戶長本人，全家每個月的「存款利息、跟會利息、股票利息、各種投資利息」總收入是,question_options_110.csv,91 無獨立家庭利息投資題。 103基準題號：I6。,mapping_relation=text_only_review; total_rule=source_question
build_income_expenditure_crosswalk.py,INC_FAM_INTEREST,家庭收入,INC_FAM_INTEREST,家庭利息與投資收入,range_overlap,2021,110,G6,I6,13,13.0,沒有這項收入 附 1-9,13.0,沒有這項收入 附1-5,text_only_review,包含經濟戶長本人，全家每個月的「存款利息、跟會利息、股票利息、各種投資利息」總收入是,question_options_110.csv,91 無獨立家庭利息投資題。 103基準題號：I6。,mapping_relation=text_only_review; total_rule=source_question
build_income_expenditure_crosswalk.py,INC_FAM_RENT,家庭收入,INC_FAM_RENT,家庭房屋土地租金收入,question_not_available,2002,91_1,,I7,,,,,,not_available_in_source_dataset,,question_options_91_1.csv,以 103 年 I7 為基準。 103基準題號：I7。,mapping_relation=not_available_in_source_dataset; total_rule=source_question
build_income_expenditure_crosswalk.py,INC_FAM_RENT,家庭收入,INC_FAM_RENT,家庭房屋土地租金收入,question_not_available,2002,91_2,,I7,,,,,,not_available_in_source_dataset,,question_options_91_2.csv,以 103 年 I7 為基準。 103基準題號：I7。,mapping_relation=not_available_in_source_dataset; total_rule=source_question
build_income_expenditure_crosswalk.py,INC_FAM_RENT,家庭收入,INC_FAM_RENT,家庭房屋土地租金收入,range_overlap,2006,95,Q11-4,I7,1,1.0,"4,999元及以下",1.0,"4,999 元及以下",exact_range,包含您本人，全家每個月的「房屋、土地出租租金」收入總共是多少？【過,question_options_95.csv,以 103 年 I7 為基準。 103基準題號：I7。,mapping_relation=exact_range; total_rule=source_question
build_income_expenditure_crosswalk.py,INC_FAM_RENT,家庭收入,INC_FAM_RENT,家庭房屋土地租金收入,range_overlap,2006,95,Q11-4,I7,1,2.0,"5,000-9,999元",2.0,"5,000-9,999 元",exact_range,包含您本人，全家每個月的「房屋、土地出租租金」收入總共是多少？【過,question_options_95.csv,以 103 年 I7 為基準。 103基準題號：I7。,mapping_relation=exact_range; total_rule=source_question
build_income_expenditure_crosswalk.py,INC_FAM_RENT,家庭收入,INC_FAM_RENT,家庭房屋土地租金收入,range_overlap,2006,95,Q11-4,I7,1,3.0,"10,000-14,999 元",3.0,"10,000-14,999 元",exact_range,包含您本人，全家每個月的「房屋、土地出租租金」收入總共是多少？【過,question_options_95.csv,以 103 年 I7 為基準。 103基準題號：I7。,mapping_relation=exact_range; total_rule=source_question
build_income_expenditure_crosswalk.py,INC_FAM_RENT,家庭收入,INC_FAM_RENT,家庭房屋土地租金收入,range_overlap,2006,95,Q11-4,I7,1,4.0,"15,000-19,999元",4.0,"15,000-19,999 元",exact_range,包含您本人，全家每個月的「房屋、土地出租租金」收入總共是多少？【過,question_options_95.csv,以 103 年 I7 為基準。 103基準題號：I7。,mapping_relation=exact_range; total_rule=source_question
build_income_expenditure_crosswalk.py,INC_FAM_RENT,家庭收入,INC_FAM_RENT,家庭房屋土地租金收入,range_overlap,2006,95,Q11-4,I7,1,5.0,"20,000-24,999 元",5.0,"20,000-24,999 元",exact_range,包含您本人，全家每個月的「房屋、土地出租租金」收入總共是多少？【過,question_options_95.csv,以 103 年 I7 為基準。 103基準題號：I7。,mapping_relation=exact_range; total_rule=source_question
build_income_expenditure_crosswalk.py,INC_FAM_RENT,家庭收入,INC_FAM_RENT,家庭房屋土地租金收入,range_overlap,2006,95,Q11-4,I7,1,6.0,"25,000-29,999元",6.0,"25,000-29,999 元",exact_range,包含您本人，全家每個月的「房屋、土地出租租金」收入總共是多少？【過,question_options_95.csv,以 103 年 I7 為基準。 103基準題號：I7。,mapping_relation=exact_range; total_rule=source_question
build_income_expenditure_crosswalk.py,INC_FAM_RENT,家庭收入,INC_FAM_RENT,家庭房屋土地租金收入,range_overlap,2006,95,Q11-4,I7,1,7.0,"30,000-39,999 元",7.0,"30,000-39,999 元",exact_range,包含您本人，全家每個月的「房屋、土地出租租金」收入總共是多少？【過,question_options_95.csv,以 103 年 I7 為基準。 103基準題號：I7。,mapping_relation=exact_range; total_rule=source_question
build_income_expenditure_crosswalk.py,INC_FAM_RENT,家庭收入,INC_FAM_RENT,家庭房屋土地租金收入,range_overlap,2006,95,Q11-4,I7,1,8.0,"40,000-49,999元",8.0,"40,000-49,999 元",exact_range,包含您本人，全家每個月的「房屋、土地出租租金」收入總共是多少？【過,question_options_95.csv,以 103 年 I7 為基準。 103基準題號：I7。,mapping_relation=exact_range; total_rule=source_question
build_income_expenditure_crosswalk.py,INC_FAM_RENT,家庭收入,INC_FAM_RENT,家庭房屋土地租金收入,range_overlap,2006,95,Q11-4,I7,1,9.0,"50,000-59,999 元",9.0,"50,000-59,999 元",exact_range,包含您本人，全家每個月的「房屋、土地出租租金」收入總共是多少？【過,question_options_95.csv,以 103 年 I7 為基準。 103基準題號：I7。,mapping_relation=exact_range; total_rule=source_question
build_income_expenditure_crosswalk.py,INC_FAM_RENT,家庭收入,INC_FAM_RENT,家庭房屋土地租金收入,range_overlap,2006,95,Q11-4,I7,2,9.0,"70,000-79,999 元",11.0,"70,000-79,999 元",exact_range,包含您本人，全家每個月的「房屋、土地出租租金」收入總共是多少？【過,question_options_95.csv,以 103 年 I7 為基準。 103基準題號：I7。,mapping_relation=exact_range; total_rule=source_question
build_income_expenditure_crosswalk.py,INC_FAM_RENT,家庭收入,INC_FAM_RENT,家庭房屋土地租金收入,range_overlap,2006,95,Q11-4,I7,1,10.0,"60,000-69,999元",10.0,"60,000-69,999 元",exact_range,包含您本人，全家每個月的「房屋、土地出租租金」收入總共是多少？【過,question_options_95.csv,以 103 年 I7 為基準。 103基準題號：I7。,mapping_relation=exact_range; total_rule=source_question
build_income_expenditure_crosswalk.py,INC_FAM_RENT,家庭收入,INC_FAM_RENT,家庭房屋土地租金收入,range_overlap,2006,95,Q11-4,I7,1,90.0,"80,000 元及以上，請記錄 元",12.0,"80,000 元及以上，請記錄_________________元",exact_open_upper,包含您本人，全家每個月的「房屋、土地出租租金」收入總共是多少？【過,question_options_95.csv,以 103 年 I7 為基準。 103基準題號：I7。,mapping_relation=exact_open_upper; total_rule=source_question
build_income_expenditure_crosswalk.py,INC_FAM_RENT,家庭收入,INC_FAM_RENT,家庭房屋土地租金收入,range_overlap,2006,95,Q11-4,I7,1,95.0,沒有這項收入,13.0,沒有這項收入,exact_none,包含您本人，全家每個月的「房屋、土地出租租金」收入總共是多少？【過,question_options_95.csv,以 103 年 I7 為基準。 103基準題號：I7。,mapping_relation=exact_none; total_rule=source_question
build_income_expenditure_crosswalk.py,INC_FAM_RENT,家庭收入,INC_FAM_RENT,家庭房屋土地租金收入,range_overlap,2010,99,I5,I7,1,4,999 元及以下,1.0,"4,999 元及以下",source_bin_within_base_bin,"""包含您本人，全家每個月的「房屋、土地出租租金」收入總共是多少？【過去ㄧ年帄均每個月的金額】"", | ""包含您本人，全家每個月的「房屋、土地出租租金」收入總共是多少？【過去ㄧ年帄均每個月的金額】""",question_options_99.csv,以 103 年 I7 為基準。 103基準題號：I7。,mapping_relation=source_bin_within_base_bin; total_rule=source_question
build_income_expenditure_crosswalk.py,INC_FAM_RENT,家庭收入,INC_FAM_RENT,家庭房屋土地租金收入,range_overlap,2010,99,I5,I7,1,5,"000-9,999 元",1.0,"4,999 元及以下",source_bin_spans_multiple_base_bins,"""包含您本人，全家每個月的「房屋、土地出租租金」收入總共是多少？【過去ㄧ年帄均每個月的金額】"", | ""包含您本人，全家每個月的「房屋、土地出租租金」收入總共是多少？【過去ㄧ年帄均每個月的金額】""",question_options_99.csv,以 103 年 I7 為基準。 103基準題號：I7。,mapping_relation=source_bin_spans_multiple_base_bins; total_rule=source_question
build_income_expenditure_crosswalk.py,INC_FAM_RENT,家庭收入,INC_FAM_RENT,家庭房屋土地租金收入,range_overlap,2010,99,I5,I7,2,5,"000-9,999 元",2.0,"5,000-9,999 元",source_bin_spans_multiple_base_bins,"""包含您本人，全家每個月的「房屋、土地出租租金」收入總共是多少？【過去ㄧ年帄均每個月的金額】"", | ""包含您本人，全家每個月的「房屋、土地出租租金」收入總共是多少？【過去ㄧ年帄均每個月的金額】""",question_options_99.csv,以 103 年 I7 為基準。 103基準題號：I7。,mapping_relation=source_bin_spans_multiple_base_bins; total_rule=source_question
build_income_expenditure_crosswalk.py,INC_FAM_RENT,家庭收入,INC_FAM_RENT,家庭房屋土地租金收入,range_overlap,2010,99,I5,I7,1,10,"000-14,999 元",1.0,"4,999 元及以下",source_bin_spans_multiple_base_bins,"""包含您本人，全家每個月的「房屋、土地出租租金」收入總共是多少？【過去ㄧ年帄均每個月的金額】"", | ""包含您本人，全家每個月的「房屋、土地出租租金」收入總共是多少？【過去ㄧ年帄均每個月的金額】""",question_options_99.csv,以 103 年 I7 為基準。 103基準題號：I7。,mapping_relation=source_bin_spans_multiple_base_bins; total_rule=source_question
build_income_expenditure_crosswalk.py,INC_FAM_RENT,家庭收入,INC_FAM_RENT,家庭房屋土地租金收入,range_overlap,2010,99,I5,I7,2,10,"000-14,999 元",2.0,"5,000-9,999 元",source_bin_spans_multiple_base_bins,"""包含您本人，全家每個月的「房屋、土地出租租金」收入總共是多少？【過去ㄧ年帄均每個月的金額】"", | ""包含您本人，全家每個月的「房屋、土地出租租金」收入總共是多少？【過去ㄧ年帄均每個月的金額】""",question_options_99.csv,以 103 年 I7 為基準。 103基準題號：I7。,mapping_relation=source_bin_spans_multiple_base_bins; total_rule=source_question
build_income_expenditure_crosswalk.py,INC_FAM_RENT,家庭收入,INC_FAM_RENT,家庭房屋土地租金收入,range_overlap,2010,99,I5,I7,3,10,"000-14,999 元",3.0,"10,000-14,999 元",source_bin_spans_multiple_base_bins,"""包含您本人，全家每個月的「房屋、土地出租租金」收入總共是多少？【過去ㄧ年帄均每個月的金額】"", | ""包含您本人，全家每個月的「房屋、土地出租租金」收入總共是多少？【過去ㄧ年帄均每個月的金額】""",question_options_99.csv,以 103 年 I7 為基準。 103基準題號：I7。,mapping_relation=source_bin_spans_multiple_base_bins; total_rule=source_question
build_income_expenditure_crosswalk.py,INC_FAM_RENT,家庭收入,INC_FAM_RENT,家庭房屋土地租金收入,range_overlap,2010,99,I5,I7,1,15,"000-19,999 元",1.0,"4,999 元及以下",source_bin_spans_multiple_base_bins,"""包含您本人，全家每個月的「房屋、土地出租租金」收入總共是多少？【過去ㄧ年帄均每個月的金額】"", | ""包含您本人，全家每個月的「房屋、土地出租租金」收入總共是多少？【過去ㄧ年帄均每個月的金額】""",question_options_99.csv,以 103 年 I7 為基準。 103基準題號：I7。,mapping_relation=source_bin_spans_multiple_base_bins; total_rule=source_question
build_income_expenditure_crosswalk.py,INC_FAM_RENT,家庭收入,INC_FAM_RENT,家庭房屋土地租金收入,range_overlap,2010,99,I5,I7,2,15,"000-19,999 元",2.0,"5,000-9,999 元",source_bin_spans_multiple_base_bins,"""包含您本人，全家每個月的「房屋、土地出租租金」收入總共是多少？【過去ㄧ年帄均每個月的金額】"", | ""包含您本人，全家每個月的「房屋、土地出租租金」收入總共是多少？【過去ㄧ年帄均每個月的金額】""",question_options_99.csv,以 103 年 I7 為基準。 103基準題號：I7。,mapping_relation=source_bin_spans_multiple_base_bins; total_rule=source_question
build_income_expenditure_crosswalk.py,INC_FAM_RENT,家庭收入,INC_FAM_RENT,家庭房屋土地租金收入,range_overlap,2010,99,I5,I7,3,15,"000-19,999 元",3.0,"10,000-14,999 元",source_bin_spans_multiple_base_bins,"""包含您本人，全家每個月的「房屋、土地出租租金」收入總共是多少？【過去ㄧ年帄均每個月的金額】"", | ""包含您本人，全家每個月的「房屋、土地出租租金」收入總共是多少？【過去ㄧ年帄均每個月的金額】""",question_options_99.csv,以 103 年 I7 為基準。 103基準題號：I7。,mapping_relation=source_bin_spans_multiple_base_bins; total_rule=source_question
build_income_expenditure_crosswalk.py,INC_FAM_RENT,家庭收入,INC_FAM_RENT,家庭房屋土地租金收入,range_overlap,2010,99,I5,I7,4,15,"000-19,999 元",4.0,"15,000-19,999 元",source_bin_spans_multiple_base_bins,"""包含您本人，全家每個月的「房屋、土地出租租金」收入總共是多少？【過去ㄧ年帄均每個月的金額】"", | ""包含您本人，全家每個月的「房屋、土地出租租金」收入總共是多少？【過去ㄧ年帄均每個月的金額】""",question_options_99.csv,以 103 年 I7 為基準。 103基準題號：I7。,mapping_relation=source_bin_spans_multiple_base_bins; total_rule=source_question
build_income_expenditure_crosswalk.py,INC_FAM_RENT,家庭收入,INC_FAM_RENT,家庭房屋土地租金收入,range_overlap,2010,99,I5,I7,1,20,"000-24,999 元",1.0,"4,999 元及以下",source_bin_spans_multiple_base_bins,"""包含您本人，全家每個月的「房屋、土地出租租金」收入總共是多少？【過去ㄧ年帄均每個月的金額】"", | ""包含您本人，全家每個月的「房屋、土地出租租金」收入總共是多少？【過去ㄧ年帄均每個月的金額】""",question_options_99.csv,以 103 年 I7 為基準。 103基準題號：I7。,mapping_relation=source_bin_spans_multiple_base_bins; total_rule=source_question
build_income_expenditure_crosswalk.py,INC_FAM_RENT,家庭收入,INC_FAM_RENT,家庭房屋土地租金收入,range_overlap,2010,99,I5,I7,2,20,"000-24,999 元",2.0,"5,000-9,999 元",source_bin_spans_multiple_base_bins,"""包含您本人，全家每個月的「房屋、土地出租租金」收入總共是多少？【過去ㄧ年帄均每個月的金額】"", | ""包含您本人，全家每個月的「房屋、土地出租租金」收入總共是多少？【過去ㄧ年帄均每個月的金額】""",question_options_99.csv,以 103 年 I7 為基準。 103基準題號：I7。,mapping_relation=source_bin_spans_multiple_base_bins; total_rule=source_question
build_income_expenditure_crosswalk.py,INC_FAM_RENT,家庭收入,INC_FAM_RENT,家庭房屋土地租金收入,range_overlap,2010,99,I5,I7,3,20,"000-24,999 元",3.0,"10,000-14,999 元",source_bin_spans_multiple_base_bins,"""包含您本人，全家每個月的「房屋、土地出租租金」收入總共是多少？【過去ㄧ年帄均每個月的金額】"", | ""包含您本人，全家每個月的「房屋、土地出租租金」收入總共是多少？【過去ㄧ年帄均每個月的金額】""",question_options_99.csv,以 103 年 I7 為基準。 103基準題號：I7。,mapping_relation=source_bin_spans_multiple_base_bins; total_rule=source_question
build_income_expenditure_crosswalk.py,INC_FAM_RENT,家庭收入,INC_FAM_RENT,家庭房屋土地租金收入,range_overlap,2010,99,I5,I7,4,20,"000-24,999 元",4.0,"15,000-19,999 元",source_bin_spans_multiple_base_bins,"""包含您本人，全家每個月的「房屋、土地出租租金」收入總共是多少？【過去ㄧ年帄均每個月的金額】"", | ""包含您本人，全家每個月的「房屋、土地出租租金」收入總共是多少？【過去ㄧ年帄均每個月的金額】""",question_options_99.csv,以 103 年 I7 為基準。 103基準題號：I7。,mapping_relation=source_bin_spans_multiple_base_bins; total_rule=source_question
build_income_expenditure_crosswalk.py,INC_FAM_RENT,家庭收入,INC_FAM_RENT,家庭房屋土地租金收入,range_overlap,2010,99,I5,I7,5,20,"000-24,999 元",5.0,"20,000-24,999 元",source_bin_spans_multiple_base_bins,"""包含您本人，全家每個月的「房屋、土地出租租金」收入總共是多少？【過去ㄧ年帄均每個月的金額】"", | ""包含您本人，全家每個月的「房屋、土地出租租金」收入總共是多少？【過去ㄧ年帄均每個月的金額】""",question_options_99.csv,以 103 年 I7 為基準。 103基準題號：I7。,mapping_relation=source_bin_spans_multiple_base_bins; total_rule=source_question
build_income_expenditure_crosswalk.py,INC_FAM_RENT,家庭收入,INC_FAM_RENT,家庭房屋土地租金收入,range_overlap,2010,99,I5,I7,1,25,"000-29,999 元",1.0,"4,999 元及以下",source_bin_spans_multiple_base_bins,"""包含您本人，全家每個月的「房屋、土地出租租金」收入總共是多少？【過去ㄧ年帄均每個月的金額】"", | ""包含您本人，全家每個月的「房屋、土地出租租金」收入總共是多少？【過去ㄧ年帄均每個月的金額】""",question_options_99.csv,以 103 年 I7 為基準。 103基準題號：I7。,mapping_relation=source_bin_spans_multiple_base_bins; total_rule=source_question
build_income_expenditure_crosswalk.py,INC_FAM_RENT,家庭收入,INC_FAM_RENT,家庭房屋土地租金收入,range_overlap,2010,99,I5,I7,2,25,"000-29,999 元",2.0,"5,000-9,999 元",source_bin_spans_multiple_base_bins,"""包含您本人，全家每個月的「房屋、土地出租租金」收入總共是多少？【過去ㄧ年帄均每個月的金額】"", | ""包含您本人，全家每個月的「房屋、土地出租租金」收入總共是多少？【過去ㄧ年帄均每個月的金額】""",question_options_99.csv,以 103 年 I7 為基準。 103基準題號：I7。,mapping_relation=source_bin_spans_multiple_base_bins; total_rule=source_question
build_income_expenditure_crosswalk.py,INC_FAM_RENT,家庭收入,INC_FAM_RENT,家庭房屋土地租金收入,range_overlap,2010,99,I5,I7,3,25,"000-29,999 元",3.0,"10,000-14,999 元",source_bin_spans_multiple_base_bins,"""包含您本人，全家每個月的「房屋、土地出租租金」收入總共是多少？【過去ㄧ年帄均每個月的金額】"", | ""包含您本人，全家每個月的「房屋、土地出租租金」收入總共是多少？【過去ㄧ年帄均每個月的金額】""",question_options_99.csv,以 103 年 I7 為基準。 103基準題號：I7。,mapping_relation=source_bin_spans_multiple_base_bins; total_rule=source_question
build_income_expenditure_crosswalk.py,INC_FAM_RENT,家庭收入,INC_FAM_RENT,家庭房屋土地租金收入,range_overlap,2010,99,I5,I7,4,25,"000-29,999 元",4.0,"15,000-19,999 元",source_bin_spans_multiple_base_bins,"""包含您本人，全家每個月的「房屋、土地出租租金」收入總共是多少？【過去ㄧ年帄均每個月的金額】"", | ""包含您本人，全家每個月的「房屋、土地出租租金」收入總共是多少？【過去ㄧ年帄均每個月的金額】""",question_options_99.csv,以 103 年 I7 為基準。 103基準題號：I7。,mapping_relation=source_bin_spans_multiple_base_bins; total_rule=source_question
build_income_expenditure_crosswalk.py,INC_FAM_RENT,家庭收入,INC_FAM_RENT,家庭房屋土地租金收入,range_overlap,2010,99,I5,I7,5,25,"000-29,999 元",5.0,"20,000-24,999 元",source_bin_spans_multiple_base_bins,"""包含您本人，全家每個月的「房屋、土地出租租金」收入總共是多少？【過去ㄧ年帄均每個月的金額】"", | ""包含您本人，全家每個月的「房屋、土地出租租金」收入總共是多少？【過去ㄧ年帄均每個月的金額】""",question_options_99.csv,以 103 年 I7 為基準。 103基準題號：I7。,mapping_relation=source_bin_spans_multiple_base_bins; total_rule=source_question
build_income_expenditure_crosswalk.py,INC_FAM_RENT,家庭收入,INC_FAM_RENT,家庭房屋土地租金收入,range_overlap,2010,99,I5,I7,6,25,"000-29,999 元",6.0,"25,000-29,999 元",source_bin_spans_multiple_base_bins,"""包含您本人，全家每個月的「房屋、土地出租租金」收入總共是多少？【過去ㄧ年帄均每個月的金額】"", | ""包含您本人，全家每個月的「房屋、土地出租租金」收入總共是多少？【過去ㄧ年帄均每個月的金額】""",question_options_99.csv,以 103 年 I7 為基準。 103基準題號：I7。,mapping_relation=source_bin_spans_multiple_base_bins; total_rule=source_question
build_income_expenditure_crosswalk.py,INC_FAM_RENT,家庭收入,INC_FAM_RENT,家庭房屋土地租金收入,range_overlap,2010,99,I5,I7,1,30,"000-39,999 元",1.0,"4,999 元及以下",source_bin_spans_multiple_base_bins,"""包含您本人，全家每個月的「房屋、土地出租租金」收入總共是多少？【過去ㄧ年帄均每個月的金額】"", | ""包含您本人，全家每個月的「房屋、土地出租租金」收入總共是多少？【過去ㄧ年帄均每個月的金額】""",question_options_99.csv,以 103 年 I7 為基準。 103基準題號：I7。,mapping_relation=source_bin_spans_multiple_base_bins; total_rule=source_question
build_income_expenditure_crosswalk.py,INC_FAM_RENT,家庭收入,INC_FAM_RENT,家庭房屋土地租金收入,range_overlap,2010,99,I5,I7,2,30,"000-39,999 元",2.0,"5,000-9,999 元",source_bin_spans_multiple_base_bins,"""包含您本人，全家每個月的「房屋、土地出租租金」收入總共是多少？【過去ㄧ年帄均每個月的金額】"", | ""包含您本人，全家每個月的「房屋、土地出租租金」收入總共是多少？【過去ㄧ年帄均每個月的金額】""",question_options_99.csv,以 103 年 I7 為基準。 103基準題號：I7。,mapping_relation=source_bin_spans_multiple_base_bins; total_rule=source_question
build_income_expenditure_crosswalk.py,INC_FAM_RENT,家庭收入,INC_FAM_RENT,家庭房屋土地租金收入,range_overlap,2010,99,I5,I7,3,30,"000-39,999 元",3.0,"10,000-14,999 元",source_bin_spans_multiple_base_bins,"""包含您本人，全家每個月的「房屋、土地出租租金」收入總共是多少？【過去ㄧ年帄均每個月的金額】"", | ""包含您本人，全家每個月的「房屋、土地出租租金」收入總共是多少？【過去ㄧ年帄均每個月的金額】""",question_options_99.csv,以 103 年 I7 為基準。 103基準題號：I7。,mapping_relation=source_bin_spans_multiple_base_bins; total_rule=source_question
build_income_expenditure_crosswalk.py,INC_FAM_RENT,家庭收入,INC_FAM_RENT,家庭房屋土地租金收入,range_overlap,2010,99,I5,I7,4,30,"000-39,999 元",4.0,"15,000-19,999 元",source_bin_spans_multiple_base_bins,"""包含您本人，全家每個月的「房屋、土地出租租金」收入總共是多少？【過去ㄧ年帄均每個月的金額】"", | ""包含您本人，全家每個月的「房屋、土地出租租金」收入總共是多少？【過去ㄧ年帄均每個月的金額】""",question_options_99.csv,以 103 年 I7 為基準。 103基準題號：I7。,mapping_relation=source_bin_spans_multiple_base_bins; total_rule=source_question
build_income_expenditure_crosswalk.py,INC_FAM_RENT,家庭收入,INC_FAM_RENT,家庭房屋土地租金收入,range_overlap,2010,99,I5,I7,5,30,"000-39,999 元",5.0,"20,000-24,999 元",source_bin_spans_multiple_base_bins,"""包含您本人，全家每個月的「房屋、土地出租租金」收入總共是多少？【過去ㄧ年帄均每個月的金額】"", | ""包含您本人，全家每個月的「房屋、土地出租租金」收入總共是多少？【過去ㄧ年帄均每個月的金額】""",question_options_99.csv,以 103 年 I7 為基準。 103基準題號：I7。,mapping_relation=source_bin_spans_multiple_base_bins; total_rule=source_question
build_income_expenditure_crosswalk.py,INC_FAM_RENT,家庭收入,INC_FAM_RENT,家庭房屋土地租金收入,range_overlap,2010,99,I5,I7,6,30,"000-39,999 元",6.0,"25,000-29,999 元",source_bin_spans_multiple_base_bins,"""包含您本人，全家每個月的「房屋、土地出租租金」收入總共是多少？【過去ㄧ年帄均每個月的金額】"", | ""包含您本人，全家每個月的「房屋、土地出租租金」收入總共是多少？【過去ㄧ年帄均每個月的金額】""",question_options_99.csv,以 103 年 I7 為基準。 103基準題號：I7。,mapping_relation=source_bin_spans_multiple_base_bins; total_rule=source_question
build_income_expenditure_crosswalk.py,INC_FAM_RENT,家庭收入,INC_FAM_RENT,家庭房屋土地租金收入,range_overlap,2010,99,I5,I7,7,30,"000-39,999 元",7.0,"30,000-39,999 元",source_bin_spans_multiple_base_bins,"""包含您本人，全家每個月的「房屋、土地出租租金」收入總共是多少？【過去ㄧ年帄均每個月的金額】"", | ""包含您本人，全家每個月的「房屋、土地出租租金」收入總共是多少？【過去ㄧ年帄均每個月的金額】""",question_options_99.csv,以 103 年 I7 為基準。 103基準題號：I7。,mapping_relation=source_bin_spans_multiple_base_bins; total_rule=source_question
build_income_expenditure_crosswalk.py,INC_FAM_RENT,家庭收入,INC_FAM_RENT,家庭房屋土地租金收入,range_overlap,2010,99,I5,I7,1,40,"000-49,999 元",1.0,"4,999 元及以下",source_bin_spans_multiple_base_bins,"""包含您本人，全家每個月的「房屋、土地出租租金」收入總共是多少？【過去ㄧ年帄均每個月的金額】"", | ""包含您本人，全家每個月的「房屋、土地出租租金」收入總共是多少？【過去ㄧ年帄均每個月的金額】""",question_options_99.csv,以 103 年 I7 為基準。 103基準題號：I7。,mapping_relation=source_bin_spans_multiple_base_bins; total_rule=source_question
build_income_expenditure_crosswalk.py,INC_FAM_RENT,家庭收入,INC_FAM_RENT,家庭房屋土地租金收入,range_overlap,2010,99,I5,I7,2,40,"000-49,999 元",2.0,"5,000-9,999 元",source_bin_spans_multiple_base_bins,"""包含您本人，全家每個月的「房屋、土地出租租金」收入總共是多少？【過去ㄧ年帄均每個月的金額】"", | ""包含您本人，全家每個月的「房屋、土地出租租金」收入總共是多少？【過去ㄧ年帄均每個月的金額】""",question_options_99.csv,以 103 年 I7 為基準。 103基準題號：I7。,mapping_relation=source_bin_spans_multiple_base_bins; total_rule=source_question
build_income_expenditure_crosswalk.py,INC_FAM_RENT,家庭收入,INC_FAM_RENT,家庭房屋土地租金收入,range_overlap,2010,99,I5,I7,3,40,"000-49,999 元",3.0,"10,000-14,999 元",source_bin_spans_multiple_base_bins,"""包含您本人，全家每個月的「房屋、土地出租租金」收入總共是多少？【過去ㄧ年帄均每個月的金額】"", | ""包含您本人，全家每個月的「房屋、土地出租租金」收入總共是多少？【過去ㄧ年帄均每個月的金額】""",question_options_99.csv,以 103 年 I7 為基準。 103基準題號：I7。,mapping_relation=source_bin_spans_multiple_base_bins; total_rule=source_question
build_income_expenditure_crosswalk.py,INC_FAM_RENT,家庭收入,INC_FAM_RENT,家庭房屋土地租金收入,range_overlap,2010,99,I5,I7,4,40,"000-49,999 元",4.0,"15,000-19,999 元",source_bin_spans_multiple_base_bins,"""包含您本人，全家每個月的「房屋、土地出租租金」收入總共是多少？【過去ㄧ年帄均每個月的金額】"", | ""包含您本人，全家每個月的「房屋、土地出租租金」收入總共是多少？【過去ㄧ年帄均每個月的金額】""",question_options_99.csv,以 103 年 I7 為基準。 103基準題號：I7。,mapping_relation=source_bin_spans_multiple_base_bins; total_rule=source_question
build_income_expenditure_crosswalk.py,INC_FAM_RENT,家庭收入,INC_FAM_RENT,家庭房屋土地租金收入,range_overlap,2010,99,I5,I7,5,40,"000-49,999 元",5.0,"20,000-24,999 元",source_bin_spans_multiple_base_bins,"""包含您本人，全家每個月的「房屋、土地出租租金」收入總共是多少？【過去ㄧ年帄均每個月的金額】"", | ""包含您本人，全家每個月的「房屋、土地出租租金」收入總共是多少？【過去ㄧ年帄均每個月的金額】""",question_options_99.csv,以 103 年 I7 為基準。 103基準題號：I7。,mapping_relation=source_bin_spans_multiple_base_bins; total_rule=source_question
build_income_expenditure_crosswalk.py,INC_FAM_RENT,家庭收入,INC_FAM_RENT,家庭房屋土地租金收入,range_overlap,2010,99,I5,I7,6,40,"000-49,999 元",6.0,"25,000-29,999 元",source_bin_spans_multiple_base_bins,"""包含您本人，全家每個月的「房屋、土地出租租金」收入總共是多少？【過去ㄧ年帄均每個月的金額】"", | ""包含您本人，全家每個月的「房屋、土地出租租金」收入總共是多少？【過去ㄧ年帄均每個月的金額】""",question_options_99.csv,以 103 年 I7 為基準。 103基準題號：I7。,mapping_relation=source_bin_spans_multiple_base_bins; total_rule=source_question
build_income_expenditure_crosswalk.py,INC_FAM_RENT,家庭收入,INC_FAM_RENT,家庭房屋土地租金收入,range_overlap,2010,99,I5,I7,7,40,"000-49,999 元",7.0,"30,000-39,999 元",source_bin_spans_multiple_base_bins,"""包含您本人，全家每個月的「房屋、土地出租租金」收入總共是多少？【過去ㄧ年帄均每個月的金額】"", | ""包含您本人，全家每個月的「房屋、土地出租租金」收入總共是多少？【過去ㄧ年帄均每個月的金額】""",question_options_99.csv,以 103 年 I7 為基準。 103基準題號：I7。,mapping_relation=source_bin_spans_multiple_base_bins; total_rule=source_question
build_income_expenditure_crosswalk.py,INC_FAM_RENT,家庭收入,INC_FAM_RENT,家庭房屋土地租金收入,range_overlap,2010,99,I5,I7,8,40,"000-49,999 元",8.0,"40,000-49,999 元",source_bin_spans_multiple_base_bins,"""包含您本人，全家每個月的「房屋、土地出租租金」收入總共是多少？【過去ㄧ年帄均每個月的金額】"", | ""包含您本人，全家每個月的「房屋、土地出租租金」收入總共是多少？【過去ㄧ年帄均每個月的金額】""",question_options_99.csv,以 103 年 I7 為基準。 103基準題號：I7。,mapping_relation=source_bin_spans_multiple_base_bins; total_rule=source_question
build_income_expenditure_crosswalk.py,INC_FAM_RENT,家庭收入,INC_FAM_RENT,家庭房屋土地租金收入,range_overlap,2010,99,I5,I7,1,50,"000-59,999 元",1.0,"4,999 元及以下",source_bin_spans_multiple_base_bins,"""包含您本人，全家每個月的「房屋、土地出租租金」收入總共是多少？【過去ㄧ年帄均每個月的金額】"", | ""包含您本人，全家每個月的「房屋、土地出租租金」收入總共是多少？【過去ㄧ年帄均每個月的金額】""",question_options_99.csv,以 103 年 I7 為基準。 103基準題號：I7。,mapping_relation=source_bin_spans_multiple_base_bins; total_rule=source_question
build_income_expenditure_crosswalk.py,INC_FAM_RENT,家庭收入,INC_FAM_RENT,家庭房屋土地租金收入,range_overlap,2010,99,I5,I7,2,50,"000-59,999 元",2.0,"5,000-9,999 元",source_bin_spans_multiple_base_bins,"""包含您本人，全家每個月的「房屋、土地出租租金」收入總共是多少？【過去ㄧ年帄均每個月的金額】"", | ""包含您本人，全家每個月的「房屋、土地出租租金」收入總共是多少？【過去ㄧ年帄均每個月的金額】""",question_options_99.csv,以 103 年 I7 為基準。 103基準題號：I7。,mapping_relation=source_bin_spans_multiple_base_bins; total_rule=source_question
build_income_expenditure_crosswalk.py,INC_FAM_RENT,家庭收入,INC_FAM_RENT,家庭房屋土地租金收入,range_overlap,2010,99,I5,I7,3,50,"000-59,999 元",3.0,"10,000-14,999 元",source_bin_spans_multiple_base_bins,"""包含您本人，全家每個月的「房屋、土地出租租金」收入總共是多少？【過去ㄧ年帄均每個月的金額】"", | ""包含您本人，全家每個月的「房屋、土地出租租金」收入總共是多少？【過去ㄧ年帄均每個月的金額】""",question_options_99.csv,以 103 年 I7 為基準。 103基準題號：I7。,mapping_relation=source_bin_spans_multiple_base_bins; total_rule=source_question
build_income_expenditure_crosswalk.py,INC_FAM_RENT,家庭收入,INC_FAM_RENT,家庭房屋土地租金收入,range_overlap,2010,99,I5,I7,4,50,"000-59,999 元",4.0,"15,000-19,999 元",source_bin_spans_multiple_base_bins,"""包含您本人，全家每個月的「房屋、土地出租租金」收入總共是多少？【過去ㄧ年帄均每個月的金額】"", | ""包含您本人，全家每個月的「房屋、土地出租租金」收入總共是多少？【過去ㄧ年帄均每個月的金額】""",question_options_99.csv,以 103 年 I7 為基準。 103基準題號：I7。,mapping_relation=source_bin_spans_multiple_base_bins; total_rule=source_question
build_income_expenditure_crosswalk.py,INC_FAM_RENT,家庭收入,INC_FAM_RENT,家庭房屋土地租金收入,range_overlap,2010,99,I5,I7,5,50,"000-59,999 元",5.0,"20,000-24,999 元",source_bin_spans_multiple_base_bins,"""包含您本人，全家每個月的「房屋、土地出租租金」收入總共是多少？【過去ㄧ年帄均每個月的金額】"", | ""包含您本人，全家每個月的「房屋、土地出租租金」收入總共是多少？【過去ㄧ年帄均每個月的金額】""",question_options_99.csv,以 103 年 I7 為基準。 103基準題號：I7。,mapping_relation=source_bin_spans_multiple_base_bins; total_rule=source_question
build_income_expenditure_crosswalk.py,INC_FAM_RENT,家庭收入,INC_FAM_RENT,家庭房屋土地租金收入,range_overlap,2010,99,I5,I7,6,50,"000-59,999 元",6.0,"25,000-29,999 元",source_bin_spans_multiple_base_bins,"""包含您本人，全家每個月的「房屋、土地出租租金」收入總共是多少？【過去ㄧ年帄均每個月的金額】"", | ""包含您本人，全家每個月的「房屋、土地出租租金」收入總共是多少？【過去ㄧ年帄均每個月的金額】""",question_options_99.csv,以 103 年 I7 為基準。 103基準題號：I7。,mapping_relation=source_bin_spans_multiple_base_bins; total_rule=source_question
build_income_expenditure_crosswalk.py,INC_FAM_RENT,家庭收入,INC_FAM_RENT,家庭房屋土地租金收入,range_overlap,2010,99,I5,I7,7,50,"000-59,999 元",7.0,"30,000-39,999 元",source_bin_spans_multiple_base_bins,"""包含您本人，全家每個月的「房屋、土地出租租金」收入總共是多少？【過去ㄧ年帄均每個月的金額】"", | ""包含您本人，全家每個月的「房屋、土地出租租金」收入總共是多少？【過去ㄧ年帄均每個月的金額】""",question_options_99.csv,以 103 年 I7 為基準。 103基準題號：I7。,mapping_relation=source_bin_spans_multiple_base_bins; total_rule=source_question
build_income_expenditure_crosswalk.py,INC_FAM_RENT,家庭收入,INC_FAM_RENT,家庭房屋土地租金收入,range_overlap,2010,99,I5,I7,8,50,"000-59,999 元",8.0,"40,000-49,999 元",source_bin_spans_multiple_base_bins,"""包含您本人，全家每個月的「房屋、土地出租租金」收入總共是多少？【過去ㄧ年帄均每個月的金額】"", | ""包含您本人，全家每個月的「房屋、土地出租租金」收入總共是多少？【過去ㄧ年帄均每個月的金額】""",question_options_99.csv,以 103 年 I7 為基準。 103基準題號：I7。,mapping_relation=source_bin_spans_multiple_base_bins; total_rule=source_question
build_income_expenditure_crosswalk.py,INC_FAM_RENT,家庭收入,INC_FAM_RENT,家庭房屋土地租金收入,range_overlap,2010,99,I5,I7,9,50,"000-59,999 元",9.0,"50,000-59,999 元",source_bin_spans_multiple_base_bins,"""包含您本人，全家每個月的「房屋、土地出租租金」收入總共是多少？【過去ㄧ年帄均每個月的金額】"", | ""包含您本人，全家每個月的「房屋、土地出租租金」收入總共是多少？【過去ㄧ年帄均每個月的金額】""",question_options_99.csv,以 103 年 I7 為基準。 103基準題號：I7。,mapping_relation=source_bin_spans_multiple_base_bins; total_rule=source_question
build_income_expenditure_crosswalk.py,INC_FAM_RENT,家庭收入,INC_FAM_RENT,家庭房屋土地租金收入,range_overlap,2010,99,I5,I7,1,60,"000-69,999 元",1.0,"4,999 元及以下",source_bin_spans_multiple_base_bins,"""包含您本人，全家每個月的「房屋、土地出租租金」收入總共是多少？【過去ㄧ年帄均每個月的金額】"", | ""包含您本人，全家每個月的「房屋、土地出租租金」收入總共是多少？【過去ㄧ年帄均每個月的金額】""",question_options_99.csv,以 103 年 I7 為基準。 103基準題號：I7。,mapping_relation=source_bin_spans_multiple_base_bins; total_rule=source_question
build_income_expenditure_crosswalk.py,INC_FAM_RENT,家庭收入,INC_FAM_RENT,家庭房屋土地租金收入,range_overlap,2010,99,I5,I7,2,60,"000-69,999 元",2.0,"5,000-9,999 元",source_bin_spans_multiple_base_bins,"""包含您本人，全家每個月的「房屋、土地出租租金」收入總共是多少？【過去ㄧ年帄均每個月的金額】"", | ""包含您本人，全家每個月的「房屋、土地出租租金」收入總共是多少？【過去ㄧ年帄均每個月的金額】""",question_options_99.csv,以 103 年 I7 為基準。 103基準題號：I7。,mapping_relation=source_bin_spans_multiple_base_bins; total_rule=source_question
build_income_expenditure_crosswalk.py,INC_FAM_RENT,家庭收入,INC_FAM_RENT,家庭房屋土地租金收入,range_overlap,2010,99,I5,I7,3,60,"000-69,999 元",3.0,"10,000-14,999 元",source_bin_spans_multiple_base_bins,"""包含您本人，全家每個月的「房屋、土地出租租金」收入總共是多少？【過去ㄧ年帄均每個月的金額】"", | ""包含您本人，全家每個月的「房屋、土地出租租金」收入總共是多少？【過去ㄧ年帄均每個月的金額】""",question_options_99.csv,以 103 年 I7 為基準。 103基準題號：I7。,mapping_relation=source_bin_spans_multiple_base_bins; total_rule=source_question
build_income_expenditure_crosswalk.py,INC_FAM_RENT,家庭收入,INC_FAM_RENT,家庭房屋土地租金收入,range_overlap,2010,99,I5,I7,4,60,"000-69,999 元",4.0,"15,000-19,999 元",source_bin_spans_multiple_base_bins,"""包含您本人，全家每個月的「房屋、土地出租租金」收入總共是多少？【過去ㄧ年帄均每個月的金額】"", | ""包含您本人，全家每個月的「房屋、土地出租租金」收入總共是多少？【過去ㄧ年帄均每個月的金額】""",question_options_99.csv,以 103 年 I7 為基準。 103基準題號：I7。,mapping_relation=source_bin_spans_multiple_base_bins; total_rule=source_question
build_income_expenditure_crosswalk.py,INC_FAM_RENT,家庭收入,INC_FAM_RENT,家庭房屋土地租金收入,range_overlap,2010,99,I5,I7,5,60,"000-69,999 元",5.0,"20,000-24,999 元",source_bin_spans_multiple_base_bins,"""包含您本人，全家每個月的「房屋、土地出租租金」收入總共是多少？【過去ㄧ年帄均每個月的金額】"", | ""包含您本人，全家每個月的「房屋、土地出租租金」收入總共是多少？【過去ㄧ年帄均每個月的金額】""",question_options_99.csv,以 103 年 I7 為基準。 103基準題號：I7。,mapping_relation=source_bin_spans_multiple_base_bins; total_rule=source_question
build_income_expenditure_crosswalk.py,INC_FAM_RENT,家庭收入,INC_FAM_RENT,家庭房屋土地租金收入,range_overlap,2010,99,I5,I7,6,60,"000-69,999 元",6.0,"25,000-29,999 元",source_bin_spans_multiple_base_bins,"""包含您本人，全家每個月的「房屋、土地出租租金」收入總共是多少？【過去ㄧ年帄均每個月的金額】"", | ""包含您本人，全家每個月的「房屋、土地出租租金」收入總共是多少？【過去ㄧ年帄均每個月的金額】""",question_options_99.csv,以 103 年 I7 為基準。 103基準題號：I7。,mapping_relation=source_bin_spans_multiple_base_bins; total_rule=source_question
build_income_expenditure_crosswalk.py,INC_FAM_RENT,家庭收入,INC_FAM_RENT,家庭房屋土地租金收入,range_overlap,2010,99,I5,I7,7,60,"000-69,999 元",7.0,"30,000-39,999 元",source_bin_spans_multiple_base_bins,"""包含您本人，全家每個月的「房屋、土地出租租金」收入總共是多少？【過去ㄧ年帄均每個月的金額】"", | ""包含您本人，全家每個月的「房屋、土地出租租金」收入總共是多少？【過去ㄧ年帄均每個月的金額】""",question_options_99.csv,以 103 年 I7 為基準。 103基準題號：I7。,mapping_relation=source_bin_spans_multiple_base_bins; total_rule=source_question
build_income_expenditure_crosswalk.py,INC_FAM_RENT,家庭收入,INC_FAM_RENT,家庭房屋土地租金收入,range_overlap,2010,99,I5,I7,8,60,"000-69,999 元",8.0,"40,000-49,999 元",source_bin_spans_multiple_base_bins,"""包含您本人，全家每個月的「房屋、土地出租租金」收入總共是多少？【過去ㄧ年帄均每個月的金額】"", | ""包含您本人，全家每個月的「房屋、土地出租租金」收入總共是多少？【過去ㄧ年帄均每個月的金額】""",question_options_99.csv,以 103 年 I7 為基準。 103基準題號：I7。,mapping_relation=source_bin_spans_multiple_base_bins; total_rule=source_question
build_income_expenditure_crosswalk.py,INC_FAM_RENT,家庭收入,INC_FAM_RENT,家庭房屋土地租金收入,range_overlap,2010,99,I5,I7,9,60,"000-69,999 元",9.0,"50,000-59,999 元",source_bin_spans_multiple_base_bins,"""包含您本人，全家每個月的「房屋、土地出租租金」收入總共是多少？【過去ㄧ年帄均每個月的金額】"", | ""包含您本人，全家每個月的「房屋、土地出租租金」收入總共是多少？【過去ㄧ年帄均每個月的金額】""",question_options_99.csv,以 103 年 I7 為基準。 103基準題號：I7。,mapping_relation=source_bin_spans_multiple_base_bins; total_rule=source_question
build_income_expenditure_crosswalk.py,INC_FAM_RENT,家庭收入,INC_FAM_RENT,家庭房屋土地租金收入,range_overlap,2010,99,I5,I7,10,60,"000-69,999 元",10.0,"60,000-69,999 元",source_bin_spans_multiple_base_bins,"""包含您本人，全家每個月的「房屋、土地出租租金」收入總共是多少？【過去ㄧ年帄均每個月的金額】"", | ""包含您本人，全家每個月的「房屋、土地出租租金」收入總共是多少？【過去ㄧ年帄均每個月的金額】""",question_options_99.csv,以 103 年 I7 為基準。 103基準題號：I7。,mapping_relation=source_bin_spans_multiple_base_bins; total_rule=source_question
build_income_expenditure_crosswalk.py,INC_FAM_RENT,家庭收入,INC_FAM_RENT,家庭房屋土地租金收入,range_overlap,2010,99,I5,I7,1,70,"000-79,999 元",1.0,"4,999 元及以下",source_bin_spans_multiple_base_bins,"""包含您本人，全家每個月的「房屋、土地出租租金」收入總共是多少？【過去ㄧ年帄均每個月的金額】"", | ""包含您本人，全家每個月的「房屋、土地出租租金」收入總共是多少？【過去ㄧ年帄均每個月的金額】""",question_options_99.csv,以 103 年 I7 為基準。 103基準題號：I7。,mapping_relation=source_bin_spans_multiple_base_bins; total_rule=source_question
build_income_expenditure_crosswalk.py,INC_FAM_RENT,家庭收入,INC_FAM_RENT,家庭房屋土地租金收入,range_overlap,2010,99,I5,I7,2,70,"000-79,999 元",2.0,"5,000-9,999 元",source_bin_spans_multiple_base_bins,"""包含您本人，全家每個月的「房屋、土地出租租金」收入總共是多少？【過去ㄧ年帄均每個月的金額】"", | ""包含您本人，全家每個月的「房屋、土地出租租金」收入總共是多少？【過去ㄧ年帄均每個月的金額】""",question_options_99.csv,以 103 年 I7 為基準。 103基準題號：I7。,mapping_relation=source_bin_spans_multiple_base_bins; total_rule=source_question
build_income_expenditure_crosswalk.py,INC_FAM_RENT,家庭收入,INC_FAM_RENT,家庭房屋土地租金收入,range_overlap,2010,99,I5,I7,3,70,"000-79,999 元",3.0,"10,000-14,999 元",source_bin_spans_multiple_base_bins,"""包含您本人，全家每個月的「房屋、土地出租租金」收入總共是多少？【過去ㄧ年帄均每個月的金額】"", | ""包含您本人，全家每個月的「房屋、土地出租租金」收入總共是多少？【過去ㄧ年帄均每個月的金額】""",question_options_99.csv,以 103 年 I7 為基準。 103基準題號：I7。,mapping_relation=source_bin_spans_multiple_base_bins; total_rule=source_question
build_income_expenditure_crosswalk.py,INC_FAM_RENT,家庭收入,INC_FAM_RENT,家庭房屋土地租金收入,range_overlap,2010,99,I5,I7,4,70,"000-79,999 元",4.0,"15,000-19,999 元",source_bin_spans_multiple_base_bins,"""包含您本人，全家每個月的「房屋、土地出租租金」收入總共是多少？【過去ㄧ年帄均每個月的金額】"", | ""包含您本人，全家每個月的「房屋、土地出租租金」收入總共是多少？【過去ㄧ年帄均每個月的金額】""",question_options_99.csv,以 103 年 I7 為基準。 103基準題號：I7。,mapping_relation=source_bin_spans_multiple_base_bins; total_rule=source_question
build_income_expenditure_crosswalk.py,INC_FAM_RENT,家庭收入,INC_FAM_RENT,家庭房屋土地租金收入,range_overlap,2010,99,I5,I7,5,70,"000-79,999 元",5.0,"20,000-24,999 元",source_bin_spans_multiple_base_bins,"""包含您本人，全家每個月的「房屋、土地出租租金」收入總共是多少？【過去ㄧ年帄均每個月的金額】"", | ""包含您本人，全家每個月的「房屋、土地出租租金」收入總共是多少？【過去ㄧ年帄均每個月的金額】""",question_options_99.csv,以 103 年 I7 為基準。 103基準題號：I7。,mapping_relation=source_bin_spans_multiple_base_bins; total_rule=source_question
build_income_expenditure_crosswalk.py,INC_FAM_RENT,家庭收入,INC_FAM_RENT,家庭房屋土地租金收入,range_overlap,2010,99,I5,I7,6,70,"000-79,999 元",6.0,"25,000-29,999 元",source_bin_spans_multiple_base_bins,"""包含您本人，全家每個月的「房屋、土地出租租金」收入總共是多少？【過去ㄧ年帄均每個月的金額】"", | ""包含您本人，全家每個月的「房屋、土地出租租金」收入總共是多少？【過去ㄧ年帄均每個月的金額】""",question_options_99.csv,以 103 年 I7 為基準。 103基準題號：I7。,mapping_relation=source_bin_spans_multiple_base_bins; total_rule=source_question
build_income_expenditure_crosswalk.py,INC_FAM_RENT,家庭收入,INC_FAM_RENT,家庭房屋土地租金收入,range_overlap,2010,99,I5,I7,7,70,"000-79,999 元",7.0,"30,000-39,999 元",source_bin_spans_multiple_base_bins,"""包含您本人，全家每個月的「房屋、土地出租租金」收入總共是多少？【過去ㄧ年帄均每個月的金額】"", | ""包含您本人，全家每個月的「房屋、土地出租租金」收入總共是多少？【過去ㄧ年帄均每個月的金額】""",question_options_99.csv,以 103 年 I7 為基準。 103基準題號：I7。,mapping_relation=source_bin_spans_multiple_base_bins; total_rule=source_question
build_income_expenditure_crosswalk.py,INC_FAM_RENT,家庭收入,INC_FAM_RENT,家庭房屋土地租金收入,range_overlap,2010,99,I5,I7,8,70,"000-79,999 元",8.0,"40,000-49,999 元",source_bin_spans_multiple_base_bins,"""包含您本人，全家每個月的「房屋、土地出租租金」收入總共是多少？【過去ㄧ年帄均每個月的金額】"", | ""包含您本人，全家每個月的「房屋、土地出租租金」收入總共是多少？【過去ㄧ年帄均每個月的金額】""",question_options_99.csv,以 103 年 I7 為基準。 103基準題號：I7。,mapping_relation=source_bin_spans_multiple_base_bins; total_rule=source_question
build_income_expenditure_crosswalk.py,INC_FAM_RENT,家庭收入,INC_FAM_RENT,家庭房屋土地租金收入,range_overlap,2010,99,I5,I7,9,70,"000-79,999 元",9.0,"50,000-59,999 元",source_bin_spans_multiple_base_bins,"""包含您本人，全家每個月的「房屋、土地出租租金」收入總共是多少？【過去ㄧ年帄均每個月的金額】"", | ""包含您本人，全家每個月的「房屋、土地出租租金」收入總共是多少？【過去ㄧ年帄均每個月的金額】""",question_options_99.csv,以 103 年 I7 為基準。 103基準題號：I7。,mapping_relation=source_bin_spans_multiple_base_bins; total_rule=source_question
build_income_expenditure_crosswalk.py,INC_FAM_RENT,家庭收入,INC_FAM_RENT,家庭房屋土地租金收入,range_overlap,2010,99,I5,I7,10,70,"000-79,999 元",10.0,"60,000-69,999 元",source_bin_spans_multiple_base_bins,"""包含您本人，全家每個月的「房屋、土地出租租金」收入總共是多少？【過去ㄧ年帄均每個月的金額】"", | ""包含您本人，全家每個月的「房屋、土地出租租金」收入總共是多少？【過去ㄧ年帄均每個月的金額】""",question_options_99.csv,以 103 年 I7 為基準。 103基準題號：I7。,mapping_relation=source_bin_spans_multiple_base_bins; total_rule=source_question
build_income_expenditure_crosswalk.py,INC_FAM_RENT,家庭收入,INC_FAM_RENT,家庭房屋土地租金收入,range_overlap,2010,99,I5,I7,11,70,"000-79,999 元",11.0,"70,000-79,999 元",source_bin_spans_multiple_base_bins,"""包含您本人，全家每個月的「房屋、土地出租租金」收入總共是多少？【過去ㄧ年帄均每個月的金額】"", | ""包含您本人，全家每個月的「房屋、土地出租租金」收入總共是多少？【過去ㄧ年帄均每個月的金額】""",question_options_99.csv,以 103 年 I7 為基準。 103基準題號：I7。,mapping_relation=source_bin_spans_multiple_base_bins; total_rule=source_question
build_income_expenditure_crosswalk.py,INC_FAM_RENT,家庭收入,INC_FAM_RENT,家庭房屋土地租金收入,range_overlap,2010,99,I5,I7,1,80,000 元及以上，請記錄 元,1.0,"4,999 元及以下",source_bin_spans_multiple_base_bins,"""包含您本人，全家每個月的「房屋、土地出租租金」收入總共是多少？【過去ㄧ年帄均每個月的金額】"", | ""包含您本人，全家每個月的「房屋、土地出租租金」收入總共是多少？【過去ㄧ年帄均每個月的金額】""",question_options_99.csv,以 103 年 I7 為基準。 103基準題號：I7。,mapping_relation=source_bin_spans_multiple_base_bins; total_rule=source_question
build_income_expenditure_crosswalk.py,INC_FAM_RENT,家庭收入,INC_FAM_RENT,家庭房屋土地租金收入,range_overlap,2010,99,I5,I7,2,80,000 元及以上，請記錄 元,2.0,"5,000-9,999 元",source_bin_spans_multiple_base_bins,"""包含您本人，全家每個月的「房屋、土地出租租金」收入總共是多少？【過去ㄧ年帄均每個月的金額】"", | ""包含您本人，全家每個月的「房屋、土地出租租金」收入總共是多少？【過去ㄧ年帄均每個月的金額】""",question_options_99.csv,以 103 年 I7 為基準。 103基準題號：I7。,mapping_relation=source_bin_spans_multiple_base_bins; total_rule=source_question
build_income_expenditure_crosswalk.py,INC_FAM_RENT,家庭收入,INC_FAM_RENT,家庭房屋土地租金收入,range_overlap,2010,99,I5,I7,3,80,000 元及以上，請記錄 元,3.0,"10,000-14,999 元",source_bin_spans_multiple_base_bins,"""包含您本人，全家每個月的「房屋、土地出租租金」收入總共是多少？【過去ㄧ年帄均每個月的金額】"", | ""包含您本人，全家每個月的「房屋、土地出租租金」收入總共是多少？【過去ㄧ年帄均每個月的金額】""",question_options_99.csv,以 103 年 I7 為基準。 103基準題號：I7。,mapping_relation=source_bin_spans_multiple_base_bins; total_rule=source_question
build_income_expenditure_crosswalk.py,INC_FAM_RENT,家庭收入,INC_FAM_RENT,家庭房屋土地租金收入,range_overlap,2010,99,I5,I7,4,80,000 元及以上，請記錄 元,4.0,"15,000-19,999 元",source_bin_spans_multiple_base_bins,"""包含您本人，全家每個月的「房屋、土地出租租金」收入總共是多少？【過去ㄧ年帄均每個月的金額】"", | ""包含您本人，全家每個月的「房屋、土地出租租金」收入總共是多少？【過去ㄧ年帄均每個月的金額】""",question_options_99.csv,以 103 年 I7 為基準。 103基準題號：I7。,mapping_relation=source_bin_spans_multiple_base_bins; total_rule=source_question
build_income_expenditure_crosswalk.py,INC_FAM_RENT,家庭收入,INC_FAM_RENT,家庭房屋土地租金收入,range_overlap,2010,99,I5,I7,5,80,000 元及以上，請記錄 元,5.0,"20,000-24,999 元",source_bin_spans_multiple_base_bins,"""包含您本人，全家每個月的「房屋、土地出租租金」收入總共是多少？【過去ㄧ年帄均每個月的金額】"", | ""包含您本人，全家每個月的「房屋、土地出租租金」收入總共是多少？【過去ㄧ年帄均每個月的金額】""",question_options_99.csv,以 103 年 I7 為基準。 103基準題號：I7。,mapping_relation=source_bin_spans_multiple_base_bins; total_rule=source_question
build_income_expenditure_crosswalk.py,INC_FAM_RENT,家庭收入,INC_FAM_RENT,家庭房屋土地租金收入,range_overlap,2010,99,I5,I7,6,80,000 元及以上，請記錄 元,6.0,"25,000-29,999 元",source_bin_spans_multiple_base_bins,"""包含您本人，全家每個月的「房屋、土地出租租金」收入總共是多少？【過去ㄧ年帄均每個月的金額】"", | ""包含您本人，全家每個月的「房屋、土地出租租金」收入總共是多少？【過去ㄧ年帄均每個月的金額】""",question_options_99.csv,以 103 年 I7 為基準。 103基準題號：I7。,mapping_relation=source_bin_spans_multiple_base_bins; total_rule=source_question
build_income_expenditure_crosswalk.py,INC_FAM_RENT,家庭收入,INC_FAM_RENT,家庭房屋土地租金收入,range_overlap,2010,99,I5,I7,7,80,000 元及以上，請記錄 元,7.0,"30,000-39,999 元",source_bin_spans_multiple_base_bins,"""包含您本人，全家每個月的「房屋、土地出租租金」收入總共是多少？【過去ㄧ年帄均每個月的金額】"", | ""包含您本人，全家每個月的「房屋、土地出租租金」收入總共是多少？【過去ㄧ年帄均每個月的金額】""",question_options_99.csv,以 103 年 I7 為基準。 103基準題號：I7。,mapping_relation=source_bin_spans_multiple_base_bins; total_rule=source_question
build_income_expenditure_crosswalk.py,INC_FAM_RENT,家庭收入,INC_FAM_RENT,家庭房屋土地租金收入,range_overlap,2010,99,I5,I7,8,80,000 元及以上，請記錄 元,8.0,"40,000-49,999 元",source_bin_spans_multiple_base_bins,"""包含您本人，全家每個月的「房屋、土地出租租金」收入總共是多少？【過去ㄧ年帄均每個月的金額】"", | ""包含您本人，全家每個月的「房屋、土地出租租金」收入總共是多少？【過去ㄧ年帄均每個月的金額】""",question_options_99.csv,以 103 年 I7 為基準。 103基準題號：I7。,mapping_relation=source_bin_spans_multiple_base_bins; total_rule=source_question
build_income_expenditure_crosswalk.py,INC_FAM_RENT,家庭收入,INC_FAM_RENT,家庭房屋土地租金收入,range_overlap,2010,99,I5,I7,9,80,000 元及以上，請記錄 元,9.0,"50,000-59,999 元",source_bin_spans_multiple_base_bins,"""包含您本人，全家每個月的「房屋、土地出租租金」收入總共是多少？【過去ㄧ年帄均每個月的金額】"", | ""包含您本人，全家每個月的「房屋、土地出租租金」收入總共是多少？【過去ㄧ年帄均每個月的金額】""",question_options_99.csv,以 103 年 I7 為基準。 103基準題號：I7。,mapping_relation=source_bin_spans_multiple_base_bins; total_rule=source_question
build_income_expenditure_crosswalk.py,INC_FAM_RENT,家庭收入,INC_FAM_RENT,家庭房屋土地租金收入,range_overlap,2010,99,I5,I7,10,80,000 元及以上，請記錄 元,10.0,"60,000-69,999 元",source_bin_spans_multiple_base_bins,"""包含您本人，全家每個月的「房屋、土地出租租金」收入總共是多少？【過去ㄧ年帄均每個月的金額】"", | ""包含您本人，全家每個月的「房屋、土地出租租金」收入總共是多少？【過去ㄧ年帄均每個月的金額】""",question_options_99.csv,以 103 年 I7 為基準。 103基準題號：I7。,mapping_relation=source_bin_spans_multiple_base_bins; total_rule=source_question
build_income_expenditure_crosswalk.py,INC_FAM_RENT,家庭收入,INC_FAM_RENT,家庭房屋土地租金收入,range_overlap,2010,99,I5,I7,11,80,000 元及以上，請記錄 元,11.0,"70,000-79,999 元",source_bin_spans_multiple_base_bins,"""包含您本人，全家每個月的「房屋、土地出租租金」收入總共是多少？【過去ㄧ年帄均每個月的金額】"", | ""包含您本人，全家每個月的「房屋、土地出租租金」收入總共是多少？【過去ㄧ年帄均每個月的金額】""",question_options_99.csv,以 103 年 I7 為基準。 103基準題號：I7。,mapping_relation=source_bin_spans_multiple_base_bins; total_rule=source_question
build_income_expenditure_crosswalk.py,INC_FAM_RENT,家庭收入,INC_FAM_RENT,家庭房屋土地租金收入,range_overlap,2010,99,I5,I7,12,80,000 元及以上，請記錄 元,12.0,"80,000 元及以上，請記錄_________________元",source_bin_spans_multiple_base_bins,"""包含您本人，全家每個月的「房屋、土地出租租金」收入總共是多少？【過去ㄧ年帄均每個月的金額】"", | ""包含您本人，全家每個月的「房屋、土地出租租金」收入總共是多少？【過去ㄧ年帄均每個月的金額】""",question_options_99.csv,以 103 年 I7 為基準。 103基準題號：I7。,mapping_relation=source_bin_spans_multiple_base_bins; total_rule=source_question
build_income_expenditure_crosswalk.py,INC_FAM_RENT,家庭收入,INC_FAM_RENT,家庭房屋土地租金收入,range_overlap,2010,99,I5,I7,1,,沒有這項收入,13.0,沒有這項收入,exact_none,"""包含您本人，全家每個月的「房屋、土地出租租金」收入總共是多少？【過去ㄧ年帄均每個月的金額】"", | ""包含您本人，全家每個月的「房屋、土地出租租金」收入總共是多少？【過去ㄧ年帄均每個月的金額】""",question_options_99.csv,以 103 年 I7 為基準。 103基準題號：I7。,mapping_relation=exact_none; total_rule=source_question
build_income_expenditure_crosswalk.py,INC_FAM_RENT,家庭收入,INC_FAM_RENT,家庭房屋土地租金收入,range_overlap,2014,103,I7,I7,1,1.0,"4,999 元及以下",1.0,"4,999 元及以下",exact_range,包含您本人，全家每個月的「房屋、土地出租租金」收入總共是多少？【過去ㄧ年平均每個月的,question_options_103.csv,以 103 年 I7 為基準。 103基準題號：I7。,mapping_relation=exact_range; total_rule=source_question
build_income_expenditure_crosswalk.py,INC_FAM_RENT,家庭收入,INC_FAM_RENT,家庭房屋土地租金收入,range_overlap,2014,103,I7,I7,1,2.0,"5,000-9,999 元",2.0,"5,000-9,999 元",exact_range,包含您本人，全家每個月的「房屋、土地出租租金」收入總共是多少？【過去ㄧ年平均每個月的,question_options_103.csv,以 103 年 I7 為基準。 103基準題號：I7。,mapping_relation=exact_range; total_rule=source_question
build_income_expenditure_crosswalk.py,INC_FAM_RENT,家庭收入,INC_FAM_RENT,家庭房屋土地租金收入,range_overlap,2014,103,I7,I7,1,3.0,"10,000-14,999 元",3.0,"10,000-14,999 元",exact_range,包含您本人，全家每個月的「房屋、土地出租租金」收入總共是多少？【過去ㄧ年平均每個月的,question_options_103.csv,以 103 年 I7 為基準。 103基準題號：I7。,mapping_relation=exact_range; total_rule=source_question
build_income_expenditure_crosswalk.py,INC_FAM_RENT,家庭收入,INC_FAM_RENT,家庭房屋土地租金收入,range_overlap,2014,103,I7,I7,1,4.0,"15,000-19,999 元",4.0,"15,000-19,999 元",exact_range,包含您本人，全家每個月的「房屋、土地出租租金」收入總共是多少？【過去ㄧ年平均每個月的,question_options_103.csv,以 103 年 I7 為基準。 103基準題號：I7。,mapping_relation=exact_range; total_rule=source_question
build_income_expenditure_crosswalk.py,INC_FAM_RENT,家庭收入,INC_FAM_RENT,家庭房屋土地租金收入,range_overlap,2014,103,I7,I7,1,5.0,"20,000-24,999 元",5.0,"20,000-24,999 元",exact_range,包含您本人，全家每個月的「房屋、土地出租租金」收入總共是多少？【過去ㄧ年平均每個月的,question_options_103.csv,以 103 年 I7 為基準。 103基準題號：I7。,mapping_relation=exact_range; total_rule=source_question
build_income_expenditure_crosswalk.py,INC_FAM_RENT,家庭收入,INC_FAM_RENT,家庭房屋土地租金收入,range_overlap,2014,103,I7,I7,1,6.0,"25,000-29,999 元",6.0,"25,000-29,999 元",exact_range,包含您本人，全家每個月的「房屋、土地出租租金」收入總共是多少？【過去ㄧ年平均每個月的,question_options_103.csv,以 103 年 I7 為基準。 103基準題號：I7。,mapping_relation=exact_range; total_rule=source_question
build_income_expenditure_crosswalk.py,INC_FAM_RENT,家庭收入,INC_FAM_RENT,家庭房屋土地租金收入,range_overlap,2014,103,I7,I7,1,7.0,"30,000-39,999 元",7.0,"30,000-39,999 元",exact_range,包含您本人，全家每個月的「房屋、土地出租租金」收入總共是多少？【過去ㄧ年平均每個月的,question_options_103.csv,以 103 年 I7 為基準。 103基準題號：I7。,mapping_relation=exact_range; total_rule=source_question
build_income_expenditure_crosswalk.py,INC_FAM_RENT,家庭收入,INC_FAM_RENT,家庭房屋土地租金收入,range_overlap,2014,103,I7,I7,1,8.0,"40,000-49,999 元",8.0,"40,000-49,999 元",exact_range,包含您本人，全家每個月的「房屋、土地出租租金」收入總共是多少？【過去ㄧ年平均每個月的,question_options_103.csv,以 103 年 I7 為基準。 103基準題號：I7。,mapping_relation=exact_range; total_rule=source_question
build_income_expenditure_crosswalk.py,INC_FAM_RENT,家庭收入,INC_FAM_RENT,家庭房屋土地租金收入,range_overlap,2014,103,I7,I7,1,9.0,"50,000-59,999 元",9.0,"50,000-59,999 元",exact_range,包含您本人，全家每個月的「房屋、土地出租租金」收入總共是多少？【過去ㄧ年平均每個月的,question_options_103.csv,以 103 年 I7 為基準。 103基準題號：I7。,mapping_relation=exact_range; total_rule=source_question
build_income_expenditure_crosswalk.py,INC_FAM_RENT,家庭收入,INC_FAM_RENT,家庭房屋土地租金收入,range_overlap,2014,103,I7,I7,1,10.0,"60,000-69,999 元",10.0,"60,000-69,999 元",exact_range,包含您本人，全家每個月的「房屋、土地出租租金」收入總共是多少？【過去ㄧ年平均每個月的,question_options_103.csv,以 103 年 I7 為基準。 103基準題號：I7。,mapping_relation=exact_range; total_rule=source_question
build_income_expenditure_crosswalk.py,INC_FAM_RENT,家庭收入,INC_FAM_RENT,家庭房屋土地租金收入,range_overlap,2014,103,I7,I7,1,11.0,"70,000-79,999 元",11.0,"70,000-79,999 元",exact_range,包含您本人，全家每個月的「房屋、土地出租租金」收入總共是多少？【過去ㄧ年平均每個月的,question_options_103.csv,以 103 年 I7 為基準。 103基準題號：I7。,mapping_relation=exact_range; total_rule=source_question
build_income_expenditure_crosswalk.py,INC_FAM_RENT,家庭收入,INC_FAM_RENT,家庭房屋土地租金收入,range_overlap,2014,103,I7,I7,1,12.0,"80,000 元及以上，請記錄_________________元",12.0,"80,000 元及以上，請記錄_________________元",exact_open_upper,包含您本人，全家每個月的「房屋、土地出租租金」收入總共是多少？【過去ㄧ年平均每個月的,question_options_103.csv,以 103 年 I7 為基準。 103基準題號：I7。,mapping_relation=exact_open_upper; total_rule=source_question
build_income_expenditure_crosswalk.py,INC_FAM_RENT,家庭收入,INC_FAM_RENT,家庭房屋土地租金收入,range_overlap,2014,103,I7,I7,1,13.0,沒有這項收入,13.0,沒有這項收入,exact_none,包含您本人，全家每個月的「房屋、土地出租租金」收入總共是多少？【過去ㄧ年平均每個月的,question_options_103.csv,以 103 年 I7 為基準。 103基準題號：I7。,mapping_relation=exact_none; total_rule=source_question
build_income_expenditure_crosswalk.py,INC_FAM_RENT,家庭收入,INC_FAM_RENT,家庭房屋土地租金收入,range_overlap,2017,106,L7,I7,1,1.0,"未滿5,000元",1.0,"4,999 元及以下",exact_range,包含經濟戶長本人，全家每個月的「房屋、土地出租租金」收入總共是多少？【106年平均每個,question_options_106.csv,以 103 年 I7 為基準。 103基準題號：I7。,mapping_relation=exact_range; total_rule=source_question
build_income_expenditure_crosswalk.py,INC_FAM_RENT,家庭收入,INC_FAM_RENT,家庭房屋土地租金收入,range_overlap,2017,106,L7,I7,1,2.0,"5,000 元-未滿10,000元",2.0,"5,000-9,999 元",exact_range,包含經濟戶長本人，全家每個月的「房屋、土地出租租金」收入總共是多少？【106年平均每個,question_options_106.csv,以 103 年 I7 為基準。 103基準題號：I7。,mapping_relation=exact_range; total_rule=source_question
build_income_expenditure_crosswalk.py,INC_FAM_RENT,家庭收入,INC_FAM_RENT,家庭房屋土地租金收入,range_overlap,2017,106,L7,I7,1,3.0,"10,000元-未滿15,000元",3.0,"10,000-14,999 元",exact_range,包含經濟戶長本人，全家每個月的「房屋、土地出租租金」收入總共是多少？【106年平均每個,question_options_106.csv,以 103 年 I7 為基準。 103基準題號：I7。,mapping_relation=exact_range; total_rule=source_question
build_income_expenditure_crosswalk.py,INC_FAM_RENT,家庭收入,INC_FAM_RENT,家庭房屋土地租金收入,range_overlap,2017,106,L7,I7,1,4.0,"15,000元-未滿20,000元",4.0,"15,000-19,999 元",exact_range,包含經濟戶長本人，全家每個月的「房屋、土地出租租金」收入總共是多少？【106年平均每個,question_options_106.csv,以 103 年 I7 為基準。 103基準題號：I7。,mapping_relation=exact_range; total_rule=source_question
build_income_expenditure_crosswalk.py,INC_FAM_RENT,家庭收入,INC_FAM_RENT,家庭房屋土地租金收入,range_overlap,2017,106,L7,I7,1,5.0,"20,000元-未滿25,000元",5.0,"20,000-24,999 元",exact_range,包含經濟戶長本人，全家每個月的「房屋、土地出租租金」收入總共是多少？【106年平均每個,question_options_106.csv,以 103 年 I7 為基準。 103基準題號：I7。,mapping_relation=exact_range; total_rule=source_question
build_income_expenditure_crosswalk.py,INC_FAM_RENT,家庭收入,INC_FAM_RENT,家庭房屋土地租金收入,range_overlap,2017,106,L7,I7,1,6.0,"25,000元-未滿30,000元",6.0,"25,000-29,999 元",exact_range,包含經濟戶長本人，全家每個月的「房屋、土地出租租金」收入總共是多少？【106年平均每個,question_options_106.csv,以 103 年 I7 為基準。 103基準題號：I7。,mapping_relation=exact_range; total_rule=source_question
build_income_expenditure_crosswalk.py,INC_FAM_RENT,家庭收入,INC_FAM_RENT,家庭房屋土地租金收入,range_overlap,2017,106,L7,I7,1,7.0,"30,000元-未滿40,000元",7.0,"30,000-39,999 元",exact_range,包含經濟戶長本人，全家每個月的「房屋、土地出租租金」收入總共是多少？【106年平均每個,question_options_106.csv,以 103 年 I7 為基準。 103基準題號：I7。,mapping_relation=exact_range; total_rule=source_question
build_income_expenditure_crosswalk.py,INC_FAM_RENT,家庭收入,INC_FAM_RENT,家庭房屋土地租金收入,range_overlap,2017,106,L7,I7,1,8.0,"40,000元-未滿50,000元",8.0,"40,000-49,999 元",exact_range,包含經濟戶長本人，全家每個月的「房屋、土地出租租金」收入總共是多少？【106年平均每個,question_options_106.csv,以 103 年 I7 為基準。 103基準題號：I7。,mapping_relation=exact_range; total_rule=source_question
build_income_expenditure_crosswalk.py,INC_FAM_RENT,家庭收入,INC_FAM_RENT,家庭房屋土地租金收入,range_overlap,2017,106,L7,I7,1,9.0,"50,000元-未滿60,000元",9.0,"50,000-59,999 元",exact_range,包含經濟戶長本人，全家每個月的「房屋、土地出租租金」收入總共是多少？【106年平均每個,question_options_106.csv,以 103 年 I7 為基準。 103基準題號：I7。,mapping_relation=exact_range; total_rule=source_question
build_income_expenditure_crosswalk.py,INC_FAM_RENT,家庭收入,INC_FAM_RENT,家庭房屋土地租金收入,range_overlap,2017,106,L7,I7,1,10.0,"60,000元-未滿70,000元",10.0,"60,000-69,999 元",exact_range,包含經濟戶長本人，全家每個月的「房屋、土地出租租金」收入總共是多少？【106年平均每個,question_options_106.csv,以 103 年 I7 為基準。 103基準題號：I7。,mapping_relation=exact_range; total_rule=source_question
build_income_expenditure_crosswalk.py,INC_FAM_RENT,家庭收入,INC_FAM_RENT,家庭房屋土地租金收入,range_overlap,2017,106,L7,I7,1,11.0,"70,000元-未滿80,000元",11.0,"70,000-79,999 元",exact_range,包含經濟戶長本人，全家每個月的「房屋、土地出租租金」收入總共是多少？【106年平均每個,question_options_106.csv,以 103 年 I7 為基準。 103基準題號：I7。,mapping_relation=exact_range; total_rule=source_question
build_income_expenditure_crosswalk.py,INC_FAM_RENT,家庭收入,INC_FAM_RENT,家庭房屋土地租金收入,range_overlap,2017,106,L7,I7,1,12.0,"80,000元以上，請記錄_________________元",12.0,"80,000 元及以上，請記錄_________________元",exact_open_upper,包含經濟戶長本人，全家每個月的「房屋、土地出租租金」收入總共是多少？【106年平均每個,question_options_106.csv,以 103 年 I7 為基準。 103基準題號：I7。,mapping_relation=exact_open_upper; total_rule=source_question
build_income_expenditure_crosswalk.py,INC_FAM_RENT,家庭收入,INC_FAM_RENT,家庭房屋土地租金收入,range_overlap,2017,106,L7,I7,1,13.0,沒有這項收入,13.0,沒有這項收入,exact_none,包含經濟戶長本人，全家每個月的「房屋、土地出租租金」收入總共是多少？【106年平均每個,question_options_106.csv,以 103 年 I7 為基準。 103基準題號：I7。,mapping_relation=exact_none; total_rule=source_question
build_income_expenditure_crosswalk.py,INC_FAM_RENT,家庭收入,INC_FAM_RENT,家庭房屋土地租金收入,range_overlap,2021,110,G7,I7,1,1.0,"未滿5,000元",1.0,"4,999 元及以下",exact_range,包含經濟戶長本人，全家每個月的「房屋、土地出租租金」收入總共是多少？【110年平均每個,question_options_110.csv,以 103 年 I7 為基準。 103基準題號：I7。,mapping_relation=exact_range; total_rule=source_question
build_income_expenditure_crosswalk.py,INC_FAM_RENT,家庭收入,INC_FAM_RENT,家庭房屋土地租金收入,range_overlap,2021,110,G7,I7,1,2.0,"5,000 元-未滿10,000元",2.0,"5,000-9,999 元",exact_range,包含經濟戶長本人，全家每個月的「房屋、土地出租租金」收入總共是多少？【110年平均每個,question_options_110.csv,以 103 年 I7 為基準。 103基準題號：I7。,mapping_relation=exact_range; total_rule=source_question
build_income_expenditure_crosswalk.py,INC_FAM_RENT,家庭收入,INC_FAM_RENT,家庭房屋土地租金收入,range_overlap,2021,110,G7,I7,1,3.0,"10,000元-未滿15,000元",3.0,"10,000-14,999 元",exact_range,包含經濟戶長本人，全家每個月的「房屋、土地出租租金」收入總共是多少？【110年平均每個,question_options_110.csv,以 103 年 I7 為基準。 103基準題號：I7。,mapping_relation=exact_range; total_rule=source_question
build_income_expenditure_crosswalk.py,INC_FAM_RENT,家庭收入,INC_FAM_RENT,家庭房屋土地租金收入,range_overlap,2021,110,G7,I7,1,4.0,"15,000元-未滿20,000元",4.0,"15,000-19,999 元",exact_range,包含經濟戶長本人，全家每個月的「房屋、土地出租租金」收入總共是多少？【110年平均每個,question_options_110.csv,以 103 年 I7 為基準。 103基準題號：I7。,mapping_relation=exact_range; total_rule=source_question
build_income_expenditure_crosswalk.py,INC_FAM_RENT,家庭收入,INC_FAM_RENT,家庭房屋土地租金收入,range_overlap,2021,110,G7,I7,1,5.0,"20,000元-未滿25,000元",5.0,"20,000-24,999 元",exact_range,包含經濟戶長本人，全家每個月的「房屋、土地出租租金」收入總共是多少？【110年平均每個,question_options_110.csv,以 103 年 I7 為基準。 103基準題號：I7。,mapping_relation=exact_range; total_rule=source_question
build_income_expenditure_crosswalk.py,INC_FAM_RENT,家庭收入,INC_FAM_RENT,家庭房屋土地租金收入,range_overlap,2021,110,G7,I7,1,6.0,"25,000元-未滿30,000元",6.0,"25,000-29,999 元",exact_range,包含經濟戶長本人，全家每個月的「房屋、土地出租租金」收入總共是多少？【110年平均每個,question_options_110.csv,以 103 年 I7 為基準。 103基準題號：I7。,mapping_relation=exact_range; total_rule=source_question
build_income_expenditure_crosswalk.py,INC_FAM_RENT,家庭收入,INC_FAM_RENT,家庭房屋土地租金收入,range_overlap,2021,110,G7,I7,1,7.0,"30,000元-未滿40,000元",7.0,"30,000-39,999 元",exact_range,包含經濟戶長本人，全家每個月的「房屋、土地出租租金」收入總共是多少？【110年平均每個,question_options_110.csv,以 103 年 I7 為基準。 103基準題號：I7。,mapping_relation=exact_range; total_rule=source_question
build_income_expenditure_crosswalk.py,INC_FAM_RENT,家庭收入,INC_FAM_RENT,家庭房屋土地租金收入,range_overlap,2021,110,G7,I7,1,8.0,"40,000元-未滿50,000元",8.0,"40,000-49,999 元",exact_range,包含經濟戶長本人，全家每個月的「房屋、土地出租租金」收入總共是多少？【110年平均每個,question_options_110.csv,以 103 年 I7 為基準。 103基準題號：I7。,mapping_relation=exact_range; total_rule=source_question
build_income_expenditure_crosswalk.py,INC_FAM_RENT,家庭收入,INC_FAM_RENT,家庭房屋土地租金收入,range_overlap,2021,110,G7,I7,1,9.0,"50,000元-未滿60,000元",9.0,"50,000-59,999 元",exact_range,包含經濟戶長本人，全家每個月的「房屋、土地出租租金」收入總共是多少？【110年平均每個,question_options_110.csv,以 103 年 I7 為基準。 103基準題號：I7。,mapping_relation=exact_range; total_rule=source_question
build_income_expenditure_crosswalk.py,INC_FAM_RENT,家庭收入,INC_FAM_RENT,家庭房屋土地租金收入,range_overlap,2021,110,G7,I7,1,10.0,"60,000元-未滿70,000元",10.0,"60,000-69,999 元",exact_range,包含經濟戶長本人，全家每個月的「房屋、土地出租租金」收入總共是多少？【110年平均每個,question_options_110.csv,以 103 年 I7 為基準。 103基準題號：I7。,mapping_relation=exact_range; total_rule=source_question
build_income_expenditure_crosswalk.py,INC_FAM_RENT,家庭收入,INC_FAM_RENT,家庭房屋土地租金收入,range_overlap,2021,110,G7,I7,1,11.0,"70,000元-未滿80,000元",11.0,"70,000-79,999 元",exact_range,包含經濟戶長本人，全家每個月的「房屋、土地出租租金」收入總共是多少？【110年平均每個,question_options_110.csv,以 103 年 I7 為基準。 103基準題號：I7。,mapping_relation=exact_range; total_rule=source_question
build_income_expenditure_crosswalk.py,INC_FAM_RENT,家庭收入,INC_FAM_RENT,家庭房屋土地租金收入,range_overlap,2021,110,G7,I7,1,12.0,"80,000元以上，請記錄_________________元",12.0,"80,000 元及以上，請記錄_________________元",exact_open_upper,包含經濟戶長本人，全家每個月的「房屋、土地出租租金」收入總共是多少？【110年平均每個,question_options_110.csv,以 103 年 I7 為基準。 103基準題號：I7。,mapping_relation=exact_open_upper; total_rule=source_question
build_income_expenditure_crosswalk.py,INC_FAM_RENT,家庭收入,INC_FAM_RENT,家庭房屋土地租金收入,range_overlap,2021,110,G7,I7,1,13.0,沒有這項收入,13.0,沒有這項收入,exact_none,包含經濟戶長本人，全家每個月的「房屋、土地出租租金」收入總共是多少？【110年平均每個,question_options_110.csv,以 103 年 I7 為基準。 103基準題號：I7。,mapping_relation=exact_none; total_rule=source_question
build_income_expenditure_crosswalk.py,INC_FAM_OTHER,家庭收入,INC_FAM_OTHER,家庭其他收入,conceptual_only,2002,91_1,22-3,I8,,,,,,conceptual_match_requires_manual_recode,其他收入是多少？（利息、租金、民間團體補助、退休俸、兒女奉養費（若兒女不是共同生活的人））,question_options_91_1.csv,91 的其他收入較廣，混合利息、租金、民間補助、退休俸與奉養費。 103基準題號：I8。,mapping_relation=conceptual_match_requires_manual_recode; total_rule=source_question
build_income_expenditure_crosswalk.py,INC_FAM_OTHER,家庭收入,INC_FAM_OTHER,家庭其他收入,conceptual_only,2002,91_2,22-3,I8,,,,,,conceptual_match_requires_manual_recode,其他收入是多少？（利息、租金、民間團體補助、退休俸、兒女奉養費（若兒女不是共同生活的人））,question_options_91_2.csv,91 的其他收入較廣，混合利息、租金、民間補助、退休俸與奉養費。 103基準題號：I8。,mapping_relation=conceptual_match_requires_manual_recode; total_rule=source_question
build_income_expenditure_crosswalk.py,INC_FAM_OTHER,家庭收入,INC_FAM_OTHER,家庭其他收入,conceptual_only,2006,95,Q11-5,I8,,,,,,conceptual_match_requires_manual_recode,包含您本人，全家每個月除了以上這些收入以外的「其他」收入總共是多,question_options_95.csv,91 的其他收入較廣，混合利息、租金、民間補助、退休俸與奉養費。 103基準題號：I8。,mapping_relation=conceptual_match_requires_manual_recode; total_rule=source_question
build_income_expenditure_crosswalk.py,INC_FAM_OTHER,家庭收入,INC_FAM_OTHER,家庭其他收入,conceptual_only,2010,99,I6,I8,,,,,,conceptual_match_requires_manual_recode,"""包含您本人，全家每個月除了以上這些收入以外的「其他」收入總共是多少？【過去ㄧ年帄均每個月的金額】"", | ""包含您本人，全家每個月除了以上這些收入以外的「其他」收入總共是多少？【過去ㄧ年帄均每個月的金額】""",question_options_99.csv,91 的其他收入較廣，混合利息、租金、民間補助、退休俸與奉養費。 103基準題號：I8。,mapping_relation=conceptual_match_requires_manual_recode; total_rule=source_question
build_income_expenditure_crosswalk.py,INC_FAM_OTHER,家庭收入,INC_FAM_OTHER,家庭其他收入,conceptual_only,2014,103,I8,I8,,,,,,conceptual_match_requires_manual_recode,包含您本人，全家每個月除了以上這些收入以外的「其他雜項」收入總共是多少？【過去ㄧ年平,question_options_103.csv,91 的其他收入較廣，混合利息、租金、民間補助、退休俸與奉養費。 103基準題號：I8。,mapping_relation=conceptual_match_requires_manual_recode; total_rule=source_question
build_income_expenditure_crosswalk.py,INC_FAM_OTHER,家庭收入,INC_FAM_OTHER,家庭其他收入,conceptual_only,2017,106,L8,I8,,,,,,conceptual_match_requires_manual_recode,包含經濟戶長本人，全家每個月除了以上這些收入以外的「其他雜項」收入總共是多少？【106,question_options_106.csv,91 的其他收入較廣，混合利息、租金、民間補助、退休俸與奉養費。 103基準題號：I8。,mapping_relation=conceptual_match_requires_manual_recode; total_rule=source_question
build_income_expenditure_crosswalk.py,INC_FAM_OTHER,家庭收入,INC_FAM_OTHER,家庭其他收入,conceptual_only,2021,110,G8,I8,,,,,,conceptual_match_requires_manual_recode,包含經濟戶長本人，全家每個月除了以上這些收入以外的「其他雜項」收入總共是多少？【110,question_options_110.csv,91 的其他收入較廣，混合利息、租金、民間補助、退休俸與奉養費。 103基準題號：I8。,mapping_relation=conceptual_match_requires_manual_recode; total_rule=source_question
